stream_id,user_id,song_id,timestamp,duration_listened
S_STR00001,S_U0096,S0049,2026-02-23 09:37:22.787584,189
S_STR00002,S_U0003,S0008,2026-02-13 19:01:02.456689,201
S_STR00003,S_U0031,S0047,2026-02-21 17:17:41.504725,151
S_STR00004,S_U0032,S0048,2026-02-08 05:34:20.274665,97
S_STR00005,S_U0036,S0046,2026-03-01 22:59:50.446828,28
S_STR00006,S_U0091,S0050,2026-02-26 13:23:51.649936,8
S_STR00007,S_U0037,S0037,2026-02-07 07:42:26.884537,277
S_STR00008,S_U0049,S0031,2026-02-15 16:54:47.984875,128
S_STR00009,S_U0034,S0023,2026-03-02 01:38:09.289800,81
S_STR00010,S_U0049,S0030,2026-02-20 18:09:23.943718,266
S_STR00011,S_U0069,S0049,2026-02-10 14:21:54.884767,197
S_STR00012,S_U0038,S0025,2026-02-19 21:18:10.514945,143
S_STR00013,S_U0084,S0043,2026-02-07 13:35:35.271447,146
S_STR00014,S_U0039,S0044,2026-02-27 02:43:06.841050,65
S_STR00015,S_U0027,S0013,2026-02-27 03:52:06.307356,108
S_STR00016,S_U0076,S0041,2026-02-04 10:13:23.956356,6
S_STR00017,S_U0087,S0049,2026-02-24 16:58:14.486472,148
S_STR00018,S_U0047,S0037,2026-02-12 23:24:23.141251,246
S_STR00019,S_U0030,S0041,2026-02-26 16:41:49.200212,82
S_STR00020,S_U0085,S0046,2026-02-02 17:49:40.085413,36
S_STR00021,S_U0089,S0035,2026-02-20 00:18:05.275391,79
S_STR00022,S_U0095,S0043,2026-02-18 16:23:58.479593,92
S_STR00023,S_U0063,S0034,2026-02-15 13:48:20.573925,17
S_STR00024,S_U0041,S0050,2026-02-15 19:48:36.031519,69
S_STR00025,S_U0011,S0029,2026-02-05 15:26:19.606701,151
S_STR00026,S_U0077,S0034,2026-02-17 13:12:39.659292,118
S_STR00027,S_U0088,S0038,2026-02-08 10:24:56.986637,84
S_STR00028,S_U0053,S0028,2026-02-08 09:47:54.808256,121
S_STR00029,S_U0009,S0003,2026-02-13 10:55:37.958937,179
S_STR00030,S_U0001,S0022,2026-02-18 19:02:18.796467,66
S_STR00031,S_U0084,S0043,2026-02-23 17:01:59.140206,131
S_STR00032,S_U0097,S0015,2026-01-31 18:18:17.129889,237
S_STR00033,S_U0037,S0023,2026-02-17 09:55:22.936417,99
S_STR00034,S_U0034,S0049,2026-02-02 23:05:35.635603,46
S_STR00035,S_U0013,S0044,2026-02-23 08:31:39.550376,277
S_STR00036,S_U0077,S0037,2026-02-07 07:26:35.295982,148
S_STR00037,S_U0055,S0039,2026-02-21 12:55:31.757299,10
S_STR00038,S_U0084,S0032,2026-02-18 23:27:57.413761,237
S_STR00039,S_U0054,S0026,2026-02-01 21:50:41.593250,66
S_STR00040,S_U0008,S0046,2026-02-20 02:24:42.668997,120
S_STR00041,S_U0038,S0027,2026-02-06 20:06:54.065012,149
S_STR00042,S_U0085,S0041,2026-02-18 20:41:07.465773,157
S_STR00043,S_U0056,S0037,2026-02-04 17:14:49.022698,56
S_STR00044,S_U0042,S0046,2026-02-19 11:56:00.478214,85
S_STR00045,S_U0001,S0033,2026-02-25 08:56:20.016623,8
S_STR00046,S_U0020,S0012,2026-02-03 00:20:33.427984,7
S_STR00047,S_U0042,S0047,2026-02-22 06:36:00.107449,50
S_STR00048,S_U0081,S0038,2026-02-01 09:03:20.814240,111
S_STR00049,S_U0041,S0028,2026-02-12 13:01:36.325803,105
S_STR00050,S_U0018,S0048,2026-02-22 06:31:34.178214,37
S_STR00051,S_U0090,S0027,2026-02-09 13:29:43.107675,75
S_STR00052,S_U0069,S0039,2026-02-04 00:36:10.339909,103
S_STR00053,S_U0024,S0027,2026-02-28 16:29:39.716298,20
S_STR00054,S_U0091,S0050,2026-02-12 06:10:26.218130,211
S_STR00055,S_U0003,S0044,2026-02-20 09:21:31.323724,171
S_STR00056,S_U0084,S0047,2026-02-14 07:46:06.014016,99
S_STR00057,S_U0079,S0050,2026-02-12 12:51:04.115436,175
S_STR00058,S_U0048,S0019,2026-02-27 10:20:10.776217,70
S_STR00059,S_U0056,S0042,2026-02-05 23:52:38.846720,9
S_STR00060,S_U0070,S0040,2026-02-01 10:27:06.775666,222
S_STR00061,S_U0043,S0025,2026-02-25 03:00:00.186830,128
S_STR00062,S_U0011,S0017,2026-02-07 02:12:59.666905,63
S_STR00063,S_U0004,S0048,2026-02-27 20:26:12.720752,118
S_STR00064,S_U0038,S0043,2026-02-13 08:01:52.291841,160
S_STR00065,S_U0014,S0046,2026-02-01 19:55:46.736238,65
S_STR00066,S_U0063,S0004,2026-02-15 13:14:37.195440,207
S_STR00067,S_U0022,S0039,2026-02-02 18:12:11.977994,200
S_STR00068,S_U0078,S0027,2026-02-23 09:02:57.822533,116
S_STR00069,S_U0006,S0011,2026-02-28 08:41:09.485981,180
S_STR00070,S_U0045,S0042,2026-02-03 17:55:29.136774,67
S_STR00071,S_U0088,S0024,2026-02-24 14:21:34.846604,65
S_STR00072,S_U0092,S0049,2026-03-01 06:26:34.885989,199
S_STR00073,S_U0016,S0043,2026-02-13 19:06:32.103384,164
S_STR00074,S_U0033,S0043,2026-02-12 04:32:56.326484,128
S_STR00075,S_U0095,S0043,2026-02-27 06:23:47.005965,106
S_STR00076,S_U0094,S0049,2026-02-03 07:45:11.364923,77
S_STR00077,S_U0092,S0028,2026-02-21 14:28:13.326427,99
S_STR00078,S_U0088,S0023,2026-02-24 02:27:43.673457,54
S_STR00079,S_U0034,S0048,2026-02-03 02:47:03.516248,10
S_STR00080,S_U0033,S0046,2026-02-24 20:09:35.471199,40
S_STR00081,S_U0050,S0050,2026-02-19 20:19:10.631188,223
S_STR00082,S_U0055,S0032,2026-02-08 18:43:51.485564,196
S_STR00083,S_U0008,S0011,2026-02-24 17:14:21.140085,140
S_STR00084,S_U0015,S0031,2026-02-28 22:51:48.185436,52
S_STR00085,S_U0003,S0028,2026-02-06 20:25:15.988863,104
S_STR00086,S_U0029,S0038,2026-02-22 00:34:28.936560,84
S_STR00087,S_U0058,S0047,2026-02-16 00:12:30.489284,154
S_STR00088,S_U0007,S0031,2026-02-14 05:17:43.395288,119
S_STR00089,S_U0011,S0023,2026-02-26 06:37:28.034370,79
S_STR00090,S_U0063,S0049,2026-02-28 01:52:35.557079,173
S_STR00091,S_U0024,S0037,2026-02-24 01:50:29.302368,183
S_STR00092,S_U0060,S0010,2026-02-07 17:23:25.529188,30
S_STR00093,S_U0059,S0025,2026-02-18 19:51:14.472790,52
S_STR00094,S_U0016,S0033,2026-02-09 21:02:56.741778,256
S_STR00095,S_U0086,S0046,2026-02-24 09:07:30.065097,78
S_STR00096,S_U0013,S0049,2026-02-26 01:53:47.464634,62
S_STR00097,S_U0025,S0041,2026-03-02 04:57:08.308888,52
S_STR00098,S_U0089,S0024,2026-02-23 11:54:16.465132,145
S_STR00099,S_U0026,S0041,2026-02-12 11:02:43.380603,69
S_STR00100,S_U0081,S0025,2026-02-27 08:19:54.857105,94
S_STR00101,S_U0089,S0019,2026-02-21 17:20:04.095726,139
S_STR00102,S_U0050,S0049,2026-01-31 14:08:31.259306,198
S_STR00103,S_U0066,S0038,2026-02-24 00:33:51.958709,128
S_STR00104,S_U0008,S0006,2026-02-14 18:49:57.821368,164
S_STR00105,S_U0043,S0032,2026-03-01 04:42:41.248977,291
S_STR00106,S_U0074,S0025,2026-01-31 23:07:47.497137,129
S_STR00107,S_U0069,S0015,2026-02-05 02:54:28.156698,176
S_STR00108,S_U0031,S0034,2026-01-31 21:20:59.255062,112
S_STR00109,S_U0042,S0026,2026-02-22 17:16:52.956438,56
S_STR00110,S_U0037,S0041,2026-02-05 22:33:52.171359,71
S_STR00111,S_U0010,S0044,2026-02-21 08:26:11.943536,257
S_STR00112,S_U0089,S0047,2026-02-27 16:01:38.576120,134
S_STR00113,S_U0017,S0043,2026-02-16 05:25:18.022152,110
S_STR00114,S_U0072,S0033,2026-02-26 07:25:59.540701,295
S_STR00115,S_U0009,S0021,2026-02-04 04:58:54.237565,9
S_STR00116,S_U0072,S0029,2026-03-01 06:20:24.821677,90
S_STR00117,S_U0052,S0048,2026-02-17 22:11:24.526435,79
S_STR00118,S_U0069,S0050,2026-02-08 10:14:57.116901,144
S_STR00119,S_U0051,S0046,2026-02-26 05:14:10.349995,107
S_STR00120,S_U0069,S0017,2026-02-26 15:10:01.433652,167
S_STR00121,S_U0012,S0040,2026-02-15 01:48:44.578166,158
S_STR00122,S_U0045,S0038,2026-02-03 06:46:16.400858,117
S_STR00123,S_U0025,S0048,2026-02-22 04:55:37.204575,81
S_STR00124,S_U0021,S0024,2026-02-26 17:38:13.531950,62
S_STR00125,S_U0037,S0024,2026-02-25 17:30:21.379737,161
S_STR00126,S_U0013,S0041,2026-02-06 12:07:00.655416,147
S_STR00127,S_U0030,S0041,2026-02-02 18:35:48.348085,161
S_STR00128,S_U0053,S0036,2026-02-15 04:23:48.973702,249
S_STR00129,S_U0075,S0020,2026-02-18 01:03:46.634307,231
S_STR00130,S_U0043,S0033,2026-02-10 13:35:00.093893,29
S_STR00131,S_U0001,S0050,2026-02-01 21:17:59.782711,251
S_STR00132,S_U0012,S0032,2026-02-19 11:26:49.465769,134
S_STR00133,S_U0001,S0028,2026-02-01 18:56:58.088102,32
S_STR00134,S_U0046,S0035,2026-02-07 19:44:59.973202,54
S_STR00135,S_U0049,S0039,2026-02-12 03:20:15.564169,11
S_STR00136,S_U0093,S0020,2026-02-25 10:30:44.123287,101
S_STR00137,S_U0092,S0044,2026-02-20 08:16:39.610084,87
S_STR00138,S_U0070,S0045,2026-02-03 18:19:07.280862,95
S_STR00139,S_U0005,S0049,2026-02-08 10:52:28.037316,122
S_STR00140,S_U0010,S0015,2026-02-07 09:24:29.462632,155
S_STR00141,S_U0099,S0020,2026-02-01 23:17:33.658703,12
S_STR00142,S_U0067,S0048,2026-02-01 02:09:11.096684,107
S_STR00143,S_U0008,S0018,2026-02-24 11:41:54.851663,124
S_STR00144,S_U0090,S0041,2026-02-13 09:10:18.395217,148
S_STR00145,S_U0097,S0017,2026-02-22 16:52:38.815775,49
S_STR00146,S_U0062,S0034,2026-02-01 04:34:56.118028,35
S_STR00147,S_U0073,S0032,2026-02-26 09:13:58.308994,41
S_STR00148,S_U0033,S0034,2026-02-08 20:48:11.292481,122
S_STR00149,S_U0008,S0025,2026-02-04 11:55:29.750134,30
S_STR00150,S_U0037,S0006,2026-02-13 14:50:46.998597,118
S_STR00151,S_U0044,S0035,2026-02-22 03:31:07.406354,38
S_STR00152,S_U0044,S0039,2026-03-02 04:24:29.711720,116
S_STR00153,S_U0007,S0006,2026-02-28 12:37:29.043292,12
S_STR00154,S_U0077,S0032,2026-02-22 01:30:40.561497,276
S_STR00155,S_U0093,S0038,2026-02-28 09:13:08.391908,95
S_STR00156,S_U0044,S0027,2026-02-08 05:32:40.559313,21
S_STR00157,S_U0061,S0030,2026-02-26 18:57:28.722614,63
S_STR00158,S_U0051,S0035,2026-02-11 04:32:37.393672,90
S_STR00159,S_U0028,S0014,2026-02-01 13:25:19.858101,8
S_STR00160,S_U0008,S0031,2026-02-26 08:12:52.989546,130
S_STR00161,S_U0035,S0040,2026-02-22 18:50:06.072385,250
S_STR00162,S_U0044,S0010,2026-02-26 06:30:02.314727,24
S_STR00163,S_U0006,S0048,2026-02-17 22:35:58.105944,117
S_STR00164,S_U0029,S0031,2026-02-02 06:55:41.736653,49
S_STR00165,S_U0052,S0034,2026-02-05 14:17:00.905681,24
S_STR00166,S_U0093,S0015,2026-02-27 23:29:18.299116,55
S_STR00167,S_U0069,S0015,2026-02-13 23:15:00.727296,241
S_STR00168,S_U0027,S0029,2026-02-14 12:05:48.101995,51
S_STR00169,S_U0050,S0035,2026-02-24 09:15:18.192196,48
S_STR00170,S_U0075,S0016,2026-02-26 17:05:49.040738,92
S_STR00171,S_U0055,S0030,2026-02-16 20:19:36.445952,255
S_STR00172,S_U0001,S0037,2026-02-09 17:55:48.704419,141
S_STR00173,S_U0025,S0027,2026-02-18 17:08:25.226675,50
S_STR00174,S_U0098,S0047,2026-02-17 17:50:16.015318,143
S_STR00175,S_U0011,S0033,2026-02-14 17:29:41.494290,256
S_STR00176,S_U0057,S0017,2026-02-13 22:53:00.079755,6
S_STR00177,S_U0055,S0045,2026-02-05 16:10:19.992183,246
S_STR00178,S_U0088,S0045,2026-02-19 11:16:55.610667,136
S_STR00179,S_U0055,S0037,2026-02-06 23:32:59.972139,8
S_STR00180,S_U0099,S0016,2026-02-22 15:40:47.070924,8
S_STR00181,S_U0035,S0048,2026-02-22 01:37:03.729264,73
S_STR00182,S_U0062,S0019,2026-02-12 12:26:31.177615,227
S_STR00183,S_U0029,S0047,2026-02-13 12:46:46.919289,72
S_STR00184,S_U0044,S0043,2026-02-21 13:22:37.683228,17
S_STR00185,S_U0024,S0006,2026-03-02 10:44:02.973218,180
S_STR00186,S_U0024,S0039,2026-02-13 15:57:37.076873,165
S_STR00187,S_U0027,S0048,2026-02-18 03:32:27.545447,74
S_STR00188,S_U0012,S0021,2026-02-21 13:52:43.434287,197
S_STR00189,S_U0022,S0045,2026-02-13 13:16:08.269588,58
S_STR00190,S_U0098,S0046,2026-02-04 03:22:57.691965,109
S_STR00191,S_U0092,S0036,2026-02-09 11:29:48.964440,24
S_STR00192,S_U0012,S0022,2026-02-10 16:45:49.201370,93
S_STR00193,S_U0033,S0047,2026-02-10 04:20:44.755150,53
S_STR00194,S_U0061,S0041,2026-02-06 20:26:22.187807,48
S_STR00195,S_U0039,S0033,2026-02-03 18:12:39.623009,140
S_STR00196,S_U0034,S0047,2026-02-21 09:35:46.740282,46
S_STR00197,S_U0060,S0029,2026-02-03 23:37:27.355383,153
S_STR00198,S_U0031,S0023,2026-02-01 00:18:23.457505,106
S_STR00199,S_U0082,S0047,2026-02-18 13:20:06.679426,124
S_STR00200,S_U0063,S0023,2026-02-24 17:15:24.952266,15
S_STR00201,S_U0007,S0035,2026-02-27 11:42:34.167419,42
S_STR00202,S_U0025,S0041,2026-02-09 02:20:49.515917,66
S_STR00203,S_U0081,S0045,2026-02-24 16:24:40.808356,33
S_STR00204,S_U0030,S0031,2026-02-23 06:23:10.648684,23
S_STR00205,S_U0039,S0011,2026-02-15 12:16:41.238989,178
S_STR00206,S_U0097,S0040,2026-02-14 02:50:47.000074,89
S_STR00207,S_U0002,S0035,2026-02-07 22:59:09.471366,101
S_STR00208,S_U0069,S0049,2026-02-11 21:10:23.575530,78
S_STR00209,S_U0072,S0030,2026-02-03 15:00:37.121614,180
S_STR00210,S_U0077,S0042,2026-02-19 06:26:03.231469,104
S_STR00211,S_U0079,S0048,2026-02-18 11:20:39.939623,42
S_STR00212,S_U0071,S0005,2026-02-20 10:04:55.236941,75
S_STR00213,S_U0086,S0040,2026-02-25 21:12:21.560836,63
S_STR00214,S_U0030,S0026,2026-02-28 23:16:28.194940,34
S_STR00215,S_U0030,S0032,2026-02-10 09:25:57.294555,41
S_STR00216,S_U0046,S0014,2026-02-24 10:42:04.516412,154
S_STR00217,S_U0064,S0043,2026-02-22 15:37:57.658210,89
S_STR00218,S_U0045,S0033,2026-02-04 17:41:57.104529,279
S_STR00219,S_U0085,S0008,2026-02-12 19:29:20.202797,230
S_STR00220,S_U0062,S0039,2026-02-26 10:03:47.775642,148
S_STR00221,S_U0077,S0039,2026-02-17 05:42:57.052656,64
S_STR00222,S_U0019,S0029,2026-02-12 20:57:17.941655,228
S_STR00223,S_U0099,S0042,2026-02-19 14:05:15.609915,29
S_STR00224,S_U0083,S0041,2026-02-01 04:26:26.201998,9
S_STR00225,S_U0012,S0036,2026-02-17 05:32:49.636935,41
S_STR00226,S_U0051,S0023,2026-02-20 03:18:11.306273,56
S_STR00227,S_U0042,S0020,2026-02-28 09:41:03.262303,164
S_STR00228,S_U0026,S0040,2026-02-27 07:11:33.317779,67
S_STR00229,S_U0095,S0047,2026-03-01 03:26:56.769805,148
S_STR00230,S_U0090,S0026,2026-02-09 20:12:48.017128,136
S_STR00231,S_U0035,S0042,2026-02-09 03:48:59.338237,181
S_STR00232,S_U0075,S0041,2026-02-13 03:02:04.895475,66
S_STR00233,S_U0076,S0027,2026-01-31 20:54:31.899596,122
S_STR00234,S_U0059,S0035,2026-02-07 17:27:17.666085,114
S_STR00235,S_U0038,S0044,2026-02-18 00:23:20.304310,302
S_STR00236,S_U0011,S0024,2026-02-16 20:32:50.086857,38
S_STR00237,S_U0057,S0044,2026-02-21 11:43:32.146849,109
S_STR00238,S_U0071,S0020,2026-02-05 12:56:56.636128,254
S_STR00239,S_U0091,S0047,2026-02-12 03:17:06.630489,75
S_STR00240,S_U0073,S0046,2026-02-08 09:59:05.693911,90
S_STR00241,S_U0001,S0049,2026-02-06 08:44:51.276290,75
S_STR00242,S_U0080,S0037,2026-02-10 02:50:37.808918,261
S_STR00243,S_U0059,S0049,2026-03-02 08:39:20.982628,29
S_STR00244,S_U0066,S0050,2026-03-01 11:18:56.065615,64
S_STR00245,S_U0017,S0043,2026-02-25 00:27:37.174116,117
S_STR00246,S_U0079,S0049,2026-02-25 14:55:37.547632,34
S_STR00247,S_U0087,S0044,2026-02-28 04:53:54.354251,340
S_STR00248,S_U0071,S0050,2026-02-07 02:11:17.503250,123
S_STR00249,S_U0038,S0044,2026-02-01 21:32:10.238018,245
S_STR00250,S_U0034,S0038,2026-02-22 10:52:39.138035,114
S_STR00251,S_U0007,S0019,2026-02-18 16:48:53.521487,234
S_STR00252,S_U0056,S0013,2026-02-28 00:07:47.544749,60
S_STR00253,S_U0100,S0012,2026-02-09 17:57:43.275129,271
S_STR00254,S_U0097,S0024,2026-02-25 12:24:01.941632,72
S_STR00255,S_U0042,S0013,2026-02-16 20:54:37.920830,161
S_STR00256,S_U0097,S0025,2026-02-15 11:24:26.899232,83
S_STR00257,S_U0028,S0050,2026-02-16 01:40:02.871129,73
S_STR00258,S_U0023,S0020,2026-02-26 00:27:41.531365,156
S_STR00259,S_U0096,S0040,2026-02-06 11:03:03.503197,37
S_STR00260,S_U0040,S0033,2026-03-02 07:27:00.414969,27
S_STR00261,S_U0001,S0041,2026-02-13 17:43:01.127607,7
S_STR00262,S_U0042,S0027,2026-02-26 19:19:05.511942,40
S_STR00263,S_U0047,S0033,2026-03-01 04:18:21.284185,62
S_STR00264,S_U0052,S0014,2026-02-19 17:55:28.211745,34
S_STR00265,S_U0011,S0019,2026-02-06 01:41:05.882635,180
S_STR00266,S_U0089,S0019,2026-02-02 09:27:42.091750,111
S_STR00267,S_U0020,S0029,2026-02-07 13:56:18.994959,232
S_STR00268,S_U0028,S0041,2026-02-03 13:06:22.483965,135
S_STR00269,S_U0034,S0048,2026-02-04 16:37:02.725275,48
S_STR00270,S_U0014,S0015,2026-02-26 23:28:40.068456,14
S_STR00271,S_U0068,S0046,2026-02-14 18:01:29.459896,116
S_STR00272,S_U0084,S0023,2026-02-08 09:30:50.759339,123
S_STR00273,S_U0042,S0048,2026-02-21 10:59:28.949879,114
S_STR00274,S_U0005,S0044,2026-02-09 11:36:44.444141,187
S_STR00275,S_U0072,S0050,2026-02-15 11:58:27.059915,166
S_STR00276,S_U0048,S0011,2026-02-07 11:36:02.305760,90
S_STR00277,S_U0085,S0047,2026-03-01 00:21:15.054413,168
S_STR00278,S_U0035,S0031,2026-02-01 04:38:51.852721,41
S_STR00279,S_U0071,S0050,2026-02-18 06:00:41.586100,222
S_STR00280,S_U0001,S0047,2026-02-04 22:50:19.889282,90
S_STR00281,S_U0093,S0016,2026-02-20 09:50:34.912199,21
S_STR00282,S_U0042,S0025,2026-02-07 13:16:22.876232,55
S_STR00283,S_U0011,S0049,2026-02-20 19:36:21.635091,169
S_STR00284,S_U0012,S0032,2026-02-14 05:24:31.755179,191
S_STR00285,S_U0071,S0043,2026-02-02 15:51:38.309535,27
S_STR00286,S_U0070,S0037,2026-02-22 17:52:19.680747,177
S_STR00287,S_U0010,S0038,2026-02-25 03:38:37.354753,60
S_STR00288,S_U0095,S0021,2026-02-17 17:10:37.575934,180
S_STR00289,S_U0030,S0034,2026-02-09 05:18:00.751069,101
S_STR00290,S_U0003,S0043,2026-02-28 07:20:09.979932,28
S_STR00291,S_U0025,S0035,2026-02-24 04:36:35.386988,95
S_STR00292,S_U0036,S0037,2026-02-26 13:45:15.809736,65
S_STR00293,S_U0051,S0039,2026-02-15 17:26:57.766265,37
S_STR00294,S_U0044,S0044,2026-02-08 01:55:41.970978,109
S_STR00295,S_U0038,S0036,2026-02-26 18:37:50.284652,40
S_STR00296,S_U0074,S0043,2026-02-15 03:54:23.073857,65
S_STR00297,S_U0092,S0009,2026-02-07 07:09:26.479248,118
S_STR00298,S_U0063,S0034,2026-02-10 08:50:09.390239,114
S_STR00299,S_U0002,S0037,2026-02-04 03:35:32.134416,155
S_STR00300,S_U0025,S0040,2026-02-10 10:26:13.613325,240
S_STR00301,S_U0028,S0030,2026-02-14 06:18:17.088326,47
S_STR00302,S_U0073,S0044,2026-02-18 14:04:19.150596,197
S_STR00303,S_U0022,S0014,2026-02-22 06:48:55.801935,216
S_STR00304,S_U0087,S0037,2026-02-03 02:51:46.746114,19
S_STR00305,S_U0009,S0048,2026-02-11 06:06:16.495462,84
S_STR00306,S_U0088,S0047,2026-02-10 16:38:52.088525,12
S_STR00307,S_U0077,S0027,2026-02-02 08:01:29.049581,117
S_STR00308,S_U0024,S0043,2026-02-02 15:47:46.874001,5
S_STR00309,S_U0003,S0042,2026-02-16 23:51:45.272045,174
S_STR00310,S_U0045,S0037,2026-02-11 18:48:41.624034,221
S_STR00311,S_U0036,S0041,2026-01-31 14:50:25.128514,118
S_STR00312,S_U0066,S0027,2026-02-06 08:23:25.519886,19
S_STR00313,S_U0062,S0038,2026-02-13 05:56:33.666501,131
S_STR00314,S_U0009,S0049,2026-02-06 05:35:14.559815,231
S_STR00315,S_U0015,S0050,2026-03-02 04:03:46.472457,252
S_STR00316,S_U0024,S0022,2026-02-09 20:47:33.314141,137
S_STR00317,S_U0032,S0048,2026-02-28 02:00:18.665884,80
S_STR00318,S_U0097,S0045,2026-02-25 09:10:37.224752,165
S_STR00319,S_U0098,S0049,2026-02-14 18:24:19.233197,209
S_STR00320,S_U0023,S0046,2026-02-02 17:05:00.103607,13
S_STR00321,S_U0061,S0048,2026-02-02 20:07:18.165425,59
S_STR00322,S_U0055,S0050,2026-02-12 13:17:36.989593,125
S_STR00323,S_U0065,S0047,2026-02-10 18:58:07.433164,27
S_STR00324,S_U0065,S0016,2026-02-05 09:58:02.449991,40
S_STR00325,S_U0080,S0036,2026-02-18 00:33:18.657351,10
S_STR00326,S_U0027,S0022,2026-02-05 18:57:31.761074,286
S_STR00327,S_U0072,S0039,2026-02-05 16:52:08.438613,22
S_STR00328,S_U0060,S0039,2026-02-21 04:34:59.240358,81
S_STR00329,S_U0032,S0040,2026-02-15 10:35:56.534104,227
S_STR00330,S_U0085,S0022,2026-02-22 09:55:28.493384,226
S_STR00331,S_U0032,S0016,2026-02-20 10:04:47.337957,35
S_STR00332,S_U0086,S0033,2026-02-28 13:38:41.185930,220
S_STR00333,S_U0071,S0048,2026-02-20 19:11:35.217776,101
S_STR00334,S_U0072,S0020,2026-02-04 08:37:00.835015,189
S_STR00335,S_U0068,S0012,2026-02-08 23:50:40.927128,75
S_STR00336,S_U0086,S0020,2026-02-21 02:45:09.087397,239
S_STR00337,S_U0037,S0039,2026-02-09 17:38:18.435118,185
S_STR00338,S_U0007,S0029,2026-02-04 06:41:00.513277,252
S_STR00339,S_U0041,S0049,2026-02-02 18:11:05.373800,81
S_STR00340,S_U0033,S0048,2026-02-23 13:24:08.605917,54
S_STR00341,S_U0060,S0040,2026-01-31 21:39:26.401281,222
S_STR00342,S_U0057,S0046,2026-02-23 12:36:43.235175,57
S_STR00343,S_U0095,S0011,2026-03-01 10:57:02.343764,182
S_STR00344,S_U0021,S0042,2026-02-08 16:51:08.047606,22
S_STR00345,S_U0065,S0029,2026-02-13 15:55:39.857961,191
S_STR00346,S_U0064,S0027,2026-02-14 19:23:10.126897,118
S_STR00347,S_U0074,S0028,2026-02-04 00:25:57.727765,12
S_STR00348,S_U0004,S0035,2026-01-31 14:17:07.671056,87
S_STR00349,S_U0043,S0030,2026-02-04 21:39:59.715913,269
S_STR00350,S_U0058,S0022,2026-02-06 01:15:10.871982,341
S_STR00351,S_U0095,S0014,2026-02-22 03:48:10.419833,54
S_STR00352,S_U0036,S0043,2026-02-18 18:03:10.891271,99
S_STR00353,S_U0011,S0050,2026-02-14 07:00:10.565311,65
S_STR00354,S_U0057,S0030,2026-03-02 01:30:15.506784,149
S_STR00355,S_U0095,S0042,2026-02-08 16:50:59.497153,32
S_STR00356,S_U0092,S0044,2026-02-18 07:38:23.499465,17
S_STR00357,S_U0023,S0027,2026-02-09 01:30:32.522643,129
S_STR00358,S_U0021,S0047,2026-02-22 15:50:57.196270,13
S_STR00359,S_U0076,S0043,2026-02-05 10:28:42.515284,35
S_STR00360,S_U0087,S0040,2026-02-20 12:15:22.820693,57
S_STR00361,S_U0067,S0043,2026-02-20 18:12:07.254660,123
S_STR00362,S_U0084,S0035,2026-02-25 05:36:25.509496,68
S_STR00363,S_U0008,S0032,2026-02-03 21:08:22.452441,71
S_STR00364,S_U0069,S0041,2026-02-26 07:33:27.268716,119
S_STR00365,S_U0023,S0041,2026-02-06 08:01:02.399954,69
S_STR00366,S_U0014,S0050,2026-02-03 16:52:29.198587,243
S_STR00367,S_U0068,S0049,2026-02-21 02:58:25.467098,82
S_STR00368,S_U0077,S0042,2026-02-10 20:28:13.523904,188
S_STR00369,S_U0041,S0045,2026-02-28 20:34:44.918219,132
S_STR00370,S_U0033,S0014,2026-02-06 06:31:33.934591,179
S_STR00371,S_U0047,S0013,2026-02-08 17:05:35.615434,243
S_STR00372,S_U0047,S0013,2026-02-12 14:30:53.171159,88
S_STR00373,S_U0010,S0035,2026-02-18 16:48:44.298956,131
S_STR00374,S_U0040,S0023,2026-01-31 13:08:35.495081,62
S_STR00375,S_U0090,S0002,2026-02-16 00:39:39.918841,60
S_STR00376,S_U0008,S0010,2026-02-24 02:51:52.631666,138
S_STR00377,S_U0029,S0034,2026-02-01 11:26:17.056184,98
S_STR00378,S_U0068,S0040,2026-02-15 00:27:07.085092,86
S_STR00379,S_U0028,S0047,2026-02-19 20:01:00.652171,168
S_STR00380,S_U0022,S0038,2026-02-26 14:10:35.810566,43
S_STR00381,S_U0031,S0043,2026-02-07 05:18:46.099977,101
S_STR00382,S_U0004,S0033,2026-02-28 19:14:23.761234,224
S_STR00383,S_U0030,S0024,2026-02-04 23:03:54.764849,186
S_STR00384,S_U0011,S0029,2026-02-27 12:50:17.923104,125
S_STR00385,S_U0019,S0019,2026-02-26 11:25:35.899516,224
S_STR00386,S_U0097,S0018,2026-02-13 22:12:30.322077,88
S_STR00387,S_U0078,S0025,2026-02-15 15:58:58.079144,23
S_STR00388,S_U0022,S0050,2026-02-12 05:39:15.315772,265
S_STR00389,S_U0064,S0037,2026-02-12 18:36:46.947913,239
S_STR00390,S_U0076,S0028,2026-02-22 06:24:57.807242,59
S_STR00391,S_U0013,S0039,2026-01-31 16:48:47.755418,18
S_STR00392,S_U0066,S0048,2026-03-01 18:38:43.023118,8
S_STR00393,S_U0006,S0047,2026-02-17 03:47:31.876515,178
S_STR00394,S_U0075,S0048,2026-02-17 09:56:54.103627,73
S_STR00395,S_U0037,S0023,2026-02-17 10:16:51.932790,77
S_STR00396,S_U0055,S0032,2026-02-09 19:57:43.370672,213
S_STR00397,S_U0001,S0049,2026-02-28 14:42:01.407345,29
S_STR00398,S_U0010,S0039,2026-02-24 11:40:42.848618,201
S_STR00399,S_U0091,S0036,2026-02-16 14:50:45.168025,34
S_STR00400,S_U0069,S0025,2026-02-15 22:02:48.012376,150
S_STR00401,S_U0092,S0047,2026-02-09 20:40:23.738006,175
S_STR00402,S_U0074,S0016,2026-02-09 11:49:41.274589,193
S_STR00403,S_U0001,S0041,2026-02-13 03:35:44.592549,136
S_STR00404,S_U0009,S0045,2026-02-01 20:20:22.353588,114
S_STR00405,S_U0038,S0047,2026-02-21 08:31:49.517071,75
S_STR00406,S_U0098,S0021,2026-02-24 13:08:59.964745,71
S_STR00407,S_U0084,S0021,2026-02-13 18:45:16.026767,154
S_STR00408,S_U0086,S0015,2026-02-25 17:37:40.487312,101
S_STR00409,S_U0057,S0013,2026-02-24 15:52:51.566929,196
S_STR00410,S_U0088,S0048,2026-02-21 00:39:36.352096,123
S_STR00411,S_U0074,S0035,2026-02-03 07:49:44.423855,117
S_STR00412,S_U0097,S0039,2026-02-01 15:40:50.591685,155
S_STR00413,S_U0074,S0036,2026-02-11 01:39:44.553716,250
S_STR00414,S_U0099,S0026,2026-02-14 18:06:33.552075,63
S_STR00415,S_U0083,S0044,2026-02-20 23:22:22.413039,226
S_STR00416,S_U0053,S0044,2026-02-24 12:21:39.735195,260
S_STR00417,S_U0028,S0046,2026-02-14 03:50:02.582620,25
S_STR00418,S_U0089,S0027,2026-02-27 12:50:25.984601,57
S_STR00419,S_U0087,S0044,2026-02-15 00:14:46.900310,178
S_STR00420,S_U0081,S0016,2026-02-13 02:34:24.217302,119
S_STR00421,S_U0035,S0023,2026-02-27 01:08:59.641860,127
S_STR00422,S_U0066,S0024,2026-02-11 06:07:40.381236,118
S_STR00423,S_U0057,S0030,2026-02-19 01:02:24.404006,49
S_STR00424,S_U0069,S0015,2026-02-28 16:43:56.171448,54
S_STR00425,S_U0021,S0039,2026-02-04 08:13:07.442463,136
S_STR00426,S_U0040,S0034,2026-02-15 04:03:28.741442,38
S_STR00427,S_U0038,S0046,2026-02-19 11:04:31.871647,120
S_STR00428,S_U0026,S0041,2026-03-02 09:10:25.638742,63
S_STR00429,S_U0098,S0030,2026-02-26 19:23:48.528553,220
S_STR00430,S_U0072,S0010,2026-02-18 19:41:38.203483,62
S_STR00431,S_U0060,S0046,2026-02-10 17:31:32.592071,49
S_STR00432,S_U0016,S0042,2026-02-13 01:22:16.421621,164
S_STR00433,S_U0083,S0038,2026-02-09 22:05:05.004665,108
S_STR00434,S_U0047,S0049,2026-02-09 05:09:27.149430,219
S_STR00435,S_U0028,S0046,2026-02-03 03:18:56.842432,41
S_STR00436,S_U0094,S0042,2026-01-31 23:51:20.383335,47
S_STR00437,S_U0023,S0035,2026-02-20 11:51:43.897872,31
S_STR00438,S_U0066,S0045,2026-02-10 12:51:48.242168,226
S_STR00439,S_U0021,S0046,2026-02-13 04:23:18.932645,100
S_STR00440,S_U0062,S0049,2026-02-14 21:32:02.971117,131
S_STR00441,S_U0017,S0050,2026-02-19 09:24:08.731583,217
S_STR00442,S_U0097,S0034,2026-02-11 10:31:36.158037,99
S_STR00443,S_U0060,S0038,2026-02-10 02:57:03.447686,60
S_STR00444,S_U0038,S0004,2026-02-26 15:18:42.517348,235
S_STR00445,S_U0051,S0017,2026-02-18 18:57:28.476996,196
S_STR00446,S_U0057,S0036,2026-02-04 13:24:39.761263,224
S_STR00447,S_U0034,S0047,2026-02-28 11:07:13.388143,37
S_STR00448,S_U0008,S0033,2026-02-28 09:05:23.936868,242
S_STR00449,S_U0069,S0042,2026-02-28 09:12:24.642926,166
S_STR00450,S_U0081,S0031,2026-02-10 15:03:37.232723,67
S_STR00451,S_U0100,S0047,2026-02-05 09:15:01.466840,165
S_STR00452,S_U0047,S0048,2026-02-01 07:30:41.362490,17
S_STR00453,S_U0091,S0036,2026-02-18 04:52:58.714426,247
S_STR00454,S_U0061,S0015,2026-02-14 04:01:31.664444,101
S_STR00455,S_U0067,S0043,2026-02-27 02:54:33.610150,107
S_STR00456,S_U0032,S0046,2026-02-13 03:19:01.681803,9
S_STR00457,S_U0062,S0028,2026-01-31 16:26:19.212208,29
S_STR00458,S_U0052,S0046,2026-02-01 08:37:43.170750,124
S_STR00459,S_U0029,S0046,2026-02-05 08:03:49.892877,36
S_STR00460,S_U0016,S0024,2026-02-10 14:21:08.178042,209
S_STR00461,S_U0018,S0041,2026-02-15 06:06:19.936545,154
S_STR00462,S_U0012,S0035,2026-02-23 12:59:33.179525,110
S_STR00463,S_U0018,S0044,2026-02-23 04:26:04.055613,166
S_STR00464,S_U0071,S0028,2026-02-10 15:40:58.363027,43
S_STR00465,S_U0005,S0046,2026-02-24 01:34:05.220269,40
S_STR00466,S_U0030,S0026,2026-02-03 13:02:27.761275,66
S_STR00467,S_U0023,S0050,2026-02-28 08:47:32.615556,167
S_STR00468,S_U0005,S0031,2026-02-17 20:17:39.981867,10
S_STR00469,S_U0099,S0033,2026-01-31 20:46:32.668772,341
S_STR00470,S_U0054,S0018,2026-02-08 02:02:18.302927,147
S_STR00471,S_U0001,S0004,2026-02-15 02:08:25.837337,192
S_STR00472,S_U0051,S0046,2026-02-18 12:58:09.389799,96
S_STR00473,S_U0004,S0027,2026-02-18 05:56:21.896897,61
S_STR00474,S_U0076,S0040,2026-02-16 18:18:25.223025,165
S_STR00475,S_U0035,S0047,2026-02-06 15:39:50.581105,168
S_STR00476,S_U0070,S0024,2026-02-08 23:27:45.757468,30
S_STR00477,S_U0064,S0023,2026-02-16 19:05:06.913275,98
S_STR00478,S_U0055,S0036,2026-02-20 20:04:45.486248,68
S_STR00479,S_U0071,S0041,2026-02-07 00:04:16.354766,79
S_STR00480,S_U0058,S0038,2026-02-03 11:12:01.745646,109
S_STR00481,S_U0012,S0023,2026-02-21 02:43:50.069417,89
S_STR00482,S_U0052,S0034,2026-02-15 08:05:11.558703,9
S_STR00483,S_U0087,S0031,2026-02-18 07:10:35.784923,36
S_STR00484,S_U0019,S0015,2026-02-17 21:07:57.126847,249
S_STR00485,S_U0083,S0017,2026-02-11 05:06:15.719856,6
S_STR00486,S_U0087,S0048,2026-02-10 10:27:21.379852,61
S_STR00487,S_U0092,S0032,2026-02-15 01:02:08.460855,221
S_STR00488,S_U0039,S0012,2026-02-22 09:51:39.631571,306
S_STR00489,S_U0086,S0041,2026-02-01 02:52:41.938030,55
S_STR00490,S_U0049,S0037,2026-02-07 05:38:22.383937,106
S_STR00491,S_U0082,S0045,2026-02-28 12:07:56.020355,57
S_STR00492,S_U0006,S0048,2026-02-19 08:18:47.906393,115
S_STR00493,S_U0005,S0022,2026-02-24 07:03:24.833361,137
S_STR00494,S_U0100,S0034,2026-03-01 22:51:44.024340,94
S_STR00495,S_U0043,S0042,2026-02-20 22:56:28.595461,46
S_STR00496,S_U0035,S0040,2026-02-01 19:37:25.090780,216
S_STR00497,S_U0098,S0045,2026-02-15 03:34:27.328571,135
S_STR00498,S_U0081,S0010,2026-02-19 08:50:22.230216,124
S_STR00499,S_U0019,S0035,2026-02-18 11:53:16.431336,51
S_STR00500,S_U0048,S0006,2026-02-17 01:16:32.515442,11
S_STR00501,S_U0036,S0023,2026-02-24 14:02:18.122174,20
S_STR00502,S_U0059,S0015,2026-02-13 05:17:09.145677,102
S_STR00503,S_U0082,S0043,2026-02-24 21:01:04.311246,14
S_STR00504,S_U0034,S0046,2026-02-15 19:03:09.053209,111
S_STR00505,S_U0005,S0026,2026-02-19 18:08:09.794318,77
S_STR00506,S_U0070,S0030,2026-02-10 14:28:45.887997,133
S_STR00507,S_U0045,S0048,2026-03-01 02:03:10.183369,89
S_STR00508,S_U0076,S0023,2026-02-22 02:35:47.682999,81
S_STR00509,S_U0093,S0020,2026-02-25 15:24:56.216912,183
S_STR00510,S_U0084,S0027,2026-03-01 01:05:08.959236,126
S_STR00511,S_U0078,S0016,2026-02-12 18:01:45.475950,200
S_STR00512,S_U0026,S0030,2026-03-01 00:28:51.633517,193
S_STR00513,S_U0017,S0048,2026-02-18 21:50:37.933444,46
S_STR00514,S_U0049,S0021,2026-02-04 12:34:52.385233,194
S_STR00515,S_U0035,S0045,2026-02-14 13:14:28.778265,118
S_STR00516,S_U0058,S0029,2026-02-10 05:38:09.007887,80
S_STR00517,S_U0088,S0028,2026-02-03 03:04:33.085990,96
S_STR00518,S_U0031,S0034,2026-02-13 22:35:59.936873,30
S_STR00519,S_U0034,S0043,2026-02-12 15:59:25.667074,174
S_STR00520,S_U0003,S0031,2026-02-13 16:51:41.503832,103
S_STR00521,S_U0088,S0049,2026-02-14 00:43:08.046901,144
S_STR00522,S_U0049,S0049,2026-02-24 17:42:51.335506,209
S_STR00523,S_U0075,S0024,2026-02-21 23:52:26.318108,192
S_STR00524,S_U0009,S0032,2026-02-10 02:18:38.151828,71
S_STR00525,S_U0073,S0017,2026-02-20 23:27:04.363625,167
S_STR00526,S_U0015,S0028,2026-02-22 17:19:56.010661,44
S_STR00527,S_U0013,S0038,2026-02-04 05:32:10.364040,68
S_STR00528,S_U0073,S0028,2026-02-04 03:55:33.306590,140
S_STR00529,S_U0067,S0037,2026-02-28 15:28:28.951849,248
S_STR00530,S_U0084,S0048,2026-02-25 17:39:47.493417,114
S_STR00531,S_U0037,S0030,2026-02-18 20:35:47.996886,13
S_STR00532,S_U0062,S0045,2026-02-10 07:24:13.058320,36
S_STR00533,S_U0071,S0009,2026-02-07 15:06:05.408323,130
S_STR00534,S_U0077,S0026,2026-02-28 20:09:24.711150,66
S_STR00535,S_U0037,S0046,2026-02-01 08:08:22.377337,116
S_STR00536,S_U0019,S0042,2026-02-23 23:26:01.538160,150
S_STR00537,S_U0049,S0022,2026-03-01 22:59:21.998862,88
S_STR00538,S_U0077,S0047,2026-02-14 05:37:32.537704,163
S_STR00539,S_U0038,S0046,2026-02-05 22:21:47.979605,76
S_STR00540,S_U0045,S0038,2026-02-25 06:23:23.668106,43
S_STR00541,S_U0031,S0028,2026-02-13 14:32:46.020985,150
S_STR00542,S_U0034,S0046,2026-02-12 12:12:12.563806,101
S_STR00543,S_U0003,S0038,2026-02-10 12:58:15.839223,44
S_STR00544,S_U0016,S0036,2026-02-27 18:25:29.485173,22
S_STR00545,S_U0065,S0030,2026-02-02 10:10:08.742987,109
S_STR00546,S_U0095,S0040,2026-02-26 17:22:55.896263,37
S_STR00547,S_U0004,S0033,2026-02-18 22:23:39.922284,187
S_STR00548,S_U0024,S0033,2026-02-19 11:08:03.813239,216
S_STR00549,S_U0062,S0024,2026-03-01 09:30:44.622076,44
S_STR00550,S_U0066,S0037,2026-02-08 13:10:38.248693,242
S_STR00551,S_U0011,S0014,2026-02-19 22:30:18.708697,59
S_STR00552,S_U0083,S0047,2026-02-03 11:06:49.743041,167
S_STR00553,S_U0088,S0036,2026-02-07 14:12:40.737151,74
S_STR00554,S_U0037,S0041,2026-02-17 08:18:34.387306,30
S_STR00555,S_U0096,S0035,2026-02-06 19:36:28.276408,50
S_STR00556,S_U0005,S0049,2026-02-14 01:23:56.003752,149
S_STR00557,S_U0090,S0041,2026-02-07 05:53:30.308578,128
S_STR00558,S_U0094,S0026,2026-02-25 14:43:57.032651,138
S_STR00559,S_U0085,S0039,2026-02-03 09:51:52.768649,124
S_STR00560,S_U0093,S0047,2026-03-01 03:23:21.579480,88
S_STR00561,S_U0024,S0043,2026-02-24 09:26:25.662727,104
S_STR00562,S_U0083,S0041,2026-02-08 13:57:56.034529,61
S_STR00563,S_U0009,S0044,2026-02-19 07:48:23.783359,332
S_STR00564,S_U0028,S0018,2026-02-12 16:43:53.729332,31
S_STR00565,S_U0058,S0037,2026-02-20 13:52:02.347565,264
S_STR00566,S_U0008,S0034,2026-02-02 00:41:08.300628,35
S_STR00567,S_U0002,S0019,2026-02-09 12:27:18.598693,79
S_STR00568,S_U0074,S0041,2026-02-07 02:31:59.390190,37
S_STR00569,S_U0006,S0038,2026-02-10 21:44:39.564274,142
S_STR00570,S_U0087,S0043,2026-02-12 09:10:47.424724,69
S_STR00571,S_U0080,S0020,2026-01-31 13:00:12.222860,36
S_STR00572,S_U0060,S0015,2026-02-23 12:52:21.982824,212
S_STR00573,S_U0035,S0031,2026-02-03 07:42:20.967548,35
S_STR00574,S_U0010,S0047,2026-02-02 09:40:34.957687,119
S_STR00575,S_U0061,S0015,2026-02-14 09:50:45.582888,24
S_STR00576,S_U0094,S0041,2026-02-01 06:49:29.887156,156
S_STR00577,S_U0077,S0049,2026-02-21 04:07:30.896208,17
S_STR00578,S_U0044,S0045,2026-02-25 23:36:26.645718,155
S_STR00579,S_U0014,S0028,2026-02-28 20:25:20.628177,32
S_STR00580,S_U0099,S0044,2026-03-01 08:43:56.899955,317
S_STR00581,S_U0054,S0043,2026-02-06 22:01:54.641166,59
S_STR00582,S_U0043,S0044,2026-02-24 09:28:16.981259,181
S_STR00583,S_U0068,S0013,2026-02-16 14:44:26.905558,255
S_STR00584,S_U0096,S0030,2026-02-04 15:24:28.011120,76
S_STR00585,S_U0052,S0032,2026-02-28 20:33:12.842970,273
S_STR00586,S_U0037,S0031,2026-02-12 00:19:59.045236,57
S_STR00587,S_U0031,S0044,2026-02-09 06:49:16.360995,158
S_STR00588,S_U0055,S0030,2026-02-16 01:58:25.922707,112
S_STR00589,S_U0026,S0040,2026-03-01 02:30:45.958719,24
S_STR00590,S_U0016,S0034,2026-02-21 22:17:03.129574,117
S_STR00591,S_U0029,S0023,2026-02-03 01:58:01.634748,7
S_STR00592,S_U0100,S0048,2026-02-26 15:59:40.146732,102
S_STR00593,S_U0010,S0037,2026-03-01 07:33:22.370339,117
S_STR00594,S_U0036,S0041,2026-02-08 21:42:23.861464,7
S_STR00595,S_U0007,S0043,2026-02-08 00:28:27.193020,103
S_STR00596,S_U0047,S0036,2026-02-22 11:49:36.365956,240
S_STR00597,S_U0037,S0038,2026-02-12 04:58:22.428263,125
S_STR00598,S_U0024,S0044,2026-02-22 10:24:46.384252,98
S_STR00599,S_U0062,S0006,2026-02-25 08:31:14.130586,281
S_STR00600,S_U0011,S0050,2026-02-02 07:57:24.975261,250
S_STR00601,S_U0092,S0027,2026-02-20 12:57:09.831267,135
S_STR00602,S_U0027,S0028,2026-02-11 16:05:22.694844,180
S_STR00603,S_U0082,S0037,2026-02-25 21:07:33.701633,220
S_STR00604,S_U0083,S0019,2026-02-19 05:35:37.704787,93
S_STR00605,S_U0088,S0038,2026-02-26 05:12:21.580743,29
S_STR00606,S_U0040,S0004,2026-02-01 10:34:00.104036,56
S_STR00607,S_U0070,S0031,2026-02-06 14:29:15.733959,147
S_STR00608,S_U0057,S0028,2026-02-13 12:16:06.572843,34
S_STR00609,S_U0016,S0032,2026-02-23 12:02:47.861223,118
S_STR00610,S_U0058,S0038,2026-02-06 03:41:17.302693,34
S_STR00611,S_U0060,S0025,2026-02-12 04:38:26.013272,161
S_STR00612,S_U0100,S0025,2026-02-16 22:32:32.577200,64
S_STR00613,S_U0069,S0014,2026-02-26 10:00:51.860872,21
S_STR00614,S_U0009,S0049,2026-02-24 21:03:22.624292,224
S_STR00615,S_U0043,S0042,2026-02-23 02:42:05.126331,70
S_STR00616,S_U0038,S0036,2026-02-12 19:53:26.699744,139
S_STR00617,S_U0089,S0031,2026-02-28 22:40:30.343610,109
S_STR00618,S_U0019,S0050,2026-02-11 10:28:16.171685,264
S_STR00619,S_U0025,S0027,2026-02-06 12:40:05.284128,97
S_STR00620,S_U0055,S0045,2026-02-25 18:46:41.624121,213
S_STR00621,S_U0062,S0033,2026-02-20 13:45:01.384995,243
S_STR00622,S_U0067,S0035,2026-02-08 11:57:17.804788,66
S_STR00623,S_U0045,S0017,2026-03-02 08:03:27.439973,24
S_STR00624,S_U0050,S0045,2026-02-10 12:14:12.575563,15
S_STR00625,S_U0041,S0033,2026-02-16 08:31:20.728597,234
S_STR00626,S_U0091,S0027,2026-02-02 18:38:58.929066,90
S_STR00627,S_U0043,S0035,2026-03-01 13:37:02.383369,24
S_STR00628,S_U0094,S0028,2026-02-03 23:37:19.637180,39
S_STR00629,S_U0068,S0047,2026-02-24 10:29:35.279504,121
S_STR00630,S_U0097,S0041,2026-02-06 09:13:38.369247,46
S_STR00631,S_U0011,S0045,2026-03-01 22:36:25.523667,149
S_STR00632,S_U0045,S0040,2026-02-05 15:36:47.927878,95
S_STR00633,S_U0053,S0006,2026-03-02 05:02:08.562080,298
S_STR00634,S_U0072,S0046,2026-02-18 13:13:02.707989,123
S_STR00635,S_U0093,S0030,2026-02-13 09:31:55.908628,82
S_STR00636,S_U0080,S0048,2026-02-02 07:54:10.596194,44
S_STR00637,S_U0011,S0028,2026-03-02 04:50:14.033965,67
S_STR00638,S_U0027,S0013,2026-02-20 15:17:03.860431,109
S_STR00639,S_U0020,S0016,2026-03-02 05:40:21.590793,200
S_STR00640,S_U0097,S0043,2026-02-14 17:36:13.825358,124
S_STR00641,S_U0015,S0034,2026-02-19 16:16:37.697947,105
S_STR00642,S_U0094,S0020,2026-02-10 15:19:08.977909,64
S_STR00643,S_U0071,S0050,2026-02-14 04:49:24.390590,96
S_STR00644,S_U0058,S0040,2026-02-28 12:18:52.271765,75
S_STR00645,S_U0085,S0037,2026-02-05 14:18:13.332978,81
S_STR00646,S_U0019,S0050,2026-02-22 02:46:46.165616,109
S_STR00647,S_U0067,S0047,2026-02-17 20:16:20.584207,139
S_STR00648,S_U0052,S0032,2026-02-13 05:11:48.792984,79
S_STR00649,S_U0043,S0038,2026-02-16 14:06:29.376234,94
S_STR00650,S_U0027,S0050,2026-02-18 18:23:00.119313,183
S_STR00651,S_U0005,S0048,2026-02-14 19:43:38.612859,29
S_STR00652,S_U0015,S0008,2026-02-01 03:24:19.832148,150
S_STR00653,S_U0076,S0040,2026-02-14 07:12:59.479731,204
S_STR00654,S_U0056,S0038,2026-02-17 02:04:50.236110,134
S_STR00655,S_U0082,S0045,2026-02-05 04:50:21.090252,32
S_STR00656,S_U0091,S0034,2026-02-28 14:04:27.478454,25
S_STR00657,S_U0088,S0042,2026-03-02 03:48:38.605373,77
S_STR00658,S_U0045,S0011,2026-02-20 02:19:48.957053,72
S_STR00659,S_U0052,S0046,2026-02-15 23:35:14.562023,19
S_STR00660,S_U0065,S0024,2026-02-17 19:47:20.903913,218
S_STR00661,S_U0044,S0050,2026-02-04 07:38:29.362299,50
S_STR00662,S_U0079,S0026,2026-02-23 04:37:11.276993,97
S_STR00663,S_U0001,S0018,2026-02-15 11:13:18.661891,137
S_STR00664,S_U0031,S0043,2026-02-26 20:54:38.404546,109
S_STR00665,S_U0016,S0043,2026-02-08 10:33:27.505698,76
S_STR00666,S_U0043,S0036,2026-03-01 08:26:37.167412,66
S_STR00667,S_U0038,S0044,2026-02-02 07:18:26.573258,92
S_STR00668,S_U0100,S0035,2026-02-22 04:26:18.014388,21
S_STR00669,S_U0044,S0018,2026-02-08 05:44:25.315667,59
S_STR00670,S_U0074,S0029,2026-02-20 17:14:03.681548,93
S_STR00671,S_U0007,S0029,2026-02-05 17:12:55.787512,82
S_STR00672,S_U0092,S0037,2026-02-10 14:08:59.724222,155
S_STR00673,S_U0071,S0041,2026-02-23 15:18:09.660044,144
S_STR00674,S_U0019,S0040,2026-02-06 22:51:37.876495,36
S_STR00675,S_U0094,S0035,2026-02-26 05:18:00.889648,113
S_STR00676,S_U0034,S0038,2026-02-17 01:17:07.881514,23
S_STR00677,S_U0047,S0007,2026-02-10 17:06:09.076232,143
S_STR00678,S_U0010,S0038,2026-02-26 17:52:13.497237,8
S_STR00679,S_U0048,S0040,2026-02-05 18:06:27.690432,152
S_STR00680,S_U0051,S0031,2026-02-18 14:46:25.031226,140
S_STR00681,S_U0005,S0035,2026-02-11 23:31:54.415249,100
S_STR00682,S_U0089,S0038,2026-02-15 05:37:50.396320,117
S_STR00683,S_U0024,S0010,2026-02-28 14:43:02.369179,51
S_STR00684,S_U0083,S0043,2026-02-11 05:27:37.608541,6
S_STR00685,S_U0036,S0030,2026-02-24 08:38:13.957771,42
S_STR00686,S_U0063,S0013,2026-02-19 02:38:13.205079,130
S_STR00687,S_U0072,S0019,2026-02-28 04:30:18.929269,228
S_STR00688,S_U0048,S0049,2026-02-21 23:54:38.387273,33
S_STR00689,S_U0073,S0039,2026-02-20 13:30:24.470848,13
S_STR00690,S_U0007,S0042,2026-02-26 15:13:00.829217,98
S_STR00691,S_U0077,S0031,2026-02-27 22:46:10.953324,131
S_STR00692,S_U0045,S0023,2026-02-11 02:38:09.637253,119
S_STR00693,S_U0066,S0027,2026-02-12 20:30:51.410516,9
S_STR00694,S_U0010,S0039,2026-02-02 16:58:30.900301,164
S_STR00695,S_U0005,S0010,2026-02-24 18:51:18.304054,126
S_STR00696,S_U0094,S0038,2026-02-18 13:26:17.022916,87
S_STR00697,S_U0076,S0005,2026-03-02 05:09:51.747311,17
S_STR00698,S_U0090,S0045,2026-02-28 08:06:33.148644,169
S_STR00699,S_U0029,S0011,2026-02-20 13:25:21.170190,46
S_STR00700,S_U0053,S0043,2026-02-22 22:23:16.717158,114
S_STR00701,S_U0073,S0033,2026-01-31 21:39:37.105991,21
S_STR00702,S_U0037,S0037,2026-02-02 00:08:37.635385,216
S_STR00703,S_U0019,S0030,2026-02-20 02:21:18.733806,188
S_STR00704,S_U0009,S0024,2026-02-07 10:17:16.466806,22
S_STR00705,S_U0038,S0048,2026-02-19 13:11:36.346825,54
S_STR00706,S_U0007,S0023,2026-02-12 06:58:46.169627,27
S_STR00707,S_U0068,S0046,2026-02-11 23:32:52.724935,70
S_STR00708,S_U0083,S0024,2026-02-06 01:56:09.618960,166
S_STR00709,S_U0072,S0021,2026-02-05 14:32:41.055699,65
S_STR00710,S_U0090,S0001,2026-02-19 21:17:42.363952,198
S_STR00711,S_U0058,S0018,2026-02-28 21:40:23.028836,44
S_STR00712,S_U0055,S0042,2026-02-01 08:54:32.541925,86
S_STR00713,S_U0074,S0037,2026-02-24 11:55:08.976059,165
S_STR00714,S_U0018,S0009,2026-02-04 17:17:22.203933,109
S_STR00715,S_U0018,S0047,2026-03-02 08:35:36.342270,163
S_STR00716,S_U0026,S0040,2026-02-14 03:40:13.368672,227
S_STR00717,S_U0010,S0042,2026-02-22 02:08:30.733075,189
S_STR00718,S_U0003,S0036,2026-02-11 00:58:15.999426,116
S_STR00719,S_U0084,S0043,2026-02-05 21:02:17.094975,136
S_STR00720,S_U0084,S0048,2026-02-05 20:54:30.183118,106
S_STR00721,S_U0060,S0042,2026-02-20 13:55:00.083756,90
S_STR00722,S_U0057,S0047,2026-02-07 12:30:13.979871,38
S_STR00723,S_U0099,S0048,2026-02-21 21:16:32.989514,52
S_STR00724,S_U0003,S0045,2026-02-07 02:05:19.218543,223
S_STR00725,S_U0086,S0016,2026-02-02 08:45:06.290870,107
S_STR00726,S_U0075,S0045,2026-02-24 07:30:18.334872,250
S_STR00727,S_U0031,S0042,2026-02-18 20:44:31.816532,203
S_STR00728,S_U0093,S0041,2026-02-26 15:40:53.254951,38
S_STR00729,S_U0005,S0025,2026-02-22 00:27:32.033458,87
S_STR00730,S_U0039,S0036,2026-02-05 13:58:29.126416,126
S_STR00731,S_U0092,S0045,2026-02-01 00:37:02.208751,220
S_STR00732,S_U0031,S0032,2026-02-06 14:54:58.953710,120
S_STR00733,S_U0030,S0046,2026-02-12 11:37:34.660593,9
S_STR00734,S_U0011,S0029,2026-02-02 01:48:01.305512,102
S_STR00735,S_U0010,S0034,2026-02-05 19:31:15.545180,113
S_STR00736,S_U0078,S0045,2026-02-13 17:58:14.710635,172
S_STR00737,S_U0012,S0045,2026-02-11 18:57:41.513548,38
S_STR00738,S_U0083,S0030,2026-01-31 22:40:54.334594,115
S_STR00739,S_U0070,S0037,2026-02-12 15:17:31.243218,94
S_STR00740,S_U0033,S0029,2026-02-24 15:13:41.058596,138
S_STR00741,S_U0037,S0046,2026-02-10 09:09:12.029757,18
S_STR00742,S_U0036,S0047,2026-02-13 09:43:26.686858,110
S_STR00743,S_U0012,S0046,2026-02-19 17:09:34.264503,100
S_STR00744,S_U0012,S0039,2026-02-17 01:46:19.266529,10
S_STR00745,S_U0037,S0048,2026-03-01 13:11:48.157112,121
S_STR00746,S_U0017,S0029,2026-03-01 19:19:52.040397,243
S_STR00747,S_U0078,S0042,2026-02-09 08:02:12.184095,39
S_STR00748,S_U0074,S0036,2026-03-01 12:20:11.050048,205
S_STR00749,S_U0060,S0035,2026-02-25 06:58:20.340372,16
S_STR00750,S_U0056,S0047,2026-02-02 00:32:30.476935,24
S_STR00751,S_U0086,S0031,2026-02-26 11:59:06.214829,29
S_STR00752,S_U0062,S0042,2026-03-01 13:37:22.953064,36
S_STR00753,S_U0053,S0044,2026-02-10 01:50:41.340930,314
S_STR00754,S_U0065,S0043,2026-02-22 05:12:39.787088,169
S_STR00755,S_U0077,S0019,2026-02-16 21:59:23.546346,123
S_STR00756,S_U0029,S0037,2026-02-06 10:45:58.611573,110
S_STR00757,S_U0084,S0038,2026-02-21 13:13:09.604872,23
S_STR00758,S_U0032,S0028,2026-02-26 09:43:30.791315,190
S_STR00759,S_U0068,S0011,2026-02-23 21:57:45.225625,66
S_STR00760,S_U0038,S0027,2026-02-14 00:39:54.142334,56
S_STR00761,S_U0072,S0048,2026-02-05 16:28:20.594980,102
S_STR00762,S_U0027,S0015,2026-02-20 00:42:45.443024,217
S_STR00763,S_U0099,S0033,2026-02-04 08:01:33.517680,36
S_STR00764,S_U0003,S0028,2026-02-09 15:26:55.787199,42
S_STR00765,S_U0075,S0044,2026-02-13 22:59:29.372154,8
S_STR00766,S_U0045,S0036,2026-02-26 08:21:12.084311,181
S_STR00767,S_U0074,S0050,2026-02-25 12:31:10.688480,86
S_STR00768,S_U0073,S0049,2026-02-23 04:02:33.371529,114
S_STR00769,S_U0058,S0039,2026-02-21 10:36:22.933064,77
S_STR00770,S_U0055,S0043,2026-02-19 18:10:15.486647,33
S_STR00771,S_U0010,S0016,2026-02-19 08:06:19.593489,18
S_STR00772,S_U0099,S0029,2026-02-15 16:05:39.693444,263
S_STR00773,S_U0012,S0042,2026-02-05 08:59:36.894388,28
S_STR00774,S_U0076,S0047,2026-02-15 14:45:40.142380,13
S_STR00775,S_U0004,S0009,2026-02-07 16:07:18.568596,16
S_STR00776,S_U0010,S0009,2026-02-14 10:47:28.826373,186
S_STR00777,S_U0086,S0050,2026-02-22 06:21:18.726628,56
S_STR00778,S_U0024,S0019,2026-02-19 20:58:34.952308,129
S_STR00779,S_U0062,S0037,2026-02-19 00:49:12.244603,210
S_STR00780,S_U0013,S0026,2026-02-27 03:35:26.561294,144
S_STR00781,S_U0073,S0022,2026-02-27 02:42:56.393487,318
S_STR00782,S_U0069,S0048,2026-02-27 18:32:22.560415,12
S_STR00783,S_U0069,S0016,2026-02-26 04:36:38.432662,71
S_STR00784,S_U0060,S0024,2026-02-10 20:30:40.465055,57
S_STR00785,S_U0088,S0033,2026-02-13 20:27:36.693551,47
S_STR00786,S_U0072,S0002,2026-02-06 07:12:29.631375,76
S_STR00787,S_U0024,S0032,2026-02-06 08:14:42.188867,174
S_STR00788,S_U0069,S0011,2026-02-24 01:07:02.589222,172
S_STR00789,S_U0071,S0041,2026-02-19 19:03:20.929713,131
S_STR00790,S_U0062,S0035,2026-02-12 05:09:37.044197,128
S_STR00791,S_U0074,S0034,2026-02-24 05:09:29.992321,113
S_STR00792,S_U0095,S0046,2026-02-01 23:41:20.332829,45
S_STR00793,S_U0071,S0005,2026-02-21 18:00:36.571297,98
S_STR00794,S_U0091,S0023,2026-02-08 01:02:50.948456,129
S_STR00795,S_U0048,S0044,2026-02-26 08:32:11.743110,253
S_STR00796,S_U0090,S0024,2026-02-02 21:22:55.203056,160
S_STR00797,S_U0083,S0029,2026-02-09 21:48:00.455179,99
S_STR00798,S_U0071,S0025,2026-02-05 04:45:18.701696,123
S_STR00799,S_U0087,S0029,2026-02-22 03:50:10.068247,92
S_STR00800,S_U0061,S0017,2026-02-24 08:23:36.552055,94
S_STR00801,S_U0009,S0013,2026-02-26 03:14:17.464628,236
S_STR00802,S_U0098,S0020,2026-02-23 11:57:30.566668,148
S_STR00803,S_U0076,S0025,2026-02-13 15:25:45.853331,141
S_STR00804,S_U0084,S0033,2026-02-12 14:13:52.532820,163
S_STR00805,S_U0048,S0049,2026-03-01 16:37:08.103574,100
S_STR00806,S_U0011,S0039,2026-02-14 21:48:27.693724,94
S_STR00807,S_U0071,S0043,2026-02-09 19:50:05.319935,157
S_STR00808,S_U0055,S0027,2026-02-24 22:12:16.539670,115
S_STR00809,S_U0023,S0046,2026-02-10 14:54:53.589496,76
S_STR00810,S_U0053,S0045,2026-02-21 19:48:32.353139,46
S_STR00811,S_U0023,S0050,2026-02-25 18:08:43.979679,214
S_STR00812,S_U0043,S0042,2026-02-07 02:19:58.289749,103
S_STR00813,S_U0029,S0045,2026-02-13 11:01:38.469404,120
S_STR00814,S_U0004,S0025,2026-02-18 11:15:24.043832,24
S_STR00815,S_U0023,S0049,2026-02-17 08:00:44.346763,174
S_STR00816,S_U0096,S0046,2026-02-09 12:16:18.282702,76
S_STR00817,S_U0049,S0024,2026-02-06 02:04:56.218049,32
S_STR00818,S_U0058,S0035,2026-02-23 11:19:07.700697,52
S_STR00819,S_U0054,S0023,2026-02-14 21:06:34.375190,79
S_STR00820,S_U0004,S0044,2026-02-23 14:28:21.338785,243
S_STR00821,S_U0057,S0016,2026-03-01 03:34:39.303418,21
S_STR00822,S_U0058,S0040,2026-02-01 19:26:15.058593,254
S_STR00823,S_U0057,S0041,2026-02-06 08:38:11.618342,17
S_STR00824,S_U0061,S0035,2026-02-01 19:02:33.531435,19
S_STR00825,S_U0035,S0027,2026-02-15 15:22:18.308076,130
S_STR00826,S_U0006,S0017,2026-02-06 18:45:19.987843,173
S_STR00827,S_U0054,S0042,2026-02-05 13:44:36.864103,25
S_STR00828,S_U0073,S0039,2026-02-11 16:54:19.003183,53
S_STR00829,S_U0018,S0023,2026-02-14 06:22:40.607273,10
S_STR00830,S_U0023,S0029,2026-02-13 07:40:24.268763,215
S_STR00831,S_U0098,S0019,2026-02-17 09:36:17.151931,93
S_STR00832,S_U0023,S0037,2026-02-20 18:42:13.790478,214
S_STR00833,S_U0070,S0045,2026-02-12 11:15:47.262441,162
S_STR00834,S_U0090,S0028,2026-02-01 18:17:06.599275,141
S_STR00835,S_U0019,S0043,2026-02-03 01:52:22.076670,198
S_STR00836,S_U0010,S0040,2026-02-22 18:35:24.952248,89
S_STR00837,S_U0049,S0025,2026-02-22 19:48:47.606915,85
S_STR00838,S_U0078,S0040,2026-03-02 06:17:38.777713,84
S_STR00839,S_U0066,S0016,2026-02-12 16:10:32.078644,205
S_STR00840,S_U0092,S0042,2026-02-10 17:09:19.868900,196
S_STR00841,S_U0069,S0003,2026-01-31 15:00:46.289893,73
S_STR00842,S_U0069,S0042,2026-02-04 08:29:54.594083,121
S_STR00843,S_U0014,S0030,2026-02-23 05:15:18.591860,78
S_STR00844,S_U0058,S0041,2026-02-13 01:00:17.647374,23
S_STR00845,S_U0078,S0011,2026-02-20 05:33:10.108023,74
S_STR00846,S_U0076,S0048,2026-02-06 10:22:34.487604,52
S_STR00847,S_U0013,S0010,2026-02-19 12:21:57.188872,147
S_STR00848,S_U0097,S0046,2026-02-15 05:46:20.696635,15
S_STR00849,S_U0076,S0018,2026-02-25 18:57:26.111097,35
S_STR00850,S_U0086,S0019,2026-03-01 10:49:32.075562,244
S_STR00851,S_U0094,S0044,2026-02-06 08:07:08.569223,271
S_STR00852,S_U0043,S0026,2026-02-01 15:12:47.792657,151
S_STR00853,S_U0028,S0012,2026-02-14 07:40:25.767929,214
S_STR00854,S_U0065,S0030,2026-01-31 22:03:00.706258,37
S_STR00855,S_U0036,S0009,2026-02-19 14:29:57.643120,159
S_STR00856,S_U0055,S0043,2026-02-07 22:38:54.184030,29
S_STR00857,S_U0094,S0028,2026-02-14 11:29:40.097492,70
S_STR00858,S_U0058,S0050,2026-02-22 05:02:30.024371,234
S_STR00859,S_U0067,S0010,2026-02-22 13:00:15.672807,133
S_STR00860,S_U0052,S0008,2026-02-24 17:19:20.970223,147
S_STR00861,S_U0089,S0030,2026-02-07 21:02:46.197185,244
S_STR00862,S_U0081,S0048,2026-02-13 00:14:38.319919,15
S_STR00863,S_U0090,S0013,2026-02-19 03:58:55.006826,29
S_STR00864,S_U0035,S0029,2026-02-26 00:31:00.769969,115
S_STR00865,S_U0061,S0046,2026-02-09 23:48:53.691176,52
S_STR00866,S_U0043,S0019,2026-02-19 22:11:08.143071,216
S_STR00867,S_U0095,S0049,2026-02-12 11:28:02.918461,79
S_STR00868,S_U0021,S0033,2026-02-24 14:08:50.816484,164
S_STR00869,S_U0042,S0036,2026-02-08 21:05:52.074032,16
S_STR00870,S_U0035,S0042,2026-02-26 20:59:12.506520,54
S_STR00871,S_U0022,S0035,2026-02-12 03:24:10.271250,37
S_STR00872,S_U0035,S0043,2026-02-12 21:11:05.885309,179
S_STR00873,S_U0043,S0035,2026-02-20 18:19:10.396836,83
S_STR00874,S_U0012,S0045,2026-02-27 06:58:42.670875,198
S_STR00875,S_U0012,S0044,2026-02-20 00:20:59.867468,48
S_STR00876,S_U0042,S0047,2026-02-05 17:51:22.723086,145
S_STR00877,S_U0021,S0044,2026-02-09 10:52:44.133120,128
S_STR00878,S_U0049,S0030,2026-02-02 07:46:29.008501,138
S_STR00879,S_U0095,S0019,2026-02-09 05:42:11.093962,95
S_STR00880,S_U0097,S0038,2026-02-27 21:57:26.473772,125
S_STR00881,S_U0002,S0042,2026-02-01 21:25:56.231051,103
S_STR00882,S_U0056,S0025,2026-02-05 05:28:08.389260,44
S_STR00883,S_U0024,S0022,2026-02-12 18:37:09.554786,136
S_STR00884,S_U0066,S0010,2026-02-18 20:54:54.560882,43
S_STR00885,S_U0003,S0033,2026-02-09 12:00:37.067428,147
S_STR00886,S_U0081,S0049,2026-02-20 19:59:49.590593,72
S_STR00887,S_U0032,S0026,2026-02-16 14:18:41.207488,72
S_STR00888,S_U0037,S0048,2026-02-15 15:15:40.257520,14
S_STR00889,S_U0090,S0023,2026-02-27 19:29:31.827989,80
S_STR00890,S_U0015,S0050,2026-02-03 17:39:47.336669,261
S_STR00891,S_U0058,S0016,2026-02-01 01:28:42.956331,66
S_STR00892,S_U0100,S0026,2026-02-08 16:46:12.810027,95
S_STR00893,S_U0068,S0043,2026-02-24 10:22:27.330228,45
S_STR00894,S_U0020,S0023,2026-02-12 23:05:36.656478,50
S_STR00895,S_U0037,S0050,2026-02-27 13:14:35.685481,244
S_STR00896,S_U0045,S0023,2026-02-01 20:01:48.501994,80
S_STR00897,S_U0044,S0038,2026-02-26 03:56:23.216956,39
S_STR00898,S_U0010,S0042,2026-02-07 05:06:48.627966,160
S_STR00899,S_U0081,S0044,2026-02-19 12:25:09.188186,244
S_STR00900,S_U0038,S0046,2026-02-08 03:32:32.282110,36
S_STR00901,S_U0024,S0044,2026-02-24 22:11:13.059610,81
S_STR00902,S_U0089,S0031,2026-03-01 01:29:24.333306,13
S_STR00903,S_U0049,S0006,2026-02-20 12:25:55.635400,31
S_STR00904,S_U0031,S0042,2026-02-24 03:27:47.646753,142
S_STR00905,S_U0064,S0010,2026-02-09 08:11:54.717186,80
S_STR00906,S_U0056,S0021,2026-02-22 06:53:35.325251,87
S_STR00907,S_U0052,S0035,2026-02-09 01:42:17.223256,134
S_STR00908,S_U0004,S0020,2026-02-11 23:06:32.085356,242
S_STR00909,S_U0083,S0025,2026-02-01 09:24:12.651691,98
S_STR00910,S_U0045,S0042,2026-02-27 21:55:56.538631,15
S_STR00911,S_U0084,S0021,2026-03-01 09:26:50.163172,211
S_STR00912,S_U0091,S0036,2026-02-11 15:45:26.934832,136
S_STR00913,S_U0028,S0049,2026-02-07 15:36:10.452357,149
S_STR00914,S_U0032,S0026,2026-02-09 10:30:19.086289,102
S_STR00915,S_U0088,S0044,2026-02-23 09:43:41.634680,101
S_STR00916,S_U0051,S0044,2026-02-04 12:45:52.876407,63
S_STR00917,S_U0022,S0045,2026-02-17 05:14:30.184739,186
S_STR00918,S_U0020,S0044,2026-02-17 20:46:21.846692,41
S_STR00919,S_U0063,S0011,2026-02-07 11:59:37.891423,75
S_STR00920,S_U0047,S0050,2026-02-15 05:47:47.517256,223
S_STR00921,S_U0094,S0045,2026-02-16 11:52:27.946734,50
S_STR00922,S_U0018,S0034,2026-02-06 00:59:59.480983,123
S_STR00923,S_U0012,S0046,2026-02-08 13:51:46.733813,84
S_STR00924,S_U0012,S0016,2026-02-14 17:07:30.455314,197
S_STR00925,S_U0078,S0033,2026-02-23 23:49:33.891659,334
S_STR00926,S_U0029,S0041,2026-02-25 21:56:57.181371,160
S_STR00927,S_U0015,S0047,2026-02-19 09:11:00.719097,55
S_STR00928,S_U0032,S0042,2026-02-12 19:38:35.399116,5
S_STR00929,S_U0081,S0020,2026-02-13 09:57:19.365353,162
S_STR00930,S_U0039,S0040,2026-02-02 17:48:22.899129,26
S_STR00931,S_U0091,S0038,2026-02-22 19:51:38.731064,135
S_STR00932,S_U0001,S0017,2026-02-22 11:46:53.519395,200
S_STR00933,S_U0059,S0043,2026-02-27 18:18:46.962966,155
S_STR00934,S_U0063,S0048,2026-02-23 22:57:39.241892,56
S_STR00935,S_U0009,S0037,2026-01-31 21:34:04.162869,239
S_STR00936,S_U0030,S0043,2026-02-03 11:49:16.203317,185
S_STR00937,S_U0084,S0025,2026-02-04 03:24:47.607560,145
S_STR00938,S_U0023,S0044,2026-01-31 20:16:04.484589,257
S_STR00939,S_U0050,S0023,2026-02-07 03:18:38.596475,20
S_STR00940,S_U0083,S0034,2026-02-14 17:17:42.726035,23
S_STR00941,S_U0016,S0018,2026-02-01 09:53:18.517422,5
S_STR00942,S_U0004,S0044,2026-03-02 08:16:26.589277,18
S_STR00943,S_U0062,S0025,2026-02-20 16:41:07.804561,115
S_STR00944,S_U0030,S0047,2026-02-22 01:46:39.347689,138
S_STR00945,S_U0038,S0030,2026-02-01 05:00:52.711004,271
S_STR00946,S_U0053,S0021,2026-02-15 14:35:28.156862,193
S_STR00947,S_U0052,S0025,2026-02-26 11:19:07.453997,19
S_STR00948,S_U0003,S0025,2026-02-23 14:30:23.647594,121
S_STR00949,S_U0096,S0049,2026-02-16 02:25:04.709781,114
S_STR00950,S_U0017,S0046,2026-02-26 19:56:40.247582,34
S_STR00951,S_U0060,S0028,2026-02-01 23:57:34.149497,146
S_STR00952,S_U0027,S0024,2026-02-18 23:43:15.579770,139
S_STR00953,S_U0077,S0045,2026-02-12 20:44:16.367155,242
S_STR00954,S_U0005,S0030,2026-02-11 15:09:01.255652,42
S_STR00955,S_U0090,S0041,2026-02-25 10:57:07.361687,147
S_STR00956,S_U0070,S0031,2026-02-15 01:34:27.855662,46
S_STR00957,S_U0070,S0021,2026-02-23 03:14:35.405890,141
S_STR00958,S_U0034,S0030,2026-02-15 02:05:28.397521,78
S_STR00959,S_U0062,S0023,2026-02-03 20:30:23.327978,74
S_STR00960,S_U0014,S0049,2026-02-28 22:08:54.208001,68
S_STR00961,S_U0023,S0045,2026-02-25 16:34:43.436695,29
S_STR00962,S_U0073,S0039,2026-02-06 18:52:58.247832,61
S_STR00963,S_U0035,S0020,2026-02-10 21:01:53.868884,63
S_STR00964,S_U0002,S0032,2026-02-11 15:33:14.671162,138
S_STR00965,S_U0087,S0036,2026-02-18 10:02:27.949354,89
S_STR00966,S_U0025,S0006,2026-02-02 01:24:39.800130,284
S_STR00967,S_U0037,S0049,2026-02-10 01:13:56.033130,30
S_STR00968,S_U0088,S0041,2026-02-22 22:51:55.331659,22
S_STR00969,S_U0094,S0023,2026-02-15 10:25:47.372520,43
S_STR00970,S_U0048,S0020,2026-02-09 02:03:25.796923,27
S_STR00971,S_U0094,S0009,2026-02-23 21:32:20.332822,39
S_STR00972,S_U0086,S0008,2026-02-09 09:10:50.771716,71
S_STR00973,S_U0100,S0046,2026-02-07 04:17:29.209041,88
S_STR00974,S_U0001,S0016,2026-02-11 03:05:59.589677,26
S_STR00975,S_U0083,S0041,2026-02-08 02:44:32.192860,49
S_STR00976,S_U0004,S0039,2026-02-22 18:51:38.666551,140
S_STR00977,S_U0100,S0024,2026-02-25 05:50:29.681224,67
S_STR00978,S_U0069,S0049,2026-02-15 19:38:58.974184,42
S_STR00979,S_U0050,S0014,2026-02-03 12:04:06.750042,177
S_STR00980,S_U0044,S0043,2026-02-10 04:35:30.086925,20
S_STR00981,S_U0009,S0050,2026-02-17 23:19:28.102624,52
S_STR00982,S_U0063,S0043,2026-02-21 05:40:25.720477,126
S_STR00983,S_U0018,S0040,2026-02-21 07:25:52.730901,101
S_STR00984,S_U0062,S0044,2026-02-21 20:24:49.330519,235
S_STR00985,S_U0014,S0033,2026-02-08 15:34:21.856250,254
S_STR00986,S_U0012,S0035,2026-02-24 16:27:35.034622,105
S_STR00987,S_U0083,S0026,2026-02-17 21:48:22.810467,35
S_STR00988,S_U0014,S0023,2026-02-01 12:24:52.282842,110
S_STR00989,S_U0074,S0013,2026-02-27 04:13:26.991269,49
S_STR00990,S_U0054,S0037,2026-02-23 18:22:51.714242,62
S_STR00991,S_U0042,S0050,2026-02-15 07:08:03.542013,273
S_STR00992,S_U0036,S0036,2026-02-06 02:42:18.992466,205
S_STR00993,S_U0073,S0044,2026-02-13 11:08:50.650196,195
S_STR00994,S_U0037,S0036,2026-03-01 23:11:22.328585,104
S_STR00995,S_U0031,S0049,2026-02-08 11:16:10.736485,126
S_STR00996,S_U0097,S0013,2026-02-08 10:07:09.639185,174
S_STR00997,S_U0028,S0050,2026-02-25 00:18:23.146136,197
S_STR00998,S_U0084,S0026,2026-02-27 20:58:57.927935,145
S_STR00999,S_U0032,S0016,2026-02-13 10:30:08.044126,141
S_STR01000,S_U0015,S0049,2026-02-12 20:35:21.166659,185
S_STR01001,S_U0093,S0045,2026-02-06 18:52:08.960069,60
S_STR01002,S_U0037,S0027,2026-02-16 16:51:58.336910,72
S_STR01003,S_U0009,S0039,2026-02-12 20:12:29.056465,126
S_STR01004,S_U0086,S0017,2026-02-24 18:37:59.326848,78
S_STR01005,S_U0023,S0007,2026-02-14 19:59:47.494409,39
S_STR01006,S_U0060,S0020,2026-02-02 02:49:25.381412,225
S_STR01007,S_U0001,S0020,2026-01-31 15:43:51.432267,24
S_STR01008,S_U0012,S0026,2026-02-17 23:18:04.663300,65
S_STR01009,S_U0024,S0023,2026-02-06 16:33:33.219547,124
S_STR01010,S_U0063,S0049,2026-03-01 13:53:13.356272,217
S_STR01011,S_U0002,S0046,2026-02-17 03:10:22.645169,24
S_STR01012,S_U0001,S0023,2026-03-02 10:09:16.004050,130
S_STR01013,S_U0095,S0042,2026-02-28 08:25:03.163772,106
S_STR01014,S_U0038,S0045,2026-02-15 21:48:12.891571,159
S_STR01015,S_U0004,S0045,2026-02-25 08:25:20.910137,138
S_STR01016,S_U0053,S0031,2026-02-19 13:48:41.288738,91
S_STR01017,S_U0099,S0047,2026-02-24 07:23:27.766400,7
S_STR01018,S_U0024,S0020,2026-02-02 10:16:41.627055,42
S_STR01019,S_U0095,S0036,2026-02-24 10:23:48.349262,219
S_STR01020,S_U0079,S0020,2026-02-16 17:45:13.916818,19
S_STR01021,S_U0037,S0048,2026-02-04 02:25:12.629916,64
S_STR01022,S_U0066,S0049,2026-02-15 02:27:58.701046,16
S_STR01023,S_U0094,S0012,2026-02-04 21:27:26.827921,160
S_STR01024,S_U0083,S0043,2026-02-04 21:11:05.933675,89
S_STR01025,S_U0017,S0037,2026-02-20 17:01:17.320050,229
S_STR01026,S_U0087,S0019,2026-02-05 13:03:13.517817,161
S_STR01027,S_U0060,S0032,2026-03-02 06:47:32.200246,270
S_STR01028,S_U0011,S0029,2026-02-08 21:32:36.499217,159
S_STR01029,S_U0058,S0036,2026-02-26 02:24:00.588457,72
S_STR01030,S_U0090,S0008,2026-02-07 16:22:43.431344,228
S_STR01031,S_U0023,S0042,2026-02-19 01:28:31.344140,219
S_STR01032,S_U0015,S0040,2026-02-27 03:41:05.840076,94
S_STR01033,S_U0047,S0048,2026-02-19 01:26:30.760799,7
S_STR01034,S_U0018,S0046,2026-02-17 23:52:32.066395,96
S_STR01035,S_U0048,S0050,2026-02-11 01:30:43.803561,214
S_STR01036,S_U0021,S0020,2026-02-21 17:31:09.661473,46
S_STR01037,S_U0097,S0027,2026-02-24 12:02:05.541626,78
S_STR01038,S_U0081,S0050,2026-02-17 13:06:04.141518,185
S_STR01039,S_U0099,S0025,2026-02-25 11:08:59.202103,124
S_STR01040,S_U0018,S0042,2026-02-22 08:32:16.691967,191
S_STR01041,S_U0064,S0030,2026-02-15 09:51:19.174083,36
S_STR01042,S_U0008,S0027,2026-03-02 03:09:34.419916,33
S_STR01043,S_U0014,S0047,2026-02-03 06:45:51.247936,138
S_STR01044,S_U0056,S0043,2026-02-10 06:45:24.030833,192
S_STR01045,S_U0090,S0020,2026-02-19 07:43:14.399538,85
S_STR01046,S_U0021,S0028,2026-02-07 16:31:02.136128,14
S_STR01047,S_U0087,S0039,2026-02-18 11:29:06.971624,103
S_STR01048,S_U0078,S0046,2026-02-09 15:54:35.686846,43
S_STR01049,S_U0006,S0015,2026-02-25 16:33:52.060410,203
S_STR01050,S_U0089,S0023,2026-02-12 08:18:00.573265,74
S_STR01051,S_U0011,S0037,2026-02-20 11:05:04.729774,161
S_STR01052,S_U0077,S0036,2026-02-09 01:35:18.528217,196
S_STR01053,S_U0069,S0022,2026-02-22 11:03:18.694988,311
S_STR01054,S_U0064,S0045,2026-02-21 17:11:44.817947,208
S_STR01055,S_U0030,S0035,2026-02-22 15:02:28.918779,78
S_STR01056,S_U0081,S0023,2026-02-05 00:32:12.271868,70
S_STR01057,S_U0085,S0048,2026-02-12 13:55:18.026860,126
S_STR01058,S_U0083,S0035,2026-02-01 21:09:45.783115,73
S_STR01059,S_U0034,S0028,2026-02-19 02:24:25.755931,94
S_STR01060,S_U0061,S0035,2026-02-26 22:07:01.418316,43
S_STR01061,S_U0077,S0024,2026-02-23 10:28:20.830808,82
S_STR01062,S_U0044,S0041,2026-02-08 22:54:07.374103,50
S_STR01063,S_U0018,S0017,2026-02-09 22:59:52.551023,131
S_STR01064,S_U0004,S0044,2026-02-02 14:13:36.208897,266
S_STR01065,S_U0071,S0025,2026-02-12 06:39:12.951812,86
S_STR01066,S_U0089,S0029,2026-03-02 05:23:55.714800,41
S_STR01067,S_U0054,S0049,2026-02-16 15:54:32.859968,92
S_STR01068,S_U0008,S0040,2026-02-18 06:17:17.205839,21
S_STR01069,S_U0075,S0019,2026-02-01 17:36:56.015380,30
S_STR01070,S_U0048,S0012,2026-02-02 00:36:27.248062,237
S_STR01071,S_U0027,S0032,2026-02-23 12:25:38.352213,142
S_STR01072,S_U0097,S0028,2026-02-22 11:12:53.377455,42
S_STR01073,S_U0013,S0026,2026-02-24 04:22:09.593148,188
S_STR01074,S_U0092,S0008,2026-02-19 19:58:09.796969,212
S_STR01075,S_U0042,S0046,2026-02-06 19:20:22.060396,103
S_STR01076,S_U0047,S0048,2026-02-09 19:35:08.737567,115
S_STR01077,S_U0006,S0043,2026-02-12 14:45:36.419050,86
S_STR01078,S_U0013,S0041,2026-02-25 09:45:39.582935,99
S_STR01079,S_U0040,S0015,2026-03-01 01:06:22.907973,26
S_STR01080,S_U0004,S0036,2026-02-13 23:43:54.829905,141
S_STR01081,S_U0032,S0026,2026-02-24 09:31:26.119997,89
S_STR01082,S_U0028,S0047,2026-02-20 02:18:23.132173,10
S_STR01083,S_U0023,S0023,2026-02-17 12:27:41.721624,55
S_STR01084,S_U0100,S0050,2026-02-05 11:33:54.911703,175
S_STR01085,S_U0079,S0044,2026-02-21 14:30:35.217398,324
S_STR01086,S_U0048,S0050,2026-02-09 06:08:08.322929,209
S_STR01087,S_U0016,S0033,2026-01-31 21:30:39.401326,34
S_STR01088,S_U0075,S0039,2026-02-01 17:05:29.506511,185
S_STR01089,S_U0085,S0048,2026-02-12 06:28:03.696254,5
S_STR01090,S_U0064,S0023,2026-02-13 06:28:39.741357,104
S_STR01091,S_U0005,S0033,2026-02-09 23:17:43.640510,17
S_STR01092,S_U0035,S0040,2026-02-20 02:04:17.450731,255
S_STR01093,S_U0082,S0037,2026-02-12 18:44:14.182022,55
S_STR01094,S_U0006,S0040,2026-02-07 01:39:17.576050,198
S_STR01095,S_U0029,S0049,2026-02-03 15:44:18.527910,66
S_STR01096,S_U0063,S0043,2026-02-22 08:28:43.690162,13
S_STR01097,S_U0070,S0041,2026-02-15 18:12:44.031717,65
S_STR01098,S_U0053,S0041,2026-02-26 07:57:21.939948,159
S_STR01099,S_U0017,S0042,2026-02-23 23:56:53.767734,178
S_STR01100,S_U0062,S0016,2026-02-18 03:53:16.726998,156
S_STR01101,S_U0005,S0030,2026-02-13 11:07:48.653813,102
S_STR01102,S_U0079,S0047,2026-02-26 03:20:01.163073,66
S_STR01103,S_U0012,S0050,2026-02-14 01:23:27.262046,296
S_STR01104,S_U0082,S0033,2026-02-25 14:56:42.876020,52
S_STR01105,S_U0041,S0030,2026-02-19 14:18:27.333806,272
S_STR01106,S_U0030,S0043,2026-02-10 19:41:07.157212,195
S_STR01107,S_U0080,S0050,2026-02-04 15:06:07.560344,212
S_STR01108,S_U0047,S0027,2026-02-03 07:30:08.210868,34
S_STR01109,S_U0054,S0027,2026-02-11 03:23:12.053284,119
S_STR01110,S_U0046,S0043,2026-02-06 11:50:49.206885,133
S_STR01111,S_U0023,S0007,2026-02-15 23:01:26.236183,70
S_STR01112,S_U0043,S0020,2026-02-14 12:03:15.863543,248
S_STR01113,S_U0005,S0022,2026-02-21 13:37:34.202197,267
S_STR01114,S_U0088,S0021,2026-02-05 07:40:07.091854,91
S_STR01115,S_U0021,S0030,2026-02-05 02:33:48.687908,97
S_STR01116,S_U0022,S0046,2026-02-03 07:18:07.360622,117
S_STR01117,S_U0058,S0041,2026-02-19 03:07:29.929964,35
S_STR01118,S_U0075,S0034,2026-02-14 13:29:36.751794,16
S_STR01119,S_U0031,S0038,2026-02-11 19:58:00.687267,26
S_STR01120,S_U0021,S0027,2026-02-18 11:04:41.554541,29
S_STR01121,S_U0075,S0049,2026-02-21 20:09:05.336040,72
S_STR01122,S_U0025,S0049,2026-02-18 19:47:44.588827,73
S_STR01123,S_U0071,S0050,2026-02-02 17:58:17.052818,248
S_STR01124,S_U0079,S0039,2026-02-16 13:40:41.696980,141
S_STR01125,S_U0050,S0019,2026-02-28 13:01:23.237847,42
S_STR01126,S_U0025,S0046,2026-02-03 08:41:56.929801,125
S_STR01127,S_U0099,S0042,2026-02-13 12:27:58.373867,167
S_STR01128,S_U0016,S0011,2026-02-12 08:52:36.955938,27
S_STR01129,S_U0050,S0021,2026-02-21 22:28:02.091784,152
S_STR01130,S_U0010,S0012,2026-01-31 19:38:01.207151,277
S_STR01131,S_U0048,S0050,2026-02-27 01:29:22.363808,177
S_STR01132,S_U0027,S0020,2026-02-16 08:47:11.345885,175
S_STR01133,S_U0034,S0043,2026-02-02 21:23:48.986435,37
S_STR01134,S_U0082,S0026,2026-02-02 01:54:01.390059,15
S_STR01135,S_U0097,S0048,2026-02-14 13:39:18.036030,44
S_STR01136,S_U0046,S0035,2026-02-08 10:18:53.171119,112
S_STR01137,S_U0070,S0050,2026-02-22 06:07:06.277220,20
S_STR01138,S_U0071,S0044,2026-02-22 23:12:44.739103,267
S_STR01139,S_U0079,S0040,2026-02-11 07:23:14.068868,102
S_STR01140,S_U0062,S0024,2026-02-28 08:00:59.212624,205
S_STR01141,S_U0050,S0049,2026-02-14 11:44:02.301258,208
S_STR01142,S_U0019,S0020,2026-02-23 16:09:19.303346,67
S_STR01143,S_U0045,S0022,2026-02-21 04:37:04.326667,248
S_STR01144,S_U0059,S0027,2026-02-18 00:14:01.241992,68
S_STR01145,S_U0043,S0029,2026-02-04 11:52:35.650073,21
S_STR01146,S_U0028,S0045,2026-02-13 19:50:34.203537,95
S_STR01147,S_U0035,S0021,2026-03-02 01:09:31.259946,147
S_STR01148,S_U0088,S0043,2026-02-21 22:24:06.463866,154
S_STR01149,S_U0040,S0044,2026-02-17 13:52:44.610769,139
S_STR01150,S_U0091,S0027,2026-02-23 00:34:41.640056,88
S_STR01151,S_U0075,S0042,2026-02-09 19:59:15.165686,201
S_STR01152,S_U0058,S0039,2026-02-14 19:52:53.537072,57
S_STR01153,S_U0039,S0024,2026-02-04 02:05:42.835081,38
S_STR01154,S_U0032,S0036,2026-02-06 15:39:53.324348,212
S_STR01155,S_U0030,S0045,2026-02-04 00:28:40.339977,246
S_STR01156,S_U0034,S0032,2026-02-05 21:48:48.167421,136
S_STR01157,S_U0092,S0024,2026-02-16 15:24:51.129415,78
S_STR01158,S_U0054,S0014,2026-02-05 05:09:55.983890,99
S_STR01159,S_U0099,S0050,2026-02-03 11:40:24.544145,294
S_STR01160,S_U0070,S0005,2026-03-01 23:14:51.595919,7
S_STR01161,S_U0024,S0011,2026-02-12 18:29:55.586252,93
S_STR01162,S_U0051,S0024,2026-02-21 09:14:24.019073,191
S_STR01163,S_U0034,S0028,2026-02-09 12:37:54.755684,62
S_STR01164,S_U0066,S0050,2026-02-20 15:01:54.636889,23
S_STR01165,S_U0055,S0042,2026-02-04 10:41:28.143107,210
S_STR01166,S_U0061,S0042,2026-02-07 21:13:33.914952,113
S_STR01167,S_U0071,S0042,2026-02-23 18:32:59.350582,137
S_STR01168,S_U0076,S0034,2026-02-06 05:31:54.272966,26
S_STR01169,S_U0031,S0036,2026-02-22 17:55:04.075182,71
S_STR01170,S_U0060,S0029,2026-02-09 22:05:56.315641,164
S_STR01171,S_U0058,S0031,2026-02-09 22:19:18.169040,74
S_STR01172,S_U0080,S0023,2026-02-21 01:26:31.214351,139
S_STR01173,S_U0092,S0014,2026-03-01 04:36:26.122144,211
S_STR01174,S_U0089,S0030,2026-02-15 19:45:35.541558,21
S_STR01175,S_U0079,S0045,2026-02-27 09:32:41.485143,87
S_STR01176,S_U0070,S0024,2026-02-19 09:39:54.072642,27
S_STR01177,S_U0063,S0041,2026-02-27 17:56:19.342431,34
S_STR01178,S_U0088,S0028,2026-02-15 00:41:00.863815,120
S_STR01179,S_U0053,S0038,2026-02-11 04:55:12.413082,35
S_STR01180,S_U0051,S0026,2026-02-05 12:27:55.162624,8
S_STR01181,S_U0008,S0020,2026-02-20 04:07:23.051432,150
S_STR01182,S_U0066,S0030,2026-02-23 03:00:19.021458,174
S_STR01183,S_U0040,S0048,2026-02-21 04:09:07.982818,31
S_STR01184,S_U0048,S0033,2026-02-25 22:10:57.123543,225
S_STR01185,S_U0046,S0036,2026-02-02 10:21:48.937579,82
S_STR01186,S_U0065,S0021,2026-02-26 11:08:57.078469,79
S_STR01187,S_U0066,S0042,2026-02-25 19:36:46.951836,44
S_STR01188,S_U0007,S0018,2026-02-09 03:59:55.802916,152
S_STR01189,S_U0022,S0044,2026-02-24 03:41:03.520411,159
S_STR01190,S_U0007,S0046,2026-02-17 06:38:45.843986,52
S_STR01191,S_U0038,S0037,2026-02-14 00:12:04.488166,186
S_STR01192,S_U0065,S0026,2026-02-12 11:30:05.930647,143
S_STR01193,S_U0060,S0023,2026-02-27 12:03:30.418892,30
S_STR01194,S_U0026,S0036,2026-02-03 04:20:18.413797,153
S_STR01195,S_U0046,S0028,2026-02-03 04:24:51.616817,111
S_STR01196,S_U0001,S0049,2026-02-02 19:56:51.994187,10
S_STR01197,S_U0051,S0015,2026-02-07 06:29:08.655663,130
S_STR01198,S_U0067,S0045,2026-01-31 23:32:57.999373,19
S_STR01199,S_U0024,S0047,2026-02-22 07:21:22.767147,21
S_STR01200,S_U0064,S0046,2026-02-07 10:47:19.288620,24
S_STR01201,S_U0062,S0047,2026-02-04 07:31:10.884000,79
S_STR01202,S_U0038,S0007,2026-02-21 22:19:22.192231,154
S_STR01203,S_U0033,S0048,2026-02-07 14:35:22.994564,26
S_STR01204,S_U0053,S0045,2026-02-12 10:27:01.796117,235
S_STR01205,S_U0075,S0041,2026-02-16 21:46:00.609766,26
S_STR01206,S_U0054,S0030,2026-02-09 08:19:16.909487,206
S_STR01207,S_U0028,S0017,2026-02-05 15:55:42.075285,70
S_STR01208,S_U0062,S0034,2026-02-10 10:01:00.422183,85
S_STR01209,S_U0046,S0048,2026-02-27 12:59:04.906077,35
S_STR01210,S_U0090,S0046,2026-02-18 04:14:43.437873,105
S_STR01211,S_U0072,S0016,2026-02-04 13:31:50.161177,119
S_STR01212,S_U0082,S0042,2026-02-10 16:13:37.068341,132
S_STR01213,S_U0091,S0042,2026-02-01 13:27:11.753958,139
S_STR01214,S_U0064,S0022,2026-02-11 15:33:27.987450,151
S_STR01215,S_U0050,S0022,2026-02-06 00:26:03.223668,215
S_STR01216,S_U0010,S0034,2026-02-19 05:24:14.422383,57
S_STR01217,S_U0079,S0037,2026-02-13 13:01:08.223496,223
S_STR01218,S_U0075,S0013,2026-02-03 23:22:24.439461,222
S_STR01219,S_U0014,S0043,2026-02-18 07:57:08.014414,62
S_STR01220,S_U0065,S0045,2026-02-27 14:22:54.614513,222
S_STR01221,S_U0100,S0022,2026-02-07 23:19:13.007708,19
S_STR01222,S_U0094,S0036,2026-02-18 23:14:44.247727,215
S_STR01223,S_U0053,S0045,2026-02-09 00:41:28.782207,94
S_STR01224,S_U0001,S0034,2026-02-22 12:17:20.519361,101
S_STR01225,S_U0025,S0050,2026-02-01 05:11:19.739276,153
S_STR01226,S_U0034,S0031,2026-02-26 01:33:20.937251,9
S_STR01227,S_U0094,S0030,2026-02-23 19:43:30.328188,15
S_STR01228,S_U0009,S0045,2026-02-15 00:34:26.931545,208
S_STR01229,S_U0068,S0047,2026-02-13 23:22:49.151464,80
S_STR01230,S_U0074,S0050,2026-02-28 15:53:02.026005,16
S_STR01231,S_U0059,S0049,2026-03-02 01:43:17.619471,97
S_STR01232,S_U0030,S0003,2026-02-20 12:01:07.895255,171
S_STR01233,S_U0028,S0048,2026-02-02 13:01:17.044584,88
S_STR01234,S_U0004,S0050,2026-02-25 07:36:35.844368,135
S_STR01235,S_U0039,S0030,2026-02-09 14:44:50.133119,79
S_STR01236,S_U0026,S0042,2026-02-11 01:51:34.493170,46
S_STR01237,S_U0064,S0019,2026-02-21 06:18:01.740239,121
S_STR01238,S_U0078,S0016,2026-02-25 08:14:39.425856,171
S_STR01239,S_U0081,S0040,2026-02-03 23:58:51.249834,192
S_STR01240,S_U0098,S0045,2026-02-27 06:41:48.023312,138
S_STR01241,S_U0095,S0025,2026-02-06 17:09:53.173645,6
S_STR01242,S_U0088,S0048,2026-02-08 01:52:59.246464,87
S_STR01243,S_U0027,S0027,2026-02-06 16:21:34.483339,103
S_STR01244,S_U0004,S0025,2026-02-03 11:57:11.121705,97
S_STR01245,S_U0055,S0040,2026-02-12 11:30:44.127609,180
S_STR01246,S_U0059,S0047,2026-03-02 09:09:50.214917,47
S_STR01247,S_U0059,S0020,2026-02-17 00:26:40.438085,33
S_STR01248,S_U0092,S0024,2026-02-25 21:45:43.633017,151
S_STR01249,S_U0051,S0029,2026-02-04 13:34:35.066031,256
S_STR01250,S_U0095,S0021,2026-02-21 09:57:20.836659,207
S_STR01251,S_U0067,S0006,2026-02-08 22:44:09.229652,91
S_STR01252,S_U0066,S0049,2026-02-09 12:05:22.160733,47
S_STR01253,S_U0019,S0023,2026-02-08 14:51:13.889354,94
S_STR01254,S_U0022,S0037,2026-02-23 09:57:06.096856,132
S_STR01255,S_U0049,S0030,2026-02-07 07:28:34.484152,30
S_STR01256,S_U0099,S0044,2026-02-15 16:49:40.039418,227
S_STR01257,S_U0076,S0032,2026-02-02 23:14:37.005782,288
S_STR01258,S_U0085,S0048,2026-02-24 10:24:03.041700,79
S_STR01259,S_U0096,S0036,2026-02-18 04:36:25.077872,218
S_STR01260,S_U0085,S0045,2026-02-24 03:35:44.784831,190
S_STR01261,S_U0041,S0043,2026-02-02 07:21:42.120549,107
S_STR01262,S_U0037,S0044,2026-02-01 14:15:15.352344,68
S_STR01263,S_U0035,S0026,2026-02-16 14:48:05.420383,16
S_STR01264,S_U0002,S0049,2026-02-03 08:36:44.516198,161
S_STR01265,S_U0049,S0015,2026-02-20 02:34:56.344647,171
S_STR01266,S_U0008,S0012,2026-02-15 11:54:47.135201,253
S_STR01267,S_U0011,S0027,2026-02-21 21:44:30.361494,78
S_STR01268,S_U0071,S0031,2026-02-19 20:01:40.921924,146
S_STR01269,S_U0042,S0029,2026-02-11 16:20:28.812691,45
S_STR01270,S_U0004,S0016,2026-02-11 06:12:20.199612,205
S_STR01271,S_U0033,S0045,2026-02-24 21:25:29.128969,123
S_STR01272,S_U0072,S0045,2026-02-06 16:04:14.230138,173
S_STR01273,S_U0005,S0044,2026-02-02 19:38:39.727318,294
S_STR01274,S_U0009,S0011,2026-02-19 16:15:20.828427,118
S_STR01275,S_U0059,S0049,2026-02-10 07:30:34.064041,40
S_STR01276,S_U0002,S0041,2026-02-05 03:29:03.912345,19
S_STR01277,S_U0093,S0027,2026-02-17 23:20:02.925370,11
S_STR01278,S_U0073,S0044,2026-02-26 12:23:25.570314,29
S_STR01279,S_U0087,S0035,2026-02-23 17:24:31.485941,21
S_STR01280,S_U0033,S0008,2026-02-27 13:17:33.166897,223
S_STR01281,S_U0093,S0036,2026-02-18 08:25:11.392995,224
S_STR01282,S_U0050,S0022,2026-02-10 13:57:04.538213,156
S_STR01283,S_U0037,S0042,2026-02-16 03:57:19.246845,196
S_STR01284,S_U0041,S0033,2026-02-26 16:01:34.884879,258
S_STR01285,S_U0054,S0042,2026-03-01 13:37:32.191401,56
S_STR01286,S_U0048,S0033,2026-02-15 23:26:11.280797,215
S_STR01287,S_U0100,S0034,2026-02-06 02:59:35.030153,54
S_STR01288,S_U0088,S0043,2026-02-17 12:23:10.997334,106
S_STR01289,S_U0074,S0020,2026-02-07 20:19:05.684672,76
S_STR01290,S_U0010,S0047,2026-02-15 07:49:17.267804,111
S_STR01291,S_U0093,S0043,2026-03-02 00:48:21.994163,114
S_STR01292,S_U0078,S0042,2026-02-06 20:13:18.610829,95
S_STR01293,S_U0014,S0030,2026-02-24 01:07:45.821465,235
S_STR01294,S_U0063,S0043,2026-02-10 02:29:24.342003,13
S_STR01295,S_U0070,S0049,2026-02-27 15:19:29.857406,64
S_STR01296,S_U0064,S0027,2026-02-01 21:43:16.029328,16
S_STR01297,S_U0091,S0042,2026-03-01 09:42:36.530594,165
S_STR01298,S_U0092,S0015,2026-02-20 12:06:08.938294,161
S_STR01299,S_U0032,S0019,2026-02-01 10:22:40.534025,169
S_STR01300,S_U0009,S0050,2026-02-01 11:27:48.807672,134
S_STR01301,S_U0099,S0029,2026-02-06 22:47:31.964630,45
S_STR01302,S_U0015,S0031,2026-02-11 02:20:03.644476,78
S_STR01303,S_U0002,S0025,2026-02-05 09:46:42.832721,27
S_STR01304,S_U0027,S0011,2026-02-22 14:32:00.740988,193
S_STR01305,S_U0042,S0036,2026-02-04 22:18:14.852648,70
S_STR01306,S_U0006,S0050,2026-02-18 16:53:39.222767,196
S_STR01307,S_U0023,S0050,2026-02-08 10:26:56.554212,27
S_STR01308,S_U0077,S0038,2026-02-25 01:09:46.076577,107
S_STR01309,S_U0015,S0042,2026-02-05 09:07:25.794137,24
S_STR01310,S_U0044,S0039,2026-02-13 18:29:23.875832,47
S_STR01311,S_U0031,S0032,2026-02-09 17:16:54.722713,56
S_STR01312,S_U0065,S0021,2026-02-02 05:02:22.886297,6
S_STR01313,S_U0062,S0045,2026-02-15 15:59:26.420427,79
S_STR01314,S_U0063,S0046,2026-02-27 12:13:15.658159,109
S_STR01315,S_U0080,S0042,2026-02-03 14:19:33.569996,42
S_STR01316,S_U0073,S0050,2026-02-24 07:55:45.248317,178
S_STR01317,S_U0034,S0045,2026-02-26 08:23:39.666274,98
S_STR01318,S_U0003,S0039,2026-02-04 07:17:25.009098,183
S_STR01319,S_U0044,S0033,2026-02-12 12:20:01.613647,297
S_STR01320,S_U0097,S0043,2026-02-14 20:32:11.332503,139
S_STR01321,S_U0090,S0042,2026-03-02 00:26:54.808479,196
S_STR01322,S_U0051,S0046,2026-02-01 21:42:54.839841,80
S_STR01323,S_U0012,S0025,2026-02-14 06:02:19.227425,124
S_STR01324,S_U0015,S0014,2026-02-26 03:13:36.569319,154
S_STR01325,S_U0097,S0036,2026-02-02 23:02:50.283369,115
S_STR01326,S_U0003,S0041,2026-02-21 22:25:17.693752,73
S_STR01327,S_U0085,S0027,2026-02-07 04:50:11.156057,148
S_STR01328,S_U0089,S0027,2026-02-12 01:20:59.830097,45
S_STR01329,S_U0016,S0039,2026-02-24 20:35:13.392127,99
S_STR01330,S_U0050,S0024,2026-02-25 10:49:24.602896,70
S_STR01331,S_U0012,S0028,2026-02-09 11:12:38.739754,158
S_STR01332,S_U0072,S0028,2026-02-08 08:04:14.984314,105
S_STR01333,S_U0024,S0005,2026-02-05 11:32:45.896590,67
S_STR01334,S_U0030,S0031,2026-02-11 04:44:58.392662,74
S_STR01335,S_U0049,S0044,2026-02-09 09:10:17.838889,136
S_STR01336,S_U0029,S0043,2026-02-17 11:54:10.661818,155
S_STR01337,S_U0093,S0041,2026-02-12 09:42:02.334496,142
S_STR01338,S_U0021,S0046,2026-02-18 13:09:07.671755,29
S_STR01339,S_U0051,S0006,2026-02-22 22:14:49.969466,254
S_STR01340,S_U0100,S0034,2026-02-26 23:10:25.470076,41
S_STR01341,S_U0029,S0021,2026-02-06 05:40:31.620784,60
S_STR01342,S_U0083,S0041,2026-02-16 03:47:04.781958,157
S_STR01343,S_U0079,S0040,2026-02-15 19:51:44.783206,214
S_STR01344,S_U0017,S0044,2026-02-26 03:18:47.993997,230
S_STR01345,S_U0031,S0035,2026-02-23 08:05:52.102698,76
S_STR01346,S_U0091,S0037,2026-02-01 12:12:03.987624,133
S_STR01347,S_U0013,S0030,2026-02-04 12:47:46.554756,83
S_STR01348,S_U0086,S0031,2026-02-15 22:45:13.819345,26
S_STR01349,S_U0021,S0049,2026-02-11 16:39:45.297382,87
S_STR01350,S_U0053,S0046,2026-02-17 00:31:05.077933,37
S_STR01351,S_U0084,S0004,2026-02-01 05:08:56.990540,60
S_STR01352,S_U0094,S0001,2026-02-28 11:48:19.088129,170
S_STR01353,S_U0091,S0033,2026-02-24 12:40:37.749062,254
S_STR01354,S_U0091,S0034,2026-02-01 11:28:13.264241,51
S_STR01355,S_U0026,S0024,2026-02-18 08:17:01.711084,157
S_STR01356,S_U0021,S0035,2026-02-08 11:21:03.002893,64
S_STR01357,S_U0021,S0040,2026-02-06 13:44:51.158585,152
S_STR01358,S_U0046,S0033,2026-02-12 16:32:38.879806,178
S_STR01359,S_U0083,S0044,2026-02-19 19:13:14.153365,340
S_STR01360,S_U0070,S0027,2026-02-19 14:00:17.175775,14
S_STR01361,S_U0010,S0038,2026-02-28 13:27:13.524718,85
S_STR01362,S_U0079,S0037,2026-02-25 06:02:37.991452,121
S_STR01363,S_U0018,S0026,2026-02-04 02:15:47.662676,93
S_STR01364,S_U0072,S0043,2026-02-10 22:58:05.806484,109
S_STR01365,S_U0026,S0036,2026-02-19 03:53:57.343680,126
S_STR01366,S_U0025,S0048,2026-02-13 11:49:10.514958,30
S_STR01367,S_U0022,S0036,2026-02-24 19:55:14.932194,191
S_STR01368,S_U0041,S0018,2026-02-23 01:15:59.577284,23
S_STR01369,S_U0035,S0049,2026-02-02 04:23:45.551691,116
S_STR01370,S_U0054,S0046,2026-02-03 18:26:05.362547,51
S_STR01371,S_U0016,S0050,2026-02-20 00:47:06.483399,172
S_STR01372,S_U0035,S0024,2026-02-16 01:31:50.910013,158
S_STR01373,S_U0090,S0020,2026-02-08 15:22:20.506066,242
S_STR01374,S_U0061,S0035,2026-01-31 12:38:37.532944,92
S_STR01375,S_U0013,S0040,2026-02-27 15:15:56.061475,68
S_STR01376,S_U0027,S0050,2026-02-01 03:32:41.435396,239
S_STR01377,S_U0002,S0015,2026-02-20 08:09:47.985480,98
S_STR01378,S_U0086,S0049,2026-02-24 10:47:29.975715,106
S_STR01379,S_U0026,S0041,2026-02-17 10:28:52.208436,160
S_STR01380,S_U0027,S0026,2026-02-22 21:49:40.259394,26
S_STR01381,S_U0008,S0046,2026-03-01 16:52:16.868238,104
S_STR01382,S_U0004,S0047,2026-02-19 06:29:48.113958,32
S_STR01383,S_U0003,S0028,2026-02-22 08:20:12.329588,183
S_STR01384,S_U0058,S0039,2026-02-19 15:15:53.159593,84
S_STR01385,S_U0088,S0015,2026-02-03 22:26:26.414595,19
S_STR01386,S_U0029,S0033,2026-03-01 15:05:03.884506,330
S_STR01387,S_U0030,S0022,2026-02-04 01:37:25.314759,341
S_STR01388,S_U0028,S0041,2026-02-01 13:04:44.611951,126
S_STR01389,S_U0054,S0043,2026-02-11 22:43:52.454660,132
S_STR01390,S_U0035,S0021,2026-02-09 07:44:14.434856,185
S_STR01391,S_U0045,S0039,2026-03-01 02:47:30.295332,40
S_STR01392,S_U0068,S0011,2026-02-02 11:43:37.299011,131
S_STR01393,S_U0015,S0023,2026-02-19 15:34:17.090114,27
S_STR01394,S_U0072,S0041,2026-02-20 02:03:38.239001,22
S_STR01395,S_U0018,S0031,2026-02-20 21:10:22.033015,64
S_STR01396,S_U0080,S0048,2026-02-26 15:35:09.452991,114
S_STR01397,S_U0075,S0037,2026-02-28 19:15:47.121116,45
S_STR01398,S_U0040,S0045,2026-02-22 18:59:49.631465,61
S_STR01399,S_U0023,S0024,2026-02-21 20:49:53.807524,180
S_STR01400,S_U0027,S0045,2026-02-05 23:00:48.553146,87
S_STR01401,S_U0093,S0047,2026-02-03 22:14:58.391335,82
S_STR01402,S_U0021,S0049,2026-02-16 20:11:12.953962,58
S_STR01403,S_U0044,S0047,2026-02-18 22:47:19.999501,67
S_STR01404,S_U0090,S0047,2026-02-23 21:32:29.815951,78
S_STR01405,S_U0023,S0022,2026-02-28 21:33:26.130510,248
S_STR01406,S_U0067,S0046,2026-02-05 19:50:23.786123,117
S_STR01407,S_U0097,S0044,2026-02-13 13:23:22.872451,88
S_STR01408,S_U0025,S0042,2026-02-11 11:36:46.480414,200
S_STR01409,S_U0015,S0028,2026-02-17 13:34:12.120452,144
S_STR01410,S_U0099,S0019,2026-02-27 04:42:22.845240,92
S_STR01411,S_U0093,S0050,2026-02-25 10:06:36.552639,227
S_STR01412,S_U0087,S0030,2026-02-22 17:46:09.607889,179
S_STR01413,S_U0017,S0050,2026-02-03 16:03:03.342160,199
S_STR01414,S_U0034,S0024,2026-02-20 08:49:40.115443,190
S_STR01415,S_U0009,S0022,2026-02-21 06:09:38.576695,236
S_STR01416,S_U0056,S0049,2026-02-03 16:36:33.967030,20
S_STR01417,S_U0051,S0041,2026-02-25 01:04:26.858189,13
S_STR01418,S_U0089,S0038,2026-02-02 21:23:33.221359,57
S_STR01419,S_U0079,S0041,2026-01-31 14:36:22.574505,148
S_STR01420,S_U0056,S0023,2026-02-09 21:11:23.332740,125
S_STR01421,S_U0019,S0046,2026-02-21 20:06:39.463643,75
S_STR01422,S_U0035,S0050,2026-02-02 23:36:10.173744,280
S_STR01423,S_U0081,S0049,2026-02-19 22:55:52.732788,153
S_STR01424,S_U0042,S0045,2026-02-28 21:33:15.302336,105
S_STR01425,S_U0071,S0011,2026-02-16 22:33:33.068120,5
S_STR01426,S_U0062,S0006,2026-03-01 13:03:36.624221,79
S_STR01427,S_U0016,S0005,2026-02-22 00:39:17.899397,43
S_STR01428,S_U0079,S0032,2026-02-04 14:38:30.498918,26
S_STR01429,S_U0029,S0021,2026-02-27 17:12:16.091468,53
S_STR01430,S_U0028,S0048,2026-02-04 17:50:31.850547,80
S_STR01431,S_U0060,S0022,2026-02-19 23:26:23.338214,248
S_STR01432,S_U0078,S0026,2026-02-16 16:51:31.549755,153
S_STR01433,S_U0076,S0047,2026-02-04 21:35:05.373640,48
S_STR01434,S_U0054,S0027,2026-02-17 23:29:38.903924,62
S_STR01435,S_U0053,S0031,2026-02-24 23:00:23.670699,125
S_STR01436,S_U0094,S0014,2026-02-16 04:06:49.875437,170
S_STR01437,S_U0084,S0041,2026-02-15 09:14:58.713351,95
S_STR01438,S_U0011,S0009,2026-02-24 22:53:18.881841,6
S_STR01439,S_U0044,S0014,2026-02-24 13:43:53.172529,73
S_STR01440,S_U0023,S0025,2026-02-02 15:13:45.506058,32
S_STR01441,S_U0035,S0038,2026-02-02 07:53:45.850335,24
S_STR01442,S_U0070,S0011,2026-02-07 15:14:35.692988,99
S_STR01443,S_U0013,S0047,2026-02-05 14:23:38.587633,168
S_STR01444,S_U0059,S0019,2026-02-24 10:26:11.612732,157
S_STR01445,S_U0071,S0041,2026-02-27 00:54:45.073908,148
S_STR01446,S_U0094,S0049,2026-02-28 06:45:29.850636,69
S_STR01447,S_U0032,S0027,2026-02-22 14:48:01.903215,32
S_STR01448,S_U0037,S0032,2026-02-26 10:13:01.532440,263
S_STR01449,S_U0090,S0046,2026-02-07 13:12:39.600342,96
S_STR01450,S_U0078,S0047,2026-02-24 21:22:00.976993,116
S_STR01451,S_U0056,S0046,2026-02-19 14:23:21.851821,62
S_STR01452,S_U0018,S0041,2026-03-01 09:27:41.956395,14
S_STR01453,S_U0073,S0039,2026-02-07 08:24:26.094904,121
S_STR01454,S_U0086,S0028,2026-02-12 21:18:40.623831,16
S_STR01455,S_U0087,S0039,2026-02-07 08:55:19.459400,150
S_STR01456,S_U0073,S0044,2026-02-22 20:58:26.887430,330
S_STR01457,S_U0035,S0031,2026-02-06 03:38:03.781915,40
S_STR01458,S_U0014,S0027,2026-02-08 10:35:50.995092,55
S_STR01459,S_U0035,S0025,2026-02-09 16:51:49.484409,18
S_STR01460,S_U0023,S0044,2026-02-05 18:42:48.742464,61
S_STR01461,S_U0027,S0015,2026-02-05 17:09:19.359845,174
S_STR01462,S_U0008,S0031,2026-02-15 19:41:51.111826,80
S_STR01463,S_U0097,S0014,2026-03-01 09:52:33.183242,215
S_STR01464,S_U0062,S0019,2026-02-07 11:24:44.237490,211
S_STR01465,S_U0069,S0048,2026-02-20 07:17:56.218853,59
S_STR01466,S_U0090,S0026,2026-02-15 00:44:53.001969,176
S_STR01467,S_U0094,S0042,2026-02-16 00:06:35.937308,82
S_STR01468,S_U0097,S0046,2026-02-16 04:24:17.123894,31
S_STR01469,S_U0059,S0029,2026-02-21 21:54:16.196120,232
S_STR01470,S_U0023,S0046,2026-02-01 04:27:42.429828,117
S_STR01471,S_U0085,S0033,2026-02-15 01:03:54.041007,45
S_STR01472,S_U0012,S0047,2026-02-06 00:08:56.380728,81
S_STR01473,S_U0017,S0028,2026-02-16 09:02:53.405587,83
S_STR01474,S_U0059,S0038,2026-02-16 16:09:58.131943,34
S_STR01475,S_U0005,S0024,2026-02-06 04:43:45.383641,14
S_STR01476,S_U0079,S0021,2026-02-28 00:48:12.355405,196
S_STR01477,S_U0079,S0043,2026-02-24 08:24:13.701396,8
S_STR01478,S_U0024,S0023,2026-02-10 15:05:47.450378,49
S_STR01479,S_U0067,S0019,2026-02-03 14:52:28.287786,72
S_STR01480,S_U0056,S0033,2026-02-01 15:46:21.147991,147
S_STR01481,S_U0014,S0008,2026-02-24 18:35:15.092425,108
S_STR01482,S_U0028,S0040,2026-02-14 06:08:41.023774,243
S_STR01483,S_U0027,S0037,2026-02-25 15:28:55.978908,113
S_STR01484,S_U0014,S0018,2026-03-01 11:52:05.254136,85
S_STR01485,S_U0076,S0050,2026-02-14 03:47:26.498587,12
S_STR01486,S_U0064,S0041,2026-02-12 01:52:46.639262,87
S_STR01487,S_U0084,S0029,2026-02-10 00:33:59.373516,60
S_STR01488,S_U0078,S0037,2026-02-11 17:20:17.014014,223
S_STR01489,S_U0081,S0050,2026-02-13 12:57:46.208264,182
S_STR01490,S_U0055,S0038,2026-02-01 18:02:28.891724,114
S_STR01491,S_U0065,S0032,2026-02-06 21:51:37.347499,246
S_STR01492,S_U0077,S0021,2026-02-26 03:19:02.222990,212
S_STR01493,S_U0011,S0039,2026-02-25 06:31:14.237178,89
S_STR01494,S_U0012,S0045,2026-02-19 14:42:18.898720,154
S_STR01495,S_U0025,S0038,2026-02-04 10:50:44.548886,110
S_STR01496,S_U0013,S0021,2026-02-27 10:15:43.048179,7
S_STR01497,S_U0073,S0029,2026-02-23 01:32:22.867152,49
S_STR01498,S_U0027,S0039,2026-03-01 22:58:33.741061,166
S_STR01499,S_U0077,S0049,2026-02-17 11:38:33.645091,146
S_STR01500,S_U0011,S0044,2026-02-08 22:44:09.033904,12
S_STR01501,S_U0024,S0039,2026-02-02 23:43:55.972255,45
S_STR01502,S_U0022,S0031,2026-02-21 16:41:44.769284,152
S_STR01503,S_U0043,S0017,2026-01-31 23:29:22.361733,105
S_STR01504,S_U0062,S0038,2026-02-05 21:29:31.813457,120
S_STR01505,S_U0068,S0045,2026-02-13 14:37:20.339257,222
S_STR01506,S_U0029,S0050,2026-02-28 21:17:44.340874,226
S_STR01507,S_U0015,S0014,2026-02-13 02:59:02.801125,79
S_STR01508,S_U0044,S0040,2026-02-04 22:28:28.517003,158
S_STR01509,S_U0072,S0044,2026-03-02 10:33:18.862858,152
S_STR01510,S_U0072,S0013,2026-02-28 05:54:31.393347,248
S_STR01511,S_U0045,S0047,2026-02-13 08:13:43.541013,118
S_STR01512,S_U0025,S0047,2026-02-05 20:34:00.370589,151
S_STR01513,S_U0059,S0017,2026-02-22 09:11:16.905212,17
S_STR01514,S_U0022,S0018,2026-02-25 05:11:26.734536,132
S_STR01515,S_U0071,S0040,2026-02-05 18:53:30.625610,114
S_STR01516,S_U0077,S0033,2026-02-14 13:23:20.125783,297
S_STR01517,S_U0068,S0040,2026-02-23 21:32:45.502393,119
S_STR01518,S_U0041,S0048,2026-02-17 15:17:26.054581,51
S_STR01519,S_U0068,S0045,2026-02-28 03:38:44.760922,57
S_STR01520,S_U0054,S0006,2026-02-18 12:21:49.124526,298
S_STR01521,S_U0014,S0016,2026-02-02 02:55:24.604193,73
S_STR01522,S_U0069,S0039,2026-02-08 09:49:18.184020,55
S_STR01523,S_U0032,S0037,2026-02-17 19:42:28.106807,122
S_STR01524,S_U0024,S0050,2026-02-13 12:43:55.522469,206
S_STR01525,S_U0088,S0019,2026-02-18 10:22:06.043061,122
S_STR01526,S_U0055,S0030,2026-02-10 04:12:26.815002,273
S_STR01527,S_U0021,S0032,2026-02-24 04:24:57.970386,60
S_STR01528,S_U0004,S0028,2026-02-13 09:14:37.326162,159
S_STR01529,S_U0035,S0010,2026-02-26 09:13:37.747337,40
S_STR01530,S_U0036,S0035,2026-02-06 20:28:34.279111,128
S_STR01531,S_U0038,S0011,2026-02-14 23:29:23.038018,170
S_STR01532,S_U0021,S0028,2026-02-14 20:59:48.096353,60
S_STR01533,S_U0094,S0043,2026-02-28 17:20:55.474632,197
S_STR01534,S_U0029,S0032,2026-02-11 11:27:55.591022,187
S_STR01535,S_U0041,S0029,2026-02-15 03:33:49.042365,176
S_STR01536,S_U0091,S0022,2026-02-19 21:46:15.259766,44
S_STR01537,S_U0094,S0038,2026-02-09 00:47:21.199190,59
S_STR01538,S_U0094,S0030,2026-02-06 07:36:11.741511,15
S_STR01539,S_U0022,S0037,2026-02-08 08:36:29.290862,106
S_STR01540,S_U0029,S0030,2026-02-06 02:04:57.581306,72
S_STR01541,S_U0039,S0025,2026-02-08 11:28:09.904760,112
S_STR01542,S_U0046,S0020,2026-02-17 23:12:20.124769,105
S_STR01543,S_U0030,S0038,2026-02-21 18:43:22.428893,108
S_STR01544,S_U0016,S0044,2026-02-14 18:14:43.366493,83
S_STR01545,S_U0086,S0039,2026-02-19 05:05:31.599644,202
S_STR01546,S_U0040,S0050,2026-02-23 08:32:06.421784,61
S_STR01547,S_U0018,S0041,2026-02-14 03:03:20.615762,160
S_STR01548,S_U0069,S0050,2026-02-17 23:41:30.356773,127
S_STR01549,S_U0039,S0035,2026-02-23 05:26:32.442338,22
S_STR01550,S_U0079,S0017,2026-02-04 22:56:27.871134,200
S_STR01551,S_U0068,S0039,2026-02-26 08:18:45.273429,24
S_STR01552,S_U0084,S0015,2026-02-17 09:58:12.709272,233
S_STR01553,S_U0052,S0035,2026-02-25 03:43:37.556619,31
S_STR01554,S_U0062,S0040,2026-02-10 16:11:16.825364,33
S_STR01555,S_U0085,S0039,2026-02-27 01:52:03.330781,31
S_STR01556,S_U0078,S0036,2026-02-12 00:31:22.048406,149
S_STR01557,S_U0071,S0041,2026-02-22 16:04:18.252850,67
S_STR01558,S_U0033,S0045,2026-02-03 14:11:11.646720,229
S_STR01559,S_U0099,S0033,2026-02-14 13:21:35.470760,116
S_STR01560,S_U0035,S0008,2026-02-15 07:53:10.140331,171
S_STR01561,S_U0007,S0047,2026-03-02 09:57:46.483834,143
S_STR01562,S_U0074,S0019,2026-02-15 12:42:15.896977,51
S_STR01563,S_U0021,S0037,2026-02-06 20:01:22.386109,137
S_STR01564,S_U0041,S0025,2026-02-20 15:44:10.481919,19
S_STR01565,S_U0049,S0036,2026-02-10 22:09:12.586419,126
S_STR01566,S_U0048,S0018,2026-02-23 07:00:34.515701,143
S_STR01567,S_U0071,S0046,2026-02-19 07:25:42.129775,63
S_STR01568,S_U0066,S0037,2026-02-08 05:29:19.421698,264
S_STR01569,S_U0029,S0039,2026-02-21 10:48:54.547740,84
S_STR01570,S_U0018,S0047,2026-02-15 03:52:25.833952,160
S_STR01571,S_U0100,S0044,2026-02-24 03:51:01.479967,263
S_STR01572,S_U0078,S0029,2026-02-06 05:55:22.056726,171
S_STR01573,S_U0074,S0024,2026-02-17 03:24:50.427514,79
S_STR01574,S_U0007,S0034,2026-02-16 02:02:56.334221,70
S_STR01575,S_U0053,S0048,2026-02-09 19:43:00.484821,14
S_STR01576,S_U0009,S0010,2026-02-04 15:06:07.870687,120
S_STR01577,S_U0075,S0018,2026-02-09 02:05:33.464079,42
S_STR01578,S_U0065,S0050,2026-02-21 06:46:36.644364,77
S_STR01579,S_U0024,S0043,2026-02-28 08:29:26.036852,157
S_STR01580,S_U0070,S0050,2026-02-27 07:38:41.921247,211
S_STR01581,S_U0015,S0036,2026-02-07 13:13:39.277106,6
S_STR01582,S_U0014,S0012,2026-02-05 11:55:43.129150,18
S_STR01583,S_U0049,S0030,2026-02-09 00:56:26.382481,238
S_STR01584,S_U0017,S0030,2026-02-22 10:18:52.902827,114
S_STR01585,S_U0005,S0050,2026-02-28 06:22:59.973264,179
S_STR01586,S_U0068,S0025,2026-03-01 19:28:07.940839,95
S_STR01587,S_U0084,S0026,2026-02-11 06:20:57.135444,131
S_STR01588,S_U0085,S0039,2026-02-13 18:55:00.483263,161
S_STR01589,S_U0070,S0034,2026-02-18 19:45:22.615134,72
S_STR01590,S_U0004,S0047,2026-02-26 18:18:13.318227,106
S_STR01591,S_U0040,S0025,2026-02-27 00:40:49.340986,161
S_STR01592,S_U0047,S0028,2026-02-28 18:16:55.143681,5
S_STR01593,S_U0079,S0018,2026-02-19 02:49:15.368574,128
S_STR01594,S_U0048,S0026,2026-02-26 23:25:28.322204,150
S_STR01595,S_U0033,S0040,2026-01-31 15:42:59.229203,161
S_STR01596,S_U0015,S0015,2026-02-21 00:03:06.769090,237
S_STR01597,S_U0087,S0041,2026-02-09 13:39:52.552025,119
S_STR01598,S_U0094,S0021,2026-02-04 11:54:47.711864,215
S_STR01599,S_U0040,S0045,2026-02-21 14:17:56.233440,230
S_STR01600,S_U0014,S0040,2026-02-05 01:52:43.239772,85
S_STR01601,S_U0075,S0041,2026-02-25 19:58:24.696445,10
S_STR01602,S_U0052,S0044,2026-02-19 03:53:05.382393,303
S_STR01603,S_U0030,S0047,2026-02-24 02:12:05.570508,63
S_STR01604,S_U0075,S0024,2026-02-24 07:08:26.254875,37
S_STR01605,S_U0056,S0041,2026-02-26 09:22:29.991293,149
S_STR01606,S_U0098,S0042,2026-02-23 03:40:25.143113,70
S_STR01607,S_U0065,S0020,2026-03-01 12:17:34.073824,124
S_STR01608,S_U0017,S0041,2026-02-18 04:45:19.403318,121
S_STR01609,S_U0052,S0020,2026-02-20 23:27:53.760015,243
S_STR01610,S_U0027,S0030,2026-02-11 09:07:19.035295,227
S_STR01611,S_U0003,S0034,2026-02-18 08:00:04.774539,101
S_STR01612,S_U0036,S0041,2026-02-19 08:21:53.172552,25
S_STR01613,S_U0014,S0041,2026-02-02 10:05:21.455487,73
S_STR01614,S_U0017,S0040,2026-02-18 18:09:10.382765,232
S_STR01615,S_U0026,S0049,2026-02-22 22:07:48.028327,172
S_STR01616,S_U0073,S0017,2026-02-04 05:11:33.438793,155
S_STR01617,S_U0018,S0034,2026-02-09 10:57:32.417369,58
S_STR01618,S_U0052,S0016,2026-02-12 11:46:20.432065,45
S_STR01619,S_U0040,S0027,2026-02-15 22:40:58.434011,42
S_STR01620,S_U0012,S0034,2026-02-08 20:46:05.205018,69
S_STR01621,S_U0060,S0043,2026-02-17 16:18:05.459998,157
S_STR01622,S_U0083,S0014,2026-02-14 22:23:44.086427,91
S_STR01623,S_U0039,S0042,2026-02-21 06:32:30.031673,170
S_STR01624,S_U0015,S0034,2026-02-24 07:39:03.895017,18
S_STR01625,S_U0039,S0025,2026-02-15 18:22:35.158105,135
S_STR01626,S_U0045,S0040,2026-02-20 07:50:23.233914,194
S_STR01627,S_U0026,S0031,2026-03-01 16:15:20.898023,97
S_STR01628,S_U0070,S0019,2026-02-23 02:52:43.594256,148
S_STR01629,S_U0042,S0027,2026-02-03 01:49:53.254483,95
S_STR01630,S_U0072,S0041,2026-02-26 04:11:39.512957,55
S_STR01631,S_U0007,S0035,2026-02-15 06:17:28.908852,6
S_STR01632,S_U0086,S0022,2026-02-26 00:13:55.345416,257
S_STR01633,S_U0076,S0050,2026-02-02 01:55:27.024763,52
S_STR01634,S_U0053,S0048,2026-03-02 03:50:04.286515,88
S_STR01635,S_U0093,S0032,2026-02-14 00:17:33.000497,158
S_STR01636,S_U0060,S0046,2026-03-01 06:15:05.479165,63
S_STR01637,S_U0010,S0042,2026-02-08 15:00:47.480969,80
S_STR01638,S_U0026,S0016,2026-02-05 23:24:33.367618,61
S_STR01639,S_U0090,S0022,2026-02-07 21:19:34.825847,225
S_STR01640,S_U0048,S0027,2026-02-14 10:28:12.680185,118
S_STR01641,S_U0080,S0031,2026-02-12 18:36:30.970715,9
S_STR01642,S_U0061,S0038,2026-02-15 16:52:27.570834,105
S_STR01643,S_U0041,S0014,2026-02-17 01:15:15.280513,110
S_STR01644,S_U0050,S0048,2026-02-14 03:10:26.251658,65
S_STR01645,S_U0077,S0043,2026-02-25 12:22:02.560469,72
S_STR01646,S_U0094,S0028,2026-03-02 08:42:40.988383,188
S_STR01647,S_U0097,S0026,2026-02-11 13:00:30.398643,77
S_STR01648,S_U0005,S0040,2026-02-28 05:01:57.039534,110
S_STR01649,S_U0072,S0019,2026-02-21 16:43:00.227268,71
S_STR01650,S_U0090,S0031,2026-02-12 12:48:37.093267,96
S_STR01651,S_U0082,S0025,2026-02-18 11:47:57.957492,44
S_STR01652,S_U0052,S0048,2026-02-10 19:52:13.017296,60
S_STR01653,S_U0052,S0047,2026-02-23 21:23:57.924892,14
S_STR01654,S_U0083,S0017,2026-02-09 22:31:58.582162,132
S_STR01655,S_U0067,S0049,2026-02-05 17:42:52.076156,210
S_STR01656,S_U0096,S0042,2026-02-03 09:14:36.250782,53
S_STR01657,S_U0094,S0047,2026-02-08 07:13:17.725251,58
S_STR01658,S_U0054,S0041,2026-02-20 05:14:23.892791,76
S_STR01659,S_U0048,S0033,2026-02-19 19:01:01.795518,96
S_STR01660,S_U0035,S0005,2026-02-10 13:54:46.577608,109
S_STR01661,S_U0075,S0031,2026-02-08 11:36:47.638033,70
S_STR01662,S_U0046,S0045,2026-02-25 22:42:45.502439,64
S_STR01663,S_U0071,S0025,2026-02-05 13:50:40.608832,34
S_STR01664,S_U0099,S0043,2026-02-18 08:43:23.644302,133
S_STR01665,S_U0061,S0049,2026-02-05 17:41:37.233705,125
S_STR01666,S_U0047,S0042,2026-02-27 00:36:42.076245,145
S_STR01667,S_U0078,S0024,2026-02-24 11:37:25.428104,169
S_STR01668,S_U0091,S0049,2026-02-13 13:23:06.429164,78
S_STR01669,S_U0024,S0028,2026-03-01 19:44:35.758137,36
S_STR01670,S_U0036,S0045,2026-02-25 10:10:07.567058,255
S_STR01671,S_U0005,S0041,2026-02-08 21:18:04.462886,100
S_STR01672,S_U0077,S0049,2026-02-09 03:10:48.387868,160
S_STR01673,S_U0098,S0030,2026-02-21 00:51:49.966481,16
S_STR01674,S_U0027,S0047,2026-02-18 13:04:32.976760,51
S_STR01675,S_U0035,S0014,2026-01-31 13:00:01.151275,236
S_STR01676,S_U0007,S0032,2026-02-19 04:29:32.596823,10
S_STR01677,S_U0024,S0050,2026-02-02 17:13:57.987999,193
S_STR01678,S_U0078,S0050,2026-03-02 10:14:26.785136,57
S_STR01679,S_U0074,S0029,2026-02-23 00:39:14.259237,215
S_STR01680,S_U0035,S0009,2026-02-02 07:12:53.960759,119
S_STR01681,S_U0046,S0044,2026-02-04 06:48:03.376851,282
S_STR01682,S_U0005,S0028,2026-02-14 12:38:22.058366,79
S_STR01683,S_U0029,S0027,2026-02-20 09:24:31.018790,39
S_STR01684,S_U0021,S0037,2026-02-21 18:40:51.321974,83
S_STR01685,S_U0094,S0043,2026-02-01 13:48:57.870254,126
S_STR01686,S_U0087,S0037,2026-02-19 00:42:54.687042,87
S_STR01687,S_U0066,S0040,2026-02-21 20:33:16.923570,116
S_STR01688,S_U0015,S0040,2026-02-23 13:24:55.343603,212
S_STR01689,S_U0085,S0025,2026-02-23 14:35:37.339406,64
S_STR01690,S_U0045,S0031,2026-02-27 11:49:23.235320,131
S_STR01691,S_U0064,S0008,2026-02-01 16:04:56.390670,56
S_STR01692,S_U0078,S0050,2026-02-21 07:48:33.073752,189
S_STR01693,S_U0070,S0024,2026-02-24 15:23:51.759955,189
S_STR01694,S_U0002,S0046,2026-02-05 05:35:45.016424,49
S_STR01695,S_U0037,S0045,2026-02-24 00:02:17.331473,222
S_STR01696,S_U0011,S0049,2026-02-26 00:44:29.556230,80
S_STR01697,S_U0023,S0048,2026-02-10 00:31:02.979303,100
S_STR01698,S_U0085,S0044,2026-02-28 14:27:11.146871,14
S_STR01699,S_U0060,S0011,2026-02-05 19:23:07.889378,170
S_STR01700,S_U0072,S0029,2026-02-11 17:00:29.591402,33
S_STR01701,S_U0051,S0050,2026-02-22 13:06:28.036185,147
S_STR01702,S_U0049,S0043,2026-02-05 09:06:58.723022,21
S_STR01703,S_U0033,S0012,2026-02-17 05:57:05.675229,35
S_STR01704,S_U0007,S0047,2026-02-07 00:22:34.454584,92
S_STR01705,S_U0062,S0027,2026-02-09 09:36:46.609200,57
S_STR01706,S_U0076,S0007,2026-01-31 22:04:23.804903,177
S_STR01707,S_U0028,S0015,2026-02-08 18:35:13.641671,12
S_STR01708,S_U0013,S0041,2026-02-06 16:24:14.792413,130
S_STR01709,S_U0026,S0029,2026-02-03 12:55:44.859818,72
S_STR01710,S_U0055,S0037,2026-02-06 06:03:22.863971,112
S_STR01711,S_U0048,S0026,2026-02-28 12:19:10.283566,125
S_STR01712,S_U0026,S0048,2026-01-31 15:49:22.985396,14
S_STR01713,S_U0022,S0017,2026-02-06 15:18:49.182173,81
S_STR01714,S_U0050,S0039,2026-02-01 18:47:47.568118,63
S_STR01715,S_U0016,S0048,2026-02-10 05:46:44.113239,121
S_STR01716,S_U0037,S0014,2026-02-27 09:28:04.509349,139
S_STR01717,S_U0021,S0034,2026-02-18 02:04:07.332475,32
S_STR01718,S_U0066,S0021,2026-02-05 01:55:40.414632,89
S_STR01719,S_U0082,S0034,2026-02-09 00:26:44.611547,111
S_STR01720,S_U0013,S0048,2026-02-02 02:15:48.906805,17
S_STR01721,S_U0006,S0035,2026-02-11 11:05:13.685361,84
S_STR01722,S_U0011,S0047,2026-02-10 20:11:11.706329,16
S_STR01723,S_U0062,S0039,2026-02-16 03:07:51.392283,72
S_STR01724,S_U0070,S0047,2026-02-07 04:56:22.982617,173
S_STR01725,S_U0006,S0034,2026-02-18 02:08:37.285925,11
S_STR01726,S_U0032,S0038,2026-02-24 02:10:23.883820,128
S_STR01727,S_U0045,S0014,2026-02-01 08:21:39.100791,99
S_STR01728,S_U0024,S0050,2026-02-01 01:56:31.728457,266
S_STR01729,S_U0043,S0039,2026-02-28 00:49:48.760403,24
S_STR01730,S_U0007,S0043,2026-02-18 19:17:44.364331,65
S_STR01731,S_U0067,S0028,2026-02-23 05:46:20.703640,97
S_STR01732,S_U0018,S0047,2026-02-24 03:57:51.136928,83
S_STR01733,S_U0042,S0025,2026-02-07 09:39:19.523990,79
S_STR01734,S_U0054,S0029,2026-02-25 03:02:34.964908,193
S_STR01735,S_U0096,S0038,2026-02-08 21:20:53.496572,80
S_STR01736,S_U0056,S0048,2026-02-26 17:14:27.350000,81
S_STR01737,S_U0037,S0039,2026-02-15 01:18:58.830559,131
S_STR01738,S_U0064,S0027,2026-02-01 18:00:12.690071,23
S_STR01739,S_U0091,S0029,2026-02-08 21:31:44.172898,131
S_STR01740,S_U0030,S0026,2026-02-17 02:40:46.165312,196
S_STR01741,S_U0003,S0034,2026-02-13 02:23:27.244512,63
S_STR01742,S_U0044,S0036,2026-02-26 12:33:21.235744,84
S_STR01743,S_U0018,S0045,2026-02-27 12:39:11.646235,195
S_STR01744,S_U0002,S0027,2026-02-19 23:23:13.391894,68
S_STR01745,S_U0067,S0039,2026-02-26 03:25:32.438449,162
S_STR01746,S_U0013,S0011,2026-02-24 02:37:43.835247,29
S_STR01747,S_U0047,S0044,2026-02-01 02:03:20.267384,237
S_STR01748,S_U0008,S0033,2026-02-13 11:48:22.677918,55
S_STR01749,S_U0064,S0020,2026-02-20 15:56:46.285431,99
S_STR01750,S_U0035,S0023,2026-02-19 17:13:14.523158,16
S_STR01751,S_U0033,S0043,2026-02-02 19:47:34.028254,185
S_STR01752,S_U0066,S0023,2026-02-07 13:13:59.764315,107
S_STR01753,S_U0005,S0042,2026-02-12 06:10:45.115194,25
S_STR01754,S_U0020,S0048,2026-02-05 02:16:56.466853,17
S_STR01755,S_U0087,S0035,2026-02-11 09:49:03.322877,29
S_STR01756,S_U0004,S0039,2026-02-27 09:17:36.093138,172
S_STR01757,S_U0086,S0008,2026-02-20 05:14:40.340431,284
S_STR01758,S_U0077,S0050,2026-02-11 07:31:53.533294,84
S_STR01759,S_U0064,S0033,2026-02-02 17:35:38.135857,43
S_STR01760,S_U0098,S0024,2026-02-28 00:26:14.309671,172
S_STR01761,S_U0070,S0048,2026-02-02 22:12:51.692619,52
S_STR01762,S_U0056,S0027,2026-02-05 01:30:27.297377,91
S_STR01763,S_U0094,S0036,2026-02-06 18:36:55.814426,44
S_STR01764,S_U0088,S0049,2026-02-13 19:50:32.045041,100
S_STR01765,S_U0085,S0042,2026-03-01 00:54:31.136803,116
S_STR01766,S_U0010,S0031,2026-02-25 18:50:07.224274,76
S_STR01767,S_U0057,S0027,2026-03-02 10:30:18.937006,90
S_STR01768,S_U0050,S0019,2026-02-28 05:59:12.632483,116
S_STR01769,S_U0087,S0041,2026-02-14 13:22:53.055840,18
S_STR01770,S_U0048,S0033,2026-02-18 23:33:13.478175,302
S_STR01771,S_U0043,S0019,2026-02-14 20:14:46.076829,98
S_STR01772,S_U0092,S0042,2026-02-20 02:00:58.963117,91
S_STR01773,S_U0022,S0046,2026-02-02 21:20:08.543990,23
S_STR01774,S_U0042,S0048,2026-02-06 09:25:58.859258,15
S_STR01775,S_U0099,S0046,2026-02-27 20:09:20.862485,122
S_STR01776,S_U0096,S0048,2026-02-28 12:14:27.914648,56
S_STR01777,S_U0066,S0049,2026-02-12 02:58:52.367189,11
S_STR01778,S_U0013,S0029,2026-02-01 12:08:38.491126,104
S_STR01779,S_U0004,S0047,2026-02-24 08:49:41.350334,78
S_STR01780,S_U0068,S0039,2026-03-01 14:46:13.427915,51
S_STR01781,S_U0013,S0035,2026-02-09 13:11:51.498921,47
S_STR01782,S_U0004,S0029,2026-02-13 02:22:19.115998,129
S_STR01783,S_U0024,S0035,2026-03-01 12:33:27.079651,105
S_STR01784,S_U0064,S0040,2026-02-04 04:35:52.522793,97
S_STR01785,S_U0097,S0048,2026-02-01 09:26:23.106085,87
S_STR01786,S_U0036,S0038,2026-02-24 09:41:13.581038,17
S_STR01787,S_U0071,S0050,2026-02-01 12:29:10.198744,217
S_STR01788,S_U0020,S0044,2026-02-06 08:16:18.780336,36
S_STR01789,S_U0091,S0004,2026-02-13 22:11:06.906480,182
S_STR01790,S_U0043,S0038,2026-02-06 22:27:58.520437,44
S_STR01791,S_U0009,S0008,2026-02-05 02:05:50.766961,288
S_STR01792,S_U0061,S0028,2026-02-15 19:40:55.929214,6
S_STR01793,S_U0048,S0037,2026-02-22 21:41:21.894997,109
S_STR01794,S_U0045,S0050,2026-02-23 04:13:32.318864,167
S_STR01795,S_U0015,S0001,2026-02-07 09:53:02.121537,170
S_STR01796,S_U0020,S0041,2026-02-28 04:12:01.756501,161
S_STR01797,S_U0053,S0036,2026-02-03 00:59:22.011125,87
S_STR01798,S_U0022,S0023,2026-02-02 20:59:06.054526,40
S_STR01799,S_U0033,S0012,2026-02-17 10:13:19.522742,235
S_STR01800,S_U0071,S0034,2026-02-09 14:51:47.910310,25
S_STR01801,S_U0095,S0019,2026-02-15 11:03:06.504902,60
S_STR01802,S_U0080,S0045,2026-02-27 08:58:54.863343,192
S_STR01803,S_U0039,S0046,2026-02-13 13:54:40.478173,87
S_STR01804,S_U0022,S0039,2026-02-27 18:25:10.741956,111
S_STR01805,S_U0063,S0050,2026-02-06 01:34:52.678961,257
S_STR01806,S_U0020,S0047,2026-02-15 08:48:09.417799,177
S_STR01807,S_U0045,S0047,2026-02-01 00:27:01.528830,120
S_STR01808,S_U0076,S0046,2026-02-06 19:22:23.029401,10
S_STR01809,S_U0046,S0040,2026-02-08 04:03:36.079599,60
S_STR01810,S_U0037,S0024,2026-02-04 23:04:34.595432,177
S_STR01811,S_U0047,S0021,2026-02-06 07:51:10.840906,203
S_STR01812,S_U0039,S0049,2026-02-15 02:46:07.218954,43
S_STR01813,S_U0092,S0049,2026-02-02 07:16:25.393790,130
S_STR01814,S_U0099,S0037,2026-02-09 21:48:27.132010,203
S_STR01815,S_U0070,S0040,2026-02-22 03:38:16.712800,97
S_STR01816,S_U0022,S0027,2026-02-26 08:44:12.916046,101
S_STR01817,S_U0043,S0033,2026-02-27 11:33:52.404771,215
S_STR01818,S_U0006,S0016,2026-02-18 17:07:55.135427,148
S_STR01819,S_U0078,S0037,2026-02-07 23:40:55.611477,125
S_STR01820,S_U0065,S0022,2026-01-31 13:48:28.001974,280
S_STR01821,S_U0006,S0035,2026-02-15 09:36:47.351770,126
S_STR01822,S_U0060,S0039,2026-03-01 16:14:31.619451,125
S_STR01823,S_U0051,S0025,2026-02-04 19:38:56.875723,157
S_STR01824,S_U0024,S0044,2026-02-18 11:59:07.590163,193
S_STR01825,S_U0079,S0040,2026-02-23 21:49:57.016289,25
S_STR01826,S_U0045,S0050,2026-02-20 06:39:25.343079,45
S_STR01827,S_U0056,S0018,2026-02-13 22:28:37.702747,108
S_STR01828,S_U0048,S0028,2026-02-12 04:07:34.472030,34
S_STR01829,S_U0002,S0032,2026-02-16 06:55:23.647605,78
S_STR01830,S_U0012,S0036,2026-02-20 17:14:09.180588,125
S_STR01831,S_U0068,S0050,2026-02-06 17:52:02.890745,16
S_STR01832,S_U0030,S0037,2026-02-24 05:31:55.489631,112
S_STR01833,S_U0056,S0016,2026-02-21 02:48:14.561393,128
S_STR01834,S_U0048,S0042,2026-02-27 14:00:34.950540,43
S_STR01835,S_U0082,S0030,2026-02-07 23:06:03.291342,56
S_STR01836,S_U0041,S0018,2026-01-31 21:16:53.863857,31
S_STR01837,S_U0005,S0050,2026-02-08 23:25:58.297227,120
S_STR01838,S_U0018,S0039,2026-02-22 20:50:10.196499,21
S_STR01839,S_U0099,S0026,2026-02-09 21:58:07.894868,96
S_STR01840,S_U0086,S0035,2026-02-14 03:34:40.610232,76
S_STR01841,S_U0091,S0007,2026-02-04 16:29:11.961529,20
S_STR01842,S_U0040,S0020,2026-02-14 19:16:26.144084,99
S_STR01843,S_U0013,S0027,2026-02-11 17:18:46.033813,46
S_STR01844,S_U0071,S0042,2026-02-21 05:00:30.739763,179
S_STR01845,S_U0028,S0017,2026-02-10 17:14:55.422809,72
S_STR01846,S_U0097,S0043,2026-02-05 01:11:30.135133,36
S_STR01847,S_U0054,S0002,2026-02-07 10:37:14.271368,9
S_STR01848,S_U0048,S0050,2026-02-17 14:32:37.090349,14
S_STR01849,S_U0063,S0015,2026-02-13 23:22:07.428640,82
S_STR01850,S_U0034,S0044,2026-02-18 12:58:38.177013,141
S_STR01851,S_U0023,S0022,2026-03-02 09:41:58.469024,174
S_STR01852,S_U0066,S0027,2026-02-24 22:34:32.952936,107
S_STR01853,S_U0006,S0032,2026-02-16 09:40:51.993610,112
S_STR01854,S_U0066,S0018,2026-02-05 12:56:56.926604,139
S_STR01855,S_U0012,S0026,2026-02-26 14:12:50.784026,39
S_STR01856,S_U0060,S0017,2026-02-17 06:00:16.792109,25
S_STR01857,S_U0098,S0026,2026-02-26 20:13:38.361956,71
S_STR01858,S_U0072,S0049,2026-02-25 13:08:59.950571,33
S_STR01859,S_U0041,S0020,2026-02-16 22:59:55.310057,251
S_STR01860,S_U0007,S0037,2026-02-06 13:55:46.853069,270
S_STR01861,S_U0011,S0023,2026-03-02 01:20:43.894940,18
S_STR01862,S_U0036,S0050,2026-02-24 12:20:05.431705,58
S_STR01863,S_U0010,S0048,2026-02-25 14:53:43.212541,57
S_STR01864,S_U0089,S0019,2026-02-17 19:57:03.130848,243
S_STR01865,S_U0069,S0037,2026-02-04 21:11:49.207181,159
S_STR01866,S_U0098,S0041,2026-02-22 06:53:35.039159,107
S_STR01867,S_U0007,S0043,2026-02-12 12:06:51.458932,106
S_STR01868,S_U0043,S0049,2026-02-17 03:59:12.774168,207
S_STR01869,S_U0071,S0029,2026-02-15 06:22:11.359826,64
S_STR01870,S_U0034,S0039,2026-02-27 05:10:13.427310,159
S_STR01871,S_U0044,S0044,2026-02-16 04:27:34.843516,136
S_STR01872,S_U0031,S0012,2026-02-03 01:31:51.288625,67
S_STR01873,S_U0015,S0038,2026-02-12 12:30:02.683327,25
S_STR01874,S_U0046,S0023,2026-02-21 17:23:00.851806,125
S_STR01875,S_U0099,S0045,2026-02-10 21:03:57.105170,246
S_STR01876,S_U0022,S0035,2026-01-31 13:24:22.588275,71
S_STR01877,S_U0042,S0038,2026-02-28 07:19:18.299252,79
S_STR01878,S_U0016,S0026,2026-02-03 10:26:35.865588,19
S_STR01879,S_U0065,S0041,2026-02-24 11:31:05.126461,95
S_STR01880,S_U0058,S0019,2026-02-16 22:23:58.282746,49
S_STR01881,S_U0030,S0034,2026-02-16 22:25:52.125401,13
S_STR01882,S_U0017,S0040,2026-02-24 08:51:04.298822,103
S_STR01883,S_U0062,S0007,2026-02-15 19:56:58.477615,239
S_STR01884,S_U0022,S0020,2026-02-11 08:28:31.635908,201
S_STR01885,S_U0002,S0046,2026-02-02 21:33:35.645520,9
S_STR01886,S_U0044,S0035,2026-02-11 01:46:01.137332,61
S_STR01887,S_U0041,S0047,2026-02-26 08:44:47.638597,7
S_STR01888,S_U0012,S0007,2026-02-26 20:03:16.088015,46
S_STR01889,S_U0044,S0045,2026-02-04 11:11:34.060399,23
S_STR01890,S_U0014,S0034,2026-02-24 14:00:33.847692,15
S_STR01891,S_U0060,S0020,2026-02-14 06:24:45.471539,241
S_STR01892,S_U0059,S0027,2026-02-05 13:04:40.659837,147
S_STR01893,S_U0024,S0040,2026-02-07 12:45:40.425206,152
S_STR01894,S_U0025,S0007,2026-02-13 19:51:20.620942,117
S_STR01895,S_U0072,S0016,2026-02-16 16:11:43.185629,89
S_STR01896,S_U0065,S0031,2026-02-05 12:22:37.115175,103
S_STR01897,S_U0024,S0018,2026-02-16 20:55:18.983258,105
S_STR01898,S_U0097,S0048,2026-02-24 17:50:23.348705,90
S_STR01899,S_U0085,S0039,2026-02-26 09:02:01.631315,95
S_STR01900,S_U0044,S0045,2026-02-07 04:01:23.218240,197
S_STR01901,S_U0007,S0049,2026-02-07 11:44:05.206424,155
S_STR01902,S_U0039,S0039,2026-01-31 16:05:15.309816,127
S_STR01903,S_U0006,S0040,2026-02-03 13:32:52.967984,82
S_STR01904,S_U0094,S0040,2026-02-22 10:15:53.184236,39
S_STR01905,S_U0023,S0047,2026-02-24 21:55:08.223523,68
S_STR01906,S_U0035,S0021,2026-02-03 01:15:26.422895,113
S_STR01907,S_U0056,S0049,2026-02-02 07:59:18.654855,163
S_STR01908,S_U0064,S0034,2026-02-19 00:44:11.762936,91
S_STR01909,S_U0089,S0021,2026-02-23 07:16:02.629821,183
S_STR01910,S_U0002,S0038,2026-02-19 15:10:43.133600,45
S_STR01911,S_U0014,S0027,2026-02-15 08:35:53.278394,49
S_STR01912,S_U0034,S0047,2026-02-09 22:33:37.682220,69
S_STR01913,S_U0080,S0049,2026-02-21 02:09:32.345143,65
S_STR01914,S_U0016,S0010,2026-02-14 09:25:13.845345,119
S_STR01915,S_U0040,S0035,2026-02-07 17:16:39.846484,78
S_STR01916,S_U0021,S0026,2026-02-03 08:12:02.410861,174
S_STR01917,S_U0095,S0041,2026-02-02 19:28:08.979874,20
S_STR01918,S_U0075,S0041,2026-02-24 00:46:02.962719,44
S_STR01919,S_U0028,S0016,2026-02-27 22:35:38.861907,174
S_STR01920,S_U0029,S0017,2026-02-17 05:40:43.574322,199
S_STR01921,S_U0096,S0025,2026-02-21 01:22:40.481512,117
S_STR01922,S_U0006,S0030,2026-02-20 19:05:43.963799,32
S_STR01923,S_U0087,S0046,2026-03-01 18:31:15.801588,126
S_STR01924,S_U0054,S0032,2026-02-16 14:22:45.342453,17
S_STR01925,S_U0042,S0050,2026-02-16 14:37:24.435840,61
S_STR01926,S_U0040,S0047,2026-02-04 04:46:14.368257,17
S_STR01927,S_U0001,S0021,2026-02-21 19:52:18.476857,161
S_STR01928,S_U0080,S0046,2026-02-17 13:59:13.991350,86
S_STR01929,S_U0078,S0034,2026-02-23 03:21:37.850961,97
S_STR01930,S_U0020,S0011,2026-02-28 12:13:03.233214,218
S_STR01931,S_U0083,S0028,2026-02-11 08:52:51.146843,105
S_STR01932,S_U0032,S0020,2026-02-18 19:30:46.288840,11
S_STR01933,S_U0003,S0049,2026-02-16 01:41:11.223478,139
S_STR01934,S_U0022,S0012,2026-02-28 16:23:28.197266,186
S_STR01935,S_U0026,S0045,2026-02-17 11:31:32.376939,204
S_STR01936,S_U0022,S0046,2026-02-22 02:25:10.326305,112
S_STR01937,S_U0062,S0031,2026-02-09 13:24:47.834260,114
S_STR01938,S_U0065,S0021,2026-02-26 04:06:13.798892,62
S_STR01939,S_U0005,S0049,2026-02-14 17:13:12.075188,54
S_STR01940,S_U0090,S0050,2026-02-25 18:12:17.638215,73
S_STR01941,S_U0045,S0050,2026-02-08 13:31:20.438696,197
S_STR01942,S_U0057,S0033,2026-02-09 07:20:12.980161,295
S_STR01943,S_U0008,S0021,2026-02-16 23:51:23.987263,156
S_STR01944,S_U0007,S0013,2026-02-08 20:05:21.692831,71
S_STR01945,S_U0048,S0016,2026-02-28 18:05:04.313027,103
S_STR01946,S_U0019,S0032,2026-03-02 10:39:49.343659,233
S_STR01947,S_U0083,S0050,2026-02-27 20:32:47.286234,139
S_STR01948,S_U0042,S0024,2026-02-06 10:33:04.315179,98
S_STR01949,S_U0015,S0018,2026-02-25 05:08:33.902836,83
S_STR01950,S_U0072,S0044,2026-02-21 07:30:35.404083,184
S_STR01951,S_U0039,S0021,2026-02-20 06:41:49.985445,145
S_STR01952,S_U0064,S0028,2026-02-10 06:25:11.930999,100
S_STR01953,S_U0075,S0021,2026-03-01 00:53:14.128314,184
S_STR01954,S_U0068,S0038,2026-02-04 16:12:03.974624,62
S_STR01955,S_U0034,S0027,2026-02-09 06:56:25.167255,95
S_STR01956,S_U0072,S0024,2026-02-13 04:09:59.099409,106
S_STR01957,S_U0083,S0023,2026-02-11 08:59:20.312685,66
S_STR01958,S_U0010,S0015,2026-02-04 05:55:58.580189,251
S_STR01959,S_U0064,S0024,2026-02-27 08:26:44.698131,133
S_STR01960,S_U0013,S0036,2026-02-10 11:52:48.347209,145
S_STR01961,S_U0048,S0028,2026-02-04 17:15:33.867770,136
S_STR01962,S_U0042,S0047,2026-02-28 03:35:05.004376,59
S_STR01963,S_U0076,S0040,2026-02-05 07:01:30.475849,162
S_STR01964,S_U0058,S0041,2026-02-12 13:09:08.008965,83
S_STR01965,S_U0018,S0034,2026-02-16 01:54:33.575318,113
S_STR01966,S_U0083,S0045,2026-02-14 16:11:41.266458,122
S_STR01967,S_U0074,S0035,2026-01-31 23:32:32.814118,48
S_STR01968,S_U0100,S0045,2026-02-27 20:45:57.868519,141
S_STR01969,S_U0036,S0046,2026-02-19 21:47:20.039802,43
S_STR01970,S_U0052,S0048,2026-02-08 21:56:49.853684,90
S_STR01971,S_U0075,S0045,2026-02-26 16:17:51.998948,180
S_STR01972,S_U0054,S0029,2026-02-25 12:33:27.624325,84
S_STR01973,S_U0026,S0050,2026-02-28 15:28:24.875562,290
S_STR01974,S_U0006,S0046,2026-02-05 14:36:33.673079,63
S_STR01975,S_U0004,S0040,2026-03-01 05:45:58.863402,87
S_STR01976,S_U0023,S0020,2026-02-11 03:21:49.482646,210
S_STR01977,S_U0039,S0026,2026-02-17 00:49:51.699715,187
S_STR01978,S_U0022,S0050,2026-02-12 09:01:49.828977,234
S_STR01979,S_U0062,S0048,2026-02-01 11:08:37.164034,19
S_STR01980,S_U0081,S0010,2026-02-01 16:36:49.369107,61
S_STR01981,S_U0009,S0044,2026-02-01 04:07:52.631780,37
S_STR01982,S_U0089,S0050,2026-03-02 00:46:45.440961,19
S_STR01983,S_U0029,S0015,2026-02-24 23:46:40.891428,20
S_STR01984,S_U0024,S0030,2026-02-01 15:34:33.573584,220
S_STR01985,S_U0021,S0011,2026-02-01 00:34:36.593167,160
S_STR01986,S_U0059,S0021,2026-02-17 13:06:14.422990,98
S_STR01987,S_U0047,S0043,2026-03-02 08:45:01.648220,130
S_STR01988,S_U0009,S0028,2026-02-08 02:41:31.479498,120
S_STR01989,S_U0031,S0030,2026-02-03 23:27:34.667191,125
S_STR01990,S_U0032,S0026,2026-02-16 00:28:58.255509,56
S_STR01991,S_U0093,S0039,2026-02-17 16:35:24.128294,88
S_STR01992,S_U0062,S0015,2026-02-13 06:46:48.813378,120
S_STR01993,S_U0020,S0014,2026-02-16 20:28:59.946983,120
S_STR01994,S_U0083,S0030,2026-02-28 04:07:42.267572,200
S_STR01995,S_U0020,S0045,2026-03-01 01:14:04.261489,155
S_STR01996,S_U0072,S0023,2026-02-25 14:17:49.245631,62
S_STR01997,S_U0097,S0028,2026-02-03 10:34:50.279100,151
S_STR01998,S_U0068,S0046,2026-02-06 20:33:15.192297,104
S_STR01999,S_U0003,S0027,2026-02-23 03:28:56.623083,143
S_STR02000,S_U0063,S0028,2026-03-02 10:35:29.426102,82
S_STR02001,S_U0060,S0020,2026-02-13 15:22:19.067765,128
S_STR02002,S_U0093,S0039,2026-02-08 06:21:45.115037,145
S_STR02003,S_U0014,S0028,2026-02-11 05:28:49.808369,22
S_STR02004,S_U0032,S0015,2026-02-04 03:40:27.393849,252
S_STR02005,S_U0059,S0031,2026-02-11 22:43:18.873863,42
S_STR02006,S_U0029,S0043,2026-02-03 19:07:18.703964,83
S_STR02007,S_U0038,S0034,2026-02-16 19:19:22.541694,121
S_STR02008,S_U0088,S0049,2026-02-04 03:49:50.370583,115
S_STR02009,S_U0025,S0049,2026-02-06 22:03:09.588223,156
S_STR02010,S_U0079,S0024,2026-02-12 21:56:48.862775,59
S_STR02011,S_U0025,S0041,2026-02-20 14:01:41.658899,135
S_STR02012,S_U0075,S0049,2026-02-12 08:18:46.343151,13
S_STR02013,S_U0016,S0011,2026-02-14 22:13:11.707442,128
S_STR02014,S_U0019,S0028,2026-02-12 06:14:34.919328,184
S_STR02015,S_U0099,S0046,2026-02-10 17:01:20.732517,16
S_STR02016,S_U0086,S0050,2026-03-02 08:04:30.251098,200
S_STR02017,S_U0013,S0031,2026-02-27 10:28:51.933894,73
S_STR02018,S_U0041,S0048,2026-02-19 01:23:34.404606,98
S_STR02019,S_U0085,S0025,2026-02-23 15:16:32.205079,153
S_STR02020,S_U0023,S0023,2026-02-04 21:18:20.676745,118
S_STR02021,S_U0057,S0042,2026-02-24 00:43:27.814345,39
S_STR02022,S_U0025,S0025,2026-02-04 05:51:38.113958,161
S_STR02023,S_U0052,S0021,2026-02-25 22:51:12.058678,62
S_STR02024,S_U0056,S0030,2026-02-25 09:52:17.164810,262
S_STR02025,S_U0079,S0042,2026-02-25 05:05:10.310671,146
S_STR02026,S_U0009,S0048,2026-02-11 14:56:15.003078,113
S_STR02027,S_U0029,S0044,2026-02-03 00:34:12.700053,225
S_STR02028,S_U0052,S0048,2026-02-01 09:12:42.114767,99
S_STR02029,S_U0054,S0032,2026-02-10 03:23:23.719127,209
S_STR02030,S_U0023,S0049,2026-02-14 10:01:43.283952,222
S_STR02031,S_U0061,S0018,2026-02-15 03:08:45.128663,36
S_STR02032,S_U0036,S0034,2026-03-01 10:15:16.661178,9
S_STR02033,S_U0074,S0035,2026-02-12 15:09:34.131316,86
S_STR02034,S_U0077,S0042,2026-02-18 21:13:32.226314,49
S_STR02035,S_U0065,S0021,2026-02-17 11:50:33.274955,160
S_STR02036,S_U0047,S0046,2026-02-26 11:17:56.212697,74
S_STR02037,S_U0048,S0035,2026-02-07 23:29:33.604872,39
S_STR02038,S_U0073,S0015,2026-02-25 22:27:12.741752,160
S_STR02039,S_U0021,S0016,2026-02-25 04:25:45.939131,32
S_STR02040,S_U0088,S0035,2026-02-11 22:47:58.659124,58
S_STR02041,S_U0036,S0050,2026-02-26 04:13:55.806704,269
S_STR02042,S_U0073,S0045,2026-02-27 05:51:01.572657,198
S_STR02043,S_U0085,S0037,2026-02-08 16:38:11.517779,207
S_STR02044,S_U0055,S0034,2026-02-27 18:22:39.441324,30
S_STR02045,S_U0095,S0050,2026-02-11 17:08:51.888913,21
S_STR02046,S_U0001,S0037,2026-02-05 09:09:26.023315,176
S_STR02047,S_U0019,S0038,2026-02-10 21:59:58.058186,9
S_STR02048,S_U0077,S0040,2026-01-31 18:07:10.710647,120
S_STR02049,S_U0044,S0026,2026-02-19 01:25:08.722566,144
S_STR02050,S_U0052,S0049,2026-02-18 08:07:11.173675,165
S_STR02051,S_U0035,S0025,2026-02-02 12:48:42.848697,86
S_STR02052,S_U0095,S0046,2026-02-23 05:33:39.745336,132
S_STR02053,S_U0055,S0043,2026-02-14 03:15:57.063333,168
S_STR02054,S_U0025,S0047,2026-02-26 04:35:51.068369,17
S_STR02055,S_U0043,S0033,2026-02-16 13:04:08.339851,242
S_STR02056,S_U0036,S0050,2026-02-08 03:50:35.404283,205
S_STR02057,S_U0003,S0041,2026-02-16 23:37:09.986423,81
S_STR02058,S_U0095,S0026,2026-02-21 18:32:21.701399,156
S_STR02059,S_U0069,S0044,2026-02-16 22:09:33.118406,176
S_STR02060,S_U0029,S0040,2026-02-04 01:33:33.869901,196
S_STR02061,S_U0058,S0042,2026-02-25 01:57:20.204435,25
S_STR02062,S_U0060,S0034,2026-02-25 12:50:27.216596,96
S_STR02063,S_U0039,S0046,2026-02-02 16:12:51.480163,10
S_STR02064,S_U0043,S0037,2026-02-26 17:40:16.742445,267
S_STR02065,S_U0016,S0021,2026-02-02 08:31:34.552204,160
S_STR02066,S_U0070,S0044,2026-02-25 11:43:28.096749,95
S_STR02067,S_U0017,S0050,2026-02-09 02:49:10.438094,146
S_STR02068,S_U0066,S0014,2026-02-20 05:29:00.226617,24
S_STR02069,S_U0068,S0026,2026-02-12 05:48:11.188041,17
S_STR02070,S_U0002,S0026,2026-02-02 05:45:47.423967,88
S_STR02071,S_U0001,S0014,2026-02-08 16:48:27.723653,115
S_STR02072,S_U0026,S0032,2026-02-01 22:56:32.700379,272
S_STR02073,S_U0041,S0027,2026-02-03 22:37:23.445172,16
S_STR02074,S_U0075,S0049,2026-02-07 03:04:05.111181,142
S_STR02075,S_U0026,S0027,2026-02-20 14:53:32.842178,118
S_STR02076,S_U0016,S0027,2026-02-20 19:51:50.125140,62
S_STR02077,S_U0006,S0042,2026-02-22 03:58:41.470659,48
S_STR02078,S_U0095,S0015,2026-02-14 02:07:53.481776,15
S_STR02079,S_U0035,S0025,2026-02-24 01:47:59.672686,84
S_STR02080,S_U0037,S0026,2026-02-21 23:50:35.206818,97
S_STR02081,S_U0087,S0034,2026-02-05 21:20:23.560126,22
S_STR02082,S_U0033,S0037,2026-02-20 06:20:12.553514,223
S_STR02083,S_U0078,S0017,2026-02-05 19:14:34.684223,157
S_STR02084,S_U0038,S0046,2026-02-09 20:51:16.334031,74
S_STR02085,S_U0087,S0039,2026-03-02 08:18:21.079996,142
S_STR02086,S_U0051,S0047,2026-02-24 04:51:40.579746,122
S_STR02087,S_U0080,S0045,2026-02-12 22:28:20.446632,36
S_STR02088,S_U0075,S0006,2026-03-01 19:06:57.154058,260
S_STR02089,S_U0060,S0020,2026-02-20 08:16:17.571237,104
S_STR02090,S_U0050,S0038,2026-02-26 20:54:32.687456,42
S_STR02091,S_U0058,S0038,2026-02-22 07:24:07.820927,102
S_STR02092,S_U0050,S0047,2026-02-22 19:04:30.570921,154
S_STR02093,S_U0013,S0041,2026-02-12 00:30:33.351031,12
S_STR02094,S_U0010,S0048,2026-02-06 22:03:31.533796,64
S_STR02095,S_U0057,S0050,2026-02-01 15:07:32.791481,240
S_STR02096,S_U0065,S0038,2026-02-14 01:47:41.632474,85
S_STR02097,S_U0063,S0045,2026-02-26 22:27:09.468767,92
S_STR02098,S_U0058,S0028,2026-02-12 04:36:44.664623,102
S_STR02099,S_U0049,S0049,2026-02-25 11:56:31.679098,189
S_STR02100,S_U0094,S0027,2026-02-27 08:33:21.473550,150
S_STR02101,S_U0080,S0043,2026-02-08 10:37:43.046862,170
S_STR02102,S_U0074,S0027,2026-02-25 01:56:20.915677,108
S_STR02103,S_U0007,S0027,2026-02-16 12:26:57.337069,71
S_STR02104,S_U0087,S0022,2026-02-07 17:37:41.726357,291
S_STR02105,S_U0067,S0048,2026-02-08 00:36:53.594782,31
S_STR02106,S_U0081,S0044,2026-02-06 11:57:10.101065,35
S_STR02107,S_U0097,S0032,2026-02-25 20:16:32.765183,118
S_STR02108,S_U0045,S0032,2026-02-14 01:09:57.069871,37
S_STR02109,S_U0084,S0024,2026-02-14 21:39:25.378343,163
S_STR02110,S_U0067,S0040,2026-02-12 00:31:10.202091,175
S_STR02111,S_U0072,S0049,2026-02-06 18:21:23.395079,165
S_STR02112,S_U0017,S0018,2026-02-14 03:44:16.530264,65
S_STR02113,S_U0023,S0017,2026-02-12 16:48:00.558301,19
S_STR02114,S_U0062,S0041,2026-02-18 22:35:01.249981,46
S_STR02115,S_U0098,S0041,2026-02-18 11:26:13.292607,116
S_STR02116,S_U0045,S0032,2026-02-15 17:25:12.770120,22
S_STR02117,S_U0074,S0030,2026-02-05 00:14:59.573489,253
S_STR02118,S_U0042,S0036,2026-02-24 20:32:55.343820,169
S_STR02119,S_U0072,S0034,2026-02-28 04:30:41.720008,44
S_STR02120,S_U0067,S0050,2026-02-09 13:16:51.459672,285
S_STR02121,S_U0024,S0005,2026-02-21 21:14:37.866778,51
S_STR02122,S_U0042,S0050,2026-02-07 06:29:57.178926,190
S_STR02123,S_U0093,S0031,2026-02-24 19:51:32.170689,117
S_STR02124,S_U0096,S0044,2026-02-18 03:42:04.199470,240
S_STR02125,S_U0093,S0038,2026-02-01 05:17:01.280429,33
S_STR02126,S_U0064,S0005,2026-02-13 02:07:40.173045,53
S_STR02127,S_U0085,S0021,2026-02-12 02:09:04.917059,154
S_STR02128,S_U0029,S0021,2026-02-07 09:10:28.109270,161
S_STR02129,S_U0032,S0028,2026-02-24 04:43:19.393477,181
S_STR02130,S_U0005,S0011,2026-02-04 15:57:02.353569,145
S_STR02131,S_U0073,S0043,2026-02-05 21:14:53.453290,188
S_STR02132,S_U0068,S0047,2026-02-25 15:44:01.484993,113
S_STR02133,S_U0036,S0045,2026-02-12 14:37:36.609648,168
S_STR02134,S_U0053,S0012,2026-02-22 17:31:39.220971,264
S_STR02135,S_U0041,S0042,2026-02-18 14:44:16.275968,164
S_STR02136,S_U0098,S0048,2026-03-01 05:30:20.217469,117
S_STR02137,S_U0025,S0021,2026-02-28 15:27:48.984257,181
S_STR02138,S_U0037,S0010,2026-02-07 19:59:58.045521,146
S_STR02139,S_U0053,S0038,2026-02-01 23:27:20.670705,67
S_STR02140,S_U0015,S0048,2026-02-14 02:40:58.346882,53
S_STR02141,S_U0051,S0023,2026-02-22 05:48:34.630017,10
S_STR02142,S_U0005,S0050,2026-02-06 11:49:53.626297,40
S_STR02143,S_U0046,S0029,2026-03-02 01:25:19.224884,147
S_STR02144,S_U0040,S0050,2026-02-14 17:21:01.207839,134
S_STR02145,S_U0049,S0039,2026-03-01 20:44:17.917526,170
S_STR02146,S_U0073,S0018,2026-02-27 22:27:40.895723,101
S_STR02147,S_U0034,S0020,2026-02-18 12:05:57.645608,115
S_STR02148,S_U0006,S0050,2026-02-26 06:17:03.938110,34
S_STR02149,S_U0044,S0029,2026-02-21 22:41:30.491308,109
S_STR02150,S_U0050,S0035,2026-03-02 02:53:43.006638,5
S_STR02151,S_U0008,S0038,2026-02-17 02:54:34.442854,78
S_STR02152,S_U0100,S0018,2026-02-22 09:44:09.612371,44
S_STR02153,S_U0096,S0049,2026-02-28 12:58:47.630161,58
S_STR02154,S_U0054,S0022,2026-02-10 20:30:36.617927,59
S_STR02155,S_U0044,S0028,2026-02-25 10:36:56.217799,67
S_STR02156,S_U0067,S0031,2026-01-31 21:36:49.076090,22
S_STR02157,S_U0035,S0050,2026-02-03 12:02:33.557878,171
S_STR02158,S_U0072,S0047,2026-02-06 16:46:49.944644,13
S_STR02159,S_U0079,S0035,2026-02-13 22:24:59.472205,32
S_STR02160,S_U0092,S0012,2026-02-14 07:57:07.749762,47
S_STR02161,S_U0044,S0028,2026-02-05 21:07:48.934087,43
S_STR02162,S_U0006,S0045,2026-02-12 15:51:36.462866,254
S_STR02163,S_U0056,S0044,2026-02-16 01:09:17.287678,259
S_STR02164,S_U0072,S0036,2026-02-15 14:48:46.554662,81
S_STR02165,S_U0004,S0036,2026-02-24 23:11:22.405527,119
S_STR02166,S_U0042,S0031,2026-02-21 14:43:43.805209,114
S_STR02167,S_U0080,S0047,2026-02-02 04:49:12.858460,144
S_STR02168,S_U0034,S0042,2026-02-07 18:48:50.267432,204
S_STR02169,S_U0090,S0028,2026-02-16 05:08:34.098635,143
S_STR02170,S_U0061,S0023,2026-02-20 05:04:05.187969,110
S_STR02171,S_U0079,S0023,2026-02-17 21:01:51.628667,129
S_STR02172,S_U0045,S0027,2026-02-04 20:20:54.211526,60
S_STR02173,S_U0061,S0035,2026-02-22 20:38:09.005569,75
S_STR02174,S_U0047,S0028,2026-02-10 21:47:30.100960,87
S_STR02175,S_U0094,S0043,2026-02-09 16:07:43.967776,72
S_STR02176,S_U0019,S0025,2026-02-18 15:10:27.036878,92
S_STR02177,S_U0080,S0030,2026-03-01 19:11:59.680761,43
S_STR02178,S_U0058,S0041,2026-02-18 15:23:25.047253,46
S_STR02179,S_U0007,S0029,2026-02-23 12:59:09.641427,173
S_STR02180,S_U0012,S0049,2026-02-07 11:24:51.315546,33
S_STR02181,S_U0026,S0011,2026-02-17 23:09:19.079343,44
S_STR02182,S_U0068,S0036,2026-02-17 08:36:08.880737,116
S_STR02183,S_U0057,S0044,2026-02-17 14:13:58.301517,177
S_STR02184,S_U0088,S0035,2026-02-19 03:38:33.029844,33
S_STR02185,S_U0025,S0018,2026-02-13 01:23:06.806358,34
S_STR02186,S_U0007,S0046,2026-02-06 06:46:50.348237,28
S_STR02187,S_U0012,S0043,2026-02-06 19:00:59.880177,193
S_STR02188,S_U0073,S0027,2026-02-28 22:04:15.940609,105
S_STR02189,S_U0073,S0025,2026-02-17 01:45:55.921437,108
S_STR02190,S_U0009,S0024,2026-02-19 15:08:20.615587,163
S_STR02191,S_U0027,S0019,2026-02-09 01:02:45.917946,80
S_STR02192,S_U0052,S0046,2026-02-04 21:09:40.502725,15
S_STR02193,S_U0066,S0036,2026-02-27 09:58:18.101186,156
S_STR02194,S_U0042,S0045,2026-02-28 03:07:42.006058,238
S_STR02195,S_U0098,S0024,2026-03-01 15:08:11.286497,71
S_STR02196,S_U0046,S0040,2026-02-18 21:51:09.612224,205
S_STR02197,S_U0021,S0028,2026-03-01 07:27:08.518115,169
S_STR02198,S_U0072,S0039,2026-02-21 08:54:45.115293,22
S_STR02199,S_U0078,S0032,2026-02-02 05:56:14.026055,156
S_STR02200,S_U0009,S0027,2026-02-28 21:59:32.705729,32
S_STR02201,S_U0028,S0050,2026-02-22 13:52:46.092687,230
S_STR02202,S_U0066,S0045,2026-02-19 15:21:38.086080,201
S_STR02203,S_U0051,S0048,2026-02-19 10:43:10.660581,123
S_STR02204,S_U0073,S0042,2026-02-27 00:52:40.550668,29
S_STR02205,S_U0092,S0024,2026-02-03 21:04:30.476661,29
S_STR02206,S_U0065,S0043,2026-02-16 16:57:47.765622,149
S_STR02207,S_U0044,S0039,2026-02-05 08:43:08.767618,71
S_STR02208,S_U0039,S0035,2026-02-06 05:19:29.487663,104
S_STR02209,S_U0036,S0050,2026-02-27 11:57:37.407697,296
S_STR02210,S_U0029,S0048,2026-02-23 19:17:51.385862,34
S_STR02211,S_U0053,S0025,2026-02-17 15:31:42.470483,50
S_STR02212,S_U0058,S0014,2026-02-01 20:43:03.568596,176
S_STR02213,S_U0010,S0031,2026-02-24 18:28:26.319346,35
S_STR02214,S_U0090,S0039,2026-02-01 06:50:46.342441,119
S_STR02215,S_U0087,S0012,2026-02-17 13:36:16.446199,200
S_STR02216,S_U0100,S0049,2026-02-06 03:06:13.921628,220
S_STR02217,S_U0033,S0048,2026-02-27 11:59:59.336888,57
S_STR02218,S_U0028,S0020,2026-02-01 22:27:23.640946,96
S_STR02219,S_U0091,S0028,2026-02-11 07:32:48.136391,123
S_STR02220,S_U0044,S0043,2026-02-18 21:27:19.046752,48
S_STR02221,S_U0042,S0019,2026-02-24 05:07:01.732684,126
S_STR02222,S_U0033,S0030,2026-02-12 23:16:43.195574,90
S_STR02223,S_U0059,S0035,2026-03-01 20:36:20.513882,82
S_STR02224,S_U0072,S0034,2026-02-18 17:14:46.354883,40
S_STR02225,S_U0077,S0037,2026-02-26 03:26:18.480069,218
S_STR02226,S_U0008,S0011,2026-02-03 00:29:17.354452,165
S_STR02227,S_U0034,S0045,2026-02-28 14:23:39.666421,245
S_STR02228,S_U0095,S0018,2026-02-12 08:00:48.045233,123
S_STR02229,S_U0100,S0030,2026-02-11 14:46:22.039335,40
S_STR02230,S_U0026,S0045,2026-03-01 06:01:54.340446,72
S_STR02231,S_U0074,S0025,2026-02-15 15:51:46.051280,6
S_STR02232,S_U0064,S0035,2026-02-15 05:15:54.196756,126
S_STR02233,S_U0011,S0040,2026-02-14 03:57:24.371676,116
S_STR02234,S_U0069,S0042,2026-02-01 09:57:18.891594,210
S_STR02235,S_U0083,S0037,2026-02-26 15:33:41.014567,199
S_STR02236,S_U0030,S0019,2026-02-11 15:06:20.804003,89
S_STR02237,S_U0077,S0019,2026-02-10 09:00:18.970923,9
S_STR02238,S_U0050,S0037,2026-02-22 07:42:28.241409,208
S_STR02239,S_U0012,S0024,2026-02-13 18:43:48.639733,204
S_STR02240,S_U0034,S0016,2026-01-31 12:41:25.527542,203
S_STR02241,S_U0008,S0022,2026-02-25 09:15:41.637071,354
S_STR02242,S_U0085,S0011,2026-02-17 23:32:01.511861,152
S_STR02243,S_U0024,S0047,2026-02-07 22:52:45.989301,80
S_STR02244,S_U0089,S0040,2026-02-12 14:44:16.620111,173
S_STR02245,S_U0073,S0026,2026-02-05 20:26:49.478132,145
S_STR02246,S_U0099,S0015,2026-02-09 03:21:37.075128,202
S_STR02247,S_U0073,S0041,2026-02-20 20:17:07.203577,39
S_STR02248,S_U0041,S0030,2026-02-18 09:58:09.729096,251
S_STR02249,S_U0006,S0049,2026-02-11 18:24:40.453706,175
S_STR02250,S_U0098,S0050,2026-02-09 20:50:56.524379,76
S_STR02251,S_U0051,S0029,2026-02-05 00:46:32.979759,14
S_STR02252,S_U0055,S0031,2026-02-23 00:48:55.542998,16
S_STR02253,S_U0061,S0024,2026-02-26 02:51:01.322082,176
S_STR02254,S_U0092,S0046,2026-02-25 21:55:46.535486,9
S_STR02255,S_U0014,S0017,2026-03-02 08:40:49.110152,25
S_STR02256,S_U0100,S0034,2026-02-20 16:35:09.604822,27
S_STR02257,S_U0026,S0026,2026-02-14 05:19:57.614511,180
S_STR02258,S_U0006,S0048,2026-03-01 20:09:42.920175,81
S_STR02259,S_U0054,S0047,2026-02-09 04:16:53.793158,151
S_STR02260,S_U0086,S0044,2026-02-01 09:11:30.460272,126
S_STR02261,S_U0004,S0043,2026-02-07 08:23:50.876455,64
S_STR02262,S_U0026,S0036,2026-02-04 13:33:42.511167,126
S_STR02263,S_U0012,S0042,2026-02-03 10:30:21.396177,213
S_STR02264,S_U0062,S0037,2026-02-09 20:00:50.851799,81
S_STR02265,S_U0093,S0033,2026-02-03 02:20:30.368588,50
S_STR02266,S_U0038,S0028,2026-02-18 18:59:30.796617,185
S_STR02267,S_U0071,S0041,2026-02-10 18:24:27.979267,92
S_STR02268,S_U0097,S0026,2026-02-17 15:59:36.962282,5
S_STR02269,S_U0073,S0047,2026-02-18 11:30:42.360038,85
S_STR02270,S_U0065,S0007,2026-02-20 11:20:15.385120,161
S_STR02271,S_U0045,S0026,2026-02-03 13:15:18.264366,175
S_STR02272,S_U0078,S0037,2026-02-26 14:47:45.030717,187
S_STR02273,S_U0086,S0023,2026-02-25 22:55:16.782908,96
S_STR02274,S_U0099,S0026,2026-02-03 03:53:33.951999,73
S_STR02275,S_U0072,S0016,2026-02-06 18:45:48.720717,91
S_STR02276,S_U0063,S0046,2026-02-19 06:37:17.094262,36
S_STR02277,S_U0060,S0006,2026-02-05 04:41:15.006253,32
S_STR02278,S_U0001,S0035,2026-02-25 17:08:19.089438,52
S_STR02279,S_U0041,S0045,2026-02-02 21:49:27.788099,174
S_STR02280,S_U0020,S0043,2026-02-10 03:00:17.928173,78
S_STR02281,S_U0062,S0005,2026-02-10 20:43:42.157578,72
S_STR02282,S_U0011,S0040,2026-03-02 09:44:45.409248,120
S_STR02283,S_U0090,S0011,2026-02-21 01:31:50.742837,223
S_STR02284,S_U0033,S0035,2026-02-11 09:19:14.206672,68
S_STR02285,S_U0001,S0021,2026-02-11 19:25:20.639239,98
S_STR02286,S_U0099,S0027,2026-02-08 17:40:06.189460,149
S_STR02287,S_U0038,S0033,2026-02-19 13:30:16.567639,56
S_STR02288,S_U0031,S0021,2026-02-14 00:40:20.682292,112
S_STR02289,S_U0047,S0038,2026-02-25 08:09:40.497820,116
S_STR02290,S_U0026,S0047,2026-02-14 07:21:50.051685,29
S_STR02291,S_U0061,S0027,2026-02-17 06:32:20.010597,54
S_STR02292,S_U0022,S0050,2026-02-13 21:30:07.936261,31
S_STR02293,S_U0001,S0046,2026-02-04 03:47:36.968998,37
S_STR02294,S_U0022,S0035,2026-02-18 10:40:51.007093,11
S_STR02295,S_U0003,S0026,2026-02-22 11:36:26.294502,33
S_STR02296,S_U0084,S0016,2026-02-06 18:35:04.397794,65
S_STR02297,S_U0051,S0047,2026-02-20 07:34:24.451931,61
S_STR02298,S_U0024,S0033,2026-02-22 09:36:44.246236,9
S_STR02299,S_U0062,S0026,2026-02-03 02:20:24.516499,39
S_STR02300,S_U0031,S0048,2026-02-05 02:13:17.809743,107
S_STR02301,S_U0044,S0029,2026-02-10 06:02:27.575779,145
S_STR02302,S_U0026,S0037,2026-01-31 14:53:45.632212,169
S_STR02303,S_U0062,S0005,2026-02-20 22:00:22.227136,67
S_STR02304,S_U0012,S0023,2026-02-23 02:49:06.195271,64
S_STR02305,S_U0078,S0042,2026-02-19 12:00:34.459317,171
S_STR02306,S_U0095,S0030,2026-02-16 06:54:14.262058,281
S_STR02307,S_U0066,S0030,2026-02-08 13:51:49.561801,68
S_STR02308,S_U0040,S0046,2026-02-20 14:04:27.646562,131
S_STR02309,S_U0034,S0022,2026-02-08 10:22:56.028354,144
S_STR02310,S_U0062,S0022,2026-02-08 19:03:48.656179,218
S_STR02311,S_U0083,S0042,2026-02-21 10:15:56.518771,110
S_STR02312,S_U0038,S0041,2026-02-03 04:19:41.694889,32
S_STR02313,S_U0045,S0039,2026-02-12 06:03:49.430453,198
S_STR02314,S_U0042,S0048,2026-02-06 01:11:45.845929,44
S_STR02315,S_U0002,S0042,2026-02-19 02:17:40.262722,93
S_STR02316,S_U0060,S0034,2026-02-14 02:00:04.482631,106
S_STR02317,S_U0035,S0049,2026-02-28 19:03:17.438210,152
S_STR02318,S_U0044,S0035,2026-02-17 06:21:08.824413,78
S_STR02319,S_U0027,S0047,2026-02-18 15:36:11.052821,76
S_STR02320,S_U0020,S0018,2026-02-18 00:43:16.045130,47
S_STR02321,S_U0071,S0050,2026-02-25 16:08:31.390693,217
S_STR02322,S_U0073,S0042,2026-02-23 02:25:28.336190,101
S_STR02323,S_U0029,S0032,2026-01-31 15:24:24.109633,33
S_STR02324,S_U0089,S0046,2026-02-09 23:45:51.860194,47
S_STR02325,S_U0019,S0022,2026-02-12 06:32:00.287559,221
S_STR02326,S_U0012,S0049,2026-02-26 17:21:35.810143,47
S_STR02327,S_U0036,S0027,2026-03-01 06:04:40.893857,50
S_STR02328,S_U0031,S0048,2026-02-14 06:12:25.038088,70
S_STR02329,S_U0086,S0038,2026-02-15 03:45:54.142885,75
S_STR02330,S_U0093,S0050,2026-02-03 16:34:21.900960,184
S_STR02331,S_U0054,S0031,2026-02-18 17:52:36.924521,135
S_STR02332,S_U0044,S0047,2026-02-04 23:47:52.693330,164
S_STR02333,S_U0097,S0021,2026-02-15 23:55:59.503833,53
S_STR02334,S_U0080,S0035,2026-02-01 01:00:38.392042,104
S_STR02335,S_U0066,S0045,2026-02-07 03:04:47.379143,177
S_STR02336,S_U0084,S0043,2026-02-01 20:33:15.174262,134
S_STR02337,S_U0074,S0043,2026-02-16 04:24:16.436950,106
S_STR02338,S_U0047,S0045,2026-02-20 10:49:55.066501,236
S_STR02339,S_U0057,S0023,2026-02-20 00:30:17.815738,50
S_STR02340,S_U0087,S0049,2026-02-10 13:52:00.203254,203
S_STR02341,S_U0033,S0033,2026-02-16 18:09:24.588848,169
S_STR02342,S_U0073,S0029,2026-02-17 08:00:48.402208,11
S_STR02343,S_U0027,S0029,2026-03-01 03:10:52.084432,260
S_STR02344,S_U0019,S0026,2026-02-26 16:10:18.590924,30
S_STR02345,S_U0045,S0038,2026-02-11 12:10:28.054283,124
S_STR02346,S_U0052,S0034,2026-02-16 12:21:21.163189,101
S_STR02347,S_U0024,S0049,2026-02-26 03:52:13.908628,65
S_STR02348,S_U0092,S0032,2026-02-19 01:20:28.182293,13
S_STR02349,S_U0100,S0020,2026-01-31 21:21:04.213202,66
S_STR02350,S_U0066,S0043,2026-02-14 22:13:57.554460,114
S_STR02351,S_U0097,S0026,2026-02-10 12:56:24.142685,148
S_STR02352,S_U0052,S0025,2026-02-21 18:40:37.303767,100
S_STR02353,S_U0086,S0042,2026-02-11 11:11:12.504108,173
S_STR02354,S_U0018,S0049,2026-02-01 18:07:49.536151,42
S_STR02355,S_U0098,S0034,2026-02-02 13:19:30.552583,86
S_STR02356,S_U0050,S0039,2026-02-15 10:12:25.247900,201
S_STR02357,S_U0046,S0038,2026-03-02 09:01:07.187305,46
S_STR02358,S_U0100,S0044,2026-02-01 05:55:07.814994,229
S_STR02359,S_U0035,S0050,2026-02-10 00:53:02.114923,273
S_STR02360,S_U0036,S0003,2026-02-24 12:48:03.951201,98
S_STR02361,S_U0033,S0024,2026-03-02 06:58:26.929443,55
S_STR02362,S_U0043,S0021,2026-02-12 05:57:55.886721,67
S_STR02363,S_U0050,S0029,2026-02-19 01:15:34.795715,34
S_STR02364,S_U0026,S0031,2026-02-10 16:12:12.026312,129
S_STR02365,S_U0015,S0045,2026-02-18 14:23:12.886944,52
S_STR02366,S_U0007,S0022,2026-02-21 16:11:36.392741,118
S_STR02367,S_U0046,S0048,2026-02-28 08:59:55.167775,62
S_STR02368,S_U0032,S0039,2026-02-06 10:56:45.469239,66
S_STR02369,S_U0026,S0020,2026-02-25 11:24:04.093108,191
S_STR02370,S_U0057,S0022,2026-02-03 09:20:42.639645,231
S_STR02371,S_U0093,S0034,2026-02-24 02:18:02.716269,85
S_STR02372,S_U0022,S0028,2026-02-03 07:37:22.089772,121
S_STR02373,S_U0029,S0020,2026-02-11 14:46:39.154296,27
S_STR02374,S_U0081,S0045,2026-02-05 04:28:06.685154,250
S_STR02375,S_U0008,S0041,2026-02-25 04:36:04.767437,65
S_STR02376,S_U0042,S0006,2026-02-09 18:51:39.148379,66
S_STR02377,S_U0025,S0041,2026-02-06 05:12:40.574948,14
S_STR02378,S_U0006,S0037,2026-02-28 14:33:57.435280,85
S_STR02379,S_U0093,S0020,2026-02-06 23:37:24.231343,251
S_STR02380,S_U0023,S0049,2026-02-13 15:21:49.151228,217
S_STR02381,S_U0063,S0049,2026-02-04 18:54:04.695444,221
S_STR02382,S_U0026,S0042,2026-02-28 23:00:28.842790,105
S_STR02383,S_U0072,S0035,2026-02-28 20:10:30.494551,52
S_STR02384,S_U0057,S0043,2026-02-15 04:43:02.963045,58
S_STR02385,S_U0031,S0016,2026-02-18 23:03:30.770794,94
S_STR02386,S_U0009,S0041,2026-02-24 09:48:58.822763,47
S_STR02387,S_U0081,S0043,2026-01-31 20:34:51.979035,48
S_STR02388,S_U0076,S0011,2026-02-07 02:08:59.155788,83
S_STR02389,S_U0015,S0015,2026-02-08 03:30:39.543467,20
S_STR02390,S_U0012,S0036,2026-02-07 17:34:56.699612,212
S_STR02391,S_U0098,S0039,2026-03-02 04:18:18.036877,95
S_STR02392,S_U0006,S0038,2026-02-12 21:11:00.766834,112
S_STR02393,S_U0001,S0043,2026-02-09 22:40:41.364774,71
S_STR02394,S_U0058,S0046,2026-02-03 01:08:38.090678,49
S_STR02395,S_U0043,S0030,2026-02-19 02:01:54.792589,265
S_STR02396,S_U0033,S0042,2026-02-25 03:37:14.201447,63
S_STR02397,S_U0094,S0017,2026-02-06 21:53:19.015673,128
S_STR02398,S_U0002,S0045,2026-02-12 16:51:04.269401,114
S_STR02399,S_U0010,S0050,2026-02-09 00:27:42.086132,53
S_STR02400,S_U0096,S0049,2026-02-15 08:15:10.526500,199
S_STR02401,S_U0032,S0050,2026-01-31 18:22:21.581017,71
S_STR02402,S_U0025,S0036,2026-03-01 13:32:06.163953,5
S_STR02403,S_U0003,S0012,2026-02-19 02:14:17.437302,74
S_STR02404,S_U0075,S0040,2026-02-06 11:21:16.441055,50
S_STR02405,S_U0053,S0027,2026-02-15 01:46:20.507894,111
S_STR02406,S_U0025,S0032,2026-02-22 06:01:29.607867,165
S_STR02407,S_U0052,S0039,2026-02-26 07:30:36.690698,26
S_STR02408,S_U0035,S0013,2026-02-25 21:24:11.488375,202
S_STR02409,S_U0060,S0042,2026-02-20 13:29:10.817798,41
S_STR02410,S_U0008,S0042,2026-02-16 22:16:09.816372,147
S_STR02411,S_U0023,S0040,2026-01-31 12:22:55.393570,95
S_STR02412,S_U0069,S0042,2026-02-24 10:39:26.039120,191
S_STR02413,S_U0019,S0020,2026-02-17 01:47:27.806713,196
S_STR02414,S_U0055,S0035,2026-02-17 23:04:09.943691,124
S_STR02415,S_U0031,S0014,2026-03-01 15:26:10.720440,24
S_STR02416,S_U0002,S0038,2026-02-21 03:32:00.707356,108
S_STR02417,S_U0089,S0019,2026-03-01 00:15:54.368369,150
S_STR02418,S_U0025,S0028,2026-02-23 09:09:10.082605,32
S_STR02419,S_U0040,S0037,2026-02-02 23:40:06.382484,120
S_STR02420,S_U0070,S0045,2026-02-11 08:14:41.198168,6
S_STR02421,S_U0053,S0028,2026-02-05 11:11:07.470865,68
S_STR02422,S_U0100,S0035,2026-02-21 19:07:32.295360,65
S_STR02423,S_U0095,S0040,2026-02-08 04:13:42.819769,60
S_STR02424,S_U0037,S0050,2026-02-13 17:12:17.680341,234
S_STR02425,S_U0031,S0047,2026-02-28 17:25:29.905094,118
S_STR02426,S_U0028,S0027,2026-02-10 21:12:08.082204,80
S_STR02427,S_U0042,S0010,2026-02-09 18:36:50.314383,32
S_STR02428,S_U0090,S0043,2026-02-19 08:14:02.548932,146
S_STR02429,S_U0016,S0042,2026-02-11 14:03:48.923939,216
S_STR02430,S_U0067,S0024,2026-02-21 22:58:00.473116,138
S_STR02431,S_U0091,S0015,2026-02-19 13:29:32.677341,185
S_STR02432,S_U0027,S0048,2026-02-25 22:36:43.576406,41
S_STR02433,S_U0094,S0009,2026-02-18 18:03:55.284474,95
S_STR02434,S_U0049,S0039,2026-02-15 01:37:24.586797,51
S_STR02435,S_U0006,S0037,2026-02-02 23:31:55.452967,155
S_STR02436,S_U0006,S0033,2026-02-12 10:31:09.299188,14
S_STR02437,S_U0015,S0049,2026-02-25 21:05:46.849760,158
S_STR02438,S_U0029,S0017,2026-02-25 12:49:27.689355,81
S_STR02439,S_U0084,S0017,2026-02-19 14:59:20.937007,54
S_STR02440,S_U0024,S0045,2026-02-14 17:47:31.872812,31
S_STR02441,S_U0020,S0026,2026-02-15 13:19:30.025087,137
S_STR02442,S_U0025,S0025,2026-03-02 10:04:31.903614,55
S_STR02443,S_U0045,S0029,2026-02-08 00:47:13.873630,114
S_STR02444,S_U0004,S0046,2026-02-07 15:54:24.892857,97
S_STR02445,S_U0092,S0042,2026-02-22 06:19:49.030410,192
S_STR02446,S_U0054,S0013,2026-02-03 00:46:39.934584,274
S_STR02447,S_U0039,S0026,2026-02-06 07:18:55.950952,150
S_STR02448,S_U0087,S0047,2026-02-03 07:17:50.217306,54
S_STR02449,S_U0096,S0050,2026-02-20 02:28:43.168846,262
S_STR02450,S_U0093,S0027,2026-02-19 02:23:08.896670,126
S_STR02451,S_U0029,S0030,2026-02-27 18:19:03.735675,170
S_STR02452,S_U0063,S0049,2026-02-20 12:50:54.833782,146
S_STR02453,S_U0078,S0038,2026-02-02 22:36:30.816652,41
S_STR02454,S_U0079,S0020,2026-02-16 23:19:26.200576,165
S_STR02455,S_U0068,S0005,2026-02-07 05:10:05.028010,105
S_STR02456,S_U0052,S0042,2026-02-07 18:48:00.913563,137
S_STR02457,S_U0100,S0049,2026-02-12 07:19:30.421471,62
S_STR02458,S_U0030,S0036,2026-03-02 03:59:53.346604,219
S_STR02459,S_U0075,S0050,2026-02-22 22:24:39.172387,83
S_STR02460,S_U0015,S0044,2026-02-21 06:20:49.121037,126
S_STR02461,S_U0051,S0039,2026-02-12 12:45:15.576245,8
S_STR02462,S_U0035,S0008,2026-02-15 22:45:58.275232,90
S_STR02463,S_U0006,S0028,2026-02-12 03:21:58.794647,55
S_STR02464,S_U0073,S0023,2026-02-27 09:39:24.658313,39
S_STR02465,S_U0089,S0048,2026-02-08 09:05:15.705138,48
S_STR02466,S_U0076,S0046,2026-02-18 22:57:42.351455,14
S_STR02467,S_U0013,S0035,2026-02-26 04:57:48.992167,75
S_STR02468,S_U0094,S0046,2026-02-12 00:19:50.883048,76
S_STR02469,S_U0057,S0047,2026-02-07 12:44:44.044435,163
S_STR02470,S_U0018,S0038,2026-02-20 17:30:40.426147,25
S_STR02471,S_U0039,S0050,2026-01-31 14:31:28.881829,20
S_STR02472,S_U0022,S0035,2026-02-07 20:36:29.111586,92
S_STR02473,S_U0024,S0043,2026-02-11 16:48:57.225626,6
S_STR02474,S_U0040,S0020,2026-02-09 10:14:44.889242,72
S_STR02475,S_U0031,S0042,2026-02-05 18:10:53.737526,47
S_STR02476,S_U0040,S0026,2026-02-15 05:32:26.860229,122
S_STR02477,S_U0026,S0044,2026-02-22 08:46:12.539596,129
S_STR02478,S_U0098,S0038,2026-02-09 00:56:17.858196,20
S_STR02479,S_U0010,S0021,2026-02-14 11:42:18.671399,22
S_STR02480,S_U0010,S0035,2026-02-25 04:27:06.959525,87
S_STR02481,S_U0028,S0009,2026-02-05 02:15:58.058967,12
S_STR02482,S_U0033,S0048,2026-02-13 16:24:20.574149,114
S_STR02483,S_U0045,S0049,2026-02-16 06:05:01.911758,200
S_STR02484,S_U0096,S0032,2026-02-09 21:06:33.062701,10
S_STR02485,S_U0011,S0023,2026-02-17 21:49:45.597885,138
S_STR02486,S_U0061,S0031,2026-02-20 16:41:06.533822,53
S_STR02487,S_U0084,S0037,2026-02-09 14:51:57.998039,222
S_STR02488,S_U0067,S0050,2026-02-15 21:04:21.193080,223
S_STR02489,S_U0053,S0044,2026-02-26 19:52:51.297992,247
S_STR02490,S_U0039,S0020,2026-02-09 05:51:42.421861,240
S_STR02491,S_U0055,S0014,2026-02-11 17:03:32.626223,168
S_STR02492,S_U0001,S0045,2026-02-10 15:47:50.519504,42
S_STR02493,S_U0056,S0036,2026-02-05 10:14:22.116598,85
S_STR02494,S_U0059,S0014,2026-02-11 13:56:25.198410,91
S_STR02495,S_U0055,S0045,2026-02-12 02:46:20.551829,145
S_STR02496,S_U0059,S0036,2026-03-01 21:57:00.357599,185
S_STR02497,S_U0085,S0048,2026-02-02 06:54:23.867675,54
S_STR02498,S_U0042,S0043,2026-02-19 16:31:35.764768,16
S_STR02499,S_U0015,S0031,2026-02-14 05:16:00.560733,118
S_STR02500,S_U0073,S0034,2026-02-16 16:13:36.876716,104
S_STR02501,S_U0030,S0015,2026-02-06 21:27:59.687403,57
S_STR02502,S_U0049,S0012,2026-02-13 15:17:51.499829,216
S_STR02503,S_U0084,S0016,2026-02-05 21:05:06.163710,44
S_STR02504,S_U0038,S0040,2026-02-25 23:56:09.958279,68
S_STR02505,S_U0058,S0041,2026-02-25 07:52:34.357238,87
S_STR02506,S_U0018,S0040,2026-03-01 09:27:01.377529,169
S_STR02507,S_U0080,S0031,2026-02-02 12:13:05.565648,106
S_STR02508,S_U0032,S0035,2026-03-01 23:10:37.538977,134
S_STR02509,S_U0035,S0033,2026-02-14 16:28:32.066101,333
S_STR02510,S_U0029,S0047,2026-02-17 05:19:03.576570,149
S_STR02511,S_U0053,S0033,2026-02-22 23:40:21.753529,107
S_STR02512,S_U0049,S0044,2026-02-10 20:38:49.001310,230
S_STR02513,S_U0096,S0032,2026-02-24 12:20:47.571075,40
S_STR02514,S_U0045,S0024,2026-02-21 02:02:39.969295,106
S_STR02515,S_U0059,S0033,2026-02-16 17:46:46.748279,8
S_STR02516,S_U0073,S0012,2026-02-18 18:12:12.641243,249
S_STR02517,S_U0041,S0031,2026-02-07 05:53:35.283372,111
S_STR02518,S_U0003,S0008,2026-02-07 11:23:53.167055,324
S_STR02519,S_U0051,S0019,2026-02-27 10:11:54.363160,85
S_STR02520,S_U0082,S0015,2026-02-27 05:58:40.485261,184
S_STR02521,S_U0067,S0046,2026-02-20 16:53:39.670501,49
S_STR02522,S_U0005,S0039,2026-02-06 15:45:22.569709,99
S_STR02523,S_U0068,S0041,2026-02-25 11:11:26.996619,62
S_STR02524,S_U0021,S0005,2026-02-24 13:38:12.404688,104
S_STR02525,S_U0032,S0037,2026-02-19 12:15:24.684118,9
S_STR02526,S_U0074,S0027,2026-02-02 20:12:54.785913,139
S_STR02527,S_U0079,S0026,2026-02-19 00:14:45.180470,182
S_STR02528,S_U0063,S0042,2026-02-20 13:38:00.868475,41
S_STR02529,S_U0011,S0045,2026-02-25 17:50:15.781879,165
S_STR02530,S_U0015,S0020,2026-02-03 19:16:23.068370,230
S_STR02531,S_U0017,S0047,2026-02-20 16:40:05.662800,159
S_STR02532,S_U0075,S0018,2026-02-18 23:33:13.495842,98
S_STR02533,S_U0072,S0042,2026-02-28 04:21:47.627946,9
S_STR02534,S_U0019,S0047,2026-03-02 10:04:07.152874,123
S_STR02535,S_U0082,S0036,2026-02-03 10:44:14.624377,20
S_STR02536,S_U0040,S0043,2026-02-28 12:45:54.830907,117
S_STR02537,S_U0037,S0036,2026-02-20 07:44:40.697313,27
S_STR02538,S_U0065,S0039,2026-02-15 11:11:04.841063,18
S_STR02539,S_U0038,S0023,2026-02-09 03:18:26.129092,19
S_STR02540,S_U0095,S0050,2026-02-20 22:18:17.108648,175
S_STR02541,S_U0022,S0010,2026-02-07 10:40:44.119702,65
S_STR02542,S_U0088,S0050,2026-02-18 15:33:08.996282,253
S_STR02543,S_U0073,S0046,2026-02-17 03:57:43.410120,11
S_STR02544,S_U0008,S0039,2026-02-06 05:13:22.998711,91
S_STR02545,S_U0070,S0018,2026-02-20 11:50:30.239420,75
S_STR02546,S_U0014,S0049,2026-02-17 10:48:01.616179,91
S_STR02547,S_U0091,S0049,2026-02-01 16:56:12.670292,84
S_STR02548,S_U0012,S0042,2026-02-21 09:30:42.340863,68
S_STR02549,S_U0008,S0048,2026-02-14 02:59:34.393386,26
S_STR02550,S_U0022,S0007,2026-02-25 06:07:42.121263,133
S_STR02551,S_U0089,S0007,2026-02-11 07:44:17.450263,169
S_STR02552,S_U0079,S0039,2026-02-12 06:09:44.454235,137
S_STR02553,S_U0018,S0031,2026-02-05 04:25:22.229713,47
S_STR02554,S_U0098,S0048,2026-02-01 11:46:51.118765,15
S_STR02555,S_U0061,S0035,2026-02-07 09:04:31.249196,132
S_STR02556,S_U0022,S0018,2026-02-17 05:20:23.629480,6
S_STR02557,S_U0017,S0027,2026-02-20 00:48:26.638230,137
S_STR02558,S_U0044,S0048,2026-02-06 09:23:44.699508,100
S_STR02559,S_U0067,S0028,2026-02-01 21:57:31.765142,119
S_STR02560,S_U0073,S0044,2026-02-01 22:37:41.779577,205
S_STR02561,S_U0099,S0021,2026-02-27 18:31:47.050004,66
S_STR02562,S_U0016,S0027,2026-02-03 22:01:20.246188,21
S_STR02563,S_U0005,S0017,2026-02-28 15:45:54.122710,51
S_STR02564,S_U0005,S0040,2026-02-19 02:30:41.914239,230
S_STR02565,S_U0038,S0019,2026-02-25 18:13:56.706202,221
S_STR02566,S_U0054,S0014,2026-02-08 19:53:04.650821,219
S_STR02567,S_U0069,S0043,2026-02-07 09:29:26.829878,133
S_STR02568,S_U0003,S0048,2026-02-11 02:59:55.099200,59
S_STR02569,S_U0038,S0023,2026-02-04 17:40:38.870131,84
S_STR02570,S_U0077,S0030,2026-02-02 19:10:07.342058,274
S_STR02571,S_U0038,S0028,2026-02-25 08:06:04.079807,54
S_STR02572,S_U0003,S0035,2026-02-18 03:43:35.914120,65
S_STR02573,S_U0068,S0047,2026-02-03 08:51:16.287059,66
S_STR02574,S_U0037,S0015,2026-02-06 12:39:41.992652,241
S_STR02575,S_U0017,S0033,2026-02-18 23:06:34.125667,235
S_STR02576,S_U0070,S0048,2026-02-12 15:33:53.549054,117
S_STR02577,S_U0063,S0033,2026-02-18 12:51:14.895913,78
S_STR02578,S_U0024,S0049,2026-02-12 09:31:29.404820,199
S_STR02579,S_U0021,S0046,2026-02-05 11:44:15.632982,130
S_STR02580,S_U0097,S0045,2026-02-08 15:55:21.077405,206
S_STR02581,S_U0089,S0036,2026-02-22 02:35:20.499748,150
S_STR02582,S_U0084,S0045,2026-02-04 13:52:17.456116,169
S_STR02583,S_U0052,S0010,2026-02-04 00:29:12.577023,81
S_STR02584,S_U0100,S0039,2026-02-14 22:38:28.705687,62
S_STR02585,S_U0035,S0012,2026-02-15 12:30:27.854655,43
S_STR02586,S_U0082,S0048,2026-02-22 23:22:54.600652,80
S_STR02587,S_U0074,S0007,2026-02-22 22:58:03.238629,15
S_STR02588,S_U0026,S0024,2026-02-28 22:02:48.039601,146
S_STR02589,S_U0050,S0022,2026-02-05 23:50:40.402400,254
S_STR02590,S_U0019,S0049,2026-02-11 23:17:29.724960,215
S_STR02591,S_U0023,S0047,2026-02-15 20:49:56.233906,160
S_STR02592,S_U0092,S0009,2026-02-08 20:37:08.221339,120
S_STR02593,S_U0085,S0028,2026-02-21 04:35:02.326252,96
S_STR02594,S_U0100,S0020,2026-02-03 08:16:30.387129,233
S_STR02595,S_U0024,S0039,2026-02-22 20:28:16.095675,67
S_STR02596,S_U0009,S0021,2026-02-20 09:11:23.331949,61
S_STR02597,S_U0004,S0046,2026-02-14 20:20:03.093026,91
S_STR02598,S_U0004,S0049,2026-02-13 23:18:29.282979,165
S_STR02599,S_U0078,S0040,2026-02-21 12:18:33.066760,114
S_STR02600,S_U0008,S0038,2026-02-20 03:45:29.239857,116
S_STR02601,S_U0095,S0049,2026-02-10 18:49:47.585617,76
S_STR02602,S_U0041,S0039,2026-02-20 07:19:10.776670,30
S_STR02603,S_U0022,S0050,2026-02-19 20:34:34.263895,21
S_STR02604,S_U0085,S0047,2026-02-23 01:44:42.508504,136
S_STR02605,S_U0077,S0046,2026-02-06 19:25:54.172101,90
S_STR02606,S_U0071,S0046,2026-02-09 11:38:01.336393,105
S_STR02607,S_U0043,S0021,2026-02-04 18:41:38.596033,227
S_STR02608,S_U0050,S0031,2026-02-19 04:17:57.598557,43
S_STR02609,S_U0068,S0048,2026-02-06 13:23:54.707524,20
S_STR02610,S_U0065,S0023,2026-02-17 10:51:41.291600,9
S_STR02611,S_U0071,S0016,2026-02-16 11:15:16.067103,192
S_STR02612,S_U0046,S0047,2026-02-16 06:45:50.099093,50
S_STR02613,S_U0051,S0022,2026-02-08 15:39:04.283709,124
S_STR02614,S_U0064,S0017,2026-02-11 22:46:27.313446,65
S_STR02615,S_U0045,S0015,2026-02-21 08:51:43.659260,193
S_STR02616,S_U0009,S0011,2026-02-09 08:32:29.886184,60
S_STR02617,S_U0096,S0030,2026-02-06 19:21:00.051472,16
S_STR02618,S_U0097,S0018,2026-02-21 04:23:36.831801,144
S_STR02619,S_U0009,S0030,2026-02-08 17:25:52.048987,175
S_STR02620,S_U0020,S0038,2026-02-27 19:39:32.606948,130
S_STR02621,S_U0093,S0006,2026-02-25 13:00:36.801892,20
S_STR02622,S_U0056,S0030,2026-02-08 06:24:14.954670,247
S_STR02623,S_U0008,S0045,2026-02-14 21:49:03.784384,106
S_STR02624,S_U0037,S0030,2026-02-18 16:35:24.611305,255
S_STR02625,S_U0090,S0035,2026-02-16 10:49:34.421589,87
S_STR02626,S_U0022,S0026,2026-02-01 02:01:31.299054,133
S_STR02627,S_U0045,S0043,2026-02-02 06:09:06.268095,37
S_STR02628,S_U0010,S0035,2026-02-09 15:05:05.706096,127
S_STR02629,S_U0038,S0030,2026-02-15 09:09:26.752969,234
S_STR02630,S_U0083,S0039,2026-02-28 02:42:51.766649,161
S_STR02631,S_U0047,S0037,2026-02-20 16:29:00.561463,69
S_STR02632,S_U0075,S0039,2026-02-08 16:51:35.933009,98
S_STR02633,S_U0031,S0043,2026-02-14 21:50:01.540373,9
S_STR02634,S_U0083,S0037,2026-02-03 04:42:03.660887,198
S_STR02635,S_U0071,S0046,2026-02-12 09:01:56.284778,127
S_STR02636,S_U0094,S0045,2026-02-06 07:21:14.064682,58
S_STR02637,S_U0081,S0010,2026-02-14 16:20:54.154987,149
S_STR02638,S_U0062,S0039,2026-02-23 16:53:12.401163,161
S_STR02639,S_U0068,S0044,2026-02-28 06:59:50.813755,295
S_STR02640,S_U0087,S0039,2026-02-26 12:46:40.785514,23
S_STR02641,S_U0030,S0028,2026-02-28 15:49:12.879010,113
S_STR02642,S_U0044,S0030,2026-02-11 16:07:47.196574,155
S_STR02643,S_U0082,S0041,2026-02-13 11:18:04.358518,122
S_STR02644,S_U0047,S0006,2026-03-02 06:12:43.759734,238
S_STR02645,S_U0058,S0031,2026-02-27 13:49:55.631437,18
S_STR02646,S_U0003,S0032,2026-02-12 18:38:54.040560,192
S_STR02647,S_U0040,S0014,2026-02-03 11:41:03.363662,133
S_STR02648,S_U0080,S0038,2026-02-27 23:09:41.256605,88
S_STR02649,S_U0058,S0050,2026-01-31 23:36:34.981488,169
S_STR02650,S_U0034,S0042,2026-02-06 15:58:22.359780,64
S_STR02651,S_U0012,S0050,2026-02-16 20:32:40.300747,212
S_STR02652,S_U0064,S0024,2026-02-16 23:00:35.015412,83
S_STR02653,S_U0038,S0039,2026-02-15 15:06:31.518560,100
S_STR02654,S_U0085,S0050,2026-02-17 22:00:40.978682,96
S_STR02655,S_U0095,S0040,2026-02-03 11:07:17.784238,26
S_STR02656,S_U0005,S0037,2026-02-20 11:34:03.478427,36
S_STR02657,S_U0054,S0033,2026-02-18 07:27:45.274937,333
S_STR02658,S_U0046,S0045,2026-02-24 01:28:45.111151,92
S_STR02659,S_U0013,S0029,2026-02-26 16:25:02.636528,198
S_STR02660,S_U0058,S0006,2026-02-08 04:20:33.008289,114
S_STR02661,S_U0035,S0035,2026-02-27 01:50:26.119208,101
S_STR02662,S_U0007,S0044,2026-02-25 07:37:29.007777,266
S_STR02663,S_U0042,S0006,2026-01-31 20:21:24.219123,311
S_STR02664,S_U0045,S0043,2026-02-12 21:20:47.668730,114
S_STR02665,S_U0074,S0011,2026-02-05 12:19:33.854231,107
S_STR02666,S_U0064,S0013,2026-02-23 08:14:45.686925,117
S_STR02667,S_U0018,S0002,2026-02-11 19:03:23.295923,93
S_STR02668,S_U0066,S0036,2026-02-22 03:39:08.842593,51
S_STR02669,S_U0043,S0049,2026-02-25 01:24:10.492736,75
S_STR02670,S_U0036,S0020,2026-02-07 00:30:17.000022,116
S_STR02671,S_U0025,S0040,2026-02-11 00:22:38.200634,7
S_STR02672,S_U0091,S0038,2026-02-04 21:34:39.947816,86
S_STR02673,S_U0060,S0021,2026-02-02 19:35:21.239335,113
S_STR02674,S_U0081,S0049,2026-02-23 12:58:44.746284,134
S_STR02675,S_U0082,S0034,2026-02-21 21:45:13.599584,66
S_STR02676,S_U0080,S0015,2026-02-28 21:31:50.145392,98
S_STR02677,S_U0003,S0028,2026-02-22 15:21:19.851902,190
S_STR02678,S_U0085,S0032,2026-02-24 06:13:22.840409,216
S_STR02679,S_U0001,S0042,2026-02-27 03:55:20.386755,97
S_STR02680,S_U0082,S0050,2026-02-27 18:42:44.690620,61
S_STR02681,S_U0056,S0050,2026-02-20 19:56:04.624164,152
S_STR02682,S_U0077,S0040,2026-02-21 04:23:30.948399,98
S_STR02683,S_U0001,S0041,2026-02-27 12:46:14.554933,64
S_STR02684,S_U0025,S0049,2026-02-21 02:04:25.160429,63
S_STR02685,S_U0051,S0042,2026-03-01 20:29:21.541485,174
S_STR02686,S_U0053,S0048,2026-02-11 10:12:36.862109,18
S_STR02687,S_U0054,S0008,2026-01-31 15:56:07.406230,283
S_STR02688,S_U0084,S0050,2026-02-23 04:19:40.050467,263
S_STR02689,S_U0064,S0016,2026-02-22 17:17:44.552882,60
S_STR02690,S_U0008,S0042,2026-02-20 08:28:29.763058,199
S_STR02691,S_U0013,S0049,2026-02-17 21:16:25.864712,71
S_STR02692,S_U0005,S0048,2026-02-03 20:39:14.077326,76
S_STR02693,S_U0061,S0020,2026-02-03 23:19:37.007709,64
S_STR02694,S_U0020,S0014,2026-02-02 08:53:28.931987,124
S_STR02695,S_U0020,S0032,2026-02-27 04:52:12.141685,186
S_STR02696,S_U0084,S0025,2026-02-15 09:34:50.082007,126
S_STR02697,S_U0066,S0047,2026-02-20 16:42:25.440949,45
S_STR02698,S_U0085,S0046,2026-02-25 20:38:49.290748,73
S_STR02699,S_U0099,S0039,2026-02-19 08:13:22.841160,146
S_STR02700,S_U0093,S0010,2026-02-24 08:06:21.316620,75
S_STR02701,S_U0048,S0045,2026-02-02 12:18:17.025992,177
S_STR02702,S_U0048,S0027,2026-02-04 02:11:54.080857,138
S_STR02703,S_U0038,S0030,2026-02-02 19:42:51.348630,238
S_STR02704,S_U0088,S0045,2026-02-25 15:05:10.418748,13
S_STR02705,S_U0010,S0023,2026-03-01 11:26:52.745681,133
S_STR02706,S_U0085,S0044,2026-02-27 17:19:20.471902,108
S_STR02707,S_U0068,S0007,2026-02-13 13:03:57.515998,108
S_STR02708,S_U0079,S0039,2026-02-25 05:48:21.533123,85
S_STR02709,S_U0015,S0033,2026-02-19 17:38:02.999002,310
S_STR02710,S_U0076,S0041,2026-02-25 22:51:24.880161,61
S_STR02711,S_U0022,S0037,2026-02-24 07:20:44.531894,96
S_STR02712,S_U0018,S0030,2026-02-25 23:39:17.640034,280
S_STR02713,S_U0018,S0048,2026-02-07 07:13:47.431393,95
S_STR02714,S_U0033,S0009,2026-02-05 19:16:17.550179,131
S_STR02715,S_U0001,S0048,2026-02-12 17:05:22.847082,20
S_STR02716,S_U0083,S0030,2026-02-04 07:55:18.891678,269
S_STR02717,S_U0055,S0015,2026-02-12 10:10:10.519086,32
S_STR02718,S_U0039,S0028,2026-02-26 00:02:09.077103,142
S_STR02719,S_U0074,S0031,2026-02-22 10:46:13.606015,40
S_STR02720,S_U0063,S0047,2026-02-17 07:09:11.992146,104
S_STR02721,S_U0023,S0040,2026-02-05 13:01:30.157671,132
S_STR02722,S_U0005,S0032,2026-02-04 03:28:43.407322,168
S_STR02723,S_U0061,S0033,2026-02-21 12:35:06.499161,209
S_STR02724,S_U0063,S0033,2026-02-21 01:58:37.562190,217
S_STR02725,S_U0091,S0040,2026-02-08 21:07:36.183291,203
S_STR02726,S_U0080,S0025,2026-02-26 02:52:51.002188,76
S_STR02727,S_U0046,S0029,2026-03-02 04:47:31.422113,217
S_STR02728,S_U0043,S0031,2026-03-01 09:05:40.681318,31
S_STR02729,S_U0047,S0029,2026-02-22 18:55:44.627491,161
S_STR02730,S_U0029,S0040,2026-02-11 16:59:06.002394,248
S_STR02731,S_U0098,S0050,2026-02-23 01:11:16.902196,55
S_STR02732,S_U0040,S0013,2026-02-09 19:58:00.723869,216
S_STR02733,S_U0077,S0047,2026-02-08 14:21:59.338411,113
S_STR02734,S_U0078,S0035,2026-02-01 14:07:57.335657,119
S_STR02735,S_U0074,S0043,2026-02-02 12:19:33.905511,98
S_STR02736,S_U0026,S0045,2026-02-23 17:28:27.634147,103
S_STR02737,S_U0046,S0019,2026-02-25 11:06:05.408046,182
S_STR02738,S_U0092,S0022,2026-02-23 03:16:58.004845,349
S_STR02739,S_U0026,S0033,2026-02-01 18:58:23.304109,133
S_STR02740,S_U0022,S0050,2026-03-02 09:35:14.959045,146
S_STR02741,S_U0039,S0013,2026-02-05 07:40:07.712363,45
S_STR02742,S_U0039,S0026,2026-02-17 04:49:47.958335,183
S_STR02743,S_U0016,S0046,2026-02-20 03:04:46.712253,63
S_STR02744,S_U0077,S0048,2026-02-17 16:10:28.748942,125
S_STR02745,S_U0045,S0004,2026-02-21 01:10:49.905503,39
S_STR02746,S_U0043,S0037,2026-02-25 01:53:44.302933,230
S_STR02747,S_U0089,S0046,2026-02-04 03:43:53.641224,35
S_STR02748,S_U0019,S0033,2026-02-09 08:39:52.040585,174
S_STR02749,S_U0006,S0047,2026-02-16 17:14:55.893322,129
S_STR02750,S_U0065,S0015,2026-02-28 13:26:50.882655,175
S_STR02751,S_U0080,S0034,2026-02-08 08:29:47.966651,29
S_STR02752,S_U0073,S0019,2026-02-02 21:07:58.334016,82
S_STR02753,S_U0092,S0017,2026-02-01 06:08:51.994058,156
S_STR02754,S_U0085,S0044,2026-02-13 09:19:55.120827,260
S_STR02755,S_U0037,S0019,2026-02-06 07:02:46.547700,29
S_STR02756,S_U0044,S0045,2026-02-02 14:11:27.480458,114
S_STR02757,S_U0005,S0037,2026-02-19 04:21:25.306143,189
S_STR02758,S_U0066,S0021,2026-02-27 10:58:57.287575,48
S_STR02759,S_U0094,S0035,2026-02-24 17:28:38.904690,122
S_STR02760,S_U0026,S0027,2026-02-14 16:43:39.964462,10
S_STR02761,S_U0064,S0019,2026-02-09 19:15:42.667539,43
S_STR02762,S_U0090,S0025,2026-02-14 17:45:19.994379,109
S_STR02763,S_U0046,S0011,2026-02-24 20:03:16.919928,76
S_STR02764,S_U0047,S0047,2026-02-11 16:27:57.149656,8
S_STR02765,S_U0049,S0047,2026-02-26 16:18:28.497711,71
S_STR02766,S_U0083,S0045,2026-02-09 06:38:33.693685,243
S_STR02767,S_U0085,S0033,2026-02-05 20:04:31.703397,299
S_STR02768,S_U0064,S0040,2026-02-17 13:52:30.350751,200
S_STR02769,S_U0033,S0028,2026-03-02 06:35:20.832639,157
S_STR02770,S_U0029,S0030,2026-02-23 03:33:19.798624,39
S_STR02771,S_U0029,S0018,2026-02-17 16:42:20.109027,176
S_STR02772,S_U0016,S0038,2026-02-07 14:17:47.215044,97
S_STR02773,S_U0066,S0050,2026-02-18 18:25:44.969166,177
S_STR02774,S_U0031,S0018,2026-02-27 21:08:40.316934,79
S_STR02775,S_U0076,S0041,2026-02-07 12:41:04.480858,101
S_STR02776,S_U0055,S0031,2026-02-11 10:43:50.808721,60
S_STR02777,S_U0056,S0032,2026-02-16 03:51:48.660739,209
S_STR02778,S_U0023,S0050,2026-02-04 14:49:40.353775,231
S_STR02779,S_U0081,S0050,2026-02-05 19:16:34.246006,268
S_STR02780,S_U0075,S0045,2026-01-31 18:03:33.118616,64
S_STR02781,S_U0077,S0036,2026-02-22 09:58:46.023144,162
S_STR02782,S_U0070,S0050,2026-02-22 02:35:00.182403,19
S_STR02783,S_U0079,S0041,2026-02-11 01:10:59.761616,61
S_STR02784,S_U0059,S0015,2026-02-02 00:30:36.787494,6
S_STR02785,S_U0044,S0017,2026-02-13 09:25:24.047132,121
S_STR02786,S_U0041,S0022,2026-02-02 21:24:41.565303,86
S_STR02787,S_U0051,S0047,2026-02-02 07:10:26.526073,164
S_STR02788,S_U0002,S0014,2026-02-15 19:08:24.416300,125
S_STR02789,S_U0060,S0035,2026-02-21 01:06:36.804325,62
S_STR02790,S_U0030,S0035,2026-02-13 11:03:24.966842,98
S_STR02791,S_U0040,S0049,2026-02-05 21:56:36.402354,115
S_STR02792,S_U0005,S0043,2026-02-28 15:29:03.688191,25
S_STR02793,S_U0004,S0024,2026-02-07 14:46:52.659070,20
S_STR02794,S_U0039,S0043,2026-02-27 03:30:30.839365,177
S_STR02795,S_U0017,S0025,2026-02-17 04:54:48.965787,66
S_STR02796,S_U0097,S0028,2026-02-09 23:00:35.685568,88
S_STR02797,S_U0065,S0046,2026-02-17 15:40:55.092833,100
S_STR02798,S_U0034,S0032,2026-02-27 03:42:49.475632,96
S_STR02799,S_U0092,S0017,2026-02-08 03:12:38.160021,166
S_STR02800,S_U0084,S0030,2026-02-17 10:19:34.356114,125
S_STR02801,S_U0044,S0047,2026-02-16 19:15:17.386463,118
S_STR02802,S_U0039,S0050,2026-02-19 14:10:44.700834,163
S_STR02803,S_U0098,S0037,2026-02-17 12:05:02.280315,92
S_STR02804,S_U0092,S0044,2026-02-09 12:40:32.283490,39
S_STR02805,S_U0022,S0032,2026-02-16 20:15:47.805527,64
S_STR02806,S_U0068,S0036,2026-02-22 13:39:26.539346,135
S_STR02807,S_U0028,S0030,2026-02-10 18:26:42.256358,277
S_STR02808,S_U0095,S0036,2026-02-25 18:32:15.875194,238
S_STR02809,S_U0061,S0049,2026-02-28 02:49:53.470888,72
S_STR02810,S_U0050,S0036,2026-02-05 19:30:35.603666,216
S_STR02811,S_U0025,S0026,2026-02-14 02:37:18.284838,94
S_STR02812,S_U0045,S0030,2026-02-24 18:36:24.945077,240
S_STR02813,S_U0076,S0037,2026-02-23 23:08:41.040059,14
S_STR02814,S_U0002,S0034,2026-02-11 03:33:47.633034,103
S_STR02815,S_U0084,S0045,2026-02-18 15:54:07.854400,209
S_STR02816,S_U0074,S0050,2026-02-18 18:37:53.705861,67
S_STR02817,S_U0039,S0043,2026-02-03 00:59:36.251491,176
S_STR02818,S_U0009,S0045,2026-02-01 04:06:23.302478,161
S_STR02819,S_U0058,S0023,2026-03-02 04:17:38.611070,136
S_STR02820,S_U0087,S0033,2026-02-08 08:10:06.555750,18
S_STR02821,S_U0007,S0049,2026-02-07 05:29:52.475199,109
S_STR02822,S_U0025,S0027,2026-02-07 05:20:36.418738,84
S_STR02823,S_U0036,S0043,2026-02-08 02:11:37.856066,123
S_STR02824,S_U0099,S0043,2026-02-01 01:57:21.999754,98
S_STR02825,S_U0035,S0036,2026-02-24 19:07:43.227232,22
S_STR02826,S_U0007,S0035,2026-02-23 05:39:22.727837,60
S_STR02827,S_U0040,S0021,2026-02-24 00:59:21.042355,150
S_STR02828,S_U0058,S0048,2026-02-04 09:37:21.673696,112
S_STR02829,S_U0054,S0025,2026-02-19 02:48:21.906653,59
S_STR02830,S_U0089,S0030,2026-02-05 00:21:20.265437,133
S_STR02831,S_U0024,S0028,2026-02-13 12:34:47.201525,78
S_STR02832,S_U0096,S0037,2026-03-01 23:09:56.924730,254
S_STR02833,S_U0100,S0025,2026-02-16 16:51:42.429919,34
S_STR02834,S_U0099,S0020,2026-02-04 05:59:00.355657,39
S_STR02835,S_U0098,S0047,2026-02-21 20:23:10.005268,116
S_STR02836,S_U0053,S0040,2026-02-20 06:21:08.203614,81
S_STR02837,S_U0014,S0039,2026-02-28 08:06:15.567776,74
S_STR02838,S_U0040,S0035,2026-02-28 07:21:25.345831,113
S_STR02839,S_U0007,S0037,2026-02-14 11:48:44.963560,14
S_STR02840,S_U0075,S0017,2026-02-27 20:15:26.578600,9
S_STR02841,S_U0055,S0050,2026-02-18 23:43:08.856720,243
S_STR02842,S_U0034,S0022,2026-02-08 22:34:25.553615,344
S_STR02843,S_U0009,S0040,2026-02-13 12:24:52.763136,83
S_STR02844,S_U0097,S0043,2026-02-22 19:53:44.487221,87
S_STR02845,S_U0099,S0050,2026-02-02 23:58:17.816514,39
S_STR02846,S_U0059,S0046,2026-02-06 06:29:32.142114,114
S_STR02847,S_U0043,S0049,2026-02-03 11:46:56.998378,79
S_STR02848,S_U0067,S0033,2026-02-24 22:36:47.451700,234
S_STR02849,S_U0030,S0027,2026-02-21 02:09:28.618814,16
S_STR02850,S_U0021,S0050,2026-02-26 09:19:10.688460,261
S_STR02851,S_U0012,S0044,2026-02-07 01:11:54.798585,102
S_STR02852,S_U0089,S0025,2026-02-04 13:15:42.348593,96
S_STR02853,S_U0045,S0041,2026-02-21 15:35:49.582413,85
S_STR02854,S_U0014,S0017,2026-02-11 18:14:53.543928,33
S_STR02855,S_U0026,S0027,2026-03-02 07:16:59.410850,82
S_STR02856,S_U0093,S0047,2026-02-26 13:20:41.504845,160
S_STR02857,S_U0084,S0040,2026-02-13 12:13:29.813789,154
S_STR02858,S_U0069,S0032,2026-02-27 20:20:19.573590,147
S_STR02859,S_U0085,S0021,2026-02-20 11:22:49.081324,91
S_STR02860,S_U0100,S0039,2026-02-14 04:48:46.131409,112
S_STR02861,S_U0050,S0039,2026-02-08 22:07:26.942754,167
S_STR02862,S_U0068,S0034,2026-02-20 17:20:30.771948,45
S_STR02863,S_U0073,S0036,2026-02-01 15:44:55.106503,59
S_STR02864,S_U0031,S0046,2026-02-26 05:04:30.810352,115
S_STR02865,S_U0093,S0038,2026-02-26 00:17:47.073980,29
S_STR02866,S_U0037,S0047,2026-01-31 14:07:52.730509,24
S_STR02867,S_U0031,S0019,2026-02-28 06:45:03.312517,177
S_STR02868,S_U0097,S0040,2026-02-20 22:53:34.215729,89
S_STR02869,S_U0055,S0027,2026-02-26 04:11:08.715034,125
S_STR02870,S_U0043,S0036,2026-02-02 03:03:13.967891,220
S_STR02871,S_U0084,S0046,2026-02-10 14:41:08.917472,69
S_STR02872,S_U0097,S0030,2026-02-10 02:13:50.831809,248
S_STR02873,S_U0017,S0048,2026-02-08 09:41:00.453200,113
S_STR02874,S_U0061,S0041,2026-02-01 10:43:17.518883,153
S_STR02875,S_U0085,S0048,2026-02-25 17:10:51.723564,39
S_STR02876,S_U0017,S0050,2026-02-18 13:21:22.923875,122
S_STR02877,S_U0059,S0022,2026-02-28 06:24:03.047176,336
S_STR02878,S_U0022,S0048,2026-03-01 08:02:35.156845,12
S_STR02879,S_U0070,S0013,2026-02-04 03:36:13.879982,228
S_STR02880,S_U0073,S0016,2026-02-16 10:16:36.043603,21
S_STR02881,S_U0023,S0041,2026-02-16 19:38:02.148444,121
S_STR02882,S_U0019,S0024,2026-02-01 13:40:23.810118,46
S_STR02883,S_U0096,S0019,2026-02-03 02:28:54.330146,152
S_STR02884,S_U0014,S0049,2026-02-15 04:25:57.479442,229
S_STR02885,S_U0062,S0006,2026-02-01 12:22:18.137256,218
S_STR02886,S_U0030,S0032,2026-02-22 20:39:33.841582,55
S_STR02887,S_U0077,S0013,2026-02-11 06:39:22.451448,65
S_STR02888,S_U0093,S0021,2026-02-20 19:10:41.530356,57
S_STR02889,S_U0076,S0026,2026-02-22 10:04:06.763463,150
S_STR02890,S_U0095,S0037,2026-02-01 20:00:27.242173,185
S_STR02891,S_U0035,S0020,2026-02-19 21:51:50.997482,154
S_STR02892,S_U0093,S0049,2026-02-24 14:18:36.848464,27
S_STR02893,S_U0056,S0035,2026-02-19 12:00:49.397276,61
S_STR02894,S_U0049,S0044,2026-02-07 04:10:18.853844,308
S_STR02895,S_U0099,S0050,2026-02-12 00:37:37.680672,170
S_STR02896,S_U0099,S0023,2026-02-25 06:41:23.107634,54
S_STR02897,S_U0070,S0031,2026-02-17 17:33:34.311607,157
S_STR02898,S_U0092,S0049,2026-02-09 21:24:19.772465,125
S_STR02899,S_U0050,S0033,2026-02-28 00:16:52.736634,147
S_STR02900,S_U0010,S0024,2026-02-09 12:54:15.740117,63
S_STR02901,S_U0037,S0046,2026-02-27 14:47:32.090404,80
S_STR02902,S_U0069,S0040,2026-02-11 15:41:15.229846,199
S_STR02903,S_U0020,S0038,2026-02-10 08:50:57.548161,23
S_STR02904,S_U0096,S0017,2026-02-11 03:10:58.592620,118
S_STR02905,S_U0028,S0035,2026-02-24 10:18:34.860200,26
S_STR02906,S_U0079,S0041,2026-02-04 08:19:33.161413,140
S_STR02907,S_U0008,S0033,2026-02-28 13:57:21.075110,135
S_STR02908,S_U0080,S0028,2026-02-20 02:09:18.215801,9
S_STR02909,S_U0063,S0043,2026-02-18 12:12:09.259924,193
S_STR02910,S_U0001,S0043,2026-02-01 16:15:24.385299,158
S_STR02911,S_U0062,S0048,2026-02-12 11:27:13.638494,31
S_STR02912,S_U0012,S0033,2026-02-28 13:39:31.835233,28
S_STR02913,S_U0023,S0041,2026-02-17 22:35:21.638613,116
S_STR02914,S_U0018,S0036,2026-02-01 00:44:07.080317,240
S_STR02915,S_U0032,S0046,2026-02-13 05:12:10.630848,119
S_STR02916,S_U0087,S0041,2026-02-15 10:59:13.804289,78
S_STR02917,S_U0099,S0028,2026-02-23 23:32:58.749618,83
S_STR02918,S_U0068,S0008,2026-02-04 16:24:08.446986,141
S_STR02919,S_U0072,S0032,2026-02-07 20:10:48.329069,168
S_STR02920,S_U0054,S0024,2026-02-18 12:58:22.096069,136
S_STR02921,S_U0070,S0012,2026-02-17 06:46:51.893667,60
S_STR02922,S_U0073,S0049,2026-02-06 07:54:27.598982,134
S_STR02923,S_U0035,S0050,2026-02-15 08:46:03.995922,78
S_STR02924,S_U0033,S0023,2026-02-21 23:50:27.745189,78
S_STR02925,S_U0021,S0034,2026-02-27 14:54:03.203275,89
S_STR02926,S_U0009,S0024,2026-02-18 00:17:59.276821,103
S_STR02927,S_U0096,S0031,2026-02-12 11:47:17.813821,153
S_STR02928,S_U0044,S0026,2026-02-13 17:12:28.253788,177
S_STR02929,S_U0085,S0043,2026-02-09 05:58:20.039322,5
S_STR02930,S_U0031,S0013,2026-02-28 23:16:05.128926,256
S_STR02931,S_U0018,S0039,2026-02-19 07:51:41.397167,138
S_STR02932,S_U0041,S0034,2026-02-26 18:22:44.355869,96
S_STR02933,S_U0043,S0050,2026-02-07 18:27:38.323383,81
S_STR02934,S_U0061,S0027,2026-02-09 20:19:07.523716,77
S_STR02935,S_U0077,S0022,2026-02-20 23:40:20.824103,209
S_STR02936,S_U0007,S0041,2026-02-10 16:53:32.711014,87
S_STR02937,S_U0037,S0018,2026-02-12 15:42:40.159844,60
S_STR02938,S_U0061,S0020,2026-03-01 13:16:25.940655,161
S_STR02939,S_U0071,S0044,2026-02-18 14:34:54.918594,296
S_STR02940,S_U0008,S0044,2026-02-17 21:40:04.761550,76
S_STR02941,S_U0018,S0028,2026-03-01 22:18:34.115683,130
S_STR02942,S_U0017,S0008,2026-02-15 08:16:41.565928,248
S_STR02943,S_U0064,S0005,2026-02-25 02:47:13.553478,31
S_STR02944,S_U0030,S0047,2026-02-12 23:21:26.106174,158
S_STR02945,S_U0024,S0029,2026-02-02 16:40:31.136047,33
S_STR02946,S_U0053,S0022,2026-02-23 03:07:59.422148,298
S_STR02947,S_U0041,S0042,2026-02-07 17:16:05.076596,161
S_STR02948,S_U0014,S0020,2026-02-21 17:27:00.713837,104
S_STR02949,S_U0072,S0018,2026-02-10 18:08:39.578203,11
S_STR02950,S_U0077,S0043,2026-02-19 21:58:59.861547,121
S_STR02951,S_U0077,S0036,2026-03-02 04:08:22.332740,64
S_STR02952,S_U0025,S0031,2026-02-12 07:30:07.044019,39
S_STR02953,S_U0027,S0041,2026-02-10 15:07:33.891009,8
S_STR02954,S_U0034,S0018,2026-02-21 10:44:52.052251,84
S_STR02955,S_U0004,S0026,2026-02-17 14:39:56.021588,149
S_STR02956,S_U0068,S0048,2026-02-10 13:57:33.306072,24
S_STR02957,S_U0087,S0049,2026-02-06 22:54:44.060834,215
S_STR02958,S_U0059,S0034,2026-02-14 09:15:56.159561,29
S_STR02959,S_U0077,S0049,2026-02-17 11:14:54.491704,202
S_STR02960,S_U0081,S0044,2026-02-09 03:41:41.854041,7
S_STR02961,S_U0013,S0049,2026-03-01 06:33:19.622862,48
S_STR02962,S_U0012,S0038,2026-02-02 14:39:08.114283,54
S_STR02963,S_U0001,S0050,2026-02-12 01:54:58.175993,221
S_STR02964,S_U0084,S0046,2026-02-15 02:26:56.786405,117
S_STR02965,S_U0059,S0009,2026-02-06 13:38:47.222220,178
S_STR02966,S_U0060,S0007,2026-02-02 21:59:32.185810,51
S_STR02967,S_U0017,S0044,2026-02-17 10:15:05.651055,172
S_STR02968,S_U0039,S0050,2026-02-20 04:00:50.803052,47
S_STR02969,S_U0091,S0036,2026-02-24 11:37:00.999353,238
S_STR02970,S_U0007,S0044,2026-02-07 18:15:27.411201,225
S_STR02971,S_U0080,S0042,2026-02-27 08:57:49.711904,195
S_STR02972,S_U0009,S0041,2026-02-24 09:20:00.761425,113
S_STR02973,S_U0041,S0021,2026-02-04 11:09:24.417091,175
S_STR02974,S_U0086,S0050,2026-02-14 16:30:50.217580,243
S_STR02975,S_U0010,S0046,2026-02-22 16:30:16.436418,40
S_STR02976,S_U0040,S0045,2026-02-04 23:25:34.054446,86
S_STR02977,S_U0052,S0026,2026-02-04 01:14:07.817852,51
S_STR02978,S_U0100,S0030,2026-02-09 09:14:07.429831,258
S_STR02979,S_U0094,S0046,2026-02-21 00:50:04.004230,48
S_STR02980,S_U0008,S0017,2026-02-03 18:36:56.727351,177
S_STR02981,S_U0054,S0018,2026-02-13 15:53:29.684242,57
S_STR02982,S_U0086,S0027,2026-02-06 16:32:07.897151,74
S_STR02983,S_U0034,S0035,2026-03-01 05:17:20.539978,115
S_STR02984,S_U0035,S0021,2026-02-27 21:57:06.539531,43
S_STR02985,S_U0033,S0035,2026-02-04 13:34:12.853517,127
S_STR02986,S_U0058,S0036,2026-02-12 17:37:15.793466,142
S_STR02987,S_U0008,S0020,2026-02-10 19:54:24.757372,93
S_STR02988,S_U0096,S0030,2026-02-16 08:32:44.598938,135
S_STR02989,S_U0095,S0047,2026-02-11 02:05:54.397181,58
S_STR02990,S_U0049,S0030,2026-02-23 10:13:11.335490,27
S_STR02991,S_U0005,S0028,2026-02-08 09:44:31.040781,79
S_STR02992,S_U0075,S0046,2026-02-15 19:33:17.028857,11
S_STR02993,S_U0001,S0033,2026-03-01 07:22:44.810727,298
S_STR02994,S_U0055,S0044,2026-02-08 18:30:38.470833,265
S_STR02995,S_U0001,S0014,2026-02-07 17:15:46.881209,187
S_STR02996,S_U0081,S0050,2026-02-05 19:27:11.897249,230
S_STR02997,S_U0036,S0046,2026-02-28 17:58:20.562782,114
S_STR02998,S_U0032,S0014,2026-02-02 20:38:07.389933,52
S_STR02999,S_U0022,S0023,2026-02-07 09:47:08.773583,72
S_STR03000,S_U0024,S0025,2026-02-09 19:52:06.673712,16
S_STR03001,S_U0013,S0050,2026-02-12 03:09:05.125358,213
S_STR03002,S_U0090,S0044,2026-02-16 01:18:09.688493,148
S_STR03003,S_U0055,S0036,2026-02-22 13:57:04.668240,136
S_STR03004,S_U0034,S0044,2026-02-09 00:36:02.757606,63
S_STR03005,S_U0087,S0008,2026-02-04 05:00:11.018405,243
S_STR03006,S_U0025,S0046,2026-02-07 18:18:14.469328,62
S_STR03007,S_U0026,S0049,2026-02-17 12:02:58.966805,54
S_STR03008,S_U0013,S0043,2026-03-02 10:40:11.505455,146
S_STR03009,S_U0074,S0026,2026-02-06 14:26:22.575463,95
S_STR03010,S_U0090,S0041,2026-02-28 22:39:18.343385,15
S_STR03011,S_U0015,S0015,2026-02-08 23:54:27.306673,86
S_STR03012,S_U0041,S0021,2026-02-05 08:00:13.703268,217
S_STR03013,S_U0081,S0029,2026-02-24 20:22:28.250343,222
S_STR03014,S_U0006,S0042,2026-02-25 03:50:55.451129,176
S_STR03015,S_U0057,S0035,2026-02-03 14:50:37.145091,115
S_STR03016,S_U0092,S0010,2026-02-18 03:14:11.918880,111
S_STR03017,S_U0084,S0040,2026-02-18 12:16:27.899529,64
S_STR03018,S_U0014,S0023,2026-02-06 07:12:59.487054,10
S_STR03019,S_U0049,S0039,2026-02-22 09:13:37.240791,172
S_STR03020,S_U0012,S0030,2026-03-01 00:46:55.293175,149
S_STR03021,S_U0045,S0003,2026-02-06 21:52:52.877002,180
S_STR03022,S_U0097,S0022,2026-02-13 20:20:38.634912,252
S_STR03023,S_U0091,S0017,2026-02-08 03:31:41.353190,70
S_STR03024,S_U0093,S0042,2026-02-07 03:04:03.920199,210
S_STR03025,S_U0052,S0036,2026-02-07 16:28:12.661323,32
S_STR03026,S_U0095,S0049,2026-02-11 19:43:56.979973,142
S_STR03027,S_U0051,S0043,2026-02-25 21:03:19.943656,176
S_STR03028,S_U0026,S0030,2026-02-20 21:56:50.307380,233
S_STR03029,S_U0048,S0040,2026-02-20 22:05:19.712018,98
S_STR03030,S_U0031,S0030,2026-02-03 00:42:54.325275,121
S_STR03031,S_U0039,S0027,2026-02-21 08:09:41.506469,69
S_STR03032,S_U0100,S0046,2026-02-27 20:44:24.647974,84
S_STR03033,S_U0049,S0046,2026-02-15 10:04:13.207658,113
S_STR03034,S_U0009,S0027,2026-02-13 17:50:30.213688,142
S_STR03035,S_U0028,S0047,2026-02-01 12:08:17.532632,143
S_STR03036,S_U0073,S0035,2026-02-01 16:20:43.950351,53
S_STR03037,S_U0062,S0029,2026-02-18 23:55:50.451152,239
S_STR03038,S_U0085,S0038,2026-02-22 03:39:43.214438,22
S_STR03039,S_U0082,S0033,2026-03-01 23:37:14.537494,185
S_STR03040,S_U0046,S0035,2026-02-01 19:22:33.657564,132
S_STR03041,S_U0098,S0034,2026-02-23 13:33:31.961053,34
S_STR03042,S_U0071,S0024,2026-03-01 12:35:23.829192,85
S_STR03043,S_U0034,S0024,2026-02-02 09:03:44.485248,109
S_STR03044,S_U0079,S0027,2026-02-03 14:49:49.931030,39
S_STR03045,S_U0066,S0042,2026-02-13 12:50:18.388686,161
S_STR03046,S_U0045,S0041,2026-02-20 05:18:47.964189,49
S_STR03047,S_U0053,S0031,2026-03-01 07:00:23.357723,105
S_STR03048,S_U0014,S0043,2026-02-13 22:31:00.647759,155
S_STR03049,S_U0085,S0028,2026-02-15 16:30:52.230541,187
S_STR03050,S_U0025,S0039,2026-02-18 18:37:19.158392,185
S_STR03051,S_U0062,S0032,2026-01-31 17:19:27.077387,236
S_STR03052,S_U0012,S0034,2026-02-02 09:39:37.330357,34
S_STR03053,S_U0064,S0036,2026-02-13 20:31:16.101383,167
S_STR03054,S_U0093,S0037,2026-02-09 22:03:05.993781,254
S_STR03055,S_U0021,S0022,2026-02-07 03:02:15.538071,51
S_STR03056,S_U0095,S0042,2026-02-27 13:13:28.357779,101
S_STR03057,S_U0083,S0040,2026-02-24 05:52:36.780634,22
S_STR03058,S_U0009,S0035,2026-02-03 03:28:39.169145,76
S_STR03059,S_U0060,S0035,2026-02-10 15:04:07.923410,116
S_STR03060,S_U0013,S0047,2026-02-04 17:09:55.170588,166
S_STR03061,S_U0090,S0044,2026-02-23 12:16:21.234977,141
S_STR03062,S_U0027,S0040,2026-02-11 17:11:03.012786,87
S_STR03063,S_U0075,S0032,2026-03-02 10:52:36.764096,193
S_STR03064,S_U0025,S0029,2026-02-02 13:38:19.540713,259
S_STR03065,S_U0093,S0025,2026-02-17 08:46:11.661543,23
S_STR03066,S_U0100,S0017,2026-02-19 02:00:17.742790,64
S_STR03067,S_U0001,S0049,2026-02-27 22:46:51.493233,132
S_STR03068,S_U0081,S0046,2026-02-02 01:06:38.756231,42
S_STR03069,S_U0051,S0047,2026-02-04 05:54:05.010260,147
S_STR03070,S_U0026,S0023,2026-02-06 07:09:08.903062,116
S_STR03071,S_U0010,S0045,2026-02-16 12:57:26.065587,38
S_STR03072,S_U0010,S0040,2026-02-22 10:05:31.674365,19
S_STR03073,S_U0056,S0044,2026-02-18 18:39:52.185740,200
S_STR03074,S_U0084,S0026,2026-02-06 17:28:43.317880,79
S_STR03075,S_U0075,S0032,2026-02-24 06:09:36.753331,121
S_STR03076,S_U0071,S0013,2026-02-05 10:24:47.427252,71
S_STR03077,S_U0069,S0021,2026-02-27 17:53:35.497355,223
S_STR03078,S_U0018,S0030,2026-02-16 17:03:08.001106,252
S_STR03079,S_U0038,S0044,2026-02-08 11:12:09.282952,30
S_STR03080,S_U0013,S0040,2026-02-03 17:33:48.231067,171
S_STR03081,S_U0023,S0032,2026-02-08 12:58:42.699396,221
S_STR03082,S_U0066,S0038,2026-02-26 03:00:23.001060,60
S_STR03083,S_U0039,S0035,2026-03-01 07:00:54.933219,101
S_STR03084,S_U0075,S0035,2026-02-03 11:52:44.888986,22
S_STR03085,S_U0033,S0026,2026-02-20 07:20:23.181100,23
S_STR03086,S_U0006,S0039,2026-02-18 06:01:04.007143,7
S_STR03087,S_U0025,S0038,2026-02-18 09:13:58.802124,38
S_STR03088,S_U0093,S0025,2026-02-08 12:13:16.641981,114
S_STR03089,S_U0020,S0032,2026-02-08 07:45:19.942489,116
S_STR03090,S_U0037,S0038,2026-02-23 21:19:09.675727,30
S_STR03091,S_U0058,S0035,2026-02-23 01:27:47.153528,26
S_STR03092,S_U0073,S0011,2026-02-12 17:33:03.207195,143
S_STR03093,S_U0035,S0014,2026-02-05 18:59:16.026302,199
S_STR03094,S_U0069,S0038,2026-02-16 11:06:24.715211,53
S_STR03095,S_U0083,S0029,2026-02-11 19:46:05.029028,175
S_STR03096,S_U0028,S0034,2026-02-12 05:14:01.927512,23
S_STR03097,S_U0011,S0045,2026-02-17 08:02:02.140644,82
S_STR03098,S_U0058,S0046,2026-02-28 03:09:04.483159,113
S_STR03099,S_U0044,S0038,2026-02-06 12:26:14.332969,101
S_STR03100,S_U0031,S0041,2026-02-08 08:08:04.533760,66
S_STR03101,S_U0085,S0011,2026-02-03 03:42:41.361836,76
S_STR03102,S_U0081,S0047,2026-02-16 09:45:28.521717,151
S_STR03103,S_U0009,S0040,2026-02-07 09:50:23.140952,34
S_STR03104,S_U0044,S0035,2026-02-16 17:12:25.781832,30
S_STR03105,S_U0083,S0026,2026-02-19 17:56:43.080858,39
S_STR03106,S_U0042,S0047,2026-02-27 23:11:13.986067,87
S_STR03107,S_U0017,S0032,2026-02-06 14:55:12.437949,170
S_STR03108,S_U0016,S0039,2026-02-21 06:23:09.202801,155
S_STR03109,S_U0074,S0048,2026-02-18 22:48:24.374098,89
S_STR03110,S_U0083,S0030,2026-02-26 09:34:45.587781,80
S_STR03111,S_U0079,S0011,2026-02-11 19:26:49.674254,94
S_STR03112,S_U0006,S0048,2026-02-13 07:06:12.484637,90
S_STR03113,S_U0066,S0041,2026-03-02 00:14:52.273864,96
S_STR03114,S_U0034,S0044,2026-02-24 06:08:15.635153,237
S_STR03115,S_U0041,S0049,2026-02-01 14:38:47.793180,162
S_STR03116,S_U0014,S0044,2026-02-01 14:02:30.519409,174
S_STR03117,S_U0066,S0039,2026-02-28 06:38:50.758229,32
S_STR03118,S_U0053,S0025,2026-02-05 21:47:35.698165,31
S_STR03119,S_U0089,S0048,2026-03-01 06:52:47.919103,81
S_STR03120,S_U0025,S0034,2026-02-01 08:43:02.131221,18
S_STR03121,S_U0037,S0047,2026-02-20 21:26:32.510139,27
S_STR03122,S_U0068,S0044,2026-02-06 17:23:18.405872,269
S_STR03123,S_U0086,S0027,2026-02-20 00:50:21.589079,9
S_STR03124,S_U0068,S0029,2026-02-12 06:34:50.356158,177
S_STR03125,S_U0089,S0047,2026-02-26 19:14:25.459090,96
S_STR03126,S_U0036,S0019,2026-02-11 08:20:23.699541,136
S_STR03127,S_U0073,S0011,2026-02-03 07:27:38.890801,96
S_STR03128,S_U0053,S0035,2026-02-02 20:18:23.971412,68
S_STR03129,S_U0017,S0020,2026-02-27 07:51:57.295513,68
S_STR03130,S_U0045,S0036,2026-02-25 21:35:21.774561,61
S_STR03131,S_U0007,S0045,2026-02-20 10:54:15.588503,110
S_STR03132,S_U0005,S0034,2026-02-06 03:56:05.473260,110
S_STR03133,S_U0003,S0029,2026-02-12 03:02:38.502337,11
S_STR03134,S_U0012,S0038,2026-02-17 04:47:35.609906,73
S_STR03135,S_U0047,S0016,2026-02-02 12:49:37.377841,49
S_STR03136,S_U0026,S0022,2026-02-22 07:40:44.823122,119
S_STR03137,S_U0032,S0029,2026-02-13 03:04:36.518250,46
S_STR03138,S_U0073,S0041,2026-02-28 05:09:14.882022,53
S_STR03139,S_U0098,S0041,2026-02-24 07:00:22.880788,85
S_STR03140,S_U0069,S0038,2026-02-17 19:31:54.638797,90
S_STR03141,S_U0070,S0027,2026-02-10 21:38:19.943897,65
S_STR03142,S_U0020,S0014,2026-02-11 10:04:12.983960,117
S_STR03143,S_U0018,S0010,2026-02-09 08:53:33.452168,37
S_STR03144,S_U0077,S0036,2026-02-28 17:33:02.773998,97
S_STR03145,S_U0033,S0040,2026-02-25 08:12:53.495193,23
S_STR03146,S_U0005,S0020,2026-02-28 01:20:44.239829,238
S_STR03147,S_U0065,S0018,2026-02-15 04:49:26.633024,123
S_STR03148,S_U0064,S0047,2026-02-16 07:57:56.669444,74
S_STR03149,S_U0035,S0031,2026-03-01 22:31:25.046434,59
S_STR03150,S_U0033,S0041,2026-02-09 08:30:49.462994,102
S_STR03151,S_U0007,S0022,2026-03-01 10:10:54.062950,76
S_STR03152,S_U0025,S0049,2026-02-23 23:15:25.428661,217
S_STR03153,S_U0031,S0043,2026-02-19 11:32:32.827007,67
S_STR03154,S_U0068,S0050,2026-02-22 16:07:45.148394,113
S_STR03155,S_U0077,S0014,2026-02-06 19:55:12.665211,25
S_STR03156,S_U0026,S0026,2026-02-28 08:50:35.166373,177
S_STR03157,S_U0073,S0048,2026-02-11 08:39:04.852602,28
S_STR03158,S_U0099,S0042,2026-02-27 05:18:13.229455,81
S_STR03159,S_U0073,S0024,2026-02-08 04:52:15.591907,105
S_STR03160,S_U0020,S0044,2026-02-09 10:13:47.178707,242
S_STR03161,S_U0082,S0012,2026-02-09 11:39:15.618403,229
S_STR03162,S_U0077,S0048,2026-02-22 12:20:22.355241,32
S_STR03163,S_U0016,S0036,2026-02-08 15:28:22.036093,226
S_STR03164,S_U0050,S0044,2026-02-27 23:01:02.509562,171
S_STR03165,S_U0014,S0045,2026-02-03 10:46:19.269382,187
S_STR03166,S_U0085,S0017,2026-02-03 15:59:24.224646,102
S_STR03167,S_U0084,S0034,2026-02-10 03:30:54.003344,120
S_STR03168,S_U0018,S0033,2026-02-03 15:25:18.498596,235
S_STR03169,S_U0045,S0049,2026-02-12 14:48:56.451997,101
S_STR03170,S_U0066,S0047,2026-02-25 09:53:06.582655,64
S_STR03171,S_U0029,S0029,2026-02-18 20:34:08.644359,81
S_STR03172,S_U0079,S0026,2026-01-31 20:46:27.085868,198
S_STR03173,S_U0061,S0034,2026-02-23 10:37:32.952743,75
S_STR03174,S_U0074,S0012,2026-02-08 08:26:45.616537,203
S_STR03175,S_U0059,S0046,2026-02-23 02:21:28.430265,72
S_STR03176,S_U0070,S0026,2026-02-24 00:58:36.217119,85
S_STR03177,S_U0003,S0012,2026-02-10 19:54:18.434895,306
S_STR03178,S_U0090,S0036,2026-02-24 02:06:32.926876,87
S_STR03179,S_U0048,S0037,2026-02-23 09:03:59.896566,151
S_STR03180,S_U0064,S0048,2026-02-02 04:21:45.581683,91
S_STR03181,S_U0020,S0044,2026-02-16 17:57:05.583655,204
S_STR03182,S_U0006,S0043,2026-02-15 12:03:17.468767,143
S_STR03183,S_U0043,S0024,2026-02-06 23:48:26.515467,42
S_STR03184,S_U0100,S0032,2026-02-22 11:14:53.914228,130
S_STR03185,S_U0011,S0026,2026-02-02 01:28:57.761178,26
S_STR03186,S_U0099,S0025,2026-02-28 18:07:50.125548,16
S_STR03187,S_U0045,S0004,2026-03-02 04:10:02.370406,170
S_STR03188,S_U0056,S0037,2026-02-18 06:31:14.875805,19
S_STR03189,S_U0093,S0046,2026-02-22 11:17:19.783248,19
S_STR03190,S_U0094,S0039,2026-02-19 18:19:30.532841,205
S_STR03191,S_U0022,S0041,2026-02-25 20:42:32.692081,130
S_STR03192,S_U0077,S0008,2026-02-27 21:07:17.306022,272
S_STR03193,S_U0056,S0045,2026-02-20 20:53:46.914499,156
S_STR03194,S_U0049,S0035,2026-02-07 19:46:09.786299,121
S_STR03195,S_U0072,S0035,2026-02-02 20:46:56.955753,117
S_STR03196,S_U0026,S0041,2026-03-02 03:13:21.898026,135
S_STR03197,S_U0082,S0028,2026-02-11 23:05:21.264819,64
S_STR03198,S_U0064,S0043,2026-02-16 06:49:20.828192,198
S_STR03199,S_U0007,S0029,2026-02-12 07:50:32.475235,228
S_STR03200,S_U0047,S0023,2026-02-17 07:33:26.343455,26
S_STR03201,S_U0066,S0034,2026-02-19 10:28:08.827134,99
S_STR03202,S_U0096,S0034,2026-02-19 01:11:28.142846,21
S_STR03203,S_U0017,S0036,2026-02-13 16:32:01.594972,251
S_STR03204,S_U0062,S0013,2026-02-25 20:33:51.026803,43
S_STR03205,S_U0028,S0019,2026-02-15 08:27:37.618408,37
S_STR03206,S_U0069,S0041,2026-02-11 01:58:20.060439,141
S_STR03207,S_U0014,S0020,2026-02-01 12:18:14.589915,117
S_STR03208,S_U0032,S0048,2026-02-28 22:34:27.114905,78
S_STR03209,S_U0002,S0024,2026-02-27 09:13:25.802628,133
S_STR03210,S_U0076,S0044,2026-02-26 04:04:52.724081,173
S_STR03211,S_U0018,S0046,2026-02-19 20:35:25.205765,5
S_STR03212,S_U0097,S0045,2026-02-01 03:53:42.311489,94
S_STR03213,S_U0004,S0043,2026-02-12 05:18:27.624543,30
S_STR03214,S_U0087,S0034,2026-02-16 01:52:10.398170,27
S_STR03215,S_U0026,S0041,2026-02-02 00:40:23.795641,105
S_STR03216,S_U0069,S0040,2026-02-18 04:56:57.753193,88
S_STR03217,S_U0095,S0040,2026-02-09 04:03:33.991785,248
S_STR03218,S_U0019,S0048,2026-02-27 17:43:42.639679,41
S_STR03219,S_U0005,S0019,2026-02-08 10:58:23.981853,247
S_STR03220,S_U0058,S0036,2026-02-05 07:26:42.048887,106
S_STR03221,S_U0023,S0028,2026-02-19 06:20:12.811181,35
S_STR03222,S_U0019,S0050,2026-03-01 17:00:17.932920,102
S_STR03223,S_U0077,S0010,2026-02-06 09:34:17.176277,136
S_STR03224,S_U0035,S0028,2026-02-17 01:39:57.181743,8
S_STR03225,S_U0037,S0017,2026-02-09 04:05:05.026486,72
S_STR03226,S_U0088,S0048,2026-02-13 05:07:49.012378,15
S_STR03227,S_U0031,S0045,2026-02-10 02:43:25.918545,132
S_STR03228,S_U0024,S0033,2026-02-24 17:33:23.055225,36
S_STR03229,S_U0079,S0046,2026-02-27 23:16:47.879507,106
S_STR03230,S_U0086,S0039,2026-02-21 15:04:55.053439,70
S_STR03231,S_U0081,S0032,2026-02-10 04:57:04.775336,94
S_STR03232,S_U0077,S0032,2026-02-18 11:57:53.275077,30
S_STR03233,S_U0013,S0023,2026-02-09 16:58:39.809486,139
S_STR03234,S_U0082,S0032,2026-02-08 23:17:52.110752,117
S_STR03235,S_U0099,S0041,2026-02-04 03:31:32.390670,118
S_STR03236,S_U0041,S0018,2026-02-15 13:37:42.694240,85
S_STR03237,S_U0091,S0025,2026-02-07 17:07:55.690958,85
S_STR03238,S_U0006,S0018,2026-02-05 21:30:42.299493,60
S_STR03239,S_U0079,S0015,2026-02-25 04:55:50.672517,174
S_STR03240,S_U0030,S0033,2026-02-04 08:33:35.887851,54
S_STR03241,S_U0088,S0033,2026-02-04 13:47:05.949961,176
S_STR03242,S_U0064,S0042,2026-02-25 15:30:17.088658,104
S_STR03243,S_U0023,S0047,2026-02-05 03:16:44.063756,78
S_STR03244,S_U0075,S0031,2026-02-21 16:22:10.400163,82
S_STR03245,S_U0047,S0042,2026-03-02 09:40:43.073014,105
S_STR03246,S_U0063,S0050,2026-02-16 16:43:30.428069,109
S_STR03247,S_U0051,S0045,2026-02-05 10:47:17.967513,215
S_STR03248,S_U0093,S0047,2026-02-19 14:22:00.852243,30
S_STR03249,S_U0022,S0042,2026-02-13 04:42:56.606318,173
S_STR03250,S_U0034,S0036,2026-02-02 22:45:15.372549,175
S_STR03251,S_U0039,S0028,2026-01-31 21:52:34.530297,176
S_STR03252,S_U0032,S0027,2026-02-09 01:38:55.515074,97
S_STR03253,S_U0007,S0040,2026-02-15 03:52:41.274551,246
S_STR03254,S_U0055,S0048,2026-02-10 08:06:32.814520,93
S_STR03255,S_U0018,S0016,2026-02-13 17:52:19.090159,7
S_STR03256,S_U0049,S0048,2026-02-24 07:49:53.376642,35
S_STR03257,S_U0099,S0010,2026-02-11 06:00:34.486574,60
S_STR03258,S_U0029,S0046,2026-02-06 00:45:31.585105,34
S_STR03259,S_U0095,S0047,2026-02-04 09:37:06.994372,56
S_STR03260,S_U0071,S0019,2026-02-18 20:07:25.009907,96
S_STR03261,S_U0086,S0048,2026-02-04 15:36:07.048946,97
S_STR03262,S_U0052,S0027,2026-02-05 18:52:44.503729,106
S_STR03263,S_U0074,S0046,2026-02-23 05:44:31.167172,64
S_STR03264,S_U0085,S0044,2026-03-01 04:37:54.184453,223
S_STR03265,S_U0058,S0018,2026-02-17 15:11:01.435015,13
S_STR03266,S_U0029,S0026,2026-02-26 18:07:34.465396,75
S_STR03267,S_U0032,S0013,2026-02-18 15:47:46.674814,118
S_STR03268,S_U0039,S0046,2026-02-06 08:35:08.962681,42
S_STR03269,S_U0018,S0038,2026-03-01 16:09:18.941431,135
S_STR03270,S_U0067,S0016,2026-02-27 21:16:07.245558,121
S_STR03271,S_U0059,S0008,2026-02-02 21:55:30.194045,46
S_STR03272,S_U0094,S0039,2026-01-31 15:13:42.456544,194
S_STR03273,S_U0019,S0024,2026-02-23 04:35:42.866994,128
S_STR03274,S_U0073,S0026,2026-02-12 20:28:33.306473,19
S_STR03275,S_U0076,S0035,2026-02-01 13:24:59.949816,41
S_STR03276,S_U0016,S0027,2026-02-07 12:02:02.438779,40
S_STR03277,S_U0027,S0030,2026-02-03 12:14:40.320037,49
S_STR03278,S_U0062,S0048,2026-02-06 22:19:17.324870,38
S_STR03279,S_U0064,S0046,2026-02-09 12:10:59.127753,15
S_STR03280,S_U0035,S0044,2026-02-08 10:07:09.965113,198
S_STR03281,S_U0038,S0037,2026-02-25 20:25:10.775183,89
S_STR03282,S_U0010,S0043,2026-02-13 11:01:20.358190,47
S_STR03283,S_U0094,S0013,2026-02-21 23:10:20.674821,68
S_STR03284,S_U0048,S0005,2026-02-07 20:16:32.043620,14
S_STR03285,S_U0021,S0039,2026-02-21 02:01:49.106007,156
S_STR03286,S_U0031,S0038,2026-03-02 00:30:03.061968,61
S_STR03287,S_U0049,S0028,2026-02-01 12:32:14.080175,22
S_STR03288,S_U0015,S0022,2026-02-07 09:36:32.965453,54
S_STR03289,S_U0021,S0048,2026-02-14 08:17:14.712555,33
S_STR03290,S_U0077,S0044,2026-02-04 12:34:21.986004,138
S_STR03291,S_U0029,S0041,2026-02-07 03:57:15.973485,64
S_STR03292,S_U0005,S0040,2026-02-06 05:10:58.136569,115
S_STR03293,S_U0037,S0032,2026-02-13 17:24:14.161317,156
S_STR03294,S_U0043,S0031,2026-03-01 05:34:11.769754,137
S_STR03295,S_U0085,S0012,2026-02-13 21:07:08.195852,77
S_STR03296,S_U0070,S0033,2026-02-10 06:19:20.414033,15
S_STR03297,S_U0097,S0044,2026-02-05 20:39:02.316170,101
S_STR03298,S_U0038,S0016,2026-02-04 00:55:55.398890,95
S_STR03299,S_U0056,S0018,2026-02-10 09:14:43.650899,81
S_STR03300,S_U0017,S0047,2026-02-08 01:19:43.819005,70
S_STR03301,S_U0005,S0036,2026-02-06 05:49:49.205459,120
S_STR03302,S_U0074,S0042,2026-02-08 08:37:38.836440,56
S_STR03303,S_U0035,S0015,2026-03-02 10:14:58.724159,155
S_STR03304,S_U0057,S0035,2026-02-21 11:31:05.823826,58
S_STR03305,S_U0008,S0048,2026-02-23 01:53:20.933219,72
S_STR03306,S_U0049,S0041,2026-02-05 01:36:38.149781,40
S_STR03307,S_U0090,S0038,2026-02-23 19:11:02.709575,5
S_STR03308,S_U0073,S0045,2026-03-02 04:40:20.658914,201
S_STR03309,S_U0027,S0048,2026-02-28 16:35:56.322031,75
S_STR03310,S_U0032,S0037,2026-02-05 16:54:46.918741,28
S_STR03311,S_U0033,S0042,2026-02-16 15:21:59.436603,18
S_STR03312,S_U0093,S0048,2026-02-07 09:22:02.772375,115
S_STR03313,S_U0008,S0040,2026-02-26 07:18:01.747624,205
S_STR03314,S_U0010,S0050,2026-02-03 06:39:56.354811,215
S_STR03315,S_U0079,S0040,2026-02-28 18:26:28.077427,36
S_STR03316,S_U0052,S0037,2026-02-23 18:19:36.014225,228
S_STR03317,S_U0039,S0015,2026-02-19 21:38:37.852893,238
S_STR03318,S_U0026,S0022,2026-02-20 14:39:47.114438,101
S_STR03319,S_U0095,S0046,2026-02-27 10:16:27.741420,20
S_STR03320,S_U0071,S0028,2026-02-20 13:53:51.743458,22
S_STR03321,S_U0093,S0027,2026-02-26 05:52:27.443274,135
S_STR03322,S_U0077,S0023,2026-02-19 10:43:13.582772,78
S_STR03323,S_U0041,S0037,2026-02-08 23:04:34.444958,240
S_STR03324,S_U0011,S0042,2026-02-15 10:38:03.649220,126
S_STR03325,S_U0013,S0010,2026-02-09 06:15:32.384079,42
S_STR03326,S_U0084,S0044,2026-02-04 02:09:35.139034,99
S_STR03327,S_U0037,S0020,2026-02-17 00:42:25.456496,170
S_STR03328,S_U0015,S0048,2026-02-23 11:27:28.447412,121
S_STR03329,S_U0067,S0036,2026-02-23 07:14:42.118342,176
S_STR03330,S_U0027,S0025,2026-02-18 13:11:54.593681,99
S_STR03331,S_U0099,S0037,2026-02-13 05:29:14.586761,115
S_STR03332,S_U0085,S0022,2026-02-28 13:40:19.810180,126
S_STR03333,S_U0051,S0039,2026-03-01 00:18:16.260959,17
S_STR03334,S_U0035,S0030,2026-02-25 03:44:59.325194,43
S_STR03335,S_U0071,S0024,2026-02-17 19:26:17.356890,188
S_STR03336,S_U0074,S0009,2026-02-18 19:31:21.947438,42
S_STR03337,S_U0002,S0038,2026-02-14 05:44:16.601683,97
S_STR03338,S_U0090,S0041,2026-02-15 00:07:55.722130,18
S_STR03339,S_U0096,S0042,2026-02-15 00:02:20.301570,130
S_STR03340,S_U0002,S0031,2026-02-12 06:13:09.095823,84
S_STR03341,S_U0055,S0046,2026-02-14 13:45:20.581117,127
S_STR03342,S_U0088,S0046,2026-02-23 20:33:41.318106,93
S_STR03343,S_U0045,S0009,2026-02-04 14:37:16.135841,25
S_STR03344,S_U0050,S0029,2026-02-25 09:20:11.226865,113
S_STR03345,S_U0040,S0033,2026-02-16 01:09:19.001404,82
S_STR03346,S_U0031,S0042,2026-02-24 05:11:17.853869,196
S_STR03347,S_U0050,S0046,2026-02-07 03:00:27.979316,76
S_STR03348,S_U0066,S0036,2026-02-14 02:11:18.332725,48
S_STR03349,S_U0058,S0025,2026-02-06 20:10:45.512005,49
S_STR03350,S_U0059,S0039,2026-02-17 23:47:36.340919,58
S_STR03351,S_U0085,S0047,2026-02-16 05:20:08.730179,130
S_STR03352,S_U0077,S0045,2026-02-25 20:27:32.714366,176
S_STR03353,S_U0099,S0045,2026-02-07 20:22:54.162392,106
S_STR03354,S_U0044,S0036,2026-02-06 21:55:37.810999,98
S_STR03355,S_U0016,S0032,2026-02-06 14:21:43.414451,94
S_STR03356,S_U0097,S0016,2026-02-28 10:25:48.323820,149
S_STR03357,S_U0044,S0032,2026-02-10 16:59:03.948647,298
S_STR03358,S_U0034,S0026,2026-02-16 08:55:21.175907,152
S_STR03359,S_U0087,S0047,2026-02-17 14:26:42.973869,137
S_STR03360,S_U0043,S0024,2026-02-13 06:52:29.835590,120
S_STR03361,S_U0019,S0036,2026-02-04 17:02:38.767835,122
S_STR03362,S_U0009,S0027,2026-02-22 21:22:12.192352,34
S_STR03363,S_U0065,S0033,2026-02-20 06:40:12.143909,301
S_STR03364,S_U0003,S0047,2026-02-06 20:38:23.585473,54
S_STR03365,S_U0081,S0026,2026-02-02 19:00:25.782761,180
S_STR03366,S_U0017,S0042,2026-02-10 04:21:48.997322,62
S_STR03367,S_U0092,S0024,2026-02-15 21:06:32.097474,119
S_STR03368,S_U0064,S0024,2026-02-14 12:30:31.946052,12
S_STR03369,S_U0093,S0030,2026-02-15 06:34:50.790315,94
S_STR03370,S_U0025,S0036,2026-02-04 05:30:27.862770,114
S_STR03371,S_U0067,S0034,2026-02-01 00:40:58.979893,8
S_STR03372,S_U0090,S0050,2026-02-15 08:22:43.400769,24
S_STR03373,S_U0087,S0038,2026-01-31 18:03:35.557868,113
S_STR03374,S_U0071,S0044,2026-01-31 14:32:34.962591,43
S_STR03375,S_U0020,S0046,2026-02-11 16:14:22.851450,74
S_STR03376,S_U0016,S0038,2026-02-13 13:30:40.273009,141
S_STR03377,S_U0040,S0016,2026-02-22 15:13:25.236400,195
S_STR03378,S_U0015,S0021,2026-02-12 16:37:42.599682,184
S_STR03379,S_U0071,S0038,2026-02-22 08:14:02.485307,142
S_STR03380,S_U0003,S0015,2026-02-06 07:04:31.429764,249
S_STR03381,S_U0044,S0046,2026-02-22 00:16:31.908263,70
S_STR03382,S_U0017,S0014,2026-02-12 19:35:33.689309,8
S_STR03383,S_U0060,S0046,2026-02-24 05:30:18.862774,65
S_STR03384,S_U0082,S0029,2026-02-10 11:10:42.615666,131
S_STR03385,S_U0012,S0013,2026-03-02 00:01:52.690678,140
S_STR03386,S_U0053,S0045,2026-02-01 06:04:40.357881,37
S_STR03387,S_U0075,S0028,2026-02-02 17:53:41.742007,38
S_STR03388,S_U0085,S0036,2026-02-01 14:16:59.413415,85
S_STR03389,S_U0028,S0033,2026-02-22 10:54:00.890338,241
S_STR03390,S_U0001,S0042,2026-02-22 21:54:47.241293,214
S_STR03391,S_U0038,S0049,2026-02-23 01:00:38.492501,173
S_STR03392,S_U0014,S0043,2026-02-21 06:56:52.896926,8
S_STR03393,S_U0029,S0038,2026-02-15 23:06:16.274763,28
S_STR03394,S_U0015,S0048,2026-02-02 11:00:35.931636,29
S_STR03395,S_U0051,S0021,2026-02-05 02:39:57.913229,185
S_STR03396,S_U0070,S0044,2026-02-01 16:03:49.250967,107
S_STR03397,S_U0085,S0010,2026-02-05 20:55:06.623807,127
S_STR03398,S_U0066,S0003,2026-02-17 19:52:52.763284,91
S_STR03399,S_U0034,S0048,2026-02-01 18:23:00.223027,36
S_STR03400,S_U0075,S0009,2026-02-23 13:29:05.847011,56
S_STR03401,S_U0026,S0006,2026-02-14 15:40:04.566242,71
S_STR03402,S_U0100,S0024,2026-02-23 14:08:38.720356,208
S_STR03403,S_U0066,S0037,2026-02-23 22:07:53.675493,245
S_STR03404,S_U0054,S0041,2026-02-07 09:22:08.432171,96
S_STR03405,S_U0025,S0047,2026-02-08 10:16:07.329723,173
S_STR03406,S_U0010,S0044,2026-02-28 04:03:33.913470,40
S_STR03407,S_U0024,S0049,2026-02-27 21:58:55.613733,111
S_STR03408,S_U0013,S0047,2026-02-20 20:50:28.962226,18
S_STR03409,S_U0097,S0019,2026-02-16 14:39:13.964870,204
S_STR03410,S_U0095,S0026,2026-02-18 09:05:20.113699,129
S_STR03411,S_U0093,S0039,2026-02-05 07:13:56.489103,105
S_STR03412,S_U0057,S0025,2026-02-21 13:40:40.540588,88
S_STR03413,S_U0047,S0021,2026-02-09 16:28:23.926487,53
S_STR03414,S_U0100,S0024,2026-02-04 00:00:53.851092,96
S_STR03415,S_U0009,S0042,2026-02-04 12:57:14.345709,109
S_STR03416,S_U0090,S0047,2026-03-01 02:10:48.230173,34
S_STR03417,S_U0070,S0040,2026-02-16 02:18:29.785965,170
S_STR03418,S_U0088,S0028,2026-02-27 17:24:30.454135,108
S_STR03419,S_U0036,S0035,2026-02-13 17:19:10.031613,87
S_STR03420,S_U0070,S0020,2026-02-08 08:28:23.323290,226
S_STR03421,S_U0068,S0016,2026-02-10 20:27:14.556537,108
S_STR03422,S_U0063,S0029,2026-02-18 01:03:41.766536,233
S_STR03423,S_U0032,S0041,2026-02-15 09:59:10.784783,116
S_STR03424,S_U0051,S0030,2026-02-13 02:20:56.272435,242
S_STR03425,S_U0096,S0047,2026-02-23 21:49:33.701283,112
S_STR03426,S_U0026,S0022,2026-03-01 18:02:18.209985,162
S_STR03427,S_U0093,S0030,2026-02-28 10:27:37.918769,211
S_STR03428,S_U0033,S0035,2026-02-21 09:30:54.924181,83
S_STR03429,S_U0045,S0018,2026-02-02 17:32:00.967744,127
S_STR03430,S_U0036,S0040,2026-02-16 23:37:39.111820,168
S_STR03431,S_U0075,S0042,2026-02-15 01:06:36.346720,176
S_STR03432,S_U0041,S0029,2026-02-12 14:46:17.066051,15
S_STR03433,S_U0077,S0043,2026-02-26 12:06:18.957792,8
S_STR03434,S_U0083,S0044,2026-02-18 13:02:14.712218,65
S_STR03435,S_U0059,S0041,2026-02-18 08:09:15.161553,53
S_STR03436,S_U0017,S0042,2026-02-19 03:40:15.300424,171
S_STR03437,S_U0008,S0030,2026-02-25 11:07:27.329316,70
S_STR03438,S_U0076,S0049,2026-02-20 06:18:56.427884,201
S_STR03439,S_U0079,S0032,2026-02-18 00:04:25.513243,229
S_STR03440,S_U0055,S0023,2026-02-20 07:29:35.272513,62
S_STR03441,S_U0008,S0041,2026-02-06 13:07:02.888444,95
S_STR03442,S_U0051,S0037,2026-03-02 10:43:31.490564,285
S_STR03443,S_U0003,S0035,2026-02-28 02:40:58.588477,80
S_STR03444,S_U0079,S0032,2026-02-23 14:19:50.719343,229
S_STR03445,S_U0044,S0030,2026-02-18 21:17:08.648023,38
S_STR03446,S_U0014,S0020,2026-02-04 09:29:47.682280,230
S_STR03447,S_U0077,S0044,2026-02-20 08:16:38.751543,60
S_STR03448,S_U0057,S0011,2026-02-23 09:09:06.309803,123
S_STR03449,S_U0086,S0048,2026-02-01 02:19:23.466450,65
S_STR03450,S_U0035,S0046,2026-02-14 08:26:23.286773,92
S_STR03451,S_U0026,S0037,2026-02-18 20:38:42.581214,284
S_STR03452,S_U0063,S0038,2026-02-12 21:06:30.052451,101
S_STR03453,S_U0073,S0034,2026-02-21 16:28:10.441935,12
S_STR03454,S_U0073,S0049,2026-02-21 22:49:55.523836,220
S_STR03455,S_U0024,S0030,2026-02-06 04:28:39.001568,253
S_STR03456,S_U0041,S0042,2026-02-02 04:08:44.483293,135
S_STR03457,S_U0043,S0041,2026-02-03 00:52:54.637025,35
S_STR03458,S_U0031,S0025,2026-02-24 02:14:05.163332,91
S_STR03459,S_U0040,S0033,2026-02-21 21:32:21.867378,74
S_STR03460,S_U0003,S0020,2026-02-18 14:37:17.324563,104
S_STR03461,S_U0003,S0022,2026-02-20 06:02:34.656196,239
S_STR03462,S_U0038,S0047,2026-02-12 19:28:04.891148,127
S_STR03463,S_U0097,S0027,2026-02-22 13:39:04.431918,66
S_STR03464,S_U0081,S0040,2026-02-12 07:41:54.673983,203
S_STR03465,S_U0054,S0044,2026-03-01 11:49:30.194480,243
S_STR03466,S_U0071,S0046,2026-02-13 13:49:22.620299,101
S_STR03467,S_U0055,S0020,2026-02-04 15:03:37.169753,72
S_STR03468,S_U0082,S0015,2026-02-23 06:42:25.674042,130
S_STR03469,S_U0074,S0048,2026-02-10 06:32:49.523001,49
S_STR03470,S_U0092,S0036,2026-02-21 15:26:58.790674,186
S_STR03471,S_U0037,S0038,2026-02-14 01:34:39.220900,53
S_STR03472,S_U0044,S0046,2026-02-10 17:20:14.416146,12
S_STR03473,S_U0026,S0037,2026-02-19 16:39:52.158749,57
S_STR03474,S_U0099,S0034,2026-02-27 04:55:47.390819,46
S_STR03475,S_U0048,S0017,2026-02-14 08:41:53.637825,58
S_STR03476,S_U0078,S0035,2026-02-26 06:30:23.168704,67
S_STR03477,S_U0012,S0048,2026-02-24 08:26:14.668967,112
S_STR03478,S_U0002,S0023,2026-02-21 18:17:00.667265,126
S_STR03479,S_U0041,S0028,2026-02-12 07:54:38.432613,153
S_STR03480,S_U0070,S0039,2026-02-22 08:03:49.957138,6
S_STR03481,S_U0074,S0044,2026-02-10 01:13:21.355703,27
S_STR03482,S_U0009,S0038,2026-02-19 10:00:45.656720,52
S_STR03483,S_U0045,S0049,2026-02-25 07:49:11.057321,107
S_STR03484,S_U0062,S0040,2026-01-31 13:33:51.480377,103
S_STR03485,S_U0010,S0042,2026-01-31 21:42:24.197099,122
S_STR03486,S_U0005,S0048,2026-02-01 05:57:41.336228,32
S_STR03487,S_U0066,S0049,2026-02-18 19:11:14.986194,171
S_STR03488,S_U0022,S0044,2026-02-15 11:27:17.752366,209
S_STR03489,S_U0035,S0031,2026-02-15 00:47:48.348579,53
S_STR03490,S_U0040,S0032,2026-02-14 04:54:20.404503,215
S_STR03491,S_U0077,S0009,2026-02-05 13:34:20.124117,57
S_STR03492,S_U0016,S0036,2026-02-15 14:36:14.919022,229
S_STR03493,S_U0073,S0040,2026-02-05 02:59:27.443981,35
S_STR03494,S_U0050,S0028,2026-02-27 00:42:51.182965,29
S_STR03495,S_U0043,S0041,2026-02-03 06:54:08.757619,69
S_STR03496,S_U0070,S0029,2026-02-26 12:52:05.343031,205
S_STR03497,S_U0072,S0034,2026-02-09 15:55:09.264263,86
S_STR03498,S_U0070,S0025,2026-02-23 02:40:14.543857,55
S_STR03499,S_U0008,S0040,2026-02-12 07:03:03.460833,19
S_STR03500,S_U0034,S0046,2026-02-23 03:48:03.985690,61
S_STR03501,S_U0002,S0036,2026-02-18 12:18:00.310796,248
S_STR03502,S_U0024,S0020,2026-02-23 12:10:56.488497,9
S_STR03503,S_U0040,S0019,2026-02-27 19:22:01.513093,17
S_STR03504,S_U0081,S0012,2026-02-18 23:34:04.017699,189
S_STR03505,S_U0049,S0044,2026-02-17 15:59:05.099988,171
S_STR03506,S_U0079,S0020,2026-02-18 14:16:13.083759,93
S_STR03507,S_U0065,S0050,2026-02-25 13:35:44.149919,141
S_STR03508,S_U0059,S0041,2026-02-09 02:36:20.796766,153
S_STR03509,S_U0037,S0040,2026-02-05 12:13:43.059309,211
S_STR03510,S_U0048,S0033,2026-02-08 11:11:50.133821,182
S_STR03511,S_U0044,S0010,2026-02-28 09:29:46.630014,92
S_STR03512,S_U0067,S0044,2026-02-24 21:24:19.205296,91
S_STR03513,S_U0003,S0045,2026-03-01 19:55:06.767018,154
S_STR03514,S_U0094,S0019,2026-02-23 05:52:36.510942,238
S_STR03515,S_U0044,S0046,2026-02-12 16:53:49.761561,34
S_STR03516,S_U0055,S0033,2026-02-09 17:10:33.264738,125
S_STR03517,S_U0099,S0024,2026-02-11 20:07:22.149292,199
S_STR03518,S_U0080,S0027,2026-02-06 06:34:16.763193,142
S_STR03519,S_U0073,S0032,2026-02-26 04:07:18.435969,144
S_STR03520,S_U0063,S0033,2026-02-24 12:58:21.588035,136
S_STR03521,S_U0017,S0039,2026-02-04 12:07:02.810909,201
S_STR03522,S_U0083,S0036,2026-02-14 11:03:42.055310,121
S_STR03523,S_U0088,S0050,2026-02-01 02:33:42.457261,269
S_STR03524,S_U0064,S0042,2026-02-12 21:12:01.258130,149
S_STR03525,S_U0024,S0028,2026-02-17 18:31:12.613622,121
S_STR03526,S_U0037,S0008,2026-02-15 00:29:02.219407,99
S_STR03527,S_U0051,S0022,2026-02-20 22:05:58.533252,84
S_STR03528,S_U0044,S0032,2026-02-23 16:51:55.122089,151
S_STR03529,S_U0014,S0042,2026-02-22 20:37:43.712871,8
S_STR03530,S_U0016,S0034,2026-02-19 19:44:07.184347,63
S_STR03531,S_U0089,S0042,2026-02-09 01:46:14.579492,197
S_STR03532,S_U0100,S0044,2026-02-28 08:26:30.392235,75
S_STR03533,S_U0036,S0050,2026-02-01 21:08:58.877745,25
S_STR03534,S_U0075,S0031,2026-02-08 10:18:03.129450,117
S_STR03535,S_U0094,S0047,2026-02-01 00:23:39.610492,57
S_STR03536,S_U0080,S0039,2026-02-25 00:44:39.842299,75
S_STR03537,S_U0017,S0049,2026-02-21 05:57:12.895814,188
S_STR03538,S_U0025,S0024,2026-02-02 12:45:04.597253,152
S_STR03539,S_U0093,S0027,2026-02-08 10:02:24.145035,26
S_STR03540,S_U0056,S0018,2026-02-09 08:54:34.700142,144
S_STR03541,S_U0054,S0047,2026-02-04 21:33:26.135943,90
S_STR03542,S_U0008,S0042,2026-02-14 04:22:50.897993,168
S_STR03543,S_U0048,S0047,2026-02-11 22:14:57.373181,67
S_STR03544,S_U0058,S0025,2026-02-07 08:55:54.996404,6
S_STR03545,S_U0089,S0049,2026-02-25 10:45:50.437128,76
S_STR03546,S_U0072,S0042,2026-02-04 11:29:54.594397,41
S_STR03547,S_U0012,S0050,2026-02-04 01:06:00.484583,273
S_STR03548,S_U0081,S0035,2026-02-10 01:21:14.710020,126
S_STR03549,S_U0081,S0044,2026-02-01 01:57:13.982774,317
S_STR03550,S_U0033,S0047,2026-02-17 07:36:54.764987,35
S_STR03551,S_U0009,S0023,2026-02-25 00:07:04.618936,56
S_STR03552,S_U0092,S0044,2026-01-31 22:41:44.563339,177
S_STR03553,S_U0007,S0050,2026-02-12 15:31:38.498371,164
S_STR03554,S_U0040,S0046,2026-02-22 11:40:37.514317,68
S_STR03555,S_U0029,S0040,2026-02-25 17:00:09.835175,171
S_STR03556,S_U0006,S0043,2026-02-16 18:48:07.381672,146
S_STR03557,S_U0050,S0029,2026-02-01 06:03:37.280103,58
S_STR03558,S_U0016,S0046,2026-02-07 09:30:17.300743,22
S_STR03559,S_U0074,S0042,2026-02-22 16:35:34.694741,214
S_STR03560,S_U0047,S0044,2026-02-16 13:32:57.220382,86
S_STR03561,S_U0054,S0014,2026-03-01 12:13:59.320486,80
S_STR03562,S_U0072,S0043,2026-03-01 14:52:44.390228,152
S_STR03563,S_U0038,S0046,2026-02-27 16:54:29.163490,57
S_STR03564,S_U0012,S0050,2026-02-12 23:58:03.243963,74
S_STR03565,S_U0057,S0036,2026-02-12 06:25:23.564890,200
S_STR03566,S_U0012,S0035,2026-02-23 20:58:02.920391,21
S_STR03567,S_U0083,S0049,2026-02-02 23:26:20.402105,98
S_STR03568,S_U0097,S0029,2026-02-06 15:45:50.652076,214
S_STR03569,S_U0061,S0027,2026-02-10 21:37:04.166950,10
S_STR03570,S_U0010,S0044,2026-02-28 12:04:16.616104,21
S_STR03571,S_U0043,S0043,2026-03-01 17:47:16.953446,19
S_STR03572,S_U0017,S0019,2026-02-05 07:24:15.739448,66
S_STR03573,S_U0070,S0046,2026-02-13 21:59:49.610735,10
S_STR03574,S_U0076,S0049,2026-02-01 08:50:46.671904,164
S_STR03575,S_U0016,S0036,2026-02-20 10:38:52.414947,105
S_STR03576,S_U0015,S0009,2026-02-04 05:14:48.431181,132
S_STR03577,S_U0031,S0036,2026-03-01 12:44:08.563508,93
S_STR03578,S_U0029,S0046,2026-02-08 23:50:19.530423,58
S_STR03579,S_U0095,S0050,2026-02-17 15:48:06.776791,264
S_STR03580,S_U0078,S0027,2026-02-16 10:53:52.286600,35
S_STR03581,S_U0017,S0046,2026-03-02 10:07:44.393988,125
S_STR03582,S_U0093,S0034,2026-02-17 16:00:48.508131,96
S_STR03583,S_U0002,S0033,2026-02-23 16:19:24.742956,25
S_STR03584,S_U0015,S0049,2026-02-14 18:40:50.197398,29
S_STR03585,S_U0028,S0046,2026-03-01 14:38:55.201002,121
S_STR03586,S_U0006,S0032,2026-02-07 01:25:45.706076,294
S_STR03587,S_U0090,S0032,2026-02-11 07:20:04.847790,169
S_STR03588,S_U0058,S0038,2026-02-15 12:49:03.444323,16
S_STR03589,S_U0051,S0031,2026-02-05 18:00:07.094423,105
S_STR03590,S_U0019,S0032,2026-02-26 02:52:41.365560,291
S_STR03591,S_U0045,S0030,2026-02-01 15:51:02.263191,109
S_STR03592,S_U0095,S0017,2026-02-28 15:31:07.294521,39
S_STR03593,S_U0084,S0048,2026-02-05 03:14:35.725199,109
S_STR03594,S_U0013,S0041,2026-02-25 20:56:30.776437,55
S_STR03595,S_U0100,S0040,2026-02-10 22:33:33.144567,222
S_STR03596,S_U0034,S0050,2026-02-22 17:40:58.893651,127
S_STR03597,S_U0093,S0035,2026-02-03 14:38:33.455900,105
S_STR03598,S_U0078,S0030,2026-02-16 15:49:03.679691,11
S_STR03599,S_U0048,S0038,2026-02-12 01:51:55.114289,140
S_STR03600,S_U0070,S0043,2026-02-07 11:35:16.009808,168
S_STR03601,S_U0077,S0048,2026-02-11 03:03:51.701106,63
S_STR03602,S_U0018,S0031,2026-02-05 05:02:58.503438,67
S_STR03603,S_U0079,S0017,2026-02-18 15:06:41.855731,158
S_STR03604,S_U0037,S0012,2026-03-02 01:18:10.437564,231
S_STR03605,S_U0081,S0023,2026-02-17 07:59:30.446905,94
S_STR03606,S_U0016,S0035,2026-02-01 01:19:56.180717,76
S_STR03607,S_U0007,S0050,2026-02-14 21:10:29.719192,160
S_STR03608,S_U0035,S0041,2026-02-15 15:38:30.118527,28
S_STR03609,S_U0059,S0044,2026-02-15 18:33:17.590655,223
S_STR03610,S_U0068,S0033,2026-02-24 04:29:43.880922,127
S_STR03611,S_U0091,S0020,2026-03-02 11:26:07.786459,178
S_STR03612,S_U0063,S0046,2026-02-22 11:40:18.944823,130
S_STR03613,S_U0071,S0016,2026-02-16 17:35:35.834542,113
S_STR03614,S_U0059,S0042,2026-02-21 13:59:11.319329,157
S_STR03615,S_U0045,S0034,2026-02-02 19:36:48.377964,67
S_STR03616,S_U0076,S0040,2026-02-09 04:31:42.361483,18
S_STR03617,S_U0011,S0023,2026-02-02 00:14:27.906502,103
S_STR03618,S_U0055,S0041,2026-02-21 05:18:52.867236,93
S_STR03619,S_U0047,S0049,2026-02-13 05:34:01.055470,189
S_STR03620,S_U0059,S0032,2026-02-11 13:41:01.380443,89
S_STR03621,S_U0078,S0049,2026-02-13 03:08:06.947950,223
S_STR03622,S_U0025,S0044,2026-02-03 12:18:23.189126,86
S_STR03623,S_U0097,S0045,2026-02-17 14:58:52.263290,146
S_STR03624,S_U0038,S0022,2026-02-25 12:20:24.886520,16
S_STR03625,S_U0063,S0027,2026-02-27 13:47:59.497063,6
S_STR03626,S_U0045,S0050,2026-02-15 10:00:30.231737,45
S_STR03627,S_U0051,S0017,2026-02-22 05:36:34.086244,115
S_STR03628,S_U0071,S0044,2026-02-06 05:43:54.911636,70
S_STR03629,S_U0017,S0047,2026-02-05 03:00:03.071158,163
S_STR03630,S_U0015,S0029,2026-02-13 00:18:03.657432,107
S_STR03631,S_U0013,S0049,2026-02-13 08:42:53.189052,130
S_STR03632,S_U0048,S0043,2026-02-22 11:42:30.708398,16
S_STR03633,S_U0093,S0027,2026-02-06 13:19:12.354642,139
S_STR03634,S_U0005,S0038,2026-02-11 03:10:34.093058,97
S_STR03635,S_U0094,S0045,2026-02-26 18:50:24.466090,90
S_STR03636,S_U0022,S0047,2026-02-25 13:31:21.839049,102
S_STR03637,S_U0010,S0042,2026-03-02 08:20:07.996529,210
S_STR03638,S_U0065,S0033,2026-02-05 14:15:54.588029,151
S_STR03639,S_U0086,S0008,2026-02-27 22:29:42.073020,214
S_STR03640,S_U0077,S0037,2026-02-04 17:05:45.574073,164
S_STR03641,S_U0039,S0032,2026-03-01 02:59:31.633908,71
S_STR03642,S_U0003,S0035,2026-02-15 07:34:24.092169,23
S_STR03643,S_U0026,S0045,2026-02-27 12:14:21.843784,172
S_STR03644,S_U0090,S0029,2026-02-09 22:06:33.059193,186
S_STR03645,S_U0083,S0029,2026-02-27 16:51:28.378483,209
S_STR03646,S_U0031,S0030,2026-02-02 13:01:23.101869,228
S_STR03647,S_U0083,S0045,2026-02-14 14:33:44.350820,215
S_STR03648,S_U0013,S0045,2026-02-15 05:22:04.464937,135
S_STR03649,S_U0032,S0032,2026-03-01 16:11:00.016739,240
S_STR03650,S_U0012,S0035,2026-02-28 00:39:08.056958,84
S_STR03651,S_U0082,S0046,2026-02-08 21:07:38.022793,55
S_STR03652,S_U0013,S0036,2026-02-11 03:58:38.970640,192
S_STR03653,S_U0048,S0042,2026-02-25 23:44:13.795982,207
S_STR03654,S_U0056,S0050,2026-02-09 21:02:08.516544,233
S_STR03655,S_U0045,S0009,2026-01-31 12:06:05.812834,45
S_STR03656,S_U0002,S0004,2026-02-21 02:48:36.900279,224
S_STR03657,S_U0035,S0045,2026-02-12 16:25:07.120426,199
S_STR03658,S_U0036,S0035,2026-02-25 18:59:15.340544,112
S_STR03659,S_U0030,S0007,2026-02-03 19:18:20.437435,23
S_STR03660,S_U0009,S0050,2026-02-05 00:06:41.233944,201
S_STR03661,S_U0060,S0034,2026-02-16 04:05:37.407718,80
S_STR03662,S_U0022,S0037,2026-02-06 10:51:03.212053,78
S_STR03663,S_U0035,S0032,2026-02-28 12:21:17.456138,126
S_STR03664,S_U0042,S0007,2026-02-28 09:34:19.231737,231
S_STR03665,S_U0010,S0013,2026-02-28 15:07:11.388569,219
S_STR03666,S_U0018,S0049,2026-02-14 12:27:41.808635,48
S_STR03667,S_U0088,S0009,2026-02-26 14:18:04.183128,12
S_STR03668,S_U0074,S0049,2026-02-04 12:01:36.338493,126
S_STR03669,S_U0083,S0040,2026-03-01 00:40:49.578432,221
S_STR03670,S_U0084,S0034,2026-02-13 10:41:02.918816,108
S_STR03671,S_U0055,S0025,2026-02-03 20:40:30.235370,61
S_STR03672,S_U0077,S0031,2026-02-21 05:39:52.893229,88
S_STR03673,S_U0007,S0036,2026-02-18 22:54:02.545583,212
S_STR03674,S_U0071,S0035,2026-02-09 18:00:00.431494,126
S_STR03675,S_U0040,S0048,2026-02-04 17:13:30.135021,45
S_STR03676,S_U0070,S0035,2026-02-10 13:50:21.586797,89
S_STR03677,S_U0070,S0047,2026-02-03 06:15:59.432886,134
S_STR03678,S_U0086,S0023,2026-02-11 13:44:15.803388,86
S_STR03679,S_U0023,S0048,2026-02-19 18:19:48.556461,103
S_STR03680,S_U0086,S0026,2026-02-07 02:49:11.458717,109
S_STR03681,S_U0004,S0045,2026-02-13 13:55:25.502210,219
S_STR03682,S_U0098,S0039,2026-02-09 09:40:09.965153,121
S_STR03683,S_U0059,S0018,2026-02-02 23:50:37.051847,132
S_STR03684,S_U0069,S0039,2026-02-16 19:49:51.097199,30
S_STR03685,S_U0014,S0010,2026-02-27 14:46:11.308857,55
S_STR03686,S_U0095,S0025,2026-02-11 03:27:25.951837,49
S_STR03687,S_U0045,S0026,2026-02-24 15:44:57.991959,190
S_STR03688,S_U0037,S0023,2026-02-13 15:40:50.019888,115
S_STR03689,S_U0054,S0036,2026-02-15 04:26:24.173367,53
S_STR03690,S_U0076,S0050,2026-02-11 18:34:13.122360,260
S_STR03691,S_U0024,S0034,2026-02-20 03:46:46.228889,39
S_STR03692,S_U0065,S0039,2026-02-04 07:34:38.737892,184
S_STR03693,S_U0061,S0048,2026-02-18 00:44:12.468430,6
S_STR03694,S_U0099,S0041,2026-02-04 05:52:42.706024,37
S_STR03695,S_U0033,S0032,2026-02-09 23:16:53.057512,178
S_STR03696,S_U0067,S0037,2026-02-25 17:50:14.649499,73
S_STR03697,S_U0092,S0015,2026-02-24 09:57:18.661992,21
S_STR03698,S_U0047,S0042,2026-02-18 08:03:00.375888,162
S_STR03699,S_U0036,S0037,2026-02-03 13:15:59.805152,278
S_STR03700,S_U0058,S0032,2026-02-01 14:24:44.661040,123
S_STR03701,S_U0009,S0003,2026-02-14 02:19:31.564667,113
S_STR03702,S_U0011,S0038,2026-02-24 18:08:11.020920,55
S_STR03703,S_U0045,S0041,2026-02-05 01:08:32.255384,53
S_STR03704,S_U0042,S0029,2026-02-23 05:32:51.794479,148
S_STR03705,S_U0097,S0033,2026-03-01 15:56:16.807834,132
S_STR03706,S_U0098,S0029,2026-02-15 18:03:55.922803,42
S_STR03707,S_U0093,S0042,2026-02-06 20:54:01.924261,145
S_STR03708,S_U0049,S0043,2026-02-02 22:15:28.213446,140
S_STR03709,S_U0005,S0030,2026-02-15 06:51:00.415100,187
S_STR03710,S_U0028,S0021,2026-02-12 19:45:03.365824,168
S_STR03711,S_U0028,S0030,2026-02-10 10:10:01.441991,206
S_STR03712,S_U0002,S0028,2026-02-04 19:58:39.277259,148
S_STR03713,S_U0071,S0042,2026-02-14 22:07:57.121816,151
S_STR03714,S_U0062,S0037,2026-02-15 20:13:29.588238,34
S_STR03715,S_U0056,S0031,2026-02-25 12:45:51.087261,23
S_STR03716,S_U0054,S0047,2026-02-02 07:05:35.747597,42
S_STR03717,S_U0081,S0044,2026-02-02 12:06:26.387711,329
S_STR03718,S_U0062,S0048,2026-02-04 10:26:41.266868,74
S_STR03719,S_U0098,S0030,2026-02-08 00:45:25.942766,118
S_STR03720,S_U0089,S0035,2026-02-22 19:52:39.154686,9
S_STR03721,S_U0096,S0046,2026-01-31 14:17:20.642652,87
S_STR03722,S_U0057,S0042,2026-02-09 22:57:00.731497,44
S_STR03723,S_U0035,S0031,2026-02-01 15:19:14.272699,98
S_STR03724,S_U0069,S0050,2026-02-04 22:31:33.526649,248
S_STR03725,S_U0033,S0034,2026-02-20 01:14:12.401486,71
S_STR03726,S_U0042,S0050,2026-02-15 07:11:08.466003,133
S_STR03727,S_U0011,S0036,2026-02-12 16:11:16.589189,209
S_STR03728,S_U0024,S0022,2026-02-22 05:49:15.879797,9
S_STR03729,S_U0004,S0030,2026-02-11 10:25:27.051808,91
S_STR03730,S_U0100,S0046,2026-02-24 22:51:38.343065,82
S_STR03731,S_U0092,S0045,2026-02-12 19:37:36.036851,93
S_STR03732,S_U0041,S0017,2026-02-15 01:37:56.632579,86
S_STR03733,S_U0080,S0039,2026-03-01 04:17:45.182580,130
S_STR03734,S_U0044,S0047,2026-02-06 03:57:09.360642,53
S_STR03735,S_U0078,S0037,2026-02-12 00:32:13.799262,170
S_STR03736,S_U0033,S0050,2026-02-02 23:48:47.948299,19
S_STR03737,S_U0079,S0043,2026-02-27 07:56:00.308049,108
S_STR03738,S_U0039,S0031,2026-02-01 11:53:55.856339,87
S_STR03739,S_U0020,S0028,2026-02-18 10:06:58.121345,61
S_STR03740,S_U0083,S0046,2026-02-14 09:35:24.729497,115
S_STR03741,S_U0044,S0041,2026-02-25 15:40:29.991355,92
S_STR03742,S_U0001,S0014,2026-02-19 18:04:12.116815,98
S_STR03743,S_U0004,S0022,2026-01-31 23:11:51.859254,97
S_STR03744,S_U0069,S0026,2026-02-16 07:07:56.738834,14
S_STR03745,S_U0024,S0004,2026-02-04 11:45:48.271721,178
S_STR03746,S_U0085,S0028,2026-02-08 18:09:14.656525,91
S_STR03747,S_U0045,S0025,2026-02-12 19:49:34.747257,109
S_STR03748,S_U0033,S0029,2026-02-28 07:11:56.402138,110
S_STR03749,S_U0045,S0022,2026-03-01 16:10:57.845444,329
S_STR03750,S_U0097,S0016,2026-02-03 19:25:03.884643,5
S_STR03751,S_U0074,S0050,2026-02-11 16:50:37.241985,41
S_STR03752,S_U0033,S0025,2026-02-14 03:52:04.640684,134
S_STR03753,S_U0032,S0033,2026-02-10 11:53:50.385324,247
S_STR03754,S_U0099,S0039,2026-02-08 14:06:34.673002,67
S_STR03755,S_U0080,S0035,2026-02-28 11:14:39.272197,36
S_STR03756,S_U0059,S0035,2026-02-24 09:47:52.209264,10
S_STR03757,S_U0021,S0044,2026-02-12 13:39:34.346582,88
S_STR03758,S_U0013,S0050,2026-02-19 13:16:40.955086,267
S_STR03759,S_U0002,S0044,2026-02-25 01:59:23.253527,250
S_STR03760,S_U0013,S0042,2026-02-19 07:48:33.882638,194
S_STR03761,S_U0026,S0032,2026-02-06 12:19:40.214176,49
S_STR03762,S_U0075,S0033,2026-03-02 11:33:14.707970,343
S_STR03763,S_U0012,S0040,2026-02-22 19:11:07.839322,106
S_STR03764,S_U0069,S0050,2026-02-05 02:31:27.364815,66
S_STR03765,S_U0014,S0032,2026-02-11 06:01:04.353341,62
S_STR03766,S_U0053,S0040,2026-02-25 20:31:16.801780,217
S_STR03767,S_U0092,S0022,2026-03-02 10:34:27.594830,156
S_STR03768,S_U0092,S0022,2026-02-22 03:50:11.730528,180
S_STR03769,S_U0005,S0017,2026-02-24 03:03:32.296403,117
S_STR03770,S_U0058,S0032,2026-02-02 16:55:20.722109,96
S_STR03771,S_U0090,S0020,2026-02-13 00:55:28.769322,116
S_STR03772,S_U0013,S0046,2026-02-15 03:57:13.787740,60
S_STR03773,S_U0040,S0030,2026-02-03 09:56:21.227752,182
S_STR03774,S_U0054,S0040,2026-02-19 03:03:11.312393,192
S_STR03775,S_U0034,S0027,2026-02-27 10:06:01.561434,44
S_STR03776,S_U0092,S0039,2026-02-15 04:05:33.691689,44
S_STR03777,S_U0054,S0015,2026-02-22 04:06:43.344342,157
S_STR03778,S_U0025,S0021,2026-02-19 10:41:56.461452,54
S_STR03779,S_U0063,S0021,2026-02-10 18:51:10.783449,36
S_STR03780,S_U0068,S0008,2026-02-14 20:07:02.145020,7
S_STR03781,S_U0069,S0038,2026-02-12 15:48:36.514783,50
S_STR03782,S_U0090,S0029,2026-02-07 14:23:00.084928,101
S_STR03783,S_U0077,S0018,2026-02-22 15:46:34.901295,18
S_STR03784,S_U0016,S0040,2026-02-11 08:56:04.248620,68
S_STR03785,S_U0078,S0048,2026-02-20 02:55:01.274893,81
S_STR03786,S_U0073,S0014,2026-02-13 16:17:09.406386,111
S_STR03787,S_U0016,S0004,2026-02-19 02:29:39.506906,240
S_STR03788,S_U0034,S0039,2026-02-07 01:09:47.079647,80
S_STR03789,S_U0001,S0004,2026-02-10 22:22:00.314434,121
S_STR03790,S_U0091,S0048,2026-02-26 19:34:57.503370,84
S_STR03791,S_U0098,S0040,2026-02-20 21:23:29.744088,190
S_STR03792,S_U0040,S0032,2026-02-04 02:33:46.053163,260
S_STR03793,S_U0016,S0033,2026-02-25 23:04:49.587596,232
S_STR03794,S_U0090,S0047,2026-02-04 15:56:14.785216,112
S_STR03795,S_U0012,S0050,2026-02-06 17:02:01.449209,61
S_STR03796,S_U0059,S0043,2026-02-06 09:29:22.549541,189
S_STR03797,S_U0047,S0027,2026-02-15 12:42:09.801542,74
S_STR03798,S_U0056,S0020,2026-02-10 10:32:13.670108,89
S_STR03799,S_U0036,S0006,2026-02-27 23:13:19.993739,56
S_STR03800,S_U0062,S0023,2026-02-01 03:32:44.280262,11
S_STR03801,S_U0097,S0050,2026-02-26 02:45:04.618898,207
S_STR03802,S_U0001,S0026,2026-02-03 15:02:43.402759,97
S_STR03803,S_U0028,S0047,2026-02-15 22:11:45.563201,125
S_STR03804,S_U0028,S0028,2026-02-14 03:50:23.191361,45
S_STR03805,S_U0099,S0047,2026-02-09 09:11:49.765061,158
S_STR03806,S_U0050,S0050,2026-02-26 10:01:20.893293,126
S_STR03807,S_U0038,S0026,2026-02-22 08:20:34.113954,194
S_STR03808,S_U0068,S0027,2026-02-27 17:00:08.722560,150
S_STR03809,S_U0030,S0022,2026-02-13 01:22:55.256252,127
S_STR03810,S_U0059,S0035,2026-02-02 23:26:12.659912,14
S_STR03811,S_U0030,S0048,2026-02-18 16:09:44.970880,59
S_STR03812,S_U0012,S0050,2026-02-06 17:47:47.227735,10
S_STR03813,S_U0049,S0034,2026-02-26 22:03:53.933280,35
S_STR03814,S_U0056,S0012,2026-02-13 23:32:11.563203,233
S_STR03815,S_U0085,S0040,2026-02-09 05:59:54.979711,201
S_STR03816,S_U0088,S0048,2026-02-26 03:41:22.142210,60
S_STR03817,S_U0077,S0026,2026-02-11 11:08:19.756726,138
S_STR03818,S_U0033,S0040,2026-02-15 16:09:11.911929,242
S_STR03819,S_U0021,S0025,2026-02-17 00:20:56.049537,23
S_STR03820,S_U0068,S0030,2026-02-24 21:05:56.652705,66
S_STR03821,S_U0011,S0025,2026-01-31 13:34:01.847558,53
S_STR03822,S_U0082,S0038,2026-02-11 17:02:56.095748,136
S_STR03823,S_U0037,S0046,2026-02-21 17:16:24.336909,47
S_STR03824,S_U0045,S0049,2026-02-03 03:42:56.716840,162
S_STR03825,S_U0019,S0045,2026-02-02 02:25:29.746776,18
S_STR03826,S_U0020,S0038,2026-02-16 10:59:24.966134,79
S_STR03827,S_U0012,S0029,2026-02-27 05:17:00.058589,51
S_STR03828,S_U0094,S0015,2026-02-24 17:10:06.570304,193
S_STR03829,S_U0057,S0037,2026-02-08 03:57:06.270026,62
S_STR03830,S_U0005,S0026,2026-02-06 04:04:39.365113,117
S_STR03831,S_U0019,S0023,2026-03-01 15:43:48.107015,113
S_STR03832,S_U0023,S0026,2026-02-21 04:52:22.608836,132
S_STR03833,S_U0080,S0035,2026-02-21 16:47:10.788307,11
S_STR03834,S_U0074,S0050,2026-02-23 16:41:32.288242,95
S_STR03835,S_U0029,S0044,2026-02-15 13:31:07.418890,262
S_STR03836,S_U0057,S0047,2026-02-04 08:11:27.446799,65
S_STR03837,S_U0080,S0048,2026-02-19 09:17:46.180462,53
S_STR03838,S_U0014,S0048,2026-02-19 05:07:03.050591,63
S_STR03839,S_U0058,S0021,2026-02-09 01:44:03.850987,61
S_STR03840,S_U0077,S0033,2026-02-25 10:58:44.026572,302
S_STR03841,S_U0072,S0041,2026-02-21 04:17:07.707781,90
S_STR03842,S_U0024,S0027,2026-02-09 15:53:41.511917,26
S_STR03843,S_U0004,S0031,2026-02-09 02:58:22.176905,123
S_STR03844,S_U0025,S0036,2026-02-03 15:00:50.995217,201
S_STR03845,S_U0024,S0026,2026-01-31 16:11:14.826559,66
S_STR03846,S_U0049,S0041,2026-02-24 02:53:53.386223,150
S_STR03847,S_U0035,S0031,2026-02-07 16:50:50.418291,113
S_STR03848,S_U0093,S0027,2026-02-19 01:06:25.397031,126
S_STR03849,S_U0058,S0050,2026-02-09 11:12:19.372919,292
S_STR03850,S_U0009,S0043,2026-02-27 05:13:53.030350,50
S_STR03851,S_U0001,S0029,2026-02-05 12:13:24.736054,86
S_STR03852,S_U0023,S0045,2026-02-15 15:01:19.756528,209
S_STR03853,S_U0031,S0030,2026-02-15 16:11:52.319716,19
S_STR03854,S_U0070,S0045,2026-02-08 21:25:59.592728,192
S_STR03855,S_U0039,S0005,2026-02-20 07:05:02.481487,8
S_STR03856,S_U0051,S0031,2026-02-01 10:13:42.503218,77
S_STR03857,S_U0048,S0046,2026-03-02 05:41:18.415709,112
S_STR03858,S_U0026,S0031,2026-02-18 16:45:44.286804,150
S_STR03859,S_U0085,S0050,2026-02-23 04:05:05.146536,245
S_STR03860,S_U0100,S0022,2026-02-11 06:42:46.349976,197
S_STR03861,S_U0087,S0015,2026-02-18 00:24:48.837903,8
S_STR03862,S_U0034,S0050,2026-02-22 01:54:49.080846,282
S_STR03863,S_U0052,S0044,2026-02-13 17:56:38.905902,66
S_STR03864,S_U0016,S0047,2026-02-27 08:57:44.690873,30
S_STR03865,S_U0010,S0050,2026-02-15 15:52:23.266447,21
S_STR03866,S_U0030,S0009,2026-02-10 19:45:31.502443,133
S_STR03867,S_U0003,S0049,2026-02-23 06:17:26.179775,72
S_STR03868,S_U0034,S0021,2026-02-25 00:01:47.168554,189
S_STR03869,S_U0060,S0043,2026-02-07 08:49:06.341576,166
S_STR03870,S_U0079,S0045,2026-02-06 09:07:19.002745,110
S_STR03871,S_U0018,S0048,2026-02-14 06:57:17.190737,112
S_STR03872,S_U0099,S0020,2026-02-02 07:24:25.637381,185
S_STR03873,S_U0095,S0038,2026-02-15 13:54:54.397220,19
S_STR03874,S_U0042,S0022,2026-02-07 19:48:09.547097,44
S_STR03875,S_U0098,S0039,2026-02-26 18:55:41.898964,146
S_STR03876,S_U0026,S0045,2026-02-16 17:16:32.152265,239
S_STR03877,S_U0084,S0033,2026-02-04 18:28:10.829163,14
S_STR03878,S_U0070,S0023,2026-02-13 11:32:27.927727,15
S_STR03879,S_U0040,S0041,2026-03-02 10:20:28.889587,151
S_STR03880,S_U0095,S0045,2026-03-02 05:39:07.427380,214
S_STR03881,S_U0069,S0038,2026-02-22 17:47:13.876870,68
S_STR03882,S_U0020,S0030,2026-02-17 08:24:11.893991,153
S_STR03883,S_U0015,S0018,2026-02-08 10:25:53.114411,62
S_STR03884,S_U0054,S0045,2026-02-01 11:59:07.108063,31
S_STR03885,S_U0082,S0012,2026-03-01 22:26:07.108742,63
S_STR03886,S_U0077,S0010,2026-02-13 22:51:33.257897,85
S_STR03887,S_U0098,S0044,2026-02-25 20:41:02.147201,74
S_STR03888,S_U0084,S0046,2026-02-26 16:17:14.196736,62
S_STR03889,S_U0002,S0038,2026-02-02 02:16:27.648418,68
S_STR03890,S_U0024,S0047,2026-02-17 14:16:06.497383,27
S_STR03891,S_U0027,S0043,2026-02-10 22:43:45.951927,122
S_STR03892,S_U0040,S0034,2026-02-08 13:16:10.935763,18
S_STR03893,S_U0016,S0044,2026-02-27 21:46:30.047949,230
S_STR03894,S_U0040,S0034,2026-02-18 02:55:16.156569,119
S_STR03895,S_U0033,S0040,2026-01-31 16:12:39.328353,140
S_STR03896,S_U0037,S0034,2026-02-12 09:02:07.451666,116
S_STR03897,S_U0017,S0042,2026-02-07 09:37:23.805296,161
S_STR03898,S_U0005,S0044,2026-02-09 12:27:01.681224,111
S_STR03899,S_U0001,S0028,2026-02-26 10:47:20.231510,110
S_STR03900,S_U0094,S0021,2026-02-26 21:54:54.638843,22
S_STR03901,S_U0080,S0040,2026-02-07 02:12:57.959266,194
S_STR03902,S_U0017,S0032,2026-02-24 20:09:43.496372,184
S_STR03903,S_U0056,S0035,2026-02-25 17:01:09.631542,42
S_STR03904,S_U0067,S0045,2026-02-24 21:49:59.124584,229
S_STR03905,S_U0015,S0045,2026-02-01 13:51:18.157351,51
S_STR03906,S_U0053,S0024,2026-02-23 23:40:08.406595,110
S_STR03907,S_U0019,S0036,2026-02-06 03:32:18.192882,162
S_STR03908,S_U0024,S0029,2026-02-13 00:05:02.582531,243
S_STR03909,S_U0095,S0028,2026-02-01 02:34:28.759685,80
S_STR03910,S_U0064,S0044,2026-02-19 18:38:28.707419,37
S_STR03911,S_U0096,S0041,2026-02-26 19:16:35.954928,11
S_STR03912,S_U0072,S0042,2026-02-25 19:33:53.037894,85
S_STR03913,S_U0076,S0036,2026-02-16 19:00:54.366724,48
S_STR03914,S_U0032,S0044,2026-02-23 14:01:24.926719,246
S_STR03915,S_U0094,S0022,2026-02-27 02:58:36.613918,87
S_STR03916,S_U0004,S0029,2026-02-16 02:42:08.877402,127
S_STR03917,S_U0091,S0045,2026-03-01 21:03:50.536026,89
S_STR03918,S_U0081,S0041,2026-02-03 23:42:29.141273,139
S_STR03919,S_U0034,S0020,2026-02-12 08:15:19.000512,11
S_STR03920,S_U0007,S0038,2026-02-08 12:22:59.909835,50
S_STR03921,S_U0014,S0016,2026-02-08 18:33:00.833512,148
S_STR03922,S_U0041,S0042,2026-02-15 11:01:48.466623,85
S_STR03923,S_U0050,S0015,2026-02-08 19:01:35.851151,113
S_STR03924,S_U0023,S0024,2026-02-15 15:22:19.303584,127
S_STR03925,S_U0048,S0028,2026-02-25 04:28:42.421153,19
S_STR03926,S_U0055,S0041,2026-02-02 06:35:51.906624,60
S_STR03927,S_U0072,S0022,2026-02-01 19:53:24.721597,31
S_STR03928,S_U0054,S0030,2026-02-26 03:04:56.093209,169
S_STR03929,S_U0066,S0041,2026-02-03 20:30:38.141665,54
S_STR03930,S_U0089,S0034,2026-02-08 10:47:45.435426,31
S_STR03931,S_U0036,S0032,2026-02-19 06:02:49.733297,289
S_STR03932,S_U0009,S0022,2026-02-15 15:32:11.213482,33
S_STR03933,S_U0052,S0018,2026-02-22 21:18:41.058399,42
S_STR03934,S_U0064,S0047,2026-02-10 03:25:41.525821,115
S_STR03935,S_U0018,S0036,2026-02-24 16:17:22.181793,156
S_STR03936,S_U0058,S0044,2026-02-20 06:43:45.710105,270
S_STR03937,S_U0063,S0030,2026-02-11 20:01:40.454693,263
S_STR03938,S_U0020,S0029,2026-02-25 14:19:17.433593,252
S_STR03939,S_U0027,S0034,2026-02-23 23:10:34.412698,99
S_STR03940,S_U0097,S0041,2026-02-02 21:09:31.917365,151
S_STR03941,S_U0021,S0048,2026-03-02 04:45:38.856641,92
S_STR03942,S_U0042,S0025,2026-02-10 09:42:46.348985,43
S_STR03943,S_U0083,S0023,2026-02-04 20:12:53.436498,91
S_STR03944,S_U0062,S0017,2026-02-08 22:12:21.901028,169
S_STR03945,S_U0078,S0002,2026-02-21 20:56:04.013281,6
S_STR03946,S_U0085,S0036,2026-02-18 22:52:17.619875,233
S_STR03947,S_U0035,S0041,2026-02-13 08:07:32.691361,153
S_STR03948,S_U0053,S0045,2026-02-01 15:45:01.951645,89
S_STR03949,S_U0034,S0034,2026-02-08 16:45:36.133366,80
S_STR03950,S_U0054,S0023,2026-02-04 08:24:58.687035,81
S_STR03951,S_U0093,S0007,2026-02-16 11:22:27.591829,202
S_STR03952,S_U0052,S0040,2026-02-12 06:26:59.728684,166
S_STR03953,S_U0031,S0026,2026-02-10 21:17:09.688212,64
S_STR03954,S_U0056,S0047,2026-02-28 15:48:00.975806,46
S_STR03955,S_U0022,S0044,2026-02-24 07:52:36.447006,102
S_STR03956,S_U0089,S0047,2026-02-14 11:12:41.410148,105
S_STR03957,S_U0037,S0047,2026-02-28 07:48:13.504810,40
S_STR03958,S_U0024,S0021,2026-02-01 08:58:22.148091,165
S_STR03959,S_U0071,S0046,2026-02-08 03:59:24.059775,120
S_STR03960,S_U0062,S0050,2026-02-06 02:34:25.022074,32
S_STR03961,S_U0073,S0049,2026-02-24 16:40:12.538981,130
S_STR03962,S_U0027,S0034,2026-02-19 22:16:39.786816,88
S_STR03963,S_U0078,S0043,2026-02-19 18:28:24.501733,179
S_STR03964,S_U0085,S0048,2026-02-16 03:11:11.448810,66
S_STR03965,S_U0010,S0039,2026-02-16 04:20:40.987400,37
S_STR03966,S_U0017,S0050,2026-02-13 02:43:10.087294,200
S_STR03967,S_U0069,S0043,2026-02-08 18:00:08.530866,18
S_STR03968,S_U0050,S0044,2026-02-27 20:53:18.444998,264
S_STR03969,S_U0088,S0034,2026-02-08 06:47:27.586138,19
S_STR03970,S_U0036,S0011,2026-02-16 21:58:06.960756,21
S_STR03971,S_U0004,S0012,2026-02-13 03:32:55.509793,82
S_STR03972,S_U0081,S0038,2026-02-06 17:25:53.746235,76
S_STR03973,S_U0050,S0047,2026-02-04 22:39:05.352488,25
S_STR03974,S_U0042,S0045,2026-02-25 01:57:08.047514,38
S_STR03975,S_U0074,S0024,2026-02-19 04:31:31.543846,25
S_STR03976,S_U0012,S0043,2026-02-23 22:14:17.880122,171
S_STR03977,S_U0094,S0004,2026-02-22 04:54:29.518062,40
S_STR03978,S_U0016,S0021,2026-02-15 00:52:27.848553,71
S_STR03979,S_U0057,S0029,2026-02-22 02:07:36.841206,236
S_STR03980,S_U0004,S0024,2026-02-15 11:17:11.950864,94
S_STR03981,S_U0034,S0050,2026-02-24 02:37:26.235513,79
S_STR03982,S_U0095,S0044,2026-02-27 06:51:04.485362,34
S_STR03983,S_U0045,S0036,2026-02-12 21:15:19.761014,235
S_STR03984,S_U0031,S0026,2026-02-25 06:46:40.641763,198
S_STR03985,S_U0015,S0026,2026-02-24 19:08:46.094596,126
S_STR03986,S_U0011,S0024,2026-02-08 13:37:56.246958,89
S_STR03987,S_U0032,S0023,2026-02-24 09:24:52.287682,38
S_STR03988,S_U0042,S0028,2026-02-17 12:18:14.275982,151
S_STR03989,S_U0001,S0048,2026-02-18 21:44:32.418614,31
S_STR03990,S_U0099,S0038,2026-02-08 14:13:10.061719,93
S_STR03991,S_U0070,S0029,2026-02-20 14:09:38.267617,100
S_STR03992,S_U0047,S0040,2026-02-28 00:27:21.387836,220
S_STR03993,S_U0053,S0041,2026-02-20 11:30:25.730010,35
S_STR03994,S_U0100,S0030,2026-02-11 08:34:32.482969,153
S_STR03995,S_U0039,S0015,2026-02-28 15:29:23.572447,97
S_STR03996,S_U0005,S0032,2026-02-16 08:14:29.447890,297
S_STR03997,S_U0037,S0044,2026-02-21 22:53:09.815588,259
S_STR03998,S_U0081,S0040,2026-02-25 06:58:28.533366,39
S_STR03999,S_U0067,S0041,2026-02-23 06:38:52.813069,64
S_STR04000,S_U0072,S0050,2026-02-23 00:22:15.862448,155
S_STR04001,S_U0057,S0049,2026-02-07 04:24:18.124531,96
S_STR04002,S_U0036,S0041,2026-02-16 14:54:00.219313,84
S_STR04003,S_U0006,S0036,2026-02-15 11:47:22.714912,121
S_STR04004,S_U0100,S0049,2026-02-26 08:56:56.209037,28
S_STR04005,S_U0093,S0035,2026-02-07 15:29:35.447237,130
S_STR04006,S_U0060,S0048,2026-02-07 15:08:07.589854,53
S_STR04007,S_U0029,S0043,2026-02-24 15:13:22.727135,157
S_STR04008,S_U0069,S0025,2026-02-08 06:33:02.213532,154
S_STR04009,S_U0028,S0050,2026-02-24 13:53:47.155848,289
S_STR04010,S_U0023,S0025,2026-02-17 04:58:22.658151,75
S_STR04011,S_U0029,S0048,2026-02-04 01:07:54.996879,54
S_STR04012,S_U0043,S0034,2026-02-05 08:35:04.522285,91
S_STR04013,S_U0014,S0045,2026-02-04 17:33:17.451019,255
S_STR04014,S_U0086,S0025,2026-03-01 01:28:38.527570,115
S_STR04015,S_U0013,S0011,2026-02-02 16:28:41.384259,123
S_STR04016,S_U0086,S0048,2026-02-18 00:20:16.898402,73
S_STR04017,S_U0041,S0024,2026-02-19 17:04:49.233155,202
S_STR04018,S_U0016,S0049,2026-02-20 19:33:59.400110,176
S_STR04019,S_U0048,S0021,2026-02-02 00:18:14.412725,187
S_STR04020,S_U0003,S0040,2026-02-27 15:10:19.034168,247
S_STR04021,S_U0089,S0020,2026-02-03 04:45:52.339902,132
S_STR04022,S_U0041,S0042,2026-02-05 05:23:14.916111,137
S_STR04023,S_U0029,S0028,2026-02-19 08:16:05.721835,62
S_STR04024,S_U0027,S0046,2026-02-22 20:11:39.702973,36
S_STR04025,S_U0096,S0050,2026-02-25 02:03:39.401884,151
S_STR04026,S_U0018,S0016,2026-02-11 11:37:51.763520,130
S_STR04027,S_U0068,S0013,2026-02-10 22:04:49.092787,8
S_STR04028,S_U0094,S0044,2026-02-07 11:51:04.730346,310
S_STR04029,S_U0057,S0043,2026-02-20 04:50:10.804329,79
S_STR04030,S_U0062,S0049,2026-02-14 20:07:59.308372,6
S_STR04031,S_U0059,S0048,2026-02-23 20:02:36.117274,21
S_STR04032,S_U0060,S0033,2026-02-28 19:53:16.901453,241
S_STR04033,S_U0090,S0028,2026-01-31 12:36:50.778488,7
S_STR04034,S_U0089,S0032,2026-02-08 00:33:14.443085,158
S_STR04035,S_U0008,S0034,2026-02-21 06:02:45.874710,27
S_STR04036,S_U0042,S0050,2026-02-07 03:14:19.385957,123
S_STR04037,S_U0010,S0005,2026-02-09 03:14:41.934625,33
S_STR04038,S_U0037,S0002,2026-02-13 02:05:48.260289,65
S_STR04039,S_U0096,S0028,2026-02-19 05:18:16.972937,173
S_STR04040,S_U0010,S0049,2026-02-24 10:06:10.794108,62
S_STR04041,S_U0053,S0004,2026-02-13 16:19:29.268981,175
S_STR04042,S_U0065,S0029,2026-02-25 05:02:53.913059,204
S_STR04043,S_U0070,S0038,2026-03-01 20:35:02.225916,73
S_STR04044,S_U0015,S0027,2026-02-21 22:43:46.395702,111
S_STR04045,S_U0033,S0043,2026-02-22 05:27:20.517912,51
S_STR04046,S_U0010,S0032,2026-02-22 17:38:30.915574,132
S_STR04047,S_U0012,S0033,2026-02-23 01:11:59.490994,141
S_STR04048,S_U0020,S0050,2026-02-04 18:28:28.881325,168
S_STR04049,S_U0030,S0039,2026-02-13 21:24:19.529058,11
S_STR04050,S_U0021,S0034,2026-02-25 09:36:31.092684,31
S_STR04051,S_U0070,S0044,2026-02-04 10:31:02.785543,211
S_STR04052,S_U0080,S0050,2026-02-24 05:30:02.098416,43
S_STR04053,S_U0043,S0043,2026-02-16 00:38:23.964486,109
S_STR04054,S_U0075,S0037,2026-02-21 17:12:02.844400,62
S_STR04055,S_U0075,S0035,2026-02-24 11:38:42.198793,113
S_STR04056,S_U0018,S0022,2026-02-28 03:34:04.166867,277
S_STR04057,S_U0041,S0021,2026-02-10 20:23:19.496480,79
S_STR04058,S_U0079,S0041,2026-02-24 03:29:32.429492,150
S_STR04059,S_U0080,S0029,2026-02-20 08:09:27.036559,13
S_STR04060,S_U0038,S0040,2026-01-31 23:34:47.007695,10
S_STR04061,S_U0032,S0018,2026-02-19 19:45:37.134829,9
S_STR04062,S_U0080,S0048,2026-02-25 01:18:55.121236,83
S_STR04063,S_U0098,S0018,2026-02-02 17:20:10.285697,16
S_STR04064,S_U0004,S0039,2026-02-20 18:08:55.725893,49
S_STR04065,S_U0070,S0018,2026-02-20 12:37:46.686080,145
S_STR04066,S_U0021,S0009,2026-02-22 20:43:15.416815,207
S_STR04067,S_U0039,S0020,2026-02-10 08:52:16.457969,93
S_STR04068,S_U0051,S0035,2026-02-01 13:40:41.293653,83
S_STR04069,S_U0010,S0032,2026-02-11 21:27:04.859295,241
S_STR04070,S_U0083,S0029,2026-02-01 01:51:45.343006,13
S_STR04071,S_U0023,S0037,2026-02-04 03:42:59.048733,104
S_STR04072,S_U0042,S0043,2026-02-10 02:58:15.667993,188
S_STR04073,S_U0036,S0048,2026-02-26 21:01:44.658225,31
S_STR04074,S_U0060,S0013,2026-02-18 06:29:07.870716,265
S_STR04075,S_U0051,S0032,2026-02-10 13:29:30.611799,121
S_STR04076,S_U0081,S0030,2026-02-19 08:33:51.551690,194
S_STR04077,S_U0011,S0050,2026-02-16 22:30:58.673835,65
S_STR04078,S_U0059,S0029,2026-02-11 10:29:10.646005,125
S_STR04079,S_U0030,S0044,2026-02-25 19:11:22.377388,245
S_STR04080,S_U0043,S0018,2026-02-09 04:40:56.408723,174
S_STR04081,S_U0078,S0027,2026-02-23 01:47:57.480983,110
S_STR04082,S_U0066,S0024,2026-02-12 02:12:03.438862,153
S_STR04083,S_U0070,S0043,2026-02-13 19:23:27.357032,122
S_STR04084,S_U0049,S0027,2026-02-17 16:47:12.535785,27
S_STR04085,S_U0059,S0044,2026-02-14 08:11:57.418075,8
S_STR04086,S_U0095,S0033,2026-02-07 23:57:52.423999,40
S_STR04087,S_U0030,S0030,2026-02-11 11:48:05.734415,12
S_STR04088,S_U0031,S0016,2026-02-09 15:13:47.170426,161
S_STR04089,S_U0036,S0037,2026-01-31 15:50:34.263728,169
S_STR04090,S_U0003,S0037,2026-02-22 00:03:42.975469,178
S_STR04091,S_U0087,S0040,2026-02-23 04:08:02.748585,9
S_STR04092,S_U0092,S0039,2026-02-22 03:23:54.535906,144
S_STR04093,S_U0062,S0037,2026-02-03 07:13:09.573295,246
S_STR04094,S_U0069,S0034,2026-02-11 01:48:41.576036,42
S_STR04095,S_U0004,S0031,2026-02-22 13:30:05.072694,51
S_STR04096,S_U0058,S0037,2026-03-01 03:05:06.181432,64
S_STR04097,S_U0049,S0035,2026-02-25 21:44:09.429602,24
S_STR04098,S_U0002,S0032,2026-02-02 03:35:10.695486,300
S_STR04099,S_U0018,S0036,2026-02-03 18:12:01.484033,90
S_STR04100,S_U0089,S0049,2026-02-09 21:16:18.384034,48
S_STR04101,S_U0072,S0018,2026-02-16 05:19:37.585253,47
S_STR04102,S_U0099,S0024,2026-02-08 14:04:23.166139,183
S_STR04103,S_U0067,S0037,2026-02-12 23:24:26.959512,20
S_STR04104,S_U0005,S0036,2026-02-09 11:51:52.125230,72
S_STR04105,S_U0067,S0035,2026-02-18 15:50:47.262910,54
S_STR04106,S_U0078,S0040,2026-02-14 13:33:43.299645,47
S_STR04107,S_U0026,S0038,2026-02-17 18:19:13.683754,90
S_STR04108,S_U0054,S0045,2026-02-20 07:42:47.268848,75
S_STR04109,S_U0099,S0016,2026-02-21 16:57:36.767107,161
S_STR04110,S_U0042,S0045,2026-02-25 23:07:43.211036,208
S_STR04111,S_U0016,S0034,2026-02-05 09:57:47.319961,78
S_STR04112,S_U0084,S0040,2026-02-27 00:30:40.705089,85
S_STR04113,S_U0039,S0041,2026-02-12 08:32:28.309159,123
S_STR04114,S_U0015,S0041,2026-02-11 09:37:56.363333,141
S_STR04115,S_U0015,S0017,2026-02-26 10:34:14.234393,131
S_STR04116,S_U0018,S0032,2026-02-23 19:48:29.395287,58
S_STR04117,S_U0084,S0022,2026-02-12 22:28:09.238343,261
S_STR04118,S_U0058,S0050,2026-02-27 06:26:36.400765,283
S_STR04119,S_U0038,S0043,2026-02-09 17:05:21.231453,83
S_STR04120,S_U0064,S0037,2026-02-10 06:39:27.442977,161
S_STR04121,S_U0049,S0025,2026-02-21 03:41:35.533893,80
S_STR04122,S_U0032,S0048,2026-02-18 01:45:41.682224,37
S_STR04123,S_U0014,S0014,2026-02-26 22:44:35.075197,97
S_STR04124,S_U0014,S0031,2026-02-16 08:13:38.078361,31
S_STR04125,S_U0026,S0012,2026-02-26 05:32:18.458788,98
S_STR04126,S_U0043,S0036,2026-02-10 23:27:53.748231,29
S_STR04127,S_U0079,S0032,2026-02-19 20:24:15.515143,53
S_STR04128,S_U0043,S0011,2026-02-13 04:04:53.218326,108
S_STR04129,S_U0059,S0013,2026-01-31 19:01:10.705076,247
S_STR04130,S_U0012,S0041,2026-02-03 20:04:56.413530,49
S_STR04131,S_U0069,S0013,2026-02-20 17:53:43.973112,263
S_STR04132,S_U0060,S0037,2026-02-27 15:19:58.820697,9
S_STR04133,S_U0030,S0031,2026-02-24 07:17:44.146566,152
S_STR04134,S_U0059,S0039,2026-02-15 17:17:53.591517,14
S_STR04135,S_U0064,S0018,2026-02-23 05:23:38.045689,122
S_STR04136,S_U0027,S0015,2026-03-01 22:09:37.580769,224
S_STR04137,S_U0008,S0017,2026-02-04 14:46:58.983044,33
S_STR04138,S_U0065,S0038,2026-02-26 06:55:18.269018,115
S_STR04139,S_U0031,S0047,2026-02-06 15:07:27.820020,40
S_STR04140,S_U0028,S0022,2026-02-10 12:53:21.839128,62
S_STR04141,S_U0100,S0032,2026-02-24 12:09:43.668099,193
S_STR04142,S_U0067,S0021,2026-02-23 04:20:45.783067,107
S_STR04143,S_U0054,S0030,2026-03-02 03:17:39.906957,205
S_STR04144,S_U0008,S0048,2026-02-20 01:10:03.289401,112
S_STR04145,S_U0041,S0048,2026-02-01 18:49:36.323189,65
S_STR04146,S_U0046,S0026,2026-02-01 16:05:48.049474,121
S_STR04147,S_U0094,S0040,2026-02-27 05:54:05.063854,24
S_STR04148,S_U0025,S0038,2026-02-23 00:17:20.207748,17
S_STR04149,S_U0054,S0033,2026-02-15 21:51:49.136692,214
S_STR04150,S_U0025,S0043,2026-02-23 17:49:28.956698,8
S_STR04151,S_U0005,S0004,2026-02-26 06:28:45.235355,30
S_STR04152,S_U0054,S0035,2026-02-20 19:41:23.514298,133
S_STR04153,S_U0086,S0028,2026-02-15 19:41:19.760135,142
S_STR04154,S_U0046,S0035,2026-02-22 09:06:29.573380,58
S_STR04155,S_U0071,S0034,2026-02-16 10:04:19.998992,70
S_STR04156,S_U0034,S0006,2026-02-23 21:42:28.865400,75
S_STR04157,S_U0023,S0026,2026-02-11 17:49:34.987972,157
S_STR04158,S_U0075,S0037,2026-02-03 15:09:01.283000,150
S_STR04159,S_U0004,S0045,2026-02-28 22:50:58.702806,208
S_STR04160,S_U0016,S0012,2026-02-25 07:10:55.994434,242
S_STR04161,S_U0053,S0045,2026-02-25 23:55:40.055862,164
S_STR04162,S_U0057,S0027,2026-02-18 19:41:31.879409,38
S_STR04163,S_U0024,S0037,2026-02-22 04:39:23.534855,265
S_STR04164,S_U0023,S0041,2026-02-14 06:54:38.188776,47
S_STR04165,S_U0091,S0040,2026-02-08 22:31:02.086222,117
S_STR04166,S_U0035,S0039,2026-02-24 08:12:05.196207,204
S_STR04167,S_U0008,S0019,2026-02-25 05:50:38.123307,57
S_STR04168,S_U0091,S0046,2026-02-13 15:06:33.119739,64
S_STR04169,S_U0085,S0020,2026-02-25 19:30:36.590489,218
S_STR04170,S_U0008,S0015,2026-02-19 03:14:21.535490,23
S_STR04171,S_U0043,S0032,2026-03-01 16:20:21.842408,128
S_STR04172,S_U0022,S0036,2026-02-11 21:16:35.661194,140
S_STR04173,S_U0100,S0050,2026-02-02 14:42:29.335063,104
S_STR04174,S_U0037,S0015,2026-02-27 20:38:20.148565,213
S_STR04175,S_U0066,S0047,2026-02-07 16:56:26.044694,88
S_STR04176,S_U0061,S0050,2026-02-12 21:14:12.001560,288
S_STR04177,S_U0076,S0021,2026-02-03 16:39:36.848060,164
S_STR04178,S_U0002,S0048,2026-02-24 17:46:33.878351,36
S_STR04179,S_U0090,S0040,2026-02-17 07:19:58.977508,200
S_STR04180,S_U0014,S0023,2026-02-19 00:23:19.933583,119
S_STR04181,S_U0097,S0047,2026-02-09 15:47:00.917565,109
S_STR04182,S_U0081,S0034,2026-02-20 01:55:34.215336,123
S_STR04183,S_U0070,S0041,2026-02-01 15:04:01.123740,102
S_STR04184,S_U0043,S0021,2026-02-07 08:14:49.428248,138
S_STR04185,S_U0062,S0040,2026-02-03 22:44:55.118608,22
S_STR04186,S_U0020,S0042,2026-02-04 01:44:24.927222,22
S_STR04187,S_U0046,S0034,2026-02-01 18:11:25.057101,31
S_STR04188,S_U0085,S0007,2026-02-28 20:08:12.173333,119
S_STR04189,S_U0040,S0040,2026-02-02 16:23:08.858466,10
S_STR04190,S_U0073,S0036,2026-03-01 16:19:11.493072,183
S_STR04191,S_U0009,S0040,2026-02-21 11:39:10.700096,133
S_STR04192,S_U0082,S0050,2026-02-12 02:40:59.725667,200
S_STR04193,S_U0063,S0045,2026-02-22 07:37:47.209784,70
S_STR04194,S_U0006,S0014,2026-02-17 03:03:47.432015,101
S_STR04195,S_U0036,S0025,2026-02-08 12:53:59.252914,90
S_STR04196,S_U0070,S0048,2026-02-27 22:08:17.732293,6
S_STR04197,S_U0040,S0032,2026-02-27 22:16:26.244413,52
S_STR04198,S_U0088,S0048,2026-02-08 12:15:18.262321,26
S_STR04199,S_U0033,S0050,2026-02-24 02:36:14.457189,229
S_STR04200,S_U0025,S0049,2026-02-19 00:33:01.985333,111
S_STR04201,S_U0071,S0015,2026-02-04 08:25:52.779577,79
S_STR04202,S_U0005,S0035,2026-02-26 11:48:40.873521,95
S_STR04203,S_U0049,S0040,2026-02-18 16:42:04.573379,95
S_STR04204,S_U0026,S0050,2026-02-10 23:27:21.882554,42
S_STR04205,S_U0090,S0030,2026-02-20 05:57:02.181850,156
S_STR04206,S_U0086,S0038,2026-02-01 09:07:51.914520,31
S_STR04207,S_U0035,S0019,2026-02-21 00:22:47.305240,87
S_STR04208,S_U0083,S0037,2026-03-01 18:52:21.053297,233
S_STR04209,S_U0018,S0029,2026-02-17 15:24:56.282413,10
S_STR04210,S_U0012,S0019,2026-02-25 11:06:35.249249,78
S_STR04211,S_U0076,S0025,2026-02-17 07:19:33.433338,163
S_STR04212,S_U0079,S0028,2026-02-12 10:45:36.702375,113
S_STR04213,S_U0061,S0019,2026-02-04 18:51:07.674635,184
S_STR04214,S_U0053,S0042,2026-02-27 05:30:32.164612,159
S_STR04215,S_U0002,S0021,2026-02-04 10:12:24.068525,101
S_STR04216,S_U0002,S0021,2026-02-27 13:55:39.742406,37
S_STR04217,S_U0067,S0047,2026-02-05 09:26:15.102005,126
S_STR04218,S_U0052,S0048,2026-02-11 08:46:38.193081,119
S_STR04219,S_U0011,S0027,2026-02-28 11:52:48.064828,147
S_STR04220,S_U0091,S0050,2026-02-25 12:03:22.773074,182
S_STR04221,S_U0028,S0048,2026-02-02 14:33:15.306431,54
S_STR04222,S_U0037,S0005,2026-02-21 15:19:28.178562,111
S_STR04223,S_U0020,S0031,2026-02-20 03:10:17.205684,97
S_STR04224,S_U0076,S0022,2026-03-01 09:32:16.602454,45
S_STR04225,S_U0096,S0020,2026-02-12 15:53:22.432019,129
S_STR04226,S_U0098,S0028,2026-02-09 17:21:48.105341,16
S_STR04227,S_U0050,S0008,2026-02-21 21:46:11.320472,164
S_STR04228,S_U0097,S0042,2026-02-19 19:58:08.979061,98
S_STR04229,S_U0016,S0029,2026-02-01 13:35:19.121599,210
S_STR04230,S_U0083,S0042,2026-02-03 16:47:30.233385,139
S_STR04231,S_U0007,S0032,2026-02-03 08:57:46.913513,163
S_STR04232,S_U0045,S0024,2026-02-04 09:32:55.303247,224
S_STR04233,S_U0049,S0032,2026-02-12 17:25:03.981691,287
S_STR04234,S_U0030,S0014,2026-02-21 19:45:11.898601,57
S_STR04235,S_U0067,S0008,2026-02-28 05:42:13.750427,255
S_STR04236,S_U0031,S0025,2026-02-13 12:00:15.371010,105
S_STR04237,S_U0092,S0050,2026-02-10 00:46:10.455179,206
S_STR04238,S_U0023,S0024,2026-02-17 07:59:41.440272,9
S_STR04239,S_U0004,S0047,2026-02-21 08:58:53.751541,70
S_STR04240,S_U0058,S0026,2026-02-15 07:42:01.468623,188
S_STR04241,S_U0095,S0036,2026-02-11 19:27:44.450595,168
S_STR04242,S_U0069,S0005,2026-02-09 06:33:31.471390,96
S_STR04243,S_U0097,S0047,2026-02-06 10:12:08.684639,123
S_STR04244,S_U0022,S0011,2026-02-18 07:47:06.153041,215
S_STR04245,S_U0072,S0035,2026-02-19 01:55:26.384226,41
S_STR04246,S_U0081,S0045,2026-02-04 20:56:22.141255,138
S_STR04247,S_U0059,S0038,2026-02-15 20:54:33.068110,66
S_STR04248,S_U0004,S0044,2026-02-15 00:48:39.762898,137
S_STR04249,S_U0034,S0008,2026-02-05 03:37:59.058496,74
S_STR04250,S_U0077,S0035,2026-02-05 23:19:58.921497,92
S_STR04251,S_U0037,S0029,2026-02-17 09:44:23.834458,32
S_STR04252,S_U0052,S0023,2026-02-01 07:23:20.420177,113
S_STR04253,S_U0037,S0041,2026-02-06 03:44:48.494290,13
S_STR04254,S_U0073,S0032,2026-02-10 18:27:08.276505,209
S_STR04255,S_U0079,S0015,2026-02-01 20:39:47.847204,207
S_STR04256,S_U0074,S0012,2026-02-26 09:00:16.352069,138
S_STR04257,S_U0085,S0036,2026-02-17 04:53:50.432111,112
S_STR04258,S_U0025,S0039,2026-02-02 16:59:49.964629,77
S_STR04259,S_U0057,S0048,2026-02-23 00:06:15.822680,31
S_STR04260,S_U0036,S0039,2026-02-02 01:33:26.423637,136
S_STR04261,S_U0002,S0039,2026-02-07 13:00:19.222906,188
S_STR04262,S_U0097,S0035,2026-02-14 06:34:28.713346,93
S_STR04263,S_U0006,S0031,2026-02-14 08:53:06.966170,65
S_STR04264,S_U0068,S0042,2026-03-01 23:39:17.319413,9
S_STR04265,S_U0042,S0044,2026-02-12 17:26:28.566338,46
S_STR04266,S_U0086,S0041,2026-02-09 13:46:13.338479,122
S_STR04267,S_U0067,S0037,2026-02-24 05:30:06.837328,213
S_STR04268,S_U0001,S0048,2026-03-01 10:46:57.387718,31
S_STR04269,S_U0024,S0039,2026-02-07 03:06:58.979035,58
S_STR04270,S_U0041,S0049,2026-02-13 04:18:42.680746,47
S_STR04271,S_U0092,S0005,2026-02-04 03:17:02.605072,114
S_STR04272,S_U0080,S0024,2026-02-28 13:47:47.872644,167
S_STR04273,S_U0047,S0042,2026-02-17 07:09:14.928351,58
S_STR04274,S_U0008,S0029,2026-02-06 08:29:12.434902,118
S_STR04275,S_U0019,S0028,2026-02-05 01:28:01.524501,89
S_STR04276,S_U0054,S0017,2026-02-16 00:57:36.899922,45
S_STR04277,S_U0022,S0023,2026-02-09 09:41:31.066468,6
S_STR04278,S_U0053,S0018,2026-02-05 19:37:55.657219,14
S_STR04279,S_U0079,S0026,2026-02-13 22:41:29.292469,112
S_STR04280,S_U0089,S0015,2026-02-11 23:46:52.925413,184
S_STR04281,S_U0050,S0040,2026-02-24 00:44:08.540250,212
S_STR04282,S_U0015,S0044,2026-02-24 17:58:11.131196,275
S_STR04283,S_U0045,S0041,2026-02-05 05:30:59.646428,56
S_STR04284,S_U0035,S0036,2026-02-03 09:03:45.704266,18
S_STR04285,S_U0023,S0007,2026-01-31 12:47:39.598824,55
S_STR04286,S_U0093,S0024,2026-02-23 00:58:51.746336,60
S_STR04287,S_U0032,S0044,2026-02-13 07:44:23.838592,55
S_STR04288,S_U0088,S0020,2026-02-18 08:56:36.729227,164
S_STR04289,S_U0054,S0033,2026-02-14 23:39:19.217597,119
S_STR04290,S_U0010,S0046,2026-01-31 13:33:43.855668,115
S_STR04291,S_U0005,S0031,2026-02-23 10:46:33.983715,73
S_STR04292,S_U0002,S0028,2026-03-01 05:22:04.429207,24
S_STR04293,S_U0092,S0043,2026-03-01 05:40:18.886436,185
S_STR04294,S_U0076,S0031,2026-03-01 15:55:41.332713,99
S_STR04295,S_U0051,S0039,2026-02-26 14:02:57.427041,203
S_STR04296,S_U0019,S0028,2026-02-09 01:00:35.663504,119
S_STR04297,S_U0091,S0024,2026-02-13 19:25:50.920495,58
S_STR04298,S_U0087,S0042,2026-02-08 07:15:03.179404,67
S_STR04299,S_U0020,S0031,2026-02-25 06:11:55.749542,142
S_STR04300,S_U0027,S0018,2026-02-14 09:34:41.387399,32
S_STR04301,S_U0019,S0035,2026-02-27 09:53:31.762212,45
S_STR04302,S_U0004,S0027,2026-02-28 20:27:00.332591,99
S_STR04303,S_U0042,S0037,2026-02-27 06:12:44.122843,130
S_STR04304,S_U0033,S0043,2026-01-31 23:12:30.923811,123
S_STR04305,S_U0066,S0027,2026-02-28 11:04:17.032608,124
S_STR04306,S_U0100,S0038,2026-03-01 08:49:22.471756,13
S_STR04307,S_U0081,S0047,2026-02-18 05:06:23.626556,128
S_STR04308,S_U0012,S0042,2026-02-05 02:59:13.419406,12
S_STR04309,S_U0051,S0011,2026-02-01 12:06:07.011317,70
S_STR04310,S_U0067,S0035,2026-02-09 00:33:40.634822,53
S_STR04311,S_U0006,S0045,2026-02-15 05:21:28.897270,75
S_STR04312,S_U0079,S0025,2026-02-20 18:41:08.400372,54
S_STR04313,S_U0094,S0043,2026-02-23 18:25:13.120526,128
S_STR04314,S_U0052,S0016,2026-02-21 17:40:01.056473,184
S_STR04315,S_U0067,S0047,2026-02-18 19:34:34.524617,142
S_STR04316,S_U0100,S0042,2026-02-21 08:17:57.853919,10
S_STR04317,S_U0059,S0046,2026-02-23 13:59:50.141431,8
S_STR04318,S_U0059,S0045,2026-02-12 14:37:42.602802,127
S_STR04319,S_U0091,S0019,2026-02-17 02:07:51.701595,69
S_STR04320,S_U0048,S0046,2026-02-24 00:13:11.484852,89
S_STR04321,S_U0022,S0040,2026-02-03 07:36:39.665462,32
S_STR04322,S_U0002,S0039,2026-02-21 23:53:25.522847,97
S_STR04323,S_U0044,S0048,2026-02-14 02:07:53.784073,28
S_STR04324,S_U0091,S0037,2026-02-17 19:27:46.251515,222
S_STR04325,S_U0048,S0023,2026-02-05 01:47:06.126358,96
S_STR04326,S_U0005,S0044,2026-02-07 06:28:20.303546,90
S_STR04327,S_U0008,S0035,2026-02-11 19:11:18.519797,33
S_STR04328,S_U0032,S0042,2026-02-04 19:30:03.211955,117
S_STR04329,S_U0045,S0039,2026-02-12 06:02:00.570683,121
S_STR04330,S_U0062,S0040,2026-02-13 08:00:10.894302,21
S_STR04331,S_U0089,S0040,2026-02-11 08:58:38.029535,141
S_STR04332,S_U0051,S0014,2026-02-14 03:49:01.545739,131
S_STR04333,S_U0036,S0041,2026-03-01 05:44:39.601010,56
S_STR04334,S_U0060,S0037,2026-02-09 23:37:24.927354,55
S_STR04335,S_U0080,S0016,2026-02-28 21:24:50.588886,181
S_STR04336,S_U0079,S0045,2026-02-10 03:17:46.203617,170
S_STR04337,S_U0062,S0036,2026-02-09 06:40:05.709337,12
S_STR04338,S_U0031,S0043,2026-03-02 00:57:57.137742,22
S_STR04339,S_U0086,S0044,2026-02-07 23:01:30.115554,283
S_STR04340,S_U0048,S0041,2026-02-27 15:36:12.795711,154
S_STR04341,S_U0043,S0017,2026-03-01 12:47:15.477395,6
S_STR04342,S_U0038,S0040,2026-02-23 01:20:55.083322,256
S_STR04343,S_U0100,S0049,2026-02-22 13:54:51.286361,72
S_STR04344,S_U0029,S0042,2026-02-13 09:29:22.199666,95
S_STR04345,S_U0042,S0034,2026-02-13 09:02:38.822402,17
S_STR04346,S_U0005,S0025,2026-02-26 02:59:21.913136,116
S_STR04347,S_U0047,S0041,2026-02-19 23:32:33.315197,162
S_STR04348,S_U0003,S0047,2026-02-07 05:00:15.592797,119
S_STR04349,S_U0096,S0046,2026-02-03 11:29:38.139169,51
S_STR04350,S_U0014,S0036,2026-02-10 15:20:20.804511,187
S_STR04351,S_U0036,S0031,2026-02-26 02:48:11.437032,94
S_STR04352,S_U0080,S0038,2026-02-05 11:49:58.259618,140
S_STR04353,S_U0026,S0016,2026-02-11 17:23:38.931312,147
S_STR04354,S_U0020,S0009,2026-02-27 10:04:34.513674,55
S_STR04355,S_U0001,S0035,2026-02-20 20:49:42.238246,75
S_STR04356,S_U0011,S0046,2026-02-13 06:52:15.014589,79
S_STR04357,S_U0011,S0026,2026-02-09 17:26:16.844181,75
S_STR04358,S_U0085,S0024,2026-02-01 14:56:23.790714,147
S_STR04359,S_U0037,S0032,2026-02-22 20:31:27.843655,220
S_STR04360,S_U0044,S0029,2026-02-09 22:22:47.155499,118
S_STR04361,S_U0088,S0034,2026-02-26 09:21:24.473112,33
S_STR04362,S_U0058,S0034,2026-03-01 20:03:53.816523,129
S_STR04363,S_U0060,S0039,2026-02-11 10:36:56.399400,50
S_STR04364,S_U0098,S0024,2026-03-02 05:52:42.222485,177
S_STR04365,S_U0075,S0044,2026-02-23 23:11:06.449620,43
S_STR04366,S_U0057,S0036,2026-02-14 08:27:55.116788,65
S_STR04367,S_U0032,S0017,2026-02-11 18:01:37.028678,206
S_STR04368,S_U0075,S0032,2026-02-23 00:48:27.648490,25
S_STR04369,S_U0077,S0020,2026-02-18 10:21:01.013078,155
S_STR04370,S_U0007,S0015,2026-02-04 07:46:35.226915,203
S_STR04371,S_U0042,S0044,2026-02-15 12:22:54.073004,289
S_STR04372,S_U0009,S0016,2026-03-02 01:47:24.587560,155
S_STR04373,S_U0090,S0034,2026-02-06 09:35:10.139159,84
S_STR04374,S_U0020,S0011,2026-02-26 12:29:37.911607,202
S_STR04375,S_U0097,S0016,2026-02-08 03:32:27.421535,186
S_STR04376,S_U0035,S0043,2026-02-18 18:33:21.041747,47
S_STR04377,S_U0042,S0028,2026-02-05 07:15:54.806990,79
S_STR04378,S_U0009,S0026,2026-02-01 03:51:25.101817,123
S_STR04379,S_U0010,S0040,2026-02-20 20:38:09.345871,178
S_STR04380,S_U0046,S0044,2026-02-11 17:55:28.062441,155
S_STR04381,S_U0069,S0009,2026-02-14 05:58:49.188495,215
S_STR04382,S_U0032,S0038,2026-02-21 21:55:03.019943,136
S_STR04383,S_U0094,S0045,2026-02-21 19:37:30.094147,60
S_STR04384,S_U0026,S0031,2026-02-23 02:56:08.550250,142
S_STR04385,S_U0045,S0036,2026-02-17 04:44:29.588605,13
S_STR04386,S_U0002,S0045,2026-02-09 01:39:53.123594,25
S_STR04387,S_U0039,S0035,2026-02-26 09:16:36.146231,131
S_STR04388,S_U0020,S0017,2026-02-20 12:03:10.335275,74
S_STR04389,S_U0002,S0027,2026-02-17 17:52:26.454582,73
S_STR04390,S_U0047,S0050,2026-02-23 21:33:06.096750,46
S_STR04391,S_U0071,S0013,2026-02-24 00:33:56.389903,113
S_STR04392,S_U0100,S0041,2026-02-23 14:14:16.151255,40
S_STR04393,S_U0094,S0049,2026-03-01 02:01:19.221370,6
S_STR04394,S_U0047,S0050,2026-02-25 03:54:04.539822,140
S_STR04395,S_U0043,S0035,2026-02-08 01:39:20.331697,104
S_STR04396,S_U0002,S0044,2026-02-06 15:32:47.334394,261
S_STR04397,S_U0016,S0042,2026-02-27 18:42:35.758351,94
S_STR04398,S_U0080,S0036,2026-02-10 07:56:02.362869,105
S_STR04399,S_U0010,S0017,2026-02-06 18:19:08.962874,15
S_STR04400,S_U0013,S0012,2026-02-05 23:33:36.055955,114
S_STR04401,S_U0097,S0042,2026-02-09 19:37:09.355379,180
S_STR04402,S_U0049,S0048,2026-02-04 07:58:42.887650,82
S_STR04403,S_U0005,S0023,2026-02-09 20:47:49.104050,53
S_STR04404,S_U0016,S0012,2026-02-25 23:35:16.003064,207
S_STR04405,S_U0088,S0012,2026-02-07 13:55:19.294369,278
S_STR04406,S_U0083,S0048,2026-02-13 23:07:01.761902,70
S_STR04407,S_U0015,S0040,2026-02-03 07:01:10.374573,140
S_STR04408,S_U0097,S0050,2026-02-25 18:03:32.791314,116
S_STR04409,S_U0085,S0042,2026-02-28 19:37:46.000878,47
S_STR04410,S_U0036,S0023,2026-02-14 01:40:33.304060,86
S_STR04411,S_U0022,S0010,2026-02-28 11:18:32.873848,48
S_STR04412,S_U0042,S0025,2026-02-28 01:48:52.459485,120
S_STR04413,S_U0005,S0022,2026-02-26 16:49:11.941549,168
S_STR04414,S_U0093,S0040,2026-02-26 20:32:24.023794,10
S_STR04415,S_U0092,S0037,2026-02-28 06:59:33.740471,121
S_STR04416,S_U0012,S0021,2026-02-18 06:06:46.456549,104
S_STR04417,S_U0007,S0007,2026-02-08 08:47:35.859142,169
S_STR04418,S_U0078,S0036,2026-02-03 21:05:36.587138,46
S_STR04419,S_U0070,S0048,2026-02-11 17:38:18.179410,38
S_STR04420,S_U0040,S0040,2026-02-15 09:40:37.106249,90
S_STR04421,S_U0071,S0027,2026-02-04 18:28:05.246643,132
S_STR04422,S_U0081,S0032,2026-02-10 15:35:45.718437,205
S_STR04423,S_U0047,S0042,2026-02-17 17:56:41.151366,173
S_STR04424,S_U0003,S0044,2026-02-07 02:23:05.617498,107
S_STR04425,S_U0079,S0043,2026-03-01 02:24:45.443191,96
S_STR04426,S_U0015,S0028,2026-03-01 04:24:40.648234,17
S_STR04427,S_U0027,S0044,2026-02-21 21:08:33.871772,136
S_STR04428,S_U0008,S0028,2026-02-03 22:33:47.682355,123
S_STR04429,S_U0068,S0040,2026-02-16 14:54:37.765023,194
S_STR04430,S_U0012,S0033,2026-02-07 10:52:44.472375,233
S_STR04431,S_U0096,S0047,2026-02-14 16:12:10.230089,85
S_STR04432,S_U0071,S0035,2026-02-16 08:28:51.642494,81
S_STR04433,S_U0049,S0040,2026-02-03 15:26:46.919270,144
S_STR04434,S_U0016,S0048,2026-02-08 14:31:26.616510,18
S_STR04435,S_U0044,S0023,2026-02-01 17:05:39.553906,6
S_STR04436,S_U0052,S0045,2026-02-25 06:18:05.971518,175
S_STR04437,S_U0094,S0026,2026-02-24 04:55:23.661648,57
S_STR04438,S_U0055,S0032,2026-02-06 21:05:17.234935,264
S_STR04439,S_U0077,S0014,2026-02-11 02:51:49.203389,142
S_STR04440,S_U0015,S0026,2026-02-28 18:39:25.469232,44
S_STR04441,S_U0010,S0038,2026-02-17 14:34:17.819946,62
S_STR04442,S_U0039,S0026,2026-02-07 05:39:19.040753,11
S_STR04443,S_U0078,S0019,2026-02-02 21:14:50.925798,24
S_STR04444,S_U0081,S0048,2026-02-04 01:07:27.261166,106
S_STR04445,S_U0081,S0037,2026-02-08 11:15:46.984416,260
S_STR04446,S_U0067,S0045,2026-02-13 10:55:53.623279,167
S_STR04447,S_U0002,S0018,2026-02-03 10:00:52.084553,28
S_STR04448,S_U0033,S0049,2026-02-22 08:54:25.172324,166
S_STR04449,S_U0044,S0011,2026-02-04 14:12:02.397069,114
S_STR04450,S_U0021,S0048,2026-02-09 04:29:49.733858,71
S_STR04451,S_U0020,S0049,2026-02-27 05:29:10.511104,44
S_STR04452,S_U0030,S0044,2026-02-25 19:42:13.101765,319
S_STR04453,S_U0078,S0044,2026-02-08 19:50:34.040042,139
S_STR04454,S_U0015,S0016,2026-02-08 23:46:18.678693,79
S_STR04455,S_U0093,S0029,2026-02-06 20:18:18.176075,17
S_STR04456,S_U0064,S0042,2026-03-01 13:33:18.308186,6
S_STR04457,S_U0040,S0047,2026-02-09 14:10:42.110625,64
S_STR04458,S_U0089,S0042,2026-02-14 01:26:56.492667,115
S_STR04459,S_U0042,S0028,2026-02-02 08:50:08.673993,148
S_STR04460,S_U0089,S0018,2026-02-19 20:37:05.996236,124
S_STR04461,S_U0032,S0039,2026-02-18 15:18:40.486442,190
S_STR04462,S_U0088,S0002,2026-02-10 16:01:52.683682,126
S_STR04463,S_U0051,S0005,2026-02-26 19:30:41.156385,121
S_STR04464,S_U0034,S0043,2026-02-16 14:18:43.284292,51
S_STR04465,S_U0007,S0049,2026-01-31 21:37:14.743679,218
S_STR04466,S_U0052,S0043,2026-02-20 10:02:56.968033,163
S_STR04467,S_U0063,S0038,2026-03-01 15:29:41.686169,39
S_STR04468,S_U0031,S0034,2026-02-20 09:41:50.522417,46
S_STR04469,S_U0040,S0045,2026-03-01 11:19:51.207649,82
S_STR04470,S_U0027,S0019,2026-02-06 10:20:12.208842,162
S_STR04471,S_U0022,S0042,2026-02-17 08:14:11.275633,53
S_STR04472,S_U0032,S0038,2026-02-16 20:32:03.216491,106
S_STR04473,S_U0051,S0050,2026-02-24 20:14:36.292910,117
S_STR04474,S_U0057,S0033,2026-02-26 02:52:36.434524,276
S_STR04475,S_U0052,S0013,2026-02-04 05:22:55.428611,211
S_STR04476,S_U0023,S0041,2026-02-06 20:23:58.085859,39
S_STR04477,S_U0005,S0039,2026-02-07 20:24:26.209708,181
S_STR04478,S_U0015,S0005,2026-02-17 08:56:38.629201,13
S_STR04479,S_U0006,S0047,2026-02-03 17:57:21.056089,27
S_STR04480,S_U0099,S0031,2026-02-21 09:15:20.915776,7
S_STR04481,S_U0002,S0039,2026-02-01 16:25:25.313747,37
S_STR04482,S_U0059,S0022,2026-02-24 15:47:00.425517,304
S_STR04483,S_U0036,S0047,2026-02-13 16:45:10.942228,84
S_STR04484,S_U0099,S0028,2026-02-05 15:43:18.567730,27
S_STR04485,S_U0098,S0021,2026-02-06 02:29:19.444807,157
S_STR04486,S_U0009,S0029,2026-02-26 06:43:58.318479,194
S_STR04487,S_U0065,S0049,2026-02-10 04:17:33.738852,10
S_STR04488,S_U0016,S0023,2026-02-07 21:03:40.652864,122
S_STR04489,S_U0098,S0028,2026-02-13 16:04:30.902192,161
S_STR04490,S_U0090,S0035,2026-03-01 23:35:38.036096,121
S_STR04491,S_U0083,S0024,2026-02-19 10:47:15.989363,103
S_STR04492,S_U0013,S0050,2026-02-24 04:06:09.135690,106
S_STR04493,S_U0097,S0043,2026-02-06 16:37:06.824138,43
S_STR04494,S_U0042,S0015,2026-02-12 13:41:20.381520,104
S_STR04495,S_U0015,S0048,2026-02-20 22:13:03.065631,70
S_STR04496,S_U0021,S0007,2026-03-01 13:20:01.700180,129
S_STR04497,S_U0017,S0038,2026-02-16 09:21:21.643606,92
S_STR04498,S_U0031,S0031,2026-02-02 17:46:27.111074,63
S_STR04499,S_U0029,S0047,2026-02-22 17:28:16.752436,128
S_STR04500,S_U0022,S0034,2026-02-27 11:03:25.228134,99
S_STR04501,S_U0035,S0046,2026-02-23 03:53:39.643024,118
S_STR04502,S_U0079,S0050,2026-02-12 21:42:10.828518,256
S_STR04503,S_U0053,S0045,2026-02-18 20:57:51.651516,191
S_STR04504,S_U0030,S0032,2026-02-17 03:49:59.039439,84
S_STR04505,S_U0090,S0050,2026-02-05 12:36:52.602471,275
S_STR04506,S_U0052,S0024,2026-02-15 19:03:07.046950,28
S_STR04507,S_U0097,S0049,2026-02-26 02:55:56.430185,115
S_STR04508,S_U0078,S0041,2026-02-27 01:00:28.038780,80
S_STR04509,S_U0092,S0005,2026-02-25 12:00:28.351101,85
S_STR04510,S_U0034,S0023,2026-02-02 13:51:34.096711,25
S_STR04511,S_U0027,S0029,2026-02-03 18:12:45.100212,40
S_STR04512,S_U0036,S0028,2026-02-22 08:45:21.209678,9
S_STR04513,S_U0092,S0029,2026-02-10 06:17:30.575321,233
S_STR04514,S_U0063,S0040,2026-02-18 10:45:38.400679,214
S_STR04515,S_U0071,S0042,2026-02-21 04:17:36.093763,48
S_STR04516,S_U0040,S0025,2026-02-06 17:31:33.785314,67
S_STR04517,S_U0079,S0045,2026-02-21 19:45:42.069659,91
S_STR04518,S_U0019,S0045,2026-02-19 04:17:50.196198,247
S_STR04519,S_U0017,S0038,2026-02-20 05:38:36.140200,86
S_STR04520,S_U0057,S0013,2026-02-27 01:22:11.990550,102
S_STR04521,S_U0029,S0042,2026-02-23 04:44:11.252476,39
S_STR04522,S_U0040,S0020,2026-02-26 10:24:20.821294,156
S_STR04523,S_U0066,S0044,2026-02-13 17:48:36.895128,16
S_STR04524,S_U0043,S0047,2026-02-05 02:44:40.792385,145
S_STR04525,S_U0070,S0028,2026-02-27 15:15:42.687068,109
S_STR04526,S_U0030,S0032,2026-02-05 11:40:39.439870,269
S_STR04527,S_U0028,S0048,2026-02-12 06:28:21.687869,22
S_STR04528,S_U0096,S0041,2026-02-10 20:24:08.293617,57
S_STR04529,S_U0093,S0042,2026-02-03 12:25:10.101670,176
S_STR04530,S_U0024,S0033,2026-02-23 23:50:07.491406,159
S_STR04531,S_U0029,S0048,2026-02-25 19:04:23.142299,71
S_STR04532,S_U0064,S0007,2026-02-28 17:28:48.728074,107
S_STR04533,S_U0029,S0036,2026-02-08 07:22:37.952499,112
S_STR04534,S_U0005,S0027,2026-02-18 05:13:16.178620,55
S_STR04535,S_U0046,S0018,2026-02-09 18:10:26.960628,46
S_STR04536,S_U0052,S0010,2026-02-05 17:40:01.571254,45
S_STR04537,S_U0012,S0020,2026-02-13 05:49:11.060833,80
S_STR04538,S_U0064,S0037,2026-02-10 09:59:24.027336,57
S_STR04539,S_U0084,S0030,2026-02-15 21:41:09.247375,143
S_STR04540,S_U0063,S0043,2026-02-28 08:51:24.468674,82
S_STR04541,S_U0077,S0014,2026-02-09 04:47:25.452579,48
S_STR04542,S_U0087,S0031,2026-02-12 18:04:07.518611,159
S_STR04543,S_U0081,S0033,2026-02-13 05:44:21.356821,173
S_STR04544,S_U0055,S0028,2026-02-24 14:18:44.044858,85
S_STR04545,S_U0071,S0043,2026-02-11 06:40:13.837331,171
S_STR04546,S_U0051,S0018,2026-02-01 19:56:10.999206,154
S_STR04547,S_U0052,S0036,2026-02-19 15:20:20.750725,38
S_STR04548,S_U0002,S0025,2026-02-17 13:45:23.560194,149
S_STR04549,S_U0074,S0047,2026-02-06 12:39:01.259475,104
S_STR04550,S_U0099,S0033,2026-02-03 03:50:28.611563,90
S_STR04551,S_U0052,S0016,2026-02-28 22:32:18.643001,187
S_STR04552,S_U0015,S0021,2026-02-13 02:14:09.958791,173
S_STR04553,S_U0017,S0014,2026-02-03 18:07:39.283396,52
S_STR04554,S_U0060,S0007,2026-02-17 04:14:01.317722,152
S_STR04555,S_U0012,S0044,2026-01-31 21:00:55.015314,61
S_STR04556,S_U0075,S0049,2026-02-25 15:29:24.659261,11
S_STR04557,S_U0024,S0047,2026-02-14 08:51:18.153944,14
S_STR04558,S_U0096,S0036,2026-02-11 07:24:55.777232,121
S_STR04559,S_U0091,S0042,2026-02-18 23:49:27.611804,170
S_STR04560,S_U0085,S0010,2026-02-09 08:23:55.673761,8
S_STR04561,S_U0084,S0028,2026-02-07 05:45:38.682211,73
S_STR04562,S_U0070,S0048,2026-02-18 20:00:13.430376,101
S_STR04563,S_U0034,S0013,2026-02-24 11:19:05.734790,207
S_STR04564,S_U0013,S0037,2026-02-12 04:14:32.834380,233
S_STR04565,S_U0007,S0006,2026-02-22 21:45:25.224194,186
S_STR04566,S_U0050,S0006,2026-02-03 11:16:45.274813,315
S_STR04567,S_U0063,S0024,2026-02-10 09:54:22.580132,15
S_STR04568,S_U0070,S0007,2026-02-18 06:44:43.671144,90
S_STR04569,S_U0087,S0038,2026-02-11 17:48:27.180812,17
S_STR04570,S_U0065,S0043,2026-02-06 03:04:06.939812,71
S_STR04571,S_U0095,S0036,2026-02-18 04:35:00.170259,207
S_STR04572,S_U0054,S0048,2026-02-17 05:11:44.695156,45
S_STR04573,S_U0007,S0023,2026-02-18 03:44:53.113745,116
S_STR04574,S_U0053,S0027,2026-02-27 07:26:13.807720,28
S_STR04575,S_U0063,S0039,2026-02-17 02:54:19.212667,105
S_STR04576,S_U0026,S0030,2026-02-27 02:09:32.928131,71
S_STR04577,S_U0021,S0021,2026-02-22 19:05:46.202413,148
S_STR04578,S_U0002,S0046,2026-02-13 00:22:34.054381,16
S_STR04579,S_U0041,S0046,2026-02-04 06:58:19.995744,24
S_STR04580,S_U0003,S0010,2026-02-10 13:37:55.408017,149
S_STR04581,S_U0007,S0024,2026-02-13 15:10:19.850965,113
S_STR04582,S_U0054,S0008,2026-02-08 21:02:49.258041,186
S_STR04583,S_U0079,S0042,2026-02-01 07:23:55.080395,186
S_STR04584,S_U0068,S0010,2026-02-16 08:18:36.806015,62
S_STR04585,S_U0043,S0030,2026-02-20 04:13:57.082741,137
S_STR04586,S_U0040,S0033,2026-02-02 21:38:21.966561,273
S_STR04587,S_U0079,S0028,2026-02-12 02:02:19.708872,67
S_STR04588,S_U0083,S0045,2026-02-14 05:44:36.996755,78
S_STR04589,S_U0054,S0037,2026-02-10 06:00:26.419351,241
S_STR04590,S_U0052,S0045,2026-02-11 06:23:09.693072,8
S_STR04591,S_U0069,S0019,2026-02-17 02:47:39.550111,112
S_STR04592,S_U0093,S0033,2026-02-25 03:12:14.710042,6
S_STR04593,S_U0007,S0047,2026-02-03 16:22:37.096958,101
S_STR04594,S_U0036,S0034,2026-02-15 10:20:25.787218,74
S_STR04595,S_U0022,S0036,2026-02-19 11:54:51.467382,165
S_STR04596,S_U0075,S0047,2026-02-28 20:21:17.406793,44
S_STR04597,S_U0080,S0040,2026-02-02 21:41:56.623133,170
S_STR04598,S_U0006,S0046,2026-02-13 03:37:29.919554,11
S_STR04599,S_U0076,S0045,2026-02-19 00:42:30.435282,221
S_STR04600,S_U0008,S0020,2026-02-21 16:42:37.552851,185
S_STR04601,S_U0072,S0020,2026-02-17 01:53:19.772463,19
S_STR04602,S_U0006,S0032,2026-02-21 23:10:38.588118,150
S_STR04603,S_U0028,S0019,2026-02-28 16:35:15.675648,161
S_STR04604,S_U0010,S0028,2026-02-18 05:37:25.781490,31
S_STR04605,S_U0081,S0042,2026-02-23 10:23:44.375527,52
S_STR04606,S_U0031,S0034,2026-02-04 11:59:48.141098,32
S_STR04607,S_U0061,S0043,2026-02-04 13:35:40.106051,11
S_STR04608,S_U0012,S0047,2026-02-23 20:58:27.754846,171
S_STR04609,S_U0001,S0034,2026-02-26 06:25:21.031103,28
S_STR04610,S_U0077,S0031,2026-02-21 20:57:30.744237,105
S_STR04611,S_U0055,S0050,2026-02-25 13:09:39.439516,26
S_STR04612,S_U0083,S0034,2026-02-23 18:33:57.986004,55
S_STR04613,S_U0067,S0040,2026-02-10 19:27:20.014533,216
S_STR04614,S_U0054,S0042,2026-02-17 02:28:58.912595,95
S_STR04615,S_U0054,S0040,2026-02-04 18:53:29.643550,216
S_STR04616,S_U0085,S0041,2026-02-07 21:39:47.436337,58
S_STR04617,S_U0076,S0033,2026-02-03 00:13:04.947715,28
S_STR04618,S_U0093,S0048,2026-02-05 14:10:31.452374,13
S_STR04619,S_U0097,S0030,2026-02-04 00:02:11.529838,173
S_STR04620,S_U0055,S0043,2026-02-04 03:13:10.606915,131
S_STR04621,S_U0030,S0030,2026-02-20 11:50:45.507395,162
S_STR04622,S_U0094,S0016,2026-02-22 19:03:11.511111,93
S_STR04623,S_U0089,S0042,2026-02-22 10:58:56.550466,208
S_STR04624,S_U0035,S0039,2026-02-10 14:18:10.254661,23
S_STR04625,S_U0039,S0031,2026-02-27 00:47:30.101912,32
S_STR04626,S_U0041,S0014,2026-02-03 06:41:06.831103,48
S_STR04627,S_U0066,S0049,2026-02-02 09:33:36.328728,89
S_STR04628,S_U0067,S0039,2026-02-14 18:59:17.764875,50
S_STR04629,S_U0061,S0042,2026-02-25 20:26:44.066580,101
S_STR04630,S_U0049,S0036,2026-02-09 15:43:24.546595,99
S_STR04631,S_U0003,S0044,2026-03-01 22:52:04.185107,70
S_STR04632,S_U0061,S0038,2026-02-13 02:44:32.949496,59
S_STR04633,S_U0048,S0041,2026-02-15 16:55:52.032564,143
S_STR04634,S_U0023,S0029,2026-02-26 01:27:03.415908,176
S_STR04635,S_U0036,S0020,2026-02-14 01:08:03.427535,64
S_STR04636,S_U0085,S0036,2026-02-22 03:38:47.039065,115
S_STR04637,S_U0080,S0019,2026-02-12 01:20:17.623398,211
S_STR04638,S_U0050,S0005,2026-02-25 19:40:47.338462,110
S_STR04639,S_U0078,S0041,2026-02-03 09:49:15.776959,139
S_STR04640,S_U0038,S0049,2026-02-02 00:14:36.934760,69
S_STR04641,S_U0035,S0039,2026-02-05 05:15:08.656995,170
S_STR04642,S_U0062,S0044,2026-02-07 05:01:15.711970,237
S_STR04643,S_U0011,S0049,2026-02-09 14:25:17.624783,109
S_STR04644,S_U0080,S0034,2026-02-06 04:43:42.665389,126
S_STR04645,S_U0078,S0021,2026-02-26 23:10:34.670522,169
S_STR04646,S_U0025,S0038,2026-02-22 03:34:36.344505,121
S_STR04647,S_U0076,S0042,2026-02-10 01:07:53.902271,58
S_STR04648,S_U0097,S0027,2026-02-27 01:18:29.297205,145
S_STR04649,S_U0008,S0017,2026-02-25 08:36:14.305389,168
S_STR04650,S_U0099,S0038,2026-02-26 09:51:59.480142,114
S_STR04651,S_U0039,S0023,2026-02-11 13:25:27.050194,134
S_STR04652,S_U0023,S0037,2026-01-31 20:46:47.176913,193
S_STR04653,S_U0057,S0045,2026-02-20 01:38:05.675158,45
S_STR04654,S_U0040,S0038,2026-02-19 15:45:52.789814,133
S_STR04655,S_U0086,S0016,2026-02-27 19:58:03.996837,133
S_STR04656,S_U0026,S0042,2026-02-19 01:57:32.342584,215
S_STR04657,S_U0053,S0039,2026-02-05 07:08:16.162951,101
S_STR04658,S_U0018,S0036,2026-02-17 21:54:34.066332,63
S_STR04659,S_U0010,S0034,2026-02-28 10:46:27.004417,14
S_STR04660,S_U0073,S0050,2026-02-06 13:39:16.582177,222
S_STR04661,S_U0069,S0024,2026-02-22 01:35:59.270518,63
S_STR04662,S_U0006,S0019,2026-02-26 20:54:04.718199,158
S_STR04663,S_U0080,S0028,2026-02-28 00:36:51.081995,72
S_STR04664,S_U0040,S0032,2026-02-03 14:07:40.781631,220
S_STR04665,S_U0086,S0011,2026-02-01 01:14:46.621843,170
S_STR04666,S_U0069,S0034,2026-02-23 21:10:26.341479,118
S_STR04667,S_U0062,S0028,2026-02-08 01:26:49.997411,100
S_STR04668,S_U0013,S0046,2026-02-24 08:12:16.586050,7
S_STR04669,S_U0098,S0029,2026-02-25 08:45:19.005378,75
S_STR04670,S_U0079,S0045,2026-02-13 20:11:15.011016,106
S_STR04671,S_U0006,S0045,2026-02-17 21:39:20.663997,187
S_STR04672,S_U0046,S0023,2026-02-11 08:27:34.084070,73
S_STR04673,S_U0088,S0041,2026-02-13 22:08:25.406677,93
S_STR04674,S_U0015,S0028,2026-02-05 20:34:29.885795,114
S_STR04675,S_U0068,S0038,2026-02-17 03:27:50.431908,102
S_STR04676,S_U0018,S0046,2026-02-17 00:50:44.263717,57
S_STR04677,S_U0092,S0047,2026-02-09 20:30:44.578644,86
S_STR04678,S_U0079,S0045,2026-02-24 01:38:26.870845,243
S_STR04679,S_U0081,S0032,2026-02-06 08:06:34.302978,263
S_STR04680,S_U0018,S0028,2026-02-13 17:00:08.742376,46
S_STR04681,S_U0073,S0033,2026-02-21 10:03:23.911556,116
S_STR04682,S_U0057,S0004,2026-02-12 16:08:51.570961,138
S_STR04683,S_U0016,S0036,2026-02-28 17:19:10.918779,200
S_STR04684,S_U0019,S0044,2026-02-10 03:50:59.159173,25
S_STR04685,S_U0002,S0043,2026-02-05 18:34:08.429137,39
S_STR04686,S_U0066,S0045,2026-02-05 14:25:06.997823,79
S_STR04687,S_U0077,S0036,2026-02-14 06:48:58.132750,224
S_STR04688,S_U0097,S0045,2026-02-26 23:58:26.303586,110
S_STR04689,S_U0058,S0047,2026-02-06 19:42:28.791545,140
S_STR04690,S_U0088,S0044,2026-02-12 21:43:02.960919,29
S_STR04691,S_U0040,S0032,2026-02-09 01:47:41.398132,140
S_STR04692,S_U0080,S0019,2026-02-04 08:33:49.400622,210
S_STR04693,S_U0061,S0035,2026-02-03 15:02:41.730272,114
S_STR04694,S_U0005,S0035,2026-02-22 16:44:44.823945,71
S_STR04695,S_U0004,S0039,2026-03-02 11:31:36.994987,79
S_STR04696,S_U0079,S0043,2026-02-11 15:07:25.849151,120
S_STR04697,S_U0069,S0021,2026-02-23 13:07:38.938679,99
S_STR04698,S_U0054,S0027,2026-02-06 18:33:40.271779,91
S_STR04699,S_U0057,S0039,2026-02-05 01:34:23.110787,47
S_STR04700,S_U0084,S0015,2026-03-01 04:00:40.877136,238
S_STR04701,S_U0082,S0041,2026-01-31 16:29:25.336127,36
S_STR04702,S_U0079,S0041,2026-02-20 06:21:16.045445,93
S_STR04703,S_U0079,S0026,2026-02-25 08:44:01.481448,55
S_STR04704,S_U0036,S0026,2026-02-04 03:00:51.694373,110
S_STR04705,S_U0024,S0009,2026-02-16 16:01:56.328139,92
S_STR04706,S_U0044,S0044,2026-02-21 02:49:20.097786,344
S_STR04707,S_U0089,S0023,2026-02-08 20:19:39.575073,62
S_STR04708,S_U0064,S0029,2026-02-07 12:23:03.344583,31
S_STR04709,S_U0001,S0023,2026-01-31 15:19:24.930264,10
S_STR04710,S_U0052,S0038,2026-02-01 04:15:01.013129,142
S_STR04711,S_U0080,S0041,2026-02-03 19:47:15.943010,72
S_STR04712,S_U0078,S0034,2026-02-21 07:32:26.504252,106
S_STR04713,S_U0022,S0045,2026-02-27 05:41:34.873405,252
S_STR04714,S_U0068,S0041,2026-02-08 21:36:46.786509,85
S_STR04715,S_U0054,S0024,2026-02-01 21:21:12.688034,166
S_STR04716,S_U0054,S0023,2026-02-11 02:44:11.565864,87
S_STR04717,S_U0032,S0026,2026-01-31 16:57:32.439773,74
S_STR04718,S_U0075,S0013,2026-02-05 20:54:13.674809,146
S_STR04719,S_U0025,S0050,2026-02-10 07:39:56.170057,188
S_STR04720,S_U0034,S0007,2026-02-04 04:59:36.022558,204
S_STR04721,S_U0091,S0020,2026-02-01 11:01:48.530692,154
S_STR04722,S_U0076,S0026,2026-02-12 11:40:08.735178,163
S_STR04723,S_U0041,S0046,2026-02-18 07:59:31.394100,46
S_STR04724,S_U0047,S0043,2026-02-09 17:13:27.691970,170
S_STR04725,S_U0040,S0050,2026-02-23 17:40:10.077293,49
S_STR04726,S_U0046,S0042,2026-02-19 13:37:04.556610,71
S_STR04727,S_U0071,S0042,2026-02-16 09:19:33.907442,133
S_STR04728,S_U0051,S0046,2026-02-04 19:44:20.213141,7
S_STR04729,S_U0015,S0039,2026-02-25 21:21:40.606281,95
S_STR04730,S_U0097,S0042,2026-02-18 12:24:35.425596,56
S_STR04731,S_U0067,S0044,2026-02-05 05:02:25.355182,26
S_STR04732,S_U0039,S0033,2026-02-12 15:09:26.405091,323
S_STR04733,S_U0013,S0044,2026-02-16 23:18:12.274451,219
S_STR04734,S_U0023,S0037,2026-02-03 19:44:06.798875,226
S_STR04735,S_U0100,S0023,2026-02-03 00:18:40.120755,81
S_STR04736,S_U0017,S0046,2026-02-15 10:32:35.908575,30
S_STR04737,S_U0006,S0050,2026-02-03 03:27:41.657716,281
S_STR04738,S_U0089,S0043,2026-02-01 08:49:39.534063,17
S_STR04739,S_U0053,S0042,2026-02-06 16:43:20.871333,89
S_STR04740,S_U0041,S0010,2026-02-14 01:15:12.626316,17
S_STR04741,S_U0063,S0007,2026-02-06 10:00:43.285670,230
S_STR04742,S_U0064,S0013,2026-02-18 14:13:59.351053,88
S_STR04743,S_U0016,S0048,2026-02-19 18:04:06.095111,46
S_STR04744,S_U0055,S0033,2026-02-28 13:02:13.679955,91
S_STR04745,S_U0078,S0046,2026-02-16 17:10:24.764090,132
S_STR04746,S_U0049,S0037,2026-02-02 15:03:18.405820,199
S_STR04747,S_U0095,S0046,2026-02-05 22:18:16.819545,60
S_STR04748,S_U0077,S0038,2026-02-15 22:04:10.026162,124
S_STR04749,S_U0099,S0030,2026-02-15 00:39:58.684895,156
S_STR04750,S_U0032,S0035,2026-02-18 22:56:12.522106,25
S_STR04751,S_U0018,S0020,2026-02-03 16:01:26.368125,163
S_STR04752,S_U0097,S0028,2026-02-11 10:20:01.737672,103
S_STR04753,S_U0009,S0050,2026-02-07 06:13:35.787550,286
S_STR04754,S_U0037,S0044,2026-02-19 03:20:39.586340,300
S_STR04755,S_U0093,S0018,2026-02-08 03:44:19.167771,170
S_STR04756,S_U0075,S0022,2026-02-17 03:21:39.238385,117
S_STR04757,S_U0027,S0044,2026-02-02 19:12:07.005967,43
S_STR04758,S_U0014,S0047,2026-02-23 00:17:24.236339,22
S_STR04759,S_U0010,S0047,2026-02-25 23:06:05.860174,74
S_STR04760,S_U0028,S0043,2026-02-27 05:29:19.971877,64
S_STR04761,S_U0062,S0039,2026-02-05 09:45:52.021244,178
S_STR04762,S_U0051,S0044,2026-02-01 16:36:51.840316,51
S_STR04763,S_U0081,S0022,2026-02-08 16:54:19.694285,292
S_STR04764,S_U0088,S0038,2026-02-27 11:29:08.040765,49
S_STR04765,S_U0042,S0028,2026-02-27 16:19:55.919002,104
S_STR04766,S_U0038,S0031,2026-02-26 10:30:50.800414,32
S_STR04767,S_U0055,S0027,2026-02-06 19:46:04.689456,42
S_STR04768,S_U0009,S0045,2026-02-16 01:35:11.707079,132
S_STR04769,S_U0021,S0025,2026-02-21 08:13:38.540606,163
S_STR04770,S_U0035,S0031,2026-02-17 19:05:41.066237,50
S_STR04771,S_U0090,S0042,2026-02-14 23:49:07.114725,165
S_STR04772,S_U0072,S0044,2026-02-22 13:44:11.200893,245
S_STR04773,S_U0005,S0034,2026-02-08 01:24:33.302388,90
S_STR04774,S_U0072,S0030,2026-02-15 04:00:21.362678,82
S_STR04775,S_U0028,S0045,2026-02-25 23:53:11.021468,33
S_STR04776,S_U0075,S0039,2026-02-13 11:12:23.494478,140
S_STR04777,S_U0034,S0040,2026-02-20 14:34:40.373996,203
S_STR04778,S_U0067,S0048,2026-02-26 03:20:14.856943,31
S_STR04779,S_U0022,S0031,2026-02-22 09:43:54.215848,9
S_STR04780,S_U0069,S0011,2026-02-01 09:25:12.838994,70
S_STR04781,S_U0006,S0038,2026-02-02 09:45:58.347920,50
S_STR04782,S_U0082,S0030,2026-02-27 00:04:26.200942,50
S_STR04783,S_U0069,S0024,2026-02-27 02:20:41.924865,53
S_STR04784,S_U0092,S0040,2026-02-17 18:46:07.367737,14
S_STR04785,S_U0015,S0047,2026-02-01 22:24:14.906816,153
S_STR04786,S_U0085,S0012,2026-02-25 19:09:49.694421,150
S_STR04787,S_U0082,S0022,2026-02-16 20:13:42.723644,213
S_STR04788,S_U0084,S0013,2026-02-02 17:37:12.389469,194
S_STR04789,S_U0058,S0042,2026-02-15 06:51:14.847560,72
S_STR04790,S_U0015,S0045,2026-02-27 10:28:35.393692,192
S_STR04791,S_U0041,S0050,2026-02-20 18:54:50.675540,218
S_STR04792,S_U0058,S0041,2026-02-14 18:59:25.481615,123
S_STR04793,S_U0044,S0038,2026-02-10 15:57:53.589515,105
S_STR04794,S_U0011,S0049,2026-03-01 01:32:44.684597,208
S_STR04795,S_U0020,S0031,2026-02-21 02:28:18.502378,90
S_STR04796,S_U0011,S0032,2026-02-13 10:45:19.513119,215
S_STR04797,S_U0096,S0031,2026-02-26 08:28:04.283352,88
S_STR04798,S_U0037,S0002,2026-02-14 14:29:44.111542,134
S_STR04799,S_U0068,S0022,2026-03-02 06:32:48.110440,229
S_STR04800,S_U0074,S0027,2026-03-02 07:54:33.746147,62
S_STR04801,S_U0006,S0042,2026-02-04 08:49:12.678776,145
S_STR04802,S_U0078,S0036,2026-02-08 17:54:07.282557,251
S_STR04803,S_U0100,S0026,2026-02-08 20:48:05.906254,55
S_STR04804,S_U0045,S0025,2026-02-08 02:56:57.760910,72
S_STR04805,S_U0089,S0034,2026-02-27 05:45:24.338380,61
S_STR04806,S_U0095,S0048,2026-02-12 07:13:18.275588,69
S_STR04807,S_U0075,S0028,2026-02-28 13:59:16.182220,188
S_STR04808,S_U0015,S0040,2026-02-04 07:37:03.803980,215
S_STR04809,S_U0019,S0028,2026-02-06 15:39:56.322378,98
S_STR04810,S_U0050,S0025,2026-02-12 00:01:03.347144,64
S_STR04811,S_U0068,S0012,2026-02-14 23:08:59.246720,261
S_STR04812,S_U0017,S0039,2026-02-17 10:58:14.440944,156
S_STR04813,S_U0049,S0032,2026-02-03 05:53:32.772573,298
S_STR04814,S_U0038,S0001,2026-02-10 06:17:10.352152,145
S_STR04815,S_U0085,S0049,2026-02-11 13:30:48.223858,91
S_STR04816,S_U0065,S0024,2026-02-16 01:44:25.457008,141
S_STR04817,S_U0017,S0049,2026-02-10 22:01:11.521333,197
S_STR04818,S_U0001,S0034,2026-03-01 23:19:40.408382,25
S_STR04819,S_U0025,S0042,2026-02-12 06:42:46.938613,69
S_STR04820,S_U0073,S0044,2026-02-15 09:00:10.815810,175
S_STR04821,S_U0059,S0031,2026-02-15 02:35:47.369722,21
S_STR04822,S_U0045,S0037,2026-02-28 17:02:31.945106,51
S_STR04823,S_U0089,S0036,2026-03-02 02:26:17.438351,224
S_STR04824,S_U0013,S0025,2026-02-20 08:22:11.808173,6
S_STR04825,S_U0077,S0036,2026-02-10 11:07:45.807546,131
S_STR04826,S_U0056,S0023,2026-02-10 02:32:48.858287,27
S_STR04827,S_U0033,S0044,2026-02-08 23:50:24.744076,214
S_STR04828,S_U0066,S0044,2026-02-08 02:23:28.231921,41
S_STR04829,S_U0084,S0004,2026-02-25 08:31:35.248596,125
S_STR04830,S_U0011,S0044,2026-02-23 03:34:19.521257,307
S_STR04831,S_U0040,S0043,2026-02-19 14:11:45.779412,165
S_STR04832,S_U0007,S0050,2026-02-01 22:48:19.982823,136
S_STR04833,S_U0086,S0036,2026-02-27 19:48:18.244037,77
S_STR04834,S_U0015,S0049,2026-02-17 21:50:10.836549,120
S_STR04835,S_U0049,S0020,2026-02-05 20:32:23.890047,232
S_STR04836,S_U0090,S0038,2026-02-25 15:03:21.562058,68
S_STR04837,S_U0069,S0014,2026-02-03 16:58:30.434768,148
S_STR04838,S_U0037,S0049,2026-02-19 18:47:06.789626,7
S_STR04839,S_U0053,S0036,2026-02-28 09:11:55.942942,102
S_STR04840,S_U0080,S0028,2026-02-03 04:26:15.861754,149
S_STR04841,S_U0084,S0045,2026-03-01 21:51:19.653153,173
S_STR04842,S_U0096,S0028,2026-02-25 02:57:59.153176,34
S_STR04843,S_U0064,S0047,2026-02-15 00:27:58.738962,140
S_STR04844,S_U0088,S0039,2026-02-27 01:25:19.452219,77
S_STR04845,S_U0080,S0034,2026-02-04 01:09:28.014825,12
S_STR04846,S_U0012,S0047,2026-02-19 13:51:35.738406,118
S_STR04847,S_U0083,S0050,2026-02-22 22:48:16.842183,118
S_STR04848,S_U0095,S0043,2026-02-07 12:11:32.211251,157
S_STR04849,S_U0090,S0036,2026-02-17 20:24:10.904228,213
S_STR04850,S_U0011,S0042,2026-02-26 13:22:08.365673,99
S_STR04851,S_U0049,S0026,2026-02-24 00:17:03.565425,23
S_STR04852,S_U0093,S0031,2026-02-04 08:52:20.429870,101
S_STR04853,S_U0092,S0041,2026-02-25 20:55:50.973246,104
S_STR04854,S_U0081,S0018,2026-02-26 10:19:33.521109,131
S_STR04855,S_U0017,S0031,2026-02-10 18:38:16.798604,149
S_STR04856,S_U0050,S0042,2026-02-21 16:16:30.371467,41
S_STR04857,S_U0072,S0028,2026-02-16 06:56:39.828521,110
S_STR04858,S_U0030,S0021,2026-02-12 10:18:27.780692,114
S_STR04859,S_U0013,S0030,2026-02-17 16:48:34.505272,53
S_STR04860,S_U0070,S0030,2026-02-11 17:42:23.571236,169
S_STR04861,S_U0054,S0035,2026-02-13 04:31:15.226035,9
S_STR04862,S_U0005,S0039,2026-02-23 03:33:43.776262,136
S_STR04863,S_U0005,S0045,2026-02-14 11:01:29.708353,22
S_STR04864,S_U0078,S0017,2026-02-17 11:56:36.111466,129
S_STR04865,S_U0009,S0016,2026-02-01 08:28:10.330067,177
S_STR04866,S_U0043,S0021,2026-02-20 23:34:28.496657,72
S_STR04867,S_U0049,S0043,2026-02-10 13:45:31.566546,176
S_STR04868,S_U0047,S0048,2026-02-08 11:03:07.303664,69
S_STR04869,S_U0081,S0042,2026-02-07 09:53:15.298733,133
S_STR04870,S_U0077,S0022,2026-02-18 07:32:01.579324,46
S_STR04871,S_U0032,S0023,2026-02-24 00:39:51.552517,125
S_STR04872,S_U0010,S0043,2026-03-01 04:04:37.754720,197
S_STR04873,S_U0012,S0027,2026-02-27 10:34:49.274542,147
S_STR04874,S_U0035,S0018,2026-02-21 22:30:34.106678,41
S_STR04875,S_U0057,S0048,2026-02-05 20:24:24.419272,61
S_STR04876,S_U0091,S0050,2026-02-13 04:31:49.346039,150
S_STR04877,S_U0042,S0041,2026-02-04 17:07:37.524886,65
S_STR04878,S_U0063,S0041,2026-02-07 09:12:28.483003,70
S_STR04879,S_U0084,S0034,2026-02-11 08:17:27.651092,31
S_STR04880,S_U0011,S0034,2026-03-02 03:37:51.143284,86
S_STR04881,S_U0026,S0006,2026-02-26 09:17:00.170020,201
S_STR04882,S_U0076,S0020,2026-03-01 20:51:00.345561,112
S_STR04883,S_U0042,S0047,2026-02-11 03:01:06.946015,78
S_STR04884,S_U0095,S0035,2026-02-12 13:37:14.021222,60
S_STR04885,S_U0085,S0050,2026-02-05 10:43:43.435672,251
S_STR04886,S_U0045,S0039,2026-02-02 10:25:02.225037,146
S_STR04887,S_U0015,S0047,2026-02-01 22:03:47.063352,70
S_STR04888,S_U0026,S0009,2026-02-01 04:34:38.830608,231
S_STR04889,S_U0066,S0049,2026-02-05 08:11:06.180518,161
S_STR04890,S_U0071,S0045,2026-02-28 20:07:57.239956,96
S_STR04891,S_U0084,S0046,2026-02-12 07:36:45.263389,78
S_STR04892,S_U0019,S0049,2026-02-08 00:01:34.151440,71
S_STR04893,S_U0090,S0032,2026-02-10 03:57:30.455755,282
S_STR04894,S_U0006,S0025,2026-02-08 01:04:22.984669,132
S_STR04895,S_U0017,S0044,2026-02-17 16:15:02.368749,268
S_STR04896,S_U0042,S0038,2026-02-05 19:20:46.138234,108
S_STR04897,S_U0077,S0049,2026-02-11 06:19:31.850567,29
S_STR04898,S_U0056,S0037,2026-02-07 13:47:31.167321,83
S_STR04899,S_U0077,S0041,2026-02-09 11:27:32.587361,161
S_STR04900,S_U0031,S0050,2026-02-24 07:26:36.828006,143
S_STR04901,S_U0096,S0006,2026-02-21 21:11:51.805329,23
S_STR04902,S_U0035,S0013,2026-02-23 23:04:24.801572,250
S_STR04903,S_U0014,S0012,2026-02-28 21:07:58.339090,86
S_STR04904,S_U0047,S0034,2026-02-25 16:04:21.119089,101
S_STR04905,S_U0032,S0020,2026-02-24 22:35:35.153056,242
S_STR04906,S_U0035,S0027,2026-02-17 02:08:48.388458,108
S_STR04907,S_U0076,S0032,2026-02-05 05:53:38.644060,278
S_STR04908,S_U0027,S0024,2026-02-08 15:34:35.546935,128
S_STR04909,S_U0023,S0040,2026-02-26 20:01:13.541305,218
S_STR04910,S_U0018,S0029,2026-02-23 22:59:53.480667,156
S_STR04911,S_U0097,S0027,2026-02-08 17:00:47.309197,6
S_STR04912,S_U0056,S0017,2026-02-03 15:05:27.400795,104
S_STR04913,S_U0097,S0029,2026-02-02 03:28:45.286924,12
S_STR04914,S_U0032,S0032,2026-02-02 09:21:29.655057,215
S_STR04915,S_U0037,S0026,2026-02-16 07:58:13.401077,178
S_STR04916,S_U0099,S0046,2026-02-18 13:44:26.625594,15
S_STR04917,S_U0076,S0041,2026-02-25 23:23:29.547988,143
S_STR04918,S_U0067,S0015,2026-02-20 02:43:48.439539,128
S_STR04919,S_U0018,S0037,2026-02-25 07:11:55.402980,106
S_STR04920,S_U0016,S0044,2026-02-24 18:53:53.272153,59
S_STR04921,S_U0011,S0048,2026-02-17 08:08:51.632146,88
S_STR04922,S_U0052,S0033,2026-02-23 00:39:26.605798,27
S_STR04923,S_U0081,S0044,2026-02-02 21:35:30.140883,258
S_STR04924,S_U0007,S0039,2026-02-25 11:58:44.716107,125
S_STR04925,S_U0099,S0035,2026-02-20 09:10:15.657682,84
S_STR04926,S_U0020,S0049,2026-02-19 08:28:44.645913,129
S_STR04927,S_U0033,S0021,2026-03-02 09:08:05.964636,119
S_STR04928,S_U0019,S0038,2026-02-06 02:26:54.404119,20
S_STR04929,S_U0036,S0043,2026-02-02 04:42:20.739661,87
S_STR04930,S_U0016,S0050,2026-02-18 10:37:49.916414,247
S_STR04931,S_U0041,S0044,2026-02-01 13:04:07.585881,70
S_STR04932,S_U0034,S0050,2026-03-02 10:50:28.242437,153
S_STR04933,S_U0066,S0045,2026-02-15 03:38:39.861540,208
S_STR04934,S_U0058,S0047,2026-02-02 02:33:42.288764,138
S_STR04935,S_U0004,S0036,2026-03-01 12:12:23.120697,172
S_STR04936,S_U0043,S0040,2026-02-08 13:15:52.124249,142
S_STR04937,S_U0046,S0035,2026-02-25 05:17:41.864215,18
S_STR04938,S_U0032,S0045,2026-02-15 05:03:57.889545,40
S_STR04939,S_U0069,S0049,2026-02-09 20:50:30.689529,58
S_STR04940,S_U0054,S0035,2026-02-24 17:16:19.321148,35
S_STR04941,S_U0059,S0047,2026-02-25 19:23:28.508512,77
S_STR04942,S_U0069,S0039,2026-02-01 06:33:19.588131,74
S_STR04943,S_U0030,S0029,2026-02-20 20:50:22.604515,88
S_STR04944,S_U0061,S0035,2026-02-10 22:53:40.914901,76
S_STR04945,S_U0003,S0037,2026-02-11 18:53:42.050332,62
S_STR04946,S_U0025,S0026,2026-02-27 11:07:30.597454,131
S_STR04947,S_U0073,S0032,2026-02-16 08:54:47.536250,226
S_STR04948,S_U0058,S0041,2026-02-05 23:35:07.429594,96
S_STR04949,S_U0018,S0004,2026-02-26 19:32:37.162354,75
S_STR04950,S_U0038,S0027,2026-02-04 17:52:37.912021,90
S_STR04951,S_U0084,S0045,2026-02-25 11:24:17.167908,69
S_STR04952,S_U0043,S0046,2026-02-23 01:33:14.562163,41
S_STR04953,S_U0097,S0025,2026-02-27 04:59:52.462079,74
S_STR04954,S_U0072,S0012,2026-02-19 16:19:46.810462,224
S_STR04955,S_U0086,S0045,2026-02-01 00:48:11.248308,203
S_STR04956,S_U0072,S0035,2026-02-24 15:51:44.477470,77
S_STR04957,S_U0015,S0015,2026-02-24 19:55:39.706783,211
S_STR04958,S_U0039,S0044,2026-02-17 07:38:18.948474,45
S_STR04959,S_U0056,S0001,2026-02-21 11:47:32.462699,129
S_STR04960,S_U0036,S0046,2026-02-07 14:01:04.128961,125
S_STR04961,S_U0069,S0038,2026-02-02 07:14:22.540020,43
S_STR04962,S_U0004,S0037,2026-02-23 23:20:24.672249,279
S_STR04963,S_U0077,S0014,2026-02-04 17:30:30.782457,135
S_STR04964,S_U0089,S0028,2026-02-06 19:31:46.230340,165
S_STR04965,S_U0037,S0045,2026-02-20 03:04:28.317447,12
S_STR04966,S_U0023,S0045,2026-02-02 14:46:16.859191,175
S_STR04967,S_U0046,S0040,2026-02-04 21:39:06.015348,142
S_STR04968,S_U0043,S0013,2026-02-09 00:37:50.984196,91
S_STR04969,S_U0086,S0025,2026-03-01 13:09:58.189394,133
S_STR04970,S_U0085,S0039,2026-02-22 12:29:01.463067,117
S_STR04971,S_U0090,S0044,2026-02-15 23:53:08.324353,32
S_STR04972,S_U0091,S0026,2026-02-20 12:39:03.467964,89
S_STR04973,S_U0063,S0038,2026-02-19 10:14:04.887967,108
S_STR04974,S_U0085,S0047,2026-02-25 22:14:45.045245,102
S_STR04975,S_U0052,S0041,2026-02-04 01:57:56.128206,159
S_STR04976,S_U0013,S0028,2026-02-26 08:01:05.321184,63
S_STR04977,S_U0066,S0029,2026-02-14 17:56:29.496310,120
S_STR04978,S_U0013,S0030,2026-02-04 06:44:59.330076,175
S_STR04979,S_U0049,S0048,2026-02-22 01:45:44.908242,54
S_STR04980,S_U0052,S0022,2026-02-21 09:26:17.488988,284
S_STR04981,S_U0062,S0035,2026-02-27 05:17:07.291647,58
S_STR04982,S_U0027,S0041,2026-02-04 12:04:04.217088,31
S_STR04983,S_U0059,S0043,2026-02-18 07:09:49.945778,115
S_STR04984,S_U0043,S0032,2026-02-10 00:33:23.586579,14
S_STR04985,S_U0063,S0035,2026-02-25 22:07:50.962026,128
S_STR04986,S_U0057,S0049,2026-02-14 15:22:39.936578,11
S_STR04987,S_U0055,S0036,2026-02-21 03:45:16.212832,224
S_STR04988,S_U0064,S0039,2026-02-10 07:06:47.225819,104
S_STR04989,S_U0009,S0032,2026-02-02 04:26:50.825447,77
S_STR04990,S_U0021,S0034,2026-02-24 05:34:15.553949,121
S_STR04991,S_U0033,S0037,2026-02-04 07:19:02.931291,265
S_STR04992,S_U0044,S0048,2026-02-22 07:40:49.449407,30
S_STR04993,S_U0006,S0019,2026-02-21 22:16:53.454410,152
S_STR04994,S_U0002,S0035,2026-02-15 09:36:16.231680,17
S_STR04995,S_U0022,S0032,2026-02-25 21:04:13.699613,196
S_STR04996,S_U0038,S0008,2026-02-27 06:49:51.316195,156
S_STR04997,S_U0013,S0029,2026-02-01 04:05:19.730137,151
S_STR04998,S_U0016,S0046,2026-02-27 20:46:12.639529,36
S_STR04999,S_U0053,S0050,2026-02-03 17:37:27.182032,261
S_STR05000,S_U0068,S0042,2026-02-21 05:22:09.255380,11
S_STR05001,S_U0071,S0034,2026-02-16 01:37:16.672724,62
S_STR05002,S_U0071,S0041,2026-02-27 17:10:12.146831,27
S_STR05003,S_U0016,S0043,2026-03-02 03:06:01.411979,100
S_STR05004,S_U0009,S0010,2026-02-19 23:28:26.530252,59
S_STR05005,S_U0047,S0031,2026-02-14 08:36:26.999735,17
S_STR05006,S_U0022,S0045,2026-02-10 11:59:58.614943,6
S_STR05007,S_U0054,S0040,2026-02-10 15:45:14.592788,159
S_STR05008,S_U0074,S0027,2026-02-19 07:23:39.622664,20
S_STR05009,S_U0001,S0031,2026-02-21 08:56:27.475976,28
S_STR05010,S_U0069,S0035,2026-02-10 14:44:54.085034,132
S_STR05011,S_U0092,S0020,2026-02-17 18:55:26.125860,78
S_STR05012,S_U0080,S0038,2026-02-28 18:17:55.432954,139
S_STR05013,S_U0084,S0029,2026-02-04 01:01:58.075620,218
S_STR05014,S_U0052,S0022,2026-02-13 07:02:42.601149,121
S_STR05015,S_U0096,S0012,2026-02-15 06:50:16.362048,224
S_STR05016,S_U0044,S0042,2026-02-17 02:18:05.984231,34
S_STR05017,S_U0011,S0043,2026-02-09 13:33:59.950477,11
S_STR05018,S_U0082,S0049,2026-02-15 10:54:00.570545,129
S_STR05019,S_U0054,S0043,2026-02-09 21:15:48.340175,106
S_STR05020,S_U0100,S0039,2026-02-12 23:38:31.273398,10
S_STR05021,S_U0002,S0024,2026-02-18 01:07:41.992963,212
S_STR05022,S_U0003,S0050,2026-02-21 19:07:11.769821,118
S_STR05023,S_U0085,S0045,2026-02-28 21:04:52.918497,53
S_STR05024,S_U0039,S0043,2026-02-03 15:33:55.753169,144
S_STR05025,S_U0062,S0043,2026-02-04 10:03:04.452932,103
S_STR05026,S_U0040,S0038,2026-02-23 05:23:00.940544,16
S_STR05027,S_U0009,S0047,2026-02-25 08:42:05.258952,55
S_STR05028,S_U0053,S0050,2026-02-17 08:25:07.967834,116
S_STR05029,S_U0063,S0041,2026-02-01 20:19:06.192791,145
S_STR05030,S_U0043,S0036,2026-02-15 20:11:23.765351,44
S_STR05031,S_U0074,S0030,2026-02-16 19:59:34.507300,244
S_STR05032,S_U0070,S0003,2026-02-02 01:24:55.156233,175
S_STR05033,S_U0063,S0046,2026-02-22 22:10:57.697368,71
S_STR05034,S_U0037,S0028,2026-02-24 09:15:56.336996,46
S_STR05035,S_U0091,S0033,2026-02-23 23:01:13.572914,182
S_STR05036,S_U0086,S0023,2026-02-09 15:32:07.624507,60
S_STR05037,S_U0098,S0032,2026-02-23 21:57:51.224658,148
S_STR05038,S_U0012,S0018,2026-02-08 11:08:24.746387,139
S_STR05039,S_U0073,S0039,2026-02-15 04:00:32.459761,175
S_STR05040,S_U0051,S0050,2026-02-11 01:32:25.464471,36
S_STR05041,S_U0020,S0017,2026-02-05 19:58:58.708505,49
S_STR05042,S_U0021,S0032,2026-02-09 16:39:27.655602,83
S_STR05043,S_U0003,S0013,2026-02-06 07:45:20.215347,181
S_STR05044,S_U0005,S0024,2026-02-05 15:40:18.304722,20
S_STR05045,S_U0062,S0031,2026-02-14 21:33:10.836210,94
S_STR05046,S_U0039,S0019,2026-02-25 13:50:58.054022,68
S_STR05047,S_U0056,S0006,2026-02-14 17:43:07.862191,329
S_STR05048,S_U0027,S0042,2026-02-27 00:44:32.306036,120
S_STR05049,S_U0080,S0027,2026-02-03 12:19:09.592917,14
S_STR05050,S_U0037,S0046,2026-02-08 06:57:05.514612,39
S_STR05051,S_U0048,S0043,2026-02-17 08:47:51.373408,21
S_STR05052,S_U0066,S0029,2026-02-12 20:58:16.282905,36
S_STR05053,S_U0042,S0026,2026-02-02 04:00:40.827219,79
S_STR05054,S_U0077,S0050,2026-02-24 10:10:03.330376,143
S_STR05055,S_U0065,S0049,2026-02-14 21:59:43.873336,52
S_STR05056,S_U0057,S0036,2026-02-09 10:31:35.220662,145
S_STR05057,S_U0091,S0042,2026-02-04 15:55:51.372914,98
S_STR05058,S_U0011,S0020,2026-02-23 03:53:56.221617,253
S_STR05059,S_U0082,S0023,2026-02-18 18:07:34.056543,117
S_STR05060,S_U0082,S0035,2026-02-27 09:30:36.886319,98
S_STR05061,S_U0085,S0048,2026-02-04 04:26:43.221968,18
S_STR05062,S_U0018,S0031,2026-02-11 06:55:53.707304,143
S_STR05063,S_U0075,S0019,2026-02-22 11:40:53.032304,245
S_STR05064,S_U0008,S0014,2026-02-23 02:42:54.602593,68
S_STR05065,S_U0031,S0035,2026-02-04 23:19:41.394777,129
S_STR05066,S_U0007,S0034,2026-02-19 11:02:13.146329,47
S_STR05067,S_U0079,S0019,2026-03-02 02:59:11.738845,108
S_STR05068,S_U0100,S0034,2026-02-10 01:52:23.715270,63
S_STR05069,S_U0012,S0044,2026-02-03 00:36:47.243483,105
S_STR05070,S_U0043,S0019,2026-02-06 04:33:41.925409,106
S_STR05071,S_U0017,S0030,2026-02-17 20:09:12.536864,134
S_STR05072,S_U0072,S0013,2026-02-23 12:20:42.019762,202
S_STR05073,S_U0054,S0036,2026-02-06 11:46:33.301263,226
S_STR05074,S_U0087,S0025,2026-02-24 18:54:47.911044,67
S_STR05075,S_U0031,S0027,2026-01-31 12:19:05.867026,89
S_STR05076,S_U0060,S0018,2026-02-15 17:48:16.602605,151
S_STR05077,S_U0025,S0026,2026-02-04 18:40:15.541424,113
S_STR05078,S_U0062,S0030,2026-02-09 02:10:58.646301,186
S_STR05079,S_U0023,S0033,2026-02-16 08:55:17.605694,105
S_STR05080,S_U0093,S0041,2026-02-04 23:51:46.647360,91
S_STR05081,S_U0011,S0049,2026-02-15 22:14:15.460578,209
S_STR05082,S_U0030,S0028,2026-02-27 18:15:11.608554,154
S_STR05083,S_U0084,S0035,2026-02-19 05:04:20.711652,26
S_STR05084,S_U0079,S0014,2026-03-01 23:08:57.275524,226
S_STR05085,S_U0008,S0022,2026-02-14 16:45:23.926632,73
S_STR05086,S_U0079,S0045,2026-02-24 16:23:22.796998,14
S_STR05087,S_U0063,S0049,2026-02-26 03:06:46.997670,142
S_STR05088,S_U0013,S0035,2026-02-10 18:37:12.783951,69
S_STR05089,S_U0049,S0032,2026-02-22 04:37:53.929701,101
S_STR05090,S_U0062,S0047,2026-02-26 18:07:37.059887,26
S_STR05091,S_U0046,S0004,2026-02-05 07:27:29.013271,60
S_STR05092,S_U0053,S0035,2026-02-01 21:48:24.144546,115
S_STR05093,S_U0007,S0025,2026-02-20 16:02:16.111943,118
S_STR05094,S_U0024,S0039,2026-02-16 07:54:26.136691,71
S_STR05095,S_U0053,S0019,2026-02-26 06:04:53.480930,190
S_STR05096,S_U0013,S0048,2026-02-14 22:26:37.638783,78
S_STR05097,S_U0003,S0036,2026-02-20 07:59:17.284830,68
S_STR05098,S_U0003,S0039,2026-02-27 08:58:26.474060,124
S_STR05099,S_U0067,S0038,2026-03-01 20:09:09.601721,143
S_STR05100,S_U0088,S0037,2026-02-28 07:57:27.806491,269
S_STR05101,S_U0025,S0024,2026-02-07 01:10:41.240258,207
S_STR05102,S_U0096,S0046,2026-02-17 16:37:26.209038,104
S_STR05103,S_U0100,S0010,2026-03-01 16:47:30.550964,87
S_STR05104,S_U0040,S0049,2026-02-12 04:50:22.404613,129
S_STR05105,S_U0049,S0018,2026-02-24 17:29:05.350866,16
S_STR05106,S_U0039,S0046,2026-03-01 07:25:27.468470,30
S_STR05107,S_U0013,S0038,2026-02-09 21:02:35.649837,124
S_STR05108,S_U0038,S0048,2026-03-01 10:17:19.164898,88
S_STR05109,S_U0031,S0029,2026-02-03 13:35:31.819347,108
S_STR05110,S_U0082,S0028,2026-02-09 05:49:55.567415,96
S_STR05111,S_U0051,S0021,2026-02-06 23:51:10.220427,195
S_STR05112,S_U0025,S0037,2026-02-21 23:39:00.828941,88
S_STR05113,S_U0083,S0042,2026-02-27 12:55:49.613673,179
S_STR05114,S_U0081,S0030,2026-02-10 08:16:48.660256,284
S_STR05115,S_U0007,S0047,2026-02-17 07:32:20.661988,119
S_STR05116,S_U0047,S0033,2026-02-16 22:28:51.454865,300
S_STR05117,S_U0083,S0047,2026-02-09 10:35:06.290936,102
S_STR05118,S_U0020,S0045,2026-01-31 20:46:26.463313,35
S_STR05119,S_U0038,S0007,2026-02-12 18:57:13.614082,82
S_STR05120,S_U0060,S0048,2026-02-09 13:16:36.827131,49
S_STR05121,S_U0076,S0050,2026-02-05 03:45:59.079067,205
S_STR05122,S_U0032,S0014,2026-02-26 21:14:33.282408,12
S_STR05123,S_U0076,S0044,2026-02-15 15:38:00.939751,220
S_STR05124,S_U0054,S0036,2026-02-08 08:08:34.982993,104
S_STR05125,S_U0048,S0041,2026-02-06 07:15:20.263191,151
S_STR05126,S_U0003,S0041,2026-02-04 12:27:56.510040,44
S_STR05127,S_U0021,S0050,2026-02-03 14:46:41.502564,96
S_STR05128,S_U0046,S0023,2026-02-13 10:57:26.849712,24
S_STR05129,S_U0043,S0035,2026-02-19 12:21:35.640245,125
S_STR05130,S_U0039,S0031,2026-02-15 12:55:26.861525,29
S_STR05131,S_U0028,S0047,2026-02-18 07:34:12.422350,69
S_STR05132,S_U0034,S0012,2026-02-07 03:55:31.055850,273
S_STR05133,S_U0057,S0030,2026-02-04 03:05:19.395816,268
S_STR05134,S_U0037,S0037,2026-02-24 10:54:58.593790,54
S_STR05135,S_U0026,S0032,2026-02-20 16:54:03.946423,295
S_STR05136,S_U0013,S0026,2026-02-07 06:30:27.222551,104
S_STR05137,S_U0055,S0025,2026-02-24 12:01:37.724299,123
S_STR05138,S_U0038,S0034,2026-02-26 04:10:54.440073,65
S_STR05139,S_U0009,S0037,2026-02-03 09:01:00.285167,250
S_STR05140,S_U0023,S0041,2026-02-08 10:55:21.638876,76
S_STR05141,S_U0036,S0008,2026-02-15 05:55:52.418316,151
S_STR05142,S_U0100,S0033,2026-02-14 20:02:08.706706,225
S_STR05143,S_U0098,S0045,2026-02-23 18:30:35.460282,152
S_STR05144,S_U0005,S0045,2026-02-19 19:57:11.790630,204
S_STR05145,S_U0094,S0038,2026-02-13 14:06:59.336370,12
S_STR05146,S_U0023,S0023,2026-02-18 02:52:22.168456,33
S_STR05147,S_U0056,S0036,2026-02-27 15:55:07.532864,87
S_STR05148,S_U0062,S0039,2026-01-31 20:16:49.227806,183
S_STR05149,S_U0085,S0019,2026-02-02 02:37:24.164054,127
S_STR05150,S_U0061,S0023,2026-02-18 05:49:12.253427,41
S_STR05151,S_U0092,S0022,2026-02-09 09:45:38.520461,260
S_STR05152,S_U0051,S0038,2026-02-06 19:42:39.076923,131
S_STR05153,S_U0091,S0018,2026-02-16 04:36:59.291274,9
S_STR05154,S_U0076,S0034,2026-02-07 01:18:47.149574,69
S_STR05155,S_U0059,S0019,2026-02-04 21:58:58.481597,57
S_STR05156,S_U0084,S0026,2026-03-02 01:00:42.361450,161
S_STR05157,S_U0077,S0046,2026-02-15 08:56:26.799177,9
S_STR05158,S_U0074,S0011,2026-02-03 02:07:55.039969,88
S_STR05159,S_U0091,S0047,2026-02-09 11:57:15.000451,18
S_STR05160,S_U0065,S0039,2026-02-16 21:55:29.475959,158
S_STR05161,S_U0056,S0038,2026-02-21 04:50:03.338567,11
S_STR05162,S_U0009,S0034,2026-02-25 00:15:12.974600,128
S_STR05163,S_U0012,S0030,2026-02-11 13:15:16.284619,260
S_STR05164,S_U0046,S0040,2026-02-09 05:31:40.205300,215
S_STR05165,S_U0034,S0031,2026-02-27 01:45:23.255261,155
S_STR05166,S_U0095,S0035,2026-02-26 14:40:11.713924,20
S_STR05167,S_U0029,S0016,2026-02-07 04:15:16.691486,52
S_STR05168,S_U0022,S0030,2026-03-02 11:35:47.207652,34
S_STR05169,S_U0071,S0040,2026-02-11 02:30:04.082587,111
S_STR05170,S_U0037,S0050,2026-02-12 05:32:01.143079,140
S_STR05171,S_U0098,S0010,2026-02-07 19:00:21.458913,101
S_STR05172,S_U0030,S0047,2026-02-08 00:05:49.961080,120
S_STR05173,S_U0025,S0039,2026-02-19 12:55:28.088515,159
S_STR05174,S_U0071,S0044,2026-02-07 16:33:06.184211,347
S_STR05175,S_U0011,S0014,2026-02-25 21:24:50.210135,141
S_STR05176,S_U0034,S0050,2026-02-17 09:59:10.464721,285
S_STR05177,S_U0054,S0047,2026-02-17 11:42:05.025529,88
S_STR05178,S_U0064,S0046,2026-02-19 11:41:42.815617,77
S_STR05179,S_U0083,S0028,2026-02-26 23:31:06.226168,43
S_STR05180,S_U0092,S0021,2026-02-05 04:27:17.331496,137
S_STR05181,S_U0065,S0045,2026-02-07 17:26:30.724166,216
S_STR05182,S_U0087,S0018,2026-02-26 18:29:46.519888,123
S_STR05183,S_U0080,S0022,2026-02-05 05:25:08.373094,358
S_STR05184,S_U0032,S0013,2026-02-04 23:58:16.467721,112
S_STR05185,S_U0027,S0028,2026-02-27 08:58:46.167538,62
S_STR05186,S_U0086,S0046,2026-02-16 15:14:29.766882,108
S_STR05187,S_U0067,S0041,2026-02-24 01:44:06.368707,61
S_STR05188,S_U0085,S0029,2026-02-08 12:45:44.931416,231
S_STR05189,S_U0077,S0031,2026-02-06 12:05:58.886844,124
S_STR05190,S_U0016,S0046,2026-02-18 01:41:13.406280,117
S_STR05191,S_U0021,S0049,2026-02-03 15:45:31.145188,149
S_STR05192,S_U0036,S0002,2026-02-09 08:49:05.117707,45
S_STR05193,S_U0069,S0035,2026-02-09 19:46:29.409031,9
S_STR05194,S_U0016,S0025,2026-02-11 00:01:50.854196,142
S_STR05195,S_U0008,S0033,2026-02-05 02:39:03.499605,234
S_STR05196,S_U0021,S0038,2026-02-28 05:09:20.644833,89
S_STR05197,S_U0035,S0037,2026-02-13 12:02:48.370299,181
S_STR05198,S_U0017,S0035,2026-02-01 04:46:49.382192,119
S_STR05199,S_U0001,S0045,2026-02-18 19:00:35.530838,183
S_STR05200,S_U0058,S0043,2026-02-07 00:01:52.357640,47
S_STR05201,S_U0036,S0036,2026-03-02 06:25:25.216513,50
S_STR05202,S_U0028,S0022,2026-02-25 13:45:15.781022,309
S_STR05203,S_U0068,S0044,2026-02-15 23:21:04.799425,108
S_STR05204,S_U0004,S0050,2026-02-27 04:02:06.641111,267
S_STR05205,S_U0095,S0016,2026-02-06 23:50:14.692373,158
S_STR05206,S_U0063,S0025,2026-02-09 19:47:11.097489,75
S_STR05207,S_U0007,S0050,2026-02-24 09:57:36.791005,274
S_STR05208,S_U0005,S0043,2026-02-03 12:51:03.375309,50
S_STR05209,S_U0070,S0020,2026-02-01 15:42:54.993865,54
S_STR05210,S_U0098,S0049,2026-02-24 04:37:08.181902,181
S_STR05211,S_U0025,S0029,2026-02-19 20:17:58.938816,242
S_STR05212,S_U0042,S0035,2026-02-01 18:28:46.535734,50
S_STR05213,S_U0067,S0050,2026-02-18 01:46:36.620681,297
S_STR05214,S_U0078,S0023,2026-02-07 11:07:54.867399,27
S_STR05215,S_U0089,S0039,2026-02-27 11:02:32.919801,142
S_STR05216,S_U0095,S0040,2026-02-15 10:39:58.621388,218
S_STR05217,S_U0015,S0037,2026-02-02 20:57:38.156163,28
S_STR05218,S_U0098,S0031,2026-02-08 08:31:12.716773,82
S_STR05219,S_U0087,S0023,2026-02-24 11:11:49.896703,77
S_STR05220,S_U0072,S0050,2026-02-17 05:10:00.310730,33
S_STR05221,S_U0061,S0029,2026-02-11 18:06:35.347349,90
S_STR05222,S_U0023,S0037,2026-02-12 05:37:51.848826,46
S_STR05223,S_U0094,S0032,2026-02-22 01:41:31.605294,271
S_STR05224,S_U0083,S0009,2026-02-23 05:30:37.410719,27
S_STR05225,S_U0028,S0044,2026-02-10 21:26:55.447587,116
S_STR05226,S_U0069,S0040,2026-02-08 05:28:33.464461,168
S_STR05227,S_U0053,S0032,2026-02-13 06:58:48.110527,16
S_STR05228,S_U0036,S0042,2026-02-15 08:36:22.972351,95
S_STR05229,S_U0096,S0047,2026-02-06 19:14:46.916860,38
S_STR05230,S_U0030,S0028,2026-02-03 01:48:52.663891,168
S_STR05231,S_U0005,S0032,2026-02-13 23:57:07.167758,286
S_STR05232,S_U0068,S0026,2026-02-18 03:39:32.821071,165
S_STR05233,S_U0015,S0028,2026-02-02 12:31:38.869665,73
S_STR05234,S_U0030,S0025,2026-02-21 21:22:27.572229,53
S_STR05235,S_U0079,S0042,2026-02-08 17:52:51.076093,69
S_STR05236,S_U0005,S0048,2026-02-17 00:22:39.847304,42
S_STR05237,S_U0064,S0047,2026-01-31 22:24:12.331216,162
S_STR05238,S_U0055,S0027,2026-02-07 12:45:53.920903,146
S_STR05239,S_U0058,S0011,2026-02-18 14:24:51.178193,42
S_STR05240,S_U0091,S0050,2026-02-13 16:37:10.209826,240
S_STR05241,S_U0016,S0021,2026-02-02 16:40:34.800764,34
S_STR05242,S_U0043,S0040,2026-02-04 21:42:33.539719,25
S_STR05243,S_U0078,S0028,2026-02-27 18:01:19.565197,158
S_STR05244,S_U0083,S0028,2026-02-02 13:47:10.409425,12
S_STR05245,S_U0020,S0035,2026-02-25 07:52:14.099896,29
S_STR05246,S_U0056,S0029,2026-02-15 21:56:52.471180,58
S_STR05247,S_U0038,S0036,2026-02-12 19:17:46.631481,29
S_STR05248,S_U0067,S0042,2026-02-15 23:47:24.554475,13
S_STR05249,S_U0007,S0044,2026-02-18 15:40:01.279506,178
S_STR05250,S_U0009,S0026,2026-02-05 16:18:34.806795,156
S_STR05251,S_U0008,S0030,2026-02-25 11:30:56.501009,251
S_STR05252,S_U0049,S0050,2026-02-21 02:56:39.861152,137
S_STR05253,S_U0063,S0023,2026-02-04 05:09:22.899875,98
S_STR05254,S_U0004,S0032,2026-02-12 19:20:23.642972,121
S_STR05255,S_U0012,S0043,2026-02-19 10:53:17.421113,62
S_STR05256,S_U0088,S0045,2026-02-17 13:26:52.945298,90
S_STR05257,S_U0022,S0048,2026-02-26 15:43:10.809910,26
S_STR05258,S_U0098,S0015,2026-02-07 03:52:28.274272,40
S_STR05259,S_U0030,S0012,2026-03-02 03:13:12.259861,30
S_STR05260,S_U0058,S0037,2026-03-01 16:17:08.020489,119
S_STR05261,S_U0033,S0040,2026-02-06 02:09:44.561505,67
S_STR05262,S_U0035,S0047,2026-02-04 06:43:42.275369,31
S_STR05263,S_U0067,S0003,2026-02-27 17:21:14.626209,61
S_STR05264,S_U0012,S0007,2026-02-09 23:11:28.026384,154
S_STR05265,S_U0055,S0037,2026-03-01 00:36:15.166383,242
S_STR05266,S_U0082,S0038,2026-02-07 17:05:36.470433,26
S_STR05267,S_U0062,S0030,2026-02-20 11:00:34.524738,229
S_STR05268,S_U0056,S0046,2026-03-01 12:09:19.047385,23
S_STR05269,S_U0059,S0038,2026-02-10 15:31:27.832865,82
S_STR05270,S_U0096,S0017,2026-02-15 05:22:26.826182,88
S_STR05271,S_U0085,S0042,2026-02-27 10:24:00.496114,9
S_STR05272,S_U0075,S0042,2026-02-18 20:34:52.272103,169
S_STR05273,S_U0005,S0021,2026-02-07 05:53:52.668970,105
S_STR05274,S_U0091,S0033,2026-02-24 22:40:21.324340,344
S_STR05275,S_U0062,S0037,2026-02-16 16:58:36.441540,125
S_STR05276,S_U0096,S0028,2026-02-25 16:32:39.261391,140
S_STR05277,S_U0100,S0038,2026-03-01 22:11:59.090265,74
S_STR05278,S_U0051,S0033,2026-02-12 20:52:16.882895,281
S_STR05279,S_U0043,S0023,2026-02-17 17:24:22.629835,14
S_STR05280,S_U0001,S0012,2026-02-10 08:47:52.429637,294
S_STR05281,S_U0009,S0033,2026-02-15 08:09:03.558586,290
S_STR05282,S_U0033,S0030,2026-02-20 19:24:12.739758,59
S_STR05283,S_U0046,S0034,2026-02-02 10:43:07.552426,14
S_STR05284,S_U0042,S0049,2026-02-19 07:36:11.082560,185
S_STR05285,S_U0012,S0045,2026-02-25 13:24:02.391447,141
S_STR05286,S_U0082,S0040,2026-02-05 04:58:53.601232,77
S_STR05287,S_U0051,S0013,2026-02-28 23:29:38.704035,225
S_STR05288,S_U0084,S0042,2026-02-04 11:22:18.417409,133
S_STR05289,S_U0030,S0033,2026-02-24 00:32:27.704634,176
S_STR05290,S_U0009,S0043,2026-02-09 09:46:13.054393,77
S_STR05291,S_U0076,S0040,2026-02-03 23:59:31.517771,21
S_STR05292,S_U0088,S0021,2026-02-16 18:23:49.759117,101
S_STR05293,S_U0071,S0036,2026-02-09 23:24:39.712739,107
S_STR05294,S_U0009,S0043,2026-02-03 20:59:58.603919,116
S_STR05295,S_U0081,S0037,2026-02-23 22:40:58.977594,216
S_STR05296,S_U0018,S0012,2026-02-08 12:02:25.106241,278
S_STR05297,S_U0034,S0050,2026-02-04 01:19:33.647146,111
S_STR05298,S_U0010,S0042,2026-02-08 12:49:55.331743,56
S_STR05299,S_U0017,S0022,2026-02-15 15:50:20.871344,273
S_STR05300,S_U0022,S0038,2026-02-26 13:34:57.780504,91
S_STR05301,S_U0059,S0048,2026-02-01 13:37:48.708870,52
S_STR05302,S_U0083,S0028,2026-02-09 18:56:48.932272,153
S_STR05303,S_U0023,S0049,2026-02-05 21:38:40.336010,201
S_STR05304,S_U0056,S0029,2026-02-22 16:43:01.859978,190
S_STR05305,S_U0056,S0026,2026-02-24 15:41:09.179927,176
S_STR05306,S_U0083,S0049,2026-02-23 00:49:16.104120,62
S_STR05307,S_U0078,S0046,2026-02-14 11:53:29.467745,26
S_STR05308,S_U0076,S0032,2026-02-26 20:17:18.431174,100
S_STR05309,S_U0031,S0042,2026-02-26 05:34:12.392039,219
S_STR05310,S_U0003,S0035,2026-02-22 07:08:40.461174,123
S_STR05311,S_U0007,S0034,2026-02-23 15:57:19.034587,126
S_STR05312,S_U0016,S0040,2026-02-16 08:47:41.211199,174
S_STR05313,S_U0056,S0048,2026-02-13 16:46:45.954782,56
S_STR05314,S_U0022,S0036,2026-02-24 09:55:42.948336,174
S_STR05315,S_U0014,S0038,2026-02-23 00:23:00.385766,70
S_STR05316,S_U0049,S0021,2026-02-28 16:12:23.715788,171
S_STR05317,S_U0095,S0038,2026-02-12 05:56:29.592464,76
S_STR05318,S_U0030,S0028,2026-02-26 18:51:29.921832,55
S_STR05319,S_U0003,S0042,2026-02-11 09:38:02.710284,217
S_STR05320,S_U0018,S0038,2026-02-03 11:11:51.676346,98
S_STR05321,S_U0013,S0028,2026-02-07 08:24:45.722898,45
S_STR05322,S_U0060,S0031,2026-02-28 06:09:09.952718,13
S_STR05323,S_U0090,S0035,2026-02-27 16:55:27.800350,108
S_STR05324,S_U0100,S0037,2026-02-27 22:05:11.835021,280
S_STR05325,S_U0033,S0024,2026-02-16 12:12:06.122426,154
S_STR05326,S_U0055,S0040,2026-02-03 18:07:46.921629,184
S_STR05327,S_U0089,S0020,2026-02-07 03:40:16.949050,139
S_STR05328,S_U0057,S0045,2026-02-20 10:48:04.899137,127
S_STR05329,S_U0095,S0047,2026-02-20 03:11:32.303712,67
S_STR05330,S_U0054,S0013,2026-02-16 07:25:13.427905,47
S_STR05331,S_U0015,S0036,2026-02-15 23:34:01.290498,115
S_STR05332,S_U0099,S0040,2026-02-13 20:08:27.257728,86
S_STR05333,S_U0084,S0032,2026-02-12 10:49:21.821120,131
S_STR05334,S_U0053,S0032,2026-02-18 17:56:59.251039,274
S_STR05335,S_U0062,S0021,2026-02-20 23:50:23.699621,141
S_STR05336,S_U0096,S0048,2026-02-04 09:59:13.818783,32
S_STR05337,S_U0054,S0047,2026-02-19 14:49:39.976892,149
S_STR05338,S_U0041,S0035,2026-02-11 06:36:38.185633,107
S_STR05339,S_U0081,S0040,2026-02-23 09:22:11.239713,156
S_STR05340,S_U0075,S0041,2026-02-18 17:04:24.215930,16
S_STR05341,S_U0058,S0045,2026-02-26 14:05:36.972268,191
S_STR05342,S_U0092,S0019,2026-02-12 02:25:34.734694,103
S_STR05343,S_U0057,S0035,2026-02-28 01:40:33.339091,127
S_STR05344,S_U0050,S0035,2026-02-15 23:41:08.299387,121
S_STR05345,S_U0035,S0033,2026-02-18 08:09:43.739104,211
S_STR05346,S_U0054,S0031,2026-02-07 01:51:30.312875,128
S_STR05347,S_U0052,S0039,2026-02-18 16:22:08.681351,177
S_STR05348,S_U0066,S0043,2026-02-09 14:33:34.677925,196
S_STR05349,S_U0071,S0034,2026-02-19 12:56:27.092382,43
S_STR05350,S_U0005,S0049,2026-02-08 06:17:10.011616,29
S_STR05351,S_U0094,S0040,2026-02-16 14:41:22.197355,122
S_STR05352,S_U0088,S0037,2026-02-15 11:07:14.146718,209
S_STR05353,S_U0029,S0019,2026-02-15 14:14:34.033108,86
S_STR05354,S_U0082,S0024,2026-02-05 15:23:40.006668,63
S_STR05355,S_U0090,S0030,2026-02-15 02:30:09.413877,82
S_STR05356,S_U0060,S0013,2026-02-08 20:01:29.401356,16
S_STR05357,S_U0024,S0045,2026-02-14 01:08:35.236411,14
S_STR05358,S_U0042,S0024,2026-02-19 16:25:08.893867,46
S_STR05359,S_U0031,S0035,2026-02-14 07:14:49.141356,40
S_STR05360,S_U0046,S0042,2026-02-23 17:37:55.496717,199
S_STR05361,S_U0013,S0050,2026-02-02 02:59:28.164125,258
S_STR05362,S_U0079,S0003,2026-03-01 08:21:06.453629,118
S_STR05363,S_U0018,S0043,2026-02-19 21:31:10.331047,177
S_STR05364,S_U0037,S0037,2026-02-13 08:43:12.374956,220
S_STR05365,S_U0083,S0033,2026-02-03 11:15:09.631517,45
S_STR05366,S_U0060,S0043,2026-02-14 01:15:07.916834,53
S_STR05367,S_U0014,S0038,2026-02-11 22:50:56.520847,56
S_STR05368,S_U0026,S0023,2026-01-31 15:14:46.386380,13
S_STR05369,S_U0003,S0042,2026-02-28 09:16:12.329895,186
S_STR05370,S_U0003,S0043,2026-02-21 07:11:53.902902,108
S_STR05371,S_U0079,S0036,2026-02-10 00:02:42.873070,106
S_STR05372,S_U0065,S0044,2026-02-13 09:05:27.428349,223
S_STR05373,S_U0099,S0023,2026-02-08 21:41:08.117252,109
S_STR05374,S_U0078,S0031,2026-02-12 03:57:01.067829,145
S_STR05375,S_U0024,S0036,2026-02-20 09:11:16.127233,20
S_STR05376,S_U0060,S0036,2026-02-23 22:46:52.805149,218
S_STR05377,S_U0018,S0042,2026-02-08 04:31:28.225369,162
S_STR05378,S_U0079,S0043,2026-02-20 05:17:46.757711,77
S_STR05379,S_U0017,S0041,2026-02-17 20:07:25.370513,68
S_STR05380,S_U0038,S0020,2026-02-19 18:45:26.858221,159
S_STR05381,S_U0027,S0046,2026-02-17 11:47:33.951487,92
S_STR05382,S_U0055,S0044,2026-02-12 07:10:45.370207,197
S_STR05383,S_U0070,S0021,2026-02-24 10:51:38.330956,45
S_STR05384,S_U0100,S0027,2026-02-11 15:50:05.944270,5
S_STR05385,S_U0018,S0049,2026-02-25 01:26:57.632576,50
S_STR05386,S_U0076,S0035,2026-03-01 19:08:47.815601,7
S_STR05387,S_U0036,S0050,2026-02-20 20:42:06.876393,150
S_STR05388,S_U0094,S0025,2026-03-01 11:38:15.027580,48
S_STR05389,S_U0078,S0035,2026-02-23 19:00:38.402027,50
S_STR05390,S_U0012,S0043,2026-02-12 02:17:50.816205,173
S_STR05391,S_U0013,S0029,2026-02-15 12:37:10.276877,130
S_STR05392,S_U0095,S0046,2026-02-06 00:57:07.829697,45
S_STR05393,S_U0098,S0020,2026-02-20 05:42:12.473762,116
S_STR05394,S_U0057,S0040,2026-02-07 19:25:18.917636,157
S_STR05395,S_U0078,S0023,2026-02-02 00:19:21.691907,105
S_STR05396,S_U0092,S0030,2026-02-09 16:05:15.099134,6
S_STR05397,S_U0081,S0037,2026-02-07 11:33:57.068480,233
S_STR05398,S_U0071,S0046,2026-02-03 21:02:48.661282,63
S_STR05399,S_U0048,S0024,2026-02-19 11:24:58.771386,195
S_STR05400,S_U0013,S0017,2026-02-15 10:46:43.048957,145
S_STR05401,S_U0098,S0040,2026-02-02 08:04:44.808244,119
S_STR05402,S_U0072,S0036,2026-02-11 23:31:32.683424,33
S_STR05403,S_U0051,S0040,2026-02-03 04:30:12.061801,220
S_STR05404,S_U0074,S0043,2026-02-16 05:23:20.095073,89
S_STR05405,S_U0036,S0045,2026-02-21 01:40:23.837983,221
S_STR05406,S_U0032,S0050,2026-02-13 11:18:20.004404,203
S_STR05407,S_U0014,S0050,2026-02-11 04:23:51.830753,275
S_STR05408,S_U0008,S0048,2026-02-02 13:03:26.185261,119
S_STR05409,S_U0032,S0031,2026-02-05 01:50:14.703097,28
S_STR05410,S_U0003,S0027,2026-02-17 22:02:36.405048,85
S_STR05411,S_U0018,S0015,2026-02-07 16:54:51.593184,252
S_STR05412,S_U0087,S0048,2026-02-09 12:47:57.363869,85
S_STR05413,S_U0056,S0026,2026-02-10 14:23:47.019312,8
S_STR05414,S_U0039,S0013,2026-02-23 12:03:16.467300,162
S_STR05415,S_U0071,S0032,2026-02-27 18:38:38.635379,58
S_STR05416,S_U0060,S0030,2026-02-16 20:58:54.017997,94
S_STR05417,S_U0082,S0024,2026-02-15 05:34:28.610029,138
S_STR05418,S_U0088,S0043,2026-02-27 20:21:16.294003,136
S_STR05419,S_U0090,S0050,2026-02-18 12:43:09.577635,196
S_STR05420,S_U0098,S0048,2026-02-28 12:28:11.733261,42
S_STR05421,S_U0070,S0034,2026-02-22 22:24:30.152758,93
S_STR05422,S_U0002,S0045,2026-02-21 19:17:47.379529,83
S_STR05423,S_U0040,S0021,2026-02-23 16:10:25.943005,53
S_STR05424,S_U0004,S0015,2026-02-05 18:58:44.871083,205
S_STR05425,S_U0080,S0030,2026-02-19 22:03:19.246133,180
S_STR05426,S_U0032,S0015,2026-02-16 01:43:30.556854,242
S_STR05427,S_U0069,S0044,2026-02-25 05:43:00.033400,276
S_STR05428,S_U0083,S0041,2026-02-09 11:59:57.952046,100
S_STR05429,S_U0066,S0037,2026-02-11 17:44:55.193561,230
S_STR05430,S_U0068,S0050,2026-02-05 20:02:48.911104,93
S_STR05431,S_U0012,S0028,2026-02-27 23:06:22.836837,135
S_STR05432,S_U0055,S0041,2026-02-13 00:12:16.471382,11
S_STR05433,S_U0044,S0008,2026-02-13 05:51:57.948034,8
S_STR05434,S_U0064,S0042,2026-02-06 02:14:56.594331,192
S_STR05435,S_U0095,S0041,2026-02-24 22:58:31.527217,123
S_STR05436,S_U0019,S0024,2026-02-09 03:37:37.831181,137
S_STR05437,S_U0058,S0029,2026-02-21 19:37:23.195826,248
S_STR05438,S_U0008,S0049,2026-02-01 11:56:00.383560,89
S_STR05439,S_U0084,S0015,2026-02-03 05:00:06.781955,180
S_STR05440,S_U0086,S0019,2026-02-14 19:06:23.887737,46
S_STR05441,S_U0066,S0045,2026-02-06 17:15:04.638508,17
S_STR05442,S_U0044,S0048,2026-02-07 19:56:52.322411,5
S_STR05443,S_U0077,S0034,2026-02-22 23:44:03.464112,75
S_STR05444,S_U0034,S0021,2026-02-21 13:20:18.804721,78
S_STR05445,S_U0088,S0042,2026-02-12 19:02:00.719306,167
S_STR05446,S_U0009,S0025,2026-02-15 14:08:03.162461,151
S_STR05447,S_U0081,S0041,2026-03-02 08:43:55.122473,100
S_STR05448,S_U0023,S0024,2026-02-10 22:10:55.164922,33
S_STR05449,S_U0031,S0008,2026-02-11 13:14:35.059850,26
S_STR05450,S_U0033,S0043,2026-02-16 13:56:19.424807,120
S_STR05451,S_U0045,S0039,2026-02-12 06:49:43.555955,59
S_STR05452,S_U0040,S0028,2026-02-13 19:17:16.287603,116
S_STR05453,S_U0033,S0021,2026-02-18 04:35:09.498183,152
S_STR05454,S_U0075,S0005,2026-02-04 09:38:23.605196,100
S_STR05455,S_U0057,S0047,2026-02-02 15:33:23.475302,176
S_STR05456,S_U0039,S0017,2026-02-23 17:10:27.298404,24
S_STR05457,S_U0006,S0048,2026-02-10 07:47:23.248566,20
S_STR05458,S_U0093,S0029,2026-02-14 12:05:22.885331,174
S_STR05459,S_U0008,S0038,2026-02-02 09:47:18.847628,141
S_STR05460,S_U0068,S0032,2026-02-04 07:29:39.001092,222
S_STR05461,S_U0049,S0035,2026-02-05 17:08:07.122732,53
S_STR05462,S_U0015,S0038,2026-02-20 03:38:15.830442,25
S_STR05463,S_U0025,S0046,2026-03-02 11:08:19.555439,43
S_STR05464,S_U0028,S0049,2026-02-06 08:39:27.433141,219
S_STR05465,S_U0060,S0045,2026-02-07 16:36:41.590348,164
S_STR05466,S_U0087,S0049,2026-02-12 15:02:04.598434,46
S_STR05467,S_U0036,S0030,2026-02-20 09:56:10.957269,272
S_STR05468,S_U0030,S0043,2026-02-02 09:51:07.733045,89
S_STR05469,S_U0099,S0048,2026-02-25 10:01:56.025950,69
S_STR05470,S_U0073,S0039,2026-02-10 14:40:13.830611,73
S_STR05471,S_U0056,S0050,2026-02-07 13:44:25.844809,143
S_STR05472,S_U0045,S0034,2026-02-22 18:12:07.544048,78
S_STR05473,S_U0019,S0045,2026-02-06 03:21:13.236507,240
S_STR05474,S_U0039,S0020,2026-02-13 02:22:26.332034,248
S_STR05475,S_U0092,S0042,2026-02-24 17:02:37.280471,213
S_STR05476,S_U0089,S0037,2026-02-22 18:04:42.635024,215
S_STR05477,S_U0049,S0047,2026-02-10 17:46:12.649242,105
S_STR05478,S_U0027,S0018,2026-02-03 19:02:30.702912,5
S_STR05479,S_U0042,S0050,2026-02-22 04:06:16.048090,297
S_STR05480,S_U0013,S0031,2026-03-02 04:32:55.139496,13
S_STR05481,S_U0059,S0036,2026-01-31 13:01:30.573937,25
S_STR05482,S_U0058,S0023,2026-02-14 16:13:04.403600,75
S_STR05483,S_U0065,S0034,2026-02-22 04:33:46.329012,70
S_STR05484,S_U0060,S0050,2026-02-25 21:42:05.769785,28
S_STR05485,S_U0009,S0025,2026-02-17 21:02:22.816886,11
S_STR05486,S_U0028,S0022,2026-02-19 11:58:11.538177,8
S_STR05487,S_U0027,S0047,2026-02-13 09:47:24.635445,125
S_STR05488,S_U0052,S0049,2026-02-19 13:03:00.740490,209
S_STR05489,S_U0079,S0042,2026-02-07 10:44:40.006928,125
S_STR05490,S_U0026,S0047,2026-02-05 22:22:28.087956,21
S_STR05491,S_U0045,S0035,2026-02-26 11:51:13.299818,33
S_STR05492,S_U0050,S0019,2026-02-06 19:04:21.434911,233
S_STR05493,S_U0017,S0049,2026-02-11 03:41:55.940132,56
S_STR05494,S_U0028,S0035,2026-02-14 19:15:14.372061,55
S_STR05495,S_U0059,S0029,2026-02-25 01:49:52.276119,217
S_STR05496,S_U0090,S0042,2026-02-18 22:05:35.930811,120
S_STR05497,S_U0072,S0040,2026-02-17 15:40:28.961473,59
S_STR05498,S_U0068,S0039,2026-02-10 17:49:48.906492,112
S_STR05499,S_U0006,S0045,2026-02-21 05:25:34.946156,25
S_STR05500,S_U0077,S0030,2026-02-12 15:18:51.477652,196
S_STR05501,S_U0006,S0048,2026-02-19 21:55:57.460013,87
S_STR05502,S_U0022,S0047,2026-02-05 22:20:26.337624,124
S_STR05503,S_U0006,S0042,2026-02-08 20:47:46.324831,62
S_STR05504,S_U0019,S0044,2026-02-12 03:06:04.857456,348
S_STR05505,S_U0004,S0020,2026-02-05 15:00:23.199169,120
S_STR05506,S_U0055,S0044,2026-02-12 00:46:21.131693,172
S_STR05507,S_U0077,S0012,2026-02-07 00:09:21.036102,32
S_STR05508,S_U0018,S0021,2026-02-05 04:22:32.489470,39
S_STR05509,S_U0090,S0044,2026-02-14 01:38:23.599552,241
S_STR05510,S_U0100,S0043,2026-02-20 23:41:42.438531,15
S_STR05511,S_U0085,S0048,2026-02-27 23:34:01.809392,23
S_STR05512,S_U0027,S0031,2026-02-15 20:53:05.391267,94
S_STR05513,S_U0033,S0007,2026-02-05 00:11:25.219537,9
S_STR05514,S_U0095,S0036,2026-02-01 17:55:45.000374,26
S_STR05515,S_U0011,S0041,2026-02-19 03:50:16.331413,162
S_STR05516,S_U0004,S0026,2026-02-13 16:10:16.694894,5
S_STR05517,S_U0068,S0031,2026-02-17 00:36:22.545357,98
S_STR05518,S_U0020,S0037,2026-02-02 15:50:31.114681,59
S_STR05519,S_U0070,S0016,2026-02-16 14:27:15.386252,186
S_STR05520,S_U0034,S0003,2026-02-28 03:26:02.716327,117
S_STR05521,S_U0016,S0024,2026-02-12 17:58:10.855584,69
S_STR05522,S_U0017,S0045,2026-02-09 05:43:00.441556,84
S_STR05523,S_U0085,S0047,2026-02-15 11:31:35.469147,32
S_STR05524,S_U0008,S0039,2026-02-21 03:34:02.174895,58
S_STR05525,S_U0076,S0017,2026-02-04 22:01:11.441993,106
S_STR05526,S_U0065,S0045,2026-02-14 04:35:35.662713,37
S_STR05527,S_U0085,S0050,2026-02-04 08:32:35.088550,141
S_STR05528,S_U0041,S0011,2026-02-28 03:24:25.991714,102
S_STR05529,S_U0077,S0040,2026-02-11 01:31:11.060805,232
S_STR05530,S_U0049,S0015,2026-02-06 02:49:09.054081,35
S_STR05531,S_U0070,S0019,2026-02-21 02:53:10.528167,138
S_STR05532,S_U0077,S0049,2026-02-08 08:23:56.040305,47
S_STR05533,S_U0050,S0047,2026-02-12 06:00:28.667981,122
S_STR05534,S_U0012,S0013,2026-02-21 10:19:19.802495,62
S_STR05535,S_U0010,S0039,2026-02-13 06:16:36.318571,95
S_STR05536,S_U0065,S0010,2026-01-31 23:35:42.498705,74
S_STR05537,S_U0034,S0037,2026-02-06 06:40:49.315629,213
S_STR05538,S_U0039,S0012,2026-02-04 11:46:50.830170,141
S_STR05539,S_U0014,S0028,2026-02-16 20:50:37.143570,37
S_STR05540,S_U0091,S0033,2026-02-23 13:45:35.362185,34
S_STR05541,S_U0050,S0022,2026-02-16 02:11:37.171799,187
S_STR05542,S_U0085,S0043,2026-02-24 10:23:30.263288,110
S_STR05543,S_U0017,S0050,2026-02-19 03:30:46.143173,193
S_STR05544,S_U0070,S0042,2026-02-15 08:01:27.681913,34
S_STR05545,S_U0063,S0024,2026-02-10 22:17:14.027794,63
S_STR05546,S_U0022,S0036,2026-02-13 19:21:12.711926,182
S_STR05547,S_U0055,S0028,2026-02-08 20:07:17.307290,7
S_STR05548,S_U0048,S0028,2026-02-14 04:10:33.059642,112
S_STR05549,S_U0034,S0037,2026-02-01 23:59:01.874165,229
S_STR05550,S_U0068,S0041,2026-02-02 10:26:07.008288,141
S_STR05551,S_U0065,S0047,2026-02-04 02:39:09.764115,19
S_STR05552,S_U0052,S0028,2026-02-04 17:35:46.180687,152
S_STR05553,S_U0025,S0030,2026-02-08 07:18:34.901163,111
S_STR05554,S_U0015,S0028,2026-02-18 02:24:49.601534,64
S_STR05555,S_U0086,S0011,2026-02-07 16:09:09.141022,178
S_STR05556,S_U0058,S0042,2026-02-17 11:42:54.379019,191
S_STR05557,S_U0066,S0025,2026-02-05 18:25:45.276375,154
S_STR05558,S_U0041,S0042,2026-02-22 17:19:19.809831,175
S_STR05559,S_U0039,S0034,2026-02-16 11:32:37.013319,95
S_STR05560,S_U0077,S0027,2026-01-31 12:52:18.339450,86
S_STR05561,S_U0065,S0047,2026-02-22 08:53:17.332447,128
S_STR05562,S_U0002,S0048,2026-03-01 09:27:11.036876,125
S_STR05563,S_U0012,S0043,2026-02-05 10:19:32.102978,50
S_STR05564,S_U0010,S0014,2026-02-27 12:56:52.131256,7
S_STR05565,S_U0083,S0016,2026-02-22 04:48:35.658830,139
S_STR05566,S_U0075,S0046,2026-02-04 18:01:04.192243,10
S_STR05567,S_U0068,S0036,2026-02-07 13:51:11.052045,170
S_STR05568,S_U0030,S0035,2026-02-28 22:20:04.208847,82
S_STR05569,S_U0088,S0029,2026-02-06 04:13:50.943398,130
S_STR05570,S_U0087,S0006,2026-02-14 03:26:57.341088,327
S_STR05571,S_U0077,S0023,2026-02-12 05:44:21.111470,69
S_STR05572,S_U0023,S0044,2026-02-22 10:34:35.972642,227
S_STR05573,S_U0071,S0035,2026-02-21 21:00:00.245782,44
S_STR05574,S_U0036,S0031,2026-02-07 12:01:22.910608,73
S_STR05575,S_U0014,S0016,2026-02-22 17:15:51.260827,163
S_STR05576,S_U0083,S0050,2026-03-02 04:02:45.391275,213
S_STR05577,S_U0068,S0022,2026-02-04 08:17:40.275270,21
S_STR05578,S_U0059,S0049,2026-02-12 18:17:00.017590,225
S_STR05579,S_U0093,S0047,2026-02-01 20:11:27.486237,6
S_STR05580,S_U0036,S0042,2026-02-22 11:00:17.300868,120
S_STR05581,S_U0078,S0047,2026-02-10 20:31:44.737672,135
S_STR05582,S_U0092,S0046,2026-02-13 20:59:03.823756,105
S_STR05583,S_U0045,S0017,2026-02-26 03:39:56.356617,181
S_STR05584,S_U0017,S0009,2026-02-04 01:45:50.311566,13
S_STR05585,S_U0023,S0003,2026-02-08 22:35:58.775310,77
S_STR05586,S_U0047,S0044,2026-02-26 08:56:30.575079,184
S_STR05587,S_U0058,S0043,2026-02-17 05:06:28.931896,130
S_STR05588,S_U0099,S0022,2026-02-26 20:12:25.528288,139
S_STR05589,S_U0047,S0043,2026-02-21 12:33:33.006114,155
S_STR05590,S_U0077,S0021,2026-02-05 13:39:43.259637,161
S_STR05591,S_U0006,S0014,2026-02-12 15:23:21.421289,151
S_STR05592,S_U0037,S0035,2026-02-16 22:50:44.971496,66
S_STR05593,S_U0061,S0028,2026-02-09 05:36:08.473665,65
S_STR05594,S_U0007,S0043,2026-03-02 02:48:54.316433,41
S_STR05595,S_U0034,S0036,2026-03-01 01:24:36.027979,189
S_STR05596,S_U0056,S0039,2026-02-14 20:16:00.512549,183
S_STR05597,S_U0021,S0047,2026-02-16 14:56:01.354388,46
S_STR05598,S_U0024,S0008,2026-02-22 20:13:18.006043,214
S_STR05599,S_U0047,S0038,2026-02-09 23:37:57.172506,20
S_STR05600,S_U0050,S0048,2026-02-09 17:21:57.367062,32
S_STR05601,S_U0002,S0025,2026-02-01 14:22:06.716449,26
S_STR05602,S_U0003,S0010,2026-02-03 14:23:11.161536,148
S_STR05603,S_U0052,S0030,2026-02-11 23:34:27.866561,166
S_STR05604,S_U0043,S0013,2026-02-20 02:18:55.499770,182
S_STR05605,S_U0072,S0020,2026-02-19 14:44:25.988245,8
S_STR05606,S_U0036,S0039,2026-03-02 10:13:17.743569,164
S_STR05607,S_U0001,S0046,2026-02-14 21:24:57.955566,115
S_STR05608,S_U0061,S0025,2026-02-08 06:19:32.115363,125
S_STR05609,S_U0026,S0005,2026-02-06 10:47:47.295416,8
S_STR05610,S_U0099,S0027,2026-02-03 09:49:05.852739,6
S_STR05611,S_U0053,S0037,2026-02-04 23:56:04.345415,188
S_STR05612,S_U0071,S0028,2026-03-01 19:13:16.092710,33
S_STR05613,S_U0054,S0006,2026-02-25 12:23:29.787451,196
S_STR05614,S_U0099,S0041,2026-02-05 14:51:21.350769,126
S_STR05615,S_U0098,S0033,2026-02-01 04:56:19.369538,172
S_STR05616,S_U0071,S0041,2026-02-01 02:19:35.013765,59
S_STR05617,S_U0008,S0027,2026-02-08 21:05:54.172974,34
S_STR05618,S_U0096,S0027,2026-02-20 17:52:58.507541,146
S_STR05619,S_U0051,S0029,2026-02-21 17:44:34.445455,250
S_STR05620,S_U0047,S0027,2026-02-15 14:26:47.013452,70
S_STR05621,S_U0015,S0031,2026-02-01 20:17:25.086926,47
S_STR05622,S_U0003,S0029,2026-02-03 14:56:06.799500,234
S_STR05623,S_U0040,S0018,2026-02-24 02:15:56.271784,65
S_STR05624,S_U0037,S0042,2026-02-11 20:30:38.090974,55
S_STR05625,S_U0005,S0013,2026-02-23 12:50:46.078566,144
S_STR05626,S_U0061,S0043,2026-02-27 21:00:35.820536,190
S_STR05627,S_U0024,S0009,2026-02-23 22:29:48.135760,91
S_STR05628,S_U0013,S0015,2026-02-24 15:05:56.172410,69
S_STR05629,S_U0078,S0045,2026-02-14 13:15:41.463534,74
S_STR05630,S_U0026,S0012,2026-02-27 11:08:00.070941,199
S_STR05631,S_U0005,S0014,2026-02-24 11:21:47.958555,112
S_STR05632,S_U0092,S0038,2026-02-02 07:01:44.126037,89
S_STR05633,S_U0078,S0031,2026-02-09 22:04:37.893867,51
S_STR05634,S_U0048,S0037,2026-02-05 06:22:37.639617,175
S_STR05635,S_U0051,S0031,2026-02-03 06:46:09.250495,54
S_STR05636,S_U0083,S0027,2026-02-20 17:32:30.446638,76
S_STR05637,S_U0065,S0035,2026-02-04 20:40:33.284147,129
S_STR05638,S_U0059,S0037,2026-02-11 18:53:04.857433,5
S_STR05639,S_U0072,S0035,2026-02-09 21:44:19.368256,17
S_STR05640,S_U0002,S0025,2026-02-23 10:05:55.447373,159
S_STR05641,S_U0070,S0039,2026-02-07 03:16:10.642576,111
S_STR05642,S_U0038,S0050,2026-02-04 04:56:50.211258,153
S_STR05643,S_U0054,S0047,2026-02-02 19:26:48.201194,141
S_STR05644,S_U0062,S0006,2026-02-06 02:45:50.150952,58
S_STR05645,S_U0074,S0028,2026-02-11 09:24:25.461979,140
S_STR05646,S_U0021,S0019,2026-02-15 23:06:11.823809,73
S_STR05647,S_U0036,S0048,2026-02-17 17:24:42.574573,73
S_STR05648,S_U0054,S0037,2026-02-09 14:26:06.226966,146
S_STR05649,S_U0040,S0032,2026-02-06 15:20:11.489343,233
S_STR05650,S_U0061,S0028,2026-02-19 21:29:50.191927,186
S_STR05651,S_U0099,S0033,2026-02-17 22:31:16.113879,246
S_STR05652,S_U0056,S0033,2026-02-09 21:38:34.476938,163
S_STR05653,S_U0001,S0019,2026-02-02 01:25:53.416215,114
S_STR05654,S_U0072,S0013,2026-02-01 22:52:39.443842,140
S_STR05655,S_U0004,S0041,2026-02-17 09:00:36.072506,73
S_STR05656,S_U0061,S0031,2026-02-19 08:56:28.200315,36
S_STR05657,S_U0059,S0049,2026-02-02 08:52:39.494978,163
S_STR05658,S_U0085,S0022,2026-02-17 16:46:20.984561,33
S_STR05659,S_U0050,S0012,2026-02-21 19:26:04.153670,265
S_STR05660,S_U0040,S0041,2026-02-06 09:52:30.329211,134
S_STR05661,S_U0055,S0028,2026-02-21 18:43:24.483389,58
S_STR05662,S_U0061,S0036,2026-02-07 09:27:32.875156,90
S_STR05663,S_U0091,S0043,2026-02-19 16:39:48.180051,25
S_STR05664,S_U0028,S0010,2026-02-02 03:47:54.828228,138
S_STR05665,S_U0037,S0044,2026-02-08 22:01:10.567398,112
S_STR05666,S_U0100,S0025,2026-02-12 13:51:51.654498,14
S_STR05667,S_U0033,S0038,2026-02-02 23:01:31.255628,39
S_STR05668,S_U0072,S0015,2026-02-21 14:41:15.481742,215
S_STR05669,S_U0041,S0025,2026-03-01 22:34:14.189009,118
S_STR05670,S_U0029,S0036,2026-02-24 23:23:46.011395,138
S_STR05671,S_U0048,S0047,2026-02-01 08:49:53.394747,148
S_STR05672,S_U0029,S0046,2026-02-14 15:19:11.955374,131
S_STR05673,S_U0085,S0024,2026-02-27 01:51:27.131596,191
S_STR05674,S_U0053,S0043,2026-02-26 17:59:58.315945,103
S_STR05675,S_U0039,S0020,2026-02-21 01:18:36.853631,161
S_STR05676,S_U0095,S0034,2026-02-17 14:35:45.329944,69
S_STR05677,S_U0036,S0033,2026-02-20 12:30:21.669900,238
S_STR05678,S_U0027,S0046,2026-02-04 11:19:55.867727,37
S_STR05679,S_U0007,S0028,2026-02-10 17:43:59.394279,132
S_STR05680,S_U0009,S0020,2026-02-11 01:17:35.774177,128
S_STR05681,S_U0067,S0025,2026-02-14 19:57:50.086172,115
S_STR05682,S_U0087,S0044,2026-02-14 16:23:43.745496,208
S_STR05683,S_U0066,S0040,2026-02-21 00:45:51.530894,41
S_STR05684,S_U0010,S0029,2026-02-21 09:14:19.985256,225
S_STR05685,S_U0014,S0042,2026-02-18 22:55:01.054163,111
S_STR05686,S_U0066,S0046,2026-02-14 10:13:04.977450,5
S_STR05687,S_U0036,S0011,2026-02-04 16:39:07.512609,141
S_STR05688,S_U0009,S0041,2026-02-27 12:17:57.919722,75
S_STR05689,S_U0062,S0018,2026-02-18 22:45:29.887713,104
S_STR05690,S_U0013,S0027,2026-02-25 20:58:45.969028,69
S_STR05691,S_U0010,S0039,2026-02-17 20:37:28.721581,110
S_STR05692,S_U0030,S0013,2026-02-20 14:21:18.128948,263
S_STR05693,S_U0050,S0048,2026-02-12 00:20:11.129702,67
S_STR05694,S_U0012,S0044,2026-02-25 20:46:26.036040,177
S_STR05695,S_U0035,S0025,2026-02-20 00:27:51.739640,56
S_STR05696,S_U0087,S0049,2026-02-15 23:11:11.072108,27
S_STR05697,S_U0051,S0040,2026-02-14 09:38:17.024379,181
S_STR05698,S_U0018,S0049,2026-02-04 22:36:55.022424,49
S_STR05699,S_U0034,S0048,2026-02-05 10:15:24.625065,88
S_STR05700,S_U0094,S0024,2026-02-16 07:33:28.450300,183
S_STR05701,S_U0093,S0046,2026-02-13 23:13:05.823105,124
S_STR05702,S_U0058,S0040,2026-02-14 09:20:02.559038,74
S_STR05703,S_U0004,S0040,2026-02-10 10:48:21.334393,159
S_STR05704,S_U0016,S0040,2026-02-18 10:15:14.401704,50
S_STR05705,S_U0002,S0043,2026-02-28 18:40:46.435173,114
S_STR05706,S_U0009,S0047,2026-02-07 22:22:33.232823,120
S_STR05707,S_U0002,S0031,2026-02-16 20:03:04.648650,89
S_STR05708,S_U0084,S0018,2026-02-01 12:41:49.009355,50
S_STR05709,S_U0009,S0048,2026-02-20 09:57:00.660948,56
S_STR05710,S_U0099,S0043,2026-02-10 04:07:54.254391,188
S_STR05711,S_U0098,S0030,2026-02-20 17:15:43.173676,158
S_STR05712,S_U0028,S0037,2026-02-01 20:41:09.352808,266
S_STR05713,S_U0045,S0012,2026-02-25 01:43:30.112064,11
S_STR05714,S_U0060,S0049,2026-02-24 19:08:12.827637,105
S_STR05715,S_U0099,S0030,2026-02-17 22:46:59.627993,125
S_STR05716,S_U0036,S0041,2026-02-11 17:34:30.616120,42
S_STR05717,S_U0043,S0019,2026-02-05 00:22:28.453759,194
S_STR05718,S_U0015,S0044,2026-02-15 08:19:23.975356,124
S_STR05719,S_U0077,S0048,2026-02-10 07:13:27.627260,67
S_STR05720,S_U0014,S0035,2026-02-16 16:02:31.767945,115
S_STR05721,S_U0001,S0047,2026-03-02 04:35:08.723264,164
S_STR05722,S_U0019,S0037,2026-02-14 10:22:21.096176,115
S_STR05723,S_U0055,S0050,2026-02-05 07:45:25.509035,262
S_STR05724,S_U0077,S0047,2026-02-12 06:31:57.362548,62
S_STR05725,S_U0024,S0022,2026-02-17 14:57:41.265293,314
S_STR05726,S_U0083,S0027,2026-03-01 02:51:09.843375,58
S_STR05727,S_U0013,S0007,2026-02-03 05:20:42.038813,141
S_STR05728,S_U0028,S0026,2026-02-03 08:06:15.755833,179
S_STR05729,S_U0034,S0031,2026-02-26 02:56:46.412771,110
S_STR05730,S_U0026,S0030,2026-02-13 02:55:02.711181,44
S_STR05731,S_U0084,S0044,2026-02-11 06:28:32.253571,202
S_STR05732,S_U0011,S0045,2026-02-25 08:06:12.976137,150
S_STR05733,S_U0017,S0035,2026-02-07 21:27:09.323764,113
S_STR05734,S_U0071,S0030,2026-02-05 03:15:11.869259,109
S_STR05735,S_U0038,S0037,2026-03-02 01:04:20.224520,98
S_STR05736,S_U0028,S0036,2026-02-04 00:02:57.525996,10
S_STR05737,S_U0076,S0037,2026-02-26 04:28:12.905423,66
S_STR05738,S_U0087,S0032,2026-02-03 06:15:20.830315,83
S_STR05739,S_U0011,S0034,2026-02-28 19:37:31.781108,34
S_STR05740,S_U0068,S0020,2026-02-27 11:05:23.971523,95
S_STR05741,S_U0061,S0038,2026-02-02 19:04:08.357646,70
S_STR05742,S_U0045,S0050,2026-02-22 21:08:33.181733,102
S_STR05743,S_U0038,S0048,2026-02-14 18:20:08.983191,125
S_STR05744,S_U0091,S0026,2026-02-02 22:45:28.384785,73
S_STR05745,S_U0092,S0048,2026-02-17 21:38:02.759355,109
S_STR05746,S_U0082,S0029,2026-03-01 10:08:26.088832,217
S_STR05747,S_U0074,S0024,2026-02-18 02:25:50.447524,43
S_STR05748,S_U0052,S0015,2026-02-13 14:31:11.728972,193
S_STR05749,S_U0022,S0031,2026-02-10 19:32:24.967042,36
S_STR05750,S_U0061,S0045,2026-02-21 22:19:44.191681,55
S_STR05751,S_U0012,S0019,2026-02-17 10:46:38.113562,71
S_STR05752,S_U0003,S0042,2026-02-14 21:10:30.962943,157
S_STR05753,S_U0031,S0044,2026-02-07 01:05:12.629017,145
S_STR05754,S_U0053,S0043,2026-02-13 13:28:28.091510,162
S_STR05755,S_U0010,S0045,2026-02-01 02:08:12.841458,69
S_STR05756,S_U0059,S0049,2026-02-23 17:24:14.034567,157
S_STR05757,S_U0039,S0049,2026-02-24 09:47:03.574213,20
S_STR05758,S_U0014,S0026,2026-02-13 08:30:16.387111,30
S_STR05759,S_U0022,S0030,2026-02-25 23:23:13.338247,60
S_STR05760,S_U0044,S0021,2026-02-11 06:40:28.767141,144
S_STR05761,S_U0004,S0040,2026-02-26 01:57:09.344629,58
S_STR05762,S_U0031,S0037,2026-02-26 07:07:24.430116,248
S_STR05763,S_U0020,S0040,2026-02-04 13:26:05.206856,19
S_STR05764,S_U0031,S0040,2026-02-17 20:20:38.830109,172
S_STR05765,S_U0020,S0036,2026-02-19 09:50:36.045289,233
S_STR05766,S_U0066,S0037,2026-02-15 04:53:24.764725,16
S_STR05767,S_U0087,S0010,2026-02-18 20:55:52.946053,12
S_STR05768,S_U0060,S0019,2026-02-12 23:02:25.687235,59
S_STR05769,S_U0003,S0046,2026-02-28 14:58:07.567137,8
S_STR05770,S_U0050,S0040,2026-02-20 19:11:20.276985,207
S_STR05771,S_U0014,S0035,2026-02-24 18:07:38.801434,35
S_STR05772,S_U0036,S0049,2026-02-23 23:09:48.966467,188
S_STR05773,S_U0038,S0048,2026-02-15 15:00:36.064000,80
S_STR05774,S_U0024,S0045,2026-02-03 01:15:16.341742,54
S_STR05775,S_U0068,S0042,2026-02-11 00:21:58.798087,118
S_STR05776,S_U0016,S0041,2026-02-08 21:18:19.394319,96
S_STR05777,S_U0093,S0026,2026-02-16 19:03:09.408917,15
S_STR05778,S_U0084,S0024,2026-02-02 03:29:00.147617,55
S_STR05779,S_U0069,S0034,2026-02-24 07:23:38.627581,107
S_STR05780,S_U0068,S0039,2026-03-01 04:04:46.299226,133
S_STR05781,S_U0089,S0049,2026-02-11 17:24:08.652111,102
S_STR05782,S_U0072,S0050,2026-02-28 01:31:43.542950,102
S_STR05783,S_U0045,S0042,2026-02-08 00:52:45.235108,99
S_STR05784,S_U0085,S0031,2026-02-06 20:27:09.658737,121
S_STR05785,S_U0022,S0014,2026-02-15 05:04:11.942577,59
S_STR05786,S_U0067,S0006,2026-02-08 09:43:00.963364,321
S_STR05787,S_U0030,S0025,2026-02-04 14:36:32.527225,40
S_STR05788,S_U0002,S0044,2026-02-11 01:00:06.912529,42
S_STR05789,S_U0049,S0041,2026-02-22 20:14:07.408736,16
S_STR05790,S_U0075,S0043,2026-02-11 19:41:02.452538,178
S_STR05791,S_U0069,S0044,2026-01-31 20:38:37.991563,105
S_STR05792,S_U0018,S0037,2026-02-22 02:22:00.074347,183
S_STR05793,S_U0017,S0028,2026-02-18 05:10:55.372743,172
S_STR05794,S_U0001,S0028,2026-02-03 09:25:59.820659,82
S_STR05795,S_U0040,S0043,2026-02-13 23:50:00.097493,172
S_STR05796,S_U0072,S0039,2026-02-24 18:41:05.446194,68
S_STR05797,S_U0031,S0030,2026-02-10 20:04:25.323054,170
S_STR05798,S_U0067,S0041,2026-02-22 16:18:42.487952,152
S_STR05799,S_U0070,S0046,2026-02-04 03:01:28.123401,95
S_STR05800,S_U0095,S0029,2026-02-11 22:54:58.821492,122
S_STR05801,S_U0001,S0044,2026-02-13 17:28:16.678014,264
S_STR05802,S_U0037,S0023,2026-02-08 05:02:57.243518,113
S_STR05803,S_U0014,S0048,2026-02-01 06:32:08.425250,111
S_STR05804,S_U0033,S0046,2026-02-07 19:34:49.004935,124
S_STR05805,S_U0049,S0049,2026-02-16 10:45:54.995904,8
S_STR05806,S_U0047,S0028,2026-02-03 00:15:30.896372,131
S_STR05807,S_U0029,S0036,2026-01-31 23:58:48.442339,158
S_STR05808,S_U0073,S0003,2026-02-05 20:56:13.695145,90
S_STR05809,S_U0061,S0033,2026-02-23 12:21:49.924643,90
S_STR05810,S_U0053,S0039,2026-02-15 07:53:48.363624,53
S_STR05811,S_U0026,S0009,2026-02-07 22:58:29.607640,64
S_STR05812,S_U0043,S0032,2026-02-06 15:18:16.423613,290
S_STR05813,S_U0066,S0047,2026-02-17 09:08:51.039325,167
S_STR05814,S_U0036,S0032,2026-02-02 04:25:42.579873,68
S_STR05815,S_U0062,S0015,2026-03-02 10:29:00.054161,111
S_STR05816,S_U0018,S0010,2026-02-12 15:05:29.444020,97
S_STR05817,S_U0093,S0038,2026-02-22 18:43:27.288017,35
S_STR05818,S_U0056,S0046,2026-02-25 10:49:35.532159,68
S_STR05819,S_U0082,S0049,2026-02-21 22:43:03.046097,24
S_STR05820,S_U0029,S0042,2026-02-10 15:42:11.623767,6
S_STR05821,S_U0100,S0046,2026-02-14 14:55:41.587052,38
S_STR05822,S_U0095,S0046,2026-02-12 16:31:17.477326,44
S_STR05823,S_U0089,S0012,2026-02-11 04:11:10.141567,65
S_STR05824,S_U0048,S0018,2026-02-19 06:31:27.370409,5
S_STR05825,S_U0095,S0012,2026-02-12 10:39:24.397052,313
S_STR05826,S_U0096,S0030,2026-02-27 10:22:17.100476,179
S_STR05827,S_U0047,S0037,2026-02-14 02:24:17.585188,225
S_STR05828,S_U0069,S0046,2026-02-12 14:23:09.694969,20
S_STR05829,S_U0093,S0041,2026-02-07 10:52:49.759808,135
S_STR05830,S_U0078,S0047,2026-02-26 20:18:32.194763,23
S_STR05831,S_U0091,S0049,2026-02-08 14:33:37.398769,7
S_STR05832,S_U0078,S0021,2026-03-01 11:30:54.521351,116
S_STR05833,S_U0063,S0032,2026-02-25 15:05:43.665985,163
S_STR05834,S_U0004,S0044,2026-03-01 02:10:23.486377,121
S_STR05835,S_U0079,S0011,2026-02-08 07:26:09.039218,129
S_STR05836,S_U0029,S0048,2026-02-16 20:53:39.763531,109
S_STR05837,S_U0068,S0032,2026-02-05 22:02:03.245402,165
S_STR05838,S_U0060,S0028,2026-02-27 11:42:56.280009,177
S_STR05839,S_U0096,S0039,2026-02-21 12:07:54.703524,142
S_STR05840,S_U0048,S0049,2026-02-09 11:11:03.650089,176
S_STR05841,S_U0054,S0039,2026-02-18 22:07:50.985667,60
S_STR05842,S_U0094,S0019,2026-02-28 02:30:39.354561,75
S_STR05843,S_U0042,S0032,2026-02-26 23:07:36.992408,294
S_STR05844,S_U0012,S0013,2026-02-01 21:10:03.482495,281
S_STR05845,S_U0005,S0044,2026-02-17 10:46:23.415668,37
S_STR05846,S_U0084,S0029,2026-02-22 19:32:14.734415,99
S_STR05847,S_U0025,S0047,2026-02-19 16:18:39.494693,7
S_STR05848,S_U0040,S0043,2026-02-26 14:21:45.024481,78
S_STR05849,S_U0095,S0047,2026-02-04 03:34:22.544146,57
S_STR05850,S_U0002,S0050,2026-02-16 00:09:30.959478,221
S_STR05851,S_U0091,S0049,2026-03-02 09:10:42.805698,27
S_STR05852,S_U0091,S0020,2026-02-07 03:11:15.230377,193
S_STR05853,S_U0021,S0013,2026-02-28 20:20:36.578724,252
S_STR05854,S_U0001,S0038,2026-02-19 04:45:40.688921,103
S_STR05855,S_U0070,S0029,2026-02-06 07:43:22.220619,76
S_STR05856,S_U0018,S0042,2026-02-18 22:57:19.958447,180
S_STR05857,S_U0001,S0009,2026-02-12 08:46:16.756718,127
S_STR05858,S_U0035,S0036,2026-02-06 04:28:49.261035,201
S_STR05859,S_U0009,S0020,2026-02-15 18:01:18.638200,221
S_STR05860,S_U0005,S0031,2026-02-27 16:38:01.650347,58
S_STR05861,S_U0080,S0033,2026-02-17 02:54:54.355353,267
S_STR05862,S_U0031,S0015,2026-02-14 06:12:29.852464,159
S_STR05863,S_U0025,S0039,2026-02-10 20:29:15.499897,42
S_STR05864,S_U0012,S0024,2026-02-09 21:36:59.702358,29
S_STR05865,S_U0002,S0041,2026-02-01 22:37:23.817170,141
S_STR05866,S_U0071,S0039,2026-02-26 07:24:57.376479,104
S_STR05867,S_U0006,S0048,2026-03-01 10:34:46.573637,66
S_STR05868,S_U0045,S0036,2026-02-20 03:41:37.565821,20
S_STR05869,S_U0028,S0008,2026-02-07 03:18:20.599700,269
S_STR05870,S_U0005,S0027,2026-02-16 14:51:02.374227,83
S_STR05871,S_U0033,S0047,2026-02-10 06:12:58.559057,111
S_STR05872,S_U0031,S0011,2026-02-14 20:45:50.114660,100
S_STR05873,S_U0037,S0043,2026-02-03 17:34:37.389490,39
S_STR05874,S_U0004,S0038,2026-02-17 13:11:07.185484,7
S_STR05875,S_U0075,S0034,2026-02-21 02:27:55.834257,80
S_STR05876,S_U0088,S0032,2026-02-07 05:59:44.871657,30
S_STR05877,S_U0050,S0033,2026-02-11 11:45:41.103743,174
S_STR05878,S_U0084,S0024,2026-02-24 13:33:22.669416,60
S_STR05879,S_U0087,S0050,2026-02-21 08:09:53.540533,101
S_STR05880,S_U0066,S0019,2026-02-17 05:20:43.023286,188
S_STR05881,S_U0084,S0045,2026-03-01 08:53:12.452662,34
S_STR05882,S_U0047,S0005,2026-02-25 06:41:37.255880,56
S_STR05883,S_U0064,S0031,2026-02-08 04:12:11.503776,22
S_STR05884,S_U0071,S0042,2026-02-03 09:03:09.204842,11
S_STR05885,S_U0073,S0022,2026-02-23 22:28:14.018042,327
S_STR05886,S_U0070,S0046,2026-02-09 09:11:01.968116,40
S_STR05887,S_U0022,S0043,2026-02-27 01:58:02.889856,79
S_STR05888,S_U0007,S0023,2026-02-08 14:23:42.438971,26
S_STR05889,S_U0096,S0050,2026-02-11 14:34:23.324404,114
S_STR05890,S_U0027,S0049,2026-02-15 19:17:44.633597,53
S_STR05891,S_U0020,S0041,2026-02-22 11:56:30.414853,101
S_STR05892,S_U0016,S0036,2026-02-06 16:34:50.947007,241
S_STR05893,S_U0080,S0050,2026-02-10 14:40:30.463550,21
S_STR05894,S_U0057,S0026,2026-02-28 22:17:21.940135,193
S_STR05895,S_U0047,S0012,2026-02-23 09:35:02.902505,185
S_STR05896,S_U0047,S0029,2026-02-03 03:50:02.643549,144
S_STR05897,S_U0095,S0014,2026-02-03 20:12:05.103935,205
S_STR05898,S_U0100,S0033,2026-02-15 20:25:13.556652,235
S_STR05899,S_U0046,S0034,2026-03-01 02:05:13.875959,16
S_STR05900,S_U0025,S0047,2026-02-19 21:16:43.944152,171
S_STR05901,S_U0054,S0039,2026-02-16 21:29:59.213985,113
S_STR05902,S_U0001,S0036,2026-02-11 14:14:00.902298,59
S_STR05903,S_U0001,S0019,2026-02-14 10:04:38.744450,170
S_STR05904,S_U0037,S0019,2026-02-21 13:43:39.642081,189
S_STR05905,S_U0020,S0041,2026-02-10 00:39:14.508968,143
S_STR05906,S_U0070,S0030,2026-02-04 10:10:13.618942,275
S_STR05907,S_U0023,S0027,2026-02-24 14:38:57.864719,114
S_STR05908,S_U0071,S0028,2026-02-25 01:17:21.975804,132
S_STR05909,S_U0048,S0033,2026-02-10 17:27:47.960541,75
S_STR05910,S_U0003,S0025,2026-02-18 11:50:05.626742,33
S_STR05911,S_U0033,S0036,2026-02-21 03:06:17.948383,219
S_STR05912,S_U0074,S0026,2026-03-01 11:50:56.084927,190
S_STR05913,S_U0055,S0020,2026-02-27 03:37:32.166445,215
S_STR05914,S_U0022,S0047,2026-03-01 05:43:12.057244,51
S_STR05915,S_U0005,S0020,2026-02-04 16:17:09.261537,92
S_STR05916,S_U0044,S0027,2026-02-10 05:28:06.299673,55
S_STR05917,S_U0023,S0022,2026-02-14 00:43:02.979363,231
S_STR05918,S_U0091,S0048,2026-02-20 14:16:44.588732,105
S_STR05919,S_U0078,S0028,2026-02-26 17:04:05.482975,163
S_STR05920,S_U0073,S0047,2026-02-05 17:21:13.568760,88
S_STR05921,S_U0035,S0045,2026-02-05 10:25:02.878306,226
S_STR05922,S_U0074,S0048,2026-02-23 19:31:26.075744,20
S_STR05923,S_U0046,S0039,2026-02-14 19:28:49.195854,22
S_STR05924,S_U0056,S0041,2026-02-02 06:23:48.065009,150
S_STR05925,S_U0075,S0043,2026-02-28 22:44:37.592535,16
S_STR05926,S_U0077,S0047,2026-02-27 18:16:30.517649,38
S_STR05927,S_U0066,S0028,2026-02-18 22:33:16.546278,85
S_STR05928,S_U0075,S0047,2026-02-14 22:17:30.237129,28
S_STR05929,S_U0007,S0031,2026-02-13 10:35:23.090677,76
S_STR05930,S_U0073,S0047,2026-02-03 14:38:41.252591,38
S_STR05931,S_U0008,S0038,2026-02-18 21:37:55.496508,22
S_STR05932,S_U0002,S0022,2026-02-21 14:24:04.791105,344
S_STR05933,S_U0034,S0044,2026-02-07 15:37:59.139441,97
S_STR05934,S_U0097,S0036,2026-02-28 00:19:47.703464,173
S_STR05935,S_U0064,S0032,2026-02-18 11:01:10.725248,276
S_STR05936,S_U0033,S0048,2026-02-20 07:01:28.595575,99
S_STR05937,S_U0077,S0043,2026-02-27 10:11:09.954796,177
S_STR05938,S_U0015,S0039,2026-02-18 10:39:54.592183,155
S_STR05939,S_U0074,S0031,2026-02-22 14:06:02.652333,135
S_STR05940,S_U0094,S0022,2026-02-10 10:07:23.538540,332
S_STR05941,S_U0096,S0041,2026-02-17 02:25:20.800591,83
S_STR05942,S_U0003,S0030,2026-02-01 15:41:25.373388,172
S_STR05943,S_U0087,S0016,2026-02-20 05:29:40.191862,37
S_STR05944,S_U0045,S0043,2026-02-16 00:48:37.788556,53
S_STR05945,S_U0085,S0032,2026-02-20 01:57:04.795713,208
S_STR05946,S_U0097,S0039,2026-02-25 10:10:20.540321,114
S_STR05947,S_U0025,S0028,2026-02-13 15:32:09.210802,124
S_STR05948,S_U0061,S0049,2026-02-08 01:57:07.576393,93
S_STR05949,S_U0012,S0034,2026-02-07 21:48:44.283336,95
S_STR05950,S_U0016,S0036,2026-02-17 16:24:21.693484,220
S_STR05951,S_U0009,S0019,2026-02-21 16:42:16.240095,239
S_STR05952,S_U0070,S0047,2026-02-23 01:55:07.156423,122
S_STR05953,S_U0085,S0034,2026-02-24 14:02:40.907758,23
S_STR05954,S_U0059,S0036,2026-02-15 14:10:12.017734,138
S_STR05955,S_U0007,S0047,2026-02-23 06:07:24.357799,55
S_STR05956,S_U0021,S0049,2026-02-02 15:04:41.836097,145
S_STR05957,S_U0001,S0049,2026-02-06 22:02:07.304878,196
S_STR05958,S_U0029,S0040,2026-02-14 07:30:49.008641,25
S_STR05959,S_U0100,S0040,2026-02-27 23:07:36.045993,11
S_STR05960,S_U0056,S0018,2026-02-20 16:53:03.877190,165
S_STR05961,S_U0046,S0043,2026-02-24 03:30:41.778731,171
S_STR05962,S_U0063,S0050,2026-02-09 13:18:43.521198,218
S_STR05963,S_U0055,S0018,2026-02-17 05:52:12.417226,36
S_STR05964,S_U0086,S0045,2026-02-01 07:45:23.392978,126
S_STR05965,S_U0024,S0047,2026-02-03 02:55:26.882709,140
S_STR05966,S_U0063,S0037,2026-02-20 18:31:51.981974,216
S_STR05967,S_U0050,S0049,2026-02-14 06:37:31.210345,17
S_STR05968,S_U0053,S0050,2026-01-31 18:53:54.234552,187
S_STR05969,S_U0034,S0036,2026-02-03 13:00:26.065100,79
S_STR05970,S_U0088,S0023,2026-02-12 15:28:34.641878,53
S_STR05971,S_U0100,S0049,2026-02-04 07:01:15.209205,57
S_STR05972,S_U0066,S0025,2026-02-18 14:31:11.094492,65
S_STR05973,S_U0014,S0045,2026-02-19 23:44:48.300094,187
S_STR05974,S_U0018,S0028,2026-02-16 05:51:01.186389,63
S_STR05975,S_U0100,S0038,2026-02-08 04:52:17.097800,132
S_STR05976,S_U0004,S0029,2026-02-11 14:36:26.392304,151
S_STR05977,S_U0067,S0032,2026-02-07 02:14:48.209682,174
S_STR05978,S_U0095,S0041,2026-02-02 05:30:14.821553,7
S_STR05979,S_U0082,S0046,2026-02-01 12:11:34.614940,115
S_STR05980,S_U0004,S0026,2026-02-15 04:26:59.243719,20
S_STR05981,S_U0067,S0021,2026-02-26 06:42:55.840506,23
S_STR05982,S_U0094,S0007,2026-02-13 16:34:34.235930,70
S_STR05983,S_U0065,S0031,2026-02-09 13:16:26.808362,129
S_STR05984,S_U0097,S0025,2026-02-26 13:45:41.205171,145
S_STR05985,S_U0014,S0008,2026-02-01 20:26:58.921433,268
S_STR05986,S_U0066,S0043,2026-02-16 12:46:49.189571,198
S_STR05987,S_U0089,S0047,2026-01-31 21:23:46.929940,119
S_STR05988,S_U0055,S0019,2026-02-09 21:51:42.118417,11
S_STR05989,S_U0057,S0038,2026-02-27 04:31:12.630036,134
S_STR05990,S_U0061,S0046,2026-02-03 22:15:21.548657,22
S_STR05991,S_U0051,S0016,2026-02-03 04:48:15.009274,156
S_STR05992,S_U0032,S0032,2026-02-24 03:23:31.558446,99
S_STR05993,S_U0045,S0022,2026-02-24 11:49:20.144595,173
S_STR05994,S_U0081,S0042,2026-02-13 11:29:17.750455,12
S_STR05995,S_U0086,S0041,2026-02-05 07:47:14.580466,27
S_STR05996,S_U0012,S0039,2026-02-09 15:36:17.796189,137
S_STR05997,S_U0002,S0037,2026-02-12 08:21:25.482179,54
S_STR05998,S_U0090,S0045,2026-02-22 06:24:10.276340,142
S_STR05999,S_U0073,S0027,2026-03-02 10:53:59.005780,50
S_STR06000,S_U0004,S0038,2026-01-31 16:43:58.264189,38
S_STR06001,S_U0009,S0043,2026-02-19 06:10:41.735636,188
S_STR06002,S_U0083,S0041,2026-02-09 05:40:00.507610,129
S_STR06003,S_U0067,S0049,2026-02-19 03:45:29.995628,142
S_STR06004,S_U0050,S0029,2026-02-04 22:24:09.082992,164
S_STR06005,S_U0062,S0038,2026-02-12 20:51:35.900844,102
S_STR06006,S_U0015,S0015,2026-02-25 15:46:39.829904,236
S_STR06007,S_U0066,S0048,2026-03-01 07:30:03.867476,95
S_STR06008,S_U0074,S0020,2026-03-01 11:31:08.452334,18
S_STR06009,S_U0031,S0023,2026-02-19 03:16:57.147798,125
S_STR06010,S_U0077,S0047,2026-02-18 16:32:05.506068,101
S_STR06011,S_U0040,S0025,2026-02-19 05:26:55.257931,97
S_STR06012,S_U0048,S0036,2026-02-14 03:52:09.731732,124
S_STR06013,S_U0005,S0008,2026-02-03 04:20:54.725301,121
S_STR06014,S_U0040,S0033,2026-02-12 05:46:49.727450,228
S_STR06015,S_U0043,S0007,2026-02-19 04:55:34.598601,244
S_STR06016,S_U0027,S0039,2026-02-01 18:10:25.974116,190
S_STR06017,S_U0028,S0029,2026-02-12 01:22:03.860056,10
S_STR06018,S_U0012,S0038,2026-02-16 01:12:10.035088,45
S_STR06019,S_U0031,S0042,2026-02-24 16:14:28.476154,106
S_STR06020,S_U0092,S0029,2026-02-11 23:15:42.777493,147
S_STR06021,S_U0001,S0017,2026-03-01 12:02:56.445069,110
S_STR06022,S_U0010,S0036,2026-02-21 09:49:44.680462,77
S_STR06023,S_U0058,S0029,2026-02-15 05:26:03.258309,242
S_STR06024,S_U0020,S0042,2026-02-24 06:09:35.355000,22
S_STR06025,S_U0031,S0038,2026-02-11 17:27:55.350516,86
S_STR06026,S_U0095,S0024,2026-02-14 21:21:59.495674,221
S_STR06027,S_U0067,S0028,2026-02-10 22:06:23.231720,36
S_STR06028,S_U0098,S0046,2026-02-01 10:09:56.635178,51
S_STR06029,S_U0039,S0011,2026-02-09 00:12:26.231616,137
S_STR06030,S_U0022,S0047,2026-02-10 08:28:06.302816,35
S_STR06031,S_U0023,S0048,2026-02-10 17:25:29.736348,94
S_STR06032,S_U0092,S0041,2026-02-25 12:20:55.862667,145
S_STR06033,S_U0048,S0044,2026-02-09 12:15:19.094769,199
S_STR06034,S_U0001,S0050,2026-02-05 01:10:20.027527,234
S_STR06035,S_U0061,S0031,2026-02-08 15:46:17.830225,71
S_STR06036,S_U0051,S0031,2026-02-03 16:04:22.534058,139
S_STR06037,S_U0095,S0028,2026-02-23 05:08:10.824766,11
S_STR06038,S_U0046,S0022,2026-02-09 21:06:01.233340,67
S_STR06039,S_U0060,S0042,2026-02-17 22:47:24.037883,155
S_STR06040,S_U0015,S0030,2026-02-16 01:20:27.034706,220
S_STR06041,S_U0056,S0048,2026-02-02 02:12:54.031556,115
S_STR06042,S_U0029,S0024,2026-02-23 14:31:01.993606,226
S_STR06043,S_U0051,S0047,2026-02-24 07:58:31.247722,65
S_STR06044,S_U0037,S0020,2026-02-21 03:41:53.863842,87
S_STR06045,S_U0051,S0042,2026-02-06 14:02:19.506072,106
S_STR06046,S_U0100,S0034,2026-02-07 18:59:23.685258,62
S_STR06047,S_U0057,S0031,2026-02-05 03:20:42.153997,6
S_STR06048,S_U0085,S0044,2026-02-17 19:59:47.781254,195
S_STR06049,S_U0051,S0029,2026-02-22 07:50:39.953783,194
S_STR06050,S_U0017,S0010,2026-02-07 04:07:12.721588,99
S_STR06051,S_U0091,S0040,2026-02-24 14:01:33.028170,158
S_STR06052,S_U0019,S0028,2026-02-15 16:14:59.824311,187
S_STR06053,S_U0029,S0030,2026-02-20 23:21:38.305634,210
S_STR06054,S_U0025,S0016,2026-02-27 23:21:51.249657,11
S_STR06055,S_U0092,S0039,2026-02-12 18:40:22.033350,80
S_STR06056,S_U0048,S0042,2026-02-06 12:02:06.685131,69
S_STR06057,S_U0098,S0037,2026-02-26 02:24:42.492840,94
S_STR06058,S_U0004,S0040,2026-02-02 07:34:01.592773,80
S_STR06059,S_U0021,S0041,2026-02-24 18:45:24.727475,124
S_STR06060,S_U0089,S0027,2026-02-24 09:40:52.839471,114
S_STR06061,S_U0003,S0038,2026-02-27 12:54:00.233618,97
S_STR06062,S_U0050,S0036,2026-02-10 20:29:55.166464,213
S_STR06063,S_U0083,S0026,2026-02-17 06:32:09.451375,84
S_STR06064,S_U0004,S0044,2026-02-28 04:19:26.874352,21
S_STR06065,S_U0025,S0022,2026-02-25 18:55:16.468879,205
S_STR06066,S_U0040,S0039,2026-02-22 17:53:56.411716,93
S_STR06067,S_U0098,S0048,2026-02-08 17:58:39.537404,99
S_STR06068,S_U0024,S0039,2026-02-17 17:58:42.289960,192
S_STR06069,S_U0047,S0031,2026-02-23 20:22:02.707031,40
S_STR06070,S_U0048,S0021,2026-02-23 17:15:37.967581,209
S_STR06071,S_U0067,S0049,2026-02-12 11:49:24.620889,212
S_STR06072,S_U0023,S0019,2026-02-26 00:58:32.291677,227
S_STR06073,S_U0080,S0042,2026-02-02 08:02:40.638797,131
S_STR06074,S_U0086,S0049,2026-02-07 09:55:07.670238,150
S_STR06075,S_U0093,S0045,2026-02-11 03:21:32.448996,162
S_STR06076,S_U0090,S0025,2026-02-04 11:50:25.980996,130
S_STR06077,S_U0084,S0048,2026-02-07 21:02:51.651394,72
S_STR06078,S_U0046,S0044,2026-03-02 06:01:51.495079,146
S_STR06079,S_U0031,S0037,2026-02-20 11:42:20.731619,54
S_STR06080,S_U0030,S0047,2026-02-03 09:49:59.347075,78
S_STR06081,S_U0059,S0012,2026-01-31 12:30:41.484093,301
S_STR06082,S_U0087,S0047,2026-02-18 00:37:39.100978,84
S_STR06083,S_U0038,S0012,2026-02-04 05:13:00.305691,261
S_STR06084,S_U0064,S0047,2026-02-07 03:41:02.354972,111
S_STR06085,S_U0095,S0026,2026-02-18 15:19:57.901091,134
S_STR06086,S_U0057,S0037,2026-02-14 02:07:33.608101,66
S_STR06087,S_U0012,S0022,2026-02-06 06:25:25.366105,193
S_STR06088,S_U0049,S0040,2026-02-21 19:48:40.740265,118
S_STR06089,S_U0013,S0040,2026-03-02 11:04:05.293826,87
S_STR06090,S_U0075,S0048,2026-02-27 01:18:47.656818,99
S_STR06091,S_U0048,S0027,2026-02-11 20:56:54.576469,148
S_STR06092,S_U0051,S0045,2026-02-05 18:48:40.838545,203
S_STR06093,S_U0019,S0042,2026-02-25 16:33:20.501873,51
S_STR06094,S_U0074,S0042,2026-02-05 05:09:04.578608,116
S_STR06095,S_U0063,S0047,2026-02-17 09:39:41.981749,98
S_STR06096,S_U0027,S0050,2026-02-07 20:00:23.571098,127
S_STR06097,S_U0018,S0007,2026-02-05 23:34:54.936132,126
S_STR06098,S_U0073,S0045,2026-03-01 17:30:33.919462,230
S_STR06099,S_U0022,S0038,2026-02-19 04:56:55.102342,82
S_STR06100,S_U0071,S0025,2026-02-12 09:09:17.872136,103
S_STR06101,S_U0094,S0038,2026-02-08 14:32:18.013365,32
S_STR06102,S_U0035,S0047,2026-02-28 10:06:30.156582,48
S_STR06103,S_U0035,S0029,2026-02-25 12:14:51.549261,164
S_STR06104,S_U0034,S0020,2026-02-16 03:21:18.043622,111
S_STR06105,S_U0098,S0042,2026-02-01 19:16:19.049325,82
S_STR06106,S_U0020,S0010,2026-02-26 17:46:24.818116,149
S_STR06107,S_U0054,S0014,2026-02-01 05:14:50.337590,99
S_STR06108,S_U0021,S0033,2026-02-24 23:12:43.237680,69
S_STR06109,S_U0007,S0049,2026-02-10 07:18:42.751280,201
S_STR06110,S_U0057,S0020,2026-02-12 21:02:36.874285,248
S_STR06111,S_U0083,S0040,2026-02-18 20:53:20.262537,164
S_STR06112,S_U0002,S0023,2026-02-23 02:03:54.930260,54
S_STR06113,S_U0008,S0038,2026-02-18 18:01:41.200727,138
S_STR06114,S_U0080,S0021,2026-02-04 03:14:35.562922,95
S_STR06115,S_U0087,S0029,2026-02-20 10:11:33.837771,9
S_STR06116,S_U0032,S0044,2026-02-11 13:27:45.522328,5
S_STR06117,S_U0060,S0028,2026-02-19 23:37:43.914101,56
S_STR06118,S_U0020,S0035,2026-02-13 10:15:26.612706,33
S_STR06119,S_U0018,S0040,2026-02-27 03:45:53.025064,112
S_STR06120,S_U0065,S0042,2026-02-18 05:51:25.527243,61
S_STR06121,S_U0011,S0037,2026-02-13 06:38:24.206660,11
S_STR06122,S_U0072,S0033,2026-03-01 03:32:20.351760,74
S_STR06123,S_U0063,S0045,2026-02-22 14:27:14.942096,207
S_STR06124,S_U0064,S0048,2026-02-23 03:28:20.517030,20
S_STR06125,S_U0096,S0013,2026-02-27 16:52:45.498611,18
S_STR06126,S_U0007,S0047,2026-02-21 20:24:05.336717,177
S_STR06127,S_U0087,S0049,2026-02-13 05:41:37.593457,65
S_STR06128,S_U0036,S0041,2026-01-31 16:14:45.613211,137
S_STR06129,S_U0093,S0030,2026-02-14 21:09:31.820862,260
S_STR06130,S_U0025,S0036,2026-02-22 22:19:20.707196,121
S_STR06131,S_U0018,S0028,2026-02-17 21:01:00.259241,6
S_STR06132,S_U0091,S0047,2026-02-04 06:49:35.962347,70
S_STR06133,S_U0003,S0029,2026-02-23 18:11:02.997056,257
S_STR06134,S_U0033,S0022,2026-02-02 02:09:58.440134,74
S_STR06135,S_U0062,S0034,2026-02-18 14:23:39.062881,63
S_STR06136,S_U0095,S0038,2026-01-31 23:44:33.940550,67
S_STR06137,S_U0018,S0029,2026-02-18 21:33:55.045826,157
S_STR06138,S_U0029,S0050,2026-02-28 12:02:31.853844,65
S_STR06139,S_U0077,S0049,2026-02-06 12:22:29.266743,121
S_STR06140,S_U0001,S0017,2026-02-16 02:58:31.409111,199
S_STR06141,S_U0061,S0048,2026-02-11 19:26:19.634093,59
S_STR06142,S_U0046,S0044,2026-02-15 02:20:44.078946,246
S_STR06143,S_U0051,S0045,2026-02-06 12:02:29.801203,72
S_STR06144,S_U0028,S0047,2026-02-27 09:27:00.450598,54
S_STR06145,S_U0010,S0029,2026-02-13 22:24:45.468173,194
S_STR06146,S_U0082,S0049,2026-02-17 12:37:01.504725,222
S_STR06147,S_U0042,S0014,2026-02-21 10:39:42.317978,199
S_STR06148,S_U0036,S0041,2026-02-05 08:07:29.691077,63
S_STR06149,S_U0091,S0047,2026-02-28 10:58:36.117485,93
S_STR06150,S_U0087,S0049,2026-02-04 08:27:39.148473,19
S_STR06151,S_U0001,S0017,2026-02-11 20:14:49.040617,169
S_STR06152,S_U0034,S0041,2026-02-12 10:52:57.166789,106
S_STR06153,S_U0078,S0035,2026-02-01 07:40:43.764580,113
S_STR06154,S_U0034,S0015,2026-02-19 12:53:00.479299,238
S_STR06155,S_U0100,S0027,2026-02-21 21:50:59.950650,37
S_STR06156,S_U0068,S0050,2026-01-31 23:11:45.390201,260
S_STR06157,S_U0018,S0047,2026-02-15 02:42:57.017277,101
S_STR06158,S_U0053,S0043,2026-02-19 22:29:08.498484,16
S_STR06159,S_U0071,S0025,2026-02-22 08:51:34.530535,31
S_STR06160,S_U0018,S0006,2026-02-12 09:32:12.305274,311
S_STR06161,S_U0045,S0038,2026-01-31 22:52:55.217105,16
S_STR06162,S_U0074,S0021,2026-02-22 16:23:10.200703,105
S_STR06163,S_U0025,S0047,2026-02-28 17:45:47.848542,149
S_STR06164,S_U0009,S0007,2026-02-20 22:17:34.707349,14
S_STR06165,S_U0009,S0011,2026-02-17 06:56:05.801425,23
S_STR06166,S_U0056,S0010,2026-02-24 07:25:51.638682,28
S_STR06167,S_U0028,S0039,2026-02-09 17:52:10.662289,51
S_STR06168,S_U0084,S0017,2026-02-10 16:06:55.599304,125
S_STR06169,S_U0088,S0050,2026-02-28 03:45:30.065725,61
S_STR06170,S_U0060,S0007,2026-02-23 14:50:25.076062,6
S_STR06171,S_U0023,S0049,2026-02-28 08:10:41.627780,10
S_STR06172,S_U0012,S0033,2026-02-10 19:36:24.299769,106
S_STR06173,S_U0044,S0048,2026-02-22 06:46:15.074291,74
S_STR06174,S_U0026,S0038,2026-02-15 07:05:26.703532,118
S_STR06175,S_U0033,S0046,2026-02-18 08:29:18.446355,114
S_STR06176,S_U0074,S0037,2026-02-14 15:52:51.767652,255
S_STR06177,S_U0055,S0028,2026-02-20 21:35:12.229385,165
S_STR06178,S_U0070,S0047,2026-02-05 17:49:04.860498,146
S_STR06179,S_U0053,S0043,2026-02-05 19:58:23.262759,38
S_STR06180,S_U0013,S0024,2026-03-01 13:21:38.066903,102
S_STR06181,S_U0073,S0034,2026-02-18 18:00:46.673425,75
S_STR06182,S_U0086,S0049,2026-02-07 00:55:32.217839,5
S_STR06183,S_U0049,S0050,2026-02-15 01:19:33.017843,76
S_STR06184,S_U0064,S0046,2026-02-15 07:10:44.995301,120
S_STR06185,S_U0098,S0034,2026-02-28 18:43:28.310870,82
S_STR06186,S_U0005,S0010,2026-02-23 18:49:22.929585,55
S_STR06187,S_U0083,S0016,2026-02-28 07:05:10.387435,165
S_STR06188,S_U0029,S0047,2026-02-11 08:01:34.984398,37
S_STR06189,S_U0080,S0018,2026-02-06 08:58:35.711427,61
S_STR06190,S_U0002,S0047,2026-02-08 04:53:44.909942,30
S_STR06191,S_U0081,S0048,2026-02-23 23:56:45.642189,97
S_STR06192,S_U0011,S0050,2026-02-27 22:09:24.658876,95
S_STR06193,S_U0025,S0049,2026-02-01 08:06:52.021870,61
S_STR06194,S_U0033,S0046,2026-02-25 01:19:31.272694,67
S_STR06195,S_U0071,S0045,2026-02-25 12:06:14.965612,164
S_STR06196,S_U0023,S0028,2026-02-23 23:11:08.934304,124
S_STR06197,S_U0013,S0033,2026-02-26 10:16:56.082663,123
S_STR06198,S_U0011,S0012,2026-02-01 04:49:09.213622,111
S_STR06199,S_U0072,S0011,2026-02-05 07:31:02.567223,31
S_STR06200,S_U0092,S0043,2026-02-16 13:09:16.665383,109
S_STR06201,S_U0020,S0022,2026-02-24 05:02:57.313418,213
S_STR06202,S_U0008,S0011,2026-02-28 16:18:01.175117,168
S_STR06203,S_U0093,S0041,2026-02-07 07:03:15.541884,19
S_STR06204,S_U0063,S0050,2026-02-21 03:50:10.876428,284
S_STR06205,S_U0010,S0028,2026-02-16 13:10:01.650683,33
S_STR06206,S_U0003,S0049,2026-02-06 23:26:11.556179,6
S_STR06207,S_U0018,S0049,2026-02-12 20:58:00.739841,115
S_STR06208,S_U0055,S0006,2026-02-19 12:51:58.953686,278
S_STR06209,S_U0043,S0012,2026-02-20 16:24:40.352973,267
S_STR06210,S_U0058,S0027,2026-02-14 03:14:36.859187,120
S_STR06211,S_U0092,S0010,2026-02-16 13:52:00.815870,39
S_STR06212,S_U0066,S0046,2026-02-24 04:03:44.280591,31
S_STR06213,S_U0071,S0024,2026-02-22 13:49:41.912797,85
S_STR06214,S_U0069,S0017,2026-02-13 00:08:54.440983,56
S_STR06215,S_U0052,S0033,2026-02-28 06:10:13.223600,259
S_STR06216,S_U0028,S0049,2026-02-18 10:52:19.820589,134
S_STR06217,S_U0027,S0035,2026-02-16 12:27:09.531382,13
S_STR06218,S_U0019,S0042,2026-02-23 19:31:12.599072,120
S_STR06219,S_U0099,S0023,2026-02-01 10:46:31.381097,117
S_STR06220,S_U0079,S0016,2026-02-20 15:00:43.603707,107
S_STR06221,S_U0060,S0050,2026-02-02 23:04:22.163969,150
S_STR06222,S_U0099,S0007,2026-02-19 18:26:46.937049,165
S_STR06223,S_U0068,S0031,2026-02-06 20:52:52.023368,131
S_STR06224,S_U0021,S0040,2026-02-28 11:33:36.102776,134
S_STR06225,S_U0048,S0048,2026-02-13 12:14:47.026575,17
S_STR06226,S_U0047,S0041,2026-02-09 19:08:48.603984,84
S_STR06227,S_U0083,S0050,2026-01-31 14:08:23.070833,294
S_STR06228,S_U0089,S0044,2026-02-23 20:50:05.974263,306
S_STR06229,S_U0093,S0025,2026-02-16 17:38:33.389681,156
S_STR06230,S_U0032,S0018,2026-02-06 21:12:57.586388,23
S_STR06231,S_U0098,S0045,2026-02-14 03:10:49.978545,214
S_STR06232,S_U0019,S0039,2026-02-01 09:58:13.817874,33
S_STR06233,S_U0066,S0044,2026-02-20 06:39:41.115703,77
S_STR06234,S_U0074,S0037,2026-02-24 22:38:56.894067,95
S_STR06235,S_U0061,S0039,2026-03-01 15:52:10.719429,52
S_STR06236,S_U0028,S0046,2026-02-20 08:04:39.582480,33
S_STR06237,S_U0052,S0036,2026-02-11 06:27:51.452881,130
S_STR06238,S_U0064,S0026,2026-01-31 19:02:49.984838,28
S_STR06239,S_U0025,S0035,2026-02-09 09:10:18.292215,89
S_STR06240,S_U0092,S0048,2026-02-22 15:29:20.118645,23
S_STR06241,S_U0086,S0050,2026-02-25 03:04:52.548711,155
S_STR06242,S_U0015,S0023,2026-02-24 19:45:51.887733,57
S_STR06243,S_U0028,S0013,2026-02-16 06:58:59.106001,192
S_STR06244,S_U0092,S0046,2026-02-21 00:27:29.364741,122
S_STR06245,S_U0024,S0041,2026-02-04 08:57:05.490978,131
S_STR06246,S_U0076,S0048,2026-02-01 09:53:16.427940,7
S_STR06247,S_U0049,S0035,2026-02-28 16:13:36.640314,107
S_STR06248,S_U0088,S0038,2026-02-17 05:19:43.423938,115
S_STR06249,S_U0085,S0014,2026-02-23 14:29:37.657536,168
S_STR06250,S_U0031,S0023,2026-02-07 06:23:43.701505,55
S_STR06251,S_U0061,S0027,2026-02-28 06:06:11.478993,72
S_STR06252,S_U0009,S0021,2026-02-08 06:15:43.955610,102
S_STR06253,S_U0008,S0029,2026-02-28 01:16:12.521169,176
S_STR06254,S_U0014,S0038,2026-02-01 04:12:58.423229,138
S_STR06255,S_U0019,S0031,2026-02-07 06:09:52.026592,135
S_STR06256,S_U0044,S0034,2026-02-08 16:31:53.041451,98
S_STR06257,S_U0058,S0041,2026-02-18 12:56:46.791930,60
S_STR06258,S_U0013,S0038,2026-02-11 04:25:14.367088,69
S_STR06259,S_U0037,S0009,2026-02-18 01:31:04.280890,211
S_STR06260,S_U0056,S0023,2026-02-09 21:07:12.505780,127
S_STR06261,S_U0069,S0050,2026-02-08 13:02:07.143062,252
S_STR06262,S_U0042,S0017,2026-02-08 04:15:14.901500,158
S_STR06263,S_U0018,S0015,2026-02-06 05:14:09.973300,100
S_STR06264,S_U0067,S0020,2026-02-20 14:57:37.961345,88
S_STR06265,S_U0098,S0043,2026-02-05 18:04:33.740715,103
S_STR06266,S_U0077,S0033,2026-02-18 18:20:57.917746,101
S_STR06267,S_U0080,S0021,2026-02-06 04:20:48.439970,16
S_STR06268,S_U0047,S0050,2026-02-16 19:27:01.706549,240
S_STR06269,S_U0084,S0049,2026-02-23 10:58:33.392007,201
S_STR06270,S_U0066,S0034,2026-03-01 10:50:57.027617,81
S_STR06271,S_U0050,S0022,2026-02-19 13:28:25.950150,292
S_STR06272,S_U0084,S0046,2026-03-01 07:32:46.377806,100
S_STR06273,S_U0093,S0007,2026-02-18 05:41:27.707223,89
S_STR06274,S_U0025,S0043,2026-02-10 21:36:46.553534,199
S_STR06275,S_U0082,S0033,2026-02-17 00:43:53.361816,133
S_STR06276,S_U0008,S0041,2026-02-15 10:16:41.321519,53
S_STR06277,S_U0046,S0048,2026-02-02 08:09:55.235261,26
S_STR06278,S_U0040,S0029,2026-02-27 15:00:52.053964,21
S_STR06279,S_U0011,S0039,2026-02-17 16:57:49.043931,69
S_STR06280,S_U0016,S0045,2026-02-01 14:15:10.221816,204
S_STR06281,S_U0080,S0035,2026-02-20 18:03:25.938823,92
S_STR06282,S_U0016,S0018,2026-02-25 22:13:31.382376,163
S_STR06283,S_U0094,S0041,2026-02-09 13:28:01.953294,95
S_STR06284,S_U0096,S0040,2026-02-14 08:52:22.114208,46
S_STR06285,S_U0013,S0007,2026-02-02 03:17:03.391902,136
S_STR06286,S_U0089,S0045,2026-02-28 04:06:40.798716,48
S_STR06287,S_U0047,S0026,2026-02-01 19:04:31.788340,147
S_STR06288,S_U0066,S0042,2026-02-01 05:00:58.034149,114
S_STR06289,S_U0014,S0034,2026-02-05 11:53:15.704557,53
S_STR06290,S_U0054,S0027,2026-02-22 17:22:29.220472,15
S_STR06291,S_U0087,S0026,2026-02-21 09:36:10.150241,168
S_STR06292,S_U0026,S0042,2026-02-17 06:56:40.002330,113
S_STR06293,S_U0002,S0020,2026-02-03 03:39:58.043164,214
S_STR06294,S_U0095,S0041,2026-02-12 19:12:57.036075,148
S_STR06295,S_U0041,S0029,2026-02-09 18:04:03.315468,115
S_STR06296,S_U0005,S0035,2026-02-28 18:04:35.384504,97
S_STR06297,S_U0096,S0048,2026-02-13 23:12:54.199016,82
S_STR06298,S_U0006,S0045,2026-02-12 04:56:40.948984,100
S_STR06299,S_U0029,S0032,2026-02-04 13:25:19.363992,163
S_STR06300,S_U0100,S0030,2026-01-31 20:11:52.073168,252
S_STR06301,S_U0053,S0043,2026-02-20 03:29:06.776562,24
S_STR06302,S_U0089,S0048,2026-02-03 21:17:07.347314,95
S_STR06303,S_U0099,S0031,2026-02-07 04:39:00.597600,155
S_STR06304,S_U0080,S0027,2026-02-21 16:37:43.880298,122
S_STR06305,S_U0091,S0036,2026-02-13 12:03:53.140905,77
S_STR06306,S_U0100,S0032,2026-02-03 08:18:19.245980,125
S_STR06307,S_U0004,S0033,2026-02-13 20:33:16.057049,80
S_STR06308,S_U0072,S0030,2026-02-23 20:20:04.965585,135
S_STR06309,S_U0028,S0008,2026-02-05 19:48:05.002530,202
S_STR06310,S_U0074,S0040,2026-02-24 02:44:01.616951,63
S_STR06311,S_U0072,S0026,2026-02-27 13:45:11.944854,89
S_STR06312,S_U0063,S0035,2026-02-23 10:26:34.136902,60
S_STR06313,S_U0088,S0022,2026-01-31 16:23:10.633373,135
S_STR06314,S_U0049,S0025,2026-02-03 03:30:43.441790,106
S_STR06315,S_U0092,S0025,2026-02-03 06:33:50.218152,120
S_STR06316,S_U0083,S0029,2026-02-21 21:40:46.759125,171
S_STR06317,S_U0002,S0020,2026-02-19 09:02:05.072503,246
S_STR06318,S_U0068,S0009,2026-02-28 14:38:12.266284,15
S_STR06319,S_U0082,S0047,2026-02-21 09:20:36.216250,88
S_STR06320,S_U0082,S0016,2026-02-26 23:57:22.985111,93
S_STR06321,S_U0052,S0048,2026-02-17 09:55:43.603738,119
S_STR06322,S_U0079,S0044,2026-02-06 23:09:59.236098,175
S_STR06323,S_U0048,S0045,2026-02-17 15:44:53.325535,245
S_STR06324,S_U0049,S0026,2026-02-24 21:25:06.771446,70
S_STR06325,S_U0017,S0040,2026-02-03 01:03:06.572822,201
S_STR06326,S_U0054,S0049,2026-02-06 16:11:08.699414,206
S_STR06327,S_U0077,S0029,2026-02-19 02:40:39.405101,225
S_STR06328,S_U0004,S0043,2026-02-10 11:32:57.098907,87
S_STR06329,S_U0090,S0043,2026-02-18 01:14:00.099760,47
S_STR06330,S_U0077,S0044,2026-02-09 12:30:58.976593,187
S_STR06331,S_U0076,S0016,2026-02-04 20:55:40.793714,16
S_STR06332,S_U0051,S0030,2026-02-22 23:28:02.531626,139
S_STR06333,S_U0090,S0048,2026-02-12 17:27:46.280007,96
S_STR06334,S_U0100,S0045,2026-02-02 07:42:44.526634,250
S_STR06335,S_U0060,S0039,2026-02-14 15:06:47.825263,79
S_STR06336,S_U0064,S0038,2026-02-14 23:28:48.609992,32
S_STR06337,S_U0096,S0046,2026-01-31 18:28:46.178201,125
S_STR06338,S_U0027,S0042,2026-02-13 05:51:38.275406,67
S_STR06339,S_U0001,S0023,2026-02-01 04:13:45.434046,138
S_STR06340,S_U0086,S0047,2026-02-16 15:58:13.363640,132
S_STR06341,S_U0034,S0043,2026-02-14 20:04:40.582224,55
S_STR06342,S_U0053,S0035,2026-02-21 07:07:55.959498,131
S_STR06343,S_U0012,S0015,2026-02-01 13:19:26.820219,187
S_STR06344,S_U0043,S0043,2026-02-01 07:51:20.741795,88
S_STR06345,S_U0088,S0035,2026-02-12 07:09:23.392184,91
S_STR06346,S_U0092,S0039,2026-02-07 11:56:15.800242,106
S_STR06347,S_U0024,S0043,2026-02-27 18:18:33.650545,102
S_STR06348,S_U0056,S0007,2026-02-24 22:55:12.495060,237
S_STR06349,S_U0100,S0031,2026-02-20 20:48:26.265236,120
S_STR06350,S_U0017,S0047,2026-02-18 16:52:48.942119,130
S_STR06351,S_U0074,S0039,2026-02-04 02:18:21.831118,203
S_STR06352,S_U0084,S0050,2026-02-11 00:52:54.509108,102
S_STR06353,S_U0098,S0024,2026-02-22 19:01:37.380175,147
S_STR06354,S_U0002,S0038,2026-02-06 06:30:23.852364,101
S_STR06355,S_U0024,S0046,2026-02-01 07:40:06.121326,60
S_STR06356,S_U0062,S0044,2026-02-20 16:31:52.197196,74
S_STR06357,S_U0008,S0041,2026-02-27 15:48:59.412038,114
S_STR06358,S_U0027,S0050,2026-02-17 02:41:11.052455,247
S_STR06359,S_U0008,S0038,2026-02-07 04:12:53.550285,137
S_STR06360,S_U0096,S0023,2026-02-08 01:55:03.687335,100
S_STR06361,S_U0043,S0033,2026-02-02 18:48:46.603640,122
S_STR06362,S_U0016,S0040,2026-02-17 09:12:12.960541,70
S_STR06363,S_U0051,S0027,2026-02-06 12:11:39.022295,114
S_STR06364,S_U0093,S0041,2026-02-03 07:05:06.290809,105
S_STR06365,S_U0091,S0045,2026-02-14 17:43:58.624300,29
S_STR06366,S_U0046,S0025,2026-02-10 08:22:06.767447,22
S_STR06367,S_U0065,S0032,2026-02-03 21:33:57.454553,206
S_STR06368,S_U0046,S0044,2026-02-28 18:30:58.234551,71
S_STR06369,S_U0070,S0044,2026-02-11 10:21:56.361567,314
S_STR06370,S_U0056,S0046,2026-02-12 11:52:00.045866,75
S_STR06371,S_U0012,S0027,2026-02-18 21:17:04.482440,24
S_STR06372,S_U0002,S0027,2026-02-08 06:46:02.350375,134
S_STR06373,S_U0007,S0049,2026-02-12 11:06:08.366476,34
S_STR06374,S_U0075,S0022,2026-02-22 03:00:31.208174,255
S_STR06375,S_U0031,S0042,2026-02-14 20:05:08.767646,86
S_STR06376,S_U0057,S0042,2026-02-09 21:36:16.662514,84
S_STR06377,S_U0090,S0041,2026-02-26 01:10:39.469096,156
S_STR06378,S_U0092,S0030,2026-02-08 14:17:13.127632,199
S_STR06379,S_U0004,S0048,2026-02-24 10:44:37.079438,117
S_STR06380,S_U0049,S0039,2026-02-08 02:09:45.054262,136
S_STR06381,S_U0023,S0009,2026-02-08 13:48:26.903716,229
S_STR06382,S_U0028,S0049,2026-02-21 15:54:19.902252,224
S_STR06383,S_U0004,S0031,2026-02-28 18:47:18.907335,73
S_STR06384,S_U0050,S0037,2026-02-15 22:31:30.965232,157
S_STR06385,S_U0069,S0010,2026-02-28 19:36:13.986826,24
S_STR06386,S_U0086,S0046,2026-02-25 09:24:37.975189,53
S_STR06387,S_U0032,S0040,2026-02-26 07:59:44.660865,115
S_STR06388,S_U0075,S0020,2026-02-03 22:44:16.455033,7
S_STR06389,S_U0062,S0041,2026-03-01 15:29:28.296236,45
S_STR06390,S_U0059,S0039,2026-02-16 17:51:27.670100,60
S_STR06391,S_U0090,S0038,2026-02-15 13:14:18.659137,61
S_STR06392,S_U0051,S0029,2026-02-14 19:41:45.857059,139
S_STR06393,S_U0056,S0039,2026-02-14 04:31:11.274806,197
S_STR06394,S_U0040,S0049,2026-02-20 08:02:01.364080,140
S_STR06395,S_U0069,S0035,2026-02-09 04:28:40.318060,99
S_STR06396,S_U0019,S0047,2026-02-24 21:13:11.289966,48
S_STR06397,S_U0018,S0040,2026-02-03 17:08:08.726475,107
S_STR06398,S_U0025,S0044,2026-02-13 16:29:26.640072,62
S_STR06399,S_U0064,S0041,2026-02-22 01:50:35.345175,14
S_STR06400,S_U0068,S0041,2026-02-25 19:12:25.214989,139
S_STR06401,S_U0053,S0037,2026-02-28 21:58:15.789019,105
S_STR06402,S_U0015,S0050,2026-02-03 00:30:11.281450,24
S_STR06403,S_U0009,S0019,2026-02-05 22:27:31.444978,205
S_STR06404,S_U0036,S0012,2026-02-24 08:31:20.499669,80
S_STR06405,S_U0060,S0041,2026-02-23 04:32:39.392147,131
S_STR06406,S_U0100,S0011,2026-03-01 16:38:08.502148,138
S_STR06407,S_U0049,S0005,2026-02-02 06:53:22.934770,79
S_STR06408,S_U0064,S0043,2026-03-02 00:54:42.906485,184
S_STR06409,S_U0092,S0044,2026-02-11 05:46:55.786580,27
S_STR06410,S_U0002,S0040,2026-02-18 06:56:52.961802,134
S_STR06411,S_U0067,S0032,2026-01-31 14:37:11.464182,22
S_STR06412,S_U0037,S0032,2026-02-06 22:04:09.651620,208
S_STR06413,S_U0097,S0028,2026-02-26 06:32:16.543370,29
S_STR06414,S_U0091,S0050,2026-02-06 06:10:15.258903,80
S_STR06415,S_U0074,S0035,2026-02-13 02:39:15.869208,5
S_STR06416,S_U0065,S0037,2026-02-17 13:37:34.972800,243
S_STR06417,S_U0050,S0022,2026-03-02 05:15:26.529507,126
S_STR06418,S_U0059,S0049,2026-02-16 11:48:42.562993,198
S_STR06419,S_U0044,S0047,2026-02-20 20:41:58.639486,83
S_STR06420,S_U0087,S0050,2026-02-05 04:26:03.190252,247
S_STR06421,S_U0040,S0035,2026-02-20 13:44:17.277791,88
S_STR06422,S_U0068,S0044,2026-02-06 02:27:07.092630,44
S_STR06423,S_U0030,S0050,2026-02-20 10:21:05.733075,85
S_STR06424,S_U0040,S0016,2026-02-24 07:28:41.713730,45
S_STR06425,S_U0018,S0048,2026-02-23 18:30:28.921772,33
S_STR06426,S_U0009,S0044,2026-02-21 20:32:54.594995,281
S_STR06427,S_U0093,S0038,2026-02-12 09:43:48.325934,112
S_STR06428,S_U0064,S0013,2026-02-21 07:32:13.853605,222
S_STR06429,S_U0088,S0024,2026-02-18 02:06:17.166690,126
S_STR06430,S_U0011,S0042,2026-02-03 15:32:11.674748,31
S_STR06431,S_U0092,S0015,2026-02-16 22:39:44.230627,153
S_STR06432,S_U0036,S0026,2026-02-04 18:16:08.078511,106
S_STR06433,S_U0057,S0025,2026-02-08 00:59:35.865037,129
S_STR06434,S_U0081,S0021,2026-02-03 01:05:15.268726,62
S_STR06435,S_U0054,S0044,2026-02-25 20:08:01.606629,134
S_STR06436,S_U0084,S0040,2026-02-25 05:43:07.849373,57
S_STR06437,S_U0082,S0048,2026-02-27 14:38:49.764099,15
S_STR06438,S_U0053,S0024,2026-02-18 03:31:11.529447,28
S_STR06439,S_U0089,S0050,2026-02-01 20:17:47.117281,117
S_STR06440,S_U0094,S0050,2026-02-27 05:16:40.725072,41
S_STR06441,S_U0076,S0032,2026-02-13 18:34:29.564392,297
S_STR06442,S_U0087,S0025,2026-02-02 04:22:28.341058,48
S_STR06443,S_U0021,S0037,2026-02-23 10:30:24.065345,198
S_STR06444,S_U0055,S0043,2026-02-04 09:21:17.925416,41
S_STR06445,S_U0078,S0021,2026-02-16 21:55:33.017873,117
S_STR06446,S_U0008,S0034,2026-02-28 05:00:36.070009,85
S_STR06447,S_U0084,S0047,2026-02-01 19:31:21.380345,91
S_STR06448,S_U0018,S0048,2026-02-13 14:16:02.061152,81
S_STR06449,S_U0074,S0034,2026-02-28 07:29:56.687369,35
S_STR06450,S_U0029,S0037,2026-02-11 04:16:41.899834,100
S_STR06451,S_U0096,S0043,2026-02-27 10:28:32.435315,122
S_STR06452,S_U0055,S0048,2026-02-09 07:47:43.291417,98
S_STR06453,S_U0047,S0019,2026-02-15 10:36:37.059352,161
S_STR06454,S_U0022,S0020,2026-02-09 22:51:08.198837,94
S_STR06455,S_U0045,S0050,2026-02-17 04:24:14.404893,45
S_STR06456,S_U0073,S0021,2026-02-19 20:33:26.061063,177
S_STR06457,S_U0029,S0044,2026-02-26 22:39:20.584324,217
S_STR06458,S_U0047,S0042,2026-02-23 01:33:49.294569,46
S_STR06459,S_U0038,S0050,2026-02-10 20:16:38.376207,215
S_STR06460,S_U0039,S0033,2026-02-12 07:46:20.056206,62
S_STR06461,S_U0011,S0023,2026-02-28 05:43:16.173350,139
S_STR06462,S_U0098,S0016,2026-02-02 23:54:11.978112,13
S_STR06463,S_U0004,S0049,2026-01-31 14:01:24.180196,57
S_STR06464,S_U0098,S0048,2026-02-14 10:58:12.453382,42
S_STR06465,S_U0066,S0023,2026-03-02 03:59:25.034799,82
S_STR06466,S_U0042,S0019,2026-02-18 02:55:06.083510,233
S_STR06467,S_U0085,S0031,2026-02-09 10:15:57.644969,60
S_STR06468,S_U0015,S0038,2026-01-31 17:19:41.153393,148
S_STR06469,S_U0091,S0049,2026-02-14 01:44:56.616651,26
S_STR06470,S_U0071,S0050,2026-02-10 22:16:52.094613,232
S_STR06471,S_U0070,S0014,2026-01-31 21:09:23.927482,50
S_STR06472,S_U0006,S0038,2026-02-21 00:51:53.759658,7
S_STR06473,S_U0080,S0014,2026-02-19 17:58:04.252462,157
S_STR06474,S_U0008,S0041,2026-02-25 06:48:03.108470,105
S_STR06475,S_U0028,S0033,2026-02-22 10:20:24.342914,14
S_STR06476,S_U0047,S0047,2026-02-19 17:29:53.852649,139
S_STR06477,S_U0088,S0034,2026-02-15 01:30:00.249199,64
S_STR06478,S_U0054,S0035,2026-02-08 19:07:33.749693,82
S_STR06479,S_U0097,S0040,2026-02-18 21:19:01.036436,179
S_STR06480,S_U0027,S0042,2026-02-07 08:20:08.447657,166
S_STR06481,S_U0099,S0018,2026-02-22 05:26:51.433972,33
S_STR06482,S_U0052,S0019,2026-02-11 12:20:32.408831,142
S_STR06483,S_U0059,S0037,2026-02-19 02:32:42.634129,93
S_STR06484,S_U0014,S0038,2026-02-22 00:52:50.484936,89
S_STR06485,S_U0075,S0031,2026-02-18 12:50:21.918850,103
S_STR06486,S_U0075,S0044,2026-02-14 23:58:33.488007,276
S_STR06487,S_U0073,S0020,2026-02-10 00:12:23.544069,112
S_STR06488,S_U0043,S0041,2026-01-31 15:54:26.187977,129
S_STR06489,S_U0053,S0025,2026-02-26 19:01:04.289927,116
S_STR06490,S_U0003,S0012,2026-02-24 11:52:32.420488,101
S_STR06491,S_U0033,S0049,2026-02-28 17:39:03.817957,128
S_STR06492,S_U0095,S0035,2026-02-03 03:07:13.008409,101
S_STR06493,S_U0008,S0042,2026-02-01 02:46:11.568929,70
S_STR06494,S_U0012,S0024,2026-02-22 08:08:47.521954,42
S_STR06495,S_U0056,S0013,2026-02-02 03:20:39.736449,162
S_STR06496,S_U0043,S0039,2026-02-09 19:10:30.581599,106
S_STR06497,S_U0076,S0050,2026-02-02 11:57:43.409842,90
S_STR06498,S_U0010,S0030,2026-02-09 08:25:31.430376,169
S_STR06499,S_U0029,S0049,2026-02-21 05:01:08.680201,82
S_STR06500,S_U0006,S0044,2026-02-23 19:53:45.145190,273
S_STR06501,S_U0050,S0040,2026-02-06 23:59:01.386482,192
S_STR06502,S_U0056,S0046,2026-02-02 01:14:20.962183,42
S_STR06503,S_U0072,S0048,2026-02-26 07:29:30.669100,55
S_STR06504,S_U0032,S0033,2026-02-27 22:25:45.602679,147
S_STR06505,S_U0080,S0041,2026-02-09 23:36:33.102005,119
S_STR06506,S_U0057,S0042,2026-02-11 07:45:57.927945,73
S_STR06507,S_U0031,S0031,2026-02-19 00:57:01.733297,119
S_STR06508,S_U0092,S0046,2026-02-18 02:57:12.120162,59
S_STR06509,S_U0026,S0029,2026-02-14 11:06:04.657769,152
S_STR06510,S_U0063,S0039,2026-02-26 11:38:41.796371,197
S_STR06511,S_U0038,S0035,2026-02-25 12:01:38.153320,86
S_STR06512,S_U0003,S0044,2026-02-10 07:18:04.151805,77
S_STR06513,S_U0045,S0015,2026-02-22 14:34:03.981174,244
S_STR06514,S_U0082,S0024,2026-02-09 05:59:21.299300,80
S_STR06515,S_U0054,S0049,2026-02-02 18:31:01.524617,153
S_STR06516,S_U0058,S0036,2026-02-17 14:47:58.894875,173
S_STR06517,S_U0031,S0018,2026-02-28 20:36:13.964500,74
S_STR06518,S_U0100,S0043,2026-02-24 21:15:25.399548,101
S_STR06519,S_U0052,S0028,2026-02-16 23:07:03.550229,37
S_STR06520,S_U0099,S0025,2026-02-15 12:25:04.252433,97
S_STR06521,S_U0015,S0032,2026-02-06 23:22:02.936473,72
S_STR06522,S_U0090,S0012,2026-03-01 08:30:18.211088,5
S_STR06523,S_U0090,S0014,2026-02-02 03:51:16.104916,45
S_STR06524,S_U0007,S0035,2026-02-12 07:39:25.937249,6
S_STR06525,S_U0029,S0044,2026-02-19 07:07:50.549644,329
S_STR06526,S_U0043,S0040,2026-02-03 02:07:59.321747,55
S_STR06527,S_U0068,S0050,2026-02-04 08:44:40.315532,62
S_STR06528,S_U0054,S0047,2026-02-09 05:02:43.637496,34
S_STR06529,S_U0050,S0025,2026-02-26 02:00:30.135947,144
S_STR06530,S_U0071,S0044,2026-02-03 20:57:16.852354,235
S_STR06531,S_U0026,S0028,2026-02-23 23:11:15.854216,177
S_STR06532,S_U0066,S0037,2026-02-10 15:24:20.023843,116
S_STR06533,S_U0094,S0039,2026-03-01 05:14:54.831091,100
S_STR06534,S_U0001,S0016,2026-02-03 19:56:55.912261,102
S_STR06535,S_U0072,S0016,2026-03-01 00:34:33.461643,113
S_STR06536,S_U0021,S0042,2026-02-19 01:30:01.748636,196
S_STR06537,S_U0081,S0039,2026-02-18 17:09:28.876598,120
S_STR06538,S_U0081,S0028,2026-02-23 07:37:23.535312,136
S_STR06539,S_U0012,S0041,2026-03-02 08:51:10.106996,133
S_STR06540,S_U0070,S0042,2026-02-25 08:56:59.918346,59
S_STR06541,S_U0070,S0045,2026-02-28 08:57:34.602781,256
S_STR06542,S_U0038,S0024,2026-02-25 20:06:58.417795,33
S_STR06543,S_U0086,S0049,2026-02-26 01:05:19.069753,19
S_STR06544,S_U0052,S0036,2026-02-13 05:02:59.545781,24
S_STR06545,S_U0093,S0017,2026-02-24 10:19:59.743798,25
S_STR06546,S_U0028,S0035,2026-02-28 06:12:00.401886,52
S_STR06547,S_U0036,S0036,2026-02-11 06:54:53.710496,62
S_STR06548,S_U0079,S0032,2026-02-06 01:25:16.926162,211
S_STR06549,S_U0055,S0029,2026-02-04 17:21:02.187295,197
S_STR06550,S_U0071,S0037,2026-02-21 01:53:21.942746,169
S_STR06551,S_U0041,S0047,2026-02-05 00:28:49.815296,136
S_STR06552,S_U0091,S0008,2026-02-10 01:36:17.921899,209
S_STR06553,S_U0009,S0018,2026-02-17 22:56:08.454953,144
S_STR06554,S_U0086,S0033,2026-02-03 04:42:35.772600,97
S_STR06555,S_U0045,S0044,2026-02-24 01:47:35.504635,82
S_STR06556,S_U0036,S0030,2026-02-01 21:51:51.913409,59
S_STR06557,S_U0048,S0041,2026-02-19 09:56:17.344578,113
S_STR06558,S_U0003,S0040,2026-02-28 11:15:32.349773,123
S_STR06559,S_U0022,S0039,2026-02-08 12:56:33.277316,12
S_STR06560,S_U0033,S0029,2026-02-22 17:41:02.950392,23
S_STR06561,S_U0034,S0039,2026-01-31 11:46:57.242806,169
S_STR06562,S_U0037,S0048,2026-02-01 17:09:42.812347,126
S_STR06563,S_U0058,S0017,2026-02-24 11:41:50.877312,54
S_STR06564,S_U0059,S0033,2026-02-09 11:31:50.848159,202
S_STR06565,S_U0004,S0050,2026-02-01 02:13:16.909232,204
S_STR06566,S_U0028,S0006,2026-02-14 19:26:21.845108,209
S_STR06567,S_U0020,S0007,2026-02-13 12:04:11.718784,96
S_STR06568,S_U0051,S0021,2026-02-15 21:01:06.072526,7
S_STR06569,S_U0055,S0030,2026-02-01 18:14:02.062917,53
S_STR06570,S_U0063,S0049,2026-02-06 12:27:45.302689,71
S_STR06571,S_U0023,S0018,2026-02-08 13:58:34.497236,161
S_STR06572,S_U0030,S0010,2026-02-02 09:22:54.728726,77
S_STR06573,S_U0093,S0027,2026-02-25 14:14:28.399154,86
S_STR06574,S_U0090,S0021,2026-02-23 17:16:00.577383,91
S_STR06575,S_U0098,S0043,2026-02-12 04:05:22.894089,128
S_STR06576,S_U0022,S0028,2026-02-14 03:46:26.818895,103
S_STR06577,S_U0011,S0047,2026-02-25 14:19:22.621299,152
S_STR06578,S_U0089,S0042,2026-02-11 14:40:22.484632,96
S_STR06579,S_U0085,S0040,2026-02-28 04:09:55.711902,151
S_STR06580,S_U0037,S0041,2026-02-12 23:32:19.552916,47
S_STR06581,S_U0004,S0015,2026-02-21 08:26:36.043580,89
S_STR06582,S_U0092,S0009,2026-02-20 13:38:52.897504,5
S_STR06583,S_U0055,S0033,2026-02-05 00:45:27.039110,265
S_STR06584,S_U0095,S0024,2026-02-07 17:58:26.314199,26
S_STR06585,S_U0071,S0048,2026-02-06 11:18:23.919873,101
S_STR06586,S_U0033,S0030,2026-02-08 23:08:53.796192,214
S_STR06587,S_U0098,S0036,2026-02-26 08:13:43.949017,237
S_STR06588,S_U0002,S0024,2026-02-06 14:58:07.233102,18
S_STR06589,S_U0093,S0047,2026-02-19 20:25:54.225848,48
S_STR06590,S_U0044,S0046,2026-02-25 21:15:04.647593,84
S_STR06591,S_U0061,S0012,2026-02-03 00:01:13.473817,18
S_STR06592,S_U0021,S0034,2026-02-20 03:17:52.743843,59
S_STR06593,S_U0075,S0046,2026-02-08 17:45:24.890343,87
S_STR06594,S_U0017,S0031,2026-02-22 18:53:39.734500,94
S_STR06595,S_U0081,S0043,2026-02-09 14:30:13.956738,146
S_STR06596,S_U0031,S0030,2026-02-12 04:52:43.623419,16
S_STR06597,S_U0050,S0042,2026-02-09 04:08:26.357070,149
S_STR06598,S_U0010,S0033,2026-02-26 02:50:14.415703,297
S_STR06599,S_U0098,S0013,2026-02-14 11:22:42.554426,275
S_STR06600,S_U0067,S0031,2026-02-15 05:08:27.455264,14
S_STR06601,S_U0046,S0034,2026-02-23 09:18:55.670535,128
S_STR06602,S_U0007,S0048,2026-02-04 04:11:26.927874,22
S_STR06603,S_U0058,S0048,2026-02-07 16:53:29.448577,50
S_STR06604,S_U0095,S0050,2026-02-22 18:01:02.683918,154
S_STR06605,S_U0041,S0031,2026-02-24 18:23:13.996387,11
S_STR06606,S_U0087,S0034,2026-02-13 20:39:04.401216,74
S_STR06607,S_U0057,S0016,2026-02-28 02:38:28.200635,76
S_STR06608,S_U0075,S0046,2026-02-19 04:25:59.170225,24
S_STR06609,S_U0030,S0029,2026-02-01 09:56:57.471095,133
S_STR06610,S_U0004,S0032,2026-02-20 21:41:46.899177,161
S_STR06611,S_U0052,S0029,2026-02-15 07:01:33.131052,62
S_STR06612,S_U0012,S0050,2026-02-24 03:23:06.081015,127
S_STR06613,S_U0049,S0024,2026-02-17 05:24:55.946347,90
S_STR06614,S_U0044,S0036,2026-02-01 02:44:46.559080,31
S_STR06615,S_U0022,S0004,2026-02-23 12:31:25.802291,177
S_STR06616,S_U0016,S0049,2026-02-28 02:38:26.811457,62
S_STR06617,S_U0013,S0044,2026-03-01 19:19:05.795696,196
S_STR06618,S_U0045,S0019,2026-02-11 11:13:53.474699,76
S_STR06619,S_U0011,S0036,2026-02-20 13:55:59.930599,103
S_STR06620,S_U0018,S0041,2026-02-19 14:06:17.120448,24
S_STR06621,S_U0038,S0026,2026-02-09 16:22:05.419342,37
S_STR06622,S_U0075,S0049,2026-02-11 17:59:23.027590,133
S_STR06623,S_U0054,S0031,2026-02-19 19:38:22.459602,102
S_STR06624,S_U0010,S0018,2026-02-20 09:45:37.179590,116
S_STR06625,S_U0004,S0049,2026-02-05 07:52:24.609901,67
S_STR06626,S_U0038,S0023,2026-02-15 12:58:39.137283,31
S_STR06627,S_U0066,S0040,2026-02-11 22:13:55.798210,82
S_STR06628,S_U0036,S0048,2026-02-11 03:04:22.340733,112
S_STR06629,S_U0088,S0038,2026-02-22 00:30:36.121663,128
S_STR06630,S_U0076,S0010,2026-02-20 01:05:48.153768,39
S_STR06631,S_U0048,S0038,2026-02-09 08:03:45.474531,99
S_STR06632,S_U0062,S0021,2026-02-26 19:05:27.795239,51
S_STR06633,S_U0009,S0014,2026-03-02 01:08:36.776235,209
S_STR06634,S_U0011,S0028,2026-02-15 04:16:25.593918,85
S_STR06635,S_U0034,S0024,2026-02-13 16:34:25.926206,37
S_STR06636,S_U0016,S0040,2026-02-15 00:22:56.443731,16
S_STR06637,S_U0014,S0040,2026-02-24 10:42:47.221721,87
S_STR06638,S_U0088,S0029,2026-02-10 06:21:49.610396,114
S_STR06639,S_U0085,S0041,2026-02-10 14:33:55.561243,25
S_STR06640,S_U0072,S0035,2026-02-17 05:14:32.067963,45
S_STR06641,S_U0062,S0021,2026-02-05 18:44:03.492421,58
S_STR06642,S_U0063,S0020,2026-02-27 00:49:52.376540,55
S_STR06643,S_U0084,S0048,2026-02-04 08:40:01.613271,32
S_STR06644,S_U0091,S0047,2026-03-02 00:50:55.853059,107
S_STR06645,S_U0012,S0050,2026-02-14 11:55:13.841079,84
S_STR06646,S_U0092,S0045,2026-02-02 09:05:45.936690,252
S_STR06647,S_U0043,S0046,2026-02-07 13:18:42.920877,119
S_STR06648,S_U0024,S0027,2026-02-21 23:52:17.937389,148
S_STR06649,S_U0013,S0050,2026-02-28 03:02:16.195147,224
S_STR06650,S_U0091,S0036,2026-02-24 17:19:37.602845,114
S_STR06651,S_U0053,S0034,2026-02-22 23:29:31.919907,14
S_STR06652,S_U0037,S0039,2026-02-03 04:10:22.305391,188
S_STR06653,S_U0095,S0037,2026-02-23 11:34:21.637158,203
S_STR06654,S_U0049,S0050,2026-02-11 10:42:21.722717,15
S_STR06655,S_U0030,S0009,2026-02-21 16:21:18.499399,128
S_STR06656,S_U0035,S0036,2026-02-07 23:56:20.819856,173
S_STR06657,S_U0084,S0042,2026-02-18 03:05:57.005763,213
S_STR06658,S_U0069,S0047,2026-02-10 23:56:02.649502,58
S_STR06659,S_U0087,S0042,2026-02-09 13:06:24.626647,90
S_STR06660,S_U0085,S0041,2026-02-12 22:07:51.147835,74
S_STR06661,S_U0053,S0035,2026-02-10 04:19:50.601764,125
S_STR06662,S_U0003,S0032,2026-02-12 00:03:03.953120,13
S_STR06663,S_U0003,S0050,2026-02-24 02:00:43.226570,54
S_STR06664,S_U0097,S0048,2026-02-10 12:44:22.146696,113
S_STR06665,S_U0061,S0010,2026-02-22 09:19:03.072968,45
S_STR06666,S_U0079,S0015,2026-02-19 17:29:10.832758,86
S_STR06667,S_U0057,S0048,2026-02-17 22:36:07.817342,69
S_STR06668,S_U0008,S0011,2026-02-11 16:12:59.454448,107
S_STR06669,S_U0046,S0033,2026-02-17 16:13:58.996473,190
S_STR06670,S_U0078,S0032,2026-02-21 01:17:04.221196,152
S_STR06671,S_U0066,S0006,2026-02-23 03:46:56.389671,244
S_STR06672,S_U0100,S0036,2026-02-02 03:43:16.446568,102
S_STR06673,S_U0079,S0044,2026-02-08 20:20:25.739894,41
S_STR06674,S_U0037,S0028,2026-02-06 19:16:47.196798,162
S_STR06675,S_U0089,S0028,2026-02-06 09:13:00.798227,161
S_STR06676,S_U0070,S0029,2026-02-12 07:34:47.681845,174
S_STR06677,S_U0077,S0026,2026-02-22 12:58:04.367235,115
S_STR06678,S_U0047,S0045,2026-02-13 17:40:49.995968,109
S_STR06679,S_U0049,S0028,2026-02-12 12:10:17.961133,120
S_STR06680,S_U0085,S0047,2026-02-18 08:30:26.746192,87
S_STR06681,S_U0006,S0029,2026-02-13 04:38:56.819820,83
S_STR06682,S_U0034,S0014,2026-02-15 22:20:42.731320,225
S_STR06683,S_U0002,S0025,2026-02-03 19:04:41.045524,153
S_STR06684,S_U0064,S0025,2026-02-14 18:48:33.391265,130
S_STR06685,S_U0064,S0036,2026-02-22 05:23:23.281751,233
S_STR06686,S_U0097,S0049,2026-02-11 19:16:07.959894,227
S_STR06687,S_U0049,S0024,2026-02-16 23:56:53.567029,213
S_STR06688,S_U0087,S0045,2026-02-13 09:30:14.381878,59
S_STR06689,S_U0072,S0039,2026-02-17 23:44:59.578035,156
S_STR06690,S_U0089,S0041,2026-02-20 03:19:46.644139,98
S_STR06691,S_U0080,S0023,2026-02-08 10:24:27.708592,54
S_STR06692,S_U0044,S0026,2026-02-24 04:13:43.479429,20
S_STR06693,S_U0093,S0044,2026-02-15 06:16:21.353913,37
S_STR06694,S_U0088,S0042,2026-02-12 03:59:24.854767,22
S_STR06695,S_U0074,S0044,2026-02-04 10:12:31.257759,167
S_STR06696,S_U0076,S0025,2026-02-09 02:03:28.530988,81
S_STR06697,S_U0008,S0045,2026-02-28 20:39:14.372491,142
S_STR06698,S_U0053,S0015,2026-02-24 14:11:48.284630,68
S_STR06699,S_U0081,S0006,2026-02-28 05:26:04.496866,247
S_STR06700,S_U0005,S0031,2026-01-31 19:53:20.231998,81
S_STR06701,S_U0021,S0035,2026-02-22 18:50:13.944164,52
S_STR06702,S_U0078,S0048,2026-02-28 22:49:53.295544,75
S_STR06703,S_U0044,S0022,2026-02-21 21:47:10.048928,89
S_STR06704,S_U0032,S0042,2026-02-23 12:04:51.576733,147
S_STR06705,S_U0071,S0047,2026-02-07 10:19:06.614480,133
S_STR06706,S_U0023,S0036,2026-02-25 01:44:31.518806,72
S_STR06707,S_U0034,S0028,2026-02-14 08:46:40.432348,176
S_STR06708,S_U0033,S0048,2026-02-08 23:51:35.872465,116
S_STR06709,S_U0015,S0043,2026-02-13 10:41:45.507537,66
S_STR06710,S_U0032,S0043,2026-02-26 06:15:37.653199,160
S_STR06711,S_U0092,S0007,2026-02-28 23:16:09.903648,152
S_STR06712,S_U0042,S0028,2026-02-16 14:55:12.921661,184
S_STR06713,S_U0090,S0026,2026-02-19 14:18:11.628618,43
S_STR06714,S_U0014,S0028,2026-02-01 00:30:25.684371,156
S_STR06715,S_U0006,S0032,2026-02-10 19:09:36.936030,38
S_STR06716,S_U0027,S0028,2026-02-28 10:15:46.891726,115
S_STR06717,S_U0088,S0025,2026-02-27 17:02:31.562592,105
S_STR06718,S_U0015,S0047,2026-02-10 20:09:26.206008,146
S_STR06719,S_U0070,S0027,2026-02-09 11:41:48.411717,147
S_STR06720,S_U0053,S0034,2026-02-04 13:09:33.833967,73
S_STR06721,S_U0053,S0036,2026-02-10 12:10:53.865167,122
S_STR06722,S_U0051,S0028,2026-02-12 18:40:45.124093,82
S_STR06723,S_U0068,S0048,2026-02-26 20:59:23.308796,95
S_STR06724,S_U0086,S0049,2026-02-05 02:52:17.790932,174
S_STR06725,S_U0026,S0042,2026-02-10 05:30:42.182081,32
S_STR06726,S_U0086,S0041,2026-02-22 10:01:58.727217,39
S_STR06727,S_U0097,S0043,2026-02-13 13:12:29.696841,125
S_STR06728,S_U0090,S0046,2026-02-13 00:35:03.938422,132
S_STR06729,S_U0093,S0039,2026-02-14 06:55:48.133675,16
S_STR06730,S_U0054,S0041,2026-02-11 07:06:19.708998,35
S_STR06731,S_U0052,S0049,2026-02-22 14:35:18.698510,133
S_STR06732,S_U0071,S0049,2026-02-20 18:14:32.661268,61
S_STR06733,S_U0084,S0030,2026-02-21 22:39:49.566012,40
S_STR06734,S_U0055,S0035,2026-02-04 20:08:18.573974,25
S_STR06735,S_U0045,S0024,2026-02-16 08:47:13.428409,227
S_STR06736,S_U0010,S0050,2026-02-21 02:42:05.871938,161
S_STR06737,S_U0094,S0003,2026-02-01 20:49:02.957158,110
S_STR06738,S_U0008,S0016,2026-02-22 18:57:15.872840,155
S_STR06739,S_U0042,S0046,2026-02-13 11:03:44.606307,26
S_STR06740,S_U0016,S0029,2026-02-15 18:02:30.266418,37
S_STR06741,S_U0090,S0034,2026-02-14 21:26:21.617865,10
S_STR06742,S_U0048,S0041,2026-02-25 09:49:09.616194,114
S_STR06743,S_U0034,S0014,2026-01-31 11:50:02.806400,192
S_STR06744,S_U0058,S0039,2026-02-15 09:14:48.188633,181
S_STR06745,S_U0038,S0050,2026-02-21 04:44:28.054388,100
S_STR06746,S_U0016,S0028,2026-02-19 04:23:40.449133,147
S_STR06747,S_U0024,S0045,2026-03-01 03:58:44.472247,23
S_STR06748,S_U0068,S0009,2026-02-14 06:16:32.563354,52
S_STR06749,S_U0002,S0028,2026-02-02 04:17:50.875607,166
S_STR06750,S_U0012,S0049,2026-02-25 02:45:33.851117,57
S_STR06751,S_U0056,S0039,2026-02-25 02:55:11.556413,76
S_STR06752,S_U0045,S0040,2026-02-18 14:57:56.642490,241
S_STR06753,S_U0098,S0009,2026-02-14 03:24:46.041910,191
S_STR06754,S_U0095,S0028,2026-02-26 22:06:31.191396,114
S_STR06755,S_U0097,S0019,2026-02-15 12:51:33.638536,144
S_STR06756,S_U0070,S0042,2026-02-26 14:25:36.573132,54
S_STR06757,S_U0085,S0017,2026-02-14 00:24:04.426264,48
S_STR06758,S_U0039,S0032,2026-02-16 04:44:26.907956,222
S_STR06759,S_U0093,S0042,2026-02-01 18:48:45.467650,20
S_STR06760,S_U0083,S0039,2026-03-01 22:42:09.274605,163
S_STR06761,S_U0041,S0044,2026-02-20 04:32:38.887902,330
S_STR06762,S_U0054,S0040,2026-02-21 09:07:20.166549,132
S_STR06763,S_U0069,S0018,2026-02-24 14:47:09.539203,146
S_STR06764,S_U0100,S0020,2026-02-20 23:54:48.601532,98
S_STR06765,S_U0017,S0030,2026-03-01 22:46:48.752294,30
S_STR06766,S_U0086,S0034,2026-02-02 04:43:09.590400,113
S_STR06767,S_U0076,S0045,2026-02-14 23:18:09.182408,185
S_STR06768,S_U0029,S0011,2026-02-11 19:14:53.674955,195
S_STR06769,S_U0010,S0037,2026-02-03 07:25:38.600372,85
S_STR06770,S_U0049,S0027,2026-02-01 00:44:28.943129,112
S_STR06771,S_U0011,S0040,2026-02-24 23:01:44.444109,200
S_STR06772,S_U0001,S0023,2026-02-26 19:17:43.261159,22
S_STR06773,S_U0005,S0004,2026-02-26 13:55:53.601941,26
S_STR06774,S_U0003,S0027,2026-02-08 02:37:35.573663,111
S_STR06775,S_U0099,S0039,2026-02-27 06:57:08.947935,121
S_STR06776,S_U0044,S0035,2026-02-23 08:08:42.909772,28
S_STR06777,S_U0012,S0045,2026-02-05 01:12:01.654466,84
S_STR06778,S_U0095,S0045,2026-02-14 11:45:04.010746,35
S_STR06779,S_U0006,S0039,2026-02-14 03:40:08.955498,90
S_STR06780,S_U0074,S0026,2026-02-25 06:36:35.464565,57
S_STR06781,S_U0064,S0048,2026-02-08 07:52:34.403336,54
S_STR06782,S_U0014,S0049,2026-02-08 00:34:58.994390,101
S_STR06783,S_U0083,S0013,2026-02-11 02:46:41.963736,117
S_STR06784,S_U0051,S0021,2026-02-27 19:08:57.989482,68
S_STR06785,S_U0097,S0013,2026-02-18 09:44:26.182192,164
S_STR06786,S_U0045,S0028,2026-02-22 03:05:37.480740,25
S_STR06787,S_U0013,S0032,2026-02-07 04:57:15.885156,54
S_STR06788,S_U0085,S0043,2026-02-20 06:37:05.036025,77
S_STR06789,S_U0092,S0048,2026-02-28 14:53:42.300512,111
S_STR06790,S_U0034,S0017,2026-02-01 01:25:08.104817,57
S_STR06791,S_U0043,S0044,2026-02-16 07:55:32.253539,210
S_STR06792,S_U0044,S0045,2026-02-06 01:53:02.577268,220
S_STR06793,S_U0083,S0029,2026-02-14 02:27:47.022701,166
S_STR06794,S_U0005,S0043,2026-02-21 16:09:36.760089,42
S_STR06795,S_U0088,S0049,2026-02-18 17:45:54.413465,144
S_STR06796,S_U0002,S0037,2026-02-07 05:57:48.095521,149
S_STR06797,S_U0006,S0040,2026-02-09 06:40:15.529691,138
S_STR06798,S_U0043,S0035,2026-02-17 02:02:51.404293,131
S_STR06799,S_U0082,S0049,2026-02-10 10:09:30.536568,76
S_STR06800,S_U0014,S0047,2026-03-02 04:16:25.148566,35
S_STR06801,S_U0080,S0014,2026-02-25 14:04:58.592271,225
S_STR06802,S_U0043,S0013,2026-02-19 07:03:42.623086,249
S_STR06803,S_U0100,S0039,2026-02-09 19:12:38.247650,182
S_STR06804,S_U0014,S0047,2026-02-16 18:45:23.408110,116
S_STR06805,S_U0075,S0025,2026-03-01 01:46:18.855337,119
S_STR06806,S_U0071,S0027,2026-02-18 17:10:45.610012,125
S_STR06807,S_U0006,S0013,2026-02-05 13:26:29.252281,148
S_STR06808,S_U0063,S0042,2026-02-28 01:33:01.207888,155
S_STR06809,S_U0093,S0029,2026-02-06 22:12:24.560587,209
S_STR06810,S_U0085,S0039,2026-02-05 06:44:01.198825,205
S_STR06811,S_U0039,S0044,2026-02-26 04:54:14.482567,17
S_STR06812,S_U0019,S0034,2026-02-26 03:31:11.711839,24
S_STR06813,S_U0084,S0030,2026-02-01 01:48:26.852520,237
S_STR06814,S_U0008,S0031,2026-02-12 10:00:22.210091,13
S_STR06815,S_U0070,S0031,2026-02-15 17:05:42.745355,120
S_STR06816,S_U0075,S0045,2026-02-06 04:52:10.305471,69
S_STR06817,S_U0028,S0026,2026-02-11 02:59:02.799498,187
S_STR06818,S_U0034,S0030,2026-02-18 23:02:10.679087,62
S_STR06819,S_U0095,S0026,2026-02-14 09:48:52.824269,93
S_STR06820,S_U0012,S0043,2026-02-16 19:35:56.980789,123
S_STR06821,S_U0009,S0040,2026-02-10 22:09:53.094174,200
S_STR06822,S_U0049,S0042,2026-02-05 02:33:19.972413,145
S_STR06823,S_U0053,S0005,2026-02-14 08:53:28.703251,71
S_STR06824,S_U0075,S0048,2026-02-05 22:11:01.566400,21
S_STR06825,S_U0029,S0019,2026-02-02 08:06:49.347449,137
S_STR06826,S_U0077,S0039,2026-02-19 03:37:37.737076,122
S_STR06827,S_U0005,S0046,2026-02-06 02:53:38.610999,44
S_STR06828,S_U0008,S0038,2026-02-12 02:36:35.865156,147
S_STR06829,S_U0049,S0044,2026-02-13 16:12:20.675581,280
S_STR06830,S_U0084,S0033,2026-02-11 21:48:06.099352,340
S_STR06831,S_U0007,S0006,2026-02-24 18:46:59.310462,280
S_STR06832,S_U0069,S0048,2026-02-11 02:59:52.633643,107
S_STR06833,S_U0009,S0036,2026-02-04 23:06:57.698703,206
S_STR06834,S_U0005,S0015,2026-02-09 07:33:25.748641,199
S_STR06835,S_U0031,S0041,2026-02-15 16:20:19.490618,120
S_STR06836,S_U0072,S0031,2026-02-14 15:54:19.260896,100
S_STR06837,S_U0090,S0038,2026-02-21 01:51:48.129317,21
S_STR06838,S_U0047,S0047,2026-02-25 22:01:43.862480,44
S_STR06839,S_U0074,S0036,2026-02-05 16:25:20.594740,53
S_STR06840,S_U0081,S0046,2026-02-03 01:12:23.338312,75
S_STR06841,S_U0002,S0039,2026-02-24 08:35:09.507320,116
S_STR06842,S_U0094,S0016,2026-02-04 14:14:34.329676,147
S_STR06843,S_U0028,S0030,2026-02-01 10:55:28.699244,136
S_STR06844,S_U0092,S0044,2026-02-21 04:00:31.887277,230
S_STR06845,S_U0015,S0029,2026-02-04 15:02:50.656068,124
S_STR06846,S_U0068,S0012,2026-02-06 20:47:50.051736,143
S_STR06847,S_U0059,S0049,2026-02-22 16:40:47.276747,137
S_STR06848,S_U0037,S0039,2026-02-14 18:31:11.928890,101
S_STR06849,S_U0094,S0039,2026-02-25 06:09:30.145653,74
S_STR06850,S_U0006,S0032,2026-02-01 21:27:36.574649,10
S_STR06851,S_U0015,S0023,2026-02-18 20:11:10.465484,57
S_STR06852,S_U0042,S0031,2026-02-19 12:59:47.365683,7
S_STR06853,S_U0095,S0039,2026-02-26 00:40:33.452754,197
S_STR06854,S_U0003,S0043,2026-02-21 00:08:51.373032,172
S_STR06855,S_U0001,S0030,2026-02-14 08:16:28.770735,216
S_STR06856,S_U0016,S0040,2026-02-15 13:17:21.480958,126
S_STR06857,S_U0033,S0035,2026-02-04 04:11:05.738544,21
S_STR06858,S_U0012,S0034,2026-02-20 22:14:21.820634,51
S_STR06859,S_U0081,S0032,2026-02-25 17:40:37.332973,34
S_STR06860,S_U0013,S0046,2026-02-04 06:37:12.457069,79
S_STR06861,S_U0034,S0025,2026-02-13 03:43:56.004367,43
S_STR06862,S_U0082,S0044,2026-02-18 05:10:26.247431,31
S_STR06863,S_U0078,S0024,2026-02-07 18:18:48.298808,61
S_STR06864,S_U0065,S0020,2026-02-23 17:58:12.246708,69
S_STR06865,S_U0013,S0050,2026-02-27 06:05:11.129161,254
S_STR06866,S_U0050,S0047,2026-02-17 23:31:06.379498,14
S_STR06867,S_U0001,S0024,2026-02-26 03:02:21.109544,107
S_STR06868,S_U0092,S0047,2026-02-16 23:52:20.250565,158
S_STR06869,S_U0077,S0042,2026-02-23 01:16:56.746579,53
S_STR06870,S_U0051,S0043,2026-02-11 04:10:06.223214,171
S_STR06871,S_U0059,S0027,2026-02-21 16:51:50.384983,49
S_STR06872,S_U0062,S0048,2026-01-31 15:39:16.493892,71
S_STR06873,S_U0071,S0043,2026-02-12 11:01:23.171078,59
S_STR06874,S_U0014,S0034,2026-02-05 11:15:42.475697,8
S_STR06875,S_U0091,S0049,2026-02-08 06:14:49.587874,208
S_STR06876,S_U0001,S0047,2026-02-09 14:33:32.806358,26
S_STR06877,S_U0027,S0026,2026-02-17 18:15:10.277566,145
S_STR06878,S_U0080,S0040,2026-02-16 07:09:28.058731,253
S_STR06879,S_U0086,S0022,2026-02-06 14:23:48.918690,138
S_STR06880,S_U0022,S0039,2026-02-03 05:22:45.187747,140
S_STR06881,S_U0093,S0012,2026-02-10 14:21:13.138155,156
S_STR06882,S_U0094,S0043,2026-03-01 21:50:55.371045,63
S_STR06883,S_U0096,S0032,2026-02-07 19:44:11.807982,184
S_STR06884,S_U0080,S0025,2026-02-01 11:38:21.740650,35
S_STR06885,S_U0021,S0042,2026-02-17 19:10:40.189409,205
S_STR06886,S_U0041,S0048,2026-02-22 12:09:37.627961,91
S_STR06887,S_U0031,S0019,2026-02-16 03:10:36.997090,236
S_STR06888,S_U0074,S0034,2026-02-01 10:17:55.879129,103
S_STR06889,S_U0021,S0024,2026-02-05 04:16:54.014384,101
S_STR06890,S_U0027,S0038,2026-02-24 12:05:04.819171,9
S_STR06891,S_U0002,S0034,2026-02-20 00:24:45.216554,94
S_STR06892,S_U0092,S0028,2026-02-28 06:32:55.155644,186
S_STR06893,S_U0099,S0049,2026-02-20 21:39:29.581312,87
S_STR06894,S_U0020,S0027,2026-03-02 06:35:18.545992,118
S_STR06895,S_U0093,S0041,2026-02-02 11:27:18.430045,119
S_STR06896,S_U0023,S0022,2026-02-02 15:27:27.842110,287
S_STR06897,S_U0002,S0024,2026-02-17 05:09:18.829086,6
S_STR06898,S_U0084,S0041,2026-02-17 21:06:08.920841,99
S_STR06899,S_U0037,S0040,2026-02-22 02:04:47.752487,63
S_STR06900,S_U0008,S0038,2026-02-06 17:00:26.557055,95
S_STR06901,S_U0047,S0039,2026-02-22 06:31:42.830192,82
S_STR06902,S_U0055,S0044,2026-02-02 11:15:39.295569,135
S_STR06903,S_U0093,S0023,2026-02-07 13:07:20.856093,98
S_STR06904,S_U0059,S0046,2026-02-17 01:36:06.773440,39
S_STR06905,S_U0008,S0047,2026-02-24 11:06:53.814853,97
S_STR06906,S_U0042,S0032,2026-02-13 20:55:30.993934,111
S_STR06907,S_U0093,S0033,2026-02-17 17:45:43.335181,300
S_STR06908,S_U0048,S0049,2026-02-23 23:20:04.150998,141
S_STR06909,S_U0017,S0027,2026-02-25 09:17:41.236666,98
S_STR06910,S_U0083,S0010,2026-02-08 00:10:58.542863,68
S_STR06911,S_U0068,S0045,2026-02-16 04:45:10.690880,233
S_STR06912,S_U0072,S0021,2026-02-23 06:46:49.696530,95
S_STR06913,S_U0055,S0025,2026-02-20 21:13:00.055743,32
S_STR06914,S_U0066,S0030,2026-01-31 19:43:41.629353,196
S_STR06915,S_U0061,S0038,2026-02-22 18:58:09.547062,17
S_STR06916,S_U0041,S0044,2026-02-14 10:24:05.618414,274
S_STR06917,S_U0003,S0024,2026-02-26 05:15:43.672634,67
S_STR06918,S_U0093,S0046,2026-02-28 11:34:52.492989,83
S_STR06919,S_U0058,S0037,2026-02-07 21:03:36.256173,143
S_STR06920,S_U0037,S0039,2026-02-05 16:55:03.487183,117
S_STR06921,S_U0024,S0015,2026-02-01 05:10:45.147625,55
S_STR06922,S_U0044,S0012,2026-02-07 19:06:15.770782,72
S_STR06923,S_U0081,S0038,2026-02-27 23:58:45.986479,54
S_STR06924,S_U0046,S0040,2026-02-13 02:03:38.333256,245
S_STR06925,S_U0098,S0013,2026-02-01 00:19:18.953584,228
S_STR06926,S_U0080,S0040,2026-02-02 01:59:34.846698,113
S_STR06927,S_U0063,S0036,2026-02-26 06:36:51.945064,107
S_STR06928,S_U0038,S0046,2026-02-07 03:32:57.434305,108
S_STR06929,S_U0043,S0042,2026-02-09 16:18:44.403204,115
S_STR06930,S_U0074,S0010,2026-02-08 09:32:06.198051,144
S_STR06931,S_U0036,S0045,2026-02-03 00:17:55.309734,10
S_STR06932,S_U0070,S0020,2026-02-06 00:21:47.250139,174
S_STR06933,S_U0019,S0044,2026-02-18 15:32:19.565259,312
S_STR06934,S_U0012,S0036,2026-02-01 09:32:28.886574,181
S_STR06935,S_U0028,S0010,2026-02-17 18:41:34.329322,127
S_STR06936,S_U0044,S0008,2026-02-28 15:19:23.504645,22
S_STR06937,S_U0024,S0034,2026-02-25 00:13:58.444281,113
S_STR06938,S_U0067,S0042,2026-02-09 01:19:16.440834,26
S_STR06939,S_U0065,S0031,2026-02-26 14:32:30.741878,78
S_STR06940,S_U0089,S0018,2026-02-12 02:29:30.539754,123
S_STR06941,S_U0057,S0042,2026-02-06 08:41:27.318862,121
S_STR06942,S_U0038,S0008,2026-02-24 08:07:09.360274,101
S_STR06943,S_U0092,S0032,2026-02-25 06:16:11.104180,58
S_STR06944,S_U0063,S0041,2026-02-12 22:16:39.624365,31
S_STR06945,S_U0029,S0038,2026-02-12 03:14:28.709006,131
S_STR06946,S_U0010,S0041,2026-02-16 22:42:41.968013,8
S_STR06947,S_U0041,S0018,2026-02-02 04:11:37.366830,22
S_STR06948,S_U0074,S0032,2026-02-17 13:14:51.560564,278
S_STR06949,S_U0080,S0041,2026-02-26 00:34:18.595819,133
S_STR06950,S_U0084,S0037,2026-02-04 00:05:48.117679,62
S_STR06951,S_U0068,S0049,2026-02-07 15:20:09.130929,85
S_STR06952,S_U0032,S0021,2026-02-26 12:18:35.429223,182
S_STR06953,S_U0023,S0048,2026-02-05 06:35:00.114445,52
S_STR06954,S_U0016,S0036,2026-02-13 06:45:41.030603,32
S_STR06955,S_U0040,S0044,2026-02-20 08:18:45.844113,343
S_STR06956,S_U0003,S0043,2026-02-23 17:50:43.376896,16
S_STR06957,S_U0010,S0017,2026-02-21 04:39:22.172951,84
S_STR06958,S_U0022,S0048,2026-02-27 20:31:00.529995,114
S_STR06959,S_U0073,S0025,2026-02-03 09:06:26.236373,68
S_STR06960,S_U0069,S0046,2026-02-08 10:31:57.643977,127
S_STR06961,S_U0065,S0043,2026-02-16 20:47:18.942415,123
S_STR06962,S_U0045,S0011,2026-02-10 11:23:23.741117,19
S_STR06963,S_U0001,S0029,2026-02-24 19:52:49.496545,237
S_STR06964,S_U0032,S0027,2026-02-12 08:43:12.292594,73
S_STR06965,S_U0058,S0046,2026-02-15 15:39:33.353244,54
S_STR06966,S_U0018,S0038,2026-01-31 17:58:52.574173,59
S_STR06967,S_U0046,S0033,2026-02-27 21:35:56.657463,163
S_STR06968,S_U0052,S0043,2026-02-04 12:31:44.163098,24
S_STR06969,S_U0082,S0040,2026-02-27 14:42:23.137225,54
S_STR06970,S_U0053,S0045,2026-01-31 17:13:32.272109,171
S_STR06971,S_U0043,S0042,2026-02-09 20:02:44.890685,54
S_STR06972,S_U0036,S0035,2026-02-24 04:14:37.023587,33
S_STR06973,S_U0083,S0049,2026-02-23 07:24:38.787198,231
S_STR06974,S_U0049,S0003,2026-02-19 16:30:02.373704,58
S_STR06975,S_U0055,S0007,2026-02-23 09:37:32.724548,174
S_STR06976,S_U0096,S0048,2026-02-13 22:32:44.574148,63
S_STR06977,S_U0008,S0044,2026-01-31 11:37:02.845099,18
S_STR06978,S_U0033,S0014,2026-02-07 12:28:55.727168,120
S_STR06979,S_U0085,S0023,2026-02-23 16:54:58.478586,24
S_STR06980,S_U0010,S0043,2026-02-16 03:19:02.829930,83
S_STR06981,S_U0026,S0015,2026-02-26 16:53:51.533921,58
S_STR06982,S_U0023,S0038,2026-02-02 13:39:28.287203,16
S_STR06983,S_U0065,S0028,2026-02-19 21:34:10.097300,90
S_STR06984,S_U0070,S0046,2026-02-16 06:11:26.824584,26
S_STR06985,S_U0093,S0040,2026-02-16 12:57:23.809625,10
S_STR06986,S_U0034,S0033,2026-02-20 08:42:54.969373,249
S_STR06987,S_U0049,S0045,2026-02-04 14:01:35.918428,174
S_STR06988,S_U0091,S0027,2026-03-02 07:55:32.144418,140
S_STR06989,S_U0075,S0041,2026-02-27 22:14:32.824871,131
S_STR06990,S_U0096,S0017,2026-02-02 11:24:26.024209,114
S_STR06991,S_U0078,S0030,2026-02-16 17:47:42.216801,55
S_STR06992,S_U0068,S0042,2026-02-20 18:09:37.929843,94
S_STR06993,S_U0031,S0043,2026-03-02 07:24:22.214077,181
S_STR06994,S_U0011,S0006,2026-02-06 05:03:33.193595,99
S_STR06995,S_U0083,S0042,2026-03-01 03:50:24.415129,212
S_STR06996,S_U0045,S0037,2026-02-14 12:59:35.543299,120
S_STR06997,S_U0075,S0010,2026-02-05 15:06:18.841109,145
S_STR06998,S_U0040,S0032,2026-02-01 22:44:49.304594,104
S_STR06999,S_U0064,S0048,2026-02-26 22:01:58.007315,23
S_STR07000,S_U0076,S0050,2026-02-23 17:16:42.287450,41
S_STR07001,S_U0093,S0038,2026-02-16 23:08:08.056947,80
S_STR07002,S_U0028,S0049,2026-02-21 17:57:13.576805,93
S_STR07003,S_U0052,S0047,2026-02-28 22:00:05.723933,123
S_STR07004,S_U0093,S0007,2026-02-10 16:32:31.019199,46
S_STR07005,S_U0062,S0050,2026-02-11 11:19:18.128252,117
S_STR07006,S_U0054,S0030,2026-02-03 21:32:04.338760,271
S_STR07007,S_U0058,S0012,2026-02-23 20:47:56.354933,15
S_STR07008,S_U0012,S0022,2026-03-01 05:47:09.902665,42
S_STR07009,S_U0043,S0022,2026-02-24 06:11:22.292046,282
S_STR07010,S_U0004,S0035,2026-02-02 10:46:51.994958,53
S_STR07011,S_U0020,S0049,2026-02-16 09:51:12.430610,10
S_STR07012,S_U0077,S0021,2026-02-28 00:13:29.166767,160
S_STR07013,S_U0067,S0045,2026-02-17 07:07:41.161428,190
S_STR07014,S_U0042,S0046,2026-02-18 15:07:42.998481,57
S_STR07015,S_U0004,S0020,2026-02-14 13:42:10.750004,191
S_STR07016,S_U0045,S0047,2026-02-03 15:49:44.583194,69
S_STR07017,S_U0053,S0029,2026-02-09 03:08:18.280317,87
S_STR07018,S_U0078,S0045,2026-03-02 05:22:46.787014,51
S_STR07019,S_U0044,S0017,2026-02-16 22:43:21.987873,35
S_STR07020,S_U0024,S0026,2026-03-01 01:25:27.530853,38
S_STR07021,S_U0034,S0044,2026-02-10 21:24:42.315573,140
S_STR07022,S_U0001,S0032,2026-02-25 01:36:19.171201,32
S_STR07023,S_U0098,S0042,2026-02-12 09:10:02.237975,79
S_STR07024,S_U0058,S0038,2026-02-13 13:25:46.844440,44
S_STR07025,S_U0080,S0042,2026-02-02 12:21:20.014587,208
S_STR07026,S_U0041,S0050,2026-02-10 03:47:31.930754,277
S_STR07027,S_U0075,S0049,2026-03-01 15:36:48.117738,188
S_STR07028,S_U0052,S0019,2026-02-21 23:37:04.999402,191
S_STR07029,S_U0060,S0045,2026-02-21 03:11:03.261997,110
S_STR07030,S_U0097,S0012,2026-02-15 04:55:50.880951,282
S_STR07031,S_U0095,S0039,2026-02-06 03:55:28.230819,56
S_STR07032,S_U0066,S0027,2026-02-14 21:00:27.024882,121
S_STR07033,S_U0052,S0043,2026-02-05 00:57:10.871554,149
S_STR07034,S_U0029,S0026,2026-02-27 23:20:13.417551,89
S_STR07035,S_U0062,S0027,2026-03-01 23:40:22.748766,54
S_STR07036,S_U0062,S0037,2026-02-20 07:36:58.208261,10
S_STR07037,S_U0071,S0045,2026-02-15 05:34:06.646461,95
S_STR07038,S_U0001,S0036,2026-02-12 05:08:52.412518,208
S_STR07039,S_U0037,S0044,2026-02-17 17:54:40.807217,101
S_STR07040,S_U0003,S0033,2026-02-27 06:11:32.845279,94
S_STR07041,S_U0082,S0009,2026-02-28 00:18:19.042691,95
S_STR07042,S_U0082,S0014,2026-02-25 13:50:57.285264,147
S_STR07043,S_U0008,S0015,2026-02-17 07:58:34.395667,53
S_STR07044,S_U0082,S0045,2026-02-09 01:56:19.640847,93
S_STR07045,S_U0079,S0046,2026-02-16 07:01:42.301831,69
S_STR07046,S_U0008,S0042,2026-02-24 23:08:40.436843,114
S_STR07047,S_U0064,S0032,2026-02-21 07:26:11.981159,259
S_STR07048,S_U0062,S0023,2026-02-27 04:30:27.685914,18
S_STR07049,S_U0085,S0040,2026-01-31 14:34:50.758523,105
S_STR07050,S_U0004,S0027,2026-02-12 01:31:22.185797,93
S_STR07051,S_U0053,S0043,2026-02-08 16:33:19.379748,114
S_STR07052,S_U0098,S0039,2026-02-05 05:43:02.800408,63
S_STR07053,S_U0078,S0045,2026-02-02 22:35:33.783723,176
S_STR07054,S_U0057,S0037,2026-02-08 06:37:03.043721,110
S_STR07055,S_U0063,S0034,2026-02-03 02:15:41.195119,95
S_STR07056,S_U0072,S0045,2026-02-28 12:31:51.881201,233
S_STR07057,S_U0005,S0021,2026-02-28 10:30:22.629170,215
S_STR07058,S_U0065,S0033,2026-02-02 07:06:03.323322,59
S_STR07059,S_U0070,S0021,2026-03-01 05:59:41.027120,216
S_STR07060,S_U0016,S0039,2026-02-01 15:14:30.809630,55
S_STR07061,S_U0082,S0007,2026-02-23 21:53:43.196934,117
S_STR07062,S_U0004,S0020,2026-02-08 22:59:43.389259,120
S_STR07063,S_U0093,S0015,2026-02-10 05:17:01.619875,213
S_STR07064,S_U0052,S0050,2026-02-05 14:40:47.963072,268
S_STR07065,S_U0079,S0016,2026-02-04 00:49:07.910814,97
S_STR07066,S_U0027,S0030,2026-02-28 21:08:47.368602,44
S_STR07067,S_U0041,S0013,2026-02-26 23:52:13.567547,291
S_STR07068,S_U0060,S0037,2026-02-01 13:57:08.499012,136
S_STR07069,S_U0056,S0009,2026-02-15 10:53:33.958687,111
S_STR07070,S_U0030,S0050,2026-02-15 15:41:42.037293,38
S_STR07071,S_U0079,S0043,2026-02-13 00:38:40.059993,69
S_STR07072,S_U0007,S0032,2026-02-09 15:35:52.765036,48
S_STR07073,S_U0054,S0049,2026-02-09 10:34:07.228926,43
S_STR07074,S_U0023,S0050,2026-02-10 12:06:14.201677,272
S_STR07075,S_U0039,S0042,2026-03-01 00:47:38.987862,123
S_STR07076,S_U0051,S0045,2026-02-04 09:23:55.052661,68
S_STR07077,S_U0063,S0021,2026-02-24 14:00:07.748077,10
S_STR07078,S_U0032,S0041,2026-02-16 06:54:37.582134,63
S_STR07079,S_U0034,S0036,2026-02-05 09:02:05.624429,140
S_STR07080,S_U0055,S0034,2026-02-04 06:38:53.008658,77
S_STR07081,S_U0063,S0037,2026-02-15 02:10:43.742409,274
S_STR07082,S_U0068,S0030,2026-02-19 01:41:04.451274,24
S_STR07083,S_U0015,S0045,2026-02-21 12:09:29.202109,189
S_STR07084,S_U0013,S0029,2026-02-14 09:11:40.626395,194
S_STR07085,S_U0021,S0015,2026-02-11 02:24:47.668515,163
S_STR07086,S_U0028,S0033,2026-02-26 02:51:26.108383,118
S_STR07087,S_U0019,S0020,2026-02-10 04:22:08.681800,247
S_STR07088,S_U0068,S0017,2026-02-21 11:28:02.879562,131
S_STR07089,S_U0098,S0018,2026-02-10 19:14:13.662509,166
S_STR07090,S_U0048,S0009,2026-02-17 10:24:23.164994,7
S_STR07091,S_U0061,S0049,2026-02-01 01:50:10.832628,201
S_STR07092,S_U0030,S0019,2026-02-20 16:02:08.848530,19
S_STR07093,S_U0035,S0037,2026-02-07 20:46:53.088606,168
S_STR07094,S_U0014,S0030,2026-02-26 06:56:48.397200,195
S_STR07095,S_U0100,S0035,2026-02-03 13:01:46.825504,42
S_STR07096,S_U0040,S0045,2026-02-28 20:57:50.713944,221
S_STR07097,S_U0021,S0033,2026-01-31 21:27:05.371186,15
S_STR07098,S_U0005,S0045,2026-02-09 09:59:51.505529,54
S_STR07099,S_U0082,S0027,2026-02-05 12:46:27.436978,22
S_STR07100,S_U0065,S0046,2026-02-17 00:04:31.570106,37
S_STR07101,S_U0090,S0044,2026-02-20 21:44:59.189234,328
S_STR07102,S_U0096,S0021,2026-02-21 09:32:00.942234,59
S_STR07103,S_U0098,S0037,2026-02-04 21:23:36.160604,254
S_STR07104,S_U0045,S0019,2026-02-26 04:36:40.508922,29
S_STR07105,S_U0055,S0045,2026-02-09 11:14:53.782259,84
S_STR07106,S_U0021,S0050,2026-02-10 20:10:32.579084,125
S_STR07107,S_U0014,S0044,2026-02-13 21:50:37.680125,198
S_STR07108,S_U0075,S0050,2026-02-18 06:38:53.522814,292
S_STR07109,S_U0014,S0007,2026-02-07 03:18:08.192823,248
S_STR07110,S_U0017,S0046,2026-02-27 19:00:42.472914,31
S_STR07111,S_U0026,S0037,2026-02-07 22:20:28.129025,143
S_STR07112,S_U0100,S0026,2026-02-02 11:36:24.209285,156
S_STR07113,S_U0089,S0022,2026-02-11 12:43:28.790648,146
S_STR07114,S_U0072,S0008,2026-03-01 01:45:26.396668,320
S_STR07115,S_U0013,S0021,2026-03-01 23:15:20.433472,84
S_STR07116,S_U0066,S0042,2026-02-27 19:14:31.064584,149
S_STR07117,S_U0095,S0034,2026-02-24 14:59:12.521179,39
S_STR07118,S_U0068,S0017,2026-02-14 06:16:05.862454,28
S_STR07119,S_U0021,S0020,2026-03-01 02:51:46.321273,125
S_STR07120,S_U0049,S0020,2026-01-31 12:20:59.004828,232
S_STR07121,S_U0021,S0016,2026-02-07 22:07:57.775398,72
S_STR07122,S_U0083,S0043,2026-02-07 20:47:47.908111,13
S_STR07123,S_U0065,S0042,2026-02-20 05:38:33.991505,94
S_STR07124,S_U0084,S0034,2026-02-13 13:07:00.651861,83
S_STR07125,S_U0095,S0041,2026-02-20 00:11:18.178875,147
S_STR07126,S_U0072,S0048,2026-02-22 01:17:24.330401,80
S_STR07127,S_U0034,S0050,2026-02-04 00:39:29.427844,111
S_STR07128,S_U0026,S0042,2026-02-23 02:18:07.866494,101
S_STR07129,S_U0061,S0032,2026-02-05 06:41:56.974008,209
S_STR07130,S_U0002,S0020,2026-02-09 09:24:45.368245,116
S_STR07131,S_U0012,S0030,2026-02-19 01:53:36.923822,82
S_STR07132,S_U0014,S0048,2026-02-08 09:14:54.119551,56
S_STR07133,S_U0036,S0033,2026-02-09 11:14:32.370148,266
S_STR07134,S_U0094,S0021,2026-02-12 04:12:36.906573,29
S_STR07135,S_U0058,S0043,2026-02-16 17:19:41.077326,192
S_STR07136,S_U0038,S0046,2026-02-09 08:20:13.205014,91
S_STR07137,S_U0031,S0041,2026-02-01 04:24:34.245765,56
S_STR07138,S_U0071,S0040,2026-02-28 22:32:39.442537,24
S_STR07139,S_U0099,S0046,2026-02-02 16:25:42.479103,28
S_STR07140,S_U0070,S0019,2026-02-11 01:06:46.773757,234
S_STR07141,S_U0040,S0004,2026-02-09 05:21:31.500990,142
S_STR07142,S_U0027,S0048,2026-02-05 08:59:19.230312,99
S_STR07143,S_U0037,S0046,2026-02-27 05:15:53.835402,84
S_STR07144,S_U0073,S0047,2026-02-26 23:31:36.506950,9
S_STR07145,S_U0075,S0045,2026-02-08 16:15:57.816331,108
S_STR07146,S_U0023,S0035,2026-02-24 08:12:14.363007,100
S_STR07147,S_U0045,S0048,2026-02-24 01:08:51.384956,89
S_STR07148,S_U0034,S0041,2026-02-05 22:02:34.050007,73
S_STR07149,S_U0035,S0028,2026-02-04 23:23:27.665183,133
S_STR07150,S_U0049,S0029,2026-02-18 23:09:03.791808,114
S_STR07151,S_U0085,S0039,2026-02-12 04:24:51.078788,158
S_STR07152,S_U0089,S0019,2026-02-03 10:51:59.135424,58
S_STR07153,S_U0042,S0050,2026-02-08 05:24:38.109951,20
S_STR07154,S_U0099,S0045,2026-02-21 10:21:52.277578,238
S_STR07155,S_U0043,S0045,2026-02-05 11:42:30.992834,102
S_STR07156,S_U0096,S0019,2026-02-18 00:41:39.751908,163
S_STR07157,S_U0015,S0016,2026-02-20 02:05:40.315788,152
S_STR07158,S_U0032,S0028,2026-02-20 20:52:53.013491,105
S_STR07159,S_U0068,S0030,2026-02-07 10:10:08.789494,211
S_STR07160,S_U0012,S0037,2026-02-09 20:01:08.668900,125
S_STR07161,S_U0022,S0033,2026-02-02 11:11:50.113541,164
S_STR07162,S_U0084,S0033,2026-02-10 02:57:44.953796,153
S_STR07163,S_U0020,S0027,2026-02-23 18:36:36.590113,88
S_STR07164,S_U0035,S0025,2026-02-20 13:45:05.833048,98
S_STR07165,S_U0034,S0035,2026-02-05 17:15:48.147480,63
S_STR07166,S_U0026,S0009,2026-02-11 03:17:56.626554,191
S_STR07167,S_U0027,S0044,2026-02-08 18:49:12.331668,45
S_STR07168,S_U0036,S0036,2026-02-19 22:37:07.821982,199
S_STR07169,S_U0036,S0034,2026-02-21 05:37:46.938799,108
S_STR07170,S_U0040,S0025,2026-02-04 08:36:00.076955,54
S_STR07171,S_U0001,S0032,2026-02-09 09:21:54.823191,70
S_STR07172,S_U0012,S0024,2026-02-03 07:04:28.593032,184
S_STR07173,S_U0060,S0034,2026-02-03 07:30:52.088537,30
S_STR07174,S_U0024,S0038,2026-02-25 11:02:23.877566,102
S_STR07175,S_U0039,S0049,2026-03-01 14:25:22.300979,122
S_STR07176,S_U0031,S0040,2026-02-17 02:56:37.156129,77
S_STR07177,S_U0072,S0029,2026-02-20 06:18:23.360675,33
S_STR07178,S_U0019,S0042,2026-02-20 04:10:42.685850,195
S_STR07179,S_U0036,S0040,2026-02-23 13:41:40.220130,238
S_STR07180,S_U0054,S0045,2026-02-28 10:37:44.608115,154
S_STR07181,S_U0038,S0028,2026-02-11 15:10:53.948486,187
S_STR07182,S_U0080,S0035,2026-02-13 04:36:20.546849,112
S_STR07183,S_U0099,S0024,2026-02-06 11:26:09.060532,167
S_STR07184,S_U0097,S0026,2026-02-06 22:54:53.141989,168
S_STR07185,S_U0097,S0015,2026-02-10 11:44:32.928586,238
S_STR07186,S_U0062,S0048,2026-03-02 02:26:32.760189,45
S_STR07187,S_U0024,S0048,2026-02-01 06:36:12.253443,103
S_STR07188,S_U0009,S0030,2026-02-14 13:15:49.419095,179
S_STR07189,S_U0023,S0035,2026-02-06 08:25:53.696782,12
S_STR07190,S_U0059,S0023,2026-02-10 19:36:10.490458,39
S_STR07191,S_U0070,S0025,2026-02-11 23:38:04.714208,39
S_STR07192,S_U0079,S0020,2026-03-01 22:14:46.062246,23
S_STR07193,S_U0036,S0044,2026-02-07 07:32:25.636192,282
S_STR07194,S_U0035,S0047,2026-02-08 09:26:56.110249,177
S_STR07195,S_U0014,S0031,2026-02-24 11:29:01.821681,132
S_STR07196,S_U0047,S0028,2026-02-25 23:09:15.055411,129
S_STR07197,S_U0081,S0040,2026-02-23 14:27:28.674345,194
S_STR07198,S_U0032,S0036,2026-02-09 18:07:54.922515,242
S_STR07199,S_U0036,S0041,2026-02-25 14:16:57.445153,82
S_STR07200,S_U0076,S0027,2026-03-02 11:07:10.921746,146
S_STR07201,S_U0041,S0047,2026-02-13 01:46:14.276714,12
S_STR07202,S_U0099,S0043,2026-02-20 17:42:51.807806,113
S_STR07203,S_U0028,S0048,2026-02-01 04:51:35.755206,12
S_STR07204,S_U0092,S0032,2026-02-16 02:19:31.756600,207
S_STR07205,S_U0085,S0048,2026-02-06 20:13:58.929359,108
S_STR07206,S_U0063,S0025,2026-02-21 07:10:04.860746,14
S_STR07207,S_U0096,S0040,2026-02-22 22:04:32.574904,242
S_STR07208,S_U0031,S0036,2026-02-28 23:09:23.362229,26
S_STR07209,S_U0051,S0031,2026-02-02 12:51:32.106861,81
S_STR07210,S_U0001,S0032,2026-02-28 19:12:16.322370,62
S_STR07211,S_U0033,S0024,2026-02-27 06:40:14.150090,102
S_STR07212,S_U0051,S0004,2026-02-06 20:37:40.308562,199
S_STR07213,S_U0031,S0043,2026-02-28 16:59:15.097182,59
S_STR07214,S_U0100,S0006,2026-02-04 02:05:47.408760,46
S_STR07215,S_U0067,S0022,2026-02-14 03:51:41.986646,172
S_STR07216,S_U0092,S0044,2026-02-26 18:56:45.041483,217
S_STR07217,S_U0032,S0027,2026-02-19 10:12:49.906768,122
S_STR07218,S_U0090,S0038,2026-02-19 20:25:47.878106,110
S_STR07219,S_U0046,S0045,2026-02-06 23:58:27.894452,17
S_STR07220,S_U0008,S0050,2026-02-05 13:16:36.388451,223
S_STR07221,S_U0046,S0050,2026-02-25 01:22:34.533034,94
S_STR07222,S_U0045,S0028,2026-02-09 04:58:21.024451,175
S_STR07223,S_U0065,S0047,2026-02-18 01:10:18.776959,38
S_STR07224,S_U0078,S0037,2026-02-14 21:56:37.479519,37
S_STR07225,S_U0022,S0040,2026-02-04 03:41:18.264170,40
S_STR07226,S_U0052,S0042,2026-02-09 06:07:27.095131,181
S_STR07227,S_U0082,S0003,2026-02-28 20:10:22.875450,54
S_STR07228,S_U0087,S0043,2026-02-12 06:31:23.173819,163
S_STR07229,S_U0066,S0035,2026-02-07 12:55:55.117812,68
S_STR07230,S_U0040,S0006,2026-03-01 23:00:39.656440,343
S_STR07231,S_U0057,S0050,2026-02-13 02:05:04.516135,237
S_STR07232,S_U0046,S0045,2026-02-09 23:24:36.378283,148
S_STR07233,S_U0040,S0040,2026-03-01 02:39:40.215290,164
S_STR07234,S_U0076,S0032,2026-02-08 18:09:17.221671,112
S_STR07235,S_U0018,S0032,2026-02-14 12:46:50.100293,277
S_STR07236,S_U0085,S0014,2026-02-09 13:59:09.885136,213
S_STR07237,S_U0033,S0026,2026-02-21 03:44:04.668141,127
S_STR07238,S_U0017,S0047,2026-02-13 09:10:19.208341,71
S_STR07239,S_U0026,S0037,2026-02-15 05:33:22.526184,250
S_STR07240,S_U0084,S0050,2026-02-16 20:03:05.887048,110
S_STR07241,S_U0032,S0026,2026-02-12 12:03:11.875552,32
S_STR07242,S_U0086,S0032,2026-02-20 19:40:03.596768,165
S_STR07243,S_U0023,S0048,2026-02-26 16:58:59.236524,67
S_STR07244,S_U0054,S0043,2026-02-23 18:07:18.903093,95
S_STR07245,S_U0068,S0012,2026-02-21 17:05:41.560674,201
S_STR07246,S_U0083,S0038,2026-02-14 12:13:36.355857,70
S_STR07247,S_U0026,S0037,2026-02-24 05:28:29.985372,206
S_STR07248,S_U0056,S0038,2026-02-20 10:35:40.324289,84
S_STR07249,S_U0007,S0043,2026-02-18 07:39:31.740671,130
S_STR07250,S_U0046,S0034,2026-02-15 20:42:40.070105,110
S_STR07251,S_U0012,S0014,2026-01-31 17:00:02.812485,15
S_STR07252,S_U0082,S0022,2026-02-23 15:14:30.900603,124
S_STR07253,S_U0015,S0007,2026-02-26 15:59:21.600418,176
S_STR07254,S_U0079,S0045,2026-02-18 01:48:10.127234,179
S_STR07255,S_U0055,S0026,2026-02-19 10:54:06.113298,27
S_STR07256,S_U0090,S0042,2026-02-13 19:37:26.342773,121
S_STR07257,S_U0021,S0039,2026-01-31 22:13:37.162765,31
S_STR07258,S_U0002,S0015,2026-02-08 02:31:18.017815,215
S_STR07259,S_U0058,S0049,2026-02-25 05:48:24.260392,208
S_STR07260,S_U0054,S0029,2026-02-02 16:51:25.195710,63
S_STR07261,S_U0049,S0040,2026-02-28 17:24:58.121949,151
S_STR07262,S_U0068,S0048,2026-02-07 15:11:42.490063,46
S_STR07263,S_U0091,S0043,2026-02-15 08:33:02.414386,169
S_STR07264,S_U0058,S0041,2026-02-20 19:16:47.130898,150
S_STR07265,S_U0027,S0044,2026-02-08 20:25:36.341236,105
S_STR07266,S_U0024,S0049,2026-02-04 06:31:38.232592,195
S_STR07267,S_U0078,S0034,2026-02-01 09:54:48.957473,6
S_STR07268,S_U0097,S0041,2026-02-16 00:41:36.647521,17
S_STR07269,S_U0071,S0026,2026-02-26 03:04:54.677330,113
S_STR07270,S_U0046,S0042,2026-02-23 02:33:26.710056,154
S_STR07271,S_U0001,S0028,2026-02-28 17:21:37.623520,78
S_STR07272,S_U0053,S0034,2026-02-05 10:47:41.506508,51
S_STR07273,S_U0035,S0018,2026-02-24 06:06:49.960331,103
S_STR07274,S_U0027,S0037,2026-02-24 09:53:47.088796,241
S_STR07275,S_U0010,S0043,2026-02-10 02:40:18.873650,50
S_STR07276,S_U0072,S0032,2026-02-06 01:24:05.777499,267
S_STR07277,S_U0048,S0046,2026-02-18 10:21:11.923379,73
S_STR07278,S_U0056,S0038,2026-02-05 23:33:05.310977,44
S_STR07279,S_U0083,S0021,2026-02-14 17:30:46.688122,148
S_STR07280,S_U0087,S0036,2026-02-22 16:42:39.071172,172
S_STR07281,S_U0015,S0026,2026-02-24 19:14:49.937247,77
S_STR07282,S_U0048,S0027,2026-02-23 06:46:47.045538,121
S_STR07283,S_U0052,S0024,2026-02-11 23:02:14.550264,124
S_STR07284,S_U0004,S0033,2026-02-16 23:32:29.453263,271
S_STR07285,S_U0039,S0047,2026-02-01 15:28:32.608271,14
S_STR07286,S_U0082,S0017,2026-02-19 03:33:53.425474,77
S_STR07287,S_U0052,S0026,2026-02-08 00:06:11.063646,61
S_STR07288,S_U0081,S0049,2026-02-20 19:37:18.904012,20
S_STR07289,S_U0020,S0035,2026-02-24 04:54:20.308345,14
S_STR07290,S_U0068,S0039,2026-02-23 19:16:10.809526,128
S_STR07291,S_U0038,S0049,2026-02-04 18:49:10.017236,10
S_STR07292,S_U0012,S0007,2026-02-12 22:50:58.277418,131
S_STR07293,S_U0082,S0037,2026-02-17 15:38:45.440823,150
S_STR07294,S_U0061,S0038,2026-02-17 17:18:31.325915,68
S_STR07295,S_U0052,S0045,2026-02-19 05:31:57.338466,138
S_STR07296,S_U0098,S0023,2026-02-22 16:25:30.638415,123
S_STR07297,S_U0013,S0025,2026-02-04 15:12:34.428077,94
S_STR07298,S_U0017,S0021,2026-02-27 00:23:07.110293,119
S_STR07299,S_U0055,S0037,2026-02-21 23:16:55.761246,244
S_STR07300,S_U0034,S0044,2026-02-12 14:08:47.509326,155
S_STR07301,S_U0019,S0043,2026-02-26 19:11:11.882728,174
S_STR07302,S_U0045,S0049,2026-02-16 05:36:56.894034,175
S_STR07303,S_U0010,S0044,2026-02-10 14:06:54.787951,31
S_STR07304,S_U0081,S0047,2026-02-08 01:45:31.166738,122
S_STR07305,S_U0017,S0031,2026-02-13 20:10:21.774241,119
S_STR07306,S_U0097,S0044,2026-02-01 13:18:45.100044,71
S_STR07307,S_U0063,S0009,2026-02-13 14:05:51.608682,212
S_STR07308,S_U0036,S0015,2026-02-01 03:33:44.050845,193
S_STR07309,S_U0012,S0048,2026-02-09 09:42:43.101240,95
S_STR07310,S_U0017,S0050,2026-02-09 05:04:16.195049,129
S_STR07311,S_U0020,S0050,2026-02-23 18:43:14.871021,12
S_STR07312,S_U0036,S0036,2026-02-21 18:50:56.179371,65
S_STR07313,S_U0097,S0033,2026-02-17 21:37:09.738197,345
S_STR07314,S_U0019,S0049,2026-02-10 04:04:44.602037,15
S_STR07315,S_U0025,S0031,2026-02-02 18:29:53.100105,131
S_STR07316,S_U0015,S0038,2026-02-02 16:25:12.340045,16
S_STR07317,S_U0009,S0034,2026-02-25 17:32:22.884695,100
S_STR07318,S_U0028,S0018,2026-02-10 21:40:39.360078,35
S_STR07319,S_U0019,S0041,2026-02-27 03:11:31.753351,15
S_STR07320,S_U0063,S0033,2026-02-26 16:35:01.568776,272
S_STR07321,S_U0088,S0045,2026-03-01 00:53:50.819592,247
S_STR07322,S_U0037,S0015,2026-02-18 22:42:49.698357,87
S_STR07323,S_U0018,S0039,2026-02-21 23:29:01.071531,166
S_STR07324,S_U0047,S0033,2026-03-01 02:08:29.602710,194
S_STR07325,S_U0059,S0050,2026-02-08 12:49:51.682114,47
S_STR07326,S_U0045,S0017,2026-03-02 09:39:04.106286,127
S_STR07327,S_U0007,S0035,2026-02-21 10:23:39.045625,116
S_STR07328,S_U0048,S0039,2026-02-07 02:07:35.587027,98
S_STR07329,S_U0058,S0022,2026-02-27 13:29:00.190762,63
S_STR07330,S_U0015,S0034,2026-02-10 14:11:36.451497,29
S_STR07331,S_U0006,S0042,2026-02-18 03:05:46.640304,67
S_STR07332,S_U0091,S0047,2026-02-07 07:39:17.109062,163
S_STR07333,S_U0045,S0016,2026-02-09 03:01:31.179619,61
S_STR07334,S_U0097,S0050,2026-02-21 07:41:12.979221,145
S_STR07335,S_U0022,S0015,2026-02-03 19:12:18.484436,251
S_STR07336,S_U0049,S0048,2026-02-20 07:27:47.841849,101
S_STR07337,S_U0052,S0045,2026-02-10 15:30:38.675623,28
S_STR07338,S_U0001,S0014,2026-02-13 05:09:48.726268,40
S_STR07339,S_U0070,S0049,2026-02-01 04:53:08.621579,186
S_STR07340,S_U0051,S0012,2026-02-03 01:10:36.565955,85
S_STR07341,S_U0088,S0036,2026-02-23 20:11:58.498443,198
S_STR07342,S_U0083,S0018,2026-02-07 08:43:43.510669,26
S_STR07343,S_U0048,S0021,2026-02-14 14:36:06.266070,182
S_STR07344,S_U0060,S0042,2026-02-17 03:46:54.118407,178
S_STR07345,S_U0003,S0038,2026-02-21 02:13:20.199394,66
S_STR07346,S_U0055,S0038,2026-02-13 16:06:05.888726,136
S_STR07347,S_U0003,S0030,2026-02-20 06:33:56.492731,250
S_STR07348,S_U0097,S0043,2026-02-20 06:46:49.282543,9
S_STR07349,S_U0018,S0004,2026-02-22 03:53:43.695621,258
S_STR07350,S_U0099,S0044,2026-02-27 19:08:12.335625,228
S_STR07351,S_U0005,S0032,2026-02-08 10:28:07.378323,111
S_STR07352,S_U0090,S0030,2026-02-21 11:25:38.257365,143
S_STR07353,S_U0024,S0040,2026-02-06 05:04:21.699391,132
S_STR07354,S_U0005,S0042,2026-02-17 02:01:25.663697,64
S_STR07355,S_U0001,S0037,2026-02-01 22:42:11.473501,69
S_STR07356,S_U0074,S0034,2026-02-20 14:13:06.134563,37
S_STR07357,S_U0066,S0017,2026-02-21 14:34:52.120774,39
S_STR07358,S_U0058,S0040,2026-02-24 14:24:12.046297,211
S_STR07359,S_U0079,S0037,2026-03-02 06:00:13.193114,283
S_STR07360,S_U0035,S0043,2026-02-22 13:48:13.294586,142
S_STR07361,S_U0069,S0022,2026-02-10 16:07:49.934711,180
S_STR07362,S_U0042,S0050,2026-02-18 02:22:39.775085,195
S_STR07363,S_U0064,S0012,2026-02-02 03:28:31.591774,292
S_STR07364,S_U0025,S0041,2026-02-01 19:35:10.395417,19
S_STR07365,S_U0068,S0038,2026-02-16 05:49:58.366357,53
S_STR07366,S_U0017,S0039,2026-02-17 13:59:33.803737,94
S_STR07367,S_U0087,S0045,2026-02-06 18:10:29.826808,11
S_STR07368,S_U0082,S0034,2026-02-27 03:25:30.684537,23
S_STR07369,S_U0052,S0049,2026-02-03 15:02:17.738191,144
S_STR07370,S_U0014,S0047,2026-02-01 10:13:05.925195,39
S_STR07371,S_U0009,S0042,2026-02-28 17:12:40.813312,200
S_STR07372,S_U0070,S0044,2026-02-27 12:14:44.302388,47
S_STR07373,S_U0081,S0049,2026-03-01 03:46:02.305418,30
S_STR07374,S_U0055,S0032,2026-01-31 15:06:57.332744,217
S_STR07375,S_U0040,S0016,2026-02-01 02:34:31.840351,19
S_STR07376,S_U0063,S0039,2026-02-21 22:43:55.491108,32
S_STR07377,S_U0027,S0031,2026-02-09 13:42:19.867285,150
S_STR07378,S_U0089,S0030,2026-02-04 22:05:35.279610,60
S_STR07379,S_U0083,S0012,2026-02-14 22:49:37.289064,81
S_STR07380,S_U0016,S0042,2026-02-11 11:06:28.725406,178
S_STR07381,S_U0011,S0044,2026-02-26 13:13:07.424427,274
S_STR07382,S_U0018,S0043,2026-02-03 15:26:49.521523,117
S_STR07383,S_U0063,S0027,2026-02-08 02:07:07.045532,120
S_STR07384,S_U0016,S0040,2026-02-06 21:53:44.795146,99
S_STR07385,S_U0089,S0004,2026-02-11 18:16:35.082697,262
S_STR07386,S_U0082,S0031,2026-01-31 20:24:24.271301,46
S_STR07387,S_U0098,S0046,2026-03-01 22:05:45.938177,28
S_STR07388,S_U0061,S0024,2026-02-03 04:36:16.227024,123
S_STR07389,S_U0100,S0032,2026-02-22 17:28:36.826995,73
S_STR07390,S_U0019,S0019,2026-02-06 08:52:51.097818,230
S_STR07391,S_U0067,S0029,2026-03-01 13:44:26.134873,20
S_STR07392,S_U0019,S0036,2026-03-01 19:30:35.113983,199
S_STR07393,S_U0067,S0020,2026-02-13 11:26:47.411594,60
S_STR07394,S_U0092,S0042,2026-02-15 17:51:37.243564,61
S_STR07395,S_U0070,S0041,2026-02-19 13:12:44.271192,97
S_STR07396,S_U0068,S0021,2026-02-13 22:15:41.509051,29
S_STR07397,S_U0004,S0040,2026-02-05 13:14:39.696626,229
S_STR07398,S_U0042,S0024,2026-02-20 08:37:25.411438,211
S_STR07399,S_U0038,S0029,2026-02-16 08:32:37.168812,110
S_STR07400,S_U0091,S0036,2026-02-23 01:26:49.471946,192
S_STR07401,S_U0049,S0036,2026-02-26 09:20:01.984383,212
S_STR07402,S_U0097,S0039,2026-02-28 12:09:40.579061,131
S_STR07403,S_U0026,S0048,2026-02-13 09:17:59.054580,81
S_STR07404,S_U0076,S0041,2026-02-20 01:59:00.841457,147
S_STR07405,S_U0032,S0021,2026-02-19 18:05:41.111403,41
S_STR07406,S_U0022,S0030,2026-02-21 06:53:34.209072,221
S_STR07407,S_U0029,S0037,2026-03-01 13:56:22.923293,242
S_STR07408,S_U0005,S0040,2026-02-03 17:46:59.401458,100
S_STR07409,S_U0053,S0043,2026-02-21 13:46:53.839052,108
S_STR07410,S_U0095,S0044,2026-02-24 11:30:04.507321,90
S_STR07411,S_U0063,S0018,2026-02-11 03:08:45.603234,22
S_STR07412,S_U0054,S0043,2026-02-16 22:03:32.503768,86
S_STR07413,S_U0075,S0030,2026-02-06 07:35:26.503005,193
S_STR07414,S_U0083,S0039,2026-02-20 00:18:02.056470,98
S_STR07415,S_U0062,S0022,2026-02-16 11:28:57.793958,255
S_STR07416,S_U0096,S0042,2026-02-16 15:15:57.454652,106
S_STR07417,S_U0100,S0006,2026-02-21 09:26:16.738898,103
S_STR07418,S_U0066,S0042,2026-02-15 23:38:38.555414,8
S_STR07419,S_U0001,S0048,2026-02-23 05:23:08.393398,8
S_STR07420,S_U0066,S0035,2026-02-10 01:04:17.486962,52
S_STR07421,S_U0061,S0010,2026-02-26 12:39:12.507454,37
S_STR07422,S_U0098,S0042,2026-02-16 15:27:22.336592,112
S_STR07423,S_U0007,S0018,2026-02-24 00:41:32.116515,174
S_STR07424,S_U0017,S0025,2026-02-14 21:02:46.664821,140
S_STR07425,S_U0037,S0040,2026-02-09 02:20:24.524277,126
S_STR07426,S_U0033,S0016,2026-02-22 16:28:57.350363,19
S_STR07427,S_U0007,S0028,2026-01-31 20:09:38.624944,26
S_STR07428,S_U0035,S0029,2026-02-19 10:04:18.127154,254
S_STR07429,S_U0070,S0049,2026-02-03 00:56:08.812379,167
S_STR07430,S_U0077,S0026,2026-02-22 13:12:08.600841,71
S_STR07431,S_U0029,S0023,2026-02-15 10:45:26.102760,97
S_STR07432,S_U0064,S0037,2026-02-27 03:01:17.080326,165
S_STR07433,S_U0053,S0049,2026-02-24 04:36:17.100290,168
S_STR07434,S_U0050,S0039,2026-02-16 03:52:22.938527,90
S_STR07435,S_U0048,S0042,2026-02-03 21:09:33.819311,58
S_STR07436,S_U0040,S0033,2026-02-10 16:25:36.957302,136
S_STR07437,S_U0029,S0033,2026-02-07 14:16:21.066783,259
S_STR07438,S_U0093,S0032,2026-02-21 12:09:48.774404,50
S_STR07439,S_U0080,S0011,2026-01-31 16:05:56.081510,164
S_STR07440,S_U0003,S0038,2026-02-08 21:16:13.036162,132
S_STR07441,S_U0056,S0030,2026-02-25 13:23:40.402022,66
S_STR07442,S_U0100,S0008,2026-02-26 02:39:30.037417,230
S_STR07443,S_U0043,S0050,2026-03-01 13:36:23.005460,268
S_STR07444,S_U0051,S0038,2026-02-23 10:12:35.776086,144
S_STR07445,S_U0070,S0044,2026-02-12 19:41:23.706785,219
S_STR07446,S_U0070,S0046,2026-02-14 13:22:06.412509,22
S_STR07447,S_U0019,S0037,2026-02-11 21:58:09.620999,258
S_STR07448,S_U0021,S0048,2026-02-05 03:58:16.291565,49
S_STR07449,S_U0078,S0034,2026-02-16 06:45:21.558018,104
S_STR07450,S_U0057,S0045,2026-02-07 23:54:30.456518,207
S_STR07451,S_U0028,S0045,2026-02-17 00:51:52.937071,108
S_STR07452,S_U0031,S0038,2026-02-22 22:59:31.977248,97
S_STR07453,S_U0069,S0036,2026-02-04 19:32:54.570441,206
S_STR07454,S_U0069,S0043,2026-02-21 15:28:01.795673,117
S_STR07455,S_U0091,S0009,2026-02-14 20:53:17.329073,111
S_STR07456,S_U0093,S0022,2026-02-14 00:04:04.257251,170
S_STR07457,S_U0022,S0024,2026-02-25 03:07:44.719375,87
S_STR07458,S_U0092,S0044,2026-02-07 04:25:34.321152,298
S_STR07459,S_U0025,S0038,2026-02-10 01:36:15.953966,45
S_STR07460,S_U0040,S0022,2026-02-13 02:23:41.383080,214
S_STR07461,S_U0019,S0045,2026-02-01 04:22:16.771123,86
S_STR07462,S_U0085,S0035,2026-02-11 16:40:58.723315,79
S_STR07463,S_U0039,S0031,2026-02-17 04:08:03.586667,95
S_STR07464,S_U0011,S0039,2026-02-10 01:12:20.438083,31
S_STR07465,S_U0100,S0045,2026-02-26 06:47:35.285073,26
S_STR07466,S_U0066,S0033,2026-02-06 11:46:58.045576,130
S_STR07467,S_U0003,S0042,2026-02-13 12:21:55.352059,14
S_STR07468,S_U0039,S0047,2026-02-28 03:42:51.050125,92
S_STR07469,S_U0098,S0031,2026-02-03 12:16:43.262773,90
S_STR07470,S_U0015,S0049,2026-02-03 12:15:10.541597,44
S_STR07471,S_U0061,S0048,2026-02-01 06:18:55.213719,74
S_STR07472,S_U0049,S0047,2026-02-10 08:01:15.153921,27
S_STR07473,S_U0048,S0009,2026-02-27 12:12:56.312781,216
S_STR07474,S_U0021,S0029,2026-02-05 18:01:05.219135,113
S_STR07475,S_U0086,S0028,2026-02-01 05:12:12.193303,162
S_STR07476,S_U0097,S0028,2026-02-14 19:17:02.411037,177
S_STR07477,S_U0026,S0040,2026-02-19 11:36:51.838697,61
S_STR07478,S_U0006,S0049,2026-02-01 05:43:50.842408,229
S_STR07479,S_U0019,S0036,2026-02-16 09:05:15.211916,154
S_STR07480,S_U0011,S0037,2026-02-26 20:16:18.384838,63
S_STR07481,S_U0074,S0002,2026-02-15 13:46:55.587802,84
S_STR07482,S_U0004,S0019,2026-02-24 15:32:31.078837,65
S_STR07483,S_U0092,S0042,2026-02-04 00:26:47.974539,200
S_STR07484,S_U0063,S0040,2026-02-25 17:19:01.898628,175
S_STR07485,S_U0035,S0038,2026-02-21 01:52:33.092177,61
S_STR07486,S_U0018,S0035,2026-02-04 19:56:55.007896,48
S_STR07487,S_U0007,S0029,2026-02-11 10:33:30.522825,64
S_STR07488,S_U0075,S0047,2026-02-22 21:56:45.938774,29
S_STR07489,S_U0008,S0032,2026-02-18 03:27:58.895821,281
S_STR07490,S_U0026,S0038,2026-02-27 21:06:31.423147,18
S_STR07491,S_U0080,S0029,2026-02-22 20:15:28.909096,158
S_STR07492,S_U0093,S0048,2026-02-26 04:08:59.951982,68
S_STR07493,S_U0064,S0046,2026-02-08 00:59:38.396939,38
S_STR07494,S_U0081,S0032,2026-02-08 18:31:38.244682,37
S_STR07495,S_U0021,S0026,2026-02-09 14:09:00.939850,110
S_STR07496,S_U0054,S0043,2026-02-03 15:16:37.271562,43
S_STR07497,S_U0100,S0040,2026-02-02 13:29:47.366958,66
S_STR07498,S_U0073,S0050,2026-02-14 20:58:52.467324,240
S_STR07499,S_U0009,S0047,2026-02-14 12:58:40.553541,151
S_STR07500,S_U0024,S0022,2026-02-24 02:13:22.002958,25
S_STR07501,S_U0084,S0011,2026-02-15 21:51:23.199694,219
S_STR07502,S_U0032,S0035,2026-02-25 16:35:09.763955,98
S_STR07503,S_U0002,S0036,2026-02-25 20:25:55.141172,170
S_STR07504,S_U0078,S0036,2026-02-06 13:23:37.777677,196
S_STR07505,S_U0022,S0033,2026-02-06 10:09:20.128282,44
S_STR07506,S_U0050,S0013,2026-02-08 20:33:48.939283,243
S_STR07507,S_U0012,S0032,2026-02-23 10:49:46.324784,186
S_STR07508,S_U0053,S0033,2026-02-21 14:31:45.697781,24
S_STR07509,S_U0018,S0046,2026-02-14 09:04:35.044493,25
S_STR07510,S_U0022,S0019,2026-02-28 18:54:59.861244,204
S_STR07511,S_U0045,S0037,2026-02-11 00:49:22.340818,120
S_STR07512,S_U0063,S0016,2026-02-28 00:47:26.058789,17
S_STR07513,S_U0068,S0047,2026-02-14 15:40:56.495897,131
S_STR07514,S_U0065,S0032,2026-02-17 17:56:24.990464,261
S_STR07515,S_U0018,S0045,2026-02-17 12:57:00.020708,175
S_STR07516,S_U0030,S0045,2026-02-12 22:37:30.413978,64
S_STR07517,S_U0011,S0036,2026-02-21 11:25:09.452114,110
S_STR07518,S_U0039,S0047,2026-02-05 14:00:43.583719,43
S_STR07519,S_U0096,S0026,2026-02-12 22:14:36.209446,181
S_STR07520,S_U0063,S0010,2026-02-03 02:33:45.132635,97
S_STR07521,S_U0051,S0048,2026-02-25 12:42:49.657253,54
S_STR07522,S_U0044,S0045,2026-02-25 05:43:11.956921,68
S_STR07523,S_U0008,S0015,2026-02-21 11:00:35.031398,137
S_STR07524,S_U0051,S0020,2026-02-03 04:35:21.320310,102
S_STR07525,S_U0069,S0039,2026-02-27 23:21:39.031966,14
S_STR07526,S_U0001,S0038,2026-02-12 16:46:29.705382,60
S_STR07527,S_U0037,S0032,2026-02-25 03:40:22.434769,219
S_STR07528,S_U0070,S0037,2026-02-14 00:45:09.659101,229
S_STR07529,S_U0037,S0021,2026-02-24 10:08:07.734232,26
S_STR07530,S_U0046,S0049,2026-02-11 22:44:24.989095,48
S_STR07531,S_U0090,S0028,2026-02-28 03:12:33.813171,102
S_STR07532,S_U0046,S0043,2026-02-07 17:41:37.476545,109
S_STR07533,S_U0018,S0009,2026-02-04 01:04:50.573080,103
S_STR07534,S_U0012,S0045,2026-02-24 21:41:23.661586,224
S_STR07535,S_U0045,S0038,2026-02-07 12:59:05.665407,144
S_STR07536,S_U0063,S0043,2026-02-13 14:30:30.734283,40
S_STR07537,S_U0004,S0034,2026-02-17 22:47:21.948502,118
S_STR07538,S_U0078,S0031,2026-02-09 15:47:31.568928,117
S_STR07539,S_U0093,S0012,2026-02-04 15:18:12.158058,183
S_STR07540,S_U0030,S0041,2026-02-23 10:55:16.418198,72
S_STR07541,S_U0006,S0030,2026-03-02 07:31:42.424001,40
S_STR07542,S_U0026,S0041,2026-02-02 18:47:05.214761,162
S_STR07543,S_U0027,S0045,2026-02-07 17:39:21.410352,69
S_STR07544,S_U0055,S0005,2026-02-26 10:34:20.408702,6
S_STR07545,S_U0022,S0012,2026-02-16 09:04:17.299096,222
S_STR07546,S_U0043,S0050,2026-02-22 01:49:36.347870,256
S_STR07547,S_U0095,S0020,2026-02-11 06:16:23.710759,187
S_STR07548,S_U0023,S0012,2026-03-01 17:53:55.966110,126
S_STR07549,S_U0026,S0038,2026-02-14 16:23:58.633971,137
S_STR07550,S_U0087,S0012,2026-02-07 11:07:10.320304,129
S_STR07551,S_U0067,S0045,2026-02-11 04:32:36.569179,165
S_STR07552,S_U0025,S0045,2026-02-07 20:29:45.154859,169
S_STR07553,S_U0030,S0048,2026-02-15 06:06:53.355468,64
S_STR07554,S_U0069,S0038,2026-02-14 02:00:29.187176,58
S_STR07555,S_U0095,S0049,2026-02-20 13:18:25.412398,135
S_STR07556,S_U0075,S0046,2026-02-21 11:42:55.610807,9
S_STR07557,S_U0047,S0015,2026-02-02 07:48:38.944988,33
S_STR07558,S_U0032,S0023,2026-02-07 21:10:42.555148,116
S_STR07559,S_U0010,S0035,2026-02-02 14:30:09.115388,86
S_STR07560,S_U0061,S0002,2026-02-27 03:20:01.278018,34
S_STR07561,S_U0058,S0044,2026-02-12 21:19:50.988126,170
S_STR07562,S_U0036,S0033,2026-02-24 15:46:34.539288,231
S_STR07563,S_U0042,S0044,2026-02-16 11:55:23.620033,174
S_STR07564,S_U0095,S0021,2026-02-28 18:08:23.149740,156
S_STR07565,S_U0054,S0036,2026-02-05 04:28:08.057966,142
S_STR07566,S_U0071,S0045,2026-02-09 23:33:03.358312,14
S_STR07567,S_U0051,S0045,2026-02-02 07:54:43.895231,136
S_STR07568,S_U0066,S0041,2026-02-21 23:30:52.440758,45
S_STR07569,S_U0070,S0039,2026-02-06 05:46:12.825355,136
S_STR07570,S_U0058,S0044,2026-02-02 09:10:28.887888,21
S_STR07571,S_U0058,S0031,2026-02-14 07:06:54.770842,141
S_STR07572,S_U0008,S0042,2026-02-04 06:40:17.257036,8
S_STR07573,S_U0039,S0020,2026-02-10 23:31:44.969255,240
S_STR07574,S_U0024,S0030,2026-02-21 18:11:02.950870,152
S_STR07575,S_U0020,S0048,2026-02-18 16:32:49.076357,79
S_STR07576,S_U0030,S0044,2026-02-16 15:08:43.411054,264
S_STR07577,S_U0031,S0032,2026-02-27 22:48:24.901270,260
S_STR07578,S_U0100,S0011,2026-02-04 07:26:42.987756,58
S_STR07579,S_U0001,S0027,2026-02-06 07:33:16.813655,44
S_STR07580,S_U0001,S0022,2026-02-18 21:53:04.029456,224
S_STR07581,S_U0100,S0048,2026-02-07 10:27:18.199514,76
S_STR07582,S_U0085,S0044,2026-02-09 00:04:28.343095,156
S_STR07583,S_U0078,S0036,2026-02-19 14:29:09.628940,246
S_STR07584,S_U0080,S0022,2026-02-26 11:54:30.506976,180
S_STR07585,S_U0075,S0040,2026-02-09 05:09:45.877357,87
S_STR07586,S_U0055,S0029,2026-02-08 09:23:44.860127,26
S_STR07587,S_U0031,S0020,2026-02-15 01:01:01.568244,220
S_STR07588,S_U0029,S0033,2026-02-26 02:10:44.258052,257
S_STR07589,S_U0023,S0037,2026-02-23 22:13:56.751143,124
S_STR07590,S_U0081,S0024,2026-02-25 06:26:47.231866,169
S_STR07591,S_U0071,S0041,2026-02-07 05:27:06.114160,127
S_STR07592,S_U0054,S0046,2026-02-25 15:44:23.971044,81
S_STR07593,S_U0034,S0045,2026-02-07 11:49:33.178518,47
S_STR07594,S_U0089,S0035,2026-02-18 22:25:49.654265,78
S_STR07595,S_U0023,S0045,2026-02-26 15:58:59.305651,98
S_STR07596,S_U0070,S0032,2026-02-13 15:41:28.327645,46
S_STR07597,S_U0026,S0045,2026-02-23 16:36:51.551827,25
S_STR07598,S_U0050,S0039,2026-02-17 13:20:15.422921,88
S_STR07599,S_U0096,S0037,2026-02-10 13:24:54.670488,175
S_STR07600,S_U0092,S0050,2026-02-18 21:43:45.925632,99
S_STR07601,S_U0017,S0032,2026-02-19 05:46:39.344568,39
S_STR07602,S_U0072,S0049,2026-02-26 03:17:25.000175,42
S_STR07603,S_U0097,S0021,2026-02-14 22:53:19.591092,13
S_STR07604,S_U0038,S0040,2026-02-27 19:03:29.723016,145
S_STR07605,S_U0065,S0046,2026-02-04 03:12:49.489343,35
S_STR07606,S_U0081,S0042,2026-02-17 07:15:41.427578,38
S_STR07607,S_U0036,S0026,2026-02-24 04:46:36.327218,168
S_STR07608,S_U0022,S0049,2026-02-10 10:29:08.525125,105
S_STR07609,S_U0063,S0023,2026-02-02 02:39:24.440089,73
S_STR07610,S_U0073,S0017,2026-02-15 18:58:56.706404,25
S_STR07611,S_U0018,S0033,2026-02-14 16:50:27.766187,282
S_STR07612,S_U0091,S0020,2026-02-02 01:49:29.216584,196
S_STR07613,S_U0039,S0022,2026-02-12 16:16:53.494122,348
S_STR07614,S_U0100,S0050,2026-02-27 23:49:20.136699,66
S_STR07615,S_U0063,S0040,2026-02-28 22:20:08.093407,95
S_STR07616,S_U0036,S0012,2026-02-24 00:12:42.057765,201
S_STR07617,S_U0013,S0026,2026-02-03 07:43:55.505387,45
S_STR07618,S_U0008,S0040,2026-02-04 22:03:01.833728,184
S_STR07619,S_U0095,S0050,2026-02-19 19:04:07.788801,145
S_STR07620,S_U0002,S0033,2026-02-25 00:28:21.397511,166
S_STR07621,S_U0064,S0022,2026-02-04 04:36:31.179502,282
S_STR07622,S_U0047,S0022,2026-02-25 20:30:12.217891,342
S_STR07623,S_U0019,S0026,2026-02-13 11:31:12.630274,123
S_STR07624,S_U0066,S0040,2026-02-04 10:23:15.465107,60
S_STR07625,S_U0007,S0044,2026-02-10 05:12:47.600264,338
S_STR07626,S_U0020,S0023,2026-02-16 13:11:55.276724,8
S_STR07627,S_U0003,S0050,2026-02-13 16:45:41.640262,107
S_STR07628,S_U0012,S0042,2026-02-20 05:32:42.114791,121
S_STR07629,S_U0071,S0018,2026-02-16 23:16:08.166418,54
S_STR07630,S_U0042,S0035,2026-02-10 05:02:21.666615,10
S_STR07631,S_U0028,S0042,2026-02-22 04:31:08.508240,13
S_STR07632,S_U0068,S0019,2026-02-25 02:11:54.990622,240
S_STR07633,S_U0061,S0016,2026-02-15 01:15:03.222322,23
S_STR07634,S_U0002,S0048,2026-02-24 17:56:49.570233,88
S_STR07635,S_U0060,S0042,2026-02-07 14:38:17.305772,28
S_STR07636,S_U0077,S0012,2026-02-28 04:09:36.765266,242
S_STR07637,S_U0062,S0043,2026-02-07 03:43:12.771582,131
S_STR07638,S_U0059,S0024,2026-02-13 02:42:15.641213,50
S_STR07639,S_U0051,S0050,2026-02-18 08:54:32.271523,51
S_STR07640,S_U0051,S0027,2026-02-02 10:47:18.534267,97
S_STR07641,S_U0089,S0034,2026-02-02 18:37:17.690930,14
S_STR07642,S_U0083,S0021,2026-02-05 03:31:13.805701,72
S_STR07643,S_U0095,S0044,2026-02-23 00:59:06.844554,166
S_STR07644,S_U0033,S0022,2026-02-28 04:41:22.492756,82
S_STR07645,S_U0042,S0048,2026-02-02 16:01:56.333312,14
S_STR07646,S_U0087,S0030,2026-02-21 05:37:50.542141,92
S_STR07647,S_U0075,S0022,2026-02-13 16:42:41.539252,259
S_STR07648,S_U0043,S0044,2026-02-15 22:35:57.885602,96
S_STR07649,S_U0044,S0049,2026-02-08 01:15:34.386527,175
S_STR07650,S_U0034,S0017,2026-03-01 09:23:37.649734,133
S_STR07651,S_U0023,S0050,2026-02-02 22:37:37.738383,280
S_STR07652,S_U0024,S0023,2026-02-10 00:17:15.744023,41
S_STR07653,S_U0043,S0039,2026-02-12 16:55:36.754501,181
S_STR07654,S_U0047,S0029,2026-02-17 20:03:41.529539,123
S_STR07655,S_U0009,S0010,2026-02-24 08:17:18.189271,108
S_STR07656,S_U0001,S0010,2026-01-31 12:15:36.013895,139
S_STR07657,S_U0080,S0007,2026-02-04 04:30:02.833337,36
S_STR07658,S_U0053,S0047,2026-02-23 15:24:30.998488,66
S_STR07659,S_U0025,S0045,2026-02-14 14:23:14.398671,28
S_STR07660,S_U0089,S0010,2026-02-25 11:17:15.674037,74
S_STR07661,S_U0061,S0024,2026-02-13 14:17:09.282841,26
S_STR07662,S_U0068,S0020,2026-02-12 09:52:31.849696,246
S_STR07663,S_U0088,S0019,2026-02-02 22:11:31.373487,235
S_STR07664,S_U0090,S0014,2026-02-12 15:46:50.000281,79
S_STR07665,S_U0028,S0037,2026-02-22 05:09:55.911685,58
S_STR07666,S_U0070,S0020,2026-02-14 20:52:32.807290,9
S_STR07667,S_U0092,S0043,2026-02-01 16:08:34.149796,168
S_STR07668,S_U0076,S0011,2026-02-21 13:20:05.224956,68
S_STR07669,S_U0096,S0009,2026-02-11 21:16:52.517469,18
S_STR07670,S_U0008,S0018,2026-02-09 11:20:28.354265,87
S_STR07671,S_U0027,S0017,2026-02-09 02:42:12.420530,31
S_STR07672,S_U0042,S0010,2026-02-17 09:50:03.975203,48
S_STR07673,S_U0078,S0041,2026-02-21 12:40:28.278044,98
S_STR07674,S_U0061,S0045,2026-02-22 00:08:04.872481,29
S_STR07675,S_U0041,S0043,2026-01-31 15:51:05.876338,109
S_STR07676,S_U0070,S0045,2026-02-09 16:43:56.450302,105
S_STR07677,S_U0002,S0032,2026-02-13 14:54:08.927735,131
S_STR07678,S_U0051,S0040,2026-02-21 09:06:07.676779,121
S_STR07679,S_U0086,S0038,2026-02-25 23:32:11.626066,146
S_STR07680,S_U0054,S0050,2026-02-28 21:27:12.425163,288
S_STR07681,S_U0009,S0044,2026-02-21 20:23:44.783819,33
S_STR07682,S_U0058,S0045,2026-02-23 06:41:22.060965,208
S_STR07683,S_U0005,S0035,2026-02-03 02:00:30.178908,122
S_STR07684,S_U0089,S0020,2026-02-07 11:44:33.086350,77
S_STR07685,S_U0075,S0025,2026-02-26 08:06:48.628860,5
S_STR07686,S_U0050,S0012,2026-02-13 08:48:58.316068,278
S_STR07687,S_U0073,S0032,2026-02-18 11:57:05.740808,214
S_STR07688,S_U0063,S0011,2026-02-01 09:20:47.551765,138
S_STR07689,S_U0056,S0034,2026-02-26 21:55:35.821761,54
S_STR07690,S_U0083,S0046,2026-02-27 08:48:55.530474,52
S_STR07691,S_U0098,S0039,2026-02-18 08:29:52.123000,9
S_STR07692,S_U0016,S0025,2026-02-20 17:22:08.935051,78
S_STR07693,S_U0003,S0042,2026-03-01 05:50:22.219919,169
S_STR07694,S_U0072,S0032,2026-02-01 09:22:52.880332,139
S_STR07695,S_U0096,S0047,2026-02-10 13:43:34.722638,125
S_STR07696,S_U0095,S0046,2026-02-05 02:27:10.696540,62
S_STR07697,S_U0069,S0046,2026-02-03 21:21:36.509342,107
S_STR07698,S_U0037,S0029,2026-02-13 14:47:29.933534,199
S_STR07699,S_U0091,S0045,2026-02-17 18:21:10.416999,236
S_STR07700,S_U0068,S0032,2026-02-06 20:07:25.791938,294
S_STR07701,S_U0097,S0045,2026-02-02 15:45:06.991696,170
S_STR07702,S_U0095,S0038,2026-02-21 19:03:15.536943,49
S_STR07703,S_U0014,S0033,2026-02-16 07:17:04.670429,164
S_STR07704,S_U0080,S0034,2026-02-08 17:22:01.097137,5
S_STR07705,S_U0009,S0049,2026-02-13 23:38:18.871738,199
S_STR07706,S_U0018,S0050,2026-02-08 11:24:29.033457,262
S_STR07707,S_U0037,S0038,2026-02-10 08:39:45.234559,97
S_STR07708,S_U0068,S0048,2026-02-04 04:24:34.332618,59
S_STR07709,S_U0032,S0031,2026-02-08 22:41:57.663294,113
S_STR07710,S_U0028,S0015,2026-03-02 05:16:52.008335,198
S_STR07711,S_U0018,S0044,2026-02-09 20:46:09.689018,247
S_STR07712,S_U0082,S0047,2026-02-12 18:52:34.115358,176
S_STR07713,S_U0024,S0021,2026-02-20 17:59:00.074882,108
S_STR07714,S_U0073,S0027,2026-02-23 02:08:08.666985,102
S_STR07715,S_U0087,S0042,2026-02-24 01:47:28.785396,176
S_STR07716,S_U0056,S0038,2026-02-13 14:43:09.868507,82
S_STR07717,S_U0080,S0013,2026-02-14 22:18:23.258968,25
S_STR07718,S_U0025,S0027,2026-02-23 09:44:31.377563,73
S_STR07719,S_U0096,S0021,2026-02-10 13:01:12.682056,66
S_STR07720,S_U0025,S0038,2026-02-20 03:18:38.842303,124
S_STR07721,S_U0067,S0030,2026-02-04 11:54:02.020154,111
S_STR07722,S_U0019,S0010,2026-02-17 04:53:45.663977,78
S_STR07723,S_U0059,S0042,2026-02-09 14:37:56.467260,89
S_STR07724,S_U0048,S0013,2026-02-17 00:22:20.771358,67
S_STR07725,S_U0007,S0049,2026-02-01 01:40:12.384885,123
S_STR07726,S_U0017,S0038,2026-02-18 09:12:20.274582,55
S_STR07727,S_U0011,S0041,2026-01-31 15:31:29.786336,20
S_STR07728,S_U0025,S0049,2026-02-22 16:03:12.611916,31
S_STR07729,S_U0045,S0028,2026-02-24 06:11:20.975274,157
S_STR07730,S_U0047,S0033,2026-02-11 00:05:40.117033,305
S_STR07731,S_U0076,S0046,2026-02-02 21:29:37.376547,9
S_STR07732,S_U0046,S0034,2026-02-16 12:33:50.397678,89
S_STR07733,S_U0072,S0044,2026-02-20 13:54:40.339990,252
S_STR07734,S_U0016,S0034,2026-02-07 02:07:09.888728,128
S_STR07735,S_U0056,S0045,2026-02-06 16:12:43.419012,14
S_STR07736,S_U0077,S0032,2026-02-04 09:20:57.515329,164
S_STR07737,S_U0023,S0030,2026-02-02 14:47:15.626419,233
S_STR07738,S_U0038,S0038,2026-02-17 13:36:47.792068,25
S_STR07739,S_U0098,S0041,2026-02-14 07:07:09.875455,155
S_STR07740,S_U0085,S0030,2026-03-01 07:40:08.470414,268
S_STR07741,S_U0066,S0029,2026-02-16 01:25:39.449628,181
S_STR07742,S_U0025,S0042,2026-02-17 16:34:37.974041,204
S_STR07743,S_U0002,S0020,2026-02-09 17:02:33.171344,74
S_STR07744,S_U0099,S0019,2026-02-10 19:29:39.862900,159
S_STR07745,S_U0093,S0033,2026-02-10 11:32:02.313853,293
S_STR07746,S_U0044,S0040,2026-02-02 07:53:36.346029,100
S_STR07747,S_U0096,S0014,2026-02-24 01:25:38.654353,223
S_STR07748,S_U0047,S0017,2026-02-17 10:47:37.291359,25
S_STR07749,S_U0050,S0046,2026-02-07 09:06:51.595257,105
S_STR07750,S_U0089,S0032,2026-02-20 21:06:11.980088,55
S_STR07751,S_U0097,S0034,2026-02-16 09:36:23.224674,8
S_STR07752,S_U0050,S0045,2026-02-17 06:30:25.918348,75
S_STR07753,S_U0023,S0042,2026-02-26 09:42:31.467544,55
S_STR07754,S_U0061,S0032,2026-02-05 03:45:17.288117,124
S_STR07755,S_U0022,S0039,2026-02-08 17:09:17.239776,189
S_STR07756,S_U0059,S0047,2026-02-17 07:16:57.159653,57
S_STR07757,S_U0087,S0030,2026-02-01 03:32:09.541107,156
S_STR07758,S_U0012,S0005,2026-02-28 06:23:48.581994,113
S_STR07759,S_U0061,S0009,2026-03-01 16:02:24.196353,38
S_STR07760,S_U0004,S0033,2026-02-08 21:36:56.980917,71
S_STR07761,S_U0061,S0043,2026-02-15 09:53:12.612356,97
S_STR07762,S_U0061,S0050,2026-02-24 09:56:26.655975,201
S_STR07763,S_U0018,S0036,2026-02-13 03:31:50.797780,131
S_STR07764,S_U0076,S0050,2026-02-24 10:41:02.787159,118
S_STR07765,S_U0017,S0050,2026-02-12 12:16:02.886552,193
S_STR07766,S_U0068,S0039,2026-02-18 17:31:29.027942,24
S_STR07767,S_U0084,S0024,2026-02-11 17:52:00.741544,136
S_STR07768,S_U0031,S0022,2026-02-10 23:19:58.193855,264
S_STR07769,S_U0040,S0043,2026-02-18 10:40:33.447490,189
S_STR07770,S_U0001,S0036,2026-02-12 14:39:25.439278,137
S_STR07771,S_U0078,S0030,2026-02-05 00:16:13.304200,47
S_STR07772,S_U0029,S0043,2026-02-19 08:39:33.054843,83
S_STR07773,S_U0041,S0038,2026-02-04 00:46:00.395766,109
S_STR07774,S_U0007,S0033,2026-02-13 08:05:09.245556,52
S_STR07775,S_U0061,S0035,2026-02-02 08:06:19.881709,96
S_STR07776,S_U0076,S0049,2026-02-25 21:22:00.566435,155
S_STR07777,S_U0059,S0014,2026-02-23 18:10:39.854463,171
S_STR07778,S_U0088,S0017,2026-02-23 00:37:21.480251,116
S_STR07779,S_U0021,S0042,2026-02-05 04:03:31.668544,73
S_STR07780,S_U0044,S0048,2026-02-25 07:15:13.550628,80
S_STR07781,S_U0069,S0047,2026-02-27 01:38:18.318743,171
S_STR07782,S_U0004,S0019,2026-02-11 15:50:24.491030,98
S_STR07783,S_U0008,S0008,2026-03-02 08:48:30.674458,92
S_STR07784,S_U0046,S0047,2026-02-08 21:26:12.130890,44
S_STR07785,S_U0015,S0047,2026-02-13 08:24:43.611115,97
S_STR07786,S_U0092,S0024,2026-02-07 18:42:21.230848,118
S_STR07787,S_U0051,S0011,2026-02-07 11:13:26.708881,76
S_STR07788,S_U0074,S0016,2026-02-07 21:09:38.210294,161
S_STR07789,S_U0051,S0042,2026-02-15 10:35:14.855874,51
S_STR07790,S_U0069,S0031,2026-02-02 02:42:26.638848,20
S_STR07791,S_U0041,S0045,2026-02-24 00:37:42.499944,27
S_STR07792,S_U0098,S0048,2026-02-16 23:21:56.650584,40
S_STR07793,S_U0062,S0049,2026-02-28 06:36:30.584066,84
S_STR07794,S_U0080,S0050,2026-02-20 10:53:12.807932,185
S_STR07795,S_U0012,S0047,2026-02-21 03:47:14.500403,132
S_STR07796,S_U0028,S0038,2026-02-01 18:04:39.643371,20
S_STR07797,S_U0065,S0048,2026-02-18 11:21:00.478861,70
S_STR07798,S_U0016,S0034,2026-02-03 22:29:31.996151,129
S_STR07799,S_U0022,S0012,2026-02-19 04:09:24.784683,207
S_STR07800,S_U0055,S0048,2026-02-08 09:38:32.361509,45
S_STR07801,S_U0058,S0024,2026-02-28 23:38:51.711228,173
S_STR07802,S_U0082,S0044,2026-02-03 21:06:23.432865,195
S_STR07803,S_U0038,S0029,2026-02-22 05:53:18.762862,223
S_STR07804,S_U0042,S0029,2026-02-08 14:32:31.241890,125
S_STR07805,S_U0045,S0044,2026-02-18 00:59:02.853067,261
S_STR07806,S_U0014,S0047,2026-02-11 18:09:07.045160,45
S_STR07807,S_U0074,S0043,2026-02-08 13:20:30.421513,61
S_STR07808,S_U0012,S0043,2026-02-10 06:51:19.959154,196
S_STR07809,S_U0059,S0038,2026-02-19 00:05:07.715749,135
S_STR07810,S_U0057,S0050,2026-02-10 05:49:54.653509,31
S_STR07811,S_U0096,S0008,2026-03-01 09:54:32.577959,251
S_STR07812,S_U0096,S0020,2026-02-02 20:37:08.555320,7
S_STR07813,S_U0053,S0035,2026-02-25 22:25:13.041616,75
S_STR07814,S_U0006,S0049,2026-02-28 22:56:08.555743,198
S_STR07815,S_U0017,S0044,2026-02-03 17:15:55.233291,52
S_STR07816,S_U0085,S0031,2026-02-16 09:34:04.452451,104
S_STR07817,S_U0038,S0049,2026-02-19 10:16:15.517749,43
S_STR07818,S_U0014,S0024,2026-02-18 03:08:43.090686,94
S_STR07819,S_U0006,S0017,2026-02-24 04:42:44.605732,27
S_STR07820,S_U0100,S0019,2026-01-31 23:35:09.470854,11
S_STR07821,S_U0076,S0012,2026-02-14 14:03:51.558329,203
S_STR07822,S_U0075,S0030,2026-02-24 11:28:17.994115,52
S_STR07823,S_U0046,S0045,2026-02-08 21:37:42.395416,64
S_STR07824,S_U0053,S0047,2026-02-09 05:38:21.278480,58
S_STR07825,S_U0023,S0033,2026-02-22 21:11:18.535052,217
S_STR07826,S_U0034,S0046,2026-02-04 19:51:49.279876,113
S_STR07827,S_U0025,S0027,2026-02-05 06:10:55.408831,21
S_STR07828,S_U0054,S0010,2026-02-18 08:25:40.387115,45
S_STR07829,S_U0083,S0047,2026-02-27 08:23:22.981920,89
S_STR07830,S_U0029,S0043,2026-02-24 04:09:28.840404,109
S_STR07831,S_U0022,S0041,2026-02-14 03:01:34.949183,38
S_STR07832,S_U0005,S0040,2026-02-25 16:28:00.011185,41
S_STR07833,S_U0084,S0009,2026-02-15 04:08:48.310976,215
S_STR07834,S_U0003,S0022,2026-02-11 12:45:51.022013,110
S_STR07835,S_U0090,S0034,2026-02-10 10:29:32.259382,80
S_STR07836,S_U0020,S0029,2026-02-13 16:47:30.601429,180
S_STR07837,S_U0052,S0042,2026-02-18 19:08:04.533974,15
S_STR07838,S_U0027,S0018,2026-02-07 16:21:45.106295,22
S_STR07839,S_U0063,S0050,2026-02-11 18:52:35.104317,154
S_STR07840,S_U0083,S0023,2026-02-10 04:17:05.472925,120
S_STR07841,S_U0073,S0016,2026-02-01 20:26:31.744275,55
S_STR07842,S_U0047,S0037,2026-02-12 16:55:24.479042,8
S_STR07843,S_U0038,S0044,2026-02-08 22:23:02.230917,325
S_STR07844,S_U0043,S0044,2026-03-01 00:52:30.261125,158
S_STR07845,S_U0099,S0026,2026-02-20 02:36:56.705753,129
S_STR07846,S_U0065,S0040,2026-02-09 18:00:00.100904,21
S_STR07847,S_U0073,S0030,2026-02-28 05:07:50.484208,165
S_STR07848,S_U0049,S0033,2026-02-13 21:51:53.738072,117
S_STR07849,S_U0041,S0010,2026-02-08 17:11:36.829834,97
S_STR07850,S_U0029,S0018,2026-02-01 19:12:36.167524,15
S_STR07851,S_U0086,S0037,2026-02-13 09:37:55.681406,233
S_STR07852,S_U0021,S0037,2026-02-27 17:27:52.754978,60
S_STR07853,S_U0059,S0048,2026-02-17 04:07:05.602423,23
S_STR07854,S_U0041,S0024,2026-02-21 05:20:00.187906,222
S_STR07855,S_U0024,S0039,2026-02-26 11:19:32.509854,58
S_STR07856,S_U0074,S0014,2026-02-17 04:19:16.566100,35
S_STR07857,S_U0043,S0047,2026-02-09 17:00:16.571885,131
S_STR07858,S_U0057,S0018,2026-02-20 18:31:23.812682,75
S_STR07859,S_U0077,S0038,2026-02-16 14:07:44.498665,104
S_STR07860,S_U0072,S0024,2026-02-08 13:39:06.916968,226
S_STR07861,S_U0074,S0041,2026-02-09 20:59:04.508297,19
S_STR07862,S_U0068,S0046,2026-02-26 01:09:32.354790,37
S_STR07863,S_U0085,S0048,2026-02-21 03:29:51.143571,83
S_STR07864,S_U0080,S0031,2026-02-22 22:05:15.119957,156
S_STR07865,S_U0043,S0049,2026-02-14 14:06:59.602503,100
S_STR07866,S_U0060,S0032,2026-02-03 02:43:33.231356,62
S_STR07867,S_U0028,S0049,2026-02-17 16:23:28.360934,220
S_STR07868,S_U0027,S0040,2026-02-28 01:26:21.227409,21
S_STR07869,S_U0031,S0039,2026-02-20 11:18:16.258408,60
S_STR07870,S_U0078,S0041,2026-02-08 13:15:39.960121,114
S_STR07871,S_U0012,S0022,2026-02-02 11:24:14.392618,215
S_STR07872,S_U0046,S0009,2026-02-26 23:16:29.472977,136
S_STR07873,S_U0068,S0041,2026-02-26 00:29:45.203054,120
S_STR07874,S_U0002,S0050,2026-03-01 17:10:58.526124,21
S_STR07875,S_U0092,S0031,2026-02-16 06:00:48.319562,6
S_STR07876,S_U0056,S0016,2026-02-08 11:45:23.772579,67
S_STR07877,S_U0098,S0048,2026-02-01 01:40:48.417866,31
S_STR07878,S_U0014,S0049,2026-03-02 10:44:36.486412,132
S_STR07879,S_U0092,S0033,2026-02-09 17:50:39.579304,227
S_STR07880,S_U0009,S0029,2026-02-04 09:26:25.613293,210
S_STR07881,S_U0075,S0036,2026-02-08 05:51:47.499084,34
S_STR07882,S_U0018,S0049,2026-02-03 22:10:45.588741,64
S_STR07883,S_U0089,S0040,2026-02-27 17:38:20.560069,97
S_STR07884,S_U0080,S0032,2026-02-08 04:02:45.558357,139
S_STR07885,S_U0059,S0025,2026-02-16 17:45:41.442108,93
S_STR07886,S_U0094,S0008,2026-02-07 02:35:06.439713,304
S_STR07887,S_U0017,S0044,2026-02-18 13:45:17.049339,330
S_STR07888,S_U0080,S0044,2026-02-23 17:46:04.804487,300
S_STR07889,S_U0012,S0031,2026-02-14 18:23:37.674717,35
S_STR07890,S_U0025,S0032,2026-02-26 22:00:20.913669,108
S_STR07891,S_U0087,S0030,2026-02-28 02:59:02.100239,259
S_STR07892,S_U0019,S0046,2026-02-05 22:35:26.548542,31
S_STR07893,S_U0071,S0043,2026-02-09 11:53:46.164108,148
S_STR07894,S_U0019,S0036,2026-02-20 08:58:49.225051,28
S_STR07895,S_U0033,S0011,2026-02-05 14:16:25.913685,152
S_STR07896,S_U0058,S0025,2026-02-14 18:18:39.320153,58
S_STR07897,S_U0076,S0024,2026-02-28 04:17:23.154864,135
S_STR07898,S_U0096,S0032,2026-02-17 16:32:38.118523,194
S_STR07899,S_U0090,S0035,2026-02-22 23:45:54.880774,21
S_STR07900,S_U0064,S0030,2026-03-02 03:41:14.724701,244
S_STR07901,S_U0093,S0048,2026-02-05 01:37:00.214039,48
S_STR07902,S_U0021,S0050,2026-02-17 04:44:36.973642,41
S_STR07903,S_U0023,S0042,2026-02-13 16:58:42.201409,23
S_STR07904,S_U0007,S0031,2026-02-21 08:53:04.972201,74
S_STR07905,S_U0051,S0047,2026-02-20 00:43:24.568380,120
S_STR07906,S_U0097,S0036,2026-02-12 05:51:30.938445,149
S_STR07907,S_U0058,S0050,2026-03-02 10:01:21.107149,196
S_STR07908,S_U0016,S0012,2026-02-24 00:55:18.041778,187
S_STR07909,S_U0010,S0036,2026-02-08 12:46:12.067095,211
S_STR07910,S_U0079,S0047,2026-02-15 21:20:51.302504,163
S_STR07911,S_U0042,S0028,2026-02-20 01:04:31.795353,41
S_STR07912,S_U0010,S0026,2026-02-26 11:45:05.681070,180
S_STR07913,S_U0052,S0032,2026-02-20 22:41:27.102718,137
S_STR07914,S_U0001,S0041,2026-02-27 18:20:56.811532,38
S_STR07915,S_U0062,S0045,2026-02-22 16:30:29.533313,164
S_STR07916,S_U0005,S0018,2026-01-31 11:39:42.328798,141
S_STR07917,S_U0094,S0044,2026-02-04 10:32:24.039657,232
S_STR07918,S_U0024,S0036,2026-02-06 10:21:24.085592,125
S_STR07919,S_U0054,S0034,2026-01-31 22:43:57.942640,129
S_STR07920,S_U0015,S0038,2026-02-03 01:40:58.585569,86
S_STR07921,S_U0030,S0045,2026-02-02 05:59:34.703335,131
S_STR07922,S_U0048,S0039,2026-02-27 03:30:20.264240,5
S_STR07923,S_U0039,S0043,2026-02-17 19:05:49.455355,104
S_STR07924,S_U0066,S0040,2026-02-13 04:12:33.862172,84
S_STR07925,S_U0034,S0016,2026-02-28 04:05:36.917110,135
S_STR07926,S_U0097,S0045,2026-02-06 13:08:45.076396,134
S_STR07927,S_U0031,S0027,2026-02-19 02:53:20.241136,14
S_STR07928,S_U0024,S0029,2026-03-02 04:39:10.352659,94
S_STR07929,S_U0091,S0032,2026-02-10 13:48:00.258676,255
S_STR07930,S_U0004,S0042,2026-02-08 09:51:38.197519,212
S_STR07931,S_U0020,S0049,2026-02-20 07:37:40.831656,12
S_STR07932,S_U0036,S0042,2026-02-14 18:22:34.199733,40
S_STR07933,S_U0027,S0038,2026-02-25 15:25:49.514145,65
S_STR07934,S_U0011,S0037,2026-02-08 18:56:28.117249,240
S_STR07935,S_U0046,S0029,2026-02-13 03:51:44.956583,16
S_STR07936,S_U0048,S0012,2026-02-07 00:10:38.087431,119
S_STR07937,S_U0034,S0021,2026-02-07 01:35:39.090536,90
S_STR07938,S_U0017,S0041,2026-02-17 18:28:41.411160,28
S_STR07939,S_U0076,S0031,2026-02-23 22:37:43.766747,91
S_STR07940,S_U0082,S0018,2026-02-07 19:45:38.967717,9
S_STR07941,S_U0020,S0003,2026-02-05 10:21:53.051849,183
S_STR07942,S_U0077,S0030,2026-02-02 20:03:08.019843,209
S_STR07943,S_U0036,S0018,2026-02-24 17:00:35.502569,128
S_STR07944,S_U0077,S0038,2026-02-27 20:31:25.216152,67
S_STR07945,S_U0041,S0047,2026-02-09 03:10:43.481339,140
S_STR07946,S_U0019,S0039,2026-02-06 05:09:06.005763,73
S_STR07947,S_U0079,S0028,2026-03-01 02:41:36.931334,166
S_STR07948,S_U0095,S0039,2026-02-14 06:24:16.953377,54
S_STR07949,S_U0095,S0026,2026-02-07 10:48:11.910381,112
S_STR07950,S_U0083,S0049,2026-02-10 11:10:43.613266,69
S_STR07951,S_U0099,S0045,2026-02-11 23:49:26.200895,91
S_STR07952,S_U0042,S0037,2026-02-08 06:11:50.571805,92
S_STR07953,S_U0057,S0030,2026-02-12 01:20:33.453544,79
S_STR07954,S_U0037,S0042,2026-02-15 20:47:57.339579,72
S_STR07955,S_U0020,S0047,2026-02-18 11:26:15.424343,125
S_STR07956,S_U0098,S0043,2026-02-02 09:31:47.870880,130
S_STR07957,S_U0072,S0049,2026-02-11 23:21:00.988724,32
S_STR07958,S_U0087,S0020,2026-02-14 06:02:41.182692,128
S_STR07959,S_U0030,S0025,2026-02-10 11:03:03.284453,39
S_STR07960,S_U0007,S0044,2026-02-12 07:40:59.754552,316
S_STR07961,S_U0059,S0045,2026-02-28 08:41:26.918275,89
S_STR07962,S_U0023,S0049,2026-02-27 23:09:26.172136,59
S_STR07963,S_U0049,S0040,2026-02-24 19:17:17.026226,163
S_STR07964,S_U0075,S0031,2026-02-16 20:21:10.908651,130
S_STR07965,S_U0012,S0033,2026-02-16 07:28:29.127942,73
S_STR07966,S_U0090,S0036,2026-02-02 13:37:16.806770,201
S_STR07967,S_U0066,S0044,2026-02-03 15:56:49.574889,64
S_STR07968,S_U0044,S0008,2026-02-21 10:57:32.134537,9
S_STR07969,S_U0093,S0022,2026-03-01 00:48:13.534467,147
S_STR07970,S_U0072,S0025,2026-02-14 22:40:16.626176,13
S_STR07971,S_U0005,S0019,2026-02-24 16:56:02.624296,32
S_STR07972,S_U0025,S0036,2026-02-28 01:57:58.382276,54
S_STR07973,S_U0047,S0035,2026-02-03 15:54:53.746910,11
S_STR07974,S_U0032,S0038,2026-02-13 09:00:28.509542,123
S_STR07975,S_U0097,S0048,2026-02-14 18:28:38.079394,15
S_STR07976,S_U0097,S0021,2026-02-27 01:38:18.329445,170
S_STR07977,S_U0034,S0043,2026-02-25 13:44:55.886438,54
S_STR07978,S_U0060,S0011,2026-02-22 09:19:03.246990,51
S_STR07979,S_U0015,S0034,2026-02-26 05:52:51.305563,87
S_STR07980,S_U0046,S0049,2026-02-01 04:20:40.381565,68
S_STR07981,S_U0072,S0015,2026-02-07 03:05:49.973732,139
S_STR07982,S_U0040,S0031,2026-02-18 20:19:25.473650,39
S_STR07983,S_U0081,S0046,2026-02-01 00:22:42.292948,28
S_STR07984,S_U0086,S0011,2026-02-27 18:30:52.705647,72
S_STR07985,S_U0023,S0041,2026-02-03 09:30:39.041743,76
S_STR07986,S_U0006,S0037,2026-02-02 15:10:20.119628,5
S_STR07987,S_U0078,S0028,2026-02-09 16:23:54.205556,102
S_STR07988,S_U0048,S0009,2026-02-19 17:09:16.550608,29
S_STR07989,S_U0087,S0022,2026-02-13 22:22:11.654038,77
S_STR07990,S_U0091,S0026,2026-02-06 13:42:17.308013,96
S_STR07991,S_U0042,S0047,2026-02-25 05:15:02.979994,124
S_STR07992,S_U0062,S0022,2026-02-22 09:26:47.602912,196
S_STR07993,S_U0071,S0043,2026-02-28 00:09:03.321969,189
S_STR07994,S_U0084,S0007,2026-02-17 17:27:11.361215,188
S_STR07995,S_U0027,S0045,2026-02-02 09:46:22.058482,239
S_STR07996,S_U0018,S0029,2026-02-04 20:04:07.759443,140
S_STR07997,S_U0068,S0044,2026-02-13 23:57:43.424799,27
S_STR07998,S_U0015,S0028,2026-02-26 20:27:53.124705,78
S_STR07999,S_U0007,S0034,2026-02-23 02:51:27.647460,121
S_STR08000,S_U0024,S0049,2026-02-10 12:16:49.276495,88
S_STR08001,S_U0087,S0015,2026-02-15 20:47:50.532178,23
S_STR08002,S_U0013,S0038,2026-02-11 07:27:04.559585,5
S_STR08003,S_U0023,S0043,2026-02-18 00:20:06.460310,164
S_STR08004,S_U0067,S0027,2026-02-04 06:12:51.588751,142
S_STR08005,S_U0054,S0012,2026-02-11 12:49:48.470640,260
S_STR08006,S_U0036,S0043,2026-02-19 01:02:41.140614,182
S_STR08007,S_U0066,S0040,2026-02-03 06:42:30.733676,16
S_STR08008,S_U0074,S0034,2026-02-03 03:59:05.666811,37
S_STR08009,S_U0022,S0016,2026-02-28 14:33:33.259882,57
S_STR08010,S_U0086,S0027,2026-02-13 15:42:41.380724,83
S_STR08011,S_U0041,S0045,2026-02-01 20:31:43.135619,146
S_STR08012,S_U0002,S0020,2026-02-27 15:51:19.149897,160
S_STR08013,S_U0060,S0015,2026-02-13 19:34:33.130678,245
S_STR08014,S_U0073,S0030,2026-02-19 02:34:51.310799,25
S_STR08015,S_U0081,S0047,2026-02-25 12:12:23.156223,40
S_STR08016,S_U0070,S0042,2026-02-09 07:54:18.370859,119
S_STR08017,S_U0049,S0047,2026-02-02 05:14:36.349112,40
S_STR08018,S_U0086,S0050,2026-02-24 09:16:32.033375,35
S_STR08019,S_U0096,S0039,2026-02-20 17:10:28.418680,83
S_STR08020,S_U0066,S0027,2026-03-01 22:55:51.060505,105
S_STR08021,S_U0076,S0047,2026-02-10 02:36:56.593541,172
S_STR08022,S_U0030,S0049,2026-02-04 02:22:39.677871,192
S_STR08023,S_U0020,S0039,2026-02-03 09:45:29.704983,115
S_STR08024,S_U0041,S0018,2026-02-10 01:42:35.327242,86
S_STR08025,S_U0014,S0008,2026-02-04 21:58:24.056228,252
S_STR08026,S_U0047,S0050,2026-02-03 04:14:23.558863,192
S_STR08027,S_U0025,S0035,2026-02-06 17:22:38.268629,134
S_STR08028,S_U0020,S0033,2026-02-03 09:05:05.189574,275
S_STR08029,S_U0044,S0046,2026-02-08 01:14:35.990705,100
S_STR08030,S_U0061,S0015,2026-02-19 19:56:17.822668,71
S_STR08031,S_U0042,S0032,2026-02-08 01:57:43.469454,139
S_STR08032,S_U0048,S0040,2026-01-31 20:47:37.427723,146
S_STR08033,S_U0005,S0049,2026-02-07 01:07:18.036767,104
S_STR08034,S_U0092,S0046,2026-02-12 05:33:40.236618,51
S_STR08035,S_U0077,S0047,2026-02-13 19:58:29.196006,19
S_STR08036,S_U0063,S0006,2026-02-19 16:14:47.168935,248
S_STR08037,S_U0098,S0045,2026-02-01 20:22:00.386981,23
S_STR08038,S_U0059,S0031,2026-02-11 08:37:27.003596,104
S_STR08039,S_U0076,S0001,2026-02-22 23:25:31.509749,37
S_STR08040,S_U0029,S0049,2026-03-01 21:03:32.031628,149
S_STR08041,S_U0014,S0047,2026-02-07 18:00:36.279339,97
S_STR08042,S_U0035,S0014,2026-02-07 19:16:05.113972,215
S_STR08043,S_U0054,S0015,2026-02-02 08:13:24.202988,113
S_STR08044,S_U0091,S0030,2026-02-28 01:33:35.216028,89
S_STR08045,S_U0069,S0038,2026-02-03 17:47:53.807904,84
S_STR08046,S_U0058,S0039,2026-02-02 16:44:37.502588,151
S_STR08047,S_U0070,S0026,2026-02-03 21:41:15.752254,87
S_STR08048,S_U0094,S0037,2026-03-02 10:25:58.661413,84
S_STR08049,S_U0012,S0031,2026-02-10 17:26:28.097984,78
S_STR08050,S_U0081,S0029,2026-02-24 16:45:22.742168,54
S_STR08051,S_U0001,S0041,2026-02-12 09:55:32.176312,93
S_STR08052,S_U0095,S0016,2026-02-05 00:46:36.123217,82
S_STR08053,S_U0026,S0044,2026-02-14 01:35:05.328402,193
S_STR08054,S_U0007,S0042,2026-02-10 04:55:11.614159,58
S_STR08055,S_U0010,S0024,2026-02-17 04:52:22.807476,216
S_STR08056,S_U0036,S0018,2026-01-31 19:44:17.031021,48
S_STR08057,S_U0099,S0035,2026-01-31 19:37:24.909613,79
S_STR08058,S_U0070,S0043,2026-02-04 18:02:16.473670,90
S_STR08059,S_U0045,S0044,2026-02-09 01:19:10.826853,25
S_STR08060,S_U0060,S0016,2026-02-11 18:56:36.469331,42
S_STR08061,S_U0016,S0037,2026-02-15 13:29:24.442710,163
S_STR08062,S_U0066,S0012,2026-02-11 09:16:29.108703,143
S_STR08063,S_U0007,S0016,2026-02-09 15:54:09.507785,205
S_STR08064,S_U0036,S0041,2026-02-20 04:30:05.321645,22
S_STR08065,S_U0090,S0029,2026-02-03 14:08:32.757533,34
S_STR08066,S_U0059,S0029,2026-02-25 15:45:06.961806,183
S_STR08067,S_U0032,S0045,2026-02-26 11:40:13.720532,137
S_STR08068,S_U0030,S0042,2026-02-01 21:56:57.678774,61
S_STR08069,S_U0031,S0025,2026-02-14 02:16:11.340010,160
S_STR08070,S_U0040,S0034,2026-02-10 15:13:12.987307,59
S_STR08071,S_U0004,S0023,2026-02-26 12:07:03.260137,80
S_STR08072,S_U0033,S0040,2026-02-09 07:17:00.935587,124
S_STR08073,S_U0022,S0040,2026-02-16 19:51:27.238217,240
S_STR08074,S_U0062,S0042,2026-02-17 04:27:33.351943,15
S_STR08075,S_U0092,S0040,2026-02-04 03:06:36.084032,100
S_STR08076,S_U0002,S0046,2026-02-25 08:25:50.527823,77
S_STR08077,S_U0076,S0030,2026-02-23 06:54:11.545377,265
S_STR08078,S_U0099,S0029,2026-02-24 10:53:10.610846,262
S_STR08079,S_U0065,S0032,2026-02-03 12:45:34.328411,210
S_STR08080,S_U0030,S0028,2026-02-03 14:15:55.527718,188
S_STR08081,S_U0015,S0001,2026-02-15 10:01:05.467794,196
S_STR08082,S_U0016,S0042,2026-02-28 04:09:46.189680,149
S_STR08083,S_U0017,S0044,2026-02-28 11:13:31.491305,23
S_STR08084,S_U0012,S0038,2026-02-08 11:58:12.694344,98
S_STR08085,S_U0080,S0039,2026-02-02 03:01:09.290052,10
S_STR08086,S_U0098,S0046,2026-02-19 18:10:51.206184,79
S_STR08087,S_U0100,S0033,2026-02-16 16:52:17.824972,256
S_STR08088,S_U0099,S0024,2026-02-04 01:19:57.683596,110
S_STR08089,S_U0072,S0034,2026-02-24 02:17:15.165199,121
S_STR08090,S_U0023,S0043,2026-02-11 16:05:29.613492,163
S_STR08091,S_U0087,S0045,2026-02-04 13:18:50.312916,213
S_STR08092,S_U0058,S0032,2026-02-17 21:20:26.285857,217
S_STR08093,S_U0071,S0025,2026-02-01 08:36:25.124234,33
S_STR08094,S_U0047,S0017,2026-02-28 04:22:40.794926,119
S_STR08095,S_U0038,S0044,2026-02-25 02:23:11.132436,162
S_STR08096,S_U0001,S0043,2026-02-05 14:10:44.296210,35
S_STR08097,S_U0083,S0035,2026-02-19 11:42:37.101733,110
S_STR08098,S_U0071,S0014,2026-02-07 12:46:36.440458,90
S_STR08099,S_U0025,S0048,2026-02-13 17:59:51.074209,68
S_STR08100,S_U0090,S0042,2026-02-13 15:23:00.421831,54
S_STR08101,S_U0004,S0027,2026-02-16 08:00:30.011336,138
S_STR08102,S_U0097,S0044,2026-02-27 22:41:35.407141,327
S_STR08103,S_U0050,S0027,2026-02-15 08:45:35.896306,34
S_STR08104,S_U0005,S0050,2026-02-16 19:48:38.822467,118
S_STR08105,S_U0043,S0046,2026-02-03 07:46:32.077819,127
S_STR08106,S_U0037,S0031,2026-02-02 10:12:27.394076,108
S_STR08107,S_U0052,S0025,2026-03-01 19:55:20.887352,134
S_STR08108,S_U0023,S0025,2026-02-20 18:02:25.770330,158
S_STR08109,S_U0056,S0042,2026-02-16 01:51:11.758554,39
S_STR08110,S_U0006,S0050,2026-02-15 20:58:46.743943,9
S_STR08111,S_U0098,S0042,2026-02-09 19:26:11.292167,85
S_STR08112,S_U0048,S0002,2026-03-01 10:19:40.689188,18
S_STR08113,S_U0033,S0035,2026-01-31 22:31:54.934652,124
S_STR08114,S_U0008,S0027,2026-02-10 00:02:31.704517,79
S_STR08115,S_U0013,S0042,2026-02-22 01:12:35.107912,120
S_STR08116,S_U0054,S0042,2026-02-07 16:56:12.026714,45
S_STR08117,S_U0013,S0044,2026-02-03 21:15:33.588583,33
S_STR08118,S_U0073,S0049,2026-02-08 03:33:05.514988,36
S_STR08119,S_U0089,S0029,2026-02-06 09:42:21.111793,221
S_STR08120,S_U0009,S0013,2026-02-01 02:55:31.509478,53
S_STR08121,S_U0086,S0046,2026-02-06 08:52:27.268540,93
S_STR08122,S_U0017,S0037,2026-02-20 04:50:49.853178,170
S_STR08123,S_U0002,S0034,2026-02-28 06:20:34.203086,101
S_STR08124,S_U0030,S0048,2026-02-20 22:39:35.531924,69
S_STR08125,S_U0039,S0046,2026-01-31 17:09:31.653081,42
S_STR08126,S_U0082,S0034,2026-02-25 21:05:28.941318,56
S_STR08127,S_U0046,S0019,2026-02-23 04:33:34.699713,66
S_STR08128,S_U0021,S0041,2026-02-05 09:58:31.029338,25
S_STR08129,S_U0060,S0040,2026-02-06 03:34:57.962986,171
S_STR08130,S_U0019,S0038,2026-02-24 08:18:48.981980,42
S_STR08131,S_U0081,S0023,2026-02-24 09:15:58.283761,41
S_STR08132,S_U0046,S0047,2026-02-08 17:26:36.170663,147
S_STR08133,S_U0059,S0029,2026-02-05 15:55:12.458263,214
S_STR08134,S_U0051,S0044,2026-02-12 05:37:24.146964,274
S_STR08135,S_U0019,S0032,2026-02-05 17:00:37.728028,91
S_STR08136,S_U0032,S0044,2026-02-11 22:28:12.311374,244
S_STR08137,S_U0004,S0009,2026-02-18 06:19:33.357520,101
S_STR08138,S_U0055,S0047,2026-02-14 04:45:08.933328,26
S_STR08139,S_U0035,S0044,2026-02-18 23:51:44.074139,72
S_STR08140,S_U0070,S0040,2026-02-24 10:53:16.665121,213
S_STR08141,S_U0011,S0042,2026-02-20 23:44:54.757289,54
S_STR08142,S_U0036,S0034,2026-02-18 06:21:10.004560,68
S_STR08143,S_U0079,S0050,2026-02-06 23:42:31.544200,194
S_STR08144,S_U0070,S0018,2026-02-18 03:19:48.599634,18
S_STR08145,S_U0018,S0040,2026-02-20 13:32:18.647905,214
S_STR08146,S_U0023,S0049,2026-02-20 04:18:16.668061,117
S_STR08147,S_U0042,S0023,2026-02-21 17:32:52.468610,27
S_STR08148,S_U0032,S0048,2026-02-26 02:38:09.701601,69
S_STR08149,S_U0032,S0041,2026-02-10 12:40:24.835415,66
S_STR08150,S_U0094,S0044,2026-01-31 19:17:39.947690,224
S_STR08151,S_U0082,S0043,2026-02-12 04:52:02.216728,178
S_STR08152,S_U0100,S0028,2026-02-20 11:12:41.260941,111
S_STR08153,S_U0044,S0041,2026-02-18 19:22:45.894345,87
S_STR08154,S_U0098,S0037,2026-02-18 02:34:28.125755,57
S_STR08155,S_U0026,S0048,2026-03-01 09:42:06.156827,90
S_STR08156,S_U0034,S0027,2026-01-31 15:06:14.960973,116
S_STR08157,S_U0046,S0049,2026-02-28 15:45:31.683772,204
S_STR08158,S_U0063,S0037,2026-02-21 11:30:09.033309,269
S_STR08159,S_U0048,S0042,2026-02-16 01:06:38.352839,219
S_STR08160,S_U0033,S0027,2026-02-10 17:13:29.402253,65
S_STR08161,S_U0100,S0048,2026-02-18 16:10:41.597081,106
S_STR08162,S_U0060,S0046,2026-02-18 17:08:39.462988,38
S_STR08163,S_U0048,S0011,2026-02-19 23:34:47.673162,83
S_STR08164,S_U0012,S0027,2026-02-08 08:25:31.127570,113
S_STR08165,S_U0077,S0034,2026-02-22 16:05:25.991432,12
S_STR08166,S_U0012,S0030,2026-03-01 23:47:31.828901,262
S_STR08167,S_U0013,S0047,2026-02-05 08:25:05.597741,120
S_STR08168,S_U0095,S0044,2026-02-25 19:45:40.833321,241
S_STR08169,S_U0059,S0015,2026-02-07 04:15:06.753573,107
S_STR08170,S_U0067,S0037,2026-02-17 06:46:41.387725,161
S_STR08171,S_U0095,S0042,2026-02-20 10:07:05.473927,119
S_STR08172,S_U0069,S0046,2026-02-19 15:55:03.297837,59
S_STR08173,S_U0043,S0025,2026-02-06 13:49:40.647787,81
S_STR08174,S_U0070,S0048,2026-02-05 19:45:13.236526,54
S_STR08175,S_U0050,S0023,2026-02-27 23:03:33.490977,138
S_STR08176,S_U0085,S0037,2026-02-22 21:36:29.858150,199
S_STR08177,S_U0045,S0030,2026-02-17 06:29:34.170503,171
S_STR08178,S_U0036,S0019,2026-02-18 05:51:18.330125,20
S_STR08179,S_U0073,S0047,2026-02-27 21:19:16.381263,75
S_STR08180,S_U0011,S0027,2026-03-01 22:27:44.535901,27
S_STR08181,S_U0005,S0031,2026-02-17 12:19:12.827438,82
S_STR08182,S_U0074,S0029,2026-02-19 22:47:56.799854,223
S_STR08183,S_U0005,S0041,2026-02-20 05:28:56.406524,101
S_STR08184,S_U0083,S0050,2026-02-23 14:35:00.987052,125
S_STR08185,S_U0078,S0037,2026-02-10 02:24:10.382066,123
S_STR08186,S_U0059,S0043,2026-02-01 04:07:26.836209,37
S_STR08187,S_U0094,S0041,2026-02-18 22:02:11.605865,120
S_STR08188,S_U0089,S0049,2026-02-19 16:54:28.082475,91
S_STR08189,S_U0092,S0025,2026-02-20 11:11:33.024612,92
S_STR08190,S_U0020,S0035,2026-02-07 15:57:10.526983,119
S_STR08191,S_U0062,S0041,2026-02-12 17:26:07.593601,150
S_STR08192,S_U0029,S0045,2026-02-04 07:46:11.809402,17
S_STR08193,S_U0091,S0021,2026-02-28 13:25:13.168991,35
S_STR08194,S_U0098,S0029,2026-02-22 22:08:48.204506,252
S_STR08195,S_U0077,S0044,2026-02-12 16:24:17.272373,331
S_STR08196,S_U0017,S0045,2026-02-10 20:25:10.317699,157
S_STR08197,S_U0015,S0042,2026-02-12 07:19:31.567771,135
S_STR08198,S_U0026,S0039,2026-02-24 12:25:01.527549,172
S_STR08199,S_U0023,S0050,2026-02-25 19:16:13.233163,15
S_STR08200,S_U0062,S0031,2026-02-20 01:41:25.939908,111
S_STR08201,S_U0023,S0042,2026-02-07 12:38:45.683468,51
S_STR08202,S_U0015,S0034,2026-03-02 06:10:04.480299,129
S_STR08203,S_U0006,S0033,2026-02-11 10:41:17.211002,6
S_STR08204,S_U0032,S0023,2026-02-19 09:49:40.027802,74
S_STR08205,S_U0020,S0034,2026-02-27 12:51:01.236426,40
S_STR08206,S_U0028,S0026,2026-02-23 12:30:26.380455,140
S_STR08207,S_U0062,S0040,2026-02-06 08:46:49.469368,220
S_STR08208,S_U0058,S0042,2026-02-18 12:15:01.285866,80
S_STR08209,S_U0007,S0047,2026-02-16 19:30:48.824883,161
S_STR08210,S_U0020,S0020,2026-02-03 02:06:24.272343,74
S_STR08211,S_U0028,S0050,2026-02-20 00:57:58.236772,188
S_STR08212,S_U0041,S0044,2026-02-06 02:13:41.906376,143
S_STR08213,S_U0065,S0033,2026-02-20 14:00:36.147431,187
S_STR08214,S_U0094,S0033,2026-02-05 23:03:36.571372,146
S_STR08215,S_U0002,S0049,2026-02-14 14:17:56.944716,78
S_STR08216,S_U0095,S0023,2026-02-21 20:21:48.399426,59
S_STR08217,S_U0057,S0043,2026-02-13 11:31:36.772222,68
S_STR08218,S_U0086,S0010,2026-02-02 17:14:14.025184,134
S_STR08219,S_U0028,S0044,2026-02-19 21:58:55.156438,95
S_STR08220,S_U0057,S0019,2026-02-16 04:15:26.835819,31
S_STR08221,S_U0012,S0023,2026-02-13 16:02:48.049108,139
S_STR08222,S_U0085,S0047,2026-02-17 19:17:26.670201,177
S_STR08223,S_U0020,S0047,2026-02-21 12:09:10.940800,79
S_STR08224,S_U0027,S0044,2026-02-20 22:17:17.890823,265
S_STR08225,S_U0031,S0042,2026-02-28 01:11:43.227942,142
S_STR08226,S_U0063,S0021,2026-02-10 15:53:06.584387,49
S_STR08227,S_U0083,S0026,2026-02-01 05:40:20.476082,100
S_STR08228,S_U0005,S0049,2026-02-26 14:38:11.221477,169
S_STR08229,S_U0062,S0048,2026-02-19 11:30:56.445490,93
S_STR08230,S_U0008,S0034,2026-02-10 02:12:31.162178,79
S_STR08231,S_U0082,S0037,2026-02-07 11:19:02.122255,140
S_STR08232,S_U0063,S0049,2026-03-01 12:22:07.884506,24
S_STR08233,S_U0046,S0042,2026-02-08 11:24:35.550939,184
S_STR08234,S_U0052,S0032,2026-02-08 09:11:10.441665,176
S_STR08235,S_U0089,S0041,2026-02-13 20:21:31.720276,135
S_STR08236,S_U0073,S0046,2026-02-08 06:51:23.169506,47
S_STR08237,S_U0070,S0047,2026-02-22 08:09:15.755804,156
S_STR08238,S_U0072,S0025,2026-02-28 16:33:07.336117,37
S_STR08239,S_U0006,S0036,2026-02-02 00:26:31.490497,92
S_STR08240,S_U0038,S0039,2026-02-09 06:51:02.622053,67
S_STR08241,S_U0001,S0016,2026-02-20 07:32:25.601572,170
S_STR08242,S_U0048,S0022,2026-02-09 10:50:58.340975,208
S_STR08243,S_U0038,S0045,2026-02-16 19:26:17.801227,128
S_STR08244,S_U0027,S0043,2026-02-15 17:32:11.166082,28
S_STR08245,S_U0068,S0024,2026-02-22 20:42:12.755761,162
S_STR08246,S_U0092,S0042,2026-02-18 06:48:40.260670,79
S_STR08247,S_U0061,S0029,2026-02-17 04:23:40.259605,258
S_STR08248,S_U0027,S0015,2026-02-04 22:38:06.656734,60
S_STR08249,S_U0071,S0032,2026-02-09 04:42:27.642954,218
S_STR08250,S_U0018,S0029,2026-02-08 15:15:33.678821,115
S_STR08251,S_U0064,S0046,2026-01-31 16:36:25.654184,39
S_STR08252,S_U0100,S0042,2026-02-12 06:26:53.312672,118
S_STR08253,S_U0096,S0047,2026-02-13 04:06:55.717821,85
S_STR08254,S_U0075,S0047,2026-02-19 00:46:04.019072,102
S_STR08255,S_U0004,S0030,2026-02-04 09:10:27.353149,77
S_STR08256,S_U0050,S0028,2026-02-21 20:18:22.454330,156
S_STR08257,S_U0048,S0012,2026-02-13 16:14:19.200059,238
S_STR08258,S_U0019,S0017,2026-02-22 10:47:58.068233,198
S_STR08259,S_U0098,S0047,2026-02-09 00:42:11.239079,165
S_STR08260,S_U0070,S0010,2026-02-16 08:47:30.244459,92
S_STR08261,S_U0053,S0047,2026-02-16 14:21:59.567415,136
S_STR08262,S_U0043,S0049,2026-02-16 12:24:23.107797,214
S_STR08263,S_U0062,S0036,2026-02-18 18:37:01.866361,17
S_STR08264,S_U0052,S0040,2026-02-17 12:18:04.758275,249
S_STR08265,S_U0028,S0036,2026-02-26 20:06:11.670162,240
S_STR08266,S_U0013,S0041,2026-02-13 20:15:30.828017,164
S_STR08267,S_U0084,S0049,2026-02-11 11:05:10.600475,47
S_STR08268,S_U0026,S0026,2026-02-17 10:13:58.620706,20
S_STR08269,S_U0022,S0022,2026-02-06 14:51:50.211514,130
S_STR08270,S_U0060,S0034,2026-02-16 08:15:46.155768,44
S_STR08271,S_U0072,S0050,2026-02-17 19:55:17.291566,254
S_STR08272,S_U0043,S0024,2026-02-09 08:18:05.434615,185
S_STR08273,S_U0097,S0041,2026-02-13 13:22:07.434178,103
S_STR08274,S_U0100,S0041,2026-02-25 10:51:00.670507,134
S_STR08275,S_U0073,S0050,2026-03-01 12:46:48.262707,212
S_STR08276,S_U0008,S0046,2026-02-08 15:02:17.941516,116
S_STR08277,S_U0060,S0037,2026-03-01 19:30:33.301923,178
S_STR08278,S_U0066,S0040,2026-02-15 19:07:21.380492,128
S_STR08279,S_U0017,S0026,2026-02-23 06:35:30.290470,168
S_STR08280,S_U0022,S0045,2026-02-08 07:01:26.729444,133
S_STR08281,S_U0037,S0036,2026-02-16 21:28:17.710135,222
S_STR08282,S_U0057,S0040,2026-02-26 23:19:54.862619,58
S_STR08283,S_U0072,S0028,2026-02-14 04:03:45.458865,167
S_STR08284,S_U0093,S0032,2026-02-14 21:44:27.933915,165
S_STR08285,S_U0035,S0045,2026-02-26 13:29:58.825493,165
S_STR08286,S_U0068,S0040,2026-02-23 08:15:43.967583,84
S_STR08287,S_U0029,S0027,2026-02-23 05:00:02.820508,146
S_STR08288,S_U0077,S0031,2026-02-26 16:57:26.416853,135
S_STR08289,S_U0097,S0031,2026-02-21 09:25:57.666398,133
S_STR08290,S_U0034,S0019,2026-02-04 17:21:07.129509,222
S_STR08291,S_U0033,S0049,2026-02-08 18:16:13.181749,142
S_STR08292,S_U0086,S0034,2026-02-12 19:32:32.149760,83
S_STR08293,S_U0023,S0045,2026-02-24 02:53:27.028560,8
S_STR08294,S_U0074,S0039,2026-02-20 19:13:11.045439,101
S_STR08295,S_U0066,S0031,2026-02-02 10:02:32.268828,58
S_STR08296,S_U0068,S0023,2026-02-19 17:08:50.476412,16
S_STR08297,S_U0051,S0025,2026-03-01 16:55:33.363135,66
S_STR08298,S_U0096,S0031,2026-02-01 09:22:55.391197,54
S_STR08299,S_U0052,S0046,2026-02-04 17:29:33.153958,67
S_STR08300,S_U0059,S0013,2026-02-10 04:58:14.580476,28
S_STR08301,S_U0071,S0028,2026-02-03 23:14:47.278025,91
S_STR08302,S_U0072,S0020,2026-02-13 23:47:17.200445,130
S_STR08303,S_U0088,S0043,2026-02-05 18:04:43.226068,84
S_STR08304,S_U0002,S0025,2026-02-12 17:49:11.296480,131
S_STR08305,S_U0096,S0015,2026-02-03 01:44:24.102299,227
S_STR08306,S_U0093,S0039,2026-02-04 06:53:00.723887,157
S_STR08307,S_U0051,S0049,2026-02-03 15:01:45.528435,77
S_STR08308,S_U0080,S0041,2026-02-18 03:16:48.042771,11
S_STR08309,S_U0038,S0009,2026-02-27 21:19:04.568671,13
S_STR08310,S_U0048,S0045,2026-02-01 05:06:28.040835,50
S_STR08311,S_U0060,S0030,2026-03-01 12:24:40.572763,173
S_STR08312,S_U0023,S0016,2026-02-06 15:18:17.677340,38
S_STR08313,S_U0081,S0042,2026-02-17 17:47:07.418438,104
S_STR08314,S_U0097,S0033,2026-02-15 08:14:30.134835,49
S_STR08315,S_U0085,S0040,2026-02-22 16:55:31.975613,180
S_STR08316,S_U0086,S0046,2026-02-23 11:27:20.700501,89
S_STR08317,S_U0001,S0042,2026-02-17 02:36:21.787671,211
S_STR08318,S_U0042,S0028,2026-02-18 08:56:58.938473,168
S_STR08319,S_U0066,S0048,2026-02-10 12:41:05.187249,122
S_STR08320,S_U0089,S0009,2026-02-17 21:14:14.928945,157
S_STR08321,S_U0062,S0027,2026-02-25 04:13:29.579259,38
S_STR08322,S_U0073,S0045,2026-02-05 14:38:47.666780,46
S_STR08323,S_U0059,S0020,2026-02-09 11:55:01.736235,170
S_STR08324,S_U0044,S0012,2026-03-01 12:54:32.436555,119
S_STR08325,S_U0082,S0026,2026-02-06 11:47:28.304883,81
S_STR08326,S_U0003,S0025,2026-02-08 05:10:56.470944,86
S_STR08327,S_U0021,S0043,2026-02-26 15:42:54.342076,67
S_STR08328,S_U0022,S0045,2026-02-16 11:11:27.221053,47
S_STR08329,S_U0050,S0036,2026-02-03 19:23:14.217481,122
S_STR08330,S_U0092,S0048,2026-02-13 18:54:50.260135,92
S_STR08331,S_U0012,S0043,2026-02-23 00:24:35.990911,56
S_STR08332,S_U0100,S0014,2026-03-02 00:58:17.954919,142
S_STR08333,S_U0069,S0035,2026-02-28 16:07:10.187624,125
S_STR08334,S_U0076,S0046,2026-02-04 13:19:50.763195,18
S_STR08335,S_U0017,S0038,2026-02-12 20:46:55.581481,119
S_STR08336,S_U0042,S0038,2026-02-24 02:39:56.509593,122
S_STR08337,S_U0018,S0038,2026-02-23 09:20:39.401924,64
S_STR08338,S_U0038,S0039,2026-02-04 02:21:02.744273,175
S_STR08339,S_U0007,S0029,2026-02-01 12:56:08.140834,258
S_STR08340,S_U0081,S0042,2026-02-21 07:50:09.905822,132
S_STR08341,S_U0087,S0043,2026-02-10 10:59:01.648353,62
S_STR08342,S_U0066,S0028,2026-02-26 12:41:37.880745,60
S_STR08343,S_U0046,S0006,2026-02-09 09:34:42.798537,165
S_STR08344,S_U0073,S0006,2026-02-05 21:35:13.062216,50
S_STR08345,S_U0048,S0048,2026-02-06 17:48:59.436585,35
S_STR08346,S_U0032,S0026,2026-02-11 10:07:43.632114,68
S_STR08347,S_U0038,S0038,2026-02-02 04:50:00.080102,123
S_STR08348,S_U0046,S0028,2026-02-20 22:10:33.392201,136
S_STR08349,S_U0021,S0039,2026-02-23 10:25:46.039468,193
S_STR08350,S_U0018,S0045,2026-02-01 00:24:15.778022,139
S_STR08351,S_U0100,S0044,2026-02-19 09:22:33.289678,8
S_STR08352,S_U0023,S0041,2026-02-15 12:12:36.765842,130
S_STR08353,S_U0042,S0036,2026-02-04 14:26:57.443060,135
S_STR08354,S_U0005,S0032,2026-02-24 07:50:41.708317,211
S_STR08355,S_U0035,S0044,2026-02-27 16:38:55.927343,302
S_STR08356,S_U0071,S0029,2026-02-12 03:31:50.350470,114
S_STR08357,S_U0078,S0036,2026-02-05 06:02:45.935360,115
S_STR08358,S_U0035,S0042,2026-02-24 14:22:58.937376,212
S_STR08359,S_U0097,S0028,2026-02-12 03:13:05.291484,102
S_STR08360,S_U0054,S0044,2026-02-04 08:09:32.242202,312
S_STR08361,S_U0054,S0044,2026-01-31 18:39:45.402685,16
S_STR08362,S_U0032,S0040,2026-02-23 18:29:06.724065,52
S_STR08363,S_U0091,S0021,2026-02-15 05:10:17.260297,160
S_STR08364,S_U0099,S0047,2026-02-04 06:52:49.317547,148
S_STR08365,S_U0067,S0047,2026-02-02 02:14:54.624339,163
S_STR08366,S_U0099,S0043,2026-02-19 15:08:20.537013,173
S_STR08367,S_U0028,S0005,2026-02-07 02:31:32.825427,32
S_STR08368,S_U0069,S0024,2026-02-09 00:24:35.546923,161
S_STR08369,S_U0090,S0028,2026-03-01 02:46:16.799186,105
S_STR08370,S_U0045,S0022,2026-02-22 02:45:18.809561,277
S_STR08371,S_U0087,S0050,2026-02-21 04:03:53.281954,58
S_STR08372,S_U0079,S0042,2026-02-08 02:20:04.152040,45
S_STR08373,S_U0040,S0030,2026-02-22 05:50:16.625196,173
S_STR08374,S_U0077,S0048,2026-02-05 21:50:11.913146,9
S_STR08375,S_U0085,S0043,2026-02-02 10:56:52.074291,78
S_STR08376,S_U0061,S0039,2026-02-06 11:38:48.940978,192
S_STR08377,S_U0035,S0031,2026-02-20 18:42:50.342575,31
S_STR08378,S_U0019,S0037,2026-02-02 00:47:26.142938,146
S_STR08379,S_U0004,S0028,2026-02-15 17:45:17.612286,29
S_STR08380,S_U0085,S0035,2026-02-02 09:25:00.967170,60
S_STR08381,S_U0088,S0050,2026-02-14 08:09:00.211693,219
S_STR08382,S_U0052,S0045,2026-02-01 20:42:40.647486,225
S_STR08383,S_U0063,S0041,2026-03-01 18:07:59.780956,115
S_STR08384,S_U0044,S0033,2026-02-02 16:18:38.914933,278
S_STR08385,S_U0062,S0008,2026-02-19 06:39:32.950366,45
S_STR08386,S_U0072,S0016,2026-02-11 15:55:54.760209,204
S_STR08387,S_U0052,S0040,2026-02-10 10:09:55.899886,137
S_STR08388,S_U0081,S0021,2026-02-03 00:24:27.699254,199
S_STR08389,S_U0088,S0028,2026-02-13 04:59:23.094925,127
S_STR08390,S_U0057,S0040,2026-02-10 16:38:04.920112,217
S_STR08391,S_U0090,S0033,2026-02-05 15:55:49.746127,285
S_STR08392,S_U0063,S0046,2026-02-11 10:12:26.656596,15
S_STR08393,S_U0052,S0007,2026-02-07 13:39:06.654261,202
S_STR08394,S_U0025,S0027,2026-02-20 03:10:23.048874,70
S_STR08395,S_U0046,S0002,2026-02-26 21:41:10.090444,36
S_STR08396,S_U0063,S0043,2026-02-24 03:57:11.113474,107
S_STR08397,S_U0018,S0050,2026-02-04 14:58:19.346956,112
S_STR08398,S_U0091,S0010,2026-02-09 21:16:06.902863,47
S_STR08399,S_U0006,S0050,2026-02-03 09:10:46.462934,155
S_STR08400,S_U0073,S0023,2026-02-27 03:25:43.697659,7
S_STR08401,S_U0015,S0003,2026-02-06 06:57:01.427851,35
S_STR08402,S_U0098,S0048,2026-02-15 06:43:28.594202,115
S_STR08403,S_U0039,S0048,2026-02-12 05:48:48.575262,82
S_STR08404,S_U0046,S0039,2026-02-07 22:10:42.451467,148
S_STR08405,S_U0052,S0030,2026-02-10 01:14:47.958051,211
S_STR08406,S_U0040,S0028,2026-02-07 19:08:55.126620,68
S_STR08407,S_U0075,S0011,2026-02-09 13:50:34.386915,42
S_STR08408,S_U0073,S0039,2026-02-25 18:09:51.166956,64
S_STR08409,S_U0065,S0026,2026-02-21 05:30:25.537845,177
S_STR08410,S_U0059,S0025,2026-02-19 18:53:24.786858,75
S_STR08411,S_U0077,S0029,2026-02-02 13:20:19.542534,102
S_STR08412,S_U0027,S0041,2026-02-22 05:10:51.566299,80
S_STR08413,S_U0038,S0027,2026-02-09 03:35:49.322043,39
S_STR08414,S_U0029,S0009,2026-02-09 10:53:51.969736,80
S_STR08415,S_U0012,S0035,2026-02-15 03:42:45.210109,45
S_STR08416,S_U0078,S0049,2026-02-03 23:33:16.892964,14
S_STR08417,S_U0035,S0035,2026-02-27 14:22:28.233152,74
S_STR08418,S_U0080,S0047,2026-02-28 10:47:52.709243,102
S_STR08419,S_U0020,S0044,2026-02-28 22:22:46.268852,74
S_STR08420,S_U0096,S0019,2026-02-24 23:08:05.934874,93
S_STR08421,S_U0050,S0021,2026-02-14 10:25:40.228101,216
S_STR08422,S_U0091,S0033,2026-03-02 04:04:17.387037,300
S_STR08423,S_U0073,S0049,2026-02-02 03:10:28.168958,104
S_STR08424,S_U0054,S0036,2026-02-25 16:56:21.991821,98
S_STR08425,S_U0072,S0046,2026-02-24 00:49:18.966123,67
S_STR08426,S_U0088,S0033,2026-02-20 05:26:50.275512,347
S_STR08427,S_U0012,S0037,2026-02-18 14:20:49.958343,245
S_STR08428,S_U0031,S0041,2026-02-05 05:47:56.508003,48
S_STR08429,S_U0006,S0045,2026-02-11 01:55:06.136041,40
S_STR08430,S_U0059,S0039,2026-03-02 07:49:30.597173,111
S_STR08431,S_U0042,S0032,2026-02-14 23:57:16.139149,211
S_STR08432,S_U0035,S0049,2026-02-18 00:21:02.948012,77
S_STR08433,S_U0061,S0027,2026-02-14 03:54:25.810462,20
S_STR08434,S_U0076,S0017,2026-02-26 22:33:58.850539,91
S_STR08435,S_U0076,S0034,2026-02-23 14:03:28.870852,31
S_STR08436,S_U0036,S0043,2026-02-02 21:40:19.703045,152
S_STR08437,S_U0087,S0022,2026-02-14 21:43:04.842585,320
S_STR08438,S_U0072,S0029,2026-02-23 12:16:11.205326,198
S_STR08439,S_U0099,S0026,2026-02-18 23:54:41.409035,74
S_STR08440,S_U0045,S0028,2026-02-05 18:49:22.644843,28
S_STR08441,S_U0084,S0039,2026-02-02 21:44:13.829155,15
S_STR08442,S_U0064,S0012,2026-01-31 21:38:01.404808,137
S_STR08443,S_U0026,S0007,2026-02-10 17:56:46.900463,34
S_STR08444,S_U0083,S0035,2026-03-02 03:26:53.952612,134
S_STR08445,S_U0053,S0019,2026-03-02 09:12:50.946877,85
S_STR08446,S_U0070,S0019,2026-02-05 06:12:44.404717,38
S_STR08447,S_U0004,S0030,2026-02-17 01:11:37.244312,271
S_STR08448,S_U0076,S0043,2026-02-28 23:00:05.073683,57
S_STR08449,S_U0040,S0016,2026-02-16 04:18:28.114247,43
S_STR08450,S_U0078,S0040,2026-02-12 03:44:35.112147,32
S_STR08451,S_U0001,S0050,2026-02-14 12:45:26.357110,76
S_STR08452,S_U0056,S0034,2026-02-12 17:11:56.603306,29
S_STR08453,S_U0054,S0050,2026-02-17 15:06:34.613364,157
S_STR08454,S_U0064,S0033,2026-02-19 09:25:22.437358,175
S_STR08455,S_U0064,S0032,2026-02-04 10:16:22.931539,294
S_STR08456,S_U0066,S0030,2026-02-27 12:22:52.500638,179
S_STR08457,S_U0012,S0031,2026-03-02 11:02:44.497118,104
S_STR08458,S_U0085,S0013,2026-02-06 15:34:47.106182,25
S_STR08459,S_U0008,S0016,2026-02-26 14:40:21.007587,197
S_STR08460,S_U0093,S0028,2026-02-24 10:25:19.715658,13
S_STR08461,S_U0006,S0036,2026-02-08 03:45:13.710687,114
S_STR08462,S_U0065,S0031,2026-02-06 17:32:56.060706,61
S_STR08463,S_U0044,S0042,2026-02-17 23:37:57.795361,11
S_STR08464,S_U0071,S0031,2026-02-15 13:33:46.016303,136
S_STR08465,S_U0041,S0048,2026-03-02 10:27:09.108260,41
S_STR08466,S_U0061,S0013,2026-02-03 20:25:47.211675,179
S_STR08467,S_U0039,S0032,2026-02-19 10:31:07.022807,31
S_STR08468,S_U0060,S0014,2026-02-24 21:17:03.054256,112
S_STR08469,S_U0060,S0042,2026-02-02 15:13:41.528821,66
S_STR08470,S_U0090,S0025,2026-02-13 07:44:36.747999,38
S_STR08471,S_U0075,S0019,2026-02-22 12:36:52.841547,93
S_STR08472,S_U0058,S0031,2026-02-23 15:56:08.498370,65
S_STR08473,S_U0032,S0048,2026-02-26 09:28:57.816633,32
S_STR08474,S_U0066,S0025,2026-02-03 03:20:11.030921,147
S_STR08475,S_U0092,S0016,2026-02-19 15:22:08.348699,8
S_STR08476,S_U0025,S0050,2026-02-02 16:25:17.499759,278
S_STR08477,S_U0093,S0040,2026-02-28 01:47:14.566218,141
S_STR08478,S_U0015,S0020,2026-02-11 11:55:46.883681,180
S_STR08479,S_U0016,S0024,2026-02-17 00:34:23.978848,66
S_STR08480,S_U0023,S0043,2026-02-22 17:01:25.865283,60
S_STR08481,S_U0028,S0043,2026-02-22 18:52:43.964328,116
S_STR08482,S_U0083,S0044,2026-02-18 12:17:47.560150,22
S_STR08483,S_U0088,S0049,2026-02-28 09:37:49.953385,200
S_STR08484,S_U0013,S0025,2026-02-22 16:01:32.849307,5
S_STR08485,S_U0043,S0047,2026-02-07 07:39:07.156411,33
S_STR08486,S_U0045,S0017,2026-02-07 00:11:59.334002,167
S_STR08487,S_U0066,S0042,2026-02-01 20:24:20.919305,76
S_STR08488,S_U0079,S0031,2026-02-02 12:37:49.810227,153
S_STR08489,S_U0044,S0017,2026-02-16 17:06:16.243952,206
S_STR08490,S_U0075,S0029,2026-02-03 17:08:15.174196,161
S_STR08491,S_U0070,S0033,2026-02-13 20:14:20.021248,105
S_STR08492,S_U0084,S0048,2026-02-07 10:20:18.207322,24
S_STR08493,S_U0001,S0050,2026-02-15 00:35:31.286888,226
S_STR08494,S_U0047,S0046,2026-02-08 17:48:52.557846,20
S_STR08495,S_U0050,S0025,2026-02-13 18:58:09.324922,17
S_STR08496,S_U0050,S0048,2026-02-07 17:20:19.150635,79
S_STR08497,S_U0056,S0043,2026-02-21 11:23:58.579060,112
S_STR08498,S_U0086,S0039,2026-02-04 23:15:55.404635,109
S_STR08499,S_U0096,S0039,2026-02-20 18:18:11.210564,40
S_STR08500,S_U0057,S0035,2026-02-08 21:17:53.393818,54
S_STR08501,S_U0071,S0044,2026-02-25 19:38:00.558357,17
S_STR08502,S_U0021,S0043,2026-02-24 17:38:28.250278,52
S_STR08503,S_U0003,S0039,2026-02-27 14:50:53.756176,149
S_STR08504,S_U0069,S0019,2026-02-12 22:26:40.061735,111
S_STR08505,S_U0081,S0041,2026-02-17 05:46:54.808726,102
S_STR08506,S_U0050,S0019,2026-02-16 00:42:10.272993,205
S_STR08507,S_U0086,S0038,2026-02-17 18:06:10.761999,139
S_STR08508,S_U0057,S0012,2026-02-18 18:42:18.678810,198
S_STR08509,S_U0069,S0044,2026-02-07 15:36:01.581908,288
S_STR08510,S_U0013,S0013,2026-02-13 00:52:11.059146,207
S_STR08511,S_U0011,S0033,2026-02-09 05:21:49.298138,53
S_STR08512,S_U0093,S0038,2026-03-01 21:46:01.515846,128
S_STR08513,S_U0010,S0033,2026-02-18 08:26:29.638026,310
S_STR08514,S_U0018,S0030,2026-02-26 11:41:25.861906,210
S_STR08515,S_U0001,S0041,2026-02-13 19:12:46.221610,119
S_STR08516,S_U0078,S0039,2026-02-22 06:34:49.803107,73
S_STR08517,S_U0031,S0043,2026-02-09 16:54:25.665913,35
S_STR08518,S_U0098,S0017,2026-02-04 21:21:23.628139,202
S_STR08519,S_U0089,S0042,2026-02-13 00:38:50.550685,167
S_STR08520,S_U0024,S0013,2026-02-14 04:55:04.493907,24
S_STR08521,S_U0079,S0028,2026-02-24 08:44:57.173237,152
S_STR08522,S_U0065,S0016,2026-02-24 14:48:23.866373,88
S_STR08523,S_U0054,S0017,2026-02-19 08:46:05.663627,150
S_STR08524,S_U0065,S0043,2026-02-07 05:50:39.729249,8
S_STR08525,S_U0083,S0049,2026-02-02 22:18:07.721567,7
S_STR08526,S_U0034,S0041,2026-02-07 22:04:40.023758,107
S_STR08527,S_U0090,S0036,2026-02-22 14:47:53.686543,42
S_STR08528,S_U0036,S0030,2026-02-22 21:10:35.393221,77
S_STR08529,S_U0079,S0029,2026-02-15 12:11:27.122307,54
S_STR08530,S_U0046,S0016,2026-03-01 07:42:52.638271,178
S_STR08531,S_U0001,S0013,2026-02-16 19:29:27.594351,131
S_STR08532,S_U0087,S0034,2026-02-16 12:37:14.954928,40
S_STR08533,S_U0016,S0033,2026-02-04 21:40:24.988976,81
S_STR08534,S_U0017,S0033,2026-02-22 06:03:30.883367,286
S_STR08535,S_U0100,S0031,2026-01-31 22:13:15.136074,86
S_STR08536,S_U0071,S0041,2026-02-11 02:53:31.519048,125
S_STR08537,S_U0052,S0049,2026-02-14 16:27:01.174031,62
S_STR08538,S_U0009,S0018,2026-02-01 20:00:34.412304,20
S_STR08539,S_U0069,S0013,2026-02-23 18:19:00.570890,76
S_STR08540,S_U0099,S0049,2026-02-22 14:16:47.028285,26
S_STR08541,S_U0055,S0034,2026-02-11 06:39:30.908380,77
S_STR08542,S_U0040,S0040,2026-02-26 06:46:25.536635,182
S_STR08543,S_U0071,S0025,2026-02-25 17:53:00.273761,111
S_STR08544,S_U0083,S0046,2026-02-22 07:17:36.775408,94
S_STR08545,S_U0013,S0024,2026-02-05 15:32:39.070497,45
S_STR08546,S_U0046,S0047,2026-02-14 07:49:25.416014,73
S_STR08547,S_U0049,S0024,2026-02-02 02:27:58.059978,134
S_STR08548,S_U0032,S0010,2026-02-02 21:45:02.359654,48
S_STR08549,S_U0070,S0019,2026-02-26 05:25:24.178638,175
S_STR08550,S_U0086,S0023,2026-02-26 16:21:13.103586,75
S_STR08551,S_U0003,S0015,2026-02-06 08:10:17.742069,122
S_STR08552,S_U0072,S0008,2026-02-19 11:18:32.147310,113
S_STR08553,S_U0023,S0030,2026-03-01 18:11:46.900712,178
S_STR08554,S_U0023,S0041,2026-02-03 07:04:51.168290,131
S_STR08555,S_U0036,S0041,2026-02-06 15:19:08.648453,13
S_STR08556,S_U0056,S0026,2026-02-21 10:07:14.734465,24
S_STR08557,S_U0053,S0035,2026-02-08 19:27:23.429631,128
S_STR08558,S_U0023,S0024,2026-02-26 18:10:53.231700,147
S_STR08559,S_U0073,S0010,2026-02-25 09:57:06.395467,79
S_STR08560,S_U0038,S0020,2026-02-18 10:18:18.290147,29
S_STR08561,S_U0094,S0017,2026-02-20 18:54:37.959009,25
S_STR08562,S_U0038,S0048,2026-02-09 20:15:48.996551,87
S_STR08563,S_U0088,S0044,2026-02-24 04:31:12.258925,94
S_STR08564,S_U0096,S0024,2026-02-18 03:57:13.385484,34
S_STR08565,S_U0047,S0046,2026-02-15 10:25:28.707242,35
S_STR08566,S_U0081,S0033,2026-02-12 23:54:48.026788,235
S_STR08567,S_U0071,S0045,2026-02-22 01:25:26.470566,55
S_STR08568,S_U0019,S0031,2026-01-31 20:57:07.733544,26
S_STR08569,S_U0062,S0035,2026-02-10 19:59:53.544828,123
S_STR08570,S_U0058,S0025,2026-02-15 13:20:31.605404,39
S_STR08571,S_U0007,S0040,2026-02-03 03:28:07.869302,23
S_STR08572,S_U0029,S0036,2026-02-08 04:05:39.102765,114
S_STR08573,S_U0074,S0033,2026-02-24 21:02:41.476694,150
S_STR08574,S_U0006,S0044,2026-02-04 11:00:08.260336,24
S_STR08575,S_U0076,S0048,2026-02-26 06:08:16.923559,98
S_STR08576,S_U0062,S0049,2026-02-27 18:27:54.287818,141
S_STR08577,S_U0082,S0008,2026-02-20 09:20:11.846513,121
S_STR08578,S_U0044,S0038,2026-03-02 01:46:03.817280,14
S_STR08579,S_U0020,S0046,2026-02-22 06:47:23.237727,22
S_STR08580,S_U0044,S0017,2026-02-28 17:39:19.770975,92
S_STR08581,S_U0073,S0026,2026-02-08 14:21:27.639219,31
S_STR08582,S_U0003,S0046,2026-03-02 01:57:19.474046,42
S_STR08583,S_U0086,S0029,2026-02-03 14:56:30.519488,171
S_STR08584,S_U0095,S0043,2026-02-26 05:24:50.001016,64
S_STR08585,S_U0044,S0049,2026-02-08 07:02:08.024141,171
S_STR08586,S_U0094,S0027,2026-02-25 04:49:10.171976,29
S_STR08587,S_U0057,S0032,2026-02-01 18:27:06.461713,137
S_STR08588,S_U0068,S0046,2026-02-04 10:17:42.723046,112
S_STR08589,S_U0076,S0007,2026-02-26 12:07:08.930125,92
S_STR08590,S_U0023,S0010,2026-02-23 04:54:24.969664,88
S_STR08591,S_U0018,S0019,2026-02-06 19:33:23.241757,66
S_STR08592,S_U0037,S0045,2026-02-16 12:00:59.755140,107
S_STR08593,S_U0010,S0031,2026-02-04 05:24:55.400648,23
S_STR08594,S_U0040,S0020,2026-03-02 04:19:12.563688,26
S_STR08595,S_U0093,S0043,2026-02-01 10:28:16.492893,75
S_STR08596,S_U0030,S0035,2026-02-02 05:13:51.392527,109
S_STR08597,S_U0046,S0048,2026-02-19 11:47:43.650992,54
S_STR08598,S_U0050,S0049,2026-02-23 09:47:32.888340,69
S_STR08599,S_U0082,S0045,2026-02-25 01:52:29.041503,84
S_STR08600,S_U0069,S0022,2026-02-04 01:28:19.067469,10
S_STR08601,S_U0082,S0033,2026-02-21 23:08:31.381245,120
S_STR08602,S_U0015,S0040,2026-02-06 00:33:51.471002,99
S_STR08603,S_U0024,S0021,2026-02-24 21:49:50.851969,161
S_STR08604,S_U0029,S0045,2026-02-24 09:22:29.974162,230
S_STR08605,S_U0092,S0013,2026-02-27 01:28:46.629628,164
S_STR08606,S_U0014,S0026,2026-02-28 05:33:33.333826,65
S_STR08607,S_U0098,S0034,2026-02-20 04:00:28.632878,88
S_STR08608,S_U0094,S0045,2026-02-12 05:25:12.711473,44
S_STR08609,S_U0075,S0026,2026-02-18 19:50:50.675005,168
S_STR08610,S_U0015,S0034,2026-02-17 09:09:10.807839,117
S_STR08611,S_U0058,S0021,2026-02-12 01:05:35.329592,91
S_STR08612,S_U0092,S0008,2026-02-10 14:09:23.891463,109
S_STR08613,S_U0044,S0049,2026-02-22 21:00:13.292795,37
S_STR08614,S_U0057,S0045,2026-02-11 18:15:46.236042,189
S_STR08615,S_U0039,S0036,2026-02-18 02:15:43.594607,39
S_STR08616,S_U0073,S0030,2026-02-08 21:55:41.321783,119
S_STR08617,S_U0026,S0033,2026-02-12 19:16:23.640542,48
S_STR08618,S_U0099,S0015,2026-02-15 02:19:37.111075,117
S_STR08619,S_U0060,S0025,2026-02-22 09:54:22.425848,23
S_STR08620,S_U0091,S0039,2026-02-03 09:17:31.494901,183
S_STR08621,S_U0071,S0047,2026-02-28 00:39:31.620269,163
S_STR08622,S_U0077,S0021,2026-02-07 01:07:45.127450,24
S_STR08623,S_U0031,S0038,2026-02-16 11:05:10.681858,119
S_STR08624,S_U0081,S0040,2026-02-20 23:12:14.461918,188
S_STR08625,S_U0044,S0017,2026-02-27 11:01:20.849233,202
S_STR08626,S_U0016,S0025,2026-01-31 21:10:50.712571,76
S_STR08627,S_U0021,S0048,2026-02-01 11:04:37.377218,28
S_STR08628,S_U0010,S0041,2026-02-08 05:16:14.030657,62
S_STR08629,S_U0016,S0023,2026-02-25 11:13:49.943253,85
S_STR08630,S_U0085,S0031,2026-02-09 07:23:16.069881,100
S_STR08631,S_U0051,S0003,2026-01-31 21:32:00.402149,142
S_STR08632,S_U0077,S0048,2026-03-02 09:29:26.427567,7
S_STR08633,S_U0066,S0003,2026-02-09 07:55:40.789196,192
S_STR08634,S_U0025,S0049,2026-02-20 20:07:16.872052,58
S_STR08635,S_U0033,S0025,2026-02-25 10:51:32.242616,106
S_STR08636,S_U0015,S0037,2026-02-08 22:15:22.007726,131
S_STR08637,S_U0062,S0044,2026-02-02 03:49:27.457698,173
S_STR08638,S_U0053,S0049,2026-02-26 10:02:42.379458,103
S_STR08639,S_U0078,S0037,2026-02-04 17:59:18.223317,108
S_STR08640,S_U0066,S0039,2026-03-01 07:59:55.039151,162
S_STR08641,S_U0087,S0033,2026-02-14 01:29:20.653249,260
S_STR08642,S_U0024,S0037,2026-02-24 22:14:07.958539,266
S_STR08643,S_U0019,S0043,2026-02-10 04:10:18.436608,33
S_STR08644,S_U0063,S0023,2026-02-15 04:51:40.461418,17
S_STR08645,S_U0034,S0035,2026-02-17 22:38:06.866787,99
S_STR08646,S_U0007,S0039,2026-02-04 02:38:59.339586,190
S_STR08647,S_U0054,S0035,2026-02-11 08:39:53.390017,76
S_STR08648,S_U0017,S0041,2026-02-04 09:38:55.636991,86
S_STR08649,S_U0042,S0045,2026-02-03 08:08:50.406172,117
S_STR08650,S_U0053,S0028,2026-02-22 10:40:22.056626,165
S_STR08651,S_U0012,S0050,2026-02-20 02:32:09.772197,296
S_STR08652,S_U0062,S0050,2026-02-06 11:03:45.257518,245
S_STR08653,S_U0013,S0044,2026-02-08 13:59:05.263176,17
S_STR08654,S_U0093,S0046,2026-02-18 10:30:07.557237,23
S_STR08655,S_U0009,S0029,2026-02-26 12:59:24.092516,122
S_STR08656,S_U0083,S0041,2026-02-23 19:24:17.098040,6
S_STR08657,S_U0068,S0050,2026-02-21 07:16:28.931327,272
S_STR08658,S_U0008,S0050,2026-01-31 22:22:20.003608,142
S_STR08659,S_U0030,S0049,2026-02-25 17:08:57.540750,5
S_STR08660,S_U0088,S0043,2026-02-14 17:21:21.441690,142
S_STR08661,S_U0008,S0047,2026-02-19 21:31:10.852653,43
S_STR08662,S_U0093,S0033,2026-02-28 23:57:57.110680,230
S_STR08663,S_U0071,S0049,2026-02-15 02:12:10.983632,221
S_STR08664,S_U0089,S0048,2026-02-10 01:03:03.858902,99
S_STR08665,S_U0054,S0045,2026-02-06 00:32:07.698117,159
S_STR08666,S_U0032,S0043,2026-02-16 03:48:39.356704,46
S_STR08667,S_U0059,S0047,2026-02-16 00:51:17.948276,132
S_STR08668,S_U0085,S0044,2026-02-01 21:42:02.985900,233
S_STR08669,S_U0098,S0046,2026-02-12 21:44:19.023585,58
S_STR08670,S_U0060,S0042,2026-02-07 04:05:03.341662,193
S_STR08671,S_U0089,S0041,2026-02-16 17:56:24.387844,21
S_STR08672,S_U0084,S0039,2026-02-26 23:06:25.462081,75
S_STR08673,S_U0005,S0050,2026-02-09 01:19:21.117958,209
S_STR08674,S_U0013,S0019,2026-02-02 14:06:57.215358,29
S_STR08675,S_U0041,S0043,2026-02-25 02:00:41.339049,147
S_STR08676,S_U0017,S0048,2026-02-27 16:16:57.776774,106
S_STR08677,S_U0005,S0027,2026-02-14 19:46:50.477457,130
S_STR08678,S_U0058,S0021,2026-02-23 19:48:04.910959,187
S_STR08679,S_U0085,S0046,2026-02-08 21:02:18.221795,46
S_STR08680,S_U0003,S0028,2026-02-23 17:23:55.817807,175
S_STR08681,S_U0032,S0023,2026-02-08 19:23:40.182418,76
S_STR08682,S_U0053,S0048,2026-02-13 23:06:09.551825,91
S_STR08683,S_U0028,S0032,2026-02-07 08:08:50.811797,21
S_STR08684,S_U0039,S0027,2026-02-03 05:41:35.972701,88
S_STR08685,S_U0095,S0040,2026-02-16 23:27:55.536407,155
S_STR08686,S_U0087,S0029,2026-02-19 03:48:13.649257,175
S_STR08687,S_U0034,S0015,2026-02-06 06:53:37.777139,228
S_STR08688,S_U0061,S0048,2026-02-21 18:16:56.374451,120
S_STR08689,S_U0020,S0040,2026-02-05 06:00:08.502208,93
S_STR08690,S_U0074,S0029,2026-02-22 04:39:46.626244,137
S_STR08691,S_U0039,S0040,2026-02-15 08:52:45.528429,117
S_STR08692,S_U0079,S0038,2026-02-19 18:07:21.872108,39
S_STR08693,S_U0052,S0005,2026-02-17 00:44:24.292160,82
S_STR08694,S_U0026,S0050,2026-02-08 06:14:11.135553,185
S_STR08695,S_U0076,S0037,2026-02-06 03:55:29.674396,99
S_STR08696,S_U0009,S0048,2026-02-09 11:06:59.257678,7
S_STR08697,S_U0006,S0025,2026-02-18 22:15:59.753645,58
S_STR08698,S_U0092,S0042,2026-02-05 00:40:06.390097,6
S_STR08699,S_U0053,S0039,2026-02-02 05:24:45.630301,141
S_STR08700,S_U0064,S0050,2026-02-26 20:46:22.071225,97
S_STR08701,S_U0052,S0025,2026-02-20 21:58:36.562435,138
S_STR08702,S_U0073,S0019,2026-02-15 02:51:17.628515,121
S_STR08703,S_U0037,S0028,2026-02-12 10:15:43.504322,92
S_STR08704,S_U0067,S0017,2026-02-22 20:12:28.214481,186
S_STR08705,S_U0083,S0043,2026-02-10 14:04:52.139611,193
S_STR08706,S_U0066,S0025,2026-02-24 21:47:52.592693,70
S_STR08707,S_U0033,S0048,2026-02-01 22:08:55.851090,91
S_STR08708,S_U0074,S0015,2026-02-27 04:30:16.414916,172
S_STR08709,S_U0013,S0030,2026-02-09 05:11:46.732527,135
S_STR08710,S_U0075,S0019,2026-02-23 10:51:26.543413,180
S_STR08711,S_U0004,S0050,2026-02-13 15:07:40.884145,174
S_STR08712,S_U0031,S0046,2026-02-10 04:29:15.639707,103
S_STR08713,S_U0043,S0049,2026-02-05 04:40:22.841850,93
S_STR08714,S_U0091,S0041,2026-02-28 21:59:34.912144,10
S_STR08715,S_U0049,S0019,2026-02-20 06:06:14.706577,127
S_STR08716,S_U0042,S0030,2026-02-09 16:19:28.884307,99
S_STR08717,S_U0089,S0038,2026-02-22 17:01:53.292442,77
S_STR08718,S_U0054,S0037,2026-02-26 11:11:24.716505,217
S_STR08719,S_U0025,S0040,2026-02-06 13:32:10.552144,219
S_STR08720,S_U0097,S0030,2026-02-05 23:30:08.385385,211
S_STR08721,S_U0004,S0026,2026-02-23 20:44:11.863616,170
S_STR08722,S_U0085,S0021,2026-02-09 04:14:03.611558,186
S_STR08723,S_U0100,S0042,2026-02-05 06:27:06.358649,85
S_STR08724,S_U0073,S0012,2026-02-22 06:42:22.524911,226
S_STR08725,S_U0009,S0037,2026-02-11 04:24:55.084700,117
S_STR08726,S_U0009,S0015,2026-03-01 04:48:52.860064,146
S_STR08727,S_U0061,S0005,2026-02-24 10:24:48.737627,101
S_STR08728,S_U0082,S0021,2026-02-04 05:29:54.742320,203
S_STR08729,S_U0096,S0046,2026-02-12 04:17:36.484761,14
S_STR08730,S_U0058,S0035,2026-02-11 12:26:38.837197,110
S_STR08731,S_U0064,S0043,2026-02-24 06:10:58.793903,86
S_STR08732,S_U0066,S0038,2026-02-08 12:03:38.720872,83
S_STR08733,S_U0050,S0036,2026-02-16 11:01:21.327313,224
S_STR08734,S_U0017,S0013,2026-02-28 09:39:35.843996,26
S_STR08735,S_U0034,S0046,2026-02-15 04:11:51.901915,60
S_STR08736,S_U0010,S0043,2026-02-03 14:18:19.660544,86
S_STR08737,S_U0029,S0039,2026-02-11 07:16:21.676957,29
S_STR08738,S_U0092,S0022,2026-02-03 23:04:43.517344,183
S_STR08739,S_U0045,S0017,2026-02-08 20:34:28.838841,59
S_STR08740,S_U0047,S0018,2026-02-21 21:20:03.907690,94
S_STR08741,S_U0088,S0049,2026-02-20 08:07:37.660207,101
S_STR08742,S_U0065,S0044,2026-01-31 13:40:16.385035,278
S_STR08743,S_U0044,S0034,2026-02-27 05:57:22.861776,100
S_STR08744,S_U0066,S0031,2026-02-15 12:39:57.080909,35
S_STR08745,S_U0019,S0022,2026-02-06 11:30:13.251699,260
S_STR08746,S_U0079,S0024,2026-02-09 16:56:13.191184,31
S_STR08747,S_U0068,S0045,2026-02-18 11:37:51.931288,179
S_STR08748,S_U0078,S0024,2026-02-22 14:50:25.782974,225
S_STR08749,S_U0056,S0043,2026-02-04 18:24:37.221709,20
S_STR08750,S_U0084,S0039,2026-02-16 11:21:17.394216,17
S_STR08751,S_U0052,S0033,2026-02-26 04:25:31.808606,170
S_STR08752,S_U0091,S0047,2026-02-11 14:05:01.301904,135
S_STR08753,S_U0026,S0037,2026-02-05 06:49:12.629594,9
S_STR08754,S_U0050,S0035,2026-02-26 19:30:31.658718,64
S_STR08755,S_U0063,S0040,2026-02-14 10:31:28.795771,79
S_STR08756,S_U0080,S0039,2026-02-20 01:18:00.227004,145
S_STR08757,S_U0098,S0042,2026-02-23 20:28:40.181317,104
S_STR08758,S_U0085,S0044,2026-03-02 00:29:54.251932,22
S_STR08759,S_U0024,S0012,2026-02-11 04:32:07.550276,123
S_STR08760,S_U0068,S0043,2026-02-01 17:30:43.956815,52
S_STR08761,S_U0089,S0018,2026-02-23 00:20:39.872320,137
S_STR08762,S_U0054,S0039,2026-02-25 12:31:08.327405,116
S_STR08763,S_U0025,S0035,2026-02-09 20:53:00.395606,42
S_STR08764,S_U0006,S0037,2026-02-25 22:04:21.825969,254
S_STR08765,S_U0015,S0047,2026-02-09 14:41:20.899438,46
S_STR08766,S_U0098,S0041,2026-02-22 02:12:09.875454,41
S_STR08767,S_U0093,S0050,2026-02-09 14:03:41.491552,285
S_STR08768,S_U0057,S0022,2026-02-14 11:32:46.750381,118
S_STR08769,S_U0011,S0029,2026-02-25 17:49:49.582267,91
S_STR08770,S_U0067,S0047,2026-02-06 21:21:14.676072,151
S_STR08771,S_U0004,S0030,2026-03-01 09:40:06.106629,24
S_STR08772,S_U0030,S0041,2026-01-31 21:11:12.131707,47
S_STR08773,S_U0061,S0037,2026-02-02 10:53:16.223559,195
S_STR08774,S_U0065,S0037,2026-02-22 18:46:14.655268,198
S_STR08775,S_U0087,S0025,2026-02-26 04:45:51.427143,123
S_STR08776,S_U0075,S0043,2026-02-13 01:17:19.225801,58
S_STR08777,S_U0009,S0044,2026-03-01 02:30:32.858615,193
S_STR08778,S_U0083,S0005,2026-02-21 02:40:33.690600,11
S_STR08779,S_U0092,S0043,2026-03-01 22:30:56.043988,46
S_STR08780,S_U0100,S0025,2026-01-31 19:07:18.891710,39
S_STR08781,S_U0039,S0031,2026-02-13 02:15:45.270825,113
S_STR08782,S_U0007,S0016,2026-02-10 09:25:39.289927,152
S_STR08783,S_U0032,S0045,2026-02-24 03:16:11.920633,28
S_STR08784,S_U0036,S0015,2026-02-13 02:38:04.168092,35
S_STR08785,S_U0075,S0013,2026-01-31 15:59:40.649253,241
S_STR08786,S_U0018,S0037,2026-02-02 10:43:33.792907,92
S_STR08787,S_U0071,S0034,2026-02-12 23:09:05.955644,34
S_STR08788,S_U0036,S0022,2026-03-02 09:01:36.053221,38
S_STR08789,S_U0071,S0037,2026-02-12 09:04:12.347787,190
S_STR08790,S_U0029,S0028,2026-02-16 18:00:51.353129,109
S_STR08791,S_U0029,S0041,2026-02-28 19:15:24.963882,92
S_STR08792,S_U0016,S0015,2026-02-25 09:12:37.110585,91
S_STR08793,S_U0089,S0030,2026-02-02 16:31:13.598318,246
S_STR08794,S_U0082,S0049,2026-02-14 06:02:42.154175,120
S_STR08795,S_U0020,S0048,2026-02-10 09:43:33.378363,51
S_STR08796,S_U0076,S0012,2026-02-20 23:35:01.005084,279
S_STR08797,S_U0012,S0040,2026-02-19 17:15:38.222324,62
S_STR08798,S_U0085,S0033,2026-02-13 23:28:17.656158,212
S_STR08799,S_U0091,S0026,2026-02-17 19:55:46.494605,146
S_STR08800,S_U0009,S0039,2026-02-11 05:58:23.452595,96
S_STR08801,S_U0011,S0036,2026-01-31 19:30:20.980051,65
S_STR08802,S_U0040,S0039,2026-02-26 07:56:41.744015,42
S_STR08803,S_U0059,S0040,2026-02-25 15:11:40.708480,128
S_STR08804,S_U0038,S0027,2026-02-09 01:33:46.256325,107
S_STR08805,S_U0014,S0044,2026-02-02 00:42:23.606640,278
S_STR08806,S_U0042,S0048,2026-02-07 20:04:49.338183,43
S_STR08807,S_U0025,S0050,2026-02-18 05:55:11.758085,13
S_STR08808,S_U0028,S0047,2026-02-09 15:26:24.585791,27
S_STR08809,S_U0004,S0036,2026-02-21 15:46:17.159669,202
S_STR08810,S_U0088,S0050,2026-02-11 21:46:08.321654,21
S_STR08811,S_U0055,S0043,2026-03-01 12:11:49.864495,32
S_STR08812,S_U0074,S0042,2026-02-08 18:10:06.494669,7
S_STR08813,S_U0003,S0045,2026-02-23 22:05:29.703873,206
S_STR08814,S_U0073,S0012,2026-02-11 07:06:22.143935,99
S_STR08815,S_U0036,S0035,2026-02-01 08:39:48.018528,63
S_STR08816,S_U0079,S0041,2026-02-27 06:58:46.114825,73
S_STR08817,S_U0096,S0039,2026-02-04 22:25:03.434120,88
S_STR08818,S_U0022,S0028,2026-02-13 23:20:53.416529,165
S_STR08819,S_U0075,S0047,2026-03-01 11:54:07.660727,90
S_STR08820,S_U0086,S0043,2026-02-21 00:44:06.475904,65
S_STR08821,S_U0087,S0017,2026-02-09 19:36:24.354088,32
S_STR08822,S_U0048,S0027,2026-02-05 18:56:21.548446,104
S_STR08823,S_U0041,S0049,2026-02-10 02:41:58.093935,201
S_STR08824,S_U0012,S0046,2026-02-21 16:22:56.371647,21
S_STR08825,S_U0050,S0019,2026-02-24 19:05:08.363568,67
S_STR08826,S_U0077,S0044,2026-02-10 11:24:11.170678,6
S_STR08827,S_U0052,S0044,2026-02-23 17:11:30.194901,81
S_STR08828,S_U0057,S0034,2026-02-25 09:33:11.762752,46
S_STR08829,S_U0035,S0039,2026-02-04 14:39:03.038312,73
S_STR08830,S_U0073,S0028,2026-02-20 00:20:21.141511,44
S_STR08831,S_U0072,S0047,2026-02-19 17:05:26.990309,90
S_STR08832,S_U0062,S0045,2026-02-24 03:21:48.215104,156
S_STR08833,S_U0095,S0042,2026-02-10 06:19:24.317667,100
S_STR08834,S_U0010,S0032,2026-02-05 22:57:53.365180,146
S_STR08835,S_U0014,S0015,2026-02-18 07:40:26.508573,17
S_STR08836,S_U0064,S0043,2026-02-26 17:26:57.944514,52
S_STR08837,S_U0013,S0027,2026-02-11 04:49:34.488892,58
S_STR08838,S_U0055,S0048,2026-02-07 16:41:22.808635,90
S_STR08839,S_U0039,S0046,2026-02-09 22:07:41.529566,83
S_STR08840,S_U0065,S0030,2026-02-20 00:29:14.764372,184
S_STR08841,S_U0027,S0028,2026-02-08 16:41:21.250409,107
S_STR08842,S_U0058,S0047,2026-02-25 10:32:38.058758,58
S_STR08843,S_U0010,S0016,2026-02-04 09:04:14.697512,6
S_STR08844,S_U0012,S0017,2026-02-25 19:38:50.400590,192
S_STR08845,S_U0048,S0019,2026-02-08 11:36:52.744012,89
S_STR08846,S_U0093,S0050,2026-02-08 07:09:04.730793,11
S_STR08847,S_U0045,S0039,2026-02-27 12:18:17.049038,29
S_STR08848,S_U0063,S0047,2026-02-08 00:49:29.486852,146
S_STR08849,S_U0050,S0031,2026-02-04 22:19:43.826740,134
S_STR08850,S_U0047,S0028,2026-02-14 04:06:04.625571,137
S_STR08851,S_U0050,S0038,2026-02-25 15:04:20.415384,77
S_STR08852,S_U0028,S0022,2026-02-04 23:41:27.304755,274
S_STR08853,S_U0074,S0021,2026-02-27 08:22:27.560601,221
S_STR08854,S_U0031,S0029,2026-02-12 14:10:05.383816,96
S_STR08855,S_U0033,S0029,2026-02-21 09:11:52.710609,234
S_STR08856,S_U0073,S0025,2026-02-05 23:47:53.124813,31
S_STR08857,S_U0001,S0015,2026-02-18 04:35:47.204293,132
S_STR08858,S_U0052,S0037,2026-02-03 06:56:31.604191,227
S_STR08859,S_U0023,S0038,2026-02-16 09:19:28.425066,14
S_STR08860,S_U0015,S0042,2026-02-28 08:46:26.773134,63
S_STR08861,S_U0099,S0032,2026-02-16 22:08:45.159819,91
S_STR08862,S_U0009,S0021,2026-02-28 15:54:25.507940,18
S_STR08863,S_U0012,S0010,2026-02-24 04:49:11.564988,87
S_STR08864,S_U0004,S0042,2026-02-18 00:12:30.315829,160
S_STR08865,S_U0039,S0021,2026-02-01 03:14:03.488224,155
S_STR08866,S_U0019,S0039,2026-03-01 20:02:57.107913,112
S_STR08867,S_U0033,S0008,2026-02-01 21:53:00.621105,94
S_STR08868,S_U0089,S0042,2026-02-26 02:24:53.043708,78
S_STR08869,S_U0088,S0030,2026-02-28 07:00:22.855103,267
S_STR08870,S_U0081,S0040,2026-02-08 16:03:21.570084,231
S_STR08871,S_U0055,S0015,2026-02-02 08:17:53.037134,178
S_STR08872,S_U0050,S0027,2026-02-10 14:50:20.241382,31
S_STR08873,S_U0068,S0041,2026-02-13 15:05:56.891965,146
S_STR08874,S_U0053,S0017,2026-02-20 03:54:45.817314,14
S_STR08875,S_U0014,S0044,2026-02-11 00:15:19.394793,64
S_STR08876,S_U0078,S0025,2026-02-26 04:38:48.923761,77
S_STR08877,S_U0011,S0044,2026-02-21 15:09:39.815552,166
S_STR08878,S_U0002,S0016,2026-02-24 22:03:47.313003,142
S_STR08879,S_U0064,S0050,2026-02-22 17:04:59.814625,168
S_STR08880,S_U0034,S0048,2026-02-21 15:59:50.527934,81
S_STR08881,S_U0072,S0004,2026-02-15 09:10:45.389873,131
S_STR08882,S_U0066,S0033,2026-02-22 17:54:34.336326,262
S_STR08883,S_U0084,S0024,2026-02-27 11:21:06.578122,219
S_STR08884,S_U0067,S0019,2026-02-19 22:51:44.601135,115
S_STR08885,S_U0028,S0019,2026-02-22 00:20:03.051097,29
S_STR08886,S_U0047,S0049,2026-02-23 09:48:16.971120,60
S_STR08887,S_U0085,S0016,2026-02-04 18:56:27.589054,194
S_STR08888,S_U0038,S0046,2026-02-17 23:16:05.901889,76
S_STR08889,S_U0079,S0025,2026-02-05 13:30:50.635459,67
S_STR08890,S_U0058,S0048,2026-02-06 13:49:37.423488,101
S_STR08891,S_U0043,S0041,2026-02-23 04:46:42.451003,142
S_STR08892,S_U0072,S0035,2026-02-18 04:39:55.702351,8
S_STR08893,S_U0034,S0034,2026-02-06 21:43:47.146068,21
S_STR08894,S_U0015,S0050,2026-02-04 12:31:38.312791,126
S_STR08895,S_U0051,S0045,2026-02-04 02:39:12.094375,193
S_STR08896,S_U0042,S0014,2026-02-20 13:26:41.407763,94
S_STR08897,S_U0070,S0043,2026-02-11 07:12:32.557983,99
S_STR08898,S_U0062,S0045,2026-02-22 18:30:32.086775,108
S_STR08899,S_U0023,S0045,2026-02-07 20:51:57.348606,96
S_STR08900,S_U0057,S0042,2026-02-19 08:46:58.199058,212
S_STR08901,S_U0047,S0043,2026-02-04 21:19:52.356986,167
S_STR08902,S_U0099,S0042,2026-01-31 13:29:20.904210,18
S_STR08903,S_U0044,S0011,2026-02-16 18:26:49.407164,89
S_STR08904,S_U0053,S0022,2026-02-06 14:23:01.011684,156
S_STR08905,S_U0081,S0044,2026-02-11 12:43:20.707412,214
S_STR08906,S_U0037,S0048,2026-02-13 06:24:43.319709,85
S_STR08907,S_U0095,S0040,2026-02-06 18:08:26.649636,198
S_STR08908,S_U0085,S0036,2026-02-09 07:33:59.508300,69
S_STR08909,S_U0051,S0043,2026-01-31 13:22:11.797450,161
S_STR08910,S_U0016,S0041,2026-02-11 20:23:48.135198,130
S_STR08911,S_U0039,S0041,2026-02-15 10:55:37.299688,121
S_STR08912,S_U0089,S0044,2026-02-03 04:25:31.481859,184
S_STR08913,S_U0078,S0048,2026-02-26 11:42:17.474825,98
S_STR08914,S_U0001,S0022,2026-02-04 18:46:51.280255,247
S_STR08915,S_U0011,S0022,2026-02-25 22:50:25.695943,259
S_STR08916,S_U0087,S0029,2026-02-15 03:14:17.756314,213
S_STR08917,S_U0039,S0027,2026-02-22 00:09:31.025178,131
S_STR08918,S_U0084,S0039,2026-02-10 12:01:06.706575,139
S_STR08919,S_U0010,S0044,2026-02-13 00:44:21.355523,208
S_STR08920,S_U0008,S0026,2026-02-10 07:41:25.036791,70
S_STR08921,S_U0042,S0034,2026-02-20 07:24:34.678786,61
S_STR08922,S_U0098,S0020,2026-02-17 19:13:07.930206,230
S_STR08923,S_U0020,S0029,2026-02-26 22:48:09.308082,82
S_STR08924,S_U0023,S0029,2026-02-05 09:05:16.236218,134
S_STR08925,S_U0069,S0032,2026-02-10 03:06:28.099628,118
S_STR08926,S_U0092,S0048,2026-02-23 02:44:22.577124,62
S_STR08927,S_U0068,S0037,2026-02-09 03:51:35.380769,225
S_STR08928,S_U0018,S0004,2026-02-17 10:05:34.525125,100
S_STR08929,S_U0100,S0033,2026-02-08 20:27:26.096601,12
S_STR08930,S_U0014,S0048,2026-02-10 17:48:05.458492,87
S_STR08931,S_U0023,S0015,2026-02-01 23:35:23.233564,10
S_STR08932,S_U0007,S0043,2026-02-03 05:45:54.898062,74
S_STR08933,S_U0003,S0033,2026-02-18 19:35:54.601319,308
S_STR08934,S_U0072,S0047,2026-02-21 10:47:25.162795,54
S_STR08935,S_U0087,S0035,2026-02-25 12:38:45.480022,87
S_STR08936,S_U0058,S0037,2026-02-20 07:22:18.244923,195
S_STR08937,S_U0087,S0043,2026-02-16 12:40:13.733664,188
S_STR08938,S_U0014,S0035,2026-02-02 10:21:44.869619,49
S_STR08939,S_U0066,S0045,2026-02-11 20:06:14.427977,212
S_STR08940,S_U0065,S0049,2026-02-13 16:21:55.371433,199
S_STR08941,S_U0049,S0033,2026-01-31 19:04:15.634184,38
S_STR08942,S_U0071,S0006,2026-02-25 07:09:35.559088,133
S_STR08943,S_U0053,S0047,2026-03-01 23:31:13.776324,87
S_STR08944,S_U0062,S0023,2026-02-18 21:40:41.363963,134
S_STR08945,S_U0058,S0045,2026-02-14 00:25:58.828244,190
S_STR08946,S_U0013,S0001,2026-02-20 16:21:42.678060,197
S_STR08947,S_U0095,S0049,2026-02-10 21:23:50.795988,223
S_STR08948,S_U0015,S0047,2026-02-20 16:55:06.580316,86
S_STR08949,S_U0040,S0027,2026-03-01 11:20:14.633851,27
S_STR08950,S_U0034,S0020,2026-02-18 12:42:47.400756,194
S_STR08951,S_U0004,S0036,2026-02-10 06:12:53.344930,50
S_STR08952,S_U0048,S0025,2026-02-14 06:21:03.144651,52
S_STR08953,S_U0066,S0042,2026-02-20 01:50:34.239264,195
S_STR08954,S_U0022,S0046,2026-02-06 10:19:57.145576,73
S_STR08955,S_U0036,S0016,2026-02-08 18:29:53.311512,117
S_STR08956,S_U0082,S0049,2026-02-11 20:17:10.932766,209
S_STR08957,S_U0097,S0024,2026-03-01 17:51:23.953825,79
S_STR08958,S_U0078,S0047,2026-02-17 23:34:41.451292,129
S_STR08959,S_U0010,S0017,2026-02-08 20:04:56.221567,39
S_STR08960,S_U0042,S0039,2026-02-27 13:40:26.225258,57
S_STR08961,S_U0090,S0030,2026-02-28 08:54:42.014608,51
S_STR08962,S_U0011,S0035,2026-02-20 09:33:43.258775,73
S_STR08963,S_U0098,S0028,2026-02-14 14:00:22.336184,180
S_STR08964,S_U0019,S0041,2026-02-10 11:47:47.724706,46
S_STR08965,S_U0068,S0046,2026-02-10 02:05:04.621521,69
S_STR08966,S_U0018,S0036,2026-02-02 01:44:13.955296,120
S_STR08967,S_U0065,S0036,2026-02-17 14:28:07.873642,7
S_STR08968,S_U0099,S0049,2026-02-06 06:34:05.175780,48
S_STR08969,S_U0036,S0022,2026-02-27 21:44:38.545899,323
S_STR08970,S_U0017,S0045,2026-02-23 11:17:48.023319,152
S_STR08971,S_U0083,S0035,2026-02-07 23:22:27.298224,15
S_STR08972,S_U0092,S0047,2026-02-06 07:59:40.899770,120
S_STR08973,S_U0051,S0033,2026-02-04 05:38:54.570347,80
S_STR08974,S_U0007,S0028,2026-02-20 07:42:03.336386,128
S_STR08975,S_U0078,S0019,2026-03-02 06:45:10.169632,184
S_STR08976,S_U0073,S0033,2026-02-20 16:25:38.151221,243
S_STR08977,S_U0040,S0025,2026-02-23 03:54:02.349576,147
S_STR08978,S_U0081,S0040,2026-02-16 13:17:45.070243,210
S_STR08979,S_U0043,S0050,2026-02-04 18:14:06.155810,268
S_STR08980,S_U0019,S0022,2026-02-24 01:37:21.915383,138
S_STR08981,S_U0026,S0042,2026-02-03 02:11:05.898161,21
S_STR08982,S_U0009,S0008,2026-02-26 06:20:57.656180,297
S_STR08983,S_U0082,S0043,2026-02-15 17:30:38.427768,138
S_STR08984,S_U0037,S0032,2026-02-07 11:16:43.046307,220
S_STR08985,S_U0070,S0014,2026-02-28 01:45:04.361012,10
S_STR08986,S_U0071,S0014,2026-03-02 09:59:48.034577,206
S_STR08987,S_U0028,S0021,2026-03-01 09:21:57.857969,175
S_STR08988,S_U0051,S0035,2026-02-25 15:17:33.855378,17
S_STR08989,S_U0002,S0048,2026-02-05 01:11:45.650654,109
S_STR08990,S_U0043,S0021,2026-02-15 21:49:33.982478,45
S_STR08991,S_U0087,S0038,2026-02-05 13:37:24.888737,98
S_STR08992,S_U0006,S0038,2026-02-13 11:03:39.935959,47
S_STR08993,S_U0025,S0048,2026-02-02 11:31:45.731258,120
S_STR08994,S_U0046,S0042,2026-02-23 07:26:21.144032,141
S_STR08995,S_U0051,S0025,2026-02-14 22:36:17.003049,6
S_STR08996,S_U0006,S0036,2026-02-15 07:08:42.846869,70
S_STR08997,S_U0014,S0019,2026-02-23 22:56:02.753374,76
S_STR08998,S_U0001,S0030,2026-02-22 06:43:20.971745,32
S_STR08999,S_U0091,S0020,2026-02-06 17:38:00.748168,193
S_STR09000,S_U0010,S0047,2026-02-26 03:03:23.159245,38
S_STR09001,S_U0091,S0038,2026-02-16 18:57:33.655912,17
S_STR09002,S_U0060,S0042,2026-03-01 09:55:47.024489,200
S_STR09003,S_U0032,S0028,2026-02-23 10:43:45.988734,51
S_STR09004,S_U0008,S0043,2026-02-25 04:51:25.081201,171
S_STR09005,S_U0056,S0027,2026-02-18 10:07:07.624719,67
S_STR09006,S_U0042,S0050,2026-02-01 06:45:44.501030,78
S_STR09007,S_U0099,S0022,2026-02-04 15:34:32.587726,79
S_STR09008,S_U0034,S0034,2026-02-05 00:31:47.861073,24
S_STR09009,S_U0085,S0028,2026-02-17 18:13:21.592851,104
S_STR09010,S_U0051,S0050,2026-02-15 19:50:18.289526,56
S_STR09011,S_U0034,S0032,2026-02-18 20:39:23.531339,90
S_STR09012,S_U0089,S0032,2026-02-20 20:53:49.564142,112
S_STR09013,S_U0038,S0048,2026-02-03 10:33:04.377080,68
S_STR09014,S_U0100,S0039,2026-02-02 03:31:08.931530,158
S_STR09015,S_U0038,S0021,2026-02-03 15:28:02.955585,187
S_STR09016,S_U0028,S0044,2026-03-02 05:40:30.396630,313
S_STR09017,S_U0008,S0044,2026-02-02 05:08:16.731894,117
S_STR09018,S_U0064,S0010,2026-02-17 18:43:45.360529,56
S_STR09019,S_U0088,S0032,2026-02-21 12:59:33.947513,252
S_STR09020,S_U0065,S0042,2026-02-21 04:26:37.374937,118
S_STR09021,S_U0069,S0034,2026-02-17 12:40:06.350960,71
S_STR09022,S_U0043,S0022,2026-02-26 01:21:48.573804,162
S_STR09023,S_U0049,S0050,2026-02-19 00:38:23.564893,134
S_STR09024,S_U0072,S0017,2026-02-12 11:47:19.051026,171
S_STR09025,S_U0048,S0043,2026-03-01 22:37:26.408600,177
S_STR09026,S_U0074,S0019,2026-02-16 11:39:31.087353,154
S_STR09027,S_U0056,S0027,2026-02-05 15:46:45.658023,70
S_STR09028,S_U0039,S0039,2026-02-23 21:09:05.349874,140
S_STR09029,S_U0086,S0018,2026-02-01 15:01:27.582569,75
S_STR09030,S_U0002,S0019,2026-02-24 09:50:38.679000,58
S_STR09031,S_U0091,S0037,2026-02-16 17:47:34.272139,243
S_STR09032,S_U0087,S0049,2026-02-22 06:02:21.664291,90
S_STR09033,S_U0064,S0048,2026-02-09 17:35:03.530005,27
S_STR09034,S_U0081,S0028,2026-02-04 01:48:01.125858,157
S_STR09035,S_U0019,S0030,2026-02-28 02:50:05.578084,193
S_STR09036,S_U0001,S0034,2026-02-21 15:21:35.947522,16
S_STR09037,S_U0035,S0045,2026-02-03 20:10:26.051609,37
S_STR09038,S_U0090,S0049,2026-02-18 19:29:05.824651,171
S_STR09039,S_U0031,S0032,2026-03-01 09:03:50.895693,182
S_STR09040,S_U0067,S0023,2026-02-26 00:35:09.853459,60
S_STR09041,S_U0028,S0040,2026-02-13 23:04:31.636091,182
S_STR09042,S_U0058,S0045,2026-02-20 13:34:18.619067,219
S_STR09043,S_U0064,S0042,2026-02-27 05:39:41.747196,44
S_STR09044,S_U0072,S0033,2026-02-15 20:26:52.068436,59
S_STR09045,S_U0100,S0047,2026-02-15 06:11:37.846214,132
S_STR09046,S_U0043,S0028,2026-02-01 09:01:55.733347,90
S_STR09047,S_U0100,S0027,2026-02-18 12:16:58.878199,145
S_STR09048,S_U0026,S0050,2026-02-06 10:36:47.034491,91
S_STR09049,S_U0084,S0042,2026-02-14 06:31:11.468998,90
S_STR09050,S_U0057,S0050,2026-02-09 00:31:14.915636,168
S_STR09051,S_U0095,S0029,2026-02-24 20:50:07.528614,184
S_STR09052,S_U0066,S0026,2026-02-21 11:52:42.121981,5
S_STR09053,S_U0079,S0050,2026-02-08 09:03:11.991476,124
S_STR09054,S_U0095,S0032,2026-02-17 13:51:48.636970,177
S_STR09055,S_U0085,S0016,2026-02-20 04:28:42.784895,41
S_STR09056,S_U0064,S0011,2026-02-19 06:43:20.063420,115
S_STR09057,S_U0026,S0042,2026-02-09 04:14:02.703421,9
S_STR09058,S_U0048,S0022,2026-02-05 06:22:56.617242,349
S_STR09059,S_U0089,S0031,2026-02-17 16:04:23.131742,107
S_STR09060,S_U0089,S0046,2026-02-28 14:32:27.506360,106
S_STR09061,S_U0046,S0047,2026-02-07 02:51:25.068165,61
S_STR09062,S_U0077,S0017,2026-02-12 04:17:09.926923,26
S_STR09063,S_U0075,S0037,2026-02-05 01:31:10.624655,56
S_STR09064,S_U0027,S0032,2026-02-19 11:55:53.897607,235
S_STR09065,S_U0035,S0018,2026-02-05 17:28:05.897999,35
S_STR09066,S_U0084,S0028,2026-02-19 14:44:35.331293,75
S_STR09067,S_U0099,S0038,2026-02-07 05:51:27.669982,111
S_STR09068,S_U0090,S0040,2026-02-14 02:41:01.165105,122
S_STR09069,S_U0026,S0011,2026-02-09 13:32:02.027339,67
S_STR09070,S_U0091,S0033,2026-02-07 18:25:13.770088,81
S_STR09071,S_U0087,S0050,2026-02-05 04:35:41.472193,128
S_STR09072,S_U0057,S0030,2026-02-14 00:33:05.690526,191
S_STR09073,S_U0007,S0037,2026-02-11 10:39:05.517982,93
S_STR09074,S_U0077,S0019,2026-02-16 01:17:36.534435,205
S_STR09075,S_U0076,S0012,2026-02-14 11:57:39.014714,25
S_STR09076,S_U0087,S0017,2026-02-23 06:37:39.348775,82
S_STR09077,S_U0067,S0045,2026-02-27 01:53:15.294225,158
S_STR09078,S_U0064,S0025,2026-02-10 00:10:43.846938,106
S_STR09079,S_U0100,S0039,2026-02-23 23:39:22.117628,137
S_STR09080,S_U0057,S0037,2026-02-10 12:42:30.350022,143
S_STR09081,S_U0082,S0022,2026-02-11 05:08:36.372665,344
S_STR09082,S_U0094,S0039,2026-02-15 14:01:19.189619,5
S_STR09083,S_U0082,S0039,2026-02-08 03:23:37.448088,97
S_STR09084,S_U0091,S0025,2026-02-11 10:58:13.437858,111
S_STR09085,S_U0081,S0041,2026-02-19 18:18:38.702318,135
S_STR09086,S_U0021,S0046,2026-02-04 15:45:46.375630,75
S_STR09087,S_U0020,S0045,2026-02-07 03:16:49.457518,14
S_STR09088,S_U0005,S0037,2026-02-10 05:33:52.398767,32
S_STR09089,S_U0022,S0024,2026-02-15 02:54:17.484424,131
S_STR09090,S_U0057,S0011,2026-02-24 13:27:32.268891,186
S_STR09091,S_U0011,S0034,2026-02-18 04:42:12.421924,29
S_STR09092,S_U0093,S0021,2026-02-24 16:36:08.179029,63
S_STR09093,S_U0053,S0038,2026-02-26 18:33:27.046804,66
S_STR09094,S_U0076,S0047,2026-03-01 00:40:43.434993,81
S_STR09095,S_U0078,S0022,2026-02-28 19:54:31.481918,162
S_STR09096,S_U0097,S0045,2026-02-21 11:55:30.605937,157
S_STR09097,S_U0085,S0030,2026-02-05 09:08:32.697032,163
S_STR09098,S_U0086,S0047,2026-02-08 02:46:10.130887,144
S_STR09099,S_U0021,S0017,2026-02-03 18:22:21.695508,100
S_STR09100,S_U0036,S0012,2026-02-16 17:51:17.508351,75
S_STR09101,S_U0044,S0043,2026-02-07 14:25:11.469228,14
S_STR09102,S_U0078,S0041,2026-02-03 16:51:50.710207,58
S_STR09103,S_U0099,S0026,2026-02-15 11:58:33.614756,7
S_STR09104,S_U0061,S0044,2026-02-24 03:20:38.931092,69
S_STR09105,S_U0053,S0022,2026-02-04 02:19:17.393458,182
S_STR09106,S_U0009,S0032,2026-02-20 12:03:39.997315,183
S_STR09107,S_U0074,S0049,2026-02-03 16:46:03.116303,7
S_STR09108,S_U0009,S0033,2026-02-14 22:52:57.342666,175
S_STR09109,S_U0093,S0043,2026-02-06 16:37:04.058765,156
S_STR09110,S_U0019,S0037,2026-02-05 06:08:24.590041,15
S_STR09111,S_U0003,S0028,2026-02-11 09:24:27.748221,180
S_STR09112,S_U0045,S0014,2026-02-18 05:18:58.968460,168
S_STR09113,S_U0013,S0017,2026-02-02 23:43:57.004208,161
S_STR09114,S_U0045,S0045,2026-02-02 11:32:48.617429,119
S_STR09115,S_U0020,S0025,2026-02-05 00:58:26.277011,81
S_STR09116,S_U0033,S0034,2026-01-31 18:52:31.033041,67
S_STR09117,S_U0060,S0011,2026-02-01 17:33:27.183919,197
S_STR09118,S_U0076,S0036,2026-02-11 14:38:09.187334,188
S_STR09119,S_U0055,S0036,2026-02-03 22:42:23.497815,44
S_STR09120,S_U0050,S0044,2026-02-25 21:22:00.146906,225
S_STR09121,S_U0094,S0047,2026-02-25 13:53:03.522300,154
S_STR09122,S_U0085,S0019,2026-02-07 11:02:48.864485,189
S_STR09123,S_U0046,S0035,2026-02-13 12:05:17.561497,121
S_STR09124,S_U0097,S0039,2026-02-01 03:40:43.123383,15
S_STR09125,S_U0072,S0040,2026-02-01 12:28:56.013501,58
S_STR09126,S_U0059,S0039,2026-02-04 12:19:43.614685,61
S_STR09127,S_U0021,S0026,2026-02-27 09:39:46.100502,44
S_STR09128,S_U0010,S0024,2026-02-21 12:39:15.497138,61
S_STR09129,S_U0028,S0019,2026-02-03 13:01:18.179852,228
S_STR09130,S_U0059,S0050,2026-02-09 15:12:57.188892,219
S_STR09131,S_U0100,S0045,2026-02-02 21:47:00.139533,120
S_STR09132,S_U0050,S0026,2026-02-16 02:31:32.861758,30
S_STR09133,S_U0073,S0019,2026-02-03 22:34:24.824875,65
S_STR09134,S_U0041,S0009,2026-02-14 06:32:50.085837,189
S_STR09135,S_U0002,S0050,2026-02-27 22:50:21.955549,174
S_STR09136,S_U0072,S0036,2026-02-12 15:48:19.488513,62
S_STR09137,S_U0005,S0046,2026-02-22 01:10:14.026504,105
S_STR09138,S_U0093,S0035,2026-02-20 09:00:42.330827,67
S_STR09139,S_U0090,S0047,2026-02-03 11:41:17.522115,68
S_STR09140,S_U0076,S0050,2026-02-24 03:23:26.679568,153
S_STR09141,S_U0100,S0050,2026-02-26 15:53:45.826964,82
S_STR09142,S_U0034,S0040,2026-02-14 13:32:45.159789,51
S_STR09143,S_U0029,S0042,2026-02-09 00:33:14.465753,54
S_STR09144,S_U0015,S0016,2026-01-31 15:33:36.395424,5
S_STR09145,S_U0081,S0026,2026-02-07 01:02:02.047796,187
S_STR09146,S_U0024,S0032,2026-02-15 16:02:28.367590,139
S_STR09147,S_U0027,S0020,2026-02-12 01:47:56.686633,69
S_STR09148,S_U0041,S0033,2026-02-11 01:33:31.857811,45
S_STR09149,S_U0051,S0042,2026-02-28 13:15:56.964041,74
S_STR09150,S_U0006,S0025,2026-02-12 13:23:43.492017,119
S_STR09151,S_U0052,S0037,2026-02-18 01:59:03.441934,21
S_STR09152,S_U0050,S0034,2026-02-06 22:53:03.019857,123
S_STR09153,S_U0019,S0049,2026-02-01 13:48:00.697056,42
S_STR09154,S_U0077,S0036,2026-02-03 03:32:24.309030,24
S_STR09155,S_U0059,S0014,2026-02-21 11:07:57.439685,118
S_STR09156,S_U0005,S0041,2026-02-08 12:29:30.779140,80
S_STR09157,S_U0053,S0018,2026-02-15 01:11:38.427840,72
S_STR09158,S_U0066,S0032,2026-02-15 11:20:04.596538,67
S_STR09159,S_U0035,S0049,2026-02-23 13:47:26.500488,39
S_STR09160,S_U0073,S0026,2026-02-11 23:54:00.208202,153
S_STR09161,S_U0093,S0032,2026-02-13 12:24:14.980602,116
S_STR09162,S_U0019,S0018,2026-02-14 15:36:56.806674,79
S_STR09163,S_U0090,S0031,2026-02-17 02:15:46.250221,146
S_STR09164,S_U0073,S0034,2026-02-07 17:24:03.893577,35
S_STR09165,S_U0056,S0003,2026-02-01 17:48:44.325227,128
S_STR09166,S_U0029,S0043,2026-02-23 20:27:17.016012,155
S_STR09167,S_U0052,S0037,2026-02-09 13:17:41.481489,64
S_STR09168,S_U0088,S0014,2026-02-19 19:53:19.591082,172
S_STR09169,S_U0020,S0050,2026-03-02 08:31:45.298096,91
S_STR09170,S_U0039,S0031,2026-02-17 07:46:00.349892,73
S_STR09171,S_U0058,S0039,2026-02-09 21:53:20.722560,124
S_STR09172,S_U0048,S0006,2026-02-07 23:20:16.806627,17
S_STR09173,S_U0054,S0009,2026-02-05 02:51:36.297086,213
S_STR09174,S_U0022,S0038,2026-02-10 13:05:43.320542,143
S_STR09175,S_U0049,S0013,2026-02-08 09:55:47.716021,133
S_STR09176,S_U0001,S0048,2026-02-19 00:35:42.161772,20
S_STR09177,S_U0092,S0024,2026-02-17 16:47:19.498544,51
S_STR09178,S_U0074,S0013,2026-02-28 13:36:28.131125,261
S_STR09179,S_U0037,S0010,2026-02-07 04:36:36.927988,120
S_STR09180,S_U0042,S0012,2026-02-14 17:25:00.701764,132
S_STR09181,S_U0096,S0034,2026-02-09 12:47:15.369062,90
S_STR09182,S_U0097,S0047,2026-02-11 12:26:45.424765,166
S_STR09183,S_U0032,S0036,2026-02-06 23:56:32.208277,140
S_STR09184,S_U0021,S0030,2026-02-22 09:17:29.342435,37
S_STR09185,S_U0073,S0020,2026-02-11 08:14:47.625915,186
S_STR09186,S_U0040,S0032,2026-02-27 13:00:32.263676,123
S_STR09187,S_U0087,S0048,2026-02-15 16:34:49.855967,50
S_STR09188,S_U0037,S0027,2026-02-02 07:18:47.899922,47
S_STR09189,S_U0091,S0039,2026-03-01 04:59:05.971631,15
S_STR09190,S_U0088,S0028,2026-02-07 00:57:41.606476,143
S_STR09191,S_U0047,S0048,2026-02-23 06:01:23.594567,108
S_STR09192,S_U0042,S0037,2026-02-05 00:33:57.648047,64
S_STR09193,S_U0067,S0022,2026-02-23 08:00:45.659845,279
S_STR09194,S_U0054,S0045,2026-02-19 17:08:19.406427,203
S_STR09195,S_U0058,S0043,2026-02-15 09:00:34.658542,50
S_STR09196,S_U0023,S0044,2026-02-06 07:42:22.630977,63
S_STR09197,S_U0048,S0037,2026-02-20 21:06:06.653279,42
S_STR09198,S_U0083,S0046,2026-02-18 07:06:45.257087,63
S_STR09199,S_U0058,S0037,2026-03-02 02:14:46.933466,271
S_STR09200,S_U0024,S0025,2026-02-10 14:24:50.881335,161
S_STR09201,S_U0001,S0049,2026-02-01 16:38:08.212576,112
S_STR09202,S_U0059,S0047,2026-02-10 13:30:08.649584,45
S_STR09203,S_U0001,S0036,2026-02-19 17:34:33.859601,169
S_STR09204,S_U0047,S0045,2026-02-27 18:47:56.722411,195
S_STR09205,S_U0033,S0048,2026-02-26 01:19:52.376372,25
S_STR09206,S_U0041,S0045,2026-02-12 08:40:59.374362,147
S_STR09207,S_U0018,S0018,2026-02-21 01:33:15.056516,81
S_STR09208,S_U0007,S0049,2026-02-08 23:26:36.210692,213
S_STR09209,S_U0086,S0038,2026-02-01 23:25:25.843845,14
S_STR09210,S_U0049,S0044,2026-02-12 11:25:37.858110,85
S_STR09211,S_U0018,S0048,2026-02-20 13:02:39.256941,12
S_STR09212,S_U0068,S0049,2026-02-05 13:21:24.878435,7
S_STR09213,S_U0043,S0046,2026-02-27 03:38:02.540776,121
S_STR09214,S_U0070,S0036,2026-02-10 08:24:27.157848,88
S_STR09215,S_U0024,S0035,2026-02-01 01:06:40.352427,118
S_STR09216,S_U0087,S0050,2026-02-28 22:16:16.401956,39
S_STR09217,S_U0003,S0035,2026-02-12 01:39:16.921016,90
S_STR09218,S_U0037,S0049,2026-02-09 13:14:51.596375,105
S_STR09219,S_U0083,S0022,2026-02-17 08:27:19.503011,240
S_STR09220,S_U0071,S0050,2026-02-05 04:11:16.390136,14
S_STR09221,S_U0060,S0046,2026-02-27 04:36:25.620905,123
S_STR09222,S_U0023,S0034,2026-02-11 03:14:15.638979,35
S_STR09223,S_U0070,S0041,2026-02-10 12:18:08.530168,69
S_STR09224,S_U0046,S0038,2026-02-24 02:57:43.157912,101
S_STR09225,S_U0010,S0045,2026-02-07 13:48:41.398414,54
S_STR09226,S_U0018,S0046,2026-02-25 08:08:48.395561,42
S_STR09227,S_U0050,S0046,2026-02-16 20:50:28.992225,21
S_STR09228,S_U0035,S0039,2026-02-16 20:07:56.906026,123
S_STR09229,S_U0033,S0028,2026-02-07 01:26:07.287533,41
S_STR09230,S_U0018,S0014,2026-02-19 03:28:03.551509,9
S_STR09231,S_U0059,S0039,2026-02-23 18:51:50.358149,35
S_STR09232,S_U0036,S0015,2026-02-14 10:46:41.474680,226
S_STR09233,S_U0055,S0045,2026-02-22 22:58:49.311879,204
S_STR09234,S_U0019,S0025,2026-03-01 00:18:37.878842,8
S_STR09235,S_U0085,S0040,2026-02-24 15:22:42.481594,124
S_STR09236,S_U0100,S0022,2026-02-28 21:51:32.425961,242
S_STR09237,S_U0011,S0027,2026-02-04 17:32:31.749848,80
S_STR09238,S_U0024,S0026,2026-02-28 08:54:52.463662,112
S_STR09239,S_U0051,S0013,2026-02-15 20:23:44.826718,235
S_STR09240,S_U0090,S0021,2026-02-25 14:49:10.562213,167
S_STR09241,S_U0018,S0023,2026-02-01 11:17:05.583878,44
S_STR09242,S_U0077,S0042,2026-02-28 05:15:27.923748,65
S_STR09243,S_U0078,S0041,2026-02-06 01:59:40.736101,85
S_STR09244,S_U0017,S0018,2026-02-06 06:49:44.853182,66
S_STR09245,S_U0060,S0045,2026-02-08 02:13:22.435680,38
S_STR09246,S_U0001,S0049,2026-02-05 01:50:00.579373,187
S_STR09247,S_U0028,S0039,2026-02-17 10:41:32.049843,120
S_STR09248,S_U0091,S0045,2026-02-10 16:46:04.975310,192
S_STR09249,S_U0010,S0033,2026-02-23 10:53:04.260372,279
S_STR09250,S_U0003,S0006,2026-02-20 16:41:52.569443,172
S_STR09251,S_U0067,S0011,2026-02-07 07:08:41.986172,176
S_STR09252,S_U0051,S0019,2026-02-04 17:51:04.025325,21
S_STR09253,S_U0096,S0041,2026-02-18 09:01:18.455847,103
S_STR09254,S_U0019,S0031,2026-03-02 02:33:34.143620,32
S_STR09255,S_U0075,S0005,2026-02-21 17:16:53.792072,35
S_STR09256,S_U0083,S0048,2026-02-25 20:16:57.004333,99
S_STR09257,S_U0036,S0027,2026-02-20 11:24:07.843740,15
S_STR09258,S_U0071,S0049,2026-02-18 07:21:02.470782,61
S_STR09259,S_U0015,S0012,2026-02-13 13:15:09.630175,127
S_STR09260,S_U0083,S0035,2026-02-07 13:53:58.795505,91
S_STR09261,S_U0096,S0035,2026-02-23 13:57:05.022020,123
S_STR09262,S_U0015,S0005,2026-02-27 07:10:24.917240,36
S_STR09263,S_U0086,S0040,2026-02-03 10:17:17.430477,181
S_STR09264,S_U0089,S0043,2026-02-13 08:12:22.505127,187
S_STR09265,S_U0023,S0026,2026-02-26 03:57:44.635114,67
S_STR09266,S_U0075,S0045,2026-02-08 02:16:51.233949,233
S_STR09267,S_U0069,S0014,2026-02-07 00:17:51.109560,126
S_STR09268,S_U0085,S0038,2026-02-12 14:06:50.539113,49
S_STR09269,S_U0023,S0039,2026-02-06 06:12:35.463068,141
S_STR09270,S_U0059,S0017,2026-02-09 06:49:48.872415,166
S_STR09271,S_U0020,S0029,2026-02-13 19:05:19.643619,120
S_STR09272,S_U0060,S0049,2026-03-02 05:30:01.073446,57
S_STR09273,S_U0010,S0044,2026-02-12 09:29:22.798669,6
S_STR09274,S_U0002,S0036,2026-02-20 22:02:31.433034,125
S_STR09275,S_U0010,S0038,2026-02-26 18:06:10.574171,58
S_STR09276,S_U0085,S0009,2026-02-23 22:44:32.210941,153
S_STR09277,S_U0096,S0021,2026-02-13 03:31:49.521112,209
S_STR09278,S_U0036,S0042,2026-02-20 14:20:06.983782,58
S_STR09279,S_U0059,S0006,2026-02-16 09:47:51.337982,161
S_STR09280,S_U0038,S0026,2026-03-02 04:26:59.735146,82
S_STR09281,S_U0096,S0049,2026-02-18 20:58:09.494950,46
S_STR09282,S_U0001,S0038,2026-02-06 22:14:55.604285,103
S_STR09283,S_U0022,S0033,2026-02-26 16:21:46.701954,196
S_STR09284,S_U0050,S0009,2026-02-12 07:07:09.932823,202
S_STR09285,S_U0022,S0041,2026-03-01 01:57:06.680820,58
S_STR09286,S_U0058,S0049,2026-02-27 06:32:01.711606,84
S_STR09287,S_U0048,S0018,2026-02-06 17:51:36.057029,51
S_STR09288,S_U0100,S0038,2026-02-24 11:56:04.106346,146
S_STR09289,S_U0056,S0023,2026-02-06 20:16:39.101158,64
S_STR09290,S_U0086,S0029,2026-02-13 13:19:22.998511,40
S_STR09291,S_U0032,S0025,2026-02-06 08:19:48.754527,154
S_STR09292,S_U0046,S0041,2026-02-23 06:06:02.453063,64
S_STR09293,S_U0072,S0044,2026-02-13 13:35:52.253000,96
S_STR09294,S_U0080,S0035,2026-02-11 23:00:36.368672,127
S_STR09295,S_U0068,S0031,2026-02-04 01:51:40.433883,86
S_STR09296,S_U0018,S0045,2026-02-24 03:36:39.483546,69
S_STR09297,S_U0038,S0045,2026-02-15 08:28:18.231848,22
S_STR09298,S_U0018,S0028,2026-02-07 17:58:36.650450,37
S_STR09299,S_U0043,S0043,2026-02-15 13:58:06.071371,46
S_STR09300,S_U0079,S0047,2026-02-11 03:53:03.556144,70
S_STR09301,S_U0047,S0047,2026-02-04 11:53:38.991211,152
S_STR09302,S_U0068,S0043,2026-02-23 19:56:13.786029,198
S_STR09303,S_U0093,S0005,2026-02-20 10:31:03.896782,27
S_STR09304,S_U0025,S0050,2026-01-31 19:35:39.387543,251
S_STR09305,S_U0080,S0041,2026-02-26 09:58:31.726766,101
S_STR09306,S_U0074,S0048,2026-02-22 17:15:08.090326,97
S_STR09307,S_U0041,S0033,2026-02-19 21:45:51.339130,237
S_STR09308,S_U0013,S0049,2026-02-21 17:48:13.426893,38
S_STR09309,S_U0019,S0049,2026-02-03 21:56:59.954596,102
S_STR09310,S_U0093,S0046,2026-02-16 20:13:25.788537,86
S_STR09311,S_U0036,S0030,2026-02-08 10:12:30.139571,59
S_STR09312,S_U0070,S0039,2026-02-13 21:12:58.737699,194
S_STR09313,S_U0038,S0016,2026-02-17 03:18:22.000236,61
S_STR09314,S_U0055,S0042,2026-02-04 11:36:52.941314,96
S_STR09315,S_U0051,S0050,2026-02-10 03:32:27.639923,125
S_STR09316,S_U0078,S0045,2026-03-01 00:42:38.403212,46
S_STR09317,S_U0035,S0031,2026-02-04 04:27:21.488979,28
S_STR09318,S_U0040,S0037,2026-02-06 16:12:19.839369,59
S_STR09319,S_U0033,S0027,2026-02-25 09:45:04.841799,117
S_STR09320,S_U0082,S0022,2026-02-13 21:54:35.282497,311
S_STR09321,S_U0004,S0040,2026-02-11 04:33:18.777479,103
S_STR09322,S_U0011,S0037,2026-02-04 03:06:27.470021,271
S_STR09323,S_U0048,S0014,2026-02-03 15:02:04.768228,49
S_STR09324,S_U0075,S0018,2026-02-07 02:26:10.243990,74
S_STR09325,S_U0059,S0025,2026-02-08 00:38:28.784961,95
S_STR09326,S_U0018,S0049,2026-02-08 22:43:30.816596,124
S_STR09327,S_U0057,S0042,2026-02-05 21:12:10.851709,57
S_STR09328,S_U0001,S0040,2026-02-15 10:02:21.049954,48
S_STR09329,S_U0027,S0036,2026-02-16 18:22:18.517834,12
S_STR09330,S_U0074,S0012,2026-02-26 23:23:30.496254,311
S_STR09331,S_U0049,S0024,2026-02-15 07:53:04.019646,147
S_STR09332,S_U0083,S0042,2026-02-03 01:52:39.464555,90
S_STR09333,S_U0077,S0026,2026-02-19 09:35:20.677644,37
S_STR09334,S_U0031,S0048,2026-02-08 00:44:58.565292,105
S_STR09335,S_U0013,S0042,2026-02-18 19:20:17.589294,18
S_STR09336,S_U0069,S0047,2026-02-21 01:23:51.415562,63
S_STR09337,S_U0071,S0026,2026-02-06 15:49:31.385439,169
S_STR09338,S_U0036,S0047,2026-02-09 08:47:36.462930,99
S_STR09339,S_U0014,S0049,2026-02-24 06:33:37.451288,102
S_STR09340,S_U0003,S0033,2026-02-28 05:12:43.254720,70
S_STR09341,S_U0045,S0036,2026-02-04 10:36:04.221811,246
S_STR09342,S_U0030,S0017,2026-02-22 01:57:26.684885,32
S_STR09343,S_U0004,S0040,2026-02-14 05:02:14.831464,128
S_STR09344,S_U0059,S0020,2026-02-16 02:15:13.031193,26
S_STR09345,S_U0051,S0030,2026-02-28 06:45:01.727390,282
S_STR09346,S_U0053,S0040,2026-03-02 11:30:02.302497,39
S_STR09347,S_U0094,S0003,2026-02-02 13:31:46.038835,48
S_STR09348,S_U0044,S0017,2026-02-12 11:37:25.476163,40
S_STR09349,S_U0082,S0032,2026-02-24 07:29:00.693600,180
S_STR09350,S_U0004,S0049,2026-02-18 12:34:50.327175,111
S_STR09351,S_U0003,S0014,2026-02-20 10:27:53.607118,126
S_STR09352,S_U0046,S0020,2026-02-18 15:33:03.335240,31
S_STR09353,S_U0006,S0043,2026-02-01 03:06:35.738113,188
S_STR09354,S_U0095,S0035,2026-02-01 14:00:30.269706,86
S_STR09355,S_U0021,S0014,2026-02-10 00:03:19.651110,136
S_STR09356,S_U0056,S0045,2026-02-25 18:52:44.498911,10
S_STR09357,S_U0087,S0030,2026-02-03 16:24:38.102118,113
S_STR09358,S_U0001,S0037,2026-02-16 21:41:51.367704,200
S_STR09359,S_U0072,S0024,2026-02-06 08:35:55.833345,118
S_STR09360,S_U0053,S0044,2026-02-19 11:33:47.750602,296
S_STR09361,S_U0097,S0038,2026-02-14 12:26:48.536274,55
S_STR09362,S_U0004,S0035,2026-02-02 20:50:39.213556,78
S_STR09363,S_U0081,S0044,2026-02-12 04:00:41.899936,20
S_STR09364,S_U0030,S0017,2026-02-23 05:00:01.348768,177
S_STR09365,S_U0057,S0046,2026-02-04 19:02:22.739391,19
S_STR09366,S_U0004,S0050,2026-02-05 08:57:42.765871,74
S_STR09367,S_U0069,S0032,2026-02-13 05:33:17.586697,261
S_STR09368,S_U0018,S0014,2026-02-13 12:27:17.853224,14
S_STR09369,S_U0020,S0021,2026-02-10 01:02:14.489238,51
S_STR09370,S_U0024,S0037,2026-02-02 22:05:56.936194,48
S_STR09371,S_U0073,S0048,2026-02-15 00:29:36.667768,5
S_STR09372,S_U0088,S0037,2026-02-13 02:50:13.453490,56
S_STR09373,S_U0055,S0030,2026-02-21 09:49:37.799026,94
S_STR09374,S_U0041,S0003,2026-01-31 19:25:55.178149,128
S_STR09375,S_U0009,S0041,2026-02-12 07:52:38.872692,45
S_STR09376,S_U0004,S0045,2026-02-23 15:27:27.815223,19
S_STR09377,S_U0091,S0047,2026-02-10 14:48:22.315858,33
S_STR09378,S_U0093,S0010,2026-02-14 08:28:16.859447,101
S_STR09379,S_U0048,S0050,2026-02-17 01:32:45.772729,73
S_STR09380,S_U0044,S0028,2026-03-02 01:22:35.292659,179
S_STR09381,S_U0010,S0039,2026-02-14 20:27:49.014929,79
S_STR09382,S_U0088,S0014,2026-02-20 11:41:32.576963,58
S_STR09383,S_U0069,S0048,2026-02-15 23:10:43.227818,106
S_STR09384,S_U0083,S0047,2026-02-01 18:54:35.759290,165
S_STR09385,S_U0032,S0043,2026-02-16 22:26:03.839623,142
S_STR09386,S_U0100,S0024,2026-02-10 18:46:21.766705,154
S_STR09387,S_U0047,S0008,2026-02-26 16:18:19.908645,138
S_STR09388,S_U0090,S0036,2026-03-01 21:44:47.982589,114
S_STR09389,S_U0070,S0024,2026-02-11 00:57:00.730383,199
S_STR09390,S_U0046,S0049,2026-02-08 20:29:23.804453,225
S_STR09391,S_U0058,S0045,2026-02-16 10:43:44.591166,76
S_STR09392,S_U0083,S0049,2026-02-10 10:40:37.044159,131
S_STR09393,S_U0090,S0035,2026-02-05 00:53:09.757122,13
S_STR09394,S_U0090,S0019,2026-02-10 21:45:48.918879,131
S_STR09395,S_U0014,S0026,2026-02-15 18:08:28.052181,18
S_STR09396,S_U0030,S0015,2026-02-20 09:44:40.232900,61
S_STR09397,S_U0041,S0030,2026-02-14 17:03:12.046599,226
S_STR09398,S_U0036,S0046,2026-01-31 14:44:30.338316,28
S_STR09399,S_U0015,S0028,2026-02-12 04:51:18.669657,168
S_STR09400,S_U0035,S0041,2026-02-01 09:23:33.524451,10
S_STR09401,S_U0036,S0027,2026-02-05 10:17:46.834763,64
S_STR09402,S_U0056,S0024,2026-02-02 06:53:22.800360,101
S_STR09403,S_U0045,S0003,2026-02-28 09:17:49.820579,177
S_STR09404,S_U0071,S0017,2026-02-06 18:01:38.195957,144
S_STR09405,S_U0060,S0024,2026-02-03 11:03:43.100613,23
S_STR09406,S_U0084,S0014,2026-02-07 05:52:09.305066,133
S_STR09407,S_U0010,S0042,2026-02-13 14:11:39.884478,130
S_STR09408,S_U0092,S0041,2026-02-17 02:07:26.747025,144
S_STR09409,S_U0087,S0024,2026-02-07 03:35:20.123630,227
S_STR09410,S_U0025,S0042,2026-02-07 14:44:41.586957,188
S_STR09411,S_U0074,S0023,2026-02-13 21:01:03.576478,85
S_STR09412,S_U0089,S0035,2026-02-14 14:08:21.894902,86
S_STR09413,S_U0035,S0048,2026-02-05 17:04:52.403759,87
S_STR09414,S_U0030,S0042,2026-02-09 18:30:17.024970,192
S_STR09415,S_U0026,S0047,2026-02-28 08:16:25.728545,15
S_STR09416,S_U0078,S0046,2026-02-02 19:00:19.151713,110
S_STR09417,S_U0043,S0035,2026-02-07 19:19:45.383030,93
S_STR09418,S_U0029,S0027,2026-02-24 13:07:47.646418,34
S_STR09419,S_U0065,S0049,2026-02-17 09:25:14.788826,91
S_STR09420,S_U0064,S0029,2026-02-05 16:16:36.550609,32
S_STR09421,S_U0010,S0044,2026-02-13 17:26:27.388413,326
S_STR09422,S_U0099,S0021,2026-02-08 19:21:57.377143,174
S_STR09423,S_U0045,S0050,2026-02-15 00:29:20.323661,172
S_STR09424,S_U0049,S0037,2026-02-24 09:27:02.102599,50
S_STR09425,S_U0095,S0016,2026-02-12 00:50:03.744850,62
S_STR09426,S_U0044,S0029,2026-02-03 10:00:15.248365,214
S_STR09427,S_U0079,S0049,2026-02-13 15:11:38.254593,86
S_STR09428,S_U0076,S0045,2026-03-01 09:15:44.541301,90
S_STR09429,S_U0041,S0040,2026-02-18 03:55:33.570432,218
S_STR09430,S_U0065,S0009,2026-02-01 15:37:06.723736,131
S_STR09431,S_U0001,S0045,2026-02-26 21:07:02.597617,71
S_STR09432,S_U0051,S0029,2026-02-13 04:50:37.777220,13
S_STR09433,S_U0098,S0028,2026-02-12 05:54:40.935452,81
S_STR09434,S_U0091,S0047,2026-03-01 22:27:31.756568,17
S_STR09435,S_U0031,S0031,2026-02-04 14:45:58.049209,70
S_STR09436,S_U0009,S0023,2026-01-31 22:51:58.653120,18
S_STR09437,S_U0052,S0047,2026-02-15 03:40:13.909253,175
S_STR09438,S_U0085,S0032,2026-02-18 16:41:25.128917,172
S_STR09439,S_U0038,S0017,2026-02-08 16:55:10.730840,37
S_STR09440,S_U0049,S0033,2026-02-03 16:05:11.673860,326
S_STR09441,S_U0022,S0039,2026-02-15 10:50:40.386146,88
S_STR09442,S_U0036,S0029,2026-02-18 23:42:59.927202,254
S_STR09443,S_U0058,S0048,2026-02-18 05:50:34.819531,19
S_STR09444,S_U0032,S0024,2026-02-03 01:42:54.075183,108
S_STR09445,S_U0048,S0004,2026-02-27 18:10:08.867125,119
S_STR09446,S_U0001,S0016,2026-02-28 06:20:40.451783,35
S_STR09447,S_U0036,S0005,2026-01-31 11:37:27.621011,24
S_STR09448,S_U0079,S0044,2026-02-23 02:30:46.561755,341
S_STR09449,S_U0051,S0049,2026-02-14 04:34:13.784373,59
S_STR09450,S_U0014,S0044,2026-02-15 16:45:07.291650,301
S_STR09451,S_U0049,S0030,2026-03-01 05:31:33.072190,21
S_STR09452,S_U0041,S0032,2026-02-16 15:54:33.501358,172
S_STR09453,S_U0095,S0049,2026-02-03 07:44:53.614701,194
S_STR09454,S_U0034,S0031,2026-02-23 16:07:08.160567,76
S_STR09455,S_U0053,S0048,2026-02-18 08:45:48.008595,65
S_STR09456,S_U0058,S0028,2026-02-04 23:15:10.028447,133
S_STR09457,S_U0097,S0026,2026-02-22 00:41:42.565376,48
S_STR09458,S_U0028,S0045,2026-02-18 18:52:07.126041,221
S_STR09459,S_U0008,S0027,2026-02-22 09:27:27.761732,41
S_STR09460,S_U0051,S0041,2026-02-24 04:56:11.970997,32
S_STR09461,S_U0048,S0042,2026-01-31 17:35:17.577407,74
S_STR09462,S_U0091,S0005,2026-02-10 02:06:34.072130,21
S_STR09463,S_U0057,S0030,2026-02-27 19:34:50.419178,230
S_STR09464,S_U0032,S0047,2026-02-05 16:49:16.129631,26
S_STR09465,S_U0036,S0049,2026-02-26 09:21:27.152216,35
S_STR09466,S_U0052,S0049,2026-02-16 18:39:50.607693,160
S_STR09467,S_U0095,S0015,2026-02-17 00:19:50.059641,53
S_STR09468,S_U0026,S0042,2026-02-20 23:31:02.975879,125
S_STR09469,S_U0065,S0050,2026-02-27 21:31:56.400661,254
S_STR09470,S_U0018,S0039,2026-02-16 21:12:52.950190,63
S_STR09471,S_U0023,S0032,2026-02-11 20:09:37.315868,106
S_STR09472,S_U0040,S0050,2026-01-31 13:34:55.192599,96
S_STR09473,S_U0008,S0014,2026-02-05 17:04:02.159933,59
S_STR09474,S_U0092,S0029,2026-02-19 20:13:49.755773,228
S_STR09475,S_U0043,S0039,2026-02-24 05:11:32.148197,182
S_STR09476,S_U0013,S0040,2026-02-11 22:45:17.083713,244
S_STR09477,S_U0034,S0036,2026-02-09 00:38:08.650964,87
S_STR09478,S_U0020,S0036,2026-02-04 08:49:53.470973,139
S_STR09479,S_U0050,S0036,2026-02-09 02:08:35.608738,71
S_STR09480,S_U0078,S0039,2026-02-14 11:58:57.264147,136
S_STR09481,S_U0034,S0016,2026-02-22 08:17:09.073770,139
S_STR09482,S_U0023,S0035,2026-02-14 06:43:42.442526,31
S_STR09483,S_U0062,S0049,2026-02-09 23:52:44.768004,92
S_STR09484,S_U0004,S0034,2026-02-12 21:19:56.680404,46
S_STR09485,S_U0085,S0018,2026-02-03 11:05:48.238935,102
S_STR09486,S_U0021,S0012,2026-02-03 11:42:11.027833,298
S_STR09487,S_U0016,S0036,2026-02-22 14:07:38.882668,179
S_STR09488,S_U0058,S0037,2026-03-01 23:23:49.935282,110
S_STR09489,S_U0076,S0047,2026-02-16 12:26:10.977609,45
S_STR09490,S_U0052,S0038,2026-02-23 18:34:48.909969,45
S_STR09491,S_U0043,S0042,2026-02-09 16:55:45.682421,46
S_STR09492,S_U0032,S0033,2026-02-17 21:37:10.724945,86
S_STR09493,S_U0014,S0048,2026-02-11 08:16:10.432516,81
S_STR09494,S_U0094,S0026,2026-02-01 13:18:30.987897,124
S_STR09495,S_U0097,S0030,2026-02-24 02:58:25.607616,94
S_STR09496,S_U0042,S0042,2026-02-08 19:10:11.778110,72
S_STR09497,S_U0064,S0035,2026-02-23 00:57:50.932395,116
S_STR09498,S_U0061,S0047,2026-02-04 04:36:29.767433,7
S_STR09499,S_U0052,S0018,2026-02-13 21:21:38.301081,112
S_STR09500,S_U0043,S0042,2026-02-03 04:16:57.647702,182
S_STR09501,S_U0093,S0034,2026-02-01 16:46:58.229559,114
S_STR09502,S_U0092,S0042,2026-02-19 23:30:52.005400,89
S_STR09503,S_U0036,S0033,2026-02-28 10:25:17.070230,139
S_STR09504,S_U0063,S0049,2026-02-02 23:16:12.506181,89
S_STR09505,S_U0046,S0029,2026-02-26 14:18:42.718684,51
S_STR09506,S_U0040,S0025,2026-02-14 19:09:10.753855,67
S_STR09507,S_U0064,S0050,2026-02-16 05:31:02.331035,186
S_STR09508,S_U0064,S0020,2026-02-26 07:22:23.693428,214
S_STR09509,S_U0013,S0035,2026-02-01 21:30:21.255821,116
S_STR09510,S_U0086,S0031,2026-02-05 21:57:21.436599,132
S_STR09511,S_U0041,S0022,2026-02-19 03:05:38.318281,88
S_STR09512,S_U0098,S0043,2026-02-13 22:34:14.055674,86
S_STR09513,S_U0019,S0044,2026-02-09 12:05:29.034291,133
S_STR09514,S_U0025,S0037,2026-02-09 22:30:21.845226,126
S_STR09515,S_U0036,S0033,2026-02-20 15:30:25.817373,117
S_STR09516,S_U0025,S0037,2026-02-26 12:42:14.445693,92
S_STR09517,S_U0044,S0024,2026-02-03 00:47:54.467140,155
S_STR09518,S_U0067,S0028,2026-02-28 19:14:50.731907,94
S_STR09519,S_U0071,S0009,2026-02-25 04:35:25.214629,91
S_STR09520,S_U0061,S0023,2026-02-05 03:40:50.354653,77
S_STR09521,S_U0047,S0017,2026-02-26 07:55:51.448113,121
S_STR09522,S_U0021,S0022,2026-02-01 10:40:34.213869,320
S_STR09523,S_U0021,S0040,2026-02-02 16:35:50.850709,16
S_STR09524,S_U0022,S0047,2026-02-11 19:21:43.816716,115
S_STR09525,S_U0015,S0034,2026-02-25 07:50:16.747377,58
S_STR09526,S_U0097,S0050,2026-02-21 05:40:01.851900,39
S_STR09527,S_U0097,S0033,2026-02-19 16:01:07.327850,82
S_STR09528,S_U0079,S0046,2026-02-08 22:07:15.783718,102
S_STR09529,S_U0032,S0046,2026-02-01 20:34:48.143564,55
S_STR09530,S_U0077,S0049,2026-02-02 11:09:41.827055,46
S_STR09531,S_U0076,S0028,2026-02-16 20:46:12.489896,23
S_STR09532,S_U0015,S0033,2026-02-27 13:49:05.542824,251
S_STR09533,S_U0026,S0032,2026-02-28 11:09:30.997952,288
S_STR09534,S_U0077,S0038,2026-02-11 15:42:50.979151,15
S_STR09535,S_U0020,S0042,2026-02-08 19:21:57.117202,160
S_STR09536,S_U0095,S0029,2026-02-18 14:38:44.732643,73
S_STR09537,S_U0018,S0041,2026-02-01 17:13:01.599987,77
S_STR09538,S_U0100,S0003,2026-02-20 03:27:22.412580,66
S_STR09539,S_U0036,S0033,2026-02-05 10:38:21.066681,183
S_STR09540,S_U0053,S0046,2026-02-08 18:28:12.240816,36
S_STR09541,S_U0040,S0014,2026-02-06 22:24:36.458709,174
S_STR09542,S_U0083,S0039,2026-02-07 08:27:59.575989,163
S_STR09543,S_U0081,S0042,2026-02-04 15:46:29.402061,125
S_STR09544,S_U0021,S0032,2026-02-19 15:20:11.770613,62
S_STR09545,S_U0013,S0034,2026-02-02 21:50:58.631921,22
S_STR09546,S_U0077,S0047,2026-02-18 14:13:44.732884,13
S_STR09547,S_U0062,S0050,2026-02-27 04:09:59.497970,198
S_STR09548,S_U0087,S0033,2026-01-31 20:06:08.691707,149
S_STR09549,S_U0017,S0029,2026-02-05 22:59:58.404663,168
S_STR09550,S_U0051,S0040,2026-02-15 06:53:06.099865,46
S_STR09551,S_U0010,S0024,2026-02-12 03:15:27.632062,60
S_STR09552,S_U0063,S0021,2026-02-08 20:59:24.540126,118
S_STR09553,S_U0019,S0040,2026-02-03 08:01:14.095742,83
S_STR09554,S_U0085,S0046,2026-02-26 18:40:38.437994,19
S_STR09555,S_U0058,S0047,2026-02-21 01:52:14.117839,126
S_STR09556,S_U0093,S0049,2026-02-13 01:47:49.295241,165
S_STR09557,S_U0093,S0031,2026-02-18 12:10:35.088447,30
S_STR09558,S_U0091,S0029,2026-02-02 05:56:14.479055,194
S_STR09559,S_U0019,S0039,2026-02-22 12:44:12.024285,20
S_STR09560,S_U0040,S0039,2026-02-14 21:43:11.442665,32
S_STR09561,S_U0035,S0014,2026-02-08 19:17:48.634278,123
S_STR09562,S_U0003,S0034,2026-02-21 23:54:32.453189,11
S_STR09563,S_U0035,S0005,2026-02-19 17:01:49.452508,30
S_STR09564,S_U0066,S0027,2026-02-13 12:55:01.490294,147
S_STR09565,S_U0033,S0038,2026-02-15 09:14:18.582312,27
S_STR09566,S_U0052,S0045,2026-02-03 11:32:30.210638,232
S_STR09567,S_U0036,S0045,2026-02-10 01:49:47.312321,182
S_STR09568,S_U0097,S0030,2026-02-11 21:06:15.465873,127
S_STR09569,S_U0043,S0037,2026-02-10 06:29:59.978779,9
S_STR09570,S_U0075,S0033,2026-02-28 11:04:56.957738,107
S_STR09571,S_U0034,S0021,2026-02-21 17:43:37.812145,11
S_STR09572,S_U0074,S0015,2026-02-04 19:58:35.714943,137
S_STR09573,S_U0032,S0029,2026-02-16 02:06:10.376721,192
S_STR09574,S_U0024,S0035,2026-01-31 21:47:59.703578,105
S_STR09575,S_U0088,S0044,2026-02-03 05:11:15.351096,170
S_STR09576,S_U0033,S0039,2026-02-04 02:29:33.181932,108
S_STR09577,S_U0039,S0037,2026-02-11 06:44:39.412546,12
S_STR09578,S_U0018,S0047,2026-02-07 19:05:28.697150,95
S_STR09579,S_U0016,S0041,2026-02-11 00:22:10.097807,16
S_STR09580,S_U0057,S0032,2026-02-20 15:04:41.765378,5
S_STR09581,S_U0049,S0047,2026-02-25 22:43:59.516170,82
S_STR09582,S_U0020,S0030,2026-02-10 09:29:16.827330,127
S_STR09583,S_U0033,S0044,2026-02-07 05:22:35.241489,232
S_STR09584,S_U0028,S0042,2026-02-10 22:29:30.235786,38
S_STR09585,S_U0069,S0022,2026-02-13 15:58:14.574259,114
S_STR09586,S_U0048,S0047,2026-02-04 08:15:49.344773,143
S_STR09587,S_U0042,S0037,2026-01-31 19:17:42.946011,195
S_STR09588,S_U0099,S0028,2026-02-20 08:53:20.580321,60
S_STR09589,S_U0040,S0022,2026-02-25 08:46:49.376528,267
S_STR09590,S_U0006,S0048,2026-03-02 09:14:16.107433,46
S_STR09591,S_U0099,S0030,2026-02-26 17:15:25.632122,189
S_STR09592,S_U0017,S0018,2026-02-16 09:22:18.906593,143
S_STR09593,S_U0060,S0017,2026-02-09 19:25:35.760926,74
S_STR09594,S_U0005,S0032,2026-02-12 10:29:07.943421,291
S_STR09595,S_U0024,S0032,2026-01-31 21:39:22.443011,211
S_STR09596,S_U0082,S0036,2026-02-27 15:11:29.000245,82
S_STR09597,S_U0100,S0045,2026-02-12 14:55:56.774985,201
S_STR09598,S_U0020,S0016,2026-03-01 10:43:39.694229,82
S_STR09599,S_U0011,S0046,2026-02-16 19:43:14.200347,88
S_STR09600,S_U0083,S0027,2026-02-01 00:28:20.275367,38
S_STR09601,S_U0026,S0018,2026-02-15 13:02:55.079627,118
S_STR09602,S_U0066,S0005,2026-02-01 22:16:41.682935,66
S_STR09603,S_U0016,S0036,2026-02-27 14:23:48.687603,68
S_STR09604,S_U0005,S0027,2026-02-06 09:28:41.888569,55
S_STR09605,S_U0047,S0030,2026-02-25 18:40:24.683784,31
S_STR09606,S_U0059,S0010,2026-02-06 19:32:29.002421,87
S_STR09607,S_U0030,S0036,2026-02-23 12:05:18.628092,181
S_STR09608,S_U0019,S0040,2026-03-02 03:18:44.797556,195
S_STR09609,S_U0021,S0007,2026-02-08 14:36:01.953135,43
S_STR09610,S_U0056,S0005,2026-02-12 20:11:23.907702,22
S_STR09611,S_U0017,S0048,2026-02-07 18:29:14.707666,114
S_STR09612,S_U0024,S0041,2026-02-19 16:57:26.067446,76
S_STR09613,S_U0050,S0049,2026-02-16 00:25:39.903253,155
S_STR09614,S_U0093,S0045,2026-02-26 10:50:18.231856,207
S_STR09615,S_U0018,S0032,2026-02-03 19:26:58.119242,160
S_STR09616,S_U0020,S0042,2026-02-06 08:14:25.656072,56
S_STR09617,S_U0077,S0029,2026-02-18 11:33:04.936473,251
S_STR09618,S_U0022,S0035,2026-02-04 10:52:22.353963,9
S_STR09619,S_U0023,S0039,2026-02-18 10:59:23.441648,21
S_STR09620,S_U0065,S0011,2026-02-17 02:26:20.108289,224
S_STR09621,S_U0038,S0047,2026-02-20 03:02:29.829879,122
S_STR09622,S_U0022,S0038,2026-02-19 18:02:05.969042,129
S_STR09623,S_U0045,S0033,2026-02-26 11:44:58.865487,310
S_STR09624,S_U0032,S0025,2026-02-17 17:00:23.592125,124
S_STR09625,S_U0059,S0049,2026-02-15 02:40:40.047778,225
S_STR09626,S_U0017,S0020,2026-02-16 23:45:02.039060,11
S_STR09627,S_U0065,S0036,2026-02-14 02:52:07.592409,35
S_STR09628,S_U0087,S0046,2026-02-16 20:53:21.287090,114
S_STR09629,S_U0017,S0033,2026-02-06 16:59:54.521745,327
S_STR09630,S_U0004,S0039,2026-02-23 08:36:22.062395,108
S_STR09631,S_U0035,S0045,2026-01-31 16:14:59.531581,44
S_STR09632,S_U0005,S0034,2026-02-11 03:35:34.599515,52
S_STR09633,S_U0097,S0024,2026-02-12 17:30:06.091733,145
S_STR09634,S_U0046,S0030,2026-02-03 14:48:01.798280,154
S_STR09635,S_U0086,S0024,2026-02-16 10:08:13.058627,193
S_STR09636,S_U0091,S0004,2026-02-22 21:39:06.124340,167
S_STR09637,S_U0028,S0037,2026-02-25 07:52:02.039894,28
S_STR09638,S_U0042,S0011,2026-02-12 12:22:11.744551,16
S_STR09639,S_U0045,S0048,2026-02-10 18:16:25.407600,49
S_STR09640,S_U0066,S0047,2026-02-05 00:38:29.700761,141
S_STR09641,S_U0003,S0025,2026-02-14 22:14:39.850004,141
S_STR09642,S_U0015,S0025,2026-02-22 11:59:35.165103,138
S_STR09643,S_U0013,S0026,2026-02-23 03:32:46.530579,133
S_STR09644,S_U0034,S0004,2026-02-10 18:50:10.300731,28
S_STR09645,S_U0031,S0045,2026-02-25 00:30:11.865511,253
S_STR09646,S_U0015,S0025,2026-02-09 02:53:32.932832,108
S_STR09647,S_U0032,S0048,2026-02-17 19:03:29.598751,28
S_STR09648,S_U0066,S0045,2026-02-04 12:32:35.018498,167
S_STR09649,S_U0052,S0045,2026-02-05 14:29:27.485194,39
S_STR09650,S_U0078,S0036,2026-02-21 23:01:24.510140,217
S_STR09651,S_U0030,S0050,2026-02-03 16:15:03.452553,232
S_STR09652,S_U0094,S0047,2026-02-01 02:15:22.198204,51
S_STR09653,S_U0025,S0050,2026-02-19 17:43:59.157932,50
S_STR09654,S_U0083,S0038,2026-02-04 00:25:51.373289,116
S_STR09655,S_U0016,S0041,2026-02-03 06:19:07.879410,15
S_STR09656,S_U0040,S0045,2026-02-20 04:11:43.545614,54
S_STR09657,S_U0038,S0032,2026-02-13 05:48:31.360196,71
S_STR09658,S_U0003,S0031,2026-02-19 13:57:54.367651,114
S_STR09659,S_U0044,S0050,2026-02-10 19:41:24.604418,142
S_STR09660,S_U0046,S0026,2026-02-26 00:13:59.512414,81
S_STR09661,S_U0083,S0030,2026-02-18 03:42:35.129181,34
S_STR09662,S_U0051,S0036,2026-02-04 06:18:06.063899,16
S_STR09663,S_U0033,S0025,2026-02-04 13:43:48.287655,39
S_STR09664,S_U0019,S0038,2026-02-04 06:22:48.604535,136
S_STR09665,S_U0072,S0034,2026-02-28 05:27:03.919721,117
S_STR09666,S_U0025,S0040,2026-02-05 08:26:17.485220,253
S_STR09667,S_U0002,S0041,2026-02-10 21:31:20.988890,19
S_STR09668,S_U0089,S0029,2026-02-05 18:52:05.214104,153
S_STR09669,S_U0002,S0040,2026-02-04 08:00:03.843374,66
S_STR09670,S_U0088,S0033,2026-02-16 08:05:21.562408,47
S_STR09671,S_U0023,S0047,2026-02-17 19:34:28.096841,151
S_STR09672,S_U0080,S0025,2026-02-21 13:20:21.785356,96
S_STR09673,S_U0025,S0029,2026-02-27 23:01:47.273868,260
S_STR09674,S_U0007,S0031,2026-02-27 16:41:16.546383,102
S_STR09675,S_U0054,S0050,2026-03-01 16:42:14.321004,44
S_STR09676,S_U0035,S0050,2026-02-25 16:14:38.900959,25
S_STR09677,S_U0049,S0047,2026-03-01 05:16:20.059142,87
S_STR09678,S_U0070,S0040,2026-02-28 13:57:29.701442,237
S_STR09679,S_U0087,S0033,2026-02-15 00:31:09.018971,278
S_STR09680,S_U0069,S0025,2026-02-28 02:53:07.075438,157
S_STR09681,S_U0017,S0049,2026-02-03 12:20:37.749669,204
S_STR09682,S_U0077,S0030,2026-02-22 10:34:29.586541,206
S_STR09683,S_U0029,S0028,2026-02-19 03:16:39.103204,45
S_STR09684,S_U0072,S0026,2026-02-27 20:16:50.454826,90
S_STR09685,S_U0018,S0044,2026-02-07 18:36:52.188642,175
S_STR09686,S_U0021,S0046,2026-02-07 04:38:21.537783,121
S_STR09687,S_U0051,S0032,2026-02-18 10:56:36.336405,213
S_STR09688,S_U0019,S0050,2026-02-14 18:23:43.266466,126
S_STR09689,S_U0029,S0012,2026-02-17 00:01:19.113189,160
S_STR09690,S_U0066,S0035,2026-02-12 16:02:08.930094,62
S_STR09691,S_U0095,S0034,2026-02-03 18:33:26.042742,81
S_STR09692,S_U0005,S0050,2026-02-26 05:35:26.660324,214
S_STR09693,S_U0057,S0034,2026-02-16 08:49:50.829815,51
S_STR09694,S_U0015,S0022,2026-02-27 16:41:26.312146,76
S_STR09695,S_U0013,S0017,2026-02-28 18:37:19.341398,138
S_STR09696,S_U0042,S0037,2026-02-27 05:27:37.092526,139
S_STR09697,S_U0014,S0023,2026-02-27 02:29:14.543261,48
S_STR09698,S_U0027,S0025,2026-02-25 05:55:36.850740,17
S_STR09699,S_U0040,S0040,2026-02-09 12:17:32.637554,7
S_STR09700,S_U0034,S0006,2026-02-20 20:03:34.500147,326
S_STR09701,S_U0017,S0040,2026-02-16 20:47:24.501879,48
S_STR09702,S_U0004,S0040,2026-02-25 16:10:34.721581,52
S_STR09703,S_U0011,S0014,2026-02-05 17:52:05.036844,80
S_STR09704,S_U0060,S0011,2026-02-22 12:29:33.044273,159
S_STR09705,S_U0012,S0046,2026-02-21 04:06:51.595069,19
S_STR09706,S_U0074,S0014,2026-02-03 13:40:42.741086,160
S_STR09707,S_U0057,S0005,2026-02-24 13:44:21.365377,8
S_STR09708,S_U0092,S0030,2026-02-27 00:23:47.207644,83
S_STR09709,S_U0013,S0047,2026-02-21 05:11:31.824639,165
S_STR09710,S_U0046,S0049,2026-02-22 07:32:07.324385,120
S_STR09711,S_U0081,S0042,2026-03-02 01:44:25.365530,182
S_STR09712,S_U0017,S0040,2026-02-25 15:14:37.777518,225
S_STR09713,S_U0005,S0044,2026-02-20 23:07:40.525984,194
S_STR09714,S_U0037,S0032,2026-02-01 06:33:38.537586,179
S_STR09715,S_U0062,S0034,2026-02-09 23:39:41.733573,84
S_STR09716,S_U0067,S0043,2026-02-12 07:31:14.989481,128
S_STR09717,S_U0064,S0050,2026-02-12 04:33:25.254757,104
S_STR09718,S_U0026,S0023,2026-01-31 13:16:08.927777,85
S_STR09719,S_U0039,S0039,2026-02-08 20:57:18.642401,135
S_STR09720,S_U0002,S0030,2026-02-28 19:31:34.534824,269
S_STR09721,S_U0014,S0039,2026-02-22 19:49:55.901702,164
S_STR09722,S_U0029,S0023,2026-02-21 18:47:25.696275,40
S_STR09723,S_U0082,S0044,2026-02-27 00:52:27.442566,22
S_STR09724,S_U0086,S0048,2026-02-06 02:08:39.769169,79
S_STR09725,S_U0022,S0011,2026-02-06 14:10:34.813017,40
S_STR09726,S_U0055,S0025,2026-02-10 05:27:16.462021,96
S_STR09727,S_U0022,S0016,2026-02-08 08:00:26.351161,138
S_STR09728,S_U0059,S0037,2026-02-04 15:45:33.853144,175
S_STR09729,S_U0044,S0043,2026-02-03 02:40:09.815549,48
S_STR09730,S_U0098,S0035,2026-02-08 08:41:45.193481,69
S_STR09731,S_U0016,S0035,2026-02-08 10:35:44.069619,30
S_STR09732,S_U0047,S0034,2026-02-26 20:37:58.812025,22
S_STR09733,S_U0005,S0046,2026-02-06 02:43:57.286599,70
S_STR09734,S_U0037,S0027,2026-02-07 01:06:13.251498,52
S_STR09735,S_U0043,S0028,2026-02-24 23:46:15.031698,139
S_STR09736,S_U0059,S0049,2026-02-03 14:33:05.042872,78
S_STR09737,S_U0030,S0023,2026-02-18 11:53:19.533881,106
S_STR09738,S_U0056,S0028,2026-02-15 07:30:30.907988,178
S_STR09739,S_U0018,S0035,2026-02-07 18:26:03.474309,89
S_STR09740,S_U0025,S0038,2026-02-04 13:50:22.375865,49
S_STR09741,S_U0065,S0030,2026-02-04 22:29:59.823653,141
S_STR09742,S_U0080,S0003,2026-02-08 23:34:24.653204,32
S_STR09743,S_U0035,S0020,2026-02-04 22:46:58.924885,119
S_STR09744,S_U0049,S0023,2026-02-15 21:36:35.662864,68
S_STR09745,S_U0005,S0009,2026-02-04 11:50:10.734469,66
S_STR09746,S_U0086,S0038,2026-02-13 15:19:46.772328,32
S_STR09747,S_U0096,S0047,2026-02-25 01:08:49.021811,68
S_STR09748,S_U0071,S0038,2026-02-02 13:04:15.063376,29
S_STR09749,S_U0099,S0003,2026-02-08 11:52:05.601467,109
S_STR09750,S_U0050,S0026,2026-03-02 09:43:41.329539,36
S_STR09751,S_U0018,S0047,2026-03-02 11:19:04.021446,8
S_STR09752,S_U0005,S0036,2026-02-26 03:34:30.817179,19
S_STR09753,S_U0078,S0027,2026-02-21 08:11:13.864257,49
S_STR09754,S_U0099,S0036,2026-02-24 08:24:50.652620,196
S_STR09755,S_U0040,S0034,2026-02-17 00:35:34.808777,19
S_STR09756,S_U0011,S0046,2026-02-19 04:31:05.459812,120
S_STR09757,S_U0038,S0031,2026-02-18 10:44:48.630927,5
S_STR09758,S_U0072,S0037,2026-02-16 09:05:40.477415,61
S_STR09759,S_U0059,S0036,2026-02-15 14:47:50.513797,20
S_STR09760,S_U0060,S0041,2026-02-21 20:11:35.019270,15
S_STR09761,S_U0020,S0034,2026-02-09 05:14:41.187915,38
S_STR09762,S_U0077,S0039,2026-02-17 22:46:17.657337,64
S_STR09763,S_U0071,S0027,2026-02-07 02:36:22.350211,146
S_STR09764,S_U0033,S0035,2026-01-31 13:15:07.473498,128
S_STR09765,S_U0073,S0028,2026-02-21 13:42:46.453045,111
S_STR09766,S_U0063,S0005,2026-02-17 14:41:33.286366,27
S_STR09767,S_U0064,S0033,2026-02-10 16:28:28.483833,138
S_STR09768,S_U0099,S0039,2026-02-23 06:56:20.708799,125
S_STR09769,S_U0058,S0030,2026-02-25 15:15:16.806219,284
S_STR09770,S_U0014,S0044,2026-02-18 07:25:30.875774,323
S_STR09771,S_U0091,S0036,2026-02-16 12:34:35.372426,217
S_STR09772,S_U0037,S0039,2026-02-05 10:57:38.097728,37
S_STR09773,S_U0094,S0027,2026-02-26 01:02:00.779908,93
S_STR09774,S_U0084,S0032,2026-02-25 21:11:05.258981,221
S_STR09775,S_U0052,S0048,2026-02-10 07:28:14.781672,35
S_STR09776,S_U0007,S0033,2026-02-12 12:22:30.077536,252
S_STR09777,S_U0042,S0020,2026-02-15 16:33:47.599440,14
S_STR09778,S_U0005,S0038,2026-02-07 11:19:56.642309,91
S_STR09779,S_U0015,S0029,2026-02-12 08:34:10.499969,51
S_STR09780,S_U0053,S0045,2026-02-08 01:54:01.143049,77
S_STR09781,S_U0097,S0029,2026-02-05 12:54:51.470654,218
S_STR09782,S_U0099,S0032,2026-02-03 10:36:12.196237,128
S_STR09783,S_U0096,S0037,2026-02-12 02:42:17.264266,121
S_STR09784,S_U0097,S0049,2026-02-22 07:59:32.732459,65
S_STR09785,S_U0076,S0024,2026-02-27 21:34:18.408001,42
S_STR09786,S_U0034,S0044,2026-02-26 07:53:03.278843,229
S_STR09787,S_U0092,S0043,2026-02-07 01:55:26.002030,136
S_STR09788,S_U0067,S0046,2026-02-22 22:10:23.145101,73
S_STR09789,S_U0037,S0028,2026-02-08 03:01:36.141498,13
S_STR09790,S_U0049,S0050,2026-02-01 20:00:28.938622,270
S_STR09791,S_U0050,S0007,2026-02-05 12:31:25.279825,260
S_STR09792,S_U0037,S0046,2026-03-01 14:09:07.718340,80
S_STR09793,S_U0007,S0050,2026-02-22 03:31:59.263440,261
S_STR09794,S_U0051,S0042,2026-02-20 21:20:40.377857,212
S_STR09795,S_U0050,S0037,2026-02-19 01:18:48.060467,257
S_STR09796,S_U0016,S0048,2026-02-02 18:04:18.667830,96
S_STR09797,S_U0100,S0018,2026-02-21 03:41:07.601791,64
S_STR09798,S_U0013,S0044,2026-02-27 20:53:11.470491,334
S_STR09799,S_U0073,S0018,2026-02-14 02:31:36.721416,78
S_STR09800,S_U0079,S0021,2026-02-28 01:31:09.014741,163
S_STR09801,S_U0093,S0027,2026-02-16 21:25:34.588562,53
S_STR09802,S_U0082,S0035,2026-02-07 23:28:46.081988,94
S_STR09803,S_U0049,S0014,2026-02-16 23:21:04.773852,137
S_STR09804,S_U0037,S0028,2026-02-14 10:58:39.487755,189
S_STR09805,S_U0031,S0033,2026-02-04 07:32:40.934994,198
S_STR09806,S_U0055,S0032,2026-02-20 19:41:00.872823,256
S_STR09807,S_U0062,S0044,2026-03-02 05:12:17.146350,269
S_STR09808,S_U0057,S0043,2026-02-07 13:29:12.768804,98
S_STR09809,S_U0048,S0019,2026-02-26 11:11:42.076767,79
S_STR09810,S_U0048,S0019,2026-02-16 10:35:27.229914,144
S_STR09811,S_U0033,S0012,2026-02-11 23:18:49.413907,131
S_STR09812,S_U0064,S0045,2026-02-25 12:29:58.745426,117
S_STR09813,S_U0067,S0035,2026-02-16 06:58:40.230910,120
S_STR09814,S_U0012,S0016,2026-02-20 03:38:44.068058,92
S_STR09815,S_U0031,S0048,2026-02-19 15:47:28.910086,122
S_STR09816,S_U0061,S0027,2026-02-27 13:31:46.216760,107
S_STR09817,S_U0010,S0038,2026-02-18 15:01:59.157691,67
S_STR09818,S_U0072,S0035,2026-02-19 19:26:55.439650,77
S_STR09819,S_U0092,S0041,2026-02-27 14:28:45.864463,115
S_STR09820,S_U0027,S0035,2026-02-25 07:08:38.810046,48
S_STR09821,S_U0089,S0050,2026-02-21 00:20:52.513721,40
S_STR09822,S_U0072,S0002,2026-02-03 18:36:55.035164,29
S_STR09823,S_U0062,S0046,2026-02-09 01:34:29.020406,101
S_STR09824,S_U0032,S0047,2026-02-12 02:13:12.905948,104
S_STR09825,S_U0007,S0043,2026-02-12 08:53:05.098708,121
S_STR09826,S_U0037,S0046,2026-02-02 20:54:57.707677,7
S_STR09827,S_U0061,S0036,2026-02-02 19:17:46.520532,126
S_STR09828,S_U0043,S0049,2026-02-19 16:37:38.647903,153
S_STR09829,S_U0093,S0016,2026-02-04 23:52:19.176245,180
S_STR09830,S_U0013,S0026,2026-02-18 15:13:54.550556,37
S_STR09831,S_U0052,S0006,2026-02-01 10:52:02.298267,48
S_STR09832,S_U0093,S0041,2026-02-05 10:33:44.632936,11
S_STR09833,S_U0087,S0013,2026-02-06 17:41:32.061767,160
S_STR09834,S_U0082,S0025,2026-02-03 22:07:44.565029,42
S_STR09835,S_U0093,S0034,2026-02-19 15:07:21.646605,103
S_STR09836,S_U0006,S0045,2026-02-13 09:59:47.247601,215
S_STR09837,S_U0067,S0029,2026-02-19 09:33:48.652212,240
S_STR09838,S_U0081,S0013,2026-02-18 12:07:49.355407,135
S_STR09839,S_U0074,S0050,2026-02-28 16:33:23.520860,76
S_STR09840,S_U0010,S0041,2026-02-11 08:13:46.522175,63
S_STR09841,S_U0003,S0048,2026-02-20 13:53:08.755497,44
S_STR09842,S_U0036,S0027,2026-02-12 15:22:18.335644,65
S_STR09843,S_U0071,S0022,2026-01-31 21:47:31.799221,173
S_STR09844,S_U0068,S0016,2026-02-28 23:36:04.671949,18
S_STR09845,S_U0046,S0031,2026-02-18 06:18:52.038463,149
S_STR09846,S_U0081,S0046,2026-02-13 00:41:38.448009,14
S_STR09847,S_U0071,S0022,2026-02-09 09:50:08.887603,170
S_STR09848,S_U0099,S0021,2026-03-01 06:07:11.420753,202
S_STR09849,S_U0051,S0045,2026-02-26 22:37:21.173738,17
S_STR09850,S_U0087,S0021,2026-03-01 03:33:37.978823,185
S_STR09851,S_U0005,S0004,2026-02-16 16:13:18.271601,232
S_STR09852,S_U0066,S0043,2026-02-17 01:02:27.829870,87
S_STR09853,S_U0087,S0027,2026-02-14 06:35:37.727962,90
S_STR09854,S_U0028,S0033,2026-02-22 10:40:07.601734,333
S_STR09855,S_U0027,S0044,2026-01-31 14:59:32.801450,210
S_STR09856,S_U0086,S0013,2026-02-17 02:48:40.254405,213
S_STR09857,S_U0063,S0012,2026-02-14 12:48:56.353659,84
S_STR09858,S_U0028,S0036,2026-02-03 20:47:27.168731,171
S_STR09859,S_U0043,S0035,2026-02-25 10:07:58.670026,30
S_STR09860,S_U0035,S0045,2026-02-01 03:58:21.843539,166
S_STR09861,S_U0011,S0019,2026-02-23 02:15:11.290251,121
S_STR09862,S_U0078,S0046,2026-02-04 02:54:06.597826,56
S_STR09863,S_U0015,S0044,2026-02-26 14:07:10.585439,105
S_STR09864,S_U0040,S0012,2026-02-13 10:16:58.739283,276
S_STR09865,S_U0084,S0038,2026-02-21 08:45:13.371955,59
S_STR09866,S_U0076,S0030,2026-02-08 01:43:51.023860,258
S_STR09867,S_U0092,S0050,2026-02-06 06:42:35.119749,156
S_STR09868,S_U0056,S0037,2026-02-03 11:20:46.309784,229
S_STR09869,S_U0011,S0017,2026-02-21 20:07:31.068382,204
S_STR09870,S_U0095,S0030,2026-02-07 03:50:38.593669,277
S_STR09871,S_U0047,S0046,2026-02-16 16:57:49.412643,131
S_STR09872,S_U0014,S0048,2026-02-16 07:59:48.985392,83
S_STR09873,S_U0055,S0050,2026-02-28 17:40:41.097478,169
S_STR09874,S_U0025,S0044,2026-02-19 01:34:52.344976,44
S_STR09875,S_U0093,S0050,2026-02-20 22:21:43.458302,246
S_STR09876,S_U0029,S0022,2026-02-01 21:16:12.729127,20
S_STR09877,S_U0092,S0050,2026-02-13 12:55:08.331048,220
S_STR09878,S_U0037,S0019,2026-02-01 13:51:05.887268,46
S_STR09879,S_U0064,S0043,2026-02-03 20:54:00.802632,163
S_STR09880,S_U0024,S0048,2026-02-10 22:55:02.220060,93
S_STR09881,S_U0064,S0048,2026-02-10 07:03:20.524014,59
S_STR09882,S_U0094,S0037,2026-02-26 09:02:49.948575,144
S_STR09883,S_U0013,S0032,2026-02-23 09:50:08.225352,268
S_STR09884,S_U0055,S0026,2026-02-06 14:21:21.072533,69
S_STR09885,S_U0091,S0049,2026-03-01 19:45:18.164367,91
S_STR09886,S_U0077,S0050,2026-02-08 15:12:00.894251,55
S_STR09887,S_U0023,S0026,2026-02-02 12:24:41.616246,150
S_STR09888,S_U0013,S0040,2026-02-12 20:09:11.250273,43
S_STR09889,S_U0036,S0045,2026-02-20 05:58:16.811232,168
S_STR09890,S_U0002,S0047,2026-02-03 05:19:59.687337,127
S_STR09891,S_U0095,S0047,2026-02-09 11:15:46.705674,143
S_STR09892,S_U0087,S0041,2026-02-08 09:20:27.931138,118
S_STR09893,S_U0028,S0045,2026-02-10 23:03:05.533670,215
S_STR09894,S_U0009,S0027,2026-02-06 02:24:17.678231,19
S_STR09895,S_U0094,S0039,2026-02-11 11:49:01.259081,76
S_STR09896,S_U0050,S0005,2026-02-20 23:18:41.161409,10
S_STR09897,S_U0017,S0050,2026-02-21 07:29:27.348600,69
S_STR09898,S_U0082,S0048,2026-03-01 14:16:06.480567,51
S_STR09899,S_U0032,S0012,2026-02-28 19:22:36.464108,76
S_STR09900,S_U0030,S0033,2026-02-28 19:23:47.017703,143
S_STR09901,S_U0076,S0041,2026-02-27 18:35:55.120481,28
S_STR09902,S_U0056,S0022,2026-02-04 18:32:38.840082,47
S_STR09903,S_U0020,S0006,2026-02-13 16:07:35.217755,8
S_STR09904,S_U0011,S0030,2026-02-05 19:44:33.302920,181
S_STR09905,S_U0055,S0035,2026-02-02 20:59:26.215602,105
S_STR09906,S_U0065,S0035,2026-02-26 14:51:46.071184,15
S_STR09907,S_U0061,S0043,2026-02-05 20:18:24.529066,140
S_STR09908,S_U0022,S0023,2026-02-16 21:43:52.558902,71
S_STR09909,S_U0042,S0016,2026-02-22 21:32:43.787954,174
S_STR09910,S_U0082,S0033,2026-02-16 06:21:27.992876,288
S_STR09911,S_U0038,S0020,2026-02-12 15:48:50.117795,227
S_STR09912,S_U0018,S0047,2026-02-09 22:54:01.970338,160
S_STR09913,S_U0021,S0030,2026-02-08 07:20:33.864280,264
S_STR09914,S_U0069,S0049,2026-02-09 12:17:54.144834,17
S_STR09915,S_U0092,S0042,2026-02-06 20:44:32.223921,190
S_STR09916,S_U0079,S0022,2026-02-07 15:32:48.184618,29
S_STR09917,S_U0031,S0014,2026-02-09 17:46:30.863719,119
S_STR09918,S_U0017,S0035,2026-02-09 08:31:29.560454,122
S_STR09919,S_U0063,S0047,2026-02-16 10:23:38.865966,115
S_STR09920,S_U0087,S0048,2026-02-21 16:35:42.921106,28
S_STR09921,S_U0070,S0031,2026-02-08 17:51:09.576900,38
S_STR09922,S_U0024,S0034,2026-02-24 22:31:38.831898,50
S_STR09923,S_U0035,S0048,2026-02-03 01:23:36.329697,42
S_STR09924,S_U0070,S0033,2026-02-26 01:47:18.356669,42
S_STR09925,S_U0023,S0040,2026-02-21 01:19:01.764067,226
S_STR09926,S_U0042,S0046,2026-02-24 06:05:20.847685,34
S_STR09927,S_U0047,S0030,2026-02-12 04:29:31.802382,31
S_STR09928,S_U0042,S0019,2026-02-22 07:06:19.296511,206
S_STR09929,S_U0096,S0031,2026-02-05 12:08:34.964123,157
S_STR09930,S_U0040,S0047,2026-03-01 08:56:20.343584,15
S_STR09931,S_U0098,S0042,2026-02-17 18:14:58.838216,217
S_STR09932,S_U0002,S0008,2026-02-26 18:02:17.106902,276
S_STR09933,S_U0021,S0032,2026-02-12 09:56:08.801063,166
S_STR09934,S_U0055,S0045,2026-02-25 18:34:28.443248,236
S_STR09935,S_U0024,S0049,2026-02-14 18:49:16.784296,64
S_STR09936,S_U0082,S0029,2026-02-09 08:10:08.752371,230
S_STR09937,S_U0085,S0044,2026-02-10 01:57:07.766315,211
S_STR09938,S_U0091,S0019,2026-02-03 19:36:51.691525,178
S_STR09939,S_U0041,S0047,2026-02-24 16:11:32.835513,43
S_STR09940,S_U0034,S0043,2026-02-23 01:32:50.816354,17
S_STR09941,S_U0003,S0049,2026-02-10 22:31:32.349561,175
S_STR09942,S_U0041,S0044,2026-02-21 05:23:26.583215,143
S_STR09943,S_U0025,S0050,2026-02-03 04:41:28.894593,200
S_STR09944,S_U0091,S0049,2026-02-20 14:53:41.372914,46
S_STR09945,S_U0067,S0042,2026-02-03 12:23:02.693478,182
S_STR09946,S_U0016,S0049,2026-02-08 05:27:54.114590,129
S_STR09947,S_U0082,S0044,2026-02-18 08:59:14.930596,63
S_STR09948,S_U0032,S0039,2026-02-19 18:35:57.619667,129
S_STR09949,S_U0087,S0036,2026-02-01 01:43:11.837476,214
S_STR09950,S_U0088,S0031,2026-02-23 14:45:56.212830,109
S_STR09951,S_U0068,S0037,2026-02-18 15:11:10.622275,227
S_STR09952,S_U0041,S0035,2026-03-01 01:03:12.370402,64
S_STR09953,S_U0018,S0033,2026-02-12 20:46:16.358363,259
S_STR09954,S_U0079,S0048,2026-02-03 09:31:20.923967,21
S_STR09955,S_U0054,S0037,2026-02-13 13:41:37.235275,92
S_STR09956,S_U0024,S0033,2026-02-04 22:23:02.577784,8
S_STR09957,S_U0059,S0006,2026-02-02 10:11:38.802662,258
S_STR09958,S_U0040,S0025,2026-02-02 16:46:13.025461,104
S_STR09959,S_U0085,S0037,2026-02-23 09:31:19.774255,106
S_STR09960,S_U0055,S0050,2026-02-24 20:50:12.917019,190
S_STR09961,S_U0028,S0050,2026-02-23 11:45:00.169936,17
S_STR09962,S_U0049,S0041,2026-02-13 14:27:54.558316,114
S_STR09963,S_U0063,S0021,2026-02-08 21:26:00.275855,59
S_STR09964,S_U0090,S0017,2026-02-20 08:45:44.908280,204
S_STR09965,S_U0034,S0029,2026-02-22 22:01:34.328896,69
S_STR09966,S_U0082,S0049,2026-02-01 19:10:31.034522,31
S_STR09967,S_U0002,S0048,2026-02-06 22:47:08.087654,34
S_STR09968,S_U0063,S0019,2026-02-02 12:39:51.471562,162
S_STR09969,S_U0045,S0021,2026-02-02 09:42:53.546816,24
S_STR09970,S_U0091,S0035,2026-02-04 09:01:46.504324,37
S_STR09971,S_U0024,S0040,2026-02-26 20:23:03.947749,42
S_STR09972,S_U0089,S0032,2026-02-24 14:20:29.185369,280
S_STR09973,S_U0010,S0019,2026-02-09 19:23:13.671639,142
S_STR09974,S_U0017,S0024,2026-02-20 10:17:28.087861,131
S_STR09975,S_U0069,S0029,2026-02-17 23:42:32.432535,237
S_STR09976,S_U0062,S0041,2026-02-01 11:56:38.140386,85
S_STR09977,S_U0056,S0021,2026-02-18 04:00:31.809455,28
S_STR09978,S_U0075,S0050,2026-02-23 08:14:33.251005,159
S_STR09979,S_U0099,S0014,2026-02-05 22:51:12.678749,233
S_STR09980,S_U0002,S0047,2026-02-03 12:53:12.158601,32
S_STR09981,S_U0075,S0049,2026-02-24 22:11:11.130860,78
S_STR09982,S_U0005,S0017,2026-02-13 03:12:30.019416,127
S_STR09983,S_U0035,S0047,2026-02-03 13:08:06.832137,68
S_STR09984,S_U0028,S0038,2026-02-24 17:19:17.169034,72
S_STR09985,S_U0007,S0048,2026-02-05 12:50:32.283277,116
S_STR09986,S_U0041,S0047,2026-02-10 22:43:12.088130,148
S_STR09987,S_U0070,S0016,2026-02-24 18:20:59.618124,26
S_STR09988,S_U0065,S0017,2026-02-08 15:51:48.415389,103
S_STR09989,S_U0004,S0046,2026-02-18 07:15:26.647297,55
S_STR09990,S_U0075,S0050,2026-02-07 21:03:21.707002,229
S_STR09991,S_U0033,S0039,2026-02-22 18:17:14.556879,70
S_STR09992,S_U0100,S0034,2026-02-23 14:20:23.540880,118
S_STR09993,S_U0060,S0045,2026-02-04 22:13:40.190060,18
S_STR09994,S_U0037,S0017,2026-02-10 11:32:10.467168,30
S_STR09995,S_U0084,S0048,2026-02-13 18:33:16.642405,119
S_STR09996,S_U0005,S0028,2026-02-20 05:37:32.319601,7
S_STR09997,S_U0051,S0042,2026-02-03 02:53:05.945640,85
S_STR09998,S_U0084,S0041,2026-02-20 10:17:21.259470,141
S_STR09999,S_U0064,S0021,2026-02-15 07:56:07.210397,15
S_STR10000,S_U0038,S0022,2026-02-15 22:58:17.814110,218
