stream_id,user_id,song_id,timestamp,duration_listened
Y_STR00001,Y_U0022,Y0019,2026-02-20 11:18:22.679560,265
Y_STR00002,Y_U0045,Y0042,2026-02-11 09:50:39.759375,49
Y_STR00003,Y_U0026,Y0042,2026-03-01 14:05:27.776351,34
Y_STR00004,Y_U0029,Y0038,2026-02-24 07:05:13.201503,118
Y_STR00005,Y_U0071,Y0023,2026-02-03 06:39:39.934119,194
Y_STR00006,Y_U0026,Y0021,2026-02-03 01:06:37.372245,72
Y_STR00007,Y_U0033,Y0044,2026-02-21 14:47:06.434834,253
Y_STR00008,Y_U0064,Y0022,2026-02-07 21:27:01.017687,90
Y_STR00009,Y_U0081,Y0042,2026-02-27 15:13:41.901077,220
Y_STR00010,Y_U0056,Y0040,2026-02-22 06:50:53.370862,18
Y_STR00011,Y_U0057,Y0047,2026-03-01 23:22:33.839793,104
Y_STR00012,Y_U0099,Y0036,2026-02-04 01:29:01.236483,336
Y_STR00013,Y_U0079,Y0043,2026-02-15 13:55:24.554585,45
Y_STR00014,Y_U0034,Y0020,2026-02-06 06:00:21.278905,8
Y_STR00015,Y_U0061,Y0027,2026-02-17 01:01:32.828604,165
Y_STR00016,Y_U0089,Y0018,2026-02-21 23:08:50.255842,34
Y_STR00017,Y_U0057,Y0031,2026-02-25 21:40:56.433401,130
Y_STR00018,Y_U0005,Y0032,2026-02-20 19:08:17.995173,260
Y_STR00019,Y_U0065,Y0017,2026-02-25 10:34:04.791292,114
Y_STR00020,Y_U0013,Y0047,2026-02-17 06:15:56.238974,277
Y_STR00021,Y_U0099,Y0044,2026-02-01 21:31:45.929335,287
Y_STR00022,Y_U0028,Y0029,2026-02-16 05:52:03.040108,106
Y_STR00023,Y_U0059,Y0030,2026-02-16 14:11:56.196513,38
Y_STR00024,Y_U0024,Y0042,2026-02-09 17:10:43.374825,143
Y_STR00025,Y_U0048,Y0017,2026-02-26 01:41:43.510817,59
Y_STR00026,Y_U0072,Y0020,2026-02-23 04:02:17.159312,66
Y_STR00027,Y_U0012,Y0047,2026-02-02 13:43:27.598516,239
Y_STR00028,Y_U0042,Y0013,2026-02-02 23:34:51.282922,30
Y_STR00029,Y_U0074,Y0024,2026-02-25 22:18:29.653242,24
Y_STR00030,Y_U0075,Y0044,2026-02-05 11:11:37.493645,262
Y_STR00031,Y_U0063,Y0037,2026-03-01 03:21:59.019277,17
Y_STR00032,Y_U0052,Y0022,2026-02-02 06:20:54.203152,49
Y_STR00033,Y_U0030,Y0029,2026-02-20 19:30:34.550793,198
Y_STR00034,Y_U0002,Y0048,2026-02-03 22:28:11.946951,87
Y_STR00035,Y_U0006,Y0047,2026-02-20 00:46:06.072822,89
Y_STR00036,Y_U0059,Y0039,2026-02-16 20:11:45.719585,252
Y_STR00037,Y_U0098,Y0046,2026-02-05 09:19:05.877727,167
Y_STR00038,Y_U0069,Y0038,2026-03-01 22:22:01.882514,162
Y_STR00039,Y_U0024,Y0047,2026-02-22 11:59:08.375160,249
Y_STR00040,Y_U0069,Y0026,2026-02-19 22:06:40.466722,103
Y_STR00041,Y_U0044,Y0048,2026-03-01 14:01:56.060122,100
Y_STR00042,Y_U0021,Y0019,2026-02-28 06:24:29.242680,271
Y_STR00043,Y_U0002,Y0037,2026-02-02 14:44:39.555389,89
Y_STR00044,Y_U0092,Y0036,2026-03-01 19:47:39.026659,311
Y_STR00045,Y_U0001,Y0035,2026-02-10 09:30:31.775705,36
Y_STR00046,Y_U0011,Y0024,2026-02-28 15:29:53.176513,329
Y_STR00047,Y_U0068,Y0023,2026-02-02 00:10:48.055535,173
Y_STR00048,Y_U0019,Y0045,2026-02-22 20:46:23.779918,33
Y_STR00049,Y_U0060,Y0024,2026-02-12 23:11:42.472975,234
Y_STR00050,Y_U0089,Y0016,2026-02-15 03:55:18.241112,97
Y_STR00051,Y_U0027,Y0046,2026-02-25 19:51:34.343644,65
Y_STR00052,Y_U0079,Y0018,2026-02-21 05:05:12.640256,144
Y_STR00053,Y_U0063,Y0040,2026-02-16 13:14:03.922145,7
Y_STR00054,Y_U0067,Y0042,2026-02-10 15:27:31.059306,142
Y_STR00055,Y_U0067,Y0047,2026-02-17 12:32:09.138551,37
Y_STR00056,Y_U0067,Y0046,2026-02-27 19:27:45.019463,93
Y_STR00057,Y_U0095,Y0028,2026-02-11 20:13:05.756335,86
Y_STR00058,Y_U0096,Y0033,2026-02-14 06:06:04.046159,77
Y_STR00059,Y_U0004,Y0012,2026-03-02 06:10:58.270967,211
Y_STR00060,Y_U0025,Y0041,2026-02-22 14:08:43.066297,94
Y_STR00061,Y_U0079,Y0033,2026-02-01 06:16:16.781695,18
Y_STR00062,Y_U0079,Y0033,2026-02-06 13:11:11.051095,120
Y_STR00063,Y_U0091,Y0012,2026-02-25 23:34:16.167252,116
Y_STR00064,Y_U0070,Y0040,2026-02-11 20:37:06.211336,35
Y_STR00065,Y_U0098,Y0039,2026-02-01 21:40:00.704378,280
Y_STR00066,Y_U0014,Y0025,2026-02-20 16:39:18.621737,166
Y_STR00067,Y_U0029,Y0032,2026-02-04 03:28:32.786994,227
Y_STR00068,Y_U0057,Y0032,2026-02-07 16:38:32.046849,258
Y_STR00069,Y_U0083,Y0010,2026-02-21 04:55:42.479764,153
Y_STR00070,Y_U0058,Y0034,2026-02-17 09:21:24.768103,106
Y_STR00071,Y_U0048,Y0021,2026-02-19 06:30:59.267647,233
Y_STR00072,Y_U0081,Y0019,2026-02-26 02:56:33.287327,184
Y_STR00073,Y_U0030,Y0005,2026-02-27 18:48:53.929130,150
Y_STR00074,Y_U0077,Y0038,2026-02-01 12:56:53.270139,19
Y_STR00075,Y_U0087,Y0038,2026-02-25 10:53:50.786596,167
Y_STR00076,Y_U0084,Y0015,2026-02-04 18:58:03.317214,214
Y_STR00077,Y_U0048,Y0035,2026-02-04 03:33:03.113093,185
Y_STR00078,Y_U0077,Y0035,2026-02-03 08:17:26.871142,105
Y_STR00079,Y_U0027,Y0021,2026-02-07 05:28:22.975650,238
Y_STR00080,Y_U0020,Y0034,2026-02-12 02:36:46.497003,56
Y_STR00081,Y_U0028,Y0046,2026-02-20 22:10:59.100522,109
Y_STR00082,Y_U0085,Y0034,2026-02-15 20:45:01.436081,121
Y_STR00083,Y_U0090,Y0031,2026-02-11 06:15:13.903234,126
Y_STR00084,Y_U0067,Y0023,2026-01-31 18:59:52.762900,196
Y_STR00085,Y_U0075,Y0026,2026-02-21 09:17:58.012268,72
Y_STR00086,Y_U0090,Y0031,2026-02-18 15:41:56.581759,44
Y_STR00087,Y_U0091,Y0035,2026-02-10 19:00:47.173089,23
Y_STR00088,Y_U0006,Y0046,2026-02-17 15:09:10.102106,96
Y_STR00089,Y_U0049,Y0030,2026-02-01 14:35:07.188089,41
Y_STR00090,Y_U0031,Y0041,2026-02-23 09:53:57.304042,118
Y_STR00091,Y_U0086,Y0047,2026-02-19 18:29:22.655352,230
Y_STR00092,Y_U0046,Y0044,2026-02-23 02:26:30.047221,199
Y_STR00093,Y_U0096,Y0044,2026-02-28 10:28:18.300065,146
Y_STR00094,Y_U0048,Y0040,2026-02-27 21:36:10.623393,28
Y_STR00095,Y_U0021,Y0047,2026-02-05 00:51:36.385728,192
Y_STR00096,Y_U0096,Y0046,2026-02-12 18:03:32.619858,175
Y_STR00097,Y_U0021,Y0020,2026-02-28 20:46:45.248829,93
Y_STR00098,Y_U0055,Y0045,2026-02-01 19:13:18.467637,191
Y_STR00099,Y_U0043,Y0017,2026-02-02 08:13:33.185278,121
Y_STR00100,Y_U0062,Y0025,2026-02-16 08:04:54.480304,202
Y_STR00101,Y_U0054,Y0014,2026-02-18 01:52:01.582139,66
Y_STR00102,Y_U0006,Y0005,2026-02-24 12:18:57.557320,50
Y_STR00103,Y_U0047,Y0020,2026-02-23 19:10:10.875711,28
Y_STR00104,Y_U0020,Y0011,2026-02-22 09:24:57.416941,108
Y_STR00105,Y_U0005,Y0045,2026-02-06 02:11:52.981377,12
Y_STR00106,Y_U0052,Y0041,2026-02-20 07:19:09.481403,229
Y_STR00107,Y_U0076,Y0037,2026-02-25 07:13:53.288532,151
Y_STR00108,Y_U0085,Y0035,2026-02-22 11:05:31.420539,163
Y_STR00109,Y_U0089,Y0041,2026-02-02 10:49:55.413200,157
Y_STR00110,Y_U0020,Y0037,2026-02-25 01:48:27.443524,126
Y_STR00111,Y_U0021,Y0035,2026-02-20 10:41:59.586892,74
Y_STR00112,Y_U0078,Y0022,2026-02-28 17:13:17.071124,91
Y_STR00113,Y_U0085,Y0039,2026-02-24 13:49:37.143723,62
Y_STR00114,Y_U0019,Y0049,2026-02-14 11:58:45.138232,115
Y_STR00115,Y_U0003,Y0050,2026-02-17 09:47:58.100457,142
Y_STR00116,Y_U0001,Y0029,2026-02-18 07:41:32.814147,155
Y_STR00117,Y_U0048,Y0035,2026-02-22 16:19:37.450562,225
Y_STR00118,Y_U0039,Y0039,2026-02-09 12:22:31.550750,283
Y_STR00119,Y_U0017,Y0041,2026-02-01 17:16:39.943437,238
Y_STR00120,Y_U0091,Y0031,2026-02-18 23:01:38.952283,125
Y_STR00121,Y_U0062,Y0037,2026-02-28 00:52:13.228376,46
Y_STR00122,Y_U0026,Y0040,2026-02-04 05:02:09.200826,92
Y_STR00123,Y_U0075,Y0041,2026-02-11 18:24:51.185052,32
Y_STR00124,Y_U0094,Y0042,2026-02-08 17:31:17.591049,259
Y_STR00125,Y_U0030,Y0033,2026-02-08 14:22:09.305201,5
Y_STR00126,Y_U0043,Y0032,2026-02-09 00:30:17.976136,123
Y_STR00127,Y_U0063,Y0041,2026-02-26 03:09:39.598381,17
Y_STR00128,Y_U0015,Y0038,2026-02-16 17:14:18.873674,165
Y_STR00129,Y_U0003,Y0034,2026-02-09 08:17:05.315054,6
Y_STR00130,Y_U0079,Y0021,2026-02-09 00:14:52.808560,136
Y_STR00131,Y_U0061,Y0036,2026-02-24 10:07:21.792578,273
Y_STR00132,Y_U0029,Y0048,2026-02-12 16:53:11.330041,156
Y_STR00133,Y_U0030,Y0039,2026-02-18 13:12:21.091468,121
Y_STR00134,Y_U0041,Y0049,2026-02-10 02:15:33.066959,11
Y_STR00135,Y_U0034,Y0043,2026-01-31 15:26:11.889694,114
Y_STR00136,Y_U0050,Y0024,2026-02-12 12:16:37.221367,331
Y_STR00137,Y_U0067,Y0046,2026-02-24 11:02:31.950498,153
Y_STR00138,Y_U0040,Y0017,2026-02-23 10:24:46.389462,103
Y_STR00139,Y_U0005,Y0018,2026-02-19 10:02:39.025047,96
Y_STR00140,Y_U0079,Y0042,2026-02-04 12:23:11.792585,189
Y_STR00141,Y_U0075,Y0031,2026-02-01 05:16:01.496939,41
Y_STR00142,Y_U0087,Y0020,2026-02-11 09:00:32.274646,60
Y_STR00143,Y_U0095,Y0016,2026-02-16 13:29:25.026378,153
Y_STR00144,Y_U0060,Y0045,2026-02-18 03:54:49.827211,32
Y_STR00145,Y_U0039,Y0046,2026-02-15 09:11:53.183391,31
Y_STR00146,Y_U0016,Y0040,2026-02-24 17:48:27.525330,49
Y_STR00147,Y_U0068,Y0037,2026-02-09 08:52:36.578691,110
Y_STR00148,Y_U0087,Y0044,2026-02-14 21:58:37.594332,170
Y_STR00149,Y_U0078,Y0042,2026-02-09 06:30:35.197142,103
Y_STR00150,Y_U0056,Y0018,2026-02-26 14:51:26.504342,71
Y_STR00151,Y_U0051,Y0050,2026-02-12 19:21:14.124055,266
Y_STR00152,Y_U0098,Y0036,2026-02-16 00:19:05.834235,324
Y_STR00153,Y_U0099,Y0037,2026-02-04 20:42:49.852426,11
Y_STR00154,Y_U0093,Y0047,2026-02-28 05:08:39.856071,196
Y_STR00155,Y_U0003,Y0043,2026-02-18 03:02:15.357867,149
Y_STR00156,Y_U0016,Y0018,2026-02-18 08:59:43.577602,254
Y_STR00157,Y_U0018,Y0040,2026-02-25 13:59:10.754341,9
Y_STR00158,Y_U0051,Y0046,2026-02-05 06:27:47.303650,47
Y_STR00159,Y_U0016,Y0034,2026-02-11 09:58:34.683527,108
Y_STR00160,Y_U0095,Y0007,2026-02-05 21:04:37.493181,303
Y_STR00161,Y_U0050,Y0048,2026-02-07 03:43:12.035218,38
Y_STR00162,Y_U0063,Y0042,2026-02-18 12:20:51.972759,193
Y_STR00163,Y_U0043,Y0046,2026-02-05 07:17:19.763678,146
Y_STR00164,Y_U0046,Y0035,2026-02-23 12:24:53.658342,197
Y_STR00165,Y_U0051,Y0050,2026-02-22 01:18:00.979450,327
Y_STR00166,Y_U0094,Y0018,2026-02-20 04:27:25.705463,42
Y_STR00167,Y_U0038,Y0047,2026-02-27 11:17:24.640253,58
Y_STR00168,Y_U0010,Y0004,2026-02-15 20:43:56.888757,79
Y_STR00169,Y_U0067,Y0047,2026-02-11 04:44:33.044809,285
Y_STR00170,Y_U0082,Y0038,2026-02-17 11:11:59.511482,113
Y_STR00171,Y_U0011,Y0034,2026-02-27 01:50:29.003918,199
Y_STR00172,Y_U0026,Y0039,2026-02-19 07:09:52.499005,269
Y_STR00173,Y_U0003,Y0043,2026-02-19 02:26:32.003173,101
Y_STR00174,Y_U0061,Y0023,2026-02-25 12:41:34.992810,91
Y_STR00175,Y_U0080,Y0035,2026-01-31 22:55:57.310505,120
Y_STR00176,Y_U0071,Y0023,2026-02-11 22:43:55.338240,112
Y_STR00177,Y_U0051,Y0048,2026-02-01 14:06:24.345040,204
Y_STR00178,Y_U0046,Y0017,2026-02-13 02:16:19.026652,35
Y_STR00179,Y_U0062,Y0034,2026-02-11 17:00:50.469527,147
Y_STR00180,Y_U0014,Y0049,2026-02-03 02:58:43.108278,46
Y_STR00181,Y_U0045,Y0037,2026-02-06 15:07:00.283763,144
Y_STR00182,Y_U0023,Y0014,2026-03-01 15:29:02.773205,116
Y_STR00183,Y_U0001,Y0031,2026-02-18 13:24:50.271024,99
Y_STR00184,Y_U0049,Y0050,2026-02-12 13:53:47.836815,192
Y_STR00185,Y_U0095,Y0045,2026-03-01 22:26:58.980618,129
Y_STR00186,Y_U0070,Y0045,2026-02-21 00:25:09.222365,64
Y_STR00187,Y_U0080,Y0035,2026-02-28 18:08:45.796642,182
Y_STR00188,Y_U0058,Y0030,2026-02-11 06:21:31.315900,115
Y_STR00189,Y_U0087,Y0028,2026-02-16 06:32:36.003326,23
Y_STR00190,Y_U0088,Y0042,2026-02-12 07:09:22.068337,263
Y_STR00191,Y_U0068,Y0010,2026-02-10 07:49:50.411645,48
Y_STR00192,Y_U0049,Y0046,2026-02-13 10:04:01.918646,186
Y_STR00193,Y_U0039,Y0026,2026-02-20 15:08:52.998159,208
Y_STR00194,Y_U0075,Y0034,2026-02-28 06:45:53.392918,31
Y_STR00195,Y_U0076,Y0046,2026-02-23 04:03:33.576328,114
Y_STR00196,Y_U0007,Y0035,2026-02-09 21:24:55.646805,298
Y_STR00197,Y_U0065,Y0023,2026-02-03 10:27:04.197717,86
Y_STR00198,Y_U0100,Y0022,2026-02-08 14:10:27.004110,94
Y_STR00199,Y_U0033,Y0017,2026-02-10 20:35:00.869329,64
Y_STR00200,Y_U0002,Y0044,2026-02-07 07:24:53.801155,29
Y_STR00201,Y_U0046,Y0044,2026-02-08 19:57:39.307044,249
Y_STR00202,Y_U0079,Y0024,2026-02-07 02:07:57.762056,221
Y_STR00203,Y_U0042,Y0047,2026-02-18 16:54:55.658169,186
Y_STR00204,Y_U0093,Y0002,2026-02-09 23:25:41.517262,182
Y_STR00205,Y_U0033,Y0025,2026-02-13 16:38:43.022861,113
Y_STR00206,Y_U0084,Y0029,2026-02-13 11:50:01.719920,233
Y_STR00207,Y_U0067,Y0031,2026-02-26 11:28:59.999959,97
Y_STR00208,Y_U0088,Y0029,2026-02-02 17:32:19.848235,41
Y_STR00209,Y_U0004,Y0040,2026-02-20 06:26:12.765239,108
Y_STR00210,Y_U0094,Y0019,2026-02-18 07:10:12.753641,105
Y_STR00211,Y_U0012,Y0046,2026-03-01 03:48:39.775494,145
Y_STR00212,Y_U0064,Y0034,2026-02-27 05:31:23.241174,36
Y_STR00213,Y_U0050,Y0024,2026-02-27 06:18:55.373735,91
Y_STR00214,Y_U0092,Y0029,2026-02-15 14:02:29.394264,13
Y_STR00215,Y_U0084,Y0028,2026-02-03 12:16:57.848974,61
Y_STR00216,Y_U0002,Y0048,2026-02-15 05:10:10.570188,81
Y_STR00217,Y_U0092,Y0014,2026-02-07 02:40:02.123600,293
Y_STR00218,Y_U0040,Y0038,2026-02-24 09:30:29.443005,21
Y_STR00219,Y_U0028,Y0042,2026-02-01 11:33:20.131665,168
Y_STR00220,Y_U0024,Y0036,2026-02-13 08:15:08.316453,326
Y_STR00221,Y_U0042,Y0009,2026-03-01 02:24:30.180168,209
Y_STR00222,Y_U0038,Y0032,2026-02-04 13:39:37.160063,54
Y_STR00223,Y_U0033,Y0036,2026-02-25 00:51:54.432715,173
Y_STR00224,Y_U0049,Y0012,2026-02-12 10:27:55.456150,237
Y_STR00225,Y_U0017,Y0035,2026-02-18 23:01:56.568643,167
Y_STR00226,Y_U0024,Y0045,2026-02-06 08:42:09.124895,88
Y_STR00227,Y_U0036,Y0049,2026-02-25 00:14:29.101060,84
Y_STR00228,Y_U0018,Y0035,2026-02-02 15:35:50.550801,44
Y_STR00229,Y_U0003,Y0043,2026-02-24 05:38:04.294703,107
Y_STR00230,Y_U0008,Y0019,2026-02-03 16:38:18.607982,154
Y_STR00231,Y_U0028,Y0036,2026-02-06 04:12:01.282917,178
Y_STR00232,Y_U0047,Y0017,2026-02-27 23:16:29.839156,11
Y_STR00233,Y_U0055,Y0011,2026-02-14 19:51:17.032155,175
Y_STR00234,Y_U0076,Y0016,2026-02-20 09:42:08.848707,14
Y_STR00235,Y_U0046,Y0041,2026-02-23 02:57:50.574816,81
Y_STR00236,Y_U0093,Y0038,2026-02-11 23:23:44.944799,150
Y_STR00237,Y_U0076,Y0045,2026-02-20 18:48:31.662254,156
Y_STR00238,Y_U0065,Y0027,2026-02-03 04:43:39.728485,189
Y_STR00239,Y_U0028,Y0021,2026-02-27 01:16:15.083617,68
Y_STR00240,Y_U0100,Y0044,2026-02-13 10:01:30.136122,119
Y_STR00241,Y_U0073,Y0004,2026-02-21 12:47:01.650169,27
Y_STR00242,Y_U0097,Y0032,2026-02-22 21:31:30.330223,214
Y_STR00243,Y_U0052,Y0041,2026-02-19 17:27:18.036323,124
Y_STR00244,Y_U0037,Y0046,2026-03-02 02:09:42.249115,89
Y_STR00245,Y_U0068,Y0011,2026-02-13 21:43:31.265535,239
Y_STR00246,Y_U0056,Y0044,2026-02-12 14:51:08.922070,19
Y_STR00247,Y_U0061,Y0027,2026-02-12 11:09:11.785744,165
Y_STR00248,Y_U0048,Y0035,2026-02-28 04:20:21.763066,64
Y_STR00249,Y_U0046,Y0014,2026-02-23 23:35:13.558530,211
Y_STR00250,Y_U0038,Y0047,2026-02-15 11:34:48.861294,251
Y_STR00251,Y_U0002,Y0044,2026-02-13 23:55:13.063726,250
Y_STR00252,Y_U0036,Y0050,2026-02-12 19:50:45.628230,69
Y_STR00253,Y_U0016,Y0043,2026-02-19 00:37:37.124485,95
Y_STR00254,Y_U0082,Y0049,2026-02-16 04:04:54.059893,27
Y_STR00255,Y_U0007,Y0042,2026-02-02 10:12:38.669640,39
Y_STR00256,Y_U0081,Y0040,2026-02-24 00:50:17.726948,35
Y_STR00257,Y_U0023,Y0036,2026-02-16 12:38:14.112967,49
Y_STR00258,Y_U0041,Y0019,2026-02-16 12:19:14.840549,259
Y_STR00259,Y_U0038,Y0046,2026-03-01 20:56:54.787131,53
Y_STR00260,Y_U0086,Y0043,2026-02-19 21:04:05.948996,119
Y_STR00261,Y_U0007,Y0022,2026-02-17 16:54:26.764176,81
Y_STR00262,Y_U0075,Y0014,2026-03-02 07:49:48.257236,38
Y_STR00263,Y_U0039,Y0016,2026-02-06 21:28:32.626319,47
Y_STR00264,Y_U0086,Y0018,2026-02-09 14:42:34.560905,124
Y_STR00265,Y_U0092,Y0020,2026-02-19 08:36:54.227742,93
Y_STR00266,Y_U0089,Y0019,2026-02-19 00:24:20.729625,207
Y_STR00267,Y_U0098,Y0030,2026-02-17 09:34:57.348538,147
Y_STR00268,Y_U0081,Y0042,2026-03-01 12:07:49.471267,99
Y_STR00269,Y_U0071,Y0036,2026-02-11 20:03:55.266049,84
Y_STR00270,Y_U0095,Y0028,2026-02-26 17:52:15.539157,92
Y_STR00271,Y_U0069,Y0050,2026-02-28 01:13:05.492878,337
Y_STR00272,Y_U0053,Y0045,2026-02-07 18:01:06.496180,64
Y_STR00273,Y_U0028,Y0018,2026-02-16 02:39:28.177821,205
Y_STR00274,Y_U0030,Y0037,2026-02-12 02:00:30.240903,104
Y_STR00275,Y_U0084,Y0044,2026-02-27 19:23:35.098081,307
Y_STR00276,Y_U0022,Y0044,2026-02-17 23:22:52.460103,105
Y_STR00277,Y_U0015,Y0038,2026-02-02 08:10:39.469690,127
Y_STR00278,Y_U0021,Y0013,2026-02-28 10:43:57.292500,62
Y_STR00279,Y_U0066,Y0027,2026-02-28 16:50:31.604692,189
Y_STR00280,Y_U0077,Y0013,2026-02-12 17:12:51.238620,59
Y_STR00281,Y_U0045,Y0038,2026-02-01 04:06:32.566854,10
Y_STR00282,Y_U0051,Y0029,2026-02-17 19:16:44.675249,328
Y_STR00283,Y_U0041,Y0044,2026-02-06 15:15:58.864750,6
Y_STR00284,Y_U0049,Y0037,2026-02-11 14:34:23.192340,45
Y_STR00285,Y_U0013,Y0043,2026-02-21 05:11:23.754474,43
Y_STR00286,Y_U0003,Y0050,2026-02-01 23:01:12.353685,107
Y_STR00287,Y_U0081,Y0050,2026-02-18 14:31:55.213260,82
Y_STR00288,Y_U0071,Y0049,2026-02-06 18:38:59.877007,81
Y_STR00289,Y_U0083,Y0044,2026-02-02 01:58:19.910236,160
Y_STR00290,Y_U0009,Y0040,2026-02-06 20:40:26.106190,24
Y_STR00291,Y_U0083,Y0030,2026-02-19 12:15:31.608940,84
Y_STR00292,Y_U0063,Y0040,2026-02-24 20:03:31.719543,120
Y_STR00293,Y_U0031,Y0022,2026-02-03 03:37:58.954872,211
Y_STR00294,Y_U0056,Y0032,2026-02-10 01:54:48.269886,92
Y_STR00295,Y_U0038,Y0040,2026-03-01 07:20:21.897740,107
Y_STR00296,Y_U0097,Y0033,2026-02-14 15:41:56.226825,65
Y_STR00297,Y_U0073,Y0045,2026-02-26 18:29:08.519248,150
Y_STR00298,Y_U0015,Y0027,2026-02-10 09:14:34.312345,221
Y_STR00299,Y_U0013,Y0014,2026-01-31 15:37:50.774030,40
Y_STR00300,Y_U0018,Y0047,2026-02-10 22:52:50.687088,238
Y_STR00301,Y_U0009,Y0049,2026-02-23 12:33:10.934018,47
Y_STR00302,Y_U0025,Y0050,2026-02-04 05:54:36.096002,269
Y_STR00303,Y_U0019,Y0043,2026-03-02 10:28:20.810503,13
Y_STR00304,Y_U0036,Y0010,2026-02-28 07:18:26.913437,71
Y_STR00305,Y_U0040,Y0040,2026-02-07 14:39:28.758519,98
Y_STR00306,Y_U0066,Y0041,2026-02-09 14:21:11.680018,173
Y_STR00307,Y_U0010,Y0040,2026-03-01 05:28:35.117142,77
Y_STR00308,Y_U0035,Y0030,2026-02-15 16:13:27.552755,91
Y_STR00309,Y_U0048,Y0019,2026-02-12 19:25:27.424275,80
Y_STR00310,Y_U0068,Y0008,2026-02-06 06:02:45.207106,275
Y_STR00311,Y_U0069,Y0037,2026-02-20 06:09:23.210818,141
Y_STR00312,Y_U0083,Y0037,2026-02-06 08:47:56.856649,74
Y_STR00313,Y_U0030,Y0011,2026-02-26 17:54:06.998596,255
Y_STR00314,Y_U0063,Y0039,2026-02-15 06:28:54.404982,70
Y_STR00315,Y_U0009,Y0030,2026-03-02 04:01:07.278414,105
Y_STR00316,Y_U0029,Y0044,2026-02-06 16:37:15.214168,12
Y_STR00317,Y_U0090,Y0009,2026-02-06 13:18:40.677089,98
Y_STR00318,Y_U0038,Y0035,2026-02-27 08:50:32.542180,322
Y_STR00319,Y_U0006,Y0036,2026-02-10 08:15:18.239461,210
Y_STR00320,Y_U0018,Y0026,2026-02-28 15:06:57.851381,25
Y_STR00321,Y_U0035,Y0027,2026-02-22 19:53:25.031181,123
Y_STR00322,Y_U0062,Y0027,2026-02-11 21:08:21.385100,143
Y_STR00323,Y_U0064,Y0037,2026-02-15 12:05:38.607012,125
Y_STR00324,Y_U0012,Y0027,2026-02-07 00:17:26.104828,242
Y_STR00325,Y_U0075,Y0045,2026-02-18 20:58:13.145215,43
Y_STR00326,Y_U0064,Y0033,2026-02-11 11:23:10.590416,88
Y_STR00327,Y_U0005,Y0033,2026-02-06 17:08:21.013862,147
Y_STR00328,Y_U0010,Y0015,2026-02-14 20:33:10.475039,251
Y_STR00329,Y_U0070,Y0032,2026-02-25 12:35:05.703270,197
Y_STR00330,Y_U0051,Y0040,2026-02-24 04:55:49.935863,116
Y_STR00331,Y_U0051,Y0028,2026-02-04 06:32:36.187137,184
Y_STR00332,Y_U0032,Y0042,2026-02-05 07:49:13.893360,94
Y_STR00333,Y_U0029,Y0007,2026-02-24 17:19:39.748414,277
Y_STR00334,Y_U0030,Y0041,2026-02-26 05:46:06.681456,257
Y_STR00335,Y_U0088,Y0043,2026-02-22 11:23:50.533430,158
Y_STR00336,Y_U0031,Y0040,2026-02-14 06:24:47.010634,113
Y_STR00337,Y_U0073,Y0011,2026-02-01 01:34:12.905243,159
Y_STR00338,Y_U0061,Y0044,2026-02-15 06:43:46.687605,61
Y_STR00339,Y_U0062,Y0035,2026-02-17 03:38:52.804346,153
Y_STR00340,Y_U0015,Y0032,2026-02-02 14:46:31.042251,23
Y_STR00341,Y_U0030,Y0034,2026-01-31 16:46:46.522087,113
Y_STR00342,Y_U0100,Y0037,2026-02-08 18:46:18.668395,87
Y_STR00343,Y_U0015,Y0017,2026-02-21 04:06:22.217285,84
Y_STR00344,Y_U0023,Y0011,2026-01-31 14:48:31.559620,195
Y_STR00345,Y_U0012,Y0041,2026-02-25 14:54:46.375034,233
Y_STR00346,Y_U0092,Y0029,2026-02-27 06:46:46.477529,83
Y_STR00347,Y_U0019,Y0007,2026-03-01 17:43:10.960538,184
Y_STR00348,Y_U0056,Y0034,2026-02-22 12:30:33.442333,83
Y_STR00349,Y_U0033,Y0036,2026-01-31 18:50:27.715984,249
Y_STR00350,Y_U0054,Y0050,2026-02-01 00:15:13.310967,120
Y_STR00351,Y_U0032,Y0015,2026-02-27 14:32:18.567115,143
Y_STR00352,Y_U0056,Y0040,2026-02-06 15:30:11.207307,121
Y_STR00353,Y_U0077,Y0038,2026-02-25 22:51:54.819615,91
Y_STR00354,Y_U0015,Y0044,2026-02-24 22:24:31.699986,189
Y_STR00355,Y_U0073,Y0050,2026-02-22 19:11:36.609481,276
Y_STR00356,Y_U0018,Y0013,2026-01-31 13:51:08.317571,103
Y_STR00357,Y_U0073,Y0046,2026-02-22 17:46:51.276474,18
Y_STR00358,Y_U0029,Y0043,2026-02-06 20:56:26.950427,47
Y_STR00359,Y_U0092,Y0033,2026-02-27 02:10:18.854910,116
Y_STR00360,Y_U0088,Y0039,2026-02-21 00:33:34.110853,126
Y_STR00361,Y_U0033,Y0028,2026-02-28 15:46:33.745239,26
Y_STR00362,Y_U0098,Y0027,2026-02-26 09:37:19.456313,5
Y_STR00363,Y_U0019,Y0030,2026-02-11 05:01:24.155711,30
Y_STR00364,Y_U0066,Y0030,2026-02-12 22:53:12.174656,67
Y_STR00365,Y_U0074,Y0039,2026-02-19 08:42:10.136625,99
Y_STR00366,Y_U0007,Y0046,2026-02-02 20:53:18.967611,136
Y_STR00367,Y_U0032,Y0031,2026-02-10 18:41:31.934720,12
Y_STR00368,Y_U0087,Y0021,2026-02-18 00:47:44.546408,29
Y_STR00369,Y_U0033,Y0046,2026-03-01 11:50:54.900880,185
Y_STR00370,Y_U0086,Y0037,2026-02-28 12:18:38.273758,108
Y_STR00371,Y_U0092,Y0044,2026-02-16 17:37:15.593457,252
Y_STR00372,Y_U0025,Y0031,2026-02-24 18:40:23.914132,45
Y_STR00373,Y_U0085,Y0032,2026-02-12 07:57:49.620613,225
Y_STR00374,Y_U0001,Y0046,2026-02-22 16:47:04.353149,119
Y_STR00375,Y_U0051,Y0033,2026-02-24 20:49:31.406380,44
Y_STR00376,Y_U0004,Y0042,2026-02-16 07:18:47.528945,63
Y_STR00377,Y_U0059,Y0042,2026-02-21 15:58:37.318604,64
Y_STR00378,Y_U0091,Y0013,2026-02-24 15:46:24.908253,38
Y_STR00379,Y_U0073,Y0047,2026-02-12 20:51:45.671620,218
Y_STR00380,Y_U0097,Y0043,2026-02-26 19:02:17.711039,94
Y_STR00381,Y_U0039,Y0050,2026-02-06 16:44:24.367385,5
Y_STR00382,Y_U0038,Y0026,2026-02-19 22:43:34.001178,116
Y_STR00383,Y_U0052,Y0034,2026-02-13 14:35:31.680229,98
Y_STR00384,Y_U0085,Y0012,2026-02-27 23:22:51.416874,56
Y_STR00385,Y_U0054,Y0031,2026-02-23 02:05:36.993587,96
Y_STR00386,Y_U0074,Y0047,2026-02-28 06:41:25.073650,108
Y_STR00387,Y_U0076,Y0028,2026-02-15 12:25:26.466750,203
Y_STR00388,Y_U0018,Y0006,2026-03-01 00:52:28.624141,340
Y_STR00389,Y_U0086,Y0014,2026-03-01 20:08:25.834874,98
Y_STR00390,Y_U0003,Y0048,2026-02-15 06:29:43.770678,102
Y_STR00391,Y_U0100,Y0046,2026-02-21 19:05:03.928607,60
Y_STR00392,Y_U0014,Y0019,2026-02-14 23:14:09.882832,213
Y_STR00393,Y_U0052,Y0047,2026-02-26 07:30:49.672317,46
Y_STR00394,Y_U0012,Y0011,2026-02-03 15:24:11.491253,185
Y_STR00395,Y_U0089,Y0034,2026-02-12 21:15:25.102510,81
Y_STR00396,Y_U0023,Y0037,2026-02-21 14:51:57.592243,149
Y_STR00397,Y_U0032,Y0028,2026-02-01 17:54:21.704519,212
Y_STR00398,Y_U0069,Y0037,2026-02-01 19:31:15.439574,141
Y_STR00399,Y_U0006,Y0044,2026-02-25 18:41:33.348265,317
Y_STR00400,Y_U0042,Y0046,2026-02-28 18:28:31.849452,113
Y_STR00401,Y_U0003,Y0031,2026-02-26 18:27:51.910094,8
Y_STR00402,Y_U0075,Y0048,2026-02-25 22:23:48.712742,197
Y_STR00403,Y_U0041,Y0049,2026-01-31 23:59:58.311359,7
Y_STR00404,Y_U0030,Y0034,2026-02-20 03:14:12.148166,163
Y_STR00405,Y_U0052,Y0018,2026-02-14 23:15:25.689576,270
Y_STR00406,Y_U0080,Y0021,2026-02-09 20:20:49.757810,153
Y_STR00407,Y_U0073,Y0050,2026-02-22 05:31:15.212801,189
Y_STR00408,Y_U0092,Y0039,2026-02-07 01:53:31.382159,96
Y_STR00409,Y_U0100,Y0023,2026-02-10 05:27:03.073269,38
Y_STR00410,Y_U0026,Y0047,2026-02-28 03:16:58.215758,132
Y_STR00411,Y_U0076,Y0019,2026-02-16 13:03:35.075544,86
Y_STR00412,Y_U0028,Y0031,2026-02-06 21:54:15.284526,49
Y_STR00413,Y_U0012,Y0032,2026-02-08 04:12:34.295102,155
Y_STR00414,Y_U0036,Y0035,2026-02-19 21:15:32.771786,51
Y_STR00415,Y_U0100,Y0032,2026-02-19 23:16:15.948648,171
Y_STR00416,Y_U0072,Y0030,2026-02-02 04:36:51.006369,61
Y_STR00417,Y_U0033,Y0011,2026-02-11 12:07:31.057192,172
Y_STR00418,Y_U0008,Y0043,2026-02-15 02:07:08.973829,123
Y_STR00419,Y_U0008,Y0007,2026-02-01 15:31:52.291087,83
Y_STR00420,Y_U0044,Y0044,2026-02-26 20:40:37.591783,107
Y_STR00421,Y_U0081,Y0050,2026-02-14 03:58:50.252253,119
Y_STR00422,Y_U0091,Y0042,2026-02-19 21:07:22.080295,161
Y_STR00423,Y_U0013,Y0015,2026-02-08 06:09:26.835069,29
Y_STR00424,Y_U0009,Y0027,2026-02-20 03:08:35.224057,35
Y_STR00425,Y_U0026,Y0037,2026-02-20 06:23:37.474485,13
Y_STR00426,Y_U0069,Y0048,2026-02-23 17:39:47.345452,270
Y_STR00427,Y_U0007,Y0047,2026-02-14 20:18:55.212933,53
Y_STR00428,Y_U0094,Y0027,2026-02-07 15:13:35.192412,86
Y_STR00429,Y_U0080,Y0034,2026-02-03 23:38:22.431041,175
Y_STR00430,Y_U0041,Y0022,2026-02-28 05:47:22.068688,173
Y_STR00431,Y_U0067,Y0049,2026-02-22 10:57:22.898359,27
Y_STR00432,Y_U0039,Y0027,2026-02-09 20:59:32.245218,80
Y_STR00433,Y_U0091,Y0021,2026-02-01 03:19:01.774145,180
Y_STR00434,Y_U0073,Y0024,2026-02-13 16:11:01.220546,326
Y_STR00435,Y_U0050,Y0034,2026-02-15 11:42:00.970314,105
Y_STR00436,Y_U0017,Y0019,2026-02-11 18:40:14.130916,137
Y_STR00437,Y_U0029,Y0026,2026-02-20 12:51:46.697144,241
Y_STR00438,Y_U0033,Y0042,2026-02-02 08:32:32.375355,26
Y_STR00439,Y_U0005,Y0045,2026-02-09 00:49:21.638480,50
Y_STR00440,Y_U0005,Y0013,2026-02-06 06:51:05.160252,187
Y_STR00441,Y_U0054,Y0031,2026-02-25 00:07:13.534352,96
Y_STR00442,Y_U0018,Y0036,2026-02-02 03:31:29.818303,298
Y_STR00443,Y_U0083,Y0018,2026-02-15 09:24:05.443574,238
Y_STR00444,Y_U0006,Y0036,2026-02-26 02:33:46.962548,171
Y_STR00445,Y_U0089,Y0035,2026-02-12 08:29:52.886305,70
Y_STR00446,Y_U0018,Y0045,2026-02-18 01:47:45.240745,168
Y_STR00447,Y_U0094,Y0007,2026-02-08 12:16:41.646575,86
Y_STR00448,Y_U0032,Y0033,2026-02-17 02:54:33.665067,97
Y_STR00449,Y_U0092,Y0017,2026-02-27 11:39:19.904297,84
Y_STR00450,Y_U0100,Y0048,2026-02-21 17:36:07.571859,193
Y_STR00451,Y_U0099,Y0017,2026-02-07 06:06:13.187508,61
Y_STR00452,Y_U0086,Y0042,2026-02-06 05:23:35.167274,17
Y_STR00453,Y_U0024,Y0048,2026-02-15 06:52:35.289359,102
Y_STR00454,Y_U0045,Y0050,2026-02-28 16:23:34.444461,45
Y_STR00455,Y_U0004,Y0043,2026-02-28 22:05:02.919743,11
Y_STR00456,Y_U0040,Y0038,2026-02-18 09:51:41.447181,20
Y_STR00457,Y_U0062,Y0022,2026-02-11 15:21:32.277231,25
Y_STR00458,Y_U0016,Y0048,2026-02-21 14:42:03.017374,142
Y_STR00459,Y_U0099,Y0041,2026-02-08 22:01:21.782272,242
Y_STR00460,Y_U0038,Y0039,2026-02-27 05:22:44.864674,181
Y_STR00461,Y_U0081,Y0038,2026-02-08 16:05:14.209917,54
Y_STR00462,Y_U0080,Y0043,2026-02-16 00:54:39.007328,44
Y_STR00463,Y_U0060,Y0023,2026-02-15 22:44:09.763737,115
Y_STR00464,Y_U0029,Y0025,2026-02-15 11:08:06.445363,81
Y_STR00465,Y_U0099,Y0024,2026-02-01 20:03:17.559550,319
Y_STR00466,Y_U0073,Y0050,2026-02-20 17:27:45.489048,271
Y_STR00467,Y_U0034,Y0043,2026-02-21 15:31:51.712039,162
Y_STR00468,Y_U0017,Y0024,2026-02-03 13:33:48.669185,218
Y_STR00469,Y_U0068,Y0036,2026-03-02 01:01:52.015676,127
Y_STR00470,Y_U0016,Y0026,2026-02-01 17:39:17.471606,65
Y_STR00471,Y_U0096,Y0033,2026-03-01 10:41:07.311759,80
Y_STR00472,Y_U0064,Y0049,2026-02-28 18:41:28.975067,52
Y_STR00473,Y_U0002,Y0037,2026-02-19 04:01:00.095065,42
Y_STR00474,Y_U0021,Y0013,2026-02-23 04:15:57.547966,132
Y_STR00475,Y_U0030,Y0037,2026-02-19 18:59:24.384944,20
Y_STR00476,Y_U0099,Y0029,2026-02-04 17:13:37.419656,281
Y_STR00477,Y_U0072,Y0016,2026-02-23 13:11:26.921301,48
Y_STR00478,Y_U0010,Y0012,2026-02-05 17:07:48.483458,267
Y_STR00479,Y_U0076,Y0018,2026-02-06 07:24:57.692888,101
Y_STR00480,Y_U0066,Y0038,2026-03-01 10:19:56.103626,134
Y_STR00481,Y_U0031,Y0029,2026-02-01 02:34:20.460945,194
Y_STR00482,Y_U0024,Y0028,2026-02-11 03:34:34.208785,144
Y_STR00483,Y_U0074,Y0040,2026-03-01 09:51:57.104160,97
Y_STR00484,Y_U0009,Y0018,2026-02-09 11:36:11.159922,160
Y_STR00485,Y_U0050,Y0021,2026-02-05 22:27:22.832196,262
Y_STR00486,Y_U0069,Y0037,2026-02-13 01:26:31.187201,51
Y_STR00487,Y_U0083,Y0044,2026-02-26 05:33:37.387215,131
Y_STR00488,Y_U0086,Y0008,2026-02-06 01:44:22.769695,75
Y_STR00489,Y_U0089,Y0033,2026-02-10 16:10:56.005370,17
Y_STR00490,Y_U0072,Y0028,2026-02-21 09:50:17.721072,31
Y_STR00491,Y_U0035,Y0036,2026-02-13 17:31:08.848329,145
Y_STR00492,Y_U0003,Y0040,2026-02-09 15:17:44.656298,80
Y_STR00493,Y_U0081,Y0021,2026-02-17 11:44:04.653631,274
Y_STR00494,Y_U0095,Y0044,2026-03-01 23:21:28.516996,178
Y_STR00495,Y_U0051,Y0022,2026-02-09 14:49:48.100893,215
Y_STR00496,Y_U0087,Y0044,2026-02-17 05:44:46.550483,229
Y_STR00497,Y_U0092,Y0025,2026-02-05 10:47:42.606149,174
Y_STR00498,Y_U0037,Y0021,2026-02-13 00:53:19.246421,278
Y_STR00499,Y_U0040,Y0049,2026-02-20 09:10:43.536112,104
Y_STR00500,Y_U0048,Y0020,2026-02-28 04:46:40.322846,103
Y_STR00501,Y_U0038,Y0049,2026-02-02 14:56:58.485880,27
Y_STR00502,Y_U0005,Y0049,2026-02-25 06:32:58.463746,14
Y_STR00503,Y_U0035,Y0027,2026-02-12 22:31:58.474338,92
Y_STR00504,Y_U0024,Y0050,2026-02-05 01:40:36.769709,286
Y_STR00505,Y_U0095,Y0031,2026-01-31 17:43:37.054051,143
Y_STR00506,Y_U0096,Y0024,2026-02-12 19:23:30.047041,111
Y_STR00507,Y_U0095,Y0018,2026-03-01 04:09:42.693282,103
Y_STR00508,Y_U0024,Y0035,2026-02-05 02:39:55.746847,178
Y_STR00509,Y_U0017,Y0031,2026-02-21 11:41:56.031792,146
Y_STR00510,Y_U0044,Y0039,2026-02-28 01:00:11.583387,109
Y_STR00511,Y_U0049,Y0043,2026-02-18 22:45:31.181384,40
Y_STR00512,Y_U0069,Y0008,2026-02-18 21:43:58.577581,253
Y_STR00513,Y_U0065,Y0038,2026-02-03 11:38:20.934479,151
Y_STR00514,Y_U0031,Y0011,2026-02-28 17:33:02.477864,158
Y_STR00515,Y_U0075,Y0048,2026-02-15 09:32:15.616148,199
Y_STR00516,Y_U0006,Y0029,2026-02-16 18:40:24.357541,62
Y_STR00517,Y_U0054,Y0032,2026-02-25 16:10:18.207669,279
Y_STR00518,Y_U0012,Y0029,2026-02-10 15:38:30.610014,117
Y_STR00519,Y_U0047,Y0046,2026-02-05 13:56:19.294339,102
Y_STR00520,Y_U0028,Y0023,2026-02-14 20:49:56.784732,218
Y_STR00521,Y_U0062,Y0033,2026-02-22 18:45:01.294408,142
Y_STR00522,Y_U0091,Y0046,2026-02-26 12:20:05.291882,103
Y_STR00523,Y_U0052,Y0046,2026-02-27 19:18:27.933969,192
Y_STR00524,Y_U0092,Y0013,2026-02-01 21:01:24.623054,134
Y_STR00525,Y_U0065,Y0047,2026-02-09 02:02:35.226940,70
Y_STR00526,Y_U0072,Y0032,2026-02-07 10:59:56.608334,143
Y_STR00527,Y_U0042,Y0049,2026-02-26 20:40:59.449031,42
Y_STR00528,Y_U0006,Y0048,2026-01-31 15:28:25.139367,273
Y_STR00529,Y_U0063,Y0040,2026-02-21 06:15:11.585753,90
Y_STR00530,Y_U0038,Y0030,2026-02-17 10:51:27.722859,103
Y_STR00531,Y_U0091,Y0041,2026-03-01 11:20:37.484914,97
Y_STR00532,Y_U0010,Y0046,2026-02-13 08:47:32.210521,55
Y_STR00533,Y_U0012,Y0030,2026-02-04 09:58:35.665626,6
Y_STR00534,Y_U0090,Y0033,2026-02-21 19:20:38.783659,19
Y_STR00535,Y_U0020,Y0050,2026-02-02 14:06:38.273258,27
Y_STR00536,Y_U0047,Y0048,2026-02-22 22:12:05.003849,198
Y_STR00537,Y_U0033,Y0028,2026-02-27 18:45:50.381086,192
Y_STR00538,Y_U0090,Y0020,2026-02-12 16:53:53.463057,40
Y_STR00539,Y_U0091,Y0043,2026-02-06 04:15:01.541099,95
Y_STR00540,Y_U0078,Y0035,2026-02-10 07:07:16.706925,199
Y_STR00541,Y_U0023,Y0040,2026-02-17 00:11:27.172303,39
Y_STR00542,Y_U0066,Y0043,2026-02-14 19:03:47.036414,90
Y_STR00543,Y_U0087,Y0019,2026-02-01 08:45:48.136588,32
Y_STR00544,Y_U0082,Y0032,2026-02-08 10:04:44.629692,178
Y_STR00545,Y_U0045,Y0030,2026-02-05 04:33:37.126926,64
Y_STR00546,Y_U0087,Y0043,2026-02-16 10:03:04.966037,159
Y_STR00547,Y_U0028,Y0017,2026-02-20 00:31:23.761933,85
Y_STR00548,Y_U0077,Y0028,2026-02-18 06:15:23.521303,13
Y_STR00549,Y_U0008,Y0047,2026-02-14 17:20:22.061468,140
Y_STR00550,Y_U0074,Y0026,2026-02-07 21:52:02.868927,90
Y_STR00551,Y_U0055,Y0030,2026-02-15 19:00:31.652787,147
Y_STR00552,Y_U0049,Y0034,2026-02-19 02:09:16.475184,227
Y_STR00553,Y_U0087,Y0047,2026-02-05 20:29:53.341837,21
Y_STR00554,Y_U0059,Y0048,2026-02-11 07:56:55.352323,123
Y_STR00555,Y_U0075,Y0046,2026-02-21 03:52:29.039285,87
Y_STR00556,Y_U0037,Y0047,2026-03-01 19:13:07.340113,73
Y_STR00557,Y_U0060,Y0026,2026-02-19 19:41:54.206669,250
Y_STR00558,Y_U0071,Y0045,2026-02-10 20:04:40.411733,17
Y_STR00559,Y_U0069,Y0039,2026-02-22 15:07:12.560940,193
Y_STR00560,Y_U0076,Y0026,2026-02-25 08:55:10.594754,195
Y_STR00561,Y_U0004,Y0025,2026-02-08 07:57:20.527041,97
Y_STR00562,Y_U0042,Y0012,2026-02-10 22:25:05.365162,82
Y_STR00563,Y_U0074,Y0049,2026-02-15 14:04:02.525548,55
Y_STR00564,Y_U0091,Y0030,2026-02-22 08:02:21.004853,10
Y_STR00565,Y_U0008,Y0017,2026-02-04 07:48:32.562885,52
Y_STR00566,Y_U0051,Y0020,2026-02-10 02:06:10.622560,144
Y_STR00567,Y_U0090,Y0015,2026-02-05 23:57:25.377942,72
Y_STR00568,Y_U0076,Y0039,2026-02-24 00:38:55.249260,148
Y_STR00569,Y_U0081,Y0045,2026-02-17 17:19:44.368430,143
Y_STR00570,Y_U0003,Y0022,2026-02-07 02:43:27.893046,226
Y_STR00571,Y_U0010,Y0035,2026-02-26 16:04:32.765402,263
Y_STR00572,Y_U0045,Y0025,2026-02-22 19:09:58.385161,149
Y_STR00573,Y_U0061,Y0050,2026-02-20 19:03:24.053095,83
Y_STR00574,Y_U0023,Y0043,2026-02-21 14:41:28.768759,142
Y_STR00575,Y_U0088,Y0028,2026-02-12 20:58:24.613915,235
Y_STR00576,Y_U0097,Y0042,2026-02-10 14:42:14.201868,197
Y_STR00577,Y_U0004,Y0023,2026-02-02 23:52:44.700586,142
Y_STR00578,Y_U0093,Y0039,2026-02-16 19:21:29.105349,158
Y_STR00579,Y_U0052,Y0044,2026-02-06 15:57:28.666936,282
Y_STR00580,Y_U0012,Y0027,2026-02-02 00:39:29.148487,138
Y_STR00581,Y_U0057,Y0038,2026-02-17 15:20:07.653265,75
Y_STR00582,Y_U0027,Y0041,2026-02-06 17:32:31.258314,5
Y_STR00583,Y_U0028,Y0039,2026-02-21 12:59:18.756154,47
Y_STR00584,Y_U0018,Y0015,2026-02-02 07:40:27.352487,132
Y_STR00585,Y_U0025,Y0018,2026-02-18 14:00:58.373490,8
Y_STR00586,Y_U0085,Y0029,2026-02-23 15:19:47.001314,223
Y_STR00587,Y_U0034,Y0028,2026-02-03 17:01:04.739793,174
Y_STR00588,Y_U0018,Y0042,2026-02-15 19:16:34.265098,136
Y_STR00589,Y_U0080,Y0019,2026-02-20 06:28:57.289218,90
Y_STR00590,Y_U0079,Y0012,2026-02-14 01:26:31.493114,14
Y_STR00591,Y_U0008,Y0050,2026-02-14 06:51:54.311485,73
Y_STR00592,Y_U0005,Y0034,2026-02-19 18:51:46.968651,14
Y_STR00593,Y_U0006,Y0027,2026-02-25 21:22:49.297386,172
Y_STR00594,Y_U0006,Y0048,2026-02-05 07:33:32.041671,98
Y_STR00595,Y_U0080,Y0034,2026-02-28 15:45:19.942169,156
Y_STR00596,Y_U0055,Y0028,2026-02-21 15:36:30.627108,263
Y_STR00597,Y_U0044,Y0049,2026-02-12 02:30:21.911616,108
Y_STR00598,Y_U0065,Y0049,2026-02-08 23:34:35.489348,64
Y_STR00599,Y_U0050,Y0045,2026-02-18 12:02:40.613778,140
Y_STR00600,Y_U0028,Y0039,2026-02-04 10:46:56.801264,257
Y_STR00601,Y_U0027,Y0040,2026-02-09 18:26:38.165346,8
Y_STR00602,Y_U0042,Y0045,2026-02-27 04:19:16.574477,185
Y_STR00603,Y_U0011,Y0021,2026-02-22 01:25:19.957878,121
Y_STR00604,Y_U0053,Y0007,2026-02-21 11:36:29.852457,225
Y_STR00605,Y_U0073,Y0035,2026-02-14 15:12:46.962718,10
Y_STR00606,Y_U0053,Y0049,2026-02-24 04:25:50.872244,56
Y_STR00607,Y_U0045,Y0043,2026-02-16 07:05:45.555017,11
Y_STR00608,Y_U0058,Y0023,2026-02-16 23:55:45.854012,203
Y_STR00609,Y_U0013,Y0050,2026-02-09 09:36:02.459314,46
Y_STR00610,Y_U0035,Y0048,2026-02-13 10:16:21.598177,72
Y_STR00611,Y_U0086,Y0035,2026-02-20 12:59:25.083833,7
Y_STR00612,Y_U0018,Y0036,2026-02-10 01:51:28.990744,293
Y_STR00613,Y_U0003,Y0024,2026-02-20 19:30:10.183027,160
Y_STR00614,Y_U0001,Y0037,2026-02-15 12:21:28.557318,47
Y_STR00615,Y_U0032,Y0043,2026-02-28 20:04:34.618680,120
Y_STR00616,Y_U0062,Y0006,2026-02-23 05:17:42.922030,260
Y_STR00617,Y_U0094,Y0048,2026-02-24 10:22:56.128187,212
Y_STR00618,Y_U0057,Y0039,2026-02-03 05:10:09.170049,60
Y_STR00619,Y_U0098,Y0041,2026-02-25 21:11:11.283262,127
Y_STR00620,Y_U0002,Y0008,2026-02-04 02:32:05.116910,116
Y_STR00621,Y_U0097,Y0018,2026-03-01 05:06:05.049984,278
Y_STR00622,Y_U0086,Y0048,2026-02-18 21:13:00.323038,69
Y_STR00623,Y_U0034,Y0030,2026-02-08 15:28:39.535528,42
Y_STR00624,Y_U0002,Y0036,2026-02-11 01:54:29.511468,231
Y_STR00625,Y_U0074,Y0037,2026-02-14 04:33:01.962038,106
Y_STR00626,Y_U0045,Y0034,2026-02-11 10:23:54.458719,151
Y_STR00627,Y_U0083,Y0043,2026-03-01 18:11:12.158110,136
Y_STR00628,Y_U0067,Y0018,2026-02-21 17:52:02.964116,209
Y_STR00629,Y_U0061,Y0041,2026-02-09 14:01:56.488096,18
Y_STR00630,Y_U0041,Y0026,2026-02-28 06:38:41.428591,263
Y_STR00631,Y_U0039,Y0022,2026-02-22 17:06:10.310020,137
Y_STR00632,Y_U0048,Y0045,2026-02-21 16:59:28.384786,166
Y_STR00633,Y_U0043,Y0045,2026-02-25 09:16:31.992817,103
Y_STR00634,Y_U0039,Y0003,2026-02-25 02:22:24.362828,125
Y_STR00635,Y_U0064,Y0019,2026-02-07 13:15:21.462343,319
Y_STR00636,Y_U0008,Y0009,2026-02-08 17:30:26.698616,42
Y_STR00637,Y_U0022,Y0044,2026-02-11 11:06:07.565860,118
Y_STR00638,Y_U0011,Y0007,2026-02-11 14:54:11.398710,13
Y_STR00639,Y_U0052,Y0003,2026-02-07 07:23:41.179350,30
Y_STR00640,Y_U0051,Y0036,2026-02-03 13:30:49.527141,155
Y_STR00641,Y_U0073,Y0032,2026-02-06 10:20:52.818443,123
Y_STR00642,Y_U0080,Y0010,2026-02-25 18:48:05.779771,33
Y_STR00643,Y_U0028,Y0018,2026-02-21 02:17:10.938124,160
Y_STR00644,Y_U0029,Y0049,2026-02-04 17:08:41.524991,27
Y_STR00645,Y_U0097,Y0037,2026-02-27 07:03:56.648417,68
Y_STR00646,Y_U0062,Y0042,2026-02-23 22:55:49.266783,15
Y_STR00647,Y_U0085,Y0009,2026-02-01 14:09:03.528417,12
Y_STR00648,Y_U0049,Y0028,2026-02-12 20:29:35.375826,228
Y_STR00649,Y_U0022,Y0042,2026-02-27 10:23:21.966866,251
Y_STR00650,Y_U0011,Y0025,2026-02-22 18:59:25.457431,125
Y_STR00651,Y_U0076,Y0044,2026-03-02 05:59:56.338066,47
Y_STR00652,Y_U0060,Y0022,2026-02-12 08:16:34.813443,75
Y_STR00653,Y_U0037,Y0049,2026-02-18 02:53:28.081850,71
Y_STR00654,Y_U0040,Y0041,2026-02-12 01:03:32.603039,174
Y_STR00655,Y_U0085,Y0050,2026-02-28 15:03:27.818295,9
Y_STR00656,Y_U0035,Y0044,2026-02-12 02:04:33.910777,254
Y_STR00657,Y_U0075,Y0044,2026-02-05 04:26:23.757931,282
Y_STR00658,Y_U0026,Y0023,2026-02-21 01:41:32.203260,54
Y_STR00659,Y_U0004,Y0018,2026-03-02 10:40:03.949828,157
Y_STR00660,Y_U0007,Y0038,2026-01-31 19:26:35.230624,189
Y_STR00661,Y_U0001,Y0033,2026-02-19 15:43:41.926335,38
Y_STR00662,Y_U0050,Y0005,2026-03-01 05:58:34.772092,178
Y_STR00663,Y_U0017,Y0036,2026-02-22 18:15:04.326170,289
Y_STR00664,Y_U0013,Y0034,2026-02-26 08:20:25.923998,118
Y_STR00665,Y_U0039,Y0030,2026-02-08 02:52:58.264742,46
Y_STR00666,Y_U0032,Y0043,2026-02-08 12:40:53.861149,150
Y_STR00667,Y_U0098,Y0041,2026-02-06 18:38:20.484123,134
Y_STR00668,Y_U0076,Y0025,2026-02-04 00:33:58.401726,146
Y_STR00669,Y_U0025,Y0010,2026-03-01 05:12:10.664232,213
Y_STR00670,Y_U0075,Y0049,2026-02-16 09:32:51.407704,106
Y_STR00671,Y_U0046,Y0046,2026-02-17 12:36:12.136709,191
Y_STR00672,Y_U0063,Y0038,2026-02-12 06:56:01.683239,15
Y_STR00673,Y_U0092,Y0025,2026-02-10 04:05:43.447313,200
Y_STR00674,Y_U0039,Y0026,2026-02-24 01:44:01.563718,135
Y_STR00675,Y_U0073,Y0015,2026-02-19 18:58:55.978434,250
Y_STR00676,Y_U0034,Y0006,2026-02-16 18:31:39.020527,56
Y_STR00677,Y_U0035,Y0034,2026-02-13 21:48:10.614615,209
Y_STR00678,Y_U0011,Y0048,2026-02-23 12:32:30.802243,161
Y_STR00679,Y_U0073,Y0045,2026-02-01 02:30:35.452966,126
Y_STR00680,Y_U0062,Y0050,2026-02-26 11:33:52.480917,43
Y_STR00681,Y_U0029,Y0006,2026-02-13 13:27:43.844863,65
Y_STR00682,Y_U0092,Y0041,2026-02-08 15:43:37.883676,144
Y_STR00683,Y_U0013,Y0045,2026-02-23 09:26:48.093565,125
Y_STR00684,Y_U0028,Y0036,2026-02-23 16:01:36.081912,32
Y_STR00685,Y_U0027,Y0048,2026-02-28 21:57:19.443207,148
Y_STR00686,Y_U0024,Y0038,2026-02-06 03:25:35.512881,17
Y_STR00687,Y_U0072,Y0007,2026-02-24 12:37:37.138379,26
Y_STR00688,Y_U0001,Y0043,2026-02-24 21:21:35.134106,33
Y_STR00689,Y_U0082,Y0046,2026-02-25 14:19:51.208951,135
Y_STR00690,Y_U0038,Y0022,2026-02-20 02:51:43.058017,29
Y_STR00691,Y_U0051,Y0037,2026-02-01 19:36:02.035985,99
Y_STR00692,Y_U0077,Y0029,2026-02-15 05:18:03.703164,11
Y_STR00693,Y_U0053,Y0044,2026-02-12 14:34:03.846460,54
Y_STR00694,Y_U0079,Y0048,2026-02-14 13:49:41.232296,249
Y_STR00695,Y_U0003,Y0049,2026-02-17 01:46:06.750002,111
Y_STR00696,Y_U0009,Y0034,2026-02-04 21:05:38.273974,17
Y_STR00697,Y_U0017,Y0039,2026-02-21 11:19:12.884630,49
Y_STR00698,Y_U0049,Y0045,2026-02-15 01:31:52.659312,98
Y_STR00699,Y_U0090,Y0047,2026-02-15 18:34:27.489355,93
Y_STR00700,Y_U0036,Y0036,2026-02-10 10:34:04.489845,253
Y_STR00701,Y_U0098,Y0048,2026-02-08 23:08:48.942242,215
Y_STR00702,Y_U0010,Y0040,2026-02-15 23:25:36.385122,54
Y_STR00703,Y_U0048,Y0046,2026-02-12 09:30:51.159060,101
Y_STR00704,Y_U0095,Y0049,2026-02-23 21:21:34.546118,90
Y_STR00705,Y_U0038,Y0049,2026-02-23 00:23:00.839135,101
Y_STR00706,Y_U0053,Y0044,2026-02-13 22:45:36.087157,32
Y_STR00707,Y_U0056,Y0028,2026-02-26 12:09:12.504647,55
Y_STR00708,Y_U0080,Y0046,2026-02-27 21:10:32.543635,179
Y_STR00709,Y_U0015,Y0048,2026-02-09 23:08:34.803120,57
Y_STR00710,Y_U0019,Y0010,2026-02-28 09:54:29.304364,163
Y_STR00711,Y_U0075,Y0041,2026-02-16 22:12:47.414652,192
Y_STR00712,Y_U0087,Y0005,2026-02-06 08:55:21.452668,24
Y_STR00713,Y_U0035,Y0021,2026-02-16 22:54:00.136211,25
Y_STR00714,Y_U0058,Y0019,2026-02-10 01:10:27.913365,59
Y_STR00715,Y_U0024,Y0046,2026-02-13 11:37:10.006069,191
Y_STR00716,Y_U0002,Y0042,2026-02-06 21:31:32.534053,96
Y_STR00717,Y_U0097,Y0027,2026-02-13 21:14:36.918136,101
Y_STR00718,Y_U0047,Y0023,2026-02-24 05:39:02.301752,227
Y_STR00719,Y_U0095,Y0035,2026-02-06 19:23:49.869434,139
Y_STR00720,Y_U0035,Y0030,2026-03-01 14:49:19.480096,146
Y_STR00721,Y_U0077,Y0044,2026-03-01 08:15:12.984947,237
Y_STR00722,Y_U0033,Y0015,2026-02-27 20:54:40.778364,257
Y_STR00723,Y_U0080,Y0035,2026-03-01 03:45:46.673084,111
Y_STR00724,Y_U0055,Y0027,2026-02-25 23:00:00.276758,99
Y_STR00725,Y_U0050,Y0050,2026-02-01 21:17:13.225237,12
Y_STR00726,Y_U0007,Y0031,2026-02-06 18:42:01.188248,22
Y_STR00727,Y_U0075,Y0037,2026-02-19 17:27:44.674007,145
Y_STR00728,Y_U0091,Y0045,2026-02-07 18:57:16.452965,142
Y_STR00729,Y_U0011,Y0020,2026-02-06 15:56:55.318332,78
Y_STR00730,Y_U0009,Y0029,2026-02-09 01:22:31.790991,141
Y_STR00731,Y_U0058,Y0046,2026-02-06 20:22:15.841328,59
Y_STR00732,Y_U0005,Y0024,2026-02-02 13:23:08.146725,267
Y_STR00733,Y_U0002,Y0047,2026-02-27 17:19:28.250084,114
Y_STR00734,Y_U0041,Y0037,2026-02-16 02:40:43.605780,108
Y_STR00735,Y_U0097,Y0019,2026-02-23 08:51:34.284970,59
Y_STR00736,Y_U0004,Y0014,2026-02-06 03:56:46.370764,276
Y_STR00737,Y_U0003,Y0018,2026-02-04 02:51:24.383602,21
Y_STR00738,Y_U0095,Y0034,2026-02-28 23:24:01.730949,23
Y_STR00739,Y_U0023,Y0040,2026-03-01 04:58:51.869835,33
Y_STR00740,Y_U0095,Y0039,2026-02-24 09:49:13.655891,240
Y_STR00741,Y_U0060,Y0015,2026-02-24 10:19:11.425197,192
Y_STR00742,Y_U0007,Y0048,2026-02-16 08:25:37.567117,169
Y_STR00743,Y_U0076,Y0028,2026-02-16 19:47:19.095677,122
Y_STR00744,Y_U0033,Y0039,2026-02-09 05:55:47.598933,165
Y_STR00745,Y_U0009,Y0017,2026-02-06 13:05:59.948514,47
Y_STR00746,Y_U0007,Y0048,2026-02-16 18:46:52.260639,27
Y_STR00747,Y_U0034,Y0033,2026-02-24 04:41:35.148496,149
Y_STR00748,Y_U0051,Y0034,2026-02-04 18:10:51.225981,37
Y_STR00749,Y_U0076,Y0044,2026-02-16 17:10:48.530749,93
Y_STR00750,Y_U0050,Y0035,2026-02-20 03:45:13.835528,152
Y_STR00751,Y_U0043,Y0035,2026-02-25 11:05:51.731937,232
Y_STR00752,Y_U0082,Y0021,2026-02-11 12:12:23.436080,87
Y_STR00753,Y_U0068,Y0046,2026-02-09 15:41:55.216541,188
Y_STR00754,Y_U0094,Y0013,2026-02-09 01:06:59.175051,107
Y_STR00755,Y_U0056,Y0032,2026-02-06 22:44:41.316145,19
Y_STR00756,Y_U0002,Y0004,2026-02-21 03:52:19.376057,205
Y_STR00757,Y_U0075,Y0040,2026-02-23 10:42:58.485823,107
Y_STR00758,Y_U0076,Y0049,2026-03-02 04:45:00.267282,22
Y_STR00759,Y_U0031,Y0050,2026-02-15 09:27:23.022389,211
Y_STR00760,Y_U0099,Y0013,2026-02-12 20:39:49.728705,158
Y_STR00761,Y_U0100,Y0036,2026-02-03 16:08:14.553914,344
Y_STR00762,Y_U0098,Y0041,2026-02-08 12:58:41.558447,67
Y_STR00763,Y_U0091,Y0049,2026-02-04 17:31:55.829074,95
Y_STR00764,Y_U0047,Y0034,2026-02-01 16:09:12.674802,201
Y_STR00765,Y_U0026,Y0050,2026-02-24 20:02:11.673608,268
Y_STR00766,Y_U0096,Y0037,2026-02-09 22:29:30.081739,17
Y_STR00767,Y_U0008,Y0017,2026-02-13 16:20:03.498828,111
Y_STR00768,Y_U0076,Y0046,2026-02-19 11:57:02.529766,30
Y_STR00769,Y_U0085,Y0011,2026-02-03 23:12:40.174720,165
Y_STR00770,Y_U0036,Y0019,2026-02-13 21:11:27.488378,249
Y_STR00771,Y_U0067,Y0029,2026-02-25 15:47:42.843811,58
Y_STR00772,Y_U0059,Y0046,2026-02-21 11:19:38.361775,41
Y_STR00773,Y_U0002,Y0041,2026-02-12 15:08:21.842381,249
Y_STR00774,Y_U0040,Y0037,2026-02-12 18:16:10.050564,142
Y_STR00775,Y_U0017,Y0050,2026-02-26 00:20:55.004990,305
Y_STR00776,Y_U0080,Y0048,2026-02-22 20:51:43.976691,264
Y_STR00777,Y_U0009,Y0043,2026-02-15 05:51:41.621971,135
Y_STR00778,Y_U0036,Y0020,2026-02-08 05:31:03.605619,116
Y_STR00779,Y_U0016,Y0009,2026-02-24 11:31:28.818702,102
Y_STR00780,Y_U0076,Y0042,2026-02-13 04:50:21.712799,111
Y_STR00781,Y_U0072,Y0050,2026-02-11 23:18:03.847334,280
Y_STR00782,Y_U0097,Y0042,2026-02-25 05:30:01.403856,46
Y_STR00783,Y_U0095,Y0033,2026-02-15 18:52:38.522311,50
Y_STR00784,Y_U0017,Y0023,2026-02-18 12:44:24.792390,45
Y_STR00785,Y_U0086,Y0025,2026-02-27 13:25:03.116090,181
Y_STR00786,Y_U0050,Y0050,2026-02-17 04:11:30.954917,231
Y_STR00787,Y_U0051,Y0027,2026-02-13 04:54:58.704207,210
Y_STR00788,Y_U0079,Y0012,2026-02-15 17:18:15.865632,278
Y_STR00789,Y_U0083,Y0035,2026-01-31 15:41:45.053808,297
Y_STR00790,Y_U0047,Y0038,2026-02-11 02:45:41.187844,123
Y_STR00791,Y_U0049,Y0045,2026-02-18 17:17:30.960980,139
Y_STR00792,Y_U0092,Y0023,2026-02-09 13:33:33.924688,43
Y_STR00793,Y_U0066,Y0021,2026-02-05 13:31:20.203630,146
Y_STR00794,Y_U0012,Y0031,2026-02-13 00:30:36.405682,51
Y_STR00795,Y_U0099,Y0026,2026-02-28 15:43:57.056652,219
Y_STR00796,Y_U0001,Y0024,2026-02-24 15:06:23.352258,43
Y_STR00797,Y_U0096,Y0033,2026-02-02 00:02:03.584806,14
Y_STR00798,Y_U0018,Y0046,2026-02-07 18:04:27.351744,105
Y_STR00799,Y_U0083,Y0046,2026-02-06 20:18:19.898877,143
Y_STR00800,Y_U0004,Y0034,2026-02-04 05:05:49.070941,87
Y_STR00801,Y_U0071,Y0048,2026-02-08 21:54:16.248882,90
Y_STR00802,Y_U0049,Y0014,2026-02-02 09:28:10.897503,143
Y_STR00803,Y_U0093,Y0031,2026-02-20 10:04:25.628458,92
Y_STR00804,Y_U0078,Y0041,2026-02-16 07:34:44.355957,48
Y_STR00805,Y_U0015,Y0031,2026-02-20 01:31:25.078758,62
Y_STR00806,Y_U0094,Y0022,2026-02-11 09:38:18.107793,61
Y_STR00807,Y_U0100,Y0034,2026-02-11 00:04:35.104068,8
Y_STR00808,Y_U0019,Y0042,2026-02-26 02:32:32.901329,167
Y_STR00809,Y_U0025,Y0039,2026-02-03 19:34:14.660990,138
Y_STR00810,Y_U0004,Y0050,2026-02-23 21:20:33.930848,234
Y_STR00811,Y_U0081,Y0036,2026-02-21 06:06:11.237280,285
Y_STR00812,Y_U0058,Y0024,2026-02-22 02:43:16.277471,285
Y_STR00813,Y_U0083,Y0038,2026-02-13 09:22:47.643550,37
Y_STR00814,Y_U0059,Y0027,2026-02-08 17:26:26.078600,96
Y_STR00815,Y_U0030,Y0036,2026-02-24 08:36:23.524486,53
Y_STR00816,Y_U0019,Y0044,2026-02-17 01:43:05.562153,94
Y_STR00817,Y_U0004,Y0038,2026-03-02 07:17:46.228319,110
Y_STR00818,Y_U0052,Y0041,2026-02-01 07:03:43.234197,208
Y_STR00819,Y_U0052,Y0037,2026-02-22 15:58:16.496584,107
Y_STR00820,Y_U0012,Y0033,2026-02-23 15:20:42.935088,18
Y_STR00821,Y_U0005,Y0035,2026-02-19 21:30:58.667860,44
Y_STR00822,Y_U0071,Y0035,2026-02-16 16:48:35.812315,278
Y_STR00823,Y_U0087,Y0045,2026-02-15 09:07:58.657160,176
Y_STR00824,Y_U0082,Y0028,2026-02-14 13:02:51.010911,256
Y_STR00825,Y_U0067,Y0030,2026-02-07 05:45:42.117528,40
Y_STR00826,Y_U0037,Y0041,2026-03-01 07:58:09.042743,13
Y_STR00827,Y_U0099,Y0016,2026-02-21 12:50:50.036729,203
Y_STR00828,Y_U0085,Y0037,2026-02-05 01:19:20.383506,75
Y_STR00829,Y_U0024,Y0025,2026-02-01 16:56:04.793644,211
Y_STR00830,Y_U0061,Y0031,2026-02-27 01:54:08.869363,125
Y_STR00831,Y_U0011,Y0036,2026-02-19 06:05:47.972701,250
Y_STR00832,Y_U0013,Y0045,2026-02-12 21:08:39.950520,104
Y_STR00833,Y_U0074,Y0016,2026-02-24 11:48:23.572808,161
Y_STR00834,Y_U0048,Y0024,2026-02-18 04:42:09.696587,215
Y_STR00835,Y_U0051,Y0032,2026-02-14 17:14:29.055999,24
Y_STR00836,Y_U0092,Y0040,2026-02-20 23:17:50.847967,130
Y_STR00837,Y_U0063,Y0040,2026-02-12 09:19:15.720758,78
Y_STR00838,Y_U0011,Y0030,2026-02-11 10:06:40.818839,98
Y_STR00839,Y_U0064,Y0045,2026-02-04 18:48:16.376346,9
Y_STR00840,Y_U0040,Y0022,2026-03-01 15:04:47.047729,11
Y_STR00841,Y_U0076,Y0011,2026-02-11 05:25:58.291566,285
Y_STR00842,Y_U0071,Y0028,2026-02-26 10:08:00.507281,243
Y_STR00843,Y_U0073,Y0036,2026-02-28 00:05:25.532771,319
Y_STR00844,Y_U0023,Y0045,2026-02-17 08:33:43.235279,193
Y_STR00845,Y_U0039,Y0012,2026-02-13 03:09:37.796687,5
Y_STR00846,Y_U0034,Y0040,2026-02-17 03:16:19.759116,97
Y_STR00847,Y_U0046,Y0008,2026-02-25 16:49:54.802468,135
Y_STR00848,Y_U0028,Y0021,2026-02-07 08:31:28.766376,264
Y_STR00849,Y_U0033,Y0043,2026-02-16 19:01:57.897398,66
Y_STR00850,Y_U0066,Y0042,2026-02-12 21:48:50.991874,240
Y_STR00851,Y_U0036,Y0006,2026-02-15 06:49:34.225375,302
Y_STR00852,Y_U0021,Y0049,2026-02-24 18:09:38.218421,13
Y_STR00853,Y_U0094,Y0032,2026-02-28 05:35:59.183041,67
Y_STR00854,Y_U0081,Y0039,2026-02-22 15:27:41.364988,325
Y_STR00855,Y_U0092,Y0043,2026-02-27 11:54:30.182202,131
Y_STR00856,Y_U0025,Y0030,2026-02-16 17:08:45.764133,155
Y_STR00857,Y_U0071,Y0014,2026-02-20 19:06:50.465159,226
Y_STR00858,Y_U0011,Y0045,2026-02-22 15:18:36.975978,103
Y_STR00859,Y_U0058,Y0025,2026-02-16 03:53:50.254540,161
Y_STR00860,Y_U0014,Y0038,2026-02-21 05:17:58.060971,16
Y_STR00861,Y_U0051,Y0048,2026-02-22 13:43:57.331116,32
Y_STR00862,Y_U0020,Y0017,2026-02-13 17:57:08.211773,56
Y_STR00863,Y_U0088,Y0046,2026-02-23 20:31:46.797448,12
Y_STR00864,Y_U0097,Y0044,2026-02-12 18:34:00.577634,186
Y_STR00865,Y_U0006,Y0036,2026-02-21 16:50:19.361678,245
Y_STR00866,Y_U0099,Y0050,2026-02-01 21:49:26.150343,301
Y_STR00867,Y_U0066,Y0027,2026-02-28 09:15:03.511577,32
Y_STR00868,Y_U0013,Y0005,2026-02-16 12:37:23.832507,240
Y_STR00869,Y_U0022,Y0037,2026-02-11 06:53:22.491118,63
Y_STR00870,Y_U0089,Y0018,2026-02-14 16:58:58.228975,122
Y_STR00871,Y_U0095,Y0030,2026-02-26 16:35:47.151933,58
Y_STR00872,Y_U0073,Y0038,2026-02-27 09:12:20.086418,92
Y_STR00873,Y_U0015,Y0041,2026-02-20 23:16:36.216604,170
Y_STR00874,Y_U0046,Y0032,2026-02-11 15:44:40.231703,162
Y_STR00875,Y_U0012,Y0048,2026-02-26 01:43:20.222021,173
Y_STR00876,Y_U0075,Y0022,2026-03-01 01:32:05.697262,203
Y_STR00877,Y_U0022,Y0004,2026-02-24 00:32:11.232234,136
Y_STR00878,Y_U0100,Y0045,2026-02-12 16:04:19.748186,178
Y_STR00879,Y_U0015,Y0045,2026-02-28 05:53:59.325948,7
Y_STR00880,Y_U0002,Y0030,2026-03-01 06:00:05.552194,38
Y_STR00881,Y_U0062,Y0050,2026-02-07 08:26:02.626637,108
Y_STR00882,Y_U0069,Y0022,2026-03-01 05:59:08.379184,225
Y_STR00883,Y_U0049,Y0030,2026-02-27 06:02:26.148183,23
Y_STR00884,Y_U0070,Y0038,2026-02-03 04:30:50.079014,169
Y_STR00885,Y_U0021,Y0045,2026-02-06 03:45:20.383220,89
Y_STR00886,Y_U0065,Y0046,2026-02-10 19:46:15.210534,48
Y_STR00887,Y_U0082,Y0047,2026-02-19 11:41:50.907469,245
Y_STR00888,Y_U0047,Y0022,2026-02-03 06:37:32.550279,152
Y_STR00889,Y_U0071,Y0027,2026-02-07 14:59:47.588691,155
Y_STR00890,Y_U0026,Y0035,2026-02-02 10:55:27.854146,129
Y_STR00891,Y_U0007,Y0040,2026-02-15 20:57:31.379254,100
Y_STR00892,Y_U0047,Y0049,2026-02-28 07:05:53.211385,110
Y_STR00893,Y_U0071,Y0027,2026-02-01 21:27:07.836216,91
Y_STR00894,Y_U0081,Y0016,2026-02-17 05:30:47.949371,14
Y_STR00895,Y_U0015,Y0042,2026-02-06 21:46:32.727506,40
Y_STR00896,Y_U0005,Y0049,2026-02-05 14:13:10.914485,14
Y_STR00897,Y_U0086,Y0050,2026-02-13 08:24:42.497430,69
Y_STR00898,Y_U0041,Y0046,2026-02-27 02:05:36.022207,46
Y_STR00899,Y_U0030,Y0042,2026-02-10 20:44:40.216900,99
Y_STR00900,Y_U0060,Y0038,2026-02-20 01:21:38.098260,83
Y_STR00901,Y_U0069,Y0042,2026-03-01 04:44:13.624917,32
Y_STR00902,Y_U0013,Y0046,2026-02-20 08:16:11.534961,134
Y_STR00903,Y_U0081,Y0031,2026-03-02 05:08:12.487571,8
Y_STR00904,Y_U0061,Y0044,2026-02-17 16:48:55.479908,285
Y_STR00905,Y_U0087,Y0020,2026-02-01 20:31:48.296698,122
Y_STR00906,Y_U0045,Y0046,2026-02-22 21:38:40.203539,154
Y_STR00907,Y_U0096,Y0035,2026-02-22 08:32:45.242729,157
Y_STR00908,Y_U0045,Y0002,2026-02-06 08:55:08.001321,32
Y_STR00909,Y_U0066,Y0020,2026-02-08 10:49:26.677274,99
Y_STR00910,Y_U0014,Y0050,2026-02-16 19:49:55.693159,249
Y_STR00911,Y_U0002,Y0046,2026-02-05 04:03:07.913180,190
Y_STR00912,Y_U0065,Y0007,2026-02-18 11:12:49.831410,263
Y_STR00913,Y_U0058,Y0038,2026-02-07 14:16:54.289859,10
Y_STR00914,Y_U0077,Y0035,2026-02-23 22:42:27.885769,242
Y_STR00915,Y_U0078,Y0041,2026-02-13 05:16:20.884991,33
Y_STR00916,Y_U0097,Y0035,2026-02-16 22:22:19.558811,208
Y_STR00917,Y_U0089,Y0042,2026-02-21 08:23:30.148120,62
Y_STR00918,Y_U0081,Y0041,2026-02-06 02:39:48.165368,45
Y_STR00919,Y_U0093,Y0032,2026-02-21 04:24:55.525311,135
Y_STR00920,Y_U0065,Y0049,2026-02-03 01:03:14.873765,50
Y_STR00921,Y_U0029,Y0044,2026-02-10 20:49:10.607153,217
Y_STR00922,Y_U0071,Y0007,2026-02-05 18:38:29.669883,117
Y_STR00923,Y_U0016,Y0032,2026-02-11 21:24:56.898142,73
Y_STR00924,Y_U0049,Y0047,2026-02-11 23:08:28.678783,113
Y_STR00925,Y_U0059,Y0021,2026-02-10 21:31:56.270521,234
Y_STR00926,Y_U0005,Y0034,2026-02-22 01:45:22.773898,210
Y_STR00927,Y_U0076,Y0031,2026-02-10 15:25:42.169539,30
Y_STR00928,Y_U0079,Y0023,2026-02-06 12:23:03.807860,126
Y_STR00929,Y_U0004,Y0031,2026-02-03 19:19:12.620107,86
Y_STR00930,Y_U0016,Y0036,2026-03-02 07:12:40.290101,71
Y_STR00931,Y_U0056,Y0038,2026-02-11 23:38:13.006564,122
Y_STR00932,Y_U0093,Y0031,2026-02-19 13:20:07.875719,32
Y_STR00933,Y_U0051,Y0041,2026-02-17 14:31:01.715021,238
Y_STR00934,Y_U0098,Y0023,2026-02-19 07:10:30.798779,87
Y_STR00935,Y_U0044,Y0043,2026-02-04 13:49:54.435920,108
Y_STR00936,Y_U0098,Y0041,2026-02-23 02:00:40.036159,169
Y_STR00937,Y_U0002,Y0013,2026-02-17 15:48:41.990774,153
Y_STR00938,Y_U0062,Y0047,2026-02-28 16:29:26.438923,275
Y_STR00939,Y_U0014,Y0031,2026-03-02 00:19:29.123117,135
Y_STR00940,Y_U0070,Y0016,2026-02-27 04:55:40.469447,244
Y_STR00941,Y_U0039,Y0050,2026-03-01 19:22:59.701311,136
Y_STR00942,Y_U0059,Y0048,2026-02-26 02:21:25.859559,109
Y_STR00943,Y_U0039,Y0024,2026-02-02 15:05:50.307168,123
Y_STR00944,Y_U0062,Y0030,2026-02-26 09:29:22.916348,59
Y_STR00945,Y_U0083,Y0042,2026-02-10 12:52:33.020166,225
Y_STR00946,Y_U0100,Y0021,2026-02-26 03:17:13.461190,226
Y_STR00947,Y_U0017,Y0026,2026-02-23 07:23:25.789880,152
Y_STR00948,Y_U0003,Y0034,2026-02-27 03:33:11.287903,98
Y_STR00949,Y_U0090,Y0021,2026-02-01 21:09:49.470784,86
Y_STR00950,Y_U0098,Y0007,2026-02-23 23:44:05.030490,162
Y_STR00951,Y_U0014,Y0015,2026-02-13 09:10:20.657452,111
Y_STR00952,Y_U0087,Y0030,2026-02-26 00:37:59.038995,52
Y_STR00953,Y_U0002,Y0047,2026-02-07 12:48:51.557435,175
Y_STR00954,Y_U0094,Y0024,2026-02-19 20:10:15.103740,216
Y_STR00955,Y_U0021,Y0048,2026-02-11 23:51:18.138989,17
Y_STR00956,Y_U0093,Y0042,2026-02-16 03:04:27.343760,141
Y_STR00957,Y_U0051,Y0034,2026-02-08 13:58:43.302415,10
Y_STR00958,Y_U0037,Y0049,2026-02-01 19:02:43.930727,41
Y_STR00959,Y_U0070,Y0042,2026-02-01 19:24:10.421628,32
Y_STR00960,Y_U0080,Y0050,2026-03-01 22:26:18.096914,331
Y_STR00961,Y_U0022,Y0045,2026-02-19 10:24:11.227030,93
Y_STR00962,Y_U0008,Y0013,2026-02-02 04:46:13.213532,60
Y_STR00963,Y_U0007,Y0037,2026-02-23 00:33:59.600391,84
Y_STR00964,Y_U0020,Y0047,2026-02-26 10:37:22.850950,65
Y_STR00965,Y_U0026,Y0036,2026-02-12 19:46:11.536989,333
Y_STR00966,Y_U0046,Y0026,2026-01-31 20:51:33.239506,66
Y_STR00967,Y_U0036,Y0023,2026-02-18 08:43:24.344537,245
Y_STR00968,Y_U0057,Y0042,2026-02-13 02:39:42.019483,204
Y_STR00969,Y_U0098,Y0017,2026-02-03 03:09:56.264417,27
Y_STR00970,Y_U0060,Y0047,2026-02-07 17:17:33.426576,275
Y_STR00971,Y_U0070,Y0038,2026-02-17 11:56:32.954417,154
Y_STR00972,Y_U0045,Y0016,2026-02-13 22:35:38.393538,205
Y_STR00973,Y_U0072,Y0010,2026-02-16 15:07:57.798812,203
Y_STR00974,Y_U0047,Y0009,2026-02-21 21:55:36.988036,60
Y_STR00975,Y_U0093,Y0049,2026-02-15 05:11:21.750265,101
Y_STR00976,Y_U0014,Y0022,2026-02-18 06:43:37.351351,149
Y_STR00977,Y_U0067,Y0044,2026-02-06 15:44:45.380426,126
Y_STR00978,Y_U0091,Y0044,2026-02-13 18:04:07.665536,151
Y_STR00979,Y_U0037,Y0035,2026-02-23 19:36:32.495532,273
Y_STR00980,Y_U0025,Y0047,2026-02-22 12:30:00.703006,222
Y_STR00981,Y_U0014,Y0040,2026-02-10 18:07:09.143283,73
Y_STR00982,Y_U0024,Y0037,2026-02-03 13:36:54.720120,111
Y_STR00983,Y_U0097,Y0047,2026-02-18 20:57:10.236927,157
Y_STR00984,Y_U0073,Y0038,2026-02-20 16:10:54.303245,162
Y_STR00985,Y_U0032,Y0042,2026-02-05 05:56:21.501833,197
Y_STR00986,Y_U0050,Y0025,2026-02-21 17:26:56.042009,145
Y_STR00987,Y_U0042,Y0045,2026-02-27 00:39:59.558499,9
Y_STR00988,Y_U0093,Y0023,2026-02-09 20:59:35.882854,55
Y_STR00989,Y_U0024,Y0050,2026-02-15 07:35:55.698672,278
Y_STR00990,Y_U0051,Y0041,2026-03-02 07:54:01.983275,141
Y_STR00991,Y_U0076,Y0049,2026-02-04 10:14:06.372638,29
Y_STR00992,Y_U0052,Y0050,2026-02-04 15:17:04.060120,264
Y_STR00993,Y_U0083,Y0032,2026-02-14 07:29:10.091954,23
Y_STR00994,Y_U0027,Y0049,2026-02-10 09:52:52.976911,118
Y_STR00995,Y_U0002,Y0039,2026-02-19 13:02:26.616180,20
Y_STR00996,Y_U0016,Y0022,2026-02-09 18:59:30.085839,215
Y_STR00997,Y_U0026,Y0036,2026-02-27 01:32:35.059095,260
Y_STR00998,Y_U0100,Y0028,2026-02-08 14:54:04.070455,161
Y_STR00999,Y_U0046,Y0042,2026-02-04 04:00:27.622666,50
Y_STR01000,Y_U0026,Y0029,2026-02-06 16:37:40.830542,177
Y_STR01001,Y_U0031,Y0019,2026-02-20 11:07:56.439726,126
Y_STR01002,Y_U0066,Y0045,2026-02-28 23:04:56.662615,171
Y_STR01003,Y_U0087,Y0035,2026-02-22 21:52:59.251560,295
Y_STR01004,Y_U0023,Y0025,2026-02-18 17:00:18.958540,123
Y_STR01005,Y_U0030,Y0016,2026-02-05 19:12:48.910174,28
Y_STR01006,Y_U0054,Y0024,2026-02-14 15:43:50.585979,46
Y_STR01007,Y_U0069,Y0035,2026-02-08 13:28:45.858270,93
Y_STR01008,Y_U0049,Y0048,2026-02-23 12:22:37.704947,269
Y_STR01009,Y_U0083,Y0021,2026-02-26 19:19:11.460132,190
Y_STR01010,Y_U0097,Y0044,2026-02-12 17:50:06.888918,126
Y_STR01011,Y_U0099,Y0031,2026-02-28 01:03:41.782244,111
Y_STR01012,Y_U0009,Y0042,2026-02-05 06:59:22.039331,21
Y_STR01013,Y_U0001,Y0042,2026-02-28 01:15:48.931901,270
Y_STR01014,Y_U0008,Y0007,2026-02-21 11:49:27.748212,167
Y_STR01015,Y_U0036,Y0024,2026-02-04 06:38:29.901479,203
Y_STR01016,Y_U0078,Y0024,2026-02-14 09:43:31.035472,299
Y_STR01017,Y_U0002,Y0030,2026-02-21 13:55:26.285963,98
Y_STR01018,Y_U0025,Y0045,2026-02-04 00:54:00.851295,177
Y_STR01019,Y_U0085,Y0045,2026-02-25 03:13:23.137101,63
Y_STR01020,Y_U0047,Y0028,2026-02-27 09:37:51.700843,142
Y_STR01021,Y_U0001,Y0047,2026-02-24 07:34:31.410695,134
Y_STR01022,Y_U0060,Y0041,2026-02-19 15:18:46.116651,57
Y_STR01023,Y_U0099,Y0029,2026-02-18 06:33:33.966781,193
Y_STR01024,Y_U0010,Y0017,2026-02-15 05:19:10.436172,48
Y_STR01025,Y_U0025,Y0038,2026-02-14 06:08:00.157743,74
Y_STR01026,Y_U0025,Y0050,2026-02-08 10:55:50.339230,69
Y_STR01027,Y_U0078,Y0026,2026-02-20 23:21:32.375970,252
Y_STR01028,Y_U0041,Y0048,2026-02-17 09:52:06.585607,65
Y_STR01029,Y_U0034,Y0020,2026-02-08 23:25:22.268327,66
Y_STR01030,Y_U0090,Y0037,2026-02-28 03:09:22.928483,7
Y_STR01031,Y_U0073,Y0014,2026-02-05 02:47:22.293537,280
Y_STR01032,Y_U0020,Y0043,2026-02-22 02:48:38.606543,127
Y_STR01033,Y_U0037,Y0006,2026-02-27 20:36:03.820132,123
Y_STR01034,Y_U0017,Y0015,2026-03-01 01:13:14.108713,96
Y_STR01035,Y_U0094,Y0039,2026-02-27 16:41:17.658513,71
Y_STR01036,Y_U0072,Y0024,2026-02-01 07:56:40.585407,31
Y_STR01037,Y_U0095,Y0015,2026-02-02 07:13:33.442038,82
Y_STR01038,Y_U0020,Y0012,2026-01-31 21:56:02.795244,217
Y_STR01039,Y_U0070,Y0025,2026-02-05 19:20:03.042377,150
Y_STR01040,Y_U0052,Y0037,2026-02-02 17:56:44.215029,25
Y_STR01041,Y_U0076,Y0034,2026-02-20 08:18:58.688407,187
Y_STR01042,Y_U0089,Y0036,2026-02-07 01:08:14.958897,228
Y_STR01043,Y_U0016,Y0022,2026-02-15 17:44:47.836967,92
Y_STR01044,Y_U0012,Y0033,2026-02-24 15:13:11.493534,91
Y_STR01045,Y_U0099,Y0038,2026-03-02 03:18:23.002084,115
Y_STR01046,Y_U0054,Y0045,2026-02-11 07:30:12.050613,155
Y_STR01047,Y_U0057,Y0018,2026-02-20 09:58:36.755613,242
Y_STR01048,Y_U0019,Y0028,2026-02-12 05:55:02.872761,242
Y_STR01049,Y_U0045,Y0043,2026-02-20 23:24:14.282031,65
Y_STR01050,Y_U0026,Y0037,2026-02-24 12:45:14.920643,122
Y_STR01051,Y_U0032,Y0042,2026-02-10 16:41:18.984519,100
Y_STR01052,Y_U0045,Y0050,2026-02-23 11:28:29.868404,107
Y_STR01053,Y_U0060,Y0026,2026-02-23 15:46:33.733356,41
Y_STR01054,Y_U0067,Y0041,2026-02-04 20:11:01.675002,227
Y_STR01055,Y_U0065,Y0015,2026-01-31 22:46:18.858938,270
Y_STR01056,Y_U0042,Y0039,2026-02-27 06:53:24.376096,247
Y_STR01057,Y_U0002,Y0044,2026-02-01 22:11:18.049772,19
Y_STR01058,Y_U0021,Y0015,2026-02-06 06:40:11.373045,169
Y_STR01059,Y_U0083,Y0050,2026-02-20 19:29:16.500692,257
Y_STR01060,Y_U0062,Y0025,2026-03-01 10:11:24.412609,115
Y_STR01061,Y_U0076,Y0033,2026-02-07 14:19:54.452516,84
Y_STR01062,Y_U0096,Y0047,2026-02-25 10:30:55.616537,261
Y_STR01063,Y_U0060,Y0050,2026-02-19 18:25:09.133912,284
Y_STR01064,Y_U0050,Y0016,2026-02-08 21:26:52.587039,91
Y_STR01065,Y_U0075,Y0046,2026-02-23 15:25:17.305800,140
Y_STR01066,Y_U0085,Y0023,2026-03-01 17:51:14.628324,234
Y_STR01067,Y_U0028,Y0028,2026-02-15 14:25:47.185078,283
Y_STR01068,Y_U0029,Y0018,2026-02-28 21:42:59.715304,254
Y_STR01069,Y_U0083,Y0023,2026-02-09 18:07:17.998162,197
Y_STR01070,Y_U0031,Y0040,2026-01-31 17:18:10.007565,12
Y_STR01071,Y_U0099,Y0036,2026-02-26 04:03:55.787688,277
Y_STR01072,Y_U0096,Y0043,2026-02-12 21:05:11.104180,158
Y_STR01073,Y_U0069,Y0048,2026-02-03 00:22:14.914786,224
Y_STR01074,Y_U0020,Y0011,2026-02-08 16:24:14.598368,26
Y_STR01075,Y_U0091,Y0017,2026-02-05 18:37:58.546058,65
Y_STR01076,Y_U0068,Y0031,2026-02-07 09:08:55.350872,76
Y_STR01077,Y_U0100,Y0048,2026-02-22 00:07:56.811562,120
Y_STR01078,Y_U0093,Y0021,2026-02-15 11:23:29.505778,25
Y_STR01079,Y_U0037,Y0036,2026-02-01 12:55:23.530545,159
Y_STR01080,Y_U0077,Y0023,2026-02-27 14:43:15.804462,48
Y_STR01081,Y_U0089,Y0036,2026-02-16 20:48:44.663898,189
Y_STR01082,Y_U0030,Y0034,2026-02-17 21:16:10.995442,154
Y_STR01083,Y_U0081,Y0048,2026-02-21 02:38:06.326072,127
Y_STR01084,Y_U0002,Y0037,2026-02-21 08:06:28.691351,131
Y_STR01085,Y_U0078,Y0050,2026-02-28 01:02:04.030381,91
Y_STR01086,Y_U0100,Y0032,2026-02-05 14:36:28.807445,189
Y_STR01087,Y_U0038,Y0040,2026-02-26 15:36:59.165636,94
Y_STR01088,Y_U0025,Y0049,2026-02-25 21:09:06.748966,24
Y_STR01089,Y_U0059,Y0030,2026-02-05 15:33:02.036048,77
Y_STR01090,Y_U0013,Y0010,2026-01-31 21:49:40.387684,160
Y_STR01091,Y_U0089,Y0044,2026-02-18 06:47:12.143609,100
Y_STR01092,Y_U0057,Y0044,2026-02-14 01:04:18.290494,284
Y_STR01093,Y_U0015,Y0036,2026-02-18 21:21:24.752845,162
Y_STR01094,Y_U0023,Y0039,2026-02-01 12:23:23.386102,326
Y_STR01095,Y_U0054,Y0048,2026-02-19 13:22:31.444706,164
Y_STR01096,Y_U0081,Y0047,2026-01-31 23:32:19.000430,153
Y_STR01097,Y_U0097,Y0048,2026-02-23 00:02:53.193046,143
Y_STR01098,Y_U0018,Y0011,2026-02-02 22:57:13.192622,68
Y_STR01099,Y_U0015,Y0041,2026-02-21 06:49:14.168914,169
Y_STR01100,Y_U0073,Y0050,2026-02-16 01:39:41.084061,119
Y_STR01101,Y_U0042,Y0036,2026-02-16 21:35:51.902019,313
Y_STR01102,Y_U0077,Y0030,2026-02-10 09:51:39.450195,144
Y_STR01103,Y_U0096,Y0047,2026-02-22 11:56:25.293419,92
Y_STR01104,Y_U0049,Y0008,2026-02-08 22:25:50.375897,76
Y_STR01105,Y_U0077,Y0041,2026-02-18 18:43:14.245897,182
Y_STR01106,Y_U0039,Y0026,2026-02-09 11:24:27.762304,148
Y_STR01107,Y_U0062,Y0016,2026-02-01 06:12:22.262016,195
Y_STR01108,Y_U0004,Y0035,2026-02-13 08:27:44.635188,172
Y_STR01109,Y_U0055,Y0048,2026-02-27 05:26:39.852322,119
Y_STR01110,Y_U0056,Y0034,2026-02-24 19:53:18.664286,219
Y_STR01111,Y_U0100,Y0047,2026-02-15 04:06:00.708692,16
Y_STR01112,Y_U0072,Y0035,2026-02-06 13:36:43.856747,248
Y_STR01113,Y_U0064,Y0023,2026-02-03 09:42:30.435951,197
Y_STR01114,Y_U0073,Y0036,2026-02-04 04:45:37.934017,254
Y_STR01115,Y_U0065,Y0022,2026-02-02 17:50:40.097730,37
Y_STR01116,Y_U0061,Y0046,2026-02-21 05:20:22.497645,5
Y_STR01117,Y_U0083,Y0048,2026-03-01 20:14:20.168105,193
Y_STR01118,Y_U0076,Y0029,2026-02-22 08:51:47.650105,15
Y_STR01119,Y_U0062,Y0023,2026-02-26 06:11:09.049064,129
Y_STR01120,Y_U0041,Y0046,2026-02-16 10:45:54.661315,162
Y_STR01121,Y_U0014,Y0043,2026-02-13 09:17:02.285770,97
Y_STR01122,Y_U0091,Y0028,2026-02-26 12:47:39.239936,249
Y_STR01123,Y_U0023,Y0031,2026-02-18 22:20:06.586292,109
Y_STR01124,Y_U0056,Y0047,2026-02-23 09:07:15.829390,230
Y_STR01125,Y_U0034,Y0041,2026-01-31 18:38:13.616282,156
Y_STR01126,Y_U0067,Y0031,2026-02-20 18:10:07.182125,45
Y_STR01127,Y_U0041,Y0027,2026-02-13 00:20:00.699846,62
Y_STR01128,Y_U0038,Y0050,2026-02-05 10:19:48.628097,198
Y_STR01129,Y_U0062,Y0028,2026-02-20 22:08:01.529397,182
Y_STR01130,Y_U0017,Y0044,2026-02-17 08:29:11.624358,308
Y_STR01131,Y_U0013,Y0037,2026-02-05 14:02:14.671548,147
Y_STR01132,Y_U0029,Y0046,2026-02-07 10:16:52.405200,100
Y_STR01133,Y_U0041,Y0019,2026-02-08 10:14:15.715449,144
Y_STR01134,Y_U0041,Y0038,2026-02-28 10:24:08.050981,188
Y_STR01135,Y_U0055,Y0015,2026-03-01 19:53:03.965202,204
Y_STR01136,Y_U0072,Y0048,2026-02-19 20:42:56.141274,26
Y_STR01137,Y_U0054,Y0029,2026-02-07 11:38:19.348298,84
Y_STR01138,Y_U0005,Y0034,2026-01-31 19:02:16.764727,76
Y_STR01139,Y_U0025,Y0040,2026-02-21 12:24:02.732775,57
Y_STR01140,Y_U0068,Y0011,2026-02-24 01:42:05.657560,155
Y_STR01141,Y_U0099,Y0046,2026-02-21 10:48:35.737040,46
Y_STR01142,Y_U0012,Y0041,2026-02-20 22:59:14.799453,91
Y_STR01143,Y_U0064,Y0025,2026-02-08 20:17:40.820121,104
Y_STR01144,Y_U0005,Y0024,2026-02-25 01:33:29.847135,58
Y_STR01145,Y_U0087,Y0029,2026-02-15 21:46:36.351539,83
Y_STR01146,Y_U0085,Y0013,2026-02-24 09:23:27.931227,30
Y_STR01147,Y_U0045,Y0045,2026-02-26 18:15:13.381219,21
Y_STR01148,Y_U0051,Y0023,2026-02-10 01:24:33.807985,124
Y_STR01149,Y_U0083,Y0039,2026-02-27 15:12:44.464361,192
Y_STR01150,Y_U0058,Y0022,2026-02-03 12:00:43.422506,139
Y_STR01151,Y_U0043,Y0018,2026-03-01 03:14:10.991176,201
Y_STR01152,Y_U0099,Y0049,2026-02-19 04:00:20.337652,70
Y_STR01153,Y_U0050,Y0037,2026-02-26 11:40:44.888223,115
Y_STR01154,Y_U0026,Y0030,2026-02-07 02:45:05.318730,52
Y_STR01155,Y_U0013,Y0027,2026-02-16 12:35:44.974812,65
Y_STR01156,Y_U0085,Y0009,2026-02-06 12:23:16.985996,74
Y_STR01157,Y_U0037,Y0037,2026-02-27 22:04:50.271848,102
Y_STR01158,Y_U0041,Y0033,2026-02-06 18:07:52.522149,15
Y_STR01159,Y_U0086,Y0040,2026-02-08 21:48:20.887236,50
Y_STR01160,Y_U0090,Y0028,2026-02-18 12:18:55.132922,66
Y_STR01161,Y_U0048,Y0023,2026-02-18 03:33:59.569278,167
Y_STR01162,Y_U0063,Y0028,2026-02-26 18:20:50.236141,78
Y_STR01163,Y_U0061,Y0017,2026-02-09 11:41:31.206539,55
Y_STR01164,Y_U0016,Y0050,2026-02-03 16:32:31.916055,201
Y_STR01165,Y_U0073,Y0023,2026-02-28 18:08:39.532984,138
Y_STR01166,Y_U0042,Y0033,2026-02-24 17:03:09.916452,60
Y_STR01167,Y_U0041,Y0027,2026-02-20 15:00:59.744351,229
Y_STR01168,Y_U0027,Y0032,2026-02-12 19:29:53.221549,109
Y_STR01169,Y_U0006,Y0049,2026-02-04 18:32:50.379689,37
Y_STR01170,Y_U0002,Y0008,2026-02-19 22:27:45.920775,255
Y_STR01171,Y_U0087,Y0036,2026-02-05 01:27:00.509822,24
Y_STR01172,Y_U0050,Y0030,2026-02-06 14:55:27.545317,65
Y_STR01173,Y_U0010,Y0040,2026-02-28 18:12:18.963282,70
Y_STR01174,Y_U0094,Y0022,2026-02-22 14:55:23.347197,179
Y_STR01175,Y_U0023,Y0035,2026-02-05 01:27:16.775753,226
Y_STR01176,Y_U0086,Y0045,2026-02-12 00:03:45.929267,129
Y_STR01177,Y_U0025,Y0042,2026-02-22 15:00:17.636008,185
Y_STR01178,Y_U0042,Y0035,2026-02-09 19:57:33.991770,172
Y_STR01179,Y_U0051,Y0031,2026-03-01 04:41:59.852697,140
Y_STR01180,Y_U0065,Y0032,2026-02-19 18:04:20.863780,22
Y_STR01181,Y_U0055,Y0040,2026-02-10 05:57:41.392852,118
Y_STR01182,Y_U0038,Y0023,2026-02-17 14:39:27.858432,239
Y_STR01183,Y_U0066,Y0036,2026-02-04 10:26:39.967841,173
Y_STR01184,Y_U0036,Y0006,2026-02-22 08:57:47.514346,324
Y_STR01185,Y_U0036,Y0034,2026-02-01 04:50:16.279408,15
Y_STR01186,Y_U0065,Y0023,2026-02-07 06:14:18.152066,5
Y_STR01187,Y_U0037,Y0047,2026-03-02 03:11:51.164831,191
Y_STR01188,Y_U0053,Y0047,2026-02-23 23:42:30.149890,55
Y_STR01189,Y_U0081,Y0021,2026-02-11 09:49:30.913035,128
Y_STR01190,Y_U0088,Y0026,2026-02-01 08:11:35.736193,149
Y_STR01191,Y_U0049,Y0048,2026-02-10 22:52:59.893993,140
Y_STR01192,Y_U0024,Y0004,2026-02-06 02:06:05.548107,169
Y_STR01193,Y_U0004,Y0045,2026-03-02 08:36:46.209777,106
Y_STR01194,Y_U0050,Y0031,2026-02-25 15:51:28.054167,92
Y_STR01195,Y_U0075,Y0047,2026-02-07 08:20:15.398216,287
Y_STR01196,Y_U0083,Y0020,2026-02-16 02:33:45.151000,150
Y_STR01197,Y_U0055,Y0038,2026-03-01 19:36:43.456586,143
Y_STR01198,Y_U0026,Y0020,2026-02-21 06:53:05.898654,45
Y_STR01199,Y_U0011,Y0035,2026-02-11 08:55:09.336409,78
Y_STR01200,Y_U0049,Y0034,2026-02-22 10:41:30.667390,10
Y_STR01201,Y_U0060,Y0015,2026-02-13 19:29:51.192477,68
Y_STR01202,Y_U0089,Y0018,2026-02-11 04:18:50.644536,133
Y_STR01203,Y_U0052,Y0021,2026-02-03 20:51:35.611535,229
Y_STR01204,Y_U0013,Y0032,2026-02-22 15:49:12.250185,40
Y_STR01205,Y_U0018,Y0031,2026-02-09 20:41:35.677953,62
Y_STR01206,Y_U0036,Y0038,2026-02-06 10:45:41.099380,176
Y_STR01207,Y_U0083,Y0042,2026-02-22 17:44:35.771409,252
Y_STR01208,Y_U0073,Y0050,2026-02-03 16:32:59.578673,172
Y_STR01209,Y_U0027,Y0028,2026-02-26 13:31:49.712967,35
Y_STR01210,Y_U0072,Y0034,2026-02-24 13:48:00.782687,81
Y_STR01211,Y_U0083,Y0029,2026-02-06 00:17:49.559392,248
Y_STR01212,Y_U0015,Y0043,2026-02-02 20:01:15.549875,153
Y_STR01213,Y_U0060,Y0042,2026-03-02 11:00:29.757411,32
Y_STR01214,Y_U0022,Y0043,2026-02-10 05:57:38.959417,83
Y_STR01215,Y_U0011,Y0035,2026-02-26 04:15:55.656794,44
Y_STR01216,Y_U0010,Y0043,2026-02-15 23:15:16.103535,97
Y_STR01217,Y_U0054,Y0042,2026-02-28 16:53:37.981738,273
Y_STR01218,Y_U0068,Y0042,2026-02-28 07:56:44.546906,120
Y_STR01219,Y_U0020,Y0048,2026-02-11 19:17:44.154487,220
Y_STR01220,Y_U0001,Y0021,2026-02-09 06:36:13.149724,11
Y_STR01221,Y_U0034,Y0049,2026-02-05 00:58:25.268073,47
Y_STR01222,Y_U0056,Y0032,2026-02-19 06:34:47.246606,112
Y_STR01223,Y_U0015,Y0049,2026-02-28 09:21:15.591622,94
Y_STR01224,Y_U0002,Y0046,2026-02-21 08:21:32.712818,120
Y_STR01225,Y_U0051,Y0036,2026-02-28 17:49:52.378929,93
Y_STR01226,Y_U0038,Y0044,2026-02-11 03:15:08.753917,121
Y_STR01227,Y_U0032,Y0014,2026-02-01 16:20:10.452533,5
Y_STR01228,Y_U0099,Y0035,2026-02-12 15:27:22.634951,258
Y_STR01229,Y_U0003,Y0050,2026-02-04 16:52:34.843927,252
Y_STR01230,Y_U0080,Y0036,2026-02-26 21:39:33.765299,98
Y_STR01231,Y_U0086,Y0015,2026-02-23 12:49:54.911344,252
Y_STR01232,Y_U0097,Y0044,2026-02-18 21:08:06.604042,129
Y_STR01233,Y_U0041,Y0023,2026-02-20 11:47:42.902157,125
Y_STR01234,Y_U0083,Y0048,2026-02-26 20:21:21.725875,174
Y_STR01235,Y_U0079,Y0040,2026-02-10 20:05:53.109760,15
Y_STR01236,Y_U0017,Y0035,2026-02-15 01:04:36.837200,257
Y_STR01237,Y_U0059,Y0047,2026-02-18 21:47:04.415495,181
Y_STR01238,Y_U0027,Y0047,2026-02-07 02:45:30.397607,235
Y_STR01239,Y_U0098,Y0038,2026-02-12 00:20:59.792070,44
Y_STR01240,Y_U0045,Y0046,2026-02-27 13:10:03.517920,105
Y_STR01241,Y_U0083,Y0005,2026-02-17 05:07:30.556824,14
Y_STR01242,Y_U0081,Y0049,2026-02-18 20:12:21.649882,84
Y_STR01243,Y_U0028,Y0041,2026-02-11 19:50:52.478651,60
Y_STR01244,Y_U0084,Y0050,2026-02-24 21:41:06.402631,13
Y_STR01245,Y_U0052,Y0037,2026-02-11 07:56:04.235147,110
Y_STR01246,Y_U0067,Y0035,2026-02-16 10:57:36.661865,205
Y_STR01247,Y_U0079,Y0050,2026-02-08 06:28:09.751510,147
Y_STR01248,Y_U0076,Y0027,2026-02-23 00:40:27.966784,174
Y_STR01249,Y_U0057,Y0033,2026-02-05 12:52:54.046736,161
Y_STR01250,Y_U0058,Y0029,2026-02-21 02:15:52.364231,321
Y_STR01251,Y_U0077,Y0047,2026-02-12 04:06:42.738302,118
Y_STR01252,Y_U0044,Y0042,2026-02-12 04:46:34.756428,44
Y_STR01253,Y_U0022,Y0037,2026-01-31 14:19:11.438136,17
Y_STR01254,Y_U0029,Y0028,2026-02-14 02:57:57.383567,253
Y_STR01255,Y_U0059,Y0042,2026-02-04 06:00:38.962744,102
Y_STR01256,Y_U0074,Y0025,2026-02-28 09:56:29.038199,166
Y_STR01257,Y_U0099,Y0041,2026-02-19 02:55:31.562735,209
Y_STR01258,Y_U0066,Y0050,2026-02-12 15:55:03.104508,126
Y_STR01259,Y_U0096,Y0036,2026-02-18 09:57:31.745749,189
Y_STR01260,Y_U0071,Y0017,2026-02-13 06:34:55.569749,117
Y_STR01261,Y_U0042,Y0040,2026-02-17 15:07:00.907157,107
Y_STR01262,Y_U0054,Y0048,2026-02-26 01:21:53.166858,235
Y_STR01263,Y_U0065,Y0017,2026-02-04 22:49:28.968212,98
Y_STR01264,Y_U0024,Y0033,2026-01-31 17:56:40.339455,157
Y_STR01265,Y_U0079,Y0041,2026-03-01 11:05:30.565067,11
Y_STR01266,Y_U0017,Y0043,2026-02-07 12:46:20.664863,51
Y_STR01267,Y_U0061,Y0027,2026-02-16 01:19:06.575176,115
Y_STR01268,Y_U0037,Y0037,2026-02-28 01:48:33.703583,41
Y_STR01269,Y_U0082,Y0046,2026-02-28 13:33:31.950160,191
Y_STR01270,Y_U0064,Y0031,2026-03-02 02:03:19.514945,149
Y_STR01271,Y_U0055,Y0045,2026-02-21 14:03:39.077607,148
Y_STR01272,Y_U0088,Y0009,2026-02-11 05:19:15.760101,190
Y_STR01273,Y_U0045,Y0042,2026-02-19 03:03:12.726258,244
Y_STR01274,Y_U0068,Y0021,2026-02-15 13:20:36.809538,277
Y_STR01275,Y_U0034,Y0049,2026-02-14 22:31:51.089407,46
Y_STR01276,Y_U0033,Y0037,2026-02-18 05:31:58.745884,13
Y_STR01277,Y_U0060,Y0037,2026-02-10 16:02:55.099198,65
Y_STR01278,Y_U0094,Y0050,2026-02-28 08:15:44.826576,154
Y_STR01279,Y_U0053,Y0036,2026-02-08 08:07:34.819203,78
Y_STR01280,Y_U0086,Y0029,2026-02-04 05:22:57.106627,300
Y_STR01281,Y_U0038,Y0045,2026-02-20 04:16:54.817747,36
Y_STR01282,Y_U0040,Y0039,2026-02-24 10:22:33.967699,304
Y_STR01283,Y_U0069,Y0005,2026-02-15 06:51:09.241390,212
Y_STR01284,Y_U0022,Y0048,2026-02-18 04:43:52.042806,41
Y_STR01285,Y_U0100,Y0022,2026-02-10 21:41:24.769404,152
Y_STR01286,Y_U0013,Y0045,2026-02-25 12:49:35.686722,46
Y_STR01287,Y_U0023,Y0049,2026-02-10 20:58:17.082443,66
Y_STR01288,Y_U0039,Y0049,2026-02-09 03:51:27.360719,21
Y_STR01289,Y_U0061,Y0033,2026-02-08 17:16:09.500117,103
Y_STR01290,Y_U0077,Y0024,2026-02-13 05:21:07.617982,327
Y_STR01291,Y_U0072,Y0031,2026-02-07 03:42:47.871664,151
Y_STR01292,Y_U0065,Y0012,2026-02-03 01:16:50.367928,64
Y_STR01293,Y_U0039,Y0010,2026-02-21 02:56:15.807190,98
Y_STR01294,Y_U0023,Y0046,2026-02-08 16:46:13.700941,95
Y_STR01295,Y_U0029,Y0013,2026-03-01 05:00:38.234086,161
Y_STR01296,Y_U0093,Y0022,2026-02-11 09:48:47.970217,120
Y_STR01297,Y_U0013,Y0040,2026-02-08 05:04:02.240269,110
Y_STR01298,Y_U0077,Y0033,2026-02-22 12:20:16.810106,153
Y_STR01299,Y_U0069,Y0047,2026-02-16 15:26:14.624394,174
Y_STR01300,Y_U0053,Y0045,2026-02-17 13:39:49.097075,93
Y_STR01301,Y_U0060,Y0045,2026-02-08 22:34:42.540670,101
Y_STR01302,Y_U0022,Y0027,2026-02-01 21:27:43.331414,236
Y_STR01303,Y_U0034,Y0012,2026-01-31 11:22:03.516541,258
Y_STR01304,Y_U0087,Y0048,2026-02-22 07:09:43.452547,47
Y_STR01305,Y_U0059,Y0047,2026-02-23 01:15:12.042205,38
Y_STR01306,Y_U0002,Y0043,2026-02-23 11:46:20.131498,133
Y_STR01307,Y_U0042,Y0029,2026-02-16 01:55:37.690978,256
Y_STR01308,Y_U0055,Y0050,2026-02-21 10:47:07.123282,317
Y_STR01309,Y_U0055,Y0046,2026-02-15 20:54:12.659552,49
Y_STR01310,Y_U0086,Y0041,2026-02-20 23:57:21.915102,131
Y_STR01311,Y_U0095,Y0043,2026-02-22 10:33:01.566280,128
Y_STR01312,Y_U0058,Y0024,2026-02-02 15:14:55.203963,271
Y_STR01313,Y_U0012,Y0041,2026-02-05 02:36:05.037939,12
Y_STR01314,Y_U0020,Y0047,2026-02-03 10:42:08.925284,82
Y_STR01315,Y_U0074,Y0050,2026-02-24 22:45:09.574477,113
Y_STR01316,Y_U0096,Y0045,2026-02-06 03:25:58.874770,124
Y_STR01317,Y_U0053,Y0041,2026-02-02 10:48:54.761742,249
Y_STR01318,Y_U0059,Y0048,2026-02-05 05:46:32.972362,216
Y_STR01319,Y_U0058,Y0026,2026-02-27 22:20:08.943142,25
Y_STR01320,Y_U0054,Y0010,2026-02-04 10:44:14.409985,195
Y_STR01321,Y_U0042,Y0034,2026-02-16 10:49:03.813025,108
Y_STR01322,Y_U0091,Y0050,2026-02-15 01:34:44.618740,312
Y_STR01323,Y_U0076,Y0012,2026-02-08 08:22:30.349014,149
Y_STR01324,Y_U0073,Y0043,2026-02-24 17:01:40.226093,129
Y_STR01325,Y_U0058,Y0043,2026-02-25 17:15:16.373851,18
Y_STR01326,Y_U0077,Y0020,2026-02-11 13:01:33.364531,89
Y_STR01327,Y_U0021,Y0041,2026-02-09 18:15:43.624094,119
Y_STR01328,Y_U0008,Y0014,2026-02-06 11:59:45.325572,133
Y_STR01329,Y_U0005,Y0038,2026-02-03 06:10:55.612247,118
Y_STR01330,Y_U0003,Y0016,2026-03-01 05:49:21.661262,29
Y_STR01331,Y_U0084,Y0032,2026-02-22 03:04:01.888140,18
Y_STR01332,Y_U0058,Y0028,2026-02-20 18:07:51.194337,132
Y_STR01333,Y_U0031,Y0047,2026-02-12 09:26:39.755204,247
Y_STR01334,Y_U0086,Y0041,2026-02-07 19:32:18.502633,76
Y_STR01335,Y_U0079,Y0037,2026-02-16 06:04:21.256805,123
Y_STR01336,Y_U0064,Y0038,2026-02-03 16:35:36.882392,65
Y_STR01337,Y_U0058,Y0048,2026-02-01 22:27:32.116920,218
Y_STR01338,Y_U0027,Y0027,2026-02-17 04:01:36.563067,151
Y_STR01339,Y_U0015,Y0036,2026-02-14 23:25:03.073788,199
Y_STR01340,Y_U0063,Y0028,2026-02-27 08:57:12.084199,104
Y_STR01341,Y_U0094,Y0022,2026-02-03 14:15:19.368225,154
Y_STR01342,Y_U0046,Y0024,2026-02-27 04:47:18.888872,107
Y_STR01343,Y_U0087,Y0031,2026-02-03 02:38:40.322684,45
Y_STR01344,Y_U0018,Y0018,2026-02-21 22:31:53.417034,120
Y_STR01345,Y_U0004,Y0044,2026-02-20 20:06:10.167953,40
Y_STR01346,Y_U0072,Y0044,2026-02-27 09:10:47.801725,140
Y_STR01347,Y_U0040,Y0047,2026-02-07 08:32:13.083101,22
Y_STR01348,Y_U0047,Y0013,2026-03-01 18:59:04.071155,53
Y_STR01349,Y_U0044,Y0050,2026-02-09 00:16:16.309616,194
Y_STR01350,Y_U0079,Y0039,2026-02-14 21:33:40.640001,118
Y_STR01351,Y_U0026,Y0036,2026-02-14 05:56:09.428893,333
Y_STR01352,Y_U0022,Y0044,2026-02-11 01:24:11.392089,256
Y_STR01353,Y_U0095,Y0010,2026-02-17 06:23:42.149920,56
Y_STR01354,Y_U0043,Y0027,2026-02-22 03:52:56.549527,90
Y_STR01355,Y_U0023,Y0030,2026-02-08 02:37:19.454812,100
Y_STR01356,Y_U0018,Y0002,2026-02-09 15:38:34.887571,201
Y_STR01357,Y_U0064,Y0032,2026-03-02 00:59:42.519525,213
Y_STR01358,Y_U0008,Y0047,2026-02-18 03:33:28.793120,84
Y_STR01359,Y_U0007,Y0050,2026-02-16 17:37:22.430994,302
Y_STR01360,Y_U0027,Y0019,2026-02-01 00:21:22.613188,322
Y_STR01361,Y_U0025,Y0050,2026-02-22 11:10:35.084970,305
Y_STR01362,Y_U0030,Y0026,2026-02-22 08:31:14.138485,77
Y_STR01363,Y_U0077,Y0034,2026-02-11 07:51:08.467616,105
Y_STR01364,Y_U0038,Y0047,2026-02-11 17:48:54.310580,170
Y_STR01365,Y_U0036,Y0039,2026-02-11 00:12:52.441411,301
Y_STR01366,Y_U0036,Y0045,2026-02-06 00:17:52.153888,76
Y_STR01367,Y_U0007,Y0035,2026-03-01 12:22:34.084293,252
Y_STR01368,Y_U0010,Y0034,2026-02-21 06:04:59.625453,213
Y_STR01369,Y_U0072,Y0048,2026-02-11 02:53:46.862659,192
Y_STR01370,Y_U0100,Y0041,2026-02-01 23:58:24.106051,256
Y_STR01371,Y_U0069,Y0018,2026-02-19 08:09:22.977654,54
Y_STR01372,Y_U0046,Y0011,2026-02-05 06:27:06.396594,127
Y_STR01373,Y_U0017,Y0045,2026-02-23 03:09:20.050349,101
Y_STR01374,Y_U0014,Y0046,2026-02-17 15:56:57.011291,28
Y_STR01375,Y_U0030,Y0036,2026-02-04 11:39:19.482087,164
Y_STR01376,Y_U0013,Y0009,2026-02-03 10:38:20.126777,214
Y_STR01377,Y_U0021,Y0045,2026-02-08 03:11:20.576532,113
Y_STR01378,Y_U0093,Y0039,2026-02-04 15:31:49.220893,317
Y_STR01379,Y_U0025,Y0023,2026-02-10 20:52:59.307826,141
Y_STR01380,Y_U0078,Y0039,2026-02-19 14:52:25.240829,92
Y_STR01381,Y_U0086,Y0050,2026-02-01 23:04:37.949351,21
Y_STR01382,Y_U0019,Y0033,2026-02-20 18:45:05.933739,129
Y_STR01383,Y_U0045,Y0016,2026-02-06 15:08:17.845277,71
Y_STR01384,Y_U0082,Y0011,2026-02-07 21:11:18.262109,222
Y_STR01385,Y_U0009,Y0033,2026-02-25 01:05:11.177397,149
Y_STR01386,Y_U0007,Y0048,2026-02-14 21:24:15.565026,46
Y_STR01387,Y_U0024,Y0047,2026-02-11 06:43:08.473957,119
Y_STR01388,Y_U0003,Y0042,2026-02-11 08:12:33.178483,160
Y_STR01389,Y_U0017,Y0033,2026-02-11 01:17:06.924558,32
Y_STR01390,Y_U0081,Y0027,2026-02-16 02:07:04.050756,154
Y_STR01391,Y_U0061,Y0014,2026-02-18 14:22:28.231863,167
Y_STR01392,Y_U0022,Y0047,2026-02-12 19:05:21.192981,233
Y_STR01393,Y_U0080,Y0039,2026-03-02 06:09:36.433397,27
Y_STR01394,Y_U0018,Y0050,2026-03-01 01:37:59.288143,108
Y_STR01395,Y_U0065,Y0033,2026-02-09 20:26:12.423740,150
Y_STR01396,Y_U0042,Y0024,2026-02-24 19:48:27.684437,198
Y_STR01397,Y_U0055,Y0048,2026-02-08 07:29:43.677093,56
Y_STR01398,Y_U0009,Y0049,2026-02-08 17:45:58.111051,26
Y_STR01399,Y_U0012,Y0029,2026-02-23 08:15:10.890238,193
Y_STR01400,Y_U0006,Y0013,2026-02-04 02:37:02.738300,191
Y_STR01401,Y_U0077,Y0036,2026-02-16 15:11:02.372983,211
Y_STR01402,Y_U0033,Y0038,2026-02-27 11:02:52.651381,116
Y_STR01403,Y_U0090,Y0043,2026-02-17 12:46:36.436594,136
Y_STR01404,Y_U0030,Y0045,2026-02-07 10:18:02.667933,31
Y_STR01405,Y_U0083,Y0037,2026-02-19 19:10:24.110043,49
Y_STR01406,Y_U0045,Y0037,2026-02-08 06:34:10.294889,82
Y_STR01407,Y_U0074,Y0031,2026-02-24 16:42:32.905449,109
Y_STR01408,Y_U0009,Y0040,2026-03-01 16:50:48.711163,136
Y_STR01409,Y_U0064,Y0031,2026-02-02 11:58:53.735970,59
Y_STR01410,Y_U0013,Y0035,2026-03-01 15:55:30.478929,198
Y_STR01411,Y_U0061,Y0024,2026-02-09 16:55:57.371499,34
Y_STR01412,Y_U0039,Y0027,2026-02-15 22:10:32.737349,224
Y_STR01413,Y_U0030,Y0032,2026-02-23 01:16:19.575261,202
Y_STR01414,Y_U0035,Y0046,2026-02-25 12:18:19.892190,14
Y_STR01415,Y_U0046,Y0048,2026-02-11 01:13:24.539942,201
Y_STR01416,Y_U0018,Y0045,2026-02-06 21:32:58.076233,163
Y_STR01417,Y_U0047,Y0049,2026-02-16 23:19:26.879379,50
Y_STR01418,Y_U0085,Y0017,2026-02-07 16:21:26.677185,12
Y_STR01419,Y_U0068,Y0048,2026-02-02 07:37:55.391510,217
Y_STR01420,Y_U0051,Y0043,2026-01-31 13:22:32.461196,114
Y_STR01421,Y_U0094,Y0049,2026-02-08 00:11:37.920418,55
Y_STR01422,Y_U0042,Y0046,2026-03-01 05:31:25.044588,116
Y_STR01423,Y_U0070,Y0025,2026-02-15 09:31:21.831144,102
Y_STR01424,Y_U0070,Y0045,2026-02-18 08:00:07.975864,7
Y_STR01425,Y_U0058,Y0027,2026-02-10 08:16:01.527111,9
Y_STR01426,Y_U0054,Y0041,2026-02-25 03:09:01.202068,167
Y_STR01427,Y_U0081,Y0014,2026-02-05 07:27:36.198901,256
Y_STR01428,Y_U0008,Y0038,2026-02-15 02:31:18.208431,87
Y_STR01429,Y_U0062,Y0033,2026-02-06 22:55:33.271863,86
Y_STR01430,Y_U0078,Y0011,2026-02-03 00:58:01.844594,109
Y_STR01431,Y_U0071,Y0020,2026-02-25 20:50:30.861206,95
Y_STR01432,Y_U0069,Y0038,2026-02-03 14:02:20.370818,183
Y_STR01433,Y_U0031,Y0047,2026-02-02 08:24:46.207400,39
Y_STR01434,Y_U0031,Y0020,2026-02-28 11:50:38.699936,127
Y_STR01435,Y_U0051,Y0039,2026-02-13 22:01:23.318239,132
Y_STR01436,Y_U0072,Y0040,2026-02-02 02:12:29.377189,47
Y_STR01437,Y_U0030,Y0035,2026-02-06 03:57:54.774023,55
Y_STR01438,Y_U0048,Y0030,2026-02-14 05:37:26.870960,103
Y_STR01439,Y_U0039,Y0050,2026-02-11 12:38:17.749088,148
Y_STR01440,Y_U0013,Y0037,2026-02-18 06:46:42.846239,114
Y_STR01441,Y_U0059,Y0050,2026-02-22 14:08:08.540738,153
Y_STR01442,Y_U0079,Y0046,2026-02-27 16:20:31.626963,52
Y_STR01443,Y_U0059,Y0050,2026-02-13 11:57:51.054093,89
Y_STR01444,Y_U0095,Y0042,2026-02-25 20:14:01.253407,257
Y_STR01445,Y_U0068,Y0048,2026-02-09 07:53:50.212721,207
Y_STR01446,Y_U0098,Y0043,2026-03-01 08:20:22.029202,41
Y_STR01447,Y_U0057,Y0050,2026-02-02 04:11:17.433384,197
Y_STR01448,Y_U0018,Y0022,2026-02-03 10:11:47.104684,215
Y_STR01449,Y_U0009,Y0007,2026-02-02 01:35:55.822924,246
Y_STR01450,Y_U0094,Y0032,2026-02-19 05:51:57.971119,89
Y_STR01451,Y_U0004,Y0042,2026-02-10 02:17:15.240921,201
Y_STR01452,Y_U0012,Y0045,2026-02-18 15:36:59.190232,5
Y_STR01453,Y_U0031,Y0025,2026-02-01 11:45:02.301153,191
Y_STR01454,Y_U0081,Y0033,2026-03-02 10:41:23.805116,92
Y_STR01455,Y_U0010,Y0035,2026-02-01 22:04:10.135268,230
Y_STR01456,Y_U0040,Y0049,2026-02-07 04:21:31.951303,72
Y_STR01457,Y_U0077,Y0031,2026-02-04 16:39:30.227914,99
Y_STR01458,Y_U0013,Y0011,2026-02-17 23:23:19.539926,239
Y_STR01459,Y_U0086,Y0008,2026-02-11 06:27:53.436751,20
Y_STR01460,Y_U0046,Y0032,2026-02-13 15:54:10.298043,103
Y_STR01461,Y_U0018,Y0022,2026-02-03 11:49:14.312226,170
Y_STR01462,Y_U0031,Y0026,2026-02-16 19:00:04.676526,6
Y_STR01463,Y_U0021,Y0009,2026-02-13 10:11:59.186826,50
Y_STR01464,Y_U0060,Y0006,2026-02-21 04:36:20.120151,182
Y_STR01465,Y_U0080,Y0047,2026-02-27 07:45:23.263223,5
Y_STR01466,Y_U0014,Y0022,2026-02-02 05:08:13.167036,95
Y_STR01467,Y_U0049,Y0036,2026-02-17 03:02:07.660167,135
Y_STR01468,Y_U0079,Y0043,2026-02-27 17:15:04.420160,130
Y_STR01469,Y_U0085,Y0041,2026-02-08 20:16:40.827373,245
Y_STR01470,Y_U0060,Y0028,2026-02-13 02:18:40.612995,236
Y_STR01471,Y_U0024,Y0042,2026-03-01 08:17:26.589227,52
Y_STR01472,Y_U0084,Y0040,2026-02-12 04:27:41.416973,73
Y_STR01473,Y_U0080,Y0049,2026-02-16 22:22:44.105689,121
Y_STR01474,Y_U0067,Y0025,2026-02-21 08:51:35.116722,180
Y_STR01475,Y_U0018,Y0038,2026-02-24 07:24:59.362505,72
Y_STR01476,Y_U0055,Y0030,2026-02-22 10:19:54.222665,20
Y_STR01477,Y_U0088,Y0038,2026-02-13 11:28:00.151239,30
Y_STR01478,Y_U0092,Y0008,2026-02-27 18:08:39.191957,122
Y_STR01479,Y_U0025,Y0042,2026-02-12 20:25:38.593802,216
Y_STR01480,Y_U0003,Y0027,2026-03-01 13:23:29.784990,126
Y_STR01481,Y_U0082,Y0043,2026-02-18 21:31:25.786187,108
Y_STR01482,Y_U0009,Y0032,2026-02-13 01:49:00.261431,192
Y_STR01483,Y_U0018,Y0041,2026-02-06 07:51:41.991459,33
Y_STR01484,Y_U0036,Y0024,2026-02-26 03:10:21.332798,77
Y_STR01485,Y_U0039,Y0048,2026-02-03 19:18:42.923493,80
Y_STR01486,Y_U0060,Y0022,2026-02-07 03:55:32.250378,149
Y_STR01487,Y_U0072,Y0044,2026-02-26 04:49:33.181842,163
Y_STR01488,Y_U0043,Y0019,2026-02-23 01:03:07.624444,315
Y_STR01489,Y_U0021,Y0016,2026-02-16 21:37:12.948986,168
Y_STR01490,Y_U0072,Y0045,2026-02-25 06:35:47.456326,175
Y_STR01491,Y_U0033,Y0039,2026-02-07 06:09:12.806795,244
Y_STR01492,Y_U0018,Y0013,2026-02-21 08:21:19.718474,53
Y_STR01493,Y_U0048,Y0040,2026-02-11 14:34:17.706275,31
Y_STR01494,Y_U0048,Y0030,2026-02-17 11:24:06.987593,128
Y_STR01495,Y_U0005,Y0015,2026-02-10 07:39:56.871269,99
Y_STR01496,Y_U0015,Y0033,2026-02-03 15:02:47.306351,154
Y_STR01497,Y_U0066,Y0045,2026-02-11 14:07:04.644392,129
Y_STR01498,Y_U0067,Y0036,2026-02-13 13:07:46.059423,37
Y_STR01499,Y_U0068,Y0020,2026-02-09 20:54:58.492918,15
Y_STR01500,Y_U0034,Y0043,2026-02-08 23:30:27.361264,91
Y_STR01501,Y_U0092,Y0035,2026-02-02 14:25:33.905834,227
Y_STR01502,Y_U0069,Y0022,2026-02-07 20:55:08.052700,54
Y_STR01503,Y_U0036,Y0036,2026-02-15 01:37:45.398305,315
Y_STR01504,Y_U0012,Y0027,2026-02-23 02:21:41.353648,76
Y_STR01505,Y_U0081,Y0035,2026-02-23 21:49:49.995819,262
Y_STR01506,Y_U0022,Y0025,2026-02-25 00:08:51.986241,140
Y_STR01507,Y_U0073,Y0047,2026-02-16 02:06:39.514450,51
Y_STR01508,Y_U0060,Y0033,2026-02-04 03:04:50.759918,88
Y_STR01509,Y_U0092,Y0048,2026-02-11 14:03:30.910374,168
Y_STR01510,Y_U0035,Y0042,2026-02-24 21:44:43.895705,53
Y_STR01511,Y_U0029,Y0012,2026-02-15 01:41:03.242178,238
Y_STR01512,Y_U0100,Y0022,2026-02-15 00:58:34.766079,208
Y_STR01513,Y_U0020,Y0046,2026-02-26 04:22:50.707902,171
Y_STR01514,Y_U0100,Y0040,2026-02-06 12:20:54.495799,56
Y_STR01515,Y_U0065,Y0034,2026-02-26 02:06:28.976998,21
Y_STR01516,Y_U0047,Y0042,2026-02-03 14:09:05.144144,72
Y_STR01517,Y_U0081,Y0033,2026-02-05 04:12:15.885701,126
Y_STR01518,Y_U0040,Y0032,2026-02-23 07:49:27.209463,82
Y_STR01519,Y_U0078,Y0029,2026-02-17 21:52:19.960809,5
Y_STR01520,Y_U0088,Y0033,2026-02-06 04:56:36.679479,78
Y_STR01521,Y_U0033,Y0033,2026-02-04 07:28:42.910942,50
Y_STR01522,Y_U0045,Y0017,2026-02-09 06:37:55.859633,39
Y_STR01523,Y_U0013,Y0034,2026-02-13 22:44:37.038186,67
Y_STR01524,Y_U0017,Y0021,2026-02-23 18:13:26.205818,14
Y_STR01525,Y_U0062,Y0048,2026-02-05 09:56:54.722679,257
Y_STR01526,Y_U0045,Y0049,2026-02-17 21:33:16.049514,50
Y_STR01527,Y_U0073,Y0050,2026-02-22 05:34:53.191732,140
Y_STR01528,Y_U0095,Y0022,2026-02-26 11:29:59.902163,88
Y_STR01529,Y_U0049,Y0035,2026-02-09 23:13:24.436882,279
Y_STR01530,Y_U0032,Y0011,2026-02-01 10:53:50.534480,289
Y_STR01531,Y_U0072,Y0048,2026-02-23 01:57:19.619847,125
Y_STR01532,Y_U0009,Y0042,2026-02-27 18:28:34.831635,155
Y_STR01533,Y_U0096,Y0050,2026-02-03 13:20:07.533261,240
Y_STR01534,Y_U0088,Y0024,2026-02-05 02:10:17.574633,263
Y_STR01535,Y_U0071,Y0042,2026-02-05 05:03:12.984201,182
Y_STR01536,Y_U0001,Y0039,2026-03-02 05:49:31.080832,340
Y_STR01537,Y_U0080,Y0012,2026-02-23 12:18:19.877282,217
Y_STR01538,Y_U0067,Y0037,2026-02-12 09:27:54.677292,18
Y_STR01539,Y_U0013,Y0050,2026-02-19 21:24:25.937580,283
Y_STR01540,Y_U0086,Y0044,2026-03-02 07:40:23.810413,205
Y_STR01541,Y_U0040,Y0024,2026-02-06 21:05:18.023677,119
Y_STR01542,Y_U0032,Y0043,2026-02-16 00:29:18.622383,54
Y_STR01543,Y_U0075,Y0046,2026-02-10 08:44:07.641288,87
Y_STR01544,Y_U0070,Y0014,2026-01-31 17:43:40.371294,86
Y_STR01545,Y_U0017,Y0040,2026-02-12 07:43:50.844532,93
Y_STR01546,Y_U0031,Y0028,2026-02-03 19:29:08.144871,287
Y_STR01547,Y_U0093,Y0047,2026-01-31 23:57:15.621897,273
Y_STR01548,Y_U0042,Y0042,2026-02-15 22:38:56.148730,188
Y_STR01549,Y_U0043,Y0025,2026-02-19 09:18:38.148163,11
Y_STR01550,Y_U0076,Y0048,2026-02-10 13:29:08.277679,85
Y_STR01551,Y_U0055,Y0050,2026-01-31 22:10:58.793810,228
Y_STR01552,Y_U0022,Y0035,2026-02-21 06:27:05.401649,138
Y_STR01553,Y_U0080,Y0013,2026-02-22 17:43:04.278685,62
Y_STR01554,Y_U0047,Y0021,2026-02-07 18:41:24.167782,134
Y_STR01555,Y_U0096,Y0025,2026-02-16 16:01:08.012613,96
Y_STR01556,Y_U0055,Y0009,2026-02-21 21:21:26.077609,120
Y_STR01557,Y_U0010,Y0035,2026-02-12 09:46:51.402712,201
Y_STR01558,Y_U0003,Y0043,2026-02-03 17:12:44.276417,112
Y_STR01559,Y_U0066,Y0020,2026-02-12 22:21:40.669373,71
Y_STR01560,Y_U0040,Y0010,2026-02-07 04:22:52.619012,200
Y_STR01561,Y_U0089,Y0039,2026-02-07 08:24:38.756037,195
Y_STR01562,Y_U0001,Y0041,2026-02-04 21:48:18.050146,107
Y_STR01563,Y_U0008,Y0018,2026-01-31 12:17:33.211376,158
Y_STR01564,Y_U0062,Y0018,2026-02-19 14:23:35.490036,128
Y_STR01565,Y_U0090,Y0020,2026-02-02 01:17:15.084912,142
Y_STR01566,Y_U0007,Y0031,2026-03-02 06:27:55.441328,10
Y_STR01567,Y_U0085,Y0045,2026-02-23 14:57:11.483899,198
Y_STR01568,Y_U0014,Y0019,2026-02-19 18:13:14.747373,185
Y_STR01569,Y_U0067,Y0035,2026-02-15 04:45:52.019528,100
Y_STR01570,Y_U0032,Y0021,2026-02-15 17:07:15.256476,29
Y_STR01571,Y_U0033,Y0017,2026-02-05 03:55:23.020808,54
Y_STR01572,Y_U0094,Y0042,2026-02-20 21:08:16.940281,177
Y_STR01573,Y_U0096,Y0041,2026-03-01 09:00:30.798624,16
Y_STR01574,Y_U0095,Y0044,2026-02-13 21:58:43.714137,163
Y_STR01575,Y_U0043,Y0008,2026-02-20 20:12:16.434334,318
Y_STR01576,Y_U0090,Y0032,2026-02-18 06:04:54.927558,137
Y_STR01577,Y_U0099,Y0032,2026-02-04 11:11:13.745124,212
Y_STR01578,Y_U0011,Y0044,2026-02-07 06:51:43.586056,243
Y_STR01579,Y_U0013,Y0049,2026-02-07 19:16:49.818048,88
Y_STR01580,Y_U0084,Y0046,2026-02-21 17:26:43.825888,41
Y_STR01581,Y_U0018,Y0046,2026-02-16 02:07:32.161656,68
Y_STR01582,Y_U0053,Y0013,2026-02-03 21:08:19.319814,78
Y_STR01583,Y_U0034,Y0039,2026-02-20 19:44:56.595367,125
Y_STR01584,Y_U0036,Y0047,2026-02-14 16:41:34.981388,120
Y_STR01585,Y_U0060,Y0034,2026-02-24 07:22:29.224730,76
Y_STR01586,Y_U0087,Y0028,2026-03-02 10:43:13.446838,242
Y_STR01587,Y_U0025,Y0037,2026-02-23 16:57:00.088866,84
Y_STR01588,Y_U0041,Y0049,2026-02-20 03:08:02.053980,22
Y_STR01589,Y_U0066,Y0047,2026-02-24 18:32:55.768331,97
Y_STR01590,Y_U0089,Y0036,2026-02-26 11:00:45.267803,34
Y_STR01591,Y_U0041,Y0036,2026-02-03 06:57:23.709348,270
Y_STR01592,Y_U0054,Y0020,2026-03-01 07:46:01.857187,146
Y_STR01593,Y_U0100,Y0042,2026-02-20 05:09:30.960638,110
Y_STR01594,Y_U0040,Y0040,2026-02-02 01:25:38.393232,27
Y_STR01595,Y_U0057,Y0037,2026-01-31 16:20:51.116014,96
Y_STR01596,Y_U0027,Y0037,2026-02-10 01:16:37.568370,37
Y_STR01597,Y_U0007,Y0039,2026-02-10 19:45:19.423045,99
Y_STR01598,Y_U0092,Y0045,2026-02-15 03:44:59.023180,184
Y_STR01599,Y_U0095,Y0049,2026-03-01 06:00:29.839802,75
Y_STR01600,Y_U0055,Y0038,2026-02-10 04:46:46.465418,73
Y_STR01601,Y_U0011,Y0040,2026-02-07 06:21:28.582407,34
Y_STR01602,Y_U0035,Y0039,2026-02-11 19:56:05.895764,233
Y_STR01603,Y_U0042,Y0048,2026-02-25 05:01:53.816506,188
Y_STR01604,Y_U0019,Y0025,2026-02-07 20:50:27.222513,49
Y_STR01605,Y_U0022,Y0018,2026-03-02 05:31:59.730449,6
Y_STR01606,Y_U0046,Y0030,2026-02-01 08:52:11.993050,110
Y_STR01607,Y_U0051,Y0050,2026-02-28 10:50:00.906141,241
Y_STR01608,Y_U0091,Y0019,2026-02-01 15:29:03.338116,229
Y_STR01609,Y_U0026,Y0040,2026-02-13 10:59:56.346860,52
Y_STR01610,Y_U0022,Y0031,2026-02-06 17:58:54.900366,52
Y_STR01611,Y_U0039,Y0039,2026-02-02 14:21:15.271593,172
Y_STR01612,Y_U0091,Y0040,2026-02-01 02:26:43.067392,133
Y_STR01613,Y_U0051,Y0026,2026-02-16 09:37:53.752565,175
Y_STR01614,Y_U0073,Y0039,2026-02-08 23:57:29.562226,187
Y_STR01615,Y_U0077,Y0040,2026-02-27 21:38:21.131828,34
Y_STR01616,Y_U0068,Y0019,2026-02-04 00:20:17.234108,319
Y_STR01617,Y_U0047,Y0045,2026-02-01 21:18:46.897060,143
Y_STR01618,Y_U0080,Y0039,2026-02-08 22:24:32.620640,261
Y_STR01619,Y_U0096,Y0026,2026-02-18 00:41:10.510292,66
Y_STR01620,Y_U0048,Y0040,2026-02-25 03:02:39.188074,86
Y_STR01621,Y_U0047,Y0042,2026-02-09 21:06:51.946630,81
Y_STR01622,Y_U0034,Y0033,2026-02-27 09:57:33.617565,62
Y_STR01623,Y_U0006,Y0044,2026-02-27 00:39:35.244808,302
Y_STR01624,Y_U0070,Y0036,2026-02-26 00:26:47.796218,162
Y_STR01625,Y_U0011,Y0016,2026-02-12 16:12:03.005486,128
Y_STR01626,Y_U0066,Y0040,2026-02-24 01:02:55.531509,74
Y_STR01627,Y_U0020,Y0046,2026-02-08 11:48:49.551738,139
Y_STR01628,Y_U0066,Y0039,2026-02-24 22:47:09.918656,334
Y_STR01629,Y_U0020,Y0006,2026-02-08 08:17:07.611073,87
Y_STR01630,Y_U0063,Y0045,2026-02-08 09:25:11.555084,187
Y_STR01631,Y_U0029,Y0028,2026-02-02 22:29:02.192353,58
Y_STR01632,Y_U0031,Y0039,2026-02-01 17:22:30.831101,316
Y_STR01633,Y_U0014,Y0050,2026-02-28 21:04:35.858496,78
Y_STR01634,Y_U0098,Y0032,2026-02-23 08:44:02.389861,19
Y_STR01635,Y_U0074,Y0039,2026-02-02 15:43:54.463835,332
Y_STR01636,Y_U0035,Y0042,2026-02-18 19:35:47.656484,263
Y_STR01637,Y_U0044,Y0036,2026-02-16 11:21:23.848116,236
Y_STR01638,Y_U0054,Y0044,2026-02-07 20:29:57.405140,287
Y_STR01639,Y_U0077,Y0037,2026-02-08 19:31:03.128397,103
Y_STR01640,Y_U0069,Y0017,2026-02-11 21:42:45.174623,66
Y_STR01641,Y_U0012,Y0041,2026-02-21 04:11:09.651002,168
Y_STR01642,Y_U0056,Y0006,2026-02-22 00:25:58.242792,69
Y_STR01643,Y_U0095,Y0047,2026-02-23 06:09:14.524162,275
Y_STR01644,Y_U0046,Y0026,2026-03-01 14:41:42.127228,159
Y_STR01645,Y_U0018,Y0039,2026-02-22 14:42:33.866875,13
Y_STR01646,Y_U0014,Y0046,2026-02-01 00:55:09.287351,30
Y_STR01647,Y_U0091,Y0022,2026-02-12 10:58:57.818722,200
Y_STR01648,Y_U0028,Y0031,2026-02-21 02:37:04.655634,33
Y_STR01649,Y_U0020,Y0017,2026-02-15 18:03:03.637926,27
Y_STR01650,Y_U0054,Y0049,2026-02-05 09:55:36.297901,13
Y_STR01651,Y_U0009,Y0045,2026-02-25 04:18:55.205411,50
Y_STR01652,Y_U0052,Y0044,2026-02-21 13:08:48.590786,63
Y_STR01653,Y_U0080,Y0047,2026-02-15 17:54:35.383178,173
Y_STR01654,Y_U0084,Y0030,2026-02-14 05:33:04.550195,78
Y_STR01655,Y_U0061,Y0024,2026-02-16 22:14:43.185735,337
Y_STR01656,Y_U0024,Y0029,2026-02-04 02:48:58.315337,64
Y_STR01657,Y_U0060,Y0029,2026-02-11 01:30:39.163418,114
Y_STR01658,Y_U0038,Y0040,2026-02-15 11:34:37.278732,136
Y_STR01659,Y_U0032,Y0036,2026-02-20 12:56:28.256098,125
Y_STR01660,Y_U0027,Y0020,2026-02-06 15:19:59.108718,10
Y_STR01661,Y_U0072,Y0039,2026-02-24 21:48:27.753098,11
Y_STR01662,Y_U0044,Y0049,2026-02-27 18:29:21.001179,19
Y_STR01663,Y_U0034,Y0024,2026-02-01 03:56:31.338077,311
Y_STR01664,Y_U0094,Y0041,2026-02-14 09:42:30.382650,135
Y_STR01665,Y_U0064,Y0036,2026-02-24 19:29:53.041600,236
Y_STR01666,Y_U0016,Y0033,2026-02-15 17:41:08.462513,56
Y_STR01667,Y_U0046,Y0043,2026-02-11 01:07:03.112976,143
Y_STR01668,Y_U0090,Y0007,2026-02-03 22:38:52.698452,81
Y_STR01669,Y_U0091,Y0050,2026-02-08 12:56:20.136068,218
Y_STR01670,Y_U0084,Y0049,2026-01-31 19:04:30.088574,94
Y_STR01671,Y_U0090,Y0049,2026-02-09 20:44:15.717639,106
Y_STR01672,Y_U0044,Y0042,2026-02-28 10:55:31.850708,175
Y_STR01673,Y_U0083,Y0015,2026-02-17 09:22:44.270289,18
Y_STR01674,Y_U0062,Y0036,2026-02-13 08:44:38.010925,213
Y_STR01675,Y_U0057,Y0034,2026-02-22 20:03:25.574832,179
Y_STR01676,Y_U0073,Y0023,2026-02-14 14:07:33.138437,29
Y_STR01677,Y_U0061,Y0049,2026-02-19 01:21:36.774242,46
Y_STR01678,Y_U0042,Y0036,2026-02-13 22:59:39.149953,124
Y_STR01679,Y_U0006,Y0031,2026-02-14 13:44:19.347870,14
Y_STR01680,Y_U0092,Y0023,2026-02-14 17:12:48.583520,226
Y_STR01681,Y_U0055,Y0023,2026-02-27 14:52:09.392920,121
Y_STR01682,Y_U0041,Y0047,2026-02-25 17:41:02.218919,93
Y_STR01683,Y_U0007,Y0039,2026-02-15 20:09:46.275160,149
Y_STR01684,Y_U0023,Y0050,2026-02-05 17:33:09.815922,330
Y_STR01685,Y_U0001,Y0018,2026-02-10 01:50:06.602174,211
Y_STR01686,Y_U0074,Y0035,2026-02-13 02:00:43.768970,324
Y_STR01687,Y_U0017,Y0039,2026-02-16 12:48:17.070365,131
Y_STR01688,Y_U0053,Y0027,2026-02-25 02:12:15.624524,116
Y_STR01689,Y_U0056,Y0041,2026-02-21 03:27:45.495140,193
Y_STR01690,Y_U0002,Y0036,2026-02-26 14:37:55.570226,174
Y_STR01691,Y_U0074,Y0022,2026-02-25 21:00:31.018686,80
Y_STR01692,Y_U0036,Y0042,2026-02-23 08:12:05.597013,151
Y_STR01693,Y_U0053,Y0046,2026-02-01 00:44:09.028192,27
Y_STR01694,Y_U0094,Y0050,2026-02-26 08:08:58.016711,59
Y_STR01695,Y_U0064,Y0037,2026-02-22 17:15:59.176783,117
Y_STR01696,Y_U0060,Y0035,2026-02-10 00:24:13.377299,207
Y_STR01697,Y_U0004,Y0010,2026-02-16 19:17:16.326468,55
Y_STR01698,Y_U0032,Y0048,2026-02-09 08:52:25.227377,34
Y_STR01699,Y_U0032,Y0048,2026-02-25 05:31:52.813728,36
Y_STR01700,Y_U0044,Y0025,2026-02-23 22:35:13.039361,209
Y_STR01701,Y_U0036,Y0049,2026-01-31 16:27:17.076759,11
Y_STR01702,Y_U0031,Y0043,2026-02-13 04:33:27.338642,121
Y_STR01703,Y_U0080,Y0040,2026-02-17 12:36:59.979487,109
Y_STR01704,Y_U0043,Y0036,2026-02-27 20:42:19.213587,44
Y_STR01705,Y_U0003,Y0039,2026-02-02 09:27:31.701838,138
Y_STR01706,Y_U0100,Y0025,2026-02-14 04:50:47.613010,135
Y_STR01707,Y_U0100,Y0010,2026-02-01 11:19:30.300483,163
Y_STR01708,Y_U0025,Y0047,2026-02-04 14:47:29.518256,103
Y_STR01709,Y_U0045,Y0037,2026-02-27 16:09:44.986223,151
Y_STR01710,Y_U0084,Y0023,2026-02-15 03:01:11.622642,175
Y_STR01711,Y_U0014,Y0020,2026-02-19 12:42:39.178235,84
Y_STR01712,Y_U0007,Y0024,2026-02-17 10:04:28.585562,151
Y_STR01713,Y_U0079,Y0036,2026-02-21 02:20:43.405544,195
Y_STR01714,Y_U0044,Y0044,2026-02-16 10:13:58.635751,73
Y_STR01715,Y_U0055,Y0048,2026-02-05 02:51:44.780790,161
Y_STR01716,Y_U0053,Y0044,2026-02-14 18:04:06.518903,154
Y_STR01717,Y_U0012,Y0045,2026-02-04 12:09:05.914184,184
Y_STR01718,Y_U0096,Y0036,2026-02-14 10:48:24.002574,179
Y_STR01719,Y_U0089,Y0039,2026-02-08 08:33:32.704034,76
Y_STR01720,Y_U0006,Y0012,2026-02-07 22:43:29.176772,272
Y_STR01721,Y_U0063,Y0033,2026-02-24 09:50:34.853801,21
Y_STR01722,Y_U0078,Y0044,2026-02-03 16:21:34.528514,222
Y_STR01723,Y_U0090,Y0049,2026-02-27 08:22:11.257797,8
Y_STR01724,Y_U0054,Y0050,2026-02-04 22:12:56.402707,122
Y_STR01725,Y_U0097,Y0042,2026-03-01 18:04:44.914313,234
Y_STR01726,Y_U0062,Y0033,2026-02-22 07:04:58.289314,72
Y_STR01727,Y_U0040,Y0035,2026-02-27 06:51:03.130380,15
Y_STR01728,Y_U0032,Y0030,2026-02-04 18:04:58.836929,100
Y_STR01729,Y_U0001,Y0036,2026-02-11 06:07:43.382717,77
Y_STR01730,Y_U0082,Y0049,2026-02-23 09:51:42.812270,117
Y_STR01731,Y_U0079,Y0016,2026-02-11 19:54:40.618219,235
Y_STR01732,Y_U0038,Y0045,2026-02-06 18:39:24.194397,36
Y_STR01733,Y_U0020,Y0047,2026-02-20 19:43:31.587947,204
Y_STR01734,Y_U0089,Y0032,2026-02-14 13:40:21.625648,88
Y_STR01735,Y_U0090,Y0036,2026-02-01 01:39:11.412050,344
Y_STR01736,Y_U0011,Y0046,2026-02-01 16:02:56.026759,86
Y_STR01737,Y_U0089,Y0032,2026-02-21 22:07:42.787046,223
Y_STR01738,Y_U0011,Y0026,2026-02-15 00:57:10.075195,35
Y_STR01739,Y_U0043,Y0021,2026-02-23 08:22:31.534808,57
Y_STR01740,Y_U0087,Y0029,2026-02-16 06:03:07.515386,275
Y_STR01741,Y_U0038,Y0038,2026-02-10 22:16:14.024909,56
Y_STR01742,Y_U0078,Y0034,2026-02-03 11:16:07.346745,182
Y_STR01743,Y_U0004,Y0004,2026-02-28 04:28:08.643079,183
Y_STR01744,Y_U0049,Y0034,2026-02-13 20:43:46.625760,127
Y_STR01745,Y_U0056,Y0044,2026-02-07 05:58:28.460743,11
Y_STR01746,Y_U0049,Y0033,2026-03-01 07:05:10.305678,154
Y_STR01747,Y_U0013,Y0036,2026-02-23 11:23:56.882954,197
Y_STR01748,Y_U0077,Y0046,2026-02-10 19:45:17.889983,132
Y_STR01749,Y_U0018,Y0035,2026-02-13 14:23:02.964936,101
Y_STR01750,Y_U0098,Y0049,2026-02-24 05:31:46.735301,5
Y_STR01751,Y_U0016,Y0024,2026-02-22 01:51:02.826366,217
Y_STR01752,Y_U0011,Y0041,2026-02-23 16:33:12.953035,6
Y_STR01753,Y_U0040,Y0037,2026-02-22 02:16:34.955824,94
Y_STR01754,Y_U0013,Y0049,2026-02-20 16:37:29.170397,65
Y_STR01755,Y_U0089,Y0027,2026-02-27 05:01:14.347768,154
Y_STR01756,Y_U0009,Y0038,2026-02-10 05:14:12.254281,5
Y_STR01757,Y_U0078,Y0033,2026-02-18 08:31:01.657906,132
Y_STR01758,Y_U0083,Y0048,2026-02-17 01:26:52.156108,26
Y_STR01759,Y_U0068,Y0006,2026-02-15 05:23:50.221914,259
Y_STR01760,Y_U0097,Y0018,2026-02-02 04:55:02.769732,118
Y_STR01761,Y_U0010,Y0013,2026-02-06 11:34:13.279000,135
Y_STR01762,Y_U0090,Y0025,2026-02-04 21:02:52.974742,128
Y_STR01763,Y_U0030,Y0050,2026-02-25 13:29:36.589001,43
Y_STR01764,Y_U0080,Y0042,2026-02-24 16:20:09.818904,213
Y_STR01765,Y_U0067,Y0033,2026-02-26 14:50:59.584979,48
Y_STR01766,Y_U0054,Y0048,2026-03-02 08:10:08.639315,83
Y_STR01767,Y_U0078,Y0024,2026-02-02 17:06:48.232147,177
Y_STR01768,Y_U0075,Y0030,2026-02-26 04:58:40.083829,130
Y_STR01769,Y_U0055,Y0017,2026-02-03 21:09:32.677909,45
Y_STR01770,Y_U0029,Y0037,2026-02-27 06:54:50.486825,132
Y_STR01771,Y_U0039,Y0031,2026-02-10 10:32:20.136064,67
Y_STR01772,Y_U0072,Y0039,2026-02-19 19:47:59.517398,288
Y_STR01773,Y_U0017,Y0033,2026-02-18 01:22:28.854496,26
Y_STR01774,Y_U0026,Y0037,2026-02-25 01:40:34.513163,124
Y_STR01775,Y_U0041,Y0036,2026-02-17 03:23:13.493154,122
Y_STR01776,Y_U0048,Y0038,2026-02-17 01:34:30.560468,175
Y_STR01777,Y_U0078,Y0046,2026-02-20 19:10:42.690475,166
Y_STR01778,Y_U0029,Y0038,2026-02-05 16:34:26.748622,42
Y_STR01779,Y_U0035,Y0017,2026-02-17 14:19:59.372266,50
Y_STR01780,Y_U0024,Y0033,2026-02-17 15:29:27.309207,156
Y_STR01781,Y_U0054,Y0036,2026-02-14 14:16:56.941046,50
Y_STR01782,Y_U0072,Y0045,2026-02-01 06:45:55.058306,80
Y_STR01783,Y_U0081,Y0036,2026-02-15 20:34:59.921613,196
Y_STR01784,Y_U0069,Y0046,2026-02-19 17:49:55.002819,130
Y_STR01785,Y_U0068,Y0041,2026-02-06 20:47:23.889817,195
Y_STR01786,Y_U0044,Y0004,2026-02-14 10:05:35.215508,206
Y_STR01787,Y_U0072,Y0029,2026-02-25 01:32:33.223702,333
Y_STR01788,Y_U0011,Y0045,2026-02-19 04:58:48.785966,110
Y_STR01789,Y_U0061,Y0022,2026-01-31 16:14:23.562907,70
Y_STR01790,Y_U0046,Y0033,2026-02-03 11:22:17.608703,165
Y_STR01791,Y_U0031,Y0034,2026-02-09 19:36:33.503309,55
Y_STR01792,Y_U0022,Y0048,2026-02-09 10:29:45.262716,11
Y_STR01793,Y_U0091,Y0047,2026-01-31 14:12:12.163974,56
Y_STR01794,Y_U0063,Y0042,2026-03-01 23:46:52.315924,17
Y_STR01795,Y_U0078,Y0016,2026-02-24 12:27:01.155580,39
Y_STR01796,Y_U0033,Y0031,2026-02-27 11:15:02.605742,68
Y_STR01797,Y_U0010,Y0006,2026-02-12 16:59:15.134101,294
Y_STR01798,Y_U0018,Y0044,2026-02-24 01:31:43.860415,134
Y_STR01799,Y_U0017,Y0035,2026-02-22 02:28:12.644306,37
Y_STR01800,Y_U0073,Y0011,2026-02-27 21:54:47.018798,64
Y_STR01801,Y_U0011,Y0044,2026-02-24 13:18:16.941110,205
Y_STR01802,Y_U0092,Y0009,2026-02-14 00:07:45.443520,142
Y_STR01803,Y_U0021,Y0033,2026-02-17 14:06:25.647883,19
Y_STR01804,Y_U0048,Y0046,2026-02-05 10:57:25.541734,66
Y_STR01805,Y_U0002,Y0026,2026-02-06 08:12:33.171451,220
Y_STR01806,Y_U0022,Y0031,2026-02-01 16:18:11.556069,41
Y_STR01807,Y_U0063,Y0014,2026-02-22 22:03:53.923595,307
Y_STR01808,Y_U0027,Y0050,2026-02-21 13:19:05.428730,261
Y_STR01809,Y_U0051,Y0041,2026-02-17 06:16:26.894660,128
Y_STR01810,Y_U0063,Y0031,2026-02-16 08:34:51.488081,112
Y_STR01811,Y_U0060,Y0050,2026-02-08 11:33:44.618875,131
Y_STR01812,Y_U0033,Y0045,2026-02-28 19:07:18.492762,166
Y_STR01813,Y_U0044,Y0010,2026-02-23 09:05:04.590912,260
Y_STR01814,Y_U0087,Y0035,2026-02-05 22:18:15.085424,64
Y_STR01815,Y_U0057,Y0047,2026-02-14 08:14:29.157960,37
Y_STR01816,Y_U0039,Y0038,2026-02-20 15:47:25.302986,67
Y_STR01817,Y_U0050,Y0015,2026-02-06 23:02:15.804863,202
Y_STR01818,Y_U0044,Y0045,2026-02-23 16:33:12.325369,130
Y_STR01819,Y_U0084,Y0028,2026-01-31 22:02:44.974497,79
Y_STR01820,Y_U0029,Y0015,2026-02-11 23:08:03.741291,25
Y_STR01821,Y_U0050,Y0037,2026-02-02 19:00:09.152405,136
Y_STR01822,Y_U0014,Y0019,2026-02-01 11:49:13.126475,95
Y_STR01823,Y_U0034,Y0002,2026-02-01 02:42:57.811873,277
Y_STR01824,Y_U0069,Y0044,2026-02-08 08:00:18.970434,150
Y_STR01825,Y_U0013,Y0045,2026-02-05 18:57:01.006119,28
Y_STR01826,Y_U0013,Y0043,2026-02-15 04:06:28.080713,36
Y_STR01827,Y_U0042,Y0015,2026-02-16 15:48:11.330503,239
Y_STR01828,Y_U0019,Y0048,2026-02-28 04:26:10.046104,233
Y_STR01829,Y_U0090,Y0048,2026-02-22 10:44:12.811763,164
Y_STR01830,Y_U0050,Y0043,2026-02-06 23:26:04.361732,31
Y_STR01831,Y_U0003,Y0029,2026-02-27 01:47:00.796042,135
Y_STR01832,Y_U0003,Y0043,2026-02-27 07:45:23.186383,146
Y_STR01833,Y_U0025,Y0030,2026-02-03 10:17:16.857023,34
Y_STR01834,Y_U0008,Y0043,2026-02-17 01:56:54.151575,64
Y_STR01835,Y_U0071,Y0017,2026-02-20 16:35:39.858825,70
Y_STR01836,Y_U0090,Y0043,2026-02-12 02:18:26.773795,97
Y_STR01837,Y_U0086,Y0044,2026-02-26 04:01:35.015587,58
Y_STR01838,Y_U0043,Y0023,2026-02-04 04:30:11.270198,163
Y_STR01839,Y_U0065,Y0035,2026-02-23 01:04:45.869080,94
Y_STR01840,Y_U0069,Y0041,2026-02-26 13:52:26.927127,167
Y_STR01841,Y_U0063,Y0017,2026-02-20 13:39:33.375009,58
Y_STR01842,Y_U0049,Y0042,2026-02-14 03:32:48.735675,25
Y_STR01843,Y_U0084,Y0023,2026-02-23 01:28:17.341790,72
Y_STR01844,Y_U0058,Y0049,2026-02-05 15:12:03.844622,26
Y_STR01845,Y_U0050,Y0032,2026-02-18 09:25:20.452914,103
Y_STR01846,Y_U0067,Y0025,2026-02-06 09:52:11.318429,105
Y_STR01847,Y_U0049,Y0040,2026-02-24 17:09:50.520889,8
Y_STR01848,Y_U0073,Y0036,2026-02-09 11:32:30.318331,32
Y_STR01849,Y_U0093,Y0041,2026-02-19 02:07:29.299483,242
Y_STR01850,Y_U0087,Y0042,2026-02-03 07:33:20.432585,10
Y_STR01851,Y_U0002,Y0044,2026-02-18 21:51:26.083537,147
Y_STR01852,Y_U0100,Y0041,2026-02-28 07:49:12.120021,200
Y_STR01853,Y_U0083,Y0027,2026-02-03 11:01:26.109696,200
Y_STR01854,Y_U0091,Y0006,2026-02-05 02:43:20.461355,214
Y_STR01855,Y_U0026,Y0036,2026-02-14 03:22:16.123758,56
Y_STR01856,Y_U0084,Y0047,2026-02-07 02:32:40.262614,84
Y_STR01857,Y_U0073,Y0022,2026-02-24 20:46:23.321218,27
Y_STR01858,Y_U0047,Y0042,2026-02-03 00:39:03.976495,35
Y_STR01859,Y_U0013,Y0024,2026-03-01 04:02:51.451029,266
Y_STR01860,Y_U0073,Y0039,2026-02-01 18:48:18.434799,261
Y_STR01861,Y_U0084,Y0046,2026-02-07 21:10:50.989989,41
Y_STR01862,Y_U0008,Y0043,2026-02-15 11:35:05.165378,11
Y_STR01863,Y_U0067,Y0048,2026-02-01 20:59:36.050395,98
Y_STR01864,Y_U0099,Y0046,2026-02-16 09:26:22.131130,160
Y_STR01865,Y_U0050,Y0005,2026-02-26 20:52:09.416646,20
Y_STR01866,Y_U0021,Y0010,2026-02-14 08:35:26.604668,120
Y_STR01867,Y_U0097,Y0034,2026-02-26 23:45:28.401509,190
Y_STR01868,Y_U0060,Y0027,2026-02-10 12:16:51.595605,78
Y_STR01869,Y_U0099,Y0034,2026-02-02 12:44:41.253087,40
Y_STR01870,Y_U0011,Y0018,2026-02-25 10:11:15.187157,275
Y_STR01871,Y_U0089,Y0007,2026-02-03 00:02:56.582313,47
Y_STR01872,Y_U0072,Y0024,2026-02-24 22:40:11.118292,69
Y_STR01873,Y_U0020,Y0009,2026-03-01 16:52:32.408039,11
Y_STR01874,Y_U0092,Y0048,2026-02-19 02:19:29.753696,121
Y_STR01875,Y_U0081,Y0018,2026-02-05 11:25:35.872598,183
Y_STR01876,Y_U0064,Y0039,2026-02-11 18:23:02.312948,346
Y_STR01877,Y_U0024,Y0046,2026-02-27 18:34:48.356310,112
Y_STR01878,Y_U0077,Y0034,2026-02-18 15:04:58.964653,74
Y_STR01879,Y_U0059,Y0045,2026-02-21 03:10:53.859813,124
Y_STR01880,Y_U0014,Y0010,2026-02-08 06:33:57.894524,215
Y_STR01881,Y_U0089,Y0025,2026-02-13 18:46:07.843017,19
Y_STR01882,Y_U0062,Y0046,2026-02-26 01:08:58.976125,120
Y_STR01883,Y_U0094,Y0038,2026-02-09 02:11:22.100773,146
Y_STR01884,Y_U0031,Y0034,2026-02-17 08:08:18.309340,38
Y_STR01885,Y_U0043,Y0050,2026-02-18 09:01:11.032886,189
Y_STR01886,Y_U0072,Y0035,2026-02-02 04:11:14.765814,84
Y_STR01887,Y_U0020,Y0016,2026-02-13 15:10:19.892899,259
Y_STR01888,Y_U0063,Y0014,2026-02-22 04:27:22.547078,118
Y_STR01889,Y_U0060,Y0045,2026-02-28 21:32:51.543173,118
Y_STR01890,Y_U0052,Y0023,2026-02-12 03:16:42.008218,9
Y_STR01891,Y_U0031,Y0045,2026-02-18 19:14:38.242778,91
Y_STR01892,Y_U0062,Y0038,2026-02-12 20:50:25.533071,179
Y_STR01893,Y_U0006,Y0028,2026-02-08 08:42:34.640106,100
Y_STR01894,Y_U0095,Y0050,2026-02-02 23:41:16.039678,334
Y_STR01895,Y_U0037,Y0050,2026-02-25 11:19:09.181132,115
Y_STR01896,Y_U0071,Y0029,2026-02-07 22:23:00.016947,322
Y_STR01897,Y_U0043,Y0037,2026-02-03 02:42:13.485599,7
Y_STR01898,Y_U0067,Y0044,2026-02-12 06:58:46.653954,240
Y_STR01899,Y_U0005,Y0034,2026-02-14 18:08:35.685778,195
Y_STR01900,Y_U0022,Y0045,2026-02-11 07:39:43.013147,48
Y_STR01901,Y_U0029,Y0036,2026-02-26 00:04:24.175177,276
Y_STR01902,Y_U0050,Y0005,2026-02-15 21:58:29.548122,11
Y_STR01903,Y_U0021,Y0017,2026-02-17 02:06:30.497787,22
Y_STR01904,Y_U0060,Y0046,2026-02-24 00:43:31.392572,132
Y_STR01905,Y_U0064,Y0048,2026-02-19 12:13:01.563239,183
Y_STR01906,Y_U0078,Y0048,2026-02-06 13:11:53.926966,33
Y_STR01907,Y_U0091,Y0047,2026-02-22 12:52:25.651603,58
Y_STR01908,Y_U0073,Y0030,2026-02-23 08:07:40.288650,98
Y_STR01909,Y_U0004,Y0042,2026-02-26 05:26:23.794914,45
Y_STR01910,Y_U0099,Y0048,2026-02-22 14:51:48.057129,93
Y_STR01911,Y_U0088,Y0036,2026-02-01 10:11:42.719153,126
Y_STR01912,Y_U0006,Y0017,2026-02-13 10:31:20.153071,29
Y_STR01913,Y_U0028,Y0027,2026-02-26 18:18:31.034002,146
Y_STR01914,Y_U0017,Y0012,2026-03-01 07:33:17.905225,170
Y_STR01915,Y_U0050,Y0023,2026-02-22 15:38:37.257893,33
Y_STR01916,Y_U0021,Y0035,2026-02-09 17:39:33.452402,277
Y_STR01917,Y_U0043,Y0035,2026-02-01 06:16:06.068155,184
Y_STR01918,Y_U0054,Y0047,2026-02-10 09:22:23.419518,148
Y_STR01919,Y_U0063,Y0020,2026-02-18 10:52:53.479831,125
Y_STR01920,Y_U0029,Y0028,2026-02-15 04:13:26.522695,53
Y_STR01921,Y_U0021,Y0025,2026-02-20 19:26:12.680885,179
Y_STR01922,Y_U0004,Y0006,2026-03-01 12:43:45.767464,260
Y_STR01923,Y_U0078,Y0045,2026-02-16 20:08:12.026577,111
Y_STR01924,Y_U0083,Y0045,2026-02-23 05:40:06.599662,15
Y_STR01925,Y_U0009,Y0044,2026-03-02 06:45:51.390799,228
Y_STR01926,Y_U0024,Y0024,2026-02-25 08:04:59.607154,297
Y_STR01927,Y_U0022,Y0023,2026-02-20 11:27:23.244524,211
Y_STR01928,Y_U0024,Y0039,2026-02-16 12:22:03.384217,38
Y_STR01929,Y_U0027,Y0045,2026-02-28 10:33:55.485572,177
Y_STR01930,Y_U0058,Y0035,2026-02-16 23:03:51.739624,78
Y_STR01931,Y_U0009,Y0015,2026-02-13 01:01:40.527519,21
Y_STR01932,Y_U0068,Y0040,2026-02-20 07:19:26.438258,112
Y_STR01933,Y_U0014,Y0049,2026-02-14 21:01:23.187568,71
Y_STR01934,Y_U0040,Y0027,2026-02-28 07:09:22.980891,187
Y_STR01935,Y_U0099,Y0018,2026-02-02 02:25:01.983883,172
Y_STR01936,Y_U0060,Y0027,2026-02-22 10:49:59.700717,51
Y_STR01937,Y_U0022,Y0049,2026-02-03 20:37:28.308185,40
Y_STR01938,Y_U0100,Y0018,2026-02-07 20:46:41.599124,179
Y_STR01939,Y_U0072,Y0046,2026-02-28 00:13:29.912012,55
Y_STR01940,Y_U0056,Y0045,2026-02-19 23:42:02.721996,56
Y_STR01941,Y_U0094,Y0022,2026-02-13 10:37:58.277022,27
Y_STR01942,Y_U0067,Y0031,2026-01-31 12:36:44.212469,132
Y_STR01943,Y_U0075,Y0032,2026-03-01 20:13:54.033253,164
Y_STR01944,Y_U0050,Y0018,2026-02-02 23:28:53.807189,169
Y_STR01945,Y_U0055,Y0023,2026-02-21 07:54:09.237128,191
Y_STR01946,Y_U0088,Y0040,2026-02-18 18:57:18.399591,99
Y_STR01947,Y_U0079,Y0031,2026-02-22 04:42:34.136500,85
Y_STR01948,Y_U0048,Y0046,2026-02-05 01:16:05.595508,51
Y_STR01949,Y_U0060,Y0016,2026-02-02 20:27:08.648128,214
Y_STR01950,Y_U0050,Y0040,2026-02-06 02:56:59.379202,33
Y_STR01951,Y_U0048,Y0018,2026-02-19 07:57:57.375955,146
Y_STR01952,Y_U0086,Y0050,2026-02-16 18:55:41.705527,76
Y_STR01953,Y_U0094,Y0042,2026-02-20 03:58:30.285700,273
Y_STR01954,Y_U0008,Y0047,2026-02-27 18:22:44.024321,210
Y_STR01955,Y_U0040,Y0024,2026-02-09 03:29:22.705431,185
Y_STR01956,Y_U0075,Y0040,2026-02-17 14:23:10.543079,28
Y_STR01957,Y_U0036,Y0035,2026-02-09 00:49:41.944191,64
Y_STR01958,Y_U0035,Y0024,2026-02-06 22:24:21.691982,106
Y_STR01959,Y_U0076,Y0033,2026-02-24 18:49:23.613930,49
Y_STR01960,Y_U0034,Y0048,2026-02-20 21:32:37.110538,178
Y_STR01961,Y_U0071,Y0050,2026-02-05 10:56:33.241296,234
Y_STR01962,Y_U0006,Y0030,2026-02-18 08:52:22.652235,131
Y_STR01963,Y_U0050,Y0039,2026-01-31 17:17:12.012547,177
Y_STR01964,Y_U0078,Y0022,2026-02-10 11:36:43.866170,143
Y_STR01965,Y_U0035,Y0037,2026-02-03 08:42:34.861206,148
Y_STR01966,Y_U0069,Y0033,2026-02-02 06:41:37.662462,58
Y_STR01967,Y_U0068,Y0043,2026-02-19 09:01:06.136306,112
Y_STR01968,Y_U0065,Y0030,2026-03-02 08:56:11.039298,109
Y_STR01969,Y_U0096,Y0021,2026-02-24 19:04:10.190065,103
Y_STR01970,Y_U0068,Y0038,2026-02-22 11:49:35.976784,181
Y_STR01971,Y_U0084,Y0045,2026-02-14 20:39:37.725372,201
Y_STR01972,Y_U0016,Y0023,2026-02-27 12:43:22.723333,162
Y_STR01973,Y_U0029,Y0038,2026-02-19 08:39:22.827193,103
Y_STR01974,Y_U0033,Y0031,2026-02-07 11:50:43.525718,36
Y_STR01975,Y_U0012,Y0026,2026-02-22 06:23:11.495167,61
Y_STR01976,Y_U0004,Y0040,2026-02-05 01:43:48.102695,116
Y_STR01977,Y_U0018,Y0045,2026-02-22 17:24:09.108124,12
Y_STR01978,Y_U0026,Y0032,2026-02-04 03:08:55.164436,193
Y_STR01979,Y_U0091,Y0013,2026-02-25 06:32:30.179514,127
Y_STR01980,Y_U0047,Y0043,2026-02-07 04:19:28.778141,114
Y_STR01981,Y_U0073,Y0021,2026-02-24 14:22:33.690238,249
Y_STR01982,Y_U0057,Y0050,2026-02-26 07:46:50.506671,309
Y_STR01983,Y_U0062,Y0044,2026-02-11 11:16:07.602543,171
Y_STR01984,Y_U0024,Y0030,2026-02-16 05:49:28.636639,118
Y_STR01985,Y_U0023,Y0049,2026-02-10 13:14:28.470601,26
Y_STR01986,Y_U0080,Y0026,2026-02-03 02:25:53.965992,149
Y_STR01987,Y_U0016,Y0047,2026-02-19 12:42:22.865196,83
Y_STR01988,Y_U0071,Y0043,2026-03-01 14:54:26.955457,105
Y_STR01989,Y_U0029,Y0019,2026-02-17 18:58:51.450538,19
Y_STR01990,Y_U0060,Y0039,2026-02-21 03:05:08.304007,255
Y_STR01991,Y_U0004,Y0017,2026-02-18 06:17:46.836501,8
Y_STR01992,Y_U0015,Y0033,2026-02-17 03:56:03.960481,101
Y_STR01993,Y_U0065,Y0041,2026-02-13 08:03:30.141000,42
Y_STR01994,Y_U0049,Y0028,2026-02-02 11:40:27.026612,286
Y_STR01995,Y_U0052,Y0026,2026-02-13 15:41:01.264241,21
Y_STR01996,Y_U0047,Y0043,2026-02-14 15:50:27.975259,151
Y_STR01997,Y_U0050,Y0017,2026-02-08 10:12:57.311053,51
Y_STR01998,Y_U0092,Y0026,2026-02-13 01:22:33.675804,194
Y_STR01999,Y_U0055,Y0029,2026-03-02 03:52:21.094539,103
Y_STR02000,Y_U0066,Y0037,2026-02-05 09:32:48.379978,154
Y_STR02001,Y_U0006,Y0047,2026-02-25 23:07:33.730662,92
Y_STR02002,Y_U0056,Y0037,2026-02-22 02:03:06.645212,128
Y_STR02003,Y_U0026,Y0050,2026-02-14 16:07:49.428083,277
Y_STR02004,Y_U0023,Y0038,2026-02-20 09:39:35.368181,5
Y_STR02005,Y_U0060,Y0046,2026-02-27 23:03:34.775559,93
Y_STR02006,Y_U0006,Y0013,2026-02-02 16:42:32.491122,148
Y_STR02007,Y_U0086,Y0048,2026-02-02 22:17:10.782334,257
Y_STR02008,Y_U0040,Y0023,2026-02-11 22:29:20.216197,246
Y_STR02009,Y_U0043,Y0037,2026-02-28 00:03:37.146632,113
Y_STR02010,Y_U0044,Y0017,2026-02-17 10:09:13.672898,74
Y_STR02011,Y_U0090,Y0010,2026-02-06 07:32:34.637727,229
Y_STR02012,Y_U0016,Y0047,2026-02-04 06:15:34.134297,187
Y_STR02013,Y_U0073,Y0015,2026-02-15 14:56:43.240049,95
Y_STR02014,Y_U0047,Y0022,2026-02-05 05:37:04.461819,170
Y_STR02015,Y_U0039,Y0037,2026-02-08 14:28:18.630875,142
Y_STR02016,Y_U0071,Y0046,2026-02-26 03:15:24.151297,136
Y_STR02017,Y_U0007,Y0044,2026-02-05 05:02:38.174885,112
Y_STR02018,Y_U0020,Y0035,2026-02-25 11:51:03.315838,123
Y_STR02019,Y_U0074,Y0046,2026-02-06 08:15:59.983233,163
Y_STR02020,Y_U0040,Y0050,2026-01-31 19:51:04.532094,86
Y_STR02021,Y_U0067,Y0029,2026-02-18 07:58:08.654349,169
Y_STR02022,Y_U0024,Y0044,2026-02-22 17:55:22.495981,329
Y_STR02023,Y_U0028,Y0004,2026-02-24 09:21:10.535942,139
Y_STR02024,Y_U0093,Y0026,2026-02-10 00:47:47.246775,174
Y_STR02025,Y_U0037,Y0038,2026-02-10 11:21:00.618068,34
Y_STR02026,Y_U0059,Y0019,2026-02-06 06:18:36.915258,330
Y_STR02027,Y_U0060,Y0038,2026-02-09 08:59:12.198138,113
Y_STR02028,Y_U0082,Y0050,2026-02-17 07:57:20.320899,178
Y_STR02029,Y_U0008,Y0049,2026-02-09 20:37:47.217970,54
Y_STR02030,Y_U0079,Y0044,2026-02-20 13:18:32.456682,38
Y_STR02031,Y_U0044,Y0048,2026-02-13 16:47:03.789454,156
Y_STR02032,Y_U0045,Y0048,2026-02-08 00:39:30.794407,102
Y_STR02033,Y_U0007,Y0025,2026-02-25 00:16:14.272592,115
Y_STR02034,Y_U0081,Y0045,2026-02-15 05:42:52.630243,131
Y_STR02035,Y_U0044,Y0030,2026-02-03 17:43:05.581350,45
Y_STR02036,Y_U0051,Y0023,2026-02-25 07:53:44.320364,187
Y_STR02037,Y_U0081,Y0024,2026-02-03 13:25:12.369858,18
Y_STR02038,Y_U0064,Y0041,2026-02-14 20:35:55.022207,170
Y_STR02039,Y_U0041,Y0039,2026-02-24 11:28:00.152137,131
Y_STR02040,Y_U0083,Y0037,2026-02-26 17:11:23.707309,19
Y_STR02041,Y_U0055,Y0015,2026-02-03 06:52:36.629183,253
Y_STR02042,Y_U0056,Y0037,2026-02-25 10:35:24.682972,93
Y_STR02043,Y_U0038,Y0042,2026-02-23 02:47:22.133103,13
Y_STR02044,Y_U0050,Y0022,2026-02-22 22:21:35.444971,206
Y_STR02045,Y_U0041,Y0023,2026-02-17 12:03:59.723495,227
Y_STR02046,Y_U0046,Y0032,2026-02-04 10:14:58.102289,24
Y_STR02047,Y_U0033,Y0022,2026-02-11 22:54:16.022505,172
Y_STR02048,Y_U0084,Y0046,2026-02-18 11:57:39.558630,91
Y_STR02049,Y_U0100,Y0044,2026-02-18 21:28:56.111339,250
Y_STR02050,Y_U0041,Y0045,2026-02-19 23:18:53.568180,121
Y_STR02051,Y_U0052,Y0029,2026-03-01 08:57:20.778929,180
Y_STR02052,Y_U0100,Y0048,2026-02-25 05:29:17.116396,46
Y_STR02053,Y_U0027,Y0044,2026-02-16 18:42:31.772133,320
Y_STR02054,Y_U0006,Y0024,2026-02-13 15:40:52.218827,321
Y_STR02055,Y_U0001,Y0017,2026-02-11 22:01:46.827294,88
Y_STR02056,Y_U0064,Y0031,2026-02-25 04:02:20.956735,113
Y_STR02057,Y_U0034,Y0040,2026-02-17 13:32:10.648244,20
Y_STR02058,Y_U0044,Y0044,2026-02-03 20:18:11.726485,303
Y_STR02059,Y_U0087,Y0048,2026-02-03 16:37:29.315853,112
Y_STR02060,Y_U0053,Y0043,2026-02-12 12:11:50.782614,117
Y_STR02061,Y_U0012,Y0035,2026-02-08 11:13:54.979852,99
Y_STR02062,Y_U0076,Y0025,2026-02-03 20:13:11.236598,213
Y_STR02063,Y_U0062,Y0029,2026-02-06 08:31:30.503772,159
Y_STR02064,Y_U0054,Y0047,2026-02-08 14:31:27.174642,271
Y_STR02065,Y_U0058,Y0025,2026-02-02 21:31:34.552379,123
Y_STR02066,Y_U0013,Y0031,2026-03-01 07:29:50.981881,21
Y_STR02067,Y_U0030,Y0020,2026-02-07 08:12:33.421291,67
Y_STR02068,Y_U0019,Y0032,2026-02-08 16:18:57.443579,205
Y_STR02069,Y_U0012,Y0026,2026-02-16 04:20:30.741981,134
Y_STR02070,Y_U0049,Y0044,2026-02-18 15:13:59.273351,246
Y_STR02071,Y_U0051,Y0047,2026-02-01 16:39:42.878395,291
Y_STR02072,Y_U0078,Y0010,2026-02-15 17:58:02.737887,201
Y_STR02073,Y_U0083,Y0007,2026-02-21 21:32:33.926625,135
Y_STR02074,Y_U0069,Y0039,2026-02-23 11:09:16.729454,21
Y_STR02075,Y_U0038,Y0014,2026-02-02 07:02:08.772107,195
Y_STR02076,Y_U0012,Y0033,2026-02-14 02:40:29.219762,100
Y_STR02077,Y_U0076,Y0048,2026-02-14 17:57:04.341776,120
Y_STR02078,Y_U0026,Y0048,2026-02-27 23:01:50.563646,152
Y_STR02079,Y_U0036,Y0045,2026-02-28 07:05:51.635473,8
Y_STR02080,Y_U0079,Y0043,2026-02-15 16:52:03.091074,47
Y_STR02081,Y_U0074,Y0050,2026-02-05 17:19:49.872317,63
Y_STR02082,Y_U0038,Y0038,2026-02-28 20:47:27.659852,36
Y_STR02083,Y_U0056,Y0025,2026-02-20 04:36:44.937418,197
Y_STR02084,Y_U0025,Y0048,2026-02-28 09:14:38.696640,83
Y_STR02085,Y_U0023,Y0047,2026-03-02 07:39:19.344585,237
Y_STR02086,Y_U0066,Y0022,2026-02-05 11:00:39.460153,159
Y_STR02087,Y_U0003,Y0031,2026-02-02 13:47:56.117275,142
Y_STR02088,Y_U0049,Y0021,2026-02-26 13:53:39.363267,181
Y_STR02089,Y_U0011,Y0035,2026-02-17 02:45:05.709517,9
Y_STR02090,Y_U0043,Y0026,2026-02-08 00:44:17.685393,181
Y_STR02091,Y_U0070,Y0028,2026-02-09 18:54:46.916758,242
Y_STR02092,Y_U0027,Y0036,2026-02-07 02:47:06.116441,185
Y_STR02093,Y_U0084,Y0049,2026-02-19 05:28:04.821514,66
Y_STR02094,Y_U0028,Y0047,2026-02-25 20:42:47.644956,7
Y_STR02095,Y_U0070,Y0048,2026-02-08 18:54:45.673266,265
Y_STR02096,Y_U0076,Y0047,2026-02-24 13:03:50.853723,80
Y_STR02097,Y_U0084,Y0046,2026-02-12 04:30:07.631384,141
Y_STR02098,Y_U0023,Y0032,2026-02-09 01:46:21.493365,18
Y_STR02099,Y_U0085,Y0036,2026-02-17 12:53:52.233675,128
Y_STR02100,Y_U0062,Y0034,2026-02-22 16:24:49.341779,181
Y_STR02101,Y_U0007,Y0027,2026-02-14 18:22:09.073684,29
Y_STR02102,Y_U0057,Y0044,2026-02-04 15:27:53.031376,257
Y_STR02103,Y_U0006,Y0018,2026-02-14 20:01:14.981264,27
Y_STR02104,Y_U0024,Y0035,2026-02-09 01:35:51.489375,121
Y_STR02105,Y_U0090,Y0046,2026-02-08 04:29:34.687534,43
Y_STR02106,Y_U0075,Y0049,2026-02-02 12:26:20.308048,55
Y_STR02107,Y_U0088,Y0016,2026-02-15 15:07:44.786905,75
Y_STR02108,Y_U0093,Y0025,2026-02-14 12:02:29.470820,84
Y_STR02109,Y_U0050,Y0023,2026-02-17 01:30:41.807862,227
Y_STR02110,Y_U0019,Y0023,2026-02-24 18:35:13.708710,139
Y_STR02111,Y_U0078,Y0034,2026-02-23 17:09:56.483962,156
Y_STR02112,Y_U0012,Y0049,2026-02-07 17:23:00.778866,97
Y_STR02113,Y_U0045,Y0045,2026-02-16 02:22:05.805245,101
Y_STR02114,Y_U0004,Y0042,2026-02-05 14:49:28.332775,231
Y_STR02115,Y_U0074,Y0030,2026-02-06 13:59:11.481068,37
Y_STR02116,Y_U0048,Y0016,2026-02-25 06:29:55.688530,188
Y_STR02117,Y_U0095,Y0038,2026-02-16 17:30:01.914910,18
Y_STR02118,Y_U0074,Y0044,2026-02-16 09:03:40.940248,138
Y_STR02119,Y_U0071,Y0044,2026-02-10 22:22:01.124892,52
Y_STR02120,Y_U0012,Y0040,2026-02-11 19:43:28.858073,53
Y_STR02121,Y_U0023,Y0019,2026-02-23 10:37:55.228257,147
Y_STR02122,Y_U0076,Y0045,2026-02-21 07:09:31.625311,162
Y_STR02123,Y_U0061,Y0019,2026-02-28 05:12:16.239042,164
Y_STR02124,Y_U0032,Y0049,2026-02-05 17:44:02.884676,53
Y_STR02125,Y_U0091,Y0031,2026-02-18 06:48:52.511696,18
Y_STR02126,Y_U0017,Y0027,2026-02-25 01:38:34.059651,160
Y_STR02127,Y_U0090,Y0044,2026-02-23 16:41:56.900551,67
Y_STR02128,Y_U0071,Y0037,2026-02-27 14:33:38.585182,100
Y_STR02129,Y_U0007,Y0025,2026-02-11 06:18:51.687762,166
Y_STR02130,Y_U0075,Y0048,2026-02-27 09:05:59.477917,252
Y_STR02131,Y_U0076,Y0049,2026-01-31 23:33:54.358547,24
Y_STR02132,Y_U0059,Y0037,2026-02-10 05:05:17.741692,30
Y_STR02133,Y_U0078,Y0026,2026-02-10 01:26:34.099816,146
Y_STR02134,Y_U0074,Y0045,2026-02-26 01:06:35.566493,196
Y_STR02135,Y_U0091,Y0043,2026-02-05 22:33:12.692338,114
Y_STR02136,Y_U0071,Y0049,2026-02-02 18:20:50.084450,76
Y_STR02137,Y_U0030,Y0035,2026-02-13 01:50:03.745506,228
Y_STR02138,Y_U0059,Y0045,2026-02-03 23:05:29.982768,198
Y_STR02139,Y_U0045,Y0015,2026-02-23 16:52:43.566522,196
Y_STR02140,Y_U0098,Y0014,2026-02-03 14:27:27.444108,178
Y_STR02141,Y_U0081,Y0038,2026-02-03 09:48:34.803833,58
Y_STR02142,Y_U0010,Y0029,2026-02-23 07:20:56.666688,271
Y_STR02143,Y_U0044,Y0016,2026-02-19 06:06:05.361573,32
Y_STR02144,Y_U0048,Y0037,2026-02-27 15:13:08.803035,75
Y_STR02145,Y_U0056,Y0022,2026-02-08 21:08:41.715135,60
Y_STR02146,Y_U0035,Y0032,2026-02-17 06:56:44.935189,67
Y_STR02147,Y_U0033,Y0016,2026-02-15 01:49:09.207343,33
Y_STR02148,Y_U0094,Y0012,2026-02-25 18:14:30.662109,149
Y_STR02149,Y_U0011,Y0030,2026-02-17 07:07:35.161848,15
Y_STR02150,Y_U0002,Y0021,2026-02-19 19:44:26.474751,176
Y_STR02151,Y_U0067,Y0035,2026-02-07 17:12:29.443133,128
Y_STR02152,Y_U0079,Y0048,2026-02-25 10:16:25.022829,220
Y_STR02153,Y_U0007,Y0048,2026-02-24 07:12:39.139734,246
Y_STR02154,Y_U0028,Y0042,2026-02-20 03:31:25.929018,69
Y_STR02155,Y_U0071,Y0034,2026-02-19 04:56:17.230106,160
Y_STR02156,Y_U0098,Y0020,2026-02-04 05:54:01.056314,111
Y_STR02157,Y_U0075,Y0038,2026-02-13 10:30:06.013951,11
Y_STR02158,Y_U0082,Y0043,2026-02-08 00:53:51.875805,13
Y_STR02159,Y_U0058,Y0043,2026-02-15 20:42:14.247371,81
Y_STR02160,Y_U0055,Y0028,2026-02-02 01:01:11.171277,117
Y_STR02161,Y_U0076,Y0015,2026-03-01 09:16:30.569633,144
Y_STR02162,Y_U0056,Y0035,2026-02-23 05:20:00.714728,43
Y_STR02163,Y_U0053,Y0033,2026-02-12 14:53:04.453645,89
Y_STR02164,Y_U0026,Y0045,2026-02-04 09:00:29.600060,7
Y_STR02165,Y_U0020,Y0022,2026-02-11 03:56:06.638436,151
Y_STR02166,Y_U0014,Y0046,2026-02-17 07:32:14.429900,129
Y_STR02167,Y_U0006,Y0047,2026-02-28 04:40:03.005225,177
Y_STR02168,Y_U0053,Y0050,2026-02-01 11:56:45.036928,244
Y_STR02169,Y_U0027,Y0047,2026-02-02 21:12:25.670464,51
Y_STR02170,Y_U0009,Y0039,2026-02-01 10:11:38.875802,190
Y_STR02171,Y_U0019,Y0023,2026-02-05 19:57:49.758027,79
Y_STR02172,Y_U0006,Y0020,2026-02-21 11:54:35.669937,113
Y_STR02173,Y_U0048,Y0028,2026-02-10 23:35:15.584429,24
Y_STR02174,Y_U0098,Y0021,2026-02-14 14:37:19.976410,135
Y_STR02175,Y_U0052,Y0021,2026-02-17 23:14:34.508511,107
Y_STR02176,Y_U0008,Y0045,2026-02-25 15:02:36.276078,86
Y_STR02177,Y_U0085,Y0045,2026-02-10 06:58:54.635987,182
Y_STR02178,Y_U0070,Y0018,2026-02-13 16:42:54.076174,89
Y_STR02179,Y_U0096,Y0042,2026-02-28 16:03:12.423506,117
Y_STR02180,Y_U0098,Y0043,2026-02-23 07:55:33.234314,120
Y_STR02181,Y_U0046,Y0047,2026-02-13 02:08:32.410217,269
Y_STR02182,Y_U0038,Y0021,2026-02-10 06:31:21.330983,287
Y_STR02183,Y_U0082,Y0022,2026-02-06 22:39:28.536059,187
Y_STR02184,Y_U0026,Y0029,2026-02-08 03:28:41.831549,219
Y_STR02185,Y_U0100,Y0010,2026-02-23 12:59:07.019232,171
Y_STR02186,Y_U0074,Y0049,2026-02-13 09:16:40.471793,10
Y_STR02187,Y_U0053,Y0046,2026-02-19 08:34:05.009853,160
Y_STR02188,Y_U0009,Y0034,2026-03-01 21:17:00.296394,87
Y_STR02189,Y_U0014,Y0046,2026-02-25 18:06:37.255295,35
Y_STR02190,Y_U0042,Y0029,2026-03-02 02:32:07.711425,208
Y_STR02191,Y_U0082,Y0005,2026-03-02 10:46:29.997091,167
Y_STR02192,Y_U0065,Y0037,2026-02-01 22:00:54.731227,126
Y_STR02193,Y_U0029,Y0043,2026-02-15 07:09:15.536282,52
Y_STR02194,Y_U0005,Y0030,2026-02-20 10:28:15.307010,70
Y_STR02195,Y_U0007,Y0045,2026-02-13 20:02:24.777331,107
Y_STR02196,Y_U0065,Y0046,2026-02-10 05:48:56.719188,100
Y_STR02197,Y_U0078,Y0006,2026-02-05 02:10:48.885784,131
Y_STR02198,Y_U0045,Y0046,2026-02-18 20:22:48.425868,95
Y_STR02199,Y_U0049,Y0012,2026-02-05 13:38:32.842129,300
Y_STR02200,Y_U0099,Y0031,2026-02-27 00:31:39.167357,38
Y_STR02201,Y_U0004,Y0045,2026-02-28 06:45:47.189097,83
Y_STR02202,Y_U0043,Y0005,2026-02-18 04:19:03.191628,48
Y_STR02203,Y_U0063,Y0014,2026-02-04 06:39:20.393019,208
Y_STR02204,Y_U0085,Y0017,2026-02-01 15:30:44.278229,83
Y_STR02205,Y_U0005,Y0017,2026-02-17 17:15:45.149873,18
Y_STR02206,Y_U0043,Y0036,2026-02-17 05:37:02.459236,259
Y_STR02207,Y_U0069,Y0047,2026-02-08 04:25:51.510760,58
Y_STR02208,Y_U0075,Y0045,2026-03-02 09:57:43.019836,176
Y_STR02209,Y_U0065,Y0042,2026-02-21 23:02:33.206124,169
Y_STR02210,Y_U0020,Y0048,2026-02-25 17:09:48.939309,216
Y_STR02211,Y_U0076,Y0036,2026-02-16 21:21:17.739056,175
Y_STR02212,Y_U0096,Y0024,2026-02-06 13:20:14.474149,24
Y_STR02213,Y_U0057,Y0031,2026-02-03 06:22:11.660014,23
Y_STR02214,Y_U0076,Y0036,2026-02-17 08:26:23.853421,192
Y_STR02215,Y_U0092,Y0041,2026-02-08 03:07:40.138372,21
Y_STR02216,Y_U0031,Y0032,2026-02-23 13:18:47.251841,165
Y_STR02217,Y_U0033,Y0032,2026-02-02 04:38:49.231800,210
Y_STR02218,Y_U0070,Y0045,2026-02-12 12:14:24.783736,136
Y_STR02219,Y_U0005,Y0045,2026-02-13 08:38:15.981252,76
Y_STR02220,Y_U0054,Y0046,2026-02-07 06:35:39.828258,175
Y_STR02221,Y_U0088,Y0007,2026-02-14 20:28:07.732094,75
Y_STR02222,Y_U0066,Y0050,2026-03-02 09:29:40.901102,87
Y_STR02223,Y_U0075,Y0050,2026-02-11 19:35:05.250647,11
Y_STR02224,Y_U0030,Y0012,2026-02-05 02:48:32.428719,64
Y_STR02225,Y_U0078,Y0041,2026-02-01 00:08:44.907467,84
Y_STR02226,Y_U0033,Y0043,2026-02-25 04:53:12.858119,105
Y_STR02227,Y_U0030,Y0026,2026-02-02 07:33:30.526586,83
Y_STR02228,Y_U0055,Y0035,2026-02-09 08:20:47.390661,142
Y_STR02229,Y_U0013,Y0045,2026-02-10 09:23:58.925540,142
Y_STR02230,Y_U0030,Y0050,2026-02-14 13:24:08.688700,315
Y_STR02231,Y_U0028,Y0048,2026-02-08 08:30:18.861889,78
Y_STR02232,Y_U0031,Y0035,2026-02-06 04:59:22.105570,195
Y_STR02233,Y_U0061,Y0034,2026-02-11 02:53:28.968646,47
Y_STR02234,Y_U0071,Y0025,2026-02-22 23:38:45.080976,123
Y_STR02235,Y_U0090,Y0038,2026-02-07 06:52:37.775667,13
Y_STR02236,Y_U0070,Y0033,2026-03-02 04:18:16.823028,17
Y_STR02237,Y_U0020,Y0032,2026-02-24 13:36:16.534893,290
Y_STR02238,Y_U0015,Y0029,2026-02-13 11:08:59.977796,245
Y_STR02239,Y_U0057,Y0046,2026-02-24 11:11:17.995535,149
Y_STR02240,Y_U0100,Y0041,2026-02-19 11:42:02.334347,219
Y_STR02241,Y_U0074,Y0047,2026-02-03 20:12:41.881096,93
Y_STR02242,Y_U0095,Y0019,2026-03-01 19:42:26.052809,91
Y_STR02243,Y_U0087,Y0038,2026-02-13 15:44:00.663632,37
Y_STR02244,Y_U0099,Y0027,2026-02-05 12:16:39.753323,55
Y_STR02245,Y_U0086,Y0026,2026-02-04 04:38:51.662722,270
Y_STR02246,Y_U0008,Y0049,2026-02-17 09:25:50.004648,105
Y_STR02247,Y_U0096,Y0037,2026-02-03 20:30:00.600193,23
Y_STR02248,Y_U0043,Y0049,2026-02-06 15:07:24.298235,105
Y_STR02249,Y_U0048,Y0048,2026-02-27 00:50:10.947959,27
Y_STR02250,Y_U0070,Y0034,2026-02-04 22:19:51.826885,93
Y_STR02251,Y_U0087,Y0023,2026-02-22 06:51:12.054914,217
Y_STR02252,Y_U0035,Y0030,2026-02-15 15:47:10.161593,11
Y_STR02253,Y_U0027,Y0023,2026-02-07 16:54:42.129879,235
Y_STR02254,Y_U0084,Y0039,2026-02-26 20:14:41.424305,194
Y_STR02255,Y_U0012,Y0044,2026-02-22 20:49:44.128497,200
Y_STR02256,Y_U0025,Y0040,2026-02-13 00:57:24.179223,120
Y_STR02257,Y_U0002,Y0030,2026-02-06 15:25:43.186743,30
Y_STR02258,Y_U0022,Y0043,2026-02-08 19:49:23.981996,111
Y_STR02259,Y_U0088,Y0030,2026-02-17 00:44:26.464858,32
Y_STR02260,Y_U0053,Y0042,2026-02-20 20:39:00.802613,186
Y_STR02261,Y_U0054,Y0043,2026-02-26 13:47:40.155563,113
Y_STR02262,Y_U0020,Y0047,2026-03-02 00:38:41.971022,137
Y_STR02263,Y_U0081,Y0043,2026-02-16 16:24:43.106091,78
Y_STR02264,Y_U0004,Y0034,2026-02-05 18:23:32.301939,185
Y_STR02265,Y_U0061,Y0049,2026-02-17 13:01:28.295271,22
Y_STR02266,Y_U0085,Y0039,2026-02-09 09:15:41.606730,196
Y_STR02267,Y_U0071,Y0044,2026-02-15 07:45:10.869888,178
Y_STR02268,Y_U0029,Y0044,2026-02-13 19:19:36.821526,322
Y_STR02269,Y_U0091,Y0047,2026-02-17 11:19:00.488951,195
Y_STR02270,Y_U0031,Y0045,2026-02-23 21:34:30.897938,155
Y_STR02271,Y_U0014,Y0018,2026-02-11 11:19:16.016692,46
Y_STR02272,Y_U0046,Y0020,2026-01-31 17:34:04.004711,117
Y_STR02273,Y_U0058,Y0018,2026-02-28 22:56:28.458334,240
Y_STR02274,Y_U0075,Y0021,2026-02-11 10:27:49.719248,194
Y_STR02275,Y_U0096,Y0026,2026-02-19 13:22:13.000359,249
Y_STR02276,Y_U0097,Y0038,2026-02-27 17:31:31.182863,27
Y_STR02277,Y_U0003,Y0035,2026-03-02 10:04:52.409241,288
Y_STR02278,Y_U0023,Y0046,2026-02-21 05:36:01.971347,30
Y_STR02279,Y_U0090,Y0044,2026-02-22 02:28:24.614885,247
Y_STR02280,Y_U0014,Y0027,2026-02-11 21:10:36.945088,22
Y_STR02281,Y_U0042,Y0044,2026-02-19 19:58:42.245101,131
Y_STR02282,Y_U0041,Y0045,2026-02-23 10:51:02.995054,120
Y_STR02283,Y_U0009,Y0046,2026-02-21 22:43:33.969021,65
Y_STR02284,Y_U0040,Y0046,2026-02-24 13:02:25.309969,132
Y_STR02285,Y_U0088,Y0032,2026-02-03 04:09:44.928697,175
Y_STR02286,Y_U0019,Y0048,2026-02-23 17:46:05.944261,269
Y_STR02287,Y_U0049,Y0032,2026-02-14 05:36:22.105757,173
Y_STR02288,Y_U0009,Y0017,2026-02-27 22:13:15.884995,35
Y_STR02289,Y_U0047,Y0034,2026-02-13 09:52:05.127844,83
Y_STR02290,Y_U0075,Y0004,2026-02-17 19:31:11.705107,137
Y_STR02291,Y_U0076,Y0036,2026-02-15 19:53:02.160401,159
Y_STR02292,Y_U0046,Y0045,2026-02-12 02:48:03.243856,125
Y_STR02293,Y_U0097,Y0019,2026-02-08 04:06:34.013004,252
Y_STR02294,Y_U0075,Y0015,2026-02-21 21:35:56.658269,117
Y_STR02295,Y_U0083,Y0036,2026-02-23 04:30:49.486896,5
Y_STR02296,Y_U0087,Y0047,2026-02-05 14:11:46.389966,220
Y_STR02297,Y_U0064,Y0036,2026-01-31 21:44:58.531913,50
Y_STR02298,Y_U0007,Y0028,2026-02-03 16:50:54.894367,207
Y_STR02299,Y_U0044,Y0029,2026-02-16 12:52:27.652882,332
Y_STR02300,Y_U0017,Y0044,2026-02-11 14:30:53.617309,130
Y_STR02301,Y_U0036,Y0038,2026-02-20 08:15:50.246458,152
Y_STR02302,Y_U0046,Y0037,2026-02-17 22:08:51.230743,25
Y_STR02303,Y_U0024,Y0042,2026-02-25 18:22:04.308754,153
Y_STR02304,Y_U0058,Y0046,2026-02-12 02:03:28.376131,126
Y_STR02305,Y_U0050,Y0046,2026-02-18 10:53:15.655648,9
Y_STR02306,Y_U0020,Y0017,2026-02-02 04:14:22.458802,30
Y_STR02307,Y_U0048,Y0007,2026-02-13 17:12:14.552558,238
Y_STR02308,Y_U0017,Y0040,2026-02-10 02:33:52.882184,113
Y_STR02309,Y_U0062,Y0029,2026-02-01 22:09:09.355885,147
Y_STR02310,Y_U0022,Y0043,2026-02-12 08:57:58.930732,100
Y_STR02311,Y_U0051,Y0023,2026-02-21 23:54:33.185982,116
Y_STR02312,Y_U0093,Y0035,2026-02-14 02:49:49.886697,110
Y_STR02313,Y_U0013,Y0035,2026-02-19 03:55:24.591925,292
Y_STR02314,Y_U0008,Y0042,2026-02-13 03:53:26.009804,172
Y_STR02315,Y_U0011,Y0050,2026-02-25 11:05:05.145745,212
Y_STR02316,Y_U0051,Y0014,2026-02-07 08:33:27.320379,247
Y_STR02317,Y_U0067,Y0015,2026-02-01 12:30:37.333409,35
Y_STR02318,Y_U0049,Y0023,2026-02-26 23:59:38.935938,19
Y_STR02319,Y_U0065,Y0044,2026-02-12 22:08:01.844649,298
Y_STR02320,Y_U0017,Y0032,2026-02-09 05:02:54.783073,144
Y_STR02321,Y_U0045,Y0027,2026-02-22 07:57:44.621483,96
Y_STR02322,Y_U0067,Y0044,2026-02-01 13:01:27.189520,203
Y_STR02323,Y_U0001,Y0045,2026-02-11 10:20:50.372964,23
Y_STR02324,Y_U0043,Y0045,2026-02-20 00:57:49.941859,5
Y_STR02325,Y_U0002,Y0023,2026-02-27 20:35:13.904469,219
Y_STR02326,Y_U0045,Y0045,2026-02-22 09:48:23.010437,93
Y_STR02327,Y_U0085,Y0007,2026-02-26 07:39:58.867242,39
Y_STR02328,Y_U0027,Y0024,2026-02-08 10:39:11.122910,18
Y_STR02329,Y_U0023,Y0044,2026-02-25 00:54:04.406606,302
Y_STR02330,Y_U0048,Y0031,2026-02-05 09:47:53.373216,14
Y_STR02331,Y_U0005,Y0034,2026-02-06 09:56:27.363530,212
Y_STR02332,Y_U0036,Y0040,2026-02-28 09:55:43.435735,125
Y_STR02333,Y_U0049,Y0027,2026-03-01 22:37:40.247216,57
Y_STR02334,Y_U0083,Y0042,2026-02-01 07:30:57.431121,174
Y_STR02335,Y_U0055,Y0022,2026-02-17 21:31:16.991159,123
Y_STR02336,Y_U0032,Y0037,2026-02-18 16:25:51.213376,115
Y_STR02337,Y_U0078,Y0025,2026-02-24 00:00:45.993081,98
Y_STR02338,Y_U0086,Y0009,2026-02-04 05:27:49.737531,188
Y_STR02339,Y_U0056,Y0049,2026-02-10 21:36:16.525659,59
Y_STR02340,Y_U0066,Y0036,2026-02-20 22:38:07.963441,307
Y_STR02341,Y_U0056,Y0011,2026-02-17 06:10:33.794797,7
Y_STR02342,Y_U0042,Y0030,2026-02-08 13:06:08.028345,146
Y_STR02343,Y_U0084,Y0036,2026-02-24 15:21:58.446780,245
Y_STR02344,Y_U0078,Y0024,2026-02-09 06:49:26.352462,281
Y_STR02345,Y_U0100,Y0050,2026-02-25 01:09:45.363760,284
Y_STR02346,Y_U0083,Y0037,2026-02-21 00:07:15.822940,12
Y_STR02347,Y_U0052,Y0050,2026-03-02 10:08:07.851072,328
Y_STR02348,Y_U0070,Y0027,2026-02-05 01:58:14.904635,114
Y_STR02349,Y_U0052,Y0016,2026-02-09 22:07:21.203538,137
Y_STR02350,Y_U0065,Y0030,2026-02-17 20:20:04.680502,95
Y_STR02351,Y_U0052,Y0045,2026-02-28 19:10:15.863605,29
Y_STR02352,Y_U0062,Y0036,2026-02-27 10:56:10.940177,309
Y_STR02353,Y_U0035,Y0018,2026-02-04 08:35:16.592530,157
Y_STR02354,Y_U0057,Y0033,2026-02-07 00:26:33.894760,126
Y_STR02355,Y_U0027,Y0038,2026-03-01 20:22:15.122063,22
Y_STR02356,Y_U0007,Y0004,2026-01-31 22:13:02.805789,105
Y_STR02357,Y_U0100,Y0048,2026-02-02 19:37:32.711178,217
Y_STR02358,Y_U0060,Y0025,2026-02-20 13:19:20.951456,57
Y_STR02359,Y_U0047,Y0047,2026-02-01 02:26:11.838799,65
Y_STR02360,Y_U0040,Y0047,2026-02-14 19:25:18.679757,278
Y_STR02361,Y_U0096,Y0026,2026-02-02 05:58:22.763725,92
Y_STR02362,Y_U0017,Y0039,2026-02-06 23:03:21.329860,261
Y_STR02363,Y_U0043,Y0029,2026-02-27 23:55:00.955603,31
Y_STR02364,Y_U0083,Y0010,2026-02-17 06:59:03.023873,201
Y_STR02365,Y_U0066,Y0025,2026-02-16 22:34:17.770519,114
Y_STR02366,Y_U0042,Y0027,2026-02-09 22:52:22.079072,231
Y_STR02367,Y_U0097,Y0024,2026-03-01 02:51:44.461600,331
Y_STR02368,Y_U0088,Y0042,2026-02-25 23:05:45.500038,212
Y_STR02369,Y_U0049,Y0048,2026-02-13 09:58:28.007584,99
Y_STR02370,Y_U0039,Y0007,2026-02-02 10:32:23.218435,166
Y_STR02371,Y_U0027,Y0040,2026-02-28 08:54:58.552650,115
Y_STR02372,Y_U0045,Y0042,2026-02-22 02:17:06.469825,268
Y_STR02373,Y_U0004,Y0025,2026-02-25 20:40:26.808199,37
Y_STR02374,Y_U0053,Y0013,2026-02-04 02:10:25.821944,166
Y_STR02375,Y_U0005,Y0018,2026-02-28 03:02:12.630764,281
Y_STR02376,Y_U0076,Y0043,2026-02-18 12:07:55.541257,27
Y_STR02377,Y_U0087,Y0050,2026-02-27 12:37:10.639414,25
Y_STR02378,Y_U0038,Y0040,2026-02-14 07:31:42.377532,80
Y_STR02379,Y_U0054,Y0040,2026-02-28 11:34:13.113893,62
Y_STR02380,Y_U0007,Y0030,2026-02-12 13:44:43.127644,10
Y_STR02381,Y_U0031,Y0046,2026-02-13 16:07:33.052641,143
Y_STR02382,Y_U0018,Y0044,2026-02-09 09:30:32.062268,238
Y_STR02383,Y_U0097,Y0038,2026-02-17 14:09:13.083475,190
Y_STR02384,Y_U0069,Y0031,2026-02-16 01:45:19.764364,92
Y_STR02385,Y_U0098,Y0032,2026-02-03 07:12:24.760849,147
Y_STR02386,Y_U0043,Y0042,2026-02-05 15:13:45.585146,49
Y_STR02387,Y_U0012,Y0034,2026-02-25 09:37:15.279685,153
Y_STR02388,Y_U0066,Y0050,2026-02-04 15:22:22.671537,293
Y_STR02389,Y_U0035,Y0048,2026-02-16 03:20:22.682458,36
Y_STR02390,Y_U0071,Y0047,2026-02-05 03:29:38.924603,167
Y_STR02391,Y_U0029,Y0040,2026-02-03 15:30:21.349760,56
Y_STR02392,Y_U0080,Y0023,2026-02-26 15:03:12.190012,237
Y_STR02393,Y_U0068,Y0027,2026-02-18 21:15:59.238707,146
Y_STR02394,Y_U0031,Y0045,2026-02-15 10:28:06.037103,175
Y_STR02395,Y_U0095,Y0018,2026-02-18 13:49:28.041646,95
Y_STR02396,Y_U0027,Y0037,2026-02-12 01:43:39.020933,152
Y_STR02397,Y_U0025,Y0044,2026-02-12 10:27:55.543025,164
Y_STR02398,Y_U0096,Y0036,2026-02-03 22:53:59.916569,202
Y_STR02399,Y_U0027,Y0045,2026-02-06 05:59:31.463513,146
Y_STR02400,Y_U0085,Y0031,2026-02-18 14:58:29.500492,93
Y_STR02401,Y_U0044,Y0035,2026-02-22 17:52:34.591314,58
Y_STR02402,Y_U0040,Y0028,2026-02-05 09:21:56.034289,180
Y_STR02403,Y_U0010,Y0046,2026-02-28 01:51:36.992537,178
Y_STR02404,Y_U0007,Y0048,2026-02-27 18:47:56.146740,184
Y_STR02405,Y_U0056,Y0026,2026-02-03 21:22:33.554579,183
Y_STR02406,Y_U0018,Y0040,2026-02-08 18:38:00.111621,119
Y_STR02407,Y_U0050,Y0044,2026-01-31 18:11:28.672450,106
Y_STR02408,Y_U0100,Y0035,2026-02-18 04:06:12.779023,120
Y_STR02409,Y_U0032,Y0049,2026-02-13 15:15:42.019997,79
Y_STR02410,Y_U0093,Y0034,2026-02-21 10:22:17.239793,132
Y_STR02411,Y_U0024,Y0048,2026-02-27 17:56:39.488883,272
Y_STR02412,Y_U0008,Y0037,2026-02-12 22:40:18.763942,144
Y_STR02413,Y_U0050,Y0033,2026-02-05 03:43:33.219743,21
Y_STR02414,Y_U0047,Y0044,2026-03-01 06:33:34.422213,284
Y_STR02415,Y_U0016,Y0048,2026-02-01 00:37:02.415991,170
Y_STR02416,Y_U0076,Y0048,2026-02-20 07:27:56.177576,103
Y_STR02417,Y_U0043,Y0030,2026-02-28 06:49:40.772140,31
Y_STR02418,Y_U0055,Y0047,2026-02-24 20:53:28.949421,249
Y_STR02419,Y_U0021,Y0047,2026-02-22 06:07:50.278466,7
Y_STR02420,Y_U0086,Y0048,2026-02-28 08:17:19.380786,5
Y_STR02421,Y_U0010,Y0026,2026-02-21 09:04:16.357078,16
Y_STR02422,Y_U0029,Y0043,2026-02-13 04:50:06.691755,123
Y_STR02423,Y_U0078,Y0014,2026-02-04 17:51:01.249479,84
Y_STR02424,Y_U0003,Y0039,2026-02-21 22:28:05.081663,30
Y_STR02425,Y_U0011,Y0029,2026-02-08 05:54:51.677868,26
Y_STR02426,Y_U0037,Y0038,2026-02-09 19:29:15.882238,13
Y_STR02427,Y_U0019,Y0045,2026-02-13 01:33:21.744281,48
Y_STR02428,Y_U0082,Y0042,2026-02-04 00:50:55.683159,43
Y_STR02429,Y_U0079,Y0015,2026-02-16 21:07:27.842614,61
Y_STR02430,Y_U0087,Y0036,2026-02-28 19:18:23.276493,230
Y_STR02431,Y_U0081,Y0035,2026-02-02 21:21:32.199028,242
Y_STR02432,Y_U0063,Y0040,2026-02-27 17:05:26.664603,125
Y_STR02433,Y_U0001,Y0034,2026-02-16 23:19:48.936593,211
Y_STR02434,Y_U0057,Y0017,2026-02-12 06:13:43.938847,44
Y_STR02435,Y_U0034,Y0019,2026-02-07 10:15:36.353587,209
Y_STR02436,Y_U0044,Y0050,2026-02-16 16:59:06.199296,246
Y_STR02437,Y_U0044,Y0046,2026-03-01 23:50:51.755031,185
Y_STR02438,Y_U0049,Y0028,2026-02-23 06:14:09.246904,116
Y_STR02439,Y_U0063,Y0014,2026-02-21 02:15:51.043691,23
Y_STR02440,Y_U0016,Y0045,2026-02-03 14:43:54.462939,73
Y_STR02441,Y_U0066,Y0030,2026-02-02 19:40:24.559376,30
Y_STR02442,Y_U0093,Y0025,2026-02-05 09:50:42.099199,59
Y_STR02443,Y_U0043,Y0015,2026-02-07 16:37:42.166869,45
Y_STR02444,Y_U0094,Y0008,2026-03-02 05:33:24.783619,179
Y_STR02445,Y_U0016,Y0047,2026-02-24 21:56:36.267207,166
Y_STR02446,Y_U0078,Y0046,2026-02-28 00:30:11.416005,147
Y_STR02447,Y_U0008,Y0022,2026-02-02 12:09:26.167995,30
Y_STR02448,Y_U0067,Y0014,2026-02-22 08:01:12.134220,269
Y_STR02449,Y_U0001,Y0035,2026-02-03 09:42:05.996427,317
Y_STR02450,Y_U0072,Y0044,2026-02-11 04:29:27.237533,39
Y_STR02451,Y_U0093,Y0037,2026-02-02 13:53:43.708275,49
Y_STR02452,Y_U0027,Y0005,2026-02-25 13:25:13.034388,105
Y_STR02453,Y_U0070,Y0013,2026-02-16 13:23:09.441152,148
Y_STR02454,Y_U0083,Y0043,2026-02-21 20:13:23.012672,149
Y_STR02455,Y_U0096,Y0018,2026-02-27 19:01:14.565253,162
Y_STR02456,Y_U0033,Y0041,2026-02-04 23:02:01.298523,175
Y_STR02457,Y_U0012,Y0032,2026-02-28 12:08:23.402955,22
Y_STR02458,Y_U0055,Y0029,2026-02-16 15:49:03.074298,25
Y_STR02459,Y_U0047,Y0040,2026-02-04 04:06:31.741061,53
Y_STR02460,Y_U0056,Y0019,2026-02-25 16:28:07.244764,32
Y_STR02461,Y_U0048,Y0041,2026-02-13 14:35:24.043796,104
Y_STR02462,Y_U0100,Y0034,2026-02-18 02:50:27.279757,98
Y_STR02463,Y_U0085,Y0036,2026-02-21 20:14:37.958115,108
Y_STR02464,Y_U0057,Y0037,2026-02-20 06:39:02.659266,13
Y_STR02465,Y_U0003,Y0041,2026-02-04 16:05:19.067354,111
Y_STR02466,Y_U0044,Y0049,2026-03-01 14:00:31.680169,76
Y_STR02467,Y_U0040,Y0023,2026-02-28 11:32:41.604309,166
Y_STR02468,Y_U0081,Y0038,2026-01-31 12:33:47.991101,158
Y_STR02469,Y_U0019,Y0037,2026-02-06 05:45:03.828141,98
Y_STR02470,Y_U0091,Y0008,2026-02-27 13:49:48.205479,328
Y_STR02471,Y_U0090,Y0049,2026-02-18 09:01:26.348857,76
Y_STR02472,Y_U0052,Y0048,2026-02-17 03:49:18.191551,130
Y_STR02473,Y_U0032,Y0034,2026-03-01 21:12:57.211969,18
Y_STR02474,Y_U0026,Y0044,2026-02-04 11:01:24.254969,318
Y_STR02475,Y_U0022,Y0026,2026-02-16 04:02:28.017538,42
Y_STR02476,Y_U0087,Y0029,2026-02-06 21:01:10.839218,175
Y_STR02477,Y_U0010,Y0014,2026-02-18 06:22:22.215307,114
Y_STR02478,Y_U0003,Y0036,2026-02-13 00:51:15.690850,23
Y_STR02479,Y_U0083,Y0048,2026-02-06 02:43:23.868809,142
Y_STR02480,Y_U0031,Y0042,2026-02-04 00:01:01.040763,61
Y_STR02481,Y_U0049,Y0026,2026-02-03 21:31:07.778574,82
Y_STR02482,Y_U0064,Y0034,2026-02-12 14:37:04.981042,101
Y_STR02483,Y_U0046,Y0022,2026-03-01 05:07:13.110017,48
Y_STR02484,Y_U0053,Y0049,2026-02-02 23:20:08.696728,54
Y_STR02485,Y_U0003,Y0047,2026-02-11 02:45:19.359784,272
Y_STR02486,Y_U0056,Y0048,2026-02-16 19:28:46.841314,228
Y_STR02487,Y_U0027,Y0049,2026-02-13 08:11:25.735879,51
Y_STR02488,Y_U0062,Y0049,2026-02-11 04:40:18.913675,30
Y_STR02489,Y_U0027,Y0043,2026-02-24 15:30:57.763988,18
Y_STR02490,Y_U0084,Y0011,2026-02-25 23:02:23.103116,50
Y_STR02491,Y_U0090,Y0029,2026-02-17 20:48:16.353986,101
Y_STR02492,Y_U0065,Y0028,2026-02-26 00:23:31.317421,281
Y_STR02493,Y_U0043,Y0045,2026-02-21 16:49:44.099417,108
Y_STR02494,Y_U0098,Y0041,2026-02-28 23:59:12.726717,42
Y_STR02495,Y_U0055,Y0050,2026-02-24 14:40:12.170058,215
Y_STR02496,Y_U0017,Y0010,2026-02-08 01:13:39.570391,89
Y_STR02497,Y_U0068,Y0031,2026-02-01 07:24:17.759623,32
Y_STR02498,Y_U0022,Y0050,2026-02-26 15:18:57.263531,316
Y_STR02499,Y_U0078,Y0028,2026-02-28 05:30:32.965075,267
Y_STR02500,Y_U0076,Y0023,2026-03-02 04:14:12.523554,161
Y_STR02501,Y_U0079,Y0005,2026-03-01 17:29:16.854404,76
Y_STR02502,Y_U0076,Y0050,2026-02-12 14:28:00.350812,258
Y_STR02503,Y_U0001,Y0036,2026-03-01 03:49:16.249886,281
Y_STR02504,Y_U0051,Y0021,2026-02-07 10:16:24.120350,227
Y_STR02505,Y_U0083,Y0036,2026-02-12 22:02:55.903424,282
Y_STR02506,Y_U0015,Y0040,2026-02-05 06:37:55.589801,30
Y_STR02507,Y_U0076,Y0013,2026-02-02 19:50:15.606800,63
Y_STR02508,Y_U0027,Y0041,2026-02-11 17:34:58.086917,113
Y_STR02509,Y_U0093,Y0047,2026-02-17 11:01:59.454191,154
Y_STR02510,Y_U0058,Y0036,2026-02-28 21:18:38.459530,122
Y_STR02511,Y_U0085,Y0029,2026-02-01 10:48:14.998594,87
Y_STR02512,Y_U0070,Y0044,2026-02-02 10:20:07.756854,310
Y_STR02513,Y_U0050,Y0043,2026-02-23 04:32:29.664582,86
Y_STR02514,Y_U0037,Y0042,2026-02-16 21:19:17.284818,143
Y_STR02515,Y_U0061,Y0046,2026-02-27 16:21:19.295943,113
Y_STR02516,Y_U0092,Y0018,2026-02-09 21:15:36.727176,115
Y_STR02517,Y_U0099,Y0038,2026-02-03 12:13:12.578231,114
Y_STR02518,Y_U0025,Y0031,2026-02-07 22:29:48.996468,37
Y_STR02519,Y_U0069,Y0026,2026-02-12 16:07:55.473498,119
Y_STR02520,Y_U0022,Y0032,2026-02-15 17:35:32.781856,156
Y_STR02521,Y_U0078,Y0015,2026-02-28 15:06:06.269509,160
Y_STR02522,Y_U0029,Y0025,2026-02-17 17:58:28.179796,167
Y_STR02523,Y_U0010,Y0041,2026-02-03 08:26:31.689263,209
Y_STR02524,Y_U0066,Y0023,2026-02-22 08:41:18.586937,194
Y_STR02525,Y_U0031,Y0039,2026-02-02 03:43:20.043473,133
Y_STR02526,Y_U0028,Y0026,2026-02-19 18:43:59.126492,50
Y_STR02527,Y_U0078,Y0039,2026-03-01 15:41:49.069807,62
Y_STR02528,Y_U0088,Y0022,2026-02-01 23:21:07.455602,154
Y_STR02529,Y_U0076,Y0049,2026-02-12 11:48:18.530380,73
Y_STR02530,Y_U0010,Y0025,2026-03-02 10:28:20.769511,86
Y_STR02531,Y_U0011,Y0042,2026-02-28 03:10:32.684681,152
Y_STR02532,Y_U0014,Y0024,2026-02-27 07:08:00.556026,305
Y_STR02533,Y_U0023,Y0049,2026-02-13 19:01:25.454710,94
Y_STR02534,Y_U0087,Y0032,2026-02-15 22:36:27.018869,288
Y_STR02535,Y_U0071,Y0021,2026-02-02 22:04:55.455523,183
Y_STR02536,Y_U0026,Y0040,2026-02-04 04:50:35.400837,69
Y_STR02537,Y_U0056,Y0017,2026-03-01 07:54:29.844965,43
Y_STR02538,Y_U0028,Y0037,2026-02-09 14:30:21.353300,123
Y_STR02539,Y_U0089,Y0049,2026-02-23 21:04:31.118265,93
Y_STR02540,Y_U0063,Y0044,2026-02-04 11:08:58.130499,51
Y_STR02541,Y_U0009,Y0040,2026-02-10 07:47:15.472428,116
Y_STR02542,Y_U0067,Y0039,2026-02-19 21:07:21.198135,34
Y_STR02543,Y_U0058,Y0030,2026-02-04 09:19:36.471056,52
Y_STR02544,Y_U0074,Y0036,2026-02-02 23:42:16.307302,33
Y_STR02545,Y_U0002,Y0033,2026-02-04 07:47:13.032612,13
Y_STR02546,Y_U0062,Y0040,2026-02-25 14:39:15.200303,26
Y_STR02547,Y_U0076,Y0033,2026-02-23 16:19:58.077864,48
Y_STR02548,Y_U0027,Y0035,2026-02-06 22:49:53.133460,248
Y_STR02549,Y_U0012,Y0034,2026-02-21 17:59:25.706992,98
Y_STR02550,Y_U0005,Y0026,2026-02-02 22:47:16.578388,77
Y_STR02551,Y_U0063,Y0022,2026-02-01 21:48:11.893017,215
Y_STR02552,Y_U0100,Y0039,2026-02-23 17:56:57.679732,202
Y_STR02553,Y_U0030,Y0029,2026-02-12 03:36:47.304691,101
Y_STR02554,Y_U0067,Y0048,2026-02-26 15:41:38.562099,126
Y_STR02555,Y_U0049,Y0041,2026-02-27 21:34:38.873137,247
Y_STR02556,Y_U0095,Y0032,2026-02-11 22:04:55.311754,300
Y_STR02557,Y_U0003,Y0047,2026-02-14 13:03:42.869570,117
Y_STR02558,Y_U0002,Y0034,2026-02-23 13:56:17.296576,199
Y_STR02559,Y_U0018,Y0043,2026-02-03 11:12:19.501173,61
Y_STR02560,Y_U0002,Y0029,2026-02-26 23:21:05.993873,66
Y_STR02561,Y_U0097,Y0043,2026-02-12 15:54:13.083387,143
Y_STR02562,Y_U0033,Y0031,2026-02-09 00:51:11.683482,16
Y_STR02563,Y_U0040,Y0039,2026-02-28 02:38:37.678495,139
Y_STR02564,Y_U0067,Y0035,2026-02-28 18:20:42.154076,219
Y_STR02565,Y_U0005,Y0048,2026-02-14 11:52:32.597192,92
Y_STR02566,Y_U0024,Y0044,2026-02-04 19:22:22.428043,316
Y_STR02567,Y_U0092,Y0049,2026-02-06 04:51:34.260103,10
Y_STR02568,Y_U0045,Y0037,2026-02-11 14:59:08.387139,71
Y_STR02569,Y_U0072,Y0041,2026-02-03 20:45:44.882981,126
Y_STR02570,Y_U0012,Y0036,2026-02-03 18:26:31.327803,207
Y_STR02571,Y_U0038,Y0031,2026-02-10 04:18:21.140799,5
Y_STR02572,Y_U0089,Y0038,2026-02-21 04:43:32.593261,147
Y_STR02573,Y_U0017,Y0040,2026-02-16 17:56:07.623362,51
Y_STR02574,Y_U0097,Y0034,2026-02-20 08:09:13.326002,226
Y_STR02575,Y_U0089,Y0035,2026-02-12 10:05:50.454249,97
Y_STR02576,Y_U0056,Y0025,2026-02-15 23:29:22.777075,100
Y_STR02577,Y_U0010,Y0027,2026-02-14 09:35:39.827332,28
Y_STR02578,Y_U0043,Y0032,2026-02-06 08:07:27.679756,148
Y_STR02579,Y_U0058,Y0043,2026-02-13 21:49:00.659579,18
Y_STR02580,Y_U0012,Y0019,2026-02-09 00:37:30.241755,313
Y_STR02581,Y_U0026,Y0035,2026-02-02 18:57:10.797234,236
Y_STR02582,Y_U0051,Y0037,2026-02-25 22:50:41.778529,140
Y_STR02583,Y_U0088,Y0017,2026-02-09 06:13:41.142933,84
Y_STR02584,Y_U0061,Y0042,2026-02-04 20:59:28.632163,193
Y_STR02585,Y_U0025,Y0025,2026-02-23 08:03:14.969820,188
Y_STR02586,Y_U0044,Y0049,2026-02-13 19:34:19.902964,60
Y_STR02587,Y_U0012,Y0019,2026-02-19 10:14:35.401850,40
Y_STR02588,Y_U0069,Y0043,2026-02-04 18:18:12.216307,146
Y_STR02589,Y_U0067,Y0045,2026-02-07 21:19:15.382792,60
Y_STR02590,Y_U0078,Y0042,2026-02-14 11:54:57.921245,189
Y_STR02591,Y_U0071,Y0048,2026-02-26 00:26:31.552875,42
Y_STR02592,Y_U0002,Y0033,2026-02-04 09:45:51.478673,23
Y_STR02593,Y_U0028,Y0048,2026-02-15 19:02:50.518244,48
Y_STR02594,Y_U0020,Y0028,2026-02-04 09:11:56.492704,129
Y_STR02595,Y_U0090,Y0035,2026-02-04 10:58:06.421198,222
Y_STR02596,Y_U0022,Y0045,2026-02-05 00:50:50.975794,55
Y_STR02597,Y_U0096,Y0020,2026-02-27 20:33:56.499465,41
Y_STR02598,Y_U0021,Y0047,2026-02-08 11:35:13.272573,91
Y_STR02599,Y_U0041,Y0025,2026-02-05 03:42:03.436954,155
Y_STR02600,Y_U0022,Y0015,2026-02-09 02:56:46.963268,241
Y_STR02601,Y_U0053,Y0046,2026-02-16 21:54:00.538275,52
Y_STR02602,Y_U0092,Y0019,2026-02-12 10:00:47.156074,235
Y_STR02603,Y_U0022,Y0028,2026-02-27 13:07:07.090834,113
Y_STR02604,Y_U0092,Y0046,2026-02-27 16:52:57.140480,134
Y_STR02605,Y_U0070,Y0031,2026-03-01 05:26:10.674814,103
Y_STR02606,Y_U0097,Y0047,2026-03-02 03:41:05.452814,7
Y_STR02607,Y_U0085,Y0015,2026-02-04 18:47:06.978849,149
Y_STR02608,Y_U0074,Y0048,2026-03-02 00:39:57.757767,163
Y_STR02609,Y_U0013,Y0023,2026-02-10 08:14:02.307071,70
Y_STR02610,Y_U0035,Y0012,2026-02-16 11:50:10.882806,304
Y_STR02611,Y_U0053,Y0030,2026-02-09 01:28:02.814976,54
Y_STR02612,Y_U0088,Y0024,2026-02-11 06:48:24.151959,218
Y_STR02613,Y_U0022,Y0045,2026-02-14 10:01:59.017992,93
Y_STR02614,Y_U0097,Y0030,2026-02-24 16:15:23.716388,104
Y_STR02615,Y_U0044,Y0011,2026-02-09 02:32:31.918373,233
Y_STR02616,Y_U0069,Y0032,2026-02-13 03:40:58.294860,251
Y_STR02617,Y_U0038,Y0024,2026-02-12 22:00:42.452548,239
Y_STR02618,Y_U0013,Y0035,2026-02-16 22:58:22.648247,242
Y_STR02619,Y_U0005,Y0047,2026-02-04 01:52:09.819248,119
Y_STR02620,Y_U0035,Y0045,2026-02-17 08:57:20.498515,85
Y_STR02621,Y_U0005,Y0049,2026-02-10 01:31:16.161934,20
Y_STR02622,Y_U0045,Y0031,2026-02-18 14:42:57.099710,44
Y_STR02623,Y_U0006,Y0045,2026-02-11 20:56:23.143944,60
Y_STR02624,Y_U0089,Y0045,2026-02-13 03:31:42.640066,151
Y_STR02625,Y_U0041,Y0028,2026-01-31 21:06:04.983329,141
Y_STR02626,Y_U0003,Y0028,2026-02-16 10:58:10.528785,59
Y_STR02627,Y_U0046,Y0038,2026-02-28 21:08:57.839536,83
Y_STR02628,Y_U0098,Y0050,2026-02-23 03:23:19.363365,285
Y_STR02629,Y_U0040,Y0040,2026-02-26 14:47:45.421579,100
Y_STR02630,Y_U0003,Y0043,2026-02-09 16:23:22.466018,56
Y_STR02631,Y_U0058,Y0019,2026-02-20 23:30:02.068909,215
Y_STR02632,Y_U0056,Y0040,2026-02-28 03:02:43.455766,21
Y_STR02633,Y_U0043,Y0028,2026-02-06 22:19:24.975502,221
Y_STR02634,Y_U0029,Y0024,2026-02-21 14:20:49.693438,135
Y_STR02635,Y_U0075,Y0025,2026-02-13 02:24:13.651618,30
Y_STR02636,Y_U0098,Y0035,2026-02-26 23:12:21.244470,269
Y_STR02637,Y_U0065,Y0046,2026-02-13 06:25:31.266087,74
Y_STR02638,Y_U0065,Y0017,2026-02-08 03:44:52.108139,54
Y_STR02639,Y_U0013,Y0021,2026-02-27 14:15:48.971883,172
Y_STR02640,Y_U0042,Y0036,2026-02-21 19:51:33.194153,307
Y_STR02641,Y_U0060,Y0050,2026-02-04 03:03:21.959937,138
Y_STR02642,Y_U0027,Y0016,2026-02-14 18:00:22.839870,79
Y_STR02643,Y_U0030,Y0034,2026-02-16 22:30:10.492368,65
Y_STR02644,Y_U0034,Y0011,2026-02-09 12:55:23.509103,108
Y_STR02645,Y_U0056,Y0031,2026-02-26 06:38:35.887124,26
Y_STR02646,Y_U0084,Y0036,2026-02-15 20:46:27.781076,180
Y_STR02647,Y_U0079,Y0030,2026-02-07 02:08:54.668212,97
Y_STR02648,Y_U0086,Y0012,2026-02-20 18:08:48.641120,60
Y_STR02649,Y_U0071,Y0050,2026-02-20 07:17:49.686369,281
Y_STR02650,Y_U0100,Y0021,2026-02-14 21:41:57.412860,249
Y_STR02651,Y_U0020,Y0043,2026-03-01 18:42:59.719959,74
Y_STR02652,Y_U0023,Y0049,2026-02-07 21:42:39.497185,40
Y_STR02653,Y_U0019,Y0033,2026-02-14 01:32:30.041479,104
Y_STR02654,Y_U0027,Y0045,2026-02-12 08:46:55.691724,66
Y_STR02655,Y_U0061,Y0040,2026-02-12 14:19:45.995349,7
Y_STR02656,Y_U0003,Y0047,2026-02-06 17:15:52.435344,233
Y_STR02657,Y_U0047,Y0047,2026-02-20 21:24:54.793140,15
Y_STR02658,Y_U0094,Y0049,2026-02-07 12:58:37.563628,62
Y_STR02659,Y_U0030,Y0027,2026-02-18 21:06:39.093375,242
Y_STR02660,Y_U0048,Y0038,2026-03-01 13:57:10.423863,45
Y_STR02661,Y_U0076,Y0031,2026-02-25 04:28:09.787310,27
Y_STR02662,Y_U0062,Y0037,2026-02-07 03:58:21.150258,33
Y_STR02663,Y_U0007,Y0041,2026-02-08 05:19:14.753974,147
Y_STR02664,Y_U0026,Y0028,2026-02-14 01:09:41.594465,85
Y_STR02665,Y_U0053,Y0028,2026-02-06 06:44:20.258374,216
Y_STR02666,Y_U0048,Y0026,2026-02-02 15:19:42.118984,107
Y_STR02667,Y_U0039,Y0030,2026-02-15 14:22:52.270273,155
Y_STR02668,Y_U0076,Y0030,2026-02-06 13:18:51.807320,113
Y_STR02669,Y_U0009,Y0025,2026-02-08 20:31:34.262896,90
Y_STR02670,Y_U0064,Y0011,2026-02-07 04:41:20.664986,19
Y_STR02671,Y_U0046,Y0025,2026-02-21 20:24:12.587288,45
Y_STR02672,Y_U0036,Y0042,2026-02-27 11:34:20.513245,81
Y_STR02673,Y_U0050,Y0027,2026-02-28 18:30:03.339544,107
Y_STR02674,Y_U0081,Y0028,2026-02-03 02:17:56.673841,128
Y_STR02675,Y_U0091,Y0045,2026-02-12 16:53:29.706323,41
Y_STR02676,Y_U0052,Y0029,2026-02-22 16:05:34.704008,79
Y_STR02677,Y_U0002,Y0037,2026-02-26 11:44:02.147744,152
Y_STR02678,Y_U0079,Y0047,2026-02-10 11:50:33.855834,252
Y_STR02679,Y_U0006,Y0022,2026-02-08 15:07:07.061074,54
Y_STR02680,Y_U0056,Y0044,2026-03-01 11:20:31.612183,141
Y_STR02681,Y_U0026,Y0037,2026-02-14 10:16:25.151834,100
Y_STR02682,Y_U0010,Y0035,2026-02-04 08:04:12.267891,114
Y_STR02683,Y_U0079,Y0014,2026-02-19 02:31:05.020689,78
Y_STR02684,Y_U0010,Y0047,2026-02-13 15:04:38.727281,114
Y_STR02685,Y_U0035,Y0039,2026-02-01 15:52:51.640958,109
Y_STR02686,Y_U0010,Y0028,2026-02-21 05:28:31.336282,95
Y_STR02687,Y_U0066,Y0018,2026-02-05 05:24:56.246678,104
Y_STR02688,Y_U0016,Y0038,2026-02-02 11:01:44.153403,27
Y_STR02689,Y_U0089,Y0042,2026-02-23 12:25:16.308246,66
Y_STR02690,Y_U0070,Y0020,2026-02-07 05:43:11.261535,54
Y_STR02691,Y_U0054,Y0043,2026-02-19 10:09:12.624187,106
Y_STR02692,Y_U0081,Y0022,2026-02-06 18:21:53.557994,150
Y_STR02693,Y_U0046,Y0042,2026-02-08 16:32:28.673676,206
Y_STR02694,Y_U0060,Y0040,2026-02-04 21:06:59.676610,100
Y_STR02695,Y_U0054,Y0043,2026-02-12 16:14:29.271250,120
Y_STR02696,Y_U0040,Y0028,2026-02-07 19:47:22.937213,214
Y_STR02697,Y_U0005,Y0040,2026-02-08 22:07:01.100034,134
Y_STR02698,Y_U0065,Y0038,2026-02-28 21:55:44.423832,165
Y_STR02699,Y_U0091,Y0050,2026-02-18 14:45:02.085636,96
Y_STR02700,Y_U0063,Y0009,2026-02-16 04:31:09.640966,118
Y_STR02701,Y_U0054,Y0039,2026-02-27 08:21:39.589275,206
Y_STR02702,Y_U0010,Y0030,2026-02-12 21:45:17.468483,77
Y_STR02703,Y_U0096,Y0050,2026-02-26 11:17:36.231451,193
Y_STR02704,Y_U0074,Y0049,2026-02-16 08:55:03.412403,118
Y_STR02705,Y_U0071,Y0046,2026-02-15 21:44:39.296035,44
Y_STR02706,Y_U0075,Y0038,2026-02-06 17:40:06.001644,117
Y_STR02707,Y_U0031,Y0012,2026-02-03 02:49:02.721156,298
Y_STR02708,Y_U0017,Y0036,2026-03-02 05:26:14.157568,331
Y_STR02709,Y_U0026,Y0025,2026-02-12 21:39:40.211439,36
Y_STR02710,Y_U0032,Y0025,2026-02-17 17:30:07.233253,25
Y_STR02711,Y_U0072,Y0041,2026-02-03 01:05:08.555580,181
Y_STR02712,Y_U0040,Y0039,2026-02-05 11:30:08.510860,45
Y_STR02713,Y_U0095,Y0031,2026-02-05 14:44:10.804855,47
Y_STR02714,Y_U0071,Y0040,2026-02-14 20:01:48.991601,77
Y_STR02715,Y_U0064,Y0029,2026-02-09 18:51:37.519353,26
Y_STR02716,Y_U0089,Y0049,2026-02-25 08:43:53.523355,102
Y_STR02717,Y_U0064,Y0046,2026-02-19 04:22:14.495107,73
Y_STR02718,Y_U0017,Y0037,2026-02-06 05:26:14.384258,119
Y_STR02719,Y_U0056,Y0047,2026-02-22 12:02:24.849886,248
Y_STR02720,Y_U0023,Y0045,2026-02-08 02:23:33.102627,103
Y_STR02721,Y_U0009,Y0045,2026-02-24 04:08:33.179024,99
Y_STR02722,Y_U0032,Y0030,2026-02-14 05:56:41.655633,23
Y_STR02723,Y_U0073,Y0026,2026-02-10 07:46:57.473943,61
Y_STR02724,Y_U0095,Y0049,2026-02-28 04:36:51.597605,44
Y_STR02725,Y_U0005,Y0045,2026-02-21 09:31:33.936287,133
Y_STR02726,Y_U0085,Y0018,2026-02-17 04:31:38.854406,231
Y_STR02727,Y_U0019,Y0025,2026-02-24 21:47:08.861039,141
Y_STR02728,Y_U0005,Y0020,2026-02-13 15:13:08.837724,57
Y_STR02729,Y_U0003,Y0029,2026-02-10 13:42:58.742795,246
Y_STR02730,Y_U0045,Y0044,2026-02-04 03:07:58.218232,265
Y_STR02731,Y_U0080,Y0048,2026-02-03 20:54:18.073719,72
Y_STR02732,Y_U0070,Y0019,2026-02-16 08:54:44.034550,189
Y_STR02733,Y_U0001,Y0049,2026-02-13 15:43:44.781971,68
Y_STR02734,Y_U0023,Y0038,2026-02-07 05:04:25.647808,194
Y_STR02735,Y_U0072,Y0021,2026-02-23 06:29:32.056242,53
Y_STR02736,Y_U0053,Y0029,2026-02-28 09:31:12.948297,281
Y_STR02737,Y_U0058,Y0017,2026-02-21 21:25:35.036395,5
Y_STR02738,Y_U0086,Y0039,2026-02-16 03:26:15.911607,277
Y_STR02739,Y_U0027,Y0041,2026-02-19 09:01:14.221983,156
Y_STR02740,Y_U0043,Y0045,2026-02-17 23:41:45.950813,189
Y_STR02741,Y_U0083,Y0032,2026-02-24 05:23:05.320684,183
Y_STR02742,Y_U0046,Y0025,2026-02-13 23:32:54.692231,149
Y_STR02743,Y_U0007,Y0028,2026-02-06 07:02:08.614238,253
Y_STR02744,Y_U0054,Y0028,2026-02-26 16:02:44.298789,85
Y_STR02745,Y_U0033,Y0050,2026-02-05 12:20:18.526925,129
Y_STR02746,Y_U0057,Y0043,2026-02-23 13:57:46.016405,116
Y_STR02747,Y_U0006,Y0044,2026-02-03 02:59:57.588428,92
Y_STR02748,Y_U0004,Y0030,2026-02-17 17:37:05.073542,66
Y_STR02749,Y_U0099,Y0040,2026-02-20 01:29:05.786365,51
Y_STR02750,Y_U0064,Y0028,2026-02-08 04:03:29.697358,142
Y_STR02751,Y_U0047,Y0043,2026-02-04 18:05:53.166713,41
Y_STR02752,Y_U0079,Y0023,2026-02-09 13:30:20.875775,29
Y_STR02753,Y_U0046,Y0024,2026-02-19 00:31:33.117692,96
Y_STR02754,Y_U0080,Y0050,2026-02-01 15:13:45.653374,120
Y_STR02755,Y_U0049,Y0028,2026-02-28 06:20:25.094827,105
Y_STR02756,Y_U0003,Y0038,2026-02-28 16:01:29.888647,91
Y_STR02757,Y_U0084,Y0042,2026-01-31 18:48:36.683231,220
Y_STR02758,Y_U0084,Y0025,2026-02-22 05:20:30.636694,203
Y_STR02759,Y_U0052,Y0045,2026-02-10 13:38:37.956057,120
Y_STR02760,Y_U0021,Y0023,2026-02-16 19:08:12.699223,7
Y_STR02761,Y_U0058,Y0020,2026-02-07 16:15:52.602517,52
Y_STR02762,Y_U0085,Y0033,2026-02-03 12:38:26.924058,16
Y_STR02763,Y_U0067,Y0049,2026-02-14 01:58:50.413791,43
Y_STR02764,Y_U0043,Y0037,2026-02-08 17:20:57.591826,52
Y_STR02765,Y_U0015,Y0032,2026-02-09 03:09:17.612839,195
Y_STR02766,Y_U0070,Y0016,2026-02-04 17:17:07.002397,259
Y_STR02767,Y_U0060,Y0038,2026-02-21 02:49:40.649058,58
Y_STR02768,Y_U0044,Y0042,2026-02-05 10:38:20.636251,243
Y_STR02769,Y_U0075,Y0026,2026-02-10 03:35:52.015222,203
Y_STR02770,Y_U0027,Y0021,2026-03-01 20:15:01.029156,120
Y_STR02771,Y_U0011,Y0040,2026-02-14 13:58:10.964436,37
Y_STR02772,Y_U0029,Y0045,2026-02-12 21:37:34.359985,97
Y_STR02773,Y_U0100,Y0050,2026-02-09 17:57:55.308589,30
Y_STR02774,Y_U0013,Y0029,2026-02-12 12:36:03.569940,71
Y_STR02775,Y_U0081,Y0021,2026-02-14 14:31:44.412743,124
Y_STR02776,Y_U0098,Y0031,2026-02-16 05:14:02.226386,39
Y_STR02777,Y_U0095,Y0039,2026-02-10 15:55:31.187742,162
Y_STR02778,Y_U0039,Y0040,2026-02-13 23:43:37.639371,17
Y_STR02779,Y_U0040,Y0030,2026-02-17 00:50:17.502474,139
Y_STR02780,Y_U0048,Y0026,2026-02-23 02:44:02.299062,31
Y_STR02781,Y_U0035,Y0037,2026-02-03 04:14:16.682068,113
Y_STR02782,Y_U0051,Y0024,2026-02-28 15:35:37.761698,33
Y_STR02783,Y_U0028,Y0031,2026-02-28 02:29:20.340380,5
Y_STR02784,Y_U0040,Y0026,2026-02-24 20:32:16.884301,226
Y_STR02785,Y_U0045,Y0043,2026-02-18 10:04:12.391767,37
Y_STR02786,Y_U0021,Y0036,2026-02-02 04:23:51.506018,288
Y_STR02787,Y_U0096,Y0012,2026-02-05 11:57:08.546820,245
Y_STR02788,Y_U0058,Y0044,2026-03-01 20:37:46.045881,56
Y_STR02789,Y_U0001,Y0041,2026-02-17 08:46:30.363790,82
Y_STR02790,Y_U0028,Y0049,2026-02-10 18:56:23.495276,107
Y_STR02791,Y_U0041,Y0044,2026-02-10 03:52:23.205755,247
Y_STR02792,Y_U0042,Y0041,2026-02-03 06:59:49.371799,200
Y_STR02793,Y_U0095,Y0039,2026-02-11 17:07:27.244618,283
Y_STR02794,Y_U0093,Y0024,2026-02-19 00:05:38.359374,45
Y_STR02795,Y_U0098,Y0045,2026-02-09 22:11:12.045473,58
Y_STR02796,Y_U0018,Y0038,2026-02-25 11:54:51.066652,26
Y_STR02797,Y_U0023,Y0042,2026-02-13 20:04:15.444364,58
Y_STR02798,Y_U0076,Y0010,2026-02-07 16:25:08.308097,215
Y_STR02799,Y_U0033,Y0012,2026-02-14 22:07:17.686294,212
Y_STR02800,Y_U0013,Y0047,2026-02-07 17:28:50.576065,171
Y_STR02801,Y_U0066,Y0050,2026-02-08 08:56:57.434764,104
Y_STR02802,Y_U0019,Y0040,2026-02-21 22:24:14.536711,10
Y_STR02803,Y_U0023,Y0043,2026-01-31 11:15:28.800173,156
Y_STR02804,Y_U0058,Y0006,2026-02-08 16:34:57.787720,267
Y_STR02805,Y_U0019,Y0046,2026-02-25 07:53:06.328948,122
Y_STR02806,Y_U0057,Y0024,2026-02-17 07:59:07.299811,193
Y_STR02807,Y_U0056,Y0038,2026-02-22 16:13:50.409407,78
Y_STR02808,Y_U0055,Y0029,2026-02-04 05:28:17.955582,9
Y_STR02809,Y_U0058,Y0037,2026-02-12 01:29:59.221777,117
Y_STR02810,Y_U0061,Y0028,2026-02-16 15:12:54.973449,12
Y_STR02811,Y_U0062,Y0040,2026-02-21 14:18:33.551319,74
Y_STR02812,Y_U0028,Y0004,2026-02-16 22:15:03.340346,51
Y_STR02813,Y_U0080,Y0038,2026-02-01 01:09:48.173736,25
Y_STR02814,Y_U0067,Y0016,2026-02-28 11:52:36.947124,69
Y_STR02815,Y_U0004,Y0030,2026-02-22 08:13:30.657897,17
Y_STR02816,Y_U0046,Y0030,2026-02-21 22:23:42.320147,113
Y_STR02817,Y_U0013,Y0049,2026-02-03 16:27:49.199114,87
Y_STR02818,Y_U0059,Y0038,2026-02-17 12:46:33.211643,39
Y_STR02819,Y_U0040,Y0041,2026-02-26 10:22:00.985137,248
Y_STR02820,Y_U0063,Y0049,2026-02-25 19:06:29.548566,10
Y_STR02821,Y_U0093,Y0003,2026-02-01 12:57:56.797743,30
Y_STR02822,Y_U0004,Y0042,2026-02-02 09:14:02.175178,225
Y_STR02823,Y_U0077,Y0029,2026-02-03 22:55:38.769771,180
Y_STR02824,Y_U0033,Y0009,2026-02-05 18:11:58.466789,85
Y_STR02825,Y_U0073,Y0021,2026-02-17 01:27:12.112516,282
Y_STR02826,Y_U0097,Y0038,2026-03-02 04:24:51.524553,173
Y_STR02827,Y_U0023,Y0027,2026-02-11 16:08:27.781948,150
Y_STR02828,Y_U0045,Y0036,2026-02-19 02:18:29.745466,44
Y_STR02829,Y_U0069,Y0048,2026-02-09 14:54:42.893633,130
Y_STR02830,Y_U0051,Y0035,2026-02-27 13:31:52.833143,156
Y_STR02831,Y_U0072,Y0048,2026-02-06 19:33:31.153036,177
Y_STR02832,Y_U0058,Y0034,2026-02-12 09:57:30.619338,132
Y_STR02833,Y_U0003,Y0026,2026-02-28 13:43:16.233712,253
Y_STR02834,Y_U0064,Y0025,2026-02-07 07:49:27.985751,52
Y_STR02835,Y_U0031,Y0037,2026-02-14 17:24:35.093827,153
Y_STR02836,Y_U0092,Y0041,2026-02-04 09:48:27.514958,192
Y_STR02837,Y_U0092,Y0030,2026-03-01 14:08:24.797414,151
Y_STR02838,Y_U0061,Y0044,2026-02-10 05:01:19.269746,319
Y_STR02839,Y_U0064,Y0043,2026-02-02 20:30:57.549818,35
Y_STR02840,Y_U0024,Y0045,2026-03-01 05:34:04.437554,173
Y_STR02841,Y_U0067,Y0015,2026-02-26 07:44:07.315380,260
Y_STR02842,Y_U0033,Y0015,2026-02-14 10:06:51.405366,148
Y_STR02843,Y_U0069,Y0037,2026-02-17 15:37:31.849173,11
Y_STR02844,Y_U0025,Y0033,2026-03-01 08:49:07.712554,57
Y_STR02845,Y_U0028,Y0040,2026-02-21 06:36:30.408322,45
Y_STR02846,Y_U0093,Y0037,2026-02-14 20:43:53.250542,64
Y_STR02847,Y_U0041,Y0044,2026-02-08 06:49:48.688469,161
Y_STR02848,Y_U0088,Y0027,2026-02-15 03:58:49.544499,192
Y_STR02849,Y_U0017,Y0043,2026-02-21 13:08:13.724710,112
Y_STR02850,Y_U0014,Y0034,2026-02-18 00:33:09.055772,210
Y_STR02851,Y_U0055,Y0030,2026-03-01 18:28:07.372343,108
Y_STR02852,Y_U0097,Y0010,2026-02-15 11:34:43.614221,105
Y_STR02853,Y_U0039,Y0027,2026-02-04 18:07:34.498415,67
Y_STR02854,Y_U0012,Y0049,2026-02-27 00:45:01.500103,101
Y_STR02855,Y_U0040,Y0024,2026-02-26 02:53:31.961587,8
Y_STR02856,Y_U0048,Y0050,2026-02-23 07:27:45.023305,56
Y_STR02857,Y_U0007,Y0011,2026-02-22 09:52:19.863938,184
Y_STR02858,Y_U0004,Y0034,2026-02-17 20:29:08.172002,111
Y_STR02859,Y_U0014,Y0048,2026-02-07 23:58:00.820026,101
Y_STR02860,Y_U0066,Y0030,2026-02-28 20:31:59.321961,76
Y_STR02861,Y_U0049,Y0049,2026-02-13 05:16:48.030069,22
Y_STR02862,Y_U0059,Y0026,2026-02-13 18:46:32.485883,159
Y_STR02863,Y_U0073,Y0049,2026-02-23 20:08:46.717855,118
Y_STR02864,Y_U0082,Y0050,2026-02-28 23:09:58.100632,269
Y_STR02865,Y_U0081,Y0008,2026-02-12 09:55:37.240955,127
Y_STR02866,Y_U0088,Y0016,2026-02-22 20:43:39.884051,215
Y_STR02867,Y_U0031,Y0036,2026-02-16 20:57:30.776653,33
Y_STR02868,Y_U0099,Y0026,2026-02-06 02:26:08.080166,114
Y_STR02869,Y_U0022,Y0029,2026-02-10 05:49:40.080294,197
Y_STR02870,Y_U0053,Y0034,2026-02-27 17:24:04.638659,68
Y_STR02871,Y_U0094,Y0043,2026-02-27 20:48:44.068031,27
Y_STR02872,Y_U0006,Y0044,2026-02-19 04:58:49.859011,21
Y_STR02873,Y_U0004,Y0049,2026-02-26 08:21:37.000060,6
Y_STR02874,Y_U0031,Y0037,2026-02-27 19:43:24.210607,86
Y_STR02875,Y_U0073,Y0036,2026-02-25 16:05:44.994451,263
Y_STR02876,Y_U0012,Y0028,2026-02-26 13:09:29.068769,146
Y_STR02877,Y_U0064,Y0042,2026-02-14 17:44:08.987588,221
Y_STR02878,Y_U0071,Y0044,2026-02-20 06:24:07.785927,9
Y_STR02879,Y_U0079,Y0039,2026-02-08 14:14:09.634497,293
Y_STR02880,Y_U0014,Y0040,2026-02-03 13:50:30.753940,105
Y_STR02881,Y_U0038,Y0040,2026-02-15 04:45:15.051157,126
Y_STR02882,Y_U0001,Y0014,2026-02-17 22:00:34.582325,199
Y_STR02883,Y_U0044,Y0022,2026-02-08 13:49:34.029540,118
Y_STR02884,Y_U0096,Y0026,2026-02-15 15:28:23.974771,169
Y_STR02885,Y_U0072,Y0047,2026-02-03 03:11:59.442625,111
Y_STR02886,Y_U0036,Y0010,2026-02-17 05:26:23.542549,53
Y_STR02887,Y_U0009,Y0048,2026-02-08 09:34:40.970494,126
Y_STR02888,Y_U0043,Y0044,2026-02-11 06:00:39.234860,61
Y_STR02889,Y_U0010,Y0025,2026-02-03 11:36:24.450230,110
Y_STR02890,Y_U0004,Y0022,2026-02-12 08:40:23.311106,68
Y_STR02891,Y_U0023,Y0043,2026-02-12 22:43:21.830630,136
Y_STR02892,Y_U0041,Y0024,2026-02-13 05:58:48.238597,294
Y_STR02893,Y_U0075,Y0024,2026-02-23 11:34:06.814614,115
Y_STR02894,Y_U0045,Y0036,2026-02-21 03:12:06.226270,237
Y_STR02895,Y_U0057,Y0035,2026-02-20 02:13:26.005458,14
Y_STR02896,Y_U0072,Y0042,2026-02-12 07:12:38.254731,180
Y_STR02897,Y_U0094,Y0023,2026-02-28 07:45:06.307519,36
Y_STR02898,Y_U0042,Y0040,2026-02-17 07:59:19.475152,18
Y_STR02899,Y_U0062,Y0030,2026-02-20 02:10:24.409762,9
Y_STR02900,Y_U0056,Y0034,2026-02-09 00:48:55.358795,42
Y_STR02901,Y_U0053,Y0031,2026-02-26 15:14:09.111609,120
Y_STR02902,Y_U0047,Y0036,2026-02-02 05:50:05.626252,33
Y_STR02903,Y_U0058,Y0030,2026-02-08 21:38:11.010296,138
Y_STR02904,Y_U0092,Y0033,2026-02-09 00:53:22.872740,91
Y_STR02905,Y_U0042,Y0028,2026-02-19 16:39:12.671569,68
Y_STR02906,Y_U0088,Y0037,2026-02-21 22:31:42.026338,150
Y_STR02907,Y_U0007,Y0031,2026-03-02 09:02:04.965845,61
Y_STR02908,Y_U0093,Y0025,2026-02-28 13:25:14.941798,93
Y_STR02909,Y_U0088,Y0040,2026-02-13 10:10:11.255453,120
Y_STR02910,Y_U0017,Y0036,2026-02-18 01:40:01.771606,77
Y_STR02911,Y_U0100,Y0042,2026-02-12 03:01:53.544184,173
Y_STR02912,Y_U0027,Y0019,2026-02-23 08:07:06.173627,220
Y_STR02913,Y_U0041,Y0048,2026-02-27 21:58:09.659739,158
Y_STR02914,Y_U0050,Y0045,2026-02-07 05:43:41.042369,177
Y_STR02915,Y_U0078,Y0003,2026-02-06 19:58:12.254535,176
Y_STR02916,Y_U0062,Y0042,2026-02-27 10:38:48.499236,190
Y_STR02917,Y_U0039,Y0050,2026-02-13 14:10:15.081858,20
Y_STR02918,Y_U0061,Y0039,2026-02-05 04:16:15.614543,54
Y_STR02919,Y_U0009,Y0031,2026-02-18 06:34:43.253495,15
Y_STR02920,Y_U0065,Y0021,2026-02-11 09:37:37.413292,202
Y_STR02921,Y_U0079,Y0041,2026-03-01 19:52:40.302490,204
Y_STR02922,Y_U0086,Y0032,2026-02-18 10:03:45.658974,177
Y_STR02923,Y_U0070,Y0032,2026-02-21 04:53:22.115420,182
Y_STR02924,Y_U0047,Y0036,2026-02-09 04:30:36.785810,307
Y_STR02925,Y_U0053,Y0047,2026-02-24 05:58:29.212451,93
Y_STR02926,Y_U0067,Y0039,2026-02-09 12:09:41.918738,267
Y_STR02927,Y_U0093,Y0027,2026-02-06 04:08:05.425913,102
Y_STR02928,Y_U0003,Y0036,2026-02-03 01:01:42.301704,298
Y_STR02929,Y_U0040,Y0045,2026-02-22 05:55:25.336183,163
Y_STR02930,Y_U0045,Y0046,2026-02-25 15:56:43.409015,33
Y_STR02931,Y_U0055,Y0025,2026-03-01 08:58:23.368158,12
Y_STR02932,Y_U0055,Y0026,2026-02-06 09:11:21.262692,224
Y_STR02933,Y_U0004,Y0025,2026-02-18 09:28:07.719114,184
Y_STR02934,Y_U0078,Y0011,2026-02-28 07:35:17.163757,241
Y_STR02935,Y_U0054,Y0041,2026-02-23 06:48:10.252245,41
Y_STR02936,Y_U0027,Y0026,2026-02-23 19:08:36.279316,268
Y_STR02937,Y_U0046,Y0031,2026-02-09 06:00:46.507029,111
Y_STR02938,Y_U0040,Y0015,2026-02-13 02:03:08.016603,241
Y_STR02939,Y_U0043,Y0045,2026-02-12 03:27:28.616078,44
Y_STR02940,Y_U0097,Y0038,2026-02-15 00:12:07.706700,58
Y_STR02941,Y_U0061,Y0036,2026-02-13 05:20:47.183734,34
Y_STR02942,Y_U0041,Y0017,2026-02-07 06:15:17.753735,77
Y_STR02943,Y_U0078,Y0024,2026-02-21 07:58:53.644946,30
Y_STR02944,Y_U0090,Y0045,2026-02-02 23:49:30.493521,119
Y_STR02945,Y_U0043,Y0042,2026-02-18 07:55:05.154484,189
Y_STR02946,Y_U0074,Y0033,2026-02-15 06:44:04.172165,84
Y_STR02947,Y_U0051,Y0006,2026-02-10 09:27:45.493769,271
Y_STR02948,Y_U0075,Y0034,2026-02-19 04:39:43.137075,126
Y_STR02949,Y_U0013,Y0021,2026-02-24 12:03:09.968385,188
Y_STR02950,Y_U0067,Y0044,2026-02-05 19:23:42.014417,116
Y_STR02951,Y_U0013,Y0049,2026-02-28 06:43:51.490669,116
Y_STR02952,Y_U0026,Y0015,2026-02-03 15:28:35.416537,54
Y_STR02953,Y_U0065,Y0031,2026-02-22 22:15:14.956842,84
Y_STR02954,Y_U0011,Y0016,2026-02-18 07:19:42.655890,149
Y_STR02955,Y_U0005,Y0011,2026-02-15 14:37:37.828558,88
Y_STR02956,Y_U0019,Y0038,2026-02-17 12:30:11.101111,106
Y_STR02957,Y_U0090,Y0013,2026-02-03 11:15:25.643175,54
Y_STR02958,Y_U0004,Y0008,2026-02-26 00:28:10.797384,82
Y_STR02959,Y_U0078,Y0043,2026-02-09 04:45:45.079356,54
Y_STR02960,Y_U0016,Y0027,2026-02-26 09:06:29.029349,53
Y_STR02961,Y_U0018,Y0046,2026-02-08 03:19:24.591414,73
Y_STR02962,Y_U0099,Y0025,2026-02-08 00:08:31.225473,111
Y_STR02963,Y_U0001,Y0042,2026-02-23 23:52:48.191019,251
Y_STR02964,Y_U0046,Y0013,2026-02-02 22:04:55.933001,178
Y_STR02965,Y_U0014,Y0041,2026-02-28 18:52:51.694316,84
Y_STR02966,Y_U0032,Y0022,2026-02-02 09:55:17.058702,148
Y_STR02967,Y_U0096,Y0047,2026-02-19 17:48:53.636825,215
Y_STR02968,Y_U0082,Y0023,2026-02-11 11:55:44.363310,130
Y_STR02969,Y_U0038,Y0036,2026-02-13 13:04:46.219385,279
Y_STR02970,Y_U0044,Y0047,2026-02-09 02:30:50.740535,217
Y_STR02971,Y_U0062,Y0032,2026-02-02 19:22:08.628094,173
Y_STR02972,Y_U0015,Y0025,2026-02-12 18:59:19.232661,119
Y_STR02973,Y_U0042,Y0014,2026-02-14 23:10:30.701251,197
Y_STR02974,Y_U0082,Y0047,2026-02-06 16:14:31.820764,199
Y_STR02975,Y_U0096,Y0007,2026-02-23 23:19:27.353320,207
Y_STR02976,Y_U0036,Y0038,2026-02-05 18:01:18.330371,147
Y_STR02977,Y_U0003,Y0050,2026-02-10 17:00:58.981508,282
Y_STR02978,Y_U0004,Y0002,2026-02-08 09:51:27.061859,263
Y_STR02979,Y_U0041,Y0008,2026-02-22 07:28:50.215717,272
Y_STR02980,Y_U0013,Y0038,2026-01-31 12:19:02.108603,34
Y_STR02981,Y_U0008,Y0041,2026-02-05 08:41:54.176243,255
Y_STR02982,Y_U0017,Y0045,2026-02-10 13:01:42.020256,100
Y_STR02983,Y_U0051,Y0044,2026-02-07 22:50:39.149979,224
Y_STR02984,Y_U0014,Y0049,2026-02-11 02:03:45.714903,69
Y_STR02985,Y_U0010,Y0044,2026-02-14 15:24:37.871193,148
Y_STR02986,Y_U0071,Y0049,2026-02-20 05:16:17.788197,53
Y_STR02987,Y_U0067,Y0032,2026-02-13 00:37:45.872917,232
Y_STR02988,Y_U0012,Y0013,2026-02-01 18:29:32.680013,131
Y_STR02989,Y_U0063,Y0040,2026-02-02 07:07:28.252049,127
Y_STR02990,Y_U0061,Y0025,2026-02-08 11:48:52.311298,123
Y_STR02991,Y_U0040,Y0013,2026-03-01 12:28:11.093205,37
Y_STR02992,Y_U0081,Y0025,2026-02-01 18:57:22.716440,11
Y_STR02993,Y_U0045,Y0039,2026-02-06 14:44:36.692777,121
Y_STR02994,Y_U0028,Y0039,2026-02-09 20:01:12.006535,82
Y_STR02995,Y_U0046,Y0025,2026-02-02 19:40:35.412645,92
Y_STR02996,Y_U0046,Y0023,2026-02-19 00:31:34.041955,178
Y_STR02997,Y_U0065,Y0026,2026-02-05 01:38:37.148408,173
Y_STR02998,Y_U0016,Y0043,2026-03-01 10:23:34.603493,79
Y_STR02999,Y_U0074,Y0037,2026-02-15 06:21:23.677194,25
Y_STR03000,Y_U0008,Y0050,2026-02-27 05:18:56.375321,45
Y_STR03001,Y_U0075,Y0042,2026-02-27 16:47:17.466779,75
Y_STR03002,Y_U0046,Y0037,2026-02-19 22:52:26.183120,84
Y_STR03003,Y_U0019,Y0047,2026-02-27 15:41:39.611894,50
Y_STR03004,Y_U0051,Y0048,2026-02-02 01:33:17.903943,50
Y_STR03005,Y_U0073,Y0024,2026-02-25 14:06:33.049042,41
Y_STR03006,Y_U0092,Y0038,2026-02-04 02:28:27.635114,19
Y_STR03007,Y_U0004,Y0025,2026-02-03 01:02:58.460718,100
Y_STR03008,Y_U0098,Y0012,2026-02-11 14:18:04.563241,224
Y_STR03009,Y_U0037,Y0043,2026-02-27 18:11:57.136609,44
Y_STR03010,Y_U0086,Y0022,2026-02-05 18:44:09.875433,145
Y_STR03011,Y_U0065,Y0010,2026-02-12 11:17:44.069558,135
Y_STR03012,Y_U0065,Y0030,2026-02-21 02:07:26.108354,135
Y_STR03013,Y_U0058,Y0017,2026-02-13 20:31:47.769799,82
Y_STR03014,Y_U0082,Y0042,2026-02-27 03:07:12.910781,23
Y_STR03015,Y_U0032,Y0048,2026-02-24 20:01:24.745080,15
Y_STR03016,Y_U0094,Y0006,2026-02-26 07:41:04.193394,229
Y_STR03017,Y_U0050,Y0034,2026-02-02 06:04:41.439681,66
Y_STR03018,Y_U0095,Y0033,2026-02-22 00:43:29.109672,164
Y_STR03019,Y_U0083,Y0038,2026-02-07 18:31:45.290814,114
Y_STR03020,Y_U0059,Y0029,2026-02-16 00:27:12.089071,294
Y_STR03021,Y_U0066,Y0044,2026-01-31 22:32:45.747676,339
Y_STR03022,Y_U0100,Y0038,2026-02-27 10:27:10.870059,171
Y_STR03023,Y_U0033,Y0020,2026-02-12 01:53:59.671559,87
Y_STR03024,Y_U0096,Y0046,2026-02-15 00:28:15.487510,153
Y_STR03025,Y_U0042,Y0044,2026-02-22 05:16:24.552032,13
Y_STR03026,Y_U0060,Y0044,2026-02-26 08:46:58.905347,285
Y_STR03027,Y_U0003,Y0020,2026-02-18 10:57:09.332391,90
Y_STR03028,Y_U0034,Y0011,2026-02-06 03:47:28.165032,282
Y_STR03029,Y_U0017,Y0042,2026-02-09 20:29:28.330007,156
Y_STR03030,Y_U0078,Y0041,2026-02-02 11:25:08.152748,70
Y_STR03031,Y_U0053,Y0041,2026-02-28 19:39:54.739030,133
Y_STR03032,Y_U0007,Y0009,2026-02-13 13:15:31.608324,191
Y_STR03033,Y_U0080,Y0042,2026-02-19 12:44:33.855301,206
Y_STR03034,Y_U0003,Y0025,2026-02-07 19:56:46.517217,160
Y_STR03035,Y_U0023,Y0014,2026-02-02 00:45:05.901998,117
Y_STR03036,Y_U0037,Y0024,2026-02-26 22:11:18.249349,65
Y_STR03037,Y_U0060,Y0028,2026-02-09 05:50:13.164530,65
Y_STR03038,Y_U0083,Y0015,2026-02-27 10:19:55.756631,168
Y_STR03039,Y_U0043,Y0017,2026-02-18 00:34:33.286378,98
Y_STR03040,Y_U0050,Y0048,2026-02-20 01:16:08.286391,130
Y_STR03041,Y_U0093,Y0049,2026-02-12 08:16:15.724741,101
Y_STR03042,Y_U0015,Y0046,2026-02-18 11:58:02.811951,58
Y_STR03043,Y_U0036,Y0031,2026-02-04 12:20:35.011035,77
Y_STR03044,Y_U0022,Y0046,2026-02-13 15:29:45.707112,68
Y_STR03045,Y_U0077,Y0035,2026-02-15 16:02:31.259917,51
Y_STR03046,Y_U0037,Y0045,2026-02-02 22:31:39.956052,112
Y_STR03047,Y_U0046,Y0038,2026-02-07 08:15:28.054413,151
Y_STR03048,Y_U0045,Y0038,2026-02-18 03:06:22.567586,48
Y_STR03049,Y_U0079,Y0030,2026-02-09 21:38:13.246650,138
Y_STR03050,Y_U0005,Y0049,2026-02-07 13:32:56.571519,101
Y_STR03051,Y_U0004,Y0035,2026-02-15 03:29:33.930168,60
Y_STR03052,Y_U0041,Y0026,2026-02-27 01:43:04.881056,167
Y_STR03053,Y_U0032,Y0045,2026-02-25 18:46:15.768772,73
Y_STR03054,Y_U0091,Y0002,2026-03-01 17:20:04.859525,170
Y_STR03055,Y_U0026,Y0034,2026-02-07 10:11:06.531160,69
Y_STR03056,Y_U0032,Y0049,2026-02-02 05:00:24.995251,85
Y_STR03057,Y_U0026,Y0035,2026-02-12 22:53:29.875062,302
Y_STR03058,Y_U0005,Y0046,2026-02-15 20:02:05.347947,99
Y_STR03059,Y_U0054,Y0050,2026-02-27 07:27:29.345101,14
Y_STR03060,Y_U0090,Y0025,2026-02-20 17:46:45.914099,168
Y_STR03061,Y_U0026,Y0049,2026-02-05 09:23:45.528020,111
Y_STR03062,Y_U0052,Y0028,2026-02-02 10:27:50.881281,164
Y_STR03063,Y_U0021,Y0048,2026-02-13 18:43:59.901916,256
Y_STR03064,Y_U0034,Y0028,2026-02-03 14:03:56.785768,134
Y_STR03065,Y_U0087,Y0030,2026-02-19 14:30:16.171186,119
Y_STR03066,Y_U0051,Y0021,2026-02-16 23:31:18.089050,166
Y_STR03067,Y_U0034,Y0041,2026-02-04 11:49:54.770298,126
Y_STR03068,Y_U0050,Y0010,2026-02-02 12:19:13.071252,191
Y_STR03069,Y_U0021,Y0029,2026-02-08 01:18:31.968565,93
Y_STR03070,Y_U0071,Y0042,2026-02-18 02:35:44.090496,202
Y_STR03071,Y_U0032,Y0004,2026-02-09 21:22:56.357394,166
Y_STR03072,Y_U0058,Y0048,2026-02-23 02:34:05.633379,52
Y_STR03073,Y_U0088,Y0047,2026-02-13 16:09:34.532313,169
Y_STR03074,Y_U0016,Y0046,2026-02-10 18:09:12.340466,165
Y_STR03075,Y_U0060,Y0044,2026-02-22 22:45:45.907404,137
Y_STR03076,Y_U0067,Y0019,2026-02-15 17:32:29.374713,336
Y_STR03077,Y_U0074,Y0023,2026-02-18 03:32:01.146951,175
Y_STR03078,Y_U0070,Y0041,2026-02-22 19:04:02.512516,109
Y_STR03079,Y_U0030,Y0044,2026-02-20 18:28:53.880603,75
Y_STR03080,Y_U0071,Y0043,2026-02-28 18:08:08.208471,14
Y_STR03081,Y_U0023,Y0045,2026-02-27 07:47:10.900648,19
Y_STR03082,Y_U0038,Y0049,2026-02-09 20:23:02.017194,36
Y_STR03083,Y_U0019,Y0038,2026-02-23 20:27:27.010843,98
Y_STR03084,Y_U0014,Y0041,2026-02-16 18:37:56.326798,136
Y_STR03085,Y_U0059,Y0036,2026-02-25 18:02:52.458706,231
Y_STR03086,Y_U0016,Y0019,2026-02-19 22:19:27.604759,207
Y_STR03087,Y_U0018,Y0047,2026-02-04 11:27:11.204888,266
Y_STR03088,Y_U0061,Y0048,2026-02-23 10:58:13.499206,268
Y_STR03089,Y_U0068,Y0008,2026-02-05 04:04:01.709845,83
Y_STR03090,Y_U0093,Y0039,2026-02-20 15:07:32.907376,55
Y_STR03091,Y_U0086,Y0046,2026-02-15 12:30:27.979955,30
Y_STR03092,Y_U0060,Y0023,2026-02-17 23:17:17.835431,47
Y_STR03093,Y_U0008,Y0037,2026-02-10 06:28:17.294493,25
Y_STR03094,Y_U0093,Y0043,2026-02-07 07:01:21.812141,63
Y_STR03095,Y_U0083,Y0004,2026-02-27 06:29:09.328526,173
Y_STR03096,Y_U0066,Y0041,2026-02-04 00:29:22.814547,181
Y_STR03097,Y_U0049,Y0044,2026-02-23 18:22:27.150845,303
Y_STR03098,Y_U0054,Y0040,2026-02-01 02:03:17.231421,8
Y_STR03099,Y_U0095,Y0038,2026-02-07 17:37:16.736154,157
Y_STR03100,Y_U0034,Y0045,2026-02-19 13:26:40.747932,146
Y_STR03101,Y_U0024,Y0049,2026-02-24 05:06:36.217615,68
Y_STR03102,Y_U0003,Y0023,2026-02-03 18:55:09.321831,93
Y_STR03103,Y_U0015,Y0043,2026-02-11 23:57:01.196080,154
Y_STR03104,Y_U0038,Y0048,2026-02-20 00:25:32.603461,261
Y_STR03105,Y_U0091,Y0046,2026-02-03 04:43:48.271174,155
Y_STR03106,Y_U0028,Y0032,2026-02-15 08:57:15.416849,227
Y_STR03107,Y_U0042,Y0049,2026-02-20 06:14:46.328402,59
Y_STR03108,Y_U0074,Y0043,2026-02-06 14:13:12.808651,120
Y_STR03109,Y_U0038,Y0050,2026-02-10 23:10:39.091576,163
Y_STR03110,Y_U0081,Y0041,2026-02-21 14:56:14.160223,53
Y_STR03111,Y_U0065,Y0033,2026-02-27 15:02:27.153610,65
Y_STR03112,Y_U0090,Y0025,2026-02-08 04:04:22.394251,17
Y_STR03113,Y_U0084,Y0042,2026-02-11 16:13:25.576854,271
Y_STR03114,Y_U0097,Y0032,2026-02-25 10:06:12.568635,36
Y_STR03115,Y_U0010,Y0038,2026-02-19 21:30:40.300326,36
Y_STR03116,Y_U0095,Y0037,2026-02-21 09:20:27.492710,56
Y_STR03117,Y_U0010,Y0017,2026-02-16 16:00:31.446056,94
Y_STR03118,Y_U0039,Y0037,2026-02-10 11:34:32.889008,104
Y_STR03119,Y_U0080,Y0048,2026-03-01 02:57:19.445770,13
Y_STR03120,Y_U0005,Y0043,2026-02-09 12:01:48.815416,37
Y_STR03121,Y_U0001,Y0027,2026-02-12 23:38:50.154694,65
Y_STR03122,Y_U0011,Y0006,2026-02-19 08:26:39.243651,329
Y_STR03123,Y_U0018,Y0027,2026-03-01 23:55:59.493177,198
Y_STR03124,Y_U0010,Y0048,2026-02-10 10:06:45.291106,64
Y_STR03125,Y_U0034,Y0043,2026-02-22 04:17:03.101512,158
Y_STR03126,Y_U0058,Y0041,2026-03-02 05:41:52.130567,170
Y_STR03127,Y_U0052,Y0046,2026-02-20 08:25:16.124088,113
Y_STR03128,Y_U0037,Y0012,2026-02-19 12:29:04.288487,28
Y_STR03129,Y_U0039,Y0008,2026-02-11 08:15:19.076740,306
Y_STR03130,Y_U0088,Y0023,2026-02-15 06:02:48.298348,234
Y_STR03131,Y_U0065,Y0022,2026-02-07 16:22:04.587516,68
Y_STR03132,Y_U0019,Y0037,2026-02-21 20:58:18.417757,66
Y_STR03133,Y_U0047,Y0008,2026-02-07 20:12:39.467129,143
Y_STR03134,Y_U0085,Y0031,2026-02-05 18:38:48.297177,54
Y_STR03135,Y_U0066,Y0024,2026-02-21 09:33:52.629922,202
Y_STR03136,Y_U0083,Y0043,2026-02-18 01:30:05.549199,21
Y_STR03137,Y_U0022,Y0024,2026-02-26 18:25:50.198835,253
Y_STR03138,Y_U0090,Y0017,2026-02-09 10:03:36.948349,7
Y_STR03139,Y_U0056,Y0034,2026-02-13 19:23:01.963969,34
Y_STR03140,Y_U0006,Y0018,2026-01-31 12:59:50.607578,163
Y_STR03141,Y_U0025,Y0020,2026-02-03 08:00:52.709737,123
Y_STR03142,Y_U0044,Y0026,2026-02-16 18:24:54.865056,155
Y_STR03143,Y_U0039,Y0039,2026-02-16 23:52:55.919118,145
Y_STR03144,Y_U0027,Y0047,2026-02-11 17:50:07.771044,260
Y_STR03145,Y_U0064,Y0002,2026-02-25 21:00:33.985370,80
Y_STR03146,Y_U0002,Y0023,2026-02-01 16:03:48.896069,99
Y_STR03147,Y_U0072,Y0017,2026-02-06 00:23:18.820152,29
Y_STR03148,Y_U0085,Y0020,2026-02-18 05:58:31.360434,5
Y_STR03149,Y_U0038,Y0047,2026-01-31 12:03:28.705060,124
Y_STR03150,Y_U0081,Y0037,2026-02-23 13:15:03.352311,73
Y_STR03151,Y_U0083,Y0044,2026-02-06 17:42:39.577270,101
Y_STR03152,Y_U0002,Y0030,2026-03-01 09:45:35.697313,62
Y_STR03153,Y_U0028,Y0045,2026-02-27 03:22:43.863449,122
Y_STR03154,Y_U0082,Y0050,2026-02-21 04:23:03.127652,290
Y_STR03155,Y_U0016,Y0018,2026-02-06 18:50:50.697848,82
Y_STR03156,Y_U0004,Y0050,2026-02-18 13:32:26.779496,94
Y_STR03157,Y_U0052,Y0038,2026-02-18 09:27:18.646675,53
Y_STR03158,Y_U0057,Y0032,2026-02-18 22:30:58.178854,11
Y_STR03159,Y_U0040,Y0043,2026-02-25 13:26:33.528393,133
Y_STR03160,Y_U0065,Y0015,2026-02-05 21:33:41.204931,135
Y_STR03161,Y_U0035,Y0043,2026-02-08 15:18:58.265249,29
Y_STR03162,Y_U0005,Y0011,2026-02-08 08:37:01.808381,162
Y_STR03163,Y_U0088,Y0010,2026-02-27 05:56:26.697745,56
Y_STR03164,Y_U0052,Y0010,2026-02-05 17:12:11.196576,118
Y_STR03165,Y_U0047,Y0031,2026-02-01 07:07:28.571485,137
Y_STR03166,Y_U0096,Y0049,2026-03-01 14:08:36.144235,37
Y_STR03167,Y_U0065,Y0027,2026-02-20 18:58:37.778882,173
Y_STR03168,Y_U0053,Y0028,2026-02-15 02:45:12.302699,234
Y_STR03169,Y_U0084,Y0044,2026-02-24 13:05:09.209275,190
Y_STR03170,Y_U0059,Y0025,2026-02-03 00:59:42.151788,140
Y_STR03171,Y_U0036,Y0019,2026-02-20 16:13:57.292688,23
Y_STR03172,Y_U0007,Y0035,2026-02-17 08:29:32.990731,303
Y_STR03173,Y_U0024,Y0015,2026-02-23 23:27:10.731888,271
Y_STR03174,Y_U0025,Y0028,2026-02-20 16:23:00.699371,13
Y_STR03175,Y_U0003,Y0038,2026-01-31 20:43:44.986778,62
Y_STR03176,Y_U0032,Y0039,2026-02-01 18:54:40.411521,242
Y_STR03177,Y_U0004,Y0045,2026-01-31 19:23:50.924008,195
Y_STR03178,Y_U0077,Y0043,2026-02-08 21:40:37.335852,39
Y_STR03179,Y_U0081,Y0013,2026-02-03 00:47:23.522413,58
Y_STR03180,Y_U0084,Y0042,2026-02-15 19:14:23.850500,177
Y_STR03181,Y_U0059,Y0047,2026-02-02 05:13:08.170653,77
Y_STR03182,Y_U0025,Y0032,2026-02-04 17:26:03.293488,203
Y_STR03183,Y_U0006,Y0035,2026-02-24 22:34:52.696320,214
Y_STR03184,Y_U0099,Y0045,2026-02-27 13:15:53.303308,73
Y_STR03185,Y_U0030,Y0022,2026-02-28 18:08:14.011842,26
Y_STR03186,Y_U0035,Y0042,2026-02-14 08:35:48.479410,146
Y_STR03187,Y_U0039,Y0025,2026-02-02 05:36:46.268725,174
Y_STR03188,Y_U0046,Y0029,2026-02-17 04:14:16.162164,282
Y_STR03189,Y_U0095,Y0036,2026-03-02 00:51:05.876925,308
Y_STR03190,Y_U0061,Y0045,2026-02-09 14:31:05.872592,190
Y_STR03191,Y_U0046,Y0037,2026-02-26 04:38:09.712395,33
Y_STR03192,Y_U0044,Y0010,2026-02-02 05:39:31.444902,220
Y_STR03193,Y_U0073,Y0032,2026-02-14 12:51:33.659556,203
Y_STR03194,Y_U0041,Y0034,2026-02-05 23:15:28.870967,40
Y_STR03195,Y_U0058,Y0050,2026-02-09 07:48:39.954740,329
Y_STR03196,Y_U0084,Y0034,2026-02-01 13:28:11.548618,230
Y_STR03197,Y_U0048,Y0029,2026-02-21 17:28:26.219067,272
Y_STR03198,Y_U0083,Y0036,2026-02-13 05:40:35.446007,199
Y_STR03199,Y_U0044,Y0030,2026-02-05 13:01:48.128942,103
Y_STR03200,Y_U0047,Y0046,2026-02-11 12:57:08.529468,96
Y_STR03201,Y_U0086,Y0041,2026-02-14 20:24:21.063895,38
Y_STR03202,Y_U0008,Y0011,2026-02-16 04:00:54.800302,268
Y_STR03203,Y_U0100,Y0027,2026-02-06 12:02:10.251989,48
Y_STR03204,Y_U0056,Y0046,2026-03-01 17:30:37.119356,55
Y_STR03205,Y_U0064,Y0039,2026-02-14 17:31:16.160888,151
Y_STR03206,Y_U0047,Y0030,2026-02-16 12:35:28.134854,115
Y_STR03207,Y_U0009,Y0050,2026-02-27 04:02:28.318560,235
Y_STR03208,Y_U0011,Y0050,2026-02-11 15:48:57.463628,218
Y_STR03209,Y_U0002,Y0044,2026-02-09 21:53:27.798983,143
Y_STR03210,Y_U0059,Y0026,2026-02-10 08:55:03.336281,246
Y_STR03211,Y_U0081,Y0016,2026-02-24 19:01:04.148083,198
Y_STR03212,Y_U0090,Y0041,2026-02-06 00:52:18.729723,200
Y_STR03213,Y_U0022,Y0011,2026-02-04 10:17:05.435834,41
Y_STR03214,Y_U0021,Y0045,2026-02-08 04:11:22.362943,31
Y_STR03215,Y_U0094,Y0033,2026-02-27 14:21:32.565373,35
Y_STR03216,Y_U0039,Y0033,2026-02-14 21:48:17.866662,30
Y_STR03217,Y_U0028,Y0031,2026-02-23 04:02:45.647277,98
Y_STR03218,Y_U0075,Y0041,2026-02-24 20:37:22.692348,33
Y_STR03219,Y_U0004,Y0011,2026-02-28 11:34:56.720799,204
Y_STR03220,Y_U0052,Y0018,2026-02-23 21:58:55.637552,189
Y_STR03221,Y_U0078,Y0014,2026-02-14 12:25:28.340561,58
Y_STR03222,Y_U0006,Y0026,2026-02-08 19:59:23.418756,24
Y_STR03223,Y_U0090,Y0046,2026-02-17 09:00:14.619118,56
Y_STR03224,Y_U0027,Y0049,2026-02-14 16:26:50.684058,13
Y_STR03225,Y_U0017,Y0042,2026-02-24 08:07:05.414752,5
Y_STR03226,Y_U0027,Y0015,2026-02-24 09:47:36.305754,78
Y_STR03227,Y_U0071,Y0026,2026-02-24 12:40:52.687017,94
Y_STR03228,Y_U0069,Y0012,2026-02-20 19:24:03.908487,283
Y_STR03229,Y_U0072,Y0011,2026-02-03 00:38:44.973418,232
Y_STR03230,Y_U0047,Y0029,2026-02-28 17:06:32.321676,183
Y_STR03231,Y_U0093,Y0038,2026-02-25 20:56:39.910753,121
Y_STR03232,Y_U0003,Y0020,2026-02-15 21:21:00.635263,154
Y_STR03233,Y_U0067,Y0044,2026-02-15 10:31:05.355360,25
Y_STR03234,Y_U0087,Y0037,2026-02-05 01:19:50.586146,14
Y_STR03235,Y_U0066,Y0036,2026-02-15 00:50:15.506742,335
Y_STR03236,Y_U0041,Y0042,2026-02-11 01:13:57.180693,114
Y_STR03237,Y_U0043,Y0019,2026-02-26 01:51:43.073639,183
Y_STR03238,Y_U0089,Y0024,2026-02-10 22:19:39.903477,30
Y_STR03239,Y_U0004,Y0046,2026-01-31 22:16:17.486760,105
Y_STR03240,Y_U0016,Y0032,2026-02-06 08:23:48.956634,148
Y_STR03241,Y_U0087,Y0041,2026-02-26 00:51:45.047763,89
Y_STR03242,Y_U0018,Y0050,2026-02-10 06:46:42.536736,171
Y_STR03243,Y_U0095,Y0034,2026-02-02 18:10:41.189228,18
Y_STR03244,Y_U0047,Y0018,2026-02-19 09:35:46.844904,6
Y_STR03245,Y_U0027,Y0044,2026-02-17 10:34:20.254443,193
Y_STR03246,Y_U0074,Y0029,2026-03-01 09:05:23.365283,127
Y_STR03247,Y_U0066,Y0034,2026-02-15 08:53:25.094839,97
Y_STR03248,Y_U0052,Y0037,2026-02-28 01:05:49.702878,119
Y_STR03249,Y_U0094,Y0017,2026-02-21 14:57:48.968232,111
Y_STR03250,Y_U0067,Y0026,2026-02-20 09:06:27.725463,201
Y_STR03251,Y_U0012,Y0037,2026-02-04 04:39:27.888598,8
Y_STR03252,Y_U0069,Y0046,2026-02-15 17:19:39.705980,146
Y_STR03253,Y_U0026,Y0019,2026-03-01 15:28:48.311049,179
Y_STR03254,Y_U0002,Y0022,2026-02-10 01:33:38.594949,39
Y_STR03255,Y_U0050,Y0035,2026-02-16 07:37:28.396244,32
Y_STR03256,Y_U0051,Y0029,2026-02-24 01:24:39.871024,122
Y_STR03257,Y_U0017,Y0043,2026-02-10 03:21:14.758049,51
Y_STR03258,Y_U0018,Y0035,2026-02-08 18:31:03.729975,193
Y_STR03259,Y_U0051,Y0041,2026-02-07 19:49:37.398195,56
Y_STR03260,Y_U0074,Y0036,2026-02-02 05:35:45.782017,211
Y_STR03261,Y_U0030,Y0024,2026-02-23 13:36:55.165770,131
Y_STR03262,Y_U0044,Y0047,2026-02-28 22:27:12.159488,40
Y_STR03263,Y_U0027,Y0022,2026-02-24 01:53:31.677251,55
Y_STR03264,Y_U0098,Y0024,2026-02-26 07:27:06.961729,222
Y_STR03265,Y_U0060,Y0049,2026-02-15 23:14:44.633900,97
Y_STR03266,Y_U0012,Y0024,2026-03-02 06:37:47.494444,211
Y_STR03267,Y_U0051,Y0041,2026-02-04 17:50:20.370836,183
Y_STR03268,Y_U0011,Y0042,2026-02-08 21:18:49.071046,84
Y_STR03269,Y_U0066,Y0025,2026-02-02 21:42:01.565567,54
Y_STR03270,Y_U0075,Y0021,2026-02-14 21:31:52.837566,30
Y_STR03271,Y_U0094,Y0036,2026-03-01 03:53:15.618651,262
Y_STR03272,Y_U0047,Y0048,2026-02-02 04:07:39.613663,7
Y_STR03273,Y_U0089,Y0020,2026-02-23 13:34:42.590352,8
Y_STR03274,Y_U0012,Y0033,2026-02-12 11:17:31.809497,161
Y_STR03275,Y_U0036,Y0024,2026-02-22 02:16:05.231305,134
Y_STR03276,Y_U0080,Y0043,2026-02-03 15:30:53.202636,160
Y_STR03277,Y_U0082,Y0034,2026-02-22 05:21:05.214049,80
Y_STR03278,Y_U0076,Y0021,2026-02-11 07:28:46.940662,267
Y_STR03279,Y_U0029,Y0050,2026-02-26 07:22:02.086176,294
Y_STR03280,Y_U0094,Y0010,2026-02-18 16:00:35.552958,268
Y_STR03281,Y_U0084,Y0028,2026-02-27 15:03:16.823335,93
Y_STR03282,Y_U0067,Y0042,2026-02-28 10:39:18.755529,214
Y_STR03283,Y_U0003,Y0049,2026-02-15 15:53:07.711429,52
Y_STR03284,Y_U0064,Y0042,2026-02-18 19:16:59.998302,271
Y_STR03285,Y_U0016,Y0031,2026-02-21 22:01:10.829548,61
Y_STR03286,Y_U0029,Y0009,2026-02-26 07:05:53.717782,80
Y_STR03287,Y_U0099,Y0016,2026-02-10 00:30:37.597375,183
Y_STR03288,Y_U0065,Y0030,2026-02-04 23:53:11.699903,123
Y_STR03289,Y_U0049,Y0029,2026-02-12 22:00:48.240554,155
Y_STR03290,Y_U0006,Y0030,2026-02-18 01:27:29.378116,126
Y_STR03291,Y_U0028,Y0014,2026-02-27 16:16:41.321394,288
Y_STR03292,Y_U0091,Y0031,2026-02-11 14:07:08.061759,93
Y_STR03293,Y_U0071,Y0044,2026-02-16 17:18:43.448297,325
Y_STR03294,Y_U0098,Y0046,2026-02-25 12:18:39.051028,159
Y_STR03295,Y_U0048,Y0045,2026-02-28 03:31:14.174309,135
Y_STR03296,Y_U0093,Y0018,2026-02-14 00:54:27.757371,123
Y_STR03297,Y_U0028,Y0032,2026-02-03 01:07:41.992833,102
Y_STR03298,Y_U0076,Y0040,2026-02-18 19:34:10.878288,18
Y_STR03299,Y_U0084,Y0020,2026-02-12 20:53:34.118060,101
Y_STR03300,Y_U0069,Y0050,2026-02-06 02:28:39.558858,140
Y_STR03301,Y_U0088,Y0025,2026-02-06 22:22:54.291615,153
Y_STR03302,Y_U0096,Y0037,2026-02-13 03:27:45.664410,81
Y_STR03303,Y_U0076,Y0020,2026-02-03 23:54:27.452794,152
Y_STR03304,Y_U0094,Y0044,2026-02-20 14:11:34.069413,55
Y_STR03305,Y_U0018,Y0018,2026-02-25 19:11:33.522171,162
Y_STR03306,Y_U0050,Y0035,2026-02-22 16:58:34.494231,306
Y_STR03307,Y_U0065,Y0043,2026-02-10 18:45:34.956367,45
Y_STR03308,Y_U0071,Y0036,2026-02-16 01:07:12.756280,307
Y_STR03309,Y_U0031,Y0050,2026-02-06 22:16:05.905772,21
Y_STR03310,Y_U0044,Y0042,2026-02-24 18:19:44.714348,13
Y_STR03311,Y_U0009,Y0030,2026-02-11 05:51:18.581787,33
Y_STR03312,Y_U0038,Y0047,2026-02-14 16:05:15.164031,219
Y_STR03313,Y_U0052,Y0045,2026-02-06 05:21:17.806021,153
Y_STR03314,Y_U0072,Y0042,2026-02-09 21:36:24.584592,81
Y_STR03315,Y_U0095,Y0041,2026-02-13 22:19:39.640835,132
Y_STR03316,Y_U0062,Y0030,2026-02-02 07:09:10.138277,120
Y_STR03317,Y_U0003,Y0037,2026-02-14 16:11:41.502289,14
Y_STR03318,Y_U0026,Y0035,2026-02-12 23:17:46.817457,67
Y_STR03319,Y_U0009,Y0040,2026-02-20 16:18:08.839490,33
Y_STR03320,Y_U0085,Y0015,2026-02-13 20:52:29.175614,169
Y_STR03321,Y_U0047,Y0028,2026-02-24 05:15:03.804254,16
Y_STR03322,Y_U0059,Y0026,2026-02-07 10:37:28.480212,73
Y_STR03323,Y_U0064,Y0043,2026-02-19 20:01:51.479183,105
Y_STR03324,Y_U0099,Y0017,2026-03-01 07:31:00.403031,20
Y_STR03325,Y_U0031,Y0016,2026-02-13 16:12:12.039325,76
Y_STR03326,Y_U0008,Y0012,2026-02-26 23:42:04.478630,8
Y_STR03327,Y_U0088,Y0019,2026-02-28 10:58:54.545462,177
Y_STR03328,Y_U0027,Y0014,2026-02-28 16:08:01.887355,148
Y_STR03329,Y_U0098,Y0046,2026-02-16 07:04:24.506179,37
Y_STR03330,Y_U0053,Y0025,2026-02-17 14:57:01.020505,175
Y_STR03331,Y_U0097,Y0033,2026-02-09 09:26:04.424246,63
Y_STR03332,Y_U0055,Y0019,2026-02-27 14:39:11.838070,231
Y_STR03333,Y_U0081,Y0010,2026-02-17 15:35:58.722929,92
Y_STR03334,Y_U0016,Y0021,2026-02-17 22:23:07.942976,154
Y_STR03335,Y_U0073,Y0018,2026-02-28 05:10:05.359198,72
Y_STR03336,Y_U0094,Y0038,2026-02-18 19:02:35.820927,147
Y_STR03337,Y_U0046,Y0037,2026-02-11 08:31:29.195187,33
Y_STR03338,Y_U0049,Y0039,2026-02-24 01:44:57.079879,151
Y_STR03339,Y_U0041,Y0044,2026-02-22 05:52:32.062677,112
Y_STR03340,Y_U0072,Y0045,2026-02-13 05:31:47.515518,186
Y_STR03341,Y_U0050,Y0047,2026-02-04 06:36:07.024701,174
Y_STR03342,Y_U0004,Y0049,2026-02-26 00:31:39.717298,49
Y_STR03343,Y_U0095,Y0041,2026-02-11 03:41:18.016804,52
Y_STR03344,Y_U0051,Y0042,2026-03-01 22:56:39.682475,193
Y_STR03345,Y_U0080,Y0028,2026-02-02 06:22:06.045119,58
Y_STR03346,Y_U0071,Y0042,2026-02-25 11:01:47.433545,47
Y_STR03347,Y_U0007,Y0015,2026-02-11 01:26:19.301390,103
Y_STR03348,Y_U0056,Y0026,2026-02-13 02:12:32.925714,273
Y_STR03349,Y_U0036,Y0021,2026-02-16 13:02:32.422988,80
Y_STR03350,Y_U0075,Y0038,2026-02-13 19:35:42.690238,39
Y_STR03351,Y_U0063,Y0031,2026-02-07 15:37:17.647067,22
Y_STR03352,Y_U0005,Y0023,2026-02-12 02:10:26.559618,75
Y_STR03353,Y_U0003,Y0047,2026-02-02 01:05:39.787781,222
Y_STR03354,Y_U0081,Y0044,2026-02-26 13:50:30.114079,250
Y_STR03355,Y_U0086,Y0049,2026-02-04 15:33:05.353230,70
Y_STR03356,Y_U0065,Y0024,2026-02-14 10:47:00.296260,181
Y_STR03357,Y_U0052,Y0019,2026-02-22 17:08:58.453218,273
Y_STR03358,Y_U0010,Y0019,2026-02-18 03:15:28.929178,12
Y_STR03359,Y_U0029,Y0035,2026-02-22 05:30:09.106856,199
Y_STR03360,Y_U0087,Y0037,2026-02-26 22:24:48.106886,96
Y_STR03361,Y_U0010,Y0038,2026-02-03 01:44:11.026386,12
Y_STR03362,Y_U0067,Y0031,2026-02-19 23:21:13.496193,104
Y_STR03363,Y_U0069,Y0046,2026-02-01 02:42:33.698491,110
Y_STR03364,Y_U0062,Y0035,2026-02-17 05:06:59.208095,70
Y_STR03365,Y_U0061,Y0039,2026-02-23 16:06:40.724245,101
Y_STR03366,Y_U0088,Y0032,2026-02-10 12:43:47.564862,117
Y_STR03367,Y_U0022,Y0038,2026-02-23 17:30:04.386232,81
Y_STR03368,Y_U0082,Y0038,2026-02-14 04:48:31.618722,79
Y_STR03369,Y_U0007,Y0027,2026-02-22 12:30:53.320110,27
Y_STR03370,Y_U0024,Y0047,2026-02-18 17:41:17.077486,294
Y_STR03371,Y_U0092,Y0045,2026-02-14 01:42:30.680407,167
Y_STR03372,Y_U0012,Y0021,2026-02-14 15:30:28.938766,108
Y_STR03373,Y_U0099,Y0049,2026-02-14 16:58:33.063066,110
Y_STR03374,Y_U0096,Y0040,2026-02-14 04:34:50.440892,28
Y_STR03375,Y_U0032,Y0042,2026-02-07 21:39:53.649809,57
Y_STR03376,Y_U0055,Y0047,2026-02-11 17:20:30.293384,81
Y_STR03377,Y_U0084,Y0020,2026-02-05 12:02:30.411416,30
Y_STR03378,Y_U0031,Y0042,2026-02-15 01:06:07.952556,195
Y_STR03379,Y_U0016,Y0019,2026-02-12 09:50:34.040735,134
Y_STR03380,Y_U0063,Y0047,2026-02-17 21:37:08.579691,158
Y_STR03381,Y_U0036,Y0034,2026-02-07 20:04:08.064209,129
Y_STR03382,Y_U0072,Y0029,2026-02-19 03:47:29.521519,201
Y_STR03383,Y_U0019,Y0044,2026-02-01 15:50:53.591480,233
Y_STR03384,Y_U0097,Y0033,2026-02-21 11:15:36.643086,18
Y_STR03385,Y_U0094,Y0044,2026-02-21 00:23:14.530149,249
Y_STR03386,Y_U0051,Y0030,2026-02-05 18:06:52.231306,109
Y_STR03387,Y_U0065,Y0046,2026-02-04 00:07:25.192589,19
Y_STR03388,Y_U0087,Y0024,2026-02-19 18:22:37.449113,210
Y_STR03389,Y_U0082,Y0034,2026-02-23 20:23:07.814442,191
Y_STR03390,Y_U0037,Y0004,2026-02-10 08:19:25.652311,57
Y_STR03391,Y_U0064,Y0025,2026-02-09 10:46:11.935230,159
Y_STR03392,Y_U0011,Y0014,2026-02-25 12:11:21.613679,187
Y_STR03393,Y_U0028,Y0018,2026-02-11 09:44:46.969420,130
Y_STR03394,Y_U0093,Y0041,2026-02-10 17:10:26.134341,30
Y_STR03395,Y_U0049,Y0026,2026-02-21 04:37:42.418220,55
Y_STR03396,Y_U0034,Y0028,2026-02-19 12:32:13.967660,188
Y_STR03397,Y_U0059,Y0008,2026-02-05 06:17:16.551649,200
Y_STR03398,Y_U0046,Y0032,2026-03-01 17:56:31.237208,184
Y_STR03399,Y_U0053,Y0019,2026-02-24 17:21:34.077282,97
Y_STR03400,Y_U0038,Y0046,2026-02-28 08:54:10.001836,145
Y_STR03401,Y_U0010,Y0033,2026-02-12 16:53:11.385778,175
Y_STR03402,Y_U0013,Y0041,2026-02-01 07:35:01.846495,65
Y_STR03403,Y_U0032,Y0032,2026-02-21 21:20:06.761624,85
Y_STR03404,Y_U0088,Y0021,2026-02-21 15:52:57.905383,65
Y_STR03405,Y_U0079,Y0044,2026-02-21 03:40:15.006373,302
Y_STR03406,Y_U0079,Y0043,2026-03-01 00:52:10.543201,90
Y_STR03407,Y_U0015,Y0007,2026-02-16 04:27:03.034782,200
Y_STR03408,Y_U0069,Y0030,2026-02-09 00:44:09.125271,85
Y_STR03409,Y_U0053,Y0029,2026-02-11 19:13:56.104136,68
Y_STR03410,Y_U0014,Y0015,2026-02-09 22:01:03.183980,84
Y_STR03411,Y_U0072,Y0006,2026-02-09 18:49:09.610921,93
Y_STR03412,Y_U0024,Y0039,2026-02-21 09:34:16.485726,177
Y_STR03413,Y_U0050,Y0032,2026-02-19 02:33:40.065568,174
Y_STR03414,Y_U0032,Y0049,2026-02-11 13:56:07.014736,27
Y_STR03415,Y_U0029,Y0002,2026-02-11 06:33:31.561030,157
Y_STR03416,Y_U0028,Y0033,2026-02-03 05:45:44.116258,163
Y_STR03417,Y_U0034,Y0042,2026-03-02 04:25:24.520900,76
Y_STR03418,Y_U0032,Y0039,2026-02-22 20:04:47.589007,294
Y_STR03419,Y_U0015,Y0028,2026-02-02 08:31:23.630514,273
Y_STR03420,Y_U0073,Y0022,2026-02-12 12:27:32.723778,104
Y_STR03421,Y_U0065,Y0020,2026-02-28 23:37:24.412043,51
Y_STR03422,Y_U0056,Y0034,2026-02-07 11:58:38.388895,46
Y_STR03423,Y_U0039,Y0045,2026-02-04 03:05:42.876916,161
Y_STR03424,Y_U0032,Y0003,2026-02-27 14:46:49.350271,159
Y_STR03425,Y_U0069,Y0050,2026-02-25 20:45:26.311775,236
Y_STR03426,Y_U0067,Y0020,2026-02-23 02:28:36.326694,127
Y_STR03427,Y_U0092,Y0040,2026-03-01 05:28:48.985526,123
Y_STR03428,Y_U0016,Y0042,2026-02-24 01:10:56.560379,35
Y_STR03429,Y_U0086,Y0021,2026-02-08 12:41:46.519834,68
Y_STR03430,Y_U0032,Y0021,2026-02-05 05:32:01.771430,25
Y_STR03431,Y_U0037,Y0031,2026-02-19 00:42:30.862041,117
Y_STR03432,Y_U0033,Y0033,2026-02-07 06:46:12.445015,153
Y_STR03433,Y_U0047,Y0049,2026-02-22 05:02:09.750146,120
Y_STR03434,Y_U0032,Y0046,2026-02-18 23:42:09.087493,42
Y_STR03435,Y_U0028,Y0036,2026-02-25 04:07:43.010800,162
Y_STR03436,Y_U0065,Y0041,2026-02-21 21:42:49.782658,86
Y_STR03437,Y_U0059,Y0050,2026-02-03 14:11:59.140882,92
Y_STR03438,Y_U0083,Y0007,2026-02-04 01:05:47.259539,229
Y_STR03439,Y_U0039,Y0034,2026-02-28 08:07:45.721341,28
Y_STR03440,Y_U0063,Y0038,2026-02-25 05:49:17.944027,32
Y_STR03441,Y_U0061,Y0015,2026-03-02 01:18:01.997157,262
Y_STR03442,Y_U0061,Y0030,2026-02-02 22:17:37.190649,151
Y_STR03443,Y_U0059,Y0021,2026-02-21 01:07:59.175502,105
Y_STR03444,Y_U0001,Y0028,2026-02-27 07:46:45.497936,114
Y_STR03445,Y_U0062,Y0048,2026-02-23 20:44:11.100422,265
Y_STR03446,Y_U0024,Y0015,2026-02-26 20:41:26.386193,105
Y_STR03447,Y_U0020,Y0048,2026-02-18 07:10:05.221789,142
Y_STR03448,Y_U0100,Y0044,2026-02-26 18:20:21.469426,168
Y_STR03449,Y_U0082,Y0038,2026-02-12 03:56:35.022677,145
Y_STR03450,Y_U0016,Y0024,2026-02-18 16:27:42.167868,81
Y_STR03451,Y_U0021,Y0038,2026-02-01 07:33:13.972220,157
Y_STR03452,Y_U0067,Y0041,2026-02-20 09:29:50.299437,135
Y_STR03453,Y_U0056,Y0012,2026-02-12 08:15:36.609029,40
Y_STR03454,Y_U0032,Y0039,2026-02-07 05:19:12.556651,167
Y_STR03455,Y_U0016,Y0010,2026-02-05 21:00:45.770221,97
Y_STR03456,Y_U0095,Y0009,2026-02-20 04:34:56.534031,99
Y_STR03457,Y_U0070,Y0046,2026-02-21 20:39:10.123145,160
Y_STR03458,Y_U0042,Y0027,2026-02-18 03:06:55.292729,6
Y_STR03459,Y_U0007,Y0044,2026-02-21 05:37:25.969630,200
Y_STR03460,Y_U0016,Y0048,2026-02-07 18:12:00.174176,106
Y_STR03461,Y_U0011,Y0041,2026-02-23 17:13:52.257294,84
Y_STR03462,Y_U0079,Y0040,2026-02-06 10:58:22.562338,131
Y_STR03463,Y_U0072,Y0012,2026-02-28 11:07:59.670558,105
Y_STR03464,Y_U0002,Y0038,2026-02-22 19:36:01.458346,23
Y_STR03465,Y_U0052,Y0010,2026-02-05 16:56:40.903502,135
Y_STR03466,Y_U0073,Y0031,2026-02-04 23:22:01.980531,113
Y_STR03467,Y_U0006,Y0050,2026-01-31 21:49:21.140624,41
Y_STR03468,Y_U0005,Y0030,2026-02-23 06:08:51.710091,44
Y_STR03469,Y_U0085,Y0008,2026-02-20 01:03:01.527469,278
Y_STR03470,Y_U0028,Y0044,2026-02-25 09:21:08.798601,232
Y_STR03471,Y_U0065,Y0022,2026-02-26 02:39:45.421211,50
Y_STR03472,Y_U0029,Y0044,2026-02-19 05:09:44.878066,8
Y_STR03473,Y_U0072,Y0042,2026-02-24 08:35:12.305222,243
Y_STR03474,Y_U0012,Y0033,2026-02-28 02:20:12.792927,76
Y_STR03475,Y_U0014,Y0022,2026-02-28 03:08:16.401919,216
Y_STR03476,Y_U0052,Y0040,2026-02-15 22:35:13.410405,72
Y_STR03477,Y_U0075,Y0046,2026-01-31 14:39:12.715607,34
Y_STR03478,Y_U0057,Y0043,2026-02-01 17:34:50.487079,95
Y_STR03479,Y_U0041,Y0017,2026-02-19 11:44:45.671386,96
Y_STR03480,Y_U0077,Y0027,2026-02-13 17:20:42.800337,104
Y_STR03481,Y_U0030,Y0026,2026-02-11 13:09:11.064927,255
Y_STR03482,Y_U0030,Y0018,2026-02-16 21:50:08.957913,55
Y_STR03483,Y_U0047,Y0017,2026-02-15 05:14:41.424431,100
Y_STR03484,Y_U0015,Y0024,2026-02-02 21:14:14.891047,252
Y_STR03485,Y_U0081,Y0041,2026-02-22 14:24:16.089960,134
Y_STR03486,Y_U0055,Y0019,2026-02-22 00:06:48.836856,277
Y_STR03487,Y_U0068,Y0014,2026-02-11 14:44:47.168526,36
Y_STR03488,Y_U0003,Y0047,2026-02-08 22:05:06.163386,124
Y_STR03489,Y_U0033,Y0042,2026-02-13 23:26:41.508590,239
Y_STR03490,Y_U0085,Y0039,2026-02-25 20:45:45.366253,40
Y_STR03491,Y_U0059,Y0023,2026-02-18 15:40:28.365465,146
Y_STR03492,Y_U0090,Y0050,2026-02-06 00:20:29.182166,93
Y_STR03493,Y_U0027,Y0050,2026-02-23 19:16:46.279470,9
Y_STR03494,Y_U0015,Y0041,2026-02-21 07:38:58.513322,179
Y_STR03495,Y_U0025,Y0024,2026-02-20 08:30:21.132825,308
Y_STR03496,Y_U0054,Y0024,2026-02-04 20:53:50.077163,60
Y_STR03497,Y_U0056,Y0049,2026-02-23 03:06:15.257721,31
Y_STR03498,Y_U0074,Y0045,2026-02-13 13:44:35.630243,56
Y_STR03499,Y_U0098,Y0046,2026-02-12 21:32:12.028027,6
Y_STR03500,Y_U0026,Y0045,2026-02-05 12:53:42.686330,5
Y_STR03501,Y_U0061,Y0044,2026-02-16 16:33:14.254122,35
Y_STR03502,Y_U0071,Y0021,2026-02-03 22:43:43.491542,13
Y_STR03503,Y_U0051,Y0037,2026-02-02 13:44:04.523980,43
Y_STR03504,Y_U0080,Y0035,2026-02-16 19:41:18.194405,52
Y_STR03505,Y_U0005,Y0043,2026-02-12 20:07:43.138965,151
Y_STR03506,Y_U0098,Y0022,2026-02-25 04:49:58.795494,44
Y_STR03507,Y_U0088,Y0022,2026-02-02 11:03:50.157891,137
Y_STR03508,Y_U0094,Y0014,2026-02-07 12:29:23.434882,11
Y_STR03509,Y_U0071,Y0044,2026-02-26 08:30:22.724823,261
Y_STR03510,Y_U0017,Y0023,2026-02-19 12:16:54.256003,20
Y_STR03511,Y_U0020,Y0007,2026-02-22 15:00:30.385021,132
Y_STR03512,Y_U0001,Y0045,2026-02-23 05:40:11.964032,26
Y_STR03513,Y_U0083,Y0001,2026-02-22 13:50:02.919630,140
Y_STR03514,Y_U0018,Y0037,2026-02-22 17:10:51.784708,106
Y_STR03515,Y_U0039,Y0037,2026-02-02 08:48:46.169540,13
Y_STR03516,Y_U0095,Y0048,2026-02-01 17:25:55.073753,225
Y_STR03517,Y_U0037,Y0028,2026-02-28 01:16:53.843738,153
Y_STR03518,Y_U0085,Y0017,2026-02-15 05:40:45.025973,6
Y_STR03519,Y_U0019,Y0046,2026-02-11 05:44:28.626981,28
Y_STR03520,Y_U0059,Y0025,2026-02-27 05:04:18.270129,206
Y_STR03521,Y_U0021,Y0036,2026-02-27 20:55:21.088663,257
Y_STR03522,Y_U0017,Y0026,2026-02-02 00:25:21.099114,270
Y_STR03523,Y_U0040,Y0025,2026-02-04 19:23:30.779454,206
Y_STR03524,Y_U0062,Y0027,2026-02-01 20:52:42.895205,146
Y_STR03525,Y_U0063,Y0045,2026-02-18 17:47:59.711988,14
Y_STR03526,Y_U0048,Y0040,2026-02-06 18:29:29.118017,36
Y_STR03527,Y_U0020,Y0046,2026-02-10 11:08:58.589254,152
Y_STR03528,Y_U0080,Y0038,2026-02-19 05:35:00.612880,132
Y_STR03529,Y_U0049,Y0006,2026-02-22 10:12:41.793997,280
Y_STR03530,Y_U0075,Y0017,2026-02-03 07:56:15.976263,34
Y_STR03531,Y_U0002,Y0046,2026-02-24 18:22:18.897589,186
Y_STR03532,Y_U0094,Y0049,2026-02-19 05:25:43.145711,106
Y_STR03533,Y_U0072,Y0041,2026-02-24 07:51:13.076791,239
Y_STR03534,Y_U0078,Y0030,2026-02-01 08:37:35.849380,78
Y_STR03535,Y_U0052,Y0049,2026-02-11 07:44:09.714322,65
Y_STR03536,Y_U0029,Y0031,2026-02-10 02:00:35.605783,27
Y_STR03537,Y_U0005,Y0048,2026-02-22 00:31:10.559771,172
Y_STR03538,Y_U0065,Y0044,2026-02-22 21:33:44.976309,153
Y_STR03539,Y_U0013,Y0030,2026-02-26 07:46:52.503353,104
Y_STR03540,Y_U0071,Y0024,2026-02-13 21:47:28.580852,125
Y_STR03541,Y_U0083,Y0030,2026-02-03 15:12:10.628028,17
Y_STR03542,Y_U0037,Y0027,2026-02-18 02:10:06.974564,222
Y_STR03543,Y_U0066,Y0045,2026-02-18 22:57:51.520736,38
Y_STR03544,Y_U0068,Y0021,2026-02-04 18:57:28.566134,89
Y_STR03545,Y_U0087,Y0050,2026-02-24 01:48:22.242886,324
Y_STR03546,Y_U0002,Y0018,2026-01-31 21:42:02.488913,136
Y_STR03547,Y_U0020,Y0050,2026-02-26 22:47:04.908451,42
Y_STR03548,Y_U0052,Y0022,2026-02-12 15:54:29.395116,203
Y_STR03549,Y_U0027,Y0035,2026-02-07 02:46:36.802012,195
Y_STR03550,Y_U0030,Y0045,2026-02-13 05:24:11.365362,118
Y_STR03551,Y_U0087,Y0041,2026-01-31 22:54:29.395628,69
Y_STR03552,Y_U0012,Y0031,2026-02-17 04:09:52.311931,92
Y_STR03553,Y_U0028,Y0039,2026-02-16 04:40:35.988241,313
Y_STR03554,Y_U0030,Y0045,2026-02-17 08:51:49.837166,199
Y_STR03555,Y_U0082,Y0048,2026-02-14 00:26:19.943696,256
Y_STR03556,Y_U0042,Y0010,2026-02-20 01:52:53.334502,59
Y_STR03557,Y_U0017,Y0035,2026-02-03 09:32:16.225390,156
Y_STR03558,Y_U0001,Y0022,2026-02-05 10:40:16.270871,74
Y_STR03559,Y_U0013,Y0042,2026-02-26 19:17:00.311924,32
Y_STR03560,Y_U0094,Y0017,2026-02-05 11:55:44.652986,64
Y_STR03561,Y_U0031,Y0050,2026-02-05 08:04:14.566176,90
Y_STR03562,Y_U0026,Y0021,2026-02-02 14:59:59.385379,276
Y_STR03563,Y_U0060,Y0040,2026-02-16 23:17:48.929653,31
Y_STR03564,Y_U0078,Y0012,2026-03-01 22:22:02.750785,272
Y_STR03565,Y_U0058,Y0047,2026-02-07 08:45:41.905464,274
Y_STR03566,Y_U0079,Y0027,2026-02-03 18:24:56.442805,142
Y_STR03567,Y_U0064,Y0042,2026-02-10 14:43:05.016487,38
Y_STR03568,Y_U0032,Y0050,2026-02-16 21:34:19.237010,195
Y_STR03569,Y_U0097,Y0030,2026-02-07 14:07:27.466028,143
Y_STR03570,Y_U0081,Y0038,2026-02-07 06:13:31.163610,163
Y_STR03571,Y_U0050,Y0022,2026-02-18 05:08:30.127079,171
Y_STR03572,Y_U0043,Y0046,2026-02-19 10:11:34.732497,18
Y_STR03573,Y_U0019,Y0022,2026-02-02 11:08:31.703146,39
Y_STR03574,Y_U0096,Y0038,2026-02-21 10:19:32.076533,37
Y_STR03575,Y_U0043,Y0037,2026-02-10 22:09:55.811802,100
Y_STR03576,Y_U0014,Y0017,2026-02-10 19:31:22.859653,50
Y_STR03577,Y_U0043,Y0032,2026-02-07 09:56:44.997947,7
Y_STR03578,Y_U0059,Y0028,2026-02-23 17:10:10.515510,48
Y_STR03579,Y_U0019,Y0014,2026-02-09 15:35:43.922734,256
Y_STR03580,Y_U0029,Y0012,2026-02-21 02:17:43.071273,283
Y_STR03581,Y_U0076,Y0035,2026-02-13 14:57:55.044527,69
Y_STR03582,Y_U0047,Y0045,2026-02-07 15:30:57.215761,46
Y_STR03583,Y_U0058,Y0036,2026-02-08 21:46:29.601758,5
Y_STR03584,Y_U0028,Y0034,2026-03-01 14:17:29.502673,134
Y_STR03585,Y_U0069,Y0036,2026-02-03 16:21:01.698428,47
Y_STR03586,Y_U0093,Y0009,2026-02-23 01:16:40.688944,46
Y_STR03587,Y_U0072,Y0045,2026-02-18 23:34:07.565140,182
Y_STR03588,Y_U0094,Y0030,2026-02-17 04:02:20.147849,30
Y_STR03589,Y_U0006,Y0010,2026-02-08 22:22:08.040881,234
Y_STR03590,Y_U0060,Y0044,2026-02-05 17:52:55.926082,135
Y_STR03591,Y_U0054,Y0038,2026-02-26 19:31:59.308492,31
Y_STR03592,Y_U0073,Y0040,2026-02-05 18:05:37.426396,36
Y_STR03593,Y_U0061,Y0020,2026-02-05 21:09:39.241693,143
Y_STR03594,Y_U0034,Y0042,2026-02-08 18:30:12.689589,234
Y_STR03595,Y_U0025,Y0019,2026-02-08 08:01:45.324247,66
Y_STR03596,Y_U0063,Y0014,2026-02-10 14:43:33.002864,150
Y_STR03597,Y_U0075,Y0042,2026-01-31 11:33:36.669248,32
Y_STR03598,Y_U0045,Y0029,2026-02-12 00:42:31.838173,208
Y_STR03599,Y_U0027,Y0045,2026-02-14 16:25:23.483501,97
Y_STR03600,Y_U0059,Y0045,2026-02-24 13:51:16.675075,147
Y_STR03601,Y_U0012,Y0044,2026-02-09 14:03:59.514457,7
Y_STR03602,Y_U0004,Y0031,2026-02-03 17:39:02.653376,125
Y_STR03603,Y_U0065,Y0035,2026-02-28 23:38:01.384299,195
Y_STR03604,Y_U0093,Y0014,2026-02-18 02:36:30.335233,83
Y_STR03605,Y_U0031,Y0036,2026-02-19 08:38:27.839639,302
Y_STR03606,Y_U0038,Y0032,2026-02-10 08:38:00.651205,269
Y_STR03607,Y_U0047,Y0020,2026-02-14 09:55:04.192198,114
Y_STR03608,Y_U0025,Y0041,2026-02-15 07:27:47.839992,20
Y_STR03609,Y_U0090,Y0035,2026-02-24 15:09:58.635527,236
Y_STR03610,Y_U0006,Y0022,2026-02-16 10:22:31.219206,167
Y_STR03611,Y_U0092,Y0047,2026-02-08 03:56:45.820827,21
Y_STR03612,Y_U0089,Y0038,2026-02-21 20:37:09.412822,194
Y_STR03613,Y_U0062,Y0046,2026-02-17 17:15:38.508349,32
Y_STR03614,Y_U0074,Y0012,2026-02-19 21:39:08.466579,237
Y_STR03615,Y_U0016,Y0046,2026-02-23 06:06:40.118577,79
Y_STR03616,Y_U0022,Y0029,2026-02-01 10:09:12.087466,120
Y_STR03617,Y_U0019,Y0046,2026-02-18 16:55:53.699162,65
Y_STR03618,Y_U0046,Y0042,2026-02-02 00:11:29.779052,237
Y_STR03619,Y_U0039,Y0017,2026-02-10 10:48:09.374134,43
Y_STR03620,Y_U0074,Y0046,2026-02-19 00:17:41.085228,56
Y_STR03621,Y_U0073,Y0044,2026-02-03 17:04:46.972659,105
Y_STR03622,Y_U0093,Y0050,2026-02-19 13:26:33.584376,203
Y_STR03623,Y_U0024,Y0038,2026-02-07 13:22:25.633128,33
Y_STR03624,Y_U0009,Y0048,2026-02-26 13:23:30.536890,20
Y_STR03625,Y_U0030,Y0043,2026-02-24 16:10:14.648799,86
Y_STR03626,Y_U0099,Y0027,2026-02-14 08:55:08.823305,40
Y_STR03627,Y_U0077,Y0031,2026-02-27 02:50:48.294337,79
Y_STR03628,Y_U0038,Y0044,2026-02-17 23:43:14.216374,288
Y_STR03629,Y_U0039,Y0043,2026-01-31 21:41:33.138224,106
Y_STR03630,Y_U0023,Y0016,2026-02-05 13:56:38.194126,251
Y_STR03631,Y_U0036,Y0038,2026-03-01 19:37:12.302177,27
Y_STR03632,Y_U0053,Y0020,2026-02-19 15:10:20.378185,75
Y_STR03633,Y_U0071,Y0034,2026-02-13 14:15:52.803508,234
Y_STR03634,Y_U0048,Y0018,2026-01-31 18:07:26.888256,302
Y_STR03635,Y_U0065,Y0046,2026-02-09 09:58:18.005399,33
Y_STR03636,Y_U0045,Y0031,2026-02-15 09:19:45.293221,72
Y_STR03637,Y_U0057,Y0036,2026-03-02 08:25:19.275419,262
Y_STR03638,Y_U0066,Y0050,2026-02-06 20:42:28.590684,43
Y_STR03639,Y_U0018,Y0035,2026-02-25 11:01:13.824340,287
Y_STR03640,Y_U0044,Y0045,2026-02-04 03:43:02.747631,23
Y_STR03641,Y_U0023,Y0050,2026-02-01 18:56:35.693362,182
Y_STR03642,Y_U0091,Y0025,2026-02-03 17:11:35.074510,115
Y_STR03643,Y_U0073,Y0046,2026-02-18 13:59:15.362652,181
Y_STR03644,Y_U0095,Y0040,2026-02-07 07:11:10.157008,101
Y_STR03645,Y_U0037,Y0025,2026-02-15 08:53:20.046749,14
Y_STR03646,Y_U0049,Y0039,2026-02-17 00:52:04.910080,140
Y_STR03647,Y_U0077,Y0022,2026-02-22 19:32:27.444660,92
Y_STR03648,Y_U0097,Y0045,2026-02-28 12:17:44.499354,69
Y_STR03649,Y_U0044,Y0046,2026-02-06 12:15:39.415793,8
Y_STR03650,Y_U0048,Y0034,2026-02-17 16:24:37.336703,10
Y_STR03651,Y_U0063,Y0019,2026-02-17 16:00:07.093849,176
Y_STR03652,Y_U0016,Y0022,2026-02-13 18:35:44.630884,61
Y_STR03653,Y_U0033,Y0022,2026-03-02 09:42:54.421640,26
Y_STR03654,Y_U0031,Y0023,2026-02-28 07:06:29.859771,233
Y_STR03655,Y_U0021,Y0016,2026-02-19 13:19:53.880375,76
Y_STR03656,Y_U0047,Y0007,2026-02-07 13:14:38.509962,203
Y_STR03657,Y_U0070,Y0010,2026-02-21 11:45:56.389037,63
Y_STR03658,Y_U0050,Y0039,2026-02-15 18:04:34.930118,262
Y_STR03659,Y_U0039,Y0042,2026-02-12 01:15:31.281269,27
Y_STR03660,Y_U0063,Y0013,2026-02-07 11:18:25.351054,132
Y_STR03661,Y_U0011,Y0045,2026-02-23 14:30:15.085331,172
Y_STR03662,Y_U0013,Y0032,2026-03-01 12:29:13.274617,276
Y_STR03663,Y_U0015,Y0045,2026-02-03 05:41:40.759530,26
Y_STR03664,Y_U0036,Y0024,2026-02-06 02:57:31.018791,286
Y_STR03665,Y_U0081,Y0029,2026-02-07 10:18:34.978911,307
Y_STR03666,Y_U0060,Y0031,2026-02-09 08:33:00.643722,127
Y_STR03667,Y_U0059,Y0029,2026-02-19 21:21:26.526110,234
Y_STR03668,Y_U0052,Y0038,2026-02-09 10:56:35.995423,105
Y_STR03669,Y_U0019,Y0040,2026-02-09 04:39:37.813610,38
Y_STR03670,Y_U0047,Y0027,2026-02-10 22:07:16.913687,226
Y_STR03671,Y_U0088,Y0046,2026-02-08 05:25:58.158850,71
Y_STR03672,Y_U0030,Y0016,2026-02-17 01:45:02.829469,239
Y_STR03673,Y_U0069,Y0017,2026-02-03 07:48:23.903677,84
Y_STR03674,Y_U0004,Y0031,2026-02-22 15:01:27.976956,123
Y_STR03675,Y_U0046,Y0014,2026-02-28 23:57:56.090059,124
Y_STR03676,Y_U0026,Y0035,2026-02-26 14:04:54.466712,20
Y_STR03677,Y_U0096,Y0017,2026-03-02 00:25:07.288834,53
Y_STR03678,Y_U0094,Y0039,2026-02-28 15:28:28.150117,20
Y_STR03679,Y_U0031,Y0039,2026-02-13 09:09:36.033746,292
Y_STR03680,Y_U0062,Y0050,2026-02-22 06:06:43.151679,38
Y_STR03681,Y_U0068,Y0042,2026-02-10 18:31:37.872238,217
Y_STR03682,Y_U0016,Y0031,2026-02-08 07:39:20.942407,23
Y_STR03683,Y_U0077,Y0031,2026-02-23 14:11:54.811158,31
Y_STR03684,Y_U0058,Y0036,2026-02-01 14:04:08.130360,267
Y_STR03685,Y_U0058,Y0036,2026-02-13 10:23:27.690821,307
Y_STR03686,Y_U0045,Y0020,2026-02-26 10:05:22.197410,67
Y_STR03687,Y_U0091,Y0028,2026-02-01 12:04:29.936463,211
Y_STR03688,Y_U0034,Y0049,2026-02-14 23:19:32.552708,73
Y_STR03689,Y_U0098,Y0049,2026-02-12 03:05:26.547576,24
Y_STR03690,Y_U0029,Y0050,2026-02-10 12:01:46.164161,279
Y_STR03691,Y_U0100,Y0044,2026-02-23 11:35:07.290769,159
Y_STR03692,Y_U0062,Y0048,2026-02-14 06:00:19.328150,61
Y_STR03693,Y_U0092,Y0026,2026-02-27 19:53:40.303969,57
Y_STR03694,Y_U0075,Y0046,2026-02-02 11:24:39.053372,170
Y_STR03695,Y_U0043,Y0023,2026-02-10 07:55:27.074033,12
Y_STR03696,Y_U0095,Y0004,2026-02-18 23:25:27.393455,181
Y_STR03697,Y_U0023,Y0018,2026-02-22 10:55:37.234796,31
Y_STR03698,Y_U0071,Y0015,2026-02-04 04:55:40.655959,151
Y_STR03699,Y_U0051,Y0014,2026-02-02 20:15:22.634182,6
Y_STR03700,Y_U0036,Y0042,2026-02-07 21:04:33.773317,145
Y_STR03701,Y_U0013,Y0038,2026-02-11 10:19:45.739419,106
Y_STR03702,Y_U0021,Y0035,2026-03-01 09:20:19.768722,35
Y_STR03703,Y_U0088,Y0019,2026-02-09 20:40:02.887769,102
Y_STR03704,Y_U0097,Y0029,2026-02-26 03:41:45.292712,40
Y_STR03705,Y_U0099,Y0029,2026-02-11 04:47:52.415941,215
Y_STR03706,Y_U0074,Y0008,2026-02-07 17:13:38.791862,260
Y_STR03707,Y_U0074,Y0036,2026-02-22 20:33:53.456871,19
Y_STR03708,Y_U0031,Y0025,2026-02-27 16:36:47.965277,113
Y_STR03709,Y_U0018,Y0024,2026-02-20 16:05:37.257629,228
Y_STR03710,Y_U0047,Y0029,2026-02-15 19:42:22.365934,198
Y_STR03711,Y_U0036,Y0030,2026-02-27 18:46:45.524695,46
Y_STR03712,Y_U0068,Y0048,2026-02-01 03:04:02.741823,49
Y_STR03713,Y_U0100,Y0025,2026-02-28 14:44:46.125157,128
Y_STR03714,Y_U0020,Y0020,2026-02-12 03:11:26.916893,127
Y_STR03715,Y_U0003,Y0050,2026-02-13 00:07:45.129155,297
Y_STR03716,Y_U0017,Y0045,2026-02-25 09:54:04.824917,194
Y_STR03717,Y_U0064,Y0025,2026-02-18 14:39:47.378493,190
Y_STR03718,Y_U0076,Y0049,2026-02-22 07:08:45.644277,54
Y_STR03719,Y_U0094,Y0046,2026-03-01 12:18:53.108943,83
Y_STR03720,Y_U0015,Y0047,2026-02-04 08:46:56.517606,164
Y_STR03721,Y_U0059,Y0020,2026-02-11 10:34:07.989722,103
Y_STR03722,Y_U0097,Y0027,2026-02-12 19:13:35.569391,201
Y_STR03723,Y_U0013,Y0030,2026-02-01 08:37:46.443039,11
Y_STR03724,Y_U0031,Y0047,2026-02-08 16:31:24.166409,157
Y_STR03725,Y_U0074,Y0030,2026-03-02 07:56:53.508137,90
Y_STR03726,Y_U0018,Y0024,2026-02-10 07:40:40.874946,280
Y_STR03727,Y_U0090,Y0025,2026-02-08 02:25:21.222127,75
Y_STR03728,Y_U0028,Y0044,2026-02-27 11:29:41.493526,138
Y_STR03729,Y_U0083,Y0035,2026-02-26 21:39:13.843658,291
Y_STR03730,Y_U0015,Y0038,2026-02-17 00:43:57.434642,174
Y_STR03731,Y_U0096,Y0009,2026-02-17 13:14:49.446808,104
Y_STR03732,Y_U0014,Y0047,2026-02-05 07:20:57.379967,143
Y_STR03733,Y_U0017,Y0032,2026-02-25 01:05:02.561739,181
Y_STR03734,Y_U0066,Y0045,2026-02-12 05:01:31.612624,182
Y_STR03735,Y_U0035,Y0002,2026-02-27 08:40:05.813903,238
Y_STR03736,Y_U0065,Y0010,2026-02-07 21:06:09.806356,217
Y_STR03737,Y_U0096,Y0032,2026-02-01 11:17:29.342231,210
Y_STR03738,Y_U0040,Y0046,2026-02-05 18:50:57.542273,117
Y_STR03739,Y_U0007,Y0026,2026-02-07 15:00:41.845098,141
Y_STR03740,Y_U0067,Y0040,2026-02-22 13:55:02.413632,115
Y_STR03741,Y_U0088,Y0041,2026-02-22 22:29:02.961061,181
Y_STR03742,Y_U0082,Y0030,2026-02-06 00:22:28.812177,47
Y_STR03743,Y_U0053,Y0049,2026-02-02 04:19:00.936172,13
Y_STR03744,Y_U0100,Y0026,2026-02-12 00:11:08.474919,11
Y_STR03745,Y_U0071,Y0019,2026-02-28 18:10:59.655154,52
Y_STR03746,Y_U0030,Y0050,2026-02-03 02:45:34.113610,179
Y_STR03747,Y_U0040,Y0031,2026-02-15 10:55:39.218455,121
Y_STR03748,Y_U0012,Y0044,2026-02-22 18:46:03.131971,72
Y_STR03749,Y_U0002,Y0016,2026-02-19 22:03:57.437602,7
Y_STR03750,Y_U0007,Y0048,2026-02-09 01:41:54.836440,86
Y_STR03751,Y_U0076,Y0043,2026-02-21 19:56:10.821234,148
Y_STR03752,Y_U0056,Y0033,2026-02-19 04:39:59.504624,136
Y_STR03753,Y_U0055,Y0033,2026-02-19 12:27:52.175469,15
Y_STR03754,Y_U0015,Y0040,2026-02-05 08:31:44.560926,55
Y_STR03755,Y_U0059,Y0037,2026-02-21 04:31:24.873860,25
Y_STR03756,Y_U0041,Y0050,2026-02-23 03:45:20.839538,70
Y_STR03757,Y_U0023,Y0037,2026-02-28 03:59:38.581412,99
Y_STR03758,Y_U0074,Y0043,2026-02-12 03:39:08.972328,122
Y_STR03759,Y_U0011,Y0019,2026-02-07 06:44:03.924410,264
Y_STR03760,Y_U0017,Y0032,2026-02-21 02:12:54.845250,59
Y_STR03761,Y_U0016,Y0037,2026-02-23 02:01:43.527181,22
Y_STR03762,Y_U0045,Y0035,2026-02-19 22:49:53.370070,259
Y_STR03763,Y_U0038,Y0034,2026-02-02 10:26:56.362188,87
Y_STR03764,Y_U0017,Y0034,2026-02-26 08:47:39.830282,17
Y_STR03765,Y_U0074,Y0037,2026-02-04 15:20:16.661407,95
Y_STR03766,Y_U0007,Y0041,2026-02-17 17:31:30.122738,54
Y_STR03767,Y_U0022,Y0039,2026-02-26 21:27:32.711306,41
Y_STR03768,Y_U0013,Y0046,2026-02-04 13:24:33.412094,15
Y_STR03769,Y_U0055,Y0024,2026-02-17 16:18:30.481603,239
Y_STR03770,Y_U0074,Y0049,2026-02-07 15:56:21.507984,6
Y_STR03771,Y_U0030,Y0049,2026-02-01 22:59:39.008736,91
Y_STR03772,Y_U0099,Y0041,2026-02-19 04:58:41.403764,172
Y_STR03773,Y_U0082,Y0045,2026-02-01 10:20:31.359691,128
Y_STR03774,Y_U0038,Y0033,2026-02-03 10:12:09.072444,102
Y_STR03775,Y_U0070,Y0047,2026-02-19 06:52:55.930924,28
Y_STR03776,Y_U0008,Y0024,2026-02-27 20:05:13.720899,35
Y_STR03777,Y_U0027,Y0022,2026-02-03 09:25:36.974739,38
Y_STR03778,Y_U0043,Y0035,2026-02-02 19:55:58.481815,133
Y_STR03779,Y_U0062,Y0007,2026-03-01 06:05:10.703493,93
Y_STR03780,Y_U0043,Y0011,2026-02-10 15:39:27.034747,196
Y_STR03781,Y_U0067,Y0042,2026-02-25 09:34:54.135984,38
Y_STR03782,Y_U0077,Y0036,2026-02-23 00:12:30.193500,242
Y_STR03783,Y_U0023,Y0019,2026-02-04 03:42:40.611349,28
Y_STR03784,Y_U0057,Y0030,2026-01-31 20:10:20.839984,97
Y_STR03785,Y_U0021,Y0037,2026-02-04 09:03:36.486577,18
Y_STR03786,Y_U0069,Y0030,2026-02-08 00:26:17.385093,107
Y_STR03787,Y_U0066,Y0015,2026-02-08 05:18:13.710769,228
Y_STR03788,Y_U0084,Y0041,2026-02-23 21:06:46.578269,194
Y_STR03789,Y_U0018,Y0029,2026-02-10 08:02:13.006082,286
Y_STR03790,Y_U0012,Y0032,2026-02-03 08:04:11.356041,23
Y_STR03791,Y_U0013,Y0044,2026-02-02 01:16:37.644522,313
Y_STR03792,Y_U0097,Y0029,2026-02-07 18:17:20.860090,16
Y_STR03793,Y_U0091,Y0041,2026-02-27 04:22:29.736703,122
Y_STR03794,Y_U0001,Y0010,2026-02-28 17:41:59.140510,81
Y_STR03795,Y_U0068,Y0031,2026-02-01 20:07:18.117647,62
Y_STR03796,Y_U0009,Y0045,2026-02-19 09:19:18.005895,32
Y_STR03797,Y_U0009,Y0036,2026-02-05 01:02:34.348760,158
Y_STR03798,Y_U0014,Y0034,2026-02-03 22:32:24.943102,31
Y_STR03799,Y_U0068,Y0050,2026-02-10 00:51:50.324916,71
Y_STR03800,Y_U0091,Y0040,2026-02-28 03:44:36.091798,130
Y_STR03801,Y_U0022,Y0015,2026-02-22 15:40:56.244350,71
Y_STR03802,Y_U0073,Y0006,2026-02-28 23:54:46.157556,79
Y_STR03803,Y_U0051,Y0049,2026-02-03 20:46:28.702633,5
Y_STR03804,Y_U0037,Y0048,2026-02-20 19:54:28.971719,237
Y_STR03805,Y_U0074,Y0013,2026-02-15 09:02:57.249416,186
Y_STR03806,Y_U0088,Y0018,2026-02-02 02:36:49.097434,136
Y_STR03807,Y_U0075,Y0039,2026-02-23 13:48:58.746521,325
Y_STR03808,Y_U0065,Y0048,2026-03-01 17:42:09.585130,106
Y_STR03809,Y_U0006,Y0024,2026-02-18 22:20:50.250701,278
Y_STR03810,Y_U0001,Y0040,2026-02-06 20:00:40.787552,26
Y_STR03811,Y_U0007,Y0044,2026-02-24 04:33:49.442093,188
Y_STR03812,Y_U0042,Y0022,2026-02-25 11:30:08.889104,53
Y_STR03813,Y_U0094,Y0041,2026-02-06 08:54:25.031661,38
Y_STR03814,Y_U0067,Y0036,2026-02-12 17:25:23.283164,121
Y_STR03815,Y_U0087,Y0049,2026-03-01 18:43:41.088336,57
Y_STR03816,Y_U0078,Y0044,2026-02-25 03:15:37.465618,261
Y_STR03817,Y_U0072,Y0041,2026-02-26 19:41:02.147560,86
Y_STR03818,Y_U0006,Y0027,2026-02-07 12:17:34.766480,123
Y_STR03819,Y_U0010,Y0019,2026-03-02 10:52:45.219245,79
Y_STR03820,Y_U0051,Y0029,2026-02-18 20:25:24.147795,49
Y_STR03821,Y_U0094,Y0030,2026-02-05 13:39:32.766598,28
Y_STR03822,Y_U0029,Y0047,2026-02-12 08:06:39.370912,140
Y_STR03823,Y_U0064,Y0046,2026-02-04 02:02:49.532255,86
Y_STR03824,Y_U0063,Y0049,2026-02-04 23:21:48.076532,49
Y_STR03825,Y_U0087,Y0043,2026-02-16 19:15:24.107896,154
Y_STR03826,Y_U0002,Y0025,2026-02-23 19:31:01.869819,145
Y_STR03827,Y_U0085,Y0033,2026-02-06 12:07:03.881280,20
Y_STR03828,Y_U0070,Y0041,2026-02-15 22:15:45.731628,252
Y_STR03829,Y_U0039,Y0032,2026-02-07 00:45:40.428808,125
Y_STR03830,Y_U0058,Y0044,2026-02-24 16:27:14.617641,146
Y_STR03831,Y_U0008,Y0036,2026-03-02 05:19:52.699463,212
Y_STR03832,Y_U0084,Y0031,2026-02-28 06:13:09.884286,144
Y_STR03833,Y_U0021,Y0024,2026-02-08 19:03:40.603766,117
Y_STR03834,Y_U0087,Y0010,2026-02-22 15:01:31.046779,103
Y_STR03835,Y_U0087,Y0040,2026-02-22 19:03:49.368482,118
Y_STR03836,Y_U0085,Y0038,2026-02-01 05:36:27.583692,116
Y_STR03837,Y_U0069,Y0046,2026-02-11 04:33:50.048151,109
Y_STR03838,Y_U0069,Y0011,2026-02-10 12:08:15.222098,184
Y_STR03839,Y_U0024,Y0006,2026-02-21 18:06:35.036566,192
Y_STR03840,Y_U0050,Y0045,2026-02-06 09:25:28.051244,116
Y_STR03841,Y_U0009,Y0016,2026-02-04 10:59:06.146013,71
Y_STR03842,Y_U0050,Y0042,2026-02-02 12:00:56.608861,240
Y_STR03843,Y_U0001,Y0037,2026-02-06 03:53:37.655886,132
Y_STR03844,Y_U0095,Y0044,2026-02-11 03:40:56.502536,235
Y_STR03845,Y_U0018,Y0021,2026-02-20 22:45:00.413015,286
Y_STR03846,Y_U0045,Y0048,2026-02-01 02:56:54.978220,179
Y_STR03847,Y_U0062,Y0033,2026-02-23 05:53:37.780186,176
Y_STR03848,Y_U0032,Y0022,2026-02-08 04:09:58.921061,184
Y_STR03849,Y_U0062,Y0035,2026-02-06 09:48:43.332071,201
Y_STR03850,Y_U0067,Y0031,2026-02-02 12:37:56.835452,12
Y_STR03851,Y_U0077,Y0032,2026-02-18 22:40:46.070740,110
Y_STR03852,Y_U0065,Y0027,2026-02-08 12:34:57.126406,100
Y_STR03853,Y_U0003,Y0048,2026-02-16 07:05:47.351892,83
Y_STR03854,Y_U0044,Y0041,2026-02-17 06:11:34.211144,32
Y_STR03855,Y_U0080,Y0044,2026-02-01 01:59:42.184572,197
Y_STR03856,Y_U0038,Y0035,2026-02-12 10:34:48.141746,300
Y_STR03857,Y_U0043,Y0012,2026-02-01 16:09:03.899697,142
Y_STR03858,Y_U0032,Y0028,2026-02-26 22:03:06.048996,214
Y_STR03859,Y_U0094,Y0020,2026-02-10 17:06:42.753854,10
Y_STR03860,Y_U0036,Y0040,2026-03-01 14:55:56.299573,14
Y_STR03861,Y_U0066,Y0039,2026-02-04 14:07:07.319272,128
Y_STR03862,Y_U0051,Y0016,2026-02-12 01:04:27.037373,81
Y_STR03863,Y_U0055,Y0043,2026-02-16 15:23:09.297126,93
Y_STR03864,Y_U0051,Y0035,2026-02-18 14:46:50.701376,255
Y_STR03865,Y_U0060,Y0049,2026-02-18 18:39:55.597108,100
Y_STR03866,Y_U0026,Y0033,2026-02-25 08:50:26.706888,136
Y_STR03867,Y_U0040,Y0032,2026-02-14 14:27:00.188178,234
Y_STR03868,Y_U0010,Y0021,2026-02-19 21:58:44.825862,173
Y_STR03869,Y_U0012,Y0024,2026-02-10 16:11:05.365972,353
Y_STR03870,Y_U0040,Y0050,2026-02-16 22:04:50.154847,71
Y_STR03871,Y_U0062,Y0031,2026-02-24 23:32:55.257039,8
Y_STR03872,Y_U0008,Y0031,2026-02-01 12:52:32.042392,107
Y_STR03873,Y_U0092,Y0016,2026-02-16 08:43:27.386356,170
Y_STR03874,Y_U0070,Y0043,2026-02-21 15:39:31.627416,40
Y_STR03875,Y_U0041,Y0046,2026-02-07 18:33:16.896676,22
Y_STR03876,Y_U0022,Y0024,2026-02-28 08:01:21.898204,123
Y_STR03877,Y_U0031,Y0041,2026-02-26 16:06:14.196882,221
Y_STR03878,Y_U0059,Y0031,2026-02-05 02:44:00.927528,131
Y_STR03879,Y_U0053,Y0048,2026-02-27 06:45:29.948058,22
Y_STR03880,Y_U0025,Y0048,2026-02-28 15:37:44.080997,11
Y_STR03881,Y_U0053,Y0030,2026-02-02 20:52:18.633089,85
Y_STR03882,Y_U0071,Y0033,2026-02-26 04:56:13.760678,118
Y_STR03883,Y_U0047,Y0050,2026-02-23 10:45:59.598743,223
Y_STR03884,Y_U0071,Y0035,2026-02-18 15:02:36.277587,182
Y_STR03885,Y_U0003,Y0047,2026-02-22 03:38:09.143004,167
Y_STR03886,Y_U0081,Y0031,2026-02-07 06:52:43.986635,103
Y_STR03887,Y_U0072,Y0050,2026-02-22 00:31:55.217360,238
Y_STR03888,Y_U0081,Y0008,2026-02-06 12:54:41.520885,65
Y_STR03889,Y_U0076,Y0036,2026-03-01 23:08:07.709043,23
Y_STR03890,Y_U0087,Y0037,2026-02-01 15:42:39.081324,44
Y_STR03891,Y_U0022,Y0043,2026-02-11 10:25:36.382287,52
Y_STR03892,Y_U0025,Y0044,2026-02-05 07:55:08.005841,305
Y_STR03893,Y_U0017,Y0031,2026-03-01 19:37:00.395140,103
Y_STR03894,Y_U0008,Y0040,2026-02-05 12:47:56.008987,47
Y_STR03895,Y_U0043,Y0045,2026-02-02 20:34:10.515819,106
Y_STR03896,Y_U0030,Y0038,2026-02-14 07:05:37.814252,167
Y_STR03897,Y_U0036,Y0020,2026-02-11 00:16:55.301074,72
Y_STR03898,Y_U0098,Y0049,2026-02-08 01:42:36.508852,94
Y_STR03899,Y_U0015,Y0048,2026-02-28 17:27:45.257049,274
Y_STR03900,Y_U0044,Y0043,2026-02-26 11:27:37.172592,64
Y_STR03901,Y_U0086,Y0027,2026-02-06 20:25:40.211874,175
Y_STR03902,Y_U0012,Y0018,2026-02-18 21:47:29.214705,262
Y_STR03903,Y_U0001,Y0029,2026-02-13 13:50:46.014714,248
Y_STR03904,Y_U0018,Y0035,2026-01-31 15:49:32.308495,132
Y_STR03905,Y_U0042,Y0025,2026-02-05 06:05:01.596737,113
Y_STR03906,Y_U0099,Y0040,2026-02-28 11:10:10.964383,59
Y_STR03907,Y_U0043,Y0016,2026-02-09 00:47:23.326273,62
Y_STR03908,Y_U0091,Y0043,2026-02-28 02:47:23.540820,85
Y_STR03909,Y_U0088,Y0022,2026-02-15 23:52:37.953185,106
Y_STR03910,Y_U0065,Y0031,2026-01-31 13:57:09.278614,16
Y_STR03911,Y_U0009,Y0020,2026-02-13 18:35:33.236042,28
Y_STR03912,Y_U0058,Y0046,2026-02-12 07:57:41.610421,47
Y_STR03913,Y_U0033,Y0042,2026-02-03 06:19:06.425410,221
Y_STR03914,Y_U0046,Y0019,2026-02-20 13:14:36.744803,288
Y_STR03915,Y_U0012,Y0037,2026-02-20 11:48:55.433734,46
Y_STR03916,Y_U0014,Y0031,2026-02-03 04:53:49.337188,19
Y_STR03917,Y_U0075,Y0032,2026-03-02 08:56:29.486739,120
Y_STR03918,Y_U0089,Y0034,2026-02-11 15:09:43.187391,153
Y_STR03919,Y_U0029,Y0028,2026-02-26 21:36:09.017852,225
Y_STR03920,Y_U0016,Y0046,2026-03-02 09:51:11.311347,41
Y_STR03921,Y_U0073,Y0019,2026-02-12 06:36:33.572499,8
Y_STR03922,Y_U0051,Y0046,2026-02-01 22:14:59.224710,99
Y_STR03923,Y_U0070,Y0031,2026-02-16 07:28:41.533646,52
Y_STR03924,Y_U0007,Y0050,2026-02-15 21:43:03.510095,62
Y_STR03925,Y_U0006,Y0018,2026-02-12 00:15:04.838996,227
Y_STR03926,Y_U0060,Y0022,2026-02-28 18:30:27.947196,116
Y_STR03927,Y_U0082,Y0046,2026-02-21 06:45:56.868472,185
Y_STR03928,Y_U0004,Y0037,2026-02-17 14:17:16.891495,103
Y_STR03929,Y_U0047,Y0009,2026-02-22 04:04:28.331425,41
Y_STR03930,Y_U0069,Y0049,2026-02-24 05:19:15.685433,106
Y_STR03931,Y_U0029,Y0050,2026-02-06 12:29:15.690203,104
Y_STR03932,Y_U0047,Y0049,2026-02-13 15:32:47.926289,68
Y_STR03933,Y_U0003,Y0036,2026-02-14 09:46:14.804054,131
Y_STR03934,Y_U0025,Y0018,2026-02-26 11:06:07.922794,245
Y_STR03935,Y_U0088,Y0042,2026-02-07 20:08:56.298184,216
Y_STR03936,Y_U0044,Y0034,2026-02-02 23:40:16.906123,93
Y_STR03937,Y_U0066,Y0037,2026-02-10 16:42:37.433661,45
Y_STR03938,Y_U0028,Y0044,2026-02-20 13:34:21.588470,327
Y_STR03939,Y_U0019,Y0029,2026-02-01 00:09:56.394405,320
Y_STR03940,Y_U0056,Y0047,2026-02-08 15:26:28.886283,65
Y_STR03941,Y_U0005,Y0038,2026-02-13 06:17:50.470392,9
Y_STR03942,Y_U0088,Y0037,2026-02-19 08:04:12.008642,107
Y_STR03943,Y_U0001,Y0039,2026-02-12 20:39:33.427473,204
Y_STR03944,Y_U0019,Y0040,2026-02-24 18:59:43.103170,109
Y_STR03945,Y_U0021,Y0039,2026-02-19 13:23:30.417675,235
Y_STR03946,Y_U0053,Y0032,2026-02-01 10:03:13.502919,103
Y_STR03947,Y_U0047,Y0044,2026-02-18 11:20:48.853537,38
Y_STR03948,Y_U0089,Y0042,2026-02-27 06:55:58.988372,18
Y_STR03949,Y_U0089,Y0023,2026-02-22 07:16:13.715971,226
Y_STR03950,Y_U0045,Y0031,2026-02-24 22:34:40.710956,149
Y_STR03951,Y_U0100,Y0033,2026-02-10 10:24:12.993394,20
Y_STR03952,Y_U0026,Y0024,2026-02-15 23:16:14.300935,176
Y_STR03953,Y_U0074,Y0014,2026-02-27 00:29:09.401481,227
Y_STR03954,Y_U0046,Y0024,2026-02-25 15:30:26.530078,70
Y_STR03955,Y_U0078,Y0037,2026-02-06 12:56:07.422361,96
Y_STR03956,Y_U0062,Y0025,2026-02-24 03:45:33.509030,189
Y_STR03957,Y_U0069,Y0022,2026-02-09 09:35:40.777677,179
Y_STR03958,Y_U0043,Y0026,2026-02-06 12:42:28.953419,175
Y_STR03959,Y_U0035,Y0043,2026-02-27 21:56:52.400096,7
Y_STR03960,Y_U0092,Y0045,2026-02-10 09:33:40.692331,139
Y_STR03961,Y_U0039,Y0048,2026-02-03 14:11:47.215181,150
Y_STR03962,Y_U0058,Y0043,2026-02-14 22:55:34.309943,88
Y_STR03963,Y_U0075,Y0043,2026-02-09 21:13:35.827191,94
Y_STR03964,Y_U0002,Y0048,2026-02-05 11:07:15.935228,71
Y_STR03965,Y_U0071,Y0047,2026-02-03 10:14:42.738783,286
Y_STR03966,Y_U0045,Y0045,2026-02-05 23:14:56.851911,201
Y_STR03967,Y_U0010,Y0026,2026-02-07 23:27:26.867653,137
Y_STR03968,Y_U0043,Y0018,2026-02-23 19:46:10.883694,135
Y_STR03969,Y_U0002,Y0047,2026-02-09 05:16:45.923779,140
Y_STR03970,Y_U0097,Y0030,2026-02-13 00:36:10.407956,92
Y_STR03971,Y_U0065,Y0034,2026-02-07 03:53:17.637792,123
Y_STR03972,Y_U0037,Y0009,2026-02-17 00:01:56.449326,132
Y_STR03973,Y_U0004,Y0047,2026-02-08 09:30:21.664977,220
Y_STR03974,Y_U0071,Y0033,2026-02-18 15:36:49.286741,66
Y_STR03975,Y_U0097,Y0037,2026-02-04 06:26:42.712695,67
Y_STR03976,Y_U0080,Y0044,2026-02-12 20:07:13.764389,70
Y_STR03977,Y_U0048,Y0033,2026-02-12 19:46:28.899832,124
Y_STR03978,Y_U0098,Y0033,2026-02-10 07:05:57.021260,119
Y_STR03979,Y_U0014,Y0045,2026-02-10 21:09:29.236829,124
Y_STR03980,Y_U0072,Y0012,2026-02-12 13:33:30.605885,128
Y_STR03981,Y_U0029,Y0045,2026-02-27 15:19:58.437758,63
Y_STR03982,Y_U0064,Y0028,2026-02-22 17:47:03.271973,93
Y_STR03983,Y_U0018,Y0041,2026-02-02 22:30:40.078812,214
Y_STR03984,Y_U0072,Y0040,2026-02-21 09:03:53.521840,27
Y_STR03985,Y_U0032,Y0029,2026-02-09 03:54:12.300856,268
Y_STR03986,Y_U0079,Y0040,2026-03-01 07:38:26.853676,24
Y_STR03987,Y_U0023,Y0024,2026-03-01 04:56:12.945444,334
Y_STR03988,Y_U0007,Y0026,2026-02-13 14:59:19.767229,184
Y_STR03989,Y_U0027,Y0032,2026-02-27 19:50:55.703832,146
Y_STR03990,Y_U0061,Y0013,2026-02-14 01:35:47.067647,45
Y_STR03991,Y_U0002,Y0050,2026-02-09 03:27:04.137107,71
Y_STR03992,Y_U0031,Y0027,2026-02-14 08:05:49.846263,33
Y_STR03993,Y_U0024,Y0043,2026-02-12 06:51:00.101832,6
Y_STR03994,Y_U0055,Y0032,2026-02-27 01:06:47.490417,75
Y_STR03995,Y_U0050,Y0036,2026-02-06 01:02:29.536631,83
Y_STR03996,Y_U0014,Y0022,2026-02-12 01:12:39.132352,123
Y_STR03997,Y_U0033,Y0048,2026-02-11 07:04:39.276721,122
Y_STR03998,Y_U0009,Y0023,2026-02-22 20:22:53.823900,50
Y_STR03999,Y_U0049,Y0040,2026-02-11 08:05:56.608444,119
Y_STR04000,Y_U0006,Y0024,2026-02-26 01:26:54.428649,196
Y_STR04001,Y_U0056,Y0034,2026-02-02 22:22:49.027817,66
Y_STR04002,Y_U0002,Y0033,2026-02-17 17:24:20.573871,122
Y_STR04003,Y_U0015,Y0034,2026-02-26 19:22:21.283057,117
Y_STR04004,Y_U0059,Y0048,2026-02-28 15:04:27.775127,38
Y_STR04005,Y_U0076,Y0032,2026-02-25 13:37:33.284104,15
Y_STR04006,Y_U0043,Y0036,2026-02-27 11:07:12.174458,172
Y_STR04007,Y_U0010,Y0045,2026-02-13 14:16:12.321480,80
Y_STR04008,Y_U0048,Y0049,2026-02-02 10:50:27.458046,107
Y_STR04009,Y_U0031,Y0025,2026-02-10 21:49:17.332962,87
Y_STR04010,Y_U0096,Y0033,2026-02-09 13:46:36.382152,164
Y_STR04011,Y_U0023,Y0027,2026-02-21 02:18:17.673133,97
Y_STR04012,Y_U0027,Y0034,2026-02-19 02:58:00.926357,98
Y_STR04013,Y_U0012,Y0026,2026-02-01 01:33:26.144036,56
Y_STR04014,Y_U0014,Y0050,2026-02-15 09:48:35.828585,189
Y_STR04015,Y_U0038,Y0029,2026-02-24 22:59:45.577291,328
Y_STR04016,Y_U0089,Y0021,2026-02-21 14:41:36.776914,29
Y_STR04017,Y_U0060,Y0025,2026-02-02 05:06:33.158098,49
Y_STR04018,Y_U0098,Y0041,2026-02-17 23:40:03.701584,76
Y_STR04019,Y_U0027,Y0047,2026-02-02 07:19:12.374356,258
Y_STR04020,Y_U0012,Y0028,2026-02-14 04:15:24.084585,129
Y_STR04021,Y_U0019,Y0034,2026-02-18 19:01:30.472417,58
Y_STR04022,Y_U0055,Y0044,2026-02-11 02:16:43.284724,142
Y_STR04023,Y_U0026,Y0038,2026-02-04 22:47:26.938866,124
Y_STR04024,Y_U0048,Y0047,2026-01-31 12:21:22.319482,123
Y_STR04025,Y_U0024,Y0048,2026-02-02 06:44:49.295432,212
Y_STR04026,Y_U0058,Y0037,2026-02-25 07:39:01.655414,94
Y_STR04027,Y_U0026,Y0050,2026-02-11 20:39:50.021299,314
Y_STR04028,Y_U0059,Y0046,2026-02-16 07:29:13.244227,124
Y_STR04029,Y_U0053,Y0030,2026-02-01 14:04:39.139514,81
Y_STR04030,Y_U0034,Y0044,2026-02-21 00:45:37.791685,132
Y_STR04031,Y_U0029,Y0048,2026-02-26 08:28:27.034451,134
Y_STR04032,Y_U0033,Y0030,2026-02-27 06:10:27.996637,51
Y_STR04033,Y_U0080,Y0017,2026-02-27 20:13:51.338460,114
Y_STR04034,Y_U0095,Y0038,2026-02-15 02:09:52.953226,144
Y_STR04035,Y_U0099,Y0040,2026-02-07 13:51:31.967544,37
Y_STR04036,Y_U0068,Y0047,2026-03-01 20:36:25.092039,200
Y_STR04037,Y_U0080,Y0044,2026-02-14 09:41:36.801754,284
Y_STR04038,Y_U0078,Y0020,2026-02-15 21:27:14.227745,100
Y_STR04039,Y_U0021,Y0032,2026-02-08 02:55:00.304463,53
Y_STR04040,Y_U0036,Y0024,2026-02-03 17:20:03.076751,159
Y_STR04041,Y_U0056,Y0013,2026-01-31 11:55:11.519012,111
Y_STR04042,Y_U0058,Y0028,2026-02-16 20:33:33.043257,171
Y_STR04043,Y_U0029,Y0014,2026-02-01 02:56:59.983942,281
Y_STR04044,Y_U0098,Y0011,2026-02-03 03:40:27.975568,30
Y_STR04045,Y_U0088,Y0019,2026-02-14 16:01:38.790154,231
Y_STR04046,Y_U0017,Y0041,2026-02-23 09:55:13.556281,151
Y_STR04047,Y_U0038,Y0047,2026-02-01 04:43:47.126355,115
Y_STR04048,Y_U0027,Y0043,2026-02-15 14:17:40.667653,52
Y_STR04049,Y_U0055,Y0042,2026-02-25 04:49:12.055588,82
Y_STR04050,Y_U0019,Y0040,2026-02-20 22:10:35.347371,39
Y_STR04051,Y_U0022,Y0027,2026-02-23 11:22:53.688127,155
Y_STR04052,Y_U0039,Y0047,2026-02-08 13:28:28.766004,276
Y_STR04053,Y_U0004,Y0048,2026-02-03 17:28:11.939137,12
Y_STR04054,Y_U0076,Y0024,2026-02-07 13:31:44.733706,134
Y_STR04055,Y_U0001,Y0043,2026-02-25 17:17:19.668870,37
Y_STR04056,Y_U0086,Y0022,2026-01-31 11:37:40.960181,192
Y_STR04057,Y_U0017,Y0041,2026-02-21 10:42:17.455369,113
Y_STR04058,Y_U0073,Y0040,2026-02-21 19:55:44.350951,127
Y_STR04059,Y_U0087,Y0033,2026-02-25 00:52:13.629056,83
Y_STR04060,Y_U0099,Y0039,2026-02-15 07:18:57.796659,295
Y_STR04061,Y_U0095,Y0046,2026-02-01 21:27:20.705301,115
Y_STR04062,Y_U0053,Y0039,2026-02-14 09:58:50.174904,11
Y_STR04063,Y_U0074,Y0032,2026-02-04 21:38:06.390507,232
Y_STR04064,Y_U0021,Y0047,2026-02-02 18:00:25.449880,269
Y_STR04065,Y_U0031,Y0033,2026-02-18 06:25:46.770533,20
Y_STR04066,Y_U0055,Y0032,2026-02-06 09:31:37.585179,181
Y_STR04067,Y_U0093,Y0037,2026-02-22 17:08:42.476356,134
Y_STR04068,Y_U0074,Y0044,2026-02-08 12:22:11.614072,296
Y_STR04069,Y_U0089,Y0048,2026-02-23 22:42:33.336382,31
Y_STR04070,Y_U0081,Y0043,2026-02-23 04:24:43.078331,97
Y_STR04071,Y_U0094,Y0044,2026-02-21 03:03:08.346373,330
Y_STR04072,Y_U0060,Y0024,2026-02-14 22:45:25.715297,229
Y_STR04073,Y_U0099,Y0007,2026-02-24 11:44:11.330181,163
Y_STR04074,Y_U0046,Y0027,2026-02-13 23:46:31.587890,57
Y_STR04075,Y_U0012,Y0041,2026-02-07 03:37:48.496812,157
Y_STR04076,Y_U0099,Y0035,2026-02-25 17:02:27.664691,115
Y_STR04077,Y_U0010,Y0003,2026-02-06 22:34:11.374991,76
Y_STR04078,Y_U0031,Y0033,2026-02-24 06:05:07.652289,141
Y_STR04079,Y_U0034,Y0027,2026-02-15 14:09:54.907124,153
Y_STR04080,Y_U0096,Y0041,2026-01-31 12:12:20.351489,47
Y_STR04081,Y_U0029,Y0047,2026-02-22 21:48:33.456242,48
Y_STR04082,Y_U0018,Y0018,2026-02-19 15:39:27.928012,63
Y_STR04083,Y_U0070,Y0016,2026-02-15 21:23:32.199383,211
Y_STR04084,Y_U0074,Y0011,2026-02-19 13:21:49.893522,145
Y_STR04085,Y_U0014,Y0038,2026-02-13 05:14:36.786846,52
Y_STR04086,Y_U0046,Y0018,2026-02-28 16:22:46.183682,104
Y_STR04087,Y_U0093,Y0048,2026-02-21 17:29:43.973543,90
Y_STR04088,Y_U0012,Y0047,2026-02-05 21:28:39.662044,28
Y_STR04089,Y_U0072,Y0006,2026-02-24 09:56:04.649675,194
Y_STR04090,Y_U0082,Y0049,2026-02-18 09:36:27.069300,83
Y_STR04091,Y_U0020,Y0039,2026-02-16 01:23:53.106880,340
Y_STR04092,Y_U0100,Y0028,2026-02-26 19:44:58.003073,178
Y_STR04093,Y_U0041,Y0022,2026-02-23 11:13:41.285720,207
Y_STR04094,Y_U0094,Y0033,2026-02-24 10:04:38.414097,95
Y_STR04095,Y_U0062,Y0035,2026-02-06 16:34:05.415609,216
Y_STR04096,Y_U0081,Y0045,2026-02-24 17:11:14.291697,9
Y_STR04097,Y_U0079,Y0021,2026-02-12 20:09:48.351447,168
Y_STR04098,Y_U0047,Y0024,2026-02-11 21:08:54.790019,22
Y_STR04099,Y_U0033,Y0048,2026-02-21 15:42:12.790472,232
Y_STR04100,Y_U0079,Y0040,2026-02-18 03:38:41.699922,112
Y_STR04101,Y_U0095,Y0020,2026-02-09 01:21:39.831539,64
Y_STR04102,Y_U0075,Y0047,2026-02-14 10:50:58.632823,104
Y_STR04103,Y_U0043,Y0038,2026-02-03 22:31:06.178387,133
Y_STR04104,Y_U0024,Y0042,2026-02-03 08:08:09.425519,59
Y_STR04105,Y_U0003,Y0043,2026-02-15 01:08:27.530746,42
Y_STR04106,Y_U0014,Y0041,2026-02-03 23:01:34.312199,109
Y_STR04107,Y_U0056,Y0040,2026-02-09 02:07:50.223345,53
Y_STR04108,Y_U0018,Y0048,2026-02-04 09:36:05.489710,132
Y_STR04109,Y_U0020,Y0036,2026-02-13 14:14:30.147779,277
Y_STR04110,Y_U0073,Y0012,2026-02-01 19:00:51.048083,267
Y_STR04111,Y_U0069,Y0046,2026-02-06 03:12:09.477763,7
Y_STR04112,Y_U0090,Y0020,2026-02-25 15:41:50.137946,121
Y_STR04113,Y_U0092,Y0035,2026-02-03 18:08:16.757936,182
Y_STR04114,Y_U0008,Y0015,2026-02-18 04:44:13.720745,6
Y_STR04115,Y_U0087,Y0042,2026-02-27 03:43:35.457937,131
Y_STR04116,Y_U0088,Y0050,2026-01-31 21:03:56.435270,72
Y_STR04117,Y_U0014,Y0048,2026-02-18 21:00:38.205208,66
Y_STR04118,Y_U0045,Y0030,2026-02-22 23:50:06.225993,96
Y_STR04119,Y_U0051,Y0021,2026-02-24 15:51:40.423212,149
Y_STR04120,Y_U0094,Y0046,2026-02-28 14:08:13.026560,43
Y_STR04121,Y_U0062,Y0024,2026-02-17 17:44:00.766676,231
Y_STR04122,Y_U0038,Y0045,2026-02-08 16:34:45.084779,20
Y_STR04123,Y_U0041,Y0011,2026-02-18 06:41:00.261214,228
Y_STR04124,Y_U0013,Y0025,2026-02-13 15:10:48.508868,123
Y_STR04125,Y_U0029,Y0020,2026-02-16 18:01:48.867193,121
Y_STR04126,Y_U0008,Y0023,2026-03-01 08:07:39.781184,9
Y_STR04127,Y_U0014,Y0048,2026-02-15 01:58:15.907020,139
Y_STR04128,Y_U0027,Y0041,2026-02-25 16:02:59.328748,89
Y_STR04129,Y_U0062,Y0030,2026-02-08 19:46:03.793600,108
Y_STR04130,Y_U0071,Y0031,2026-02-15 09:47:22.791637,125
Y_STR04131,Y_U0090,Y0042,2026-02-09 19:09:46.554550,230
Y_STR04132,Y_U0035,Y0040,2026-02-18 15:44:36.493518,109
Y_STR04133,Y_U0019,Y0023,2026-02-02 08:46:22.839414,42
Y_STR04134,Y_U0003,Y0024,2026-02-17 09:24:30.663454,140
Y_STR04135,Y_U0029,Y0024,2026-02-05 01:37:20.667168,279
Y_STR04136,Y_U0031,Y0032,2026-02-03 01:35:46.197377,72
Y_STR04137,Y_U0068,Y0047,2026-02-22 22:17:41.766941,74
Y_STR04138,Y_U0026,Y0031,2026-02-01 21:37:00.203916,153
Y_STR04139,Y_U0013,Y0025,2026-02-24 02:04:18.399032,13
Y_STR04140,Y_U0052,Y0026,2026-02-27 21:26:03.097953,118
Y_STR04141,Y_U0024,Y0024,2026-02-10 23:31:33.671094,293
Y_STR04142,Y_U0096,Y0038,2026-02-25 10:06:17.158545,90
Y_STR04143,Y_U0044,Y0039,2026-02-15 03:29:38.131252,218
Y_STR04144,Y_U0038,Y0046,2026-02-03 06:15:27.917816,88
Y_STR04145,Y_U0091,Y0044,2026-02-28 19:37:15.237926,133
Y_STR04146,Y_U0078,Y0043,2026-02-18 00:44:53.187226,82
Y_STR04147,Y_U0023,Y0040,2026-02-05 22:00:01.186375,73
Y_STR04148,Y_U0039,Y0011,2026-02-12 22:33:43.567044,146
Y_STR04149,Y_U0052,Y0027,2026-02-02 16:11:28.370841,151
Y_STR04150,Y_U0023,Y0029,2026-02-20 23:27:49.926672,80
Y_STR04151,Y_U0083,Y0036,2026-02-23 08:13:45.677175,151
Y_STR04152,Y_U0031,Y0043,2026-02-07 01:05:09.084136,148
Y_STR04153,Y_U0055,Y0032,2026-02-06 18:06:33.023554,247
Y_STR04154,Y_U0042,Y0037,2026-02-15 10:03:49.857931,30
Y_STR04155,Y_U0030,Y0030,2026-02-20 23:45:19.975240,156
Y_STR04156,Y_U0045,Y0035,2026-02-24 02:11:44.876942,21
Y_STR04157,Y_U0017,Y0013,2026-02-27 11:33:35.853272,51
Y_STR04158,Y_U0058,Y0032,2026-03-02 09:18:45.452023,255
Y_STR04159,Y_U0063,Y0041,2026-02-22 03:11:38.173066,245
Y_STR04160,Y_U0042,Y0045,2026-02-13 19:10:18.814648,178
Y_STR04161,Y_U0004,Y0026,2026-02-08 11:38:46.724832,161
Y_STR04162,Y_U0094,Y0015,2026-02-12 21:22:53.810340,263
Y_STR04163,Y_U0086,Y0047,2026-02-02 14:42:08.497578,84
Y_STR04164,Y_U0077,Y0036,2026-02-16 01:01:23.855569,187
Y_STR04165,Y_U0024,Y0050,2026-02-21 18:37:18.286654,108
Y_STR04166,Y_U0055,Y0045,2026-02-01 14:55:04.935967,107
Y_STR04167,Y_U0048,Y0049,2026-03-01 08:03:35.219093,116
Y_STR04168,Y_U0033,Y0033,2026-02-22 06:53:04.250087,147
Y_STR04169,Y_U0063,Y0026,2026-02-17 23:39:18.292625,95
Y_STR04170,Y_U0025,Y0016,2026-02-23 07:40:56.319694,246
Y_STR04171,Y_U0095,Y0015,2026-02-10 21:58:18.695410,152
Y_STR04172,Y_U0068,Y0027,2026-02-07 04:55:57.865611,104
Y_STR04173,Y_U0047,Y0036,2026-02-14 19:39:45.053909,82
Y_STR04174,Y_U0074,Y0016,2026-02-15 16:41:08.456568,262
Y_STR04175,Y_U0097,Y0033,2026-02-01 05:56:46.704585,77
Y_STR04176,Y_U0041,Y0024,2026-02-19 04:47:23.584750,136
Y_STR04177,Y_U0004,Y0047,2026-02-04 22:37:39.350780,225
Y_STR04178,Y_U0016,Y0032,2026-02-06 11:25:21.044061,119
Y_STR04179,Y_U0018,Y0027,2026-02-10 08:42:38.856508,245
Y_STR04180,Y_U0044,Y0046,2026-02-26 16:29:04.818532,91
Y_STR04181,Y_U0062,Y0044,2026-02-13 16:14:02.020500,29
Y_STR04182,Y_U0019,Y0023,2026-02-28 14:36:39.635113,67
Y_STR04183,Y_U0033,Y0048,2026-02-07 08:37:33.971777,38
Y_STR04184,Y_U0030,Y0019,2026-02-27 17:05:10.615927,91
Y_STR04185,Y_U0030,Y0040,2026-02-08 23:38:04.025192,123
Y_STR04186,Y_U0084,Y0002,2026-02-15 08:09:42.301980,15
Y_STR04187,Y_U0091,Y0033,2026-02-02 16:04:37.873588,116
Y_STR04188,Y_U0057,Y0047,2026-02-19 07:24:53.970068,169
Y_STR04189,Y_U0032,Y0045,2026-02-19 08:56:12.882014,79
Y_STR04190,Y_U0002,Y0050,2026-02-19 23:29:18.611089,189
Y_STR04191,Y_U0089,Y0025,2026-02-04 08:50:51.396391,65
Y_STR04192,Y_U0036,Y0019,2026-02-09 20:03:46.121000,165
Y_STR04193,Y_U0083,Y0050,2026-02-03 21:13:47.322746,332
Y_STR04194,Y_U0075,Y0036,2026-02-15 07:39:14.514419,208
Y_STR04195,Y_U0010,Y0048,2026-02-25 05:23:38.763244,114
Y_STR04196,Y_U0017,Y0049,2026-02-15 03:39:38.568077,106
Y_STR04197,Y_U0081,Y0031,2026-02-17 01:43:28.957804,31
Y_STR04198,Y_U0078,Y0043,2026-02-04 01:26:33.083079,18
Y_STR04199,Y_U0070,Y0036,2026-02-10 17:01:48.266268,139
Y_STR04200,Y_U0073,Y0022,2026-02-20 04:21:34.510532,141
Y_STR04201,Y_U0022,Y0041,2026-02-04 06:34:48.081722,175
Y_STR04202,Y_U0049,Y0048,2026-02-17 11:38:59.584491,142
Y_STR04203,Y_U0033,Y0043,2026-02-28 19:24:17.122151,92
Y_STR04204,Y_U0026,Y0039,2026-03-01 10:02:53.714398,63
Y_STR04205,Y_U0025,Y0041,2026-02-23 16:20:43.307024,184
Y_STR04206,Y_U0043,Y0016,2026-02-09 10:43:38.238862,185
Y_STR04207,Y_U0083,Y0031,2026-02-14 00:40:48.879189,84
Y_STR04208,Y_U0057,Y0029,2026-02-19 09:31:55.329326,282
Y_STR04209,Y_U0035,Y0020,2026-02-20 10:33:12.781086,126
Y_STR04210,Y_U0055,Y0050,2026-02-25 10:51:23.227480,233
Y_STR04211,Y_U0002,Y0010,2026-02-19 07:10:53.029404,113
Y_STR04212,Y_U0082,Y0024,2026-02-19 05:11:05.466939,131
Y_STR04213,Y_U0051,Y0037,2026-02-01 15:28:35.186797,94
Y_STR04214,Y_U0047,Y0045,2026-02-21 01:35:12.858298,9
Y_STR04215,Y_U0088,Y0043,2026-02-21 08:25:43.682950,20
Y_STR04216,Y_U0041,Y0040,2026-02-03 11:13:47.548319,110
Y_STR04217,Y_U0065,Y0032,2026-02-11 20:51:53.441221,43
Y_STR04218,Y_U0075,Y0049,2026-02-08 17:13:53.771389,91
Y_STR04219,Y_U0013,Y0035,2026-03-02 06:06:26.243440,67
Y_STR04220,Y_U0054,Y0037,2026-02-05 01:30:59.538476,91
Y_STR04221,Y_U0095,Y0037,2026-02-23 00:58:41.010225,48
Y_STR04222,Y_U0038,Y0030,2026-02-05 21:42:50.995715,17
Y_STR04223,Y_U0079,Y0019,2026-03-02 08:08:57.613074,172
Y_STR04224,Y_U0007,Y0021,2026-02-15 09:11:04.973822,106
Y_STR04225,Y_U0025,Y0029,2026-02-14 12:49:04.146868,166
Y_STR04226,Y_U0080,Y0047,2026-02-11 10:06:37.964937,273
Y_STR04227,Y_U0063,Y0036,2026-02-02 12:40:01.629581,261
Y_STR04228,Y_U0051,Y0020,2026-02-11 05:22:00.552814,96
Y_STR04229,Y_U0049,Y0037,2026-02-19 11:35:52.803978,39
Y_STR04230,Y_U0086,Y0049,2026-02-02 06:27:31.321059,23
Y_STR04231,Y_U0033,Y0035,2026-02-24 03:13:30.385658,222
Y_STR04232,Y_U0098,Y0039,2026-02-12 18:50:17.112556,280
Y_STR04233,Y_U0023,Y0043,2026-02-08 22:17:59.825806,159
Y_STR04234,Y_U0086,Y0033,2026-02-27 04:26:23.844404,19
Y_STR04235,Y_U0042,Y0046,2026-02-26 02:13:31.234763,158
Y_STR04236,Y_U0062,Y0040,2026-02-03 02:42:25.315854,10
Y_STR04237,Y_U0036,Y0045,2026-02-21 15:49:56.672889,47
Y_STR04238,Y_U0024,Y0015,2026-02-09 06:45:44.593451,225
Y_STR04239,Y_U0086,Y0041,2026-02-22 23:38:17.303813,52
Y_STR04240,Y_U0089,Y0024,2026-02-01 14:16:07.213918,346
Y_STR04241,Y_U0074,Y0011,2026-02-06 11:57:20.168496,129
Y_STR04242,Y_U0050,Y0048,2026-02-04 09:23:47.792640,165
Y_STR04243,Y_U0048,Y0027,2026-02-22 06:46:51.695606,33
Y_STR04244,Y_U0063,Y0015,2026-02-23 19:06:53.946246,199
Y_STR04245,Y_U0085,Y0038,2026-03-01 01:01:35.050707,165
Y_STR04246,Y_U0081,Y0042,2026-02-09 17:42:32.952939,43
Y_STR04247,Y_U0088,Y0046,2026-02-24 20:00:02.061369,93
Y_STR04248,Y_U0041,Y0043,2026-02-13 08:16:41.475533,42
Y_STR04249,Y_U0063,Y0026,2026-02-28 23:28:33.929586,100
Y_STR04250,Y_U0084,Y0030,2026-02-13 22:04:13.403727,34
Y_STR04251,Y_U0081,Y0040,2026-02-17 08:54:50.391766,64
Y_STR04252,Y_U0026,Y0050,2026-02-25 01:39:45.159336,292
Y_STR04253,Y_U0078,Y0033,2026-02-17 07:37:45.176714,117
Y_STR04254,Y_U0024,Y0048,2026-02-20 02:46:42.214763,170
Y_STR04255,Y_U0084,Y0023,2026-02-08 09:50:46.842989,244
Y_STR04256,Y_U0062,Y0050,2026-02-07 09:12:45.566855,257
Y_STR04257,Y_U0040,Y0015,2026-02-17 09:24:50.887669,163
Y_STR04258,Y_U0059,Y0049,2026-02-27 18:52:12.111746,35
Y_STR04259,Y_U0068,Y0008,2026-02-04 19:26:37.110564,280
Y_STR04260,Y_U0072,Y0047,2026-02-02 16:00:13.460362,65
Y_STR04261,Y_U0050,Y0044,2026-02-01 10:37:41.685417,285
Y_STR04262,Y_U0042,Y0040,2026-02-06 06:50:54.180427,8
Y_STR04263,Y_U0071,Y0046,2026-03-01 22:21:42.728414,65
Y_STR04264,Y_U0003,Y0032,2026-02-01 05:22:28.364362,7
Y_STR04265,Y_U0067,Y0041,2026-02-05 16:15:06.491021,104
Y_STR04266,Y_U0062,Y0036,2026-02-02 11:10:29.275386,88
Y_STR04267,Y_U0021,Y0033,2026-02-24 18:17:52.647285,68
Y_STR04268,Y_U0094,Y0040,2026-02-07 08:02:26.875639,79
Y_STR04269,Y_U0043,Y0049,2026-02-27 09:11:50.277155,107
Y_STR04270,Y_U0096,Y0049,2026-02-06 12:29:07.570319,14
Y_STR04271,Y_U0054,Y0031,2026-02-17 08:52:36.709675,66
Y_STR04272,Y_U0052,Y0040,2026-02-16 12:09:05.811575,17
Y_STR04273,Y_U0042,Y0045,2026-02-07 08:02:45.618624,111
Y_STR04274,Y_U0062,Y0018,2026-03-02 08:19:57.750200,30
Y_STR04275,Y_U0059,Y0029,2026-02-13 22:18:21.819926,314
Y_STR04276,Y_U0091,Y0039,2026-02-26 17:51:39.887344,113
Y_STR04277,Y_U0059,Y0033,2026-02-18 03:00:01.703672,9
Y_STR04278,Y_U0037,Y0030,2026-02-08 09:04:36.277268,124
Y_STR04279,Y_U0078,Y0020,2026-02-06 23:15:27.621508,35
Y_STR04280,Y_U0077,Y0042,2026-02-22 07:27:54.856680,173
Y_STR04281,Y_U0051,Y0021,2026-02-27 01:36:55.879603,68
Y_STR04282,Y_U0035,Y0046,2026-02-08 06:00:54.420842,93
Y_STR04283,Y_U0008,Y0047,2026-02-08 05:02:07.624886,175
Y_STR04284,Y_U0061,Y0042,2026-02-18 06:03:04.964513,230
Y_STR04285,Y_U0083,Y0032,2026-02-09 18:15:16.379658,72
Y_STR04286,Y_U0052,Y0038,2026-02-01 11:35:22.079148,155
Y_STR04287,Y_U0067,Y0035,2026-02-14 00:21:24.676219,201
Y_STR04288,Y_U0062,Y0021,2026-02-02 18:12:16.845067,214
Y_STR04289,Y_U0009,Y0043,2026-02-24 19:42:55.983022,59
Y_STR04290,Y_U0100,Y0050,2026-02-28 03:56:36.033173,18
Y_STR04291,Y_U0027,Y0050,2026-02-11 20:05:27.629452,173
Y_STR04292,Y_U0068,Y0015,2026-02-27 02:45:30.267452,137
Y_STR04293,Y_U0005,Y0048,2026-02-21 19:40:58.617354,56
Y_STR04294,Y_U0012,Y0037,2026-02-25 00:03:39.039005,109
Y_STR04295,Y_U0031,Y0019,2026-02-25 08:45:09.276716,13
Y_STR04296,Y_U0057,Y0018,2026-02-12 19:35:35.059523,105
Y_STR04297,Y_U0008,Y0039,2026-01-31 19:15:27.845354,188
Y_STR04298,Y_U0085,Y0013,2026-02-08 03:49:33.202425,156
Y_STR04299,Y_U0020,Y0029,2026-02-21 10:59:52.931377,302
Y_STR04300,Y_U0014,Y0045,2026-02-12 08:01:03.995981,71
Y_STR04301,Y_U0059,Y0037,2026-02-24 22:30:22.776676,13
Y_STR04302,Y_U0094,Y0028,2026-02-06 08:15:59.914832,258
Y_STR04303,Y_U0014,Y0045,2026-02-16 22:03:52.097836,93
Y_STR04304,Y_U0061,Y0048,2026-02-27 19:29:11.766321,25
Y_STR04305,Y_U0072,Y0050,2026-02-16 07:22:40.720474,237
Y_STR04306,Y_U0035,Y0033,2026-03-02 09:33:05.295732,97
Y_STR04307,Y_U0096,Y0047,2026-02-10 13:51:04.244326,156
Y_STR04308,Y_U0038,Y0008,2026-02-14 12:21:05.344701,250
Y_STR04309,Y_U0052,Y0044,2026-02-28 03:57:53.791728,236
Y_STR04310,Y_U0054,Y0042,2026-02-27 20:23:38.677938,262
Y_STR04311,Y_U0004,Y0038,2026-02-22 18:40:40.637761,111
Y_STR04312,Y_U0033,Y0025,2026-02-17 23:26:24.905126,27
Y_STR04313,Y_U0018,Y0045,2026-02-04 19:59:41.970047,134
Y_STR04314,Y_U0038,Y0034,2026-02-01 23:43:30.182645,155
Y_STR04315,Y_U0023,Y0041,2026-02-28 05:22:21.035565,6
Y_STR04316,Y_U0042,Y0038,2026-02-04 11:44:29.421273,39
Y_STR04317,Y_U0089,Y0042,2026-03-02 10:13:55.847899,152
Y_STR04318,Y_U0059,Y0040,2026-02-21 04:54:12.601992,58
Y_STR04319,Y_U0039,Y0008,2026-02-15 21:51:25.190137,278
Y_STR04320,Y_U0087,Y0050,2026-02-15 18:04:07.186544,36
Y_STR04321,Y_U0040,Y0041,2026-02-01 09:31:43.208106,182
Y_STR04322,Y_U0060,Y0017,2026-02-11 22:50:52.998395,50
Y_STR04323,Y_U0053,Y0044,2026-02-25 22:36:10.574821,162
Y_STR04324,Y_U0061,Y0033,2026-03-01 01:07:47.917583,19
Y_STR04325,Y_U0061,Y0028,2026-02-09 13:37:55.318112,6
Y_STR04326,Y_U0099,Y0020,2026-03-01 06:52:12.546881,120
Y_STR04327,Y_U0100,Y0025,2026-02-26 11:06:41.038100,208
Y_STR04328,Y_U0058,Y0022,2026-02-07 13:59:55.333674,122
Y_STR04329,Y_U0027,Y0018,2026-02-22 01:33:42.227299,292
Y_STR04330,Y_U0049,Y0019,2026-02-25 05:05:45.011684,170
Y_STR04331,Y_U0098,Y0043,2026-02-25 00:04:12.916361,157
Y_STR04332,Y_U0091,Y0048,2026-02-23 12:28:28.900127,149
Y_STR04333,Y_U0040,Y0025,2026-02-20 03:17:54.489464,95
Y_STR04334,Y_U0069,Y0029,2026-02-23 18:40:39.945501,32
Y_STR04335,Y_U0016,Y0025,2026-02-17 02:40:08.251781,19
Y_STR04336,Y_U0056,Y0035,2026-03-02 04:14:15.826765,312
Y_STR04337,Y_U0021,Y0048,2026-02-24 09:58:33.861398,232
Y_STR04338,Y_U0033,Y0050,2026-02-20 00:45:19.865411,110
Y_STR04339,Y_U0085,Y0025,2026-02-21 08:04:18.126991,75
Y_STR04340,Y_U0025,Y0030,2026-02-01 17:33:27.481391,123
Y_STR04341,Y_U0021,Y0048,2026-02-26 17:33:03.563630,251
Y_STR04342,Y_U0064,Y0006,2026-02-11 23:40:52.900574,12
Y_STR04343,Y_U0086,Y0016,2026-02-21 13:57:29.547058,144
Y_STR04344,Y_U0082,Y0041,2026-02-27 08:47:03.665094,70
Y_STR04345,Y_U0018,Y0043,2026-02-12 18:19:02.237674,31
Y_STR04346,Y_U0058,Y0037,2026-02-16 00:56:45.736869,126
Y_STR04347,Y_U0037,Y0041,2026-02-17 13:05:20.340997,172
Y_STR04348,Y_U0088,Y0026,2026-02-22 20:23:29.675008,73
Y_STR04349,Y_U0036,Y0048,2026-02-22 04:11:16.559472,212
Y_STR04350,Y_U0029,Y0048,2026-02-03 14:46:50.950162,271
Y_STR04351,Y_U0069,Y0040,2026-02-16 09:55:02.541483,20
Y_STR04352,Y_U0030,Y0042,2026-02-11 05:55:52.285817,181
Y_STR04353,Y_U0062,Y0035,2026-02-03 13:09:14.621228,231
Y_STR04354,Y_U0077,Y0035,2026-02-14 01:53:58.357969,61
Y_STR04355,Y_U0086,Y0011,2026-02-03 00:21:56.381303,65
Y_STR04356,Y_U0074,Y0021,2026-02-01 00:50:15.439540,274
Y_STR04357,Y_U0085,Y0025,2026-02-23 21:24:07.479650,177
Y_STR04358,Y_U0003,Y0021,2026-02-20 23:52:19.222446,150
Y_STR04359,Y_U0015,Y0043,2026-02-18 09:51:38.868976,39
Y_STR04360,Y_U0078,Y0050,2026-02-05 08:01:07.182955,323
Y_STR04361,Y_U0054,Y0041,2026-02-20 07:25:47.105495,126
Y_STR04362,Y_U0048,Y0017,2026-02-07 15:12:18.819319,62
Y_STR04363,Y_U0051,Y0020,2026-03-02 02:33:15.931652,32
Y_STR04364,Y_U0026,Y0026,2026-02-20 12:05:21.334782,243
Y_STR04365,Y_U0080,Y0022,2026-02-26 20:03:59.665185,32
Y_STR04366,Y_U0060,Y0036,2026-02-07 04:22:46.280945,145
Y_STR04367,Y_U0067,Y0042,2026-02-05 00:53:43.167474,125
Y_STR04368,Y_U0046,Y0009,2026-02-03 13:49:58.483150,37
Y_STR04369,Y_U0026,Y0050,2026-02-07 00:35:17.156713,13
Y_STR04370,Y_U0092,Y0024,2026-02-16 13:08:28.459455,319
Y_STR04371,Y_U0058,Y0031,2026-02-07 00:49:42.749876,117
Y_STR04372,Y_U0009,Y0030,2026-02-18 04:55:42.305806,78
Y_STR04373,Y_U0017,Y0045,2026-02-06 01:44:23.694129,144
Y_STR04374,Y_U0006,Y0024,2026-02-20 12:21:01.189560,328
Y_STR04375,Y_U0024,Y0045,2026-02-19 22:48:06.137341,150
Y_STR04376,Y_U0090,Y0037,2026-02-02 01:21:09.864540,103
Y_STR04377,Y_U0048,Y0009,2026-02-14 17:46:50.085775,8
Y_STR04378,Y_U0046,Y0045,2026-02-24 00:45:46.982272,86
Y_STR04379,Y_U0004,Y0046,2026-02-01 05:36:22.777924,114
Y_STR04380,Y_U0076,Y0018,2026-02-17 23:08:37.574971,66
Y_STR04381,Y_U0044,Y0015,2026-02-10 19:42:29.561235,218
Y_STR04382,Y_U0035,Y0050,2026-02-13 10:12:22.415744,294
Y_STR04383,Y_U0020,Y0036,2026-02-16 12:32:23.748250,215
Y_STR04384,Y_U0029,Y0048,2026-02-14 10:40:58.228037,190
Y_STR04385,Y_U0098,Y0050,2026-02-10 19:21:31.164099,197
Y_STR04386,Y_U0043,Y0024,2026-02-15 16:36:18.217012,108
Y_STR04387,Y_U0092,Y0042,2026-02-27 23:59:13.159185,259
Y_STR04388,Y_U0006,Y0023,2026-02-06 21:30:23.929770,218
Y_STR04389,Y_U0014,Y0010,2026-02-21 02:28:19.174903,200
Y_STR04390,Y_U0010,Y0021,2026-02-25 13:08:19.688165,36
Y_STR04391,Y_U0005,Y0041,2026-02-07 04:37:02.846514,248
Y_STR04392,Y_U0062,Y0033,2026-02-28 02:55:56.314800,109
Y_STR04393,Y_U0070,Y0009,2026-02-24 14:11:00.574032,148
Y_STR04394,Y_U0080,Y0037,2026-02-21 08:48:07.395675,128
Y_STR04395,Y_U0075,Y0046,2026-02-18 18:14:02.557110,71
Y_STR04396,Y_U0014,Y0035,2026-02-17 08:38:56.995442,203
Y_STR04397,Y_U0100,Y0037,2026-02-19 22:23:15.384508,34
Y_STR04398,Y_U0098,Y0029,2026-02-19 05:03:33.408179,339
Y_STR04399,Y_U0025,Y0019,2026-02-26 16:00:17.390651,272
Y_STR04400,Y_U0011,Y0045,2026-03-01 20:54:46.734849,121
Y_STR04401,Y_U0009,Y0026,2026-02-15 20:53:42.760874,83
Y_STR04402,Y_U0002,Y0045,2026-02-28 01:16:54.585459,151
Y_STR04403,Y_U0052,Y0048,2026-02-03 04:13:22.270131,37
Y_STR04404,Y_U0024,Y0043,2026-02-08 06:30:22.482286,105
Y_STR04405,Y_U0088,Y0042,2026-02-05 06:40:03.480735,73
Y_STR04406,Y_U0059,Y0048,2026-02-10 22:12:31.109965,118
Y_STR04407,Y_U0066,Y0022,2026-02-05 07:40:06.636055,201
Y_STR04408,Y_U0033,Y0014,2026-02-26 14:54:27.441869,45
Y_STR04409,Y_U0087,Y0025,2026-02-18 05:59:43.491619,11
Y_STR04410,Y_U0040,Y0033,2026-02-04 13:18:53.670761,89
Y_STR04411,Y_U0025,Y0045,2026-02-28 06:49:56.052702,150
Y_STR04412,Y_U0003,Y0040,2026-02-17 05:35:16.868347,110
Y_STR04413,Y_U0030,Y0035,2026-02-14 04:57:57.097980,292
Y_STR04414,Y_U0010,Y0044,2026-02-14 01:21:10.354618,312
Y_STR04415,Y_U0003,Y0041,2026-02-07 15:49:50.811839,132
Y_STR04416,Y_U0032,Y0047,2026-02-21 15:34:20.566577,37
Y_STR04417,Y_U0050,Y0046,2026-02-22 07:46:31.675562,15
Y_STR04418,Y_U0093,Y0044,2026-02-08 03:18:57.833408,206
Y_STR04419,Y_U0082,Y0025,2026-02-03 07:06:45.608046,25
Y_STR04420,Y_U0017,Y0038,2026-02-05 10:16:35.033291,161
Y_STR04421,Y_U0006,Y0046,2026-02-20 19:07:49.679050,62
Y_STR04422,Y_U0003,Y0013,2026-02-04 10:53:48.879328,52
Y_STR04423,Y_U0016,Y0022,2026-02-22 22:08:20.698847,6
Y_STR04424,Y_U0064,Y0018,2026-02-13 08:19:15.332554,265
Y_STR04425,Y_U0043,Y0034,2026-02-03 02:10:44.856737,36
Y_STR04426,Y_U0063,Y0018,2026-02-15 16:11:14.514856,130
Y_STR04427,Y_U0032,Y0035,2026-02-13 11:12:41.937264,202
Y_STR04428,Y_U0005,Y0043,2026-03-02 10:35:44.506887,57
Y_STR04429,Y_U0057,Y0045,2026-03-01 13:23:40.329290,142
Y_STR04430,Y_U0002,Y0020,2026-02-21 12:52:15.279347,126
Y_STR04431,Y_U0046,Y0045,2026-02-24 21:41:55.872817,143
Y_STR04432,Y_U0019,Y0034,2026-02-04 07:32:02.041770,125
Y_STR04433,Y_U0024,Y0038,2026-02-18 00:50:36.758466,61
Y_STR04434,Y_U0085,Y0049,2026-02-05 08:15:37.862041,66
Y_STR04435,Y_U0014,Y0044,2026-02-28 04:09:29.555274,272
Y_STR04436,Y_U0044,Y0044,2026-02-05 11:50:15.703335,132
Y_STR04437,Y_U0058,Y0038,2026-02-18 06:20:41.697278,107
Y_STR04438,Y_U0092,Y0037,2026-02-16 05:27:41.703243,152
Y_STR04439,Y_U0077,Y0031,2026-02-06 23:24:20.791839,49
Y_STR04440,Y_U0066,Y0027,2026-01-31 12:09:03.907924,235
Y_STR04441,Y_U0078,Y0040,2026-02-20 06:44:25.853555,9
Y_STR04442,Y_U0027,Y0020,2026-02-20 16:36:46.433500,94
Y_STR04443,Y_U0015,Y0034,2026-02-20 01:31:45.630912,231
Y_STR04444,Y_U0035,Y0050,2026-02-10 06:02:23.607846,260
Y_STR04445,Y_U0005,Y0010,2026-02-11 08:04:08.600741,244
Y_STR04446,Y_U0025,Y0039,2026-02-03 17:22:18.366124,94
Y_STR04447,Y_U0025,Y0032,2026-02-01 04:09:29.473785,295
Y_STR04448,Y_U0048,Y0037,2026-03-02 07:09:45.647246,33
Y_STR04449,Y_U0025,Y0031,2026-02-19 02:04:00.348383,68
Y_STR04450,Y_U0012,Y0044,2026-02-27 11:33:48.747836,115
Y_STR04451,Y_U0093,Y0037,2026-02-09 00:16:31.782743,135
Y_STR04452,Y_U0052,Y0038,2026-02-22 14:11:57.565039,29
Y_STR04453,Y_U0076,Y0013,2026-02-21 20:09:19.812762,18
Y_STR04454,Y_U0063,Y0049,2026-02-16 04:10:40.789703,113
Y_STR04455,Y_U0019,Y0021,2026-02-01 03:19:12.892619,113
Y_STR04456,Y_U0088,Y0036,2026-02-02 10:00:47.211218,278
Y_STR04457,Y_U0057,Y0049,2026-02-13 07:41:16.593290,14
Y_STR04458,Y_U0086,Y0045,2026-02-06 00:28:16.556468,81
Y_STR04459,Y_U0019,Y0037,2026-02-19 15:54:50.858162,63
Y_STR04460,Y_U0030,Y0003,2026-02-20 02:22:27.016205,104
Y_STR04461,Y_U0081,Y0013,2026-02-25 18:53:50.927238,173
Y_STR04462,Y_U0045,Y0010,2026-02-25 18:45:56.644614,231
Y_STR04463,Y_U0024,Y0033,2026-02-13 03:09:20.928285,73
Y_STR04464,Y_U0075,Y0034,2026-02-24 08:23:22.437194,130
Y_STR04465,Y_U0038,Y0046,2026-02-27 12:30:36.093706,40
Y_STR04466,Y_U0022,Y0020,2026-02-19 13:08:43.863112,112
Y_STR04467,Y_U0068,Y0048,2026-03-01 13:46:21.748614,56
Y_STR04468,Y_U0061,Y0028,2026-02-03 07:58:52.777512,7
Y_STR04469,Y_U0058,Y0050,2026-02-09 22:18:01.649354,220
Y_STR04470,Y_U0009,Y0015,2026-02-11 03:15:16.954811,31
Y_STR04471,Y_U0068,Y0028,2026-02-17 13:41:42.446729,213
Y_STR04472,Y_U0029,Y0025,2026-02-15 02:11:45.066844,137
Y_STR04473,Y_U0079,Y0008,2026-02-14 09:27:26.488153,89
Y_STR04474,Y_U0038,Y0041,2026-02-06 07:27:35.226907,224
Y_STR04475,Y_U0020,Y0024,2026-02-19 04:10:35.815383,175
Y_STR04476,Y_U0087,Y0047,2026-02-01 05:02:00.270794,122
Y_STR04477,Y_U0023,Y0037,2026-02-14 06:10:03.015229,8
Y_STR04478,Y_U0077,Y0039,2026-02-24 12:35:55.923270,286
Y_STR04479,Y_U0019,Y0042,2026-02-15 16:32:42.725643,266
Y_STR04480,Y_U0085,Y0030,2026-03-01 16:06:34.058560,87
Y_STR04481,Y_U0038,Y0027,2026-01-31 11:56:50.973080,187
Y_STR04482,Y_U0047,Y0042,2026-02-03 10:21:12.304618,208
Y_STR04483,Y_U0072,Y0036,2026-02-12 06:55:12.548698,59
Y_STR04484,Y_U0059,Y0034,2026-02-11 06:31:13.893236,104
Y_STR04485,Y_U0037,Y0040,2026-02-04 14:04:28.597751,108
Y_STR04486,Y_U0026,Y0045,2026-02-17 12:40:55.503630,179
Y_STR04487,Y_U0020,Y0029,2026-02-16 04:02:03.719396,316
Y_STR04488,Y_U0039,Y0044,2026-02-26 01:11:38.733517,181
Y_STR04489,Y_U0067,Y0044,2026-02-21 01:43:02.517644,281
Y_STR04490,Y_U0036,Y0046,2026-02-04 11:45:26.462246,14
Y_STR04491,Y_U0087,Y0033,2026-02-09 18:56:45.794177,12
Y_STR04492,Y_U0065,Y0033,2026-02-19 10:52:02.355561,41
Y_STR04493,Y_U0033,Y0046,2026-02-19 08:09:21.287976,20
Y_STR04494,Y_U0086,Y0033,2026-02-20 12:22:52.341052,76
Y_STR04495,Y_U0085,Y0037,2026-02-26 12:19:11.503873,95
Y_STR04496,Y_U0084,Y0037,2026-02-25 09:50:47.529514,121
Y_STR04497,Y_U0034,Y0037,2026-02-21 19:57:39.286119,96
Y_STR04498,Y_U0021,Y0038,2026-02-23 22:03:47.523004,121
Y_STR04499,Y_U0037,Y0045,2026-02-03 11:05:07.104290,46
Y_STR04500,Y_U0005,Y0022,2026-02-15 20:16:13.938665,104
Y_STR04501,Y_U0030,Y0044,2026-02-25 04:34:35.661162,119
Y_STR04502,Y_U0018,Y0026,2026-02-21 04:54:46.655952,258
Y_STR04503,Y_U0087,Y0036,2026-02-17 12:55:25.649057,249
Y_STR04504,Y_U0046,Y0048,2026-02-26 21:55:14.934787,239
Y_STR04505,Y_U0004,Y0036,2026-02-14 04:35:44.606769,90
Y_STR04506,Y_U0052,Y0042,2026-03-01 23:50:34.419267,84
Y_STR04507,Y_U0007,Y0037,2026-02-03 14:07:55.820162,126
Y_STR04508,Y_U0086,Y0030,2026-02-20 10:04:07.566220,47
Y_STR04509,Y_U0030,Y0029,2026-02-18 20:41:35.547787,303
Y_STR04510,Y_U0085,Y0036,2026-02-28 23:00:56.032355,273
Y_STR04511,Y_U0011,Y0049,2026-02-15 03:34:50.919868,20
Y_STR04512,Y_U0022,Y0035,2026-02-20 02:13:20.690634,113
Y_STR04513,Y_U0085,Y0047,2026-02-12 21:30:03.426171,82
Y_STR04514,Y_U0060,Y0007,2026-02-26 05:44:02.346986,73
Y_STR04515,Y_U0047,Y0031,2026-02-14 20:00:09.461456,87
Y_STR04516,Y_U0088,Y0048,2026-02-15 20:36:40.256536,188
Y_STR04517,Y_U0072,Y0016,2026-02-17 19:00:27.531762,22
Y_STR04518,Y_U0002,Y0015,2026-02-10 00:26:00.839293,71
Y_STR04519,Y_U0016,Y0030,2026-02-11 03:55:54.283872,142
Y_STR04520,Y_U0061,Y0039,2026-02-16 23:01:20.450536,154
Y_STR04521,Y_U0066,Y0050,2026-02-15 18:59:47.926280,16
Y_STR04522,Y_U0031,Y0019,2026-02-05 06:20:13.592466,243
Y_STR04523,Y_U0046,Y0040,2026-02-17 04:26:26.133327,21
Y_STR04524,Y_U0083,Y0028,2026-02-28 14:26:33.451284,259
Y_STR04525,Y_U0008,Y0042,2026-02-09 10:16:06.777886,147
Y_STR04526,Y_U0033,Y0038,2026-02-14 09:44:52.248137,164
Y_STR04527,Y_U0034,Y0048,2026-02-23 20:21:40.004100,142
Y_STR04528,Y_U0075,Y0010,2026-02-03 01:08:24.534063,149
Y_STR04529,Y_U0044,Y0017,2026-02-07 03:34:32.671826,18
Y_STR04530,Y_U0011,Y0041,2026-02-10 05:31:40.419222,193
Y_STR04531,Y_U0057,Y0047,2026-02-23 11:26:35.451950,67
Y_STR04532,Y_U0094,Y0050,2026-02-17 02:32:24.758937,213
Y_STR04533,Y_U0015,Y0015,2026-02-19 07:32:19.234754,154
Y_STR04534,Y_U0030,Y0015,2026-02-18 00:12:54.769467,119
Y_STR04535,Y_U0011,Y0027,2026-02-21 04:55:41.793343,227
Y_STR04536,Y_U0097,Y0042,2026-02-12 08:09:47.463438,177
Y_STR04537,Y_U0011,Y0041,2026-02-27 19:35:14.857949,150
Y_STR04538,Y_U0021,Y0025,2026-02-06 18:23:48.559724,91
Y_STR04539,Y_U0093,Y0027,2026-02-06 20:40:33.410098,43
Y_STR04540,Y_U0053,Y0041,2026-02-06 02:28:26.894555,117
Y_STR04541,Y_U0029,Y0049,2026-02-28 19:58:06.360506,40
Y_STR04542,Y_U0021,Y0045,2026-02-18 10:00:16.975565,80
Y_STR04543,Y_U0078,Y0034,2026-03-01 10:32:50.510635,141
Y_STR04544,Y_U0061,Y0046,2026-02-11 23:30:31.827226,36
Y_STR04545,Y_U0072,Y0028,2026-02-27 08:33:05.512455,58
Y_STR04546,Y_U0013,Y0043,2026-02-28 15:39:56.764485,7
Y_STR04547,Y_U0025,Y0044,2026-02-20 07:09:56.100228,11
Y_STR04548,Y_U0091,Y0044,2026-02-13 01:26:04.371565,101
Y_STR04549,Y_U0065,Y0036,2026-02-25 04:27:50.470356,120
Y_STR04550,Y_U0084,Y0005,2026-02-28 02:10:35.064403,31
Y_STR04551,Y_U0002,Y0017,2026-02-25 01:47:44.611600,54
Y_STR04552,Y_U0100,Y0025,2026-02-12 04:09:08.195533,166
Y_STR04553,Y_U0044,Y0024,2026-02-16 21:23:20.449528,256
Y_STR04554,Y_U0039,Y0032,2026-02-02 15:21:16.574975,33
Y_STR04555,Y_U0098,Y0017,2026-02-13 05:44:10.014994,24
Y_STR04556,Y_U0051,Y0041,2026-01-31 12:05:07.896462,213
Y_STR04557,Y_U0016,Y0035,2026-02-20 16:28:59.672340,36
Y_STR04558,Y_U0024,Y0027,2026-02-24 15:41:58.125777,165
Y_STR04559,Y_U0079,Y0017,2026-02-15 15:15:15.400699,86
Y_STR04560,Y_U0073,Y0048,2026-02-19 06:16:07.710793,162
Y_STR04561,Y_U0060,Y0048,2026-02-14 03:13:36.523257,255
Y_STR04562,Y_U0005,Y0032,2026-02-27 06:23:05.094082,207
Y_STR04563,Y_U0047,Y0039,2026-02-14 08:16:47.225953,225
Y_STR04564,Y_U0100,Y0020,2026-02-07 13:50:41.646275,70
Y_STR04565,Y_U0069,Y0047,2026-01-31 13:23:33.482071,13
Y_STR04566,Y_U0010,Y0024,2026-01-31 11:30:48.892288,35
Y_STR04567,Y_U0022,Y0026,2026-02-21 10:21:37.745591,41
Y_STR04568,Y_U0014,Y0043,2026-02-28 11:07:20.507375,115
Y_STR04569,Y_U0095,Y0023,2026-02-12 18:32:23.595335,194
Y_STR04570,Y_U0011,Y0041,2026-02-18 05:29:53.676097,11
Y_STR04571,Y_U0037,Y0024,2026-02-10 22:57:06.174490,286
Y_STR04572,Y_U0059,Y0025,2026-02-17 02:18:45.599391,73
Y_STR04573,Y_U0067,Y0021,2026-02-02 03:04:35.041327,115
Y_STR04574,Y_U0047,Y0044,2026-02-18 17:51:17.004558,216
Y_STR04575,Y_U0076,Y0014,2026-02-17 05:42:30.258184,70
Y_STR04576,Y_U0082,Y0048,2026-02-19 20:38:19.078779,235
Y_STR04577,Y_U0029,Y0031,2026-02-03 05:13:33.190136,137
Y_STR04578,Y_U0031,Y0039,2026-02-21 22:25:33.921224,40
Y_STR04579,Y_U0041,Y0044,2026-02-24 06:14:24.869374,27
Y_STR04580,Y_U0047,Y0033,2026-02-14 22:18:58.623821,65
Y_STR04581,Y_U0028,Y0050,2026-03-02 10:31:12.012927,203
Y_STR04582,Y_U0091,Y0040,2026-02-05 17:10:10.859110,93
Y_STR04583,Y_U0019,Y0042,2026-02-10 01:18:33.871459,184
Y_STR04584,Y_U0090,Y0025,2026-02-19 20:26:09.581250,154
Y_STR04585,Y_U0040,Y0050,2026-02-12 16:08:14.756828,145
Y_STR04586,Y_U0051,Y0042,2026-02-25 22:17:49.765501,136
Y_STR04587,Y_U0041,Y0016,2026-02-23 07:40:32.375979,167
Y_STR04588,Y_U0096,Y0043,2026-02-14 20:41:53.058821,37
Y_STR04589,Y_U0075,Y0049,2026-03-02 06:05:54.912947,37
Y_STR04590,Y_U0036,Y0045,2026-02-03 11:09:53.886524,200
Y_STR04591,Y_U0079,Y0026,2026-02-13 07:28:01.491414,10
Y_STR04592,Y_U0018,Y0037,2026-02-21 06:31:37.550158,51
Y_STR04593,Y_U0005,Y0041,2026-02-13 03:03:54.490637,119
Y_STR04594,Y_U0004,Y0040,2026-02-23 01:50:03.862948,103
Y_STR04595,Y_U0077,Y0031,2026-02-17 21:41:58.250868,149
Y_STR04596,Y_U0066,Y0049,2026-02-02 22:54:12.026339,102
Y_STR04597,Y_U0053,Y0018,2026-02-22 13:37:38.010459,66
Y_STR04598,Y_U0099,Y0038,2026-02-06 08:25:31.389205,127
Y_STR04599,Y_U0048,Y0025,2026-02-07 07:03:44.944708,106
Y_STR04600,Y_U0044,Y0027,2026-02-19 23:01:06.775849,203
Y_STR04601,Y_U0028,Y0044,2026-02-27 13:14:13.977282,140
Y_STR04602,Y_U0022,Y0043,2026-02-07 18:25:15.006706,48
Y_STR04603,Y_U0062,Y0033,2026-02-21 05:35:53.929786,44
Y_STR04604,Y_U0079,Y0040,2026-02-17 15:49:56.324073,50
Y_STR04605,Y_U0053,Y0032,2026-02-16 12:14:57.840083,63
Y_STR04606,Y_U0030,Y0017,2026-02-01 18:30:45.736194,6
Y_STR04607,Y_U0034,Y0010,2026-02-12 13:21:24.635019,9
Y_STR04608,Y_U0035,Y0048,2026-03-01 12:29:41.779502,137
Y_STR04609,Y_U0006,Y0049,2026-01-31 12:51:03.688450,89
Y_STR04610,Y_U0061,Y0021,2026-02-26 19:43:45.999881,213
Y_STR04611,Y_U0029,Y0043,2026-02-08 12:04:41.829572,6
Y_STR04612,Y_U0074,Y0029,2026-02-22 10:00:59.806695,43
Y_STR04613,Y_U0010,Y0026,2026-03-02 09:55:37.860466,156
Y_STR04614,Y_U0083,Y0029,2026-02-03 22:24:46.795012,257
Y_STR04615,Y_U0098,Y0021,2026-02-01 01:50:55.170250,85
Y_STR04616,Y_U0098,Y0022,2026-02-25 19:16:23.971585,34
Y_STR04617,Y_U0060,Y0017,2026-02-16 04:17:15.295937,71
Y_STR04618,Y_U0089,Y0035,2026-02-20 01:41:53.625853,143
Y_STR04619,Y_U0062,Y0042,2026-02-05 02:22:34.093259,15
Y_STR04620,Y_U0047,Y0047,2026-02-13 05:05:16.067457,108
Y_STR04621,Y_U0062,Y0045,2026-02-05 08:48:31.988726,120
Y_STR04622,Y_U0070,Y0014,2026-02-12 19:24:04.195920,203
Y_STR04623,Y_U0067,Y0027,2026-02-04 18:31:21.132569,139
Y_STR04624,Y_U0084,Y0050,2026-02-22 14:39:03.060936,239
Y_STR04625,Y_U0040,Y0047,2026-02-20 13:46:40.461156,294
Y_STR04626,Y_U0056,Y0029,2026-02-06 04:30:45.487630,5
Y_STR04627,Y_U0068,Y0028,2026-02-03 09:30:06.275159,156
Y_STR04628,Y_U0062,Y0046,2026-02-04 04:26:55.474510,103
Y_STR04629,Y_U0093,Y0047,2026-02-02 06:19:22.458221,94
Y_STR04630,Y_U0054,Y0031,2026-02-04 11:46:54.385823,47
Y_STR04631,Y_U0069,Y0041,2026-02-23 06:51:26.301676,103
Y_STR04632,Y_U0017,Y0040,2026-02-25 09:58:23.503880,124
Y_STR04633,Y_U0057,Y0012,2026-02-28 19:03:27.753426,80
Y_STR04634,Y_U0005,Y0050,2026-02-16 19:20:01.889417,32
Y_STR04635,Y_U0086,Y0045,2026-02-10 19:55:34.638933,45
Y_STR04636,Y_U0086,Y0023,2026-02-17 04:13:42.963149,51
Y_STR04637,Y_U0012,Y0043,2026-02-26 22:37:56.014242,9
Y_STR04638,Y_U0022,Y0022,2026-03-02 08:46:59.252646,160
Y_STR04639,Y_U0054,Y0014,2026-02-22 15:47:01.933963,224
Y_STR04640,Y_U0039,Y0017,2026-02-06 03:57:06.399435,61
Y_STR04641,Y_U0034,Y0020,2026-02-10 05:31:33.795447,42
Y_STR04642,Y_U0073,Y0040,2026-02-18 06:33:34.207418,14
Y_STR04643,Y_U0086,Y0043,2026-02-22 14:42:34.383618,156
Y_STR04644,Y_U0054,Y0050,2026-02-01 22:06:34.683132,62
Y_STR04645,Y_U0032,Y0013,2026-02-19 16:57:36.304702,124
Y_STR04646,Y_U0085,Y0039,2026-02-05 22:31:54.632332,249
Y_STR04647,Y_U0061,Y0044,2026-02-02 18:07:17.454221,48
Y_STR04648,Y_U0010,Y0046,2026-02-11 13:21:04.973771,49
Y_STR04649,Y_U0026,Y0036,2026-02-24 10:51:02.261030,244
Y_STR04650,Y_U0049,Y0027,2026-02-17 21:57:03.553876,245
Y_STR04651,Y_U0098,Y0040,2026-02-18 02:43:05.071335,47
Y_STR04652,Y_U0001,Y0024,2026-02-14 23:51:30.647621,97
Y_STR04653,Y_U0077,Y0018,2026-02-26 19:47:55.815175,48
Y_STR04654,Y_U0040,Y0049,2026-02-24 19:41:20.504779,51
Y_STR04655,Y_U0044,Y0024,2026-02-10 04:40:23.119513,94
Y_STR04656,Y_U0056,Y0050,2026-02-06 14:55:54.091939,228
Y_STR04657,Y_U0022,Y0034,2026-02-24 05:59:40.262434,19
Y_STR04658,Y_U0012,Y0006,2026-02-27 21:59:08.034203,153
Y_STR04659,Y_U0036,Y0048,2026-02-20 05:39:18.693419,69
Y_STR04660,Y_U0098,Y0044,2026-02-16 15:59:33.434869,337
Y_STR04661,Y_U0091,Y0024,2026-02-28 04:28:23.565823,260
Y_STR04662,Y_U0035,Y0048,2026-02-24 12:22:55.975252,43
Y_STR04663,Y_U0085,Y0040,2026-02-07 00:34:26.584771,129
Y_STR04664,Y_U0024,Y0050,2026-02-13 06:20:01.598719,5
Y_STR04665,Y_U0004,Y0031,2026-02-11 23:56:38.658740,59
Y_STR04666,Y_U0030,Y0047,2026-02-24 05:41:03.339431,69
Y_STR04667,Y_U0071,Y0029,2026-02-11 22:16:13.229610,105
Y_STR04668,Y_U0056,Y0050,2026-02-05 14:59:18.175037,31
Y_STR04669,Y_U0057,Y0045,2026-02-25 20:39:29.704853,166
Y_STR04670,Y_U0060,Y0021,2026-02-06 16:47:50.727132,68
Y_STR04671,Y_U0002,Y0041,2026-02-12 13:16:04.382684,146
Y_STR04672,Y_U0036,Y0037,2026-02-04 04:51:40.515992,38
Y_STR04673,Y_U0066,Y0035,2026-02-01 04:54:02.818991,62
Y_STR04674,Y_U0055,Y0030,2026-02-20 11:13:46.550184,106
Y_STR04675,Y_U0086,Y0035,2026-02-21 08:28:50.640201,137
Y_STR04676,Y_U0048,Y0031,2026-02-28 01:08:54.985911,13
Y_STR04677,Y_U0066,Y0016,2026-02-02 03:44:20.218143,139
Y_STR04678,Y_U0044,Y0044,2026-02-22 09:52:04.495841,337
Y_STR04679,Y_U0092,Y0043,2026-02-09 23:06:51.220398,76
Y_STR04680,Y_U0059,Y0050,2026-02-27 09:12:47.932303,317
Y_STR04681,Y_U0085,Y0047,2026-02-22 18:41:50.811419,31
Y_STR04682,Y_U0077,Y0047,2026-02-02 08:55:51.586565,266
Y_STR04683,Y_U0032,Y0050,2026-02-21 09:44:20.189620,10
Y_STR04684,Y_U0082,Y0028,2026-02-11 07:38:48.077985,210
Y_STR04685,Y_U0083,Y0043,2026-02-26 16:38:34.634892,73
Y_STR04686,Y_U0023,Y0019,2026-02-22 08:34:38.684662,163
Y_STR04687,Y_U0018,Y0046,2026-02-18 11:31:29.368227,8
Y_STR04688,Y_U0082,Y0047,2026-02-19 14:44:58.731838,138
Y_STR04689,Y_U0013,Y0049,2026-02-14 14:17:02.816025,44
Y_STR04690,Y_U0018,Y0034,2026-02-24 06:57:07.677898,189
Y_STR04691,Y_U0039,Y0050,2026-02-06 21:36:23.472398,21
Y_STR04692,Y_U0022,Y0030,2026-02-26 10:20:57.252034,142
Y_STR04693,Y_U0082,Y0018,2026-02-19 11:20:27.206236,89
Y_STR04694,Y_U0053,Y0031,2026-02-17 05:15:08.346777,43
Y_STR04695,Y_U0069,Y0037,2026-02-18 20:02:30.394430,145
Y_STR04696,Y_U0027,Y0045,2026-02-21 08:53:24.281686,96
Y_STR04697,Y_U0071,Y0033,2026-02-28 12:15:57.623049,111
Y_STR04698,Y_U0055,Y0033,2026-02-19 10:52:49.898273,51
Y_STR04699,Y_U0007,Y0041,2026-02-24 18:59:51.558460,159
Y_STR04700,Y_U0098,Y0048,2026-02-08 09:07:49.122836,92
Y_STR04701,Y_U0063,Y0029,2026-02-23 18:10:35.835703,340
Y_STR04702,Y_U0098,Y0024,2026-02-26 21:20:20.275948,319
Y_STR04703,Y_U0026,Y0030,2026-02-06 05:29:58.187591,12
Y_STR04704,Y_U0057,Y0029,2026-02-28 14:58:39.708270,282
Y_STR04705,Y_U0082,Y0016,2026-02-03 16:51:16.330889,274
Y_STR04706,Y_U0099,Y0019,2026-02-07 06:55:17.085986,203
Y_STR04707,Y_U0083,Y0046,2026-02-28 12:54:07.133436,191
Y_STR04708,Y_U0082,Y0036,2026-02-06 00:49:43.992549,109
Y_STR04709,Y_U0013,Y0040,2026-02-16 02:30:52.868655,96
Y_STR04710,Y_U0063,Y0039,2026-02-21 05:55:17.004445,239
Y_STR04711,Y_U0075,Y0049,2026-02-15 00:38:39.012863,33
Y_STR04712,Y_U0001,Y0022,2026-02-13 15:14:33.233209,56
Y_STR04713,Y_U0085,Y0022,2026-02-14 20:49:06.630680,105
Y_STR04714,Y_U0029,Y0038,2026-02-22 13:36:27.301977,181
Y_STR04715,Y_U0057,Y0020,2026-02-03 07:31:13.248175,87
Y_STR04716,Y_U0083,Y0005,2026-02-15 02:39:43.195437,160
Y_STR04717,Y_U0069,Y0020,2026-03-01 23:55:03.129321,133
Y_STR04718,Y_U0092,Y0013,2026-02-27 11:40:59.689472,82
Y_STR04719,Y_U0079,Y0024,2026-02-01 19:06:55.896886,5
Y_STR04720,Y_U0096,Y0045,2026-02-22 16:44:18.975834,159
Y_STR04721,Y_U0010,Y0031,2026-02-18 11:16:20.751709,35
Y_STR04722,Y_U0089,Y0022,2026-02-20 17:33:38.239109,99
Y_STR04723,Y_U0017,Y0030,2026-02-01 12:52:21.441504,135
Y_STR04724,Y_U0041,Y0048,2026-02-04 15:36:02.181168,224
Y_STR04725,Y_U0077,Y0028,2026-02-19 06:13:08.562707,194
Y_STR04726,Y_U0034,Y0027,2026-02-25 21:23:27.795077,164
Y_STR04727,Y_U0032,Y0013,2026-02-25 22:39:37.947088,120
Y_STR04728,Y_U0094,Y0032,2026-02-25 22:25:54.036054,88
Y_STR04729,Y_U0072,Y0030,2026-01-31 14:53:34.386064,79
Y_STR04730,Y_U0033,Y0038,2026-02-28 18:58:21.335827,190
Y_STR04731,Y_U0051,Y0032,2026-02-22 05:46:08.287673,200
Y_STR04732,Y_U0007,Y0045,2026-02-10 06:38:13.792044,166
Y_STR04733,Y_U0072,Y0023,2026-02-18 04:11:44.774724,152
Y_STR04734,Y_U0033,Y0046,2026-02-17 19:10:53.461653,13
Y_STR04735,Y_U0051,Y0018,2026-02-26 21:20:16.034529,179
Y_STR04736,Y_U0076,Y0034,2026-02-21 19:07:47.267627,126
Y_STR04737,Y_U0078,Y0045,2026-02-01 08:59:01.724836,69
Y_STR04738,Y_U0057,Y0033,2026-02-18 17:10:46.798206,148
Y_STR04739,Y_U0008,Y0016,2026-02-09 09:59:50.634700,50
Y_STR04740,Y_U0029,Y0048,2026-02-08 01:24:04.383607,161
Y_STR04741,Y_U0015,Y0039,2026-02-03 13:39:48.624600,324
Y_STR04742,Y_U0071,Y0041,2026-02-24 09:34:09.920466,159
Y_STR04743,Y_U0049,Y0009,2026-02-19 03:57:15.546628,52
Y_STR04744,Y_U0055,Y0013,2026-02-06 20:02:01.142186,99
Y_STR04745,Y_U0061,Y0047,2026-02-28 19:12:38.238676,145
Y_STR04746,Y_U0037,Y0042,2026-02-24 04:46:40.532361,217
Y_STR04747,Y_U0041,Y0028,2026-02-25 06:49:56.127793,16
Y_STR04748,Y_U0100,Y0037,2026-02-10 01:47:05.694834,87
Y_STR04749,Y_U0046,Y0025,2026-02-20 14:54:53.037045,18
Y_STR04750,Y_U0071,Y0028,2026-02-20 02:19:32.092927,42
Y_STR04751,Y_U0093,Y0030,2026-02-20 17:30:23.314913,80
Y_STR04752,Y_U0032,Y0040,2026-02-28 00:21:17.341722,50
Y_STR04753,Y_U0060,Y0045,2026-02-14 02:54:09.153820,9
Y_STR04754,Y_U0028,Y0025,2026-02-24 09:48:35.273533,173
Y_STR04755,Y_U0080,Y0006,2026-02-04 11:54:32.510782,107
Y_STR04756,Y_U0050,Y0019,2026-02-03 18:59:25.937800,199
Y_STR04757,Y_U0040,Y0028,2026-02-11 06:17:48.873738,157
Y_STR04758,Y_U0072,Y0042,2026-02-27 15:55:54.127441,164
Y_STR04759,Y_U0094,Y0040,2026-02-01 13:34:20.620935,57
Y_STR04760,Y_U0008,Y0009,2026-02-02 20:49:18.388818,128
Y_STR04761,Y_U0028,Y0021,2026-02-21 16:06:24.899599,79
Y_STR04762,Y_U0058,Y0020,2026-02-16 18:07:22.543892,128
Y_STR04763,Y_U0096,Y0028,2026-02-08 11:15:57.823800,110
Y_STR04764,Y_U0036,Y0011,2026-02-20 03:40:25.335876,195
Y_STR04765,Y_U0006,Y0045,2026-02-19 07:38:13.045650,135
Y_STR04766,Y_U0012,Y0028,2026-02-21 13:53:30.629752,265
Y_STR04767,Y_U0061,Y0043,2026-02-21 02:46:44.744121,89
Y_STR04768,Y_U0022,Y0050,2026-02-02 14:38:05.381928,231
Y_STR04769,Y_U0036,Y0023,2026-02-21 06:10:18.384061,86
Y_STR04770,Y_U0066,Y0037,2026-02-07 10:36:06.390579,129
Y_STR04771,Y_U0009,Y0030,2026-02-13 09:55:55.670810,89
Y_STR04772,Y_U0093,Y0031,2026-02-17 16:07:57.953089,151
Y_STR04773,Y_U0045,Y0021,2026-03-01 17:37:04.132919,255
Y_STR04774,Y_U0049,Y0045,2026-02-17 07:29:42.202352,98
Y_STR04775,Y_U0010,Y0034,2026-02-06 08:24:37.007646,121
Y_STR04776,Y_U0009,Y0026,2026-02-07 06:31:34.525579,5
Y_STR04777,Y_U0069,Y0024,2026-02-27 05:37:38.338608,40
Y_STR04778,Y_U0018,Y0024,2026-02-20 04:23:08.933047,171
Y_STR04779,Y_U0064,Y0043,2026-02-27 17:38:05.363934,83
Y_STR04780,Y_U0099,Y0034,2026-02-11 17:13:01.996234,164
Y_STR04781,Y_U0008,Y0017,2026-02-27 21:06:10.698462,106
Y_STR04782,Y_U0008,Y0035,2026-02-06 07:50:03.402202,115
Y_STR04783,Y_U0098,Y0050,2026-02-03 17:26:40.472744,17
Y_STR04784,Y_U0038,Y0029,2026-02-02 09:33:19.079446,228
Y_STR04785,Y_U0069,Y0006,2026-02-12 22:12:14.262362,235
Y_STR04786,Y_U0070,Y0037,2026-02-16 19:56:09.654232,140
Y_STR04787,Y_U0056,Y0014,2026-03-01 02:29:41.424973,148
Y_STR04788,Y_U0020,Y0049,2026-02-23 21:09:28.293593,45
Y_STR04789,Y_U0076,Y0047,2026-02-04 04:48:07.608160,121
Y_STR04790,Y_U0076,Y0036,2026-02-19 04:41:08.789478,224
Y_STR04791,Y_U0024,Y0032,2026-03-02 04:28:53.992921,140
Y_STR04792,Y_U0063,Y0011,2026-03-02 06:12:55.747901,263
Y_STR04793,Y_U0044,Y0013,2026-02-03 15:19:48.984532,83
Y_STR04794,Y_U0051,Y0049,2026-02-19 08:48:21.143256,45
Y_STR04795,Y_U0010,Y0037,2026-02-16 22:54:03.799847,119
Y_STR04796,Y_U0043,Y0026,2026-02-18 19:49:51.097880,84
Y_STR04797,Y_U0008,Y0048,2026-02-01 06:03:36.933136,269
Y_STR04798,Y_U0051,Y0029,2026-02-25 00:59:47.083834,311
Y_STR04799,Y_U0044,Y0022,2026-02-13 02:55:45.585789,16
Y_STR04800,Y_U0027,Y0044,2026-02-10 20:25:24.200573,91
Y_STR04801,Y_U0060,Y0032,2026-02-21 17:13:18.831985,278
Y_STR04802,Y_U0055,Y0035,2026-02-13 16:54:09.356680,262
Y_STR04803,Y_U0075,Y0032,2026-02-24 09:48:07.151543,185
Y_STR04804,Y_U0025,Y0021,2026-02-16 16:55:03.502705,146
Y_STR04805,Y_U0003,Y0017,2026-02-12 14:40:08.157521,76
Y_STR04806,Y_U0015,Y0049,2026-02-23 21:18:09.678969,113
Y_STR04807,Y_U0039,Y0046,2026-02-06 16:09:52.976841,28
Y_STR04808,Y_U0088,Y0011,2026-02-10 18:44:56.374028,84
Y_STR04809,Y_U0075,Y0046,2026-02-08 15:00:15.278281,172
Y_STR04810,Y_U0088,Y0050,2026-02-13 21:52:41.745998,260
Y_STR04811,Y_U0091,Y0037,2026-02-09 09:59:59.049923,131
Y_STR04812,Y_U0023,Y0042,2026-02-20 08:05:38.857390,172
Y_STR04813,Y_U0033,Y0029,2026-02-12 06:11:35.941955,46
Y_STR04814,Y_U0014,Y0036,2026-02-02 04:43:35.774071,233
Y_STR04815,Y_U0081,Y0006,2026-02-21 20:31:58.394574,80
Y_STR04816,Y_U0003,Y0016,2026-02-03 00:22:54.546270,195
Y_STR04817,Y_U0009,Y0017,2026-02-05 12:12:18.416086,119
Y_STR04818,Y_U0074,Y0035,2026-02-01 19:13:24.723698,272
Y_STR04819,Y_U0080,Y0044,2026-02-02 06:04:21.518728,92
Y_STR04820,Y_U0044,Y0036,2026-02-12 04:20:17.320678,238
Y_STR04821,Y_U0070,Y0028,2026-02-23 15:14:51.970790,9
Y_STR04822,Y_U0032,Y0029,2026-03-01 20:49:07.158752,179
Y_STR04823,Y_U0038,Y0048,2026-02-18 23:28:42.333359,59
Y_STR04824,Y_U0042,Y0038,2026-02-10 12:38:13.862573,22
Y_STR04825,Y_U0077,Y0044,2026-02-05 08:35:19.209586,40
Y_STR04826,Y_U0099,Y0017,2026-02-20 02:01:11.387392,13
Y_STR04827,Y_U0052,Y0048,2026-01-31 15:50:33.917841,20
Y_STR04828,Y_U0014,Y0019,2026-02-15 12:16:45.721847,206
Y_STR04829,Y_U0062,Y0050,2026-02-27 16:34:40.462147,28
Y_STR04830,Y_U0021,Y0033,2026-02-06 16:35:46.356138,30
Y_STR04831,Y_U0043,Y0040,2026-02-19 02:18:37.095820,98
Y_STR04832,Y_U0024,Y0026,2026-02-12 12:55:54.512921,237
Y_STR04833,Y_U0064,Y0049,2026-02-05 14:13:28.610997,42
Y_STR04834,Y_U0011,Y0029,2026-02-06 22:01:27.524425,269
Y_STR04835,Y_U0080,Y0035,2026-02-11 22:51:52.364205,173
Y_STR04836,Y_U0036,Y0033,2026-02-23 06:04:12.017924,13
Y_STR04837,Y_U0099,Y0041,2026-02-26 00:24:52.740529,15
Y_STR04838,Y_U0089,Y0036,2026-02-12 00:36:21.575516,133
Y_STR04839,Y_U0046,Y0017,2026-02-15 02:20:43.068388,25
Y_STR04840,Y_U0051,Y0041,2026-02-09 07:53:19.669466,131
Y_STR04841,Y_U0033,Y0050,2026-02-23 05:09:37.591538,271
Y_STR04842,Y_U0078,Y0043,2026-02-09 10:56:32.586883,137
Y_STR04843,Y_U0079,Y0026,2026-02-15 07:23:09.759426,8
Y_STR04844,Y_U0069,Y0022,2026-02-05 03:16:09.262309,111
Y_STR04845,Y_U0078,Y0031,2026-02-24 14:18:39.142948,98
Y_STR04846,Y_U0004,Y0034,2026-02-11 16:57:38.266538,85
Y_STR04847,Y_U0044,Y0029,2026-02-10 03:15:12.144535,74
Y_STR04848,Y_U0100,Y0010,2026-02-13 00:06:42.089230,195
Y_STR04849,Y_U0016,Y0031,2026-02-14 19:54:35.694388,148
Y_STR04850,Y_U0058,Y0021,2026-02-24 13:42:42.746357,73
Y_STR04851,Y_U0014,Y0041,2026-02-20 01:18:05.570240,143
Y_STR04852,Y_U0071,Y0041,2026-03-02 09:11:43.209171,189
Y_STR04853,Y_U0096,Y0049,2026-02-16 23:07:50.742756,115
Y_STR04854,Y_U0068,Y0042,2026-02-22 05:39:19.133623,128
Y_STR04855,Y_U0073,Y0049,2026-02-17 07:45:59.483599,109
Y_STR04856,Y_U0099,Y0031,2026-02-07 21:35:52.761506,18
Y_STR04857,Y_U0085,Y0013,2026-02-13 20:32:33.323313,32
Y_STR04858,Y_U0021,Y0015,2026-02-06 08:27:33.619872,15
Y_STR04859,Y_U0040,Y0046,2026-02-26 23:36:00.404374,29
Y_STR04860,Y_U0064,Y0042,2026-02-07 23:33:42.143115,23
Y_STR04861,Y_U0060,Y0043,2026-02-24 20:17:31.657174,129
Y_STR04862,Y_U0049,Y0039,2026-02-09 07:23:34.385577,128
Y_STR04863,Y_U0096,Y0019,2026-02-16 08:00:20.711483,134
Y_STR04864,Y_U0058,Y0043,2026-02-11 22:54:15.063497,101
Y_STR04865,Y_U0077,Y0039,2026-02-10 10:18:20.175062,121
Y_STR04866,Y_U0009,Y0026,2026-02-06 22:41:51.723961,247
Y_STR04867,Y_U0011,Y0038,2026-02-09 08:02:00.808657,21
Y_STR04868,Y_U0028,Y0014,2026-02-12 19:49:26.883399,230
Y_STR04869,Y_U0027,Y0027,2026-02-28 13:31:55.416243,150
Y_STR04870,Y_U0038,Y0026,2026-02-12 21:16:30.856472,144
Y_STR04871,Y_U0046,Y0025,2026-02-04 18:56:25.850854,152
Y_STR04872,Y_U0064,Y0024,2026-02-03 14:18:00.636596,91
Y_STR04873,Y_U0100,Y0037,2026-02-18 04:06:12.971817,89
Y_STR04874,Y_U0044,Y0039,2026-01-31 20:20:52.548007,90
Y_STR04875,Y_U0012,Y0038,2026-02-09 22:52:39.188555,128
Y_STR04876,Y_U0076,Y0012,2026-02-12 01:00:14.859633,80
Y_STR04877,Y_U0015,Y0050,2026-02-22 07:42:59.652071,216
Y_STR04878,Y_U0048,Y0031,2026-02-04 05:27:37.562592,73
Y_STR04879,Y_U0046,Y0020,2026-02-16 09:42:27.725961,136
Y_STR04880,Y_U0040,Y0033,2026-02-03 19:18:43.462729,107
Y_STR04881,Y_U0081,Y0031,2026-02-23 14:31:27.328346,41
Y_STR04882,Y_U0031,Y0028,2026-02-21 08:45:14.067474,195
Y_STR04883,Y_U0008,Y0035,2026-03-01 04:37:59.462553,247
Y_STR04884,Y_U0038,Y0010,2026-02-24 21:36:22.509693,79
Y_STR04885,Y_U0006,Y0041,2026-02-06 11:59:28.144389,6
Y_STR04886,Y_U0025,Y0040,2026-02-08 06:06:09.803253,24
Y_STR04887,Y_U0013,Y0033,2026-02-14 06:30:36.566033,79
Y_STR04888,Y_U0045,Y0033,2026-02-17 17:46:47.581803,128
Y_STR04889,Y_U0081,Y0026,2026-02-05 19:02:49.336945,45
Y_STR04890,Y_U0068,Y0026,2026-02-15 18:26:56.165287,213
Y_STR04891,Y_U0099,Y0043,2026-02-19 00:15:36.076488,108
Y_STR04892,Y_U0018,Y0027,2026-02-21 09:44:22.425580,67
Y_STR04893,Y_U0086,Y0007,2026-02-13 13:57:44.769953,65
Y_STR04894,Y_U0051,Y0040,2026-02-16 12:53:36.662319,55
Y_STR04895,Y_U0087,Y0024,2026-02-20 11:50:47.812053,222
Y_STR04896,Y_U0007,Y0046,2026-02-21 05:54:14.064636,38
Y_STR04897,Y_U0090,Y0046,2026-02-22 17:20:45.485208,32
Y_STR04898,Y_U0014,Y0049,2026-02-19 09:15:37.964577,109
Y_STR04899,Y_U0059,Y0022,2026-02-01 03:28:02.031954,158
Y_STR04900,Y_U0050,Y0011,2026-02-06 13:38:01.553167,287
Y_STR04901,Y_U0021,Y0041,2026-02-02 20:32:38.488509,116
Y_STR04902,Y_U0065,Y0036,2026-02-22 04:57:48.052078,227
Y_STR04903,Y_U0038,Y0049,2026-02-22 02:20:12.278499,27
Y_STR04904,Y_U0049,Y0045,2026-02-10 18:59:19.661032,27
Y_STR04905,Y_U0062,Y0045,2026-02-07 11:13:22.546503,117
Y_STR04906,Y_U0077,Y0048,2026-02-15 20:59:31.265725,198
Y_STR04907,Y_U0036,Y0025,2026-02-11 14:42:52.644058,69
Y_STR04908,Y_U0070,Y0035,2026-02-08 19:03:28.465450,251
Y_STR04909,Y_U0073,Y0025,2026-02-15 16:56:38.484062,162
Y_STR04910,Y_U0045,Y0033,2026-02-12 09:47:14.122667,125
Y_STR04911,Y_U0012,Y0050,2026-02-22 14:56:26.673886,60
Y_STR04912,Y_U0032,Y0045,2026-02-05 07:00:55.395520,112
Y_STR04913,Y_U0062,Y0019,2026-02-10 23:22:28.859552,216
Y_STR04914,Y_U0020,Y0019,2026-02-26 13:18:07.042832,52
Y_STR04915,Y_U0081,Y0028,2026-02-08 00:44:41.070556,99
Y_STR04916,Y_U0040,Y0026,2026-02-11 20:10:35.107314,33
Y_STR04917,Y_U0030,Y0045,2026-02-03 08:06:55.386966,8
Y_STR04918,Y_U0032,Y0046,2026-02-16 09:25:58.174583,138
Y_STR04919,Y_U0077,Y0018,2026-02-24 20:48:33.348910,63
Y_STR04920,Y_U0070,Y0041,2026-02-17 10:34:20.525952,241
Y_STR04921,Y_U0017,Y0020,2026-02-24 19:39:22.032745,87
Y_STR04922,Y_U0082,Y0026,2026-02-20 07:24:31.563092,270
Y_STR04923,Y_U0028,Y0015,2026-02-26 09:30:58.010181,41
Y_STR04924,Y_U0066,Y0045,2026-02-17 11:22:44.728106,127
Y_STR04925,Y_U0008,Y0041,2026-03-01 13:47:16.644683,24
Y_STR04926,Y_U0048,Y0035,2026-02-01 17:17:49.599474,91
Y_STR04927,Y_U0080,Y0019,2026-02-14 07:37:45.032724,285
Y_STR04928,Y_U0086,Y0039,2026-02-18 03:29:51.194978,133
Y_STR04929,Y_U0058,Y0012,2026-02-15 21:09:06.317468,5
Y_STR04930,Y_U0002,Y0014,2026-02-28 15:27:01.398385,238
Y_STR04931,Y_U0084,Y0003,2026-02-13 20:40:45.370462,175
Y_STR04932,Y_U0072,Y0036,2026-02-17 12:03:52.227371,107
Y_STR04933,Y_U0058,Y0042,2026-02-15 20:32:26.387554,56
Y_STR04934,Y_U0016,Y0034,2026-02-20 08:11:27.512710,54
Y_STR04935,Y_U0022,Y0048,2026-02-04 13:30:49.588565,46
Y_STR04936,Y_U0017,Y0050,2026-02-10 07:32:04.015861,203
Y_STR04937,Y_U0086,Y0013,2026-02-28 07:10:50.577435,153
Y_STR04938,Y_U0034,Y0039,2026-02-14 12:23:38.351187,239
Y_STR04939,Y_U0041,Y0022,2026-02-25 12:37:39.734554,135
Y_STR04940,Y_U0064,Y0048,2026-02-13 04:56:43.307039,225
Y_STR04941,Y_U0020,Y0048,2026-02-11 16:31:16.095907,54
Y_STR04942,Y_U0021,Y0048,2026-02-03 08:48:03.467817,98
Y_STR04943,Y_U0095,Y0038,2026-02-14 12:20:48.805523,10
Y_STR04944,Y_U0030,Y0044,2026-02-02 02:20:38.706958,237
Y_STR04945,Y_U0068,Y0036,2026-02-28 07:24:31.356666,310
Y_STR04946,Y_U0074,Y0040,2026-03-01 03:54:36.326949,75
Y_STR04947,Y_U0036,Y0043,2026-02-15 11:25:19.908375,93
Y_STR04948,Y_U0060,Y0042,2026-02-16 16:41:11.028563,32
Y_STR04949,Y_U0020,Y0050,2026-02-03 10:19:31.456003,102
Y_STR04950,Y_U0029,Y0022,2026-01-31 16:16:58.821423,165
Y_STR04951,Y_U0086,Y0033,2026-02-26 14:54:45.589416,102
Y_STR04952,Y_U0090,Y0047,2026-02-13 06:04:13.976095,139
Y_STR04953,Y_U0092,Y0045,2026-02-11 14:57:08.076270,109
Y_STR04954,Y_U0025,Y0043,2026-02-14 12:31:28.084146,158
Y_STR04955,Y_U0032,Y0041,2026-02-01 12:21:02.474805,50
Y_STR04956,Y_U0045,Y0041,2026-02-08 01:22:55.928920,211
Y_STR04957,Y_U0022,Y0045,2026-02-20 13:18:28.609471,82
Y_STR04958,Y_U0010,Y0030,2026-02-12 07:17:57.576540,82
Y_STR04959,Y_U0018,Y0034,2026-02-24 00:24:34.782606,116
Y_STR04960,Y_U0086,Y0021,2026-02-18 10:21:26.087415,173
Y_STR04961,Y_U0037,Y0041,2026-02-02 02:36:21.939504,101
Y_STR04962,Y_U0046,Y0040,2026-02-26 19:03:19.042321,69
Y_STR04963,Y_U0076,Y0027,2026-02-08 22:54:12.894411,246
Y_STR04964,Y_U0063,Y0041,2026-02-18 02:04:10.302149,80
Y_STR04965,Y_U0085,Y0034,2026-02-06 19:14:38.428037,222
Y_STR04966,Y_U0029,Y0016,2026-02-27 13:11:39.216478,212
Y_STR04967,Y_U0054,Y0048,2026-02-08 00:02:02.235360,30
Y_STR04968,Y_U0060,Y0022,2026-02-07 19:38:08.129667,159
Y_STR04969,Y_U0065,Y0028,2026-02-24 22:46:45.655427,32
Y_STR04970,Y_U0009,Y0042,2026-02-11 04:39:58.203013,9
Y_STR04971,Y_U0077,Y0042,2026-02-23 15:29:19.266639,121
Y_STR04972,Y_U0001,Y0034,2026-02-06 01:33:35.624520,112
Y_STR04973,Y_U0003,Y0025,2026-02-05 11:02:47.764239,164
Y_STR04974,Y_U0055,Y0050,2026-02-26 06:48:42.638446,241
Y_STR04975,Y_U0042,Y0046,2026-02-16 06:17:05.980877,178
Y_STR04976,Y_U0067,Y0014,2026-02-24 21:50:08.619376,185
Y_STR04977,Y_U0092,Y0021,2026-02-22 19:24:16.229182,115
Y_STR04978,Y_U0048,Y0005,2026-02-23 02:12:26.100782,79
Y_STR04979,Y_U0061,Y0032,2026-02-01 10:40:47.261190,99
Y_STR04980,Y_U0026,Y0031,2026-02-15 07:27:54.539335,95
Y_STR04981,Y_U0079,Y0025,2026-02-02 21:01:17.460243,176
Y_STR04982,Y_U0076,Y0038,2026-02-08 15:24:32.728100,164
Y_STR04983,Y_U0053,Y0026,2026-02-10 06:26:18.373781,34
Y_STR04984,Y_U0070,Y0050,2026-02-12 22:52:11.845910,174
Y_STR04985,Y_U0049,Y0035,2026-02-01 05:40:00.888941,88
Y_STR04986,Y_U0095,Y0044,2026-02-28 11:15:14.599248,293
Y_STR04987,Y_U0030,Y0010,2026-02-09 11:24:49.389039,191
Y_STR04988,Y_U0055,Y0021,2026-02-14 09:15:25.790063,115
Y_STR04989,Y_U0076,Y0043,2026-02-22 22:00:50.572940,104
Y_STR04990,Y_U0091,Y0013,2026-02-13 11:08:53.127134,9
Y_STR04991,Y_U0026,Y0045,2026-02-01 21:38:32.047379,192
Y_STR04992,Y_U0074,Y0030,2026-02-07 02:54:22.542066,116
Y_STR04993,Y_U0042,Y0043,2026-02-27 20:54:33.307288,8
Y_STR04994,Y_U0028,Y0043,2026-02-27 19:27:30.296685,55
Y_STR04995,Y_U0022,Y0030,2026-02-12 20:28:16.583473,52
Y_STR04996,Y_U0062,Y0027,2026-02-22 05:22:44.091197,66
Y_STR04997,Y_U0090,Y0038,2026-02-08 04:11:39.823879,133
Y_STR04998,Y_U0004,Y0032,2026-03-01 23:49:15.616698,233
Y_STR04999,Y_U0086,Y0040,2026-02-23 17:16:49.243624,14
Y_STR05000,Y_U0009,Y0029,2026-02-17 14:57:16.724758,183
Y_STR05001,Y_U0091,Y0045,2026-02-26 16:11:57.240749,199
Y_STR05002,Y_U0089,Y0026,2026-02-01 03:30:38.209079,164
Y_STR05003,Y_U0016,Y0011,2026-02-03 12:28:18.426791,134
Y_STR05004,Y_U0097,Y0040,2026-02-06 01:31:17.415569,130
Y_STR05005,Y_U0001,Y0039,2026-02-13 03:27:53.421269,270
Y_STR05006,Y_U0067,Y0042,2026-02-10 07:47:42.019241,235
Y_STR05007,Y_U0015,Y0018,2026-02-02 21:20:33.991287,23
Y_STR05008,Y_U0095,Y0017,2026-02-01 15:51:48.836708,21
Y_STR05009,Y_U0012,Y0036,2026-02-15 05:21:08.308157,78
Y_STR05010,Y_U0009,Y0039,2026-02-28 16:31:58.330050,234
Y_STR05011,Y_U0031,Y0041,2026-02-12 22:49:01.226719,191
Y_STR05012,Y_U0028,Y0021,2026-02-08 04:00:05.682973,67
Y_STR05013,Y_U0008,Y0048,2026-02-05 21:35:18.350209,81
Y_STR05014,Y_U0065,Y0042,2026-02-03 09:08:21.359796,32
Y_STR05015,Y_U0062,Y0025,2026-02-26 22:30:20.277686,22
Y_STR05016,Y_U0093,Y0029,2026-03-02 05:39:15.688998,221
Y_STR05017,Y_U0010,Y0046,2026-02-27 09:59:54.344028,138
Y_STR05018,Y_U0006,Y0013,2026-02-03 15:08:54.878695,177
Y_STR05019,Y_U0061,Y0036,2026-01-31 12:37:24.243184,211
Y_STR05020,Y_U0029,Y0046,2026-02-11 12:58:48.021679,15
Y_STR05021,Y_U0025,Y0044,2026-02-07 11:45:52.388770,285
Y_STR05022,Y_U0044,Y0018,2026-02-18 03:51:46.942601,187
Y_STR05023,Y_U0063,Y0028,2026-02-09 15:37:13.611290,154
Y_STR05024,Y_U0082,Y0021,2026-02-16 05:24:28.456572,197
Y_STR05025,Y_U0091,Y0047,2026-02-01 11:44:33.611703,83
Y_STR05026,Y_U0006,Y0028,2026-02-28 01:12:43.839430,146
Y_STR05027,Y_U0088,Y0021,2026-02-04 04:13:04.586521,200
Y_STR05028,Y_U0018,Y0049,2026-02-15 08:13:01.186567,109
Y_STR05029,Y_U0059,Y0025,2026-02-21 02:47:48.358850,190
Y_STR05030,Y_U0009,Y0032,2026-02-14 05:33:29.280569,259
Y_STR05031,Y_U0002,Y0040,2026-02-02 13:08:48.688764,55
Y_STR05032,Y_U0055,Y0049,2026-02-11 23:17:32.620366,101
Y_STR05033,Y_U0057,Y0039,2026-03-01 02:39:48.350641,304
Y_STR05034,Y_U0053,Y0028,2026-02-13 13:24:37.259358,85
Y_STR05035,Y_U0090,Y0045,2026-02-08 16:39:42.755967,135
Y_STR05036,Y_U0017,Y0003,2026-02-28 07:14:23.208744,106
Y_STR05037,Y_U0080,Y0021,2026-02-26 20:40:55.795106,40
Y_STR05038,Y_U0006,Y0019,2026-02-11 10:18:12.952397,142
Y_STR05039,Y_U0004,Y0032,2026-02-02 17:49:10.006019,93
Y_STR05040,Y_U0036,Y0041,2026-02-22 12:42:49.651881,51
Y_STR05041,Y_U0084,Y0005,2026-02-03 12:24:55.534157,186
Y_STR05042,Y_U0005,Y0050,2026-02-17 20:13:23.715937,128
Y_STR05043,Y_U0027,Y0036,2026-02-13 06:03:47.752358,285
Y_STR05044,Y_U0008,Y0049,2026-02-28 17:06:22.432334,111
Y_STR05045,Y_U0098,Y0011,2026-02-21 23:43:20.854837,114
Y_STR05046,Y_U0031,Y0041,2026-02-21 05:27:13.534596,169
Y_STR05047,Y_U0082,Y0035,2026-02-05 16:36:20.415905,101
Y_STR05048,Y_U0030,Y0048,2026-02-04 19:06:34.563845,251
Y_STR05049,Y_U0008,Y0046,2026-02-19 23:43:55.486438,99
Y_STR05050,Y_U0076,Y0044,2026-02-09 09:43:28.484823,239
Y_STR05051,Y_U0026,Y0026,2026-02-19 23:50:16.951078,10
Y_STR05052,Y_U0080,Y0040,2026-02-23 22:35:28.300008,60
Y_STR05053,Y_U0010,Y0047,2026-02-27 18:49:53.424567,174
Y_STR05054,Y_U0092,Y0034,2026-02-01 21:33:46.399663,18
Y_STR05055,Y_U0071,Y0050,2026-02-16 00:50:30.344267,35
Y_STR05056,Y_U0097,Y0025,2026-02-16 10:12:03.254980,179
Y_STR05057,Y_U0074,Y0033,2026-02-26 05:58:37.169834,6
Y_STR05058,Y_U0013,Y0017,2026-02-05 09:22:15.402143,51
Y_STR05059,Y_U0084,Y0039,2026-02-22 12:24:45.681515,135
Y_STR05060,Y_U0094,Y0014,2026-02-05 14:37:17.382606,124
Y_STR05061,Y_U0015,Y0021,2026-02-24 11:28:47.617393,54
Y_STR05062,Y_U0013,Y0016,2026-02-23 13:53:58.751184,117
Y_STR05063,Y_U0050,Y0033,2026-02-02 16:54:08.257036,14
Y_STR05064,Y_U0049,Y0038,2026-02-27 10:04:54.122123,178
Y_STR05065,Y_U0026,Y0024,2026-02-15 07:17:33.768964,304
Y_STR05066,Y_U0072,Y0048,2026-02-11 05:17:18.309916,67
Y_STR05067,Y_U0038,Y0046,2026-02-20 03:13:47.141747,152
Y_STR05068,Y_U0060,Y0046,2026-02-11 05:43:44.064009,58
Y_STR05069,Y_U0007,Y0032,2026-02-06 10:37:09.431945,75
Y_STR05070,Y_U0090,Y0032,2026-02-24 21:11:43.269218,291
Y_STR05071,Y_U0012,Y0043,2026-02-08 14:21:15.351847,83
Y_STR05072,Y_U0100,Y0032,2026-02-17 12:11:29.187915,186
Y_STR05073,Y_U0062,Y0044,2026-02-16 04:28:08.304548,321
Y_STR05074,Y_U0025,Y0022,2026-02-06 06:26:16.692867,204
Y_STR05075,Y_U0074,Y0044,2026-02-04 17:33:55.755747,140
Y_STR05076,Y_U0049,Y0034,2026-02-24 05:08:30.037303,66
Y_STR05077,Y_U0085,Y0030,2026-02-19 01:32:18.892620,152
Y_STR05078,Y_U0001,Y0015,2026-02-20 09:27:30.896837,166
Y_STR05079,Y_U0077,Y0050,2026-02-18 06:16:02.501614,323
Y_STR05080,Y_U0061,Y0049,2026-02-19 06:54:20.094609,87
Y_STR05081,Y_U0081,Y0019,2026-02-18 15:04:57.464747,64
Y_STR05082,Y_U0046,Y0046,2026-02-09 04:47:20.698076,118
Y_STR05083,Y_U0072,Y0040,2026-02-17 03:23:51.773298,10
Y_STR05084,Y_U0061,Y0041,2026-02-22 22:20:29.159477,29
Y_STR05085,Y_U0009,Y0047,2026-02-22 01:23:50.235242,44
Y_STR05086,Y_U0031,Y0028,2026-02-13 19:58:55.261734,152
Y_STR05087,Y_U0029,Y0031,2026-02-09 20:55:52.302945,9
Y_STR05088,Y_U0014,Y0033,2026-02-21 09:44:41.415979,139
Y_STR05089,Y_U0047,Y0011,2026-02-16 03:56:08.157021,174
Y_STR05090,Y_U0038,Y0035,2026-02-20 23:05:34.192735,62
Y_STR05091,Y_U0024,Y0033,2026-02-26 20:44:34.953584,172
Y_STR05092,Y_U0062,Y0034,2026-02-12 20:48:08.134657,108
Y_STR05093,Y_U0090,Y0024,2026-03-01 14:14:57.120760,254
Y_STR05094,Y_U0006,Y0042,2026-02-05 02:39:57.448234,160
Y_STR05095,Y_U0017,Y0043,2026-02-20 15:57:47.022541,111
Y_STR05096,Y_U0096,Y0038,2026-02-27 07:35:16.843306,173
Y_STR05097,Y_U0018,Y0042,2026-02-20 01:35:04.597663,107
Y_STR05098,Y_U0041,Y0048,2026-02-06 11:18:31.657935,110
Y_STR05099,Y_U0090,Y0033,2026-02-24 18:16:37.091513,22
Y_STR05100,Y_U0046,Y0038,2026-02-08 14:58:09.677747,29
Y_STR05101,Y_U0076,Y0041,2026-02-17 01:45:48.264924,67
Y_STR05102,Y_U0048,Y0032,2026-02-13 04:18:38.483179,235
Y_STR05103,Y_U0051,Y0049,2026-02-28 15:53:31.471981,10
Y_STR05104,Y_U0007,Y0037,2026-02-23 04:43:31.817940,90
Y_STR05105,Y_U0095,Y0022,2026-02-19 17:23:29.501890,45
Y_STR05106,Y_U0073,Y0044,2026-02-06 00:42:50.405599,256
Y_STR05107,Y_U0098,Y0024,2026-02-11 07:03:35.531770,334
Y_STR05108,Y_U0061,Y0049,2026-02-08 16:01:24.322753,77
Y_STR05109,Y_U0098,Y0042,2026-02-08 15:59:28.370828,272
Y_STR05110,Y_U0011,Y0048,2026-02-06 13:13:01.101381,139
Y_STR05111,Y_U0036,Y0039,2026-02-26 15:38:54.112072,5
Y_STR05112,Y_U0035,Y0050,2026-02-02 00:55:33.423161,311
Y_STR05113,Y_U0057,Y0027,2026-02-15 02:56:16.212274,60
Y_STR05114,Y_U0016,Y0017,2026-01-31 16:59:40.401970,107
Y_STR05115,Y_U0054,Y0019,2026-02-03 05:12:09.522931,323
Y_STR05116,Y_U0009,Y0039,2026-02-05 22:37:54.970314,342
Y_STR05117,Y_U0100,Y0008,2026-02-22 10:25:57.641093,20
Y_STR05118,Y_U0052,Y0038,2026-02-24 19:15:26.892764,8
Y_STR05119,Y_U0007,Y0048,2026-02-13 04:46:30.074045,159
Y_STR05120,Y_U0074,Y0014,2026-03-01 23:11:02.989100,258
Y_STR05121,Y_U0088,Y0038,2026-02-23 02:36:26.598820,163
Y_STR05122,Y_U0093,Y0049,2026-02-27 04:42:12.664382,33
Y_STR05123,Y_U0025,Y0044,2026-02-10 14:01:44.728308,222
Y_STR05124,Y_U0075,Y0032,2026-02-27 23:01:26.643049,255
Y_STR05125,Y_U0001,Y0028,2026-02-08 00:20:07.241366,44
Y_STR05126,Y_U0009,Y0027,2026-02-06 10:57:53.885559,186
Y_STR05127,Y_U0092,Y0040,2026-02-06 05:24:50.548672,108
Y_STR05128,Y_U0067,Y0026,2026-02-11 03:52:59.757188,42
Y_STR05129,Y_U0005,Y0042,2026-02-26 16:23:54.774715,197
Y_STR05130,Y_U0045,Y0025,2026-02-01 10:18:18.762719,8
Y_STR05131,Y_U0095,Y0048,2026-02-14 14:25:25.294888,248
Y_STR05132,Y_U0052,Y0036,2026-03-01 17:41:57.776151,312
Y_STR05133,Y_U0070,Y0034,2026-02-19 07:13:29.855598,172
Y_STR05134,Y_U0001,Y0039,2026-02-24 14:00:53.061940,30
Y_STR05135,Y_U0046,Y0044,2026-02-09 08:09:42.674304,163
Y_STR05136,Y_U0037,Y0016,2026-02-21 22:28:08.170830,105
Y_STR05137,Y_U0048,Y0039,2026-02-22 12:50:30.489457,117
Y_STR05138,Y_U0021,Y0026,2026-02-08 03:37:55.687135,271
Y_STR05139,Y_U0053,Y0025,2026-02-16 06:10:49.629144,49
Y_STR05140,Y_U0074,Y0040,2026-02-27 15:12:37.126482,47
Y_STR05141,Y_U0059,Y0031,2026-03-02 07:01:59.275584,64
Y_STR05142,Y_U0094,Y0042,2026-03-01 12:32:04.523382,33
Y_STR05143,Y_U0058,Y0023,2026-02-11 19:29:27.947019,17
Y_STR05144,Y_U0099,Y0045,2026-02-25 19:46:41.430896,150
Y_STR05145,Y_U0002,Y0045,2026-02-24 01:33:00.352360,31
Y_STR05146,Y_U0039,Y0041,2026-03-01 15:06:23.905623,75
Y_STR05147,Y_U0081,Y0043,2026-02-18 19:57:37.191486,141
Y_STR05148,Y_U0010,Y0031,2026-02-17 06:14:13.818403,21
Y_STR05149,Y_U0047,Y0015,2026-02-26 18:06:58.142979,246
Y_STR05150,Y_U0082,Y0048,2026-02-21 11:49:50.124890,237
Y_STR05151,Y_U0027,Y0016,2026-02-06 12:09:34.361165,131
Y_STR05152,Y_U0069,Y0020,2026-02-01 17:39:36.946461,31
Y_STR05153,Y_U0037,Y0046,2026-02-01 15:56:42.347096,120
Y_STR05154,Y_U0068,Y0036,2026-02-18 15:06:40.497216,180
Y_STR05155,Y_U0067,Y0021,2026-02-26 08:41:21.553213,94
Y_STR05156,Y_U0054,Y0047,2026-02-11 12:15:55.543448,294
Y_STR05157,Y_U0043,Y0021,2026-02-17 05:06:24.820421,62
Y_STR05158,Y_U0049,Y0031,2026-02-25 03:57:28.452835,148
Y_STR05159,Y_U0048,Y0023,2026-02-06 17:53:37.975911,123
Y_STR05160,Y_U0022,Y0033,2026-02-08 05:17:38.474437,20
Y_STR05161,Y_U0100,Y0044,2026-02-25 14:59:46.383681,227
Y_STR05162,Y_U0036,Y0026,2026-02-06 20:35:09.902251,6
Y_STR05163,Y_U0005,Y0024,2026-03-02 02:45:54.348585,108
Y_STR05164,Y_U0023,Y0024,2026-02-09 14:43:12.261014,160
Y_STR05165,Y_U0028,Y0042,2026-02-06 01:58:33.068012,91
Y_STR05166,Y_U0057,Y0041,2026-02-14 00:51:32.257915,23
Y_STR05167,Y_U0012,Y0042,2026-02-10 02:20:41.058760,227
Y_STR05168,Y_U0087,Y0022,2026-02-26 12:54:26.475998,24
Y_STR05169,Y_U0008,Y0049,2026-02-21 22:37:50.028246,73
Y_STR05170,Y_U0063,Y0046,2026-03-02 05:40:05.053698,157
Y_STR05171,Y_U0082,Y0048,2026-02-22 16:42:47.032050,203
Y_STR05172,Y_U0012,Y0049,2026-02-19 23:31:12.061924,13
Y_STR05173,Y_U0019,Y0044,2026-02-13 00:07:51.961610,328
Y_STR05174,Y_U0036,Y0036,2026-02-16 15:37:53.805397,302
Y_STR05175,Y_U0049,Y0014,2026-02-27 22:33:40.768827,272
Y_STR05176,Y_U0083,Y0033,2026-02-25 14:03:07.065138,148
Y_STR05177,Y_U0012,Y0039,2026-02-20 13:12:06.397995,55
Y_STR05178,Y_U0070,Y0011,2026-02-04 02:29:03.975516,290
Y_STR05179,Y_U0079,Y0049,2026-02-07 16:56:25.608426,118
Y_STR05180,Y_U0027,Y0012,2026-02-25 23:15:23.859197,87
Y_STR05181,Y_U0043,Y0015,2026-02-26 11:38:44.047153,124
Y_STR05182,Y_U0095,Y0018,2026-02-09 16:57:23.459408,53
Y_STR05183,Y_U0099,Y0032,2026-02-03 17:12:12.462254,178
Y_STR05184,Y_U0042,Y0047,2026-02-23 01:03:53.386213,42
Y_STR05185,Y_U0045,Y0017,2026-02-19 00:01:47.177026,111
Y_STR05186,Y_U0070,Y0005,2026-02-27 08:51:17.925765,111
Y_STR05187,Y_U0060,Y0037,2026-02-14 11:09:22.259302,131
Y_STR05188,Y_U0039,Y0031,2026-02-17 01:35:51.056829,16
Y_STR05189,Y_U0037,Y0011,2026-02-28 18:27:06.546689,114
Y_STR05190,Y_U0031,Y0046,2026-02-08 00:30:54.725506,46
Y_STR05191,Y_U0022,Y0049,2026-02-24 20:13:26.530751,31
Y_STR05192,Y_U0007,Y0050,2026-02-18 07:56:08.950228,40
Y_STR05193,Y_U0047,Y0046,2026-02-07 16:20:11.023050,17
Y_STR05194,Y_U0064,Y0030,2026-02-18 12:03:01.055077,42
Y_STR05195,Y_U0068,Y0011,2026-02-10 07:37:54.001903,75
Y_STR05196,Y_U0014,Y0033,2026-02-17 06:37:54.770461,64
Y_STR05197,Y_U0064,Y0041,2026-02-18 15:44:57.624224,52
Y_STR05198,Y_U0087,Y0041,2026-02-24 03:09:59.186004,19
Y_STR05199,Y_U0085,Y0042,2026-02-24 14:03:52.492909,218
Y_STR05200,Y_U0024,Y0043,2026-02-10 01:37:29.338446,123
Y_STR05201,Y_U0063,Y0011,2026-02-15 11:25:07.896616,73
Y_STR05202,Y_U0038,Y0045,2026-02-12 16:41:43.810339,76
Y_STR05203,Y_U0054,Y0040,2026-02-08 14:16:13.145965,31
Y_STR05204,Y_U0055,Y0050,2026-02-14 19:38:45.083946,192
Y_STR05205,Y_U0069,Y0049,2026-02-27 20:32:20.710864,65
Y_STR05206,Y_U0020,Y0034,2026-02-02 05:37:14.647969,73
Y_STR05207,Y_U0024,Y0041,2026-02-03 09:31:03.499499,14
Y_STR05208,Y_U0021,Y0050,2026-02-03 16:02:07.089489,55
Y_STR05209,Y_U0051,Y0047,2026-02-14 00:27:45.841788,243
Y_STR05210,Y_U0069,Y0046,2026-02-06 03:59:26.523130,175
Y_STR05211,Y_U0014,Y0016,2026-02-24 22:13:18.153589,231
Y_STR05212,Y_U0065,Y0036,2026-02-06 15:58:18.319874,270
Y_STR05213,Y_U0089,Y0037,2026-03-02 05:49:33.289719,79
Y_STR05214,Y_U0034,Y0046,2026-02-23 11:36:53.286320,11
Y_STR05215,Y_U0076,Y0040,2026-02-01 06:24:34.338582,105
Y_STR05216,Y_U0065,Y0005,2026-02-09 08:53:51.639040,28
Y_STR05217,Y_U0007,Y0024,2026-02-14 23:38:28.084845,57
Y_STR05218,Y_U0039,Y0029,2026-02-23 11:41:49.658062,66
Y_STR05219,Y_U0010,Y0025,2026-02-02 17:58:14.667277,62
Y_STR05220,Y_U0013,Y0027,2026-02-19 04:10:15.929672,102
Y_STR05221,Y_U0005,Y0046,2026-02-06 17:27:17.691483,14
Y_STR05222,Y_U0087,Y0046,2026-02-26 19:30:05.039909,97
Y_STR05223,Y_U0078,Y0039,2026-03-01 13:17:12.504606,250
Y_STR05224,Y_U0053,Y0041,2026-02-05 21:19:58.676340,27
Y_STR05225,Y_U0017,Y0036,2026-03-01 21:53:19.306119,178
Y_STR05226,Y_U0031,Y0028,2026-02-02 11:22:51.933533,248
Y_STR05227,Y_U0025,Y0037,2026-02-09 15:11:17.350501,132
Y_STR05228,Y_U0049,Y0040,2026-03-01 22:59:08.371220,45
Y_STR05229,Y_U0033,Y0046,2026-02-17 23:15:04.446477,80
Y_STR05230,Y_U0031,Y0009,2026-02-25 17:33:11.318173,35
Y_STR05231,Y_U0051,Y0033,2026-02-18 22:45:47.097273,118
Y_STR05232,Y_U0063,Y0022,2026-02-20 05:37:37.482826,210
Y_STR05233,Y_U0043,Y0036,2026-02-19 00:38:02.234198,227
Y_STR05234,Y_U0047,Y0039,2026-02-14 03:03:45.746977,124
Y_STR05235,Y_U0092,Y0029,2026-02-06 17:12:24.105046,14
Y_STR05236,Y_U0087,Y0030,2026-02-14 12:07:29.933093,136
Y_STR05237,Y_U0042,Y0047,2026-02-01 07:27:20.975580,66
Y_STR05238,Y_U0043,Y0038,2026-02-07 09:33:49.059206,18
Y_STR05239,Y_U0095,Y0050,2026-02-22 03:57:53.803429,194
Y_STR05240,Y_U0099,Y0044,2026-02-03 08:48:41.172492,94
Y_STR05241,Y_U0071,Y0026,2026-02-01 19:22:22.836650,173
Y_STR05242,Y_U0081,Y0024,2026-02-28 23:53:10.865916,254
Y_STR05243,Y_U0099,Y0020,2026-02-16 10:14:21.301807,78
Y_STR05244,Y_U0085,Y0041,2026-02-04 14:06:26.139255,21
Y_STR05245,Y_U0015,Y0028,2026-02-10 15:39:09.801694,223
Y_STR05246,Y_U0098,Y0026,2026-02-22 13:21:46.163038,272
Y_STR05247,Y_U0086,Y0032,2026-02-14 22:18:54.139019,283
Y_STR05248,Y_U0095,Y0023,2026-02-07 23:19:48.075398,5
Y_STR05249,Y_U0016,Y0043,2026-02-28 17:14:30.843025,150
Y_STR05250,Y_U0032,Y0011,2026-02-21 20:57:35.127805,87
Y_STR05251,Y_U0017,Y0030,2026-02-21 07:58:42.575139,132
Y_STR05252,Y_U0063,Y0017,2026-02-07 20:59:19.682015,102
Y_STR05253,Y_U0037,Y0042,2026-01-31 21:28:49.942211,232
Y_STR05254,Y_U0067,Y0032,2026-02-13 15:50:03.689158,269
Y_STR05255,Y_U0045,Y0040,2026-02-10 11:45:26.622494,58
Y_STR05256,Y_U0081,Y0039,2026-02-23 09:49:29.570891,270
Y_STR05257,Y_U0088,Y0023,2026-02-07 08:05:49.134794,17
Y_STR05258,Y_U0091,Y0042,2026-02-23 13:42:01.399802,202
Y_STR05259,Y_U0033,Y0046,2026-02-26 23:17:48.279804,160
Y_STR05260,Y_U0010,Y0027,2026-02-23 17:33:38.499260,96
Y_STR05261,Y_U0052,Y0039,2026-02-14 21:57:37.242682,298
Y_STR05262,Y_U0075,Y0030,2026-02-20 08:26:43.598862,145
Y_STR05263,Y_U0063,Y0050,2026-02-17 22:57:04.518332,17
Y_STR05264,Y_U0088,Y0045,2026-02-04 05:12:49.522769,30
Y_STR05265,Y_U0018,Y0040,2026-02-10 07:50:57.304064,83
Y_STR05266,Y_U0029,Y0006,2026-02-23 04:47:48.200139,336
Y_STR05267,Y_U0055,Y0021,2026-02-03 12:44:05.494723,131
Y_STR05268,Y_U0087,Y0046,2026-02-24 00:19:54.413718,64
Y_STR05269,Y_U0091,Y0038,2026-02-15 21:33:38.411216,39
Y_STR05270,Y_U0095,Y0017,2026-02-18 15:32:07.203904,95
Y_STR05271,Y_U0006,Y0033,2026-02-15 00:48:06.528531,88
Y_STR05272,Y_U0023,Y0034,2026-02-26 20:00:33.435719,21
Y_STR05273,Y_U0089,Y0023,2026-02-14 08:14:28.362815,104
Y_STR05274,Y_U0042,Y0009,2026-02-05 11:57:43.980291,66
Y_STR05275,Y_U0099,Y0047,2026-03-01 09:32:54.589964,261
Y_STR05276,Y_U0067,Y0044,2026-02-17 03:46:57.218034,55
Y_STR05277,Y_U0074,Y0022,2026-02-10 09:25:47.795516,159
Y_STR05278,Y_U0093,Y0023,2026-02-11 05:53:13.892763,162
Y_STR05279,Y_U0093,Y0034,2026-03-02 09:30:16.975435,57
Y_STR05280,Y_U0063,Y0029,2026-02-02 18:52:48.912601,34
Y_STR05281,Y_U0019,Y0042,2026-02-07 15:56:01.477810,156
Y_STR05282,Y_U0074,Y0036,2026-02-06 20:14:28.234997,314
Y_STR05283,Y_U0100,Y0033,2026-02-23 05:31:21.919963,57
Y_STR05284,Y_U0096,Y0019,2026-02-19 09:26:08.370010,5
Y_STR05285,Y_U0054,Y0032,2026-02-02 00:05:07.579764,149
Y_STR05286,Y_U0073,Y0041,2026-02-27 11:10:34.266485,181
Y_STR05287,Y_U0019,Y0043,2026-02-26 15:22:28.221308,126
Y_STR05288,Y_U0068,Y0049,2026-02-17 12:06:10.946299,39
Y_STR05289,Y_U0027,Y0050,2026-02-24 11:48:07.902101,236
Y_STR05290,Y_U0073,Y0030,2026-02-27 14:15:58.970604,104
Y_STR05291,Y_U0079,Y0018,2026-02-21 11:36:47.550606,94
Y_STR05292,Y_U0017,Y0050,2026-02-07 04:33:34.232070,8
Y_STR05293,Y_U0036,Y0019,2026-02-20 18:21:14.710304,305
Y_STR05294,Y_U0020,Y0048,2026-01-31 15:01:31.099225,70
Y_STR05295,Y_U0069,Y0026,2026-02-22 17:50:29.680688,75
Y_STR05296,Y_U0056,Y0031,2026-02-16 17:57:51.657909,136
Y_STR05297,Y_U0090,Y0047,2026-02-14 06:20:55.535832,110
Y_STR05298,Y_U0018,Y0041,2026-02-13 13:12:07.252462,124
Y_STR05299,Y_U0079,Y0037,2026-02-20 16:53:35.841956,20
Y_STR05300,Y_U0019,Y0035,2026-02-09 08:48:58.102693,118
Y_STR05301,Y_U0052,Y0045,2026-02-05 09:44:01.792922,136
Y_STR05302,Y_U0097,Y0023,2026-02-25 03:39:14.801089,231
Y_STR05303,Y_U0057,Y0050,2026-03-02 09:40:58.377709,206
Y_STR05304,Y_U0013,Y0023,2026-02-19 17:39:10.793498,201
Y_STR05305,Y_U0034,Y0043,2026-02-26 16:39:23.655228,55
Y_STR05306,Y_U0053,Y0037,2026-02-02 22:40:28.629420,140
Y_STR05307,Y_U0042,Y0031,2026-02-22 15:43:02.194446,100
Y_STR05308,Y_U0012,Y0048,2026-02-11 04:07:47.805209,146
Y_STR05309,Y_U0033,Y0042,2026-02-20 16:58:12.223439,84
Y_STR05310,Y_U0086,Y0025,2026-02-23 19:28:44.791655,86
Y_STR05311,Y_U0033,Y0044,2026-02-09 13:09:53.825593,297
Y_STR05312,Y_U0086,Y0038,2026-02-05 19:46:56.942362,33
Y_STR05313,Y_U0005,Y0026,2026-02-05 13:34:37.096226,123
Y_STR05314,Y_U0059,Y0025,2026-02-23 04:21:48.363625,182
Y_STR05315,Y_U0041,Y0044,2026-02-20 13:57:49.048483,231
Y_STR05316,Y_U0063,Y0017,2026-02-02 02:27:48.205921,76
Y_STR05317,Y_U0082,Y0048,2026-02-17 23:15:27.864097,167
Y_STR05318,Y_U0028,Y0041,2026-02-04 07:38:04.451513,140
Y_STR05319,Y_U0003,Y0041,2026-02-19 01:18:55.433418,57
Y_STR05320,Y_U0026,Y0049,2026-02-04 15:40:50.776236,33
Y_STR05321,Y_U0076,Y0044,2026-02-17 14:22:23.779774,265
Y_STR05322,Y_U0047,Y0046,2026-02-12 09:18:40.257620,43
Y_STR05323,Y_U0012,Y0043,2026-02-23 06:11:02.770344,59
Y_STR05324,Y_U0098,Y0035,2026-02-13 08:04:44.785684,188
Y_STR05325,Y_U0042,Y0048,2026-02-01 18:28:29.325310,88
Y_STR05326,Y_U0030,Y0034,2026-02-18 05:30:28.790653,83
Y_STR05327,Y_U0006,Y0027,2026-02-05 07:58:04.181010,67
Y_STR05328,Y_U0023,Y0043,2026-02-11 17:07:33.576645,131
Y_STR05329,Y_U0001,Y0010,2026-02-11 14:17:44.218986,68
Y_STR05330,Y_U0039,Y0018,2026-02-10 23:11:22.532281,160
Y_STR05331,Y_U0019,Y0034,2026-02-11 04:01:09.951479,31
Y_STR05332,Y_U0056,Y0038,2026-02-11 16:27:56.490721,182
Y_STR05333,Y_U0029,Y0038,2026-02-03 12:18:16.025245,93
Y_STR05334,Y_U0070,Y0048,2026-02-19 07:46:05.164582,132
Y_STR05335,Y_U0040,Y0031,2026-02-21 04:11:43.968666,53
Y_STR05336,Y_U0089,Y0035,2026-02-16 02:42:11.434489,176
Y_STR05337,Y_U0046,Y0030,2026-02-06 23:48:06.725610,33
Y_STR05338,Y_U0044,Y0033,2026-02-28 06:56:47.671652,107
Y_STR05339,Y_U0028,Y0011,2026-02-04 15:50:48.988972,11
Y_STR05340,Y_U0009,Y0044,2026-02-08 01:48:39.714681,308
Y_STR05341,Y_U0077,Y0046,2026-02-12 17:21:10.006723,42
Y_STR05342,Y_U0059,Y0042,2026-02-11 02:02:45.703742,243
Y_STR05343,Y_U0033,Y0049,2026-02-17 07:02:56.753270,45
Y_STR05344,Y_U0067,Y0032,2026-02-12 16:16:14.073133,146
Y_STR05345,Y_U0077,Y0046,2026-02-09 07:40:52.590442,43
Y_STR05346,Y_U0043,Y0023,2026-02-12 16:03:12.030376,49
Y_STR05347,Y_U0011,Y0034,2026-02-17 22:47:22.796129,93
Y_STR05348,Y_U0090,Y0008,2026-02-08 19:57:57.931804,105
Y_STR05349,Y_U0047,Y0050,2026-02-21 22:25:32.944876,63
Y_STR05350,Y_U0004,Y0029,2026-02-28 22:52:51.866710,267
Y_STR05351,Y_U0052,Y0045,2026-02-16 23:53:23.339310,75
Y_STR05352,Y_U0063,Y0046,2026-02-28 05:17:03.193093,187
Y_STR05353,Y_U0016,Y0044,2026-02-28 00:55:19.312195,228
Y_STR05354,Y_U0023,Y0029,2026-02-12 20:01:06.169565,193
Y_STR05355,Y_U0065,Y0015,2026-02-09 10:02:21.344423,36
Y_STR05356,Y_U0034,Y0033,2026-02-04 22:04:57.284197,45
Y_STR05357,Y_U0011,Y0013,2026-02-18 19:58:03.187163,134
Y_STR05358,Y_U0076,Y0014,2026-02-10 06:02:08.894116,81
Y_STR05359,Y_U0056,Y0022,2026-02-03 17:50:17.870488,15
Y_STR05360,Y_U0089,Y0050,2026-02-15 21:54:38.338902,66
Y_STR05361,Y_U0054,Y0031,2026-02-25 10:20:13.461317,98
Y_STR05362,Y_U0003,Y0035,2026-02-06 17:43:32.359130,317
Y_STR05363,Y_U0057,Y0039,2026-02-21 13:56:59.254872,226
Y_STR05364,Y_U0047,Y0047,2026-02-23 11:28:32.073633,284
Y_STR05365,Y_U0087,Y0041,2026-02-25 05:28:33.861298,78
Y_STR05366,Y_U0066,Y0013,2026-02-20 07:45:12.513995,129
Y_STR05367,Y_U0008,Y0013,2026-02-06 12:47:09.000464,41
Y_STR05368,Y_U0082,Y0034,2026-02-24 19:45:36.164892,158
Y_STR05369,Y_U0071,Y0034,2026-02-24 16:47:47.152036,101
Y_STR05370,Y_U0014,Y0036,2026-02-04 23:38:12.784846,117
Y_STR05371,Y_U0076,Y0032,2026-02-05 20:36:39.174545,58
Y_STR05372,Y_U0030,Y0048,2026-02-14 10:55:58.501656,14
Y_STR05373,Y_U0010,Y0045,2026-02-04 00:07:10.629675,187
Y_STR05374,Y_U0001,Y0041,2026-02-11 00:22:38.306651,190
Y_STR05375,Y_U0045,Y0028,2026-02-03 20:24:40.853756,197
Y_STR05376,Y_U0024,Y0032,2026-02-07 18:51:25.495743,210
Y_STR05377,Y_U0078,Y0050,2026-02-03 10:36:19.008441,41
Y_STR05378,Y_U0011,Y0038,2026-02-10 22:52:09.156892,98
Y_STR05379,Y_U0085,Y0033,2026-02-24 21:58:51.010109,93
Y_STR05380,Y_U0067,Y0018,2026-02-02 19:46:50.726584,75
Y_STR05381,Y_U0064,Y0044,2026-02-11 08:20:42.199620,78
Y_STR05382,Y_U0034,Y0047,2026-02-16 23:54:42.071217,120
Y_STR05383,Y_U0009,Y0039,2026-03-01 07:39:00.697549,269
Y_STR05384,Y_U0030,Y0041,2026-02-19 09:29:35.882742,205
Y_STR05385,Y_U0078,Y0005,2026-02-02 20:54:43.269306,14
Y_STR05386,Y_U0011,Y0035,2026-03-01 03:47:59.323187,5
Y_STR05387,Y_U0027,Y0040,2026-02-10 19:45:58.061320,21
Y_STR05388,Y_U0063,Y0048,2026-02-24 09:53:29.832770,258
Y_STR05389,Y_U0024,Y0047,2026-02-07 02:30:48.814389,124
Y_STR05390,Y_U0099,Y0040,2026-02-21 19:05:20.211692,89
Y_STR05391,Y_U0019,Y0047,2026-02-21 17:21:17.876206,210
Y_STR05392,Y_U0025,Y0030,2026-03-02 10:34:39.149374,67
Y_STR05393,Y_U0085,Y0045,2026-02-21 05:10:50.935826,165
Y_STR05394,Y_U0007,Y0038,2026-01-31 20:45:07.454929,138
Y_STR05395,Y_U0065,Y0023,2026-02-20 13:26:36.371608,15
Y_STR05396,Y_U0019,Y0041,2026-02-20 15:00:04.974877,253
Y_STR05397,Y_U0037,Y0049,2026-02-26 01:03:33.459965,77
Y_STR05398,Y_U0099,Y0026,2026-02-06 03:45:02.663651,104
Y_STR05399,Y_U0099,Y0047,2026-02-18 00:37:51.534670,226
Y_STR05400,Y_U0094,Y0012,2026-02-15 09:22:41.530307,143
Y_STR05401,Y_U0091,Y0034,2026-02-10 01:05:35.199991,200
Y_STR05402,Y_U0026,Y0026,2026-02-11 18:52:12.328818,234
Y_STR05403,Y_U0075,Y0037,2026-02-04 19:12:54.024997,43
Y_STR05404,Y_U0062,Y0032,2026-02-05 13:22:55.707438,113
Y_STR05405,Y_U0053,Y0012,2026-02-19 17:12:59.965907,79
Y_STR05406,Y_U0078,Y0050,2026-02-08 11:47:46.117093,77
Y_STR05407,Y_U0029,Y0049,2026-03-01 04:26:07.917201,11
Y_STR05408,Y_U0022,Y0022,2026-02-20 06:18:26.485641,186
Y_STR05409,Y_U0047,Y0021,2026-02-22 17:04:15.863611,207
Y_STR05410,Y_U0025,Y0021,2026-02-22 05:47:10.814737,64
Y_STR05411,Y_U0038,Y0038,2026-02-05 01:36:42.064985,112
Y_STR05412,Y_U0013,Y0050,2026-02-02 03:57:09.949857,124
Y_STR05413,Y_U0052,Y0038,2026-02-13 03:01:00.243372,20
Y_STR05414,Y_U0064,Y0042,2026-02-07 17:45:38.470909,14
Y_STR05415,Y_U0021,Y0019,2026-02-12 23:14:38.765605,271
Y_STR05416,Y_U0018,Y0030,2026-02-26 08:35:36.068988,86
Y_STR05417,Y_U0090,Y0046,2026-01-31 16:35:10.163351,54
Y_STR05418,Y_U0055,Y0010,2026-02-19 08:01:39.395558,252
Y_STR05419,Y_U0071,Y0037,2026-02-14 14:59:10.917796,138
Y_STR05420,Y_U0006,Y0032,2026-02-10 14:49:32.328554,278
Y_STR05421,Y_U0082,Y0044,2026-02-20 15:37:05.506229,66
Y_STR05422,Y_U0022,Y0050,2026-02-24 08:31:37.411951,149
Y_STR05423,Y_U0025,Y0047,2026-02-10 12:23:14.276139,124
Y_STR05424,Y_U0054,Y0018,2026-02-26 12:20:47.021498,65
Y_STR05425,Y_U0060,Y0050,2026-02-26 21:16:02.492351,329
Y_STR05426,Y_U0008,Y0017,2026-02-28 04:55:19.076271,92
Y_STR05427,Y_U0063,Y0040,2026-02-16 05:19:52.710791,120
Y_STR05428,Y_U0047,Y0029,2026-02-20 20:02:47.933168,107
Y_STR05429,Y_U0033,Y0023,2026-02-23 18:56:34.652109,134
Y_STR05430,Y_U0003,Y0044,2026-02-01 16:47:59.767887,229
Y_STR05431,Y_U0086,Y0005,2026-02-26 13:12:46.405917,20
Y_STR05432,Y_U0010,Y0035,2026-02-23 04:25:47.933428,90
Y_STR05433,Y_U0083,Y0017,2026-02-19 04:29:56.386930,110
Y_STR05434,Y_U0021,Y0029,2026-02-11 01:04:01.545458,9
Y_STR05435,Y_U0035,Y0014,2026-02-02 06:28:45.070662,40
Y_STR05436,Y_U0059,Y0041,2026-02-20 13:59:01.244780,84
Y_STR05437,Y_U0014,Y0050,2026-02-20 06:46:44.782440,11
Y_STR05438,Y_U0086,Y0012,2026-02-11 04:28:53.297440,174
Y_STR05439,Y_U0011,Y0030,2026-02-23 00:35:24.346638,93
Y_STR05440,Y_U0070,Y0045,2026-02-21 03:50:26.417567,147
Y_STR05441,Y_U0097,Y0038,2026-02-10 07:55:02.331975,83
Y_STR05442,Y_U0018,Y0019,2026-02-02 10:51:59.273059,193
Y_STR05443,Y_U0007,Y0024,2026-02-26 03:41:38.633803,126
Y_STR05444,Y_U0072,Y0046,2026-02-01 11:50:12.865800,128
Y_STR05445,Y_U0100,Y0050,2026-02-13 19:05:58.966671,223
Y_STR05446,Y_U0052,Y0032,2026-02-18 01:36:16.808467,16
Y_STR05447,Y_U0100,Y0041,2026-02-10 12:13:03.081896,170
Y_STR05448,Y_U0009,Y0015,2026-02-03 07:15:47.650949,241
Y_STR05449,Y_U0100,Y0020,2026-02-27 00:58:11.013204,154
Y_STR05450,Y_U0014,Y0030,2026-02-17 17:05:30.498619,100
Y_STR05451,Y_U0067,Y0048,2026-02-05 00:21:33.086482,188
Y_STR05452,Y_U0027,Y0050,2026-02-07 05:02:25.976152,333
Y_STR05453,Y_U0031,Y0050,2026-02-08 17:37:20.440121,20
Y_STR05454,Y_U0045,Y0005,2026-02-11 03:17:28.566444,102
Y_STR05455,Y_U0045,Y0012,2026-02-03 09:40:43.344084,260
Y_STR05456,Y_U0017,Y0039,2026-02-08 11:54:20.952559,111
Y_STR05457,Y_U0033,Y0041,2026-02-06 13:53:01.620135,242
Y_STR05458,Y_U0006,Y0042,2026-02-24 19:49:44.516224,118
Y_STR05459,Y_U0004,Y0026,2026-02-04 13:18:49.974192,175
Y_STR05460,Y_U0031,Y0027,2026-02-14 20:11:02.040255,208
Y_STR05461,Y_U0089,Y0033,2026-02-11 11:43:44.640750,137
Y_STR05462,Y_U0085,Y0014,2026-02-27 13:40:15.163733,150
Y_STR05463,Y_U0018,Y0043,2026-02-01 22:41:09.228978,118
Y_STR05464,Y_U0068,Y0019,2026-02-19 05:49:01.213658,101
Y_STR05465,Y_U0063,Y0033,2026-02-27 04:37:41.989273,143
Y_STR05466,Y_U0024,Y0033,2026-02-01 08:39:02.310543,110
Y_STR05467,Y_U0087,Y0048,2026-02-26 20:45:52.822403,223
Y_STR05468,Y_U0047,Y0036,2026-02-21 12:24:22.356336,343
Y_STR05469,Y_U0046,Y0036,2026-02-02 10:55:32.774145,109
Y_STR05470,Y_U0045,Y0034,2026-02-18 09:41:25.594424,172
Y_STR05471,Y_U0098,Y0018,2026-02-27 13:04:16.992192,15
Y_STR05472,Y_U0069,Y0025,2026-02-24 14:10:52.792473,51
Y_STR05473,Y_U0054,Y0042,2026-01-31 11:23:20.232110,251
Y_STR05474,Y_U0061,Y0045,2026-02-02 07:05:29.590560,152
Y_STR05475,Y_U0034,Y0004,2026-02-13 19:34:30.695974,95
Y_STR05476,Y_U0018,Y0019,2026-02-10 15:20:37.353678,242
Y_STR05477,Y_U0064,Y0044,2026-02-26 19:21:35.985448,253
Y_STR05478,Y_U0047,Y0019,2026-02-12 14:25:41.215907,309
Y_STR05479,Y_U0094,Y0036,2026-02-16 01:10:43.669368,95
Y_STR05480,Y_U0012,Y0044,2026-02-23 14:10:11.952912,158
Y_STR05481,Y_U0044,Y0046,2026-02-27 10:51:27.335836,52
Y_STR05482,Y_U0002,Y0035,2026-02-06 03:11:45.383699,155
Y_STR05483,Y_U0013,Y0045,2026-02-09 14:30:54.325163,189
Y_STR05484,Y_U0048,Y0031,2026-02-01 14:18:43.070466,138
Y_STR05485,Y_U0065,Y0014,2026-02-25 14:48:32.255810,116
Y_STR05486,Y_U0038,Y0042,2026-02-03 10:21:49.924063,55
Y_STR05487,Y_U0063,Y0040,2026-02-20 06:08:37.625553,134
Y_STR05488,Y_U0069,Y0047,2026-02-20 07:14:45.542488,257
Y_STR05489,Y_U0080,Y0034,2026-02-23 15:35:25.273360,195
Y_STR05490,Y_U0034,Y0016,2026-02-06 11:46:45.599372,246
Y_STR05491,Y_U0039,Y0039,2026-02-02 10:35:09.400547,315
Y_STR05492,Y_U0078,Y0018,2026-02-18 09:12:45.874453,78
Y_STR05493,Y_U0012,Y0031,2026-02-01 12:35:26.673438,75
Y_STR05494,Y_U0099,Y0024,2026-02-24 03:36:52.499115,171
Y_STR05495,Y_U0069,Y0025,2026-02-15 08:11:37.685561,24
Y_STR05496,Y_U0020,Y0025,2026-03-02 09:50:31.387951,142
Y_STR05497,Y_U0050,Y0020,2026-02-18 12:39:41.291986,109
Y_STR05498,Y_U0019,Y0046,2026-02-12 21:51:56.145258,97
Y_STR05499,Y_U0025,Y0043,2026-02-28 06:52:29.114944,77
Y_STR05500,Y_U0080,Y0022,2026-02-26 02:48:25.142036,149
Y_STR05501,Y_U0079,Y0016,2026-02-17 01:53:09.666406,181
Y_STR05502,Y_U0043,Y0026,2026-02-06 09:53:10.485440,49
Y_STR05503,Y_U0006,Y0038,2026-02-04 01:57:10.205825,97
Y_STR05504,Y_U0026,Y0029,2026-02-21 18:32:42.365687,189
Y_STR05505,Y_U0028,Y0035,2026-02-15 13:12:59.359763,55
Y_STR05506,Y_U0081,Y0037,2026-02-16 20:47:19.017373,139
Y_STR05507,Y_U0007,Y0029,2026-02-16 14:17:34.211921,144
Y_STR05508,Y_U0080,Y0002,2026-02-08 19:34:39.177726,104
Y_STR05509,Y_U0054,Y0005,2026-02-19 05:03:59.198308,93
Y_STR05510,Y_U0065,Y0049,2026-02-16 15:18:45.221468,43
Y_STR05511,Y_U0006,Y0047,2026-02-18 08:34:59.565443,243
Y_STR05512,Y_U0036,Y0039,2026-02-25 20:22:09.901440,245
Y_STR05513,Y_U0074,Y0034,2026-02-13 17:47:02.263081,74
Y_STR05514,Y_U0026,Y0037,2026-02-12 10:48:07.977879,104
Y_STR05515,Y_U0038,Y0013,2026-02-12 09:13:47.038749,156
Y_STR05516,Y_U0070,Y0049,2026-02-26 07:12:49.242613,49
Y_STR05517,Y_U0033,Y0035,2026-02-15 13:19:14.738316,192
Y_STR05518,Y_U0099,Y0018,2026-02-02 21:54:32.044663,39
Y_STR05519,Y_U0002,Y0026,2026-02-08 01:41:50.776021,199
Y_STR05520,Y_U0028,Y0050,2026-02-01 22:47:15.338908,16
Y_STR05521,Y_U0088,Y0047,2026-02-04 21:12:49.778749,232
Y_STR05522,Y_U0048,Y0036,2026-02-17 17:46:50.016786,254
Y_STR05523,Y_U0021,Y0031,2026-02-17 23:53:41.755548,59
Y_STR05524,Y_U0072,Y0023,2026-02-12 07:15:16.893221,86
Y_STR05525,Y_U0054,Y0044,2026-02-25 08:14:32.348617,71
Y_STR05526,Y_U0032,Y0046,2026-02-18 12:24:53.666701,160
Y_STR05527,Y_U0095,Y0036,2026-02-25 15:36:42.645193,178
Y_STR05528,Y_U0030,Y0048,2026-02-24 07:29:17.780683,116
Y_STR05529,Y_U0030,Y0010,2026-02-06 23:20:06.925879,79
Y_STR05530,Y_U0017,Y0011,2026-01-31 22:09:52.319104,17
Y_STR05531,Y_U0063,Y0043,2026-02-14 09:04:02.815152,142
Y_STR05532,Y_U0065,Y0038,2026-02-17 05:18:26.400414,159
Y_STR05533,Y_U0046,Y0037,2026-02-06 16:06:42.502061,12
Y_STR05534,Y_U0093,Y0049,2026-02-19 05:48:05.457424,35
Y_STR05535,Y_U0029,Y0016,2026-02-16 14:40:01.728988,57
Y_STR05536,Y_U0046,Y0045,2026-02-15 08:31:17.275191,53
Y_STR05537,Y_U0066,Y0048,2026-03-02 01:03:39.971263,52
Y_STR05538,Y_U0084,Y0039,2026-02-04 09:36:32.406430,257
Y_STR05539,Y_U0064,Y0033,2026-02-01 20:20:32.797181,80
Y_STR05540,Y_U0073,Y0050,2026-02-05 10:25:41.350631,47
Y_STR05541,Y_U0096,Y0036,2026-02-13 21:27:22.440119,142
Y_STR05542,Y_U0100,Y0046,2026-02-23 12:43:17.541317,7
Y_STR05543,Y_U0041,Y0018,2026-02-06 19:02:00.832749,131
Y_STR05544,Y_U0078,Y0041,2026-01-31 18:07:44.043929,214
Y_STR05545,Y_U0008,Y0045,2026-02-21 19:18:23.351696,152
Y_STR05546,Y_U0076,Y0043,2026-02-18 22:52:21.455937,92
Y_STR05547,Y_U0086,Y0029,2026-02-28 22:49:02.875935,281
Y_STR05548,Y_U0038,Y0044,2026-02-18 12:51:18.398525,67
Y_STR05549,Y_U0084,Y0050,2026-02-02 02:33:07.931659,67
Y_STR05550,Y_U0054,Y0012,2026-02-26 04:53:10.218171,98
Y_STR05551,Y_U0087,Y0041,2026-02-07 21:18:02.569350,10
Y_STR05552,Y_U0024,Y0026,2026-02-16 01:12:03.488059,265
Y_STR05553,Y_U0097,Y0027,2026-02-07 20:59:59.774626,161
Y_STR05554,Y_U0054,Y0027,2026-02-16 23:37:17.280228,104
Y_STR05555,Y_U0044,Y0029,2026-02-20 11:57:39.233341,216
Y_STR05556,Y_U0006,Y0041,2026-02-04 13:42:25.893373,164
Y_STR05557,Y_U0069,Y0021,2026-02-06 15:25:53.585766,253
Y_STR05558,Y_U0052,Y0007,2026-02-24 17:01:11.923931,175
Y_STR05559,Y_U0036,Y0047,2026-02-07 01:46:57.721916,287
Y_STR05560,Y_U0033,Y0044,2026-02-18 08:19:21.370739,234
Y_STR05561,Y_U0078,Y0044,2026-03-01 17:38:04.647308,126
Y_STR05562,Y_U0044,Y0045,2026-02-17 22:30:07.103405,69
Y_STR05563,Y_U0075,Y0037,2026-02-28 21:45:28.795348,108
Y_STR05564,Y_U0054,Y0037,2026-02-04 20:08:08.256031,39
Y_STR05565,Y_U0033,Y0037,2026-03-01 14:13:58.942008,22
Y_STR05566,Y_U0035,Y0048,2026-02-26 03:11:33.767142,170
Y_STR05567,Y_U0052,Y0032,2026-02-14 23:13:43.865035,16
Y_STR05568,Y_U0089,Y0041,2026-02-24 11:29:32.281017,212
Y_STR05569,Y_U0076,Y0050,2026-02-06 14:28:39.109112,316
Y_STR05570,Y_U0083,Y0039,2026-02-08 03:44:27.538660,33
Y_STR05571,Y_U0061,Y0033,2026-02-22 07:17:39.727969,168
Y_STR05572,Y_U0080,Y0022,2026-02-11 19:39:51.366792,69
Y_STR05573,Y_U0031,Y0028,2026-03-02 10:30:35.703725,163
Y_STR05574,Y_U0086,Y0024,2026-02-27 16:44:30.433051,188
Y_STR05575,Y_U0100,Y0041,2026-02-08 20:51:00.696340,229
Y_STR05576,Y_U0061,Y0043,2026-02-20 18:46:02.118353,120
Y_STR05577,Y_U0013,Y0040,2026-02-11 05:04:31.208630,53
Y_STR05578,Y_U0058,Y0046,2026-02-22 01:53:24.320671,50
Y_STR05579,Y_U0093,Y0049,2026-02-16 18:04:09.405964,74
Y_STR05580,Y_U0070,Y0033,2026-02-04 13:59:57.341644,90
Y_STR05581,Y_U0057,Y0048,2026-02-24 08:45:37.353257,205
Y_STR05582,Y_U0063,Y0013,2026-02-26 10:37:46.396022,36
Y_STR05583,Y_U0013,Y0033,2026-02-09 07:28:24.494018,104
Y_STR05584,Y_U0040,Y0043,2026-02-02 22:15:20.166739,53
Y_STR05585,Y_U0053,Y0039,2026-02-03 00:54:03.729043,278
Y_STR05586,Y_U0076,Y0019,2026-02-03 13:10:42.806080,336
Y_STR05587,Y_U0010,Y0008,2026-02-25 09:47:06.435709,248
Y_STR05588,Y_U0056,Y0049,2026-02-20 04:44:18.772481,24
Y_STR05589,Y_U0078,Y0013,2026-02-04 03:11:17.368644,61
Y_STR05590,Y_U0018,Y0026,2026-02-16 08:09:26.766940,274
Y_STR05591,Y_U0098,Y0023,2026-02-22 21:33:24.575872,218
Y_STR05592,Y_U0034,Y0045,2026-02-03 00:56:58.362304,17
Y_STR05593,Y_U0094,Y0036,2026-01-31 20:19:29.465472,331
Y_STR05594,Y_U0077,Y0033,2026-02-25 15:38:19.216343,30
Y_STR05595,Y_U0047,Y0025,2026-02-20 07:15:35.530689,51
Y_STR05596,Y_U0078,Y0030,2026-02-14 13:32:14.501966,57
Y_STR05597,Y_U0060,Y0043,2026-02-20 18:50:32.324242,42
Y_STR05598,Y_U0068,Y0026,2026-02-18 05:55:54.961538,144
Y_STR05599,Y_U0083,Y0029,2026-02-04 19:37:23.082360,128
Y_STR05600,Y_U0084,Y0040,2026-02-16 16:25:19.088828,119
Y_STR05601,Y_U0095,Y0047,2026-02-13 05:42:39.536164,57
Y_STR05602,Y_U0096,Y0035,2026-02-17 19:22:09.398634,250
Y_STR05603,Y_U0083,Y0021,2026-02-01 07:30:29.936047,81
Y_STR05604,Y_U0057,Y0016,2026-02-19 05:48:56.902127,57
Y_STR05605,Y_U0060,Y0022,2026-02-04 05:22:31.776553,88
Y_STR05606,Y_U0041,Y0016,2026-03-01 01:47:12.990546,144
Y_STR05607,Y_U0092,Y0041,2026-02-06 15:21:48.764336,62
Y_STR05608,Y_U0078,Y0019,2026-02-05 03:51:35.557405,256
Y_STR05609,Y_U0072,Y0031,2026-02-08 05:43:15.949330,98
Y_STR05610,Y_U0011,Y0032,2026-02-12 23:10:12.265920,243
Y_STR05611,Y_U0038,Y0029,2026-02-18 10:11:54.258014,327
Y_STR05612,Y_U0081,Y0024,2026-02-24 16:17:26.644510,49
Y_STR05613,Y_U0079,Y0045,2026-02-06 02:14:35.531182,200
Y_STR05614,Y_U0026,Y0049,2026-02-03 07:45:53.109782,5
Y_STR05615,Y_U0070,Y0033,2026-02-08 20:26:27.436309,68
Y_STR05616,Y_U0081,Y0036,2026-02-23 23:23:29.761082,281
Y_STR05617,Y_U0028,Y0050,2026-03-01 04:03:46.174133,232
Y_STR05618,Y_U0076,Y0035,2026-02-19 04:15:48.230458,39
Y_STR05619,Y_U0064,Y0019,2026-02-09 00:03:24.674534,283
Y_STR05620,Y_U0001,Y0045,2026-02-19 18:28:55.743642,127
Y_STR05621,Y_U0036,Y0029,2026-02-15 10:30:56.440283,148
Y_STR05622,Y_U0013,Y0038,2026-02-14 21:21:17.354298,175
Y_STR05623,Y_U0078,Y0050,2026-02-12 09:32:27.956338,30
Y_STR05624,Y_U0025,Y0041,2026-02-25 07:21:01.630516,31
Y_STR05625,Y_U0012,Y0046,2026-02-16 20:56:30.949921,154
Y_STR05626,Y_U0034,Y0044,2026-02-12 17:34:13.137089,34
Y_STR05627,Y_U0038,Y0045,2026-02-08 15:51:17.566151,91
Y_STR05628,Y_U0059,Y0017,2026-02-28 11:46:33.474792,62
Y_STR05629,Y_U0095,Y0037,2026-03-02 10:48:39.366858,56
Y_STR05630,Y_U0062,Y0049,2026-02-26 04:04:28.143972,11
Y_STR05631,Y_U0099,Y0044,2026-02-02 11:40:10.126857,234
Y_STR05632,Y_U0013,Y0031,2026-02-07 21:51:00.088887,112
Y_STR05633,Y_U0055,Y0035,2026-02-24 20:15:55.835941,15
Y_STR05634,Y_U0053,Y0038,2026-02-18 04:53:27.167602,163
Y_STR05635,Y_U0048,Y0027,2026-02-09 18:59:38.057549,7
Y_STR05636,Y_U0078,Y0009,2026-02-14 20:07:32.247388,180
Y_STR05637,Y_U0030,Y0047,2026-02-07 15:59:10.684914,138
Y_STR05638,Y_U0051,Y0028,2026-02-27 01:50:36.322454,266
Y_STR05639,Y_U0034,Y0039,2026-02-28 20:54:47.642361,156
Y_STR05640,Y_U0002,Y0041,2026-02-06 20:13:16.030799,55
Y_STR05641,Y_U0032,Y0030,2026-02-24 05:59:19.300839,28
Y_STR05642,Y_U0010,Y0041,2026-02-27 10:48:57.029022,152
Y_STR05643,Y_U0074,Y0030,2026-03-01 10:17:16.443501,48
Y_STR05644,Y_U0072,Y0042,2026-02-19 20:48:04.343230,20
Y_STR05645,Y_U0082,Y0017,2026-02-11 23:14:48.274737,66
Y_STR05646,Y_U0061,Y0037,2026-02-11 11:24:22.463595,73
Y_STR05647,Y_U0022,Y0040,2026-02-14 19:53:29.790055,48
Y_STR05648,Y_U0045,Y0029,2026-02-22 22:11:17.784848,211
Y_STR05649,Y_U0020,Y0031,2026-02-01 09:44:56.981400,20
Y_STR05650,Y_U0082,Y0041,2026-03-02 06:25:42.810100,37
Y_STR05651,Y_U0040,Y0010,2026-01-31 19:02:41.132581,38
Y_STR05652,Y_U0046,Y0037,2026-02-07 00:52:35.329840,75
Y_STR05653,Y_U0004,Y0047,2026-02-23 16:58:46.966109,218
Y_STR05654,Y_U0002,Y0044,2026-02-28 00:51:30.823651,145
Y_STR05655,Y_U0014,Y0041,2026-02-14 11:28:50.318087,250
Y_STR05656,Y_U0030,Y0009,2026-02-11 16:30:04.791733,63
Y_STR05657,Y_U0047,Y0026,2026-02-06 23:23:31.177693,258
Y_STR05658,Y_U0077,Y0037,2026-02-21 00:55:57.217541,86
Y_STR05659,Y_U0060,Y0049,2026-02-18 14:48:13.778536,107
Y_STR05660,Y_U0067,Y0041,2026-02-01 19:24:29.519966,199
Y_STR05661,Y_U0037,Y0050,2026-02-12 06:20:26.508174,246
Y_STR05662,Y_U0063,Y0045,2026-03-02 02:48:27.700358,172
Y_STR05663,Y_U0032,Y0018,2026-02-19 21:40:35.439899,131
Y_STR05664,Y_U0033,Y0024,2026-02-04 14:06:09.384615,158
Y_STR05665,Y_U0010,Y0047,2026-02-16 22:13:25.193969,39
Y_STR05666,Y_U0032,Y0030,2026-03-01 23:20:30.078511,139
Y_STR05667,Y_U0034,Y0038,2026-02-10 13:53:40.156272,21
Y_STR05668,Y_U0045,Y0040,2026-03-02 03:26:37.551717,117
Y_STR05669,Y_U0034,Y0025,2026-02-09 12:40:48.172050,31
Y_STR05670,Y_U0012,Y0037,2026-02-05 03:39:31.870458,20
Y_STR05671,Y_U0035,Y0047,2026-02-09 05:18:35.911952,203
Y_STR05672,Y_U0036,Y0025,2026-02-11 21:58:36.335044,41
Y_STR05673,Y_U0012,Y0027,2026-02-16 08:06:44.825425,199
Y_STR05674,Y_U0038,Y0022,2026-02-12 11:51:26.829341,165
Y_STR05675,Y_U0065,Y0039,2026-02-06 05:40:18.482571,84
Y_STR05676,Y_U0096,Y0025,2026-02-21 05:34:40.666047,201
Y_STR05677,Y_U0100,Y0027,2026-02-20 16:08:28.107887,33
Y_STR05678,Y_U0058,Y0024,2026-02-27 17:51:00.235623,196
Y_STR05679,Y_U0010,Y0044,2026-02-11 23:15:02.848169,143
Y_STR05680,Y_U0044,Y0012,2026-02-26 03:12:30.536132,170
Y_STR05681,Y_U0066,Y0044,2026-02-19 00:21:12.213005,149
Y_STR05682,Y_U0001,Y0045,2026-02-06 17:13:58.060725,128
Y_STR05683,Y_U0087,Y0042,2026-02-04 08:55:27.005605,208
Y_STR05684,Y_U0035,Y0011,2026-02-09 10:53:36.738553,46
Y_STR05685,Y_U0050,Y0045,2026-02-14 20:32:45.581666,33
Y_STR05686,Y_U0042,Y0041,2026-02-23 07:57:29.549983,24
Y_STR05687,Y_U0013,Y0047,2026-02-03 12:26:50.623892,17
Y_STR05688,Y_U0039,Y0025,2026-02-22 19:05:14.622549,90
Y_STR05689,Y_U0036,Y0035,2026-02-26 16:46:34.055057,163
Y_STR05690,Y_U0044,Y0016,2026-02-11 19:17:32.875868,207
Y_STR05691,Y_U0036,Y0035,2026-02-26 01:02:02.554574,293
Y_STR05692,Y_U0022,Y0033,2026-03-01 08:48:17.804567,26
Y_STR05693,Y_U0019,Y0047,2026-02-15 22:27:19.990043,282
Y_STR05694,Y_U0006,Y0049,2026-02-11 11:26:59.224675,91
Y_STR05695,Y_U0067,Y0025,2026-02-18 21:18:59.390781,113
Y_STR05696,Y_U0073,Y0044,2026-02-17 00:49:14.500202,321
Y_STR05697,Y_U0039,Y0047,2026-02-15 04:59:09.998921,28
Y_STR05698,Y_U0096,Y0012,2026-02-22 23:59:10.017920,274
Y_STR05699,Y_U0037,Y0033,2026-02-24 17:42:18.636969,46
Y_STR05700,Y_U0075,Y0047,2026-02-08 11:23:26.141116,79
Y_STR05701,Y_U0082,Y0042,2026-02-25 18:18:02.559671,143
Y_STR05702,Y_U0093,Y0050,2026-02-04 05:53:33.824214,206
Y_STR05703,Y_U0085,Y0041,2026-02-13 11:19:26.083816,32
Y_STR05704,Y_U0097,Y0018,2026-02-20 05:00:14.286891,76
Y_STR05705,Y_U0003,Y0044,2026-02-07 19:19:08.844783,215
Y_STR05706,Y_U0007,Y0027,2026-02-12 07:10:12.917097,36
Y_STR05707,Y_U0050,Y0028,2026-02-26 05:53:32.230522,177
Y_STR05708,Y_U0050,Y0042,2026-02-25 00:19:19.455756,136
Y_STR05709,Y_U0011,Y0034,2026-02-22 18:52:49.734560,79
Y_STR05710,Y_U0070,Y0027,2026-02-10 00:10:24.308948,78
Y_STR05711,Y_U0045,Y0034,2026-02-23 09:26:44.902907,225
Y_STR05712,Y_U0001,Y0037,2026-02-05 13:41:08.592587,58
Y_STR05713,Y_U0005,Y0040,2026-02-11 00:26:32.269715,33
Y_STR05714,Y_U0037,Y0042,2026-02-18 17:09:18.504411,266
Y_STR05715,Y_U0043,Y0026,2026-02-02 18:46:02.793583,249
Y_STR05716,Y_U0018,Y0009,2026-02-22 12:47:34.343971,165
Y_STR05717,Y_U0045,Y0044,2026-02-15 18:23:42.984005,299
Y_STR05718,Y_U0010,Y0035,2026-02-13 22:36:41.978632,224
Y_STR05719,Y_U0092,Y0027,2026-02-26 00:26:50.277452,66
Y_STR05720,Y_U0073,Y0037,2026-03-02 02:36:50.389424,52
Y_STR05721,Y_U0037,Y0038,2026-02-06 09:04:46.902560,174
Y_STR05722,Y_U0099,Y0005,2026-02-27 09:07:00.486924,182
Y_STR05723,Y_U0048,Y0038,2026-02-02 19:20:26.517650,91
Y_STR05724,Y_U0055,Y0042,2026-02-08 08:32:18.122240,187
Y_STR05725,Y_U0011,Y0049,2026-02-28 12:05:43.269229,102
Y_STR05726,Y_U0024,Y0038,2026-02-16 06:31:33.316219,146
Y_STR05727,Y_U0091,Y0050,2026-02-27 17:32:00.486291,240
Y_STR05728,Y_U0014,Y0030,2026-03-01 06:06:07.586844,10
Y_STR05729,Y_U0093,Y0033,2026-02-08 21:44:58.367159,96
Y_STR05730,Y_U0094,Y0031,2026-02-04 23:27:41.390092,118
Y_STR05731,Y_U0093,Y0046,2026-02-13 04:22:17.475419,22
Y_STR05732,Y_U0003,Y0039,2026-02-27 20:01:28.069087,5
Y_STR05733,Y_U0011,Y0025,2026-02-02 01:33:06.011431,61
Y_STR05734,Y_U0022,Y0047,2026-02-18 03:20:16.884797,35
Y_STR05735,Y_U0007,Y0023,2026-02-18 09:24:24.764922,130
Y_STR05736,Y_U0055,Y0041,2026-02-06 03:30:19.820617,189
Y_STR05737,Y_U0073,Y0048,2026-02-26 17:28:53.078001,95
Y_STR05738,Y_U0079,Y0049,2026-02-19 04:17:50.373801,6
Y_STR05739,Y_U0044,Y0015,2026-02-19 14:11:42.673152,270
Y_STR05740,Y_U0073,Y0037,2026-02-23 01:09:29.589773,89
Y_STR05741,Y_U0095,Y0047,2026-02-21 14:35:58.010448,64
Y_STR05742,Y_U0034,Y0015,2026-02-24 17:31:19.338352,193
Y_STR05743,Y_U0012,Y0019,2026-02-26 13:01:13.375948,299
Y_STR05744,Y_U0051,Y0027,2026-02-23 10:10:53.481005,182
Y_STR05745,Y_U0012,Y0043,2026-02-02 01:09:12.093752,63
Y_STR05746,Y_U0044,Y0018,2026-02-07 01:41:18.533457,151
Y_STR05747,Y_U0052,Y0037,2026-02-08 19:57:16.613243,12
Y_STR05748,Y_U0041,Y0030,2026-02-02 07:07:28.195748,29
Y_STR05749,Y_U0099,Y0020,2026-02-03 17:40:24.086639,75
Y_STR05750,Y_U0005,Y0039,2026-02-05 10:17:42.940039,93
Y_STR05751,Y_U0071,Y0017,2026-02-17 08:14:03.999235,116
Y_STR05752,Y_U0030,Y0043,2026-02-21 02:04:50.606068,105
Y_STR05753,Y_U0084,Y0030,2026-02-20 00:48:24.220176,93
Y_STR05754,Y_U0008,Y0029,2026-02-27 19:59:56.285829,341
Y_STR05755,Y_U0071,Y0047,2026-02-15 00:38:35.789000,25
Y_STR05756,Y_U0035,Y0033,2026-02-06 19:54:18.766937,121
Y_STR05757,Y_U0044,Y0029,2026-02-24 17:53:21.099359,82
Y_STR05758,Y_U0095,Y0048,2026-02-25 21:14:16.121344,239
Y_STR05759,Y_U0062,Y0039,2026-02-13 02:41:47.451413,86
Y_STR05760,Y_U0048,Y0034,2026-02-23 20:58:57.739834,23
Y_STR05761,Y_U0032,Y0044,2026-02-17 18:35:02.621644,187
Y_STR05762,Y_U0079,Y0031,2026-03-02 09:48:23.766282,121
Y_STR05763,Y_U0017,Y0043,2026-02-14 00:11:59.031814,16
Y_STR05764,Y_U0095,Y0011,2026-02-23 02:42:52.878719,228
Y_STR05765,Y_U0039,Y0048,2026-02-20 03:04:36.776834,25
Y_STR05766,Y_U0098,Y0028,2026-02-04 00:11:19.958282,14
Y_STR05767,Y_U0025,Y0029,2026-02-06 05:51:08.096654,317
Y_STR05768,Y_U0038,Y0015,2026-02-07 07:47:30.405604,155
Y_STR05769,Y_U0091,Y0040,2026-03-01 18:50:45.602642,121
Y_STR05770,Y_U0052,Y0022,2026-02-12 20:48:32.362845,228
Y_STR05771,Y_U0015,Y0032,2026-03-01 04:06:56.374049,94
Y_STR05772,Y_U0078,Y0047,2026-02-14 08:53:12.946826,279
Y_STR05773,Y_U0090,Y0044,2026-02-23 19:58:59.103421,90
Y_STR05774,Y_U0080,Y0048,2026-02-03 12:10:39.296340,270
Y_STR05775,Y_U0034,Y0050,2026-02-03 06:02:22.944218,47
Y_STR05776,Y_U0087,Y0046,2026-02-15 03:10:57.304157,6
Y_STR05777,Y_U0075,Y0030,2026-02-05 23:02:48.691161,26
Y_STR05778,Y_U0011,Y0027,2026-02-22 18:26:14.665727,87
Y_STR05779,Y_U0014,Y0050,2026-02-15 03:54:54.183902,21
Y_STR05780,Y_U0075,Y0032,2026-02-02 13:12:02.021659,75
Y_STR05781,Y_U0029,Y0018,2026-02-11 09:02:38.071202,104
Y_STR05782,Y_U0091,Y0047,2026-02-21 15:48:50.148998,211
Y_STR05783,Y_U0024,Y0010,2026-02-28 14:00:30.938306,151
Y_STR05784,Y_U0015,Y0035,2026-02-01 14:38:47.474624,238
Y_STR05785,Y_U0076,Y0037,2026-02-22 17:22:17.385828,118
Y_STR05786,Y_U0004,Y0044,2026-02-14 03:36:03.062214,181
Y_STR05787,Y_U0083,Y0024,2026-02-16 10:34:50.628295,324
Y_STR05788,Y_U0074,Y0043,2026-02-27 09:19:22.742975,62
Y_STR05789,Y_U0088,Y0031,2026-02-28 01:03:08.567783,147
Y_STR05790,Y_U0083,Y0044,2026-02-17 09:44:53.043214,203
Y_STR05791,Y_U0089,Y0048,2026-02-09 04:06:44.711253,79
Y_STR05792,Y_U0077,Y0036,2026-02-24 02:56:26.038785,102
Y_STR05793,Y_U0039,Y0024,2026-02-22 09:42:56.782792,111
Y_STR05794,Y_U0058,Y0017,2026-02-17 21:19:25.873062,65
Y_STR05795,Y_U0100,Y0033,2026-02-18 18:49:55.638870,50
Y_STR05796,Y_U0081,Y0048,2026-03-02 07:26:23.078413,72
Y_STR05797,Y_U0018,Y0048,2026-02-10 20:14:44.891954,22
Y_STR05798,Y_U0036,Y0027,2026-02-05 12:31:55.845364,17
Y_STR05799,Y_U0001,Y0022,2026-02-06 00:57:18.965800,25
Y_STR05800,Y_U0045,Y0011,2026-02-13 08:21:07.790987,95
Y_STR05801,Y_U0033,Y0048,2026-02-19 04:52:32.775337,203
Y_STR05802,Y_U0087,Y0023,2026-02-10 02:07:44.136461,137
Y_STR05803,Y_U0053,Y0027,2026-02-22 09:13:44.737959,71
Y_STR05804,Y_U0029,Y0049,2026-02-15 05:50:42.961297,6
Y_STR05805,Y_U0051,Y0039,2026-02-11 23:15:53.214751,205
Y_STR05806,Y_U0039,Y0034,2026-02-08 14:04:11.017662,122
Y_STR05807,Y_U0001,Y0033,2026-03-02 05:44:14.077516,146
Y_STR05808,Y_U0095,Y0038,2026-02-28 02:10:10.144846,123
Y_STR05809,Y_U0007,Y0032,2026-02-11 17:35:33.851756,80
Y_STR05810,Y_U0074,Y0038,2026-02-27 13:45:56.565275,58
Y_STR05811,Y_U0047,Y0023,2026-02-12 18:59:46.404287,170
Y_STR05812,Y_U0053,Y0033,2026-02-01 15:33:12.282693,51
Y_STR05813,Y_U0024,Y0044,2026-02-10 15:51:11.045795,69
Y_STR05814,Y_U0089,Y0040,2026-03-01 04:45:38.228141,60
Y_STR05815,Y_U0081,Y0038,2026-02-14 17:57:40.639744,159
Y_STR05816,Y_U0034,Y0033,2026-02-25 00:51:48.159240,165
Y_STR05817,Y_U0007,Y0019,2026-02-24 21:27:26.077136,220
Y_STR05818,Y_U0078,Y0003,2026-02-06 11:28:07.192238,127
Y_STR05819,Y_U0074,Y0050,2026-02-21 06:19:57.391156,44
Y_STR05820,Y_U0054,Y0050,2026-02-26 20:04:04.280178,106
Y_STR05821,Y_U0036,Y0029,2026-02-21 01:04:22.956775,343
Y_STR05822,Y_U0023,Y0047,2026-03-01 15:29:02.000617,278
Y_STR05823,Y_U0018,Y0050,2026-02-21 15:31:54.555468,66
Y_STR05824,Y_U0067,Y0047,2026-02-05 05:25:30.718659,97
Y_STR05825,Y_U0030,Y0026,2026-02-01 13:51:15.029445,60
Y_STR05826,Y_U0075,Y0037,2026-02-28 10:53:46.394952,48
Y_STR05827,Y_U0037,Y0012,2026-02-12 13:41:12.926608,190
Y_STR05828,Y_U0004,Y0047,2026-02-22 20:53:10.611529,195
Y_STR05829,Y_U0088,Y0040,2026-02-08 23:29:39.304606,89
Y_STR05830,Y_U0042,Y0023,2026-02-20 19:56:18.596651,175
Y_STR05831,Y_U0012,Y0028,2026-02-26 15:32:26.787313,259
Y_STR05832,Y_U0032,Y0037,2026-02-04 00:24:53.643185,99
Y_STR05833,Y_U0060,Y0029,2026-02-08 23:48:52.579906,244
Y_STR05834,Y_U0036,Y0036,2026-02-16 13:39:31.837290,132
Y_STR05835,Y_U0011,Y0036,2026-02-26 06:43:52.223714,133
Y_STR05836,Y_U0031,Y0034,2026-02-02 10:03:22.811795,155
Y_STR05837,Y_U0039,Y0024,2026-02-17 04:38:36.630359,232
Y_STR05838,Y_U0082,Y0041,2026-02-01 07:47:21.901007,40
Y_STR05839,Y_U0030,Y0014,2026-02-02 12:13:10.362115,145
Y_STR05840,Y_U0089,Y0038,2026-02-05 13:36:06.635576,111
Y_STR05841,Y_U0066,Y0025,2026-01-31 20:55:20.877074,119
Y_STR05842,Y_U0031,Y0033,2026-02-11 08:43:33.853472,166
Y_STR05843,Y_U0092,Y0025,2026-02-23 13:34:39.090016,156
Y_STR05844,Y_U0071,Y0035,2026-02-25 18:18:32.527122,33
Y_STR05845,Y_U0003,Y0018,2026-02-01 03:05:43.239843,274
Y_STR05846,Y_U0062,Y0046,2026-02-19 16:15:53.675262,156
Y_STR05847,Y_U0046,Y0032,2026-02-15 19:42:37.682202,71
Y_STR05848,Y_U0046,Y0001,2026-02-02 21:56:15.329974,116
Y_STR05849,Y_U0087,Y0031,2026-02-28 08:07:40.750319,59
Y_STR05850,Y_U0046,Y0025,2026-02-01 16:29:07.626410,205
Y_STR05851,Y_U0062,Y0050,2026-03-01 05:59:50.101372,327
Y_STR05852,Y_U0002,Y0041,2026-02-26 22:58:26.020122,24
Y_STR05853,Y_U0087,Y0046,2026-02-25 13:34:45.815449,123
Y_STR05854,Y_U0019,Y0027,2026-02-11 16:06:53.296937,70
Y_STR05855,Y_U0074,Y0025,2026-02-05 00:11:41.239780,139
Y_STR05856,Y_U0043,Y0012,2026-02-26 05:00:12.171017,135
Y_STR05857,Y_U0021,Y0044,2026-02-27 17:06:52.876796,154
Y_STR05858,Y_U0004,Y0032,2026-02-12 17:53:08.464823,171
Y_STR05859,Y_U0085,Y0048,2026-02-21 18:49:32.896928,212
Y_STR05860,Y_U0021,Y0008,2026-03-01 18:32:43.624800,224
Y_STR05861,Y_U0079,Y0041,2026-02-13 04:42:42.488770,240
Y_STR05862,Y_U0061,Y0049,2026-02-04 15:14:06.120167,26
Y_STR05863,Y_U0083,Y0048,2026-02-02 12:18:39.512003,140
Y_STR05864,Y_U0076,Y0045,2026-02-28 01:18:56.725052,57
Y_STR05865,Y_U0017,Y0045,2026-02-25 21:41:59.647237,45
Y_STR05866,Y_U0098,Y0046,2026-02-08 15:28:41.283044,81
Y_STR05867,Y_U0089,Y0046,2026-02-20 17:22:54.161232,184
Y_STR05868,Y_U0019,Y0044,2026-02-05 23:39:32.863870,36
Y_STR05869,Y_U0037,Y0044,2026-02-20 01:25:44.094628,115
Y_STR05870,Y_U0070,Y0009,2026-02-21 11:58:17.635469,207
Y_STR05871,Y_U0054,Y0015,2026-02-17 03:57:41.770399,260
Y_STR05872,Y_U0074,Y0039,2026-02-14 23:33:04.350094,65
Y_STR05873,Y_U0007,Y0040,2026-02-14 22:33:37.138505,108
Y_STR05874,Y_U0059,Y0036,2026-02-16 18:05:01.654719,172
Y_STR05875,Y_U0098,Y0043,2026-02-11 05:27:47.174832,54
Y_STR05876,Y_U0098,Y0044,2026-02-21 05:13:45.418264,15
Y_STR05877,Y_U0048,Y0050,2026-03-02 08:06:08.718537,150
Y_STR05878,Y_U0089,Y0026,2026-02-26 20:06:00.506451,5
Y_STR05879,Y_U0071,Y0042,2026-02-05 21:34:11.847265,88
Y_STR05880,Y_U0056,Y0020,2026-02-19 09:50:41.579100,92
Y_STR05881,Y_U0076,Y0049,2026-02-01 23:00:39.257025,58
Y_STR05882,Y_U0032,Y0028,2026-02-25 07:44:55.683422,283
Y_STR05883,Y_U0042,Y0020,2026-02-23 09:41:16.750365,92
Y_STR05884,Y_U0015,Y0022,2026-02-01 19:39:06.388881,66
Y_STR05885,Y_U0022,Y0037,2026-02-08 01:31:15.925871,22
Y_STR05886,Y_U0005,Y0031,2026-02-25 05:13:38.326259,66
Y_STR05887,Y_U0062,Y0036,2026-02-01 00:43:47.059438,206
Y_STR05888,Y_U0093,Y0042,2026-02-04 17:59:29.236983,141
Y_STR05889,Y_U0007,Y0050,2026-02-19 21:59:04.753062,213
Y_STR05890,Y_U0025,Y0011,2026-02-02 14:55:58.036905,77
Y_STR05891,Y_U0028,Y0045,2026-01-31 13:16:41.079411,61
Y_STR05892,Y_U0056,Y0048,2026-02-24 09:06:20.461582,103
Y_STR05893,Y_U0013,Y0050,2026-02-16 02:27:02.149888,248
Y_STR05894,Y_U0061,Y0025,2026-02-03 12:25:32.357403,55
Y_STR05895,Y_U0065,Y0022,2026-02-25 11:42:00.209139,110
Y_STR05896,Y_U0094,Y0020,2026-02-23 08:07:26.547565,77
Y_STR05897,Y_U0053,Y0027,2026-02-04 11:11:53.201692,43
Y_STR05898,Y_U0007,Y0042,2026-02-21 16:46:47.537292,247
Y_STR05899,Y_U0050,Y0006,2026-02-09 07:54:29.892206,319
Y_STR05900,Y_U0078,Y0023,2026-01-31 15:57:09.208561,111
Y_STR05901,Y_U0011,Y0025,2026-02-11 18:16:21.916090,125
Y_STR05902,Y_U0016,Y0007,2026-02-17 02:41:33.149117,296
Y_STR05903,Y_U0065,Y0035,2026-02-25 17:52:32.897505,190
Y_STR05904,Y_U0058,Y0022,2026-02-04 02:03:27.811779,116
Y_STR05905,Y_U0034,Y0044,2026-02-23 08:44:55.852898,100
Y_STR05906,Y_U0080,Y0037,2026-02-03 03:50:24.089827,135
Y_STR05907,Y_U0081,Y0045,2026-02-23 19:40:47.947044,38
Y_STR05908,Y_U0074,Y0014,2026-02-09 13:33:51.126458,75
Y_STR05909,Y_U0025,Y0022,2026-02-14 05:37:14.827867,37
Y_STR05910,Y_U0071,Y0020,2026-02-28 02:38:20.211287,114
Y_STR05911,Y_U0061,Y0009,2026-02-01 14:11:44.260845,65
Y_STR05912,Y_U0055,Y0036,2026-02-02 15:29:36.829934,306
Y_STR05913,Y_U0061,Y0046,2026-02-19 12:24:12.061718,29
Y_STR05914,Y_U0086,Y0026,2026-02-20 17:50:45.095870,224
Y_STR05915,Y_U0029,Y0044,2026-02-12 02:04:19.887884,199
Y_STR05916,Y_U0085,Y0048,2026-02-10 06:10:37.966954,67
Y_STR05917,Y_U0079,Y0045,2026-02-10 22:43:53.333400,131
Y_STR05918,Y_U0061,Y0043,2026-02-01 04:05:58.090696,72
Y_STR05919,Y_U0057,Y0039,2026-02-08 06:56:34.567998,114
Y_STR05920,Y_U0023,Y0016,2026-02-20 07:58:17.618247,48
Y_STR05921,Y_U0051,Y0047,2026-02-24 21:49:42.499361,130
Y_STR05922,Y_U0093,Y0033,2026-02-24 21:11:15.261497,152
Y_STR05923,Y_U0016,Y0045,2026-02-22 22:07:10.320216,183
Y_STR05924,Y_U0063,Y0025,2026-02-08 08:39:48.853076,95
Y_STR05925,Y_U0024,Y0028,2026-02-22 08:59:03.414410,24
Y_STR05926,Y_U0095,Y0043,2026-02-13 08:43:49.731295,144
Y_STR05927,Y_U0048,Y0048,2026-02-08 08:04:01.344234,46
Y_STR05928,Y_U0025,Y0032,2026-02-01 21:53:39.231452,298
Y_STR05929,Y_U0014,Y0050,2026-02-27 23:58:30.500801,89
Y_STR05930,Y_U0016,Y0035,2026-03-02 06:18:36.530202,49
Y_STR05931,Y_U0026,Y0018,2026-02-21 04:18:04.273064,252
Y_STR05932,Y_U0053,Y0035,2026-02-19 00:24:43.352748,230
Y_STR05933,Y_U0090,Y0042,2026-02-01 20:57:45.341195,49
Y_STR05934,Y_U0060,Y0007,2026-02-09 23:40:25.980634,162
Y_STR05935,Y_U0036,Y0035,2026-02-18 01:06:20.561890,130
Y_STR05936,Y_U0018,Y0041,2026-02-18 18:00:13.205758,103
Y_STR05937,Y_U0072,Y0021,2026-02-13 06:43:39.579518,26
Y_STR05938,Y_U0072,Y0010,2026-02-23 16:14:57.926634,14
Y_STR05939,Y_U0095,Y0043,2026-02-12 18:41:02.013248,77
Y_STR05940,Y_U0086,Y0014,2026-02-28 06:03:49.790778,25
Y_STR05941,Y_U0018,Y0042,2026-02-17 13:57:16.705810,136
Y_STR05942,Y_U0056,Y0033,2026-02-05 03:52:04.527227,106
Y_STR05943,Y_U0039,Y0048,2026-02-22 00:31:39.712362,185
Y_STR05944,Y_U0043,Y0028,2026-02-05 23:21:22.906143,163
Y_STR05945,Y_U0045,Y0048,2026-02-18 13:07:40.069064,10
Y_STR05946,Y_U0066,Y0036,2026-02-06 15:12:21.931217,96
Y_STR05947,Y_U0009,Y0047,2026-02-11 03:49:52.496951,208
Y_STR05948,Y_U0015,Y0010,2026-02-27 02:14:27.308519,50
Y_STR05949,Y_U0052,Y0044,2026-02-07 18:45:41.612220,148
Y_STR05950,Y_U0060,Y0031,2026-03-01 21:45:39.248990,64
Y_STR05951,Y_U0075,Y0043,2026-02-04 17:02:42.345313,139
Y_STR05952,Y_U0084,Y0033,2026-02-09 07:14:59.166397,120
Y_STR05953,Y_U0045,Y0038,2026-02-17 14:55:14.793950,104
Y_STR05954,Y_U0011,Y0032,2026-02-07 21:45:27.356822,285
Y_STR05955,Y_U0084,Y0013,2026-02-28 16:04:22.600348,53
Y_STR05956,Y_U0024,Y0018,2026-02-19 15:30:59.550333,12
Y_STR05957,Y_U0082,Y0034,2026-02-27 15:33:55.278142,176
Y_STR05958,Y_U0033,Y0046,2026-02-13 02:25:18.678666,71
Y_STR05959,Y_U0077,Y0027,2026-02-14 13:02:44.158798,151
Y_STR05960,Y_U0014,Y0042,2026-02-04 05:16:32.458769,160
Y_STR05961,Y_U0029,Y0029,2026-02-08 16:02:58.018372,35
Y_STR05962,Y_U0088,Y0013,2026-02-21 11:07:50.455677,164
Y_STR05963,Y_U0010,Y0042,2026-02-19 15:15:20.436663,181
Y_STR05964,Y_U0047,Y0025,2026-02-24 17:55:47.606054,58
Y_STR05965,Y_U0009,Y0026,2026-02-19 12:59:18.027459,213
Y_STR05966,Y_U0095,Y0025,2026-01-31 14:59:26.902365,157
Y_STR05967,Y_U0094,Y0049,2026-02-03 15:25:13.647830,78
Y_STR05968,Y_U0055,Y0035,2026-02-07 21:19:15.990347,50
Y_STR05969,Y_U0067,Y0038,2026-02-03 19:41:49.689284,29
Y_STR05970,Y_U0027,Y0040,2026-02-25 12:14:34.307566,137
Y_STR05971,Y_U0029,Y0045,2026-02-25 22:23:21.826146,84
Y_STR05972,Y_U0048,Y0046,2026-02-23 16:46:25.203795,41
Y_STR05973,Y_U0023,Y0040,2026-03-01 12:46:39.813540,115
Y_STR05974,Y_U0004,Y0020,2026-03-02 11:05:49.510304,150
Y_STR05975,Y_U0007,Y0048,2026-02-12 07:00:39.043508,32
Y_STR05976,Y_U0081,Y0042,2026-02-03 13:52:30.764367,192
Y_STR05977,Y_U0096,Y0034,2026-03-01 10:09:03.516702,32
Y_STR05978,Y_U0098,Y0019,2026-02-20 19:46:05.533961,32
Y_STR05979,Y_U0021,Y0021,2026-02-01 21:03:38.099286,234
Y_STR05980,Y_U0075,Y0038,2026-02-22 17:17:24.031989,119
Y_STR05981,Y_U0064,Y0027,2026-02-26 09:55:40.676700,232
Y_STR05982,Y_U0038,Y0032,2026-02-26 08:01:59.372486,175
Y_STR05983,Y_U0008,Y0020,2026-01-31 22:57:58.331053,74
Y_STR05984,Y_U0083,Y0021,2026-02-27 17:17:31.096312,138
Y_STR05985,Y_U0096,Y0038,2026-02-01 00:10:26.237270,140
Y_STR05986,Y_U0091,Y0039,2026-02-27 09:45:09.483518,134
Y_STR05987,Y_U0024,Y0003,2026-01-31 21:29:05.381342,73
Y_STR05988,Y_U0050,Y0050,2026-02-28 01:36:12.621890,215
Y_STR05989,Y_U0003,Y0027,2026-02-05 04:39:50.684363,129
Y_STR05990,Y_U0097,Y0039,2026-03-01 10:56:11.083095,283
Y_STR05991,Y_U0062,Y0039,2026-02-28 14:01:21.474958,328
Y_STR05992,Y_U0053,Y0030,2026-02-21 17:03:58.185558,50
Y_STR05993,Y_U0045,Y0044,2026-02-26 16:12:50.284461,258
Y_STR05994,Y_U0010,Y0046,2026-03-01 09:50:22.043138,14
Y_STR05995,Y_U0050,Y0050,2026-02-19 14:17:13.404134,226
Y_STR05996,Y_U0055,Y0030,2026-02-21 00:20:29.091692,41
Y_STR05997,Y_U0045,Y0048,2026-02-08 10:25:50.829795,101
Y_STR05998,Y_U0063,Y0047,2026-02-24 10:25:02.672090,231
Y_STR05999,Y_U0005,Y0049,2026-02-03 09:30:49.101089,118
Y_STR06000,Y_U0045,Y0049,2026-02-15 13:03:15.297869,86
Y_STR06001,Y_U0093,Y0043,2026-02-14 10:19:59.922103,139
Y_STR06002,Y_U0085,Y0027,2026-02-28 15:16:09.050009,138
Y_STR06003,Y_U0012,Y0037,2026-02-01 10:22:13.056606,64
Y_STR06004,Y_U0098,Y0043,2026-02-04 03:06:29.799390,34
Y_STR06005,Y_U0001,Y0024,2026-02-28 01:19:12.947015,274
Y_STR06006,Y_U0022,Y0035,2026-02-15 14:44:28.379993,46
Y_STR06007,Y_U0046,Y0048,2026-02-22 04:12:56.262968,59
Y_STR06008,Y_U0030,Y0048,2026-02-28 10:57:59.486524,149
Y_STR06009,Y_U0024,Y0046,2026-02-02 03:30:00.660494,14
Y_STR06010,Y_U0001,Y0049,2026-02-24 09:07:44.461363,23
Y_STR06011,Y_U0067,Y0046,2026-02-10 08:25:55.097659,175
Y_STR06012,Y_U0020,Y0021,2026-02-03 10:13:29.104091,159
Y_STR06013,Y_U0091,Y0032,2026-02-26 02:08:03.764913,249
Y_STR06014,Y_U0068,Y0032,2026-02-06 19:36:42.974926,245
Y_STR06015,Y_U0017,Y0038,2026-02-28 20:44:28.262969,161
Y_STR06016,Y_U0073,Y0028,2026-02-01 17:45:30.741826,51
Y_STR06017,Y_U0023,Y0042,2026-02-03 21:54:00.340244,170
Y_STR06018,Y_U0040,Y0043,2026-02-25 01:08:36.364338,46
Y_STR06019,Y_U0083,Y0020,2026-01-31 21:01:38.181250,133
Y_STR06020,Y_U0017,Y0044,2026-02-17 18:23:14.342181,125
Y_STR06021,Y_U0091,Y0041,2026-02-10 14:01:29.197870,36
Y_STR06022,Y_U0005,Y0046,2026-02-09 20:01:59.725787,122
Y_STR06023,Y_U0068,Y0043,2026-03-01 12:02:14.128081,45
Y_STR06024,Y_U0004,Y0030,2026-02-08 17:13:12.142901,9
Y_STR06025,Y_U0014,Y0046,2026-02-26 15:15:18.562631,186
Y_STR06026,Y_U0007,Y0024,2026-02-11 11:10:59.715163,266
Y_STR06027,Y_U0018,Y0046,2026-02-05 23:02:50.547771,81
Y_STR06028,Y_U0028,Y0049,2026-03-01 17:10:22.093492,23
Y_STR06029,Y_U0067,Y0034,2026-02-27 06:55:28.011064,44
Y_STR06030,Y_U0048,Y0036,2026-02-09 19:19:28.091672,181
Y_STR06031,Y_U0052,Y0045,2026-02-27 03:35:33.326033,158
Y_STR06032,Y_U0025,Y0020,2026-02-12 22:07:51.037641,7
Y_STR06033,Y_U0075,Y0045,2026-02-10 08:38:33.940566,48
Y_STR06034,Y_U0061,Y0023,2026-02-02 11:34:51.651104,27
Y_STR06035,Y_U0018,Y0046,2026-02-28 09:03:41.132961,105
Y_STR06036,Y_U0017,Y0047,2026-02-21 04:49:19.044535,230
Y_STR06037,Y_U0013,Y0034,2026-02-19 16:30:01.747746,48
Y_STR06038,Y_U0078,Y0013,2026-02-24 10:45:12.539918,47
Y_STR06039,Y_U0027,Y0047,2026-02-15 15:31:48.866315,280
Y_STR06040,Y_U0057,Y0040,2026-02-25 03:00:01.954862,126
Y_STR06041,Y_U0023,Y0037,2026-02-05 04:14:15.179929,144
Y_STR06042,Y_U0033,Y0021,2026-02-20 04:59:40.857824,203
Y_STR06043,Y_U0039,Y0012,2026-02-10 03:57:27.034124,66
Y_STR06044,Y_U0035,Y0045,2026-02-23 08:02:32.667991,78
Y_STR06045,Y_U0093,Y0044,2026-02-28 08:37:40.338542,122
Y_STR06046,Y_U0100,Y0049,2026-02-11 02:45:54.754057,36
Y_STR06047,Y_U0096,Y0012,2026-02-26 21:10:51.809608,258
Y_STR06048,Y_U0066,Y0020,2026-02-24 13:31:00.778606,36
Y_STR06049,Y_U0033,Y0041,2026-02-06 17:59:55.895481,219
Y_STR06050,Y_U0087,Y0042,2026-02-03 05:37:08.153272,206
Y_STR06051,Y_U0010,Y0029,2026-02-12 06:59:36.813970,21
Y_STR06052,Y_U0044,Y0024,2026-02-02 13:06:22.730765,17
Y_STR06053,Y_U0006,Y0020,2026-02-09 01:26:18.790720,36
Y_STR06054,Y_U0031,Y0050,2026-02-10 15:15:31.643470,52
Y_STR06055,Y_U0034,Y0039,2026-02-19 02:56:00.116422,137
Y_STR06056,Y_U0026,Y0025,2026-02-16 07:10:14.740998,85
Y_STR06057,Y_U0078,Y0037,2026-02-11 15:23:58.400954,49
Y_STR06058,Y_U0023,Y0029,2026-02-08 20:51:29.118665,86
Y_STR06059,Y_U0060,Y0005,2026-02-14 11:32:45.396573,97
Y_STR06060,Y_U0082,Y0039,2026-02-25 11:24:41.965187,346
Y_STR06061,Y_U0094,Y0023,2026-02-04 06:07:22.168520,65
Y_STR06062,Y_U0038,Y0011,2026-02-12 04:59:51.646587,249
Y_STR06063,Y_U0035,Y0016,2026-02-25 04:31:16.069071,276
Y_STR06064,Y_U0086,Y0035,2026-02-26 21:54:56.581147,66
Y_STR06065,Y_U0046,Y0013,2026-02-24 01:13:39.705908,47
Y_STR06066,Y_U0096,Y0039,2026-02-12 12:22:06.500406,102
Y_STR06067,Y_U0035,Y0040,2026-02-15 04:54:51.113733,107
Y_STR06068,Y_U0026,Y0018,2026-02-27 09:05:31.857954,230
Y_STR06069,Y_U0054,Y0031,2026-02-10 02:04:29.709748,142
Y_STR06070,Y_U0080,Y0038,2026-03-02 02:13:33.049043,170
Y_STR06071,Y_U0079,Y0031,2026-02-26 23:08:38.286671,152
Y_STR06072,Y_U0036,Y0041,2026-02-14 21:13:04.424061,253
Y_STR06073,Y_U0064,Y0049,2026-02-23 10:44:37.541621,95
Y_STR06074,Y_U0083,Y0050,2026-02-16 18:55:32.274889,5
Y_STR06075,Y_U0100,Y0041,2026-02-04 22:56:14.012803,139
Y_STR06076,Y_U0060,Y0032,2026-02-17 05:36:26.727955,246
Y_STR06077,Y_U0098,Y0042,2026-01-31 17:02:32.028447,156
Y_STR06078,Y_U0048,Y0041,2026-02-28 02:28:48.035424,124
Y_STR06079,Y_U0025,Y0016,2026-02-03 03:19:47.781705,194
Y_STR06080,Y_U0030,Y0033,2026-02-23 10:49:03.025531,156
Y_STR06081,Y_U0066,Y0046,2026-02-11 18:46:16.824412,138
Y_STR06082,Y_U0065,Y0046,2026-02-01 18:05:49.548263,137
Y_STR06083,Y_U0089,Y0045,2026-02-14 05:23:08.214611,161
Y_STR06084,Y_U0027,Y0010,2026-02-24 22:56:18.426301,270
Y_STR06085,Y_U0027,Y0011,2026-02-24 14:44:27.271592,264
Y_STR06086,Y_U0016,Y0040,2026-03-01 14:44:56.205092,23
Y_STR06087,Y_U0072,Y0014,2026-02-06 15:05:20.433218,102
Y_STR06088,Y_U0017,Y0018,2026-02-10 12:05:32.258505,130
Y_STR06089,Y_U0010,Y0044,2026-02-19 07:10:04.667488,339
Y_STR06090,Y_U0080,Y0043,2026-02-11 05:45:25.812670,144
Y_STR06091,Y_U0097,Y0050,2026-02-08 04:22:08.196861,274
Y_STR06092,Y_U0015,Y0018,2026-02-07 04:08:10.140764,201
Y_STR06093,Y_U0090,Y0050,2026-02-17 11:48:27.064012,144
Y_STR06094,Y_U0041,Y0034,2026-03-02 05:28:02.641903,60
Y_STR06095,Y_U0067,Y0037,2026-02-01 12:44:16.731138,55
Y_STR06096,Y_U0019,Y0017,2026-02-08 03:15:43.370253,64
Y_STR06097,Y_U0061,Y0043,2026-02-26 07:47:25.220634,86
Y_STR06098,Y_U0053,Y0045,2026-02-17 07:46:34.488310,133
Y_STR06099,Y_U0006,Y0045,2026-02-10 11:54:15.320004,150
Y_STR06100,Y_U0015,Y0033,2026-02-20 00:12:49.924525,107
Y_STR06101,Y_U0068,Y0048,2026-02-25 21:24:12.587994,118
Y_STR06102,Y_U0014,Y0034,2026-02-14 14:19:11.763388,66
Y_STR06103,Y_U0100,Y0022,2026-02-12 06:03:12.204512,208
Y_STR06104,Y_U0022,Y0048,2026-02-19 07:44:50.522881,127
Y_STR06105,Y_U0089,Y0030,2026-02-05 04:45:07.943910,142
Y_STR06106,Y_U0086,Y0002,2026-03-01 08:08:28.754218,157
Y_STR06107,Y_U0043,Y0049,2026-02-26 03:15:39.698880,77
Y_STR06108,Y_U0037,Y0041,2026-02-05 10:49:06.964477,82
Y_STR06109,Y_U0060,Y0040,2026-02-20 07:48:52.116253,77
Y_STR06110,Y_U0073,Y0048,2026-02-03 16:06:04.534877,51
Y_STR06111,Y_U0026,Y0046,2026-02-17 08:57:51.979385,111
Y_STR06112,Y_U0044,Y0045,2026-02-09 23:59:33.350783,103
Y_STR06113,Y_U0050,Y0032,2026-02-13 05:57:25.302355,237
Y_STR06114,Y_U0058,Y0043,2026-01-31 18:50:06.505366,20
Y_STR06115,Y_U0067,Y0022,2026-02-28 19:37:53.191580,126
Y_STR06116,Y_U0091,Y0041,2026-03-02 03:27:03.231630,102
Y_STR06117,Y_U0028,Y0010,2026-02-12 10:28:27.425043,26
Y_STR06118,Y_U0100,Y0037,2026-02-27 09:14:58.327147,142
Y_STR06119,Y_U0013,Y0047,2026-02-21 22:52:54.738190,233
Y_STR06120,Y_U0041,Y0047,2026-02-28 12:52:43.886387,28
Y_STR06121,Y_U0090,Y0050,2026-02-06 11:43:57.082855,106
Y_STR06122,Y_U0051,Y0032,2026-02-19 21:12:22.006039,212
Y_STR06123,Y_U0096,Y0046,2026-02-01 23:30:57.073468,53
Y_STR06124,Y_U0100,Y0037,2026-02-23 04:10:59.355349,112
Y_STR06125,Y_U0073,Y0042,2026-02-19 05:33:15.028086,230
Y_STR06126,Y_U0036,Y0041,2026-02-15 18:03:15.442599,110
Y_STR06127,Y_U0066,Y0050,2026-02-28 18:01:36.497319,98
Y_STR06128,Y_U0050,Y0002,2026-02-13 09:51:22.481270,26
Y_STR06129,Y_U0089,Y0033,2026-02-06 09:00:37.377377,61
Y_STR06130,Y_U0039,Y0038,2026-02-15 17:03:22.096168,167
Y_STR06131,Y_U0058,Y0026,2026-02-14 03:50:37.045209,69
Y_STR06132,Y_U0016,Y0022,2026-02-01 04:31:12.298342,228
Y_STR06133,Y_U0090,Y0040,2026-02-15 18:41:54.674742,80
Y_STR06134,Y_U0096,Y0037,2026-02-04 15:21:03.649299,11
Y_STR06135,Y_U0006,Y0035,2026-02-14 09:46:34.931308,300
Y_STR06136,Y_U0044,Y0010,2026-02-14 06:51:42.906215,265
Y_STR06137,Y_U0047,Y0036,2026-02-18 10:26:17.263864,61
Y_STR06138,Y_U0096,Y0033,2026-02-04 02:50:16.697965,89
Y_STR06139,Y_U0057,Y0020,2026-02-10 14:44:37.961368,32
Y_STR06140,Y_U0087,Y0043,2026-02-03 17:21:39.908972,32
Y_STR06141,Y_U0009,Y0046,2026-02-27 19:34:50.766193,49
Y_STR06142,Y_U0039,Y0034,2026-02-25 18:23:13.209775,68
Y_STR06143,Y_U0009,Y0012,2026-02-28 08:33:05.903222,166
Y_STR06144,Y_U0072,Y0039,2026-02-27 00:31:41.667706,146
Y_STR06145,Y_U0093,Y0025,2026-02-16 07:39:36.339527,164
Y_STR06146,Y_U0020,Y0015,2026-02-20 15:12:34.770185,160
Y_STR06147,Y_U0004,Y0015,2026-02-02 12:10:25.911077,171
Y_STR06148,Y_U0015,Y0050,2026-02-10 14:23:09.532658,193
Y_STR06149,Y_U0029,Y0033,2026-03-01 19:43:17.083931,80
Y_STR06150,Y_U0072,Y0023,2026-02-08 08:35:55.471680,97
Y_STR06151,Y_U0100,Y0047,2026-02-27 10:45:53.107424,76
Y_STR06152,Y_U0095,Y0032,2026-02-25 12:56:55.306386,271
Y_STR06153,Y_U0093,Y0024,2026-02-16 03:48:29.043386,175
Y_STR06154,Y_U0039,Y0046,2026-02-11 05:53:57.878955,95
Y_STR06155,Y_U0061,Y0026,2026-02-24 11:57:58.296522,43
Y_STR06156,Y_U0100,Y0012,2026-02-24 16:39:42.505957,229
Y_STR06157,Y_U0017,Y0034,2026-02-09 15:47:07.295515,10
Y_STR06158,Y_U0051,Y0032,2026-02-21 06:04:52.547554,112
Y_STR06159,Y_U0030,Y0049,2026-02-09 01:54:20.896315,34
Y_STR06160,Y_U0075,Y0050,2026-02-18 01:09:10.563323,51
Y_STR06161,Y_U0063,Y0035,2026-02-24 21:51:26.742541,53
Y_STR06162,Y_U0027,Y0021,2026-02-02 13:26:21.282003,65
Y_STR06163,Y_U0072,Y0026,2026-02-02 14:08:34.510159,63
Y_STR06164,Y_U0028,Y0050,2026-02-24 00:58:16.017471,168
Y_STR06165,Y_U0035,Y0007,2026-02-13 16:31:10.484268,285
Y_STR06166,Y_U0047,Y0028,2026-02-11 14:02:41.301405,89
Y_STR06167,Y_U0010,Y0035,2026-02-26 19:05:46.544176,133
Y_STR06168,Y_U0076,Y0031,2026-02-01 19:49:27.467921,48
Y_STR06169,Y_U0094,Y0025,2026-02-01 16:34:11.537815,165
Y_STR06170,Y_U0032,Y0027,2026-02-14 11:02:45.886737,64
Y_STR06171,Y_U0067,Y0029,2026-02-11 05:19:56.986296,165
Y_STR06172,Y_U0097,Y0048,2026-02-01 21:43:22.997204,238
Y_STR06173,Y_U0016,Y0037,2026-02-08 15:27:01.703480,14
Y_STR06174,Y_U0086,Y0021,2026-02-02 03:27:41.815289,46
Y_STR06175,Y_U0074,Y0014,2026-02-07 13:25:45.168885,159
Y_STR06176,Y_U0056,Y0029,2026-02-04 22:17:34.528593,26
Y_STR06177,Y_U0097,Y0050,2026-02-19 20:37:06.593682,183
Y_STR06178,Y_U0017,Y0033,2026-02-25 09:56:36.479756,5
Y_STR06179,Y_U0051,Y0033,2026-01-31 16:26:04.122181,170
Y_STR06180,Y_U0015,Y0048,2026-02-25 07:55:38.430997,258
Y_STR06181,Y_U0073,Y0044,2026-02-21 07:59:01.943008,194
Y_STR06182,Y_U0095,Y0047,2026-02-12 06:05:14.703780,158
Y_STR06183,Y_U0033,Y0018,2026-02-05 13:16:44.421508,267
Y_STR06184,Y_U0051,Y0046,2026-02-15 06:34:13.263133,161
Y_STR06185,Y_U0027,Y0031,2026-03-02 05:30:12.006450,12
Y_STR06186,Y_U0036,Y0034,2026-02-07 06:26:48.693324,206
Y_STR06187,Y_U0010,Y0022,2026-02-25 17:34:23.594838,13
Y_STR06188,Y_U0007,Y0026,2026-02-08 16:14:16.556755,67
Y_STR06189,Y_U0040,Y0032,2026-02-13 10:42:32.623774,290
Y_STR06190,Y_U0030,Y0039,2026-02-22 15:41:10.469956,111
Y_STR06191,Y_U0097,Y0043,2026-02-12 04:29:55.913796,16
Y_STR06192,Y_U0030,Y0050,2026-02-22 12:44:41.521920,290
Y_STR06193,Y_U0014,Y0028,2026-02-10 20:49:45.611384,193
Y_STR06194,Y_U0023,Y0009,2026-02-23 09:35:20.281946,9
Y_STR06195,Y_U0053,Y0031,2026-02-09 01:12:34.553809,85
Y_STR06196,Y_U0080,Y0014,2026-02-06 19:30:07.762892,221
Y_STR06197,Y_U0083,Y0034,2026-02-11 04:44:36.459439,135
Y_STR06198,Y_U0031,Y0050,2026-02-07 02:40:54.138088,88
Y_STR06199,Y_U0077,Y0043,2026-02-03 01:57:01.017041,96
Y_STR06200,Y_U0089,Y0027,2026-02-02 16:05:06.164766,228
Y_STR06201,Y_U0069,Y0021,2026-02-03 14:33:20.325710,7
Y_STR06202,Y_U0034,Y0047,2026-02-02 11:21:11.229890,33
Y_STR06203,Y_U0006,Y0031,2026-02-03 11:19:51.515279,103
Y_STR06204,Y_U0100,Y0047,2026-02-09 16:41:34.007128,215
Y_STR06205,Y_U0085,Y0037,2026-03-02 05:25:37.779826,116
Y_STR06206,Y_U0005,Y0012,2026-02-10 19:31:04.543305,293
Y_STR06207,Y_U0005,Y0048,2026-03-01 09:03:42.598387,41
Y_STR06208,Y_U0023,Y0028,2026-02-08 20:25:43.393161,176
Y_STR06209,Y_U0098,Y0032,2026-02-03 04:06:52.477819,299
Y_STR06210,Y_U0078,Y0049,2026-02-26 03:15:20.016353,53
Y_STR06211,Y_U0020,Y0046,2026-02-21 18:51:08.186262,18
Y_STR06212,Y_U0047,Y0019,2026-01-31 12:20:40.911067,6
Y_STR06213,Y_U0057,Y0042,2026-02-05 10:40:10.884520,260
Y_STR06214,Y_U0065,Y0048,2026-02-11 06:18:01.829230,142
Y_STR06215,Y_U0039,Y0048,2026-02-02 16:04:26.924641,165
Y_STR06216,Y_U0091,Y0046,2026-02-08 15:00:19.141834,60
Y_STR06217,Y_U0020,Y0025,2026-02-28 12:18:15.956294,174
Y_STR06218,Y_U0023,Y0037,2026-02-02 01:17:13.994541,92
Y_STR06219,Y_U0079,Y0049,2026-02-16 18:32:03.365131,22
Y_STR06220,Y_U0084,Y0036,2026-02-12 07:20:57.567169,308
Y_STR06221,Y_U0090,Y0049,2026-02-04 08:44:04.539278,109
Y_STR06222,Y_U0069,Y0035,2026-02-18 16:58:37.846373,124
Y_STR06223,Y_U0028,Y0017,2026-02-18 22:48:28.245025,104
Y_STR06224,Y_U0088,Y0038,2026-02-08 06:26:54.729859,154
Y_STR06225,Y_U0088,Y0031,2026-02-06 06:59:19.355947,9
Y_STR06226,Y_U0032,Y0018,2026-02-10 13:21:34.377002,303
Y_STR06227,Y_U0055,Y0040,2026-02-24 06:15:27.199940,86
Y_STR06228,Y_U0088,Y0036,2026-02-14 00:11:22.428534,26
Y_STR06229,Y_U0036,Y0041,2026-02-27 19:53:39.959102,106
Y_STR06230,Y_U0008,Y0038,2026-02-19 05:51:05.365149,106
Y_STR06231,Y_U0041,Y0024,2026-02-05 09:53:13.813182,294
Y_STR06232,Y_U0075,Y0039,2026-02-01 20:08:07.338196,241
Y_STR06233,Y_U0082,Y0047,2026-03-01 10:10:52.302371,273
Y_STR06234,Y_U0082,Y0029,2026-02-17 22:33:13.650078,279
Y_STR06235,Y_U0037,Y0050,2026-02-10 23:32:05.741254,161
Y_STR06236,Y_U0085,Y0026,2026-02-17 11:39:05.976087,14
Y_STR06237,Y_U0094,Y0038,2026-02-05 14:01:43.781502,60
Y_STR06238,Y_U0022,Y0029,2026-02-04 01:20:43.536191,259
Y_STR06239,Y_U0033,Y0026,2026-02-10 18:32:57.650274,151
Y_STR06240,Y_U0056,Y0034,2026-02-25 20:14:48.762381,148
Y_STR06241,Y_U0078,Y0034,2026-02-26 15:11:28.326073,130
Y_STR06242,Y_U0060,Y0046,2026-02-20 08:17:43.268293,28
Y_STR06243,Y_U0072,Y0033,2026-02-24 00:45:52.813090,5
Y_STR06244,Y_U0094,Y0043,2026-02-05 01:17:40.032062,105
Y_STR06245,Y_U0048,Y0035,2026-02-23 13:27:58.521759,43
Y_STR06246,Y_U0086,Y0024,2026-02-09 22:54:27.221933,79
Y_STR06247,Y_U0036,Y0026,2026-02-11 09:21:58.331306,52
Y_STR06248,Y_U0042,Y0049,2026-02-06 04:27:27.830580,61
Y_STR06249,Y_U0021,Y0004,2026-02-17 00:50:52.160337,185
Y_STR06250,Y_U0010,Y0048,2026-02-19 06:15:30.597687,82
Y_STR06251,Y_U0034,Y0050,2026-02-20 23:44:56.083520,101
Y_STR06252,Y_U0010,Y0046,2026-01-31 11:20:34.039142,192
Y_STR06253,Y_U0018,Y0004,2026-02-27 16:30:04.999414,88
Y_STR06254,Y_U0004,Y0031,2026-02-24 17:50:55.019200,31
Y_STR06255,Y_U0006,Y0050,2026-02-19 10:23:32.052422,338
Y_STR06256,Y_U0015,Y0031,2026-02-19 10:56:21.284039,117
Y_STR06257,Y_U0076,Y0047,2026-02-07 13:33:27.536335,168
Y_STR06258,Y_U0041,Y0010,2026-02-28 16:06:41.118409,266
Y_STR06259,Y_U0038,Y0049,2026-02-24 15:05:32.780844,122
Y_STR06260,Y_U0084,Y0012,2026-01-31 21:42:43.307040,194
Y_STR06261,Y_U0060,Y0047,2026-02-18 07:56:46.849517,107
Y_STR06262,Y_U0032,Y0043,2026-02-08 13:26:02.615169,60
Y_STR06263,Y_U0018,Y0027,2026-02-28 01:26:56.878495,140
Y_STR06264,Y_U0061,Y0009,2026-02-03 07:59:27.159635,108
Y_STR06265,Y_U0055,Y0047,2026-02-03 23:06:36.468657,95
Y_STR06266,Y_U0067,Y0046,2026-02-28 15:31:20.659791,172
Y_STR06267,Y_U0021,Y0034,2026-02-12 08:55:50.127559,195
Y_STR06268,Y_U0043,Y0047,2026-02-26 08:44:09.984483,172
Y_STR06269,Y_U0060,Y0043,2026-02-21 08:30:13.780033,44
Y_STR06270,Y_U0060,Y0030,2026-02-04 16:39:52.519674,94
Y_STR06271,Y_U0013,Y0015,2026-02-13 12:12:07.338096,31
Y_STR06272,Y_U0092,Y0049,2026-02-11 20:35:41.847583,33
Y_STR06273,Y_U0042,Y0047,2026-02-20 00:55:07.099058,242
Y_STR06274,Y_U0002,Y0005,2026-02-19 17:09:13.267819,210
Y_STR06275,Y_U0041,Y0046,2026-02-21 18:05:51.109603,62
Y_STR06276,Y_U0065,Y0044,2026-02-28 03:29:58.602473,338
Y_STR06277,Y_U0086,Y0031,2026-02-06 13:00:18.755120,114
Y_STR06278,Y_U0034,Y0048,2026-02-15 01:43:40.584517,165
Y_STR06279,Y_U0088,Y0026,2026-02-28 09:11:22.971164,174
Y_STR06280,Y_U0047,Y0035,2026-02-15 20:31:09.989989,250
Y_STR06281,Y_U0047,Y0041,2026-02-04 02:42:18.257838,24
Y_STR06282,Y_U0022,Y0008,2026-02-08 14:00:51.836633,204
Y_STR06283,Y_U0024,Y0047,2026-02-15 08:08:34.449160,249
Y_STR06284,Y_U0100,Y0034,2026-02-10 19:12:13.696365,216
Y_STR06285,Y_U0094,Y0020,2026-02-16 15:07:16.811578,134
Y_STR06286,Y_U0014,Y0013,2026-02-11 18:56:05.782781,172
Y_STR06287,Y_U0063,Y0016,2026-02-20 03:16:02.455323,145
Y_STR06288,Y_U0038,Y0044,2026-02-21 06:15:15.238977,35
Y_STR06289,Y_U0010,Y0041,2026-02-04 04:20:45.869992,253
Y_STR06290,Y_U0021,Y0039,2026-02-24 22:12:46.223679,283
Y_STR06291,Y_U0001,Y0033,2026-02-21 07:25:38.379759,11
Y_STR06292,Y_U0083,Y0041,2026-02-23 19:06:57.917960,74
Y_STR06293,Y_U0033,Y0030,2026-02-22 00:19:50.916884,63
Y_STR06294,Y_U0029,Y0021,2026-03-01 23:39:25.852685,168
Y_STR06295,Y_U0069,Y0045,2026-02-18 11:36:21.713574,116
Y_STR06296,Y_U0027,Y0028,2026-02-27 20:35:05.439630,65
Y_STR06297,Y_U0099,Y0030,2026-02-08 06:05:08.291232,46
Y_STR06298,Y_U0091,Y0037,2026-03-01 04:26:52.144720,66
Y_STR06299,Y_U0080,Y0046,2026-01-31 14:48:27.805128,5
Y_STR06300,Y_U0054,Y0016,2026-01-31 18:32:36.155871,222
Y_STR06301,Y_U0007,Y0036,2026-02-27 20:30:48.144070,70
Y_STR06302,Y_U0100,Y0044,2026-02-10 11:24:02.332859,21
Y_STR06303,Y_U0087,Y0019,2026-02-19 20:39:44.863322,44
Y_STR06304,Y_U0096,Y0021,2026-02-17 13:58:53.783745,208
Y_STR06305,Y_U0076,Y0036,2026-02-13 16:48:05.781070,235
Y_STR06306,Y_U0048,Y0042,2026-02-05 20:09:23.581511,270
Y_STR06307,Y_U0041,Y0022,2026-02-20 07:30:38.341590,197
Y_STR06308,Y_U0095,Y0050,2026-02-17 10:22:17.414681,170
Y_STR06309,Y_U0041,Y0046,2026-02-05 05:48:30.353033,62
Y_STR06310,Y_U0063,Y0045,2026-02-25 13:32:25.092409,71
Y_STR06311,Y_U0009,Y0035,2026-02-07 14:54:36.243243,242
Y_STR06312,Y_U0087,Y0040,2026-01-31 14:07:01.932292,46
Y_STR06313,Y_U0097,Y0006,2026-02-05 20:17:13.600722,197
Y_STR06314,Y_U0072,Y0041,2026-02-08 19:53:09.442017,19
Y_STR06315,Y_U0012,Y0012,2026-02-08 19:45:50.952145,254
Y_STR06316,Y_U0065,Y0040,2026-02-27 13:09:40.515906,73
Y_STR06317,Y_U0019,Y0046,2026-02-10 21:24:24.109394,193
Y_STR06318,Y_U0010,Y0023,2026-02-21 01:53:47.656741,21
Y_STR06319,Y_U0054,Y0030,2026-02-21 01:38:58.722069,143
Y_STR06320,Y_U0086,Y0024,2026-02-10 05:57:48.368931,227
Y_STR06321,Y_U0025,Y0022,2026-02-22 17:24:02.564388,108
Y_STR06322,Y_U0091,Y0037,2026-02-21 05:49:30.993623,98
Y_STR06323,Y_U0004,Y0048,2026-02-10 05:32:52.966323,142
Y_STR06324,Y_U0026,Y0002,2026-02-18 03:19:33.446679,185
Y_STR06325,Y_U0089,Y0046,2026-02-07 02:31:27.188702,139
Y_STR06326,Y_U0068,Y0018,2026-02-16 04:05:43.205951,280
Y_STR06327,Y_U0098,Y0015,2026-02-01 17:05:07.497415,38
Y_STR06328,Y_U0083,Y0048,2026-02-02 10:10:05.204942,108
Y_STR06329,Y_U0005,Y0029,2026-02-15 22:14:59.034961,85
Y_STR06330,Y_U0097,Y0048,2026-02-28 08:37:08.050114,208
Y_STR06331,Y_U0098,Y0041,2026-02-23 14:03:44.689461,234
Y_STR06332,Y_U0044,Y0023,2026-02-06 17:40:59.559039,109
Y_STR06333,Y_U0060,Y0048,2026-02-08 12:11:04.440019,250
Y_STR06334,Y_U0056,Y0010,2026-02-16 01:15:56.762644,7
Y_STR06335,Y_U0070,Y0031,2026-02-15 07:36:39.682173,115
Y_STR06336,Y_U0035,Y0026,2026-02-03 12:09:27.510988,217
Y_STR06337,Y_U0080,Y0047,2026-02-05 21:04:35.598016,26
Y_STR06338,Y_U0033,Y0031,2026-02-10 08:33:09.007871,82
Y_STR06339,Y_U0070,Y0042,2026-02-22 07:39:03.039650,232
Y_STR06340,Y_U0052,Y0034,2026-02-18 04:36:17.029548,161
Y_STR06341,Y_U0054,Y0046,2026-02-13 21:37:39.309788,158
Y_STR06342,Y_U0043,Y0037,2026-02-19 04:31:31.198395,40
Y_STR06343,Y_U0088,Y0049,2026-02-11 01:13:41.633401,33
Y_STR06344,Y_U0098,Y0025,2026-02-02 21:45:07.834686,145
Y_STR06345,Y_U0047,Y0042,2026-02-01 04:44:58.444213,232
Y_STR06346,Y_U0031,Y0042,2026-02-15 11:45:04.721380,273
Y_STR06347,Y_U0026,Y0033,2026-02-04 05:49:41.305225,162
Y_STR06348,Y_U0069,Y0014,2026-02-02 13:59:41.275672,164
Y_STR06349,Y_U0002,Y0016,2026-02-27 01:07:11.484215,184
Y_STR06350,Y_U0007,Y0024,2026-02-13 21:33:17.255842,94
Y_STR06351,Y_U0098,Y0021,2026-02-13 22:26:50.181604,70
Y_STR06352,Y_U0068,Y0043,2026-02-28 12:38:24.875067,146
Y_STR06353,Y_U0050,Y0010,2026-02-06 02:35:04.005701,41
Y_STR06354,Y_U0054,Y0035,2026-02-07 02:13:15.838664,258
Y_STR06355,Y_U0045,Y0034,2026-02-17 23:51:12.684928,124
Y_STR06356,Y_U0099,Y0038,2026-02-03 07:07:30.494443,99
Y_STR06357,Y_U0015,Y0024,2026-02-08 02:12:24.179439,347
Y_STR06358,Y_U0023,Y0027,2026-02-14 04:06:54.484746,73
Y_STR06359,Y_U0046,Y0023,2026-02-05 08:12:59.571779,218
Y_STR06360,Y_U0060,Y0049,2026-02-06 23:29:19.744023,108
Y_STR06361,Y_U0070,Y0049,2026-02-02 04:09:31.343991,21
Y_STR06362,Y_U0017,Y0046,2026-02-18 15:17:45.230228,84
Y_STR06363,Y_U0008,Y0018,2026-02-04 02:25:17.743793,121
Y_STR06364,Y_U0076,Y0048,2026-02-24 02:16:46.975748,181
Y_STR06365,Y_U0031,Y0004,2026-02-01 10:07:30.579298,175
Y_STR06366,Y_U0085,Y0013,2026-02-06 18:34:58.595737,34
Y_STR06367,Y_U0018,Y0043,2026-02-11 01:45:58.527709,84
Y_STR06368,Y_U0009,Y0034,2026-03-02 06:42:56.508335,205
Y_STR06369,Y_U0085,Y0024,2026-02-22 02:55:05.685973,140
Y_STR06370,Y_U0071,Y0014,2026-03-02 01:00:29.264980,40
Y_STR06371,Y_U0100,Y0023,2026-02-27 19:13:23.247869,143
Y_STR06372,Y_U0098,Y0042,2026-02-10 14:26:09.835793,193
Y_STR06373,Y_U0007,Y0010,2026-02-12 02:13:31.801692,96
Y_STR06374,Y_U0048,Y0006,2026-02-24 09:48:49.159369,130
Y_STR06375,Y_U0087,Y0040,2026-03-02 03:57:13.665699,94
Y_STR06376,Y_U0028,Y0050,2026-02-27 17:43:35.577405,214
Y_STR06377,Y_U0010,Y0012,2026-02-25 17:38:39.910079,77
Y_STR06378,Y_U0020,Y0012,2026-02-19 13:52:06.488689,282
Y_STR06379,Y_U0092,Y0031,2026-02-22 18:28:47.140726,36
Y_STR06380,Y_U0031,Y0050,2026-02-24 02:31:09.282422,56
Y_STR06381,Y_U0045,Y0033,2026-02-08 21:07:32.624655,37
Y_STR06382,Y_U0010,Y0045,2026-02-20 03:40:54.652453,132
Y_STR06383,Y_U0047,Y0038,2026-02-25 23:58:59.228115,102
Y_STR06384,Y_U0043,Y0029,2026-02-07 22:22:22.053924,187
Y_STR06385,Y_U0055,Y0010,2026-02-21 07:18:41.113863,45
Y_STR06386,Y_U0037,Y0032,2026-02-03 03:36:03.252396,288
Y_STR06387,Y_U0086,Y0016,2026-02-10 12:01:59.125386,132
Y_STR06388,Y_U0092,Y0031,2026-02-28 05:18:00.501531,38
Y_STR06389,Y_U0033,Y0040,2026-02-28 20:58:06.952536,40
Y_STR06390,Y_U0057,Y0028,2026-02-18 20:48:29.412777,206
Y_STR06391,Y_U0078,Y0047,2026-02-15 02:19:16.854336,251
Y_STR06392,Y_U0003,Y0012,2026-02-24 07:44:46.138911,105
Y_STR06393,Y_U0007,Y0024,2026-02-17 08:30:05.061410,240
Y_STR06394,Y_U0039,Y0039,2026-02-09 01:03:58.169309,116
Y_STR06395,Y_U0052,Y0022,2026-02-02 07:54:04.397719,81
Y_STR06396,Y_U0031,Y0045,2026-01-31 15:26:16.547103,142
Y_STR06397,Y_U0009,Y0024,2026-02-18 13:31:21.149438,160
Y_STR06398,Y_U0069,Y0042,2026-01-31 14:54:44.940977,109
Y_STR06399,Y_U0058,Y0035,2026-02-03 23:45:45.244855,216
Y_STR06400,Y_U0005,Y0047,2026-02-14 13:49:41.006009,147
Y_STR06401,Y_U0067,Y0040,2026-02-15 06:41:45.308758,55
Y_STR06402,Y_U0043,Y0041,2026-02-18 04:57:44.725813,59
Y_STR06403,Y_U0095,Y0021,2026-02-28 07:08:40.094302,144
Y_STR06404,Y_U0002,Y0022,2026-02-28 02:06:27.390701,161
Y_STR06405,Y_U0066,Y0050,2026-02-03 16:32:39.636879,221
Y_STR06406,Y_U0028,Y0010,2026-02-07 03:09:23.010230,40
Y_STR06407,Y_U0078,Y0045,2026-02-19 20:28:06.618598,140
Y_STR06408,Y_U0035,Y0015,2026-01-31 21:03:10.230966,206
Y_STR06409,Y_U0043,Y0040,2026-02-04 23:35:03.673411,99
Y_STR06410,Y_U0045,Y0047,2026-02-15 14:52:31.071422,190
Y_STR06411,Y_U0068,Y0024,2026-02-23 21:31:31.254563,278
Y_STR06412,Y_U0039,Y0030,2026-02-21 06:00:41.441003,151
Y_STR06413,Y_U0054,Y0038,2026-02-22 22:01:12.843262,24
Y_STR06414,Y_U0014,Y0012,2026-02-07 09:50:37.748559,240
Y_STR06415,Y_U0071,Y0012,2026-02-13 22:55:13.977551,51
Y_STR06416,Y_U0053,Y0018,2026-02-03 21:58:29.120738,277
Y_STR06417,Y_U0035,Y0031,2026-02-27 10:08:43.934204,82
Y_STR06418,Y_U0062,Y0036,2026-03-02 04:47:14.224740,24
Y_STR06419,Y_U0086,Y0007,2026-02-10 14:13:56.384719,160
Y_STR06420,Y_U0085,Y0040,2026-02-23 01:50:46.722109,106
Y_STR06421,Y_U0066,Y0050,2026-02-25 06:30:16.498163,50
Y_STR06422,Y_U0047,Y0028,2026-02-17 08:16:06.470843,91
Y_STR06423,Y_U0049,Y0045,2026-02-22 09:51:28.373271,64
Y_STR06424,Y_U0009,Y0036,2026-02-23 09:08:39.691711,61
Y_STR06425,Y_U0014,Y0017,2026-02-19 02:13:27.962768,50
Y_STR06426,Y_U0001,Y0018,2026-02-03 14:36:24.824384,42
Y_STR06427,Y_U0026,Y0035,2026-02-24 21:14:47.461587,63
Y_STR06428,Y_U0011,Y0041,2026-02-23 19:41:07.333716,229
Y_STR06429,Y_U0067,Y0041,2026-02-20 14:06:08.447485,227
Y_STR06430,Y_U0077,Y0047,2026-02-17 07:17:16.748293,147
Y_STR06431,Y_U0022,Y0050,2026-02-07 04:05:43.966230,34
Y_STR06432,Y_U0010,Y0046,2026-02-04 15:33:06.702697,133
Y_STR06433,Y_U0086,Y0043,2026-02-05 22:06:22.484280,23
Y_STR06434,Y_U0036,Y0019,2026-02-05 01:15:47.305270,272
Y_STR06435,Y_U0042,Y0049,2026-02-18 06:43:57.604585,30
Y_STR06436,Y_U0041,Y0036,2026-02-08 17:18:46.169414,75
Y_STR06437,Y_U0017,Y0047,2026-02-09 19:19:41.518919,274
Y_STR06438,Y_U0069,Y0050,2026-02-05 00:55:42.158889,273
Y_STR06439,Y_U0054,Y0038,2026-03-02 02:34:17.114642,20
Y_STR06440,Y_U0036,Y0043,2026-02-18 13:55:23.500043,49
Y_STR06441,Y_U0038,Y0049,2026-02-21 18:05:36.227035,61
Y_STR06442,Y_U0067,Y0042,2026-02-17 16:00:26.608172,57
Y_STR06443,Y_U0076,Y0038,2026-02-25 09:29:08.284723,35
Y_STR06444,Y_U0087,Y0041,2026-02-08 04:24:03.740569,99
Y_STR06445,Y_U0072,Y0023,2026-02-10 06:29:46.529764,145
Y_STR06446,Y_U0011,Y0046,2026-02-19 07:22:06.941640,6
Y_STR06447,Y_U0013,Y0015,2026-02-10 10:54:04.437359,145
Y_STR06448,Y_U0021,Y0029,2026-02-21 09:35:13.947086,84
Y_STR06449,Y_U0081,Y0048,2026-02-05 17:56:41.449149,84
Y_STR06450,Y_U0013,Y0040,2026-02-21 14:59:48.886749,11
Y_STR06451,Y_U0059,Y0015,2026-02-24 03:34:13.038777,202
Y_STR06452,Y_U0029,Y0048,2026-02-13 07:09:00.241835,229
Y_STR06453,Y_U0041,Y0034,2026-02-18 04:58:49.426760,170
Y_STR06454,Y_U0050,Y0033,2026-02-07 03:12:08.205802,15
Y_STR06455,Y_U0005,Y0048,2026-02-07 15:07:31.331630,246
Y_STR06456,Y_U0001,Y0032,2026-02-28 04:24:08.811033,291
Y_STR06457,Y_U0038,Y0028,2026-02-07 12:30:36.068489,63
Y_STR06458,Y_U0023,Y0021,2026-01-31 18:15:10.286466,276
Y_STR06459,Y_U0084,Y0031,2026-02-14 13:38:28.536558,6
Y_STR06460,Y_U0003,Y0049,2026-02-27 12:47:19.634677,55
Y_STR06461,Y_U0021,Y0016,2026-02-01 23:02:00.248357,8
Y_STR06462,Y_U0093,Y0043,2026-02-27 20:26:12.526025,139
Y_STR06463,Y_U0004,Y0014,2026-02-02 22:18:25.845414,228
Y_STR06464,Y_U0047,Y0020,2026-02-10 01:29:10.881248,54
Y_STR06465,Y_U0025,Y0033,2026-02-06 22:51:15.229556,48
Y_STR06466,Y_U0031,Y0040,2026-02-15 08:49:10.878824,75
Y_STR06467,Y_U0036,Y0015,2026-02-11 16:58:26.244773,113
Y_STR06468,Y_U0047,Y0016,2026-02-04 04:52:06.131948,255
Y_STR06469,Y_U0072,Y0035,2026-02-03 01:04:54.538062,276
Y_STR06470,Y_U0012,Y0044,2026-02-07 21:56:40.404298,198
Y_STR06471,Y_U0061,Y0024,2026-02-28 15:34:26.329335,221
Y_STR06472,Y_U0044,Y0025,2026-02-27 12:51:38.216571,199
Y_STR06473,Y_U0093,Y0036,2026-02-19 03:10:51.957219,302
Y_STR06474,Y_U0020,Y0019,2026-02-06 08:24:58.615216,269
Y_STR06475,Y_U0046,Y0036,2026-02-26 20:40:19.133079,284
Y_STR06476,Y_U0036,Y0036,2026-02-03 01:11:53.908043,64
Y_STR06477,Y_U0074,Y0042,2026-02-11 19:37:18.341536,221
Y_STR06478,Y_U0092,Y0034,2026-02-13 10:15:54.339028,205
Y_STR06479,Y_U0050,Y0016,2026-02-02 09:06:09.136720,21
Y_STR06480,Y_U0062,Y0018,2026-02-28 13:18:09.399427,16
Y_STR06481,Y_U0038,Y0022,2026-02-21 23:24:28.966160,179
Y_STR06482,Y_U0003,Y0002,2026-02-11 16:17:37.721521,262
Y_STR06483,Y_U0091,Y0004,2026-02-12 19:32:22.861556,209
Y_STR06484,Y_U0029,Y0037,2026-02-10 18:47:50.130009,74
Y_STR06485,Y_U0058,Y0022,2026-02-23 19:55:14.069754,138
Y_STR06486,Y_U0093,Y0023,2026-02-03 18:35:43.290970,225
Y_STR06487,Y_U0061,Y0018,2026-01-31 15:32:28.834591,36
Y_STR06488,Y_U0009,Y0040,2026-02-17 12:25:25.352594,38
Y_STR06489,Y_U0088,Y0045,2026-02-03 07:00:45.343794,102
Y_STR06490,Y_U0016,Y0021,2026-02-28 21:25:17.020622,275
Y_STR06491,Y_U0016,Y0035,2026-02-06 07:16:25.566956,233
Y_STR06492,Y_U0007,Y0048,2026-02-11 01:02:39.728876,159
Y_STR06493,Y_U0045,Y0009,2026-02-02 20:11:58.596684,138
Y_STR06494,Y_U0050,Y0028,2026-02-23 13:46:52.264028,142
Y_STR06495,Y_U0056,Y0028,2026-02-06 06:06:54.161547,8
Y_STR06496,Y_U0078,Y0013,2026-02-22 06:45:20.450299,123
Y_STR06497,Y_U0095,Y0032,2026-02-10 06:19:46.271806,255
Y_STR06498,Y_U0030,Y0018,2026-02-25 21:11:43.099526,138
Y_STR06499,Y_U0019,Y0035,2026-02-25 06:21:24.596411,306
Y_STR06500,Y_U0085,Y0011,2026-02-15 03:55:17.250617,233
Y_STR06501,Y_U0047,Y0031,2026-02-14 17:00:00.860099,126
Y_STR06502,Y_U0014,Y0026,2026-02-25 15:23:30.529845,50
Y_STR06503,Y_U0078,Y0043,2026-02-23 23:50:56.598617,51
Y_STR06504,Y_U0092,Y0027,2026-02-25 08:18:46.150707,105
Y_STR06505,Y_U0074,Y0034,2026-02-08 11:16:42.191747,111
Y_STR06506,Y_U0098,Y0014,2026-02-03 22:05:22.046488,303
Y_STR06507,Y_U0001,Y0010,2026-02-09 08:59:55.851496,74
Y_STR06508,Y_U0009,Y0021,2026-02-01 19:13:12.534812,12
Y_STR06509,Y_U0042,Y0006,2026-02-15 05:24:38.684907,142
Y_STR06510,Y_U0024,Y0037,2026-02-04 11:00:42.866781,70
Y_STR06511,Y_U0031,Y0049,2026-02-24 22:10:59.022966,117
Y_STR06512,Y_U0029,Y0035,2026-02-16 07:07:59.284190,89
Y_STR06513,Y_U0077,Y0049,2026-02-02 07:59:30.256657,46
Y_STR06514,Y_U0094,Y0040,2026-02-25 19:04:08.271227,102
Y_STR06515,Y_U0095,Y0039,2026-02-18 07:47:15.435740,92
Y_STR06516,Y_U0006,Y0046,2026-02-22 01:58:40.217522,63
Y_STR06517,Y_U0059,Y0037,2026-02-24 12:34:50.099755,42
Y_STR06518,Y_U0088,Y0025,2026-03-01 15:17:53.333107,84
Y_STR06519,Y_U0057,Y0044,2026-02-01 06:20:24.436673,92
Y_STR06520,Y_U0007,Y0042,2026-02-05 16:23:26.308429,169
Y_STR06521,Y_U0008,Y0050,2026-02-25 15:07:52.322143,308
Y_STR06522,Y_U0064,Y0050,2026-02-02 22:44:52.432102,191
Y_STR06523,Y_U0057,Y0039,2026-02-17 19:01:37.636792,257
Y_STR06524,Y_U0050,Y0040,2026-02-27 12:13:30.796488,42
Y_STR06525,Y_U0098,Y0017,2026-02-19 05:22:02.690307,18
Y_STR06526,Y_U0006,Y0039,2026-02-20 04:34:10.239945,262
Y_STR06527,Y_U0069,Y0030,2026-02-25 21:27:22.244001,53
Y_STR06528,Y_U0035,Y0026,2026-02-10 02:58:32.517616,195
Y_STR06529,Y_U0045,Y0050,2026-02-21 06:24:14.429673,56
Y_STR06530,Y_U0054,Y0011,2026-02-27 22:57:23.566578,240
Y_STR06531,Y_U0044,Y0028,2026-02-10 16:24:32.080650,46
Y_STR06532,Y_U0089,Y0043,2026-02-21 21:16:52.456918,68
Y_STR06533,Y_U0096,Y0034,2026-02-04 16:19:22.153714,186
Y_STR06534,Y_U0047,Y0037,2026-02-28 18:23:41.951883,128
Y_STR06535,Y_U0092,Y0029,2026-02-09 04:34:21.509558,151
Y_STR06536,Y_U0056,Y0035,2026-02-04 02:38:34.171726,116
Y_STR06537,Y_U0034,Y0038,2026-02-04 01:44:47.531448,116
Y_STR06538,Y_U0072,Y0009,2026-02-18 07:04:24.883573,71
Y_STR06539,Y_U0017,Y0039,2026-02-26 15:17:34.498623,274
Y_STR06540,Y_U0038,Y0014,2026-02-24 23:15:01.096684,50
Y_STR06541,Y_U0049,Y0045,2026-02-28 10:16:49.718520,195
Y_STR06542,Y_U0098,Y0037,2026-02-15 09:05:27.320528,154
Y_STR06543,Y_U0053,Y0038,2026-02-16 20:04:14.175897,30
Y_STR06544,Y_U0046,Y0036,2026-02-17 02:51:36.318557,338
Y_STR06545,Y_U0043,Y0043,2026-02-09 08:19:07.836470,81
Y_STR06546,Y_U0082,Y0045,2026-02-03 21:46:26.722621,106
Y_STR06547,Y_U0025,Y0023,2026-02-26 10:33:55.387857,66
Y_STR06548,Y_U0085,Y0047,2026-02-20 17:10:11.066208,161
Y_STR06549,Y_U0046,Y0035,2026-02-13 00:52:26.672430,232
Y_STR06550,Y_U0094,Y0007,2026-02-02 05:46:05.461377,215
Y_STR06551,Y_U0086,Y0050,2026-02-13 12:30:52.396691,59
Y_STR06552,Y_U0073,Y0041,2026-02-17 18:28:51.373073,94
Y_STR06553,Y_U0082,Y0025,2026-02-23 22:46:53.865510,115
Y_STR06554,Y_U0050,Y0043,2026-02-19 10:04:04.288177,35
Y_STR06555,Y_U0032,Y0042,2026-01-31 22:19:49.740975,91
Y_STR06556,Y_U0022,Y0037,2026-02-15 21:12:18.389245,123
Y_STR06557,Y_U0037,Y0040,2026-02-10 15:23:58.572860,68
Y_STR06558,Y_U0036,Y0038,2026-02-26 14:10:52.744376,112
Y_STR06559,Y_U0081,Y0024,2026-02-10 09:40:18.262781,35
Y_STR06560,Y_U0011,Y0036,2026-02-08 11:19:06.190332,317
Y_STR06561,Y_U0052,Y0041,2026-02-28 09:09:46.542890,82
Y_STR06562,Y_U0080,Y0038,2026-02-04 02:26:20.673349,126
Y_STR06563,Y_U0039,Y0026,2026-02-11 14:21:57.436633,43
Y_STR06564,Y_U0062,Y0026,2026-02-13 19:48:17.785354,225
Y_STR06565,Y_U0035,Y0031,2026-02-26 09:55:48.593827,144
Y_STR06566,Y_U0090,Y0037,2026-02-02 06:04:39.101187,152
Y_STR06567,Y_U0086,Y0020,2026-03-01 13:25:29.040078,76
Y_STR06568,Y_U0068,Y0030,2026-02-21 21:56:31.120936,64
Y_STR06569,Y_U0089,Y0048,2026-02-17 01:46:21.871723,130
Y_STR06570,Y_U0062,Y0041,2026-02-15 06:48:26.894322,187
Y_STR06571,Y_U0004,Y0037,2026-02-28 02:01:22.774967,130
Y_STR06572,Y_U0023,Y0022,2026-02-16 11:12:33.185918,166
Y_STR06573,Y_U0064,Y0047,2026-02-17 23:24:20.761605,20
Y_STR06574,Y_U0060,Y0025,2026-02-11 22:53:37.827719,171
Y_STR06575,Y_U0079,Y0040,2026-02-02 17:13:19.968058,46
Y_STR06576,Y_U0087,Y0046,2026-02-01 02:51:16.545725,82
Y_STR06577,Y_U0098,Y0046,2026-02-16 11:07:31.883962,101
Y_STR06578,Y_U0014,Y0007,2026-02-22 12:27:12.645186,156
Y_STR06579,Y_U0011,Y0027,2026-02-16 03:10:55.148010,75
Y_STR06580,Y_U0037,Y0050,2026-02-23 19:45:58.041229,200
Y_STR06581,Y_U0031,Y0047,2026-02-04 05:09:05.531406,208
Y_STR06582,Y_U0073,Y0049,2026-02-06 02:57:56.038848,72
Y_STR06583,Y_U0092,Y0013,2026-02-21 07:50:57.701639,60
Y_STR06584,Y_U0001,Y0026,2026-02-12 05:59:00.145092,138
Y_STR06585,Y_U0019,Y0006,2026-02-03 06:03:16.291773,217
Y_STR06586,Y_U0027,Y0021,2026-02-28 16:39:39.545142,251
Y_STR06587,Y_U0042,Y0048,2026-02-26 06:42:40.963737,44
Y_STR06588,Y_U0071,Y0036,2026-02-17 04:20:02.411127,162
Y_STR06589,Y_U0012,Y0022,2026-02-22 07:14:48.099065,6
Y_STR06590,Y_U0023,Y0043,2026-02-01 15:18:48.463802,73
Y_STR06591,Y_U0084,Y0010,2026-02-22 05:28:25.264190,85
Y_STR06592,Y_U0097,Y0011,2026-02-20 23:41:26.729373,192
Y_STR06593,Y_U0055,Y0021,2026-02-17 20:37:46.921894,231
Y_STR06594,Y_U0010,Y0012,2026-02-20 18:56:15.221049,131
Y_STR06595,Y_U0076,Y0025,2026-02-04 20:14:30.817405,15
Y_STR06596,Y_U0009,Y0013,2026-02-23 16:45:16.366469,162
Y_STR06597,Y_U0029,Y0050,2026-02-03 16:47:32.855333,63
Y_STR06598,Y_U0053,Y0036,2026-02-27 20:50:30.748679,221
Y_STR06599,Y_U0080,Y0024,2026-02-21 08:32:29.073996,55
Y_STR06600,Y_U0049,Y0040,2026-03-02 05:08:56.276686,33
Y_STR06601,Y_U0012,Y0007,2026-02-04 01:24:37.267621,246
Y_STR06602,Y_U0056,Y0048,2026-02-28 06:41:36.775504,122
Y_STR06603,Y_U0077,Y0025,2026-02-12 17:50:56.356572,92
Y_STR06604,Y_U0078,Y0042,2026-02-26 00:33:03.532445,220
Y_STR06605,Y_U0091,Y0029,2026-02-17 08:50:50.299106,131
Y_STR06606,Y_U0076,Y0041,2026-02-02 15:55:59.129044,36
Y_STR06607,Y_U0001,Y0019,2026-02-02 11:09:12.617738,88
Y_STR06608,Y_U0043,Y0022,2026-02-09 04:42:49.343306,6
Y_STR06609,Y_U0055,Y0046,2026-02-23 02:43:43.629899,34
Y_STR06610,Y_U0067,Y0049,2026-02-16 10:50:36.098376,13
Y_STR06611,Y_U0020,Y0039,2026-02-01 13:56:35.142317,282
Y_STR06612,Y_U0038,Y0013,2026-02-01 16:52:37.675662,192
Y_STR06613,Y_U0087,Y0038,2026-02-15 23:17:36.117615,186
Y_STR06614,Y_U0089,Y0048,2026-02-01 03:33:40.957560,6
Y_STR06615,Y_U0038,Y0033,2026-02-25 15:02:04.538098,97
Y_STR06616,Y_U0055,Y0030,2026-02-25 14:57:06.599757,146
Y_STR06617,Y_U0013,Y0030,2026-02-22 02:39:07.930368,73
Y_STR06618,Y_U0064,Y0042,2026-02-14 05:09:50.303458,13
Y_STR06619,Y_U0016,Y0037,2026-02-11 23:04:39.331795,37
Y_STR06620,Y_U0025,Y0035,2026-02-14 17:09:40.607767,132
Y_STR06621,Y_U0073,Y0028,2026-02-18 03:10:46.145409,83
Y_STR06622,Y_U0022,Y0037,2026-02-08 17:43:28.874520,88
Y_STR06623,Y_U0082,Y0035,2026-02-16 05:13:30.342885,324
Y_STR06624,Y_U0075,Y0036,2026-02-25 20:32:20.153884,124
Y_STR06625,Y_U0055,Y0006,2026-02-05 21:11:07.612676,215
Y_STR06626,Y_U0010,Y0047,2026-02-07 05:07:18.590746,68
Y_STR06627,Y_U0052,Y0018,2026-02-04 23:03:23.688645,218
Y_STR06628,Y_U0023,Y0036,2026-02-26 10:01:33.281173,132
Y_STR06629,Y_U0019,Y0044,2026-02-05 08:12:24.505116,184
Y_STR06630,Y_U0100,Y0043,2026-02-10 06:43:27.691508,79
Y_STR06631,Y_U0012,Y0018,2026-02-06 21:00:44.747984,58
Y_STR06632,Y_U0100,Y0042,2026-03-02 03:32:50.902920,201
Y_STR06633,Y_U0100,Y0036,2026-02-18 11:23:09.876288,222
Y_STR06634,Y_U0006,Y0046,2026-02-28 17:18:21.210224,165
Y_STR06635,Y_U0044,Y0025,2026-02-25 07:04:47.342050,96
Y_STR06636,Y_U0061,Y0009,2026-02-08 16:04:31.648528,161
Y_STR06637,Y_U0036,Y0019,2026-02-22 02:43:30.347296,207
Y_STR06638,Y_U0010,Y0010,2026-03-01 00:02:02.139716,153
Y_STR06639,Y_U0084,Y0035,2026-02-14 17:38:39.876210,93
Y_STR06640,Y_U0052,Y0037,2026-03-02 04:05:27.496402,59
Y_STR06641,Y_U0071,Y0043,2026-02-12 19:56:19.881618,131
Y_STR06642,Y_U0092,Y0026,2026-02-20 02:51:17.859103,280
Y_STR06643,Y_U0090,Y0044,2026-02-26 05:46:47.457013,201
Y_STR06644,Y_U0076,Y0050,2026-02-04 09:46:58.018909,212
Y_STR06645,Y_U0041,Y0039,2026-02-06 20:54:00.145611,223
Y_STR06646,Y_U0081,Y0036,2026-02-04 22:12:04.773876,151
Y_STR06647,Y_U0052,Y0050,2026-02-18 23:53:32.856948,80
Y_STR06648,Y_U0001,Y0048,2026-02-24 15:32:54.192363,254
Y_STR06649,Y_U0011,Y0008,2026-03-01 03:19:13.926565,236
Y_STR06650,Y_U0033,Y0020,2026-02-03 00:29:28.501863,10
Y_STR06651,Y_U0034,Y0042,2026-02-12 04:22:44.622411,137
Y_STR06652,Y_U0059,Y0029,2026-02-27 07:45:38.159292,324
Y_STR06653,Y_U0018,Y0026,2026-02-14 07:06:26.326786,130
Y_STR06654,Y_U0033,Y0037,2026-02-04 18:09:10.066107,6
Y_STR06655,Y_U0023,Y0022,2026-02-23 18:43:35.642382,175
Y_STR06656,Y_U0092,Y0038,2026-02-02 19:10:24.543161,151
Y_STR06657,Y_U0024,Y0044,2026-02-19 03:12:55.043841,144
Y_STR06658,Y_U0100,Y0006,2026-02-16 09:39:40.202531,103
Y_STR06659,Y_U0047,Y0038,2026-02-18 06:27:36.874471,34
Y_STR06660,Y_U0073,Y0004,2026-02-06 12:11:28.672541,186
Y_STR06661,Y_U0037,Y0037,2026-02-15 01:51:58.486476,79
Y_STR06662,Y_U0066,Y0041,2026-02-08 01:52:44.355134,247
Y_STR06663,Y_U0037,Y0045,2026-02-09 15:59:46.487139,106
Y_STR06664,Y_U0023,Y0036,2026-02-03 02:58:21.306780,57
Y_STR06665,Y_U0082,Y0049,2026-02-12 07:27:11.521500,21
Y_STR06666,Y_U0013,Y0044,2026-02-19 17:35:58.683722,287
Y_STR06667,Y_U0064,Y0047,2026-02-13 11:38:13.714732,216
Y_STR06668,Y_U0031,Y0049,2026-02-05 14:00:40.280044,110
Y_STR06669,Y_U0003,Y0031,2026-02-16 09:59:20.658440,16
Y_STR06670,Y_U0093,Y0010,2026-02-26 16:18:44.561168,62
Y_STR06671,Y_U0078,Y0037,2026-02-17 07:15:32.771411,139
Y_STR06672,Y_U0068,Y0028,2026-02-12 19:55:19.048462,201
Y_STR06673,Y_U0081,Y0043,2026-02-15 16:34:59.768414,16
Y_STR06674,Y_U0036,Y0025,2026-02-20 01:14:10.482946,96
Y_STR06675,Y_U0029,Y0046,2026-02-15 23:14:58.096206,78
Y_STR06676,Y_U0066,Y0012,2026-02-03 16:25:35.162126,146
Y_STR06677,Y_U0047,Y0039,2026-02-08 18:28:47.745154,303
Y_STR06678,Y_U0062,Y0049,2026-02-18 07:35:23.294047,18
Y_STR06679,Y_U0061,Y0032,2026-02-03 04:04:28.312449,207
Y_STR06680,Y_U0088,Y0027,2026-02-22 18:47:18.573736,218
Y_STR06681,Y_U0048,Y0029,2026-02-21 04:12:02.848994,115
Y_STR06682,Y_U0020,Y0049,2026-03-01 06:07:06.711864,7
Y_STR06683,Y_U0009,Y0027,2026-02-05 16:19:22.657253,5
Y_STR06684,Y_U0066,Y0016,2026-02-16 19:30:26.727908,268
Y_STR06685,Y_U0085,Y0047,2026-02-24 22:36:02.156261,288
Y_STR06686,Y_U0094,Y0016,2026-02-24 07:19:10.596963,232
Y_STR06687,Y_U0029,Y0027,2026-02-04 02:16:32.882428,177
Y_STR06688,Y_U0025,Y0044,2026-02-14 04:25:01.756763,135
Y_STR06689,Y_U0011,Y0048,2026-02-20 02:08:15.632126,168
Y_STR06690,Y_U0044,Y0033,2026-02-19 04:05:48.417356,129
Y_STR06691,Y_U0004,Y0037,2026-02-08 19:52:45.449610,147
Y_STR06692,Y_U0009,Y0043,2026-03-01 16:34:39.705854,135
Y_STR06693,Y_U0009,Y0050,2026-02-14 10:18:23.961289,35
Y_STR06694,Y_U0080,Y0032,2026-02-09 05:02:54.813905,265
Y_STR06695,Y_U0087,Y0045,2026-02-25 15:50:15.768170,177
Y_STR06696,Y_U0001,Y0042,2026-02-22 04:50:46.102284,91
Y_STR06697,Y_U0002,Y0010,2026-02-12 13:21:28.816352,57
Y_STR06698,Y_U0041,Y0039,2026-02-16 10:02:50.913395,216
Y_STR06699,Y_U0081,Y0028,2026-02-11 13:50:53.040441,161
Y_STR06700,Y_U0095,Y0038,2026-02-26 20:18:14.991699,102
Y_STR06701,Y_U0069,Y0037,2026-02-13 17:01:11.033449,125
Y_STR06702,Y_U0059,Y0047,2026-02-28 15:19:25.677006,176
Y_STR06703,Y_U0061,Y0036,2026-02-01 10:28:57.829936,174
Y_STR06704,Y_U0089,Y0043,2026-02-18 22:16:52.488712,10
Y_STR06705,Y_U0021,Y0047,2026-02-06 18:07:54.088218,33
Y_STR06706,Y_U0073,Y0045,2026-02-19 18:32:11.472972,139
Y_STR06707,Y_U0037,Y0040,2026-02-13 09:53:55.487113,115
Y_STR06708,Y_U0031,Y0050,2026-02-01 21:56:29.960160,27
Y_STR06709,Y_U0054,Y0044,2026-02-22 21:48:30.472885,103
Y_STR06710,Y_U0041,Y0035,2026-02-08 20:22:42.195645,222
Y_STR06711,Y_U0001,Y0024,2026-02-22 17:58:39.987550,296
Y_STR06712,Y_U0090,Y0024,2026-02-26 22:44:14.545561,187
Y_STR06713,Y_U0036,Y0045,2026-02-21 12:00:23.809819,62
Y_STR06714,Y_U0022,Y0025,2026-02-10 15:01:44.838110,25
Y_STR06715,Y_U0089,Y0037,2026-02-15 10:36:24.101050,87
Y_STR06716,Y_U0009,Y0032,2026-02-24 11:28:38.741711,40
Y_STR06717,Y_U0045,Y0037,2026-02-10 06:22:14.571796,6
Y_STR06718,Y_U0024,Y0036,2026-02-18 22:10:44.620104,277
Y_STR06719,Y_U0031,Y0042,2026-02-11 14:20:59.812031,19
Y_STR06720,Y_U0067,Y0041,2026-02-07 19:12:32.412637,225
Y_STR06721,Y_U0030,Y0050,2026-02-08 15:54:12.625340,169
Y_STR06722,Y_U0029,Y0025,2026-02-08 19:11:46.042111,174
Y_STR06723,Y_U0060,Y0050,2026-02-19 04:37:39.257625,129
Y_STR06724,Y_U0062,Y0047,2026-02-02 16:06:54.739152,193
Y_STR06725,Y_U0005,Y0012,2026-02-16 12:46:17.070473,20
Y_STR06726,Y_U0067,Y0047,2026-02-27 01:07:59.550584,224
Y_STR06727,Y_U0039,Y0030,2026-02-12 22:35:40.875132,83
Y_STR06728,Y_U0066,Y0028,2026-02-07 14:39:18.284576,60
Y_STR06729,Y_U0015,Y0028,2026-02-14 17:29:15.787942,132
Y_STR06730,Y_U0007,Y0039,2026-02-15 07:18:56.971864,334
Y_STR06731,Y_U0068,Y0025,2026-02-03 03:35:37.213204,103
Y_STR06732,Y_U0057,Y0012,2026-02-09 10:59:10.909439,122
Y_STR06733,Y_U0049,Y0050,2026-02-13 12:14:36.762277,85
Y_STR06734,Y_U0060,Y0050,2026-02-15 10:07:58.845852,168
Y_STR06735,Y_U0056,Y0037,2026-02-07 02:03:40.111118,141
Y_STR06736,Y_U0020,Y0039,2026-02-02 07:10:39.741826,84
Y_STR06737,Y_U0035,Y0048,2026-02-18 04:22:34.145960,69
Y_STR06738,Y_U0030,Y0010,2026-02-21 21:34:18.170374,267
Y_STR06739,Y_U0053,Y0038,2026-02-04 18:35:45.399884,46
Y_STR06740,Y_U0100,Y0030,2026-02-26 00:04:33.254781,138
Y_STR06741,Y_U0086,Y0046,2026-02-17 06:00:17.431190,153
Y_STR06742,Y_U0056,Y0020,2026-02-01 15:08:11.261916,75
Y_STR06743,Y_U0035,Y0004,2026-02-25 23:36:17.837134,114
Y_STR06744,Y_U0008,Y0032,2026-02-14 18:11:35.398095,24
Y_STR06745,Y_U0063,Y0002,2026-02-22 14:24:04.462070,103
Y_STR06746,Y_U0027,Y0046,2026-02-01 23:05:47.786127,136
Y_STR06747,Y_U0033,Y0015,2026-02-15 21:54:38.251735,65
Y_STR06748,Y_U0065,Y0037,2026-02-22 02:50:57.049883,68
Y_STR06749,Y_U0065,Y0032,2026-02-20 20:20:21.219125,41
Y_STR06750,Y_U0030,Y0044,2026-02-12 04:46:42.637997,202
Y_STR06751,Y_U0009,Y0035,2026-02-15 02:30:46.918764,121
Y_STR06752,Y_U0013,Y0041,2026-02-19 16:46:00.310689,255
Y_STR06753,Y_U0060,Y0014,2026-02-27 06:56:36.286347,169
Y_STR06754,Y_U0063,Y0039,2026-02-01 01:23:36.104111,111
Y_STR06755,Y_U0043,Y0025,2026-03-01 07:48:22.880642,212
Y_STR06756,Y_U0044,Y0025,2026-02-07 20:17:56.537922,154
Y_STR06757,Y_U0072,Y0015,2026-02-27 21:22:43.113923,122
Y_STR06758,Y_U0045,Y0005,2026-02-12 17:42:02.275890,128
Y_STR06759,Y_U0025,Y0046,2026-02-08 13:51:03.525443,192
Y_STR06760,Y_U0063,Y0047,2026-02-26 00:17:33.317250,196
Y_STR06761,Y_U0002,Y0020,2026-02-17 12:43:35.616585,131
Y_STR06762,Y_U0027,Y0033,2026-01-31 16:34:47.478020,39
Y_STR06763,Y_U0085,Y0025,2026-02-02 09:00:57.925198,161
Y_STR06764,Y_U0098,Y0034,2026-02-03 08:02:41.697696,115
Y_STR06765,Y_U0026,Y0036,2026-02-08 17:59:08.213667,83
Y_STR06766,Y_U0084,Y0047,2026-02-17 14:02:51.785222,137
Y_STR06767,Y_U0036,Y0010,2026-02-05 06:21:52.896936,181
Y_STR06768,Y_U0099,Y0047,2026-02-09 06:47:20.434228,46
Y_STR06769,Y_U0093,Y0038,2026-02-19 13:37:42.410392,87
Y_STR06770,Y_U0085,Y0042,2026-02-28 20:14:39.602582,15
Y_STR06771,Y_U0058,Y0049,2026-02-27 04:52:40.753346,22
Y_STR06772,Y_U0008,Y0016,2026-02-07 13:12:02.479188,276
Y_STR06773,Y_U0034,Y0038,2026-02-15 05:41:18.896523,64
Y_STR06774,Y_U0012,Y0046,2026-02-24 05:40:05.849388,109
Y_STR06775,Y_U0058,Y0028,2026-02-01 19:31:38.948538,122
Y_STR06776,Y_U0059,Y0022,2026-02-08 03:42:57.071645,98
Y_STR06777,Y_U0006,Y0021,2026-02-03 00:59:17.391237,28
Y_STR06778,Y_U0040,Y0049,2026-02-23 12:22:32.981456,87
Y_STR06779,Y_U0087,Y0035,2026-02-18 23:22:41.408134,163
Y_STR06780,Y_U0005,Y0040,2026-02-21 23:50:44.074132,136
Y_STR06781,Y_U0054,Y0024,2026-02-06 12:59:39.934699,29
Y_STR06782,Y_U0032,Y0042,2026-02-26 07:19:37.143795,115
Y_STR06783,Y_U0052,Y0024,2026-02-24 08:57:09.254197,82
Y_STR06784,Y_U0020,Y0032,2026-03-02 00:42:21.019112,188
Y_STR06785,Y_U0027,Y0008,2026-02-02 10:19:20.536530,182
Y_STR06786,Y_U0042,Y0049,2026-02-04 04:02:50.573723,37
Y_STR06787,Y_U0042,Y0049,2026-02-14 00:55:24.700620,121
Y_STR06788,Y_U0047,Y0031,2026-02-26 00:20:06.935032,73
Y_STR06789,Y_U0027,Y0036,2026-02-12 20:56:40.635214,55
Y_STR06790,Y_U0058,Y0014,2026-02-25 06:21:25.945215,194
Y_STR06791,Y_U0092,Y0011,2026-02-05 09:09:24.844540,95
Y_STR06792,Y_U0097,Y0040,2026-02-04 23:42:59.341640,50
Y_STR06793,Y_U0047,Y0026,2026-02-26 03:19:15.563561,35
Y_STR06794,Y_U0022,Y0048,2026-02-05 16:18:12.530045,136
Y_STR06795,Y_U0099,Y0041,2026-02-14 09:08:21.629333,251
Y_STR06796,Y_U0051,Y0047,2026-02-20 23:12:51.582691,110
Y_STR06797,Y_U0064,Y0025,2026-02-15 07:16:25.207551,137
Y_STR06798,Y_U0062,Y0048,2026-02-18 08:33:53.499057,27
Y_STR06799,Y_U0003,Y0042,2026-03-02 01:57:36.063827,57
Y_STR06800,Y_U0053,Y0048,2026-02-19 04:09:08.780354,121
Y_STR06801,Y_U0082,Y0041,2026-02-15 04:45:29.815577,60
Y_STR06802,Y_U0087,Y0022,2026-02-05 03:07:10.896544,38
Y_STR06803,Y_U0080,Y0023,2026-02-26 18:23:12.973437,73
Y_STR06804,Y_U0011,Y0036,2026-01-31 20:26:38.347312,87
Y_STR06805,Y_U0086,Y0036,2026-02-07 17:12:37.609427,100
Y_STR06806,Y_U0074,Y0040,2026-02-22 15:39:21.164501,52
Y_STR06807,Y_U0069,Y0043,2026-02-04 19:54:46.063458,69
Y_STR06808,Y_U0023,Y0049,2026-02-20 03:08:31.402765,47
Y_STR06809,Y_U0072,Y0003,2026-02-25 01:39:58.356486,149
Y_STR06810,Y_U0058,Y0043,2026-02-15 11:40:19.714441,80
Y_STR06811,Y_U0022,Y0022,2026-02-17 11:31:19.972314,15
Y_STR06812,Y_U0040,Y0016,2026-02-28 13:36:59.274725,163
Y_STR06813,Y_U0053,Y0047,2026-02-09 17:01:55.694353,25
Y_STR06814,Y_U0042,Y0017,2026-02-18 17:03:51.907039,84
Y_STR06815,Y_U0021,Y0031,2026-02-08 16:49:29.356295,122
Y_STR06816,Y_U0045,Y0027,2026-02-14 16:22:46.246716,203
Y_STR06817,Y_U0037,Y0047,2026-02-07 18:35:12.758067,188
Y_STR06818,Y_U0091,Y0025,2026-02-11 00:09:29.425876,181
Y_STR06819,Y_U0081,Y0050,2026-02-24 20:52:40.723491,139
Y_STR06820,Y_U0074,Y0023,2026-02-03 19:42:48.823171,239
Y_STR06821,Y_U0081,Y0047,2026-02-16 21:12:19.640655,117
Y_STR06822,Y_U0047,Y0015,2026-02-12 13:07:35.913040,9
Y_STR06823,Y_U0082,Y0038,2026-02-07 13:32:01.137842,88
Y_STR06824,Y_U0068,Y0050,2026-02-11 07:29:07.246163,290
Y_STR06825,Y_U0054,Y0015,2026-02-07 17:42:32.220076,117
Y_STR06826,Y_U0045,Y0031,2026-02-16 01:58:33.088760,104
Y_STR06827,Y_U0050,Y0024,2026-03-01 22:03:13.972809,298
Y_STR06828,Y_U0015,Y0038,2026-02-20 19:20:59.681538,29
Y_STR06829,Y_U0013,Y0046,2026-02-09 15:33:32.339497,105
Y_STR06830,Y_U0093,Y0019,2026-02-27 04:47:52.393271,54
Y_STR06831,Y_U0014,Y0046,2026-01-31 19:22:06.056948,53
Y_STR06832,Y_U0065,Y0035,2026-02-10 19:26:55.539285,305
Y_STR06833,Y_U0051,Y0037,2026-02-12 09:20:28.209122,119
Y_STR06834,Y_U0054,Y0039,2026-02-17 09:59:59.168709,19
Y_STR06835,Y_U0070,Y0034,2026-02-25 22:18:23.064252,95
Y_STR06836,Y_U0055,Y0026,2026-02-03 04:49:39.953656,71
Y_STR06837,Y_U0029,Y0047,2026-02-15 06:57:17.031500,91
Y_STR06838,Y_U0001,Y0019,2026-02-12 18:15:09.685345,246
Y_STR06839,Y_U0052,Y0049,2026-02-23 03:43:02.874579,60
Y_STR06840,Y_U0021,Y0046,2026-02-07 07:13:27.051882,127
Y_STR06841,Y_U0061,Y0025,2026-02-19 23:04:18.838711,17
Y_STR06842,Y_U0083,Y0045,2026-02-10 20:52:02.667030,156
Y_STR06843,Y_U0050,Y0027,2026-02-03 03:04:01.647987,154
Y_STR06844,Y_U0048,Y0017,2026-02-11 21:21:01.220428,98
Y_STR06845,Y_U0021,Y0039,2026-02-16 17:31:59.915432,290
Y_STR06846,Y_U0006,Y0048,2026-02-13 13:27:48.154884,69
Y_STR06847,Y_U0087,Y0047,2026-02-15 13:01:59.647360,116
Y_STR06848,Y_U0093,Y0030,2026-02-07 21:07:47.971099,156
Y_STR06849,Y_U0011,Y0039,2026-02-08 23:09:49.121867,174
Y_STR06850,Y_U0065,Y0049,2026-02-13 23:03:25.254978,78
Y_STR06851,Y_U0003,Y0043,2026-02-26 22:30:19.762642,67
Y_STR06852,Y_U0032,Y0040,2026-02-24 06:53:47.461645,55
Y_STR06853,Y_U0094,Y0045,2026-02-10 17:13:57.469078,73
Y_STR06854,Y_U0019,Y0036,2026-02-27 01:56:31.220334,207
Y_STR06855,Y_U0087,Y0050,2026-02-28 09:06:10.985666,247
Y_STR06856,Y_U0048,Y0050,2026-02-08 10:58:53.994143,305
Y_STR06857,Y_U0004,Y0006,2026-02-07 23:59:37.656514,236
Y_STR06858,Y_U0082,Y0032,2026-02-26 18:48:33.656617,240
Y_STR06859,Y_U0079,Y0050,2026-02-23 15:54:47.953541,313
Y_STR06860,Y_U0085,Y0050,2026-02-12 23:21:39.810593,252
Y_STR06861,Y_U0100,Y0023,2026-02-22 00:31:44.417544,53
Y_STR06862,Y_U0026,Y0040,2026-02-07 19:14:39.458865,8
Y_STR06863,Y_U0023,Y0050,2026-02-28 02:50:32.871042,60
Y_STR06864,Y_U0031,Y0039,2026-03-01 22:49:30.861522,190
Y_STR06865,Y_U0004,Y0023,2026-02-24 01:36:06.638498,241
Y_STR06866,Y_U0027,Y0028,2026-02-17 06:48:49.619324,164
Y_STR06867,Y_U0069,Y0034,2026-02-13 21:52:26.076156,193
Y_STR06868,Y_U0069,Y0040,2026-03-01 12:09:34.013510,110
Y_STR06869,Y_U0018,Y0044,2026-02-15 03:49:42.459808,78
Y_STR06870,Y_U0098,Y0033,2026-02-05 18:23:59.610360,52
Y_STR06871,Y_U0021,Y0017,2026-02-21 17:07:56.338362,8
Y_STR06872,Y_U0092,Y0036,2026-02-12 11:33:08.845075,222
Y_STR06873,Y_U0012,Y0014,2026-02-01 12:40:37.641942,277
Y_STR06874,Y_U0076,Y0050,2026-02-19 12:55:31.963070,260
Y_STR06875,Y_U0067,Y0045,2026-02-08 02:48:37.149933,180
Y_STR06876,Y_U0056,Y0029,2026-02-10 04:29:40.133914,185
Y_STR06877,Y_U0024,Y0004,2026-02-27 05:34:38.812360,47
Y_STR06878,Y_U0029,Y0026,2026-02-05 05:15:12.110595,228
Y_STR06879,Y_U0092,Y0039,2026-02-28 07:05:54.256972,125
Y_STR06880,Y_U0040,Y0038,2026-02-03 19:42:34.842359,89
Y_STR06881,Y_U0085,Y0050,2026-02-19 09:29:53.424861,234
Y_STR06882,Y_U0035,Y0009,2026-02-12 19:35:22.536945,165
Y_STR06883,Y_U0035,Y0016,2026-02-18 17:11:16.733950,83
Y_STR06884,Y_U0092,Y0027,2026-02-04 01:27:40.739027,66
Y_STR06885,Y_U0018,Y0001,2026-02-03 17:12:30.713662,56
Y_STR06886,Y_U0049,Y0031,2026-02-05 06:36:33.026709,56
Y_STR06887,Y_U0049,Y0032,2026-02-04 06:48:03.341713,248
Y_STR06888,Y_U0035,Y0048,2026-02-15 15:08:58.864350,126
Y_STR06889,Y_U0004,Y0045,2026-02-16 00:31:44.775061,195
Y_STR06890,Y_U0033,Y0049,2026-02-16 06:57:57.466357,77
Y_STR06891,Y_U0088,Y0042,2026-02-07 15:25:52.102493,200
Y_STR06892,Y_U0042,Y0048,2026-02-19 11:35:53.042654,71
Y_STR06893,Y_U0035,Y0050,2026-02-13 05:07:08.272827,95
Y_STR06894,Y_U0021,Y0039,2026-02-21 20:38:00.410266,88
Y_STR06895,Y_U0089,Y0012,2026-02-01 11:19:43.000842,219
Y_STR06896,Y_U0092,Y0032,2026-02-16 10:02:14.017858,166
Y_STR06897,Y_U0027,Y0048,2026-02-20 04:50:42.900659,243
Y_STR06898,Y_U0045,Y0035,2026-02-06 14:51:35.210047,88
Y_STR06899,Y_U0081,Y0043,2026-02-05 19:39:49.920820,5
Y_STR06900,Y_U0049,Y0034,2026-02-26 21:13:46.293260,213
Y_STR06901,Y_U0051,Y0030,2026-02-13 17:56:26.488901,68
Y_STR06902,Y_U0050,Y0023,2026-02-04 13:47:56.456411,198
Y_STR06903,Y_U0036,Y0028,2026-03-01 00:44:19.529307,124
Y_STR06904,Y_U0035,Y0028,2026-02-04 19:52:28.673649,69
Y_STR06905,Y_U0074,Y0024,2026-02-01 00:09:33.678455,275
Y_STR06906,Y_U0037,Y0021,2026-02-01 22:56:14.216047,146
Y_STR06907,Y_U0027,Y0041,2026-02-26 21:45:48.955764,152
Y_STR06908,Y_U0015,Y0020,2026-02-04 02:45:47.213979,45
Y_STR06909,Y_U0093,Y0042,2026-02-28 19:41:40.470059,119
Y_STR06910,Y_U0019,Y0048,2026-02-19 15:42:07.470770,111
Y_STR06911,Y_U0037,Y0032,2026-02-27 18:17:28.456681,300
Y_STR06912,Y_U0044,Y0040,2026-02-20 13:17:07.873303,63
Y_STR06913,Y_U0021,Y0037,2026-02-05 01:15:37.383914,148
Y_STR06914,Y_U0025,Y0045,2026-02-04 10:38:17.238706,49
Y_STR06915,Y_U0010,Y0044,2026-02-11 16:13:21.181977,155
Y_STR06916,Y_U0059,Y0027,2026-02-18 05:42:29.335627,92
Y_STR06917,Y_U0067,Y0038,2026-02-26 20:42:51.096223,190
Y_STR06918,Y_U0068,Y0048,2026-02-19 12:49:29.424302,186
Y_STR06919,Y_U0089,Y0032,2026-02-10 16:12:50.930011,121
Y_STR06920,Y_U0062,Y0050,2026-02-24 02:03:44.211789,20
Y_STR06921,Y_U0047,Y0042,2026-02-27 12:54:17.689707,145
Y_STR06922,Y_U0028,Y0043,2026-02-21 19:26:02.625680,161
Y_STR06923,Y_U0073,Y0050,2026-02-03 22:23:55.956026,22
Y_STR06924,Y_U0036,Y0048,2026-02-05 13:30:02.345961,67
Y_STR06925,Y_U0023,Y0028,2026-02-11 11:35:42.434232,257
Y_STR06926,Y_U0087,Y0039,2026-02-03 06:30:10.385220,191
Y_STR06927,Y_U0033,Y0041,2026-02-21 20:00:46.298680,191
Y_STR06928,Y_U0092,Y0037,2026-02-15 20:11:06.875624,48
Y_STR06929,Y_U0078,Y0039,2026-02-11 03:30:29.892589,68
Y_STR06930,Y_U0062,Y0034,2026-02-25 04:44:09.385208,70
Y_STR06931,Y_U0017,Y0040,2026-02-09 17:01:51.137784,105
Y_STR06932,Y_U0082,Y0045,2026-02-15 07:47:38.860521,191
Y_STR06933,Y_U0032,Y0026,2026-02-14 14:59:40.974090,256
Y_STR06934,Y_U0067,Y0028,2026-02-23 10:18:18.245269,197
Y_STR06935,Y_U0005,Y0046,2026-02-20 17:11:10.631337,187
Y_STR06936,Y_U0042,Y0041,2026-02-25 05:26:51.954005,69
Y_STR06937,Y_U0060,Y0047,2026-02-06 07:28:11.060076,9
Y_STR06938,Y_U0097,Y0013,2026-02-21 12:40:49.409265,18
Y_STR06939,Y_U0002,Y0039,2026-02-21 03:41:01.457676,336
Y_STR06940,Y_U0027,Y0026,2026-02-28 18:31:49.576246,201
Y_STR06941,Y_U0005,Y0039,2026-02-16 05:11:54.279720,126
Y_STR06942,Y_U0062,Y0023,2026-02-10 19:14:31.194881,12
Y_STR06943,Y_U0062,Y0029,2026-02-11 12:56:18.808213,306
Y_STR06944,Y_U0054,Y0038,2026-02-15 00:25:18.697304,80
Y_STR06945,Y_U0025,Y0031,2026-02-05 11:38:55.243350,54
Y_STR06946,Y_U0074,Y0041,2026-02-04 21:39:15.126661,114
Y_STR06947,Y_U0086,Y0029,2026-02-09 16:51:22.292989,231
Y_STR06948,Y_U0038,Y0043,2026-02-22 09:43:08.865572,37
Y_STR06949,Y_U0045,Y0008,2026-02-17 20:49:19.319771,169
Y_STR06950,Y_U0083,Y0012,2026-02-06 03:01:14.300150,274
Y_STR06951,Y_U0055,Y0038,2026-02-08 23:45:23.025803,117
Y_STR06952,Y_U0060,Y0050,2026-02-25 09:31:06.542403,298
Y_STR06953,Y_U0037,Y0049,2026-02-05 03:52:27.051778,28
Y_STR06954,Y_U0082,Y0041,2026-02-06 15:53:17.558236,73
Y_STR06955,Y_U0047,Y0026,2026-02-09 09:16:17.574040,182
Y_STR06956,Y_U0070,Y0030,2026-02-13 17:23:33.483696,50
Y_STR06957,Y_U0099,Y0047,2026-02-18 09:33:35.753976,214
Y_STR06958,Y_U0088,Y0044,2026-02-05 17:45:25.961423,220
Y_STR06959,Y_U0047,Y0036,2026-02-06 09:57:22.561341,34
Y_STR06960,Y_U0024,Y0027,2026-02-21 10:28:56.443779,110
Y_STR06961,Y_U0006,Y0041,2026-02-11 00:26:29.734574,63
Y_STR06962,Y_U0035,Y0030,2026-02-02 22:20:51.372350,120
Y_STR06963,Y_U0067,Y0042,2026-02-01 20:34:22.730416,225
Y_STR06964,Y_U0089,Y0013,2026-02-28 02:51:42.726164,167
Y_STR06965,Y_U0067,Y0033,2026-02-10 19:10:28.140418,132
Y_STR06966,Y_U0013,Y0045,2026-02-11 13:10:57.960402,180
Y_STR06967,Y_U0095,Y0021,2026-02-13 22:46:01.594289,136
Y_STR06968,Y_U0015,Y0032,2026-02-21 05:45:53.865774,219
Y_STR06969,Y_U0045,Y0016,2026-02-11 05:06:31.056390,42
Y_STR06970,Y_U0086,Y0025,2026-02-26 06:48:14.352858,112
Y_STR06971,Y_U0008,Y0003,2026-02-25 20:57:51.814662,20
Y_STR06972,Y_U0024,Y0023,2026-02-02 05:40:09.939432,107
Y_STR06973,Y_U0005,Y0034,2026-02-21 18:41:35.254120,128
Y_STR06974,Y_U0027,Y0027,2026-02-11 11:23:04.101465,52
Y_STR06975,Y_U0020,Y0048,2026-02-11 09:00:51.072644,121
Y_STR06976,Y_U0030,Y0048,2026-02-03 23:04:19.436335,141
Y_STR06977,Y_U0065,Y0025,2026-02-18 15:32:30.115767,44
Y_STR06978,Y_U0044,Y0021,2026-02-02 12:59:48.411537,278
Y_STR06979,Y_U0083,Y0030,2026-02-04 14:38:55.741611,61
Y_STR06980,Y_U0004,Y0032,2026-02-25 18:58:01.845187,275
Y_STR06981,Y_U0083,Y0045,2026-02-06 02:32:03.264613,33
Y_STR06982,Y_U0024,Y0040,2026-02-06 00:05:53.826262,104
Y_STR06983,Y_U0023,Y0047,2026-02-12 18:27:49.635561,252
Y_STR06984,Y_U0010,Y0048,2026-02-22 10:17:33.931504,220
Y_STR06985,Y_U0077,Y0049,2026-03-02 02:57:26.017088,107
Y_STR06986,Y_U0014,Y0034,2026-02-18 00:36:59.993117,28
Y_STR06987,Y_U0070,Y0035,2026-02-21 00:49:05.458740,323
Y_STR06988,Y_U0001,Y0023,2026-02-22 21:02:04.501792,16
Y_STR06989,Y_U0098,Y0026,2026-02-13 16:30:16.983683,70
Y_STR06990,Y_U0046,Y0031,2026-02-16 01:40:20.403468,61
Y_STR06991,Y_U0071,Y0027,2026-02-24 18:12:06.952202,93
Y_STR06992,Y_U0052,Y0046,2026-02-15 04:43:43.423764,102
Y_STR06993,Y_U0066,Y0026,2026-02-08 18:51:09.067369,258
Y_STR06994,Y_U0003,Y0028,2026-02-01 02:09:35.577321,75
Y_STR06995,Y_U0097,Y0037,2026-02-18 13:29:24.784507,122
Y_STR06996,Y_U0085,Y0042,2026-02-01 19:34:39.029319,158
Y_STR06997,Y_U0002,Y0033,2026-02-22 23:05:25.749050,138
Y_STR06998,Y_U0061,Y0050,2026-02-26 09:08:57.513395,146
Y_STR06999,Y_U0033,Y0021,2026-02-26 06:01:08.638469,138
Y_STR07000,Y_U0078,Y0020,2026-02-05 10:28:50.753818,29
Y_STR07001,Y_U0072,Y0040,2026-02-20 20:58:06.717907,60
Y_STR07002,Y_U0003,Y0018,2026-02-23 10:03:40.262341,35
Y_STR07003,Y_U0078,Y0041,2026-02-04 02:27:46.101303,133
Y_STR07004,Y_U0094,Y0041,2026-02-01 08:04:27.909363,19
Y_STR07005,Y_U0023,Y0031,2026-02-05 06:01:09.586442,64
Y_STR07006,Y_U0002,Y0036,2026-02-23 19:42:42.516980,50
Y_STR07007,Y_U0093,Y0046,2026-02-17 02:01:15.472603,191
Y_STR07008,Y_U0027,Y0022,2026-02-17 19:33:00.451426,117
Y_STR07009,Y_U0058,Y0007,2026-02-10 02:01:44.919217,303
Y_STR07010,Y_U0038,Y0036,2026-02-01 09:37:46.544027,161
Y_STR07011,Y_U0004,Y0008,2026-02-25 11:58:03.804189,61
Y_STR07012,Y_U0029,Y0027,2026-02-09 09:36:40.009739,50
Y_STR07013,Y_U0017,Y0010,2026-02-07 09:23:30.466350,16
Y_STR07014,Y_U0040,Y0049,2026-02-23 18:30:25.002805,40
Y_STR07015,Y_U0015,Y0050,2026-02-19 04:34:52.749444,300
Y_STR07016,Y_U0053,Y0046,2026-02-25 09:50:10.714198,129
Y_STR07017,Y_U0057,Y0041,2026-02-04 05:01:33.466573,247
Y_STR07018,Y_U0069,Y0028,2026-02-18 01:44:13.482529,265
Y_STR07019,Y_U0022,Y0011,2026-02-22 19:19:12.753645,188
Y_STR07020,Y_U0076,Y0045,2026-02-19 18:55:12.772835,174
Y_STR07021,Y_U0092,Y0043,2026-02-02 07:47:42.409707,64
Y_STR07022,Y_U0076,Y0007,2026-02-23 04:13:31.875199,169
Y_STR07023,Y_U0036,Y0047,2026-02-25 14:37:31.528274,207
Y_STR07024,Y_U0003,Y0035,2026-02-03 20:24:17.800758,74
Y_STR07025,Y_U0087,Y0039,2026-02-23 18:40:18.141600,257
Y_STR07026,Y_U0012,Y0013,2026-03-02 09:32:50.879292,51
Y_STR07027,Y_U0012,Y0047,2026-03-01 14:18:48.707998,125
Y_STR07028,Y_U0028,Y0032,2026-02-23 19:13:11.003290,299
Y_STR07029,Y_U0052,Y0027,2026-02-21 23:42:50.207762,239
Y_STR07030,Y_U0047,Y0043,2026-02-05 14:50:43.631217,103
Y_STR07031,Y_U0001,Y0049,2026-02-26 09:24:23.597241,112
Y_STR07032,Y_U0091,Y0046,2026-02-09 09:06:17.665528,75
Y_STR07033,Y_U0044,Y0022,2026-02-03 18:31:56.316999,118
Y_STR07034,Y_U0095,Y0004,2026-02-15 05:44:00.974734,39
Y_STR07035,Y_U0081,Y0006,2026-02-04 17:34:50.924971,348
Y_STR07036,Y_U0054,Y0039,2026-02-04 01:07:29.868985,288
Y_STR07037,Y_U0049,Y0013,2026-02-16 03:16:52.526805,159
Y_STR07038,Y_U0051,Y0022,2026-02-13 21:32:13.371442,122
Y_STR07039,Y_U0076,Y0050,2026-02-13 21:44:12.831964,70
Y_STR07040,Y_U0038,Y0037,2026-02-17 08:54:20.774215,83
Y_STR07041,Y_U0007,Y0022,2026-02-22 23:41:12.661895,30
Y_STR07042,Y_U0006,Y0046,2026-02-15 04:19:28.154390,127
Y_STR07043,Y_U0097,Y0033,2026-02-16 06:56:48.293126,76
Y_STR07044,Y_U0096,Y0037,2026-02-10 09:28:06.231265,20
Y_STR07045,Y_U0019,Y0036,2026-02-22 21:01:57.159760,142
Y_STR07046,Y_U0093,Y0035,2026-02-14 14:11:10.813815,217
Y_STR07047,Y_U0024,Y0049,2026-02-12 06:49:03.591505,69
Y_STR07048,Y_U0052,Y0041,2026-02-15 15:11:03.915544,100
Y_STR07049,Y_U0037,Y0049,2026-02-12 21:59:16.394835,38
Y_STR07050,Y_U0055,Y0025,2026-02-19 06:59:34.114776,209
Y_STR07051,Y_U0009,Y0043,2026-02-13 23:27:03.828937,116
Y_STR07052,Y_U0008,Y0048,2026-02-28 05:31:12.508146,14
Y_STR07053,Y_U0023,Y0044,2026-02-01 21:11:30.136571,75
Y_STR07054,Y_U0021,Y0039,2026-02-19 07:09:03.208584,319
Y_STR07055,Y_U0013,Y0041,2026-02-06 10:10:49.515223,28
Y_STR07056,Y_U0033,Y0030,2026-02-04 19:23:22.344586,79
Y_STR07057,Y_U0088,Y0027,2026-02-05 08:22:20.499252,161
Y_STR07058,Y_U0087,Y0050,2026-02-20 20:06:29.309324,183
Y_STR07059,Y_U0088,Y0040,2026-02-06 03:06:34.139338,130
Y_STR07060,Y_U0049,Y0029,2026-02-25 17:19:34.392936,238
Y_STR07061,Y_U0057,Y0020,2026-02-11 21:11:51.311386,66
Y_STR07062,Y_U0013,Y0046,2026-02-26 10:48:45.738305,171
Y_STR07063,Y_U0016,Y0047,2026-01-31 16:37:02.860963,55
Y_STR07064,Y_U0019,Y0039,2026-02-07 20:37:55.261466,107
Y_STR07065,Y_U0058,Y0042,2026-02-25 13:17:13.582793,224
Y_STR07066,Y_U0084,Y0018,2026-02-03 05:01:03.299438,43
Y_STR07067,Y_U0039,Y0048,2026-02-24 00:20:22.940286,185
Y_STR07068,Y_U0044,Y0037,2026-02-23 18:39:32.085194,73
Y_STR07069,Y_U0084,Y0049,2026-02-11 17:33:34.563001,5
Y_STR07070,Y_U0086,Y0032,2026-02-20 23:23:23.106559,65
Y_STR07071,Y_U0098,Y0038,2026-02-27 09:05:17.070142,78
Y_STR07072,Y_U0088,Y0042,2026-02-22 09:25:44.980528,10
Y_STR07073,Y_U0093,Y0032,2026-02-16 16:33:31.303603,117
Y_STR07074,Y_U0054,Y0034,2026-02-07 05:48:08.424767,134
Y_STR07075,Y_U0007,Y0018,2026-02-10 00:23:41.491874,147
Y_STR07076,Y_U0080,Y0050,2026-02-05 11:24:43.132556,27
Y_STR07077,Y_U0016,Y0021,2026-02-17 01:35:20.371427,163
Y_STR07078,Y_U0052,Y0046,2026-02-25 10:10:29.474513,13
Y_STR07079,Y_U0022,Y0040,2026-02-11 04:02:19.572973,79
Y_STR07080,Y_U0032,Y0045,2026-02-04 02:31:04.873275,62
Y_STR07081,Y_U0012,Y0009,2026-02-25 00:05:46.062329,152
Y_STR07082,Y_U0076,Y0008,2026-02-20 16:03:54.918157,204
Y_STR07083,Y_U0046,Y0033,2026-02-17 03:50:49.977049,96
Y_STR07084,Y_U0087,Y0026,2026-02-17 04:48:29.403855,178
Y_STR07085,Y_U0002,Y0046,2026-02-01 22:35:38.689759,48
Y_STR07086,Y_U0044,Y0003,2026-02-23 23:03:26.028895,35
Y_STR07087,Y_U0090,Y0030,2026-02-15 11:39:09.923537,117
Y_STR07088,Y_U0064,Y0044,2026-02-20 15:05:06.964471,169
Y_STR07089,Y_U0058,Y0034,2026-02-18 05:50:20.380938,146
Y_STR07090,Y_U0044,Y0046,2026-02-24 18:20:27.226142,166
Y_STR07091,Y_U0042,Y0043,2026-01-31 17:54:19.053699,84
Y_STR07092,Y_U0042,Y0049,2026-02-20 14:39:01.305325,10
Y_STR07093,Y_U0040,Y0040,2026-02-28 07:25:04.237263,47
Y_STR07094,Y_U0096,Y0027,2026-02-27 20:02:55.996247,122
Y_STR07095,Y_U0097,Y0020,2026-02-25 20:19:51.546955,128
Y_STR07096,Y_U0011,Y0047,2026-02-08 09:32:56.598997,121
Y_STR07097,Y_U0019,Y0021,2026-02-24 13:09:09.910738,288
Y_STR07098,Y_U0057,Y0048,2026-02-28 21:34:04.030226,266
Y_STR07099,Y_U0061,Y0045,2026-02-22 19:51:48.909883,62
Y_STR07100,Y_U0055,Y0037,2026-02-09 03:23:07.003258,97
Y_STR07101,Y_U0072,Y0035,2026-02-17 05:47:30.258877,299
Y_STR07102,Y_U0006,Y0042,2026-02-12 08:16:37.848572,124
Y_STR07103,Y_U0095,Y0035,2026-02-04 03:18:05.195915,141
Y_STR07104,Y_U0079,Y0037,2026-02-16 06:22:42.378208,78
Y_STR07105,Y_U0077,Y0011,2026-02-25 21:48:24.618655,130
Y_STR07106,Y_U0017,Y0029,2026-02-18 07:31:22.526899,144
Y_STR07107,Y_U0058,Y0048,2026-02-08 23:51:27.198211,182
Y_STR07108,Y_U0054,Y0010,2026-02-11 20:21:11.550803,50
Y_STR07109,Y_U0098,Y0032,2026-02-15 13:14:04.907831,181
Y_STR07110,Y_U0062,Y0020,2026-02-27 15:25:46.032046,48
Y_STR07111,Y_U0047,Y0037,2026-02-06 16:16:13.989146,144
Y_STR07112,Y_U0076,Y0024,2026-02-06 03:10:11.607814,123
Y_STR07113,Y_U0003,Y0029,2026-02-11 04:05:38.173232,151
Y_STR07114,Y_U0009,Y0050,2026-03-01 15:21:03.305801,272
Y_STR07115,Y_U0100,Y0031,2026-02-07 02:59:00.988083,110
Y_STR07116,Y_U0090,Y0043,2026-02-22 10:42:12.048528,114
Y_STR07117,Y_U0058,Y0026,2026-03-01 00:46:41.392858,217
Y_STR07118,Y_U0001,Y0033,2026-02-19 08:07:57.930850,5
Y_STR07119,Y_U0018,Y0024,2026-02-11 02:26:04.518240,104
Y_STR07120,Y_U0068,Y0039,2026-02-13 19:44:57.392386,14
Y_STR07121,Y_U0053,Y0013,2026-02-21 19:34:52.833476,70
Y_STR07122,Y_U0038,Y0024,2026-02-11 06:26:40.138076,281
Y_STR07123,Y_U0026,Y0016,2026-02-09 20:12:35.985940,230
Y_STR07124,Y_U0005,Y0044,2026-02-21 19:08:08.801904,286
Y_STR07125,Y_U0072,Y0047,2026-02-25 13:46:27.783198,247
Y_STR07126,Y_U0006,Y0027,2026-02-18 21:35:54.758988,102
Y_STR07127,Y_U0014,Y0013,2026-02-17 16:32:17.914990,176
Y_STR07128,Y_U0076,Y0003,2026-02-09 04:29:02.584750,136
Y_STR07129,Y_U0030,Y0048,2026-02-03 09:10:21.387349,98
Y_STR07130,Y_U0019,Y0031,2026-02-08 17:10:58.232386,75
Y_STR07131,Y_U0059,Y0045,2026-02-13 04:46:49.594019,201
Y_STR07132,Y_U0083,Y0036,2026-03-02 10:53:04.567002,60
Y_STR07133,Y_U0049,Y0024,2026-02-14 14:47:05.549255,203
Y_STR07134,Y_U0052,Y0048,2026-02-06 10:56:59.634804,141
Y_STR07135,Y_U0085,Y0036,2026-02-11 15:03:55.270291,32
Y_STR07136,Y_U0085,Y0044,2026-02-07 15:47:29.025451,308
Y_STR07137,Y_U0038,Y0036,2026-02-07 08:33:40.276347,227
Y_STR07138,Y_U0062,Y0019,2026-02-06 11:17:32.746621,150
Y_STR07139,Y_U0028,Y0033,2026-02-13 13:45:53.604795,105
Y_STR07140,Y_U0011,Y0047,2026-03-01 18:12:01.572272,115
Y_STR07141,Y_U0094,Y0019,2026-02-08 20:38:33.417015,98
Y_STR07142,Y_U0089,Y0045,2026-02-27 09:54:42.480799,42
Y_STR07143,Y_U0010,Y0022,2026-02-12 13:43:16.603870,169
Y_STR07144,Y_U0027,Y0046,2026-02-16 14:05:55.767922,56
Y_STR07145,Y_U0087,Y0032,2026-02-19 18:05:23.217688,95
Y_STR07146,Y_U0019,Y0028,2026-02-17 14:15:48.129982,53
Y_STR07147,Y_U0022,Y0046,2026-02-04 02:24:26.529493,28
Y_STR07148,Y_U0088,Y0046,2026-02-09 06:50:24.701027,87
Y_STR07149,Y_U0011,Y0033,2026-02-09 23:55:59.132086,138
Y_STR07150,Y_U0082,Y0039,2026-02-04 05:58:23.010294,240
Y_STR07151,Y_U0037,Y0036,2026-02-25 13:15:58.404982,275
Y_STR07152,Y_U0028,Y0048,2026-02-12 03:06:53.948405,174
Y_STR07153,Y_U0045,Y0031,2026-02-06 12:08:25.550180,138
Y_STR07154,Y_U0007,Y0032,2026-02-14 13:05:55.025301,137
Y_STR07155,Y_U0072,Y0034,2026-02-23 05:31:52.490163,101
Y_STR07156,Y_U0060,Y0024,2026-02-05 20:45:00.343571,107
Y_STR07157,Y_U0028,Y0012,2026-02-22 14:28:03.094492,35
Y_STR07158,Y_U0051,Y0030,2026-02-23 06:46:40.849913,120
Y_STR07159,Y_U0036,Y0050,2026-03-02 03:08:13.330307,336
Y_STR07160,Y_U0064,Y0024,2026-02-22 09:03:31.004667,198
Y_STR07161,Y_U0051,Y0032,2026-02-05 05:48:28.002797,199
Y_STR07162,Y_U0040,Y0046,2026-02-10 04:58:49.294517,149
Y_STR07163,Y_U0059,Y0022,2026-02-12 17:40:38.990190,63
Y_STR07164,Y_U0017,Y0023,2026-02-13 21:47:44.448979,175
Y_STR07165,Y_U0054,Y0046,2026-02-10 12:40:43.730307,141
Y_STR07166,Y_U0049,Y0031,2026-02-06 11:22:47.370774,136
Y_STR07167,Y_U0096,Y0006,2026-02-16 01:33:40.928464,286
Y_STR07168,Y_U0089,Y0036,2026-02-09 13:02:13.855359,77
Y_STR07169,Y_U0091,Y0041,2026-02-04 22:29:57.624012,167
Y_STR07170,Y_U0094,Y0040,2026-02-07 09:54:56.561581,35
Y_STR07171,Y_U0047,Y0034,2026-02-07 07:17:51.774070,30
Y_STR07172,Y_U0001,Y0028,2026-02-05 21:23:24.326173,17
Y_STR07173,Y_U0069,Y0024,2026-02-22 22:06:32.165217,70
Y_STR07174,Y_U0032,Y0001,2026-02-15 21:16:04.197836,17
Y_STR07175,Y_U0013,Y0018,2026-02-09 15:03:11.782448,251
Y_STR07176,Y_U0090,Y0021,2026-02-24 18:43:15.410800,63
Y_STR07177,Y_U0032,Y0050,2026-03-01 16:52:16.203719,301
Y_STR07178,Y_U0043,Y0027,2026-02-23 18:43:08.277747,24
Y_STR07179,Y_U0041,Y0010,2026-02-27 21:07:14.352579,32
Y_STR07180,Y_U0030,Y0045,2026-02-25 14:04:43.900381,182
Y_STR07181,Y_U0090,Y0033,2026-03-01 20:13:25.116713,72
Y_STR07182,Y_U0031,Y0005,2026-02-08 16:40:06.658338,230
Y_STR07183,Y_U0012,Y0018,2026-02-13 07:46:04.193096,67
Y_STR07184,Y_U0097,Y0049,2026-02-19 23:08:40.493721,15
Y_STR07185,Y_U0066,Y0040,2026-02-16 09:32:23.377740,90
Y_STR07186,Y_U0058,Y0038,2026-02-15 07:07:31.679127,33
Y_STR07187,Y_U0040,Y0045,2026-02-13 21:33:07.894690,65
Y_STR07188,Y_U0030,Y0044,2026-02-04 16:56:04.215892,171
Y_STR07189,Y_U0077,Y0032,2026-02-18 21:37:18.990977,54
Y_STR07190,Y_U0098,Y0031,2026-02-12 19:48:16.203147,149
Y_STR07191,Y_U0023,Y0037,2026-02-02 09:49:52.036104,94
Y_STR07192,Y_U0066,Y0043,2026-02-22 07:55:15.340120,13
Y_STR07193,Y_U0082,Y0031,2026-02-18 21:29:36.610356,102
Y_STR07194,Y_U0051,Y0021,2026-02-07 17:49:50.532582,194
Y_STR07195,Y_U0018,Y0043,2026-02-16 03:42:34.174541,133
Y_STR07196,Y_U0087,Y0049,2026-02-06 04:04:09.373566,55
Y_STR07197,Y_U0057,Y0017,2026-02-18 12:24:07.825598,22
Y_STR07198,Y_U0061,Y0030,2026-02-08 09:29:20.972709,156
Y_STR07199,Y_U0083,Y0039,2026-02-24 09:12:25.241608,278
Y_STR07200,Y_U0099,Y0038,2026-02-09 21:15:17.661204,12
Y_STR07201,Y_U0074,Y0045,2026-02-19 01:17:41.451213,123
Y_STR07202,Y_U0041,Y0038,2026-02-24 01:00:59.485428,190
Y_STR07203,Y_U0005,Y0028,2026-02-09 04:56:29.387053,237
Y_STR07204,Y_U0019,Y0044,2026-02-21 19:48:05.615886,96
Y_STR07205,Y_U0072,Y0035,2026-02-07 14:12:27.459545,245
Y_STR07206,Y_U0015,Y0050,2026-02-25 23:59:33.056922,277
Y_STR07207,Y_U0002,Y0026,2026-03-01 22:35:23.680787,45
Y_STR07208,Y_U0043,Y0026,2026-02-02 04:30:40.821115,29
Y_STR07209,Y_U0003,Y0023,2026-02-07 16:45:39.637822,25
Y_STR07210,Y_U0017,Y0046,2026-02-08 18:45:24.929682,98
Y_STR07211,Y_U0023,Y0030,2026-02-24 23:56:50.022449,96
Y_STR07212,Y_U0066,Y0025,2026-02-03 11:18:49.811484,105
Y_STR07213,Y_U0055,Y0043,2026-02-02 19:20:05.962845,69
Y_STR07214,Y_U0001,Y0037,2026-02-17 19:33:16.857960,61
Y_STR07215,Y_U0068,Y0046,2026-02-18 04:26:11.591403,112
Y_STR07216,Y_U0014,Y0029,2026-02-01 12:49:51.678506,43
Y_STR07217,Y_U0053,Y0018,2026-02-19 19:08:59.851947,104
Y_STR07218,Y_U0091,Y0050,2026-02-14 16:43:16.900656,30
Y_STR07219,Y_U0067,Y0049,2026-02-11 11:05:41.450374,37
Y_STR07220,Y_U0018,Y0040,2026-02-13 08:50:37.563040,44
Y_STR07221,Y_U0012,Y0019,2026-02-27 09:21:17.841127,273
Y_STR07222,Y_U0015,Y0011,2026-02-24 10:51:04.722266,111
Y_STR07223,Y_U0020,Y0033,2026-02-06 00:39:06.605448,51
Y_STR07224,Y_U0070,Y0006,2026-02-07 10:03:40.679021,60
Y_STR07225,Y_U0028,Y0039,2026-02-16 20:48:59.862009,333
Y_STR07226,Y_U0060,Y0012,2026-02-01 14:30:30.248441,43
Y_STR07227,Y_U0002,Y0040,2026-02-03 18:22:06.367152,120
Y_STR07228,Y_U0055,Y0047,2026-02-01 00:01:09.199401,293
Y_STR07229,Y_U0041,Y0030,2026-02-09 21:35:38.481946,141
Y_STR07230,Y_U0071,Y0045,2026-02-12 18:57:53.474211,161
Y_STR07231,Y_U0009,Y0036,2026-02-02 11:14:43.994578,118
Y_STR07232,Y_U0077,Y0045,2026-02-26 18:00:38.617407,64
Y_STR07233,Y_U0021,Y0033,2026-02-04 17:14:22.975610,130
Y_STR07234,Y_U0005,Y0045,2026-02-14 17:50:30.941448,145
Y_STR07235,Y_U0065,Y0040,2026-02-06 15:34:03.928302,54
Y_STR07236,Y_U0037,Y0018,2026-02-23 17:16:43.390943,14
Y_STR07237,Y_U0059,Y0042,2026-02-02 01:49:55.923096,126
Y_STR07238,Y_U0070,Y0040,2026-02-10 09:11:05.548898,88
Y_STR07239,Y_U0008,Y0041,2026-02-03 23:53:53.188795,85
Y_STR07240,Y_U0097,Y0034,2026-02-24 11:07:34.567035,85
Y_STR07241,Y_U0031,Y0018,2026-02-08 02:31:14.459076,188
Y_STR07242,Y_U0096,Y0042,2026-02-23 17:13:09.801843,256
Y_STR07243,Y_U0016,Y0025,2026-02-10 23:32:46.854146,165
Y_STR07244,Y_U0073,Y0040,2026-02-22 14:18:37.910142,137
Y_STR07245,Y_U0011,Y0015,2026-02-16 09:23:22.423683,62
Y_STR07246,Y_U0092,Y0024,2026-01-31 18:01:36.791810,116
Y_STR07247,Y_U0043,Y0039,2026-02-21 17:16:39.973139,149
Y_STR07248,Y_U0054,Y0025,2026-02-04 09:29:15.942826,211
Y_STR07249,Y_U0005,Y0045,2026-02-21 13:58:59.324597,82
Y_STR07250,Y_U0048,Y0006,2026-02-01 05:10:36.514955,111
Y_STR07251,Y_U0005,Y0035,2026-02-19 17:39:30.617522,218
Y_STR07252,Y_U0074,Y0018,2026-02-27 18:44:21.975918,98
Y_STR07253,Y_U0055,Y0027,2026-02-24 09:18:24.479608,201
Y_STR07254,Y_U0071,Y0036,2026-02-04 00:20:15.625915,222
Y_STR07255,Y_U0074,Y0048,2026-02-12 04:22:58.653661,258
Y_STR07256,Y_U0047,Y0033,2026-02-27 08:25:07.062139,123
Y_STR07257,Y_U0041,Y0034,2026-02-16 16:25:43.348036,86
Y_STR07258,Y_U0034,Y0021,2026-02-09 23:04:22.170017,34
Y_STR07259,Y_U0065,Y0045,2026-02-12 06:57:54.625317,105
Y_STR07260,Y_U0011,Y0011,2026-02-25 16:48:21.971720,280
Y_STR07261,Y_U0018,Y0042,2026-02-15 03:53:26.721314,123
Y_STR07262,Y_U0021,Y0046,2026-02-11 22:40:17.165683,47
Y_STR07263,Y_U0088,Y0032,2026-02-12 22:46:27.764466,184
Y_STR07264,Y_U0097,Y0039,2026-02-13 01:20:36.747768,154
Y_STR07265,Y_U0039,Y0020,2026-02-24 12:30:33.403150,141
Y_STR07266,Y_U0024,Y0029,2026-02-02 03:01:00.832628,150
Y_STR07267,Y_U0006,Y0043,2026-02-18 18:41:10.217975,72
Y_STR07268,Y_U0013,Y0034,2026-02-14 06:03:20.915451,100
Y_STR07269,Y_U0004,Y0019,2026-02-21 15:22:17.262489,51
Y_STR07270,Y_U0094,Y0046,2026-02-14 11:01:23.590406,181
Y_STR07271,Y_U0057,Y0015,2026-02-11 04:53:48.192698,96
Y_STR07272,Y_U0077,Y0027,2026-02-14 00:52:15.453509,152
Y_STR07273,Y_U0099,Y0012,2026-02-27 06:46:55.169244,175
Y_STR07274,Y_U0071,Y0050,2026-02-21 09:57:08.886156,259
Y_STR07275,Y_U0085,Y0025,2026-02-11 15:05:30.579941,99
Y_STR07276,Y_U0012,Y0028,2026-03-01 18:11:57.771121,191
Y_STR07277,Y_U0014,Y0049,2026-02-05 04:50:43.446533,63
Y_STR07278,Y_U0003,Y0018,2026-02-10 04:56:18.741800,88
Y_STR07279,Y_U0041,Y0036,2026-02-27 14:06:11.357663,116
Y_STR07280,Y_U0080,Y0035,2026-02-11 20:44:05.373267,193
Y_STR07281,Y_U0052,Y0039,2026-02-26 22:22:11.949404,183
Y_STR07282,Y_U0033,Y0043,2026-02-13 13:51:29.394775,85
Y_STR07283,Y_U0043,Y0029,2026-02-04 20:02:37.919902,65
Y_STR07284,Y_U0083,Y0025,2026-02-16 15:36:24.753609,200
Y_STR07285,Y_U0002,Y0044,2026-02-02 04:53:14.038851,337
Y_STR07286,Y_U0059,Y0017,2026-02-25 10:02:10.362703,19
Y_STR07287,Y_U0096,Y0050,2026-02-06 16:00:03.016169,338
Y_STR07288,Y_U0038,Y0045,2026-02-25 12:20:11.220678,34
Y_STR07289,Y_U0059,Y0043,2026-02-10 14:18:44.262698,36
Y_STR07290,Y_U0017,Y0047,2026-02-08 23:21:11.435733,177
Y_STR07291,Y_U0071,Y0046,2026-02-13 00:50:11.419801,77
Y_STR07292,Y_U0080,Y0044,2026-02-26 03:32:04.879640,319
Y_STR07293,Y_U0051,Y0038,2026-02-13 21:57:36.917395,58
Y_STR07294,Y_U0066,Y0037,2026-02-07 17:01:46.411114,129
Y_STR07295,Y_U0019,Y0032,2026-02-05 02:39:18.363712,153
Y_STR07296,Y_U0013,Y0042,2026-02-20 09:49:40.864744,58
Y_STR07297,Y_U0089,Y0044,2026-02-19 17:08:56.965044,277
Y_STR07298,Y_U0061,Y0049,2026-02-17 08:11:37.930955,66
Y_STR07299,Y_U0032,Y0039,2026-02-10 13:22:37.152567,115
Y_STR07300,Y_U0054,Y0021,2026-02-21 14:58:33.314245,98
Y_STR07301,Y_U0061,Y0032,2026-02-09 00:01:19.857542,40
Y_STR07302,Y_U0041,Y0013,2026-02-23 22:40:43.345891,109
Y_STR07303,Y_U0096,Y0032,2026-02-03 23:21:36.182966,139
Y_STR07304,Y_U0018,Y0021,2026-02-14 10:37:21.279519,21
Y_STR07305,Y_U0035,Y0043,2026-02-08 23:35:11.111319,162
Y_STR07306,Y_U0041,Y0050,2026-03-01 08:02:07.944992,210
Y_STR07307,Y_U0011,Y0048,2026-02-02 10:00:54.557241,45
Y_STR07308,Y_U0083,Y0048,2026-02-16 21:31:09.534646,65
Y_STR07309,Y_U0022,Y0031,2026-03-01 04:29:39.400230,144
Y_STR07310,Y_U0012,Y0043,2026-02-26 23:08:56.514456,106
Y_STR07311,Y_U0098,Y0031,2026-03-01 20:50:46.015346,111
Y_STR07312,Y_U0083,Y0036,2026-02-07 22:29:38.461058,205
Y_STR07313,Y_U0098,Y0045,2026-02-09 19:07:24.094203,58
Y_STR07314,Y_U0058,Y0048,2026-03-01 07:30:10.445766,103
Y_STR07315,Y_U0096,Y0020,2026-02-10 15:44:06.615085,154
Y_STR07316,Y_U0088,Y0025,2026-02-02 03:04:28.208411,119
Y_STR07317,Y_U0023,Y0041,2026-02-10 08:06:31.192415,7
Y_STR07318,Y_U0014,Y0027,2026-02-16 07:14:28.353989,189
Y_STR07319,Y_U0029,Y0025,2026-02-23 17:55:03.070365,161
Y_STR07320,Y_U0017,Y0045,2026-02-22 03:15:31.085649,5
Y_STR07321,Y_U0058,Y0017,2026-02-10 12:00:09.925657,5
Y_STR07322,Y_U0029,Y0039,2026-02-02 10:57:36.669031,34
Y_STR07323,Y_U0097,Y0033,2026-02-04 04:02:04.192063,75
Y_STR07324,Y_U0071,Y0048,2026-02-09 17:32:37.003353,254
Y_STR07325,Y_U0019,Y0025,2026-02-20 18:46:19.054810,86
Y_STR07326,Y_U0085,Y0024,2026-02-03 02:29:41.138803,350
Y_STR07327,Y_U0050,Y0013,2026-02-05 05:49:23.412314,92
Y_STR07328,Y_U0016,Y0049,2026-02-15 14:45:37.850951,14
Y_STR07329,Y_U0069,Y0024,2026-02-01 16:20:07.589339,327
Y_STR07330,Y_U0065,Y0008,2026-02-20 07:15:56.850522,246
Y_STR07331,Y_U0095,Y0044,2026-02-23 20:12:03.519421,267
Y_STR07332,Y_U0004,Y0041,2026-02-01 09:08:46.036781,74
Y_STR07333,Y_U0044,Y0027,2026-02-01 05:58:08.465847,109
Y_STR07334,Y_U0095,Y0046,2026-02-27 21:11:18.418012,37
Y_STR07335,Y_U0061,Y0033,2026-02-26 14:24:12.467647,155
Y_STR07336,Y_U0052,Y0032,2026-02-02 04:14:11.602913,167
Y_STR07337,Y_U0047,Y0046,2026-02-12 08:46:39.815824,159
Y_STR07338,Y_U0065,Y0026,2026-02-27 11:59:23.429863,95
Y_STR07339,Y_U0036,Y0050,2026-03-01 07:35:24.816427,321
Y_STR07340,Y_U0017,Y0018,2026-02-05 08:53:54.685988,109
Y_STR07341,Y_U0006,Y0037,2026-02-22 05:27:10.328523,20
Y_STR07342,Y_U0078,Y0042,2026-02-03 13:17:47.727303,190
Y_STR07343,Y_U0100,Y0041,2026-02-12 20:39:26.626672,100
Y_STR07344,Y_U0027,Y0038,2026-01-31 16:14:04.773646,8
Y_STR07345,Y_U0040,Y0037,2026-02-24 14:30:29.722868,33
Y_STR07346,Y_U0063,Y0049,2026-02-24 18:29:30.746535,96
Y_STR07347,Y_U0022,Y0026,2026-02-10 22:35:16.218803,66
Y_STR07348,Y_U0017,Y0037,2026-02-04 19:48:06.253946,55
Y_STR07349,Y_U0073,Y0030,2026-02-17 10:56:30.475418,52
Y_STR07350,Y_U0046,Y0010,2026-02-01 20:12:11.405533,259
Y_STR07351,Y_U0082,Y0031,2026-02-25 12:38:18.673507,98
Y_STR07352,Y_U0024,Y0043,2026-03-01 13:49:02.747987,78
Y_STR07353,Y_U0076,Y0034,2026-02-23 08:31:44.908028,132
Y_STR07354,Y_U0074,Y0011,2026-02-01 19:10:48.945448,104
Y_STR07355,Y_U0010,Y0016,2026-03-01 04:48:14.922876,73
Y_STR07356,Y_U0068,Y0039,2026-02-27 03:48:49.026519,271
Y_STR07357,Y_U0099,Y0024,2026-02-04 10:15:59.705976,151
Y_STR07358,Y_U0015,Y0041,2026-02-16 01:40:11.668004,14
Y_STR07359,Y_U0061,Y0027,2026-02-17 22:51:27.267828,122
Y_STR07360,Y_U0046,Y0023,2026-02-13 04:22:08.894254,149
Y_STR07361,Y_U0072,Y0049,2026-02-04 17:59:05.682133,102
Y_STR07362,Y_U0087,Y0046,2026-02-13 05:17:03.518759,162
Y_STR07363,Y_U0029,Y0040,2026-02-12 18:57:52.767787,54
Y_STR07364,Y_U0064,Y0021,2026-02-15 23:34:27.043061,174
Y_STR07365,Y_U0033,Y0032,2026-02-09 04:16:19.049326,218
Y_STR07366,Y_U0042,Y0048,2026-02-04 08:47:19.473145,87
Y_STR07367,Y_U0010,Y0034,2026-02-08 00:44:10.346340,20
Y_STR07368,Y_U0043,Y0026,2026-02-13 21:06:24.772303,238
Y_STR07369,Y_U0066,Y0036,2026-02-06 07:19:50.358494,103
Y_STR07370,Y_U0014,Y0040,2026-02-04 00:59:01.388222,73
Y_STR07371,Y_U0015,Y0034,2026-02-28 13:10:50.898933,37
Y_STR07372,Y_U0013,Y0032,2026-02-24 17:33:34.908382,252
Y_STR07373,Y_U0014,Y0031,2026-02-26 18:29:43.982749,18
Y_STR07374,Y_U0057,Y0029,2026-02-02 13:08:02.974945,24
Y_STR07375,Y_U0021,Y0026,2026-02-11 17:08:27.411134,194
Y_STR07376,Y_U0048,Y0048,2026-02-11 05:28:46.290239,195
Y_STR07377,Y_U0017,Y0041,2026-02-22 21:38:19.837265,161
Y_STR07378,Y_U0065,Y0026,2026-02-28 12:56:22.814415,64
Y_STR07379,Y_U0079,Y0039,2026-02-21 18:12:53.246377,268
Y_STR07380,Y_U0062,Y0011,2026-02-01 05:59:28.477197,179
Y_STR07381,Y_U0034,Y0031,2026-03-01 12:54:03.835313,71
Y_STR07382,Y_U0086,Y0030,2026-02-27 05:06:57.662739,62
Y_STR07383,Y_U0080,Y0042,2026-02-11 01:52:47.241010,66
Y_STR07384,Y_U0063,Y0012,2026-02-09 13:37:53.227464,281
Y_STR07385,Y_U0037,Y0015,2026-02-21 16:24:54.706275,131
Y_STR07386,Y_U0095,Y0033,2026-02-03 10:59:55.662413,27
Y_STR07387,Y_U0030,Y0046,2026-02-19 15:05:29.456496,167
Y_STR07388,Y_U0093,Y0045,2026-02-21 19:37:43.190935,108
Y_STR07389,Y_U0055,Y0035,2026-02-22 03:43:21.613288,109
Y_STR07390,Y_U0078,Y0030,2026-02-07 11:42:14.901706,132
Y_STR07391,Y_U0063,Y0038,2026-02-03 07:08:04.517822,12
Y_STR07392,Y_U0021,Y0015,2026-02-14 10:27:09.225548,145
Y_STR07393,Y_U0041,Y0016,2026-02-08 11:18:27.372753,178
Y_STR07394,Y_U0009,Y0024,2026-02-01 14:58:51.645772,119
Y_STR07395,Y_U0078,Y0045,2026-02-21 15:49:21.862753,178
Y_STR07396,Y_U0085,Y0046,2026-02-20 09:42:03.424079,38
Y_STR07397,Y_U0009,Y0050,2026-02-13 18:54:03.029193,16
Y_STR07398,Y_U0002,Y0013,2026-02-08 07:45:19.552359,177
Y_STR07399,Y_U0073,Y0041,2026-02-04 20:31:20.048483,230
Y_STR07400,Y_U0064,Y0023,2026-03-01 21:06:46.722433,222
Y_STR07401,Y_U0054,Y0037,2026-02-09 01:32:40.845403,18
Y_STR07402,Y_U0072,Y0012,2026-02-12 12:35:34.842308,20
Y_STR07403,Y_U0048,Y0046,2026-02-18 11:58:56.260410,8
Y_STR07404,Y_U0075,Y0036,2026-02-03 01:49:16.841040,156
Y_STR07405,Y_U0034,Y0049,2026-03-01 14:32:09.111671,48
Y_STR07406,Y_U0064,Y0039,2026-02-18 08:40:53.840299,251
Y_STR07407,Y_U0066,Y0034,2026-03-01 10:49:15.847079,9
Y_STR07408,Y_U0059,Y0027,2026-02-13 21:11:04.318989,15
Y_STR07409,Y_U0022,Y0036,2026-02-19 15:38:54.636519,21
Y_STR07410,Y_U0025,Y0049,2026-02-13 08:54:17.598349,110
Y_STR07411,Y_U0029,Y0029,2026-02-16 19:25:59.881125,107
Y_STR07412,Y_U0061,Y0035,2026-02-17 10:40:08.991941,313
Y_STR07413,Y_U0008,Y0026,2026-02-11 12:08:02.492560,149
Y_STR07414,Y_U0008,Y0012,2026-02-28 15:51:51.958708,98
Y_STR07415,Y_U0026,Y0044,2026-02-19 20:44:33.652130,293
Y_STR07416,Y_U0031,Y0046,2026-02-24 06:03:02.064081,123
Y_STR07417,Y_U0078,Y0035,2026-02-14 11:11:37.277094,18
Y_STR07418,Y_U0099,Y0017,2026-02-05 18:00:28.540112,23
Y_STR07419,Y_U0085,Y0048,2026-02-08 19:00:32.060598,251
Y_STR07420,Y_U0030,Y0035,2026-02-11 08:40:47.207103,206
Y_STR07421,Y_U0022,Y0048,2026-02-10 05:48:10.899510,191
Y_STR07422,Y_U0022,Y0042,2026-02-07 13:20:22.107621,204
Y_STR07423,Y_U0064,Y0041,2026-02-01 08:43:56.912140,19
Y_STR07424,Y_U0063,Y0046,2026-02-06 15:56:45.744101,79
Y_STR07425,Y_U0026,Y0016,2026-02-15 13:30:41.890283,120
Y_STR07426,Y_U0099,Y0026,2026-02-20 12:32:56.634335,156
Y_STR07427,Y_U0071,Y0013,2026-02-16 00:17:36.719632,6
Y_STR07428,Y_U0096,Y0041,2026-02-13 10:56:25.224397,251
Y_STR07429,Y_U0055,Y0045,2026-02-15 12:44:29.583461,156
Y_STR07430,Y_U0047,Y0039,2026-02-18 21:06:28.556301,156
Y_STR07431,Y_U0004,Y0047,2026-02-15 13:36:03.659720,211
Y_STR07432,Y_U0023,Y0005,2026-02-02 05:59:34.818911,188
Y_STR07433,Y_U0094,Y0033,2026-02-05 15:38:32.983731,19
Y_STR07434,Y_U0099,Y0045,2026-02-03 16:34:42.138531,80
Y_STR07435,Y_U0062,Y0042,2026-02-17 21:05:42.596743,254
Y_STR07436,Y_U0016,Y0019,2026-02-27 08:24:05.045379,190
Y_STR07437,Y_U0046,Y0017,2026-02-28 15:03:33.796738,26
Y_STR07438,Y_U0068,Y0041,2026-02-27 14:08:55.686326,252
Y_STR07439,Y_U0006,Y0038,2026-02-19 17:34:54.064609,100
Y_STR07440,Y_U0025,Y0040,2026-02-19 22:51:50.403795,63
Y_STR07441,Y_U0089,Y0027,2026-02-03 07:33:35.037304,47
Y_STR07442,Y_U0024,Y0025,2026-02-06 09:45:28.274261,142
Y_STR07443,Y_U0028,Y0011,2026-02-12 13:05:36.522357,235
Y_STR07444,Y_U0010,Y0017,2026-02-19 05:44:27.392193,119
Y_STR07445,Y_U0082,Y0042,2026-02-12 09:13:56.904659,5
Y_STR07446,Y_U0060,Y0042,2026-02-05 11:05:41.379128,200
Y_STR07447,Y_U0021,Y0037,2026-02-14 16:26:11.824028,85
Y_STR07448,Y_U0037,Y0019,2026-02-09 14:12:18.432297,210
Y_STR07449,Y_U0045,Y0006,2026-02-17 04:13:32.104237,163
Y_STR07450,Y_U0039,Y0037,2026-02-17 09:28:37.134486,63
Y_STR07451,Y_U0009,Y0022,2026-03-01 11:47:35.873517,163
Y_STR07452,Y_U0013,Y0031,2026-02-14 03:39:42.302464,25
Y_STR07453,Y_U0088,Y0033,2026-02-26 00:37:25.902943,153
Y_STR07454,Y_U0068,Y0022,2026-03-02 10:07:11.045496,194
Y_STR07455,Y_U0040,Y0004,2026-03-01 23:36:43.943236,24
Y_STR07456,Y_U0050,Y0030,2026-02-24 23:37:21.041518,158
Y_STR07457,Y_U0035,Y0049,2026-02-25 18:10:38.634186,84
Y_STR07458,Y_U0002,Y0015,2026-02-09 17:47:00.453924,123
Y_STR07459,Y_U0038,Y0046,2026-02-08 17:53:06.447934,108
Y_STR07460,Y_U0025,Y0012,2026-02-24 06:15:03.660336,6
Y_STR07461,Y_U0075,Y0039,2026-02-20 08:20:44.454489,50
Y_STR07462,Y_U0036,Y0036,2026-02-15 06:48:18.441034,246
Y_STR07463,Y_U0048,Y0045,2026-02-28 17:49:11.140538,196
Y_STR07464,Y_U0073,Y0008,2026-02-18 08:38:55.708892,304
Y_STR07465,Y_U0091,Y0039,2026-02-01 12:59:19.385247,230
Y_STR07466,Y_U0097,Y0050,2026-02-22 02:30:13.837760,149
Y_STR07467,Y_U0086,Y0034,2026-02-04 22:31:03.936054,107
Y_STR07468,Y_U0095,Y0043,2026-02-07 07:20:31.412434,109
Y_STR07469,Y_U0044,Y0047,2026-02-20 07:18:13.318301,114
Y_STR07470,Y_U0061,Y0038,2026-02-10 23:51:48.453683,189
Y_STR07471,Y_U0031,Y0029,2026-02-20 22:59:00.651819,344
Y_STR07472,Y_U0097,Y0008,2026-02-23 02:28:06.360204,290
Y_STR07473,Y_U0009,Y0050,2026-02-10 04:24:20.238174,305
Y_STR07474,Y_U0035,Y0050,2026-02-08 18:04:53.116953,313
Y_STR07475,Y_U0021,Y0010,2026-02-03 19:11:57.530819,175
Y_STR07476,Y_U0099,Y0038,2026-02-21 22:50:07.950953,37
Y_STR07477,Y_U0020,Y0028,2026-02-23 05:25:53.799706,241
Y_STR07478,Y_U0033,Y0045,2026-02-21 14:48:15.977351,172
Y_STR07479,Y_U0060,Y0047,2026-01-31 13:22:21.742958,35
Y_STR07480,Y_U0031,Y0045,2026-02-11 12:38:31.741251,27
Y_STR07481,Y_U0006,Y0016,2026-02-27 07:39:13.056049,267
Y_STR07482,Y_U0018,Y0018,2026-02-21 08:48:00.696152,72
Y_STR07483,Y_U0058,Y0038,2026-01-31 13:53:03.001208,117
Y_STR07484,Y_U0082,Y0036,2026-02-26 13:57:03.961630,7
Y_STR07485,Y_U0011,Y0041,2026-02-11 13:45:57.119402,6
Y_STR07486,Y_U0071,Y0048,2026-02-14 21:48:15.789159,188
Y_STR07487,Y_U0098,Y0026,2026-02-04 07:02:17.964028,199
Y_STR07488,Y_U0073,Y0045,2026-02-20 02:32:29.616870,155
Y_STR07489,Y_U0092,Y0038,2026-02-06 05:12:48.741316,31
Y_STR07490,Y_U0015,Y0050,2026-02-24 16:49:34.689835,64
Y_STR07491,Y_U0078,Y0019,2026-02-21 19:36:59.623905,156
Y_STR07492,Y_U0096,Y0033,2026-02-24 17:53:59.331921,67
Y_STR07493,Y_U0014,Y0042,2026-02-09 16:54:16.893269,57
Y_STR07494,Y_U0055,Y0043,2026-02-03 11:28:46.629400,132
Y_STR07495,Y_U0096,Y0015,2026-02-18 07:50:16.674061,181
Y_STR07496,Y_U0100,Y0048,2026-02-24 13:55:27.320900,77
Y_STR07497,Y_U0023,Y0046,2026-02-19 16:13:30.298880,70
Y_STR07498,Y_U0080,Y0038,2026-02-23 18:07:00.900161,187
Y_STR07499,Y_U0060,Y0039,2026-02-11 18:07:43.772768,55
Y_STR07500,Y_U0051,Y0023,2026-02-06 05:02:41.823186,214
Y_STR07501,Y_U0012,Y0024,2026-02-26 23:00:04.906137,183
Y_STR07502,Y_U0058,Y0040,2026-02-22 07:37:03.543320,29
Y_STR07503,Y_U0091,Y0023,2026-02-23 01:22:06.597776,87
Y_STR07504,Y_U0083,Y0018,2026-02-12 06:10:07.371463,218
Y_STR07505,Y_U0075,Y0018,2026-02-19 13:34:10.991241,269
Y_STR07506,Y_U0075,Y0030,2026-02-10 07:58:03.002666,75
Y_STR07507,Y_U0006,Y0024,2026-02-09 10:52:36.652629,117
Y_STR07508,Y_U0080,Y0049,2026-02-08 08:15:50.967573,47
Y_STR07509,Y_U0081,Y0042,2026-02-01 00:54:50.612886,97
Y_STR07510,Y_U0055,Y0014,2026-03-01 12:39:23.874215,234
Y_STR07511,Y_U0071,Y0028,2026-02-09 21:40:18.238710,175
Y_STR07512,Y_U0088,Y0041,2026-02-23 23:58:21.526973,224
Y_STR07513,Y_U0029,Y0044,2026-02-14 21:13:19.885610,221
Y_STR07514,Y_U0099,Y0026,2026-02-15 19:55:33.730168,281
Y_STR07515,Y_U0005,Y0023,2026-02-08 16:13:27.968353,60
Y_STR07516,Y_U0089,Y0034,2026-02-25 07:54:11.740281,97
Y_STR07517,Y_U0018,Y0047,2026-02-13 00:32:15.109227,113
Y_STR07518,Y_U0084,Y0044,2026-02-11 16:31:42.448874,196
Y_STR07519,Y_U0100,Y0024,2026-02-04 01:17:02.701054,305
Y_STR07520,Y_U0079,Y0036,2026-02-08 09:53:06.500800,46
Y_STR07521,Y_U0021,Y0028,2026-02-20 01:01:58.968184,280
Y_STR07522,Y_U0037,Y0010,2026-02-20 20:10:26.620685,131
Y_STR07523,Y_U0008,Y0039,2026-03-01 14:32:47.614449,210
Y_STR07524,Y_U0086,Y0050,2026-02-22 02:45:50.039887,291
Y_STR07525,Y_U0093,Y0038,2026-02-14 17:38:38.392027,161
Y_STR07526,Y_U0011,Y0050,2026-02-16 07:51:31.611723,118
Y_STR07527,Y_U0098,Y0044,2026-02-01 00:22:54.386616,94
Y_STR07528,Y_U0041,Y0048,2026-02-27 07:19:24.660020,73
Y_STR07529,Y_U0034,Y0030,2026-02-23 12:15:43.733065,134
Y_STR07530,Y_U0086,Y0016,2026-02-17 05:06:50.558242,104
Y_STR07531,Y_U0100,Y0019,2026-02-23 16:04:40.001930,303
Y_STR07532,Y_U0072,Y0039,2026-02-07 00:09:43.598096,195
Y_STR07533,Y_U0034,Y0036,2026-02-21 21:37:47.463131,96
Y_STR07534,Y_U0068,Y0037,2026-02-25 18:13:19.101535,125
Y_STR07535,Y_U0043,Y0047,2026-02-10 05:57:48.219045,83
Y_STR07536,Y_U0098,Y0050,2026-01-31 15:26:10.038897,215
Y_STR07537,Y_U0028,Y0019,2026-02-04 21:17:03.984800,243
Y_STR07538,Y_U0025,Y0042,2026-02-10 09:48:05.090901,106
Y_STR07539,Y_U0072,Y0050,2026-02-10 12:13:56.923865,160
Y_STR07540,Y_U0008,Y0025,2026-02-11 18:19:17.588907,188
Y_STR07541,Y_U0078,Y0044,2026-02-16 18:28:43.401716,70
Y_STR07542,Y_U0092,Y0038,2026-02-28 01:13:23.768153,151
Y_STR07543,Y_U0008,Y0005,2026-02-08 00:43:08.587057,70
Y_STR07544,Y_U0061,Y0048,2026-02-19 19:28:43.092465,103
Y_STR07545,Y_U0090,Y0038,2026-02-27 19:32:17.355267,87
Y_STR07546,Y_U0020,Y0016,2026-03-01 19:53:52.329846,186
Y_STR07547,Y_U0027,Y0038,2026-02-14 06:03:23.052293,19
Y_STR07548,Y_U0002,Y0014,2026-02-15 16:10:41.913114,51
Y_STR07549,Y_U0088,Y0014,2026-02-16 15:29:08.914484,144
Y_STR07550,Y_U0071,Y0046,2026-02-04 06:02:21.147477,33
Y_STR07551,Y_U0035,Y0040,2026-02-12 18:26:53.512968,85
Y_STR07552,Y_U0068,Y0046,2026-02-24 21:53:49.670401,120
Y_STR07553,Y_U0052,Y0040,2026-02-22 11:26:58.679630,103
Y_STR07554,Y_U0022,Y0041,2026-02-09 10:18:51.464746,227
Y_STR07555,Y_U0080,Y0026,2026-02-02 05:45:32.932464,195
Y_STR07556,Y_U0005,Y0022,2026-02-09 05:42:16.932827,144
Y_STR07557,Y_U0061,Y0016,2026-02-27 22:48:58.650439,203
Y_STR07558,Y_U0004,Y0037,2026-02-06 17:24:34.168474,96
Y_STR07559,Y_U0005,Y0008,2026-02-21 20:02:46.674016,267
Y_STR07560,Y_U0100,Y0035,2026-02-14 17:25:06.123855,143
Y_STR07561,Y_U0045,Y0027,2026-02-15 09:46:51.277670,170
Y_STR07562,Y_U0091,Y0038,2026-02-27 01:23:04.500593,162
Y_STR07563,Y_U0100,Y0041,2026-02-25 13:21:33.835790,36
Y_STR07564,Y_U0047,Y0024,2026-03-01 01:49:22.718836,147
Y_STR07565,Y_U0044,Y0011,2026-02-05 06:09:53.376936,99
Y_STR07566,Y_U0010,Y0047,2026-02-01 16:25:24.906111,96
Y_STR07567,Y_U0017,Y0044,2026-02-06 07:24:12.249521,85
Y_STR07568,Y_U0037,Y0024,2026-02-22 21:50:31.249541,78
Y_STR07569,Y_U0045,Y0030,2026-02-04 22:15:36.592609,141
Y_STR07570,Y_U0034,Y0047,2026-02-05 08:19:26.506306,86
Y_STR07571,Y_U0009,Y0020,2026-02-21 09:02:58.137914,114
Y_STR07572,Y_U0049,Y0023,2026-02-05 06:00:17.130804,85
Y_STR07573,Y_U0092,Y0049,2026-02-28 08:01:26.348964,15
Y_STR07574,Y_U0077,Y0041,2026-02-05 19:38:11.448313,5
Y_STR07575,Y_U0069,Y0049,2026-02-04 20:36:42.889557,119
Y_STR07576,Y_U0095,Y0028,2026-02-03 19:51:45.853805,169
Y_STR07577,Y_U0053,Y0032,2026-02-01 17:43:37.339967,237
Y_STR07578,Y_U0070,Y0042,2026-02-08 18:05:31.537144,46
Y_STR07579,Y_U0007,Y0043,2026-02-28 19:11:59.722883,32
Y_STR07580,Y_U0077,Y0043,2026-02-12 12:41:40.038307,159
Y_STR07581,Y_U0072,Y0023,2026-02-07 09:59:32.114546,190
Y_STR07582,Y_U0091,Y0043,2026-03-01 01:24:42.892744,109
Y_STR07583,Y_U0091,Y0041,2026-02-04 14:15:12.225730,168
Y_STR07584,Y_U0004,Y0013,2026-02-08 12:08:05.288056,160
Y_STR07585,Y_U0041,Y0018,2026-02-23 20:38:20.702707,56
Y_STR07586,Y_U0080,Y0044,2026-02-16 06:06:16.361134,334
Y_STR07587,Y_U0094,Y0049,2026-02-04 06:15:33.370774,38
Y_STR07588,Y_U0001,Y0046,2026-02-22 14:52:52.429819,157
Y_STR07589,Y_U0017,Y0041,2026-02-13 01:02:47.823361,44
Y_STR07590,Y_U0093,Y0036,2026-02-14 13:18:25.780484,88
Y_STR07591,Y_U0067,Y0026,2026-02-18 15:06:38.184530,273
Y_STR07592,Y_U0012,Y0037,2026-02-14 10:15:56.569807,144
Y_STR07593,Y_U0034,Y0027,2026-03-01 22:04:22.697916,218
Y_STR07594,Y_U0017,Y0044,2026-02-07 20:22:09.059863,234
Y_STR07595,Y_U0008,Y0046,2026-02-22 17:56:43.511914,134
Y_STR07596,Y_U0051,Y0046,2026-02-28 15:58:33.502754,131
Y_STR07597,Y_U0071,Y0022,2026-02-10 23:15:37.937200,147
Y_STR07598,Y_U0032,Y0035,2026-02-06 06:33:23.149496,37
Y_STR07599,Y_U0039,Y0032,2026-02-14 09:08:57.725801,140
Y_STR07600,Y_U0041,Y0042,2026-02-24 14:31:46.754928,161
Y_STR07601,Y_U0093,Y0041,2026-02-06 04:43:15.207866,120
Y_STR07602,Y_U0002,Y0030,2026-02-28 22:12:14.248921,35
Y_STR07603,Y_U0086,Y0045,2026-02-06 05:18:52.275241,79
Y_STR07604,Y_U0013,Y0024,2026-03-02 03:07:22.772629,62
Y_STR07605,Y_U0059,Y0028,2026-02-27 23:54:07.003725,50
Y_STR07606,Y_U0066,Y0044,2026-03-02 00:31:01.605640,77
Y_STR07607,Y_U0022,Y0042,2026-02-23 23:59:09.496377,273
Y_STR07608,Y_U0043,Y0018,2026-02-07 23:26:14.621561,212
Y_STR07609,Y_U0090,Y0030,2026-02-23 18:17:42.226763,37
Y_STR07610,Y_U0077,Y0010,2026-02-15 15:57:50.468552,264
Y_STR07611,Y_U0019,Y0045,2026-02-11 20:27:04.778166,84
Y_STR07612,Y_U0012,Y0038,2026-03-01 17:05:09.488881,148
Y_STR07613,Y_U0028,Y0043,2026-02-25 04:05:03.496135,122
Y_STR07614,Y_U0034,Y0044,2026-03-02 07:27:59.286350,266
Y_STR07615,Y_U0051,Y0012,2026-02-02 12:30:35.549743,30
Y_STR07616,Y_U0008,Y0038,2026-02-03 18:06:47.812409,36
Y_STR07617,Y_U0042,Y0043,2026-02-27 06:46:49.767747,144
Y_STR07618,Y_U0098,Y0047,2026-02-19 01:46:28.442039,267
Y_STR07619,Y_U0091,Y0033,2026-02-18 21:12:32.471337,9
Y_STR07620,Y_U0022,Y0020,2026-02-02 23:40:14.945785,20
Y_STR07621,Y_U0072,Y0032,2026-02-09 01:58:46.326017,12
Y_STR07622,Y_U0021,Y0033,2026-02-01 21:00:52.641562,93
Y_STR07623,Y_U0026,Y0035,2026-02-14 14:15:50.797561,311
Y_STR07624,Y_U0026,Y0049,2026-02-11 02:33:26.529015,73
Y_STR07625,Y_U0026,Y0034,2026-02-04 06:12:13.045728,223
Y_STR07626,Y_U0076,Y0019,2026-02-04 00:23:33.872700,293
Y_STR07627,Y_U0062,Y0046,2026-02-27 07:11:03.794522,114
Y_STR07628,Y_U0066,Y0047,2026-02-10 00:06:00.028350,230
Y_STR07629,Y_U0004,Y0006,2026-02-16 23:36:41.700000,248
Y_STR07630,Y_U0073,Y0043,2026-02-10 15:26:08.402402,123
Y_STR07631,Y_U0073,Y0043,2026-01-31 13:01:23.095737,41
Y_STR07632,Y_U0080,Y0038,2026-02-10 01:22:02.488662,46
Y_STR07633,Y_U0017,Y0049,2026-02-21 13:27:19.695171,29
Y_STR07634,Y_U0056,Y0033,2026-02-16 10:50:20.576204,107
Y_STR07635,Y_U0087,Y0037,2026-02-26 02:36:32.932429,121
Y_STR07636,Y_U0024,Y0044,2026-02-01 09:26:59.121959,200
Y_STR07637,Y_U0075,Y0033,2026-02-17 12:16:27.825136,148
Y_STR07638,Y_U0069,Y0030,2026-02-10 18:53:50.270030,139
Y_STR07639,Y_U0014,Y0020,2026-02-09 09:31:00.313805,107
Y_STR07640,Y_U0057,Y0037,2026-02-02 21:58:41.618547,81
Y_STR07641,Y_U0048,Y0047,2026-02-11 14:43:26.387239,20
Y_STR07642,Y_U0017,Y0048,2026-02-04 06:05:24.746428,226
Y_STR07643,Y_U0042,Y0031,2026-02-10 03:48:03.426937,121
Y_STR07644,Y_U0035,Y0047,2026-02-28 10:22:05.542904,25
Y_STR07645,Y_U0048,Y0031,2026-02-26 08:00:16.799581,63
Y_STR07646,Y_U0068,Y0043,2026-02-22 02:32:14.133206,115
Y_STR07647,Y_U0096,Y0045,2026-02-14 15:59:25.259661,116
Y_STR07648,Y_U0049,Y0027,2026-01-31 16:14:06.779984,182
Y_STR07649,Y_U0039,Y0046,2026-02-15 08:58:44.031979,13
Y_STR07650,Y_U0025,Y0022,2026-02-25 14:00:12.269564,130
Y_STR07651,Y_U0069,Y0032,2026-02-15 05:03:29.897152,126
Y_STR07652,Y_U0043,Y0034,2026-02-01 04:03:09.858942,41
Y_STR07653,Y_U0040,Y0011,2026-02-19 08:01:45.201097,60
Y_STR07654,Y_U0092,Y0040,2026-02-06 05:24:01.954398,61
Y_STR07655,Y_U0052,Y0047,2026-02-21 04:42:58.635088,42
Y_STR07656,Y_U0022,Y0018,2026-02-13 00:47:12.647455,202
Y_STR07657,Y_U0071,Y0042,2026-02-19 22:08:18.160688,148
Y_STR07658,Y_U0084,Y0048,2026-02-11 19:44:41.684086,52
Y_STR07659,Y_U0031,Y0035,2026-02-02 01:04:27.559200,33
Y_STR07660,Y_U0072,Y0047,2026-02-25 08:19:32.293635,234
Y_STR07661,Y_U0039,Y0010,2026-02-09 07:47:14.649746,24
Y_STR07662,Y_U0099,Y0043,2026-03-01 12:22:16.468550,32
Y_STR07663,Y_U0075,Y0011,2026-02-13 04:49:50.492010,40
Y_STR07664,Y_U0098,Y0029,2026-02-12 18:57:12.697663,6
Y_STR07665,Y_U0066,Y0025,2026-02-22 05:25:40.388009,176
Y_STR07666,Y_U0070,Y0016,2026-02-17 01:59:44.734608,201
Y_STR07667,Y_U0009,Y0029,2026-02-02 15:32:42.754775,34
Y_STR07668,Y_U0049,Y0046,2026-02-21 23:50:33.613682,120
Y_STR07669,Y_U0039,Y0050,2026-02-13 01:06:13.875243,89
Y_STR07670,Y_U0072,Y0042,2026-02-26 00:55:10.709144,59
Y_STR07671,Y_U0088,Y0047,2026-02-04 11:42:51.269017,215
Y_STR07672,Y_U0040,Y0013,2026-02-17 06:22:24.474541,62
Y_STR07673,Y_U0093,Y0043,2026-02-17 02:08:17.174567,87
Y_STR07674,Y_U0090,Y0011,2026-02-14 19:03:46.978944,59
Y_STR07675,Y_U0011,Y0048,2026-02-19 04:05:09.710283,63
Y_STR07676,Y_U0023,Y0044,2026-02-27 13:12:27.914105,230
Y_STR07677,Y_U0005,Y0019,2026-02-19 12:18:54.351143,88
Y_STR07678,Y_U0065,Y0032,2026-02-16 16:39:24.795650,190
Y_STR07679,Y_U0039,Y0042,2026-02-25 16:29:44.896217,258
Y_STR07680,Y_U0051,Y0027,2026-02-18 03:52:13.587870,210
Y_STR07681,Y_U0077,Y0025,2026-02-11 20:21:44.586199,174
Y_STR07682,Y_U0009,Y0041,2026-02-04 12:41:45.210394,11
Y_STR07683,Y_U0026,Y0043,2026-02-18 02:40:10.357734,147
Y_STR07684,Y_U0076,Y0030,2026-02-07 20:13:34.058706,8
Y_STR07685,Y_U0095,Y0043,2026-02-20 07:11:44.949768,138
Y_STR07686,Y_U0035,Y0040,2026-02-17 10:25:42.625902,99
Y_STR07687,Y_U0037,Y0039,2026-02-22 09:21:52.363311,79
Y_STR07688,Y_U0003,Y0036,2026-02-28 07:37:23.444187,184
Y_STR07689,Y_U0028,Y0010,2026-02-14 03:58:22.831390,222
Y_STR07690,Y_U0038,Y0050,2026-02-22 14:40:46.875345,279
Y_STR07691,Y_U0027,Y0020,2026-02-06 15:57:27.518464,19
Y_STR07692,Y_U0020,Y0016,2026-02-15 02:10:08.181808,216
Y_STR07693,Y_U0041,Y0018,2026-03-01 21:21:27.091117,298
Y_STR07694,Y_U0014,Y0030,2026-02-10 19:07:05.989746,108
Y_STR07695,Y_U0038,Y0022,2026-02-23 08:17:13.896381,140
Y_STR07696,Y_U0093,Y0010,2026-02-13 12:26:35.036676,19
Y_STR07697,Y_U0061,Y0030,2026-02-02 07:12:10.425125,43
Y_STR07698,Y_U0078,Y0031,2026-02-15 17:22:33.072034,25
Y_STR07699,Y_U0088,Y0037,2026-02-23 19:27:47.648247,90
Y_STR07700,Y_U0019,Y0042,2026-02-14 15:42:23.489070,109
Y_STR07701,Y_U0083,Y0033,2026-02-09 13:59:16.384472,107
Y_STR07702,Y_U0053,Y0002,2026-02-15 09:20:23.618936,103
Y_STR07703,Y_U0026,Y0037,2026-02-25 22:11:11.471950,138
Y_STR07704,Y_U0057,Y0048,2026-02-15 05:58:43.207901,229
Y_STR07705,Y_U0009,Y0043,2026-02-12 08:29:00.787141,88
Y_STR07706,Y_U0054,Y0015,2026-02-28 15:20:22.315846,260
Y_STR07707,Y_U0007,Y0035,2026-02-02 10:29:32.246586,228
Y_STR07708,Y_U0070,Y0044,2026-02-13 18:02:47.997180,167
Y_STR07709,Y_U0029,Y0009,2026-02-10 00:42:20.014201,60
Y_STR07710,Y_U0061,Y0050,2026-03-01 09:20:58.053750,188
Y_STR07711,Y_U0058,Y0038,2026-02-06 06:36:25.049929,35
Y_STR07712,Y_U0020,Y0041,2026-02-04 23:00:10.192129,92
Y_STR07713,Y_U0089,Y0041,2026-02-16 17:22:57.338931,14
Y_STR07714,Y_U0024,Y0041,2026-02-14 02:54:07.031958,243
Y_STR07715,Y_U0022,Y0025,2026-02-19 19:59:53.102477,127
Y_STR07716,Y_U0060,Y0047,2026-02-05 22:30:41.943924,270
Y_STR07717,Y_U0091,Y0013,2026-02-07 14:42:41.376391,56
Y_STR07718,Y_U0065,Y0050,2026-02-26 00:03:23.371342,167
Y_STR07719,Y_U0044,Y0016,2026-02-26 01:33:02.161299,132
Y_STR07720,Y_U0085,Y0021,2026-02-19 06:34:32.909451,229
Y_STR07721,Y_U0082,Y0033,2026-02-26 03:53:10.652547,42
Y_STR07722,Y_U0022,Y0036,2026-02-23 04:51:14.435485,336
Y_STR07723,Y_U0034,Y0031,2026-02-15 20:15:30.256979,126
Y_STR07724,Y_U0031,Y0044,2026-02-06 20:40:04.330337,61
Y_STR07725,Y_U0061,Y0004,2026-02-05 01:11:24.763697,125
Y_STR07726,Y_U0053,Y0036,2026-02-23 02:35:55.068382,253
Y_STR07727,Y_U0044,Y0028,2026-02-20 22:10:02.809138,141
Y_STR07728,Y_U0098,Y0046,2026-02-18 03:00:19.733028,168
Y_STR07729,Y_U0056,Y0036,2026-02-18 13:34:17.846801,71
Y_STR07730,Y_U0086,Y0038,2026-02-26 13:10:31.323408,42
Y_STR07731,Y_U0054,Y0044,2026-02-05 09:17:04.636509,96
Y_STR07732,Y_U0094,Y0038,2026-02-27 13:47:32.861173,42
Y_STR07733,Y_U0015,Y0038,2026-02-06 08:12:01.617740,142
Y_STR07734,Y_U0060,Y0048,2026-02-19 20:49:08.450438,44
Y_STR07735,Y_U0061,Y0019,2026-02-05 15:28:39.168209,318
Y_STR07736,Y_U0079,Y0049,2026-02-08 13:39:09.913531,59
Y_STR07737,Y_U0077,Y0029,2026-02-03 16:50:15.425564,53
Y_STR07738,Y_U0048,Y0036,2026-02-03 21:30:40.401153,114
Y_STR07739,Y_U0036,Y0036,2026-02-15 11:29:33.258419,250
Y_STR07740,Y_U0064,Y0028,2026-02-07 23:03:09.949586,45
Y_STR07741,Y_U0087,Y0049,2026-02-21 23:37:08.163177,75
Y_STR07742,Y_U0056,Y0030,2026-02-02 18:31:18.238281,97
Y_STR07743,Y_U0057,Y0045,2026-02-28 21:02:48.627997,180
Y_STR07744,Y_U0075,Y0027,2026-03-01 00:05:54.297419,98
Y_STR07745,Y_U0050,Y0019,2026-02-15 02:05:12.954021,271
Y_STR07746,Y_U0047,Y0018,2026-02-26 10:07:03.640747,95
Y_STR07747,Y_U0009,Y0027,2026-02-01 01:22:43.048483,188
Y_STR07748,Y_U0056,Y0047,2026-02-07 13:48:54.839331,40
Y_STR07749,Y_U0084,Y0014,2026-02-09 09:58:54.987736,24
Y_STR07750,Y_U0061,Y0036,2026-02-21 17:13:18.540736,113
Y_STR07751,Y_U0002,Y0022,2026-02-22 15:26:44.778506,148
Y_STR07752,Y_U0047,Y0049,2026-02-02 07:11:29.811001,58
Y_STR07753,Y_U0023,Y0035,2026-02-11 09:11:02.190431,238
Y_STR07754,Y_U0006,Y0032,2026-02-07 23:16:48.138955,290
Y_STR07755,Y_U0081,Y0050,2026-02-13 16:55:09.640505,220
Y_STR07756,Y_U0039,Y0028,2026-02-20 09:17:55.770759,113
Y_STR07757,Y_U0042,Y0030,2026-02-24 23:01:09.252315,88
Y_STR07758,Y_U0072,Y0035,2026-02-16 12:01:58.778415,139
Y_STR07759,Y_U0058,Y0031,2026-02-25 17:21:55.717285,35
Y_STR07760,Y_U0073,Y0022,2026-02-24 11:46:19.571144,194
Y_STR07761,Y_U0047,Y0029,2026-02-28 21:37:53.417776,273
Y_STR07762,Y_U0056,Y0048,2026-02-06 20:49:48.204449,115
Y_STR07763,Y_U0099,Y0040,2026-03-01 05:31:17.033777,75
Y_STR07764,Y_U0084,Y0041,2026-02-10 00:56:21.739914,143
Y_STR07765,Y_U0077,Y0020,2026-02-01 01:35:12.895984,10
Y_STR07766,Y_U0018,Y0027,2026-02-12 09:22:59.625973,207
Y_STR07767,Y_U0028,Y0037,2026-02-05 01:33:02.283809,44
Y_STR07768,Y_U0047,Y0043,2026-02-11 16:20:33.804601,8
Y_STR07769,Y_U0042,Y0033,2026-02-08 05:48:37.233140,172
Y_STR07770,Y_U0024,Y0029,2026-02-05 19:22:12.993440,153
Y_STR07771,Y_U0003,Y0034,2026-02-02 05:45:49.375285,210
Y_STR07772,Y_U0066,Y0044,2026-02-18 21:53:58.229470,27
Y_STR07773,Y_U0091,Y0014,2026-02-14 22:32:48.007942,67
Y_STR07774,Y_U0081,Y0019,2026-02-08 04:32:30.036364,84
Y_STR07775,Y_U0016,Y0034,2026-02-10 06:36:45.399036,98
Y_STR07776,Y_U0074,Y0019,2026-01-31 11:23:36.545887,38
Y_STR07777,Y_U0002,Y0044,2026-02-20 13:06:37.927545,281
Y_STR07778,Y_U0027,Y0021,2026-02-13 06:19:09.162476,111
Y_STR07779,Y_U0051,Y0024,2026-02-11 23:58:13.396123,43
Y_STR07780,Y_U0091,Y0036,2026-02-01 21:15:21.602959,284
Y_STR07781,Y_U0013,Y0047,2026-02-11 07:22:27.073525,270
Y_STR07782,Y_U0057,Y0029,2026-02-27 03:50:53.916231,60
Y_STR07783,Y_U0041,Y0027,2026-01-31 16:58:52.635893,188
Y_STR07784,Y_U0010,Y0022,2026-02-05 02:44:12.159064,72
Y_STR07785,Y_U0064,Y0021,2026-02-20 13:00:38.143305,255
Y_STR07786,Y_U0003,Y0034,2026-02-06 08:32:34.509266,142
Y_STR07787,Y_U0014,Y0029,2026-02-01 22:01:45.885470,306
Y_STR07788,Y_U0008,Y0004,2026-02-27 09:55:33.259479,147
Y_STR07789,Y_U0059,Y0041,2026-02-22 22:32:29.764302,247
Y_STR07790,Y_U0010,Y0043,2026-02-05 23:22:16.336165,29
Y_STR07791,Y_U0052,Y0007,2026-02-11 18:21:01.249316,252
Y_STR07792,Y_U0047,Y0041,2026-02-01 13:48:10.081519,29
Y_STR07793,Y_U0033,Y0027,2026-02-06 16:21:36.059141,122
Y_STR07794,Y_U0023,Y0038,2026-02-06 15:11:52.990653,45
Y_STR07795,Y_U0045,Y0019,2026-02-08 17:32:37.743331,247
Y_STR07796,Y_U0056,Y0037,2026-02-26 10:59:57.970288,92
Y_STR07797,Y_U0073,Y0049,2026-02-03 05:12:15.393890,42
Y_STR07798,Y_U0024,Y0043,2026-02-27 23:23:47.993730,21
Y_STR07799,Y_U0091,Y0044,2026-02-16 22:34:29.975251,26
Y_STR07800,Y_U0055,Y0025,2026-02-02 11:08:44.711889,196
Y_STR07801,Y_U0100,Y0043,2026-02-09 02:39:48.091976,70
Y_STR07802,Y_U0095,Y0045,2026-02-17 23:22:02.025628,136
Y_STR07803,Y_U0085,Y0017,2026-02-26 09:43:04.768166,62
Y_STR07804,Y_U0007,Y0039,2026-02-22 23:26:23.118674,232
Y_STR07805,Y_U0023,Y0046,2026-02-02 11:52:27.749407,34
Y_STR07806,Y_U0006,Y0048,2026-02-13 22:04:49.896136,79
Y_STR07807,Y_U0022,Y0047,2026-02-26 06:33:28.405591,94
Y_STR07808,Y_U0075,Y0020,2026-02-07 00:57:34.731423,50
Y_STR07809,Y_U0056,Y0032,2026-02-24 20:24:01.509607,123
Y_STR07810,Y_U0058,Y0045,2026-02-12 19:28:22.246969,106
Y_STR07811,Y_U0042,Y0046,2026-02-11 13:31:16.328802,78
Y_STR07812,Y_U0028,Y0013,2026-02-05 13:42:17.536818,152
Y_STR07813,Y_U0043,Y0044,2026-02-15 04:46:25.201644,284
Y_STR07814,Y_U0091,Y0016,2026-02-12 07:55:05.290069,69
Y_STR07815,Y_U0081,Y0044,2026-02-18 03:16:03.703989,339
Y_STR07816,Y_U0036,Y0042,2026-02-09 04:10:08.092581,201
Y_STR07817,Y_U0012,Y0034,2026-01-31 22:37:02.482917,224
Y_STR07818,Y_U0042,Y0050,2026-02-07 17:33:15.372950,179
Y_STR07819,Y_U0091,Y0007,2026-02-03 01:13:26.485628,133
Y_STR07820,Y_U0003,Y0048,2026-02-01 15:06:24.398865,242
Y_STR07821,Y_U0081,Y0048,2026-02-18 20:51:52.078140,198
Y_STR07822,Y_U0055,Y0050,2026-02-28 17:58:34.772582,246
Y_STR07823,Y_U0075,Y0031,2026-02-11 15:19:04.149708,125
Y_STR07824,Y_U0064,Y0040,2026-02-18 22:35:33.994462,137
Y_STR07825,Y_U0064,Y0049,2026-02-19 08:11:19.625018,32
Y_STR07826,Y_U0085,Y0019,2026-02-15 17:57:11.860603,220
Y_STR07827,Y_U0060,Y0036,2026-02-04 20:05:02.522609,337
Y_STR07828,Y_U0090,Y0040,2026-02-07 11:37:44.964558,92
Y_STR07829,Y_U0015,Y0040,2026-02-12 04:13:20.276038,16
Y_STR07830,Y_U0076,Y0044,2026-02-09 01:10:56.216482,74
Y_STR07831,Y_U0021,Y0045,2026-02-19 15:52:37.553320,42
Y_STR07832,Y_U0036,Y0006,2026-02-01 07:32:23.180724,262
Y_STR07833,Y_U0037,Y0029,2026-02-21 14:33:29.839245,106
Y_STR07834,Y_U0060,Y0025,2026-02-27 13:38:40.857439,152
Y_STR07835,Y_U0093,Y0023,2026-02-17 07:34:58.388733,184
Y_STR07836,Y_U0072,Y0021,2026-02-22 04:04:35.383274,52
Y_STR07837,Y_U0026,Y0038,2026-02-24 00:35:16.114702,101
Y_STR07838,Y_U0075,Y0035,2026-02-12 03:29:54.121690,13
Y_STR07839,Y_U0058,Y0045,2026-02-04 11:51:46.095666,113
Y_STR07840,Y_U0027,Y0015,2026-02-27 07:14:06.628955,197
Y_STR07841,Y_U0056,Y0030,2026-02-24 20:24:43.042526,133
Y_STR07842,Y_U0037,Y0014,2026-02-24 09:11:31.985638,141
Y_STR07843,Y_U0035,Y0024,2026-02-18 06:32:38.511858,100
Y_STR07844,Y_U0037,Y0042,2026-02-21 06:47:48.069027,93
Y_STR07845,Y_U0069,Y0047,2026-02-09 15:42:37.833773,195
Y_STR07846,Y_U0027,Y0024,2026-02-27 14:21:58.702471,276
Y_STR07847,Y_U0015,Y0017,2026-02-21 00:48:21.030779,14
Y_STR07848,Y_U0099,Y0011,2026-02-19 06:29:19.124698,270
Y_STR07849,Y_U0009,Y0043,2026-02-07 10:14:58.168000,71
Y_STR07850,Y_U0092,Y0029,2026-02-12 02:40:47.401459,175
Y_STR07851,Y_U0095,Y0016,2026-02-20 17:42:07.126655,40
Y_STR07852,Y_U0003,Y0008,2026-02-10 05:38:43.658049,44
Y_STR07853,Y_U0074,Y0048,2026-02-20 21:48:35.698737,181
Y_STR07854,Y_U0015,Y0004,2026-02-01 09:48:47.826372,33
Y_STR07855,Y_U0056,Y0007,2026-02-24 12:10:28.166661,309
Y_STR07856,Y_U0078,Y0035,2026-02-05 06:34:31.419642,10
Y_STR07857,Y_U0056,Y0035,2026-02-20 02:01:24.446656,78
Y_STR07858,Y_U0061,Y0037,2026-02-14 10:08:01.849763,144
Y_STR07859,Y_U0042,Y0044,2026-02-06 09:08:53.809639,272
Y_STR07860,Y_U0029,Y0041,2026-02-26 11:45:01.200003,22
Y_STR07861,Y_U0067,Y0025,2026-02-10 16:08:24.141168,132
Y_STR07862,Y_U0094,Y0039,2026-02-14 14:37:42.962852,169
Y_STR07863,Y_U0040,Y0048,2026-02-16 22:31:02.541869,179
Y_STR07864,Y_U0091,Y0043,2026-02-11 23:01:50.571345,27
Y_STR07865,Y_U0071,Y0045,2026-02-28 00:00:03.829638,39
Y_STR07866,Y_U0026,Y0028,2026-02-11 01:38:39.216532,233
Y_STR07867,Y_U0037,Y0043,2026-02-24 10:23:48.526236,89
Y_STR07868,Y_U0086,Y0025,2026-02-12 02:09:26.129686,144
Y_STR07869,Y_U0083,Y0045,2026-02-20 13:15:55.020051,145
Y_STR07870,Y_U0072,Y0041,2026-01-31 17:09:19.963326,222
Y_STR07871,Y_U0049,Y0048,2026-02-27 08:45:03.979018,227
Y_STR07872,Y_U0030,Y0030,2026-02-19 02:29:13.352447,146
Y_STR07873,Y_U0045,Y0040,2026-02-23 11:38:53.334685,62
Y_STR07874,Y_U0074,Y0019,2026-02-12 18:32:39.970320,235
Y_STR07875,Y_U0089,Y0038,2026-02-18 13:26:21.843221,182
Y_STR07876,Y_U0094,Y0012,2026-02-20 14:03:18.767399,26
Y_STR07877,Y_U0071,Y0046,2026-02-18 13:06:58.300571,114
Y_STR07878,Y_U0021,Y0023,2026-02-12 13:07:28.570508,191
Y_STR07879,Y_U0046,Y0040,2026-02-23 10:15:35.533825,14
Y_STR07880,Y_U0013,Y0043,2026-02-01 18:43:14.534260,95
Y_STR07881,Y_U0071,Y0041,2026-02-26 12:31:10.952027,69
Y_STR07882,Y_U0054,Y0041,2026-02-20 09:19:55.134916,239
Y_STR07883,Y_U0031,Y0006,2026-02-19 21:17:56.818899,40
Y_STR07884,Y_U0002,Y0027,2026-02-26 23:39:51.044749,98
Y_STR07885,Y_U0078,Y0040,2026-02-25 13:16:06.969861,63
Y_STR07886,Y_U0021,Y0041,2026-03-01 12:41:35.780972,33
Y_STR07887,Y_U0015,Y0039,2026-02-13 08:23:27.251295,277
Y_STR07888,Y_U0041,Y0042,2026-02-13 20:53:22.885373,125
Y_STR07889,Y_U0081,Y0031,2026-02-02 23:20:38.680736,110
Y_STR07890,Y_U0031,Y0029,2026-02-17 09:17:28.156229,297
Y_STR07891,Y_U0057,Y0038,2026-02-16 14:26:47.323787,121
Y_STR07892,Y_U0051,Y0029,2026-02-15 05:52:30.770933,219
Y_STR07893,Y_U0079,Y0040,2026-02-17 18:36:16.381039,131
Y_STR07894,Y_U0065,Y0022,2026-02-24 12:23:27.789130,44
Y_STR07895,Y_U0039,Y0044,2026-02-23 08:05:06.476981,67
Y_STR07896,Y_U0009,Y0017,2026-02-14 21:51:57.303167,44
Y_STR07897,Y_U0015,Y0034,2026-02-25 16:44:02.118557,196
Y_STR07898,Y_U0015,Y0044,2026-02-01 13:38:20.249343,46
Y_STR07899,Y_U0014,Y0025,2026-02-04 22:37:58.373601,70
Y_STR07900,Y_U0095,Y0038,2026-02-13 00:06:53.449119,175
Y_STR07901,Y_U0010,Y0036,2026-02-16 10:01:34.716207,47
Y_STR07902,Y_U0052,Y0043,2026-02-21 06:13:54.465662,137
Y_STR07903,Y_U0064,Y0044,2026-01-31 19:47:26.428950,74
Y_STR07904,Y_U0005,Y0050,2026-02-21 00:28:10.822661,305
Y_STR07905,Y_U0042,Y0019,2026-02-21 00:25:26.400262,207
Y_STR07906,Y_U0044,Y0036,2026-02-03 14:55:15.440170,328
Y_STR07907,Y_U0071,Y0036,2026-02-22 15:38:04.755746,25
Y_STR07908,Y_U0073,Y0021,2026-02-19 15:24:34.698816,104
Y_STR07909,Y_U0076,Y0038,2026-02-26 14:54:09.455686,168
Y_STR07910,Y_U0046,Y0049,2026-03-01 16:09:23.540881,83
Y_STR07911,Y_U0031,Y0042,2026-02-18 23:00:35.147376,146
Y_STR07912,Y_U0099,Y0036,2026-02-07 14:23:20.581337,82
Y_STR07913,Y_U0047,Y0045,2026-02-12 22:17:41.101260,189
Y_STR07914,Y_U0075,Y0046,2026-02-27 12:25:45.591576,160
Y_STR07915,Y_U0052,Y0039,2026-02-28 13:26:47.356046,168
Y_STR07916,Y_U0004,Y0045,2026-02-12 04:58:55.653609,141
Y_STR07917,Y_U0022,Y0038,2026-03-01 01:35:52.644059,158
Y_STR07918,Y_U0010,Y0029,2026-02-21 19:21:28.118269,314
Y_STR07919,Y_U0084,Y0032,2026-03-01 04:56:29.297823,174
Y_STR07920,Y_U0054,Y0050,2026-02-18 12:17:18.151532,253
Y_STR07921,Y_U0049,Y0041,2026-02-23 13:31:05.596742,137
Y_STR07922,Y_U0099,Y0037,2026-02-11 01:37:38.081837,19
Y_STR07923,Y_U0043,Y0050,2026-02-22 16:44:31.263666,292
Y_STR07924,Y_U0020,Y0035,2026-02-21 20:42:57.879490,157
Y_STR07925,Y_U0020,Y0049,2026-02-22 17:55:50.882321,49
Y_STR07926,Y_U0046,Y0023,2026-02-17 19:22:30.049149,92
Y_STR07927,Y_U0080,Y0034,2026-02-02 12:21:02.811485,84
Y_STR07928,Y_U0030,Y0035,2026-02-02 14:05:24.941461,102
Y_STR07929,Y_U0058,Y0027,2026-02-22 12:58:59.379783,144
Y_STR07930,Y_U0007,Y0044,2026-02-15 14:39:35.668820,17
Y_STR07931,Y_U0057,Y0041,2026-02-05 16:39:15.477254,92
Y_STR07932,Y_U0033,Y0040,2026-02-11 21:04:55.607044,40
Y_STR07933,Y_U0025,Y0028,2026-02-10 11:56:14.102445,13
Y_STR07934,Y_U0021,Y0050,2026-02-17 02:23:27.853189,129
Y_STR07935,Y_U0048,Y0043,2026-02-06 04:34:45.088001,53
Y_STR07936,Y_U0064,Y0047,2026-02-02 20:05:25.029066,238
Y_STR07937,Y_U0061,Y0043,2026-02-12 21:10:36.466959,70
Y_STR07938,Y_U0070,Y0048,2026-02-13 05:22:46.687963,38
Y_STR07939,Y_U0076,Y0047,2026-02-01 08:55:40.868720,59
Y_STR07940,Y_U0043,Y0040,2026-02-07 19:27:12.192552,128
Y_STR07941,Y_U0067,Y0024,2026-02-19 00:09:44.363289,34
Y_STR07942,Y_U0073,Y0050,2026-02-17 18:09:40.404650,249
Y_STR07943,Y_U0024,Y0031,2026-03-02 02:29:44.610546,119
Y_STR07944,Y_U0060,Y0022,2026-02-09 18:30:53.105089,143
Y_STR07945,Y_U0054,Y0040,2026-02-07 10:12:54.355824,74
Y_STR07946,Y_U0028,Y0044,2026-01-31 18:39:07.905183,10
Y_STR07947,Y_U0002,Y0043,2026-02-14 00:43:23.619443,150
Y_STR07948,Y_U0073,Y0015,2026-02-02 12:51:36.101441,176
Y_STR07949,Y_U0017,Y0023,2026-02-22 11:24:10.024535,212
Y_STR07950,Y_U0029,Y0029,2026-02-14 05:24:44.674286,93
Y_STR07951,Y_U0062,Y0033,2026-02-06 13:17:44.626384,163
Y_STR07952,Y_U0076,Y0038,2026-02-22 00:02:37.176013,7
Y_STR07953,Y_U0033,Y0029,2026-02-02 22:17:10.060919,98
Y_STR07954,Y_U0076,Y0037,2026-02-09 03:52:16.001471,115
Y_STR07955,Y_U0001,Y0028,2026-02-19 17:17:40.756073,98
Y_STR07956,Y_U0100,Y0027,2026-02-02 12:06:04.884886,80
Y_STR07957,Y_U0025,Y0040,2026-02-03 20:28:52.216421,50
Y_STR07958,Y_U0004,Y0034,2026-02-21 12:13:22.538159,136
Y_STR07959,Y_U0031,Y0028,2026-02-09 12:05:43.558563,31
Y_STR07960,Y_U0087,Y0047,2026-02-22 01:50:17.232362,136
Y_STR07961,Y_U0002,Y0046,2026-02-16 17:35:22.807351,142
Y_STR07962,Y_U0054,Y0022,2026-02-22 21:52:55.124671,41
Y_STR07963,Y_U0041,Y0041,2026-02-23 03:19:18.155335,7
Y_STR07964,Y_U0091,Y0034,2026-02-16 00:01:16.571697,6
Y_STR07965,Y_U0031,Y0030,2026-02-27 10:37:36.091301,37
Y_STR07966,Y_U0047,Y0026,2026-02-12 00:57:51.169975,216
Y_STR07967,Y_U0007,Y0040,2026-02-02 03:53:10.141037,100
Y_STR07968,Y_U0012,Y0050,2026-02-09 07:00:44.358739,106
Y_STR07969,Y_U0037,Y0022,2026-02-13 19:00:42.006244,179
Y_STR07970,Y_U0081,Y0038,2026-02-19 18:49:16.052808,120
Y_STR07971,Y_U0051,Y0050,2026-02-21 19:00:32.617710,322
Y_STR07972,Y_U0018,Y0036,2026-02-10 22:57:10.011525,78
Y_STR07973,Y_U0015,Y0036,2026-02-22 22:57:10.326874,187
Y_STR07974,Y_U0012,Y0008,2026-02-22 04:44:52.822244,8
Y_STR07975,Y_U0094,Y0042,2026-02-25 14:55:14.023248,140
Y_STR07976,Y_U0019,Y0021,2026-02-25 11:27:38.740036,128
Y_STR07977,Y_U0068,Y0011,2026-02-28 14:23:38.476010,101
Y_STR07978,Y_U0085,Y0009,2026-02-24 18:42:54.741628,58
Y_STR07979,Y_U0021,Y0046,2026-02-11 03:21:18.871801,104
Y_STR07980,Y_U0046,Y0048,2026-02-23 09:48:54.797466,253
Y_STR07981,Y_U0086,Y0047,2026-02-27 16:20:48.347802,263
Y_STR07982,Y_U0077,Y0047,2026-02-21 03:10:53.144539,130
Y_STR07983,Y_U0027,Y0039,2026-02-15 19:17:42.728157,262
Y_STR07984,Y_U0014,Y0034,2026-02-05 02:05:59.113604,169
Y_STR07985,Y_U0063,Y0050,2026-02-03 18:44:07.310285,246
Y_STR07986,Y_U0023,Y0045,2026-02-15 12:10:18.510972,172
Y_STR07987,Y_U0021,Y0041,2026-02-23 23:32:30.633957,126
Y_STR07988,Y_U0013,Y0044,2026-02-14 15:26:20.774687,8
Y_STR07989,Y_U0015,Y0050,2026-02-07 00:39:48.985145,156
Y_STR07990,Y_U0040,Y0039,2026-02-16 18:54:13.499903,212
Y_STR07991,Y_U0052,Y0049,2026-02-25 14:05:41.734349,16
Y_STR07992,Y_U0042,Y0034,2026-02-19 00:37:18.545528,152
Y_STR07993,Y_U0061,Y0049,2026-02-09 06:25:33.005045,67
Y_STR07994,Y_U0022,Y0018,2026-02-25 18:10:33.723177,292
Y_STR07995,Y_U0082,Y0034,2026-02-05 05:59:51.940491,213
Y_STR07996,Y_U0097,Y0036,2026-03-01 04:19:59.585822,251
Y_STR07997,Y_U0088,Y0044,2026-02-01 05:25:38.564710,127
Y_STR07998,Y_U0049,Y0045,2026-02-11 09:30:59.392240,157
Y_STR07999,Y_U0093,Y0039,2026-02-12 07:10:16.200390,200
Y_STR08000,Y_U0073,Y0047,2026-02-08 10:11:17.835847,62
Y_STR08001,Y_U0063,Y0044,2026-02-23 09:34:11.640195,32
Y_STR08002,Y_U0017,Y0024,2026-02-24 02:11:15.773782,171
Y_STR08003,Y_U0032,Y0013,2026-02-28 12:08:14.914782,106
Y_STR08004,Y_U0021,Y0030,2026-02-13 01:39:08.545874,48
Y_STR08005,Y_U0018,Y0038,2026-02-11 00:25:45.001743,179
Y_STR08006,Y_U0097,Y0030,2026-02-01 12:40:16.312393,135
Y_STR08007,Y_U0044,Y0041,2026-03-02 08:51:15.847609,110
Y_STR08008,Y_U0070,Y0050,2026-02-22 22:17:33.194365,246
Y_STR08009,Y_U0076,Y0045,2026-02-01 13:29:12.412991,192
Y_STR08010,Y_U0089,Y0048,2026-02-02 06:38:06.601889,38
Y_STR08011,Y_U0011,Y0040,2026-02-09 09:39:12.779342,42
Y_STR08012,Y_U0004,Y0027,2026-02-26 15:53:53.172226,153
Y_STR08013,Y_U0013,Y0040,2026-02-18 17:39:25.440114,17
Y_STR08014,Y_U0005,Y0030,2026-02-20 11:28:50.831537,47
Y_STR08015,Y_U0066,Y0049,2026-02-16 03:44:48.224719,65
Y_STR08016,Y_U0078,Y0036,2026-03-01 03:27:22.966178,325
Y_STR08017,Y_U0024,Y0034,2026-02-28 09:20:37.028437,10
Y_STR08018,Y_U0036,Y0038,2026-02-15 05:13:30.976290,30
Y_STR08019,Y_U0064,Y0041,2026-02-12 15:34:23.540604,161
Y_STR08020,Y_U0005,Y0050,2026-02-05 10:02:58.292845,193
Y_STR08021,Y_U0043,Y0027,2026-02-05 22:10:15.193393,213
Y_STR08022,Y_U0064,Y0038,2026-02-27 17:31:46.361495,170
Y_STR08023,Y_U0038,Y0022,2026-02-14 06:53:03.721389,180
Y_STR08024,Y_U0008,Y0044,2026-02-25 20:49:30.713641,219
Y_STR08025,Y_U0017,Y0019,2026-02-12 09:44:01.721860,15
Y_STR08026,Y_U0046,Y0050,2026-03-01 11:39:03.640571,79
Y_STR08027,Y_U0014,Y0031,2026-02-18 06:07:56.230830,138
Y_STR08028,Y_U0072,Y0049,2026-02-21 21:39:21.717211,42
Y_STR08029,Y_U0067,Y0038,2026-02-22 17:03:40.412400,153
Y_STR08030,Y_U0023,Y0038,2026-03-02 03:31:48.445816,155
Y_STR08031,Y_U0060,Y0038,2026-03-01 05:19:49.819252,64
Y_STR08032,Y_U0014,Y0041,2026-02-09 18:22:33.035417,142
Y_STR08033,Y_U0055,Y0050,2026-02-08 06:20:44.446316,280
Y_STR08034,Y_U0044,Y0028,2026-02-19 17:51:13.801358,170
Y_STR08035,Y_U0042,Y0008,2026-02-01 17:56:14.171043,28
Y_STR08036,Y_U0052,Y0033,2026-02-27 07:52:53.971252,101
Y_STR08037,Y_U0054,Y0034,2026-02-25 00:59:46.448399,140
Y_STR08038,Y_U0045,Y0033,2026-02-17 01:14:48.845980,5
Y_STR08039,Y_U0070,Y0026,2026-02-04 02:39:27.083121,136
Y_STR08040,Y_U0089,Y0038,2026-02-10 05:30:13.205948,32
Y_STR08041,Y_U0054,Y0042,2026-02-08 00:08:08.759623,54
Y_STR08042,Y_U0036,Y0036,2026-02-07 08:41:05.665864,207
Y_STR08043,Y_U0027,Y0020,2026-02-18 11:25:23.432906,23
Y_STR08044,Y_U0047,Y0033,2026-03-01 18:40:42.868733,146
Y_STR08045,Y_U0001,Y0011,2026-02-05 19:39:52.445784,185
Y_STR08046,Y_U0063,Y0014,2026-02-02 14:45:49.075894,199
Y_STR08047,Y_U0071,Y0050,2026-02-26 16:53:24.235559,12
Y_STR08048,Y_U0042,Y0023,2026-02-07 07:48:06.503592,184
Y_STR08049,Y_U0039,Y0027,2026-02-08 12:55:45.472797,234
Y_STR08050,Y_U0081,Y0045,2026-02-24 08:48:13.002699,77
Y_STR08051,Y_U0030,Y0020,2026-02-06 13:32:57.823671,91
Y_STR08052,Y_U0052,Y0013,2026-02-04 13:31:52.647939,26
Y_STR08053,Y_U0014,Y0015,2026-02-06 20:35:43.503518,40
Y_STR08054,Y_U0051,Y0041,2026-02-28 10:53:25.072823,7
Y_STR08055,Y_U0016,Y0039,2026-02-26 18:24:28.374563,83
Y_STR08056,Y_U0035,Y0048,2026-03-01 09:17:37.287439,95
Y_STR08057,Y_U0097,Y0046,2026-02-23 19:25:19.835733,126
Y_STR08058,Y_U0069,Y0042,2026-02-28 07:28:07.473569,181
Y_STR08059,Y_U0043,Y0008,2026-02-26 02:49:43.333277,8
Y_STR08060,Y_U0067,Y0025,2026-02-11 20:34:21.175228,172
Y_STR08061,Y_U0036,Y0038,2026-02-01 12:08:37.348212,172
Y_STR08062,Y_U0011,Y0043,2026-02-07 14:39:15.454473,161
Y_STR08063,Y_U0041,Y0036,2026-02-10 02:04:33.984788,241
Y_STR08064,Y_U0017,Y0021,2026-02-26 10:51:52.124457,184
Y_STR08065,Y_U0065,Y0044,2026-02-10 09:47:12.774905,203
Y_STR08066,Y_U0015,Y0045,2026-02-17 12:00:06.666550,98
Y_STR08067,Y_U0002,Y0046,2026-02-27 16:29:09.982250,36
Y_STR08068,Y_U0004,Y0043,2026-02-01 16:54:22.481749,105
Y_STR08069,Y_U0093,Y0014,2026-02-18 03:40:13.767266,94
Y_STR08070,Y_U0062,Y0037,2026-02-27 14:45:50.592843,94
Y_STR08071,Y_U0059,Y0005,2026-02-09 02:27:34.805675,209
Y_STR08072,Y_U0097,Y0023,2026-02-07 02:52:15.093276,36
Y_STR08073,Y_U0049,Y0012,2026-02-25 16:55:08.814599,35
Y_STR08074,Y_U0059,Y0042,2026-02-01 17:35:47.359359,237
Y_STR08075,Y_U0008,Y0034,2026-02-16 15:54:36.950597,13
Y_STR08076,Y_U0087,Y0005,2026-02-24 01:18:55.979891,154
Y_STR08077,Y_U0097,Y0044,2026-02-27 16:45:21.237632,271
Y_STR08078,Y_U0013,Y0040,2026-02-01 09:47:50.909134,125
Y_STR08079,Y_U0020,Y0032,2026-02-20 04:14:50.746741,251
Y_STR08080,Y_U0017,Y0047,2026-02-09 02:49:08.514959,42
Y_STR08081,Y_U0099,Y0023,2026-02-23 17:36:48.542931,126
Y_STR08082,Y_U0030,Y0046,2026-02-23 08:14:16.213076,73
Y_STR08083,Y_U0098,Y0046,2026-02-28 10:22:12.417982,25
Y_STR08084,Y_U0060,Y0043,2026-02-27 05:05:26.521797,66
Y_STR08085,Y_U0058,Y0044,2026-02-07 13:14:54.847128,109
Y_STR08086,Y_U0056,Y0035,2026-02-20 19:22:22.652024,65
Y_STR08087,Y_U0020,Y0044,2026-02-27 07:35:43.968312,77
Y_STR08088,Y_U0050,Y0026,2026-02-23 21:30:34.954306,206
Y_STR08089,Y_U0058,Y0019,2026-02-05 05:13:29.720377,15
Y_STR08090,Y_U0021,Y0016,2026-01-31 16:39:45.812309,228
Y_STR08091,Y_U0086,Y0048,2026-02-12 05:57:51.548518,145
Y_STR08092,Y_U0057,Y0004,2026-02-02 22:44:39.759934,148
Y_STR08093,Y_U0008,Y0047,2026-02-26 17:09:48.120395,109
Y_STR08094,Y_U0015,Y0039,2026-02-17 16:42:07.685383,107
Y_STR08095,Y_U0032,Y0028,2026-02-19 08:12:42.370393,287
Y_STR08096,Y_U0018,Y0039,2026-02-25 01:37:49.031473,168
Y_STR08097,Y_U0049,Y0023,2026-02-06 02:08:14.454000,47
Y_STR08098,Y_U0063,Y0015,2026-02-17 10:02:18.028939,187
Y_STR08099,Y_U0092,Y0040,2026-02-01 04:27:58.357640,45
Y_STR08100,Y_U0026,Y0043,2026-02-19 16:14:30.332607,90
Y_STR08101,Y_U0091,Y0016,2026-03-01 04:37:31.587233,61
Y_STR08102,Y_U0098,Y0044,2026-02-16 21:37:10.760901,38
Y_STR08103,Y_U0050,Y0043,2026-01-31 19:19:50.809547,37
Y_STR08104,Y_U0005,Y0008,2026-02-24 19:59:03.465594,166
Y_STR08105,Y_U0040,Y0030,2026-02-12 01:56:13.413022,119
Y_STR08106,Y_U0007,Y0022,2026-03-02 01:21:29.331817,217
Y_STR08107,Y_U0096,Y0023,2026-02-08 21:25:56.538623,24
Y_STR08108,Y_U0077,Y0015,2026-02-14 01:24:35.856864,212
Y_STR08109,Y_U0059,Y0044,2026-02-12 08:22:44.263466,44
Y_STR08110,Y_U0021,Y0035,2026-02-17 07:02:30.162604,33
Y_STR08111,Y_U0040,Y0049,2026-02-04 09:27:10.475669,81
Y_STR08112,Y_U0008,Y0041,2026-02-06 09:18:20.122135,91
Y_STR08113,Y_U0007,Y0044,2026-02-15 15:39:48.407073,96
Y_STR08114,Y_U0086,Y0050,2026-02-04 22:57:32.228560,119
Y_STR08115,Y_U0065,Y0044,2026-02-13 13:05:13.398317,158
Y_STR08116,Y_U0065,Y0015,2026-02-12 07:36:38.915303,103
Y_STR08117,Y_U0085,Y0022,2026-02-20 01:16:47.621615,151
Y_STR08118,Y_U0041,Y0030,2026-02-08 17:27:23.351569,36
Y_STR08119,Y_U0092,Y0050,2026-03-02 08:05:52.793910,251
Y_STR08120,Y_U0093,Y0046,2026-02-10 11:16:50.607095,173
Y_STR08121,Y_U0077,Y0036,2026-02-21 04:23:55.102410,130
Y_STR08122,Y_U0021,Y0044,2026-03-01 11:25:03.434743,11
Y_STR08123,Y_U0042,Y0041,2026-03-01 02:28:29.477238,205
Y_STR08124,Y_U0007,Y0042,2026-02-04 09:25:23.221966,145
Y_STR08125,Y_U0091,Y0026,2026-02-16 21:10:02.682629,54
Y_STR08126,Y_U0007,Y0034,2026-02-05 09:42:35.586496,35
Y_STR08127,Y_U0090,Y0028,2026-02-17 03:55:03.184764,11
Y_STR08128,Y_U0082,Y0038,2026-02-17 00:18:08.174005,98
Y_STR08129,Y_U0035,Y0030,2026-02-03 06:46:31.058963,38
Y_STR08130,Y_U0090,Y0048,2026-02-01 08:07:09.514910,145
Y_STR08131,Y_U0050,Y0026,2026-02-20 20:11:20.505009,282
Y_STR08132,Y_U0007,Y0026,2026-02-20 06:10:55.953150,266
Y_STR08133,Y_U0086,Y0017,2026-02-26 21:35:25.088282,50
Y_STR08134,Y_U0021,Y0047,2026-02-16 00:33:06.200413,269
Y_STR08135,Y_U0079,Y0037,2026-03-01 06:27:08.688223,132
Y_STR08136,Y_U0015,Y0016,2026-02-22 12:18:14.515575,51
Y_STR08137,Y_U0099,Y0021,2026-02-02 15:37:45.613087,164
Y_STR08138,Y_U0009,Y0045,2026-02-02 21:57:46.868353,132
Y_STR08139,Y_U0029,Y0044,2026-02-08 21:13:11.556083,217
Y_STR08140,Y_U0066,Y0044,2026-02-18 22:15:27.559407,241
Y_STR08141,Y_U0014,Y0023,2026-02-13 22:50:05.037272,236
Y_STR08142,Y_U0043,Y0044,2026-02-26 22:43:05.899454,45
Y_STR08143,Y_U0089,Y0013,2026-02-01 23:49:52.438500,69
Y_STR08144,Y_U0003,Y0019,2026-02-07 03:00:52.830744,173
Y_STR08145,Y_U0004,Y0042,2026-02-05 21:52:22.675683,60
Y_STR08146,Y_U0091,Y0036,2026-02-13 07:53:11.825765,75
Y_STR08147,Y_U0084,Y0029,2026-02-23 22:34:15.239938,19
Y_STR08148,Y_U0022,Y0016,2026-02-05 15:07:54.194971,233
Y_STR08149,Y_U0028,Y0019,2026-02-03 09:40:49.742983,239
Y_STR08150,Y_U0061,Y0021,2026-02-06 13:33:28.422707,7
Y_STR08151,Y_U0080,Y0045,2026-02-17 20:54:09.630338,70
Y_STR08152,Y_U0062,Y0038,2026-02-24 09:59:08.900284,191
Y_STR08153,Y_U0001,Y0020,2026-03-02 00:17:11.186037,25
Y_STR08154,Y_U0059,Y0045,2026-02-03 01:21:37.977659,140
Y_STR08155,Y_U0036,Y0034,2026-02-07 22:22:14.349863,67
Y_STR08156,Y_U0037,Y0026,2026-02-21 11:03:54.751641,100
Y_STR08157,Y_U0048,Y0049,2026-02-27 22:00:16.388171,85
Y_STR08158,Y_U0022,Y0038,2026-02-28 16:31:27.952681,17
Y_STR08159,Y_U0084,Y0023,2026-02-02 13:06:29.500557,100
Y_STR08160,Y_U0025,Y0042,2026-02-15 06:10:44.458179,188
Y_STR08161,Y_U0052,Y0041,2026-02-25 10:41:41.886710,46
Y_STR08162,Y_U0096,Y0011,2026-02-22 16:38:22.262341,231
Y_STR08163,Y_U0066,Y0005,2026-02-25 17:01:53.198847,38
Y_STR08164,Y_U0069,Y0033,2026-02-08 03:07:32.147726,120
Y_STR08165,Y_U0012,Y0033,2026-02-28 12:37:40.079884,71
Y_STR08166,Y_U0018,Y0035,2026-02-24 00:08:18.018382,282
Y_STR08167,Y_U0003,Y0029,2026-03-01 18:10:06.334532,20
Y_STR08168,Y_U0025,Y0019,2026-02-14 12:32:32.424610,10
Y_STR08169,Y_U0015,Y0025,2026-02-19 12:30:08.036345,186
Y_STR08170,Y_U0098,Y0040,2026-02-11 23:33:27.382991,51
Y_STR08171,Y_U0019,Y0024,2026-02-02 11:51:28.054281,190
Y_STR08172,Y_U0049,Y0034,2026-02-26 16:06:39.877346,199
Y_STR08173,Y_U0055,Y0025,2026-02-03 19:00:56.640764,128
Y_STR08174,Y_U0024,Y0030,2026-02-28 07:16:04.478522,99
Y_STR08175,Y_U0085,Y0048,2026-02-07 18:12:18.105552,133
Y_STR08176,Y_U0044,Y0032,2026-02-09 11:27:35.838531,296
Y_STR08177,Y_U0096,Y0012,2026-02-21 07:55:08.482039,14
Y_STR08178,Y_U0097,Y0037,2026-02-21 14:37:51.011576,70
Y_STR08179,Y_U0051,Y0038,2026-02-03 14:15:23.704713,96
Y_STR08180,Y_U0023,Y0044,2026-02-19 13:30:56.729630,208
Y_STR08181,Y_U0059,Y0012,2026-02-16 18:50:49.785204,91
Y_STR08182,Y_U0022,Y0030,2026-02-27 11:50:55.044039,21
Y_STR08183,Y_U0080,Y0017,2026-02-14 04:49:28.343282,76
Y_STR08184,Y_U0073,Y0047,2026-02-21 02:01:21.735315,261
Y_STR08185,Y_U0044,Y0049,2026-03-01 19:17:13.604358,23
Y_STR08186,Y_U0071,Y0039,2026-02-09 06:54:50.993244,298
Y_STR08187,Y_U0100,Y0045,2026-02-22 04:04:42.256561,19
Y_STR08188,Y_U0016,Y0038,2026-02-17 16:28:47.350680,59
Y_STR08189,Y_U0088,Y0049,2026-02-01 16:49:27.996074,56
Y_STR08190,Y_U0069,Y0027,2026-02-06 14:08:47.725887,103
Y_STR08191,Y_U0057,Y0034,2026-02-16 12:40:40.051281,70
Y_STR08192,Y_U0092,Y0049,2026-02-09 14:52:17.122323,56
Y_STR08193,Y_U0078,Y0016,2026-02-02 17:49:19.821853,141
Y_STR08194,Y_U0098,Y0034,2026-02-13 15:48:38.314916,36
Y_STR08195,Y_U0072,Y0042,2026-02-07 23:42:59.118169,260
Y_STR08196,Y_U0088,Y0026,2026-02-26 13:51:05.338652,195
Y_STR08197,Y_U0010,Y0022,2026-02-14 18:33:54.966297,50
Y_STR08198,Y_U0069,Y0024,2026-02-10 06:30:56.960027,34
Y_STR08199,Y_U0012,Y0008,2026-02-01 18:05:24.624300,212
Y_STR08200,Y_U0046,Y0027,2026-02-23 15:09:10.921570,26
Y_STR08201,Y_U0022,Y0048,2026-02-05 05:59:36.124037,206
Y_STR08202,Y_U0055,Y0049,2026-02-27 03:10:42.364346,67
Y_STR08203,Y_U0041,Y0036,2026-02-14 02:57:45.511755,188
Y_STR08204,Y_U0064,Y0028,2026-02-14 02:28:41.522259,232
Y_STR08205,Y_U0085,Y0050,2026-02-12 20:35:39.077697,158
Y_STR08206,Y_U0009,Y0042,2026-02-16 05:17:07.791835,46
Y_STR08207,Y_U0083,Y0039,2026-02-26 19:25:26.913625,50
Y_STR08208,Y_U0011,Y0028,2026-02-16 14:27:32.247836,132
Y_STR08209,Y_U0092,Y0040,2026-02-09 18:29:56.355946,97
Y_STR08210,Y_U0079,Y0047,2026-02-25 13:55:03.037567,259
Y_STR08211,Y_U0079,Y0044,2026-02-15 17:54:12.793020,88
Y_STR08212,Y_U0067,Y0037,2026-02-07 12:47:31.039341,22
Y_STR08213,Y_U0067,Y0035,2026-02-05 14:29:54.809715,282
Y_STR08214,Y_U0062,Y0037,2026-02-13 18:15:21.321443,103
Y_STR08215,Y_U0002,Y0035,2026-02-07 23:40:41.536564,186
Y_STR08216,Y_U0056,Y0032,2026-02-17 17:25:12.431715,218
Y_STR08217,Y_U0066,Y0038,2026-02-22 20:56:21.284424,161
Y_STR08218,Y_U0045,Y0033,2026-02-09 21:09:14.778305,124
Y_STR08219,Y_U0008,Y0039,2026-02-14 23:22:25.826868,85
Y_STR08220,Y_U0044,Y0028,2026-02-12 06:54:57.832421,123
Y_STR08221,Y_U0017,Y0037,2026-03-02 07:33:47.310167,46
Y_STR08222,Y_U0094,Y0025,2026-02-02 00:25:28.991638,97
Y_STR08223,Y_U0064,Y0013,2026-02-20 20:43:23.271047,110
Y_STR08224,Y_U0075,Y0029,2026-02-24 05:03:10.457764,274
Y_STR08225,Y_U0058,Y0047,2026-02-27 19:23:47.789510,197
Y_STR08226,Y_U0082,Y0047,2026-02-20 04:16:16.985623,136
Y_STR08227,Y_U0063,Y0040,2026-02-28 14:40:24.792950,93
Y_STR08228,Y_U0020,Y0013,2026-02-22 18:46:50.514548,164
Y_STR08229,Y_U0061,Y0014,2026-02-08 11:45:28.233749,90
Y_STR08230,Y_U0014,Y0040,2026-02-27 07:52:19.472648,119
Y_STR08231,Y_U0069,Y0023,2026-02-20 09:03:07.697917,175
Y_STR08232,Y_U0051,Y0045,2026-02-18 06:37:08.350536,146
Y_STR08233,Y_U0085,Y0043,2026-02-06 03:43:02.846787,117
Y_STR08234,Y_U0099,Y0026,2026-02-25 04:13:58.406046,176
Y_STR08235,Y_U0064,Y0050,2026-02-26 08:22:38.436489,331
Y_STR08236,Y_U0082,Y0044,2026-02-11 15:36:13.602041,90
Y_STR08237,Y_U0044,Y0023,2026-02-24 14:40:13.642215,234
Y_STR08238,Y_U0046,Y0015,2026-02-12 03:15:29.908077,169
Y_STR08239,Y_U0006,Y0043,2026-02-14 06:39:09.632099,68
Y_STR08240,Y_U0068,Y0042,2026-03-02 03:22:36.106162,252
Y_STR08241,Y_U0035,Y0020,2026-02-25 13:15:13.645792,159
Y_STR08242,Y_U0086,Y0007,2026-02-12 16:18:41.019376,92
Y_STR08243,Y_U0065,Y0042,2026-02-07 13:27:29.630374,68
Y_STR08244,Y_U0094,Y0024,2026-02-07 16:28:20.614963,89
Y_STR08245,Y_U0039,Y0032,2026-02-12 07:11:06.955869,269
Y_STR08246,Y_U0006,Y0049,2026-02-07 18:48:31.771580,82
Y_STR08247,Y_U0047,Y0048,2026-02-01 06:06:35.801180,21
Y_STR08248,Y_U0077,Y0046,2026-02-18 10:17:10.215337,61
Y_STR08249,Y_U0083,Y0032,2026-02-13 11:02:45.477887,8
Y_STR08250,Y_U0055,Y0043,2026-02-14 10:16:00.718924,140
Y_STR08251,Y_U0041,Y0023,2026-02-22 08:46:00.841127,42
Y_STR08252,Y_U0011,Y0025,2026-02-28 06:44:56.207152,52
Y_STR08253,Y_U0055,Y0047,2026-02-25 11:22:15.262469,202
Y_STR08254,Y_U0011,Y0016,2026-02-12 21:23:20.841753,114
Y_STR08255,Y_U0028,Y0041,2026-02-06 15:54:09.070943,122
Y_STR08256,Y_U0070,Y0027,2026-02-26 04:36:15.921669,25
Y_STR08257,Y_U0003,Y0043,2026-02-08 17:18:45.957976,54
Y_STR08258,Y_U0084,Y0033,2026-02-21 03:18:09.579973,73
Y_STR08259,Y_U0063,Y0024,2026-02-21 08:51:43.109116,290
Y_STR08260,Y_U0027,Y0024,2026-02-17 12:45:59.112385,299
Y_STR08261,Y_U0028,Y0024,2026-02-14 21:17:38.002819,168
Y_STR08262,Y_U0038,Y0028,2026-02-27 15:52:25.359799,88
Y_STR08263,Y_U0075,Y0049,2026-02-23 02:08:53.317133,116
Y_STR08264,Y_U0050,Y0034,2026-02-14 07:57:25.461343,92
Y_STR08265,Y_U0006,Y0046,2026-02-04 12:41:47.489064,85
Y_STR08266,Y_U0060,Y0034,2026-02-25 19:54:48.132779,6
Y_STR08267,Y_U0017,Y0021,2026-02-13 09:08:33.760653,16
Y_STR08268,Y_U0028,Y0033,2026-02-26 11:12:11.595193,152
Y_STR08269,Y_U0009,Y0008,2026-02-25 19:48:31.789116,86
Y_STR08270,Y_U0059,Y0039,2026-02-02 05:49:26.567424,90
Y_STR08271,Y_U0033,Y0046,2026-02-12 06:02:07.722816,38
Y_STR08272,Y_U0072,Y0047,2026-02-25 06:34:21.592490,229
Y_STR08273,Y_U0053,Y0031,2026-02-13 17:52:25.826513,118
Y_STR08274,Y_U0041,Y0045,2026-02-10 13:06:57.313413,192
Y_STR08275,Y_U0021,Y0044,2026-02-17 10:53:03.869565,295
Y_STR08276,Y_U0076,Y0041,2026-02-13 22:08:30.323718,222
Y_STR08277,Y_U0077,Y0031,2026-02-06 05:14:17.858067,8
Y_STR08278,Y_U0018,Y0043,2026-03-01 06:15:31.832803,76
Y_STR08279,Y_U0056,Y0047,2026-03-01 19:13:51.415305,49
Y_STR08280,Y_U0003,Y0046,2026-02-03 17:57:38.986588,125
Y_STR08281,Y_U0010,Y0018,2026-02-16 17:23:11.917114,40
Y_STR08282,Y_U0016,Y0006,2026-03-01 12:44:23.052910,227
Y_STR08283,Y_U0002,Y0023,2026-02-16 14:32:48.663485,118
Y_STR08284,Y_U0087,Y0039,2026-02-21 06:40:10.835862,250
Y_STR08285,Y_U0089,Y0030,2026-02-28 12:16:37.515041,104
Y_STR08286,Y_U0009,Y0032,2026-02-03 13:14:52.503466,179
Y_STR08287,Y_U0057,Y0035,2026-02-02 23:04:13.517071,106
Y_STR08288,Y_U0089,Y0037,2026-02-02 20:06:20.330402,108
Y_STR08289,Y_U0001,Y0014,2026-02-11 12:49:52.200761,48
Y_STR08290,Y_U0031,Y0044,2026-02-15 14:10:12.859581,337
Y_STR08291,Y_U0035,Y0036,2026-02-26 19:58:46.774086,344
Y_STR08292,Y_U0043,Y0033,2026-02-23 05:11:26.486651,45
Y_STR08293,Y_U0035,Y0038,2026-02-15 07:59:08.977859,77
Y_STR08294,Y_U0066,Y0010,2026-02-07 12:05:02.424318,15
Y_STR08295,Y_U0006,Y0047,2026-02-23 03:52:41.764093,6
Y_STR08296,Y_U0039,Y0046,2026-02-07 23:44:03.861207,159
Y_STR08297,Y_U0016,Y0036,2026-02-14 22:29:34.588569,162
Y_STR08298,Y_U0093,Y0032,2026-02-16 06:11:32.308226,258
Y_STR08299,Y_U0099,Y0042,2026-02-24 16:54:07.430855,100
Y_STR08300,Y_U0067,Y0042,2026-02-10 10:45:48.629688,269
Y_STR08301,Y_U0017,Y0032,2026-02-04 07:18:03.673561,34
Y_STR08302,Y_U0059,Y0031,2026-02-03 05:39:36.439639,23
Y_STR08303,Y_U0098,Y0044,2026-02-23 20:49:03.222657,21
Y_STR08304,Y_U0033,Y0016,2026-02-24 20:39:50.426611,183
Y_STR08305,Y_U0040,Y0010,2026-02-28 23:00:48.712140,26
Y_STR08306,Y_U0046,Y0008,2026-02-26 17:59:12.241198,217
Y_STR08307,Y_U0012,Y0002,2026-02-10 21:12:16.884951,64
Y_STR08308,Y_U0026,Y0028,2026-02-20 18:17:03.337179,115
Y_STR08309,Y_U0063,Y0050,2026-02-16 19:16:20.401286,317
Y_STR08310,Y_U0061,Y0030,2026-02-17 15:55:02.383815,40
Y_STR08311,Y_U0052,Y0024,2026-02-10 01:31:35.371441,70
Y_STR08312,Y_U0019,Y0022,2026-02-24 23:33:34.172142,165
Y_STR08313,Y_U0087,Y0040,2026-02-11 18:08:14.138200,17
Y_STR08314,Y_U0076,Y0047,2026-02-21 12:38:03.246028,167
Y_STR08315,Y_U0003,Y0019,2026-02-09 20:36:40.830011,155
Y_STR08316,Y_U0088,Y0047,2026-03-01 18:09:39.309153,271
Y_STR08317,Y_U0054,Y0010,2026-02-13 00:47:58.108032,40
Y_STR08318,Y_U0017,Y0034,2026-02-27 04:47:35.639815,66
Y_STR08319,Y_U0052,Y0040,2026-02-03 03:34:32.413115,94
Y_STR08320,Y_U0027,Y0015,2026-02-16 14:50:03.670747,225
Y_STR08321,Y_U0078,Y0011,2026-02-07 19:13:30.500468,200
Y_STR08322,Y_U0048,Y0034,2026-02-28 04:44:02.224478,162
Y_STR08323,Y_U0042,Y0050,2026-02-01 23:14:34.365273,329
Y_STR08324,Y_U0064,Y0011,2026-02-19 21:42:28.004076,204
Y_STR08325,Y_U0047,Y0036,2026-02-15 23:43:06.840795,10
Y_STR08326,Y_U0061,Y0005,2026-02-15 08:51:59.396011,225
Y_STR08327,Y_U0038,Y0050,2026-02-16 17:34:53.610470,296
Y_STR08328,Y_U0022,Y0035,2026-02-01 01:49:15.893702,263
Y_STR08329,Y_U0066,Y0018,2026-02-14 14:22:59.188468,226
Y_STR08330,Y_U0084,Y0036,2026-02-20 04:12:43.801902,44
Y_STR08331,Y_U0073,Y0046,2026-02-23 09:18:42.730790,127
Y_STR08332,Y_U0067,Y0045,2026-02-13 00:36:57.364048,167
Y_STR08333,Y_U0048,Y0004,2026-02-14 18:28:19.631752,191
Y_STR08334,Y_U0038,Y0010,2026-02-19 10:23:18.360996,102
Y_STR08335,Y_U0043,Y0049,2026-02-10 11:07:24.911471,70
Y_STR08336,Y_U0068,Y0040,2026-02-06 17:37:24.848412,99
Y_STR08337,Y_U0024,Y0009,2026-03-02 04:14:58.291363,195
Y_STR08338,Y_U0045,Y0035,2026-02-05 16:42:26.316383,310
Y_STR08339,Y_U0029,Y0028,2026-02-22 14:49:56.561163,147
Y_STR08340,Y_U0037,Y0031,2026-02-03 09:43:32.333893,82
Y_STR08341,Y_U0089,Y0040,2026-03-01 14:55:03.306650,94
Y_STR08342,Y_U0058,Y0012,2026-02-21 12:41:34.405295,75
Y_STR08343,Y_U0055,Y0024,2026-02-17 03:44:08.939959,325
Y_STR08344,Y_U0075,Y0023,2026-02-20 12:45:37.628028,20
Y_STR08345,Y_U0026,Y0028,2026-02-20 11:36:15.589877,247
Y_STR08346,Y_U0028,Y0038,2026-02-13 15:32:37.010209,194
Y_STR08347,Y_U0004,Y0026,2026-02-28 14:45:30.050106,167
Y_STR08348,Y_U0046,Y0027,2026-02-26 08:04:37.490832,85
Y_STR08349,Y_U0051,Y0050,2026-02-19 10:59:04.185605,54
Y_STR08350,Y_U0074,Y0006,2026-02-24 02:22:34.595189,299
Y_STR08351,Y_U0065,Y0019,2026-02-08 05:07:37.170567,264
Y_STR08352,Y_U0047,Y0021,2026-03-02 06:04:31.085488,216
Y_STR08353,Y_U0005,Y0031,2026-02-24 01:15:34.815706,67
Y_STR08354,Y_U0089,Y0009,2026-02-08 19:05:21.989579,46
Y_STR08355,Y_U0016,Y0037,2026-02-20 17:45:10.330850,26
Y_STR08356,Y_U0042,Y0031,2026-02-21 16:35:59.831139,135
Y_STR08357,Y_U0065,Y0013,2026-02-08 01:39:28.651561,12
Y_STR08358,Y_U0082,Y0039,2026-02-09 10:07:57.342876,288
Y_STR08359,Y_U0033,Y0048,2026-02-05 11:50:57.627574,150
Y_STR08360,Y_U0021,Y0027,2026-02-10 08:04:39.346838,52
Y_STR08361,Y_U0006,Y0035,2026-03-01 08:52:18.145153,239
Y_STR08362,Y_U0085,Y0044,2026-02-11 04:26:18.703271,99
Y_STR08363,Y_U0003,Y0047,2026-02-02 20:49:14.915702,82
Y_STR08364,Y_U0072,Y0050,2026-02-19 10:21:11.047612,215
Y_STR08365,Y_U0023,Y0021,2026-02-27 17:36:48.830413,30
Y_STR08366,Y_U0010,Y0037,2026-02-24 01:23:42.685677,115
Y_STR08367,Y_U0066,Y0041,2026-02-13 18:28:10.845335,12
Y_STR08368,Y_U0063,Y0029,2026-02-04 20:44:45.671102,62
Y_STR08369,Y_U0047,Y0017,2026-02-24 12:55:59.229852,98
Y_STR08370,Y_U0063,Y0027,2026-02-25 05:33:37.284155,40
Y_STR08371,Y_U0026,Y0047,2026-02-18 03:02:06.564322,223
Y_STR08372,Y_U0075,Y0021,2026-02-24 16:36:03.628636,88
Y_STR08373,Y_U0022,Y0049,2026-02-11 09:35:18.139819,90
Y_STR08374,Y_U0034,Y0048,2026-02-08 21:38:39.631768,187
Y_STR08375,Y_U0097,Y0049,2026-03-01 09:30:57.428447,80
Y_STR08376,Y_U0100,Y0035,2026-02-07 23:57:28.837398,22
Y_STR08377,Y_U0048,Y0014,2026-02-24 20:58:17.691190,268
Y_STR08378,Y_U0093,Y0019,2026-03-01 17:18:10.969670,264
Y_STR08379,Y_U0003,Y0007,2026-01-31 23:08:59.353308,288
Y_STR08380,Y_U0063,Y0037,2026-02-08 21:48:41.801880,34
Y_STR08381,Y_U0080,Y0049,2026-02-12 04:22:44.245667,16
Y_STR08382,Y_U0095,Y0032,2026-02-18 23:45:37.910218,262
Y_STR08383,Y_U0093,Y0016,2026-02-11 10:25:24.173080,95
Y_STR08384,Y_U0012,Y0028,2026-02-27 01:02:25.136719,281
Y_STR08385,Y_U0047,Y0021,2026-02-03 23:26:21.322539,173
Y_STR08386,Y_U0017,Y0015,2026-02-28 08:35:41.946501,181
Y_STR08387,Y_U0025,Y0029,2026-02-07 09:23:53.279466,81
Y_STR08388,Y_U0022,Y0049,2026-02-12 14:40:12.023627,94
Y_STR08389,Y_U0014,Y0008,2026-02-01 17:37:59.271247,83
Y_STR08390,Y_U0005,Y0049,2026-02-06 07:02:42.340207,39
Y_STR08391,Y_U0029,Y0019,2026-02-13 20:16:58.265913,21
Y_STR08392,Y_U0005,Y0019,2026-02-25 18:02:47.533149,233
Y_STR08393,Y_U0017,Y0039,2026-02-08 00:35:03.215791,320
Y_STR08394,Y_U0061,Y0032,2026-02-10 07:46:13.651384,80
Y_STR08395,Y_U0100,Y0047,2026-02-16 10:30:58.204320,217
Y_STR08396,Y_U0001,Y0038,2026-02-11 12:52:34.740849,83
Y_STR08397,Y_U0005,Y0043,2026-02-24 04:09:57.474925,19
Y_STR08398,Y_U0006,Y0032,2026-02-17 00:31:47.190782,256
Y_STR08399,Y_U0024,Y0043,2026-02-11 11:40:42.956251,67
Y_STR08400,Y_U0068,Y0029,2026-02-05 15:29:09.610944,298
Y_STR08401,Y_U0045,Y0044,2026-02-16 18:59:46.796941,100
Y_STR08402,Y_U0072,Y0035,2026-02-23 00:08:13.237857,17
Y_STR08403,Y_U0055,Y0042,2026-02-04 14:36:20.127350,159
Y_STR08404,Y_U0081,Y0042,2026-02-24 06:46:24.142799,67
Y_STR08405,Y_U0020,Y0047,2026-02-15 23:53:02.914397,107
Y_STR08406,Y_U0038,Y0034,2026-02-14 12:04:14.039651,148
Y_STR08407,Y_U0045,Y0039,2026-02-14 23:07:32.067843,308
Y_STR08408,Y_U0055,Y0032,2026-02-24 21:17:50.078293,68
Y_STR08409,Y_U0004,Y0040,2026-02-26 06:37:17.698436,48
Y_STR08410,Y_U0043,Y0027,2026-02-13 12:09:06.645268,161
Y_STR08411,Y_U0034,Y0032,2026-01-31 18:21:56.744022,38
Y_STR08412,Y_U0071,Y0041,2026-02-21 03:32:02.498383,232
Y_STR08413,Y_U0059,Y0033,2026-02-10 22:42:04.167701,124
Y_STR08414,Y_U0005,Y0040,2026-02-03 02:46:42.366728,90
Y_STR08415,Y_U0073,Y0038,2026-02-11 18:50:24.828732,46
Y_STR08416,Y_U0042,Y0006,2026-01-31 18:36:10.200638,245
Y_STR08417,Y_U0036,Y0047,2026-02-21 06:18:51.541920,257
Y_STR08418,Y_U0082,Y0040,2026-02-19 10:32:25.123649,27
Y_STR08419,Y_U0021,Y0027,2026-02-24 23:24:18.658223,7
Y_STR08420,Y_U0002,Y0031,2026-02-26 04:57:06.797609,83
Y_STR08421,Y_U0021,Y0008,2026-02-05 12:58:36.699300,22
Y_STR08422,Y_U0038,Y0020,2026-02-19 06:53:30.114191,85
Y_STR08423,Y_U0003,Y0046,2026-02-03 05:37:50.760910,150
Y_STR08424,Y_U0056,Y0050,2026-02-18 02:47:44.158270,179
Y_STR08425,Y_U0085,Y0017,2026-02-25 11:00:42.015696,20
Y_STR08426,Y_U0091,Y0027,2026-01-31 14:12:29.747658,209
Y_STR08427,Y_U0015,Y0045,2026-02-24 18:32:59.846499,54
Y_STR08428,Y_U0063,Y0045,2026-02-16 12:43:30.935291,26
Y_STR08429,Y_U0062,Y0028,2026-02-20 22:29:00.477513,151
Y_STR08430,Y_U0088,Y0026,2026-02-11 05:25:49.000847,98
Y_STR08431,Y_U0089,Y0042,2026-02-01 10:02:38.148181,230
Y_STR08432,Y_U0071,Y0013,2026-02-19 02:21:10.800711,51
Y_STR08433,Y_U0052,Y0038,2026-02-20 10:39:03.148674,164
Y_STR08434,Y_U0015,Y0034,2026-02-04 17:51:46.688607,212
Y_STR08435,Y_U0030,Y0049,2026-02-19 16:40:10.966818,62
Y_STR08436,Y_U0081,Y0036,2026-02-11 22:06:07.967713,150
Y_STR08437,Y_U0075,Y0025,2026-02-15 05:44:19.631786,137
Y_STR08438,Y_U0066,Y0020,2026-02-09 05:16:46.939299,28
Y_STR08439,Y_U0071,Y0046,2026-02-09 21:56:56.439169,27
Y_STR08440,Y_U0074,Y0043,2026-03-01 22:25:41.002094,39
Y_STR08441,Y_U0032,Y0038,2026-02-27 18:41:27.421784,60
Y_STR08442,Y_U0027,Y0031,2026-02-18 02:43:39.657079,43
Y_STR08443,Y_U0031,Y0049,2026-02-11 11:49:53.375897,11
Y_STR08444,Y_U0029,Y0042,2026-02-01 21:31:13.142480,239
Y_STR08445,Y_U0007,Y0042,2026-01-31 23:07:50.274272,224
Y_STR08446,Y_U0096,Y0044,2026-02-25 10:40:10.263211,269
Y_STR08447,Y_U0091,Y0023,2026-02-26 11:47:19.106699,101
Y_STR08448,Y_U0091,Y0020,2026-02-10 20:05:54.494040,107
Y_STR08449,Y_U0020,Y0025,2026-02-01 21:41:16.089354,174
Y_STR08450,Y_U0091,Y0047,2026-02-11 04:31:56.296278,120
Y_STR08451,Y_U0002,Y0047,2026-02-26 23:52:04.980142,263
Y_STR08452,Y_U0070,Y0036,2026-02-26 08:43:46.311543,315
Y_STR08453,Y_U0089,Y0046,2026-02-10 04:15:11.348083,122
Y_STR08454,Y_U0087,Y0035,2026-02-16 13:43:43.090332,181
Y_STR08455,Y_U0023,Y0041,2026-02-07 10:24:20.881904,37
Y_STR08456,Y_U0097,Y0040,2026-02-02 04:15:54.350585,86
Y_STR08457,Y_U0053,Y0036,2026-02-23 01:24:36.641806,137
Y_STR08458,Y_U0021,Y0045,2026-02-19 02:48:28.078585,39
Y_STR08459,Y_U0089,Y0048,2026-02-19 21:07:13.708046,64
Y_STR08460,Y_U0038,Y0017,2026-02-22 03:48:06.998790,107
Y_STR08461,Y_U0022,Y0042,2026-02-02 04:20:49.361171,58
Y_STR08462,Y_U0082,Y0034,2026-02-12 00:57:35.299328,120
Y_STR08463,Y_U0089,Y0045,2026-02-27 12:01:08.108203,151
Y_STR08464,Y_U0044,Y0011,2026-02-08 22:09:33.476070,74
Y_STR08465,Y_U0095,Y0005,2026-02-20 15:02:08.134878,241
Y_STR08466,Y_U0100,Y0019,2026-02-08 11:19:11.464425,128
Y_STR08467,Y_U0050,Y0033,2026-02-06 23:33:57.581848,137
Y_STR08468,Y_U0084,Y0043,2026-02-27 07:53:30.623973,48
Y_STR08469,Y_U0080,Y0031,2026-02-27 08:34:04.940682,65
Y_STR08470,Y_U0003,Y0032,2026-02-16 05:26:48.112919,231
Y_STR08471,Y_U0028,Y0042,2026-02-23 07:36:15.901036,148
Y_STR08472,Y_U0088,Y0024,2026-02-03 12:32:41.773690,345
Y_STR08473,Y_U0079,Y0013,2026-02-25 03:44:21.267118,173
Y_STR08474,Y_U0063,Y0019,2026-02-18 17:49:40.380737,10
Y_STR08475,Y_U0070,Y0045,2026-02-10 14:57:38.480154,22
Y_STR08476,Y_U0079,Y0036,2026-02-05 13:46:34.542184,303
Y_STR08477,Y_U0080,Y0033,2026-02-09 10:18:05.820145,166
Y_STR08478,Y_U0082,Y0041,2026-02-04 15:12:56.993893,257
Y_STR08479,Y_U0030,Y0030,2026-02-20 10:07:14.226214,147
Y_STR08480,Y_U0042,Y0034,2026-02-13 16:09:48.447622,236
Y_STR08481,Y_U0094,Y0028,2026-02-27 20:04:02.551656,285
Y_STR08482,Y_U0002,Y0007,2026-02-01 10:05:15.015015,119
Y_STR08483,Y_U0069,Y0047,2026-03-01 22:09:29.334614,233
Y_STR08484,Y_U0023,Y0022,2026-02-24 05:25:48.495487,162
Y_STR08485,Y_U0065,Y0044,2026-02-19 06:05:37.498517,61
Y_STR08486,Y_U0029,Y0047,2026-02-02 06:35:20.077420,168
Y_STR08487,Y_U0004,Y0041,2026-02-09 23:33:09.589881,162
Y_STR08488,Y_U0100,Y0015,2026-02-20 12:30:50.090402,269
Y_STR08489,Y_U0029,Y0008,2026-02-12 12:54:10.519996,233
Y_STR08490,Y_U0081,Y0045,2026-02-09 01:12:19.507705,199
Y_STR08491,Y_U0087,Y0047,2026-02-27 21:51:42.850680,209
Y_STR08492,Y_U0091,Y0029,2026-02-10 15:07:14.189561,198
Y_STR08493,Y_U0073,Y0019,2026-02-21 16:58:49.455900,268
Y_STR08494,Y_U0066,Y0042,2026-02-12 02:07:21.287947,226
Y_STR08495,Y_U0003,Y0027,2026-02-02 02:39:52.450785,170
Y_STR08496,Y_U0086,Y0013,2026-02-10 16:26:57.750925,10
Y_STR08497,Y_U0033,Y0015,2026-02-22 06:53:48.714787,144
Y_STR08498,Y_U0076,Y0038,2026-02-19 09:59:57.527099,98
Y_STR08499,Y_U0024,Y0025,2026-02-19 15:06:28.227682,68
Y_STR08500,Y_U0089,Y0049,2026-02-11 07:04:52.187578,21
Y_STR08501,Y_U0055,Y0005,2026-02-06 16:28:32.937667,203
Y_STR08502,Y_U0012,Y0032,2026-02-22 11:41:43.002036,176
Y_STR08503,Y_U0038,Y0041,2026-02-27 13:44:50.199655,43
Y_STR08504,Y_U0022,Y0043,2026-02-24 20:45:16.982857,71
Y_STR08505,Y_U0074,Y0031,2026-02-02 13:30:25.702950,39
Y_STR08506,Y_U0006,Y0046,2026-02-03 11:15:01.364983,137
Y_STR08507,Y_U0049,Y0049,2026-02-22 05:30:18.749202,8
Y_STR08508,Y_U0080,Y0039,2026-02-26 03:14:52.642210,19
Y_STR08509,Y_U0037,Y0033,2026-02-28 07:06:03.824228,139
Y_STR08510,Y_U0070,Y0024,2026-02-27 13:08:27.595705,116
Y_STR08511,Y_U0038,Y0017,2026-02-21 23:41:03.532674,25
Y_STR08512,Y_U0018,Y0040,2026-02-18 12:51:00.528931,64
Y_STR08513,Y_U0031,Y0044,2026-02-17 11:20:58.685962,303
Y_STR08514,Y_U0071,Y0045,2026-02-22 11:47:16.043428,123
Y_STR08515,Y_U0016,Y0036,2026-02-21 04:47:53.248313,6
Y_STR08516,Y_U0059,Y0035,2026-02-09 12:56:56.381153,249
Y_STR08517,Y_U0067,Y0019,2026-02-05 16:23:23.863045,65
Y_STR08518,Y_U0049,Y0028,2026-02-08 01:46:46.946871,197
Y_STR08519,Y_U0070,Y0012,2026-02-04 21:38:24.961330,82
Y_STR08520,Y_U0036,Y0035,2026-03-02 02:27:04.244992,187
Y_STR08521,Y_U0099,Y0030,2026-02-19 17:57:34.706717,131
Y_STR08522,Y_U0040,Y0042,2026-02-11 01:03:43.967579,114
Y_STR08523,Y_U0046,Y0028,2026-02-19 10:46:25.494155,263
Y_STR08524,Y_U0068,Y0029,2026-02-27 21:17:24.845071,146
Y_STR08525,Y_U0026,Y0038,2026-02-28 22:05:44.816971,134
Y_STR08526,Y_U0071,Y0028,2026-02-07 19:52:57.452935,153
Y_STR08527,Y_U0009,Y0044,2026-02-23 09:22:46.286965,24
Y_STR08528,Y_U0030,Y0040,2026-02-23 04:01:46.077606,35
Y_STR08529,Y_U0047,Y0020,2026-02-27 15:06:23.934293,39
Y_STR08530,Y_U0081,Y0033,2026-02-19 16:51:08.873615,168
Y_STR08531,Y_U0028,Y0047,2026-02-19 15:39:01.133799,34
Y_STR08532,Y_U0069,Y0050,2026-02-11 17:55:18.323559,166
Y_STR08533,Y_U0089,Y0046,2026-02-18 08:48:05.845094,95
Y_STR08534,Y_U0015,Y0033,2026-02-01 01:10:47.992370,127
Y_STR08535,Y_U0063,Y0030,2026-02-23 14:28:33.103223,26
Y_STR08536,Y_U0078,Y0041,2026-02-15 14:26:00.214498,169
Y_STR08537,Y_U0022,Y0034,2026-02-18 05:25:12.275622,53
Y_STR08538,Y_U0047,Y0039,2026-02-06 05:39:14.816565,300
Y_STR08539,Y_U0038,Y0042,2026-02-18 10:43:46.233692,81
Y_STR08540,Y_U0061,Y0043,2026-02-02 00:16:16.530587,65
Y_STR08541,Y_U0072,Y0018,2026-02-27 21:54:02.807675,277
Y_STR08542,Y_U0013,Y0037,2026-02-28 17:30:50.835770,52
Y_STR08543,Y_U0029,Y0020,2026-02-02 03:29:52.330644,11
Y_STR08544,Y_U0015,Y0045,2026-02-04 02:23:07.344385,142
Y_STR08545,Y_U0062,Y0015,2026-02-27 14:17:35.705509,11
Y_STR08546,Y_U0043,Y0036,2026-02-14 20:07:29.194898,234
Y_STR08547,Y_U0078,Y0038,2026-02-25 09:51:09.468796,73
Y_STR08548,Y_U0046,Y0047,2026-03-02 07:47:06.401455,258
Y_STR08549,Y_U0066,Y0045,2026-02-20 14:58:32.470306,59
Y_STR08550,Y_U0076,Y0049,2026-02-21 19:10:53.907089,61
Y_STR08551,Y_U0047,Y0026,2026-01-31 13:23:58.370308,137
Y_STR08552,Y_U0035,Y0027,2026-02-28 14:39:04.731627,154
Y_STR08553,Y_U0072,Y0036,2026-03-01 04:15:18.417215,335
Y_STR08554,Y_U0044,Y0050,2026-02-17 09:28:44.145347,135
Y_STR08555,Y_U0034,Y0004,2026-02-17 14:14:34.470253,166
Y_STR08556,Y_U0029,Y0034,2026-02-07 04:30:34.424581,54
Y_STR08557,Y_U0020,Y0014,2026-02-19 06:17:49.242343,224
Y_STR08558,Y_U0062,Y0018,2026-02-07 07:13:54.664856,109
Y_STR08559,Y_U0078,Y0044,2026-02-07 19:11:54.935904,8
Y_STR08560,Y_U0039,Y0047,2026-02-09 00:32:49.233280,70
Y_STR08561,Y_U0078,Y0049,2026-03-01 20:16:42.542891,88
Y_STR08562,Y_U0056,Y0041,2026-02-21 10:12:16.256415,73
Y_STR08563,Y_U0003,Y0032,2026-02-26 04:31:53.868436,157
Y_STR08564,Y_U0080,Y0027,2026-02-03 19:28:05.731281,179
Y_STR08565,Y_U0018,Y0036,2026-02-26 00:04:19.858779,269
Y_STR08566,Y_U0010,Y0038,2026-02-01 07:42:28.259671,190
Y_STR08567,Y_U0082,Y0049,2026-02-07 10:01:56.236066,113
Y_STR08568,Y_U0097,Y0047,2026-02-01 13:00:44.706971,133
Y_STR08569,Y_U0021,Y0040,2026-02-22 03:45:32.309319,36
Y_STR08570,Y_U0009,Y0042,2026-02-08 09:51:28.453926,61
Y_STR08571,Y_U0044,Y0041,2026-02-03 04:35:51.864911,139
Y_STR08572,Y_U0073,Y0012,2026-02-03 21:28:39.854000,36
Y_STR08573,Y_U0020,Y0019,2026-02-09 16:15:04.784920,147
Y_STR08574,Y_U0001,Y0047,2026-02-02 05:11:56.268625,250
Y_STR08575,Y_U0010,Y0027,2026-02-24 22:58:32.922215,110
Y_STR08576,Y_U0008,Y0031,2026-02-19 00:13:45.401876,59
Y_STR08577,Y_U0072,Y0011,2026-02-02 23:31:09.200669,35
Y_STR08578,Y_U0032,Y0028,2026-02-16 03:55:14.983826,265
Y_STR08579,Y_U0059,Y0040,2026-02-17 16:44:03.065210,6
Y_STR08580,Y_U0069,Y0050,2026-02-10 11:13:20.629014,131
Y_STR08581,Y_U0003,Y0042,2026-02-11 01:40:31.872596,224
Y_STR08582,Y_U0061,Y0026,2026-02-12 21:43:53.372784,272
Y_STR08583,Y_U0024,Y0025,2026-02-12 15:12:28.383654,85
Y_STR08584,Y_U0050,Y0027,2026-02-08 04:48:00.265692,98
Y_STR08585,Y_U0048,Y0031,2026-02-11 00:20:11.609587,14
Y_STR08586,Y_U0090,Y0048,2026-02-03 20:43:46.426375,102
Y_STR08587,Y_U0068,Y0039,2026-02-12 16:28:59.846122,47
Y_STR08588,Y_U0090,Y0044,2026-02-21 21:28:33.376418,166
Y_STR08589,Y_U0041,Y0048,2026-02-06 13:16:38.425102,127
Y_STR08590,Y_U0020,Y0036,2026-02-19 18:19:27.737249,134
Y_STR08591,Y_U0083,Y0025,2026-02-27 22:00:45.179982,104
Y_STR08592,Y_U0048,Y0018,2026-02-01 12:53:25.330266,289
Y_STR08593,Y_U0059,Y0040,2026-02-24 07:56:14.189703,130
Y_STR08594,Y_U0064,Y0034,2026-03-02 10:48:09.242667,121
Y_STR08595,Y_U0089,Y0037,2026-02-25 04:41:37.716274,118
Y_STR08596,Y_U0050,Y0024,2026-03-01 19:52:35.336488,120
Y_STR08597,Y_U0001,Y0017,2026-02-17 08:01:37.809241,5
Y_STR08598,Y_U0046,Y0031,2026-02-12 20:36:56.408853,88
Y_STR08599,Y_U0084,Y0036,2026-02-12 19:22:24.750070,255
Y_STR08600,Y_U0092,Y0021,2026-02-23 06:51:22.911601,136
Y_STR08601,Y_U0067,Y0035,2026-02-28 09:21:32.306830,160
Y_STR08602,Y_U0017,Y0036,2026-02-19 14:01:40.683348,344
Y_STR08603,Y_U0063,Y0025,2026-02-14 08:13:02.586432,8
Y_STR08604,Y_U0060,Y0049,2026-02-21 15:03:50.098711,72
Y_STR08605,Y_U0042,Y0031,2026-02-20 21:08:38.888951,66
Y_STR08606,Y_U0066,Y0033,2026-03-01 18:29:53.560045,96
Y_STR08607,Y_U0042,Y0027,2026-02-17 03:55:06.507688,208
Y_STR08608,Y_U0078,Y0039,2026-02-16 08:11:38.454944,221
Y_STR08609,Y_U0062,Y0037,2026-02-19 23:56:40.482353,120
Y_STR08610,Y_U0066,Y0016,2026-02-06 14:50:41.960102,188
Y_STR08611,Y_U0082,Y0048,2026-02-27 08:48:36.554832,207
Y_STR08612,Y_U0011,Y0023,2026-02-04 23:58:50.179725,226
Y_STR08613,Y_U0069,Y0030,2026-02-09 14:15:14.496516,94
Y_STR08614,Y_U0046,Y0025,2026-02-21 15:32:14.401300,18
Y_STR08615,Y_U0037,Y0020,2026-02-19 11:29:47.324313,62
Y_STR08616,Y_U0028,Y0024,2026-02-11 02:21:44.355069,208
Y_STR08617,Y_U0028,Y0042,2026-02-13 18:17:22.583456,264
Y_STR08618,Y_U0091,Y0037,2026-02-26 04:58:21.155759,140
Y_STR08619,Y_U0026,Y0032,2026-02-04 17:40:27.066368,212
Y_STR08620,Y_U0090,Y0032,2026-02-27 08:25:05.148624,50
Y_STR08621,Y_U0058,Y0014,2026-02-28 20:29:18.926100,138
Y_STR08622,Y_U0068,Y0042,2026-02-28 08:25:51.998162,207
Y_STR08623,Y_U0086,Y0035,2026-02-22 17:30:38.645883,195
Y_STR08624,Y_U0046,Y0047,2026-02-05 21:45:51.472453,169
Y_STR08625,Y_U0042,Y0032,2026-02-17 09:03:00.297664,212
Y_STR08626,Y_U0063,Y0033,2026-02-24 11:38:11.694294,166
Y_STR08627,Y_U0015,Y0047,2026-02-13 15:02:52.884357,200
Y_STR08628,Y_U0092,Y0049,2026-01-31 22:33:27.851275,97
Y_STR08629,Y_U0032,Y0034,2026-01-31 13:06:57.202360,164
Y_STR08630,Y_U0007,Y0049,2026-02-10 23:11:43.619311,62
Y_STR08631,Y_U0025,Y0009,2026-02-11 21:19:32.477302,174
Y_STR08632,Y_U0041,Y0047,2026-02-21 00:40:45.291511,73
Y_STR08633,Y_U0045,Y0021,2026-02-21 14:50:55.637188,160
Y_STR08634,Y_U0051,Y0037,2026-02-18 15:21:07.466262,103
Y_STR08635,Y_U0064,Y0045,2026-02-21 08:11:02.051765,95
Y_STR08636,Y_U0055,Y0035,2026-02-28 12:49:48.904921,180
Y_STR08637,Y_U0083,Y0040,2026-02-16 14:45:41.375981,111
Y_STR08638,Y_U0041,Y0050,2026-02-12 12:07:48.260638,334
Y_STR08639,Y_U0026,Y0046,2026-01-31 14:45:29.718723,156
Y_STR08640,Y_U0023,Y0022,2026-01-31 19:48:10.665743,216
Y_STR08641,Y_U0046,Y0040,2026-02-14 11:59:29.134887,72
Y_STR08642,Y_U0041,Y0038,2026-02-26 09:41:44.611480,84
Y_STR08643,Y_U0019,Y0046,2026-02-13 19:00:02.423413,127
Y_STR08644,Y_U0024,Y0042,2026-02-27 09:04:30.681456,7
Y_STR08645,Y_U0080,Y0047,2026-02-28 06:48:16.464593,100
Y_STR08646,Y_U0092,Y0042,2026-02-25 14:17:36.406508,243
Y_STR08647,Y_U0073,Y0045,2026-02-04 13:25:56.124336,75
Y_STR08648,Y_U0049,Y0031,2026-02-05 03:43:09.742126,35
Y_STR08649,Y_U0039,Y0025,2026-02-12 14:44:36.735265,80
Y_STR08650,Y_U0016,Y0043,2026-02-26 18:22:34.681580,90
Y_STR08651,Y_U0055,Y0028,2026-02-08 16:59:25.553923,290
Y_STR08652,Y_U0035,Y0037,2026-02-28 01:31:41.958188,96
Y_STR08653,Y_U0035,Y0040,2026-02-04 23:54:01.004543,65
Y_STR08654,Y_U0013,Y0038,2026-02-23 21:25:09.861023,35
Y_STR08655,Y_U0094,Y0015,2026-02-15 04:23:53.535365,199
Y_STR08656,Y_U0047,Y0046,2026-02-21 15:15:24.729109,113
Y_STR08657,Y_U0095,Y0049,2026-02-01 03:32:59.406548,122
Y_STR08658,Y_U0074,Y0049,2026-02-06 22:05:40.796994,64
Y_STR08659,Y_U0026,Y0029,2026-02-24 12:37:06.699129,267
Y_STR08660,Y_U0018,Y0044,2026-02-23 02:25:34.487022,172
Y_STR08661,Y_U0023,Y0035,2026-02-09 01:07:25.087736,233
Y_STR08662,Y_U0006,Y0034,2026-02-01 10:49:16.516539,148
Y_STR08663,Y_U0003,Y0030,2026-02-05 08:27:50.326964,90
Y_STR08664,Y_U0057,Y0049,2026-02-24 17:38:45.907772,11
Y_STR08665,Y_U0027,Y0008,2026-02-22 08:48:44.155371,107
Y_STR08666,Y_U0012,Y0046,2026-02-17 04:54:56.674183,76
Y_STR08667,Y_U0027,Y0050,2026-02-18 09:53:01.211038,299
Y_STR08668,Y_U0056,Y0045,2026-02-22 03:57:38.732504,79
Y_STR08669,Y_U0036,Y0050,2026-02-01 22:00:16.625622,158
Y_STR08670,Y_U0077,Y0039,2026-02-12 03:48:08.962287,79
Y_STR08671,Y_U0014,Y0030,2026-02-26 22:40:16.531353,36
Y_STR08672,Y_U0058,Y0049,2026-02-16 12:38:08.305435,25
Y_STR08673,Y_U0075,Y0047,2026-02-24 18:56:04.983916,267
Y_STR08674,Y_U0088,Y0029,2026-02-20 06:56:22.484065,271
Y_STR08675,Y_U0071,Y0036,2026-02-18 02:25:37.717509,166
Y_STR08676,Y_U0003,Y0016,2026-02-18 01:31:12.097210,178
Y_STR08677,Y_U0086,Y0026,2026-02-22 22:04:04.909334,206
Y_STR08678,Y_U0093,Y0043,2026-02-12 03:17:03.244037,45
Y_STR08679,Y_U0040,Y0013,2026-02-04 16:53:10.826443,97
Y_STR08680,Y_U0064,Y0046,2026-02-12 12:54:46.926371,182
Y_STR08681,Y_U0007,Y0050,2026-02-14 20:28:15.946136,336
Y_STR08682,Y_U0072,Y0042,2026-02-12 05:33:04.571561,169
Y_STR08683,Y_U0007,Y0006,2026-02-22 23:43:03.325120,120
Y_STR08684,Y_U0087,Y0024,2026-02-06 12:04:26.895372,331
Y_STR08685,Y_U0082,Y0037,2026-02-16 21:50:45.144822,53
Y_STR08686,Y_U0069,Y0016,2026-02-15 12:36:14.852905,219
Y_STR08687,Y_U0020,Y0019,2026-02-14 22:48:56.895364,153
Y_STR08688,Y_U0006,Y0010,2026-02-13 12:08:17.186112,189
Y_STR08689,Y_U0025,Y0018,2026-01-31 13:02:50.054153,60
Y_STR08690,Y_U0095,Y0038,2026-02-22 00:24:37.961381,155
Y_STR08691,Y_U0006,Y0034,2026-02-05 01:07:52.776173,173
Y_STR08692,Y_U0099,Y0024,2026-02-04 21:55:42.109788,48
Y_STR08693,Y_U0040,Y0032,2026-02-17 03:47:53.727057,154
Y_STR08694,Y_U0065,Y0025,2026-02-10 18:14:50.358418,94
Y_STR08695,Y_U0001,Y0049,2026-02-21 16:42:41.505766,32
Y_STR08696,Y_U0076,Y0032,2026-02-10 20:55:25.060838,126
Y_STR08697,Y_U0043,Y0044,2026-02-15 07:33:46.091173,224
Y_STR08698,Y_U0011,Y0022,2026-02-06 19:03:05.078414,34
Y_STR08699,Y_U0020,Y0009,2026-02-25 02:35:54.968513,192
Y_STR08700,Y_U0008,Y0008,2026-02-07 07:56:47.939740,332
Y_STR08701,Y_U0086,Y0048,2026-02-02 02:48:44.430913,154
Y_STR08702,Y_U0081,Y0048,2026-02-02 07:19:18.628722,192
Y_STR08703,Y_U0021,Y0022,2026-03-01 11:24:37.156606,183
Y_STR08704,Y_U0053,Y0048,2026-02-13 22:36:30.605955,85
Y_STR08705,Y_U0074,Y0028,2026-02-05 00:41:43.280166,199
Y_STR08706,Y_U0054,Y0049,2026-02-25 07:03:00.616497,94
Y_STR08707,Y_U0019,Y0015,2026-02-23 09:07:48.526183,10
Y_STR08708,Y_U0050,Y0044,2026-02-13 22:48:34.312919,40
Y_STR08709,Y_U0058,Y0048,2026-02-15 01:58:54.656741,30
Y_STR08710,Y_U0081,Y0044,2026-02-11 16:39:50.824837,335
Y_STR08711,Y_U0025,Y0018,2026-02-28 20:46:48.977309,193
Y_STR08712,Y_U0084,Y0039,2026-02-23 14:43:35.991332,227
Y_STR08713,Y_U0097,Y0048,2026-02-11 10:40:41.863526,187
Y_STR08714,Y_U0016,Y0046,2026-02-07 16:46:04.491831,46
Y_STR08715,Y_U0031,Y0039,2026-02-03 13:50:49.849441,337
Y_STR08716,Y_U0020,Y0021,2026-02-07 11:58:07.772123,216
Y_STR08717,Y_U0014,Y0021,2026-03-01 05:11:32.778818,147
Y_STR08718,Y_U0046,Y0044,2026-02-02 22:46:16.863877,284
Y_STR08719,Y_U0056,Y0012,2026-02-16 23:27:32.607198,114
Y_STR08720,Y_U0052,Y0044,2026-02-11 10:32:52.723307,257
Y_STR08721,Y_U0100,Y0012,2026-02-08 02:11:03.268632,226
Y_STR08722,Y_U0025,Y0034,2026-02-18 18:25:04.356032,163
Y_STR08723,Y_U0032,Y0004,2026-02-11 17:05:23.711410,200
Y_STR08724,Y_U0077,Y0029,2026-02-13 07:35:40.424434,207
Y_STR08725,Y_U0063,Y0046,2026-02-05 13:39:47.816689,173
Y_STR08726,Y_U0025,Y0050,2026-02-15 04:21:01.668006,169
Y_STR08727,Y_U0015,Y0042,2026-02-25 08:45:03.836462,220
Y_STR08728,Y_U0086,Y0039,2026-02-22 22:19:38.049658,323
Y_STR08729,Y_U0088,Y0044,2026-02-26 19:02:26.415383,303
Y_STR08730,Y_U0095,Y0040,2026-02-22 18:22:24.953160,116
Y_STR08731,Y_U0009,Y0044,2026-02-10 02:30:27.336876,261
Y_STR08732,Y_U0056,Y0034,2026-02-15 01:42:50.808945,56
Y_STR08733,Y_U0005,Y0033,2026-02-04 09:40:48.424624,26
Y_STR08734,Y_U0069,Y0038,2026-02-18 15:49:42.470007,115
Y_STR08735,Y_U0087,Y0028,2026-02-22 22:18:32.453874,282
Y_STR08736,Y_U0018,Y0041,2026-01-31 23:09:02.300654,46
Y_STR08737,Y_U0034,Y0043,2026-02-26 21:52:15.559678,148
Y_STR08738,Y_U0040,Y0009,2026-02-04 01:20:26.603544,139
Y_STR08739,Y_U0058,Y0038,2026-03-02 02:47:00.909995,158
Y_STR08740,Y_U0022,Y0024,2026-02-28 19:58:03.607121,55
Y_STR08741,Y_U0062,Y0041,2026-02-08 17:47:18.173505,230
Y_STR08742,Y_U0067,Y0022,2026-01-31 22:53:04.305104,207
Y_STR08743,Y_U0009,Y0031,2026-02-16 04:11:15.764665,95
Y_STR08744,Y_U0081,Y0026,2026-02-05 02:43:41.639358,193
Y_STR08745,Y_U0034,Y0050,2026-02-08 13:48:22.269499,261
Y_STR08746,Y_U0074,Y0013,2026-02-13 17:23:44.816942,68
Y_STR08747,Y_U0005,Y0040,2026-02-03 06:51:45.061454,62
Y_STR08748,Y_U0019,Y0040,2026-02-22 19:28:30.326641,95
Y_STR08749,Y_U0078,Y0040,2026-02-11 20:26:29.399917,96
Y_STR08750,Y_U0050,Y0021,2026-02-21 01:38:09.890087,35
Y_STR08751,Y_U0019,Y0047,2026-02-19 13:03:45.978555,43
Y_STR08752,Y_U0053,Y0035,2026-02-01 10:31:10.977810,89
Y_STR08753,Y_U0037,Y0037,2026-02-08 18:11:42.705466,110
Y_STR08754,Y_U0025,Y0004,2026-02-16 18:56:45.173473,192
Y_STR08755,Y_U0036,Y0004,2026-02-12 05:54:08.374764,198
Y_STR08756,Y_U0011,Y0003,2026-02-11 12:19:11.389512,10
Y_STR08757,Y_U0018,Y0021,2026-02-10 00:46:04.054615,139
Y_STR08758,Y_U0096,Y0041,2026-02-27 08:26:09.347452,237
Y_STR08759,Y_U0073,Y0025,2026-02-15 18:01:57.298465,42
Y_STR08760,Y_U0045,Y0045,2026-02-23 11:41:11.725664,90
Y_STR08761,Y_U0089,Y0038,2026-02-07 18:19:51.873140,113
Y_STR08762,Y_U0038,Y0046,2026-02-17 19:17:43.363465,130
Y_STR08763,Y_U0047,Y0038,2026-01-31 16:06:26.441961,154
Y_STR08764,Y_U0085,Y0014,2026-02-10 01:11:34.088469,77
Y_STR08765,Y_U0060,Y0009,2026-02-10 04:40:09.858667,186
Y_STR08766,Y_U0018,Y0025,2026-02-21 11:44:59.627988,111
Y_STR08767,Y_U0076,Y0047,2026-02-21 08:03:51.977556,228
Y_STR08768,Y_U0052,Y0029,2026-02-01 01:45:17.359763,227
Y_STR08769,Y_U0001,Y0049,2026-02-11 21:06:09.895738,47
Y_STR08770,Y_U0068,Y0044,2026-02-06 02:08:01.360907,79
Y_STR08771,Y_U0002,Y0024,2026-02-06 15:51:59.939681,59
Y_STR08772,Y_U0044,Y0032,2026-02-22 15:03:23.085847,69
Y_STR08773,Y_U0026,Y0029,2026-02-13 05:56:35.983801,286
Y_STR08774,Y_U0005,Y0011,2026-02-13 23:31:56.772343,259
Y_STR08775,Y_U0058,Y0033,2026-02-16 17:46:53.967129,65
Y_STR08776,Y_U0018,Y0044,2026-03-01 05:17:52.039488,15
Y_STR08777,Y_U0029,Y0038,2026-02-27 09:49:26.416728,119
Y_STR08778,Y_U0006,Y0048,2026-02-07 00:32:54.630508,225
Y_STR08779,Y_U0083,Y0030,2026-02-12 19:13:03.299765,94
Y_STR08780,Y_U0054,Y0042,2026-02-06 11:52:40.804903,31
Y_STR08781,Y_U0058,Y0014,2026-02-13 22:43:28.481357,188
Y_STR08782,Y_U0069,Y0048,2026-02-14 03:35:54.628132,224
Y_STR08783,Y_U0044,Y0023,2026-02-11 15:06:12.953263,223
Y_STR08784,Y_U0013,Y0040,2026-02-13 11:30:39.242996,115
Y_STR08785,Y_U0082,Y0042,2026-02-14 16:17:19.120842,212
Y_STR08786,Y_U0088,Y0024,2026-02-23 04:06:15.209733,68
Y_STR08787,Y_U0043,Y0037,2026-02-04 02:48:24.437650,127
Y_STR08788,Y_U0045,Y0033,2026-02-09 11:02:26.903432,118
Y_STR08789,Y_U0008,Y0026,2026-02-09 22:53:57.252386,186
Y_STR08790,Y_U0098,Y0048,2026-02-21 09:57:23.043822,108
Y_STR08791,Y_U0088,Y0035,2026-02-01 13:47:46.938036,320
Y_STR08792,Y_U0072,Y0047,2026-02-09 02:32:33.256819,117
Y_STR08793,Y_U0033,Y0046,2026-02-07 19:44:52.175867,140
Y_STR08794,Y_U0041,Y0031,2026-02-25 18:04:33.466575,16
Y_STR08795,Y_U0070,Y0016,2026-02-25 20:16:36.884210,272
Y_STR08796,Y_U0017,Y0034,2026-02-03 00:20:33.166447,231
Y_STR08797,Y_U0034,Y0031,2026-02-18 23:36:51.392450,144
Y_STR08798,Y_U0027,Y0039,2026-03-01 02:26:00.966002,309
Y_STR08799,Y_U0045,Y0027,2026-02-20 02:27:18.976038,105
Y_STR08800,Y_U0074,Y0050,2026-02-07 21:49:30.325132,239
Y_STR08801,Y_U0024,Y0039,2026-02-26 17:47:05.957981,133
Y_STR08802,Y_U0042,Y0021,2026-02-10 15:38:01.792713,108
Y_STR08803,Y_U0095,Y0037,2026-02-08 11:30:27.052550,17
Y_STR08804,Y_U0007,Y0024,2026-02-25 12:08:51.549189,192
Y_STR08805,Y_U0068,Y0024,2026-02-11 09:40:13.413742,170
Y_STR08806,Y_U0066,Y0027,2026-02-17 09:49:51.387137,161
Y_STR08807,Y_U0037,Y0029,2026-02-04 17:54:19.739723,214
Y_STR08808,Y_U0075,Y0035,2026-02-12 10:16:04.020601,298
Y_STR08809,Y_U0028,Y0047,2026-02-24 22:35:34.012943,61
Y_STR08810,Y_U0038,Y0016,2026-02-27 15:25:26.179714,202
Y_STR08811,Y_U0032,Y0046,2026-02-19 22:10:44.929191,87
Y_STR08812,Y_U0088,Y0049,2026-03-02 00:19:19.121635,38
Y_STR08813,Y_U0077,Y0048,2026-02-13 11:31:20.150852,206
Y_STR08814,Y_U0040,Y0039,2026-02-04 10:44:07.152707,335
Y_STR08815,Y_U0061,Y0041,2026-02-15 15:15:11.907531,104
Y_STR08816,Y_U0050,Y0018,2026-02-24 07:57:41.574373,298
Y_STR08817,Y_U0022,Y0047,2026-03-01 01:22:44.583017,53
Y_STR08818,Y_U0073,Y0030,2026-02-20 12:53:55.827060,141
Y_STR08819,Y_U0069,Y0036,2026-01-31 22:14:31.777805,37
Y_STR08820,Y_U0091,Y0036,2026-02-23 05:51:02.567736,337
Y_STR08821,Y_U0093,Y0017,2026-02-23 06:03:39.844706,119
Y_STR08822,Y_U0094,Y0045,2026-02-03 06:54:54.174167,195
Y_STR08823,Y_U0093,Y0047,2026-02-18 13:16:43.193088,289
Y_STR08824,Y_U0050,Y0018,2026-02-01 13:16:14.276485,260
Y_STR08825,Y_U0010,Y0037,2026-02-22 15:17:52.004203,116
Y_STR08826,Y_U0091,Y0033,2026-02-21 18:09:44.131500,114
Y_STR08827,Y_U0037,Y0011,2026-02-15 14:23:19.641268,81
Y_STR08828,Y_U0029,Y0036,2026-02-16 07:16:52.187324,268
Y_STR08829,Y_U0054,Y0037,2026-02-03 18:08:15.262743,35
Y_STR08830,Y_U0089,Y0037,2026-02-02 16:25:42.512716,115
Y_STR08831,Y_U0050,Y0046,2026-02-07 01:26:51.278420,95
Y_STR08832,Y_U0095,Y0022,2026-02-21 16:57:54.152480,134
Y_STR08833,Y_U0063,Y0023,2026-02-20 04:33:00.374574,112
Y_STR08834,Y_U0090,Y0007,2026-02-17 21:11:19.620853,8
Y_STR08835,Y_U0031,Y0012,2026-02-25 06:05:25.194957,256
Y_STR08836,Y_U0021,Y0043,2026-02-04 13:49:53.483577,51
Y_STR08837,Y_U0072,Y0045,2026-02-04 14:58:02.289052,91
Y_STR08838,Y_U0060,Y0020,2026-02-04 16:23:11.319374,151
Y_STR08839,Y_U0020,Y0041,2026-02-09 15:21:36.076685,16
Y_STR08840,Y_U0026,Y0029,2026-02-21 07:30:36.984068,20
Y_STR08841,Y_U0064,Y0050,2026-02-04 18:13:36.446470,98
Y_STR08842,Y_U0094,Y0032,2026-02-19 15:33:52.438346,146
Y_STR08843,Y_U0093,Y0047,2026-02-14 10:24:57.782451,286
Y_STR08844,Y_U0044,Y0028,2026-03-01 22:40:13.755935,246
Y_STR08845,Y_U0100,Y0038,2026-03-01 07:01:01.435587,62
Y_STR08846,Y_U0054,Y0032,2026-02-28 22:14:20.430333,129
Y_STR08847,Y_U0088,Y0030,2026-02-01 00:17:15.519027,46
Y_STR08848,Y_U0093,Y0034,2026-02-21 20:41:29.748303,27
Y_STR08849,Y_U0086,Y0039,2026-02-02 23:55:20.561730,288
Y_STR08850,Y_U0074,Y0029,2026-02-13 16:48:15.784732,319
Y_STR08851,Y_U0074,Y0039,2026-02-24 20:23:21.139912,6
Y_STR08852,Y_U0084,Y0018,2026-02-22 21:08:13.166795,262
Y_STR08853,Y_U0074,Y0045,2026-02-04 11:04:06.027220,142
Y_STR08854,Y_U0066,Y0032,2026-02-08 08:22:18.561566,67
Y_STR08855,Y_U0051,Y0021,2026-03-01 00:47:27.613355,17
Y_STR08856,Y_U0099,Y0046,2026-02-10 15:17:14.853686,52
Y_STR08857,Y_U0021,Y0017,2026-02-23 17:05:27.428220,74
Y_STR08858,Y_U0008,Y0042,2026-02-26 14:48:55.626285,36
Y_STR08859,Y_U0067,Y0037,2026-02-07 15:20:05.197397,63
Y_STR08860,Y_U0008,Y0034,2026-02-09 08:46:51.597595,140
Y_STR08861,Y_U0058,Y0023,2026-01-31 15:37:23.764404,193
Y_STR08862,Y_U0026,Y0049,2026-02-20 23:42:46.320334,58
Y_STR08863,Y_U0062,Y0038,2026-02-06 13:33:42.236159,129
Y_STR08864,Y_U0026,Y0039,2026-02-03 11:24:31.705435,209
Y_STR08865,Y_U0079,Y0049,2026-02-10 19:32:03.101992,81
Y_STR08866,Y_U0010,Y0035,2026-02-24 21:46:03.808694,13
Y_STR08867,Y_U0050,Y0029,2026-02-04 21:28:09.023416,259
Y_STR08868,Y_U0021,Y0037,2026-02-16 15:39:38.252053,44
Y_STR08869,Y_U0100,Y0038,2026-02-23 00:51:38.075318,160
Y_STR08870,Y_U0052,Y0048,2026-02-07 13:04:04.972554,65
Y_STR08871,Y_U0048,Y0047,2026-02-13 12:40:06.902611,160
Y_STR08872,Y_U0076,Y0049,2026-02-11 02:13:08.907457,22
Y_STR08873,Y_U0055,Y0037,2026-02-18 03:16:24.000430,120
Y_STR08874,Y_U0095,Y0046,2026-02-13 15:16:45.546247,39
Y_STR08875,Y_U0025,Y0041,2026-02-26 10:02:42.247359,167
Y_STR08876,Y_U0004,Y0040,2026-02-11 06:53:23.799897,64
Y_STR08877,Y_U0004,Y0041,2026-02-25 21:09:05.389180,197
Y_STR08878,Y_U0043,Y0007,2026-02-22 01:36:40.743998,107
Y_STR08879,Y_U0061,Y0022,2026-02-22 06:03:28.033088,46
Y_STR08880,Y_U0084,Y0049,2026-02-28 00:39:00.449103,116
Y_STR08881,Y_U0064,Y0034,2026-02-10 20:25:05.600100,112
Y_STR08882,Y_U0022,Y0021,2026-02-12 04:36:08.421529,215
Y_STR08883,Y_U0021,Y0040,2026-02-15 08:40:44.132328,122
Y_STR08884,Y_U0073,Y0036,2026-02-06 07:32:19.793034,89
Y_STR08885,Y_U0010,Y0029,2026-02-23 18:12:27.771968,216
Y_STR08886,Y_U0047,Y0050,2026-02-28 22:57:56.097090,246
Y_STR08887,Y_U0046,Y0009,2026-02-21 11:56:09.056505,122
Y_STR08888,Y_U0070,Y0028,2026-02-04 02:45:53.031162,42
Y_STR08889,Y_U0080,Y0048,2026-02-02 17:35:16.160351,59
Y_STR08890,Y_U0091,Y0025,2026-02-28 19:42:57.614489,176
Y_STR08891,Y_U0062,Y0023,2026-02-19 02:37:27.755693,15
Y_STR08892,Y_U0039,Y0050,2026-02-28 20:22:37.639228,296
Y_STR08893,Y_U0079,Y0024,2026-02-16 02:24:24.428240,289
Y_STR08894,Y_U0013,Y0043,2026-02-06 13:54:47.609013,147
Y_STR08895,Y_U0027,Y0050,2026-02-19 04:15:00.913126,286
Y_STR08896,Y_U0061,Y0037,2026-02-16 14:28:59.926072,18
Y_STR08897,Y_U0076,Y0022,2026-02-11 09:24:34.240221,12
Y_STR08898,Y_U0045,Y0045,2026-02-06 06:34:07.830989,123
Y_STR08899,Y_U0054,Y0040,2026-02-15 23:03:51.875094,134
Y_STR08900,Y_U0054,Y0033,2026-02-27 12:24:18.009749,156
Y_STR08901,Y_U0018,Y0046,2026-02-25 22:20:22.734599,75
Y_STR08902,Y_U0097,Y0035,2026-02-10 11:52:38.281126,88
Y_STR08903,Y_U0099,Y0037,2026-03-02 04:05:26.252280,61
Y_STR08904,Y_U0064,Y0031,2026-02-14 22:22:45.147247,137
Y_STR08905,Y_U0016,Y0034,2026-02-17 14:33:26.340733,129
Y_STR08906,Y_U0064,Y0046,2026-02-14 12:18:35.142084,51
Y_STR08907,Y_U0045,Y0043,2026-02-15 04:49:49.042451,134
Y_STR08908,Y_U0085,Y0021,2026-02-27 15:53:38.893195,255
Y_STR08909,Y_U0090,Y0018,2026-02-17 17:23:46.041202,182
Y_STR08910,Y_U0084,Y0043,2026-02-12 14:29:48.406642,16
Y_STR08911,Y_U0076,Y0043,2026-02-04 13:22:00.150114,114
Y_STR08912,Y_U0014,Y0040,2026-02-16 00:10:20.573570,129
Y_STR08913,Y_U0018,Y0047,2026-02-26 05:29:49.139732,231
Y_STR08914,Y_U0042,Y0005,2026-02-27 09:14:24.501394,237
Y_STR08915,Y_U0077,Y0044,2026-02-11 10:54:49.895060,315
Y_STR08916,Y_U0018,Y0046,2026-02-01 21:22:38.574594,140
Y_STR08917,Y_U0064,Y0039,2026-02-07 02:09:40.657600,347
Y_STR08918,Y_U0075,Y0045,2026-02-21 13:56:43.873157,110
Y_STR08919,Y_U0094,Y0019,2026-02-12 23:48:30.899560,318
Y_STR08920,Y_U0003,Y0050,2026-02-24 01:10:40.714040,78
Y_STR08921,Y_U0046,Y0047,2026-02-28 06:27:34.796610,147
Y_STR08922,Y_U0064,Y0045,2026-02-12 11:08:21.697281,136
Y_STR08923,Y_U0047,Y0033,2026-02-12 14:27:49.137135,98
Y_STR08924,Y_U0047,Y0023,2026-02-15 16:36:11.264620,145
Y_STR08925,Y_U0023,Y0026,2026-02-01 19:03:22.656490,151
Y_STR08926,Y_U0030,Y0035,2026-02-26 13:35:06.793794,124
Y_STR08927,Y_U0070,Y0029,2026-02-27 22:56:51.923957,227
Y_STR08928,Y_U0078,Y0033,2026-02-26 12:42:55.021635,108
Y_STR08929,Y_U0069,Y0044,2026-02-02 07:33:50.506554,288
Y_STR08930,Y_U0008,Y0026,2026-02-09 23:49:39.011159,187
Y_STR08931,Y_U0078,Y0047,2026-02-28 10:00:00.154170,115
Y_STR08932,Y_U0096,Y0026,2026-02-22 13:26:04.846518,164
Y_STR08933,Y_U0091,Y0032,2026-02-21 05:43:40.635426,87
Y_STR08934,Y_U0031,Y0044,2026-02-22 11:51:35.407398,29
Y_STR08935,Y_U0069,Y0049,2026-02-24 23:08:07.351003,25
Y_STR08936,Y_U0083,Y0013,2026-02-24 12:51:41.006380,86
Y_STR08937,Y_U0038,Y0044,2026-02-28 20:19:47.697455,269
Y_STR08938,Y_U0091,Y0024,2026-02-01 12:09:45.928233,122
Y_STR08939,Y_U0085,Y0046,2026-02-27 14:50:38.798352,180
Y_STR08940,Y_U0011,Y0021,2026-02-14 01:15:51.715624,104
Y_STR08941,Y_U0050,Y0031,2026-02-21 04:34:08.681189,118
Y_STR08942,Y_U0018,Y0040,2026-02-03 00:15:00.035708,7
Y_STR08943,Y_U0097,Y0043,2026-02-02 02:34:28.720419,21
Y_STR08944,Y_U0018,Y0028,2026-02-23 00:55:44.024364,174
Y_STR08945,Y_U0083,Y0017,2026-02-15 05:46:00.160028,116
Y_STR08946,Y_U0085,Y0026,2026-02-09 18:30:55.943876,126
Y_STR08947,Y_U0059,Y0050,2026-02-03 11:30:28.046897,187
Y_STR08948,Y_U0030,Y0018,2026-02-18 10:10:06.191608,258
Y_STR08949,Y_U0054,Y0050,2026-02-09 19:37:10.765045,299
Y_STR08950,Y_U0089,Y0037,2026-02-14 07:01:20.680361,114
Y_STR08951,Y_U0051,Y0031,2026-02-02 06:44:32.815958,95
Y_STR08952,Y_U0024,Y0040,2026-02-10 02:57:37.025810,19
Y_STR08953,Y_U0053,Y0019,2026-02-25 13:59:33.626777,333
Y_STR08954,Y_U0074,Y0047,2026-02-08 21:10:20.071671,135
Y_STR08955,Y_U0083,Y0046,2026-02-08 09:18:19.984795,166
Y_STR08956,Y_U0070,Y0023,2026-02-09 08:17:02.450797,72
Y_STR08957,Y_U0047,Y0034,2026-02-12 13:33:15.724522,23
Y_STR08958,Y_U0096,Y0028,2026-02-02 08:04:08.596067,76
Y_STR08959,Y_U0048,Y0048,2026-02-06 06:23:27.279920,209
Y_STR08960,Y_U0085,Y0039,2026-02-23 02:00:39.531939,128
Y_STR08961,Y_U0075,Y0039,2026-02-04 04:41:08.636808,7
Y_STR08962,Y_U0011,Y0035,2026-02-12 06:24:31.930658,29
Y_STR08963,Y_U0031,Y0029,2026-02-02 18:06:45.298029,278
Y_STR08964,Y_U0081,Y0002,2026-02-09 17:01:54.762843,70
Y_STR08965,Y_U0015,Y0035,2026-02-27 14:19:11.997109,206
Y_STR08966,Y_U0073,Y0039,2026-02-28 14:44:29.920554,254
Y_STR08967,Y_U0098,Y0020,2026-03-02 01:37:45.140287,24
Y_STR08968,Y_U0025,Y0038,2026-02-04 07:09:38.360501,139
Y_STR08969,Y_U0054,Y0041,2026-02-11 19:06:30.898425,5
Y_STR08970,Y_U0089,Y0045,2026-02-15 12:10:26.703913,159
Y_STR08971,Y_U0098,Y0040,2026-02-18 15:02:28.920898,9
Y_STR08972,Y_U0094,Y0016,2026-02-06 06:23:09.925742,16
Y_STR08973,Y_U0022,Y0025,2026-02-06 23:21:45.050063,152
Y_STR08974,Y_U0005,Y0038,2026-02-20 22:28:39.683370,14
Y_STR08975,Y_U0096,Y0039,2026-01-31 14:31:19.880812,179
Y_STR08976,Y_U0011,Y0040,2026-02-23 08:47:16.169403,35
Y_STR08977,Y_U0031,Y0027,2026-02-11 07:09:41.170935,73
Y_STR08978,Y_U0032,Y0038,2026-02-14 18:29:34.512368,179
Y_STR08979,Y_U0083,Y0037,2026-02-09 15:32:31.809638,42
Y_STR08980,Y_U0030,Y0037,2026-03-01 01:10:30.751888,17
Y_STR08981,Y_U0059,Y0033,2026-02-15 12:32:06.340934,99
Y_STR08982,Y_U0057,Y0037,2026-02-14 09:49:57.193979,91
Y_STR08983,Y_U0099,Y0037,2026-02-19 11:24:52.163412,89
Y_STR08984,Y_U0065,Y0047,2026-02-11 11:52:38.781853,240
Y_STR08985,Y_U0074,Y0030,2026-02-28 09:25:07.583435,100
Y_STR08986,Y_U0062,Y0016,2026-02-16 15:01:14.417466,253
Y_STR08987,Y_U0007,Y0011,2026-02-10 03:58:41.619882,125
Y_STR08988,Y_U0090,Y0048,2026-02-10 21:47:01.397274,157
Y_STR08989,Y_U0077,Y0020,2026-02-09 23:12:15.564089,135
Y_STR08990,Y_U0079,Y0046,2026-02-24 19:36:21.984224,68
Y_STR08991,Y_U0091,Y0024,2026-02-19 21:56:33.514407,173
Y_STR08992,Y_U0084,Y0031,2026-02-16 01:57:06.129368,63
Y_STR08993,Y_U0040,Y0046,2026-02-05 21:07:16.768504,27
Y_STR08994,Y_U0062,Y0040,2026-02-10 14:38:59.814677,105
Y_STR08995,Y_U0016,Y0038,2026-02-18 12:39:22.601879,33
Y_STR08996,Y_U0033,Y0035,2026-02-01 21:54:21.628268,115
Y_STR08997,Y_U0090,Y0026,2026-02-23 09:01:36.459817,23
Y_STR08998,Y_U0079,Y0024,2026-02-05 05:29:07.829257,285
Y_STR08999,Y_U0098,Y0011,2026-02-22 06:49:27.333519,275
Y_STR09000,Y_U0048,Y0018,2026-02-08 11:34:15.235070,277
Y_STR09001,Y_U0035,Y0038,2026-02-15 12:37:11.258849,34
Y_STR09002,Y_U0066,Y0049,2026-02-18 02:18:08.608413,105
Y_STR09003,Y_U0067,Y0040,2026-02-02 02:44:59.377953,37
Y_STR09004,Y_U0001,Y0035,2026-02-19 15:54:39.607482,232
Y_STR09005,Y_U0075,Y0014,2026-02-02 22:12:14.840292,233
Y_STR09006,Y_U0061,Y0029,2026-02-11 01:03:16.966630,88
Y_STR09007,Y_U0011,Y0039,2026-02-22 17:09:31.457548,208
Y_STR09008,Y_U0036,Y0045,2026-02-12 08:22:29.463993,198
Y_STR09009,Y_U0024,Y0050,2026-02-23 04:03:04.233595,69
Y_STR09010,Y_U0029,Y0038,2026-02-04 18:38:29.338160,100
Y_STR09011,Y_U0047,Y0023,2026-02-12 04:20:46.477626,93
Y_STR09012,Y_U0035,Y0034,2026-02-10 12:08:34.860027,162
Y_STR09013,Y_U0071,Y0038,2026-02-04 16:42:36.285915,39
Y_STR09014,Y_U0017,Y0033,2026-02-25 04:14:25.373216,132
Y_STR09015,Y_U0071,Y0043,2026-02-17 01:12:13.465248,75
Y_STR09016,Y_U0056,Y0021,2026-02-18 05:47:05.138824,161
Y_STR09017,Y_U0052,Y0026,2026-02-04 11:11:20.816350,177
Y_STR09018,Y_U0048,Y0047,2026-02-15 05:30:00.492711,142
Y_STR09019,Y_U0035,Y0014,2026-02-20 00:53:18.691369,32
Y_STR09020,Y_U0008,Y0029,2026-02-17 21:43:39.764930,42
Y_STR09021,Y_U0072,Y0029,2026-02-25 08:28:14.956136,94
Y_STR09022,Y_U0014,Y0032,2026-02-10 07:11:34.526524,251
Y_STR09023,Y_U0065,Y0028,2026-02-07 11:34:35.577142,138
Y_STR09024,Y_U0023,Y0037,2026-02-26 21:57:09.535944,53
Y_STR09025,Y_U0025,Y0014,2026-02-05 10:20:25.264995,87
Y_STR09026,Y_U0051,Y0017,2026-02-24 01:49:53.141347,67
Y_STR09027,Y_U0024,Y0016,2026-02-16 04:36:25.313851,42
Y_STR09028,Y_U0004,Y0040,2026-02-23 15:54:26.306533,9
Y_STR09029,Y_U0092,Y0021,2026-02-01 15:40:25.704763,19
Y_STR09030,Y_U0042,Y0028,2026-02-05 20:19:55.033215,240
Y_STR09031,Y_U0003,Y0013,2026-02-26 12:56:34.301883,112
Y_STR09032,Y_U0060,Y0044,2026-02-15 02:38:07.261555,224
Y_STR09033,Y_U0081,Y0045,2026-02-11 11:29:41.234042,137
Y_STR09034,Y_U0070,Y0009,2026-02-05 08:07:40.223391,186
Y_STR09035,Y_U0015,Y0031,2026-02-02 12:21:57.539899,28
Y_STR09036,Y_U0015,Y0029,2026-02-09 16:24:10.892092,278
Y_STR09037,Y_U0063,Y0031,2026-02-12 15:49:58.738868,48
Y_STR09038,Y_U0051,Y0032,2026-02-09 10:41:25.968309,224
Y_STR09039,Y_U0022,Y0028,2026-02-01 09:33:20.033492,151
Y_STR09040,Y_U0087,Y0049,2026-02-22 10:54:25.761117,97
Y_STR09041,Y_U0048,Y0046,2026-02-24 20:04:42.866239,80
Y_STR09042,Y_U0058,Y0013,2026-02-18 13:28:02.581036,45
Y_STR09043,Y_U0091,Y0045,2026-02-26 22:39:27.018045,137
Y_STR09044,Y_U0004,Y0043,2026-02-10 03:39:42.358701,52
Y_STR09045,Y_U0023,Y0049,2026-02-04 11:52:06.249543,51
Y_STR09046,Y_U0055,Y0048,2026-02-10 08:39:48.979731,136
Y_STR09047,Y_U0005,Y0027,2026-02-13 15:12:25.883933,206
Y_STR09048,Y_U0067,Y0037,2026-02-26 02:06:25.969237,49
Y_STR09049,Y_U0039,Y0041,2026-02-24 03:13:09.293448,96
Y_STR09050,Y_U0064,Y0026,2026-02-23 10:09:05.670124,203
Y_STR09051,Y_U0060,Y0026,2026-02-20 13:16:42.578890,69
Y_STR09052,Y_U0087,Y0037,2026-03-02 06:36:50.524204,143
Y_STR09053,Y_U0007,Y0030,2026-02-26 06:42:17.532379,130
Y_STR09054,Y_U0043,Y0038,2026-02-27 01:59:42.134071,49
Y_STR09055,Y_U0081,Y0040,2026-02-16 09:52:01.479395,131
Y_STR09056,Y_U0025,Y0032,2026-02-20 23:07:40.300781,9
Y_STR09057,Y_U0074,Y0039,2026-02-23 16:51:18.615032,189
Y_STR09058,Y_U0004,Y0040,2026-02-09 15:27:10.551646,50
Y_STR09059,Y_U0097,Y0041,2026-02-28 01:18:38.189104,135
Y_STR09060,Y_U0052,Y0025,2026-02-20 13:34:15.699544,28
Y_STR09061,Y_U0032,Y0022,2026-02-24 12:45:30.270108,127
Y_STR09062,Y_U0030,Y0045,2026-02-22 12:29:08.950997,50
Y_STR09063,Y_U0005,Y0046,2026-02-07 07:54:28.896340,151
Y_STR09064,Y_U0088,Y0037,2026-02-04 05:31:27.350840,132
Y_STR09065,Y_U0011,Y0024,2026-02-16 13:36:14.862942,207
Y_STR09066,Y_U0096,Y0029,2026-02-18 00:59:39.299644,35
Y_STR09067,Y_U0004,Y0020,2026-02-27 18:43:16.973408,43
Y_STR09068,Y_U0096,Y0021,2026-03-01 00:49:55.709682,147
Y_STR09069,Y_U0045,Y0012,2026-02-17 15:44:40.812850,129
Y_STR09070,Y_U0090,Y0030,2026-03-01 20:05:06.626387,5
Y_STR09071,Y_U0089,Y0025,2026-02-09 08:08:06.814620,58
Y_STR09072,Y_U0056,Y0030,2026-02-05 12:48:54.131925,30
Y_STR09073,Y_U0051,Y0042,2026-02-18 22:23:43.087452,83
Y_STR09074,Y_U0038,Y0046,2026-02-16 09:29:10.899458,142
Y_STR09075,Y_U0077,Y0038,2026-02-26 09:45:56.587247,126
Y_STR09076,Y_U0001,Y0020,2026-03-01 22:34:31.992738,60
Y_STR09077,Y_U0003,Y0048,2026-02-12 15:48:22.682029,40
Y_STR09078,Y_U0074,Y0045,2026-02-04 20:46:29.114291,104
Y_STR09079,Y_U0039,Y0036,2026-02-12 02:32:26.370230,112
Y_STR09080,Y_U0052,Y0035,2026-02-19 08:57:35.330125,71
Y_STR09081,Y_U0077,Y0026,2026-02-14 23:30:21.971793,21
Y_STR09082,Y_U0030,Y0035,2026-02-26 05:40:01.060990,77
Y_STR09083,Y_U0050,Y0034,2026-02-27 17:50:41.352325,8
Y_STR09084,Y_U0089,Y0041,2026-02-02 08:39:34.985881,49
Y_STR09085,Y_U0041,Y0025,2026-02-15 11:53:32.409587,131
Y_STR09086,Y_U0053,Y0034,2026-02-03 05:12:50.532896,59
Y_STR09087,Y_U0095,Y0020,2026-02-23 14:04:29.102923,159
Y_STR09088,Y_U0053,Y0033,2026-02-03 06:59:26.818921,30
Y_STR09089,Y_U0046,Y0031,2026-02-24 19:56:44.154330,9
Y_STR09090,Y_U0055,Y0047,2026-02-11 05:37:24.523965,193
Y_STR09091,Y_U0052,Y0034,2026-02-23 13:08:00.623280,186
Y_STR09092,Y_U0065,Y0048,2026-02-26 15:51:31.980018,22
Y_STR09093,Y_U0040,Y0021,2026-02-25 22:17:39.656996,206
Y_STR09094,Y_U0025,Y0035,2026-02-12 12:13:03.924492,159
Y_STR09095,Y_U0091,Y0043,2026-02-04 23:03:39.588581,36
Y_STR09096,Y_U0080,Y0013,2026-02-19 07:07:48.680181,183
Y_STR09097,Y_U0097,Y0038,2026-02-10 10:06:07.636439,23
Y_STR09098,Y_U0036,Y0050,2026-02-15 03:02:33.690360,159
Y_STR09099,Y_U0096,Y0041,2026-02-21 00:11:02.279294,22
Y_STR09100,Y_U0091,Y0036,2026-02-04 16:45:40.878308,97
Y_STR09101,Y_U0033,Y0026,2026-02-09 07:31:25.903542,105
Y_STR09102,Y_U0056,Y0035,2026-03-01 15:08:00.769578,74
Y_STR09103,Y_U0024,Y0034,2026-02-15 20:54:25.683110,194
Y_STR09104,Y_U0061,Y0044,2026-02-18 17:30:55.326982,132
Y_STR09105,Y_U0092,Y0041,2026-02-27 14:23:51.045318,230
Y_STR09106,Y_U0074,Y0043,2026-02-18 19:11:21.844615,66
Y_STR09107,Y_U0043,Y0037,2026-02-27 21:11:56.970400,145
Y_STR09108,Y_U0081,Y0030,2026-02-16 03:45:32.361228,87
Y_STR09109,Y_U0014,Y0048,2026-01-31 12:01:59.264719,78
Y_STR09110,Y_U0090,Y0028,2026-01-31 23:34:34.674915,234
Y_STR09111,Y_U0010,Y0036,2026-02-18 10:59:07.793388,253
Y_STR09112,Y_U0052,Y0041,2026-02-16 02:34:53.892951,217
Y_STR09113,Y_U0012,Y0027,2026-02-05 20:08:05.905458,209
Y_STR09114,Y_U0093,Y0027,2026-02-04 04:41:05.916749,179
Y_STR09115,Y_U0041,Y0046,2026-02-18 17:19:47.887391,7
Y_STR09116,Y_U0076,Y0041,2026-02-02 11:20:59.350828,130
Y_STR09117,Y_U0067,Y0028,2026-02-24 12:37:52.834810,108
Y_STR09118,Y_U0027,Y0038,2026-02-17 21:16:47.136960,194
Y_STR09119,Y_U0046,Y0030,2026-02-24 17:00:10.846295,45
Y_STR09120,Y_U0072,Y0049,2026-02-13 06:30:01.938765,97
Y_STR09121,Y_U0082,Y0049,2026-02-11 00:20:37.314443,14
Y_STR09122,Y_U0037,Y0034,2026-02-15 02:41:37.787163,160
Y_STR09123,Y_U0037,Y0050,2026-02-20 17:11:07.834987,60
Y_STR09124,Y_U0007,Y0040,2026-02-10 01:18:36.895594,22
Y_STR09125,Y_U0089,Y0033,2026-02-14 08:52:18.177459,53
Y_STR09126,Y_U0086,Y0035,2026-02-02 06:41:04.036500,239
Y_STR09127,Y_U0082,Y0044,2026-02-21 04:09:52.551581,190
Y_STR09128,Y_U0025,Y0009,2026-02-11 04:43:49.352551,26
Y_STR09129,Y_U0095,Y0042,2026-02-18 16:58:37.076184,221
Y_STR09130,Y_U0095,Y0043,2026-02-07 12:58:00.534227,32
Y_STR09131,Y_U0026,Y0036,2026-02-20 20:03:12.056634,294
Y_STR09132,Y_U0067,Y0043,2026-02-02 19:37:36.759459,116
Y_STR09133,Y_U0012,Y0049,2026-02-19 06:06:37.261753,68
Y_STR09134,Y_U0030,Y0050,2026-02-27 21:29:06.435221,96
Y_STR09135,Y_U0059,Y0042,2026-02-08 20:39:29.549523,247
Y_STR09136,Y_U0053,Y0008,2026-02-04 09:29:14.485176,282
Y_STR09137,Y_U0046,Y0039,2026-02-22 21:16:52.457781,88
Y_STR09138,Y_U0010,Y0043,2026-02-11 09:07:13.935028,146
Y_STR09139,Y_U0093,Y0049,2026-02-15 09:39:50.688744,30
Y_STR09140,Y_U0009,Y0041,2026-02-23 16:56:12.107804,69
Y_STR09141,Y_U0028,Y0026,2026-02-07 17:54:34.671207,131
Y_STR09142,Y_U0044,Y0036,2026-02-12 08:40:13.437771,233
Y_STR09143,Y_U0094,Y0041,2026-02-25 16:36:09.825225,121
Y_STR09144,Y_U0042,Y0021,2026-02-26 17:02:00.060409,113
Y_STR09145,Y_U0053,Y0029,2026-02-15 16:56:51.895950,68
Y_STR09146,Y_U0014,Y0011,2026-02-03 02:28:34.423388,279
Y_STR09147,Y_U0088,Y0036,2026-02-09 19:59:55.849321,160
Y_STR09148,Y_U0037,Y0038,2026-02-18 11:46:19.621395,8
Y_STR09149,Y_U0040,Y0040,2026-02-26 23:27:58.129970,11
Y_STR09150,Y_U0051,Y0042,2026-02-12 23:04:48.388337,192
Y_STR09151,Y_U0004,Y0034,2026-02-19 19:48:08.909434,69
Y_STR09152,Y_U0081,Y0039,2026-02-18 20:06:46.121636,284
Y_STR09153,Y_U0030,Y0027,2026-02-21 11:32:22.532067,91
Y_STR09154,Y_U0042,Y0028,2026-02-19 22:56:46.950361,161
Y_STR09155,Y_U0073,Y0039,2026-02-08 14:47:15.241118,79
Y_STR09156,Y_U0028,Y0046,2026-02-10 05:06:41.915638,150
Y_STR09157,Y_U0033,Y0042,2026-02-03 19:59:13.306943,152
Y_STR09158,Y_U0063,Y0027,2026-02-03 11:01:59.902955,175
Y_STR09159,Y_U0076,Y0018,2026-02-01 01:04:10.844736,72
Y_STR09160,Y_U0013,Y0017,2026-02-18 08:58:03.913520,99
Y_STR09161,Y_U0097,Y0018,2026-02-11 23:22:33.985962,23
Y_STR09162,Y_U0077,Y0045,2026-02-07 10:16:34.822310,67
Y_STR09163,Y_U0028,Y0033,2026-02-10 06:16:42.482384,89
Y_STR09164,Y_U0080,Y0031,2026-02-01 16:52:10.645426,25
Y_STR09165,Y_U0096,Y0029,2026-02-28 01:07:59.573386,86
Y_STR09166,Y_U0057,Y0048,2026-02-09 07:52:38.527940,258
Y_STR09167,Y_U0062,Y0028,2026-02-06 01:10:44.521833,279
Y_STR09168,Y_U0089,Y0045,2026-02-07 14:34:10.441128,178
Y_STR09169,Y_U0009,Y0045,2026-02-08 10:07:23.102349,133
Y_STR09170,Y_U0055,Y0047,2026-02-25 22:58:17.437944,219
Y_STR09171,Y_U0032,Y0038,2026-02-08 21:14:07.583311,5
Y_STR09172,Y_U0099,Y0009,2026-02-25 13:54:00.136365,140
Y_STR09173,Y_U0009,Y0031,2026-02-11 11:41:53.423548,74
Y_STR09174,Y_U0065,Y0050,2026-02-21 01:19:24.123086,192
Y_STR09175,Y_U0083,Y0040,2026-02-28 21:11:42.309121,23
Y_STR09176,Y_U0056,Y0028,2026-02-14 16:33:00.085616,247
Y_STR09177,Y_U0031,Y0035,2026-02-27 19:41:40.101914,222
Y_STR09178,Y_U0087,Y0040,2026-02-09 10:48:53.353289,34
Y_STR09179,Y_U0033,Y0036,2026-02-25 13:55:11.449135,71
Y_STR09180,Y_U0078,Y0025,2026-02-08 20:45:58.939857,86
Y_STR09181,Y_U0039,Y0010,2026-02-12 05:37:04.724699,182
Y_STR09182,Y_U0005,Y0035,2026-02-22 17:43:00.058221,173
Y_STR09183,Y_U0094,Y0040,2026-02-20 02:30:36.554963,30
Y_STR09184,Y_U0095,Y0027,2026-02-13 08:36:01.869590,189
Y_STR09185,Y_U0065,Y0019,2026-02-01 21:44:38.405957,179
Y_STR09186,Y_U0089,Y0031,2026-02-10 03:34:02.787604,76
Y_STR09187,Y_U0020,Y0009,2026-02-19 15:41:33.976277,168
Y_STR09188,Y_U0099,Y0028,2026-02-10 08:49:31.633559,61
Y_STR09189,Y_U0095,Y0025,2026-02-23 17:03:08.417744,198
Y_STR09190,Y_U0013,Y0045,2026-02-11 15:05:38.069596,108
Y_STR09191,Y_U0007,Y0022,2026-02-04 18:05:59.414789,5
Y_STR09192,Y_U0065,Y0030,2026-02-15 14:52:03.132589,128
Y_STR09193,Y_U0006,Y0050,2026-02-27 09:15:31.712831,179
Y_STR09194,Y_U0067,Y0024,2026-01-31 12:40:33.509000,47
Y_STR09195,Y_U0049,Y0041,2026-02-04 08:09:39.560769,252
Y_STR09196,Y_U0027,Y0013,2026-02-22 13:26:29.095596,18
Y_STR09197,Y_U0066,Y0033,2026-02-23 07:55:15.311821,138
Y_STR09198,Y_U0085,Y0013,2026-02-28 10:29:58.435217,32
Y_STR09199,Y_U0007,Y0042,2026-02-04 20:42:55.940818,49
Y_STR09200,Y_U0047,Y0030,2026-02-09 17:12:42.364879,131
Y_STR09201,Y_U0082,Y0007,2026-02-16 23:40:40.684689,61
Y_STR09202,Y_U0047,Y0029,2026-02-05 04:08:14.353401,131
Y_STR09203,Y_U0093,Y0032,2026-02-23 20:15:50.730735,112
Y_STR09204,Y_U0054,Y0045,2026-02-11 19:45:00.829518,45
Y_STR09205,Y_U0027,Y0007,2026-02-20 03:11:11.763499,91
Y_STR09206,Y_U0028,Y0047,2026-02-07 21:50:24.893965,258
Y_STR09207,Y_U0075,Y0036,2026-02-24 17:19:52.735803,167
Y_STR09208,Y_U0046,Y0050,2026-02-03 05:46:36.884017,199
Y_STR09209,Y_U0072,Y0028,2026-02-12 11:57:26.742089,12
Y_STR09210,Y_U0035,Y0035,2026-02-24 17:12:27.651264,231
Y_STR09211,Y_U0014,Y0041,2026-02-13 00:23:55.999126,64
Y_STR09212,Y_U0072,Y0036,2026-02-20 03:33:25.033278,228
Y_STR09213,Y_U0081,Y0011,2026-02-28 15:19:20.129086,51
Y_STR09214,Y_U0040,Y0048,2026-02-05 06:08:03.872758,83
Y_STR09215,Y_U0026,Y0021,2026-02-13 19:35:04.638709,131
Y_STR09216,Y_U0050,Y0016,2026-02-06 23:03:49.961583,18
Y_STR09217,Y_U0056,Y0043,2026-02-05 12:38:49.372847,68
Y_STR09218,Y_U0070,Y0007,2026-02-07 13:25:05.278485,253
Y_STR09219,Y_U0012,Y0050,2026-02-18 17:17:05.878158,230
Y_STR09220,Y_U0041,Y0044,2026-02-07 15:36:42.673877,133
Y_STR09221,Y_U0041,Y0034,2026-02-16 13:49:32.518647,123
Y_STR09222,Y_U0036,Y0047,2026-02-27 19:09:13.272880,238
Y_STR09223,Y_U0073,Y0027,2026-02-20 18:15:24.609213,188
Y_STR09224,Y_U0082,Y0043,2026-02-18 04:49:25.402601,27
Y_STR09225,Y_U0042,Y0029,2026-02-08 12:54:21.975057,244
Y_STR09226,Y_U0009,Y0022,2026-02-16 02:35:52.012159,148
Y_STR09227,Y_U0038,Y0016,2026-02-17 05:25:31.267956,224
Y_STR09228,Y_U0049,Y0026,2026-02-08 10:58:21.290339,64
Y_STR09229,Y_U0053,Y0018,2026-02-06 20:31:02.040680,81
Y_STR09230,Y_U0097,Y0044,2026-02-09 06:41:05.808712,224
Y_STR09231,Y_U0053,Y0007,2026-02-11 14:04:03.916215,90
Y_STR09232,Y_U0027,Y0043,2026-03-01 13:12:00.117996,116
Y_STR09233,Y_U0098,Y0046,2026-02-27 09:02:44.943195,72
Y_STR09234,Y_U0080,Y0036,2026-02-25 21:08:28.484573,264
Y_STR09235,Y_U0046,Y0046,2026-02-07 02:10:39.516457,162
Y_STR09236,Y_U0041,Y0035,2026-02-08 05:03:51.488467,288
Y_STR09237,Y_U0052,Y0049,2026-02-26 07:00:37.539284,53
Y_STR09238,Y_U0054,Y0034,2026-02-22 13:53:46.617582,148
Y_STR09239,Y_U0018,Y0010,2026-02-09 12:47:27.792971,196
Y_STR09240,Y_U0052,Y0035,2026-02-22 18:49:39.196221,85
Y_STR09241,Y_U0023,Y0032,2026-02-06 18:50:06.879339,149
Y_STR09242,Y_U0094,Y0038,2026-02-18 21:02:40.356606,20
Y_STR09243,Y_U0056,Y0019,2026-02-24 03:34:16.621289,178
Y_STR09244,Y_U0047,Y0022,2026-02-09 11:45:28.634151,70
Y_STR09245,Y_U0020,Y0027,2026-02-02 15:07:35.898219,121
Y_STR09246,Y_U0014,Y0023,2026-03-01 04:44:59.437867,104
Y_STR09247,Y_U0038,Y0010,2026-02-08 14:18:40.588133,53
Y_STR09248,Y_U0093,Y0042,2026-02-10 03:16:52.446375,83
Y_STR09249,Y_U0060,Y0046,2026-02-14 01:28:43.125391,101
Y_STR09250,Y_U0003,Y0021,2026-02-19 03:21:31.380295,226
Y_STR09251,Y_U0095,Y0050,2026-02-06 08:00:46.391361,274
Y_STR09252,Y_U0021,Y0037,2026-02-15 15:20:03.239077,55
Y_STR09253,Y_U0025,Y0040,2026-02-05 14:09:38.258158,93
Y_STR09254,Y_U0021,Y0008,2026-02-10 01:51:06.902561,166
Y_STR09255,Y_U0050,Y0049,2026-03-01 07:51:54.280011,76
Y_STR09256,Y_U0042,Y0032,2026-02-12 14:24:53.645086,266
Y_STR09257,Y_U0089,Y0007,2026-02-19 04:56:48.619497,271
Y_STR09258,Y_U0088,Y0024,2026-02-11 04:02:16.214943,350
Y_STR09259,Y_U0090,Y0042,2026-02-27 11:19:36.784384,55
Y_STR09260,Y_U0085,Y0031,2026-02-25 14:51:36.701632,99
Y_STR09261,Y_U0021,Y0014,2026-02-11 06:36:20.968959,17
Y_STR09262,Y_U0094,Y0028,2026-02-17 20:57:17.784725,181
Y_STR09263,Y_U0085,Y0031,2026-02-10 05:32:16.878742,5
Y_STR09264,Y_U0041,Y0015,2026-03-01 23:17:29.263694,43
Y_STR09265,Y_U0068,Y0025,2026-02-16 22:21:18.429826,137
Y_STR09266,Y_U0038,Y0032,2026-03-01 18:36:55.718216,276
Y_STR09267,Y_U0043,Y0025,2026-02-18 23:44:15.976896,72
Y_STR09268,Y_U0074,Y0035,2026-02-03 09:09:58.428732,54
Y_STR09269,Y_U0012,Y0033,2026-02-06 20:36:48.301626,33
Y_STR09270,Y_U0001,Y0038,2026-02-01 04:09:49.256243,48
Y_STR09271,Y_U0018,Y0031,2026-02-17 08:23:55.077520,30
Y_STR09272,Y_U0026,Y0039,2026-02-25 11:54:10.592370,326
Y_STR09273,Y_U0064,Y0045,2026-02-28 20:12:43.377232,196
Y_STR09274,Y_U0012,Y0034,2026-02-08 16:29:45.860597,144
Y_STR09275,Y_U0066,Y0030,2026-01-31 22:48:08.127247,31
Y_STR09276,Y_U0032,Y0032,2026-02-05 08:18:01.211249,140
Y_STR09277,Y_U0099,Y0047,2026-02-20 10:34:53.060374,38
Y_STR09278,Y_U0067,Y0039,2026-02-14 02:29:20.447148,324
Y_STR09279,Y_U0079,Y0035,2026-02-22 17:26:41.680803,33
Y_STR09280,Y_U0077,Y0026,2026-02-12 09:58:29.492431,183
Y_STR09281,Y_U0019,Y0043,2026-03-01 05:08:44.013723,107
Y_STR09282,Y_U0051,Y0016,2026-02-22 22:46:50.157723,132
Y_STR09283,Y_U0054,Y0018,2026-02-04 20:26:21.173720,10
Y_STR09284,Y_U0078,Y0038,2026-02-17 23:24:42.836252,32
Y_STR09285,Y_U0058,Y0019,2026-02-23 01:44:50.192880,227
Y_STR09286,Y_U0089,Y0031,2026-02-09 18:43:18.888429,36
Y_STR09287,Y_U0015,Y0045,2026-03-01 18:20:38.987607,198
Y_STR09288,Y_U0035,Y0033,2026-02-01 16:05:36.484563,105
Y_STR09289,Y_U0076,Y0048,2026-02-15 17:50:35.671499,230
Y_STR09290,Y_U0022,Y0040,2026-02-07 05:23:56.244128,9
Y_STR09291,Y_U0070,Y0045,2026-02-24 14:41:36.243922,119
Y_STR09292,Y_U0035,Y0047,2026-02-03 00:38:40.590094,277
Y_STR09293,Y_U0032,Y0017,2026-02-09 02:49:53.422728,53
Y_STR09294,Y_U0059,Y0017,2026-02-18 09:50:17.753023,111
Y_STR09295,Y_U0028,Y0050,2026-02-06 16:41:03.917915,113
Y_STR09296,Y_U0004,Y0048,2026-02-13 04:26:41.231055,212
Y_STR09297,Y_U0078,Y0021,2026-02-01 08:16:27.972755,140
Y_STR09298,Y_U0002,Y0010,2026-02-10 15:31:05.701136,226
Y_STR09299,Y_U0084,Y0005,2026-02-25 05:49:15.715770,116
Y_STR09300,Y_U0096,Y0006,2026-02-07 13:41:53.657699,254
Y_STR09301,Y_U0073,Y0042,2026-02-25 04:57:56.715223,131
Y_STR09302,Y_U0091,Y0007,2026-02-14 08:35:48.615976,138
Y_STR09303,Y_U0073,Y0037,2026-02-24 04:13:58.293442,144
Y_STR09304,Y_U0094,Y0045,2026-02-11 12:11:11.631147,168
Y_STR09305,Y_U0005,Y0045,2026-03-02 04:12:46.799788,120
Y_STR09306,Y_U0025,Y0015,2026-02-08 21:28:48.083819,171
Y_STR09307,Y_U0081,Y0037,2026-02-15 07:13:51.042567,73
Y_STR09308,Y_U0087,Y0037,2026-02-19 04:40:11.210180,44
Y_STR09309,Y_U0073,Y0032,2026-02-27 17:46:31.556049,78
Y_STR09310,Y_U0030,Y0048,2026-02-24 09:48:10.878323,193
Y_STR09311,Y_U0041,Y0041,2026-02-17 18:59:47.822213,203
Y_STR09312,Y_U0089,Y0044,2026-02-12 19:07:15.216068,74
Y_STR09313,Y_U0016,Y0034,2026-02-04 06:14:20.914574,17
Y_STR09314,Y_U0006,Y0049,2026-02-25 01:23:03.899162,87
Y_STR09315,Y_U0025,Y0040,2026-02-07 23:50:20.938459,50
Y_STR09316,Y_U0033,Y0037,2026-02-16 00:44:13.149815,141
Y_STR09317,Y_U0026,Y0039,2026-02-18 07:43:59.183738,165
Y_STR09318,Y_U0079,Y0013,2026-02-23 18:58:58.538687,54
Y_STR09319,Y_U0031,Y0012,2026-02-21 07:20:45.013958,284
Y_STR09320,Y_U0015,Y0046,2026-02-28 19:48:22.233112,68
Y_STR09321,Y_U0096,Y0044,2026-02-20 12:28:23.163786,114
Y_STR09322,Y_U0044,Y0028,2026-02-10 07:14:17.984263,138
Y_STR09323,Y_U0089,Y0024,2026-02-25 11:17:10.985679,152
Y_STR09324,Y_U0012,Y0036,2026-02-25 08:38:16.108458,248
Y_STR09325,Y_U0014,Y0040,2026-02-03 23:26:10.040821,133
Y_STR09326,Y_U0011,Y0007,2026-02-20 11:36:23.289739,290
Y_STR09327,Y_U0023,Y0035,2026-02-25 11:11:57.963847,289
Y_STR09328,Y_U0076,Y0026,2026-02-02 13:55:52.727153,144
Y_STR09329,Y_U0031,Y0040,2026-02-07 12:18:25.928201,56
Y_STR09330,Y_U0087,Y0038,2026-02-02 09:09:00.573782,117
Y_STR09331,Y_U0069,Y0050,2026-02-05 23:22:29.130324,166
Y_STR09332,Y_U0043,Y0039,2026-02-13 07:49:48.992476,219
Y_STR09333,Y_U0093,Y0045,2026-02-10 23:09:21.062102,63
Y_STR09334,Y_U0061,Y0041,2026-02-15 10:35:15.910008,50
Y_STR09335,Y_U0069,Y0041,2026-02-10 01:55:20.483781,176
Y_STR09336,Y_U0026,Y0048,2026-02-23 00:46:54.109601,20
Y_STR09337,Y_U0063,Y0046,2026-02-02 04:24:26.766466,165
Y_STR09338,Y_U0056,Y0046,2026-02-04 04:50:56.883121,156
Y_STR09339,Y_U0052,Y0035,2026-02-18 09:46:46.226775,75
Y_STR09340,Y_U0099,Y0024,2026-02-21 06:21:12.197404,145
Y_STR09341,Y_U0070,Y0048,2026-02-07 05:47:07.617886,52
Y_STR09342,Y_U0064,Y0032,2026-02-08 13:47:07.667351,154
Y_STR09343,Y_U0099,Y0049,2026-02-01 18:00:58.553344,113
Y_STR09344,Y_U0006,Y0046,2026-02-20 10:57:54.681734,112
Y_STR09345,Y_U0055,Y0019,2026-02-24 02:24:03.286135,219
Y_STR09346,Y_U0057,Y0045,2026-03-02 08:27:09.660710,137
Y_STR09347,Y_U0032,Y0048,2026-02-23 17:13:30.067446,183
Y_STR09348,Y_U0077,Y0025,2026-02-23 22:55:40.884505,25
Y_STR09349,Y_U0011,Y0032,2026-02-15 14:33:37.953229,18
Y_STR09350,Y_U0019,Y0035,2026-02-18 04:37:43.246438,213
Y_STR09351,Y_U0094,Y0029,2026-02-11 01:38:50.042741,235
Y_STR09352,Y_U0060,Y0049,2026-02-28 21:09:50.741651,8
Y_STR09353,Y_U0009,Y0029,2026-02-20 04:04:07.677711,208
Y_STR09354,Y_U0035,Y0042,2026-02-12 13:48:39.439222,208
Y_STR09355,Y_U0025,Y0035,2026-02-04 04:48:41.784405,197
Y_STR09356,Y_U0042,Y0016,2026-03-01 01:33:24.693197,212
Y_STR09357,Y_U0020,Y0049,2026-02-20 02:46:49.711334,69
Y_STR09358,Y_U0014,Y0045,2026-02-21 06:11:50.747093,9
Y_STR09359,Y_U0059,Y0021,2026-02-04 13:52:34.672683,84
Y_STR09360,Y_U0028,Y0047,2026-02-09 12:43:13.989298,11
Y_STR09361,Y_U0013,Y0038,2026-02-03 11:52:42.939008,139
Y_STR09362,Y_U0047,Y0046,2026-02-19 19:23:22.792776,73
Y_STR09363,Y_U0100,Y0022,2026-02-21 16:25:28.952353,96
Y_STR09364,Y_U0015,Y0043,2026-02-18 16:03:47.605744,75
Y_STR09365,Y_U0016,Y0038,2026-02-16 04:41:36.429446,19
Y_STR09366,Y_U0075,Y0035,2026-03-01 02:08:16.333785,301
Y_STR09367,Y_U0029,Y0036,2026-02-07 16:24:37.175039,285
Y_STR09368,Y_U0049,Y0043,2026-02-16 20:33:13.471348,118
Y_STR09369,Y_U0077,Y0027,2026-02-22 05:00:58.947562,104
Y_STR09370,Y_U0048,Y0045,2026-02-24 14:06:39.916682,55
Y_STR09371,Y_U0011,Y0050,2026-03-02 07:17:31.327576,142
Y_STR09372,Y_U0014,Y0028,2026-02-18 20:14:45.442063,288
Y_STR09373,Y_U0070,Y0014,2026-02-21 13:15:16.404119,293
Y_STR09374,Y_U0041,Y0046,2026-02-11 21:15:41.894830,154
Y_STR09375,Y_U0055,Y0016,2026-02-13 16:03:49.867430,87
Y_STR09376,Y_U0013,Y0044,2026-02-07 03:35:47.574933,308
Y_STR09377,Y_U0084,Y0045,2026-02-06 05:59:09.575505,187
Y_STR09378,Y_U0060,Y0013,2026-02-16 00:13:54.382483,162
Y_STR09379,Y_U0023,Y0043,2026-02-14 07:21:15.194833,121
Y_STR09380,Y_U0034,Y0018,2026-02-03 02:15:37.002066,160
Y_STR09381,Y_U0028,Y0040,2026-02-16 08:23:48.443447,62
Y_STR09382,Y_U0010,Y0038,2026-02-26 02:13:24.809463,75
Y_STR09383,Y_U0014,Y0043,2026-02-09 20:45:50.506229,142
Y_STR09384,Y_U0062,Y0014,2026-02-10 13:16:30.048214,302
Y_STR09385,Y_U0076,Y0050,2026-02-01 19:09:05.254514,60
Y_STR09386,Y_U0045,Y0046,2026-02-06 00:51:31.886113,178
Y_STR09387,Y_U0041,Y0039,2026-02-03 10:02:06.366067,64
Y_STR09388,Y_U0004,Y0039,2026-03-01 00:39:25.497829,321
Y_STR09389,Y_U0059,Y0034,2026-02-26 15:34:46.495100,18
Y_STR09390,Y_U0036,Y0048,2026-02-06 06:25:27.324439,26
Y_STR09391,Y_U0075,Y0026,2026-02-05 17:16:33.136714,200
Y_STR09392,Y_U0002,Y0039,2026-02-14 08:39:26.958985,170
Y_STR09393,Y_U0050,Y0034,2026-02-16 20:45:54.926414,178
Y_STR09394,Y_U0027,Y0046,2026-02-07 20:37:02.730980,129
Y_STR09395,Y_U0093,Y0015,2026-02-15 18:29:39.342023,268
Y_STR09396,Y_U0059,Y0049,2026-02-22 00:33:21.882400,60
Y_STR09397,Y_U0057,Y0001,2026-02-19 18:56:57.513486,63
Y_STR09398,Y_U0028,Y0046,2026-02-19 17:25:00.144922,152
Y_STR09399,Y_U0037,Y0049,2026-02-28 08:09:43.528279,117
Y_STR09400,Y_U0018,Y0044,2026-02-24 10:26:42.496920,212
Y_STR09401,Y_U0077,Y0040,2026-02-15 11:41:31.925560,127
Y_STR09402,Y_U0066,Y0044,2026-02-08 10:18:38.613614,179
Y_STR09403,Y_U0024,Y0048,2026-02-14 22:23:13.177951,168
Y_STR09404,Y_U0078,Y0023,2026-03-02 03:04:01.611056,13
Y_STR09405,Y_U0033,Y0047,2026-02-12 13:11:52.121274,292
Y_STR09406,Y_U0028,Y0019,2026-02-17 19:42:36.542030,323
Y_STR09407,Y_U0014,Y0039,2026-02-26 19:51:04.851119,292
Y_STR09408,Y_U0093,Y0016,2026-02-22 08:51:45.891666,66
Y_STR09409,Y_U0041,Y0045,2026-02-14 22:41:33.156762,158
Y_STR09410,Y_U0042,Y0030,2026-02-23 18:43:42.398532,129
Y_STR09411,Y_U0094,Y0048,2026-02-08 15:58:20.944212,150
Y_STR09412,Y_U0030,Y0038,2026-02-22 07:21:00.377532,93
Y_STR09413,Y_U0051,Y0050,2026-02-24 06:52:29.317016,197
Y_STR09414,Y_U0076,Y0050,2026-02-06 09:16:35.459211,273
Y_STR09415,Y_U0046,Y0036,2026-02-23 04:31:13.838508,158
Y_STR09416,Y_U0035,Y0023,2026-02-05 14:50:06.851494,23
Y_STR09417,Y_U0003,Y0022,2026-01-31 12:28:40.070544,208
Y_STR09418,Y_U0038,Y0050,2026-02-24 00:16:15.348397,8
Y_STR09419,Y_U0085,Y0037,2026-02-07 22:11:41.567466,41
Y_STR09420,Y_U0042,Y0048,2026-02-04 09:38:39.424200,37
Y_STR09421,Y_U0050,Y0035,2026-03-02 07:45:39.871841,36
Y_STR09422,Y_U0089,Y0040,2026-02-06 13:44:54.609732,115
Y_STR09423,Y_U0055,Y0018,2026-02-17 08:51:49.994329,104
Y_STR09424,Y_U0071,Y0025,2026-02-06 21:51:31.388490,68
Y_STR09425,Y_U0004,Y0031,2026-02-07 21:55:06.419369,22
Y_STR09426,Y_U0013,Y0049,2026-02-24 01:43:52.009978,86
Y_STR09427,Y_U0083,Y0044,2026-02-23 05:38:57.709020,233
Y_STR09428,Y_U0007,Y0032,2026-02-08 23:00:27.783091,226
Y_STR09429,Y_U0030,Y0030,2026-02-16 08:56:18.306939,102
Y_STR09430,Y_U0056,Y0039,2026-03-01 22:51:55.852698,95
Y_STR09431,Y_U0100,Y0043,2026-02-18 11:44:36.108566,121
Y_STR09432,Y_U0009,Y0037,2026-02-16 07:22:20.141426,67
Y_STR09433,Y_U0034,Y0025,2026-02-04 12:52:51.647767,188
Y_STR09434,Y_U0030,Y0050,2026-02-21 11:53:17.592998,193
Y_STR09435,Y_U0047,Y0035,2026-02-10 00:45:27.477040,292
Y_STR09436,Y_U0083,Y0049,2026-02-25 21:05:32.241128,58
Y_STR09437,Y_U0062,Y0042,2026-02-02 14:05:32.073789,48
Y_STR09438,Y_U0045,Y0044,2026-02-23 00:39:20.580724,85
Y_STR09439,Y_U0041,Y0017,2026-02-11 04:34:55.386602,106
Y_STR09440,Y_U0001,Y0023,2026-03-01 08:36:20.852407,10
Y_STR09441,Y_U0100,Y0023,2026-02-24 21:00:37.701043,56
Y_STR09442,Y_U0059,Y0033,2026-02-16 14:52:50.732438,143
Y_STR09443,Y_U0003,Y0042,2026-02-02 15:05:32.921384,30
Y_STR09444,Y_U0014,Y0035,2026-02-17 03:30:00.225537,205
Y_STR09445,Y_U0093,Y0035,2026-02-27 13:07:59.229762,209
Y_STR09446,Y_U0074,Y0041,2026-02-12 22:22:59.083712,139
Y_STR09447,Y_U0042,Y0014,2026-02-11 18:21:59.782149,239
Y_STR09448,Y_U0064,Y0038,2026-03-01 05:09:42.705996,67
Y_STR09449,Y_U0038,Y0035,2026-02-02 23:10:11.834697,297
Y_STR09450,Y_U0090,Y0034,2026-02-28 04:38:13.465591,205
Y_STR09451,Y_U0097,Y0027,2026-02-24 14:59:38.742207,126
Y_STR09452,Y_U0003,Y0012,2026-02-08 08:44:10.541554,216
Y_STR09453,Y_U0012,Y0023,2026-02-26 04:14:15.269839,119
Y_STR09454,Y_U0029,Y0044,2026-02-08 01:59:07.577309,317
Y_STR09455,Y_U0059,Y0038,2026-02-10 05:26:49.356187,121
Y_STR09456,Y_U0072,Y0037,2026-02-08 07:11:52.185769,147
Y_STR09457,Y_U0031,Y0037,2026-02-18 19:08:14.085236,28
Y_STR09458,Y_U0063,Y0019,2026-02-28 00:09:36.085963,36
Y_STR09459,Y_U0082,Y0036,2026-02-23 10:37:47.375942,295
Y_STR09460,Y_U0012,Y0046,2026-02-09 01:12:49.612899,15
Y_STR09461,Y_U0073,Y0048,2026-02-04 04:44:15.880603,197
Y_STR09462,Y_U0066,Y0025,2026-01-31 16:45:51.924524,191
Y_STR09463,Y_U0050,Y0019,2026-02-12 04:47:56.437027,93
Y_STR09464,Y_U0099,Y0027,2026-02-15 07:33:17.510481,186
Y_STR09465,Y_U0054,Y0048,2026-02-06 06:13:14.401969,192
Y_STR09466,Y_U0012,Y0041,2026-02-01 19:04:20.145651,164
Y_STR09467,Y_U0057,Y0049,2026-02-06 05:14:50.670542,122
Y_STR09468,Y_U0070,Y0050,2026-02-09 10:39:39.970188,61
Y_STR09469,Y_U0087,Y0046,2026-02-01 11:04:56.538102,14
Y_STR09470,Y_U0066,Y0038,2026-02-06 06:23:11.353906,54
Y_STR09471,Y_U0048,Y0039,2026-02-20 15:52:15.033308,47
Y_STR09472,Y_U0018,Y0025,2026-02-09 22:07:03.660167,136
Y_STR09473,Y_U0080,Y0038,2026-02-21 00:40:20.979954,52
Y_STR09474,Y_U0012,Y0050,2026-02-07 11:01:30.343004,32
Y_STR09475,Y_U0070,Y0042,2026-02-26 01:47:54.713982,49
Y_STR09476,Y_U0029,Y0017,2026-02-01 22:07:15.819391,95
Y_STR09477,Y_U0062,Y0048,2026-02-10 09:51:28.885362,261
Y_STR09478,Y_U0099,Y0028,2026-02-02 08:31:25.556354,175
Y_STR09479,Y_U0078,Y0048,2026-02-24 21:03:32.849499,9
Y_STR09480,Y_U0062,Y0014,2026-02-22 00:23:24.837709,175
Y_STR09481,Y_U0099,Y0047,2026-02-21 11:45:27.137206,280
Y_STR09482,Y_U0049,Y0034,2026-02-08 02:18:15.026681,5
Y_STR09483,Y_U0054,Y0021,2026-02-16 12:17:13.237270,71
Y_STR09484,Y_U0078,Y0016,2026-02-03 23:35:30.667614,81
Y_STR09485,Y_U0081,Y0008,2026-01-31 23:47:28.964769,93
Y_STR09486,Y_U0076,Y0027,2026-02-22 14:13:35.603810,153
Y_STR09487,Y_U0021,Y0040,2026-02-04 12:40:14.048717,17
Y_STR09488,Y_U0043,Y0037,2026-02-06 05:10:09.519527,101
Y_STR09489,Y_U0095,Y0032,2026-02-06 17:00:35.338228,274
Y_STR09490,Y_U0083,Y0028,2026-02-14 12:06:02.267440,243
Y_STR09491,Y_U0085,Y0050,2026-02-08 08:57:26.539772,301
Y_STR09492,Y_U0055,Y0040,2026-02-09 04:20:57.532931,121
Y_STR09493,Y_U0015,Y0040,2026-02-12 21:25:52.520752,14
Y_STR09494,Y_U0054,Y0039,2026-02-22 06:40:11.452489,274
Y_STR09495,Y_U0033,Y0040,2026-02-23 08:59:16.507123,85
Y_STR09496,Y_U0028,Y0041,2026-02-11 23:07:17.285336,246
Y_STR09497,Y_U0083,Y0045,2026-02-23 23:28:07.077441,13
Y_STR09498,Y_U0056,Y0038,2026-02-24 01:33:41.752875,53
Y_STR09499,Y_U0005,Y0009,2026-02-03 10:52:43.995696,60
Y_STR09500,Y_U0081,Y0043,2026-02-22 03:17:23.494403,104
Y_STR09501,Y_U0084,Y0039,2026-02-22 13:27:41.023697,144
Y_STR09502,Y_U0092,Y0036,2026-02-15 09:53:49.662980,233
Y_STR09503,Y_U0073,Y0049,2026-03-01 16:44:26.091658,44
Y_STR09504,Y_U0070,Y0034,2026-02-21 17:24:32.135041,143
Y_STR09505,Y_U0014,Y0034,2026-02-21 19:15:10.390059,236
Y_STR09506,Y_U0069,Y0035,2026-02-01 20:16:57.418337,137
Y_STR09507,Y_U0010,Y0050,2026-02-23 06:53:20.534176,163
Y_STR09508,Y_U0048,Y0035,2026-02-07 06:46:40.471202,117
Y_STR09509,Y_U0029,Y0028,2026-02-09 15:14:59.410907,250
Y_STR09510,Y_U0026,Y0032,2026-02-09 10:12:22.896007,97
Y_STR09511,Y_U0043,Y0022,2026-02-21 03:39:56.780573,28
Y_STR09512,Y_U0071,Y0043,2026-01-31 20:26:00.610205,63
Y_STR09513,Y_U0015,Y0044,2026-02-17 02:12:02.221231,213
Y_STR09514,Y_U0011,Y0009,2026-02-19 16:44:00.384854,188
Y_STR09515,Y_U0048,Y0018,2026-02-26 01:34:06.410122,276
Y_STR09516,Y_U0085,Y0034,2026-02-11 06:48:25.259984,10
Y_STR09517,Y_U0099,Y0050,2026-02-04 10:40:34.277604,206
Y_STR09518,Y_U0030,Y0039,2026-02-13 08:56:52.138822,160
Y_STR09519,Y_U0039,Y0048,2026-02-24 21:05:43.667140,152
Y_STR09520,Y_U0034,Y0036,2026-02-28 15:20:17.033065,161
Y_STR09521,Y_U0078,Y0029,2026-02-14 02:57:51.816538,52
Y_STR09522,Y_U0097,Y0025,2026-02-19 00:33:03.127535,104
Y_STR09523,Y_U0077,Y0025,2026-03-01 15:40:01.856546,97
Y_STR09524,Y_U0006,Y0045,2026-02-19 18:11:52.713031,121
Y_STR09525,Y_U0093,Y0049,2026-02-27 18:06:18.426914,61
Y_STR09526,Y_U0047,Y0037,2026-02-22 07:14:26.854082,68
Y_STR09527,Y_U0092,Y0044,2026-02-25 10:43:12.229764,138
Y_STR09528,Y_U0044,Y0050,2026-02-14 14:44:40.250408,103
Y_STR09529,Y_U0051,Y0030,2026-02-01 04:35:29.286254,157
Y_STR09530,Y_U0064,Y0050,2026-02-28 04:03:39.245172,234
Y_STR09531,Y_U0061,Y0024,2026-02-02 09:02:36.990858,81
Y_STR09532,Y_U0004,Y0014,2026-01-31 18:45:21.920119,51
Y_STR09533,Y_U0040,Y0033,2026-02-23 15:28:29.518578,55
Y_STR09534,Y_U0031,Y0031,2026-02-25 19:42:23.503231,47
Y_STR09535,Y_U0053,Y0049,2026-03-02 02:54:05.888205,55
Y_STR09536,Y_U0002,Y0025,2026-02-22 13:00:38.566004,145
Y_STR09537,Y_U0088,Y0031,2026-02-09 07:10:19.449051,72
Y_STR09538,Y_U0015,Y0039,2026-02-27 02:13:26.113557,311
Y_STR09539,Y_U0093,Y0045,2026-02-19 23:35:43.159294,83
Y_STR09540,Y_U0098,Y0040,2026-02-12 15:14:59.849958,7
Y_STR09541,Y_U0044,Y0033,2026-01-31 19:57:02.048809,144
Y_STR09542,Y_U0019,Y0043,2026-01-31 21:06:14.332704,13
Y_STR09543,Y_U0057,Y0031,2026-02-26 07:23:11.533495,114
Y_STR09544,Y_U0022,Y0043,2026-02-25 01:11:48.416995,61
Y_STR09545,Y_U0067,Y0008,2026-02-22 15:32:34.682846,139
Y_STR09546,Y_U0070,Y0026,2026-02-06 09:53:27.057143,120
Y_STR09547,Y_U0026,Y0047,2026-02-15 18:12:46.064782,197
Y_STR09548,Y_U0065,Y0033,2026-02-27 13:48:51.666609,82
Y_STR09549,Y_U0100,Y0005,2026-02-01 08:55:26.388640,238
Y_STR09550,Y_U0033,Y0036,2026-02-10 08:16:48.308589,143
Y_STR09551,Y_U0067,Y0030,2026-02-14 02:03:19.494438,39
Y_STR09552,Y_U0089,Y0025,2026-02-27 20:33:23.560674,15
Y_STR09553,Y_U0024,Y0049,2026-02-15 01:16:43.945790,72
Y_STR09554,Y_U0031,Y0047,2026-02-01 23:57:47.230968,217
Y_STR09555,Y_U0056,Y0042,2026-03-01 20:25:12.188622,77
Y_STR09556,Y_U0051,Y0040,2026-02-05 16:09:09.264448,21
Y_STR09557,Y_U0017,Y0036,2026-02-01 21:08:56.145753,167
Y_STR09558,Y_U0093,Y0021,2026-02-21 20:23:09.065636,125
Y_STR09559,Y_U0024,Y0046,2026-02-24 10:41:37.917620,111
Y_STR09560,Y_U0050,Y0021,2026-02-08 20:49:06.709191,193
Y_STR09561,Y_U0041,Y0047,2026-02-28 05:02:20.416289,105
Y_STR09562,Y_U0066,Y0018,2026-02-06 20:42:39.019786,183
Y_STR09563,Y_U0041,Y0016,2026-02-20 02:44:50.737071,27
Y_STR09564,Y_U0073,Y0041,2026-03-01 06:46:21.791776,118
Y_STR09565,Y_U0062,Y0010,2026-02-15 07:03:33.151397,43
Y_STR09566,Y_U0024,Y0032,2026-02-20 23:36:40.654557,183
Y_STR09567,Y_U0080,Y0032,2026-02-09 05:24:19.849876,108
Y_STR09568,Y_U0083,Y0049,2026-02-24 12:32:33.576115,92
Y_STR09569,Y_U0092,Y0042,2026-02-11 22:59:41.285484,13
Y_STR09570,Y_U0014,Y0029,2026-02-05 19:46:39.426844,281
Y_STR09571,Y_U0065,Y0048,2026-02-08 04:05:31.771472,148
Y_STR09572,Y_U0096,Y0049,2026-02-28 22:23:20.621228,56
Y_STR09573,Y_U0019,Y0041,2026-02-01 21:48:13.384641,214
Y_STR09574,Y_U0059,Y0042,2026-02-14 19:37:07.938945,267
Y_STR09575,Y_U0066,Y0036,2026-02-03 10:41:42.914880,284
Y_STR09576,Y_U0090,Y0015,2026-02-11 03:36:36.866180,78
Y_STR09577,Y_U0027,Y0029,2026-02-12 10:32:10.388106,105
Y_STR09578,Y_U0094,Y0025,2026-02-01 22:30:05.793338,15
Y_STR09579,Y_U0100,Y0033,2026-02-06 10:29:39.031265,27
Y_STR09580,Y_U0017,Y0039,2026-02-04 05:39:30.460170,34
Y_STR09581,Y_U0037,Y0030,2026-02-24 21:26:12.954243,62
Y_STR09582,Y_U0094,Y0046,2026-02-24 13:06:48.851874,174
Y_STR09583,Y_U0068,Y0040,2026-02-12 03:42:18.884870,136
Y_STR09584,Y_U0010,Y0037,2026-02-24 20:29:18.111249,101
Y_STR09585,Y_U0086,Y0048,2026-02-08 01:22:01.894255,239
Y_STR09586,Y_U0055,Y0047,2026-02-26 01:49:55.457655,135
Y_STR09587,Y_U0004,Y0050,2026-02-27 18:41:35.854901,132
Y_STR09588,Y_U0086,Y0040,2026-02-25 11:32:15.475643,88
Y_STR09589,Y_U0009,Y0047,2026-02-17 20:16:19.679221,126
Y_STR09590,Y_U0054,Y0032,2026-02-13 09:52:56.373703,51
Y_STR09591,Y_U0039,Y0036,2026-02-02 18:09:59.834164,70
Y_STR09592,Y_U0082,Y0046,2026-02-13 06:01:15.924158,87
Y_STR09593,Y_U0003,Y0047,2026-02-03 06:06:51.215048,188
Y_STR09594,Y_U0065,Y0032,2026-02-21 19:47:43.983449,46
Y_STR09595,Y_U0080,Y0046,2026-02-13 04:33:29.105389,32
Y_STR09596,Y_U0007,Y0033,2026-03-01 14:40:44.190380,120
Y_STR09597,Y_U0092,Y0040,2026-02-17 18:41:18.991128,88
Y_STR09598,Y_U0032,Y0008,2026-02-10 09:48:17.454513,71
Y_STR09599,Y_U0034,Y0047,2026-02-13 13:42:12.956045,14
Y_STR09600,Y_U0005,Y0024,2026-02-09 12:54:12.012685,55
Y_STR09601,Y_U0006,Y0045,2026-02-18 09:41:22.701946,195
Y_STR09602,Y_U0089,Y0029,2026-02-28 20:37:24.284915,241
Y_STR09603,Y_U0068,Y0036,2026-02-25 11:38:22.063203,279
Y_STR09604,Y_U0005,Y0041,2026-02-19 03:51:45.845242,110
Y_STR09605,Y_U0099,Y0006,2026-02-18 02:46:23.057979,10
Y_STR09606,Y_U0081,Y0049,2026-02-19 16:54:08.598678,9
Y_STR09607,Y_U0003,Y0043,2026-02-16 01:11:37.936468,62
Y_STR09608,Y_U0075,Y0039,2026-02-15 03:47:07.193858,260
Y_STR09609,Y_U0026,Y0048,2026-02-25 05:43:00.977228,93
Y_STR09610,Y_U0007,Y0042,2026-01-31 15:17:14.039765,196
Y_STR09611,Y_U0092,Y0039,2026-02-09 08:58:23.698151,325
Y_STR09612,Y_U0056,Y0040,2026-02-11 02:31:29.054688,118
Y_STR09613,Y_U0014,Y0035,2026-02-12 15:34:23.750774,37
Y_STR09614,Y_U0012,Y0033,2026-03-01 02:24:13.118925,31
Y_STR09615,Y_U0036,Y0026,2026-02-07 05:14:02.207798,247
Y_STR09616,Y_U0060,Y0037,2026-03-02 08:44:56.386127,13
Y_STR09617,Y_U0004,Y0031,2026-02-19 09:02:57.137156,12
Y_STR09618,Y_U0094,Y0032,2026-02-26 14:30:35.401353,76
Y_STR09619,Y_U0078,Y0021,2026-02-13 23:07:42.253081,265
Y_STR09620,Y_U0080,Y0045,2026-02-27 16:57:55.871716,89
Y_STR09621,Y_U0076,Y0042,2026-02-01 06:40:01.263714,154
Y_STR09622,Y_U0088,Y0046,2026-02-12 04:45:07.836680,24
Y_STR09623,Y_U0092,Y0034,2026-02-19 00:56:26.667945,90
Y_STR09624,Y_U0015,Y0022,2026-02-28 22:01:11.510528,183
Y_STR09625,Y_U0092,Y0034,2026-02-26 09:48:36.193458,93
Y_STR09626,Y_U0007,Y0040,2026-02-08 18:30:05.437503,97
Y_STR09627,Y_U0035,Y0028,2026-02-17 11:21:58.346789,148
Y_STR09628,Y_U0048,Y0042,2026-03-02 00:39:45.810137,138
Y_STR09629,Y_U0036,Y0025,2026-03-01 09:44:40.050651,67
Y_STR09630,Y_U0061,Y0029,2026-02-09 00:35:04.039608,128
Y_STR09631,Y_U0011,Y0008,2026-02-26 22:14:25.584680,39
Y_STR09632,Y_U0011,Y0047,2026-02-20 07:44:50.589135,264
Y_STR09633,Y_U0021,Y0042,2026-03-02 07:16:16.495879,242
Y_STR09634,Y_U0012,Y0044,2026-02-20 14:05:49.518457,196
Y_STR09635,Y_U0086,Y0041,2026-02-16 07:09:15.846380,178
Y_STR09636,Y_U0001,Y0030,2026-02-24 17:03:37.885913,84
Y_STR09637,Y_U0070,Y0049,2026-02-04 09:17:55.364059,95
Y_STR09638,Y_U0091,Y0039,2026-02-11 19:08:56.919540,27
Y_STR09639,Y_U0048,Y0033,2026-02-26 06:14:53.014255,65
Y_STR09640,Y_U0096,Y0029,2026-02-20 02:02:04.356177,313
Y_STR09641,Y_U0005,Y0036,2026-02-03 15:12:40.607740,160
Y_STR09642,Y_U0046,Y0013,2026-02-06 18:36:37.049134,91
Y_STR09643,Y_U0066,Y0026,2026-02-28 19:48:57.977765,123
Y_STR09644,Y_U0085,Y0039,2026-02-18 04:02:11.384236,223
Y_STR09645,Y_U0062,Y0046,2026-02-01 00:43:36.908759,146
Y_STR09646,Y_U0067,Y0024,2026-02-13 13:24:39.529890,168
Y_STR09647,Y_U0002,Y0040,2026-02-14 08:47:56.465309,99
Y_STR09648,Y_U0005,Y0044,2026-02-21 12:41:43.640913,274
Y_STR09649,Y_U0001,Y0032,2026-02-21 10:40:21.747620,233
Y_STR09650,Y_U0100,Y0006,2026-02-18 14:14:36.257344,278
Y_STR09651,Y_U0008,Y0042,2026-02-16 15:33:26.107903,187
Y_STR09652,Y_U0062,Y0049,2026-02-14 16:27:15.984643,91
Y_STR09653,Y_U0032,Y0050,2026-02-21 22:22:07.409097,100
Y_STR09654,Y_U0022,Y0049,2026-02-04 08:43:23.603552,83
Y_STR09655,Y_U0041,Y0012,2026-02-28 05:02:11.752571,23
Y_STR09656,Y_U0034,Y0041,2026-03-01 19:05:01.217135,103
Y_STR09657,Y_U0019,Y0029,2026-02-14 09:10:45.325944,13
Y_STR09658,Y_U0005,Y0049,2026-02-08 12:22:15.455882,22
Y_STR09659,Y_U0099,Y0046,2026-02-01 08:47:09.005843,24
Y_STR09660,Y_U0009,Y0039,2026-02-23 22:09:53.792331,293
Y_STR09661,Y_U0005,Y0045,2026-02-22 12:18:13.071117,40
Y_STR09662,Y_U0070,Y0048,2026-02-27 22:39:00.217904,191
Y_STR09663,Y_U0064,Y0033,2026-02-09 23:38:25.863796,10
Y_STR09664,Y_U0020,Y0042,2026-02-15 09:31:29.758147,109
Y_STR09665,Y_U0062,Y0028,2026-02-25 12:03:47.522842,38
Y_STR09666,Y_U0031,Y0016,2026-02-20 00:32:38.826164,162
Y_STR09667,Y_U0067,Y0023,2026-02-15 18:09:49.468560,215
Y_STR09668,Y_U0035,Y0030,2026-02-07 16:11:37.951955,59
Y_STR09669,Y_U0006,Y0038,2026-02-21 21:57:54.352604,146
Y_STR09670,Y_U0016,Y0028,2026-02-11 07:37:22.209737,215
Y_STR09671,Y_U0031,Y0041,2026-02-10 03:19:53.255217,70
Y_STR09672,Y_U0078,Y0048,2026-02-13 07:31:22.084603,33
Y_STR09673,Y_U0014,Y0019,2026-02-15 05:40:34.319524,249
Y_STR09674,Y_U0041,Y0045,2026-02-28 08:32:06.131881,96
Y_STR09675,Y_U0019,Y0008,2026-02-15 22:24:23.934617,98
Y_STR09676,Y_U0073,Y0041,2026-02-01 10:52:03.749743,147
Y_STR09677,Y_U0004,Y0019,2026-02-01 11:53:17.693099,35
Y_STR09678,Y_U0013,Y0032,2026-02-19 21:34:19.091069,201
Y_STR09679,Y_U0085,Y0048,2026-02-18 05:53:39.626427,79
Y_STR09680,Y_U0087,Y0044,2026-02-15 09:46:55.037520,21
Y_STR09681,Y_U0058,Y0030,2026-02-19 10:30:22.664275,158
Y_STR09682,Y_U0018,Y0015,2026-02-04 21:16:55.339675,13
Y_STR09683,Y_U0085,Y0036,2026-03-01 09:13:39.580216,217
Y_STR09684,Y_U0095,Y0016,2026-02-13 20:57:16.861270,84
Y_STR09685,Y_U0072,Y0032,2026-02-03 13:56:26.578269,297
Y_STR09686,Y_U0018,Y0048,2026-02-07 07:35:37.583158,155
Y_STR09687,Y_U0018,Y0046,2026-02-07 11:27:27.130523,89
Y_STR09688,Y_U0030,Y0043,2026-02-15 17:14:13.376927,131
Y_STR09689,Y_U0063,Y0015,2026-02-06 08:21:25.004470,118
Y_STR09690,Y_U0046,Y0023,2026-02-11 09:27:43.604035,126
Y_STR09691,Y_U0002,Y0041,2026-02-24 01:32:06.466524,34
Y_STR09692,Y_U0059,Y0043,2026-02-23 16:38:26.130036,29
Y_STR09693,Y_U0077,Y0044,2026-03-02 02:43:35.282317,32
Y_STR09694,Y_U0019,Y0015,2026-02-23 13:11:22.569412,129
Y_STR09695,Y_U0025,Y0021,2026-02-05 21:02:55.726060,103
Y_STR09696,Y_U0076,Y0010,2026-02-10 18:09:12.539877,217
Y_STR09697,Y_U0039,Y0049,2026-02-13 21:37:58.761868,8
Y_STR09698,Y_U0098,Y0042,2026-02-24 08:24:55.060814,193
Y_STR09699,Y_U0037,Y0039,2026-02-21 21:34:16.929869,175
Y_STR09700,Y_U0052,Y0048,2026-02-20 13:58:15.293899,233
Y_STR09701,Y_U0076,Y0041,2026-02-08 21:37:57.212050,243
Y_STR09702,Y_U0069,Y0024,2026-02-20 20:46:37.151323,322
Y_STR09703,Y_U0039,Y0046,2026-02-21 14:51:06.254019,120
Y_STR09704,Y_U0026,Y0013,2026-02-19 09:15:42.344296,35
Y_STR09705,Y_U0030,Y0033,2026-02-04 09:50:33.242229,156
Y_STR09706,Y_U0017,Y0043,2026-02-03 02:10:41.814341,54
Y_STR09707,Y_U0009,Y0037,2026-02-05 02:20:27.079466,108
Y_STR09708,Y_U0033,Y0019,2026-02-22 02:56:42.296908,7
Y_STR09709,Y_U0029,Y0038,2026-02-09 22:34:56.515058,151
Y_STR09710,Y_U0067,Y0047,2026-01-31 17:53:08.011353,288
Y_STR09711,Y_U0048,Y0029,2026-02-08 18:43:50.350273,229
Y_STR09712,Y_U0070,Y0043,2026-02-11 00:00:31.894355,93
Y_STR09713,Y_U0016,Y0026,2026-02-11 06:51:10.711236,197
Y_STR09714,Y_U0028,Y0046,2026-02-11 07:34:25.990377,147
Y_STR09715,Y_U0079,Y0046,2026-02-01 05:44:39.777851,117
Y_STR09716,Y_U0099,Y0010,2026-02-22 06:14:50.690291,153
Y_STR09717,Y_U0051,Y0021,2026-02-19 17:24:19.544183,111
Y_STR09718,Y_U0017,Y0025,2026-02-17 23:42:43.003042,168
Y_STR09719,Y_U0038,Y0038,2026-02-21 11:48:49.163123,170
Y_STR09720,Y_U0062,Y0021,2026-02-23 00:32:34.302011,289
Y_STR09721,Y_U0063,Y0050,2026-02-22 15:18:50.028340,179
Y_STR09722,Y_U0035,Y0042,2026-02-25 06:21:58.599088,120
Y_STR09723,Y_U0038,Y0034,2026-02-20 10:32:55.207614,82
Y_STR09724,Y_U0093,Y0028,2026-02-21 01:35:35.246306,262
Y_STR09725,Y_U0039,Y0035,2026-03-01 00:23:04.886207,177
Y_STR09726,Y_U0009,Y0046,2026-02-17 16:34:36.710382,119
Y_STR09727,Y_U0031,Y0026,2026-02-22 21:38:23.216473,88
Y_STR09728,Y_U0091,Y0046,2026-02-02 17:03:09.353231,12
Y_STR09729,Y_U0085,Y0048,2026-02-25 03:42:27.419523,127
Y_STR09730,Y_U0029,Y0033,2026-02-04 21:12:20.822504,124
Y_STR09731,Y_U0048,Y0017,2026-02-20 22:35:05.172359,78
Y_STR09732,Y_U0091,Y0048,2026-03-01 17:21:13.375985,164
Y_STR09733,Y_U0062,Y0036,2026-02-12 04:44:31.428161,195
Y_STR09734,Y_U0062,Y0047,2026-02-08 22:14:08.112917,152
Y_STR09735,Y_U0038,Y0028,2026-02-11 19:56:30.816842,224
Y_STR09736,Y_U0009,Y0038,2026-02-25 18:04:20.501495,24
Y_STR09737,Y_U0038,Y0033,2026-02-11 09:43:31.718105,35
Y_STR09738,Y_U0063,Y0034,2026-02-04 11:09:07.237716,26
Y_STR09739,Y_U0080,Y0017,2026-02-06 19:53:44.838325,72
Y_STR09740,Y_U0094,Y0035,2026-02-27 03:59:42.746507,227
Y_STR09741,Y_U0089,Y0030,2026-02-24 10:23:51.762246,22
Y_STR09742,Y_U0094,Y0016,2026-02-02 23:15:47.998973,103
Y_STR09743,Y_U0096,Y0042,2026-02-18 18:43:05.882332,13
Y_STR09744,Y_U0094,Y0034,2026-02-06 20:42:28.530499,183
Y_STR09745,Y_U0080,Y0029,2026-02-09 05:34:47.069460,316
Y_STR09746,Y_U0090,Y0020,2026-02-19 20:02:55.985012,93
Y_STR09747,Y_U0031,Y0035,2026-02-15 01:31:26.202925,274
Y_STR09748,Y_U0030,Y0040,2026-02-22 00:35:53.430829,134
Y_STR09749,Y_U0038,Y0033,2026-02-09 17:38:10.309368,140
Y_STR09750,Y_U0065,Y0026,2026-02-26 00:44:53.163718,128
Y_STR09751,Y_U0061,Y0007,2026-02-14 04:17:01.752216,222
Y_STR09752,Y_U0025,Y0017,2026-02-15 11:07:41.900440,34
Y_STR09753,Y_U0091,Y0005,2026-02-21 17:53:44.468169,38
Y_STR09754,Y_U0065,Y0034,2026-02-03 22:36:49.745170,24
Y_STR09755,Y_U0013,Y0043,2026-02-06 08:12:10.562037,122
Y_STR09756,Y_U0059,Y0036,2026-02-14 16:42:41.718564,71
Y_STR09757,Y_U0014,Y0018,2026-02-07 02:41:06.349600,231
Y_STR09758,Y_U0024,Y0029,2026-02-11 13:01:51.873405,162
Y_STR09759,Y_U0049,Y0037,2026-02-20 18:41:15.923007,112
Y_STR09760,Y_U0063,Y0018,2026-02-11 12:56:53.829253,92
Y_STR09761,Y_U0097,Y0044,2026-02-22 22:54:23.036963,263
Y_STR09762,Y_U0038,Y0046,2026-02-07 12:22:16.428001,64
Y_STR09763,Y_U0068,Y0021,2026-02-20 11:23:05.546442,254
Y_STR09764,Y_U0047,Y0024,2026-02-03 14:16:28.405389,106
Y_STR09765,Y_U0010,Y0047,2026-02-06 22:33:40.409423,46
Y_STR09766,Y_U0082,Y0020,2026-02-26 09:17:30.559765,29
Y_STR09767,Y_U0049,Y0036,2026-03-01 01:40:59.799798,157
Y_STR09768,Y_U0082,Y0036,2026-02-02 01:38:36.903641,79
Y_STR09769,Y_U0049,Y0045,2026-02-14 20:39:55.605168,19
Y_STR09770,Y_U0024,Y0034,2026-02-02 05:41:34.711528,233
Y_STR09771,Y_U0079,Y0033,2026-02-10 13:51:17.891418,131
Y_STR09772,Y_U0060,Y0009,2026-02-27 20:33:14.772384,108
Y_STR09773,Y_U0013,Y0027,2026-02-09 21:24:58.409448,142
Y_STR09774,Y_U0094,Y0030,2026-02-28 17:50:26.708779,155
Y_STR09775,Y_U0057,Y0028,2026-02-21 21:02:09.950194,96
Y_STR09776,Y_U0019,Y0027,2026-02-02 16:44:57.223256,22
Y_STR09777,Y_U0002,Y0020,2026-02-03 19:58:30.536527,125
Y_STR09778,Y_U0093,Y0022,2026-02-08 19:28:20.498870,152
Y_STR09779,Y_U0031,Y0018,2026-02-23 14:21:19.767975,32
Y_STR09780,Y_U0065,Y0037,2026-02-26 10:22:53.295462,33
Y_STR09781,Y_U0049,Y0033,2026-02-07 01:40:29.767760,103
Y_STR09782,Y_U0078,Y0011,2026-02-03 23:34:17.396994,38
Y_STR09783,Y_U0010,Y0049,2026-02-15 19:59:25.339337,63
Y_STR09784,Y_U0061,Y0047,2026-02-19 22:19:58.549267,114
Y_STR09785,Y_U0085,Y0014,2026-02-03 08:16:27.362366,108
Y_STR09786,Y_U0005,Y0015,2026-02-24 08:57:01.812201,91
Y_STR09787,Y_U0097,Y0042,2026-02-07 04:52:43.004007,87
Y_STR09788,Y_U0033,Y0024,2026-02-12 06:38:44.602251,81
Y_STR09789,Y_U0053,Y0021,2026-02-22 17:15:26.205300,84
Y_STR09790,Y_U0038,Y0045,2026-02-06 11:34:07.932064,137
Y_STR09791,Y_U0007,Y0026,2026-02-10 23:57:11.215962,128
Y_STR09792,Y_U0005,Y0039,2026-02-23 12:02:06.852967,274
Y_STR09793,Y_U0006,Y0036,2026-02-08 03:28:11.224126,15
Y_STR09794,Y_U0008,Y0028,2026-03-01 16:19:19.080019,30
Y_STR09795,Y_U0092,Y0046,2026-02-22 04:40:20.050264,49
Y_STR09796,Y_U0098,Y0048,2026-02-05 11:25:53.902123,245
Y_STR09797,Y_U0002,Y0047,2026-02-12 10:39:34.476380,10
Y_STR09798,Y_U0051,Y0036,2026-02-18 23:40:05.939877,116
Y_STR09799,Y_U0085,Y0023,2026-02-15 10:11:22.270219,24
Y_STR09800,Y_U0074,Y0042,2026-02-18 03:26:56.611812,230
Y_STR09801,Y_U0021,Y0016,2026-02-15 16:35:32.609764,224
Y_STR09802,Y_U0004,Y0030,2026-02-23 21:27:28.012748,48
Y_STR09803,Y_U0011,Y0020,2026-02-12 12:41:07.397892,7
Y_STR09804,Y_U0030,Y0037,2026-02-07 06:04:49.131737,100
Y_STR09805,Y_U0086,Y0030,2026-02-13 09:19:23.402010,132
Y_STR09806,Y_U0045,Y0038,2026-02-14 01:11:44.982082,151
Y_STR09807,Y_U0032,Y0029,2026-02-12 22:06:00.795717,16
Y_STR09808,Y_U0048,Y0031,2026-02-01 11:46:05.715863,123
Y_STR09809,Y_U0075,Y0017,2026-02-05 05:39:30.913749,73
Y_STR09810,Y_U0025,Y0011,2026-02-05 21:18:03.954888,135
Y_STR09811,Y_U0027,Y0038,2026-02-12 16:08:29.044915,161
Y_STR09812,Y_U0080,Y0045,2026-02-06 05:21:56.532664,86
Y_STR09813,Y_U0099,Y0030,2026-02-06 00:11:54.544803,103
Y_STR09814,Y_U0080,Y0046,2026-02-16 05:41:43.341426,184
Y_STR09815,Y_U0008,Y0040,2026-02-05 17:50:42.412192,50
Y_STR09816,Y_U0025,Y0045,2026-02-08 21:28:55.211272,63
Y_STR09817,Y_U0088,Y0034,2026-02-16 13:26:12.694912,61
Y_STR09818,Y_U0082,Y0022,2026-02-15 19:39:06.119573,29
Y_STR09819,Y_U0032,Y0025,2026-02-15 10:26:57.033802,130
Y_STR09820,Y_U0029,Y0036,2026-02-07 04:21:12.791997,83
Y_STR09821,Y_U0020,Y0014,2026-02-15 10:51:27.522851,17
Y_STR09822,Y_U0083,Y0034,2026-02-16 00:46:24.257838,17
Y_STR09823,Y_U0066,Y0040,2026-02-23 23:00:16.418683,113
Y_STR09824,Y_U0067,Y0033,2026-02-11 14:28:19.028132,7
Y_STR09825,Y_U0016,Y0043,2026-02-06 01:46:29.827946,28
Y_STR09826,Y_U0009,Y0031,2026-02-07 01:14:40.920504,98
Y_STR09827,Y_U0040,Y0037,2026-02-03 15:58:38.239874,6
Y_STR09828,Y_U0053,Y0010,2026-02-07 04:39:20.200252,172
Y_STR09829,Y_U0065,Y0043,2026-02-16 22:40:26.964277,53
Y_STR09830,Y_U0069,Y0005,2026-02-08 17:11:49.774129,175
Y_STR09831,Y_U0071,Y0044,2026-02-18 06:38:26.578549,288
Y_STR09832,Y_U0057,Y0043,2026-02-12 12:37:39.794984,137
Y_STR09833,Y_U0025,Y0027,2026-02-23 02:40:19.782948,118
Y_STR09834,Y_U0006,Y0039,2026-03-01 11:42:06.490113,12
Y_STR09835,Y_U0065,Y0050,2026-02-16 15:52:04.494033,319
Y_STR09836,Y_U0064,Y0008,2026-02-10 09:08:37.403392,100
Y_STR09837,Y_U0019,Y0042,2026-02-23 04:47:01.231227,88
Y_STR09838,Y_U0071,Y0039,2026-02-01 03:43:39.161159,12
Y_STR09839,Y_U0099,Y0045,2026-03-02 00:05:40.293604,17
Y_STR09840,Y_U0078,Y0042,2026-02-07 18:50:07.282467,156
Y_STR09841,Y_U0073,Y0011,2026-02-01 15:32:20.337146,78
Y_STR09842,Y_U0054,Y0007,2026-02-28 04:47:45.224993,141
Y_STR09843,Y_U0076,Y0047,2026-02-12 20:06:51.155664,33
Y_STR09844,Y_U0021,Y0015,2026-02-20 21:50:34.843138,199
Y_STR09845,Y_U0039,Y0023,2026-02-06 16:11:46.721617,165
Y_STR09846,Y_U0044,Y0008,2026-02-13 10:09:06.027997,268
Y_STR09847,Y_U0090,Y0047,2026-02-12 02:40:45.729391,100
Y_STR09848,Y_U0046,Y0047,2026-02-03 18:22:28.875512,93
Y_STR09849,Y_U0014,Y0035,2026-02-11 16:44:31.084142,160
Y_STR09850,Y_U0074,Y0042,2026-02-15 13:14:26.982271,211
Y_STR09851,Y_U0053,Y0022,2026-02-04 17:48:12.517579,105
Y_STR09852,Y_U0027,Y0046,2026-02-17 19:24:16.142770,185
Y_STR09853,Y_U0005,Y0037,2026-01-31 17:11:45.945690,51
Y_STR09854,Y_U0011,Y0044,2026-02-10 09:33:14.932973,186
Y_STR09855,Y_U0057,Y0035,2026-02-01 09:05:25.955968,264
Y_STR09856,Y_U0013,Y0036,2026-02-20 10:39:38.326670,102
Y_STR09857,Y_U0019,Y0037,2026-02-06 11:14:09.502558,141
Y_STR09858,Y_U0047,Y0017,2026-02-15 03:09:25.514282,89
Y_STR09859,Y_U0004,Y0044,2026-02-27 10:22:48.250558,82
Y_STR09860,Y_U0028,Y0044,2026-02-02 15:58:24.399646,274
Y_STR09861,Y_U0010,Y0026,2026-02-15 15:58:38.506233,25
Y_STR09862,Y_U0098,Y0019,2026-02-06 23:12:13.569429,293
Y_STR09863,Y_U0074,Y0049,2026-02-02 06:13:30.045672,11
Y_STR09864,Y_U0050,Y0018,2026-02-24 07:43:15.766327,234
Y_STR09865,Y_U0078,Y0048,2026-02-08 01:49:53.500772,45
Y_STR09866,Y_U0094,Y0031,2026-02-25 08:44:33.606776,44
Y_STR09867,Y_U0054,Y0044,2026-02-24 06:42:25.282337,226
Y_STR09868,Y_U0019,Y0039,2026-02-25 09:29:28.470149,148
Y_STR09869,Y_U0091,Y0017,2026-02-08 15:27:21.102729,71
Y_STR09870,Y_U0033,Y0020,2026-02-11 18:38:42.077164,66
Y_STR09871,Y_U0045,Y0006,2026-02-21 11:33:26.839753,80
Y_STR09872,Y_U0082,Y0047,2026-02-15 15:03:31.429302,168
Y_STR09873,Y_U0051,Y0044,2026-02-05 11:56:37.202634,246
Y_STR09874,Y_U0098,Y0050,2026-02-10 08:44:25.647346,269
Y_STR09875,Y_U0032,Y0043,2026-02-27 22:33:43.163780,132
Y_STR09876,Y_U0033,Y0048,2026-02-25 21:37:27.410264,78
Y_STR09877,Y_U0073,Y0022,2026-02-12 19:27:27.020507,59
Y_STR09878,Y_U0048,Y0034,2026-02-06 21:23:20.131001,93
Y_STR09879,Y_U0039,Y0028,2026-03-01 11:48:48.086603,94
Y_STR09880,Y_U0035,Y0046,2026-02-20 22:27:10.450236,98
Y_STR09881,Y_U0005,Y0041,2026-02-08 07:00:02.690948,148
Y_STR09882,Y_U0063,Y0033,2026-02-26 22:46:31.334110,9
Y_STR09883,Y_U0096,Y0049,2026-02-18 21:12:07.845665,35
Y_STR09884,Y_U0047,Y0034,2026-02-06 06:45:31.515890,111
Y_STR09885,Y_U0054,Y0048,2026-02-16 20:59:36.166868,93
Y_STR09886,Y_U0012,Y0027,2026-02-23 07:05:27.468035,185
Y_STR09887,Y_U0026,Y0026,2026-02-04 12:53:35.811152,247
Y_STR09888,Y_U0009,Y0046,2026-02-24 01:19:01.363346,8
Y_STR09889,Y_U0088,Y0032,2026-02-25 06:57:47.397114,10
Y_STR09890,Y_U0054,Y0045,2026-02-25 03:06:55.400886,143
Y_STR09891,Y_U0015,Y0025,2026-02-03 07:26:30.935558,214
Y_STR09892,Y_U0100,Y0044,2026-02-22 06:42:26.151373,290
Y_STR09893,Y_U0086,Y0035,2026-02-09 09:32:31.304950,200
Y_STR09894,Y_U0036,Y0030,2026-02-18 04:06:53.282422,106
Y_STR09895,Y_U0019,Y0037,2026-02-22 08:24:20.530002,57
Y_STR09896,Y_U0080,Y0029,2026-02-21 21:48:09.909690,277
Y_STR09897,Y_U0008,Y0043,2026-02-06 21:36:57.757336,13
Y_STR09898,Y_U0084,Y0036,2026-02-09 01:22:21.634290,329
Y_STR09899,Y_U0080,Y0042,2026-02-11 16:17:55.053639,163
Y_STR09900,Y_U0090,Y0045,2026-02-04 02:57:00.575904,89
Y_STR09901,Y_U0032,Y0047,2026-02-21 12:47:58.720095,193
Y_STR09902,Y_U0072,Y0046,2026-02-06 11:16:52.841126,118
Y_STR09903,Y_U0029,Y0048,2026-02-19 12:36:38.810935,88
Y_STR09904,Y_U0063,Y0036,2026-02-05 03:00:22.585416,110
Y_STR09905,Y_U0078,Y0046,2026-02-05 07:27:54.429289,109
Y_STR09906,Y_U0078,Y0025,2026-03-01 13:41:16.128955,167
Y_STR09907,Y_U0099,Y0016,2026-02-08 19:49:56.744807,204
Y_STR09908,Y_U0066,Y0043,2026-02-14 13:33:16.160255,120
Y_STR09909,Y_U0055,Y0043,2026-02-11 03:11:23.894472,27
Y_STR09910,Y_U0026,Y0020,2026-02-27 01:07:26.743530,18
Y_STR09911,Y_U0067,Y0039,2026-02-06 19:03:09.412176,90
Y_STR09912,Y_U0011,Y0023,2026-02-08 19:37:32.857745,10
Y_STR09913,Y_U0015,Y0028,2026-02-02 13:03:08.300363,118
Y_STR09914,Y_U0043,Y0034,2026-02-05 11:54:53.663419,139
Y_STR09915,Y_U0046,Y0041,2026-02-03 06:20:54.455019,248
Y_STR09916,Y_U0006,Y0046,2026-02-02 17:50:50.159663,31
Y_STR09917,Y_U0027,Y0036,2026-02-08 01:57:17.593828,328
Y_STR09918,Y_U0045,Y0038,2026-02-20 15:53:13.569804,25
Y_STR09919,Y_U0057,Y0028,2026-02-22 16:18:46.124435,258
Y_STR09920,Y_U0054,Y0035,2026-02-20 09:26:46.680212,50
Y_STR09921,Y_U0018,Y0035,2026-02-28 17:50:19.011650,184
Y_STR09922,Y_U0068,Y0036,2026-02-20 07:47:58.292413,65
Y_STR09923,Y_U0082,Y0040,2026-02-25 17:22:29.151933,88
Y_STR09924,Y_U0084,Y0020,2026-02-24 18:00:11.536856,25
Y_STR09925,Y_U0057,Y0025,2026-02-11 10:07:46.225449,175
Y_STR09926,Y_U0038,Y0025,2026-02-11 17:11:00.732342,26
Y_STR09927,Y_U0049,Y0038,2026-02-19 19:51:30.445965,22
Y_STR09928,Y_U0071,Y0020,2026-02-15 19:15:06.189284,147
Y_STR09929,Y_U0009,Y0035,2026-02-28 03:50:03.811489,240
Y_STR09930,Y_U0099,Y0037,2026-02-12 21:17:31.527827,59
Y_STR09931,Y_U0039,Y0050,2026-02-07 20:48:25.329361,58
Y_STR09932,Y_U0079,Y0043,2026-02-12 02:10:08.390125,77
Y_STR09933,Y_U0006,Y0037,2026-02-19 02:52:53.346300,95
Y_STR09934,Y_U0002,Y0047,2026-03-02 05:24:06.740095,28
Y_STR09935,Y_U0012,Y0009,2026-02-25 13:22:05.866730,65
Y_STR09936,Y_U0051,Y0039,2026-02-20 03:19:01.987592,296
Y_STR09937,Y_U0055,Y0038,2026-02-26 14:52:15.351988,57
Y_STR09938,Y_U0076,Y0032,2026-01-31 12:03:55.209364,274
Y_STR09939,Y_U0047,Y0019,2026-03-01 18:41:13.902544,198
Y_STR09940,Y_U0021,Y0042,2026-02-23 22:57:36.896367,243
Y_STR09941,Y_U0058,Y0036,2026-02-12 14:20:44.111960,329
Y_STR09942,Y_U0005,Y0012,2026-03-01 18:09:35.577465,271
Y_STR09943,Y_U0046,Y0031,2026-02-24 21:03:22.012993,36
Y_STR09944,Y_U0009,Y0044,2026-02-03 10:45:55.504823,74
Y_STR09945,Y_U0012,Y0038,2026-02-04 07:58:44.205653,37
Y_STR09946,Y_U0040,Y0036,2026-02-26 16:37:24.158933,200
Y_STR09947,Y_U0019,Y0028,2026-02-24 06:47:20.889476,5
Y_STR09948,Y_U0033,Y0038,2026-02-28 02:03:02.073148,27
Y_STR09949,Y_U0064,Y0032,2026-02-23 04:14:47.183603,211
Y_STR09950,Y_U0082,Y0044,2026-03-02 06:33:25.343749,303
Y_STR09951,Y_U0085,Y0042,2026-02-15 04:57:07.642188,223
Y_STR09952,Y_U0087,Y0035,2026-02-21 13:37:36.483155,27
Y_STR09953,Y_U0002,Y0025,2026-02-25 20:12:58.637577,106
Y_STR09954,Y_U0032,Y0022,2026-02-24 09:58:25.117572,10
Y_STR09955,Y_U0081,Y0047,2026-02-18 04:47:33.157474,89
Y_STR09956,Y_U0093,Y0036,2026-02-14 00:18:13.943404,144
Y_STR09957,Y_U0033,Y0047,2026-02-03 18:56:23.543543,232
Y_STR09958,Y_U0071,Y0028,2026-02-05 13:49:40.201677,78
Y_STR09959,Y_U0076,Y0038,2026-02-25 09:48:11.271961,28
Y_STR09960,Y_U0094,Y0050,2026-02-20 20:38:36.377781,277
Y_STR09961,Y_U0099,Y0011,2026-02-04 08:18:59.881992,114
Y_STR09962,Y_U0046,Y0017,2026-02-16 05:17:07.112218,13
Y_STR09963,Y_U0094,Y0043,2026-02-25 12:58:45.808408,95
Y_STR09964,Y_U0080,Y0039,2026-02-15 07:47:32.986314,118
Y_STR09965,Y_U0081,Y0034,2026-02-21 02:57:59.235034,6
Y_STR09966,Y_U0024,Y0040,2026-02-08 19:39:22.692753,13
Y_STR09967,Y_U0092,Y0017,2026-02-18 20:18:59.232645,91
Y_STR09968,Y_U0088,Y0040,2026-02-13 03:23:41.534833,46
Y_STR09969,Y_U0091,Y0037,2026-02-28 06:34:46.769078,136
Y_STR09970,Y_U0070,Y0019,2026-02-02 21:26:26.901602,7
Y_STR09971,Y_U0009,Y0029,2026-02-28 00:35:14.777334,333
Y_STR09972,Y_U0064,Y0045,2026-02-10 22:41:50.472761,193
Y_STR09973,Y_U0054,Y0038,2026-02-18 06:58:02.269835,139
Y_STR09974,Y_U0081,Y0027,2026-02-09 09:48:15.299391,83
Y_STR09975,Y_U0059,Y0041,2026-02-21 10:37:31.347858,155
Y_STR09976,Y_U0021,Y0049,2026-02-10 22:15:09.133894,90
Y_STR09977,Y_U0038,Y0046,2026-02-19 09:04:48.555057,142
Y_STR09978,Y_U0020,Y0050,2026-02-22 06:32:57.065683,266
Y_STR09979,Y_U0084,Y0023,2026-02-18 10:55:17.988303,98
Y_STR09980,Y_U0064,Y0042,2026-02-28 15:15:24.317300,64
Y_STR09981,Y_U0046,Y0045,2026-02-01 03:50:37.082582,201
Y_STR09982,Y_U0054,Y0047,2026-02-24 00:12:34.934670,85
Y_STR09983,Y_U0036,Y0026,2026-02-20 21:52:39.338889,98
Y_STR09984,Y_U0011,Y0049,2026-02-19 17:13:07.895473,61
Y_STR09985,Y_U0057,Y0039,2026-02-15 13:01:27.770677,45
Y_STR09986,Y_U0009,Y0017,2026-02-14 19:27:59.205418,76
Y_STR09987,Y_U0067,Y0041,2026-02-24 08:16:02.357429,22
Y_STR09988,Y_U0052,Y0042,2026-02-17 04:45:32.212876,190
Y_STR09989,Y_U0048,Y0039,2026-02-12 06:57:02.769064,75
Y_STR09990,Y_U0056,Y0032,2026-02-08 17:53:25.535223,175
Y_STR09991,Y_U0094,Y0036,2026-02-27 22:40:22.050630,19
Y_STR09992,Y_U0045,Y0050,2026-02-05 22:06:04.549031,298
Y_STR09993,Y_U0093,Y0049,2026-02-28 14:37:46.143859,16
Y_STR09994,Y_U0015,Y0015,2026-02-11 10:01:02.138082,47
Y_STR09995,Y_U0028,Y0043,2026-02-25 17:40:04.045366,75
Y_STR09996,Y_U0094,Y0028,2026-01-31 13:12:29.844826,185
Y_STR09997,Y_U0061,Y0038,2026-02-07 03:03:40.591676,189
Y_STR09998,Y_U0039,Y0035,2026-02-01 00:41:03.349750,89
Y_STR09999,Y_U0089,Y0035,2026-02-11 20:39:39.369576,140
Y_STR10000,Y_U0034,Y0047,2026-02-07 14:38:30.892396,294
