stream_id,user_id,song_id,timestamp,duration_listened
Y_STR00001,Y_U0073,Y0036,2026-02-04 19:55:42.149541,133
Y_STR00002,Y_U0013,Y0023,2026-02-13 05:46:39.167332,127
Y_STR00003,Y_U0087,Y0035,2026-02-19 07:24:45.994173,300
Y_STR00004,Y_U0096,Y0038,2026-02-18 02:24:47.601347,62
Y_STR00005,Y_U0047,Y0023,2026-02-28 19:52:41.947546,31
Y_STR00006,Y_U0004,Y0048,2026-02-22 18:09:04.300456,128
Y_STR00007,Y_U0072,Y0049,2026-03-05 16:14:39.974269,127
Y_STR00008,Y_U0085,Y0046,2026-02-09 09:02:01.754610,73
Y_STR00009,Y_U0006,Y0028,2026-02-13 10:01:39.465325,190
Y_STR00010,Y_U0012,Y0016,2026-02-21 16:56:05.526785,128
Y_STR00011,Y_U0098,Y0042,2026-03-04 15:07:38.834202,305
Y_STR00012,Y_U0081,Y0041,2026-02-16 20:05:37.830822,139
Y_STR00013,Y_U0040,Y0039,2026-02-21 20:33:32.044569,243
Y_STR00014,Y_U0030,Y0037,2026-02-11 01:46:38.542492,355
Y_STR00015,Y_U0058,Y0035,2026-02-25 06:54:38.253464,222
Y_STR00016,Y_U0005,Y0039,2026-02-15 01:35:23.287173,194
Y_STR00017,Y_U0007,Y0024,2026-02-27 23:02:26.382349,242
Y_STR00018,Y_U0006,Y0049,2026-02-10 16:06:37.883691,189
Y_STR00019,Y_U0055,Y0044,2026-02-28 23:59:12.908724,301
Y_STR00020,Y_U0014,Y0045,2026-02-16 13:32:46.272358,102
Y_STR00021,Y_U0001,Y0050,2026-02-19 20:32:58.363526,275
Y_STR00022,Y_U0098,Y0036,2026-02-23 09:22:08.128628,240
Y_STR00023,Y_U0063,Y0049,2026-02-16 06:20:55.525827,221
Y_STR00024,Y_U0070,Y0022,2026-02-14 05:17:18.199689,137
Y_STR00025,Y_U0099,Y0047,2026-02-08 06:30:47.522034,209
Y_STR00026,Y_U0089,Y0036,2026-02-07 17:59:19.338904,248
Y_STR00027,Y_U0022,Y0046,2026-02-21 21:22:12.720461,14
Y_STR00028,Y_U0100,Y0005,2026-02-11 01:47:28.332821,103
Y_STR00029,Y_U0020,Y0040,2026-02-27 04:09:13.773091,231
Y_STR00030,Y_U0065,Y0047,2026-03-02 05:28:38.429033,81
Y_STR00031,Y_U0048,Y0035,2026-02-24 19:17:41.830417,267
Y_STR00032,Y_U0064,Y0012,2026-02-24 07:08:39.361013,23
Y_STR00033,Y_U0067,Y0044,2026-02-28 14:41:52.343461,271
Y_STR00034,Y_U0045,Y0034,2026-02-18 21:32:17.657036,144
Y_STR00035,Y_U0022,Y0038,2026-02-24 04:22:18.865128,101
Y_STR00036,Y_U0014,Y0043,2026-02-17 14:09:13.931959,157
Y_STR00037,Y_U0090,Y0049,2026-02-19 20:51:21.774449,130
Y_STR00038,Y_U0098,Y0013,2026-02-06 00:30:49.980943,158
Y_STR00039,Y_U0008,Y0049,2026-03-01 21:02:00.645658,140
Y_STR00040,Y_U0036,Y0048,2026-02-10 14:31:16.684994,103
Y_STR00041,Y_U0058,Y0035,2026-02-26 13:41:09.051926,178
Y_STR00042,Y_U0012,Y0045,2026-02-16 14:31:11.015980,30
Y_STR00043,Y_U0038,Y0020,2026-02-26 17:44:24.272110,322
Y_STR00044,Y_U0012,Y0047,2026-02-19 22:29:50.472944,19
Y_STR00045,Y_U0045,Y0035,2026-02-12 08:45:04.592657,274
Y_STR00046,Y_U0065,Y0050,2026-02-13 14:20:20.662606,321
Y_STR00047,Y_U0035,Y0019,2026-02-28 14:43:29.808280,50
Y_STR00048,Y_U0005,Y0050,2026-02-12 23:39:52.297234,291
Y_STR00049,Y_U0012,Y0046,2026-02-25 11:57:22.052227,88
Y_STR00050,Y_U0005,Y0049,2026-02-05 07:53:59.562577,250
Y_STR00051,Y_U0033,Y0029,2026-02-20 16:44:40.592888,141
Y_STR00052,Y_U0094,Y0035,2026-02-08 22:32:59.012082,26
Y_STR00053,Y_U0095,Y0038,2026-03-05 20:48:13.626412,93
Y_STR00054,Y_U0097,Y0005,2026-02-25 07:40:00.167591,335
Y_STR00055,Y_U0018,Y0030,2026-02-23 12:22:38.941659,144
Y_STR00056,Y_U0009,Y0012,2026-03-01 20:25:21.774965,109
Y_STR00057,Y_U0030,Y0050,2026-03-03 13:00:27.991133,286
Y_STR00058,Y_U0002,Y0039,2026-02-12 13:34:51.547269,273
Y_STR00059,Y_U0016,Y0019,2026-02-23 20:40:39.624484,182
Y_STR00060,Y_U0076,Y0042,2026-02-20 02:17:36.007305,333
Y_STR00061,Y_U0039,Y0036,2026-02-06 20:39:18.111490,172
Y_STR00062,Y_U0015,Y0009,2026-02-28 18:19:37.293759,16
Y_STR00063,Y_U0005,Y0045,2026-02-25 14:48:55.347843,187
Y_STR00064,Y_U0011,Y0041,2026-02-27 18:17:02.928316,171
Y_STR00065,Y_U0015,Y0035,2026-02-07 16:31:46.999990,201
Y_STR00066,Y_U0020,Y0027,2026-02-04 19:22:14.362011,96
Y_STR00067,Y_U0093,Y0050,2026-02-27 19:08:31.273138,267
Y_STR00068,Y_U0065,Y0019,2026-02-28 23:22:25.625775,143
Y_STR00069,Y_U0041,Y0030,2026-02-18 18:53:20.292830,157
Y_STR00070,Y_U0075,Y0049,2026-03-03 17:53:11.399184,136
Y_STR00071,Y_U0047,Y0020,2026-02-22 07:51:04.445335,312
Y_STR00072,Y_U0058,Y0049,2026-02-08 11:10:22.727146,243
Y_STR00073,Y_U0030,Y0048,2026-02-11 14:20:48.261237,169
Y_STR00074,Y_U0038,Y0050,2026-02-07 16:46:55.800251,207
Y_STR00075,Y_U0046,Y0009,2026-02-28 22:48:09.428084,9
Y_STR00076,Y_U0075,Y0050,2026-02-20 14:07:25.085742,131
Y_STR00077,Y_U0014,Y0042,2026-02-17 05:09:59.364188,229
Y_STR00078,Y_U0020,Y0046,2026-03-01 15:40:56.871236,179
Y_STR00079,Y_U0059,Y0037,2026-02-22 14:45:55.399480,130
Y_STR00080,Y_U0017,Y0034,2026-02-11 00:23:43.836531,93
Y_STR00081,Y_U0010,Y0029,2026-02-16 20:32:06.201257,131
Y_STR00082,Y_U0017,Y0037,2026-02-25 04:06:28.602352,272
Y_STR00083,Y_U0059,Y0029,2026-02-20 09:15:07.878481,175
Y_STR00084,Y_U0039,Y0030,2026-02-27 07:51:47.797351,178
Y_STR00085,Y_U0032,Y0048,2026-02-27 16:36:10.436660,52
Y_STR00086,Y_U0059,Y0001,2026-02-14 11:40:17.379114,5
Y_STR00087,Y_U0030,Y0039,2026-02-06 19:41:30.608767,26
Y_STR00088,Y_U0028,Y0041,2026-02-26 07:40:40.616513,117
Y_STR00089,Y_U0091,Y0042,2026-02-11 10:56:48.436438,146
Y_STR00090,Y_U0071,Y0037,2026-02-27 23:19:56.796765,106
Y_STR00091,Y_U0050,Y0036,2026-02-27 08:09:19.869546,15
Y_STR00092,Y_U0082,Y0045,2026-02-17 04:25:47.020486,219
Y_STR00093,Y_U0074,Y0020,2026-02-19 17:54:42.877227,256
Y_STR00094,Y_U0077,Y0028,2026-03-05 20:33:50.125891,158
Y_STR00095,Y_U0076,Y0026,2026-02-22 13:32:09.812768,52
Y_STR00096,Y_U0016,Y0006,2026-02-05 12:08:52.676806,224
Y_STR00097,Y_U0054,Y0039,2026-02-11 18:42:36.883567,35
Y_STR00098,Y_U0058,Y0042,2026-02-05 21:38:57.622878,24
Y_STR00099,Y_U0006,Y0023,2026-02-06 01:48:17.499292,126
Y_STR00100,Y_U0080,Y0039,2026-02-15 17:54:23.808021,297
Y_STR00101,Y_U0086,Y0031,2026-02-09 16:06:04.649217,28
Y_STR00102,Y_U0072,Y0039,2026-02-14 17:34:48.627800,248
Y_STR00103,Y_U0009,Y0050,2026-02-10 23:43:53.775357,7
Y_STR00104,Y_U0067,Y0042,2026-02-07 14:29:42.730297,139
Y_STR00105,Y_U0001,Y0046,2026-02-24 17:46:46.447209,210
Y_STR00106,Y_U0091,Y0028,2026-02-27 06:34:25.925691,87
Y_STR00107,Y_U0096,Y0047,2026-02-20 03:56:05.727713,105
Y_STR00108,Y_U0039,Y0032,2026-02-12 00:21:58.157304,114
Y_STR00109,Y_U0060,Y0041,2026-02-11 12:19:33.798069,19
Y_STR00110,Y_U0001,Y0037,2026-02-14 05:22:37.718986,308
Y_STR00111,Y_U0089,Y0034,2026-02-05 08:47:24.826174,71
Y_STR00112,Y_U0027,Y0031,2026-02-14 22:44:25.940181,70
Y_STR00113,Y_U0084,Y0039,2026-02-14 11:53:17.802000,7
Y_STR00114,Y_U0043,Y0044,2026-02-13 07:49:43.200773,94
Y_STR00115,Y_U0073,Y0048,2026-02-09 18:39:25.994161,73
Y_STR00116,Y_U0096,Y0036,2026-02-27 02:12:23.670852,229
Y_STR00117,Y_U0061,Y0034,2026-02-24 05:41:26.843583,52
Y_STR00118,Y_U0092,Y0040,2026-03-04 03:02:41.368726,93
Y_STR00119,Y_U0082,Y0035,2026-02-12 08:08:15.895266,327
Y_STR00120,Y_U0043,Y0046,2026-02-24 09:05:55.188026,82
Y_STR00121,Y_U0064,Y0039,2026-03-03 11:37:02.664438,22
Y_STR00122,Y_U0067,Y0026,2026-02-06 12:19:54.652611,98
Y_STR00123,Y_U0039,Y0022,2026-02-28 23:02:15.069093,91
Y_STR00124,Y_U0023,Y0032,2026-02-26 14:01:31.191203,100
Y_STR00125,Y_U0069,Y0038,2026-02-07 17:45:21.393907,182
Y_STR00126,Y_U0097,Y0050,2026-02-26 04:20:37.922421,265
Y_STR00127,Y_U0077,Y0044,2026-02-12 07:15:25.789835,69
Y_STR00128,Y_U0007,Y0044,2026-02-27 14:46:33.418179,33
Y_STR00129,Y_U0043,Y0027,2026-02-14 09:47:41.165912,84
Y_STR00130,Y_U0077,Y0009,2026-02-07 00:38:04.114882,6
Y_STR00131,Y_U0005,Y0042,2026-02-06 09:47:32.688915,162
Y_STR00132,Y_U0037,Y0043,2026-02-11 07:05:41.713850,34
Y_STR00133,Y_U0007,Y0017,2026-02-28 00:13:41.058943,125
Y_STR00134,Y_U0005,Y0040,2026-02-27 01:06:21.026438,276
Y_STR00135,Y_U0031,Y0017,2026-02-13 20:42:15.153708,56
Y_STR00136,Y_U0030,Y0041,2026-02-08 19:20:23.364756,136
Y_STR00137,Y_U0082,Y0044,2026-02-26 18:33:52.701714,153
Y_STR00138,Y_U0085,Y0023,2026-02-11 04:43:01.220384,71
Y_STR00139,Y_U0075,Y0028,2026-02-27 22:04:15.070424,172
Y_STR00140,Y_U0013,Y0050,2026-02-10 14:32:13.128685,38
Y_STR00141,Y_U0087,Y0042,2026-02-11 13:36:27.733651,321
Y_STR00142,Y_U0080,Y0033,2026-02-08 17:45:46.206227,153
Y_STR00143,Y_U0042,Y0040,2026-02-09 02:21:40.957875,19
Y_STR00144,Y_U0085,Y0050,2026-02-07 15:17:04.205413,291
Y_STR00145,Y_U0055,Y0038,2026-03-02 19:21:25.421183,173
Y_STR00146,Y_U0079,Y0050,2026-02-19 22:56:06.258460,22
Y_STR00147,Y_U0066,Y0044,2026-02-22 18:44:33.060989,266
Y_STR00148,Y_U0011,Y0050,2026-02-10 16:07:25.357787,185
Y_STR00149,Y_U0068,Y0045,2026-02-15 15:18:26.724042,119
Y_STR00150,Y_U0051,Y0035,2026-02-09 04:57:30.980892,319
Y_STR00151,Y_U0059,Y0022,2026-02-28 10:03:34.474881,126
Y_STR00152,Y_U0077,Y0042,2026-03-05 01:40:32.037703,289
Y_STR00153,Y_U0045,Y0049,2026-02-15 02:59:04.504098,189
Y_STR00154,Y_U0034,Y0044,2026-02-14 16:24:20.233057,162
Y_STR00155,Y_U0066,Y0048,2026-02-26 16:10:30.901698,111
Y_STR00156,Y_U0046,Y0035,2026-02-07 12:24:03.353626,37
Y_STR00157,Y_U0025,Y0039,2026-03-03 15:44:17.643271,146
Y_STR00158,Y_U0031,Y0037,2026-03-05 08:18:19.348315,97
Y_STR00159,Y_U0099,Y0032,2026-02-13 05:17:10.909049,12
Y_STR00160,Y_U0060,Y0017,2026-02-25 11:32:33.886565,107
Y_STR00161,Y_U0085,Y0048,2026-02-07 02:01:30.124168,110
Y_STR00162,Y_U0051,Y0042,2026-02-24 16:26:13.970404,106
Y_STR00163,Y_U0097,Y0015,2026-02-09 15:05:50.902463,159
Y_STR00164,Y_U0044,Y0014,2026-02-16 01:22:10.701931,309
Y_STR00165,Y_U0066,Y0024,2026-03-01 18:14:31.585978,46
Y_STR00166,Y_U0065,Y0012,2026-02-16 08:33:37.018219,231
Y_STR00167,Y_U0020,Y0041,2026-02-22 10:59:06.582950,125
Y_STR00168,Y_U0080,Y0017,2026-03-01 03:27:23.780226,186
Y_STR00169,Y_U0083,Y0035,2026-02-13 04:20:10.099881,11
Y_STR00170,Y_U0092,Y0037,2026-02-18 16:11:45.327505,194
Y_STR00171,Y_U0094,Y0042,2026-02-17 19:23:13.534626,216
Y_STR00172,Y_U0019,Y0029,2026-02-16 13:40:23.808390,158
Y_STR00173,Y_U0017,Y0050,2026-02-17 12:01:06.744526,301
Y_STR00174,Y_U0098,Y0026,2026-02-08 16:44:03.088369,27
Y_STR00175,Y_U0083,Y0027,2026-03-02 05:28:33.056048,137
Y_STR00176,Y_U0037,Y0028,2026-02-08 15:26:35.190463,17
Y_STR00177,Y_U0014,Y0027,2026-02-25 05:00:51.349366,62
Y_STR00178,Y_U0045,Y0025,2026-02-28 08:19:15.602229,164
Y_STR00179,Y_U0043,Y0039,2026-02-28 04:39:05.771773,95
Y_STR00180,Y_U0030,Y0026,2026-02-16 00:17:00.533026,15
Y_STR00181,Y_U0085,Y0035,2026-03-04 22:11:20.129774,127
Y_STR00182,Y_U0082,Y0046,2026-02-23 05:39:17.220472,186
Y_STR00183,Y_U0077,Y0035,2026-03-02 23:57:40.387352,48
Y_STR00184,Y_U0027,Y0036,2026-02-13 05:18:32.734486,170
Y_STR00185,Y_U0088,Y0030,2026-02-28 07:44:22.586885,91
Y_STR00186,Y_U0074,Y0042,2026-03-02 15:26:04.898960,65
Y_STR00187,Y_U0051,Y0026,2026-02-11 02:49:54.900445,6
Y_STR00188,Y_U0093,Y0037,2026-02-16 07:46:34.782527,109
Y_STR00189,Y_U0015,Y0048,2026-02-15 07:58:06.679432,28
Y_STR00190,Y_U0010,Y0046,2026-02-06 21:41:39.936275,232
Y_STR00191,Y_U0057,Y0041,2026-02-09 20:31:45.025460,114
Y_STR00192,Y_U0064,Y0029,2026-02-25 05:33:49.153601,71
Y_STR00193,Y_U0083,Y0048,2026-02-26 18:05:34.413697,73
Y_STR00194,Y_U0023,Y0030,2026-02-13 05:50:24.099211,153
Y_STR00195,Y_U0029,Y0043,2026-02-15 16:59:07.457660,63
Y_STR00196,Y_U0083,Y0033,2026-02-22 13:07:02.444413,88
Y_STR00197,Y_U0079,Y0019,2026-02-18 11:48:35.599399,97
Y_STR00198,Y_U0028,Y0050,2026-02-06 07:11:22.090572,28
Y_STR00199,Y_U0087,Y0032,2026-02-10 04:31:59.420472,97
Y_STR00200,Y_U0095,Y0040,2026-02-20 15:08:20.959353,155
Y_STR00201,Y_U0010,Y0023,2026-02-20 19:27:14.856408,127
Y_STR00202,Y_U0064,Y0050,2026-02-14 17:21:08.462282,13
Y_STR00203,Y_U0080,Y0049,2026-03-05 07:35:44.315145,193
Y_STR00204,Y_U0063,Y0050,2026-02-11 20:05:27.905381,68
Y_STR00205,Y_U0005,Y0023,2026-02-21 08:24:19.017159,61
Y_STR00206,Y_U0079,Y0046,2026-02-15 03:37:16.199635,230
Y_STR00207,Y_U0077,Y0033,2026-02-19 00:50:02.814014,271
Y_STR00208,Y_U0075,Y0033,2026-02-26 21:14:42.346844,176
Y_STR00209,Y_U0018,Y0038,2026-02-10 13:11:49.127238,64
Y_STR00210,Y_U0083,Y0028,2026-02-25 05:55:19.718807,50
Y_STR00211,Y_U0097,Y0036,2026-02-18 14:09:49.205383,138
Y_STR00212,Y_U0019,Y0042,2026-03-06 06:42:24.830428,196
Y_STR00213,Y_U0044,Y0042,2026-02-20 08:34:00.820355,227
Y_STR00214,Y_U0003,Y0048,2026-02-26 09:31:15.393129,171
Y_STR00215,Y_U0028,Y0012,2026-03-04 13:52:43.238720,272
Y_STR00216,Y_U0064,Y0046,2026-03-04 03:06:28.128261,98
Y_STR00217,Y_U0100,Y0049,2026-02-27 21:43:09.781098,187
Y_STR00218,Y_U0099,Y0045,2026-02-10 15:53:16.841520,172
Y_STR00219,Y_U0022,Y0007,2026-02-22 00:59:13.293288,242
Y_STR00220,Y_U0076,Y0045,2026-02-11 23:32:29.919155,224
Y_STR00221,Y_U0005,Y0042,2026-02-14 17:33:02.580576,233
Y_STR00222,Y_U0015,Y0020,2026-03-06 08:00:53.981022,63
Y_STR00223,Y_U0081,Y0033,2026-02-15 00:28:09.405412,51
Y_STR00224,Y_U0056,Y0024,2026-02-18 05:50:38.131770,92
Y_STR00225,Y_U0041,Y0013,2026-02-25 19:53:21.305309,134
Y_STR00226,Y_U0016,Y0029,2026-02-11 20:17:12.228765,146
Y_STR00227,Y_U0002,Y0040,2026-03-04 14:03:33.418523,27
Y_STR00228,Y_U0039,Y0044,2026-02-22 12:17:13.973548,168
Y_STR00229,Y_U0030,Y0039,2026-03-04 23:21:08.303825,69
Y_STR00230,Y_U0004,Y0046,2026-02-24 05:17:06.878852,247
Y_STR00231,Y_U0046,Y0023,2026-02-18 02:08:43.730079,10
Y_STR00232,Y_U0022,Y0026,2026-02-11 16:02:44.638047,62
Y_STR00233,Y_U0079,Y0046,2026-02-10 16:03:08.828703,145
Y_STR00234,Y_U0066,Y0045,2026-03-04 03:42:35.193269,166
Y_STR00235,Y_U0093,Y0044,2026-03-03 12:55:35.941706,221
Y_STR00236,Y_U0028,Y0035,2026-02-15 22:18:08.867272,229
Y_STR00237,Y_U0098,Y0046,2026-02-25 02:11:51.865668,176
Y_STR00238,Y_U0002,Y0013,2026-02-11 20:00:15.612478,142
Y_STR00239,Y_U0038,Y0036,2026-02-12 02:18:10.082313,82
Y_STR00240,Y_U0046,Y0044,2026-02-06 01:47:44.490541,155
Y_STR00241,Y_U0060,Y0043,2026-02-18 21:08:26.401744,24
Y_STR00242,Y_U0098,Y0047,2026-02-19 16:48:04.663078,148
Y_STR00243,Y_U0090,Y0043,2026-02-06 18:45:14.739623,96
Y_STR00244,Y_U0002,Y0045,2026-02-17 10:16:13.317582,20
Y_STR00245,Y_U0060,Y0008,2026-02-12 13:34:54.474536,24
Y_STR00246,Y_U0084,Y0022,2026-03-06 07:25:03.336508,50
Y_STR00247,Y_U0054,Y0043,2026-02-23 08:11:45.205021,135
Y_STR00248,Y_U0058,Y0047,2026-03-01 07:59:05.334398,19
Y_STR00249,Y_U0085,Y0036,2026-02-26 08:40:52.323549,231
Y_STR00250,Y_U0035,Y0035,2026-02-19 16:22:45.300838,278
Y_STR00251,Y_U0026,Y0025,2026-02-04 15:26:55.840421,28
Y_STR00252,Y_U0038,Y0033,2026-02-05 12:32:54.787941,197
Y_STR00253,Y_U0006,Y0003,2026-02-20 11:50:36.981858,254
Y_STR00254,Y_U0030,Y0037,2026-03-01 21:06:19.503184,336
Y_STR00255,Y_U0046,Y0034,2026-03-05 23:45:43.088072,139
Y_STR00256,Y_U0084,Y0040,2026-02-18 20:14:48.418855,265
Y_STR00257,Y_U0014,Y0007,2026-02-16 20:00:10.063613,360
Y_STR00258,Y_U0077,Y0040,2026-02-24 15:05:46.918457,210
Y_STR00259,Y_U0040,Y0038,2026-02-15 20:00:09.494972,65
Y_STR00260,Y_U0037,Y0027,2026-02-26 17:09:28.526014,141
Y_STR00261,Y_U0093,Y0036,2026-03-02 02:26:40.441037,117
Y_STR00262,Y_U0062,Y0050,2026-02-13 18:56:11.660833,307
Y_STR00263,Y_U0035,Y0008,2026-02-28 23:29:21.021942,59
Y_STR00264,Y_U0003,Y0035,2026-03-02 11:43:54.865683,168
Y_STR00265,Y_U0030,Y0049,2026-02-21 14:29:50.308977,79
Y_STR00266,Y_U0002,Y0038,2026-02-11 16:57:44.625431,143
Y_STR00267,Y_U0050,Y0040,2026-03-04 09:58:53.123620,326
Y_STR00268,Y_U0069,Y0036,2026-02-27 04:58:27.200602,151
Y_STR00269,Y_U0056,Y0027,2026-02-14 01:01:03.431774,69
Y_STR00270,Y_U0091,Y0039,2026-02-15 18:11:20.725703,259
Y_STR00271,Y_U0009,Y0040,2026-03-02 05:03:51.885603,274
Y_STR00272,Y_U0099,Y0009,2026-03-05 04:27:25.542816,63
Y_STR00273,Y_U0009,Y0036,2026-02-08 10:10:08.855484,128
Y_STR00274,Y_U0064,Y0015,2026-02-05 18:11:42.014202,114
Y_STR00275,Y_U0003,Y0041,2026-02-14 07:22:17.032026,133
Y_STR00276,Y_U0073,Y0045,2026-02-04 20:52:58.934921,199
Y_STR00277,Y_U0062,Y0034,2026-02-24 00:29:31.759317,135
Y_STR00278,Y_U0051,Y0050,2026-02-20 15:27:23.252673,11
Y_STR00279,Y_U0064,Y0030,2026-03-01 23:38:22.951392,186
Y_STR00280,Y_U0058,Y0027,2026-02-17 05:20:36.482111,95
Y_STR00281,Y_U0012,Y0040,2026-02-11 04:45:29.362470,192
Y_STR00282,Y_U0053,Y0019,2026-03-05 04:21:43.278224,175
Y_STR00283,Y_U0053,Y0042,2026-02-20 23:32:01.615662,239
Y_STR00284,Y_U0021,Y0045,2026-03-03 11:42:49.019411,183
Y_STR00285,Y_U0059,Y0021,2026-03-01 22:44:10.127555,131
Y_STR00286,Y_U0094,Y0034,2026-02-24 17:15:01.259851,50
Y_STR00287,Y_U0065,Y0029,2026-02-06 02:43:46.407636,163
Y_STR00288,Y_U0007,Y0048,2026-02-24 02:35:19.640056,220
Y_STR00289,Y_U0075,Y0037,2026-02-13 18:03:59.591618,107
Y_STR00290,Y_U0050,Y0050,2026-03-01 21:55:14.514000,330
Y_STR00291,Y_U0057,Y0046,2026-02-13 21:37:26.503052,193
Y_STR00292,Y_U0082,Y0038,2026-02-04 13:06:01.915439,46
Y_STR00293,Y_U0026,Y0049,2026-02-20 19:10:52.982912,165
Y_STR00294,Y_U0086,Y0032,2026-02-10 07:16:18.105677,115
Y_STR00295,Y_U0026,Y0039,2026-02-28 00:47:58.125228,141
Y_STR00296,Y_U0100,Y0003,2026-02-25 05:36:23.192012,276
Y_STR00297,Y_U0034,Y0022,2026-02-22 08:27:42.935931,25
Y_STR00298,Y_U0047,Y0049,2026-02-15 04:11:33.457802,23
Y_STR00299,Y_U0008,Y0043,2026-02-04 11:51:24.249967,56
Y_STR00300,Y_U0053,Y0037,2026-02-13 21:08:59.595262,328
Y_STR00301,Y_U0071,Y0031,2026-02-28 05:03:22.812835,9
Y_STR00302,Y_U0084,Y0033,2026-02-24 21:43:26.535425,272
Y_STR00303,Y_U0091,Y0046,2026-02-09 22:44:32.934930,258
Y_STR00304,Y_U0093,Y0044,2026-02-27 07:57:34.864028,25
Y_STR00305,Y_U0013,Y0021,2026-02-13 20:27:03.625658,96
Y_STR00306,Y_U0039,Y0045,2026-02-17 10:00:28.316269,140
Y_STR00307,Y_U0001,Y0046,2026-02-25 02:34:48.520734,187
Y_STR00308,Y_U0093,Y0045,2026-02-28 16:03:39.812772,229
Y_STR00309,Y_U0045,Y0050,2026-02-18 17:36:03.331316,80
Y_STR00310,Y_U0052,Y0047,2026-02-09 17:23:45.099767,214
Y_STR00311,Y_U0025,Y0024,2026-02-20 23:59:45.797768,217
Y_STR00312,Y_U0051,Y0043,2026-02-21 09:51:19.876952,127
Y_STR00313,Y_U0078,Y0023,2026-02-15 19:19:25.721661,79
Y_STR00314,Y_U0087,Y0038,2026-02-20 03:09:20.545991,74
Y_STR00315,Y_U0034,Y0042,2026-02-21 11:44:27.791337,213
Y_STR00316,Y_U0094,Y0028,2026-02-18 17:49:46.062371,211
Y_STR00317,Y_U0073,Y0026,2026-02-15 08:29:45.108996,25
Y_STR00318,Y_U0100,Y0047,2026-03-03 03:17:54.470728,20
Y_STR00319,Y_U0052,Y0020,2026-02-28 23:04:26.712772,12
Y_STR00320,Y_U0055,Y0031,2026-02-11 11:05:06.654314,82
Y_STR00321,Y_U0042,Y0042,2026-02-22 06:57:36.070278,47
Y_STR00322,Y_U0063,Y0010,2026-02-04 19:44:08.404069,96
Y_STR00323,Y_U0003,Y0028,2026-02-05 23:59:49.269336,17
Y_STR00324,Y_U0019,Y0044,2026-02-19 01:06:27.427866,297
Y_STR00325,Y_U0005,Y0019,2026-02-15 22:50:25.706554,129
Y_STR00326,Y_U0014,Y0041,2026-02-14 14:47:57.027148,145
Y_STR00327,Y_U0006,Y0049,2026-03-06 07:37:22.329294,70
Y_STR00328,Y_U0072,Y0008,2026-02-23 04:22:04.854297,38
Y_STR00329,Y_U0045,Y0034,2026-02-20 07:01:48.888335,23
Y_STR00330,Y_U0068,Y0036,2026-03-04 08:55:26.281011,227
Y_STR00331,Y_U0015,Y0025,2026-02-15 03:55:54.347666,72
Y_STR00332,Y_U0009,Y0047,2026-03-03 19:22:20.529162,44
Y_STR00333,Y_U0052,Y0032,2026-02-27 07:44:24.048595,209
Y_STR00334,Y_U0035,Y0049,2026-02-06 14:03:22.149776,238
Y_STR00335,Y_U0033,Y0043,2026-02-23 03:54:03.646080,157
Y_STR00336,Y_U0090,Y0037,2026-02-06 17:44:53.126899,99
Y_STR00337,Y_U0066,Y0038,2026-03-05 07:16:46.051530,125
Y_STR00338,Y_U0022,Y0046,2026-02-07 17:19:50.015621,225
Y_STR00339,Y_U0056,Y0016,2026-02-17 18:58:05.429927,122
Y_STR00340,Y_U0091,Y0049,2026-02-15 18:05:25.393597,61
Y_STR00341,Y_U0084,Y0043,2026-02-18 23:52:01.826479,87
Y_STR00342,Y_U0053,Y0015,2026-02-17 09:39:23.105535,158
Y_STR00343,Y_U0100,Y0046,2026-02-25 18:18:17.038011,64
Y_STR00344,Y_U0090,Y0031,2026-02-26 17:14:58.271784,105
Y_STR00345,Y_U0045,Y0030,2026-02-22 11:13:04.797831,55
Y_STR00346,Y_U0014,Y0010,2026-02-10 18:45:27.332072,88
Y_STR00347,Y_U0100,Y0045,2026-02-04 18:44:37.231214,165
Y_STR00348,Y_U0026,Y0020,2026-02-21 01:06:02.243643,327
Y_STR00349,Y_U0044,Y0029,2026-02-11 10:23:57.947469,111
Y_STR00350,Y_U0059,Y0046,2026-03-04 07:48:24.894079,186
Y_STR00351,Y_U0056,Y0048,2026-02-07 20:04:19.059945,38
Y_STR00352,Y_U0030,Y0050,2026-02-17 02:41:09.903880,297
Y_STR00353,Y_U0016,Y0030,2026-03-01 13:59:03.951486,108
Y_STR00354,Y_U0055,Y0035,2026-02-19 19:00:47.962810,187
Y_STR00355,Y_U0094,Y0028,2026-02-20 16:26:49.185887,137
Y_STR00356,Y_U0005,Y0021,2026-02-12 12:07:42.876457,83
Y_STR00357,Y_U0035,Y0009,2026-02-13 20:45:39.970843,90
Y_STR00358,Y_U0055,Y0011,2026-02-17 18:43:56.614388,94
Y_STR00359,Y_U0063,Y0040,2026-02-09 03:09:24.561059,322
Y_STR00360,Y_U0044,Y0044,2026-03-01 11:15:05.459643,239
Y_STR00361,Y_U0038,Y0025,2026-03-02 01:00:29.551064,153
Y_STR00362,Y_U0024,Y0027,2026-03-05 02:54:21.742473,134
Y_STR00363,Y_U0031,Y0036,2026-02-13 02:23:30.152309,119
Y_STR00364,Y_U0056,Y0043,2026-02-24 08:33:25.938002,59
Y_STR00365,Y_U0012,Y0023,2026-03-06 08:23:59.982113,51
Y_STR00366,Y_U0068,Y0034,2026-02-14 22:11:51.779360,41
Y_STR00367,Y_U0088,Y0050,2026-02-26 17:59:54.751035,23
Y_STR00368,Y_U0022,Y0037,2026-03-01 08:51:43.005499,147
Y_STR00369,Y_U0016,Y0019,2026-02-22 21:23:04.268761,168
Y_STR00370,Y_U0056,Y0033,2026-03-04 17:55:40.129855,188
Y_STR00371,Y_U0060,Y0025,2026-03-03 14:13:04.697027,188
Y_STR00372,Y_U0043,Y0034,2026-02-12 05:14:07.074444,124
Y_STR00373,Y_U0069,Y0026,2026-02-18 22:38:01.725039,93
Y_STR00374,Y_U0038,Y0050,2026-02-04 15:49:07.664437,245
Y_STR00375,Y_U0063,Y0026,2026-02-17 23:36:33.018894,73
Y_STR00376,Y_U0088,Y0047,2026-02-21 05:47:40.979323,193
Y_STR00377,Y_U0009,Y0047,2026-02-13 05:58:36.666419,49
Y_STR00378,Y_U0099,Y0050,2026-02-04 14:30:12.786850,238
Y_STR00379,Y_U0064,Y0031,2026-03-06 04:02:49.597849,151
Y_STR00380,Y_U0001,Y0039,2026-02-18 18:20:10.174751,269
Y_STR00381,Y_U0019,Y0023,2026-02-14 05:23:08.845434,19
Y_STR00382,Y_U0076,Y0042,2026-02-10 15:52:19.101376,157
Y_STR00383,Y_U0014,Y0045,2026-02-28 20:01:58.484773,195
Y_STR00384,Y_U0072,Y0025,2026-02-04 19:34:25.064031,151
Y_STR00385,Y_U0074,Y0033,2026-02-10 05:00:04.155378,151
Y_STR00386,Y_U0043,Y0042,2026-03-05 14:26:05.982956,276
Y_STR00387,Y_U0043,Y0037,2026-02-24 21:33:21.859784,237
Y_STR00388,Y_U0092,Y0039,2026-02-27 08:44:30.866856,256
Y_STR00389,Y_U0084,Y0013,2026-02-12 19:43:05.053470,33
Y_STR00390,Y_U0077,Y0034,2026-02-22 19:37:05.639854,113
Y_STR00391,Y_U0072,Y0032,2026-02-19 13:10:22.798604,200
Y_STR00392,Y_U0052,Y0008,2026-02-09 03:36:43.999989,147
Y_STR00393,Y_U0036,Y0040,2026-02-13 12:12:09.140216,115
Y_STR00394,Y_U0042,Y0042,2026-02-15 15:59:05.385519,322
Y_STR00395,Y_U0089,Y0045,2026-03-05 14:13:08.352596,24
Y_STR00396,Y_U0025,Y0044,2026-03-02 01:30:36.627444,92
Y_STR00397,Y_U0061,Y0044,2026-02-24 14:00:03.214908,217
Y_STR00398,Y_U0093,Y0015,2026-02-22 00:16:15.429468,223
Y_STR00399,Y_U0080,Y0048,2026-02-18 23:25:02.672143,25
Y_STR00400,Y_U0023,Y0046,2026-02-15 20:05:34.923204,81
Y_STR00401,Y_U0055,Y0022,2026-02-14 04:33:28.289629,95
Y_STR00402,Y_U0003,Y0042,2026-03-04 11:50:57.300979,73
Y_STR00403,Y_U0009,Y0031,2026-02-22 01:42:40.151252,99
Y_STR00404,Y_U0080,Y0039,2026-02-07 23:17:06.665298,19
Y_STR00405,Y_U0085,Y0030,2026-02-19 16:07:08.930577,117
Y_STR00406,Y_U0026,Y0047,2026-02-19 05:40:20.150852,102
Y_STR00407,Y_U0008,Y0026,2026-02-22 10:24:18.723162,113
Y_STR00408,Y_U0054,Y0037,2026-02-05 09:11:06.607957,60
Y_STR00409,Y_U0081,Y0036,2026-02-14 12:54:20.534105,48
Y_STR00410,Y_U0055,Y0034,2026-03-05 23:16:38.847119,160
Y_STR00411,Y_U0088,Y0033,2026-02-06 03:11:45.707436,86
Y_STR00412,Y_U0090,Y0042,2026-02-19 03:17:27.972887,327
Y_STR00413,Y_U0041,Y0046,2026-02-19 02:09:35.096398,131
Y_STR00414,Y_U0067,Y0050,2026-02-11 05:05:24.356126,33
Y_STR00415,Y_U0034,Y0038,2026-02-15 08:07:26.928410,20
Y_STR00416,Y_U0089,Y0035,2026-02-06 16:10:07.947331,274
Y_STR00417,Y_U0004,Y0047,2026-02-24 07:26:02.262241,28
Y_STR00418,Y_U0072,Y0026,2026-03-03 21:15:43.338229,12
Y_STR00419,Y_U0073,Y0029,2026-03-02 17:10:35.345313,87
Y_STR00420,Y_U0080,Y0046,2026-02-13 08:01:00.365644,159
Y_STR00421,Y_U0079,Y0023,2026-02-18 20:29:34.803341,119
Y_STR00422,Y_U0087,Y0037,2026-02-26 17:18:47.139483,218
Y_STR00423,Y_U0082,Y0022,2026-03-01 17:00:08.530241,27
Y_STR00424,Y_U0067,Y0038,2026-02-09 23:20:10.013915,37
Y_STR00425,Y_U0090,Y0044,2026-02-09 14:23:28.007139,144
Y_STR00426,Y_U0017,Y0050,2026-02-21 13:39:20.461061,200
Y_STR00427,Y_U0073,Y0040,2026-02-20 14:11:03.963708,219
Y_STR00428,Y_U0024,Y0031,2026-03-02 19:19:39.608674,127
Y_STR00429,Y_U0035,Y0045,2026-02-16 18:37:50.127528,101
Y_STR00430,Y_U0100,Y0028,2026-03-05 02:56:14.148379,52
Y_STR00431,Y_U0029,Y0036,2026-02-19 21:15:39.191994,221
Y_STR00432,Y_U0004,Y0042,2026-02-21 19:33:20.236335,148
Y_STR00433,Y_U0019,Y0039,2026-02-05 18:20:22.452400,33
Y_STR00434,Y_U0096,Y0046,2026-02-20 04:28:34.476405,26
Y_STR00435,Y_U0094,Y0004,2026-02-25 03:20:59.290856,63
Y_STR00436,Y_U0068,Y0047,2026-03-04 16:37:48.303741,144
Y_STR00437,Y_U0034,Y0047,2026-02-17 11:10:33.536551,147
Y_STR00438,Y_U0005,Y0029,2026-02-26 15:31:35.894211,85
Y_STR00439,Y_U0095,Y0030,2026-02-25 17:03:50.438298,115
Y_STR00440,Y_U0093,Y0023,2026-02-27 03:28:14.106439,55
Y_STR00441,Y_U0027,Y0038,2026-02-15 19:32:23.735057,33
Y_STR00442,Y_U0038,Y0044,2026-03-05 01:58:07.287313,250
Y_STR00443,Y_U0076,Y0045,2026-02-17 04:14:29.459946,35
Y_STR00444,Y_U0041,Y0032,2026-02-16 20:50:15.877180,126
Y_STR00445,Y_U0016,Y0050,2026-03-01 23:54:54.753487,79
Y_STR00446,Y_U0095,Y0033,2026-02-11 17:56:59.558025,286
Y_STR00447,Y_U0060,Y0011,2026-02-08 10:41:15.656780,166
Y_STR00448,Y_U0099,Y0012,2026-02-25 09:04:59.008835,73
Y_STR00449,Y_U0074,Y0024,2026-02-05 12:08:28.965484,265
Y_STR00450,Y_U0032,Y0040,2026-02-13 09:12:00.210574,301
Y_STR00451,Y_U0025,Y0044,2026-03-06 00:29:29.264299,155
Y_STR00452,Y_U0098,Y0028,2026-02-26 17:13:47.964448,226
Y_STR00453,Y_U0059,Y0013,2026-02-18 19:22:14.064569,43
Y_STR00454,Y_U0040,Y0028,2026-02-20 23:55:27.158273,179
Y_STR00455,Y_U0077,Y0032,2026-02-21 23:55:19.118126,122
Y_STR00456,Y_U0030,Y0041,2026-02-16 14:33:29.271065,82
Y_STR00457,Y_U0033,Y0049,2026-03-01 22:27:34.813882,177
Y_STR00458,Y_U0090,Y0047,2026-02-07 21:54:48.840112,197
Y_STR00459,Y_U0025,Y0046,2026-03-04 01:46:39.157479,99
Y_STR00460,Y_U0077,Y0015,2026-02-20 01:42:36.473690,20
Y_STR00461,Y_U0080,Y0028,2026-02-08 20:06:30.251711,92
Y_STR00462,Y_U0045,Y0043,2026-02-16 09:48:52.256007,197
Y_STR00463,Y_U0037,Y0025,2026-03-01 04:34:50.844781,166
Y_STR00464,Y_U0048,Y0024,2026-02-07 00:39:54.760749,130
Y_STR00465,Y_U0075,Y0050,2026-02-07 02:57:59.782037,136
Y_STR00466,Y_U0022,Y0016,2026-02-22 00:16:40.983285,97
Y_STR00467,Y_U0020,Y0024,2026-02-10 04:10:43.637713,163
Y_STR00468,Y_U0028,Y0045,2026-02-20 07:28:35.275248,151
Y_STR00469,Y_U0026,Y0019,2026-02-13 00:50:01.794001,6
Y_STR00470,Y_U0090,Y0044,2026-02-27 08:14:02.647230,34
Y_STR00471,Y_U0005,Y0050,2026-02-13 18:46:22.783849,220
Y_STR00472,Y_U0003,Y0045,2026-02-25 12:32:36.341417,219
Y_STR00473,Y_U0059,Y0038,2026-02-17 13:44:11.237529,180
Y_STR00474,Y_U0009,Y0034,2026-02-19 03:40:51.512853,69
Y_STR00475,Y_U0054,Y0029,2026-02-05 08:29:52.747885,50
Y_STR00476,Y_U0004,Y0040,2026-02-08 09:10:49.606692,52
Y_STR00477,Y_U0018,Y0048,2026-03-04 08:04:44.592458,106
Y_STR00478,Y_U0041,Y0031,2026-02-05 02:31:00.587888,121
Y_STR00479,Y_U0070,Y0011,2026-02-16 07:30:01.542348,135
Y_STR00480,Y_U0027,Y0042,2026-02-10 15:12:48.644837,266
Y_STR00481,Y_U0063,Y0035,2026-02-21 10:54:36.724809,158
Y_STR00482,Y_U0003,Y0049,2026-02-04 20:43:11.544581,154
Y_STR00483,Y_U0087,Y0045,2026-03-05 20:13:08.244069,156
Y_STR00484,Y_U0085,Y0005,2026-02-22 14:22:43.182175,139
Y_STR00485,Y_U0089,Y0037,2026-02-13 03:48:36.152229,249
Y_STR00486,Y_U0093,Y0037,2026-03-03 18:05:18.950785,182
Y_STR00487,Y_U0077,Y0048,2026-02-17 12:57:25.180840,92
Y_STR00488,Y_U0074,Y0049,2026-02-27 11:37:06.134532,71
Y_STR00489,Y_U0032,Y0048,2026-02-27 19:23:54.401651,172
Y_STR00490,Y_U0013,Y0038,2026-02-07 16:12:57.078730,83
Y_STR00491,Y_U0013,Y0050,2026-03-03 03:16:26.775352,295
Y_STR00492,Y_U0048,Y0023,2026-02-17 09:15:03.925345,121
Y_STR00493,Y_U0089,Y0025,2026-02-23 15:11:02.199881,63
Y_STR00494,Y_U0038,Y0046,2026-02-27 19:04:40.951188,233
Y_STR00495,Y_U0047,Y0039,2026-03-01 15:09:32.692976,133
Y_STR00496,Y_U0011,Y0018,2026-02-07 05:20:36.336727,123
Y_STR00497,Y_U0048,Y0013,2026-02-26 01:20:39.420492,86
Y_STR00498,Y_U0080,Y0032,2026-03-04 14:42:42.997174,242
Y_STR00499,Y_U0044,Y0029,2026-02-20 01:24:32.723764,142
Y_STR00500,Y_U0023,Y0034,2026-02-16 10:39:55.735276,102
Y_STR00501,Y_U0087,Y0038,2026-03-02 12:49:39.835797,38
Y_STR00502,Y_U0058,Y0026,2026-02-20 11:06:59.917590,36
Y_STR00503,Y_U0003,Y0049,2026-02-08 02:43:36.893386,124
Y_STR00504,Y_U0015,Y0048,2026-02-04 12:40:46.850505,11
Y_STR00505,Y_U0100,Y0043,2026-02-19 03:32:05.273972,13
Y_STR00506,Y_U0064,Y0023,2026-02-27 09:31:19.729035,68
Y_STR00507,Y_U0036,Y0038,2026-02-11 02:00:32.851144,20
Y_STR00508,Y_U0004,Y0011,2026-02-22 00:23:03.208117,170
Y_STR00509,Y_U0091,Y0018,2026-02-12 06:59:12.436352,68
Y_STR00510,Y_U0040,Y0032,2026-02-21 21:45:47.548812,243
Y_STR00511,Y_U0016,Y0050,2026-03-04 20:59:16.263612,184
Y_STR00512,Y_U0002,Y0018,2026-02-27 12:08:23.211882,58
Y_STR00513,Y_U0015,Y0044,2026-03-04 19:47:19.593135,262
Y_STR00514,Y_U0089,Y0043,2026-02-27 05:49:40.788039,164
Y_STR00515,Y_U0058,Y0030,2026-02-24 23:38:59.384520,160
Y_STR00516,Y_U0019,Y0039,2026-03-04 04:50:53.209214,207
Y_STR00517,Y_U0058,Y0036,2026-02-19 23:05:24.475155,178
Y_STR00518,Y_U0015,Y0028,2026-02-10 06:11:45.640562,215
Y_STR00519,Y_U0047,Y0042,2026-02-04 19:59:31.453944,303
Y_STR00520,Y_U0036,Y0050,2026-03-04 20:26:36.331802,230
Y_STR00521,Y_U0048,Y0045,2026-02-16 00:04:35.057127,221
Y_STR00522,Y_U0085,Y0042,2026-02-20 10:06:54.548539,74
Y_STR00523,Y_U0094,Y0039,2026-02-24 05:38:45.798616,77
Y_STR00524,Y_U0063,Y0030,2026-02-13 09:58:43.847538,35
Y_STR00525,Y_U0010,Y0042,2026-02-15 01:04:43.484049,139
Y_STR00526,Y_U0087,Y0039,2026-02-20 21:40:50.182864,197
Y_STR00527,Y_U0017,Y0006,2026-02-13 12:55:45.307059,277
Y_STR00528,Y_U0039,Y0029,2026-02-15 05:07:14.546385,172
Y_STR00529,Y_U0016,Y0031,2026-02-25 19:47:53.785421,25
Y_STR00530,Y_U0033,Y0042,2026-03-05 07:55:26.383933,15
Y_STR00531,Y_U0025,Y0048,2026-02-07 14:02:43.430044,33
Y_STR00532,Y_U0037,Y0008,2026-02-07 09:04:05.133938,61
Y_STR00533,Y_U0073,Y0043,2026-02-21 17:03:46.545114,165
Y_STR00534,Y_U0038,Y0049,2026-02-05 17:20:45.698707,124
Y_STR00535,Y_U0024,Y0050,2026-03-01 00:53:50.691147,143
Y_STR00536,Y_U0060,Y0032,2026-02-27 15:17:32.797893,27
Y_STR00537,Y_U0050,Y0037,2026-02-16 16:13:10.006067,215
Y_STR00538,Y_U0049,Y0044,2026-02-05 07:31:43.259405,310
Y_STR00539,Y_U0049,Y0036,2026-02-13 00:33:03.371125,172
Y_STR00540,Y_U0034,Y0042,2026-02-07 10:49:20.143336,19
Y_STR00541,Y_U0014,Y0033,2026-02-05 21:27:23.477653,71
Y_STR00542,Y_U0053,Y0033,2026-02-09 02:35:07.490745,177
Y_STR00543,Y_U0090,Y0025,2026-02-12 09:45:28.909349,67
Y_STR00544,Y_U0078,Y0041,2026-02-10 05:48:05.333299,140
Y_STR00545,Y_U0009,Y0038,2026-02-23 11:07:07.028093,17
Y_STR00546,Y_U0044,Y0039,2026-02-09 18:04:31.185014,256
Y_STR00547,Y_U0001,Y0027,2026-02-13 07:05:12.153420,18
Y_STR00548,Y_U0073,Y0044,2026-02-19 22:52:28.224897,249
Y_STR00549,Y_U0061,Y0034,2026-03-05 05:22:26.028494,104
Y_STR00550,Y_U0016,Y0027,2026-02-25 16:18:04.695574,138
Y_STR00551,Y_U0047,Y0050,2026-02-26 11:39:14.594389,279
Y_STR00552,Y_U0012,Y0022,2026-02-28 20:56:18.606864,39
Y_STR00553,Y_U0052,Y0042,2026-02-22 00:52:02.295836,164
Y_STR00554,Y_U0006,Y0022,2026-02-08 15:55:55.851932,140
Y_STR00555,Y_U0035,Y0019,2026-02-08 09:41:19.360962,167
Y_STR00556,Y_U0029,Y0034,2026-02-14 10:57:50.870519,95
Y_STR00557,Y_U0071,Y0043,2026-02-07 08:57:30.673046,50
Y_STR00558,Y_U0097,Y0043,2026-02-05 06:11:48.107077,201
Y_STR00559,Y_U0100,Y0042,2026-02-21 12:58:56.266953,99
Y_STR00560,Y_U0029,Y0011,2026-02-17 04:51:59.346522,111
Y_STR00561,Y_U0099,Y0024,2026-02-22 03:36:16.345453,9
Y_STR00562,Y_U0052,Y0046,2026-02-18 12:14:27.518352,228
Y_STR00563,Y_U0084,Y0025,2026-03-03 22:27:58.310630,39
Y_STR00564,Y_U0042,Y0011,2026-02-10 23:43:19.737723,13
Y_STR00565,Y_U0006,Y0016,2026-02-08 18:13:32.117363,127
Y_STR00566,Y_U0026,Y0024,2026-03-03 14:12:11.030655,18
Y_STR00567,Y_U0013,Y0046,2026-02-23 21:39:58.452276,66
Y_STR00568,Y_U0031,Y0037,2026-03-04 13:58:06.121111,59
Y_STR00569,Y_U0006,Y0009,2026-02-09 17:07:11.836888,68
Y_STR00570,Y_U0056,Y0023,2026-03-02 02:12:47.413439,109
Y_STR00571,Y_U0038,Y0006,2026-02-04 14:33:19.599630,250
Y_STR00572,Y_U0060,Y0027,2026-02-27 21:55:29.362826,126
Y_STR00573,Y_U0077,Y0035,2026-02-18 06:38:22.208585,58
Y_STR00574,Y_U0034,Y0042,2026-02-26 01:53:00.924268,197
Y_STR00575,Y_U0068,Y0046,2026-02-14 10:03:06.934380,177
Y_STR00576,Y_U0005,Y0045,2026-02-18 00:42:02.939049,75
Y_STR00577,Y_U0085,Y0030,2026-03-01 14:04:54.553719,96
Y_STR00578,Y_U0011,Y0040,2026-02-27 19:51:45.179859,307
Y_STR00579,Y_U0016,Y0045,2026-02-21 03:27:34.049743,123
Y_STR00580,Y_U0051,Y0045,2026-02-28 15:23:55.040197,26
Y_STR00581,Y_U0020,Y0017,2026-02-15 15:59:14.961101,87
Y_STR00582,Y_U0016,Y0016,2026-02-12 16:09:48.063539,96
Y_STR00583,Y_U0051,Y0034,2026-02-16 21:45:16.947571,168
Y_STR00584,Y_U0009,Y0046,2026-02-09 18:10:04.417250,46
Y_STR00585,Y_U0055,Y0034,2026-02-22 21:56:57.902690,182
Y_STR00586,Y_U0076,Y0049,2026-02-15 23:28:04.594278,176
Y_STR00587,Y_U0035,Y0040,2026-02-24 11:46:46.882880,166
Y_STR00588,Y_U0065,Y0046,2026-02-11 09:59:24.902516,98
Y_STR00589,Y_U0024,Y0036,2026-02-27 19:18:25.296093,206
Y_STR00590,Y_U0068,Y0049,2026-02-19 05:46:22.660671,180
Y_STR00591,Y_U0053,Y0048,2026-02-17 15:59:24.725241,175
Y_STR00592,Y_U0037,Y0039,2026-02-21 18:46:00.052337,262
Y_STR00593,Y_U0042,Y0029,2026-02-16 11:31:46.523882,158
Y_STR00594,Y_U0038,Y0048,2026-02-06 01:18:21.418090,158
Y_STR00595,Y_U0025,Y0026,2026-03-02 09:42:40.010345,11
Y_STR00596,Y_U0046,Y0044,2026-02-18 17:28:05.452010,158
Y_STR00597,Y_U0040,Y0045,2026-02-06 20:34:13.112618,210
Y_STR00598,Y_U0065,Y0039,2026-03-01 16:02:56.519687,294
Y_STR00599,Y_U0089,Y0041,2026-03-02 09:34:04.297524,100
Y_STR00600,Y_U0008,Y0048,2026-02-08 08:32:56.681269,157
Y_STR00601,Y_U0040,Y0037,2026-02-21 06:23:11.682002,338
Y_STR00602,Y_U0049,Y0024,2026-02-10 17:43:13.967278,295
Y_STR00603,Y_U0069,Y0033,2026-02-25 08:05:40.144513,157
Y_STR00604,Y_U0055,Y0034,2026-03-01 11:18:21.453980,40
Y_STR00605,Y_U0061,Y0040,2026-02-06 12:51:43.334378,270
Y_STR00606,Y_U0010,Y0037,2026-02-25 12:23:43.704913,131
Y_STR00607,Y_U0004,Y0015,2026-02-11 23:46:45.118555,26
Y_STR00608,Y_U0026,Y0031,2026-03-03 23:55:08.236229,28
Y_STR00609,Y_U0051,Y0035,2026-02-14 21:50:10.977046,151
Y_STR00610,Y_U0016,Y0017,2026-02-05 11:55:04.153779,233
Y_STR00611,Y_U0089,Y0024,2026-02-15 08:26:44.201162,145
Y_STR00612,Y_U0029,Y0029,2026-02-20 20:05:35.260509,47
Y_STR00613,Y_U0018,Y0018,2026-02-13 05:22:30.725019,103
Y_STR00614,Y_U0011,Y0044,2026-03-03 02:40:38.230903,139
Y_STR00615,Y_U0012,Y0023,2026-02-20 19:13:22.805379,34
Y_STR00616,Y_U0023,Y0027,2026-02-05 21:22:46.296526,14
Y_STR00617,Y_U0039,Y0029,2026-03-01 17:03:23.776757,64
Y_STR00618,Y_U0013,Y0012,2026-02-21 11:19:36.416554,97
Y_STR00619,Y_U0085,Y0049,2026-02-21 08:42:25.095492,17
Y_STR00620,Y_U0070,Y0022,2026-02-25 12:20:41.929947,58
Y_STR00621,Y_U0017,Y0036,2026-02-18 03:58:21.606658,162
Y_STR00622,Y_U0050,Y0038,2026-02-04 16:34:26.933551,170
Y_STR00623,Y_U0041,Y0033,2026-02-28 07:10:35.723469,173
Y_STR00624,Y_U0069,Y0041,2026-02-24 00:00:48.735076,132
Y_STR00625,Y_U0005,Y0027,2026-02-27 09:58:20.004573,46
Y_STR00626,Y_U0075,Y0050,2026-02-16 18:24:29.854248,163
Y_STR00627,Y_U0097,Y0049,2026-02-12 07:16:25.500898,5
Y_STR00628,Y_U0020,Y0047,2026-02-08 23:39:31.584162,5
Y_STR00629,Y_U0079,Y0018,2026-02-09 07:13:31.979025,22
Y_STR00630,Y_U0033,Y0032,2026-02-10 10:48:41.808637,72
Y_STR00631,Y_U0020,Y0047,2026-02-13 20:42:26.988850,100
Y_STR00632,Y_U0019,Y0045,2026-02-09 19:19:42.989811,189
Y_STR00633,Y_U0019,Y0043,2026-02-24 00:52:42.094164,84
Y_STR00634,Y_U0012,Y0049,2026-02-20 21:20:13.312478,180
Y_STR00635,Y_U0025,Y0039,2026-02-11 07:24:15.856008,166
Y_STR00636,Y_U0049,Y0030,2026-02-22 10:44:12.480974,139
Y_STR00637,Y_U0086,Y0021,2026-02-19 17:53:52.587886,118
Y_STR00638,Y_U0089,Y0050,2026-02-13 08:58:44.366303,281
Y_STR00639,Y_U0023,Y0039,2026-02-21 17:43:02.892403,315
Y_STR00640,Y_U0078,Y0031,2026-02-05 17:28:32.604208,122
Y_STR00641,Y_U0034,Y0018,2026-02-09 17:14:33.584690,182
Y_STR00642,Y_U0093,Y0036,2026-02-28 05:56:36.579402,213
Y_STR00643,Y_U0055,Y0009,2026-02-24 07:09:42.915773,139
Y_STR00644,Y_U0078,Y0042,2026-02-13 00:27:23.028002,171
Y_STR00645,Y_U0007,Y0045,2026-02-08 14:40:26.283164,128
Y_STR00646,Y_U0061,Y0047,2026-02-07 13:54:43.516735,94
Y_STR00647,Y_U0035,Y0026,2026-02-23 10:27:32.736131,88
Y_STR00648,Y_U0075,Y0043,2026-02-12 06:43:44.970442,135
Y_STR00649,Y_U0010,Y0029,2026-02-25 08:26:32.796720,75
Y_STR00650,Y_U0063,Y0036,2026-02-23 14:30:03.301281,139
Y_STR00651,Y_U0100,Y0018,2026-02-27 07:11:46.863778,176
Y_STR00652,Y_U0051,Y0017,2026-02-10 16:49:53.747013,200
Y_STR00653,Y_U0032,Y0035,2026-03-01 16:26:39.935653,83
Y_STR00654,Y_U0034,Y0021,2026-02-08 12:48:39.462884,104
Y_STR00655,Y_U0062,Y0014,2026-02-25 15:24:06.145471,281
Y_STR00656,Y_U0009,Y0047,2026-02-10 09:50:49.502923,205
Y_STR00657,Y_U0079,Y0049,2026-02-08 21:00:22.511240,125
Y_STR00658,Y_U0087,Y0047,2026-02-27 02:51:00.793877,51
Y_STR00659,Y_U0096,Y0034,2026-02-16 14:43:24.487871,83
Y_STR00660,Y_U0078,Y0038,2026-02-10 18:29:56.524219,177
Y_STR00661,Y_U0006,Y0049,2026-02-10 00:42:48.484391,7
Y_STR00662,Y_U0099,Y0009,2026-03-01 16:21:40.355558,34
Y_STR00663,Y_U0096,Y0008,2026-02-13 16:12:51.831591,45
Y_STR00664,Y_U0010,Y0009,2026-02-27 09:53:52.310135,119
Y_STR00665,Y_U0088,Y0008,2026-02-22 03:56:14.292113,129
Y_STR00666,Y_U0076,Y0004,2026-02-19 08:03:16.726201,164
Y_STR00667,Y_U0095,Y0042,2026-02-13 20:20:50.748536,81
Y_STR00668,Y_U0056,Y0028,2026-03-03 03:56:07.294415,36
Y_STR00669,Y_U0078,Y0031,2026-02-21 09:01:33.388064,50
Y_STR00670,Y_U0088,Y0050,2026-02-22 03:21:20.252289,172
Y_STR00671,Y_U0075,Y0034,2026-02-13 04:34:20.927158,39
Y_STR00672,Y_U0007,Y0032,2026-03-04 23:53:24.856789,124
Y_STR00673,Y_U0013,Y0028,2026-02-18 10:11:18.124408,219
Y_STR00674,Y_U0072,Y0049,2026-02-11 07:52:19.046696,182
Y_STR00675,Y_U0020,Y0037,2026-02-08 11:39:13.317024,44
Y_STR00676,Y_U0067,Y0029,2026-02-21 15:50:28.940197,88
Y_STR00677,Y_U0057,Y0043,2026-02-22 14:10:15.688832,183
Y_STR00678,Y_U0007,Y0004,2026-02-06 08:09:28.484447,78
Y_STR00679,Y_U0087,Y0011,2026-02-11 04:01:09.877375,69
Y_STR00680,Y_U0053,Y0025,2026-02-07 17:36:42.922501,186
Y_STR00681,Y_U0085,Y0042,2026-03-05 23:42:45.170294,275
Y_STR00682,Y_U0030,Y0049,2026-03-01 21:42:43.852332,187
Y_STR00683,Y_U0061,Y0038,2026-02-28 13:49:11.380971,167
Y_STR00684,Y_U0064,Y0030,2026-02-05 10:34:54.179436,6
Y_STR00685,Y_U0017,Y0022,2026-02-13 03:28:12.895205,91
Y_STR00686,Y_U0066,Y0044,2026-02-15 06:44:33.175378,123
Y_STR00687,Y_U0081,Y0007,2026-03-05 04:22:25.742657,84
Y_STR00688,Y_U0032,Y0027,2026-02-07 14:37:49.796074,43
Y_STR00689,Y_U0092,Y0026,2026-02-23 13:47:41.925708,49
Y_STR00690,Y_U0056,Y0050,2026-02-09 18:59:01.541629,17
Y_STR00691,Y_U0011,Y0039,2026-02-26 22:24:10.427343,48
Y_STR00692,Y_U0041,Y0029,2026-02-22 23:58:26.985619,166
Y_STR00693,Y_U0046,Y0025,2026-02-21 23:22:29.587372,127
Y_STR00694,Y_U0048,Y0050,2026-02-24 09:01:36.945637,323
Y_STR00695,Y_U0006,Y0040,2026-02-05 07:19:42.818473,243
Y_STR00696,Y_U0011,Y0031,2026-02-20 09:04:33.753491,52
Y_STR00697,Y_U0094,Y0034,2026-03-04 07:34:38.539745,31
Y_STR00698,Y_U0002,Y0039,2026-02-18 03:21:30.626414,209
Y_STR00699,Y_U0081,Y0046,2026-02-09 20:34:09.680771,98
Y_STR00700,Y_U0088,Y0021,2026-03-05 06:06:22.024024,189
Y_STR00701,Y_U0015,Y0045,2026-03-06 09:25:53.347208,211
Y_STR00702,Y_U0068,Y0048,2026-02-27 09:54:04.955425,76
Y_STR00703,Y_U0040,Y0040,2026-02-27 05:24:21.925977,46
Y_STR00704,Y_U0086,Y0017,2026-02-15 02:05:19.753781,187
Y_STR00705,Y_U0008,Y0038,2026-02-08 16:36:33.470411,40
Y_STR00706,Y_U0065,Y0036,2026-02-19 11:32:27.530156,208
Y_STR00707,Y_U0060,Y0047,2026-02-27 12:20:38.477917,28
Y_STR00708,Y_U0063,Y0043,2026-03-01 18:49:27.556383,19
Y_STR00709,Y_U0016,Y0032,2026-02-19 22:31:02.672121,130
Y_STR00710,Y_U0096,Y0047,2026-02-11 05:37:25.308902,48
Y_STR00711,Y_U0002,Y0022,2026-02-14 01:21:19.940077,27
Y_STR00712,Y_U0023,Y0033,2026-02-16 18:06:10.840345,271
Y_STR00713,Y_U0026,Y0045,2026-02-17 23:47:44.480460,175
Y_STR00714,Y_U0100,Y0024,2026-02-18 14:43:34.086055,238
Y_STR00715,Y_U0069,Y0012,2026-02-23 23:06:26.573702,238
Y_STR00716,Y_U0053,Y0040,2026-02-12 18:17:41.060854,60
Y_STR00717,Y_U0097,Y0049,2026-03-01 07:11:08.469234,156
Y_STR00718,Y_U0098,Y0046,2026-02-16 02:17:35.819206,38
Y_STR00719,Y_U0095,Y0045,2026-02-22 21:45:06.785868,125
Y_STR00720,Y_U0088,Y0050,2026-02-10 16:34:56.954344,247
Y_STR00721,Y_U0001,Y0014,2026-02-19 01:25:17.769793,96
Y_STR00722,Y_U0048,Y0042,2026-02-23 13:57:24.227282,29
Y_STR00723,Y_U0085,Y0027,2026-03-03 21:35:06.418628,71
Y_STR00724,Y_U0010,Y0032,2026-02-10 13:47:41.544854,237
Y_STR00725,Y_U0051,Y0036,2026-02-16 19:12:54.396297,19
Y_STR00726,Y_U0081,Y0015,2026-02-12 10:59:54.480276,253
Y_STR00727,Y_U0002,Y0041,2026-02-27 23:36:56.078351,28
Y_STR00728,Y_U0068,Y0022,2026-02-19 08:29:54.461494,34
Y_STR00729,Y_U0095,Y0020,2026-02-19 13:10:33.825035,295
Y_STR00730,Y_U0021,Y0021,2026-02-18 13:23:28.492792,102
Y_STR00731,Y_U0061,Y0040,2026-02-12 01:25:55.729230,74
Y_STR00732,Y_U0084,Y0012,2026-02-14 13:55:27.113359,23
Y_STR00733,Y_U0046,Y0025,2026-02-07 16:27:49.227777,134
Y_STR00734,Y_U0087,Y0050,2026-03-02 11:26:47.154316,68
Y_STR00735,Y_U0067,Y0009,2026-03-05 20:01:31.153188,136
Y_STR00736,Y_U0072,Y0047,2026-02-28 15:10:48.192463,45
Y_STR00737,Y_U0062,Y0049,2026-02-23 03:33:41.815760,231
Y_STR00738,Y_U0044,Y0033,2026-02-17 12:30:00.908619,265
Y_STR00739,Y_U0092,Y0032,2026-02-10 17:17:51.294352,86
Y_STR00740,Y_U0017,Y0023,2026-02-11 06:39:55.162898,123
Y_STR00741,Y_U0062,Y0043,2026-02-11 20:58:31.121709,136
Y_STR00742,Y_U0012,Y0016,2026-03-06 08:15:44.664112,35
Y_STR00743,Y_U0083,Y0050,2026-02-21 23:49:22.854026,107
Y_STR00744,Y_U0054,Y0049,2026-02-08 09:10:41.160921,180
Y_STR00745,Y_U0055,Y0033,2026-02-06 07:54:11.441455,131
Y_STR00746,Y_U0084,Y0020,2026-03-03 12:57:39.209494,284
Y_STR00747,Y_U0031,Y0033,2026-03-02 04:24:51.313679,83
Y_STR00748,Y_U0065,Y0048,2026-02-24 16:04:05.116777,55
Y_STR00749,Y_U0091,Y0049,2026-02-10 11:23:45.187541,97
Y_STR00750,Y_U0054,Y0040,2026-02-20 22:35:56.339428,289
Y_STR00751,Y_U0031,Y0017,2026-02-23 18:20:39.209792,118
Y_STR00752,Y_U0047,Y0036,2026-03-04 09:05:40.817730,116
Y_STR00753,Y_U0040,Y0011,2026-02-06 09:35:44.796594,163
Y_STR00754,Y_U0092,Y0038,2026-02-21 09:26:35.756923,125
Y_STR00755,Y_U0050,Y0015,2026-02-21 03:41:47.198159,60
Y_STR00756,Y_U0024,Y0028,2026-03-01 09:14:56.350620,181
Y_STR00757,Y_U0100,Y0049,2026-02-17 16:20:47.577156,48
Y_STR00758,Y_U0033,Y0025,2026-02-28 23:01:40.537751,25
Y_STR00759,Y_U0055,Y0050,2026-02-21 12:02:04.817248,321
Y_STR00760,Y_U0066,Y0038,2026-02-13 12:34:32.659951,114
Y_STR00761,Y_U0061,Y0039,2026-03-04 04:49:08.302152,120
Y_STR00762,Y_U0051,Y0042,2026-02-18 08:11:13.267870,155
Y_STR00763,Y_U0026,Y0019,2026-02-28 23:29:21.882678,35
Y_STR00764,Y_U0090,Y0050,2026-02-24 07:26:18.469037,175
Y_STR00765,Y_U0002,Y0039,2026-02-05 23:21:09.696622,31
Y_STR00766,Y_U0012,Y0016,2026-02-10 07:31:33.878067,103
Y_STR00767,Y_U0083,Y0049,2026-02-25 03:18:10.816263,148
Y_STR00768,Y_U0088,Y0036,2026-02-20 14:50:21.992283,194
Y_STR00769,Y_U0006,Y0043,2026-02-25 07:31:48.229803,31
Y_STR00770,Y_U0070,Y0050,2026-02-06 02:49:21.882931,308
Y_STR00771,Y_U0053,Y0044,2026-02-28 00:40:16.254228,220
Y_STR00772,Y_U0007,Y0044,2026-02-25 19:39:42.105693,223
Y_STR00773,Y_U0009,Y0046,2026-02-05 17:14:00.897363,227
Y_STR00774,Y_U0037,Y0033,2026-02-22 11:09:05.336068,37
Y_STR00775,Y_U0011,Y0048,2026-03-05 01:39:08.458000,199
Y_STR00776,Y_U0079,Y0027,2026-02-28 17:56:12.758302,64
Y_STR00777,Y_U0001,Y0034,2026-02-16 14:55:06.607668,106
Y_STR00778,Y_U0021,Y0045,2026-02-05 21:55:59.711776,8
Y_STR00779,Y_U0040,Y0026,2026-02-10 08:37:48.886939,100
Y_STR00780,Y_U0093,Y0050,2026-02-16 13:07:14.779691,217
Y_STR00781,Y_U0009,Y0049,2026-03-01 17:59:15.797113,148
Y_STR00782,Y_U0095,Y0045,2026-02-26 09:16:33.969299,106
Y_STR00783,Y_U0048,Y0029,2026-02-22 15:01:40.185715,43
Y_STR00784,Y_U0077,Y0014,2026-02-25 22:04:13.078796,104
Y_STR00785,Y_U0044,Y0035,2026-02-23 16:03:05.190398,220
Y_STR00786,Y_U0037,Y0016,2026-02-12 10:53:28.925445,117
Y_STR00787,Y_U0046,Y0036,2026-02-11 10:44:21.171682,76
Y_STR00788,Y_U0016,Y0044,2026-02-14 17:05:11.441534,299
Y_STR00789,Y_U0055,Y0017,2026-02-16 15:42:40.559306,192
Y_STR00790,Y_U0003,Y0044,2026-02-20 03:21:29.573183,203
Y_STR00791,Y_U0079,Y0022,2026-03-03 20:43:42.573429,118
Y_STR00792,Y_U0027,Y0044,2026-02-04 17:19:28.134224,196
Y_STR00793,Y_U0062,Y0005,2026-02-28 05:02:18.801418,339
Y_STR00794,Y_U0080,Y0027,2026-02-07 02:57:38.167083,143
Y_STR00795,Y_U0069,Y0038,2026-02-27 16:19:45.095018,80
Y_STR00796,Y_U0006,Y0033,2026-02-22 22:21:04.496171,204
Y_STR00797,Y_U0012,Y0034,2026-02-18 02:10:05.184099,38
Y_STR00798,Y_U0021,Y0037,2026-03-04 08:56:03.757743,41
Y_STR00799,Y_U0019,Y0034,2026-02-16 03:57:57.488743,67
Y_STR00800,Y_U0024,Y0032,2026-02-10 02:20:21.444847,71
Y_STR00801,Y_U0050,Y0028,2026-02-18 02:25:59.505201,199
Y_STR00802,Y_U0012,Y0048,2026-02-06 11:51:56.254257,105
Y_STR00803,Y_U0003,Y0031,2026-02-06 02:30:01.479362,88
Y_STR00804,Y_U0033,Y0035,2026-02-04 09:52:54.242799,216
Y_STR00805,Y_U0035,Y0021,2026-02-20 21:52:43.797239,162
Y_STR00806,Y_U0094,Y0004,2026-02-10 07:44:31.735872,183
Y_STR00807,Y_U0091,Y0050,2026-02-12 19:26:45.342299,233
Y_STR00808,Y_U0007,Y0045,2026-02-15 02:10:35.787085,220
Y_STR00809,Y_U0062,Y0043,2026-02-27 09:06:22.305482,50
Y_STR00810,Y_U0007,Y0018,2026-02-05 14:13:16.976322,168
Y_STR00811,Y_U0050,Y0028,2026-02-04 12:03:16.254011,154
Y_STR00812,Y_U0037,Y0014,2026-02-10 19:24:28.833836,220
Y_STR00813,Y_U0090,Y0012,2026-02-26 16:52:35.644439,124
Y_STR00814,Y_U0044,Y0014,2026-02-18 22:17:33.232846,305
Y_STR00815,Y_U0067,Y0006,2026-02-20 02:28:25.000245,253
Y_STR00816,Y_U0013,Y0023,2026-02-06 11:14:09.228051,88
Y_STR00817,Y_U0033,Y0050,2026-03-02 00:39:19.143257,252
Y_STR00818,Y_U0050,Y0050,2026-02-17 04:48:18.474692,272
Y_STR00819,Y_U0043,Y0025,2026-02-15 22:34:53.774715,161
Y_STR00820,Y_U0071,Y0020,2026-02-17 04:28:19.353005,84
Y_STR00821,Y_U0088,Y0047,2026-02-22 13:10:04.235243,104
Y_STR00822,Y_U0007,Y0029,2026-02-08 04:48:38.316182,101
Y_STR00823,Y_U0070,Y0050,2026-02-08 15:03:13.797060,228
Y_STR00824,Y_U0050,Y0048,2026-02-16 10:14:28.436268,129
Y_STR00825,Y_U0015,Y0014,2026-02-14 16:14:29.567931,172
Y_STR00826,Y_U0064,Y0050,2026-03-05 23:25:30.619062,179
Y_STR00827,Y_U0032,Y0030,2026-02-21 09:19:31.303305,75
Y_STR00828,Y_U0037,Y0020,2026-02-22 13:01:30.802653,100
Y_STR00829,Y_U0084,Y0038,2026-02-25 02:38:05.694591,181
Y_STR00830,Y_U0065,Y0046,2026-02-18 00:09:37.744458,121
Y_STR00831,Y_U0075,Y0033,2026-02-15 08:41:46.588873,24
Y_STR00832,Y_U0019,Y0034,2026-02-24 21:22:32.714407,195
Y_STR00833,Y_U0013,Y0050,2026-03-03 20:33:25.725723,320
Y_STR00834,Y_U0079,Y0034,2026-03-04 16:47:01.320681,58
Y_STR00835,Y_U0023,Y0049,2026-02-19 08:21:50.330244,216
Y_STR00836,Y_U0100,Y0030,2026-02-10 09:43:27.671988,61
Y_STR00837,Y_U0003,Y0033,2026-02-21 11:06:19.170808,99
Y_STR00838,Y_U0044,Y0042,2026-02-11 19:58:04.589203,80
Y_STR00839,Y_U0072,Y0018,2026-03-02 19:37:00.258702,91
Y_STR00840,Y_U0006,Y0050,2026-02-13 08:47:19.417525,307
Y_STR00841,Y_U0004,Y0044,2026-02-13 15:10:20.135311,101
Y_STR00842,Y_U0077,Y0035,2026-02-07 17:42:22.846348,271
Y_STR00843,Y_U0087,Y0043,2026-02-28 18:29:41.429623,173
Y_STR00844,Y_U0036,Y0010,2026-02-18 05:45:16.147824,154
Y_STR00845,Y_U0022,Y0029,2026-03-04 18:50:48.281867,75
Y_STR00846,Y_U0053,Y0011,2026-02-05 16:34:40.988715,80
Y_STR00847,Y_U0059,Y0017,2026-02-21 23:02:24.975061,207
Y_STR00848,Y_U0015,Y0029,2026-02-28 06:29:52.072919,80
Y_STR00849,Y_U0085,Y0035,2026-02-07 12:23:46.454834,110
Y_STR00850,Y_U0069,Y0041,2026-03-05 12:04:44.304697,74
Y_STR00851,Y_U0022,Y0024,2026-02-24 12:38:39.107394,129
Y_STR00852,Y_U0084,Y0044,2026-02-07 16:07:57.311307,204
Y_STR00853,Y_U0058,Y0035,2026-03-02 00:47:46.945910,93
Y_STR00854,Y_U0033,Y0033,2026-02-14 13:28:09.610711,29
Y_STR00855,Y_U0010,Y0034,2026-03-02 11:54:10.255501,153
Y_STR00856,Y_U0061,Y0013,2026-03-02 11:07:24.506391,50
Y_STR00857,Y_U0085,Y0047,2026-02-09 13:21:48.631276,166
Y_STR00858,Y_U0054,Y0037,2026-02-19 17:03:41.511853,180
Y_STR00859,Y_U0039,Y0050,2026-02-23 15:10:00.453326,290
Y_STR00860,Y_U0022,Y0009,2026-02-23 13:27:35.624860,145
Y_STR00861,Y_U0022,Y0020,2026-02-18 12:53:36.556161,188
Y_STR00862,Y_U0042,Y0042,2026-03-02 17:03:51.537037,127
Y_STR00863,Y_U0095,Y0024,2026-02-25 16:09:21.499650,196
Y_STR00864,Y_U0099,Y0024,2026-02-17 01:20:37.470566,196
Y_STR00865,Y_U0075,Y0017,2026-03-01 00:43:20.303325,175
Y_STR00866,Y_U0003,Y0016,2026-02-23 13:47:52.690299,97
Y_STR00867,Y_U0020,Y0025,2026-02-06 01:46:22.094439,106
Y_STR00868,Y_U0098,Y0031,2026-03-01 16:03:42.362958,65
Y_STR00869,Y_U0051,Y0031,2026-02-06 10:06:08.695798,5
Y_STR00870,Y_U0083,Y0039,2026-03-03 23:47:17.991586,264
Y_STR00871,Y_U0092,Y0030,2026-02-15 01:38:38.779005,70
Y_STR00872,Y_U0030,Y0050,2026-02-20 02:45:45.969097,88
Y_STR00873,Y_U0089,Y0045,2026-02-06 11:50:38.591462,214
Y_STR00874,Y_U0007,Y0038,2026-02-06 12:58:49.062950,147
Y_STR00875,Y_U0018,Y0019,2026-02-11 07:22:00.705928,175
Y_STR00876,Y_U0047,Y0021,2026-02-25 15:52:47.792748,108
Y_STR00877,Y_U0072,Y0032,2026-02-13 10:58:24.217804,42
Y_STR00878,Y_U0091,Y0047,2026-02-05 20:49:42.101195,81
Y_STR00879,Y_U0035,Y0037,2026-02-09 18:04:38.004947,101
Y_STR00880,Y_U0052,Y0032,2026-02-05 20:26:07.521941,142
Y_STR00881,Y_U0048,Y0040,2026-02-28 04:43:07.590030,200
Y_STR00882,Y_U0003,Y0017,2026-02-26 09:21:42.303784,166
Y_STR00883,Y_U0075,Y0038,2026-02-18 09:35:43.311529,66
Y_STR00884,Y_U0014,Y0027,2026-02-05 12:33:39.139161,9
Y_STR00885,Y_U0040,Y0046,2026-03-03 23:41:39.316802,64
Y_STR00886,Y_U0096,Y0033,2026-02-19 07:08:22.519264,224
Y_STR00887,Y_U0056,Y0043,2026-02-13 20:17:59.390490,46
Y_STR00888,Y_U0019,Y0038,2026-02-05 00:59:10.792815,81
Y_STR00889,Y_U0089,Y0039,2026-02-04 09:59:41.594027,199
Y_STR00890,Y_U0039,Y0046,2026-02-20 08:46:37.989336,22
Y_STR00891,Y_U0085,Y0040,2026-02-17 02:35:03.348346,322
Y_STR00892,Y_U0012,Y0027,2026-02-05 10:35:58.505179,61
Y_STR00893,Y_U0072,Y0040,2026-02-07 14:01:32.103603,100
Y_STR00894,Y_U0069,Y0050,2026-02-20 19:06:04.915365,145
Y_STR00895,Y_U0023,Y0036,2026-02-22 02:12:17.291536,92
Y_STR00896,Y_U0090,Y0042,2026-02-04 15:41:55.891936,98
Y_STR00897,Y_U0098,Y0014,2026-02-08 21:30:59.629181,148
Y_STR00898,Y_U0058,Y0046,2026-02-28 12:47:15.453986,257
Y_STR00899,Y_U0017,Y0021,2026-03-03 03:56:53.498100,192
Y_STR00900,Y_U0039,Y0025,2026-03-05 09:37:11.249454,141
Y_STR00901,Y_U0022,Y0046,2026-02-09 01:53:12.049096,165
Y_STR00902,Y_U0034,Y0031,2026-02-14 03:15:21.760145,29
Y_STR00903,Y_U0005,Y0020,2026-02-28 08:48:24.384307,10
Y_STR00904,Y_U0099,Y0047,2026-03-02 03:02:58.453178,215
Y_STR00905,Y_U0060,Y0040,2026-02-27 03:52:03.802498,90
Y_STR00906,Y_U0054,Y0023,2026-02-04 12:49:01.391014,118
Y_STR00907,Y_U0087,Y0016,2026-03-03 08:47:29.078880,87
Y_STR00908,Y_U0096,Y0050,2026-02-13 10:31:16.882906,92
Y_STR00909,Y_U0045,Y0022,2026-03-03 11:25:21.856455,156
Y_STR00910,Y_U0097,Y0039,2026-02-05 07:01:01.499325,239
Y_STR00911,Y_U0092,Y0034,2026-02-10 04:16:19.714703,61
Y_STR00912,Y_U0021,Y0032,2026-02-07 21:12:12.320563,188
Y_STR00913,Y_U0086,Y0045,2026-03-01 06:18:56.558309,209
Y_STR00914,Y_U0075,Y0045,2026-03-01 11:46:14.417093,84
Y_STR00915,Y_U0006,Y0038,2026-02-08 11:34:01.895392,56
Y_STR00916,Y_U0002,Y0029,2026-03-02 12:51:52.179424,121
Y_STR00917,Y_U0058,Y0017,2026-03-01 09:58:43.442207,82
Y_STR00918,Y_U0077,Y0035,2026-02-15 15:13:10.364790,303
Y_STR00919,Y_U0024,Y0042,2026-02-04 10:36:44.672951,210
Y_STR00920,Y_U0041,Y0050,2026-02-12 16:54:59.896841,192
Y_STR00921,Y_U0050,Y0045,2026-02-18 16:19:29.703412,8
Y_STR00922,Y_U0056,Y0037,2026-02-15 21:04:44.196713,128
Y_STR00923,Y_U0063,Y0017,2026-02-05 12:30:57.767378,75
Y_STR00924,Y_U0007,Y0016,2026-02-11 11:16:05.126844,22
Y_STR00925,Y_U0061,Y0049,2026-02-19 18:51:23.393771,205
Y_STR00926,Y_U0029,Y0021,2026-03-05 19:26:20.712811,68
Y_STR00927,Y_U0081,Y0027,2026-02-06 09:23:05.446667,62
Y_STR00928,Y_U0038,Y0045,2026-02-24 06:50:08.797246,194
Y_STR00929,Y_U0022,Y0044,2026-02-18 21:50:30.552453,173
Y_STR00930,Y_U0070,Y0024,2026-02-08 05:55:17.060802,271
Y_STR00931,Y_U0034,Y0018,2026-02-19 04:32:14.586722,43
Y_STR00932,Y_U0064,Y0048,2026-02-08 07:09:40.487116,218
Y_STR00933,Y_U0089,Y0044,2026-03-02 01:56:18.940055,302
Y_STR00934,Y_U0049,Y0046,2026-02-24 01:16:23.229231,20
Y_STR00935,Y_U0005,Y0035,2026-02-12 21:25:20.540754,46
Y_STR00936,Y_U0057,Y0034,2026-02-16 16:06:22.976562,143
Y_STR00937,Y_U0084,Y0034,2026-02-15 06:44:51.331435,33
Y_STR00938,Y_U0023,Y0050,2026-02-24 06:53:07.239277,188
Y_STR00939,Y_U0038,Y0049,2026-02-08 16:45:31.980809,184
Y_STR00940,Y_U0080,Y0049,2026-03-03 18:44:10.134615,15
Y_STR00941,Y_U0096,Y0042,2026-02-08 04:05:59.484873,256
Y_STR00942,Y_U0016,Y0049,2026-02-24 17:47:21.366673,229
Y_STR00943,Y_U0061,Y0049,2026-02-05 05:39:46.328996,147
Y_STR00944,Y_U0016,Y0043,2026-02-06 06:03:54.481876,161
Y_STR00945,Y_U0039,Y0045,2026-02-11 03:54:30.796709,132
Y_STR00946,Y_U0089,Y0047,2026-02-08 11:58:30.953679,68
Y_STR00947,Y_U0011,Y0027,2026-02-11 21:42:55.308272,49
Y_STR00948,Y_U0010,Y0013,2026-03-02 19:48:33.148357,30
Y_STR00949,Y_U0030,Y0047,2026-02-23 20:17:37.364310,180
Y_STR00950,Y_U0017,Y0028,2026-02-13 03:04:10.180949,70
Y_STR00951,Y_U0026,Y0042,2026-02-09 07:23:37.194910,332
Y_STR00952,Y_U0071,Y0021,2026-02-28 12:20:49.494962,198
Y_STR00953,Y_U0008,Y0041,2026-02-09 04:01:36.479534,86
Y_STR00954,Y_U0028,Y0037,2026-03-02 21:17:49.005669,246
Y_STR00955,Y_U0019,Y0043,2026-02-23 15:30:48.576461,15
Y_STR00956,Y_U0056,Y0047,2026-02-18 06:35:11.948156,150
Y_STR00957,Y_U0098,Y0028,2026-02-28 18:51:01.060127,19
Y_STR00958,Y_U0040,Y0050,2026-02-21 03:23:51.510175,202
Y_STR00959,Y_U0004,Y0046,2026-03-05 04:44:06.338151,108
Y_STR00960,Y_U0011,Y0037,2026-02-07 23:44:22.632695,358
Y_STR00961,Y_U0083,Y0029,2026-02-26 19:56:50.488361,31
Y_STR00962,Y_U0059,Y0029,2026-02-12 01:10:38.659263,133
Y_STR00963,Y_U0021,Y0021,2026-02-28 21:48:48.191236,95
Y_STR00964,Y_U0060,Y0032,2026-02-17 08:09:20.173850,40
Y_STR00965,Y_U0058,Y0030,2026-02-10 13:32:46.582529,162
Y_STR00966,Y_U0026,Y0047,2026-02-14 23:56:00.139688,11
Y_STR00967,Y_U0052,Y0029,2026-02-06 08:47:26.040029,83
Y_STR00968,Y_U0085,Y0030,2026-03-05 05:46:20.895710,170
Y_STR00969,Y_U0098,Y0050,2026-02-17 19:27:34.440513,48
Y_STR00970,Y_U0002,Y0040,2026-03-04 04:40:23.211398,333
Y_STR00971,Y_U0054,Y0013,2026-02-23 00:48:28.124884,123
Y_STR00972,Y_U0095,Y0027,2026-02-27 15:34:42.305151,43
Y_STR00973,Y_U0009,Y0044,2026-02-06 04:49:12.919190,34
Y_STR00974,Y_U0076,Y0049,2026-02-21 12:27:00.287652,41
Y_STR00975,Y_U0057,Y0030,2026-03-06 04:06:54.703823,97
Y_STR00976,Y_U0083,Y0040,2026-02-11 02:25:05.905277,50
Y_STR00977,Y_U0004,Y0023,2026-02-27 01:00:04.491911,51
Y_STR00978,Y_U0048,Y0013,2026-03-05 00:03:50.826898,131
Y_STR00979,Y_U0061,Y0039,2026-03-01 16:13:49.185062,313
Y_STR00980,Y_U0001,Y0034,2026-02-04 15:00:58.353346,182
Y_STR00981,Y_U0072,Y0050,2026-02-27 00:43:42.880680,154
Y_STR00982,Y_U0023,Y0050,2026-02-25 08:39:54.622823,153
Y_STR00983,Y_U0083,Y0037,2026-02-24 10:58:30.143852,104
Y_STR00984,Y_U0093,Y0026,2026-02-20 09:59:01.325389,127
Y_STR00985,Y_U0034,Y0040,2026-02-22 13:04:04.011789,178
Y_STR00986,Y_U0044,Y0020,2026-02-18 18:04:20.679632,300
Y_STR00987,Y_U0093,Y0040,2026-02-09 17:19:55.551183,253
Y_STR00988,Y_U0066,Y0027,2026-02-17 20:12:26.250433,99
Y_STR00989,Y_U0052,Y0039,2026-02-06 00:25:07.903585,49
Y_STR00990,Y_U0044,Y0048,2026-02-15 18:26:02.660417,39
Y_STR00991,Y_U0080,Y0028,2026-02-16 17:46:12.038203,133
Y_STR00992,Y_U0007,Y0046,2026-02-05 22:54:52.690325,218
Y_STR00993,Y_U0094,Y0038,2026-03-04 23:13:17.609688,118
Y_STR00994,Y_U0047,Y0023,2026-03-05 09:50:24.042308,78
Y_STR00995,Y_U0032,Y0032,2026-02-23 19:45:29.125274,178
Y_STR00996,Y_U0076,Y0050,2026-02-08 02:12:44.026467,206
Y_STR00997,Y_U0042,Y0050,2026-02-09 16:33:04.947589,281
Y_STR00998,Y_U0013,Y0028,2026-02-21 22:41:33.378890,60
Y_STR00999,Y_U0085,Y0050,2026-03-01 16:25:14.497038,292
Y_STR01000,Y_U0032,Y0044,2026-02-23 13:10:29.498406,82
Y_STR01001,Y_U0063,Y0026,2026-02-27 19:37:06.372253,79
Y_STR01002,Y_U0072,Y0027,2026-02-08 21:03:19.380472,60
Y_STR01003,Y_U0054,Y0011,2026-02-10 18:40:46.946631,9
Y_STR01004,Y_U0035,Y0027,2026-02-13 17:15:29.499269,121
Y_STR01005,Y_U0075,Y0050,2026-02-21 20:50:11.205628,84
Y_STR01006,Y_U0052,Y0037,2026-03-03 07:19:46.041402,216
Y_STR01007,Y_U0028,Y0046,2026-02-25 16:53:47.258425,84
Y_STR01008,Y_U0061,Y0035,2026-03-05 13:53:43.552722,39
Y_STR01009,Y_U0060,Y0005,2026-02-06 11:47:08.439934,299
Y_STR01010,Y_U0097,Y0040,2026-02-09 23:51:01.476721,182
Y_STR01011,Y_U0076,Y0039,2026-02-10 02:51:25.866088,243
Y_STR01012,Y_U0047,Y0034,2026-02-17 15:50:15.512602,108
Y_STR01013,Y_U0034,Y0033,2026-03-02 06:55:55.703329,113
Y_STR01014,Y_U0048,Y0016,2026-02-11 03:49:14.778736,7
Y_STR01015,Y_U0075,Y0050,2026-02-07 15:12:46.307047,304
Y_STR01016,Y_U0081,Y0030,2026-02-08 12:08:31.647464,149
Y_STR01017,Y_U0008,Y0036,2026-02-19 14:45:15.072550,187
Y_STR01018,Y_U0024,Y0044,2026-03-04 07:46:30.647260,234
Y_STR01019,Y_U0013,Y0043,2026-02-05 23:42:13.203197,39
Y_STR01020,Y_U0017,Y0028,2026-02-16 02:34:48.044825,169
Y_STR01021,Y_U0076,Y0049,2026-02-15 04:30:00.285665,62
Y_STR01022,Y_U0071,Y0042,2026-03-01 07:50:51.861693,136
Y_STR01023,Y_U0072,Y0044,2026-02-28 03:43:32.014017,111
Y_STR01024,Y_U0091,Y0041,2026-02-13 13:47:22.844829,53
Y_STR01025,Y_U0036,Y0036,2026-03-03 07:02:37.051547,205
Y_STR01026,Y_U0070,Y0019,2026-02-20 09:29:05.163250,200
Y_STR01027,Y_U0053,Y0039,2026-02-10 11:48:58.354941,274
Y_STR01028,Y_U0037,Y0040,2026-02-24 04:48:38.910219,209
Y_STR01029,Y_U0056,Y0032,2026-02-10 03:56:48.158503,60
Y_STR01030,Y_U0011,Y0037,2026-02-15 12:08:22.940608,22
Y_STR01031,Y_U0001,Y0028,2026-02-19 13:02:01.188052,246
Y_STR01032,Y_U0089,Y0030,2026-02-15 15:47:47.788401,49
Y_STR01033,Y_U0075,Y0024,2026-02-20 04:48:39.292113,233
Y_STR01034,Y_U0059,Y0030,2026-02-10 13:46:28.957536,62
Y_STR01035,Y_U0084,Y0042,2026-02-10 12:11:21.540859,64
Y_STR01036,Y_U0055,Y0050,2026-02-27 14:59:33.496388,63
Y_STR01037,Y_U0051,Y0042,2026-02-15 23:28:51.548775,102
Y_STR01038,Y_U0066,Y0050,2026-02-24 16:54:39.577648,239
Y_STR01039,Y_U0072,Y0040,2026-02-05 20:58:49.548951,205
Y_STR01040,Y_U0022,Y0009,2026-03-04 19:31:32.533548,9
Y_STR01041,Y_U0095,Y0021,2026-02-16 13:00:28.167579,58
Y_STR01042,Y_U0052,Y0050,2026-03-03 15:47:23.049358,185
Y_STR01043,Y_U0001,Y0041,2026-02-28 00:36:31.803312,26
Y_STR01044,Y_U0028,Y0010,2026-03-01 06:14:51.452389,17
Y_STR01045,Y_U0044,Y0012,2026-02-04 09:51:39.970702,35
Y_STR01046,Y_U0004,Y0042,2026-02-13 22:22:18.889211,66
Y_STR01047,Y_U0025,Y0034,2026-02-05 09:53:16.725680,165
Y_STR01048,Y_U0066,Y0044,2026-02-28 11:18:46.309198,86
Y_STR01049,Y_U0083,Y0042,2026-02-07 15:39:53.380717,247
Y_STR01050,Y_U0046,Y0007,2026-02-24 18:44:48.459581,119
Y_STR01051,Y_U0055,Y0047,2026-02-27 13:31:43.438823,153
Y_STR01052,Y_U0043,Y0008,2026-03-02 06:24:03.492930,164
Y_STR01053,Y_U0002,Y0017,2026-02-23 05:49:05.963183,100
Y_STR01054,Y_U0009,Y0041,2026-02-19 12:03:27.120100,22
Y_STR01055,Y_U0002,Y0026,2026-02-28 20:57:54.769261,65
Y_STR01056,Y_U0015,Y0005,2026-02-13 18:42:06.583302,254
Y_STR01057,Y_U0010,Y0031,2026-02-24 08:31:42.682438,11
Y_STR01058,Y_U0081,Y0020,2026-03-05 21:13:22.362067,152
Y_STR01059,Y_U0096,Y0044,2026-02-22 06:31:33.119753,214
Y_STR01060,Y_U0027,Y0017,2026-02-22 16:34:29.449689,8
Y_STR01061,Y_U0012,Y0014,2026-02-26 11:39:27.282678,295
Y_STR01062,Y_U0002,Y0029,2026-02-25 09:26:59.431440,53
Y_STR01063,Y_U0035,Y0039,2026-02-24 10:01:28.850135,54
Y_STR01064,Y_U0063,Y0036,2026-03-01 08:02:55.710534,138
Y_STR01065,Y_U0092,Y0035,2026-02-08 20:18:32.017744,31
Y_STR01066,Y_U0002,Y0039,2026-03-01 04:38:44.778689,90
Y_STR01067,Y_U0053,Y0047,2026-02-28 05:07:47.085294,26
Y_STR01068,Y_U0078,Y0024,2026-02-27 17:54:51.287181,77
Y_STR01069,Y_U0066,Y0038,2026-03-01 00:25:14.975461,58
Y_STR01070,Y_U0020,Y0021,2026-03-05 12:41:10.713981,197
Y_STR01071,Y_U0033,Y0022,2026-02-10 11:54:42.481903,28
Y_STR01072,Y_U0089,Y0019,2026-02-14 22:02:55.564577,71
Y_STR01073,Y_U0093,Y0037,2026-02-21 20:40:21.084675,302
Y_STR01074,Y_U0007,Y0014,2026-02-28 09:40:23.775721,148
Y_STR01075,Y_U0054,Y0048,2026-03-05 21:21:41.166758,225
Y_STR01076,Y_U0006,Y0029,2026-02-11 05:53:49.534773,160
Y_STR01077,Y_U0068,Y0047,2026-02-08 18:03:57.262116,14
Y_STR01078,Y_U0002,Y0049,2026-02-07 10:34:29.187262,160
Y_STR01079,Y_U0003,Y0050,2026-02-21 08:32:38.119943,55
Y_STR01080,Y_U0066,Y0040,2026-02-06 17:55:56.147685,55
Y_STR01081,Y_U0096,Y0048,2026-02-26 10:53:12.658566,213
Y_STR01082,Y_U0005,Y0038,2026-03-01 18:28:07.214879,20
Y_STR01083,Y_U0073,Y0021,2026-02-17 03:08:19.903448,79
Y_STR01084,Y_U0074,Y0043,2026-02-22 15:01:17.749498,184
Y_STR01085,Y_U0086,Y0043,2026-02-28 08:26:54.976803,161
Y_STR01086,Y_U0046,Y0026,2026-02-07 22:49:37.815079,74
Y_STR01087,Y_U0002,Y0038,2026-03-04 22:06:05.812952,47
Y_STR01088,Y_U0044,Y0027,2026-02-20 22:41:29.219000,103
Y_STR01089,Y_U0026,Y0014,2026-02-21 04:44:17.945319,235
Y_STR01090,Y_U0029,Y0037,2026-02-08 03:19:52.177813,138
Y_STR01091,Y_U0051,Y0050,2026-02-14 23:39:06.473743,133
Y_STR01092,Y_U0066,Y0035,2026-02-08 01:28:43.673774,274
Y_STR01093,Y_U0078,Y0045,2026-03-04 22:46:48.347954,37
Y_STR01094,Y_U0076,Y0050,2026-02-08 10:52:58.485148,210
Y_STR01095,Y_U0043,Y0033,2026-02-11 10:33:01.127906,104
Y_STR01096,Y_U0001,Y0018,2026-02-10 01:24:32.841798,190
Y_STR01097,Y_U0053,Y0048,2026-02-11 09:27:03.140191,83
Y_STR01098,Y_U0041,Y0014,2026-02-09 08:08:37.655545,232
Y_STR01099,Y_U0054,Y0046,2026-02-20 19:57:50.303922,141
Y_STR01100,Y_U0045,Y0012,2026-02-08 08:33:23.743794,217
Y_STR01101,Y_U0009,Y0021,2026-02-24 16:47:47.396595,211
Y_STR01102,Y_U0040,Y0048,2026-02-15 21:24:05.833180,76
Y_STR01103,Y_U0099,Y0044,2026-02-14 17:06:04.938083,182
Y_STR01104,Y_U0070,Y0038,2026-02-05 15:17:03.794905,129
Y_STR01105,Y_U0061,Y0050,2026-02-05 08:02:52.124393,129
Y_STR01106,Y_U0076,Y0048,2026-02-12 07:35:32.894333,133
Y_STR01107,Y_U0056,Y0050,2026-02-27 14:04:27.471485,104
Y_STR01108,Y_U0051,Y0031,2026-03-02 09:26:03.185031,99
Y_STR01109,Y_U0078,Y0035,2026-02-24 03:42:48.072297,243
Y_STR01110,Y_U0032,Y0012,2026-02-28 17:30:26.415268,111
Y_STR01111,Y_U0056,Y0032,2026-02-25 01:42:50.043867,178
Y_STR01112,Y_U0044,Y0035,2026-02-14 20:42:22.134568,84
Y_STR01113,Y_U0087,Y0015,2026-02-07 15:37:33.665454,277
Y_STR01114,Y_U0012,Y0047,2026-03-03 09:35:14.273775,201
Y_STR01115,Y_U0085,Y0019,2026-02-20 01:51:44.731928,135
Y_STR01116,Y_U0009,Y0036,2026-02-06 17:09:09.865233,119
Y_STR01117,Y_U0094,Y0005,2026-02-07 10:00:50.115727,223
Y_STR01118,Y_U0077,Y0030,2026-02-24 20:24:52.227442,11
Y_STR01119,Y_U0036,Y0022,2026-02-05 04:33:06.817341,164
Y_STR01120,Y_U0070,Y0038,2026-02-17 05:50:37.926959,30
Y_STR01121,Y_U0078,Y0032,2026-02-10 22:08:38.506509,207
Y_STR01122,Y_U0097,Y0045,2026-02-22 05:33:47.688410,24
Y_STR01123,Y_U0092,Y0049,2026-02-17 20:11:12.025141,153
Y_STR01124,Y_U0090,Y0036,2026-02-12 20:06:39.113662,46
Y_STR01125,Y_U0053,Y0004,2026-02-09 01:18:31.775901,42
Y_STR01126,Y_U0024,Y0047,2026-02-09 00:01:52.427799,133
Y_STR01127,Y_U0089,Y0046,2026-02-09 00:34:16.465476,222
Y_STR01128,Y_U0023,Y0023,2026-02-08 16:57:56.232189,109
Y_STR01129,Y_U0016,Y0012,2026-03-03 08:27:54.351827,174
Y_STR01130,Y_U0047,Y0012,2026-02-26 02:36:47.525849,240
Y_STR01131,Y_U0084,Y0009,2026-03-02 10:51:52.797244,30
Y_STR01132,Y_U0077,Y0003,2026-02-21 18:07:56.192643,138
Y_STR01133,Y_U0069,Y0038,2026-03-04 04:29:00.754109,149
Y_STR01134,Y_U0060,Y0036,2026-02-09 00:22:51.250851,135
Y_STR01135,Y_U0040,Y0014,2026-02-19 15:20:02.897772,198
Y_STR01136,Y_U0082,Y0036,2026-02-22 06:38:06.563495,172
Y_STR01137,Y_U0021,Y0044,2026-02-18 06:27:29.734419,280
Y_STR01138,Y_U0048,Y0035,2026-02-23 17:40:44.480972,238
Y_STR01139,Y_U0091,Y0034,2026-03-04 07:23:55.640456,61
Y_STR01140,Y_U0002,Y0020,2026-02-16 23:34:57.141446,51
Y_STR01141,Y_U0004,Y0031,2026-02-04 19:14:43.867726,61
Y_STR01142,Y_U0083,Y0013,2026-02-09 22:14:55.666556,128
Y_STR01143,Y_U0064,Y0044,2026-02-07 23:22:00.432980,260
Y_STR01144,Y_U0037,Y0024,2026-02-23 09:23:51.653857,126
Y_STR01145,Y_U0033,Y0049,2026-03-04 06:32:25.922959,22
Y_STR01146,Y_U0008,Y0038,2026-02-06 20:02:19.364466,173
Y_STR01147,Y_U0090,Y0049,2026-02-04 12:20:57.246865,188
Y_STR01148,Y_U0052,Y0040,2026-03-01 18:52:32.124390,328
Y_STR01149,Y_U0018,Y0039,2026-02-06 15:18:02.712647,106
Y_STR01150,Y_U0069,Y0044,2026-02-11 23:23:26.465269,150
Y_STR01151,Y_U0038,Y0038,2026-02-12 23:49:40.706514,119
Y_STR01152,Y_U0025,Y0039,2026-03-04 21:40:06.760572,296
Y_STR01153,Y_U0020,Y0046,2026-02-19 18:00:59.406645,146
Y_STR01154,Y_U0027,Y0047,2026-02-10 01:32:48.083554,122
Y_STR01155,Y_U0016,Y0045,2026-02-08 14:43:21.087812,203
Y_STR01156,Y_U0069,Y0030,2026-03-03 05:00:34.820042,155
Y_STR01157,Y_U0025,Y0042,2026-02-10 14:30:36.279019,158
Y_STR01158,Y_U0047,Y0035,2026-02-17 05:11:10.396987,251
Y_STR01159,Y_U0067,Y0036,2026-03-03 03:23:05.340433,53
Y_STR01160,Y_U0011,Y0045,2026-02-05 01:14:48.587946,173
Y_STR01161,Y_U0084,Y0022,2026-02-10 02:36:25.238412,96
Y_STR01162,Y_U0020,Y0036,2026-03-01 20:49:40.257929,20
Y_STR01163,Y_U0020,Y0050,2026-02-23 01:50:32.759305,125
Y_STR01164,Y_U0002,Y0037,2026-03-02 03:18:27.998724,277
Y_STR01165,Y_U0082,Y0037,2026-02-16 09:52:32.028903,219
Y_STR01166,Y_U0075,Y0022,2026-03-01 01:43:10.565302,72
Y_STR01167,Y_U0094,Y0039,2026-03-04 15:05:36.192082,181
Y_STR01168,Y_U0039,Y0018,2026-02-28 12:01:40.246747,68
Y_STR01169,Y_U0094,Y0042,2026-02-28 12:46:41.986443,21
Y_STR01170,Y_U0017,Y0046,2026-02-14 23:44:46.108675,201
Y_STR01171,Y_U0080,Y0037,2026-02-13 22:49:23.135403,263
Y_STR01172,Y_U0028,Y0042,2026-02-08 01:38:58.925860,94
Y_STR01173,Y_U0087,Y0044,2026-02-05 11:58:23.661084,191
Y_STR01174,Y_U0091,Y0027,2026-02-12 20:40:23.953072,109
Y_STR01175,Y_U0056,Y0019,2026-02-10 15:01:43.766629,219
Y_STR01176,Y_U0007,Y0035,2026-02-22 03:29:37.575176,263
Y_STR01177,Y_U0095,Y0035,2026-02-23 09:26:16.531146,63
Y_STR01178,Y_U0052,Y0023,2026-02-09 06:55:25.916136,102
Y_STR01179,Y_U0041,Y0026,2026-02-26 14:21:50.948648,98
Y_STR01180,Y_U0029,Y0045,2026-03-05 01:11:28.368541,223
Y_STR01181,Y_U0057,Y0008,2026-02-25 04:53:45.480668,182
Y_STR01182,Y_U0078,Y0040,2026-02-04 15:30:09.822223,121
Y_STR01183,Y_U0064,Y0046,2026-02-21 11:23:58.525535,18
Y_STR01184,Y_U0039,Y0050,2026-02-15 07:19:07.141306,138
Y_STR01185,Y_U0018,Y0046,2026-02-24 21:54:12.352859,42
Y_STR01186,Y_U0083,Y0024,2026-02-26 19:07:51.531083,285
Y_STR01187,Y_U0043,Y0030,2026-02-14 17:59:35.879424,159
Y_STR01188,Y_U0071,Y0029,2026-02-14 10:09:47.084224,71
Y_STR01189,Y_U0053,Y0048,2026-02-25 05:04:03.579733,84
Y_STR01190,Y_U0063,Y0040,2026-02-22 13:34:22.012611,13
Y_STR01191,Y_U0017,Y0038,2026-02-25 19:37:09.834501,152
Y_STR01192,Y_U0059,Y0037,2026-03-04 00:18:23.049533,159
Y_STR01193,Y_U0089,Y0039,2026-03-02 22:58:03.167445,252
Y_STR01194,Y_U0059,Y0046,2026-02-13 18:29:11.218406,26
Y_STR01195,Y_U0095,Y0008,2026-02-28 01:50:38.549061,13
Y_STR01196,Y_U0070,Y0037,2026-02-04 21:10:53.709489,204
Y_STR01197,Y_U0001,Y0015,2026-02-26 15:09:42.436761,323
Y_STR01198,Y_U0071,Y0042,2026-02-16 21:53:54.229592,229
Y_STR01199,Y_U0070,Y0020,2026-02-07 18:17:47.079970,109
Y_STR01200,Y_U0032,Y0043,2026-02-16 23:53:09.537135,34
Y_STR01201,Y_U0066,Y0018,2026-02-18 08:09:51.591235,166
Y_STR01202,Y_U0023,Y0022,2026-02-18 00:51:43.669667,156
Y_STR01203,Y_U0093,Y0042,2026-02-14 06:10:34.701837,336
Y_STR01204,Y_U0051,Y0050,2026-02-24 07:20:03.303639,38
Y_STR01205,Y_U0061,Y0019,2026-03-03 09:48:41.804134,86
Y_STR01206,Y_U0050,Y0029,2026-02-28 21:23:36.057391,45
Y_STR01207,Y_U0041,Y0046,2026-03-03 08:47:30.348643,178
Y_STR01208,Y_U0069,Y0038,2026-02-17 19:57:50.520010,38
Y_STR01209,Y_U0053,Y0029,2026-03-05 12:05:17.719515,168
Y_STR01210,Y_U0031,Y0045,2026-02-19 10:02:55.510370,170
Y_STR01211,Y_U0040,Y0032,2026-02-26 07:44:47.894714,210
Y_STR01212,Y_U0080,Y0018,2026-02-20 13:43:54.516606,36
Y_STR01213,Y_U0031,Y0046,2026-02-15 12:08:51.932944,109
Y_STR01214,Y_U0052,Y0015,2026-02-08 16:02:03.499564,289
Y_STR01215,Y_U0086,Y0047,2026-02-22 00:45:44.162144,133
Y_STR01216,Y_U0023,Y0012,2026-02-17 07:13:16.059458,273
Y_STR01217,Y_U0065,Y0011,2026-02-07 13:07:11.045884,225
Y_STR01218,Y_U0086,Y0047,2026-03-03 18:26:20.431698,184
Y_STR01219,Y_U0025,Y0034,2026-03-01 16:47:48.677041,67
Y_STR01220,Y_U0097,Y0035,2026-02-06 10:53:44.891643,217
Y_STR01221,Y_U0010,Y0036,2026-02-21 08:49:55.902498,128
Y_STR01222,Y_U0055,Y0038,2026-03-05 14:39:14.438957,187
Y_STR01223,Y_U0042,Y0017,2026-02-23 10:10:36.979440,104
Y_STR01224,Y_U0038,Y0034,2026-02-27 13:03:43.071995,104
Y_STR01225,Y_U0037,Y0016,2026-02-06 09:32:53.792427,27
Y_STR01226,Y_U0016,Y0038,2026-02-05 23:03:01.709942,155
Y_STR01227,Y_U0013,Y0015,2026-02-13 06:09:10.099771,126
Y_STR01228,Y_U0068,Y0045,2026-02-16 13:16:45.353653,6
Y_STR01229,Y_U0060,Y0030,2026-02-09 02:12:02.254603,20
Y_STR01230,Y_U0054,Y0040,2026-02-26 12:03:06.655728,291
Y_STR01231,Y_U0022,Y0047,2026-02-26 01:34:07.226095,200
Y_STR01232,Y_U0064,Y0046,2026-02-25 16:54:43.571352,76
Y_STR01233,Y_U0082,Y0039,2026-03-02 11:06:38.177270,162
Y_STR01234,Y_U0074,Y0034,2026-02-10 03:12:09.109364,37
Y_STR01235,Y_U0002,Y0044,2026-02-28 16:21:55.200292,133
Y_STR01236,Y_U0053,Y0049,2026-02-28 23:50:49.056113,230
Y_STR01237,Y_U0072,Y0026,2026-02-06 10:48:37.613708,85
Y_STR01238,Y_U0071,Y0049,2026-02-12 18:51:52.825848,9
Y_STR01239,Y_U0062,Y0041,2026-02-17 20:31:04.198150,10
Y_STR01240,Y_U0029,Y0008,2026-02-27 15:08:52.647986,25
Y_STR01241,Y_U0011,Y0040,2026-02-09 15:34:30.427141,145
Y_STR01242,Y_U0095,Y0031,2026-02-22 08:29:41.427547,69
Y_STR01243,Y_U0030,Y0012,2026-02-17 08:28:42.887299,274
Y_STR01244,Y_U0088,Y0043,2026-02-17 06:56:50.306293,165
Y_STR01245,Y_U0019,Y0030,2026-03-01 00:11:24.053849,85
Y_STR01246,Y_U0021,Y0047,2026-02-24 08:57:07.831180,168
Y_STR01247,Y_U0042,Y0045,2026-02-18 22:53:44.919204,128
Y_STR01248,Y_U0092,Y0040,2026-02-25 17:03:08.442548,245
Y_STR01249,Y_U0016,Y0040,2026-02-21 01:59:29.787372,45
Y_STR01250,Y_U0006,Y0034,2026-02-16 12:03:25.258716,143
Y_STR01251,Y_U0047,Y0047,2026-02-14 23:03:13.123696,88
Y_STR01252,Y_U0040,Y0030,2026-03-01 06:17:26.049291,99
Y_STR01253,Y_U0050,Y0048,2026-02-24 07:24:00.064591,26
Y_STR01254,Y_U0091,Y0019,2026-02-04 14:02:56.754923,120
Y_STR01255,Y_U0077,Y0036,2026-02-05 02:05:30.625166,40
Y_STR01256,Y_U0051,Y0037,2026-02-14 07:56:33.714949,6
Y_STR01257,Y_U0034,Y0034,2026-02-15 14:59:59.125957,132
Y_STR01258,Y_U0067,Y0042,2026-02-24 08:05:28.077359,164
Y_STR01259,Y_U0044,Y0030,2026-02-24 01:38:51.224000,51
Y_STR01260,Y_U0054,Y0046,2026-03-04 14:38:12.216583,184
Y_STR01261,Y_U0004,Y0045,2026-02-05 01:29:22.583724,137
Y_STR01262,Y_U0091,Y0016,2026-02-22 16:11:16.915491,82
Y_STR01263,Y_U0064,Y0049,2026-02-15 04:33:43.153155,233
Y_STR01264,Y_U0073,Y0045,2026-02-22 20:44:42.755295,79
Y_STR01265,Y_U0018,Y0027,2026-03-04 04:19:57.365690,111
Y_STR01266,Y_U0067,Y0033,2026-03-05 10:41:41.121679,289
Y_STR01267,Y_U0015,Y0045,2026-03-02 13:56:28.321398,154
Y_STR01268,Y_U0030,Y0029,2026-02-28 16:43:51.867310,49
Y_STR01269,Y_U0004,Y0018,2026-02-16 21:29:06.705463,29
Y_STR01270,Y_U0046,Y0038,2026-02-19 19:59:48.753469,124
Y_STR01271,Y_U0055,Y0022,2026-02-11 15:49:10.510359,132
Y_STR01272,Y_U0007,Y0033,2026-02-16 06:08:20.423515,267
Y_STR01273,Y_U0062,Y0013,2026-02-25 23:44:34.839612,138
Y_STR01274,Y_U0015,Y0025,2026-03-03 19:24:59.538268,121
Y_STR01275,Y_U0054,Y0020,2026-02-17 04:47:25.106882,128
Y_STR01276,Y_U0010,Y0023,2026-03-02 08:30:39.039793,25
Y_STR01277,Y_U0038,Y0016,2026-03-06 02:50:57.773611,120
Y_STR01278,Y_U0071,Y0030,2026-02-11 22:12:05.708105,125
Y_STR01279,Y_U0088,Y0009,2026-02-19 23:58:33.431229,47
Y_STR01280,Y_U0082,Y0046,2026-02-27 12:58:53.201440,149
Y_STR01281,Y_U0040,Y0034,2026-03-03 23:37:19.877681,195
Y_STR01282,Y_U0099,Y0046,2026-02-08 21:58:26.527470,44
Y_STR01283,Y_U0071,Y0034,2026-03-01 02:26:48.943258,86
Y_STR01284,Y_U0026,Y0050,2026-02-19 06:20:09.845831,244
Y_STR01285,Y_U0094,Y0033,2026-03-02 13:24:57.731304,204
Y_STR01286,Y_U0011,Y0005,2026-03-01 09:38:07.473696,92
Y_STR01287,Y_U0095,Y0028,2026-02-12 03:36:30.969598,192
Y_STR01288,Y_U0081,Y0007,2026-02-16 15:02:17.844774,88
Y_STR01289,Y_U0038,Y0035,2026-02-12 08:27:59.941708,336
Y_STR01290,Y_U0048,Y0032,2026-03-05 16:10:22.547427,45
Y_STR01291,Y_U0090,Y0042,2026-03-03 00:17:59.698575,319
Y_STR01292,Y_U0033,Y0047,2026-02-20 11:31:50.828139,95
Y_STR01293,Y_U0081,Y0045,2026-03-03 04:12:41.289559,98
Y_STR01294,Y_U0067,Y0049,2026-02-06 15:27:48.559998,83
Y_STR01295,Y_U0064,Y0047,2026-02-20 06:53:18.592675,12
Y_STR01296,Y_U0069,Y0050,2026-02-12 13:07:20.867677,224
Y_STR01297,Y_U0044,Y0007,2026-02-06 11:56:01.220302,288
Y_STR01298,Y_U0085,Y0035,2026-02-26 18:14:49.336775,112
Y_STR01299,Y_U0069,Y0038,2026-02-07 04:22:36.438306,144
Y_STR01300,Y_U0074,Y0050,2026-02-04 20:01:29.222671,221
Y_STR01301,Y_U0036,Y0038,2026-02-21 03:39:48.355345,129
Y_STR01302,Y_U0088,Y0047,2026-03-04 14:47:34.861754,185
Y_STR01303,Y_U0064,Y0050,2026-02-12 16:47:33.870517,196
Y_STR01304,Y_U0019,Y0005,2026-02-27 15:50:08.711754,133
Y_STR01305,Y_U0061,Y0048,2026-02-15 05:00:05.844375,26
Y_STR01306,Y_U0025,Y0047,2026-02-28 17:24:27.119109,160
Y_STR01307,Y_U0029,Y0046,2026-02-18 14:52:14.689771,37
Y_STR01308,Y_U0093,Y0039,2026-03-04 16:41:45.835521,144
Y_STR01309,Y_U0035,Y0030,2026-03-04 18:58:49.595860,6
Y_STR01310,Y_U0046,Y0013,2026-03-02 15:15:53.580706,74
Y_STR01311,Y_U0014,Y0039,2026-03-02 20:03:16.029223,152
Y_STR01312,Y_U0067,Y0032,2026-02-17 18:21:08.421331,28
Y_STR01313,Y_U0033,Y0024,2026-02-16 22:01:50.231326,162
Y_STR01314,Y_U0041,Y0030,2026-02-21 21:16:20.255855,72
Y_STR01315,Y_U0070,Y0047,2026-02-25 05:29:05.746737,117
Y_STR01316,Y_U0062,Y0042,2026-02-11 05:04:51.285473,46
Y_STR01317,Y_U0058,Y0041,2026-02-26 02:54:55.976618,88
Y_STR01318,Y_U0029,Y0012,2026-02-15 18:49:38.672781,197
Y_STR01319,Y_U0049,Y0014,2026-02-21 06:10:50.085828,38
Y_STR01320,Y_U0090,Y0039,2026-02-22 18:43:25.274306,295
Y_STR01321,Y_U0011,Y0039,2026-02-21 13:24:47.643487,51
Y_STR01322,Y_U0062,Y0028,2026-02-07 20:37:51.348787,208
Y_STR01323,Y_U0028,Y0046,2026-02-25 10:05:08.828847,33
Y_STR01324,Y_U0063,Y0019,2026-02-10 01:08:20.994690,156
Y_STR01325,Y_U0069,Y0046,2026-02-09 00:40:45.486098,194
Y_STR01326,Y_U0009,Y0028,2026-02-25 05:14:24.816831,191
Y_STR01327,Y_U0056,Y0046,2026-02-21 09:28:55.132540,142
Y_STR01328,Y_U0052,Y0049,2026-02-13 16:30:39.530965,28
Y_STR01329,Y_U0015,Y0004,2026-03-05 03:32:21.406672,151
Y_STR01330,Y_U0053,Y0026,2026-02-23 14:43:25.224377,101
Y_STR01331,Y_U0055,Y0033,2026-03-04 19:13:39.006149,159
Y_STR01332,Y_U0049,Y0025,2026-03-06 04:09:37.971836,16
Y_STR01333,Y_U0077,Y0039,2026-02-25 05:46:16.399894,116
Y_STR01334,Y_U0001,Y0049,2026-02-24 16:35:41.994204,215
Y_STR01335,Y_U0086,Y0043,2026-02-11 05:17:01.839511,35
Y_STR01336,Y_U0037,Y0028,2026-02-10 17:05:24.118966,91
Y_STR01337,Y_U0060,Y0034,2026-02-14 06:28:10.894970,180
Y_STR01338,Y_U0043,Y0031,2026-03-03 16:03:02.943995,125
Y_STR01339,Y_U0033,Y0050,2026-02-20 05:37:36.793764,230
Y_STR01340,Y_U0007,Y0033,2026-03-06 03:08:46.090936,68
Y_STR01341,Y_U0060,Y0036,2026-03-05 00:10:40.867335,45
Y_STR01342,Y_U0001,Y0029,2026-02-27 10:23:50.979739,106
Y_STR01343,Y_U0024,Y0032,2026-03-02 19:53:23.082844,113
Y_STR01344,Y_U0083,Y0039,2026-03-06 02:58:11.167037,20
Y_STR01345,Y_U0027,Y0026,2026-02-21 18:34:30.215299,39
Y_STR01346,Y_U0024,Y0037,2026-02-20 08:18:53.419510,16
Y_STR01347,Y_U0092,Y0050,2026-03-04 07:02:25.641333,263
Y_STR01348,Y_U0085,Y0024,2026-02-15 10:48:09.378315,12
Y_STR01349,Y_U0010,Y0019,2026-02-27 17:35:34.403726,27
Y_STR01350,Y_U0060,Y0036,2026-02-24 01:15:30.858098,242
Y_STR01351,Y_U0011,Y0030,2026-03-02 21:36:19.228964,103
Y_STR01352,Y_U0032,Y0022,2026-02-08 23:39:02.708777,114
Y_STR01353,Y_U0039,Y0032,2026-02-14 05:25:51.602781,138
Y_STR01354,Y_U0014,Y0035,2026-02-04 21:31:37.219013,288
Y_STR01355,Y_U0092,Y0026,2026-02-11 21:48:55.449160,40
Y_STR01356,Y_U0040,Y0023,2026-02-25 01:34:27.881692,87
Y_STR01357,Y_U0072,Y0028,2026-02-05 10:33:27.406442,79
Y_STR01358,Y_U0085,Y0038,2026-02-14 19:26:50.828125,176
Y_STR01359,Y_U0074,Y0046,2026-02-18 16:03:32.354052,68
Y_STR01360,Y_U0097,Y0048,2026-03-05 21:15:15.625701,54
Y_STR01361,Y_U0098,Y0043,2026-02-26 15:41:58.961132,122
Y_STR01362,Y_U0029,Y0011,2026-02-04 20:04:52.425670,66
Y_STR01363,Y_U0069,Y0043,2026-02-24 17:46:32.471742,35
Y_STR01364,Y_U0099,Y0021,2026-02-20 21:39:39.188087,113
Y_STR01365,Y_U0030,Y0039,2026-02-22 09:19:55.955413,126
Y_STR01366,Y_U0005,Y0035,2026-02-23 07:27:01.589001,87
Y_STR01367,Y_U0022,Y0050,2026-03-02 07:14:31.467386,217
Y_STR01368,Y_U0052,Y0040,2026-02-28 00:38:50.726502,276
Y_STR01369,Y_U0081,Y0045,2026-02-12 02:35:10.384598,58
Y_STR01370,Y_U0024,Y0034,2026-02-18 15:55:59.042037,169
Y_STR01371,Y_U0028,Y0049,2026-02-08 18:13:50.675357,201
Y_STR01372,Y_U0035,Y0038,2026-03-04 15:21:20.836184,136
Y_STR01373,Y_U0010,Y0028,2026-02-10 02:02:30.152009,127
Y_STR01374,Y_U0022,Y0032,2026-02-23 06:34:19.900526,73
Y_STR01375,Y_U0091,Y0025,2026-02-19 16:08:15.218644,28
Y_STR01376,Y_U0082,Y0041,2026-02-22 02:15:51.850989,128
Y_STR01377,Y_U0013,Y0029,2026-03-05 23:45:14.084992,129
Y_STR01378,Y_U0030,Y0032,2026-02-13 07:41:13.423105,28
Y_STR01379,Y_U0048,Y0040,2026-02-14 08:14:00.408022,56
Y_STR01380,Y_U0074,Y0007,2026-02-06 19:40:41.944134,328
Y_STR01381,Y_U0093,Y0040,2026-02-12 08:27:54.621965,296
Y_STR01382,Y_U0011,Y0026,2026-02-10 04:49:00.919214,32
Y_STR01383,Y_U0049,Y0022,2026-02-12 13:30:12.031548,94
Y_STR01384,Y_U0028,Y0042,2026-02-18 15:11:09.384038,190
Y_STR01385,Y_U0061,Y0047,2026-02-23 17:51:59.226447,79
Y_STR01386,Y_U0068,Y0013,2026-02-19 05:22:47.039664,109
Y_STR01387,Y_U0097,Y0045,2026-02-24 06:00:50.206642,153
Y_STR01388,Y_U0093,Y0042,2026-02-27 18:32:32.468145,50
Y_STR01389,Y_U0074,Y0048,2026-02-19 15:25:37.777021,172
Y_STR01390,Y_U0042,Y0010,2026-02-23 03:20:05.225446,198
Y_STR01391,Y_U0008,Y0027,2026-02-12 10:01:40.299613,72
Y_STR01392,Y_U0008,Y0029,2026-02-11 04:17:45.799122,10
Y_STR01393,Y_U0035,Y0022,2026-03-02 01:49:35.214904,41
Y_STR01394,Y_U0009,Y0017,2026-02-12 09:42:38.222231,187
Y_STR01395,Y_U0018,Y0022,2026-02-17 01:00:59.522026,48
Y_STR01396,Y_U0005,Y0038,2026-02-23 18:13:51.572798,164
Y_STR01397,Y_U0070,Y0027,2026-02-18 06:16:26.022329,16
Y_STR01398,Y_U0016,Y0050,2026-02-10 05:34:24.158511,114
Y_STR01399,Y_U0081,Y0033,2026-02-04 10:13:05.918822,226
Y_STR01400,Y_U0051,Y0042,2026-02-06 19:57:33.444252,312
Y_STR01401,Y_U0036,Y0019,2026-02-13 01:43:56.839246,25
Y_STR01402,Y_U0063,Y0026,2026-03-05 19:50:00.520843,94
Y_STR01403,Y_U0034,Y0027,2026-02-27 21:18:12.658810,24
Y_STR01404,Y_U0087,Y0013,2026-02-21 12:56:06.740731,56
Y_STR01405,Y_U0075,Y0021,2026-02-23 07:49:58.224324,116
Y_STR01406,Y_U0083,Y0034,2026-02-28 22:20:08.547856,193
Y_STR01407,Y_U0073,Y0028,2026-02-05 18:11:01.837678,211
Y_STR01408,Y_U0056,Y0041,2026-02-14 17:05:15.325085,60
Y_STR01409,Y_U0092,Y0036,2026-02-25 14:15:07.621804,246
Y_STR01410,Y_U0077,Y0023,2026-02-04 14:14:14.042192,60
Y_STR01411,Y_U0036,Y0003,2026-03-01 12:47:40.665897,224
Y_STR01412,Y_U0084,Y0050,2026-02-21 15:07:28.216001,283
Y_STR01413,Y_U0078,Y0031,2026-02-04 12:35:51.051938,136
Y_STR01414,Y_U0045,Y0041,2026-02-06 23:32:03.077389,24
Y_STR01415,Y_U0090,Y0041,2026-02-18 08:45:17.449691,111
Y_STR01416,Y_U0051,Y0044,2026-02-26 11:13:38.668907,314
Y_STR01417,Y_U0006,Y0048,2026-02-27 18:39:13.386522,198
Y_STR01418,Y_U0062,Y0033,2026-02-18 08:40:33.314488,217
Y_STR01419,Y_U0039,Y0022,2026-02-26 16:34:51.251356,63
Y_STR01420,Y_U0027,Y0035,2026-02-07 00:38:29.359105,186
Y_STR01421,Y_U0060,Y0044,2026-02-07 18:51:40.814920,96
Y_STR01422,Y_U0005,Y0039,2026-02-05 21:47:04.526978,177
Y_STR01423,Y_U0028,Y0012,2026-02-04 15:57:10.882411,83
Y_STR01424,Y_U0022,Y0036,2026-02-15 15:39:42.279681,186
Y_STR01425,Y_U0062,Y0047,2026-02-28 15:30:37.260680,214
Y_STR01426,Y_U0007,Y0045,2026-02-07 18:29:29.723937,27
Y_STR01427,Y_U0039,Y0025,2026-02-07 07:32:53.395040,8
Y_STR01428,Y_U0094,Y0023,2026-03-01 16:38:16.130908,17
Y_STR01429,Y_U0033,Y0033,2026-02-20 20:36:59.240057,227
Y_STR01430,Y_U0057,Y0043,2026-02-19 16:49:42.996330,15
Y_STR01431,Y_U0005,Y0022,2026-02-15 21:23:44.328111,82
Y_STR01432,Y_U0030,Y0037,2026-03-01 16:22:31.860715,49
Y_STR01433,Y_U0010,Y0026,2026-02-06 16:26:36.625691,109
Y_STR01434,Y_U0027,Y0039,2026-02-22 10:25:49.790549,199
Y_STR01435,Y_U0100,Y0030,2026-02-11 09:53:32.648108,38
Y_STR01436,Y_U0092,Y0047,2026-02-17 01:09:51.214509,28
Y_STR01437,Y_U0077,Y0030,2026-02-06 20:35:26.160975,30
Y_STR01438,Y_U0035,Y0050,2026-02-17 22:56:36.059581,174
Y_STR01439,Y_U0020,Y0004,2026-03-04 22:14:08.444903,51
Y_STR01440,Y_U0092,Y0041,2026-03-03 09:30:47.815479,20
Y_STR01441,Y_U0074,Y0043,2026-02-28 14:25:15.008116,153
Y_STR01442,Y_U0093,Y0045,2026-02-15 04:54:36.171392,151
Y_STR01443,Y_U0056,Y0038,2026-03-02 06:15:34.831726,149
Y_STR01444,Y_U0072,Y0029,2026-02-12 22:24:27.797768,105
Y_STR01445,Y_U0039,Y0032,2026-02-27 18:28:35.730062,46
Y_STR01446,Y_U0085,Y0021,2026-02-11 19:34:48.500888,120
Y_STR01447,Y_U0072,Y0034,2026-02-17 05:41:22.939622,132
Y_STR01448,Y_U0073,Y0009,2026-02-22 17:00:12.536985,15
Y_STR01449,Y_U0021,Y0042,2026-03-02 04:12:41.618764,326
Y_STR01450,Y_U0062,Y0044,2026-03-02 14:15:50.804101,127
Y_STR01451,Y_U0028,Y0048,2026-02-06 02:26:19.900999,38
Y_STR01452,Y_U0024,Y0041,2026-02-14 06:06:44.101155,68
Y_STR01453,Y_U0100,Y0011,2026-02-19 04:18:02.780904,103
Y_STR01454,Y_U0069,Y0039,2026-02-25 06:45:29.053402,46
Y_STR01455,Y_U0071,Y0045,2026-02-07 18:04:07.862678,177
Y_STR01456,Y_U0051,Y0012,2026-02-22 10:24:37.492053,100
Y_STR01457,Y_U0015,Y0032,2026-02-10 15:59:34.773254,58
Y_STR01458,Y_U0073,Y0012,2026-02-17 09:58:52.087380,181
Y_STR01459,Y_U0091,Y0040,2026-03-04 00:46:00.300115,7
Y_STR01460,Y_U0048,Y0050,2026-02-21 08:15:26.681128,151
Y_STR01461,Y_U0098,Y0034,2026-02-13 02:51:14.830936,122
Y_STR01462,Y_U0027,Y0042,2026-02-12 18:42:20.770139,333
Y_STR01463,Y_U0002,Y0029,2026-02-14 00:51:20.530950,5
Y_STR01464,Y_U0058,Y0034,2026-02-18 19:00:32.405718,73
Y_STR01465,Y_U0007,Y0014,2026-02-13 18:32:39.328093,160
Y_STR01466,Y_U0084,Y0042,2026-02-17 18:15:01.926956,122
Y_STR01467,Y_U0097,Y0047,2026-02-08 14:10:59.000621,179
Y_STR01468,Y_U0092,Y0046,2026-02-24 16:47:42.204370,116
Y_STR01469,Y_U0047,Y0019,2026-02-11 19:20:26.392302,217
Y_STR01470,Y_U0089,Y0042,2026-02-22 14:39:53.399318,16
Y_STR01471,Y_U0061,Y0040,2026-02-23 08:11:31.766795,254
Y_STR01472,Y_U0071,Y0022,2026-02-19 22:14:24.858560,26
Y_STR01473,Y_U0041,Y0045,2026-02-08 21:35:06.284170,144
Y_STR01474,Y_U0039,Y0017,2026-02-06 03:43:46.462521,36
Y_STR01475,Y_U0088,Y0050,2026-02-09 16:53:44.856944,299
Y_STR01476,Y_U0090,Y0033,2026-02-18 19:24:20.615672,152
Y_STR01477,Y_U0051,Y0009,2026-02-21 19:45:25.343656,107
Y_STR01478,Y_U0089,Y0031,2026-02-11 05:43:02.700031,45
Y_STR01479,Y_U0010,Y0045,2026-02-11 23:09:46.968322,209
Y_STR01480,Y_U0077,Y0040,2026-03-04 04:26:56.684204,98
Y_STR01481,Y_U0063,Y0029,2026-02-12 21:15:58.461409,79
Y_STR01482,Y_U0036,Y0041,2026-02-05 04:43:32.922043,140
Y_STR01483,Y_U0019,Y0022,2026-02-19 09:13:25.926458,14
Y_STR01484,Y_U0029,Y0036,2026-02-19 12:31:40.836814,72
Y_STR01485,Y_U0065,Y0048,2026-02-17 00:41:27.027645,231
Y_STR01486,Y_U0065,Y0041,2026-02-05 02:30:44.119187,76
Y_STR01487,Y_U0037,Y0028,2026-02-08 21:19:24.866122,208
Y_STR01488,Y_U0037,Y0022,2026-02-11 12:27:32.554525,50
Y_STR01489,Y_U0093,Y0050,2026-03-03 18:59:54.819908,190
Y_STR01490,Y_U0081,Y0035,2026-02-09 01:31:52.085186,170
Y_STR01491,Y_U0030,Y0031,2026-02-06 08:55:27.485149,62
Y_STR01492,Y_U0092,Y0041,2026-02-19 10:54:26.152175,153
Y_STR01493,Y_U0085,Y0039,2026-02-09 00:27:12.637211,286
Y_STR01494,Y_U0011,Y0007,2026-02-19 00:54:46.257448,69
Y_STR01495,Y_U0026,Y0020,2026-02-12 23:31:30.506968,105
Y_STR01496,Y_U0067,Y0033,2026-02-19 06:26:40.896800,105
Y_STR01497,Y_U0060,Y0048,2026-02-16 18:45:15.283049,188
Y_STR01498,Y_U0029,Y0042,2026-02-15 07:37:03.670746,45
Y_STR01499,Y_U0098,Y0044,2026-02-22 08:05:26.929749,105
Y_STR01500,Y_U0054,Y0011,2026-02-26 19:20:25.396895,54
Y_STR01501,Y_U0078,Y0049,2026-03-03 19:29:39.840533,179
Y_STR01502,Y_U0096,Y0019,2026-02-18 13:22:36.891698,77
Y_STR01503,Y_U0011,Y0025,2026-03-05 09:44:20.992818,171
Y_STR01504,Y_U0049,Y0033,2026-02-26 20:53:17.162100,118
Y_STR01505,Y_U0047,Y0046,2026-02-04 18:29:50.325540,16
Y_STR01506,Y_U0032,Y0044,2026-02-25 19:36:36.814985,314
Y_STR01507,Y_U0084,Y0044,2026-02-07 04:36:07.353912,195
Y_STR01508,Y_U0089,Y0048,2026-02-17 13:43:03.338257,35
Y_STR01509,Y_U0018,Y0045,2026-02-20 11:43:04.897414,60
Y_STR01510,Y_U0072,Y0027,2026-02-18 19:53:28.722239,130
Y_STR01511,Y_U0028,Y0037,2026-02-05 08:49:13.348636,143
Y_STR01512,Y_U0021,Y0036,2026-02-22 19:51:52.610378,125
Y_STR01513,Y_U0032,Y0023,2026-02-28 14:09:16.996345,91
Y_STR01514,Y_U0061,Y0037,2026-02-07 18:09:57.452917,68
Y_STR01515,Y_U0091,Y0008,2026-03-04 18:18:34.137801,148
Y_STR01516,Y_U0081,Y0002,2026-02-08 21:04:42.377182,148
Y_STR01517,Y_U0009,Y0034,2026-02-24 02:34:39.126216,13
Y_STR01518,Y_U0041,Y0039,2026-03-04 10:40:29.375272,209
Y_STR01519,Y_U0007,Y0019,2026-02-26 03:11:27.369133,139
Y_STR01520,Y_U0019,Y0003,2026-02-21 19:46:08.390422,210
Y_STR01521,Y_U0053,Y0043,2026-03-05 12:48:57.750935,185
Y_STR01522,Y_U0066,Y0040,2026-02-26 22:33:37.355168,105
Y_STR01523,Y_U0093,Y0033,2026-02-14 12:03:46.898254,284
Y_STR01524,Y_U0079,Y0050,2026-02-22 00:53:39.272551,76
Y_STR01525,Y_U0039,Y0044,2026-02-05 20:49:34.721042,136
Y_STR01526,Y_U0031,Y0029,2026-02-06 00:40:46.755792,63
Y_STR01527,Y_U0063,Y0029,2026-02-12 08:45:38.078966,23
Y_STR01528,Y_U0020,Y0030,2026-02-07 00:14:37.152760,42
Y_STR01529,Y_U0099,Y0017,2026-03-01 22:18:31.772556,54
Y_STR01530,Y_U0084,Y0033,2026-02-27 13:50:56.869002,235
Y_STR01531,Y_U0022,Y0046,2026-02-11 00:39:06.603507,27
Y_STR01532,Y_U0029,Y0012,2026-02-21 10:25:08.362662,164
Y_STR01533,Y_U0095,Y0028,2026-03-02 02:48:18.121503,219
Y_STR01534,Y_U0072,Y0035,2026-02-07 23:30:17.620151,291
Y_STR01535,Y_U0019,Y0044,2026-03-04 01:02:15.858355,259
Y_STR01536,Y_U0077,Y0034,2026-02-08 05:32:43.399610,173
Y_STR01537,Y_U0034,Y0019,2026-02-20 08:20:20.142694,232
Y_STR01538,Y_U0001,Y0049,2026-02-15 00:01:39.682957,26
Y_STR01539,Y_U0074,Y0043,2026-03-05 05:54:41.661511,138
Y_STR01540,Y_U0061,Y0026,2026-03-04 02:41:24.248797,28
Y_STR01541,Y_U0077,Y0036,2026-02-26 02:41:11.081166,24
Y_STR01542,Y_U0100,Y0041,2026-02-06 23:41:42.024534,7
Y_STR01543,Y_U0067,Y0032,2026-02-18 10:30:06.048562,146
Y_STR01544,Y_U0056,Y0045,2026-02-20 15:13:45.232844,150
Y_STR01545,Y_U0020,Y0038,2026-02-19 06:29:43.794806,109
Y_STR01546,Y_U0066,Y0043,2026-02-27 12:24:37.970106,119
Y_STR01547,Y_U0002,Y0041,2026-02-20 05:57:17.511191,67
Y_STR01548,Y_U0031,Y0034,2026-02-18 21:29:50.059482,110
Y_STR01549,Y_U0055,Y0027,2026-02-19 19:50:54.268979,40
Y_STR01550,Y_U0010,Y0038,2026-02-08 17:17:16.539523,111
Y_STR01551,Y_U0080,Y0004,2026-02-14 15:54:38.930699,152
Y_STR01552,Y_U0043,Y0040,2026-02-19 19:52:12.211234,303
Y_STR01553,Y_U0037,Y0018,2026-02-15 00:17:19.506023,30
Y_STR01554,Y_U0004,Y0003,2026-02-11 12:14:50.712435,33
Y_STR01555,Y_U0087,Y0045,2026-02-25 23:44:39.430051,18
Y_STR01556,Y_U0019,Y0047,2026-02-25 12:20:19.312541,39
Y_STR01557,Y_U0096,Y0031,2026-02-05 14:42:14.954510,145
Y_STR01558,Y_U0061,Y0042,2026-02-11 00:39:57.006513,287
Y_STR01559,Y_U0081,Y0038,2026-02-06 02:23:01.546061,90
Y_STR01560,Y_U0034,Y0050,2026-02-18 08:29:42.382101,290
Y_STR01561,Y_U0099,Y0018,2026-02-25 11:38:18.261772,56
Y_STR01562,Y_U0093,Y0015,2026-02-27 16:28:46.391536,79
Y_STR01563,Y_U0030,Y0024,2026-02-20 17:09:22.259733,40
Y_STR01564,Y_U0097,Y0032,2026-02-20 18:14:12.884478,156
Y_STR01565,Y_U0032,Y0039,2026-02-25 10:08:20.439615,280
Y_STR01566,Y_U0032,Y0013,2026-02-17 20:12:49.991153,155
Y_STR01567,Y_U0005,Y0050,2026-02-18 04:15:31.429192,219
Y_STR01568,Y_U0043,Y0050,2026-03-05 20:15:25.194723,13
Y_STR01569,Y_U0061,Y0050,2026-02-21 17:23:08.637132,159
Y_STR01570,Y_U0038,Y0022,2026-02-05 18:27:34.046884,32
Y_STR01571,Y_U0062,Y0023,2026-02-07 04:07:45.243103,104
Y_STR01572,Y_U0032,Y0042,2026-02-27 18:40:19.851722,275
Y_STR01573,Y_U0035,Y0041,2026-02-27 23:13:21.962686,146
Y_STR01574,Y_U0036,Y0050,2026-02-19 21:56:42.711735,106
Y_STR01575,Y_U0083,Y0030,2026-02-18 19:12:40.198354,180
Y_STR01576,Y_U0042,Y0035,2026-02-10 01:42:27.074144,217
Y_STR01577,Y_U0003,Y0048,2026-02-22 15:51:22.850913,34
Y_STR01578,Y_U0092,Y0017,2026-02-19 15:06:31.310876,191
Y_STR01579,Y_U0033,Y0045,2026-03-03 18:30:58.762824,205
Y_STR01580,Y_U0016,Y0017,2026-02-06 05:16:05.106116,223
Y_STR01581,Y_U0066,Y0040,2026-02-17 19:16:02.747522,7
Y_STR01582,Y_U0025,Y0047,2026-03-04 00:37:42.111774,144
Y_STR01583,Y_U0100,Y0040,2026-02-11 19:37:17.718177,137
Y_STR01584,Y_U0033,Y0025,2026-02-28 13:27:27.913922,131
Y_STR01585,Y_U0098,Y0036,2026-02-15 18:11:17.545706,39
Y_STR01586,Y_U0024,Y0036,2026-02-05 07:44:25.100265,224
Y_STR01587,Y_U0051,Y0021,2026-02-17 16:49:27.501663,37
Y_STR01588,Y_U0066,Y0043,2026-02-05 20:18:58.633027,150
Y_STR01589,Y_U0088,Y0045,2026-02-25 12:25:04.494188,38
Y_STR01590,Y_U0058,Y0025,2026-02-27 17:24:49.278838,72
Y_STR01591,Y_U0031,Y0018,2026-03-05 07:10:51.410903,62
Y_STR01592,Y_U0060,Y0049,2026-02-09 14:09:53.740938,63
Y_STR01593,Y_U0076,Y0030,2026-02-28 21:48:38.818164,27
Y_STR01594,Y_U0018,Y0045,2026-03-02 18:40:53.822579,101
Y_STR01595,Y_U0010,Y0049,2026-02-12 14:18:42.688337,249
Y_STR01596,Y_U0051,Y0040,2026-02-06 03:23:31.343204,129
Y_STR01597,Y_U0041,Y0037,2026-02-17 14:48:31.464832,190
Y_STR01598,Y_U0089,Y0047,2026-02-11 21:08:18.320506,76
Y_STR01599,Y_U0099,Y0046,2026-02-21 19:24:49.969882,112
Y_STR01600,Y_U0032,Y0026,2026-03-06 04:55:11.204685,59
Y_STR01601,Y_U0047,Y0041,2026-02-05 01:40:23.756028,170
Y_STR01602,Y_U0040,Y0023,2026-03-03 04:37:07.941544,98
Y_STR01603,Y_U0040,Y0041,2026-02-19 03:46:59.741277,39
Y_STR01604,Y_U0067,Y0048,2026-02-06 12:20:25.126634,231
Y_STR01605,Y_U0030,Y0035,2026-03-02 23:12:09.449237,102
Y_STR01606,Y_U0053,Y0017,2026-02-06 18:18:48.312630,174
Y_STR01607,Y_U0087,Y0037,2026-02-24 10:05:31.845924,114
Y_STR01608,Y_U0007,Y0023,2026-03-01 00:13:38.082108,56
Y_STR01609,Y_U0017,Y0042,2026-03-05 11:46:15.691593,158
Y_STR01610,Y_U0100,Y0049,2026-02-16 07:21:53.003169,224
Y_STR01611,Y_U0049,Y0013,2026-02-16 10:33:07.950021,86
Y_STR01612,Y_U0016,Y0038,2026-02-18 11:04:01.885446,138
Y_STR01613,Y_U0033,Y0024,2026-03-05 05:41:49.983254,244
Y_STR01614,Y_U0052,Y0023,2026-02-13 15:04:29.950755,10
Y_STR01615,Y_U0080,Y0044,2026-03-02 07:21:02.185382,81
Y_STR01616,Y_U0075,Y0046,2026-03-06 06:46:44.133106,146
Y_STR01617,Y_U0037,Y0034,2026-02-08 17:06:47.654905,114
Y_STR01618,Y_U0054,Y0040,2026-02-25 02:43:18.910574,294
Y_STR01619,Y_U0013,Y0035,2026-02-05 12:54:55.233789,212
Y_STR01620,Y_U0010,Y0028,2026-03-04 12:44:10.754837,119
Y_STR01621,Y_U0060,Y0036,2026-02-16 21:24:44.743053,123
Y_STR01622,Y_U0051,Y0041,2026-02-08 15:55:34.762365,104
Y_STR01623,Y_U0085,Y0043,2026-03-01 01:00:58.188027,99
Y_STR01624,Y_U0030,Y0041,2026-02-28 02:25:33.361496,7
Y_STR01625,Y_U0008,Y0045,2026-03-03 07:41:22.267242,176
Y_STR01626,Y_U0012,Y0034,2026-02-14 01:41:57.660156,151
Y_STR01627,Y_U0053,Y0048,2026-02-14 01:32:54.965412,157
Y_STR01628,Y_U0098,Y0040,2026-02-17 23:32:09.882525,170
Y_STR01629,Y_U0072,Y0048,2026-02-19 19:44:49.656698,112
Y_STR01630,Y_U0099,Y0041,2026-03-03 11:27:16.262951,60
Y_STR01631,Y_U0023,Y0047,2026-02-19 06:27:14.906327,159
Y_STR01632,Y_U0080,Y0038,2026-02-10 07:38:09.006905,175
Y_STR01633,Y_U0053,Y0040,2026-02-18 11:22:15.936494,60
Y_STR01634,Y_U0086,Y0011,2026-02-11 09:45:02.828404,24
Y_STR01635,Y_U0027,Y0034,2026-03-05 00:18:34.699564,50
Y_STR01636,Y_U0060,Y0046,2026-02-10 19:50:16.683923,169
Y_STR01637,Y_U0062,Y0049,2026-03-04 05:19:40.221797,78
Y_STR01638,Y_U0040,Y0040,2026-02-25 00:24:07.407846,91
Y_STR01639,Y_U0060,Y0011,2026-03-05 14:26:47.070837,181
Y_STR01640,Y_U0087,Y0048,2026-02-07 02:03:18.218863,73
Y_STR01641,Y_U0033,Y0014,2026-02-22 00:11:31.526315,136
Y_STR01642,Y_U0054,Y0042,2026-02-11 15:13:29.263434,290
Y_STR01643,Y_U0010,Y0034,2026-03-04 21:32:49.285022,128
Y_STR01644,Y_U0067,Y0012,2026-03-06 01:59:56.792552,248
Y_STR01645,Y_U0019,Y0018,2026-03-05 00:15:59.091775,16
Y_STR01646,Y_U0080,Y0035,2026-03-03 02:33:11.661655,157
Y_STR01647,Y_U0008,Y0012,2026-02-09 00:09:44.952244,114
Y_STR01648,Y_U0050,Y0043,2026-02-14 23:23:02.167236,49
Y_STR01649,Y_U0043,Y0035,2026-02-04 14:59:41.376616,179
Y_STR01650,Y_U0034,Y0050,2026-03-03 14:33:30.359362,98
Y_STR01651,Y_U0009,Y0043,2026-02-17 08:18:21.984514,128
Y_STR01652,Y_U0075,Y0041,2026-02-28 16:25:56.702212,111
Y_STR01653,Y_U0047,Y0040,2026-02-17 10:18:00.271848,171
Y_STR01654,Y_U0052,Y0047,2026-02-10 20:45:23.376807,191
Y_STR01655,Y_U0079,Y0047,2026-02-22 12:24:37.557953,6
Y_STR01656,Y_U0017,Y0016,2026-03-01 08:28:20.961611,57
Y_STR01657,Y_U0085,Y0042,2026-02-19 01:51:09.090221,320
Y_STR01658,Y_U0019,Y0040,2026-03-04 15:23:12.149070,332
Y_STR01659,Y_U0084,Y0038,2026-02-27 08:01:44.754884,169
Y_STR01660,Y_U0046,Y0045,2026-02-27 11:50:14.915624,57
Y_STR01661,Y_U0073,Y0040,2026-02-10 00:35:50.303404,72
Y_STR01662,Y_U0094,Y0025,2026-02-28 04:24:14.240567,116
Y_STR01663,Y_U0098,Y0014,2026-03-03 21:25:13.468176,156
Y_STR01664,Y_U0083,Y0004,2026-02-07 08:56:37.425011,137
Y_STR01665,Y_U0077,Y0047,2026-03-03 04:58:24.769845,94
Y_STR01666,Y_U0080,Y0040,2026-02-27 20:13:51.367732,42
Y_STR01667,Y_U0059,Y0046,2026-03-05 16:51:07.242665,59
Y_STR01668,Y_U0050,Y0046,2026-02-06 10:21:21.993401,188
Y_STR01669,Y_U0017,Y0039,2026-02-09 10:53:23.303763,138
Y_STR01670,Y_U0003,Y0042,2026-02-07 02:34:44.307036,195
Y_STR01671,Y_U0028,Y0013,2026-02-24 03:04:11.474188,54
Y_STR01672,Y_U0076,Y0031,2026-02-23 01:46:35.518671,12
Y_STR01673,Y_U0073,Y0022,2026-02-14 04:13:23.272906,74
Y_STR01674,Y_U0013,Y0021,2026-02-14 01:55:45.041784,95
Y_STR01675,Y_U0088,Y0026,2026-03-04 11:50:52.204266,36
Y_STR01676,Y_U0059,Y0045,2026-02-21 14:14:26.779918,211
Y_STR01677,Y_U0044,Y0046,2026-02-11 17:45:24.799372,64
Y_STR01678,Y_U0094,Y0042,2026-02-09 11:04:56.840139,99
Y_STR01679,Y_U0058,Y0046,2026-02-08 13:26:55.163006,80
Y_STR01680,Y_U0051,Y0018,2026-02-12 14:42:09.767918,47
Y_STR01681,Y_U0032,Y0041,2026-02-19 12:57:40.970521,165
Y_STR01682,Y_U0033,Y0048,2026-02-27 13:07:56.573980,22
Y_STR01683,Y_U0072,Y0027,2026-02-21 19:15:30.854453,113
Y_STR01684,Y_U0091,Y0040,2026-03-05 00:15:23.032773,7
Y_STR01685,Y_U0035,Y0035,2026-02-05 07:46:36.343346,116
Y_STR01686,Y_U0039,Y0033,2026-02-19 16:02:51.210083,20
Y_STR01687,Y_U0070,Y0007,2026-02-19 20:23:30.608124,289
Y_STR01688,Y_U0029,Y0029,2026-02-06 18:57:58.251029,162
Y_STR01689,Y_U0033,Y0013,2026-03-02 21:54:15.901049,21
Y_STR01690,Y_U0091,Y0040,2026-03-02 03:00:29.084237,169
Y_STR01691,Y_U0084,Y0011,2026-03-03 15:54:48.343821,42
Y_STR01692,Y_U0034,Y0040,2026-02-12 18:27:52.881168,133
Y_STR01693,Y_U0060,Y0026,2026-03-05 10:39:28.315351,41
Y_STR01694,Y_U0029,Y0046,2026-02-10 20:36:10.901032,73
Y_STR01695,Y_U0056,Y0039,2026-02-13 05:33:26.869943,232
Y_STR01696,Y_U0072,Y0034,2026-02-21 07:01:02.366224,120
Y_STR01697,Y_U0079,Y0047,2026-03-04 13:10:51.987667,185
Y_STR01698,Y_U0075,Y0043,2026-02-16 19:04:48.932452,102
Y_STR01699,Y_U0089,Y0027,2026-02-08 04:01:36.811632,18
Y_STR01700,Y_U0020,Y0037,2026-03-01 01:35:48.563831,237
Y_STR01701,Y_U0077,Y0028,2026-03-05 13:25:53.915054,202
Y_STR01702,Y_U0022,Y0006,2026-02-09 14:49:06.828953,204
Y_STR01703,Y_U0092,Y0050,2026-02-27 23:35:40.958697,285
Y_STR01704,Y_U0028,Y0032,2026-03-01 07:16:03.698015,33
Y_STR01705,Y_U0056,Y0030,2026-02-14 21:52:42.036938,151
Y_STR01706,Y_U0079,Y0024,2026-02-11 06:54:22.970702,113
Y_STR01707,Y_U0089,Y0030,2026-02-05 13:19:12.961464,172
Y_STR01708,Y_U0032,Y0050,2026-03-03 01:19:32.883819,39
Y_STR01709,Y_U0079,Y0029,2026-03-06 05:41:23.525259,120
Y_STR01710,Y_U0080,Y0044,2026-02-11 22:37:21.280660,232
Y_STR01711,Y_U0087,Y0039,2026-03-03 18:18:59.002743,181
Y_STR01712,Y_U0091,Y0049,2026-02-21 09:22:47.165251,228
Y_STR01713,Y_U0018,Y0042,2026-02-27 21:25:02.219758,104
Y_STR01714,Y_U0081,Y0033,2026-03-06 08:50:11.171986,207
Y_STR01715,Y_U0075,Y0035,2026-02-06 20:47:27.193271,323
Y_STR01716,Y_U0013,Y0031,2026-02-15 16:40:01.498520,123
Y_STR01717,Y_U0054,Y0036,2026-02-28 01:27:41.948319,173
Y_STR01718,Y_U0097,Y0032,2026-03-04 18:57:07.612496,201
Y_STR01719,Y_U0026,Y0042,2026-03-03 05:29:23.810344,243
Y_STR01720,Y_U0065,Y0045,2026-02-19 10:57:35.186897,137
Y_STR01721,Y_U0084,Y0043,2026-02-25 06:22:32.942672,138
Y_STR01722,Y_U0004,Y0038,2026-03-01 04:57:02.722428,165
Y_STR01723,Y_U0097,Y0046,2026-03-04 08:24:17.298323,242
Y_STR01724,Y_U0028,Y0032,2026-02-21 15:31:12.757587,60
Y_STR01725,Y_U0017,Y0037,2026-02-08 23:48:19.192712,178
Y_STR01726,Y_U0092,Y0014,2026-02-18 07:30:08.726616,208
Y_STR01727,Y_U0095,Y0041,2026-02-13 09:26:52.537563,57
Y_STR01728,Y_U0086,Y0048,2026-03-06 03:45:38.343183,106
Y_STR01729,Y_U0066,Y0047,2026-02-07 05:38:03.731747,36
Y_STR01730,Y_U0030,Y0018,2026-02-05 15:00:12.783525,159
Y_STR01731,Y_U0078,Y0034,2026-02-19 22:25:41.075795,111
Y_STR01732,Y_U0028,Y0041,2026-02-16 09:43:28.924168,140
Y_STR01733,Y_U0087,Y0022,2026-03-04 18:46:13.266498,113
Y_STR01734,Y_U0033,Y0038,2026-02-11 13:51:50.860891,174
Y_STR01735,Y_U0056,Y0013,2026-02-23 20:56:54.839505,167
Y_STR01736,Y_U0035,Y0042,2026-02-13 12:18:46.084963,297
Y_STR01737,Y_U0076,Y0042,2026-02-23 14:21:50.639639,268
Y_STR01738,Y_U0090,Y0026,2026-03-01 06:59:03.189769,119
Y_STR01739,Y_U0013,Y0039,2026-02-27 04:04:05.952825,31
Y_STR01740,Y_U0063,Y0014,2026-02-18 17:15:07.310563,152
Y_STR01741,Y_U0082,Y0046,2026-02-06 21:44:22.750945,127
Y_STR01742,Y_U0015,Y0046,2026-03-01 13:43:57.488802,80
Y_STR01743,Y_U0081,Y0043,2026-02-17 15:13:30.082569,81
Y_STR01744,Y_U0006,Y0044,2026-03-04 16:09:13.539024,145
Y_STR01745,Y_U0088,Y0044,2026-03-01 22:04:58.677567,154
Y_STR01746,Y_U0034,Y0043,2026-02-13 01:47:39.111554,165
Y_STR01747,Y_U0090,Y0042,2026-02-06 05:28:29.194773,62
Y_STR01748,Y_U0095,Y0048,2026-03-03 11:16:14.181770,192
Y_STR01749,Y_U0030,Y0029,2026-02-14 20:55:00.076772,62
Y_STR01750,Y_U0054,Y0034,2026-02-11 08:48:52.998236,89
Y_STR01751,Y_U0025,Y0050,2026-03-01 11:51:55.698716,48
Y_STR01752,Y_U0016,Y0023,2026-02-16 19:43:25.169069,121
Y_STR01753,Y_U0040,Y0047,2026-02-12 13:07:57.827383,121
Y_STR01754,Y_U0098,Y0050,2026-02-23 11:34:04.115593,323
Y_STR01755,Y_U0042,Y0027,2026-02-17 16:39:06.730453,78
Y_STR01756,Y_U0077,Y0024,2026-02-18 11:50:37.558164,164
Y_STR01757,Y_U0054,Y0039,2026-02-09 19:42:10.435450,240
Y_STR01758,Y_U0050,Y0033,2026-02-14 14:58:30.996099,174
Y_STR01759,Y_U0018,Y0006,2026-02-06 18:47:52.631551,84
Y_STR01760,Y_U0074,Y0025,2026-02-16 03:07:50.668125,109
Y_STR01761,Y_U0017,Y0024,2026-03-03 07:06:08.869862,174
Y_STR01762,Y_U0082,Y0050,2026-03-01 11:39:09.094521,245
Y_STR01763,Y_U0075,Y0041,2026-03-01 11:07:10.815385,99
Y_STR01764,Y_U0075,Y0021,2026-02-07 12:29:00.505861,61
Y_STR01765,Y_U0062,Y0027,2026-02-19 12:39:50.434986,124
Y_STR01766,Y_U0033,Y0040,2026-02-27 02:54:14.797657,31
Y_STR01767,Y_U0072,Y0002,2026-02-21 17:06:51.450523,28
Y_STR01768,Y_U0076,Y0024,2026-02-04 12:14:49.355019,245
Y_STR01769,Y_U0057,Y0009,2026-02-18 11:28:28.647345,14
Y_STR01770,Y_U0005,Y0043,2026-02-21 16:16:52.380933,33
Y_STR01771,Y_U0073,Y0026,2026-02-12 19:57:14.272148,125
Y_STR01772,Y_U0043,Y0049,2026-02-17 06:03:55.148784,250
Y_STR01773,Y_U0014,Y0016,2026-02-18 12:51:57.257665,86
Y_STR01774,Y_U0063,Y0037,2026-02-20 08:30:57.738238,296
Y_STR01775,Y_U0099,Y0002,2026-02-05 13:51:57.080212,94
Y_STR01776,Y_U0006,Y0039,2026-02-12 12:44:19.246077,298
Y_STR01777,Y_U0059,Y0033,2026-03-03 09:14:41.624908,174
Y_STR01778,Y_U0098,Y0042,2026-02-23 21:37:46.359752,216
Y_STR01779,Y_U0081,Y0039,2026-02-27 23:42:52.023426,87
Y_STR01780,Y_U0086,Y0032,2026-02-19 08:52:30.401544,16
Y_STR01781,Y_U0014,Y0021,2026-02-20 21:04:12.517622,66
Y_STR01782,Y_U0098,Y0026,2026-02-24 00:35:43.832448,42
Y_STR01783,Y_U0028,Y0019,2026-03-05 08:07:10.151668,218
Y_STR01784,Y_U0075,Y0026,2026-02-09 23:37:31.563981,115
Y_STR01785,Y_U0055,Y0049,2026-02-07 05:32:28.591668,77
Y_STR01786,Y_U0086,Y0043,2026-02-12 11:47:17.754329,50
Y_STR01787,Y_U0055,Y0042,2026-02-09 21:29:14.830608,218
Y_STR01788,Y_U0052,Y0037,2026-02-07 04:59:53.989939,70
Y_STR01789,Y_U0056,Y0047,2026-02-07 20:20:47.663190,191
Y_STR01790,Y_U0031,Y0034,2026-02-09 06:28:59.813981,136
Y_STR01791,Y_U0037,Y0038,2026-02-15 05:59:36.785665,33
Y_STR01792,Y_U0074,Y0032,2026-02-18 17:00:55.930762,165
Y_STR01793,Y_U0056,Y0041,2026-02-26 10:31:32.386053,38
Y_STR01794,Y_U0023,Y0042,2026-02-24 02:23:30.872543,168
Y_STR01795,Y_U0043,Y0021,2026-03-05 17:40:24.250097,123
Y_STR01796,Y_U0093,Y0015,2026-02-26 14:41:52.905455,205
Y_STR01797,Y_U0011,Y0032,2026-02-19 22:51:00.630455,6
Y_STR01798,Y_U0034,Y0046,2026-02-26 20:41:54.179772,215
Y_STR01799,Y_U0030,Y0045,2026-02-09 12:25:54.813294,130
Y_STR01800,Y_U0061,Y0049,2026-03-01 23:06:16.346041,120
Y_STR01801,Y_U0085,Y0033,2026-03-02 01:58:25.003503,89
Y_STR01802,Y_U0056,Y0050,2026-02-06 15:51:18.646441,93
Y_STR01803,Y_U0031,Y0025,2026-02-20 05:55:25.916524,144
Y_STR01804,Y_U0060,Y0044,2026-03-05 07:12:10.396821,172
Y_STR01805,Y_U0073,Y0031,2026-02-23 07:42:52.326901,54
Y_STR01806,Y_U0027,Y0022,2026-02-21 21:48:24.959261,112
Y_STR01807,Y_U0004,Y0028,2026-02-16 04:48:52.694480,52
Y_STR01808,Y_U0043,Y0022,2026-03-01 02:28:55.347825,149
Y_STR01809,Y_U0030,Y0023,2026-02-13 16:40:13.452210,37
Y_STR01810,Y_U0055,Y0010,2026-03-01 18:40:50.672817,123
Y_STR01811,Y_U0055,Y0046,2026-02-21 20:37:00.034064,214
Y_STR01812,Y_U0011,Y0020,2026-02-09 02:50:38.302291,49
Y_STR01813,Y_U0049,Y0012,2026-03-04 07:03:51.418707,170
Y_STR01814,Y_U0030,Y0032,2026-02-24 07:15:17.739700,106
Y_STR01815,Y_U0033,Y0047,2026-02-19 18:37:14.174481,199
Y_STR01816,Y_U0019,Y0030,2026-02-14 23:46:32.987793,96
Y_STR01817,Y_U0020,Y0038,2026-02-23 02:25:28.317181,178
Y_STR01818,Y_U0012,Y0047,2026-02-12 01:24:02.728585,207
Y_STR01819,Y_U0019,Y0047,2026-02-10 12:46:49.846368,132
Y_STR01820,Y_U0083,Y0036,2026-02-21 14:53:23.148060,54
Y_STR01821,Y_U0072,Y0046,2026-03-02 21:37:59.985023,213
Y_STR01822,Y_U0045,Y0044,2026-03-05 09:23:34.764821,160
Y_STR01823,Y_U0085,Y0030,2026-02-18 22:30:50.091293,155
Y_STR01824,Y_U0068,Y0038,2026-02-14 05:47:04.245652,104
Y_STR01825,Y_U0072,Y0030,2026-02-24 04:18:32.531517,157
Y_STR01826,Y_U0074,Y0045,2026-02-20 07:48:09.787638,221
Y_STR01827,Y_U0082,Y0036,2026-02-17 03:11:14.190330,197
Y_STR01828,Y_U0060,Y0044,2026-02-14 03:30:13.669863,238
Y_STR01829,Y_U0061,Y0043,2026-02-11 06:33:07.663205,149
Y_STR01830,Y_U0097,Y0002,2026-02-17 01:55:46.749957,107
Y_STR01831,Y_U0008,Y0046,2026-03-04 03:34:18.997449,50
Y_STR01832,Y_U0011,Y0019,2026-02-28 17:54:52.642811,6
Y_STR01833,Y_U0067,Y0032,2026-02-23 00:40:10.292779,76
Y_STR01834,Y_U0073,Y0018,2026-02-16 08:43:41.162131,137
Y_STR01835,Y_U0003,Y0013,2026-02-20 09:53:08.746736,191
Y_STR01836,Y_U0079,Y0039,2026-02-14 08:00:16.919194,290
Y_STR01837,Y_U0024,Y0045,2026-02-09 14:18:57.859126,27
Y_STR01838,Y_U0093,Y0048,2026-02-09 09:13:20.293183,214
Y_STR01839,Y_U0029,Y0030,2026-02-13 14:41:17.160975,163
Y_STR01840,Y_U0053,Y0025,2026-02-11 12:50:58.910203,138
Y_STR01841,Y_U0087,Y0031,2026-02-26 08:43:59.990171,40
Y_STR01842,Y_U0084,Y0040,2026-02-18 17:34:48.069258,129
Y_STR01843,Y_U0011,Y0036,2026-02-28 12:36:34.695537,162
Y_STR01844,Y_U0020,Y0015,2026-02-14 16:35:03.111336,192
Y_STR01845,Y_U0012,Y0039,2026-03-05 00:37:20.509245,174
Y_STR01846,Y_U0053,Y0020,2026-02-21 17:08:02.460572,131
Y_STR01847,Y_U0039,Y0049,2026-02-12 21:34:37.223733,185
Y_STR01848,Y_U0073,Y0019,2026-02-14 19:46:56.944589,192
Y_STR01849,Y_U0040,Y0044,2026-03-03 07:13:03.264825,296
Y_STR01850,Y_U0042,Y0045,2026-02-08 06:48:15.363091,79
Y_STR01851,Y_U0029,Y0014,2026-02-09 02:55:27.253871,107
Y_STR01852,Y_U0012,Y0040,2026-02-04 17:28:07.030569,234
Y_STR01853,Y_U0028,Y0018,2026-02-22 19:34:57.959546,78
Y_STR01854,Y_U0043,Y0016,2026-02-06 12:02:32.321902,9
Y_STR01855,Y_U0012,Y0017,2026-02-04 22:49:54.390325,96
Y_STR01856,Y_U0023,Y0014,2026-02-13 02:55:25.409086,26
Y_STR01857,Y_U0079,Y0048,2026-02-24 07:48:53.829006,10
Y_STR01858,Y_U0048,Y0028,2026-03-01 16:51:08.298212,10
Y_STR01859,Y_U0099,Y0041,2026-02-15 01:18:15.877286,63
Y_STR01860,Y_U0023,Y0050,2026-02-14 18:29:32.358383,29
Y_STR01861,Y_U0088,Y0034,2026-02-23 04:36:28.382181,146
Y_STR01862,Y_U0010,Y0039,2026-03-05 05:40:58.487576,295
Y_STR01863,Y_U0033,Y0040,2026-02-23 02:56:39.598702,113
Y_STR01864,Y_U0047,Y0030,2026-03-05 16:58:06.623146,97
Y_STR01865,Y_U0080,Y0020,2026-03-04 08:10:26.756158,164
Y_STR01866,Y_U0036,Y0050,2026-03-05 02:29:55.981413,51
Y_STR01867,Y_U0052,Y0014,2026-02-16 13:15:42.929236,251
Y_STR01868,Y_U0018,Y0048,2026-02-20 21:59:03.288695,137
Y_STR01869,Y_U0089,Y0048,2026-02-28 06:45:30.672257,67
Y_STR01870,Y_U0079,Y0036,2026-03-05 05:28:52.761970,46
Y_STR01871,Y_U0050,Y0029,2026-02-28 06:14:30.154785,13
Y_STR01872,Y_U0052,Y0046,2026-03-05 21:10:29.230592,225
Y_STR01873,Y_U0041,Y0012,2026-02-06 05:41:28.072980,87
Y_STR01874,Y_U0059,Y0050,2026-02-27 15:55:51.216894,189
Y_STR01875,Y_U0030,Y0016,2026-03-02 21:36:18.454743,19
Y_STR01876,Y_U0066,Y0041,2026-02-07 17:47:08.994508,20
Y_STR01877,Y_U0006,Y0045,2026-02-16 04:07:01.391714,177
Y_STR01878,Y_U0018,Y0041,2026-02-08 05:48:58.472549,39
Y_STR01879,Y_U0026,Y0027,2026-02-17 03:07:13.494390,122
Y_STR01880,Y_U0070,Y0031,2026-02-06 01:02:21.963189,86
Y_STR01881,Y_U0087,Y0027,2026-03-05 15:06:32.992130,77
Y_STR01882,Y_U0035,Y0049,2026-02-06 08:16:34.294412,10
Y_STR01883,Y_U0026,Y0031,2026-03-05 15:04:18.021339,99
Y_STR01884,Y_U0084,Y0023,2026-02-26 10:54:38.458709,70
Y_STR01885,Y_U0089,Y0027,2026-02-14 09:36:35.722470,87
Y_STR01886,Y_U0089,Y0018,2026-02-05 20:47:22.951231,52
Y_STR01887,Y_U0038,Y0034,2026-03-02 12:05:19.734800,24
Y_STR01888,Y_U0077,Y0047,2026-02-24 17:42:15.474944,236
Y_STR01889,Y_U0009,Y0032,2026-02-12 06:36:36.878641,215
Y_STR01890,Y_U0060,Y0042,2026-02-18 17:46:34.616435,228
Y_STR01891,Y_U0044,Y0041,2026-02-14 06:42:35.812196,64
Y_STR01892,Y_U0021,Y0021,2026-02-18 21:39:16.804486,182
Y_STR01893,Y_U0046,Y0050,2026-02-14 17:26:53.972682,182
Y_STR01894,Y_U0093,Y0021,2026-02-28 07:42:07.348875,71
Y_STR01895,Y_U0021,Y0032,2026-02-24 18:51:14.013623,43
Y_STR01896,Y_U0030,Y0047,2026-02-12 01:23:51.059647,32
Y_STR01897,Y_U0067,Y0042,2026-02-24 14:40:04.395151,91
Y_STR01898,Y_U0010,Y0047,2026-02-25 10:00:16.651225,20
Y_STR01899,Y_U0033,Y0014,2026-03-03 18:13:27.974270,290
Y_STR01900,Y_U0019,Y0025,2026-02-24 04:42:00.145557,51
Y_STR01901,Y_U0050,Y0040,2026-03-01 19:02:29.010328,83
Y_STR01902,Y_U0087,Y0041,2026-02-13 04:28:37.986723,142
Y_STR01903,Y_U0004,Y0047,2026-02-12 19:24:21.053251,79
Y_STR01904,Y_U0067,Y0027,2026-02-07 18:48:20.387795,28
Y_STR01905,Y_U0069,Y0043,2026-02-23 04:49:51.864644,52
Y_STR01906,Y_U0050,Y0018,2026-02-15 11:55:36.717898,71
Y_STR01907,Y_U0013,Y0033,2026-02-10 08:04:53.528476,241
Y_STR01908,Y_U0037,Y0020,2026-02-06 11:29:13.309269,138
Y_STR01909,Y_U0037,Y0039,2026-02-06 22:08:18.980647,104
Y_STR01910,Y_U0013,Y0030,2026-02-14 21:44:54.541957,181
Y_STR01911,Y_U0098,Y0048,2026-02-17 00:22:18.448190,74
Y_STR01912,Y_U0042,Y0007,2026-02-17 20:29:31.139280,134
Y_STR01913,Y_U0014,Y0029,2026-02-28 02:32:01.167273,148
Y_STR01914,Y_U0058,Y0011,2026-02-26 09:30:38.703573,225
Y_STR01915,Y_U0021,Y0005,2026-02-28 07:38:00.230011,213
Y_STR01916,Y_U0033,Y0033,2026-02-28 14:00:41.936517,74
Y_STR01917,Y_U0088,Y0039,2026-02-21 08:18:02.211239,275
Y_STR01918,Y_U0024,Y0046,2026-03-05 01:56:21.952997,98
Y_STR01919,Y_U0067,Y0049,2026-02-09 11:57:13.210022,95
Y_STR01920,Y_U0049,Y0025,2026-02-07 15:21:24.475747,58
Y_STR01921,Y_U0036,Y0031,2026-02-09 14:03:16.687076,63
Y_STR01922,Y_U0029,Y0044,2026-02-12 07:52:12.131886,223
Y_STR01923,Y_U0019,Y0045,2026-02-15 04:39:12.494965,108
Y_STR01924,Y_U0065,Y0025,2026-02-09 03:31:48.035866,149
Y_STR01925,Y_U0081,Y0021,2026-03-01 18:43:26.511765,207
Y_STR01926,Y_U0042,Y0023,2026-03-06 06:44:03.862691,47
Y_STR01927,Y_U0069,Y0026,2026-03-01 14:11:50.573922,17
Y_STR01928,Y_U0049,Y0033,2026-02-09 11:48:01.861270,200
Y_STR01929,Y_U0026,Y0035,2026-02-07 14:46:08.482805,25
Y_STR01930,Y_U0015,Y0031,2026-02-09 19:08:11.620942,104
Y_STR01931,Y_U0032,Y0024,2026-02-06 04:46:33.597025,238
Y_STR01932,Y_U0094,Y0026,2026-02-04 22:34:58.119591,12
Y_STR01933,Y_U0075,Y0042,2026-02-25 21:37:34.475978,178
Y_STR01934,Y_U0059,Y0011,2026-02-14 07:31:16.524193,126
Y_STR01935,Y_U0093,Y0016,2026-02-08 16:02:11.885942,43
Y_STR01936,Y_U0062,Y0049,2026-02-11 22:51:23.736269,60
Y_STR01937,Y_U0071,Y0037,2026-02-21 21:17:53.921950,170
Y_STR01938,Y_U0034,Y0042,2026-03-04 10:39:46.536088,207
Y_STR01939,Y_U0043,Y0029,2026-02-15 15:27:56.498559,172
Y_STR01940,Y_U0007,Y0047,2026-02-25 09:56:40.921242,144
Y_STR01941,Y_U0038,Y0050,2026-02-27 14:07:51.497999,41
Y_STR01942,Y_U0080,Y0024,2026-03-05 20:32:14.345118,68
Y_STR01943,Y_U0044,Y0049,2026-02-12 00:15:56.670450,239
Y_STR01944,Y_U0033,Y0031,2026-02-13 05:21:58.241422,82
Y_STR01945,Y_U0018,Y0037,2026-03-01 07:45:33.521172,244
Y_STR01946,Y_U0080,Y0031,2026-02-24 14:08:13.027205,142
Y_STR01947,Y_U0059,Y0045,2026-02-28 00:18:01.777028,184
Y_STR01948,Y_U0012,Y0005,2026-02-26 17:52:24.312942,241
Y_STR01949,Y_U0041,Y0003,2026-02-20 11:43:52.200540,277
Y_STR01950,Y_U0095,Y0047,2026-02-21 20:57:44.892561,227
Y_STR01951,Y_U0022,Y0018,2026-02-26 20:30:59.688400,43
Y_STR01952,Y_U0027,Y0035,2026-02-22 15:43:29.012488,58
Y_STR01953,Y_U0036,Y0012,2026-02-09 18:54:29.092218,187
Y_STR01954,Y_U0086,Y0010,2026-02-26 17:26:46.582570,154
Y_STR01955,Y_U0043,Y0041,2026-02-09 19:11:05.741924,14
Y_STR01956,Y_U0015,Y0039,2026-02-05 06:24:23.624955,145
Y_STR01957,Y_U0067,Y0046,2026-02-16 13:59:18.246740,239
Y_STR01958,Y_U0028,Y0033,2026-03-03 11:17:00.371083,263
Y_STR01959,Y_U0057,Y0041,2026-02-20 02:16:47.047697,9
Y_STR01960,Y_U0063,Y0009,2026-03-02 06:39:46.898547,26
Y_STR01961,Y_U0087,Y0047,2026-02-12 05:36:39.758145,29
Y_STR01962,Y_U0077,Y0013,2026-02-19 14:17:59.055154,160
Y_STR01963,Y_U0029,Y0022,2026-02-07 20:48:22.462996,43
Y_STR01964,Y_U0019,Y0046,2026-02-07 04:35:29.876448,222
Y_STR01965,Y_U0025,Y0033,2026-02-21 08:44:30.151775,99
Y_STR01966,Y_U0074,Y0022,2026-03-02 19:44:37.368307,70
Y_STR01967,Y_U0033,Y0038,2026-02-23 16:05:54.982479,118
Y_STR01968,Y_U0053,Y0049,2026-02-24 15:26:22.019386,225
Y_STR01969,Y_U0015,Y0044,2026-03-02 03:09:41.195438,104
Y_STR01970,Y_U0074,Y0048,2026-02-05 16:21:02.173535,51
Y_STR01971,Y_U0044,Y0010,2026-02-07 13:50:39.312006,80
Y_STR01972,Y_U0036,Y0035,2026-02-06 01:26:26.168755,56
Y_STR01973,Y_U0062,Y0026,2026-02-21 16:09:42.386328,122
Y_STR01974,Y_U0003,Y0032,2026-02-11 08:03:21.962306,31
Y_STR01975,Y_U0042,Y0038,2026-02-23 19:09:39.383835,13
Y_STR01976,Y_U0019,Y0017,2026-02-25 16:14:05.583470,53
Y_STR01977,Y_U0019,Y0022,2026-02-19 16:25:44.556362,159
Y_STR01978,Y_U0071,Y0023,2026-02-14 20:53:07.330815,56
Y_STR01979,Y_U0066,Y0012,2026-02-23 18:00:26.737079,293
Y_STR01980,Y_U0067,Y0036,2026-02-08 23:27:55.936579,87
Y_STR01981,Y_U0087,Y0036,2026-02-26 10:10:48.344885,243
Y_STR01982,Y_U0055,Y0045,2026-03-02 11:26:50.471905,56
Y_STR01983,Y_U0075,Y0030,2026-02-07 15:33:23.535323,166
Y_STR01984,Y_U0085,Y0041,2026-02-08 16:42:45.495522,64
Y_STR01985,Y_U0019,Y0033,2026-02-19 19:26:23.701276,88
Y_STR01986,Y_U0034,Y0049,2026-03-02 11:40:17.804005,192
Y_STR01987,Y_U0090,Y0032,2026-03-02 10:01:32.259284,146
Y_STR01988,Y_U0045,Y0034,2026-03-01 13:58:59.939625,62
Y_STR01989,Y_U0036,Y0045,2026-03-02 23:40:33.374159,28
Y_STR01990,Y_U0084,Y0036,2026-02-10 09:40:42.012916,193
Y_STR01991,Y_U0022,Y0016,2026-02-28 04:44:44.471112,14
Y_STR01992,Y_U0049,Y0042,2026-03-04 03:55:31.250091,8
Y_STR01993,Y_U0095,Y0035,2026-02-27 03:32:31.659273,142
Y_STR01994,Y_U0055,Y0035,2026-02-09 12:35:41.047367,165
Y_STR01995,Y_U0051,Y0033,2026-02-14 00:35:14.511170,45
Y_STR01996,Y_U0035,Y0016,2026-02-08 07:31:53.899894,36
Y_STR01997,Y_U0072,Y0044,2026-02-07 11:10:00.748255,8
Y_STR01998,Y_U0034,Y0017,2026-02-11 11:25:41.165833,190
Y_STR01999,Y_U0030,Y0012,2026-02-16 22:01:32.096759,61
Y_STR02000,Y_U0081,Y0035,2026-03-05 15:51:16.355836,299
Y_STR02001,Y_U0045,Y0018,2026-02-26 16:25:00.610179,126
Y_STR02002,Y_U0002,Y0046,2026-02-23 11:54:49.555439,37
Y_STR02003,Y_U0004,Y0039,2026-02-08 12:10:50.321296,80
Y_STR02004,Y_U0013,Y0028,2026-03-03 19:43:13.007978,205
Y_STR02005,Y_U0017,Y0026,2026-02-11 05:36:52.084004,42
Y_STR02006,Y_U0014,Y0025,2026-02-22 07:23:09.310830,31
Y_STR02007,Y_U0041,Y0040,2026-02-27 15:28:46.684344,205
Y_STR02008,Y_U0014,Y0023,2026-03-05 07:53:01.019634,93
Y_STR02009,Y_U0051,Y0034,2026-02-08 02:53:46.201773,75
Y_STR02010,Y_U0041,Y0024,2026-03-02 11:03:07.965206,61
Y_STR02011,Y_U0067,Y0031,2026-02-21 05:19:49.904669,65
Y_STR02012,Y_U0043,Y0050,2026-02-10 23:00:45.933547,87
Y_STR02013,Y_U0021,Y0042,2026-02-15 01:32:31.758886,82
Y_STR02014,Y_U0076,Y0044,2026-02-16 05:16:29.872712,61
Y_STR02015,Y_U0056,Y0041,2026-03-04 17:16:59.780129,137
Y_STR02016,Y_U0028,Y0034,2026-02-08 13:20:17.939746,138
Y_STR02017,Y_U0094,Y0028,2026-02-19 21:05:35.773689,230
Y_STR02018,Y_U0070,Y0022,2026-03-03 07:18:58.394526,154
Y_STR02019,Y_U0065,Y0025,2026-02-12 17:59:27.601304,144
Y_STR02020,Y_U0049,Y0008,2026-02-28 02:03:19.916445,172
Y_STR02021,Y_U0016,Y0022,2026-02-23 13:01:22.811032,76
Y_STR02022,Y_U0082,Y0045,2026-02-07 03:26:50.490654,144
Y_STR02023,Y_U0041,Y0031,2026-03-01 18:40:48.363467,25
Y_STR02024,Y_U0007,Y0040,2026-02-16 01:48:05.727959,246
Y_STR02025,Y_U0035,Y0050,2026-02-04 15:22:34.394850,159
Y_STR02026,Y_U0045,Y0043,2026-02-11 13:36:10.719356,104
Y_STR02027,Y_U0091,Y0030,2026-03-05 05:46:05.410808,40
Y_STR02028,Y_U0011,Y0025,2026-02-18 00:58:23.767954,66
Y_STR02029,Y_U0096,Y0017,2026-02-18 03:51:41.939159,7
Y_STR02030,Y_U0084,Y0036,2026-02-06 20:37:10.102914,168
Y_STR02031,Y_U0074,Y0049,2026-02-18 10:00:10.631899,40
Y_STR02032,Y_U0064,Y0030,2026-02-14 04:07:24.795212,39
Y_STR02033,Y_U0089,Y0031,2026-02-08 07:53:48.998578,128
Y_STR02034,Y_U0069,Y0040,2026-02-26 00:56:40.232757,225
Y_STR02035,Y_U0044,Y0021,2026-02-22 05:45:08.360464,28
Y_STR02036,Y_U0052,Y0004,2026-03-05 22:05:35.599159,201
Y_STR02037,Y_U0100,Y0048,2026-02-09 07:33:36.014337,129
Y_STR02038,Y_U0001,Y0020,2026-02-19 03:14:43.458015,116
Y_STR02039,Y_U0009,Y0039,2026-03-03 05:01:12.994263,256
Y_STR02040,Y_U0094,Y0005,2026-02-10 11:23:16.841996,191
Y_STR02041,Y_U0006,Y0024,2026-02-10 04:20:46.562364,5
Y_STR02042,Y_U0016,Y0009,2026-02-09 01:28:55.009843,12
Y_STR02043,Y_U0097,Y0006,2026-02-14 19:32:49.751843,172
Y_STR02044,Y_U0035,Y0047,2026-02-10 14:41:46.560208,123
Y_STR02045,Y_U0060,Y0029,2026-02-07 15:49:44.988185,53
Y_STR02046,Y_U0004,Y0030,2026-02-06 20:30:34.672950,113
Y_STR02047,Y_U0072,Y0017,2026-02-04 21:27:18.631989,26
Y_STR02048,Y_U0066,Y0050,2026-02-21 17:19:20.905260,78
Y_STR02049,Y_U0002,Y0042,2026-02-26 05:41:15.472704,157
Y_STR02050,Y_U0003,Y0042,2026-02-09 18:24:32.190230,198
Y_STR02051,Y_U0061,Y0040,2026-02-19 00:11:16.655867,76
Y_STR02052,Y_U0019,Y0037,2026-03-01 11:02:53.953992,300
Y_STR02053,Y_U0052,Y0049,2026-02-24 16:06:03.891863,152
Y_STR02054,Y_U0071,Y0032,2026-02-09 14:57:06.313910,125
Y_STR02055,Y_U0066,Y0023,2026-02-21 05:12:27.314555,109
Y_STR02056,Y_U0084,Y0046,2026-02-10 08:38:02.067566,16
Y_STR02057,Y_U0039,Y0039,2026-02-24 18:36:11.053055,120
Y_STR02058,Y_U0074,Y0046,2026-03-01 16:08:11.672621,187
Y_STR02059,Y_U0030,Y0047,2026-02-10 07:11:08.747016,64
Y_STR02060,Y_U0057,Y0050,2026-02-21 11:19:45.467038,15
Y_STR02061,Y_U0086,Y0049,2026-02-22 04:11:10.377059,190
Y_STR02062,Y_U0039,Y0017,2026-02-09 21:01:42.086360,135
Y_STR02063,Y_U0083,Y0029,2026-03-05 01:13:02.257911,30
Y_STR02064,Y_U0035,Y0031,2026-02-14 09:48:19.838642,62
Y_STR02065,Y_U0095,Y0044,2026-02-12 20:56:39.224846,203
Y_STR02066,Y_U0068,Y0023,2026-02-16 19:21:43.957255,121
Y_STR02067,Y_U0081,Y0039,2026-02-17 16:41:44.607678,150
Y_STR02068,Y_U0100,Y0041,2026-02-05 06:41:05.654687,164
Y_STR02069,Y_U0041,Y0038,2026-02-05 18:08:42.598595,117
Y_STR02070,Y_U0041,Y0047,2026-02-27 02:49:13.064205,177
Y_STR02071,Y_U0089,Y0028,2026-03-06 04:54:25.153495,188
Y_STR02072,Y_U0019,Y0037,2026-02-15 05:04:14.085606,327
Y_STR02073,Y_U0051,Y0012,2026-02-08 05:14:15.661408,225
Y_STR02074,Y_U0066,Y0046,2026-02-21 21:19:22.033412,165
Y_STR02075,Y_U0043,Y0023,2026-02-27 23:16:53.101337,72
Y_STR02076,Y_U0056,Y0044,2026-02-22 08:02:44.651470,106
Y_STR02077,Y_U0052,Y0039,2026-02-09 12:42:19.121875,221
Y_STR02078,Y_U0069,Y0027,2026-02-15 10:21:31.291137,23
Y_STR02079,Y_U0043,Y0046,2026-02-06 15:13:19.200320,241
Y_STR02080,Y_U0089,Y0049,2026-02-04 22:37:45.274333,186
Y_STR02081,Y_U0019,Y0050,2026-02-22 18:50:12.425285,167
Y_STR02082,Y_U0001,Y0036,2026-02-28 14:59:31.271639,133
Y_STR02083,Y_U0053,Y0037,2026-02-18 06:04:55.857569,144
Y_STR02084,Y_U0058,Y0028,2026-02-17 09:48:45.549680,70
Y_STR02085,Y_U0030,Y0047,2026-02-22 01:01:24.100548,81
Y_STR02086,Y_U0015,Y0042,2026-02-16 06:17:19.098042,242
Y_STR02087,Y_U0053,Y0007,2026-03-01 12:05:05.620503,34
Y_STR02088,Y_U0062,Y0022,2026-02-27 07:45:31.300146,125
Y_STR02089,Y_U0070,Y0044,2026-03-01 06:16:13.987893,29
Y_STR02090,Y_U0046,Y0036,2026-02-17 23:39:52.031605,31
Y_STR02091,Y_U0034,Y0038,2026-02-13 11:42:10.989018,191
Y_STR02092,Y_U0007,Y0035,2026-02-10 04:53:22.036769,315
Y_STR02093,Y_U0080,Y0034,2026-02-10 18:54:54.850613,33
Y_STR02094,Y_U0088,Y0045,2026-02-25 08:47:06.552726,129
Y_STR02095,Y_U0063,Y0049,2026-02-24 09:15:36.453592,212
Y_STR02096,Y_U0088,Y0017,2026-03-02 21:36:14.270040,215
Y_STR02097,Y_U0001,Y0021,2026-02-23 21:31:22.277681,135
Y_STR02098,Y_U0083,Y0045,2026-02-13 10:18:41.139307,95
Y_STR02099,Y_U0064,Y0012,2026-03-01 02:37:53.661642,207
Y_STR02100,Y_U0070,Y0046,2026-02-22 01:26:22.479724,32
Y_STR02101,Y_U0058,Y0047,2026-03-05 08:50:37.384825,51
Y_STR02102,Y_U0012,Y0038,2026-02-20 16:03:31.131166,162
Y_STR02103,Y_U0085,Y0022,2026-02-21 10:15:34.997897,18
Y_STR02104,Y_U0079,Y0037,2026-03-02 12:10:46.697048,260
Y_STR02105,Y_U0079,Y0047,2026-02-13 12:13:08.995648,231
Y_STR02106,Y_U0059,Y0043,2026-02-18 03:18:46.039902,113
Y_STR02107,Y_U0059,Y0041,2026-02-22 22:46:47.455858,136
Y_STR02108,Y_U0087,Y0049,2026-02-20 14:43:35.359081,231
Y_STR02109,Y_U0007,Y0037,2026-02-10 00:42:53.540968,66
Y_STR02110,Y_U0026,Y0039,2026-02-23 17:03:53.917877,7
Y_STR02111,Y_U0014,Y0021,2026-03-04 05:36:46.422178,150
Y_STR02112,Y_U0020,Y0044,2026-02-21 15:27:20.728169,318
Y_STR02113,Y_U0054,Y0044,2026-02-15 04:38:20.191010,22
Y_STR02114,Y_U0069,Y0037,2026-02-13 08:42:29.978442,302
Y_STR02115,Y_U0088,Y0037,2026-02-04 18:17:03.620447,193
Y_STR02116,Y_U0021,Y0025,2026-02-15 08:03:47.563945,106
Y_STR02117,Y_U0026,Y0033,2026-03-01 15:40:08.153080,293
Y_STR02118,Y_U0089,Y0030,2026-02-18 21:17:34.888061,80
Y_STR02119,Y_U0027,Y0041,2026-02-23 00:51:32.816355,167
Y_STR02120,Y_U0008,Y0049,2026-02-16 09:46:59.153397,185
Y_STR02121,Y_U0085,Y0025,2026-02-06 04:24:03.709157,69
Y_STR02122,Y_U0095,Y0034,2026-02-23 07:59:47.588337,57
Y_STR02123,Y_U0048,Y0046,2026-02-25 22:04:30.655006,91
Y_STR02124,Y_U0003,Y0048,2026-02-23 20:05:13.896183,105
Y_STR02125,Y_U0026,Y0037,2026-03-01 06:13:32.106778,230
Y_STR02126,Y_U0002,Y0048,2026-02-12 19:24:10.540466,124
Y_STR02127,Y_U0027,Y0042,2026-02-18 08:19:06.816130,342
Y_STR02128,Y_U0063,Y0010,2026-02-12 02:47:08.292829,156
Y_STR02129,Y_U0030,Y0043,2026-02-14 07:34:27.439481,166
Y_STR02130,Y_U0021,Y0039,2026-02-22 12:13:03.387794,56
Y_STR02131,Y_U0047,Y0028,2026-02-23 23:15:27.971385,56
Y_STR02132,Y_U0006,Y0045,2026-02-21 04:29:06.417915,214
Y_STR02133,Y_U0003,Y0047,2026-02-19 12:26:18.288969,187
Y_STR02134,Y_U0078,Y0033,2026-03-02 12:04:10.546543,243
Y_STR02135,Y_U0033,Y0027,2026-02-28 17:39:04.124502,38
Y_STR02136,Y_U0027,Y0022,2026-02-04 17:21:51.129201,26
Y_STR02137,Y_U0069,Y0049,2026-02-14 22:29:19.103823,25
Y_STR02138,Y_U0029,Y0021,2026-03-01 07:00:58.796344,103
Y_STR02139,Y_U0041,Y0046,2026-03-03 19:46:27.329960,55
Y_STR02140,Y_U0006,Y0028,2026-02-20 15:02:42.892615,59
Y_STR02141,Y_U0081,Y0032,2026-03-02 11:54:23.828780,151
Y_STR02142,Y_U0083,Y0050,2026-02-22 17:13:40.233281,30
Y_STR02143,Y_U0096,Y0014,2026-02-11 13:05:30.333820,238
Y_STR02144,Y_U0059,Y0013,2026-03-01 14:26:40.116192,137
Y_STR02145,Y_U0002,Y0019,2026-02-21 23:06:18.185614,108
Y_STR02146,Y_U0098,Y0037,2026-02-21 17:16:23.515550,25
Y_STR02147,Y_U0043,Y0013,2026-02-26 04:30:37.185566,171
Y_STR02148,Y_U0050,Y0029,2026-02-21 12:44:56.425220,66
Y_STR02149,Y_U0076,Y0035,2026-02-13 20:11:56.414598,21
Y_STR02150,Y_U0077,Y0047,2026-02-12 03:37:37.208364,81
Y_STR02151,Y_U0048,Y0024,2026-03-03 02:07:13.509884,237
Y_STR02152,Y_U0071,Y0026,2026-02-23 08:42:21.331832,68
Y_STR02153,Y_U0046,Y0038,2026-02-20 10:47:47.649952,118
Y_STR02154,Y_U0023,Y0043,2026-02-17 17:54:35.402688,169
Y_STR02155,Y_U0090,Y0011,2026-02-24 02:16:09.751805,234
Y_STR02156,Y_U0044,Y0045,2026-02-11 18:32:02.486586,133
Y_STR02157,Y_U0100,Y0039,2026-02-16 12:12:30.060636,234
Y_STR02158,Y_U0038,Y0030,2026-02-18 01:57:05.788405,40
Y_STR02159,Y_U0053,Y0026,2026-02-21 21:25:57.900367,10
Y_STR02160,Y_U0050,Y0040,2026-02-26 03:43:09.721731,80
Y_STR02161,Y_U0089,Y0048,2026-03-01 20:43:06.250028,82
Y_STR02162,Y_U0088,Y0032,2026-02-08 14:28:02.333555,30
Y_STR02163,Y_U0061,Y0028,2026-02-08 12:31:23.911193,156
Y_STR02164,Y_U0099,Y0034,2026-02-25 02:01:38.300635,186
Y_STR02165,Y_U0053,Y0046,2026-02-15 16:11:38.276817,252
Y_STR02166,Y_U0065,Y0026,2026-02-23 14:24:42.116126,85
Y_STR02167,Y_U0014,Y0048,2026-02-08 12:02:32.063298,202
Y_STR02168,Y_U0064,Y0037,2026-02-25 08:48:17.318532,18
Y_STR02169,Y_U0047,Y0030,2026-02-17 18:20:24.319885,47
Y_STR02170,Y_U0045,Y0038,2026-02-14 23:07:44.003193,176
Y_STR02171,Y_U0057,Y0008,2026-02-16 18:14:52.204007,146
Y_STR02172,Y_U0088,Y0030,2026-02-19 04:35:51.642912,117
Y_STR02173,Y_U0100,Y0050,2026-03-05 09:04:39.481993,195
Y_STR02174,Y_U0033,Y0020,2026-02-18 03:08:31.432418,135
Y_STR02175,Y_U0025,Y0024,2026-02-04 19:01:20.811018,73
Y_STR02176,Y_U0084,Y0024,2026-02-17 19:53:05.411648,216
Y_STR02177,Y_U0061,Y0044,2026-02-22 08:48:44.985863,207
Y_STR02178,Y_U0055,Y0037,2026-02-28 17:36:40.689835,95
Y_STR02179,Y_U0024,Y0050,2026-02-05 09:09:39.023136,190
Y_STR02180,Y_U0049,Y0046,2026-02-10 03:26:32.770929,64
Y_STR02181,Y_U0064,Y0037,2026-03-02 21:42:43.744089,195
Y_STR02182,Y_U0022,Y0017,2026-02-25 17:34:51.189499,55
Y_STR02183,Y_U0025,Y0041,2026-02-22 16:08:55.541499,60
Y_STR02184,Y_U0077,Y0020,2026-02-09 19:34:21.768403,186
Y_STR02185,Y_U0004,Y0048,2026-02-09 15:35:08.004641,201
Y_STR02186,Y_U0017,Y0029,2026-03-03 15:28:14.283750,88
Y_STR02187,Y_U0033,Y0018,2026-03-05 15:10:52.483031,123
Y_STR02188,Y_U0018,Y0043,2026-02-10 22:05:05.091563,81
Y_STR02189,Y_U0059,Y0026,2026-02-16 18:51:22.056293,94
Y_STR02190,Y_U0072,Y0050,2026-03-01 23:36:55.336835,313
Y_STR02191,Y_U0081,Y0007,2026-03-04 21:19:50.211556,223
Y_STR02192,Y_U0015,Y0033,2026-02-21 17:14:46.153670,267
Y_STR02193,Y_U0046,Y0046,2026-02-09 05:46:41.714077,200
Y_STR02194,Y_U0077,Y0049,2026-02-26 15:07:08.213468,55
Y_STR02195,Y_U0037,Y0016,2026-02-10 16:32:50.321574,114
Y_STR02196,Y_U0047,Y0048,2026-02-17 10:01:50.424149,116
Y_STR02197,Y_U0047,Y0049,2026-02-23 19:19:32.374504,195
Y_STR02198,Y_U0054,Y0036,2026-02-12 05:10:54.464471,40
Y_STR02199,Y_U0016,Y0039,2026-02-18 12:29:09.220263,216
Y_STR02200,Y_U0073,Y0050,2026-02-14 08:04:28.344727,11
Y_STR02201,Y_U0081,Y0032,2026-02-05 22:35:59.472702,121
Y_STR02202,Y_U0008,Y0030,2026-02-21 23:40:49.545655,109
Y_STR02203,Y_U0017,Y0045,2026-02-19 15:21:37.207387,170
Y_STR02204,Y_U0017,Y0026,2026-02-20 19:51:33.051776,16
Y_STR02205,Y_U0095,Y0031,2026-02-23 10:50:04.510640,110
Y_STR02206,Y_U0048,Y0040,2026-02-05 20:37:42.398831,133
Y_STR02207,Y_U0046,Y0025,2026-02-15 18:36:15.027065,47
Y_STR02208,Y_U0082,Y0043,2026-02-06 21:03:20.332017,68
Y_STR02209,Y_U0064,Y0028,2026-03-01 18:32:57.513070,72
Y_STR02210,Y_U0006,Y0024,2026-02-15 23:35:59.776638,160
Y_STR02211,Y_U0009,Y0038,2026-02-27 03:21:50.869687,69
Y_STR02212,Y_U0064,Y0011,2026-02-13 12:14:46.763572,136
Y_STR02213,Y_U0096,Y0040,2026-02-21 11:40:57.084746,270
Y_STR02214,Y_U0079,Y0048,2026-02-27 02:16:54.873713,204
Y_STR02215,Y_U0063,Y0041,2026-02-15 10:44:06.599805,74
Y_STR02216,Y_U0087,Y0021,2026-02-20 12:07:40.872052,176
Y_STR02217,Y_U0072,Y0020,2026-02-21 18:40:49.043632,246
Y_STR02218,Y_U0056,Y0017,2026-02-26 13:26:00.285626,60
Y_STR02219,Y_U0011,Y0045,2026-02-23 19:39:23.088666,13
Y_STR02220,Y_U0034,Y0030,2026-02-21 03:25:23.566577,147
Y_STR02221,Y_U0100,Y0038,2026-02-09 07:29:52.929665,177
Y_STR02222,Y_U0041,Y0023,2026-02-14 16:39:28.204355,68
Y_STR02223,Y_U0077,Y0022,2026-02-11 18:28:02.161279,118
Y_STR02224,Y_U0053,Y0039,2026-02-26 07:20:17.456055,253
Y_STR02225,Y_U0093,Y0039,2026-03-01 21:53:09.012768,92
Y_STR02226,Y_U0027,Y0048,2026-02-28 06:32:12.459560,33
Y_STR02227,Y_U0054,Y0047,2026-02-22 21:41:37.493641,152
Y_STR02228,Y_U0026,Y0047,2026-02-19 22:04:46.418380,17
Y_STR02229,Y_U0027,Y0043,2026-02-23 13:04:20.649886,87
Y_STR02230,Y_U0099,Y0028,2026-03-06 00:52:30.223813,109
Y_STR02231,Y_U0001,Y0008,2026-02-11 17:00:03.132059,8
Y_STR02232,Y_U0073,Y0047,2026-02-26 09:39:48.375742,237
Y_STR02233,Y_U0040,Y0043,2026-02-20 20:41:25.855279,71
Y_STR02234,Y_U0065,Y0016,2026-03-02 12:19:53.434685,89
Y_STR02235,Y_U0053,Y0030,2026-02-09 03:05:11.418548,163
Y_STR02236,Y_U0048,Y0049,2026-02-23 08:04:37.951102,33
Y_STR02237,Y_U0034,Y0028,2026-02-09 08:26:55.863240,237
Y_STR02238,Y_U0002,Y0048,2026-02-24 01:40:46.183394,17
Y_STR02239,Y_U0035,Y0035,2026-02-07 04:32:56.278793,313
Y_STR02240,Y_U0060,Y0030,2026-02-14 23:54:08.395084,23
Y_STR02241,Y_U0074,Y0034,2026-02-04 17:30:56.281060,75
Y_STR02242,Y_U0010,Y0045,2026-02-06 07:29:37.997812,114
Y_STR02243,Y_U0039,Y0042,2026-02-23 11:08:40.566333,15
Y_STR02244,Y_U0054,Y0040,2026-03-01 02:31:19.829097,243
Y_STR02245,Y_U0083,Y0044,2026-03-04 06:53:38.055420,296
Y_STR02246,Y_U0043,Y0026,2026-03-05 17:48:12.935024,126
Y_STR02247,Y_U0070,Y0015,2026-02-26 20:11:00.993050,153
Y_STR02248,Y_U0024,Y0012,2026-02-15 16:29:30.798533,292
Y_STR02249,Y_U0046,Y0013,2026-02-06 21:54:36.980950,41
Y_STR02250,Y_U0006,Y0022,2026-02-24 00:13:33.165438,58
Y_STR02251,Y_U0021,Y0048,2026-03-01 16:10:22.807714,188
Y_STR02252,Y_U0018,Y0032,2026-03-05 23:21:09.270611,80
Y_STR02253,Y_U0083,Y0028,2026-03-02 03:30:50.554687,38
Y_STR02254,Y_U0080,Y0028,2026-02-12 08:58:31.606839,216
Y_STR02255,Y_U0060,Y0034,2026-02-11 12:18:04.598765,27
Y_STR02256,Y_U0018,Y0033,2026-02-13 19:16:53.006438,133
Y_STR02257,Y_U0046,Y0036,2026-03-03 05:44:36.614462,124
Y_STR02258,Y_U0075,Y0039,2026-02-20 17:10:49.882219,293
Y_STR02259,Y_U0095,Y0017,2026-02-13 03:39:03.017912,104
Y_STR02260,Y_U0051,Y0048,2026-02-16 14:37:41.841523,75
Y_STR02261,Y_U0025,Y0049,2026-02-09 03:04:44.869044,120
Y_STR02262,Y_U0079,Y0032,2026-03-02 15:43:06.204366,141
Y_STR02263,Y_U0064,Y0032,2026-03-05 21:42:22.998080,44
Y_STR02264,Y_U0098,Y0040,2026-02-07 10:49:20.444263,281
Y_STR02265,Y_U0085,Y0016,2026-02-05 19:52:27.547052,42
Y_STR02266,Y_U0075,Y0041,2026-02-24 20:30:37.017126,119
Y_STR02267,Y_U0080,Y0017,2026-03-05 10:56:28.908182,165
Y_STR02268,Y_U0061,Y0042,2026-03-03 23:33:35.161975,187
Y_STR02269,Y_U0042,Y0048,2026-02-19 20:01:08.104241,113
Y_STR02270,Y_U0096,Y0043,2026-02-09 03:57:26.350158,99
Y_STR02271,Y_U0040,Y0028,2026-02-05 14:16:50.754278,119
Y_STR02272,Y_U0078,Y0044,2026-02-25 11:22:34.852332,132
Y_STR02273,Y_U0069,Y0015,2026-02-14 22:19:15.134924,148
Y_STR02274,Y_U0015,Y0042,2026-03-05 18:08:48.732632,241
Y_STR02275,Y_U0071,Y0042,2026-02-14 08:28:38.002851,335
Y_STR02276,Y_U0086,Y0025,2026-02-21 19:35:05.286913,32
Y_STR02277,Y_U0058,Y0047,2026-02-23 12:49:02.620324,74
Y_STR02278,Y_U0054,Y0050,2026-02-24 23:39:29.474868,56
Y_STR02279,Y_U0028,Y0049,2026-02-21 01:01:27.981128,178
Y_STR02280,Y_U0042,Y0048,2026-02-17 09:12:43.481657,128
Y_STR02281,Y_U0064,Y0049,2026-02-14 16:23:27.386646,247
Y_STR02282,Y_U0012,Y0021,2026-02-13 05:27:32.190933,157
Y_STR02283,Y_U0058,Y0033,2026-02-15 09:44:50.338923,201
Y_STR02284,Y_U0016,Y0049,2026-03-04 19:59:33.954597,217
Y_STR02285,Y_U0048,Y0049,2026-03-01 08:45:02.542126,226
Y_STR02286,Y_U0019,Y0047,2026-02-04 11:51:50.680414,196
Y_STR02287,Y_U0057,Y0017,2026-03-02 22:44:13.446230,136
Y_STR02288,Y_U0050,Y0049,2026-02-11 20:19:05.909058,95
Y_STR02289,Y_U0061,Y0042,2026-03-03 17:53:57.386184,260
Y_STR02290,Y_U0093,Y0043,2026-02-07 20:05:04.818640,129
Y_STR02291,Y_U0066,Y0022,2026-03-02 13:07:57.844905,109
Y_STR02292,Y_U0011,Y0039,2026-02-09 02:20:20.745735,11
Y_STR02293,Y_U0049,Y0030,2026-02-11 05:22:05.124732,132
Y_STR02294,Y_U0068,Y0030,2026-02-25 19:16:49.406253,32
Y_STR02295,Y_U0083,Y0041,2026-02-24 19:23:46.101999,105
Y_STR02296,Y_U0045,Y0012,2026-02-17 22:54:39.736577,294
Y_STR02297,Y_U0027,Y0049,2026-02-28 00:43:49.465063,30
Y_STR02298,Y_U0047,Y0048,2026-03-03 14:57:33.409994,17
Y_STR02299,Y_U0051,Y0014,2026-03-02 12:41:33.250914,15
Y_STR02300,Y_U0042,Y0035,2026-02-10 16:11:04.326831,7
Y_STR02301,Y_U0037,Y0019,2026-02-13 09:27:14.002703,149
Y_STR02302,Y_U0079,Y0037,2026-02-21 22:40:30.935761,34
Y_STR02303,Y_U0029,Y0038,2026-02-08 03:51:27.874316,141
Y_STR02304,Y_U0099,Y0040,2026-02-13 17:15:56.469728,340
Y_STR02305,Y_U0076,Y0019,2026-02-11 14:14:56.034683,90
Y_STR02306,Y_U0055,Y0035,2026-02-25 17:18:22.225057,333
Y_STR02307,Y_U0063,Y0031,2026-03-04 19:32:18.333395,78
Y_STR02308,Y_U0025,Y0008,2026-02-06 05:57:29.195590,19
Y_STR02309,Y_U0038,Y0018,2026-02-06 01:18:23.061033,72
Y_STR02310,Y_U0051,Y0045,2026-03-01 05:25:28.139372,191
Y_STR02311,Y_U0099,Y0033,2026-02-18 01:33:19.273991,184
Y_STR02312,Y_U0078,Y0018,2026-02-15 20:29:13.601097,186
Y_STR02313,Y_U0044,Y0043,2026-02-15 12:52:09.817529,69
Y_STR02314,Y_U0099,Y0001,2026-02-15 15:15:29.225477,116
Y_STR02315,Y_U0008,Y0037,2026-03-04 05:24:04.119315,57
Y_STR02316,Y_U0064,Y0049,2026-02-05 16:37:27.866274,19
Y_STR02317,Y_U0100,Y0024,2026-03-05 17:11:54.748992,143
Y_STR02318,Y_U0015,Y0035,2026-02-09 20:13:28.081034,14
Y_STR02319,Y_U0054,Y0012,2026-02-11 23:03:06.178001,61
Y_STR02320,Y_U0080,Y0040,2026-03-02 22:58:34.932718,186
Y_STR02321,Y_U0009,Y0037,2026-02-16 10:07:17.590964,108
Y_STR02322,Y_U0057,Y0047,2026-02-06 21:27:05.545343,197
Y_STR02323,Y_U0008,Y0017,2026-02-13 17:06:12.016539,165
Y_STR02324,Y_U0078,Y0047,2026-02-17 00:32:25.021197,26
Y_STR02325,Y_U0017,Y0042,2026-02-20 20:22:02.972192,152
Y_STR02326,Y_U0093,Y0037,2026-02-20 13:11:16.125497,318
Y_STR02327,Y_U0038,Y0033,2026-02-27 22:22:38.751083,155
Y_STR02328,Y_U0035,Y0009,2026-03-05 08:09:15.488720,46
Y_STR02329,Y_U0026,Y0018,2026-02-28 16:38:01.848825,171
Y_STR02330,Y_U0064,Y0038,2026-02-22 15:30:38.881458,58
Y_STR02331,Y_U0084,Y0045,2026-02-17 10:22:17.850258,19
Y_STR02332,Y_U0056,Y0046,2026-02-17 13:35:17.532197,237
Y_STR02333,Y_U0008,Y0024,2026-02-09 08:12:09.237980,42
Y_STR02334,Y_U0058,Y0033,2026-02-26 13:46:34.468361,239
Y_STR02335,Y_U0017,Y0043,2026-02-08 23:45:55.507943,183
Y_STR02336,Y_U0092,Y0007,2026-02-04 23:34:03.942712,103
Y_STR02337,Y_U0082,Y0040,2026-02-27 11:39:51.532914,279
Y_STR02338,Y_U0008,Y0026,2026-02-09 22:39:31.351353,127
Y_STR02339,Y_U0047,Y0040,2026-02-06 16:04:29.444645,99
Y_STR02340,Y_U0007,Y0012,2026-02-10 09:27:02.761819,172
Y_STR02341,Y_U0027,Y0035,2026-03-04 16:24:06.974832,128
Y_STR02342,Y_U0043,Y0050,2026-02-13 19:07:22.075405,244
Y_STR02343,Y_U0018,Y0025,2026-02-11 23:08:24.571395,37
Y_STR02344,Y_U0090,Y0019,2026-02-06 22:33:32.443578,205
Y_STR02345,Y_U0093,Y0043,2026-02-10 01:45:06.545191,67
Y_STR02346,Y_U0045,Y0024,2026-02-23 12:47:48.312276,98
Y_STR02347,Y_U0047,Y0044,2026-02-24 15:36:03.971156,185
Y_STR02348,Y_U0041,Y0043,2026-02-09 19:46:32.178651,72
Y_STR02349,Y_U0088,Y0041,2026-02-14 14:56:55.488593,112
Y_STR02350,Y_U0023,Y0027,2026-02-20 14:16:35.294210,89
Y_STR02351,Y_U0076,Y0036,2026-02-25 14:20:00.722252,71
Y_STR02352,Y_U0016,Y0047,2026-02-18 22:57:14.758773,231
Y_STR02353,Y_U0065,Y0026,2026-02-26 01:56:37.651212,5
Y_STR02354,Y_U0027,Y0050,2026-02-22 07:48:13.656241,263
Y_STR02355,Y_U0091,Y0040,2026-02-14 01:23:04.648537,322
Y_STR02356,Y_U0036,Y0034,2026-03-05 04:12:37.155876,107
Y_STR02357,Y_U0046,Y0041,2026-03-04 15:49:12.673881,112
Y_STR02358,Y_U0085,Y0005,2026-02-07 22:39:10.745136,168
Y_STR02359,Y_U0064,Y0050,2026-02-20 11:57:53.731588,228
Y_STR02360,Y_U0062,Y0009,2026-02-17 21:37:10.853920,11
Y_STR02361,Y_U0020,Y0044,2026-02-23 08:00:17.810545,138
Y_STR02362,Y_U0073,Y0041,2026-02-18 11:59:33.662948,6
Y_STR02363,Y_U0100,Y0024,2026-03-03 03:07:30.382777,27
Y_STR02364,Y_U0070,Y0026,2026-03-02 13:17:56.206147,34
Y_STR02365,Y_U0015,Y0022,2026-02-09 14:16:41.372462,65
Y_STR02366,Y_U0075,Y0024,2026-03-03 18:15:09.509259,269
Y_STR02367,Y_U0009,Y0038,2026-02-09 04:40:00.722129,45
Y_STR02368,Y_U0050,Y0047,2026-02-05 13:45:50.835537,99
Y_STR02369,Y_U0079,Y0043,2026-02-28 01:29:42.901235,72
Y_STR02370,Y_U0042,Y0042,2026-02-06 08:06:08.330665,323
Y_STR02371,Y_U0053,Y0039,2026-02-13 09:58:32.956397,124
Y_STR02372,Y_U0089,Y0049,2026-02-20 14:48:44.765124,226
Y_STR02373,Y_U0091,Y0026,2026-02-10 00:47:12.320213,59
Y_STR02374,Y_U0020,Y0047,2026-02-09 10:41:56.820346,75
Y_STR02375,Y_U0058,Y0040,2026-02-22 10:09:12.887573,338
Y_STR02376,Y_U0072,Y0047,2026-02-25 03:33:34.658275,16
Y_STR02377,Y_U0027,Y0025,2026-03-03 12:17:11.923715,10
Y_STR02378,Y_U0065,Y0045,2026-02-05 13:35:51.711690,200
Y_STR02379,Y_U0006,Y0044,2026-02-24 00:34:29.727399,42
Y_STR02380,Y_U0087,Y0047,2026-02-12 04:50:40.684103,191
Y_STR02381,Y_U0016,Y0026,2026-02-19 13:09:19.209230,96
Y_STR02382,Y_U0019,Y0018,2026-02-26 10:21:51.409694,167
Y_STR02383,Y_U0050,Y0045,2026-02-08 03:27:58.036662,19
Y_STR02384,Y_U0084,Y0035,2026-02-23 10:18:44.160349,107
Y_STR02385,Y_U0081,Y0023,2026-02-11 02:22:36.553487,72
Y_STR02386,Y_U0076,Y0044,2026-02-15 09:37:58.062794,289
Y_STR02387,Y_U0099,Y0030,2026-02-27 02:04:14.368606,36
Y_STR02388,Y_U0078,Y0042,2026-02-06 07:11:43.679508,341
Y_STR02389,Y_U0050,Y0023,2026-02-15 11:06:30.547351,80
Y_STR02390,Y_U0020,Y0048,2026-02-24 04:51:49.173056,221
Y_STR02391,Y_U0031,Y0034,2026-02-15 22:47:38.696856,64
Y_STR02392,Y_U0045,Y0046,2026-02-15 13:28:17.170103,260
Y_STR02393,Y_U0097,Y0021,2026-02-14 17:06:06.073923,148
Y_STR02394,Y_U0014,Y0036,2026-02-10 07:14:11.362982,225
Y_STR02395,Y_U0006,Y0048,2026-02-26 16:30:39.323129,199
Y_STR02396,Y_U0037,Y0041,2026-02-08 22:47:48.586085,137
Y_STR02397,Y_U0033,Y0043,2026-02-13 10:41:08.553759,73
Y_STR02398,Y_U0072,Y0042,2026-02-13 15:43:40.092339,318
Y_STR02399,Y_U0037,Y0043,2026-02-15 22:25:58.942807,150
Y_STR02400,Y_U0040,Y0043,2026-02-25 06:09:51.602965,37
Y_STR02401,Y_U0080,Y0043,2026-02-23 16:54:19.908683,151
Y_STR02402,Y_U0071,Y0038,2026-02-27 03:05:55.412056,185
Y_STR02403,Y_U0012,Y0029,2026-02-16 21:49:56.744448,122
Y_STR02404,Y_U0008,Y0042,2026-02-13 20:06:04.848595,331
Y_STR02405,Y_U0075,Y0038,2026-02-27 10:45:44.226692,171
Y_STR02406,Y_U0073,Y0043,2026-03-04 06:21:47.588822,82
Y_STR02407,Y_U0036,Y0048,2026-02-13 03:17:58.297953,220
Y_STR02408,Y_U0069,Y0015,2026-02-28 16:45:06.477140,12
Y_STR02409,Y_U0088,Y0016,2026-02-20 21:04:51.940118,98
Y_STR02410,Y_U0079,Y0021,2026-02-25 00:14:39.235428,10
Y_STR02411,Y_U0054,Y0038,2026-02-16 22:03:36.110240,59
Y_STR02412,Y_U0036,Y0047,2026-02-11 20:42:54.444186,174
Y_STR02413,Y_U0022,Y0046,2026-02-21 14:11:53.716698,241
Y_STR02414,Y_U0044,Y0021,2026-02-27 05:27:08.934821,100
Y_STR02415,Y_U0055,Y0015,2026-02-20 16:37:06.334745,150
Y_STR02416,Y_U0095,Y0023,2026-03-01 22:56:34.752316,107
Y_STR02417,Y_U0096,Y0035,2026-02-08 06:50:59.653821,336
Y_STR02418,Y_U0071,Y0050,2026-03-02 01:48:44.348596,297
Y_STR02419,Y_U0035,Y0018,2026-02-10 04:22:25.163727,133
Y_STR02420,Y_U0050,Y0040,2026-02-13 14:31:17.096101,111
Y_STR02421,Y_U0086,Y0047,2026-02-13 21:37:44.257728,53
Y_STR02422,Y_U0022,Y0029,2026-02-07 08:04:15.712296,122
Y_STR02423,Y_U0073,Y0048,2026-02-26 00:44:42.634322,59
Y_STR02424,Y_U0007,Y0049,2026-03-01 17:01:17.298036,133
Y_STR02425,Y_U0056,Y0041,2026-02-14 01:09:47.674135,25
Y_STR02426,Y_U0011,Y0034,2026-02-25 21:03:47.319858,156
Y_STR02427,Y_U0061,Y0013,2026-02-04 16:57:32.743911,138
Y_STR02428,Y_U0026,Y0018,2026-02-11 10:15:20.861228,162
Y_STR02429,Y_U0057,Y0050,2026-02-18 14:39:34.823648,19
Y_STR02430,Y_U0060,Y0038,2026-02-23 02:58:35.902979,59
Y_STR02431,Y_U0093,Y0035,2026-02-22 18:54:22.961234,291
Y_STR02432,Y_U0049,Y0047,2026-02-20 16:39:47.542400,171
Y_STR02433,Y_U0058,Y0008,2026-02-28 03:21:19.251258,165
Y_STR02434,Y_U0089,Y0037,2026-02-10 18:34:30.895220,47
Y_STR02435,Y_U0032,Y0024,2026-02-06 09:46:38.693086,203
Y_STR02436,Y_U0063,Y0028,2026-03-02 18:53:51.814095,215
Y_STR02437,Y_U0079,Y0022,2026-02-24 01:26:08.068324,102
Y_STR02438,Y_U0006,Y0033,2026-02-25 23:44:30.390656,273
Y_STR02439,Y_U0076,Y0017,2026-02-21 22:08:31.238842,86
Y_STR02440,Y_U0030,Y0009,2026-02-26 11:02:05.904169,115
Y_STR02441,Y_U0045,Y0010,2026-02-26 12:04:09.202394,213
Y_STR02442,Y_U0083,Y0027,2026-02-05 22:10:17.830413,95
Y_STR02443,Y_U0062,Y0045,2026-03-04 09:28:01.534490,34
Y_STR02444,Y_U0076,Y0032,2026-02-21 11:49:19.108048,46
Y_STR02445,Y_U0014,Y0025,2026-02-15 16:55:52.353034,109
Y_STR02446,Y_U0076,Y0002,2026-02-13 13:12:05.156391,35
Y_STR02447,Y_U0069,Y0027,2026-03-04 07:18:06.882882,124
Y_STR02448,Y_U0006,Y0031,2026-02-13 06:53:59.237533,127
Y_STR02449,Y_U0012,Y0033,2026-02-19 09:54:25.102386,20
Y_STR02450,Y_U0001,Y0044,2026-02-23 06:14:30.076171,123
Y_STR02451,Y_U0086,Y0016,2026-02-22 00:29:16.728083,118
Y_STR02452,Y_U0075,Y0018,2026-02-28 07:43:39.633079,101
Y_STR02453,Y_U0039,Y0043,2026-02-06 04:16:39.206937,49
Y_STR02454,Y_U0059,Y0048,2026-02-17 07:32:21.620899,123
Y_STR02455,Y_U0020,Y0049,2026-02-28 10:47:41.372667,42
Y_STR02456,Y_U0098,Y0015,2026-03-02 02:03:16.852739,249
Y_STR02457,Y_U0039,Y0042,2026-02-07 14:48:20.579072,192
Y_STR02458,Y_U0073,Y0019,2026-02-28 23:13:49.149512,208
Y_STR02459,Y_U0052,Y0031,2026-02-25 21:26:10.954003,149
Y_STR02460,Y_U0049,Y0015,2026-02-10 03:18:37.467412,216
Y_STR02461,Y_U0069,Y0043,2026-03-03 05:31:51.276843,97
Y_STR02462,Y_U0074,Y0031,2026-02-09 16:05:29.541186,100
Y_STR02463,Y_U0037,Y0050,2026-02-22 15:52:16.492017,300
Y_STR02464,Y_U0095,Y0042,2026-02-28 08:38:17.636374,148
Y_STR02465,Y_U0042,Y0040,2026-02-28 13:57:29.071525,116
Y_STR02466,Y_U0052,Y0047,2026-02-10 05:36:59.991998,103
Y_STR02467,Y_U0006,Y0025,2026-02-21 23:21:38.083108,186
Y_STR02468,Y_U0081,Y0034,2026-02-07 11:11:05.457275,36
Y_STR02469,Y_U0003,Y0048,2026-02-11 23:25:29.841138,89
Y_STR02470,Y_U0035,Y0010,2026-02-14 17:20:38.968943,208
Y_STR02471,Y_U0007,Y0020,2026-02-28 15:16:48.913876,299
Y_STR02472,Y_U0089,Y0045,2026-02-27 01:02:19.305885,114
Y_STR02473,Y_U0055,Y0031,2026-03-05 03:27:14.697807,95
Y_STR02474,Y_U0070,Y0022,2026-02-09 05:17:07.415962,33
Y_STR02475,Y_U0019,Y0049,2026-02-07 11:01:15.221585,105
Y_STR02476,Y_U0002,Y0034,2026-02-27 14:17:19.747917,138
Y_STR02477,Y_U0011,Y0016,2026-02-27 18:56:01.961445,133
Y_STR02478,Y_U0098,Y0049,2026-02-06 09:12:36.193227,89
Y_STR02479,Y_U0016,Y0007,2026-02-06 23:53:08.849902,36
Y_STR02480,Y_U0044,Y0034,2026-02-16 21:19:06.193856,177
Y_STR02481,Y_U0064,Y0034,2026-02-23 20:18:44.386178,14
Y_STR02482,Y_U0022,Y0034,2026-02-05 18:40:51.237858,56
Y_STR02483,Y_U0071,Y0045,2026-02-19 02:39:22.990620,60
Y_STR02484,Y_U0079,Y0042,2026-02-25 22:20:56.977548,120
Y_STR02485,Y_U0010,Y0028,2026-02-26 00:20:49.564481,175
Y_STR02486,Y_U0009,Y0047,2026-02-17 23:21:06.812257,32
Y_STR02487,Y_U0002,Y0018,2026-02-27 01:58:17.470922,122
Y_STR02488,Y_U0097,Y0043,2026-02-28 19:11:24.133954,173
Y_STR02489,Y_U0080,Y0037,2026-02-14 11:13:55.872605,215
Y_STR02490,Y_U0049,Y0045,2026-02-16 01:53:36.213792,216
Y_STR02491,Y_U0003,Y0050,2026-02-12 16:09:53.280321,99
Y_STR02492,Y_U0079,Y0043,2026-02-05 04:53:40.048775,82
Y_STR02493,Y_U0044,Y0030,2026-02-16 15:44:48.223747,170
Y_STR02494,Y_U0095,Y0016,2026-02-21 17:36:10.288027,34
Y_STR02495,Y_U0030,Y0009,2026-02-28 17:22:52.088431,68
Y_STR02496,Y_U0062,Y0017,2026-03-05 11:56:33.291318,148
Y_STR02497,Y_U0028,Y0023,2026-02-09 15:30:37.554160,91
Y_STR02498,Y_U0034,Y0045,2026-02-20 14:53:06.826718,7
Y_STR02499,Y_U0056,Y0050,2026-02-17 00:49:09.667820,281
Y_STR02500,Y_U0099,Y0033,2026-02-26 05:11:49.677877,145
Y_STR02501,Y_U0009,Y0042,2026-02-20 19:03:12.457572,276
Y_STR02502,Y_U0038,Y0040,2026-02-22 01:47:27.746793,30
Y_STR02503,Y_U0051,Y0036,2026-02-23 03:44:12.961340,75
Y_STR02504,Y_U0062,Y0020,2026-02-16 15:34:00.771466,235
Y_STR02505,Y_U0007,Y0033,2026-03-01 06:32:01.143093,82
Y_STR02506,Y_U0093,Y0025,2026-02-12 10:00:05.121421,175
Y_STR02507,Y_U0041,Y0043,2026-03-05 22:14:01.990820,22
Y_STR02508,Y_U0064,Y0015,2026-02-13 08:25:45.223459,9
Y_STR02509,Y_U0003,Y0042,2026-02-14 07:45:32.880219,93
Y_STR02510,Y_U0073,Y0034,2026-03-05 01:32:01.758166,121
Y_STR02511,Y_U0007,Y0021,2026-02-08 07:55:19.343364,183
Y_STR02512,Y_U0096,Y0034,2026-03-05 11:15:53.943424,63
Y_STR02513,Y_U0028,Y0022,2026-02-22 06:53:41.254120,21
Y_STR02514,Y_U0067,Y0028,2026-02-09 19:34:34.407903,169
Y_STR02515,Y_U0036,Y0033,2026-03-03 21:41:31.925073,164
Y_STR02516,Y_U0100,Y0024,2026-02-26 00:42:22.393171,111
Y_STR02517,Y_U0049,Y0024,2026-02-06 18:37:03.851833,108
Y_STR02518,Y_U0092,Y0028,2026-02-14 19:20:29.607472,88
Y_STR02519,Y_U0008,Y0036,2026-02-09 07:02:27.781340,42
Y_STR02520,Y_U0022,Y0042,2026-03-03 13:19:08.918057,42
Y_STR02521,Y_U0026,Y0020,2026-02-11 14:20:52.047859,275
Y_STR02522,Y_U0078,Y0022,2026-02-05 02:14:09.963516,50
Y_STR02523,Y_U0001,Y0032,2026-03-04 12:48:23.957234,179
Y_STR02524,Y_U0085,Y0046,2026-02-27 00:24:37.736181,11
Y_STR02525,Y_U0086,Y0050,2026-02-26 10:44:28.235152,118
Y_STR02526,Y_U0015,Y0042,2026-03-04 19:43:12.133413,67
Y_STR02527,Y_U0029,Y0013,2026-03-02 12:17:09.338444,91
Y_STR02528,Y_U0095,Y0007,2026-02-14 11:07:36.729041,102
Y_STR02529,Y_U0046,Y0029,2026-02-15 03:19:20.476885,62
Y_STR02530,Y_U0062,Y0049,2026-02-14 23:59:17.740571,229
Y_STR02531,Y_U0095,Y0040,2026-03-03 08:05:42.739535,260
Y_STR02532,Y_U0043,Y0025,2026-02-14 06:10:18.471549,73
Y_STR02533,Y_U0049,Y0032,2026-03-03 17:58:51.169545,194
Y_STR02534,Y_U0030,Y0044,2026-02-25 20:23:14.514275,102
Y_STR02535,Y_U0069,Y0005,2026-02-14 06:17:47.795934,217
Y_STR02536,Y_U0009,Y0037,2026-03-01 05:56:45.530579,176
Y_STR02537,Y_U0059,Y0049,2026-02-17 14:28:16.534823,10
Y_STR02538,Y_U0069,Y0016,2026-02-18 04:02:08.062314,15
Y_STR02539,Y_U0049,Y0038,2026-02-16 22:34:03.706381,41
Y_STR02540,Y_U0039,Y0045,2026-02-08 02:56:25.085721,160
Y_STR02541,Y_U0006,Y0045,2026-03-03 18:30:32.166794,163
Y_STR02542,Y_U0088,Y0029,2026-02-21 17:55:05.237786,155
Y_STR02543,Y_U0044,Y0049,2026-02-17 14:37:30.488037,17
Y_STR02544,Y_U0060,Y0014,2026-02-25 02:49:10.491860,212
Y_STR02545,Y_U0017,Y0038,2026-02-13 14:06:10.293944,52
Y_STR02546,Y_U0033,Y0021,2026-02-21 20:04:15.727053,26
Y_STR02547,Y_U0001,Y0032,2026-02-23 00:38:38.025269,26
Y_STR02548,Y_U0007,Y0042,2026-03-01 02:53:08.669031,76
Y_STR02549,Y_U0052,Y0026,2026-02-16 08:45:02.841838,28
Y_STR02550,Y_U0001,Y0024,2026-02-18 18:42:19.983718,287
Y_STR02551,Y_U0070,Y0034,2026-02-28 08:52:55.032688,5
Y_STR02552,Y_U0060,Y0036,2026-02-15 02:27:23.717158,211
Y_STR02553,Y_U0080,Y0049,2026-03-01 06:38:55.354348,61
Y_STR02554,Y_U0086,Y0040,2026-02-22 21:01:23.185631,331
Y_STR02555,Y_U0100,Y0044,2026-02-12 09:23:53.440927,187
Y_STR02556,Y_U0081,Y0047,2026-02-19 17:48:26.645740,159
Y_STR02557,Y_U0016,Y0029,2026-02-26 06:07:57.328166,6
Y_STR02558,Y_U0086,Y0009,2026-02-28 17:42:47.311127,91
Y_STR02559,Y_U0008,Y0049,2026-02-20 16:17:33.303734,204
Y_STR02560,Y_U0008,Y0036,2026-03-01 19:23:56.710314,28
Y_STR02561,Y_U0007,Y0050,2026-02-05 06:36:42.137846,160
Y_STR02562,Y_U0067,Y0034,2026-03-02 09:56:56.271714,72
Y_STR02563,Y_U0074,Y0008,2026-02-05 09:07:52.250758,180
Y_STR02564,Y_U0007,Y0050,2026-02-25 14:38:49.698722,142
Y_STR02565,Y_U0073,Y0022,2026-02-27 23:52:33.435406,133
Y_STR02566,Y_U0067,Y0025,2026-03-04 13:33:56.499919,194
Y_STR02567,Y_U0060,Y0040,2026-02-14 19:31:00.935154,299
Y_STR02568,Y_U0020,Y0030,2026-03-01 22:49:36.580294,85
Y_STR02569,Y_U0057,Y0047,2026-03-04 21:43:40.557050,107
Y_STR02570,Y_U0094,Y0041,2026-03-02 23:48:11.004762,69
Y_STR02571,Y_U0018,Y0018,2026-02-19 16:36:47.190690,172
Y_STR02572,Y_U0082,Y0037,2026-02-22 13:09:52.886341,20
Y_STR02573,Y_U0016,Y0039,2026-02-26 20:50:47.623720,122
Y_STR02574,Y_U0021,Y0039,2026-02-27 23:07:47.475432,201
Y_STR02575,Y_U0059,Y0050,2026-03-04 01:48:01.484081,161
Y_STR02576,Y_U0037,Y0036,2026-02-11 15:34:15.370255,200
Y_STR02577,Y_U0006,Y0041,2026-03-06 01:14:30.566568,97
Y_STR02578,Y_U0061,Y0048,2026-02-04 14:25:18.241602,24
Y_STR02579,Y_U0026,Y0040,2026-02-14 11:19:02.329428,195
Y_STR02580,Y_U0020,Y0018,2026-02-11 03:39:03.192726,40
Y_STR02581,Y_U0073,Y0009,2026-02-11 20:43:56.755372,82
Y_STR02582,Y_U0090,Y0028,2026-02-07 06:00:44.420916,117
Y_STR02583,Y_U0100,Y0027,2026-02-22 21:08:55.044937,51
Y_STR02584,Y_U0035,Y0042,2026-02-26 19:49:16.948573,99
Y_STR02585,Y_U0004,Y0031,2026-03-04 10:47:16.006364,125
Y_STR02586,Y_U0091,Y0048,2026-03-06 09:35:06.167248,109
Y_STR02587,Y_U0001,Y0039,2026-02-24 16:14:18.772954,81
Y_STR02588,Y_U0049,Y0025,2026-02-25 13:24:25.906899,92
Y_STR02589,Y_U0021,Y0021,2026-03-04 10:24:35.514892,156
Y_STR02590,Y_U0094,Y0039,2026-02-21 11:15:56.924929,243
Y_STR02591,Y_U0022,Y0023,2026-02-24 18:30:52.974131,94
Y_STR02592,Y_U0046,Y0030,2026-02-17 07:55:49.979730,26
Y_STR02593,Y_U0054,Y0042,2026-02-14 05:19:25.144121,96
Y_STR02594,Y_U0017,Y0046,2026-02-12 16:34:41.082135,183
Y_STR02595,Y_U0049,Y0050,2026-03-05 03:14:45.242010,22
Y_STR02596,Y_U0026,Y0031,2026-02-14 20:21:29.759804,61
Y_STR02597,Y_U0090,Y0045,2026-02-13 07:09:32.879981,186
Y_STR02598,Y_U0020,Y0034,2026-02-25 01:19:51.502610,95
Y_STR02599,Y_U0064,Y0018,2026-02-06 15:27:29.699355,128
Y_STR02600,Y_U0033,Y0030,2026-02-22 09:28:29.456153,140
Y_STR02601,Y_U0008,Y0011,2026-02-18 14:40:26.171130,213
Y_STR02602,Y_U0070,Y0048,2026-02-16 16:11:43.610702,151
Y_STR02603,Y_U0025,Y0028,2026-02-16 18:01:19.732528,184
Y_STR02604,Y_U0025,Y0019,2026-02-04 14:42:10.723266,49
Y_STR02605,Y_U0045,Y0022,2026-02-12 23:33:48.164754,5
Y_STR02606,Y_U0061,Y0023,2026-02-25 21:38:19.457342,12
Y_STR02607,Y_U0088,Y0037,2026-02-14 07:04:10.699018,340
Y_STR02608,Y_U0037,Y0041,2026-03-01 19:08:41.597933,69
Y_STR02609,Y_U0060,Y0046,2026-03-03 23:34:10.454012,238
Y_STR02610,Y_U0040,Y0040,2026-03-04 14:28:53.666412,108
Y_STR02611,Y_U0098,Y0016,2026-02-18 21:36:46.020432,18
Y_STR02612,Y_U0058,Y0045,2026-02-16 08:15:12.571374,74
Y_STR02613,Y_U0091,Y0021,2026-02-14 23:33:53.519673,20
Y_STR02614,Y_U0093,Y0040,2026-03-05 00:24:34.087870,184
Y_STR02615,Y_U0059,Y0037,2026-03-04 01:20:29.745121,97
Y_STR02616,Y_U0047,Y0046,2026-02-11 07:58:16.825683,145
Y_STR02617,Y_U0095,Y0030,2026-03-05 22:04:30.453568,95
Y_STR02618,Y_U0097,Y0020,2026-02-08 13:57:58.937258,289
Y_STR02619,Y_U0040,Y0032,2026-03-02 02:23:26.478157,233
Y_STR02620,Y_U0062,Y0036,2026-02-20 11:02:13.668602,106
Y_STR02621,Y_U0014,Y0023,2026-02-16 08:14:21.287949,35
Y_STR02622,Y_U0016,Y0018,2026-03-01 04:09:45.064812,56
Y_STR02623,Y_U0068,Y0047,2026-02-18 21:35:52.767362,112
Y_STR02624,Y_U0021,Y0037,2026-02-07 23:44:39.086423,150
Y_STR02625,Y_U0066,Y0018,2026-03-01 07:11:17.626536,105
Y_STR02626,Y_U0062,Y0019,2026-02-23 08:25:35.856678,8
Y_STR02627,Y_U0058,Y0049,2026-02-22 07:47:14.551626,236
Y_STR02628,Y_U0048,Y0045,2026-02-18 19:47:43.020298,118
Y_STR02629,Y_U0012,Y0008,2026-02-20 11:44:43.295918,107
Y_STR02630,Y_U0057,Y0023,2026-02-07 09:13:46.664941,51
Y_STR02631,Y_U0028,Y0012,2026-03-06 00:50:19.582716,12
Y_STR02632,Y_U0068,Y0034,2026-02-22 01:37:24.939913,103
Y_STR02633,Y_U0053,Y0025,2026-02-11 12:50:03.799948,141
Y_STR02634,Y_U0078,Y0032,2026-03-02 03:22:31.210670,39
Y_STR02635,Y_U0047,Y0031,2026-02-18 10:40:32.433016,73
Y_STR02636,Y_U0038,Y0038,2026-02-22 01:16:51.337214,34
Y_STR02637,Y_U0056,Y0040,2026-02-24 15:37:44.679120,5
Y_STR02638,Y_U0003,Y0030,2026-02-06 18:30:22.202311,48
Y_STR02639,Y_U0043,Y0027,2026-02-09 16:43:44.023011,143
Y_STR02640,Y_U0013,Y0047,2026-02-17 10:36:57.768614,211
Y_STR02641,Y_U0080,Y0040,2026-02-07 21:20:59.925082,148
Y_STR02642,Y_U0051,Y0049,2026-02-21 11:22:05.299750,59
Y_STR02643,Y_U0037,Y0032,2026-03-02 19:55:56.984755,42
Y_STR02644,Y_U0033,Y0039,2026-02-26 00:12:38.911794,12
Y_STR02645,Y_U0050,Y0030,2026-02-25 12:17:09.147423,110
Y_STR02646,Y_U0078,Y0023,2026-02-20 05:38:33.858994,61
Y_STR02647,Y_U0099,Y0042,2026-03-03 06:05:09.756615,134
Y_STR02648,Y_U0038,Y0015,2026-02-10 08:18:03.649427,83
Y_STR02649,Y_U0048,Y0041,2026-02-15 14:02:49.502714,142
Y_STR02650,Y_U0077,Y0043,2026-02-24 20:54:34.894643,81
Y_STR02651,Y_U0071,Y0037,2026-03-01 10:07:19.165967,156
Y_STR02652,Y_U0027,Y0023,2026-02-21 02:59:08.025008,44
Y_STR02653,Y_U0039,Y0040,2026-02-16 10:41:24.625519,21
Y_STR02654,Y_U0072,Y0023,2026-02-22 09:12:11.436289,79
Y_STR02655,Y_U0053,Y0018,2026-02-15 21:38:31.538305,186
Y_STR02656,Y_U0071,Y0036,2026-02-12 00:27:46.632444,130
Y_STR02657,Y_U0043,Y0033,2026-02-23 11:22:25.383649,118
Y_STR02658,Y_U0065,Y0040,2026-02-10 01:30:51.053905,331
Y_STR02659,Y_U0089,Y0037,2026-02-11 08:28:23.081225,164
Y_STR02660,Y_U0038,Y0045,2026-02-28 18:48:16.662365,44
Y_STR02661,Y_U0013,Y0049,2026-02-13 10:56:25.815148,239
Y_STR02662,Y_U0013,Y0047,2026-02-05 16:29:50.051950,16
Y_STR02663,Y_U0035,Y0031,2026-02-10 23:04:55.264424,123
Y_STR02664,Y_U0094,Y0033,2026-02-13 17:57:03.168346,108
Y_STR02665,Y_U0030,Y0045,2026-02-20 17:22:11.456713,190
Y_STR02666,Y_U0043,Y0040,2026-02-27 17:40:49.812127,151
Y_STR02667,Y_U0023,Y0045,2026-02-12 23:05:47.033987,85
Y_STR02668,Y_U0041,Y0012,2026-03-05 06:56:13.859714,184
Y_STR02669,Y_U0071,Y0046,2026-02-08 07:33:11.450557,248
Y_STR02670,Y_U0043,Y0021,2026-02-05 04:34:03.659312,19
Y_STR02671,Y_U0073,Y0024,2026-02-12 23:40:10.986138,112
Y_STR02672,Y_U0029,Y0036,2026-02-06 11:16:49.235931,139
Y_STR02673,Y_U0070,Y0043,2026-02-14 01:17:04.957964,199
Y_STR02674,Y_U0019,Y0012,2026-02-15 18:58:43.472652,223
Y_STR02675,Y_U0047,Y0046,2026-02-28 22:53:03.892712,104
Y_STR02676,Y_U0023,Y0022,2026-02-07 05:45:48.134827,54
Y_STR02677,Y_U0040,Y0010,2026-02-09 07:47:28.192217,60
Y_STR02678,Y_U0095,Y0044,2026-03-01 21:20:49.928643,274
Y_STR02679,Y_U0027,Y0012,2026-02-15 21:42:25.949139,25
Y_STR02680,Y_U0036,Y0045,2026-02-14 06:22:29.728944,25
Y_STR02681,Y_U0078,Y0043,2026-02-21 13:20:34.474085,97
Y_STR02682,Y_U0097,Y0018,2026-02-14 01:29:01.194419,93
Y_STR02683,Y_U0023,Y0035,2026-02-24 19:22:49.446356,106
Y_STR02684,Y_U0099,Y0025,2026-03-02 01:12:03.674024,56
Y_STR02685,Y_U0055,Y0050,2026-02-12 09:02:55.283413,109
Y_STR02686,Y_U0069,Y0042,2026-02-12 06:43:49.093530,99
Y_STR02687,Y_U0036,Y0041,2026-03-03 08:24:46.601758,96
Y_STR02688,Y_U0092,Y0020,2026-02-25 06:07:35.533487,149
Y_STR02689,Y_U0047,Y0047,2026-02-05 03:32:19.131988,108
Y_STR02690,Y_U0050,Y0043,2026-02-14 23:30:38.260527,79
Y_STR02691,Y_U0099,Y0004,2026-03-02 09:29:20.381863,168
Y_STR02692,Y_U0080,Y0032,2026-02-18 14:54:02.130829,127
Y_STR02693,Y_U0084,Y0038,2026-03-02 17:45:45.481648,112
Y_STR02694,Y_U0004,Y0047,2026-02-24 21:19:06.747198,50
Y_STR02695,Y_U0074,Y0047,2026-02-04 10:58:42.112157,215
Y_STR02696,Y_U0047,Y0043,2026-02-24 10:21:08.224720,150
Y_STR02697,Y_U0004,Y0045,2026-02-28 17:28:39.453110,96
Y_STR02698,Y_U0011,Y0036,2026-02-18 19:53:42.541661,44
Y_STR02699,Y_U0067,Y0014,2026-02-09 09:37:13.040993,155
Y_STR02700,Y_U0075,Y0031,2026-02-17 18:55:41.972586,100
Y_STR02701,Y_U0003,Y0027,2026-02-09 06:42:11.429002,57
Y_STR02702,Y_U0072,Y0034,2026-02-12 04:01:14.871906,125
Y_STR02703,Y_U0036,Y0030,2026-02-04 23:27:32.760573,133
Y_STR02704,Y_U0037,Y0006,2026-02-12 09:29:27.617937,311
Y_STR02705,Y_U0069,Y0024,2026-02-11 20:07:25.923244,271
Y_STR02706,Y_U0021,Y0019,2026-02-06 09:59:03.995344,63
Y_STR02707,Y_U0021,Y0044,2026-02-18 12:09:42.603614,82
Y_STR02708,Y_U0077,Y0041,2026-02-13 18:15:36.900765,109
Y_STR02709,Y_U0097,Y0017,2026-03-05 22:55:55.164097,140
Y_STR02710,Y_U0029,Y0025,2026-02-22 17:13:59.987405,117
Y_STR02711,Y_U0040,Y0034,2026-02-08 14:02:58.205908,44
Y_STR02712,Y_U0044,Y0007,2026-03-04 18:54:18.171494,240
Y_STR02713,Y_U0069,Y0025,2026-02-24 11:09:39.929436,167
Y_STR02714,Y_U0019,Y0027,2026-02-21 20:41:30.189451,119
Y_STR02715,Y_U0043,Y0043,2026-02-16 05:09:15.179159,134
Y_STR02716,Y_U0098,Y0028,2026-03-03 22:14:31.669274,71
Y_STR02717,Y_U0073,Y0042,2026-02-08 20:40:49.629604,122
Y_STR02718,Y_U0065,Y0048,2026-02-24 20:15:21.463484,6
Y_STR02719,Y_U0031,Y0024,2026-03-01 04:15:14.464051,225
Y_STR02720,Y_U0007,Y0038,2026-02-24 07:27:18.621501,58
Y_STR02721,Y_U0030,Y0034,2026-02-11 09:56:08.148084,27
Y_STR02722,Y_U0078,Y0042,2026-02-22 13:36:16.986174,337
Y_STR02723,Y_U0016,Y0017,2026-02-13 02:14:20.150872,67
Y_STR02724,Y_U0065,Y0038,2026-03-03 23:08:47.414516,129
Y_STR02725,Y_U0029,Y0049,2026-02-14 16:56:50.010989,80
Y_STR02726,Y_U0051,Y0019,2026-02-28 02:56:41.919365,160
Y_STR02727,Y_U0058,Y0050,2026-02-21 07:31:13.982485,319
Y_STR02728,Y_U0041,Y0049,2026-02-20 01:23:08.846250,52
Y_STR02729,Y_U0048,Y0025,2026-03-05 09:27:58.925380,118
Y_STR02730,Y_U0052,Y0049,2026-03-02 03:04:04.353537,70
Y_STR02731,Y_U0061,Y0030,2026-02-26 03:49:54.660437,18
Y_STR02732,Y_U0064,Y0041,2026-02-15 11:56:24.819858,108
Y_STR02733,Y_U0062,Y0041,2026-02-25 18:23:55.379888,170
Y_STR02734,Y_U0010,Y0034,2026-03-05 10:24:14.913049,159
Y_STR02735,Y_U0029,Y0049,2026-02-27 07:22:53.854659,150
Y_STR02736,Y_U0065,Y0048,2026-02-25 11:37:23.200282,49
Y_STR02737,Y_U0088,Y0035,2026-02-19 08:15:29.194419,120
Y_STR02738,Y_U0011,Y0013,2026-02-15 13:50:12.366948,60
Y_STR02739,Y_U0077,Y0036,2026-02-19 18:51:55.801935,18
Y_STR02740,Y_U0065,Y0043,2026-02-13 23:48:08.092695,108
Y_STR02741,Y_U0053,Y0021,2026-02-15 17:35:17.243744,211
Y_STR02742,Y_U0006,Y0049,2026-02-09 04:48:41.675736,141
Y_STR02743,Y_U0015,Y0042,2026-02-27 12:15:20.509259,319
Y_STR02744,Y_U0035,Y0049,2026-03-03 20:42:04.393475,98
Y_STR02745,Y_U0085,Y0027,2026-02-17 01:16:15.519630,68
Y_STR02746,Y_U0021,Y0037,2026-02-27 13:40:09.155409,36
Y_STR02747,Y_U0067,Y0031,2026-02-18 04:14:18.083793,69
Y_STR02748,Y_U0099,Y0049,2026-02-22 09:22:47.986427,142
Y_STR02749,Y_U0063,Y0015,2026-02-11 13:25:49.596363,170
Y_STR02750,Y_U0011,Y0011,2026-02-28 10:23:58.726786,112
Y_STR02751,Y_U0078,Y0016,2026-02-17 06:42:27.898291,18
Y_STR02752,Y_U0033,Y0032,2026-02-11 00:20:36.897403,166
Y_STR02753,Y_U0050,Y0028,2026-02-10 11:15:40.592415,164
Y_STR02754,Y_U0033,Y0014,2026-02-24 17:19:36.217475,301
Y_STR02755,Y_U0003,Y0040,2026-02-22 21:48:48.384363,293
Y_STR02756,Y_U0013,Y0036,2026-02-09 09:59:59.977239,181
Y_STR02757,Y_U0020,Y0013,2026-02-06 16:34:05.899822,164
Y_STR02758,Y_U0015,Y0030,2026-02-05 22:18:24.289827,89
Y_STR02759,Y_U0008,Y0037,2026-02-18 03:57:49.509257,64
Y_STR02760,Y_U0072,Y0039,2026-03-03 10:03:15.422208,308
Y_STR02761,Y_U0008,Y0048,2026-03-02 17:24:28.316481,63
Y_STR02762,Y_U0006,Y0045,2026-02-23 14:48:59.773200,48
Y_STR02763,Y_U0016,Y0028,2026-02-25 01:07:45.218398,215
Y_STR02764,Y_U0068,Y0034,2026-02-13 01:01:30.526675,167
Y_STR02765,Y_U0038,Y0045,2026-02-13 16:34:48.171606,57
Y_STR02766,Y_U0083,Y0013,2026-02-26 07:09:18.793203,188
Y_STR02767,Y_U0055,Y0047,2026-02-04 23:59:26.512666,71
Y_STR02768,Y_U0042,Y0025,2026-02-05 21:33:40.155792,101
Y_STR02769,Y_U0091,Y0025,2026-02-12 14:35:33.938977,95
Y_STR02770,Y_U0019,Y0022,2026-02-10 08:45:43.566682,141
Y_STR02771,Y_U0002,Y0029,2026-02-28 14:00:03.342048,146
Y_STR02772,Y_U0037,Y0046,2026-02-16 08:48:26.484139,230
Y_STR02773,Y_U0100,Y0041,2026-02-22 19:43:05.712139,5
Y_STR02774,Y_U0061,Y0004,2026-03-04 03:16:36.153600,99
Y_STR02775,Y_U0100,Y0039,2026-03-01 23:44:45.011498,257
Y_STR02776,Y_U0084,Y0016,2026-02-20 02:27:35.067590,68
Y_STR02777,Y_U0006,Y0044,2026-02-24 07:33:48.185933,274
Y_STR02778,Y_U0013,Y0021,2026-02-07 15:39:18.008307,167
Y_STR02779,Y_U0071,Y0033,2026-02-06 07:15:22.905174,250
Y_STR02780,Y_U0050,Y0039,2026-02-26 16:48:55.097867,119
Y_STR02781,Y_U0003,Y0013,2026-02-20 02:11:30.750736,130
Y_STR02782,Y_U0073,Y0041,2026-02-20 12:25:53.648823,137
Y_STR02783,Y_U0040,Y0045,2026-02-19 10:57:10.312618,113
Y_STR02784,Y_U0081,Y0043,2026-02-17 16:57:04.649848,186
Y_STR02785,Y_U0026,Y0016,2026-02-08 07:11:49.221614,52
Y_STR02786,Y_U0046,Y0033,2026-02-28 08:19:48.729311,26
Y_STR02787,Y_U0008,Y0004,2026-02-28 01:39:16.507196,195
Y_STR02788,Y_U0073,Y0039,2026-02-05 21:44:05.915494,16
Y_STR02789,Y_U0040,Y0044,2026-02-06 07:38:01.026456,125
Y_STR02790,Y_U0098,Y0040,2026-02-24 07:12:55.751517,104
Y_STR02791,Y_U0011,Y0015,2026-02-14 06:35:38.589766,20
Y_STR02792,Y_U0012,Y0049,2026-02-26 04:47:38.950577,191
Y_STR02793,Y_U0021,Y0046,2026-02-27 20:06:15.008293,220
Y_STR02794,Y_U0021,Y0038,2026-03-02 23:12:58.183281,182
Y_STR02795,Y_U0069,Y0050,2026-02-17 21:13:40.258120,220
Y_STR02796,Y_U0053,Y0041,2026-03-03 14:49:14.590080,94
Y_STR02797,Y_U0049,Y0050,2026-03-04 13:18:22.600546,301
Y_STR02798,Y_U0033,Y0048,2026-02-22 17:05:47.311900,143
Y_STR02799,Y_U0030,Y0003,2026-02-06 02:32:02.213580,266
Y_STR02800,Y_U0038,Y0047,2026-02-18 09:50:05.178849,126
Y_STR02801,Y_U0037,Y0036,2026-02-10 20:46:11.110953,177
Y_STR02802,Y_U0085,Y0018,2026-02-06 23:27:16.738340,46
Y_STR02803,Y_U0007,Y0015,2026-02-05 06:15:16.993957,141
Y_STR02804,Y_U0005,Y0024,2026-02-04 18:46:13.644309,143
Y_STR02805,Y_U0003,Y0046,2026-02-18 13:53:00.414767,22
Y_STR02806,Y_U0035,Y0017,2026-02-23 13:29:31.727785,11
Y_STR02807,Y_U0051,Y0046,2026-02-08 22:30:19.400328,175
Y_STR02808,Y_U0058,Y0034,2026-02-22 06:48:30.406551,192
Y_STR02809,Y_U0064,Y0047,2026-02-28 15:15:14.528155,21
Y_STR02810,Y_U0050,Y0050,2026-02-27 02:01:35.817234,283
Y_STR02811,Y_U0061,Y0018,2026-02-20 06:40:15.455656,117
Y_STR02812,Y_U0057,Y0027,2026-02-22 16:31:17.439080,78
Y_STR02813,Y_U0080,Y0030,2026-02-10 07:27:32.704745,26
Y_STR02814,Y_U0051,Y0050,2026-02-06 13:05:49.826933,277
Y_STR02815,Y_U0032,Y0033,2026-02-09 16:48:01.210715,291
Y_STR02816,Y_U0026,Y0022,2026-02-07 15:02:57.313251,123
Y_STR02817,Y_U0046,Y0047,2026-02-21 14:59:25.431518,232
Y_STR02818,Y_U0052,Y0035,2026-02-07 08:24:37.140732,328
Y_STR02819,Y_U0061,Y0049,2026-02-27 11:36:48.967069,110
Y_STR02820,Y_U0033,Y0026,2026-02-18 23:14:21.545401,101
Y_STR02821,Y_U0049,Y0048,2026-03-01 21:00:52.399118,161
Y_STR02822,Y_U0058,Y0018,2026-02-08 04:29:43.118328,146
Y_STR02823,Y_U0034,Y0048,2026-02-08 21:02:23.009836,159
Y_STR02824,Y_U0063,Y0032,2026-02-10 12:08:54.214843,74
Y_STR02825,Y_U0076,Y0046,2026-02-24 15:21:17.015662,211
Y_STR02826,Y_U0042,Y0015,2026-02-23 20:38:36.415784,10
Y_STR02827,Y_U0025,Y0027,2026-03-01 07:58:25.757567,18
Y_STR02828,Y_U0088,Y0049,2026-02-27 15:21:56.835052,98
Y_STR02829,Y_U0031,Y0039,2026-02-12 08:15:06.910349,132
Y_STR02830,Y_U0033,Y0043,2026-03-05 06:38:54.433071,51
Y_STR02831,Y_U0025,Y0039,2026-02-27 15:19:47.509082,277
Y_STR02832,Y_U0005,Y0022,2026-02-09 18:51:33.515777,155
Y_STR02833,Y_U0009,Y0041,2026-02-19 12:09:14.414504,18
Y_STR02834,Y_U0009,Y0021,2026-02-06 01:55:40.086604,185
Y_STR02835,Y_U0066,Y0026,2026-02-27 22:05:22.053889,20
Y_STR02836,Y_U0004,Y0038,2026-02-25 12:39:37.433474,21
Y_STR02837,Y_U0093,Y0046,2026-02-19 08:23:26.021308,247
Y_STR02838,Y_U0050,Y0025,2026-03-03 09:43:13.295417,165
Y_STR02839,Y_U0012,Y0044,2026-02-18 19:31:34.082938,271
Y_STR02840,Y_U0017,Y0035,2026-02-16 15:53:36.684387,5
Y_STR02841,Y_U0017,Y0039,2026-02-17 19:18:05.779772,185
Y_STR02842,Y_U0058,Y0018,2026-02-05 14:52:31.987191,80
Y_STR02843,Y_U0096,Y0041,2026-02-27 00:44:13.855147,168
Y_STR02844,Y_U0093,Y0039,2026-02-20 06:10:38.937168,285
Y_STR02845,Y_U0044,Y0039,2026-03-06 07:28:06.453049,236
Y_STR02846,Y_U0083,Y0019,2026-03-03 16:53:13.039469,74
Y_STR02847,Y_U0047,Y0034,2026-02-24 14:57:44.816781,176
Y_STR02848,Y_U0026,Y0036,2026-02-17 22:34:29.297904,23
Y_STR02849,Y_U0079,Y0028,2026-02-20 21:18:46.067414,34
Y_STR02850,Y_U0022,Y0008,2026-02-16 20:18:22.474818,218
Y_STR02851,Y_U0075,Y0021,2026-02-24 10:31:31.920151,190
Y_STR02852,Y_U0033,Y0024,2026-02-06 15:34:52.643299,73
Y_STR02853,Y_U0017,Y0035,2026-02-17 07:32:55.313080,108
Y_STR02854,Y_U0001,Y0033,2026-02-04 13:27:16.847201,278
Y_STR02855,Y_U0067,Y0031,2026-03-05 16:51:12.955498,37
Y_STR02856,Y_U0001,Y0009,2026-02-22 04:17:44.694004,73
Y_STR02857,Y_U0076,Y0047,2026-02-25 11:17:09.502003,41
Y_STR02858,Y_U0007,Y0040,2026-02-25 13:47:14.371781,125
Y_STR02859,Y_U0018,Y0027,2026-02-20 09:19:55.005838,121
Y_STR02860,Y_U0062,Y0030,2026-02-21 17:34:13.532625,96
Y_STR02861,Y_U0048,Y0049,2026-02-23 00:24:27.488008,135
Y_STR02862,Y_U0059,Y0043,2026-03-03 01:42:30.024065,84
Y_STR02863,Y_U0050,Y0019,2026-02-22 13:09:59.594125,49
Y_STR02864,Y_U0067,Y0025,2026-02-23 03:56:19.213285,95
Y_STR02865,Y_U0061,Y0039,2026-02-10 08:13:51.568942,47
Y_STR02866,Y_U0012,Y0035,2026-02-09 08:55:29.729057,62
Y_STR02867,Y_U0074,Y0022,2026-02-19 10:17:03.457708,45
Y_STR02868,Y_U0035,Y0049,2026-03-01 05:15:47.226436,23
Y_STR02869,Y_U0050,Y0033,2026-02-24 00:07:33.977350,80
Y_STR02870,Y_U0095,Y0046,2026-02-20 07:21:21.612489,41
Y_STR02871,Y_U0006,Y0039,2026-02-24 19:57:53.595290,35
Y_STR02872,Y_U0031,Y0047,2026-02-25 03:14:45.348793,80
Y_STR02873,Y_U0098,Y0048,2026-02-18 06:17:57.620662,194
Y_STR02874,Y_U0035,Y0049,2026-03-03 17:07:02.162638,117
Y_STR02875,Y_U0043,Y0007,2026-03-06 00:18:27.589580,92
Y_STR02876,Y_U0041,Y0021,2026-02-26 12:19:09.778216,57
Y_STR02877,Y_U0036,Y0036,2026-02-25 09:02:30.619445,40
Y_STR02878,Y_U0002,Y0041,2026-02-05 13:03:37.444569,60
Y_STR02879,Y_U0078,Y0046,2026-02-16 12:04:01.429963,175
Y_STR02880,Y_U0046,Y0039,2026-02-23 21:08:40.053932,275
Y_STR02881,Y_U0049,Y0036,2026-02-11 06:01:14.548031,241
Y_STR02882,Y_U0100,Y0016,2026-02-17 13:06:03.442297,68
Y_STR02883,Y_U0084,Y0022,2026-02-26 00:54:01.846052,168
Y_STR02884,Y_U0001,Y0035,2026-02-20 07:37:10.758129,95
Y_STR02885,Y_U0048,Y0043,2026-02-22 00:29:13.172186,60
Y_STR02886,Y_U0038,Y0034,2026-02-18 23:46:34.612767,121
Y_STR02887,Y_U0081,Y0021,2026-02-06 15:01:29.687846,95
Y_STR02888,Y_U0004,Y0050,2026-02-10 06:07:11.106615,119
Y_STR02889,Y_U0009,Y0041,2026-02-16 21:54:39.899723,12
Y_STR02890,Y_U0003,Y0040,2026-02-22 13:32:39.623428,26
Y_STR02891,Y_U0038,Y0047,2026-02-11 03:31:16.023024,161
Y_STR02892,Y_U0069,Y0038,2026-02-10 13:12:56.116936,30
Y_STR02893,Y_U0084,Y0040,2026-03-01 12:06:06.122402,19
Y_STR02894,Y_U0009,Y0034,2026-02-21 13:51:48.928951,91
Y_STR02895,Y_U0013,Y0014,2026-02-04 12:03:38.991171,44
Y_STR02896,Y_U0047,Y0044,2026-02-22 15:34:17.450428,127
Y_STR02897,Y_U0095,Y0045,2026-02-07 03:24:11.488112,195
Y_STR02898,Y_U0058,Y0049,2026-02-16 04:08:55.554251,182
Y_STR02899,Y_U0019,Y0014,2026-03-05 11:09:14.528447,198
Y_STR02900,Y_U0068,Y0030,2026-02-27 13:12:04.470912,24
Y_STR02901,Y_U0065,Y0013,2026-03-04 12:34:34.089778,186
Y_STR02902,Y_U0014,Y0036,2026-02-13 10:28:22.037206,143
Y_STR02903,Y_U0006,Y0013,2026-02-12 11:59:06.675287,60
Y_STR02904,Y_U0087,Y0046,2026-03-03 11:39:12.791739,146
Y_STR02905,Y_U0081,Y0022,2026-02-08 07:49:33.273391,133
Y_STR02906,Y_U0085,Y0034,2026-03-02 06:40:30.090833,139
Y_STR02907,Y_U0006,Y0030,2026-02-28 02:28:35.773820,119
Y_STR02908,Y_U0005,Y0050,2026-02-21 08:08:51.609412,100
Y_STR02909,Y_U0074,Y0041,2026-02-06 18:47:13.551841,69
Y_STR02910,Y_U0100,Y0043,2026-02-26 00:22:39.865304,116
Y_STR02911,Y_U0048,Y0048,2026-02-23 08:01:36.839601,184
Y_STR02912,Y_U0056,Y0049,2026-03-05 02:02:46.154132,23
Y_STR02913,Y_U0083,Y0035,2026-03-01 22:29:06.020430,227
Y_STR02914,Y_U0038,Y0007,2026-02-09 06:24:37.744513,78
Y_STR02915,Y_U0072,Y0042,2026-03-03 00:48:44.512121,254
Y_STR02916,Y_U0021,Y0030,2026-02-23 19:34:09.832744,30
Y_STR02917,Y_U0063,Y0036,2026-02-19 14:53:34.170579,157
Y_STR02918,Y_U0046,Y0003,2026-02-07 04:37:50.586309,26
Y_STR02919,Y_U0033,Y0049,2026-02-08 21:52:35.434355,159
Y_STR02920,Y_U0077,Y0024,2026-02-20 18:38:57.235572,121
Y_STR02921,Y_U0093,Y0037,2026-02-11 17:08:38.215045,161
Y_STR02922,Y_U0061,Y0026,2026-02-11 15:00:01.017013,98
Y_STR02923,Y_U0077,Y0034,2026-02-10 22:32:48.643476,120
Y_STR02924,Y_U0045,Y0040,2026-02-06 14:03:48.689938,104
Y_STR02925,Y_U0002,Y0033,2026-03-01 12:55:08.595066,155
Y_STR02926,Y_U0088,Y0048,2026-02-17 06:31:06.514477,219
Y_STR02927,Y_U0030,Y0011,2026-02-26 14:36:17.921416,31
Y_STR02928,Y_U0031,Y0050,2026-03-01 17:07:33.781247,173
Y_STR02929,Y_U0035,Y0044,2026-02-13 20:21:58.099959,127
Y_STR02930,Y_U0025,Y0041,2026-02-27 04:10:07.185616,104
Y_STR02931,Y_U0086,Y0020,2026-02-14 00:26:27.336499,195
Y_STR02932,Y_U0024,Y0023,2026-02-12 11:27:39.366261,68
Y_STR02933,Y_U0049,Y0032,2026-02-21 13:13:11.328295,61
Y_STR02934,Y_U0064,Y0022,2026-02-11 15:43:37.571610,12
Y_STR02935,Y_U0068,Y0030,2026-02-20 03:44:36.927142,94
Y_STR02936,Y_U0087,Y0027,2026-02-22 18:47:41.768496,46
Y_STR02937,Y_U0013,Y0032,2026-02-10 09:18:08.142349,200
Y_STR02938,Y_U0004,Y0041,2026-02-08 16:38:57.626301,126
Y_STR02939,Y_U0087,Y0035,2026-02-17 19:17:39.441287,99
Y_STR02940,Y_U0090,Y0050,2026-03-03 04:53:17.811316,62
Y_STR02941,Y_U0051,Y0044,2026-02-21 21:00:13.028584,274
Y_STR02942,Y_U0075,Y0020,2026-02-07 19:24:11.625305,6
Y_STR02943,Y_U0042,Y0027,2026-02-19 10:28:41.275897,109
Y_STR02944,Y_U0063,Y0047,2026-02-13 20:26:00.045909,206
Y_STR02945,Y_U0006,Y0032,2026-02-16 13:09:17.702773,120
Y_STR02946,Y_U0027,Y0050,2026-02-26 10:20:36.962466,168
Y_STR02947,Y_U0029,Y0045,2026-02-18 21:58:04.572923,171
Y_STR02948,Y_U0072,Y0001,2026-02-15 14:49:38.872707,60
Y_STR02949,Y_U0030,Y0044,2026-02-11 03:09:20.111507,157
Y_STR02950,Y_U0031,Y0014,2026-02-19 21:52:10.759748,264
Y_STR02951,Y_U0080,Y0037,2026-02-22 04:41:04.045521,326
Y_STR02952,Y_U0068,Y0047,2026-03-05 05:07:23.297072,199
Y_STR02953,Y_U0002,Y0048,2026-02-18 02:18:59.607969,139
Y_STR02954,Y_U0002,Y0046,2026-03-02 23:01:39.063960,46
Y_STR02955,Y_U0038,Y0010,2026-03-06 01:08:49.010209,123
Y_STR02956,Y_U0048,Y0050,2026-03-01 19:59:31.247451,92
Y_STR02957,Y_U0086,Y0034,2026-02-06 05:26:46.476497,191
Y_STR02958,Y_U0003,Y0036,2026-02-27 02:35:39.315203,21
Y_STR02959,Y_U0057,Y0021,2026-02-13 02:01:20.166107,20
Y_STR02960,Y_U0012,Y0006,2026-02-17 01:03:20.283704,310
Y_STR02961,Y_U0026,Y0035,2026-02-08 04:45:20.246436,114
Y_STR02962,Y_U0013,Y0050,2026-02-28 09:57:03.448264,200
Y_STR02963,Y_U0016,Y0048,2026-03-03 09:23:29.708121,137
Y_STR02964,Y_U0032,Y0007,2026-03-04 04:29:50.019109,351
Y_STR02965,Y_U0019,Y0049,2026-02-23 11:26:23.369435,125
Y_STR02966,Y_U0078,Y0049,2026-02-20 02:56:52.359321,186
Y_STR02967,Y_U0003,Y0038,2026-03-05 13:22:21.396591,17
Y_STR02968,Y_U0028,Y0025,2026-02-25 23:10:47.928207,161
Y_STR02969,Y_U0013,Y0013,2026-03-05 01:06:56.931139,198
Y_STR02970,Y_U0018,Y0037,2026-02-08 20:16:58.914983,311
Y_STR02971,Y_U0020,Y0004,2026-02-16 02:49:40.369840,218
Y_STR02972,Y_U0098,Y0047,2026-02-07 16:42:59.699002,129
Y_STR02973,Y_U0016,Y0047,2026-03-04 01:26:54.918439,59
Y_STR02974,Y_U0001,Y0043,2026-02-08 19:16:17.015476,120
Y_STR02975,Y_U0003,Y0047,2026-02-19 12:06:59.789102,219
Y_STR02976,Y_U0024,Y0036,2026-03-02 10:07:07.752146,106
Y_STR02977,Y_U0008,Y0036,2026-02-09 00:29:04.120033,127
Y_STR02978,Y_U0083,Y0014,2026-02-15 14:41:50.485726,131
Y_STR02979,Y_U0072,Y0048,2026-02-25 15:31:29.891348,215
Y_STR02980,Y_U0029,Y0050,2026-02-13 02:32:05.768008,92
Y_STR02981,Y_U0079,Y0045,2026-02-16 10:05:12.516446,111
Y_STR02982,Y_U0076,Y0048,2026-02-19 03:26:09.133380,58
Y_STR02983,Y_U0076,Y0035,2026-03-02 05:37:06.069169,148
Y_STR02984,Y_U0004,Y0044,2026-03-03 12:53:28.225847,132
Y_STR02985,Y_U0089,Y0029,2026-02-21 18:21:37.891286,95
Y_STR02986,Y_U0028,Y0037,2026-03-04 10:22:35.516600,137
Y_STR02987,Y_U0044,Y0034,2026-02-08 14:10:10.281079,125
Y_STR02988,Y_U0003,Y0041,2026-02-18 21:03:47.045015,106
Y_STR02989,Y_U0086,Y0016,2026-02-16 15:24:01.431548,133
Y_STR02990,Y_U0086,Y0027,2026-02-20 02:42:02.974172,103
Y_STR02991,Y_U0096,Y0007,2026-02-22 19:07:58.951073,159
Y_STR02992,Y_U0032,Y0042,2026-02-21 11:27:54.803621,213
Y_STR02993,Y_U0077,Y0032,2026-02-09 07:13:57.019714,169
Y_STR02994,Y_U0067,Y0044,2026-02-05 02:42:41.330058,220
Y_STR02995,Y_U0088,Y0049,2026-02-15 05:26:56.362505,99
Y_STR02996,Y_U0098,Y0033,2026-02-17 08:29:14.962178,11
Y_STR02997,Y_U0029,Y0040,2026-02-07 23:33:59.098740,260
Y_STR02998,Y_U0087,Y0048,2026-02-25 03:12:30.506454,186
Y_STR02999,Y_U0068,Y0043,2026-02-08 06:27:20.064800,137
Y_STR03000,Y_U0053,Y0028,2026-02-20 08:36:21.857033,147
Y_STR03001,Y_U0071,Y0040,2026-02-08 05:41:36.178327,148
Y_STR03002,Y_U0057,Y0049,2026-02-24 06:04:34.051605,139
Y_STR03003,Y_U0090,Y0025,2026-02-27 17:14:44.824157,91
Y_STR03004,Y_U0041,Y0040,2026-02-16 13:59:29.320319,20
Y_STR03005,Y_U0002,Y0048,2026-03-03 13:36:55.830626,148
Y_STR03006,Y_U0067,Y0046,2026-03-02 04:31:14.492981,140
Y_STR03007,Y_U0088,Y0025,2026-02-11 20:45:16.622936,193
Y_STR03008,Y_U0070,Y0028,2026-02-15 18:16:26.073692,116
Y_STR03009,Y_U0045,Y0043,2026-03-04 06:43:31.454779,181
Y_STR03010,Y_U0060,Y0023,2026-02-26 06:32:01.287626,105
Y_STR03011,Y_U0016,Y0050,2026-02-06 12:41:41.353356,315
Y_STR03012,Y_U0100,Y0041,2026-02-27 00:06:50.774973,92
Y_STR03013,Y_U0014,Y0036,2026-03-04 00:06:33.773120,67
Y_STR03014,Y_U0059,Y0044,2026-02-21 13:57:29.133614,192
Y_STR03015,Y_U0060,Y0048,2026-02-26 03:34:38.730030,18
Y_STR03016,Y_U0023,Y0015,2026-02-13 17:57:17.936065,14
Y_STR03017,Y_U0058,Y0033,2026-02-14 18:45:50.625857,184
Y_STR03018,Y_U0050,Y0034,2026-02-26 09:21:31.509612,196
Y_STR03019,Y_U0029,Y0046,2026-02-25 20:44:35.352336,180
Y_STR03020,Y_U0022,Y0043,2026-03-05 03:13:24.580757,63
Y_STR03021,Y_U0093,Y0043,2026-03-04 08:08:56.778208,45
Y_STR03022,Y_U0042,Y0046,2026-03-04 00:48:30.661674,259
Y_STR03023,Y_U0035,Y0044,2026-02-07 22:31:02.303726,90
Y_STR03024,Y_U0011,Y0035,2026-03-05 07:25:15.565845,38
Y_STR03025,Y_U0014,Y0028,2026-03-03 00:15:21.804047,83
Y_STR03026,Y_U0029,Y0034,2026-02-22 12:44:40.415887,121
Y_STR03027,Y_U0056,Y0048,2026-02-05 02:56:50.880908,116
Y_STR03028,Y_U0095,Y0039,2026-02-18 14:57:11.342074,101
Y_STR03029,Y_U0091,Y0048,2026-02-06 06:26:52.183782,207
Y_STR03030,Y_U0013,Y0038,2026-02-28 07:43:28.076854,141
Y_STR03031,Y_U0044,Y0046,2026-02-16 02:32:01.005609,132
Y_STR03032,Y_U0008,Y0049,2026-02-16 15:48:28.050725,35
Y_STR03033,Y_U0100,Y0006,2026-02-27 07:40:22.393172,199
Y_STR03034,Y_U0093,Y0047,2026-02-04 16:18:52.526090,97
Y_STR03035,Y_U0033,Y0040,2026-02-23 11:57:06.890283,148
Y_STR03036,Y_U0003,Y0019,2026-02-19 03:26:11.157133,107
Y_STR03037,Y_U0011,Y0026,2026-02-10 15:37:09.167588,65
Y_STR03038,Y_U0018,Y0041,2026-02-20 01:15:53.924695,122
Y_STR03039,Y_U0066,Y0045,2026-02-19 02:16:37.486817,147
Y_STR03040,Y_U0045,Y0035,2026-03-03 01:21:38.383445,167
Y_STR03041,Y_U0085,Y0031,2026-02-14 09:46:48.577090,127
Y_STR03042,Y_U0019,Y0041,2026-02-05 15:35:34.029154,93
Y_STR03043,Y_U0091,Y0046,2026-02-14 23:36:07.562724,21
Y_STR03044,Y_U0003,Y0025,2026-02-25 20:11:14.812598,16
Y_STR03045,Y_U0085,Y0043,2026-02-09 08:14:28.854299,32
Y_STR03046,Y_U0017,Y0042,2026-03-01 03:12:24.803355,123
Y_STR03047,Y_U0071,Y0046,2026-03-05 11:04:25.564235,57
Y_STR03048,Y_U0033,Y0031,2026-02-06 11:01:01.736306,94
Y_STR03049,Y_U0090,Y0010,2026-02-11 23:42:46.620937,42
Y_STR03050,Y_U0060,Y0024,2026-02-19 04:09:28.864577,279
Y_STR03051,Y_U0049,Y0041,2026-02-10 02:46:35.226182,12
Y_STR03052,Y_U0080,Y0043,2026-02-05 07:24:51.843573,171
Y_STR03053,Y_U0078,Y0028,2026-02-06 01:39:27.369321,124
Y_STR03054,Y_U0016,Y0008,2026-02-20 11:04:07.120683,160
Y_STR03055,Y_U0019,Y0014,2026-02-18 00:02:34.244649,233
Y_STR03056,Y_U0096,Y0040,2026-02-12 15:35:25.037960,206
Y_STR03057,Y_U0058,Y0044,2026-02-06 05:35:32.150158,119
Y_STR03058,Y_U0029,Y0044,2026-03-01 14:02:38.413728,288
Y_STR03059,Y_U0055,Y0017,2026-02-07 13:21:02.825331,63
Y_STR03060,Y_U0022,Y0029,2026-02-06 04:19:58.691964,138
Y_STR03061,Y_U0098,Y0023,2026-02-11 12:33:33.074688,71
Y_STR03062,Y_U0072,Y0030,2026-02-07 00:20:18.625377,149
Y_STR03063,Y_U0086,Y0044,2026-02-20 19:29:10.527711,167
Y_STR03064,Y_U0060,Y0044,2026-02-09 03:32:32.609474,39
Y_STR03065,Y_U0082,Y0024,2026-02-22 22:19:48.852966,249
Y_STR03066,Y_U0059,Y0047,2026-02-15 06:53:32.465666,197
Y_STR03067,Y_U0066,Y0048,2026-02-25 21:35:06.072634,150
Y_STR03068,Y_U0006,Y0036,2026-02-19 14:52:36.731672,208
Y_STR03069,Y_U0005,Y0016,2026-03-04 15:57:41.931669,118
Y_STR03070,Y_U0043,Y0040,2026-02-12 01:57:29.956577,124
Y_STR03071,Y_U0052,Y0049,2026-02-20 18:36:05.506672,24
Y_STR03072,Y_U0010,Y0048,2026-02-21 06:37:09.416777,49
Y_STR03073,Y_U0003,Y0028,2026-02-25 09:22:03.437706,110
Y_STR03074,Y_U0074,Y0013,2026-02-08 09:42:20.816752,62
Y_STR03075,Y_U0010,Y0049,2026-02-25 01:01:10.963517,5
Y_STR03076,Y_U0077,Y0018,2026-02-28 21:14:35.922687,137
Y_STR03077,Y_U0006,Y0042,2026-02-22 16:44:42.027434,180
Y_STR03078,Y_U0003,Y0044,2026-02-12 18:31:10.889326,301
Y_STR03079,Y_U0092,Y0048,2026-02-11 10:17:21.872981,38
Y_STR03080,Y_U0023,Y0043,2026-02-11 23:27:35.001366,113
Y_STR03081,Y_U0030,Y0022,2026-02-06 13:33:41.839025,37
Y_STR03082,Y_U0039,Y0041,2026-03-06 08:04:26.042369,93
Y_STR03083,Y_U0049,Y0047,2026-02-15 21:59:31.432493,199
Y_STR03084,Y_U0012,Y0010,2026-02-26 10:32:10.823899,149
Y_STR03085,Y_U0055,Y0020,2026-03-01 08:19:47.225462,213
Y_STR03086,Y_U0043,Y0040,2026-03-05 02:33:51.775322,13
Y_STR03087,Y_U0048,Y0022,2026-02-16 19:14:55.063822,45
Y_STR03088,Y_U0019,Y0040,2026-02-23 22:57:21.762949,269
Y_STR03089,Y_U0083,Y0029,2026-02-12 10:38:02.521802,164
Y_STR03090,Y_U0012,Y0040,2026-02-20 02:32:20.078457,188
Y_STR03091,Y_U0054,Y0046,2026-02-26 03:24:07.868180,11
Y_STR03092,Y_U0091,Y0049,2026-02-23 11:17:33.564970,183
Y_STR03093,Y_U0060,Y0043,2026-03-01 16:43:48.992379,24
Y_STR03094,Y_U0067,Y0032,2026-02-24 16:34:10.509214,34
Y_STR03095,Y_U0051,Y0032,2026-02-23 02:11:09.599468,33
Y_STR03096,Y_U0020,Y0041,2026-02-25 23:56:38.779790,116
Y_STR03097,Y_U0011,Y0050,2026-02-26 17:37:54.093229,290
Y_STR03098,Y_U0087,Y0039,2026-03-01 09:28:45.755047,42
Y_STR03099,Y_U0090,Y0028,2026-03-05 06:39:56.590535,189
Y_STR03100,Y_U0098,Y0048,2026-02-25 19:58:06.566701,79
Y_STR03101,Y_U0048,Y0034,2026-02-10 03:49:57.005377,40
Y_STR03102,Y_U0033,Y0043,2026-02-21 00:35:18.285558,123
Y_STR03103,Y_U0049,Y0038,2026-02-25 09:00:31.168106,16
Y_STR03104,Y_U0022,Y0050,2026-02-28 12:08:41.882046,148
Y_STR03105,Y_U0027,Y0046,2026-02-16 11:17:49.927125,58
Y_STR03106,Y_U0072,Y0044,2026-02-05 04:14:54.308547,244
Y_STR03107,Y_U0028,Y0049,2026-03-04 05:27:52.854020,232
Y_STR03108,Y_U0075,Y0011,2026-02-24 03:17:27.615403,101
Y_STR03109,Y_U0041,Y0033,2026-02-04 15:29:47.056442,229
Y_STR03110,Y_U0045,Y0032,2026-02-27 02:04:16.755387,68
Y_STR03111,Y_U0074,Y0015,2026-02-13 08:53:49.505307,182
Y_STR03112,Y_U0069,Y0041,2026-02-22 01:30:42.557493,27
Y_STR03113,Y_U0059,Y0002,2026-02-22 18:20:36.053590,45
Y_STR03114,Y_U0092,Y0043,2026-02-11 19:35:05.874892,93
Y_STR03115,Y_U0039,Y0023,2026-02-09 06:50:44.554633,57
Y_STR03116,Y_U0069,Y0044,2026-02-14 22:22:01.089213,127
Y_STR03117,Y_U0009,Y0027,2026-03-04 22:07:57.900292,14
Y_STR03118,Y_U0083,Y0034,2026-02-14 09:08:53.294371,100
Y_STR03119,Y_U0083,Y0024,2026-02-11 08:54:37.826420,210
Y_STR03120,Y_U0060,Y0040,2026-02-25 19:18:42.715142,291
Y_STR03121,Y_U0085,Y0020,2026-03-03 19:04:18.948792,339
Y_STR03122,Y_U0081,Y0043,2026-02-26 23:28:41.542768,93
Y_STR03123,Y_U0067,Y0004,2026-03-06 00:57:52.624914,190
Y_STR03124,Y_U0052,Y0042,2026-02-14 18:26:37.417787,78
Y_STR03125,Y_U0054,Y0032,2026-02-12 08:02:58.811575,31
Y_STR03126,Y_U0044,Y0044,2026-03-05 05:15:10.246787,6
Y_STR03127,Y_U0028,Y0050,2026-02-06 17:23:43.337095,299
Y_STR03128,Y_U0038,Y0033,2026-02-10 16:09:14.964303,54
Y_STR03129,Y_U0049,Y0048,2026-02-12 16:21:13.269980,70
Y_STR03130,Y_U0088,Y0027,2026-02-24 05:35:59.901742,138
Y_STR03131,Y_U0066,Y0043,2026-02-09 12:05:51.412901,45
Y_STR03132,Y_U0039,Y0044,2026-02-22 04:43:59.309350,310
Y_STR03133,Y_U0098,Y0040,2026-02-13 17:19:32.920750,338
Y_STR03134,Y_U0078,Y0035,2026-02-09 13:17:51.357287,258
Y_STR03135,Y_U0084,Y0049,2026-02-15 23:55:26.610992,142
Y_STR03136,Y_U0034,Y0009,2026-02-21 14:11:43.876812,66
Y_STR03137,Y_U0037,Y0031,2026-02-20 08:07:10.003682,142
Y_STR03138,Y_U0047,Y0030,2026-02-20 19:33:58.987053,6
Y_STR03139,Y_U0033,Y0033,2026-02-22 01:33:02.618081,142
Y_STR03140,Y_U0084,Y0050,2026-03-04 01:43:34.175039,87
Y_STR03141,Y_U0085,Y0007,2026-02-10 21:14:41.504391,287
Y_STR03142,Y_U0080,Y0049,2026-02-15 14:17:24.787908,38
Y_STR03143,Y_U0041,Y0017,2026-02-08 09:50:50.988438,134
Y_STR03144,Y_U0015,Y0021,2026-02-19 06:08:51.316623,138
Y_STR03145,Y_U0075,Y0019,2026-02-19 01:14:30.856535,148
Y_STR03146,Y_U0038,Y0020,2026-02-23 09:40:38.383062,312
Y_STR03147,Y_U0030,Y0033,2026-02-25 08:52:39.227362,59
Y_STR03148,Y_U0022,Y0033,2026-03-05 15:16:29.993579,251
Y_STR03149,Y_U0021,Y0007,2026-02-21 16:28:35.658106,229
Y_STR03150,Y_U0080,Y0034,2026-02-16 02:17:26.222176,180
Y_STR03151,Y_U0069,Y0028,2026-02-11 07:51:20.918802,246
Y_STR03152,Y_U0046,Y0049,2026-02-21 07:19:22.073259,83
Y_STR03153,Y_U0029,Y0034,2026-02-08 07:57:52.444517,113
Y_STR03154,Y_U0070,Y0047,2026-03-03 12:50:30.040535,119
Y_STR03155,Y_U0069,Y0022,2026-03-04 13:47:21.981417,12
Y_STR03156,Y_U0061,Y0044,2026-02-05 23:14:05.174746,305
Y_STR03157,Y_U0004,Y0017,2026-02-11 03:37:46.616451,234
Y_STR03158,Y_U0090,Y0019,2026-02-25 19:08:10.065912,178
Y_STR03159,Y_U0037,Y0026,2026-02-19 10:46:59.158202,92
Y_STR03160,Y_U0087,Y0008,2026-03-04 08:35:00.930288,88
Y_STR03161,Y_U0057,Y0044,2026-03-03 14:18:04.605494,29
Y_STR03162,Y_U0028,Y0050,2026-03-01 20:31:50.941812,111
Y_STR03163,Y_U0085,Y0045,2026-02-17 13:29:01.007752,219
Y_STR03164,Y_U0066,Y0023,2026-02-28 03:01:50.315364,65
Y_STR03165,Y_U0098,Y0049,2026-02-13 15:20:55.444746,68
Y_STR03166,Y_U0043,Y0021,2026-02-04 23:07:04.374795,88
Y_STR03167,Y_U0023,Y0020,2026-02-07 15:13:32.469110,37
Y_STR03168,Y_U0031,Y0021,2026-02-13 22:25:44.468287,174
Y_STR03169,Y_U0041,Y0020,2026-02-23 06:50:38.836034,320
Y_STR03170,Y_U0011,Y0029,2026-02-12 11:27:17.306814,11
Y_STR03171,Y_U0033,Y0042,2026-02-10 22:51:00.029444,166
Y_STR03172,Y_U0094,Y0034,2026-02-17 10:19:40.573270,106
Y_STR03173,Y_U0018,Y0025,2026-02-24 05:46:13.453613,138
Y_STR03174,Y_U0039,Y0014,2026-02-18 07:42:33.779608,94
Y_STR03175,Y_U0050,Y0009,2026-02-05 06:06:14.303219,113
Y_STR03176,Y_U0067,Y0037,2026-02-12 10:34:35.014472,34
Y_STR03177,Y_U0007,Y0019,2026-02-07 12:17:48.109718,76
Y_STR03178,Y_U0048,Y0050,2026-02-28 14:09:11.438479,96
Y_STR03179,Y_U0075,Y0039,2026-02-14 21:04:23.183549,221
Y_STR03180,Y_U0093,Y0047,2026-02-28 20:45:28.222894,111
Y_STR03181,Y_U0076,Y0010,2026-02-18 13:04:32.296667,147
Y_STR03182,Y_U0100,Y0028,2026-02-28 08:46:31.111119,135
Y_STR03183,Y_U0080,Y0018,2026-02-19 07:19:42.471315,101
Y_STR03184,Y_U0040,Y0016,2026-02-17 18:24:13.852889,119
Y_STR03185,Y_U0023,Y0037,2026-03-03 07:08:54.822292,42
Y_STR03186,Y_U0092,Y0042,2026-02-19 12:35:34.073981,121
Y_STR03187,Y_U0042,Y0009,2026-02-12 02:58:04.901728,124
Y_STR03188,Y_U0080,Y0028,2026-02-13 17:29:26.532500,241
Y_STR03189,Y_U0042,Y0028,2026-02-26 14:04:54.495055,176
Y_STR03190,Y_U0088,Y0043,2026-02-08 07:45:34.636981,106
Y_STR03191,Y_U0029,Y0045,2026-02-27 15:42:51.529782,30
Y_STR03192,Y_U0041,Y0046,2026-02-24 15:16:33.263842,197
Y_STR03193,Y_U0049,Y0029,2026-03-03 15:56:11.632059,172
Y_STR03194,Y_U0061,Y0045,2026-02-07 19:15:15.409060,25
Y_STR03195,Y_U0088,Y0047,2026-02-06 03:47:51.069144,19
Y_STR03196,Y_U0075,Y0025,2026-02-08 17:07:55.896348,108
Y_STR03197,Y_U0089,Y0034,2026-03-06 04:33:03.125029,58
Y_STR03198,Y_U0001,Y0007,2026-03-04 22:13:21.679125,250
Y_STR03199,Y_U0058,Y0050,2026-02-07 03:38:30.777082,272
Y_STR03200,Y_U0066,Y0018,2026-02-22 00:20:52.664053,65
Y_STR03201,Y_U0021,Y0013,2026-02-12 15:30:36.973910,187
Y_STR03202,Y_U0010,Y0049,2026-02-20 20:39:22.714547,241
Y_STR03203,Y_U0015,Y0044,2026-02-23 17:41:05.408767,14
Y_STR03204,Y_U0089,Y0013,2026-02-19 18:43:48.921793,122
Y_STR03205,Y_U0065,Y0043,2026-03-06 06:37:31.729073,54
Y_STR03206,Y_U0029,Y0032,2026-02-13 07:40:22.908775,198
Y_STR03207,Y_U0056,Y0032,2026-03-06 08:25:00.122269,161
Y_STR03208,Y_U0002,Y0040,2026-02-17 05:54:30.861841,110
Y_STR03209,Y_U0077,Y0025,2026-02-09 22:51:04.401060,98
Y_STR03210,Y_U0061,Y0036,2026-02-27 15:43:38.840498,17
Y_STR03211,Y_U0022,Y0031,2026-02-05 15:01:52.940178,14
Y_STR03212,Y_U0034,Y0030,2026-02-27 04:13:40.042889,78
Y_STR03213,Y_U0089,Y0039,2026-02-27 04:25:58.487287,231
Y_STR03214,Y_U0071,Y0041,2026-02-17 20:34:16.650622,151
Y_STR03215,Y_U0069,Y0034,2026-02-17 00:37:31.620311,29
Y_STR03216,Y_U0096,Y0049,2026-02-09 05:14:25.646704,249
Y_STR03217,Y_U0066,Y0021,2026-02-26 09:47:12.724445,35
Y_STR03218,Y_U0055,Y0040,2026-02-24 23:41:19.679558,80
Y_STR03219,Y_U0026,Y0042,2026-02-15 17:55:49.302017,31
Y_STR03220,Y_U0020,Y0017,2026-02-16 21:44:32.113291,97
Y_STR03221,Y_U0014,Y0023,2026-03-03 18:52:26.891202,30
Y_STR03222,Y_U0023,Y0011,2026-02-05 05:35:13.672853,7
Y_STR03223,Y_U0009,Y0029,2026-02-23 04:51:29.742239,115
Y_STR03224,Y_U0017,Y0020,2026-02-12 12:07:16.964601,332
Y_STR03225,Y_U0068,Y0020,2026-03-01 05:27:28.977637,182
Y_STR03226,Y_U0001,Y0048,2026-02-18 15:24:52.368992,206
Y_STR03227,Y_U0026,Y0040,2026-02-06 22:03:11.360716,265
Y_STR03228,Y_U0072,Y0025,2026-02-14 23:54:54.678069,53
Y_STR03229,Y_U0025,Y0038,2026-02-14 08:23:00.057633,100
Y_STR03230,Y_U0056,Y0042,2026-02-06 02:33:50.568821,122
Y_STR03231,Y_U0058,Y0049,2026-02-10 23:58:29.949081,152
Y_STR03232,Y_U0020,Y0017,2026-02-09 05:15:43.880617,153
Y_STR03233,Y_U0061,Y0039,2026-03-03 06:25:21.312564,48
Y_STR03234,Y_U0062,Y0038,2026-02-19 05:47:07.679877,56
Y_STR03235,Y_U0066,Y0042,2026-02-16 08:11:49.502068,166
Y_STR03236,Y_U0003,Y0041,2026-02-18 21:48:14.588984,34
Y_STR03237,Y_U0058,Y0029,2026-02-18 18:19:58.972294,78
Y_STR03238,Y_U0058,Y0024,2026-02-26 01:56:10.175623,266
Y_STR03239,Y_U0097,Y0013,2026-02-05 00:18:02.605915,29
Y_STR03240,Y_U0022,Y0008,2026-03-03 18:17:14.586354,209
Y_STR03241,Y_U0071,Y0041,2026-02-25 03:10:55.270868,124
Y_STR03242,Y_U0040,Y0047,2026-02-15 22:24:33.418390,168
Y_STR03243,Y_U0007,Y0041,2026-02-24 01:17:28.848316,53
Y_STR03244,Y_U0088,Y0033,2026-02-10 18:50:25.502953,242
Y_STR03245,Y_U0038,Y0034,2026-03-04 08:53:17.874189,68
Y_STR03246,Y_U0094,Y0050,2026-02-18 05:22:54.456206,207
Y_STR03247,Y_U0063,Y0011,2026-02-24 13:03:25.396564,232
Y_STR03248,Y_U0012,Y0020,2026-02-28 08:53:40.615396,291
Y_STR03249,Y_U0089,Y0032,2026-02-24 10:07:35.988474,238
Y_STR03250,Y_U0077,Y0035,2026-02-05 02:48:13.064235,110
Y_STR03251,Y_U0062,Y0019,2026-03-02 08:45:19.653367,101
Y_STR03252,Y_U0025,Y0038,2026-02-09 05:02:57.996860,118
Y_STR03253,Y_U0083,Y0029,2026-02-16 19:01:05.316095,128
Y_STR03254,Y_U0040,Y0017,2026-02-13 06:19:06.516018,175
Y_STR03255,Y_U0044,Y0036,2026-02-12 18:07:52.075599,229
Y_STR03256,Y_U0012,Y0015,2026-02-23 10:58:47.678320,143
Y_STR03257,Y_U0049,Y0030,2026-02-12 17:17:38.215183,115
Y_STR03258,Y_U0063,Y0049,2026-02-19 03:42:33.585793,17
Y_STR03259,Y_U0025,Y0046,2026-02-23 23:02:51.476862,83
Y_STR03260,Y_U0079,Y0038,2026-02-25 10:13:55.328324,97
Y_STR03261,Y_U0042,Y0048,2026-02-27 14:36:15.304410,68
Y_STR03262,Y_U0008,Y0027,2026-02-06 12:36:54.503899,140
Y_STR03263,Y_U0065,Y0022,2026-02-23 08:14:39.463805,15
Y_STR03264,Y_U0068,Y0047,2026-02-21 21:55:51.969881,181
Y_STR03265,Y_U0016,Y0042,2026-02-28 10:39:49.909738,283
Y_STR03266,Y_U0049,Y0046,2026-02-12 23:07:11.983871,143
Y_STR03267,Y_U0014,Y0024,2026-02-12 11:03:42.155477,194
Y_STR03268,Y_U0086,Y0044,2026-02-17 19:11:43.267156,221
Y_STR03269,Y_U0089,Y0039,2026-02-11 17:13:04.916118,220
Y_STR03270,Y_U0041,Y0044,2026-02-17 16:13:21.679653,282
Y_STR03271,Y_U0074,Y0043,2026-02-06 05:10:28.732720,191
Y_STR03272,Y_U0091,Y0046,2026-02-21 18:29:41.107917,202
Y_STR03273,Y_U0040,Y0017,2026-02-13 22:03:22.966966,242
Y_STR03274,Y_U0029,Y0014,2026-02-21 10:04:00.409112,316
Y_STR03275,Y_U0026,Y0014,2026-02-26 02:05:17.376400,284
Y_STR03276,Y_U0073,Y0035,2026-02-13 09:24:23.057519,255
Y_STR03277,Y_U0063,Y0050,2026-03-01 05:03:20.726346,261
Y_STR03278,Y_U0037,Y0025,2026-02-10 20:29:02.427704,33
Y_STR03279,Y_U0064,Y0040,2026-02-12 01:03:27.626222,141
Y_STR03280,Y_U0084,Y0038,2026-02-16 03:33:12.194819,164
Y_STR03281,Y_U0022,Y0019,2026-02-05 22:47:03.852822,231
Y_STR03282,Y_U0053,Y0034,2026-02-28 21:42:52.128479,17
Y_STR03283,Y_U0077,Y0031,2026-03-05 22:56:23.712585,44
Y_STR03284,Y_U0099,Y0030,2026-02-07 08:46:09.127065,19
Y_STR03285,Y_U0090,Y0018,2026-02-10 11:53:14.141619,77
Y_STR03286,Y_U0001,Y0028,2026-02-21 15:11:19.769101,49
Y_STR03287,Y_U0027,Y0041,2026-03-03 05:12:08.711427,86
Y_STR03288,Y_U0038,Y0035,2026-03-02 11:34:23.455132,212
Y_STR03289,Y_U0037,Y0007,2026-02-04 22:37:38.410261,289
Y_STR03290,Y_U0040,Y0035,2026-02-18 16:26:19.330259,204
Y_STR03291,Y_U0081,Y0039,2026-02-20 01:57:12.263585,216
Y_STR03292,Y_U0043,Y0048,2026-03-06 08:36:26.475678,66
Y_STR03293,Y_U0048,Y0039,2026-02-28 18:02:13.682861,51
Y_STR03294,Y_U0047,Y0031,2026-02-28 16:12:49.440648,44
Y_STR03295,Y_U0014,Y0017,2026-02-21 17:21:51.610501,58
Y_STR03296,Y_U0016,Y0010,2026-02-19 09:41:55.006518,148
Y_STR03297,Y_U0069,Y0021,2026-02-26 06:14:45.076663,6
Y_STR03298,Y_U0039,Y0050,2026-02-06 06:14:04.374650,87
Y_STR03299,Y_U0016,Y0007,2026-02-15 04:16:30.659940,240
Y_STR03300,Y_U0038,Y0024,2026-02-12 00:53:45.747803,58
Y_STR03301,Y_U0080,Y0041,2026-02-23 15:16:59.650625,81
Y_STR03302,Y_U0006,Y0029,2026-02-12 17:10:11.865204,64
Y_STR03303,Y_U0024,Y0023,2026-02-06 01:18:13.077712,67
Y_STR03304,Y_U0064,Y0010,2026-02-20 17:45:05.168078,199
Y_STR03305,Y_U0082,Y0026,2026-02-09 14:39:41.920673,14
Y_STR03306,Y_U0030,Y0030,2026-02-24 01:14:38.903230,171
Y_STR03307,Y_U0079,Y0030,2026-02-06 18:15:22.283652,58
Y_STR03308,Y_U0091,Y0031,2026-02-10 12:27:43.144308,34
Y_STR03309,Y_U0004,Y0049,2026-02-04 10:27:42.993143,132
Y_STR03310,Y_U0048,Y0025,2026-03-03 01:40:53.106533,109
Y_STR03311,Y_U0078,Y0022,2026-02-05 11:14:05.182307,129
Y_STR03312,Y_U0007,Y0032,2026-02-10 07:12:44.869066,70
Y_STR03313,Y_U0019,Y0032,2026-02-13 05:58:12.098930,122
Y_STR03314,Y_U0033,Y0039,2026-02-12 05:24:16.016312,86
Y_STR03315,Y_U0040,Y0044,2026-02-13 19:14:10.104149,176
Y_STR03316,Y_U0012,Y0028,2026-02-23 01:12:07.902106,165
Y_STR03317,Y_U0001,Y0016,2026-03-01 15:17:22.900747,104
Y_STR03318,Y_U0006,Y0033,2026-02-12 12:01:31.668266,163
Y_STR03319,Y_U0007,Y0018,2026-02-23 08:16:37.285899,170
Y_STR03320,Y_U0011,Y0046,2026-02-11 21:04:59.557308,34
Y_STR03321,Y_U0019,Y0015,2026-02-14 08:45:12.663578,222
Y_STR03322,Y_U0048,Y0032,2026-02-11 14:19:01.812343,178
Y_STR03323,Y_U0017,Y0011,2026-02-19 09:15:30.972409,82
Y_STR03324,Y_U0008,Y0039,2026-02-15 12:58:25.968303,50
Y_STR03325,Y_U0093,Y0050,2026-02-23 11:42:35.056788,84
Y_STR03326,Y_U0071,Y0050,2026-03-05 17:59:24.484619,92
Y_STR03327,Y_U0084,Y0046,2026-02-13 14:41:39.366046,150
Y_STR03328,Y_U0086,Y0027,2026-02-19 16:37:19.287293,123
Y_STR03329,Y_U0083,Y0031,2026-02-09 01:47:42.897112,91
Y_STR03330,Y_U0067,Y0033,2026-02-12 18:27:11.496089,121
Y_STR03331,Y_U0097,Y0019,2026-03-04 12:10:05.977560,16
Y_STR03332,Y_U0075,Y0034,2026-03-04 18:19:22.958379,36
Y_STR03333,Y_U0035,Y0026,2026-03-05 06:07:39.877172,102
Y_STR03334,Y_U0059,Y0041,2026-02-09 18:20:34.899013,135
Y_STR03335,Y_U0070,Y0026,2026-03-03 13:09:44.489256,58
Y_STR03336,Y_U0004,Y0030,2026-02-20 08:18:36.999768,45
Y_STR03337,Y_U0093,Y0025,2026-02-17 13:38:44.012976,25
Y_STR03338,Y_U0073,Y0016,2026-02-10 23:27:05.575732,26
Y_STR03339,Y_U0030,Y0041,2026-02-05 06:50:21.486566,52
Y_STR03340,Y_U0018,Y0041,2026-02-19 22:15:16.138447,159
Y_STR03341,Y_U0053,Y0038,2026-02-27 07:10:33.705221,30
Y_STR03342,Y_U0096,Y0029,2026-02-26 06:53:38.040961,145
Y_STR03343,Y_U0099,Y0019,2026-03-01 09:56:13.797560,51
Y_STR03344,Y_U0010,Y0050,2026-02-05 00:37:05.049010,43
Y_STR03345,Y_U0069,Y0034,2026-02-26 20:09:44.164668,50
Y_STR03346,Y_U0070,Y0042,2026-02-05 01:56:59.603188,149
Y_STR03347,Y_U0003,Y0027,2026-02-18 12:10:42.615926,36
Y_STR03348,Y_U0046,Y0024,2026-02-22 09:04:13.134690,128
Y_STR03349,Y_U0100,Y0022,2026-02-21 15:32:13.667597,108
Y_STR03350,Y_U0096,Y0040,2026-03-06 03:45:59.414255,51
Y_STR03351,Y_U0098,Y0018,2026-02-12 09:22:13.862403,162
Y_STR03352,Y_U0006,Y0028,2026-02-19 05:35:58.090713,214
Y_STR03353,Y_U0060,Y0048,2026-02-08 23:04:08.351707,42
Y_STR03354,Y_U0066,Y0037,2026-02-15 20:32:44.768310,274
Y_STR03355,Y_U0002,Y0049,2026-02-23 08:20:21.107736,224
Y_STR03356,Y_U0073,Y0045,2026-02-07 13:58:34.707151,133
Y_STR03357,Y_U0045,Y0039,2026-02-13 17:41:31.559893,59
Y_STR03358,Y_U0067,Y0041,2026-02-07 17:14:06.589685,161
Y_STR03359,Y_U0099,Y0048,2026-02-09 06:13:55.711846,167
Y_STR03360,Y_U0013,Y0040,2026-02-19 21:13:35.832344,185
Y_STR03361,Y_U0080,Y0041,2026-03-03 07:11:10.160709,96
Y_STR03362,Y_U0082,Y0047,2026-02-18 19:43:42.305170,186
Y_STR03363,Y_U0029,Y0026,2026-03-02 13:35:20.079466,20
Y_STR03364,Y_U0082,Y0050,2026-02-08 11:46:47.753358,242
Y_STR03365,Y_U0084,Y0020,2026-02-18 21:22:04.223471,56
Y_STR03366,Y_U0057,Y0032,2026-02-11 21:16:54.018441,57
Y_STR03367,Y_U0099,Y0035,2026-03-04 16:16:39.269896,262
Y_STR03368,Y_U0006,Y0035,2026-03-04 12:07:09.780830,311
Y_STR03369,Y_U0018,Y0016,2026-02-15 09:00:06.386760,25
Y_STR03370,Y_U0033,Y0041,2026-02-09 12:52:31.539239,26
Y_STR03371,Y_U0091,Y0038,2026-02-13 08:47:56.455457,75
Y_STR03372,Y_U0008,Y0047,2026-02-09 10:53:24.990444,138
Y_STR03373,Y_U0022,Y0048,2026-02-09 20:24:00.273677,229
Y_STR03374,Y_U0012,Y0047,2026-02-05 00:13:30.428666,151
Y_STR03375,Y_U0055,Y0034,2026-03-02 10:28:46.555037,145
Y_STR03376,Y_U0059,Y0026,2026-02-17 05:58:40.707335,62
Y_STR03377,Y_U0077,Y0022,2026-02-04 23:19:40.648159,116
Y_STR03378,Y_U0091,Y0032,2026-02-26 20:44:51.160043,201
Y_STR03379,Y_U0068,Y0027,2026-02-25 14:34:49.735626,53
Y_STR03380,Y_U0084,Y0037,2026-02-08 16:45:15.011220,333
Y_STR03381,Y_U0019,Y0049,2026-02-11 07:44:48.190089,119
Y_STR03382,Y_U0066,Y0037,2026-02-11 15:24:53.421317,355
Y_STR03383,Y_U0042,Y0043,2026-02-14 17:56:21.226609,31
Y_STR03384,Y_U0026,Y0034,2026-03-03 10:53:25.489223,91
Y_STR03385,Y_U0035,Y0014,2026-02-14 16:14:17.644874,262
Y_STR03386,Y_U0035,Y0049,2026-02-09 12:19:45.240954,237
Y_STR03387,Y_U0066,Y0048,2026-02-26 13:28:45.084187,22
Y_STR03388,Y_U0040,Y0048,2026-02-22 17:01:55.604944,200
Y_STR03389,Y_U0013,Y0029,2026-03-06 00:15:06.028128,31
Y_STR03390,Y_U0019,Y0012,2026-02-19 15:57:22.656229,115
Y_STR03391,Y_U0089,Y0009,2026-02-16 01:16:06.112164,117
Y_STR03392,Y_U0004,Y0038,2026-03-06 08:11:31.525389,33
Y_STR03393,Y_U0047,Y0043,2026-02-05 13:53:03.778079,182
Y_STR03394,Y_U0044,Y0026,2026-02-20 11:31:19.846935,12
Y_STR03395,Y_U0019,Y0048,2026-02-14 01:22:50.356261,32
Y_STR03396,Y_U0073,Y0049,2026-02-26 15:15:17.782154,90
Y_STR03397,Y_U0021,Y0025,2026-02-06 03:34:34.594521,129
Y_STR03398,Y_U0017,Y0040,2026-02-24 22:21:25.896184,308
Y_STR03399,Y_U0037,Y0042,2026-02-26 22:37:35.585755,174
Y_STR03400,Y_U0089,Y0037,2026-03-03 19:15:47.451810,351
Y_STR03401,Y_U0097,Y0022,2026-03-02 20:16:43.951877,18
Y_STR03402,Y_U0025,Y0018,2026-02-08 01:02:43.300017,43
Y_STR03403,Y_U0007,Y0046,2026-02-13 11:10:10.260671,71
Y_STR03404,Y_U0004,Y0050,2026-02-16 13:22:53.492368,109
Y_STR03405,Y_U0053,Y0047,2026-02-22 18:29:18.419742,231
Y_STR03406,Y_U0076,Y0017,2026-02-13 19:59:55.766186,46
Y_STR03407,Y_U0018,Y0023,2026-02-06 12:12:44.943849,81
Y_STR03408,Y_U0039,Y0022,2026-02-18 15:47:37.101281,12
Y_STR03409,Y_U0034,Y0025,2026-02-21 18:39:24.151010,97
Y_STR03410,Y_U0087,Y0037,2026-02-28 05:42:35.387835,235
Y_STR03411,Y_U0005,Y0049,2026-02-19 14:15:10.435969,12
Y_STR03412,Y_U0008,Y0025,2026-03-05 22:59:42.822357,138
Y_STR03413,Y_U0031,Y0008,2026-02-21 20:51:51.762969,159
Y_STR03414,Y_U0052,Y0027,2026-03-04 08:36:38.618359,78
Y_STR03415,Y_U0017,Y0029,2026-02-14 14:10:38.885219,29
Y_STR03416,Y_U0100,Y0021,2026-02-16 18:31:27.243815,187
Y_STR03417,Y_U0016,Y0044,2026-02-26 12:26:24.590194,131
Y_STR03418,Y_U0017,Y0041,2026-02-26 06:37:31.818678,95
Y_STR03419,Y_U0029,Y0042,2026-02-18 13:34:01.062585,197
Y_STR03420,Y_U0029,Y0041,2026-02-22 18:19:33.400464,99
Y_STR03421,Y_U0098,Y0041,2026-03-03 17:25:42.001881,90
Y_STR03422,Y_U0077,Y0033,2026-03-02 11:01:42.358982,235
Y_STR03423,Y_U0082,Y0047,2026-02-21 07:35:13.880359,181
Y_STR03424,Y_U0062,Y0035,2026-02-23 13:19:59.931243,278
Y_STR03425,Y_U0067,Y0035,2026-03-01 22:00:25.234955,327
Y_STR03426,Y_U0073,Y0029,2026-02-14 22:08:27.362480,21
Y_STR03427,Y_U0037,Y0031,2026-03-02 05:42:58.969478,152
Y_STR03428,Y_U0057,Y0050,2026-03-06 07:24:17.664768,297
Y_STR03429,Y_U0023,Y0048,2026-03-04 11:21:41.816124,41
Y_STR03430,Y_U0091,Y0031,2026-03-05 15:23:38.658484,68
Y_STR03431,Y_U0015,Y0049,2026-02-26 14:17:59.218882,248
Y_STR03432,Y_U0001,Y0039,2026-02-09 23:36:19.093465,56
Y_STR03433,Y_U0079,Y0021,2026-02-13 02:03:43.789673,28
Y_STR03434,Y_U0085,Y0015,2026-02-22 16:16:44.512213,277
Y_STR03435,Y_U0044,Y0033,2026-03-02 01:46:03.959196,133
Y_STR03436,Y_U0058,Y0013,2026-02-28 19:18:34.349249,168
Y_STR03437,Y_U0089,Y0033,2026-02-24 18:26:34.494768,138
Y_STR03438,Y_U0032,Y0049,2026-03-06 03:21:39.547271,139
Y_STR03439,Y_U0018,Y0043,2026-02-12 09:10:41.684720,172
Y_STR03440,Y_U0057,Y0019,2026-02-28 02:26:32.040726,97
Y_STR03441,Y_U0071,Y0046,2026-02-16 01:24:06.553583,35
Y_STR03442,Y_U0026,Y0039,2026-02-24 08:01:49.788970,284
Y_STR03443,Y_U0016,Y0046,2026-02-28 08:13:53.744478,111
Y_STR03444,Y_U0052,Y0046,2026-02-28 23:04:31.631604,140
Y_STR03445,Y_U0067,Y0046,2026-02-06 01:55:52.251046,114
Y_STR03446,Y_U0005,Y0046,2026-02-10 12:42:03.005154,163
Y_STR03447,Y_U0031,Y0032,2026-02-22 08:02:30.250829,7
Y_STR03448,Y_U0046,Y0016,2026-02-16 22:01:40.976331,128
Y_STR03449,Y_U0030,Y0012,2026-03-06 04:53:42.506671,283
Y_STR03450,Y_U0082,Y0044,2026-02-25 20:36:51.614701,38
Y_STR03451,Y_U0030,Y0024,2026-03-02 15:30:35.285705,213
Y_STR03452,Y_U0100,Y0034,2026-03-01 07:15:22.331826,125
Y_STR03453,Y_U0040,Y0041,2026-02-25 14:19:53.652666,75
Y_STR03454,Y_U0079,Y0050,2026-02-20 04:35:10.444364,149
Y_STR03455,Y_U0004,Y0031,2026-02-07 03:52:36.758882,76
Y_STR03456,Y_U0081,Y0033,2026-02-13 11:12:23.287679,25
Y_STR03457,Y_U0017,Y0018,2026-02-06 16:19:29.693466,120
Y_STR03458,Y_U0090,Y0047,2026-02-27 19:39:48.124964,10
Y_STR03459,Y_U0064,Y0032,2026-02-06 21:58:03.423550,132
Y_STR03460,Y_U0009,Y0031,2026-02-13 11:43:35.935709,146
Y_STR03461,Y_U0033,Y0050,2026-02-13 02:02:25.388495,284
Y_STR03462,Y_U0025,Y0026,2026-02-15 20:11:19.928109,54
Y_STR03463,Y_U0052,Y0043,2026-02-08 11:52:18.245870,160
Y_STR03464,Y_U0046,Y0027,2026-02-17 20:19:27.927288,115
Y_STR03465,Y_U0047,Y0019,2026-02-21 20:12:47.760668,135
Y_STR03466,Y_U0083,Y0035,2026-02-16 00:39:55.902729,232
Y_STR03467,Y_U0021,Y0026,2026-02-07 02:19:03.794126,23
Y_STR03468,Y_U0096,Y0011,2026-02-06 19:54:30.804549,80
Y_STR03469,Y_U0082,Y0040,2026-02-27 08:52:03.737174,282
Y_STR03470,Y_U0045,Y0042,2026-03-06 04:14:23.650205,56
Y_STR03471,Y_U0061,Y0040,2026-02-24 20:43:58.500872,170
Y_STR03472,Y_U0046,Y0044,2026-02-21 09:44:24.590178,16
Y_STR03473,Y_U0056,Y0035,2026-02-11 15:57:19.256803,61
Y_STR03474,Y_U0068,Y0027,2026-02-07 22:20:03.412749,69
Y_STR03475,Y_U0078,Y0050,2026-02-11 14:36:20.127316,166
Y_STR03476,Y_U0059,Y0032,2026-02-10 09:15:43.003090,27
Y_STR03477,Y_U0023,Y0025,2026-02-22 22:04:40.213947,118
Y_STR03478,Y_U0098,Y0040,2026-02-11 19:24:36.481040,264
Y_STR03479,Y_U0090,Y0032,2026-02-20 04:49:19.711441,60
Y_STR03480,Y_U0066,Y0046,2026-02-23 07:22:03.850413,207
Y_STR03481,Y_U0043,Y0037,2026-02-19 13:52:37.729414,215
Y_STR03482,Y_U0047,Y0035,2026-03-02 23:44:52.870592,86
Y_STR03483,Y_U0085,Y0027,2026-02-12 07:42:52.925923,111
Y_STR03484,Y_U0023,Y0046,2026-02-08 09:47:37.050524,254
Y_STR03485,Y_U0091,Y0012,2026-02-08 01:24:31.419469,123
Y_STR03486,Y_U0025,Y0033,2026-03-05 23:16:32.751240,199
Y_STR03487,Y_U0085,Y0020,2026-03-05 13:42:14.385545,57
Y_STR03488,Y_U0021,Y0007,2026-02-14 10:22:34.560155,90
Y_STR03489,Y_U0037,Y0048,2026-02-19 12:16:34.183516,169
Y_STR03490,Y_U0026,Y0037,2026-02-26 17:38:46.325752,123
Y_STR03491,Y_U0040,Y0043,2026-02-23 11:54:55.412098,63
Y_STR03492,Y_U0035,Y0040,2026-03-03 06:25:43.392291,220
Y_STR03493,Y_U0023,Y0037,2026-02-24 17:53:29.005785,224
Y_STR03494,Y_U0080,Y0021,2026-03-02 00:31:55.020670,95
Y_STR03495,Y_U0078,Y0034,2026-02-24 06:54:11.795726,48
Y_STR03496,Y_U0022,Y0036,2026-02-06 02:35:17.722411,35
Y_STR03497,Y_U0022,Y0033,2026-02-23 21:32:16.559035,45
Y_STR03498,Y_U0083,Y0021,2026-02-18 20:23:10.914268,52
Y_STR03499,Y_U0070,Y0041,2026-02-06 02:37:39.547763,162
Y_STR03500,Y_U0052,Y0023,2026-03-04 23:32:56.159406,9
Y_STR03501,Y_U0090,Y0039,2026-02-20 22:59:18.694179,236
Y_STR03502,Y_U0098,Y0026,2026-02-18 02:27:18.454011,117
Y_STR03503,Y_U0002,Y0031,2026-02-11 09:41:46.421085,118
Y_STR03504,Y_U0029,Y0047,2026-03-02 08:05:47.091883,184
Y_STR03505,Y_U0048,Y0041,2026-02-06 00:38:29.976970,63
Y_STR03506,Y_U0013,Y0036,2026-02-09 05:28:39.464675,33
Y_STR03507,Y_U0007,Y0035,2026-02-11 06:51:26.032316,100
Y_STR03508,Y_U0009,Y0036,2026-02-13 11:03:39.521693,113
Y_STR03509,Y_U0098,Y0040,2026-02-07 07:10:46.946994,89
Y_STR03510,Y_U0029,Y0039,2026-02-27 01:16:35.667140,305
Y_STR03511,Y_U0056,Y0032,2026-02-27 01:11:50.715489,157
Y_STR03512,Y_U0004,Y0026,2026-02-13 05:59:29.394084,24
Y_STR03513,Y_U0027,Y0049,2026-03-01 03:31:01.130087,53
Y_STR03514,Y_U0002,Y0013,2026-02-22 05:09:07.495099,47
Y_STR03515,Y_U0028,Y0033,2026-02-13 07:58:54.137391,6
Y_STR03516,Y_U0034,Y0038,2026-03-03 00:30:23.584030,88
Y_STR03517,Y_U0014,Y0040,2026-03-02 01:57:19.834017,215
Y_STR03518,Y_U0083,Y0032,2026-02-18 21:50:51.984917,110
Y_STR03519,Y_U0082,Y0036,2026-02-27 10:48:55.001528,27
Y_STR03520,Y_U0009,Y0034,2026-02-17 18:13:49.931735,186
Y_STR03521,Y_U0026,Y0032,2026-02-10 11:40:43.311136,104
Y_STR03522,Y_U0098,Y0049,2026-02-26 04:35:19.221563,145
Y_STR03523,Y_U0089,Y0016,2026-02-18 21:21:56.636992,79
Y_STR03524,Y_U0092,Y0031,2026-02-19 08:10:00.824802,51
Y_STR03525,Y_U0069,Y0036,2026-02-14 01:43:27.084396,21
Y_STR03526,Y_U0078,Y0023,2026-02-12 11:23:50.959119,80
Y_STR03527,Y_U0001,Y0026,2026-02-10 18:06:00.366643,123
Y_STR03528,Y_U0063,Y0026,2026-03-03 11:17:08.470473,66
Y_STR03529,Y_U0067,Y0025,2026-02-22 17:56:07.245899,148
Y_STR03530,Y_U0030,Y0037,2026-02-11 21:58:39.699918,185
Y_STR03531,Y_U0073,Y0029,2026-02-05 17:42:38.476666,61
Y_STR03532,Y_U0086,Y0024,2026-03-06 09:08:50.585653,35
Y_STR03533,Y_U0007,Y0015,2026-02-05 13:17:21.585867,77
Y_STR03534,Y_U0094,Y0033,2026-02-06 17:00:24.720024,110
Y_STR03535,Y_U0036,Y0030,2026-02-28 17:44:59.023371,157
Y_STR03536,Y_U0084,Y0029,2026-02-10 04:12:21.705673,21
Y_STR03537,Y_U0031,Y0050,2026-02-28 22:53:41.434927,92
Y_STR03538,Y_U0028,Y0042,2026-02-05 09:53:47.392367,54
Y_STR03539,Y_U0087,Y0046,2026-02-18 09:43:42.172577,37
Y_STR03540,Y_U0077,Y0048,2026-02-07 00:49:19.646349,27
Y_STR03541,Y_U0040,Y0021,2026-02-19 02:12:22.676628,187
Y_STR03542,Y_U0019,Y0040,2026-03-05 18:26:37.307427,192
Y_STR03543,Y_U0013,Y0008,2026-02-17 07:45:43.689729,192
Y_STR03544,Y_U0089,Y0048,2026-02-07 01:44:34.600092,47
Y_STR03545,Y_U0013,Y0039,2026-02-23 07:18:20.048460,192
Y_STR03546,Y_U0096,Y0019,2026-02-23 07:42:37.410041,130
Y_STR03547,Y_U0057,Y0030,2026-03-01 20:05:36.452073,146
Y_STR03548,Y_U0015,Y0031,2026-02-06 00:36:40.961308,157
Y_STR03549,Y_U0078,Y0045,2026-02-26 06:44:38.433009,157
Y_STR03550,Y_U0035,Y0004,2026-02-11 08:23:41.789402,25
Y_STR03551,Y_U0023,Y0040,2026-02-28 10:57:09.785014,340
Y_STR03552,Y_U0081,Y0024,2026-02-08 23:00:37.450193,104
Y_STR03553,Y_U0029,Y0049,2026-02-19 07:07:52.912055,187
Y_STR03554,Y_U0079,Y0034,2026-02-19 04:41:06.731710,132
Y_STR03555,Y_U0004,Y0046,2026-02-19 03:03:27.277740,20
Y_STR03556,Y_U0099,Y0038,2026-02-05 05:22:34.450913,67
Y_STR03557,Y_U0086,Y0037,2026-02-13 23:52:32.534898,307
Y_STR03558,Y_U0018,Y0042,2026-02-13 14:21:23.409292,45
Y_STR03559,Y_U0091,Y0034,2026-02-26 21:32:46.478177,95
Y_STR03560,Y_U0025,Y0035,2026-03-04 11:23:28.316277,72
Y_STR03561,Y_U0089,Y0029,2026-03-05 17:02:09.050860,88
Y_STR03562,Y_U0051,Y0022,2026-02-16 23:21:27.481686,94
Y_STR03563,Y_U0029,Y0045,2026-02-04 20:27:10.590585,209
Y_STR03564,Y_U0097,Y0040,2026-02-09 17:57:48.745025,138
Y_STR03565,Y_U0015,Y0035,2026-02-17 18:44:05.501504,102
Y_STR03566,Y_U0025,Y0048,2026-03-05 20:50:55.144799,165
Y_STR03567,Y_U0082,Y0026,2026-02-27 14:49:20.046700,52
Y_STR03568,Y_U0026,Y0002,2026-02-05 14:06:03.815719,40
Y_STR03569,Y_U0014,Y0046,2026-03-02 11:56:42.979466,197
Y_STR03570,Y_U0090,Y0031,2026-02-28 19:44:02.187916,120
Y_STR03571,Y_U0082,Y0042,2026-02-15 22:50:26.535743,219
Y_STR03572,Y_U0020,Y0039,2026-02-19 14:48:32.513796,77
Y_STR03573,Y_U0054,Y0050,2026-03-02 19:59:52.067836,27
Y_STR03574,Y_U0039,Y0005,2026-02-07 00:27:46.175703,209
Y_STR03575,Y_U0068,Y0035,2026-02-12 16:01:17.454135,334
Y_STR03576,Y_U0059,Y0045,2026-03-06 02:37:37.621392,47
Y_STR03577,Y_U0091,Y0046,2026-02-07 06:46:53.948577,96
Y_STR03578,Y_U0042,Y0024,2026-03-02 18:18:34.926489,299
Y_STR03579,Y_U0033,Y0041,2026-02-08 05:02:26.935316,28
Y_STR03580,Y_U0030,Y0036,2026-02-13 15:04:37.417576,173
Y_STR03581,Y_U0027,Y0034,2026-02-08 05:07:09.032651,160
Y_STR03582,Y_U0027,Y0049,2026-02-06 06:06:17.028989,48
Y_STR03583,Y_U0074,Y0042,2026-02-15 01:31:35.588354,166
Y_STR03584,Y_U0053,Y0041,2026-02-20 10:51:37.451339,159
Y_STR03585,Y_U0083,Y0048,2026-02-05 05:52:18.701878,159
Y_STR03586,Y_U0024,Y0036,2026-02-21 05:35:15.555506,224
Y_STR03587,Y_U0016,Y0046,2026-02-14 19:59:17.128509,168
Y_STR03588,Y_U0053,Y0030,2026-02-21 15:35:16.053157,89
Y_STR03589,Y_U0001,Y0026,2026-02-18 00:51:49.764418,65
Y_STR03590,Y_U0022,Y0014,2026-02-16 20:37:46.183503,288
Y_STR03591,Y_U0019,Y0039,2026-02-04 14:30:59.555314,164
Y_STR03592,Y_U0048,Y0050,2026-03-01 22:22:01.578424,204
Y_STR03593,Y_U0042,Y0025,2026-02-12 01:16:19.379732,157
Y_STR03594,Y_U0052,Y0031,2026-02-06 10:25:45.549811,47
Y_STR03595,Y_U0083,Y0050,2026-02-13 09:05:27.954409,104
Y_STR03596,Y_U0087,Y0031,2026-02-20 00:31:04.317041,74
Y_STR03597,Y_U0028,Y0024,2026-03-04 04:18:53.195574,251
Y_STR03598,Y_U0026,Y0029,2026-02-14 19:42:37.091726,60
Y_STR03599,Y_U0089,Y0037,2026-03-06 03:50:25.067427,236
Y_STR03600,Y_U0045,Y0047,2026-02-16 18:09:22.353224,49
Y_STR03601,Y_U0022,Y0047,2026-02-25 18:03:19.743326,231
Y_STR03602,Y_U0047,Y0027,2026-03-03 07:08:07.571887,123
Y_STR03603,Y_U0022,Y0047,2026-02-18 02:12:25.693517,194
Y_STR03604,Y_U0042,Y0036,2026-02-19 04:57:58.781817,201
Y_STR03605,Y_U0061,Y0044,2026-02-23 02:00:15.681808,192
Y_STR03606,Y_U0064,Y0033,2026-02-18 14:22:11.662314,71
Y_STR03607,Y_U0097,Y0049,2026-02-17 14:54:40.599443,105
Y_STR03608,Y_U0025,Y0048,2026-03-03 11:25:10.828145,94
Y_STR03609,Y_U0098,Y0048,2026-02-13 10:03:33.379258,63
Y_STR03610,Y_U0050,Y0047,2026-02-24 02:26:46.279209,60
Y_STR03611,Y_U0033,Y0041,2026-02-19 09:35:48.768577,129
Y_STR03612,Y_U0064,Y0048,2026-03-01 03:58:38.378812,57
Y_STR03613,Y_U0034,Y0010,2026-02-08 14:51:57.042623,19
Y_STR03614,Y_U0048,Y0013,2026-02-20 01:54:39.069358,176
Y_STR03615,Y_U0043,Y0047,2026-03-01 16:34:16.756383,37
Y_STR03616,Y_U0094,Y0035,2026-03-05 01:43:48.801909,212
Y_STR03617,Y_U0039,Y0031,2026-02-08 11:22:55.590131,30
Y_STR03618,Y_U0089,Y0050,2026-02-06 22:51:41.049167,111
Y_STR03619,Y_U0062,Y0047,2026-02-11 17:33:27.474938,76
Y_STR03620,Y_U0027,Y0039,2026-02-28 14:55:31.488119,166
Y_STR03621,Y_U0097,Y0046,2026-02-24 22:10:31.486070,247
Y_STR03622,Y_U0059,Y0047,2026-02-09 01:14:33.754361,171
Y_STR03623,Y_U0080,Y0042,2026-03-06 02:50:56.131030,154
Y_STR03624,Y_U0036,Y0016,2026-02-18 20:31:48.117655,41
Y_STR03625,Y_U0001,Y0020,2026-02-19 17:18:30.294573,123
Y_STR03626,Y_U0053,Y0048,2026-02-13 02:53:15.731593,16
Y_STR03627,Y_U0056,Y0006,2026-02-18 18:52:55.386095,78
Y_STR03628,Y_U0047,Y0015,2026-03-05 03:16:11.520092,130
Y_STR03629,Y_U0009,Y0048,2026-02-06 16:50:55.579531,98
Y_STR03630,Y_U0080,Y0031,2026-03-02 14:18:15.871465,52
Y_STR03631,Y_U0095,Y0036,2026-02-26 19:07:15.540287,43
Y_STR03632,Y_U0043,Y0025,2026-02-14 21:56:37.199047,85
Y_STR03633,Y_U0053,Y0037,2026-02-05 21:23:43.668012,62
Y_STR03634,Y_U0030,Y0013,2026-02-12 19:00:19.892372,11
Y_STR03635,Y_U0086,Y0036,2026-02-07 17:27:03.073280,10
Y_STR03636,Y_U0056,Y0040,2026-03-03 23:20:11.685860,276
Y_STR03637,Y_U0007,Y0027,2026-02-18 08:54:02.469692,58
Y_STR03638,Y_U0036,Y0023,2026-02-12 21:58:23.536700,89
Y_STR03639,Y_U0078,Y0046,2026-02-25 16:31:00.259767,154
Y_STR03640,Y_U0052,Y0038,2026-02-19 14:47:27.512902,70
Y_STR03641,Y_U0001,Y0029,2026-02-07 15:06:28.287508,18
Y_STR03642,Y_U0035,Y0048,2026-03-03 16:07:24.111894,72
Y_STR03643,Y_U0044,Y0024,2026-02-23 05:20:50.312248,9
Y_STR03644,Y_U0088,Y0045,2026-02-28 02:51:59.442142,99
Y_STR03645,Y_U0003,Y0032,2026-02-05 19:13:13.060229,102
Y_STR03646,Y_U0069,Y0033,2026-02-06 10:31:49.064573,252
Y_STR03647,Y_U0069,Y0050,2026-03-03 00:42:20.446054,187
Y_STR03648,Y_U0063,Y0039,2026-02-14 19:06:51.640849,63
Y_STR03649,Y_U0097,Y0016,2026-02-05 11:58:51.325681,79
Y_STR03650,Y_U0056,Y0049,2026-02-27 05:56:23.305472,25
Y_STR03651,Y_U0087,Y0038,2026-02-12 22:25:24.647835,30
Y_STR03652,Y_U0046,Y0050,2026-03-05 16:39:35.956012,335
Y_STR03653,Y_U0060,Y0028,2026-02-20 09:52:57.678460,215
Y_STR03654,Y_U0044,Y0047,2026-02-08 10:38:38.371331,30
Y_STR03655,Y_U0060,Y0019,2026-02-20 00:00:42.721057,77
Y_STR03656,Y_U0077,Y0013,2026-03-01 08:36:40.666356,12
Y_STR03657,Y_U0036,Y0022,2026-03-03 14:29:39.613080,74
Y_STR03658,Y_U0050,Y0049,2026-02-06 06:27:58.721978,129
Y_STR03659,Y_U0093,Y0038,2026-02-14 04:29:35.417682,70
Y_STR03660,Y_U0074,Y0049,2026-02-07 01:33:54.147660,241
Y_STR03661,Y_U0084,Y0028,2026-03-03 08:38:34.139904,119
Y_STR03662,Y_U0048,Y0028,2026-03-05 18:12:32.131687,120
Y_STR03663,Y_U0016,Y0043,2026-02-08 19:15:03.048813,46
Y_STR03664,Y_U0099,Y0042,2026-02-07 09:47:50.218199,289
Y_STR03665,Y_U0010,Y0014,2026-02-23 02:38:23.432173,141
Y_STR03666,Y_U0049,Y0037,2026-02-11 07:41:33.378580,182
Y_STR03667,Y_U0019,Y0022,2026-02-14 20:23:16.391330,160
Y_STR03668,Y_U0005,Y0048,2026-02-21 16:06:42.175435,107
Y_STR03669,Y_U0047,Y0041,2026-02-21 19:38:33.288036,160
Y_STR03670,Y_U0073,Y0044,2026-02-15 14:11:54.966529,274
Y_STR03671,Y_U0076,Y0022,2026-02-17 02:51:35.504366,141
Y_STR03672,Y_U0070,Y0018,2026-02-10 01:04:21.493788,33
Y_STR03673,Y_U0044,Y0040,2026-02-21 07:16:13.534715,306
Y_STR03674,Y_U0016,Y0007,2026-03-05 02:05:09.198805,220
Y_STR03675,Y_U0010,Y0046,2026-02-25 09:14:11.601969,28
Y_STR03676,Y_U0056,Y0034,2026-03-05 03:54:02.774891,126
Y_STR03677,Y_U0034,Y0029,2026-02-17 11:14:20.882852,9
Y_STR03678,Y_U0030,Y0048,2026-02-24 22:16:35.563336,20
Y_STR03679,Y_U0052,Y0016,2026-02-08 00:28:04.542873,79
Y_STR03680,Y_U0049,Y0045,2026-02-16 07:33:05.284333,161
Y_STR03681,Y_U0047,Y0032,2026-02-09 15:35:33.625650,119
Y_STR03682,Y_U0042,Y0017,2026-03-01 10:50:29.252139,82
Y_STR03683,Y_U0048,Y0040,2026-02-08 01:30:31.058406,203
Y_STR03684,Y_U0077,Y0041,2026-02-13 22:57:22.622367,119
Y_STR03685,Y_U0062,Y0045,2026-03-06 07:40:33.218906,184
Y_STR03686,Y_U0071,Y0031,2026-02-08 21:03:03.661826,46
Y_STR03687,Y_U0045,Y0024,2026-02-23 16:41:49.825550,149
Y_STR03688,Y_U0068,Y0028,2026-03-01 08:45:01.282552,210
Y_STR03689,Y_U0062,Y0028,2026-02-19 21:07:55.522140,126
Y_STR03690,Y_U0082,Y0049,2026-02-11 06:31:42.487131,202
Y_STR03691,Y_U0066,Y0034,2026-02-27 15:29:11.869904,145
Y_STR03692,Y_U0013,Y0016,2026-02-16 23:48:14.055104,98
Y_STR03693,Y_U0032,Y0046,2026-02-17 09:28:30.115431,129
Y_STR03694,Y_U0027,Y0021,2026-02-27 04:42:53.579417,128
Y_STR03695,Y_U0042,Y0042,2026-02-24 02:33:24.676313,343
Y_STR03696,Y_U0030,Y0009,2026-02-08 12:12:57.409233,113
Y_STR03697,Y_U0008,Y0022,2026-02-04 22:35:11.857448,163
Y_STR03698,Y_U0011,Y0033,2026-02-23 23:15:16.415847,244
Y_STR03699,Y_U0085,Y0029,2026-02-15 00:16:41.871666,173
Y_STR03700,Y_U0021,Y0039,2026-02-28 12:32:41.644498,279
Y_STR03701,Y_U0027,Y0042,2026-02-26 19:04:36.139535,294
Y_STR03702,Y_U0037,Y0021,2026-02-13 16:48:43.881699,139
Y_STR03703,Y_U0072,Y0035,2026-02-08 03:50:02.264661,188
Y_STR03704,Y_U0081,Y0015,2026-03-05 12:36:08.213264,225
Y_STR03705,Y_U0063,Y0014,2026-02-16 06:20:35.923352,72
Y_STR03706,Y_U0029,Y0037,2026-02-05 10:06:47.466079,334
Y_STR03707,Y_U0046,Y0043,2026-02-15 02:11:30.466330,149
Y_STR03708,Y_U0093,Y0033,2026-02-08 05:51:00.810702,216
Y_STR03709,Y_U0032,Y0050,2026-03-05 12:32:30.443937,32
Y_STR03710,Y_U0015,Y0015,2026-03-03 03:19:20.467579,27
Y_STR03711,Y_U0044,Y0036,2026-02-17 18:59:47.129484,167
Y_STR03712,Y_U0100,Y0037,2026-03-03 19:58:44.183252,115
Y_STR03713,Y_U0040,Y0024,2026-03-02 10:55:41.658598,82
Y_STR03714,Y_U0054,Y0039,2026-02-17 09:20:12.111423,48
Y_STR03715,Y_U0090,Y0049,2026-02-07 08:36:54.268944,74
Y_STR03716,Y_U0091,Y0008,2026-03-02 18:16:17.093395,161
Y_STR03717,Y_U0071,Y0015,2026-02-22 03:59:50.931928,231
Y_STR03718,Y_U0064,Y0005,2026-02-21 08:19:29.713547,34
Y_STR03719,Y_U0039,Y0021,2026-02-22 15:28:15.230534,107
Y_STR03720,Y_U0037,Y0021,2026-02-26 19:15:50.850588,149
Y_STR03721,Y_U0039,Y0029,2026-02-17 02:09:16.267442,74
Y_STR03722,Y_U0033,Y0023,2026-02-22 09:48:29.260730,53
Y_STR03723,Y_U0034,Y0020,2026-02-26 23:55:35.739318,184
Y_STR03724,Y_U0081,Y0011,2026-02-20 13:35:05.278482,24
Y_STR03725,Y_U0076,Y0007,2026-03-04 02:34:52.389739,300
Y_STR03726,Y_U0082,Y0042,2026-02-27 11:32:47.892941,55
Y_STR03727,Y_U0020,Y0028,2026-02-26 03:15:20.711488,163
Y_STR03728,Y_U0100,Y0035,2026-02-10 21:09:42.877918,313
Y_STR03729,Y_U0040,Y0044,2026-03-03 10:46:11.306417,134
Y_STR03730,Y_U0007,Y0004,2026-02-08 03:09:32.479998,33
Y_STR03731,Y_U0097,Y0042,2026-03-01 17:07:03.909041,340
Y_STR03732,Y_U0014,Y0041,2026-02-20 10:31:27.286021,84
Y_STR03733,Y_U0037,Y0039,2026-02-19 20:37:13.516433,247
Y_STR03734,Y_U0079,Y0048,2026-02-14 22:24:24.752126,66
Y_STR03735,Y_U0001,Y0041,2026-02-23 18:12:17.310543,114
Y_STR03736,Y_U0028,Y0047,2026-02-06 05:47:42.810223,216
Y_STR03737,Y_U0023,Y0016,2026-02-11 12:30:59.814018,49
Y_STR03738,Y_U0026,Y0036,2026-02-21 05:43:32.355835,186
Y_STR03739,Y_U0042,Y0045,2026-02-26 03:04:02.854581,198
Y_STR03740,Y_U0067,Y0050,2026-02-06 02:50:07.911716,152
Y_STR03741,Y_U0001,Y0039,2026-02-20 22:43:00.319083,213
Y_STR03742,Y_U0060,Y0045,2026-02-17 06:42:39.558720,219
Y_STR03743,Y_U0017,Y0046,2026-02-14 19:36:51.308866,120
Y_STR03744,Y_U0025,Y0027,2026-03-02 05:39:04.821814,86
Y_STR03745,Y_U0091,Y0015,2026-02-18 09:03:37.424190,269
Y_STR03746,Y_U0045,Y0032,2026-02-27 06:51:24.528258,179
Y_STR03747,Y_U0001,Y0034,2026-02-14 05:06:44.526081,147
Y_STR03748,Y_U0088,Y0045,2026-02-14 01:04:35.799325,33
Y_STR03749,Y_U0052,Y0019,2026-02-15 15:02:13.424464,105
Y_STR03750,Y_U0011,Y0050,2026-02-08 06:18:53.121344,14
Y_STR03751,Y_U0022,Y0050,2026-02-26 17:33:37.178315,159
Y_STR03752,Y_U0071,Y0028,2026-02-18 06:42:29.912055,190
Y_STR03753,Y_U0052,Y0049,2026-02-24 18:04:00.603447,189
Y_STR03754,Y_U0034,Y0041,2026-02-13 19:01:38.374497,93
Y_STR03755,Y_U0020,Y0049,2026-02-22 10:09:29.182204,247
Y_STR03756,Y_U0067,Y0033,2026-03-04 10:33:29.160597,77
Y_STR03757,Y_U0095,Y0045,2026-02-06 14:54:02.888634,198
Y_STR03758,Y_U0069,Y0033,2026-02-06 00:58:58.360040,279
Y_STR03759,Y_U0081,Y0036,2026-02-25 11:35:10.766315,69
Y_STR03760,Y_U0047,Y0036,2026-02-13 21:34:36.966066,199
Y_STR03761,Y_U0012,Y0032,2026-02-13 00:04:23.039435,63
Y_STR03762,Y_U0077,Y0015,2026-02-05 01:54:12.179309,231
Y_STR03763,Y_U0071,Y0047,2026-02-25 15:42:33.831570,144
Y_STR03764,Y_U0086,Y0045,2026-02-28 16:38:30.422009,185
Y_STR03765,Y_U0073,Y0048,2026-02-13 04:22:28.360839,58
Y_STR03766,Y_U0056,Y0018,2026-02-21 02:03:06.724658,34
Y_STR03767,Y_U0070,Y0039,2026-03-02 14:47:14.992456,110
Y_STR03768,Y_U0020,Y0044,2026-02-20 19:01:25.888835,34
Y_STR03769,Y_U0084,Y0035,2026-02-11 18:13:29.742069,100
Y_STR03770,Y_U0016,Y0029,2026-02-24 03:23:10.650161,13
Y_STR03771,Y_U0081,Y0026,2026-02-16 05:36:16.483591,40
Y_STR03772,Y_U0004,Y0044,2026-02-27 16:36:54.286640,13
Y_STR03773,Y_U0065,Y0040,2026-02-20 12:56:15.474838,137
Y_STR03774,Y_U0100,Y0010,2026-02-09 13:40:11.038965,122
Y_STR03775,Y_U0014,Y0046,2026-02-10 00:08:54.476150,176
Y_STR03776,Y_U0036,Y0049,2026-02-11 22:53:13.716512,168
Y_STR03777,Y_U0062,Y0019,2026-02-24 15:24:27.198796,11
Y_STR03778,Y_U0019,Y0041,2026-02-12 20:17:35.133440,93
Y_STR03779,Y_U0028,Y0046,2026-02-27 07:51:51.317003,235
Y_STR03780,Y_U0075,Y0023,2026-02-07 15:41:15.739146,72
Y_STR03781,Y_U0042,Y0044,2026-02-07 02:29:21.125119,56
Y_STR03782,Y_U0001,Y0015,2026-02-23 04:18:20.198789,338
Y_STR03783,Y_U0011,Y0046,2026-02-07 02:17:44.681975,112
Y_STR03784,Y_U0098,Y0018,2026-02-15 21:38:17.360987,32
Y_STR03785,Y_U0096,Y0022,2026-02-28 17:50:40.961888,42
Y_STR03786,Y_U0080,Y0043,2026-02-19 04:27:35.668453,44
Y_STR03787,Y_U0059,Y0020,2026-02-10 08:46:20.947471,46
Y_STR03788,Y_U0012,Y0044,2026-02-24 19:40:05.179392,277
Y_STR03789,Y_U0012,Y0047,2026-02-24 05:44:37.451602,16
Y_STR03790,Y_U0084,Y0023,2026-02-22 18:51:31.183385,113
Y_STR03791,Y_U0087,Y0036,2026-02-26 08:43:04.767966,151
Y_STR03792,Y_U0051,Y0050,2026-02-27 19:40:26.305115,322
Y_STR03793,Y_U0065,Y0036,2026-02-27 00:28:56.791139,184
Y_STR03794,Y_U0036,Y0048,2026-02-07 01:19:33.120352,230
Y_STR03795,Y_U0026,Y0044,2026-03-01 20:50:19.565148,163
Y_STR03796,Y_U0005,Y0041,2026-03-01 14:30:30.429843,151
Y_STR03797,Y_U0090,Y0015,2026-02-11 23:20:48.621216,186
Y_STR03798,Y_U0098,Y0033,2026-02-26 17:32:28.470272,220
Y_STR03799,Y_U0053,Y0040,2026-02-06 14:55:26.638529,171
Y_STR03800,Y_U0091,Y0046,2026-02-20 11:56:16.134888,130
Y_STR03801,Y_U0085,Y0045,2026-02-20 08:04:45.422159,112
Y_STR03802,Y_U0025,Y0015,2026-02-24 13:38:08.643433,76
Y_STR03803,Y_U0036,Y0040,2026-02-26 17:04:12.377726,281
Y_STR03804,Y_U0016,Y0019,2026-02-11 00:40:48.164484,160
Y_STR03805,Y_U0028,Y0042,2026-02-11 04:06:19.473290,313
Y_STR03806,Y_U0002,Y0031,2026-02-06 09:40:36.479405,19
Y_STR03807,Y_U0027,Y0035,2026-03-05 07:30:50.470136,318
Y_STR03808,Y_U0012,Y0023,2026-03-03 15:39:14.581047,123
Y_STR03809,Y_U0098,Y0048,2026-02-22 00:59:17.324957,179
Y_STR03810,Y_U0031,Y0023,2026-02-07 18:22:22.403194,120
Y_STR03811,Y_U0039,Y0046,2026-02-08 21:56:22.182580,15
Y_STR03812,Y_U0051,Y0025,2026-03-01 09:49:35.699724,11
Y_STR03813,Y_U0022,Y0049,2026-02-07 18:40:27.332184,76
Y_STR03814,Y_U0042,Y0035,2026-02-22 21:06:34.297562,316
Y_STR03815,Y_U0043,Y0048,2026-02-23 13:16:33.635531,20
Y_STR03816,Y_U0003,Y0010,2026-02-17 12:10:19.638153,126
Y_STR03817,Y_U0013,Y0020,2026-02-09 05:58:49.435515,205
Y_STR03818,Y_U0070,Y0037,2026-03-05 09:32:26.458184,340
Y_STR03819,Y_U0012,Y0007,2026-02-21 11:46:30.143498,20
Y_STR03820,Y_U0020,Y0033,2026-02-07 00:22:44.722492,131
Y_STR03821,Y_U0019,Y0032,2026-02-07 17:44:54.310607,217
Y_STR03822,Y_U0030,Y0030,2026-02-18 22:40:47.948861,183
Y_STR03823,Y_U0049,Y0012,2026-02-23 05:32:28.281066,259
Y_STR03824,Y_U0033,Y0015,2026-03-01 18:17:56.063023,243
Y_STR03825,Y_U0015,Y0035,2026-02-17 07:51:55.466733,214
Y_STR03826,Y_U0100,Y0043,2026-03-06 07:35:30.523479,53
Y_STR03827,Y_U0089,Y0037,2026-02-19 05:51:33.686984,304
Y_STR03828,Y_U0027,Y0050,2026-02-17 07:16:15.683166,68
Y_STR03829,Y_U0063,Y0045,2026-02-23 17:46:07.027551,106
Y_STR03830,Y_U0079,Y0030,2026-02-20 00:54:35.009327,137
Y_STR03831,Y_U0073,Y0025,2026-02-22 16:05:03.780661,76
Y_STR03832,Y_U0086,Y0034,2026-03-03 08:18:42.848839,28
Y_STR03833,Y_U0045,Y0043,2026-02-12 18:42:28.843635,40
Y_STR03834,Y_U0073,Y0005,2026-02-09 03:37:31.122776,15
Y_STR03835,Y_U0015,Y0027,2026-02-27 19:27:27.135140,86
Y_STR03836,Y_U0081,Y0050,2026-02-15 12:20:26.612054,95
Y_STR03837,Y_U0016,Y0031,2026-02-25 13:57:08.644491,85
Y_STR03838,Y_U0024,Y0046,2026-03-02 04:48:24.316489,183
Y_STR03839,Y_U0086,Y0022,2026-02-04 12:27:22.444543,34
Y_STR03840,Y_U0035,Y0042,2026-02-11 10:17:37.581898,42
Y_STR03841,Y_U0007,Y0048,2026-03-05 03:35:37.824844,122
Y_STR03842,Y_U0065,Y0042,2026-02-26 11:46:33.449193,104
Y_STR03843,Y_U0092,Y0033,2026-02-05 13:04:18.534996,276
Y_STR03844,Y_U0013,Y0039,2026-02-09 02:31:02.190451,259
Y_STR03845,Y_U0011,Y0048,2026-02-20 15:07:40.204731,218
Y_STR03846,Y_U0061,Y0048,2026-02-20 01:48:52.604346,21
Y_STR03847,Y_U0049,Y0034,2026-02-07 05:36:22.291684,169
Y_STR03848,Y_U0021,Y0046,2026-02-22 00:44:45.868521,161
Y_STR03849,Y_U0046,Y0048,2026-02-15 01:23:04.457130,129
Y_STR03850,Y_U0015,Y0017,2026-02-21 09:56:25.862250,128
Y_STR03851,Y_U0088,Y0029,2026-03-03 20:17:40.260063,157
Y_STR03852,Y_U0013,Y0050,2026-02-22 06:12:31.951478,245
Y_STR03853,Y_U0017,Y0027,2026-02-08 16:08:25.131817,120
Y_STR03854,Y_U0028,Y0030,2026-02-07 08:34:26.869848,24
Y_STR03855,Y_U0006,Y0020,2026-02-16 05:50:55.923812,182
Y_STR03856,Y_U0007,Y0021,2026-03-04 21:37:48.631279,85
Y_STR03857,Y_U0010,Y0048,2026-02-27 05:49:36.739028,147
Y_STR03858,Y_U0067,Y0045,2026-03-01 23:29:15.475869,211
Y_STR03859,Y_U0079,Y0039,2026-02-28 08:54:27.372304,13
Y_STR03860,Y_U0078,Y0045,2026-02-20 05:08:18.578166,68
Y_STR03861,Y_U0099,Y0042,2026-02-12 03:40:14.509626,282
Y_STR03862,Y_U0032,Y0029,2026-02-16 09:46:14.326143,16
Y_STR03863,Y_U0005,Y0029,2026-02-21 02:56:49.608958,94
Y_STR03864,Y_U0022,Y0043,2026-02-10 03:07:22.806436,72
Y_STR03865,Y_U0053,Y0033,2026-02-18 13:03:16.764265,235
Y_STR03866,Y_U0043,Y0034,2026-02-24 07:31:05.900047,180
Y_STR03867,Y_U0096,Y0041,2026-02-20 22:09:59.838550,66
Y_STR03868,Y_U0017,Y0031,2026-02-04 16:24:37.792346,92
Y_STR03869,Y_U0098,Y0042,2026-02-10 05:07:11.508049,134
Y_STR03870,Y_U0053,Y0015,2026-02-17 13:45:03.983288,310
Y_STR03871,Y_U0093,Y0017,2026-02-16 21:53:38.944087,94
Y_STR03872,Y_U0043,Y0034,2026-03-03 15:39:06.281557,27
Y_STR03873,Y_U0090,Y0040,2026-02-27 08:54:50.169748,248
Y_STR03874,Y_U0022,Y0043,2026-02-24 20:45:38.439818,175
Y_STR03875,Y_U0091,Y0014,2026-03-04 07:46:32.771811,312
Y_STR03876,Y_U0079,Y0037,2026-03-02 18:58:40.441577,300
Y_STR03877,Y_U0015,Y0048,2026-02-15 00:33:05.416577,44
Y_STR03878,Y_U0057,Y0028,2026-02-22 11:47:31.805481,108
Y_STR03879,Y_U0029,Y0035,2026-02-26 11:25:35.064044,7
Y_STR03880,Y_U0047,Y0026,2026-03-04 07:47:28.429654,21
Y_STR03881,Y_U0065,Y0030,2026-02-18 14:14:58.009772,167
Y_STR03882,Y_U0096,Y0042,2026-02-09 11:48:59.405781,177
Y_STR03883,Y_U0085,Y0041,2026-02-06 07:43:29.095608,104
Y_STR03884,Y_U0072,Y0028,2026-02-05 12:42:52.359588,98
Y_STR03885,Y_U0043,Y0015,2026-03-06 01:25:09.863465,285
Y_STR03886,Y_U0023,Y0018,2026-02-26 23:17:19.452320,152
Y_STR03887,Y_U0018,Y0035,2026-02-26 08:38:45.874285,191
Y_STR03888,Y_U0044,Y0049,2026-02-21 22:50:42.656597,60
Y_STR03889,Y_U0040,Y0039,2026-02-22 16:08:30.618032,113
Y_STR03890,Y_U0030,Y0039,2026-02-22 21:38:07.875945,178
Y_STR03891,Y_U0062,Y0030,2026-02-26 04:15:11.124973,82
Y_STR03892,Y_U0048,Y0034,2026-02-27 08:53:41.308725,47
Y_STR03893,Y_U0056,Y0029,2026-02-24 19:52:38.857110,80
Y_STR03894,Y_U0090,Y0046,2026-02-04 17:38:00.008574,211
Y_STR03895,Y_U0034,Y0039,2026-02-17 11:50:05.770838,211
Y_STR03896,Y_U0012,Y0009,2026-02-08 15:16:29.776924,126
Y_STR03897,Y_U0064,Y0020,2026-02-17 21:13:32.423739,258
Y_STR03898,Y_U0087,Y0012,2026-02-25 03:53:00.982948,55
Y_STR03899,Y_U0008,Y0043,2026-02-07 04:25:06.788107,50
Y_STR03900,Y_U0019,Y0020,2026-03-02 00:12:12.828979,51
Y_STR03901,Y_U0029,Y0043,2026-02-13 00:29:23.884011,159
Y_STR03902,Y_U0017,Y0038,2026-02-23 23:13:54.309259,36
Y_STR03903,Y_U0049,Y0017,2026-02-08 16:14:55.576021,153
Y_STR03904,Y_U0089,Y0049,2026-03-06 01:39:18.649705,205
Y_STR03905,Y_U0018,Y0041,2026-02-25 13:54:28.777339,125
Y_STR03906,Y_U0072,Y0049,2026-02-16 14:16:18.364904,52
Y_STR03907,Y_U0003,Y0047,2026-02-04 13:56:58.871338,70
Y_STR03908,Y_U0013,Y0036,2026-02-15 17:51:13.855271,63
Y_STR03909,Y_U0092,Y0048,2026-02-28 23:35:25.109791,195
Y_STR03910,Y_U0049,Y0015,2026-02-27 11:56:50.247020,167
Y_STR03911,Y_U0033,Y0041,2026-02-08 15:13:19.912440,173
Y_STR03912,Y_U0098,Y0024,2026-03-05 04:42:16.122581,109
Y_STR03913,Y_U0051,Y0036,2026-02-18 14:52:13.606097,10
Y_STR03914,Y_U0060,Y0040,2026-02-17 10:30:19.090304,59
Y_STR03915,Y_U0036,Y0039,2026-02-15 02:57:56.232929,231
Y_STR03916,Y_U0088,Y0033,2026-02-06 19:16:30.597186,160
Y_STR03917,Y_U0007,Y0033,2026-02-13 05:44:03.554580,184
Y_STR03918,Y_U0078,Y0037,2026-03-02 14:39:23.919783,313
Y_STR03919,Y_U0065,Y0040,2026-02-21 05:55:50.719294,96
Y_STR03920,Y_U0046,Y0022,2026-02-16 15:04:50.412015,24
Y_STR03921,Y_U0040,Y0045,2026-02-28 16:26:09.010169,186
Y_STR03922,Y_U0083,Y0029,2026-02-24 11:45:09.420572,28
Y_STR03923,Y_U0002,Y0035,2026-02-26 07:32:59.107871,77
Y_STR03924,Y_U0069,Y0040,2026-02-26 10:54:10.391155,91
Y_STR03925,Y_U0097,Y0035,2026-02-13 17:55:38.079617,318
Y_STR03926,Y_U0027,Y0016,2026-02-24 22:13:24.091995,116
Y_STR03927,Y_U0090,Y0028,2026-02-08 13:50:36.512908,137
Y_STR03928,Y_U0076,Y0033,2026-02-25 20:37:37.806737,30
Y_STR03929,Y_U0066,Y0046,2026-02-15 09:41:20.588773,242
Y_STR03930,Y_U0079,Y0022,2026-03-06 05:55:00.962001,125
Y_STR03931,Y_U0009,Y0001,2026-02-18 06:21:00.729960,107
Y_STR03932,Y_U0017,Y0034,2026-02-25 18:08:10.917681,118
Y_STR03933,Y_U0068,Y0028,2026-02-26 20:02:14.124413,234
Y_STR03934,Y_U0052,Y0020,2026-03-02 06:01:57.143712,78
Y_STR03935,Y_U0089,Y0035,2026-02-22 10:47:57.132843,66
Y_STR03936,Y_U0053,Y0047,2026-02-04 18:59:32.962605,225
Y_STR03937,Y_U0006,Y0045,2026-02-12 21:02:41.941607,113
Y_STR03938,Y_U0097,Y0039,2026-02-28 06:39:31.950837,217
Y_STR03939,Y_U0085,Y0042,2026-02-21 02:35:14.151163,275
Y_STR03940,Y_U0073,Y0047,2026-02-06 16:32:35.609138,133
Y_STR03941,Y_U0054,Y0030,2026-03-05 20:35:16.791561,144
Y_STR03942,Y_U0078,Y0035,2026-02-10 11:51:33.321236,340
Y_STR03943,Y_U0023,Y0050,2026-02-11 00:26:40.699992,224
Y_STR03944,Y_U0005,Y0039,2026-03-04 11:55:15.518525,124
Y_STR03945,Y_U0100,Y0032,2026-02-28 23:55:48.942856,221
Y_STR03946,Y_U0088,Y0041,2026-02-05 09:07:59.745789,102
Y_STR03947,Y_U0051,Y0020,2026-03-02 21:35:30.630820,173
Y_STR03948,Y_U0093,Y0047,2026-03-01 03:11:52.124846,40
Y_STR03949,Y_U0005,Y0017,2026-02-28 11:10:07.904566,162
Y_STR03950,Y_U0033,Y0044,2026-02-09 06:22:34.944436,156
Y_STR03951,Y_U0088,Y0025,2026-02-22 15:52:58.772086,36
Y_STR03952,Y_U0081,Y0033,2026-02-16 09:38:12.203767,229
Y_STR03953,Y_U0034,Y0042,2026-02-24 00:14:42.524142,259
Y_STR03954,Y_U0019,Y0041,2026-02-18 19:43:56.809820,73
Y_STR03955,Y_U0003,Y0036,2026-02-10 16:21:09.088366,69
Y_STR03956,Y_U0070,Y0043,2026-02-25 01:59:10.415545,128
Y_STR03957,Y_U0040,Y0014,2026-02-27 10:55:20.392116,213
Y_STR03958,Y_U0057,Y0047,2026-02-15 14:47:55.920413,100
Y_STR03959,Y_U0057,Y0046,2026-02-10 11:14:46.960119,184
Y_STR03960,Y_U0066,Y0025,2026-02-04 13:40:24.413545,178
Y_STR03961,Y_U0015,Y0050,2026-02-08 13:50:44.292866,175
Y_STR03962,Y_U0019,Y0025,2026-03-06 02:29:33.041772,126
Y_STR03963,Y_U0044,Y0044,2026-02-26 23:03:23.012267,231
Y_STR03964,Y_U0070,Y0032,2026-02-17 00:40:19.250484,10
Y_STR03965,Y_U0088,Y0047,2026-02-15 05:58:29.974605,234
Y_STR03966,Y_U0026,Y0046,2026-02-10 07:12:57.671645,127
Y_STR03967,Y_U0062,Y0013,2026-02-14 15:20:14.490690,165
Y_STR03968,Y_U0038,Y0041,2026-02-27 21:38:55.811981,77
Y_STR03969,Y_U0057,Y0019,2026-03-01 14:08:12.791444,136
Y_STR03970,Y_U0076,Y0042,2026-02-07 12:27:42.199127,275
Y_STR03971,Y_U0046,Y0017,2026-03-04 23:32:18.597221,19
Y_STR03972,Y_U0038,Y0030,2026-02-17 10:21:18.705512,148
Y_STR03973,Y_U0041,Y0045,2026-03-01 20:23:56.736039,166
Y_STR03974,Y_U0032,Y0049,2026-03-01 15:17:58.500546,37
Y_STR03975,Y_U0008,Y0031,2026-02-13 12:23:23.686993,122
Y_STR03976,Y_U0099,Y0045,2026-02-28 10:27:45.877512,73
Y_STR03977,Y_U0014,Y0047,2026-02-17 08:21:04.833945,224
Y_STR03978,Y_U0086,Y0031,2026-03-06 02:48:53.536285,130
Y_STR03979,Y_U0081,Y0049,2026-02-13 12:10:01.780878,191
Y_STR03980,Y_U0021,Y0036,2026-02-22 15:28:43.748673,129
Y_STR03981,Y_U0085,Y0032,2026-03-04 04:49:52.809968,67
Y_STR03982,Y_U0027,Y0046,2026-02-16 00:49:06.734604,11
Y_STR03983,Y_U0099,Y0043,2026-02-28 06:48:59.612710,42
Y_STR03984,Y_U0019,Y0030,2026-02-06 08:50:19.260008,28
Y_STR03985,Y_U0067,Y0044,2026-02-10 12:31:08.023767,180
Y_STR03986,Y_U0005,Y0036,2026-02-22 08:58:12.057473,26
Y_STR03987,Y_U0019,Y0048,2026-02-18 16:45:14.733093,174
Y_STR03988,Y_U0028,Y0028,2026-02-27 00:34:42.643801,43
Y_STR03989,Y_U0016,Y0044,2026-02-14 00:29:54.869712,304
Y_STR03990,Y_U0049,Y0030,2026-02-24 12:32:41.467788,60
Y_STR03991,Y_U0099,Y0032,2026-03-03 11:23:20.223932,17
Y_STR03992,Y_U0004,Y0037,2026-02-09 06:03:49.572213,299
Y_STR03993,Y_U0019,Y0020,2026-02-26 19:06:03.026012,138
Y_STR03994,Y_U0062,Y0028,2026-02-14 01:40:51.124194,59
Y_STR03995,Y_U0054,Y0025,2026-02-28 05:55:33.206144,144
Y_STR03996,Y_U0031,Y0035,2026-02-13 17:46:12.895777,17
Y_STR03997,Y_U0035,Y0038,2026-02-08 19:35:15.966803,191
Y_STR03998,Y_U0038,Y0040,2026-02-14 07:27:21.378003,52
Y_STR03999,Y_U0047,Y0044,2026-02-09 11:17:21.455666,107
Y_STR04000,Y_U0053,Y0045,2026-02-16 20:43:13.248262,56
Y_STR04001,Y_U0028,Y0042,2026-02-19 06:36:48.388888,85
Y_STR04002,Y_U0047,Y0041,2026-02-12 21:37:11.124564,41
Y_STR04003,Y_U0054,Y0035,2026-02-23 19:06:35.526837,216
Y_STR04004,Y_U0084,Y0027,2026-03-05 14:20:01.829269,67
Y_STR04005,Y_U0001,Y0042,2026-02-07 12:57:33.193330,28
Y_STR04006,Y_U0011,Y0037,2026-02-22 02:25:58.418311,35
Y_STR04007,Y_U0025,Y0010,2026-02-13 04:52:30.567729,151
Y_STR04008,Y_U0035,Y0029,2026-02-14 03:42:57.778311,72
Y_STR04009,Y_U0027,Y0028,2026-02-18 01:18:04.325836,33
Y_STR04010,Y_U0062,Y0043,2026-03-02 21:41:55.850251,90
Y_STR04011,Y_U0028,Y0038,2026-03-04 14:29:12.476532,154
Y_STR04012,Y_U0023,Y0035,2026-02-09 20:13:10.281268,133
Y_STR04013,Y_U0038,Y0035,2026-03-02 19:00:25.951845,86
Y_STR04014,Y_U0052,Y0039,2026-02-19 11:12:50.222169,121
Y_STR04015,Y_U0033,Y0018,2026-02-28 22:46:21.309135,141
Y_STR04016,Y_U0089,Y0030,2026-02-26 11:47:43.749351,6
Y_STR04017,Y_U0045,Y0016,2026-03-01 10:58:38.009593,61
Y_STR04018,Y_U0057,Y0036,2026-02-21 16:21:19.284886,199
Y_STR04019,Y_U0056,Y0039,2026-02-05 22:22:16.656347,5
Y_STR04020,Y_U0077,Y0042,2026-03-04 18:59:16.556563,324
Y_STR04021,Y_U0084,Y0043,2026-03-05 08:13:21.546831,27
Y_STR04022,Y_U0085,Y0039,2026-02-18 04:35:51.275267,91
Y_STR04023,Y_U0052,Y0048,2026-02-12 05:03:45.723401,159
Y_STR04024,Y_U0043,Y0009,2026-02-23 19:28:36.449228,128
Y_STR04025,Y_U0066,Y0047,2026-02-09 21:11:04.215620,90
Y_STR04026,Y_U0008,Y0037,2026-03-02 16:15:49.671008,63
Y_STR04027,Y_U0059,Y0022,2026-02-25 23:01:53.489499,45
Y_STR04028,Y_U0062,Y0024,2026-03-05 16:28:36.302866,68
Y_STR04029,Y_U0039,Y0024,2026-02-20 08:19:04.115771,119
Y_STR04030,Y_U0052,Y0017,2026-02-07 21:49:01.880400,37
Y_STR04031,Y_U0087,Y0040,2026-02-08 08:18:12.029050,34
Y_STR04032,Y_U0060,Y0039,2026-02-18 04:58:29.244486,47
Y_STR04033,Y_U0040,Y0050,2026-02-27 17:11:40.587304,92
Y_STR04034,Y_U0086,Y0044,2026-02-17 14:43:07.544120,232
Y_STR04035,Y_U0011,Y0048,2026-02-27 00:48:49.774532,184
Y_STR04036,Y_U0012,Y0042,2026-02-21 07:40:50.192865,341
Y_STR04037,Y_U0085,Y0049,2026-03-03 08:48:14.888708,74
Y_STR04038,Y_U0058,Y0033,2026-02-28 15:05:02.133452,65
Y_STR04039,Y_U0034,Y0048,2026-02-25 20:50:06.459298,26
Y_STR04040,Y_U0080,Y0021,2026-02-09 14:14:39.298251,37
Y_STR04041,Y_U0082,Y0042,2026-02-08 20:13:35.450246,81
Y_STR04042,Y_U0017,Y0043,2026-02-25 13:15:34.103078,95
Y_STR04043,Y_U0016,Y0027,2026-02-15 18:50:00.506206,45
Y_STR04044,Y_U0058,Y0019,2026-02-08 07:05:36.198176,38
Y_STR04045,Y_U0020,Y0037,2026-02-06 21:17:45.472842,215
Y_STR04046,Y_U0010,Y0018,2026-03-05 02:16:44.732757,146
Y_STR04047,Y_U0094,Y0028,2026-03-02 17:32:48.310332,16
Y_STR04048,Y_U0009,Y0035,2026-02-04 23:08:14.062349,64
Y_STR04049,Y_U0094,Y0049,2026-02-12 12:30:52.520266,152
Y_STR04050,Y_U0016,Y0021,2026-03-04 22:31:48.165916,100
Y_STR04051,Y_U0086,Y0042,2026-02-26 05:02:30.012109,62
Y_STR04052,Y_U0098,Y0043,2026-02-23 23:25:40.680028,188
Y_STR04053,Y_U0067,Y0039,2026-02-23 22:23:30.187017,298
Y_STR04054,Y_U0075,Y0034,2026-02-08 19:14:01.798318,79
Y_STR04055,Y_U0066,Y0014,2026-02-11 04:06:00.746757,236
Y_STR04056,Y_U0033,Y0032,2026-02-13 20:50:57.148330,108
Y_STR04057,Y_U0078,Y0037,2026-02-26 12:05:15.053443,66
Y_STR04058,Y_U0057,Y0008,2026-02-13 02:27:58.484870,27
Y_STR04059,Y_U0082,Y0025,2026-03-04 12:36:51.817777,69
Y_STR04060,Y_U0042,Y0039,2026-02-13 20:53:44.409545,57
Y_STR04061,Y_U0079,Y0023,2026-02-28 05:56:04.943533,52
Y_STR04062,Y_U0052,Y0039,2026-02-18 12:21:24.383344,29
Y_STR04063,Y_U0023,Y0050,2026-02-20 15:23:27.024022,51
Y_STR04064,Y_U0075,Y0021,2026-02-26 07:30:51.591606,52
Y_STR04065,Y_U0022,Y0046,2026-02-08 02:52:08.291023,141
Y_STR04066,Y_U0091,Y0039,2026-02-19 23:03:05.495297,22
Y_STR04067,Y_U0051,Y0008,2026-03-02 13:03:36.625749,44
Y_STR04068,Y_U0086,Y0048,2026-02-16 00:19:25.778032,184
Y_STR04069,Y_U0072,Y0027,2026-02-16 22:05:18.693610,76
Y_STR04070,Y_U0030,Y0030,2026-02-28 06:50:04.363366,43
Y_STR04071,Y_U0064,Y0024,2026-02-13 15:01:59.450464,252
Y_STR04072,Y_U0003,Y0038,2026-02-27 15:01:43.219281,33
Y_STR04073,Y_U0092,Y0035,2026-02-16 00:20:34.659115,288
Y_STR04074,Y_U0031,Y0036,2026-02-24 05:03:49.115513,241
Y_STR04075,Y_U0030,Y0037,2026-02-20 13:44:45.719276,353
Y_STR04076,Y_U0023,Y0047,2026-03-03 01:23:49.288528,10
Y_STR04077,Y_U0011,Y0009,2026-02-18 05:53:50.779406,87
Y_STR04078,Y_U0028,Y0035,2026-02-15 19:59:34.188284,26
Y_STR04079,Y_U0088,Y0040,2026-02-06 08:58:16.522397,195
Y_STR04080,Y_U0034,Y0037,2026-02-20 10:37:41.991768,269
Y_STR04081,Y_U0008,Y0038,2026-02-16 01:50:28.579996,65
Y_STR04082,Y_U0059,Y0050,2026-02-12 23:07:26.424071,71
Y_STR04083,Y_U0083,Y0040,2026-02-20 02:05:51.066100,309
Y_STR04084,Y_U0059,Y0029,2026-03-03 08:37:00.434252,120
Y_STR04085,Y_U0025,Y0045,2026-02-07 18:04:46.195819,189
Y_STR04086,Y_U0084,Y0042,2026-02-23 21:54:43.625522,243
Y_STR04087,Y_U0100,Y0049,2026-02-26 20:25:27.749837,62
Y_STR04088,Y_U0065,Y0040,2026-03-05 08:26:24.876967,144
Y_STR04089,Y_U0032,Y0040,2026-02-17 00:13:44.043197,120
Y_STR04090,Y_U0047,Y0038,2026-02-18 18:50:43.007476,17
Y_STR04091,Y_U0093,Y0025,2026-02-19 16:03:21.212903,160
Y_STR04092,Y_U0049,Y0042,2026-02-21 00:15:15.993427,234
Y_STR04093,Y_U0042,Y0036,2026-03-04 12:07:09.461783,85
Y_STR04094,Y_U0047,Y0035,2026-02-10 00:44:13.772212,123
Y_STR04095,Y_U0090,Y0045,2026-02-13 05:36:01.841826,97
Y_STR04096,Y_U0096,Y0044,2026-02-17 12:36:18.209022,123
Y_STR04097,Y_U0071,Y0041,2026-02-09 00:29:43.781741,14
Y_STR04098,Y_U0023,Y0035,2026-02-24 13:16:03.737386,119
Y_STR04099,Y_U0083,Y0047,2026-02-08 19:27:59.164271,56
Y_STR04100,Y_U0100,Y0035,2026-02-07 18:03:35.669650,62
Y_STR04101,Y_U0067,Y0033,2026-02-06 00:55:25.694067,197
Y_STR04102,Y_U0008,Y0047,2026-03-02 18:45:30.227312,218
Y_STR04103,Y_U0059,Y0039,2026-03-02 04:21:48.469208,114
Y_STR04104,Y_U0019,Y0030,2026-02-08 01:34:37.294444,142
Y_STR04105,Y_U0054,Y0012,2026-02-19 15:12:10.594606,304
Y_STR04106,Y_U0058,Y0024,2026-02-21 21:43:23.593035,141
Y_STR04107,Y_U0090,Y0043,2026-02-26 13:47:29.404590,196
Y_STR04108,Y_U0091,Y0036,2026-02-26 11:03:28.361705,245
Y_STR04109,Y_U0024,Y0037,2026-02-10 00:23:28.821798,315
Y_STR04110,Y_U0069,Y0050,2026-02-08 05:43:17.892571,263
Y_STR04111,Y_U0019,Y0005,2026-02-28 10:17:49.467691,80
Y_STR04112,Y_U0015,Y0028,2026-02-08 11:42:49.317264,239
Y_STR04113,Y_U0018,Y0046,2026-03-03 04:18:58.726873,133
Y_STR04114,Y_U0073,Y0011,2026-02-19 15:37:39.694420,156
Y_STR04115,Y_U0046,Y0038,2026-02-25 23:05:41.979007,5
Y_STR04116,Y_U0066,Y0046,2026-02-12 04:07:17.281382,259
Y_STR04117,Y_U0015,Y0034,2026-02-24 05:58:48.374364,36
Y_STR04118,Y_U0023,Y0038,2026-02-23 10:58:22.125985,189
Y_STR04119,Y_U0038,Y0050,2026-02-11 11:42:53.714323,195
Y_STR04120,Y_U0009,Y0048,2026-02-11 08:21:16.199128,107
Y_STR04121,Y_U0014,Y0019,2026-02-10 15:44:58.500612,168
Y_STR04122,Y_U0067,Y0043,2026-02-12 11:24:04.902407,187
Y_STR04123,Y_U0098,Y0021,2026-02-04 10:09:18.388237,193
Y_STR04124,Y_U0025,Y0030,2026-02-23 18:25:42.429989,151
Y_STR04125,Y_U0061,Y0034,2026-02-19 12:22:09.396531,180
Y_STR04126,Y_U0077,Y0048,2026-02-13 17:41:01.332814,141
Y_STR04127,Y_U0057,Y0016,2026-03-06 07:36:43.737982,124
Y_STR04128,Y_U0097,Y0028,2026-02-21 13:53:23.038418,223
Y_STR04129,Y_U0087,Y0050,2026-03-02 22:47:00.245299,303
Y_STR04130,Y_U0094,Y0046,2026-02-25 03:31:07.817952,83
Y_STR04131,Y_U0045,Y0020,2026-03-04 15:45:12.058770,11
Y_STR04132,Y_U0083,Y0039,2026-02-13 09:29:34.323622,225
Y_STR04133,Y_U0090,Y0032,2026-02-15 02:31:12.613384,158
Y_STR04134,Y_U0028,Y0038,2026-02-15 21:23:16.686486,158
Y_STR04135,Y_U0062,Y0027,2026-02-18 17:46:19.915635,70
Y_STR04136,Y_U0008,Y0046,2026-02-26 20:10:50.978814,256
Y_STR04137,Y_U0088,Y0023,2026-02-12 19:03:00.479890,55
Y_STR04138,Y_U0040,Y0043,2026-02-07 19:07:53.706342,97
Y_STR04139,Y_U0089,Y0050,2026-03-02 23:22:32.572818,219
Y_STR04140,Y_U0036,Y0013,2026-02-08 09:19:15.884945,57
Y_STR04141,Y_U0025,Y0020,2026-03-01 22:31:49.736626,171
Y_STR04142,Y_U0067,Y0019,2026-02-24 16:56:27.610391,172
Y_STR04143,Y_U0050,Y0007,2026-02-17 21:48:26.616072,12
Y_STR04144,Y_U0084,Y0042,2026-02-08 01:07:16.668782,153
Y_STR04145,Y_U0008,Y0049,2026-03-01 14:03:51.670267,41
Y_STR04146,Y_U0028,Y0028,2026-02-24 15:47:40.960104,91
Y_STR04147,Y_U0026,Y0032,2026-02-28 03:14:04.492011,160
Y_STR04148,Y_U0085,Y0018,2026-02-12 07:09:26.067189,7
Y_STR04149,Y_U0069,Y0034,2026-02-25 04:28:25.966857,30
Y_STR04150,Y_U0099,Y0022,2026-02-21 15:41:58.915299,125
Y_STR04151,Y_U0058,Y0017,2026-02-09 20:32:33.652858,11
Y_STR04152,Y_U0049,Y0036,2026-02-25 15:34:08.421719,27
Y_STR04153,Y_U0086,Y0047,2026-03-06 05:29:53.163114,128
Y_STR04154,Y_U0028,Y0029,2026-03-01 08:43:01.450316,56
Y_STR04155,Y_U0047,Y0047,2026-02-22 06:43:09.986228,229
Y_STR04156,Y_U0044,Y0049,2026-03-01 00:06:24.696388,225
Y_STR04157,Y_U0009,Y0022,2026-02-13 13:08:57.667956,72
Y_STR04158,Y_U0047,Y0025,2026-02-17 10:00:49.302697,40
Y_STR04159,Y_U0023,Y0049,2026-03-03 08:57:37.861563,176
Y_STR04160,Y_U0032,Y0047,2026-02-22 03:36:47.068876,107
Y_STR04161,Y_U0070,Y0034,2026-02-27 20:42:14.558496,51
Y_STR04162,Y_U0070,Y0033,2026-03-03 07:53:02.301438,62
Y_STR04163,Y_U0062,Y0046,2026-02-26 20:20:48.468923,36
Y_STR04164,Y_U0012,Y0047,2026-02-06 13:10:01.389405,135
Y_STR04165,Y_U0077,Y0023,2026-02-16 02:47:06.573092,23
Y_STR04166,Y_U0033,Y0021,2026-02-10 06:11:10.331888,23
Y_STR04167,Y_U0075,Y0025,2026-02-16 07:06:54.459325,54
Y_STR04168,Y_U0082,Y0023,2026-02-18 23:09:29.339086,6
Y_STR04169,Y_U0061,Y0049,2026-02-26 08:32:33.438217,29
Y_STR04170,Y_U0064,Y0045,2026-03-02 16:46:54.095623,79
Y_STR04171,Y_U0027,Y0043,2026-02-27 21:14:40.954147,86
Y_STR04172,Y_U0001,Y0012,2026-02-22 05:50:17.409561,118
Y_STR04173,Y_U0015,Y0017,2026-03-03 20:06:50.174699,131
Y_STR04174,Y_U0009,Y0033,2026-02-25 20:18:09.005420,188
Y_STR04175,Y_U0014,Y0038,2026-02-20 18:43:47.844304,168
Y_STR04176,Y_U0099,Y0028,2026-03-02 17:14:20.677198,103
Y_STR04177,Y_U0074,Y0042,2026-02-09 06:58:42.692597,296
Y_STR04178,Y_U0092,Y0042,2026-02-14 03:57:45.550407,187
Y_STR04179,Y_U0090,Y0048,2026-02-17 17:16:08.968317,221
Y_STR04180,Y_U0034,Y0039,2026-02-23 13:27:37.167147,159
Y_STR04181,Y_U0046,Y0044,2026-02-23 14:46:22.891646,183
Y_STR04182,Y_U0022,Y0029,2026-02-25 05:34:07.677889,53
Y_STR04183,Y_U0056,Y0047,2026-02-09 10:50:37.746378,6
Y_STR04184,Y_U0096,Y0030,2026-02-13 05:49:16.890223,99
Y_STR04185,Y_U0003,Y0045,2026-02-12 10:58:09.762081,45
Y_STR04186,Y_U0072,Y0049,2026-02-26 05:39:40.906931,76
Y_STR04187,Y_U0085,Y0014,2026-02-19 11:06:52.707912,64
Y_STR04188,Y_U0093,Y0038,2026-02-22 14:02:39.565701,64
Y_STR04189,Y_U0064,Y0045,2026-02-09 10:57:11.431980,116
Y_STR04190,Y_U0061,Y0026,2026-02-20 17:27:35.310834,115
Y_STR04191,Y_U0015,Y0025,2026-02-28 06:07:09.870761,78
Y_STR04192,Y_U0059,Y0024,2026-02-05 08:26:00.114696,55
Y_STR04193,Y_U0086,Y0043,2026-02-14 04:03:50.388137,53
Y_STR04194,Y_U0024,Y0050,2026-02-14 16:52:34.740610,282
Y_STR04195,Y_U0047,Y0040,2026-02-09 01:37:31.563611,72
Y_STR04196,Y_U0066,Y0049,2026-03-01 03:27:58.036361,141
Y_STR04197,Y_U0013,Y0029,2026-02-22 00:58:29.511664,156
Y_STR04198,Y_U0096,Y0050,2026-02-19 13:29:37.339505,216
Y_STR04199,Y_U0001,Y0047,2026-02-27 06:39:49.217727,160
Y_STR04200,Y_U0097,Y0049,2026-02-15 01:35:41.858060,74
Y_STR04201,Y_U0023,Y0028,2026-02-12 16:45:58.266752,82
Y_STR04202,Y_U0042,Y0046,2026-02-19 08:26:27.224654,176
Y_STR04203,Y_U0096,Y0031,2026-02-25 06:42:59.032560,150
Y_STR04204,Y_U0030,Y0046,2026-02-25 17:49:46.607544,183
Y_STR04205,Y_U0068,Y0048,2026-02-21 22:09:24.366354,153
Y_STR04206,Y_U0049,Y0027,2026-02-20 06:50:43.550661,115
Y_STR04207,Y_U0075,Y0026,2026-02-22 17:34:45.834674,67
Y_STR04208,Y_U0012,Y0009,2026-02-28 22:29:54.948177,71
Y_STR04209,Y_U0048,Y0039,2026-02-13 22:08:17.442448,192
Y_STR04210,Y_U0029,Y0039,2026-02-18 08:51:47.325218,301
Y_STR04211,Y_U0092,Y0024,2026-02-24 01:06:51.369390,260
Y_STR04212,Y_U0044,Y0046,2026-02-20 15:44:19.264720,29
Y_STR04213,Y_U0028,Y0050,2026-03-05 02:40:08.723319,75
Y_STR04214,Y_U0007,Y0041,2026-02-12 21:15:23.625912,109
Y_STR04215,Y_U0095,Y0044,2026-03-02 19:56:20.615977,256
Y_STR04216,Y_U0022,Y0014,2026-02-24 16:58:57.124425,124
Y_STR04217,Y_U0098,Y0019,2026-02-27 14:51:29.209915,227
Y_STR04218,Y_U0045,Y0040,2026-02-18 19:07:31.110830,227
Y_STR04219,Y_U0004,Y0033,2026-02-13 06:44:47.423818,83
Y_STR04220,Y_U0045,Y0045,2026-03-01 16:22:17.899987,203
Y_STR04221,Y_U0084,Y0037,2026-02-09 10:31:49.399417,335
Y_STR04222,Y_U0010,Y0044,2026-02-27 13:41:21.041562,40
Y_STR04223,Y_U0097,Y0043,2026-03-02 19:25:27.240046,35
Y_STR04224,Y_U0003,Y0046,2026-02-05 19:45:31.234375,181
Y_STR04225,Y_U0031,Y0038,2026-02-28 21:07:19.908181,59
Y_STR04226,Y_U0066,Y0023,2026-02-18 15:31:41.674339,11
Y_STR04227,Y_U0051,Y0033,2026-02-25 13:09:13.494614,183
Y_STR04228,Y_U0019,Y0026,2026-02-07 16:28:38.171102,73
Y_STR04229,Y_U0013,Y0034,2026-02-19 08:44:45.503891,80
Y_STR04230,Y_U0098,Y0042,2026-02-06 18:08:57.533401,26
Y_STR04231,Y_U0096,Y0018,2026-02-23 20:10:56.249005,70
Y_STR04232,Y_U0075,Y0046,2026-02-28 04:43:09.396387,256
Y_STR04233,Y_U0035,Y0035,2026-02-25 22:38:31.901305,180
Y_STR04234,Y_U0073,Y0029,2026-02-17 01:30:16.168162,60
Y_STR04235,Y_U0065,Y0050,2026-02-09 00:35:27.281019,332
Y_STR04236,Y_U0092,Y0029,2026-02-14 08:10:22.331718,49
Y_STR04237,Y_U0020,Y0045,2026-02-13 22:51:11.825790,42
Y_STR04238,Y_U0081,Y0043,2026-02-19 15:40:27.929675,67
Y_STR04239,Y_U0034,Y0025,2026-02-13 04:08:24.464538,183
Y_STR04240,Y_U0054,Y0029,2026-02-04 22:45:14.994913,105
Y_STR04241,Y_U0061,Y0045,2026-02-26 21:24:53.825178,170
Y_STR04242,Y_U0047,Y0016,2026-02-10 15:03:18.082215,13
Y_STR04243,Y_U0095,Y0030,2026-03-05 06:27:07.824030,14
Y_STR04244,Y_U0064,Y0041,2026-02-11 12:04:59.056078,26
Y_STR04245,Y_U0063,Y0025,2026-03-02 07:05:18.640733,71
Y_STR04246,Y_U0078,Y0020,2026-03-06 02:39:52.365901,132
Y_STR04247,Y_U0036,Y0021,2026-02-09 03:18:21.521326,95
Y_STR04248,Y_U0076,Y0050,2026-02-22 04:43:33.624228,187
Y_STR04249,Y_U0088,Y0048,2026-02-18 00:01:27.330375,25
Y_STR04250,Y_U0076,Y0038,2026-02-23 17:32:38.381639,14
Y_STR04251,Y_U0004,Y0038,2026-03-01 18:10:43.786863,109
Y_STR04252,Y_U0043,Y0012,2026-02-07 23:49:07.389759,259
Y_STR04253,Y_U0026,Y0029,2026-03-02 04:29:43.922868,19
Y_STR04254,Y_U0080,Y0022,2026-02-28 23:18:20.204745,57
Y_STR04255,Y_U0042,Y0024,2026-03-04 08:53:02.373339,276
Y_STR04256,Y_U0081,Y0050,2026-03-03 23:05:46.713138,150
Y_STR04257,Y_U0081,Y0045,2026-02-08 22:07:58.981652,38
Y_STR04258,Y_U0005,Y0049,2026-03-01 01:43:09.811513,130
Y_STR04259,Y_U0019,Y0030,2026-02-07 02:01:10.112753,59
Y_STR04260,Y_U0067,Y0035,2026-02-05 01:54:59.696981,324
Y_STR04261,Y_U0004,Y0044,2026-02-18 09:55:15.717195,81
Y_STR04262,Y_U0023,Y0041,2026-02-18 15:28:20.089310,163
Y_STR04263,Y_U0067,Y0024,2026-02-11 13:07:41.390194,179
Y_STR04264,Y_U0062,Y0030,2026-02-11 10:10:21.007271,138
Y_STR04265,Y_U0026,Y0036,2026-03-03 12:00:32.413003,233
Y_STR04266,Y_U0091,Y0007,2026-02-15 08:49:47.703959,26
Y_STR04267,Y_U0016,Y0048,2026-02-25 01:30:39.409352,199
Y_STR04268,Y_U0007,Y0050,2026-02-16 10:20:17.618332,142
Y_STR04269,Y_U0093,Y0033,2026-02-09 13:22:11.255988,260
Y_STR04270,Y_U0017,Y0014,2026-02-19 22:35:09.476974,15
Y_STR04271,Y_U0010,Y0017,2026-02-05 02:43:44.515290,180
Y_STR04272,Y_U0081,Y0037,2026-02-23 13:01:17.145247,254
Y_STR04273,Y_U0089,Y0034,2026-02-23 18:43:03.695158,189
Y_STR04274,Y_U0094,Y0010,2026-02-20 15:24:23.245169,117
Y_STR04275,Y_U0001,Y0034,2026-02-21 23:27:36.260703,119
Y_STR04276,Y_U0071,Y0029,2026-02-20 02:39:50.456037,50
Y_STR04277,Y_U0017,Y0030,2026-02-20 11:01:46.115159,167
Y_STR04278,Y_U0026,Y0009,2026-02-26 03:59:13.784408,5
Y_STR04279,Y_U0086,Y0049,2026-02-23 10:05:23.178653,174
Y_STR04280,Y_U0089,Y0013,2026-02-19 08:55:21.945758,117
Y_STR04281,Y_U0080,Y0049,2026-02-28 16:44:52.244608,109
Y_STR04282,Y_U0028,Y0010,2026-02-13 05:00:23.844941,67
Y_STR04283,Y_U0015,Y0034,2026-02-09 06:11:50.823237,30
Y_STR04284,Y_U0033,Y0020,2026-02-19 09:43:55.309923,63
Y_STR04285,Y_U0053,Y0030,2026-02-17 10:46:05.729270,127
Y_STR04286,Y_U0018,Y0017,2026-02-08 05:38:50.160060,42
Y_STR04287,Y_U0083,Y0039,2026-02-09 23:48:26.612170,146
Y_STR04288,Y_U0003,Y0037,2026-02-07 01:16:35.525151,322
Y_STR04289,Y_U0042,Y0049,2026-02-05 02:42:45.639360,131
Y_STR04290,Y_U0013,Y0006,2026-02-06 19:38:05.993266,136
Y_STR04291,Y_U0044,Y0042,2026-02-28 14:43:30.282868,298
Y_STR04292,Y_U0003,Y0024,2026-02-19 21:58:05.385694,267
Y_STR04293,Y_U0020,Y0039,2026-02-07 12:41:32.880574,215
Y_STR04294,Y_U0099,Y0048,2026-03-01 08:37:43.909230,9
Y_STR04295,Y_U0020,Y0021,2026-02-08 06:34:52.661775,134
Y_STR04296,Y_U0100,Y0045,2026-02-13 10:02:05.135125,216
Y_STR04297,Y_U0055,Y0027,2026-02-26 00:48:18.093897,32
Y_STR04298,Y_U0058,Y0029,2026-02-05 16:37:46.882563,108
Y_STR04299,Y_U0019,Y0046,2026-02-15 02:56:02.709603,84
Y_STR04300,Y_U0074,Y0037,2026-02-08 00:45:49.760203,111
Y_STR04301,Y_U0053,Y0047,2026-02-08 09:58:56.727353,107
Y_STR04302,Y_U0074,Y0029,2026-02-27 19:36:49.613107,8
Y_STR04303,Y_U0091,Y0050,2026-02-18 22:00:06.091363,106
Y_STR04304,Y_U0033,Y0049,2026-02-22 10:11:06.738949,7
Y_STR04305,Y_U0038,Y0027,2026-02-18 09:48:39.160819,129
Y_STR04306,Y_U0009,Y0049,2026-03-05 03:37:38.678704,217
Y_STR04307,Y_U0051,Y0035,2026-03-02 09:02:47.327601,294
Y_STR04308,Y_U0085,Y0036,2026-02-24 20:05:47.891908,40
Y_STR04309,Y_U0067,Y0032,2026-02-28 04:40:10.112500,125
Y_STR04310,Y_U0077,Y0022,2026-03-01 03:52:55.144466,97
Y_STR04311,Y_U0098,Y0039,2026-02-25 23:16:02.322572,176
Y_STR04312,Y_U0036,Y0031,2026-02-05 16:29:52.322562,50
Y_STR04313,Y_U0094,Y0013,2026-02-21 19:15:05.373137,109
Y_STR04314,Y_U0048,Y0038,2026-02-15 12:04:17.935459,139
Y_STR04315,Y_U0033,Y0042,2026-02-26 13:41:22.054181,55
Y_STR04316,Y_U0032,Y0050,2026-02-21 22:23:32.108683,231
Y_STR04317,Y_U0019,Y0018,2026-02-26 15:33:17.645027,178
Y_STR04318,Y_U0014,Y0011,2026-03-04 08:09:47.614552,72
Y_STR04319,Y_U0004,Y0040,2026-02-13 21:04:40.509360,267
Y_STR04320,Y_U0081,Y0023,2026-02-28 06:35:21.119147,98
Y_STR04321,Y_U0098,Y0026,2026-02-19 18:53:41.196216,113
Y_STR04322,Y_U0049,Y0031,2026-02-21 04:21:38.980594,149
Y_STR04323,Y_U0099,Y0015,2026-02-20 09:06:30.764164,166
Y_STR04324,Y_U0094,Y0035,2026-02-20 10:56:21.952243,269
Y_STR04325,Y_U0022,Y0024,2026-02-15 11:19:47.835017,269
Y_STR04326,Y_U0014,Y0021,2026-03-04 20:11:58.584118,102
Y_STR04327,Y_U0049,Y0019,2026-02-20 11:38:27.660975,145
Y_STR04328,Y_U0016,Y0050,2026-03-05 13:39:36.007180,105
Y_STR04329,Y_U0062,Y0048,2026-02-25 08:20:30.238245,226
Y_STR04330,Y_U0019,Y0049,2026-03-04 23:53:33.069192,167
Y_STR04331,Y_U0081,Y0050,2026-02-15 09:36:56.863279,284
Y_STR04332,Y_U0010,Y0043,2026-03-04 23:33:31.089476,130
Y_STR04333,Y_U0069,Y0039,2026-02-12 00:35:58.321014,162
Y_STR04334,Y_U0033,Y0012,2026-02-26 21:01:03.611372,260
Y_STR04335,Y_U0024,Y0046,2026-02-16 09:02:22.438386,31
Y_STR04336,Y_U0031,Y0020,2026-03-02 17:21:48.218462,222
Y_STR04337,Y_U0002,Y0043,2026-03-04 00:31:02.253345,77
Y_STR04338,Y_U0018,Y0032,2026-02-19 15:53:48.760283,25
Y_STR04339,Y_U0023,Y0048,2026-02-08 21:05:28.275280,213
Y_STR04340,Y_U0044,Y0027,2026-02-21 12:59:00.776734,18
Y_STR04341,Y_U0099,Y0045,2026-02-04 19:16:39.873167,14
Y_STR04342,Y_U0069,Y0048,2026-02-22 23:26:42.389612,109
Y_STR04343,Y_U0001,Y0047,2026-02-15 16:52:27.919945,233
Y_STR04344,Y_U0027,Y0039,2026-02-19 06:11:40.871336,198
Y_STR04345,Y_U0080,Y0028,2026-02-06 16:23:55.143476,220
Y_STR04346,Y_U0033,Y0034,2026-03-03 23:53:50.263865,101
Y_STR04347,Y_U0099,Y0033,2026-02-06 13:33:50.931631,73
Y_STR04348,Y_U0090,Y0047,2026-03-06 08:17:16.774513,97
Y_STR04349,Y_U0019,Y0021,2026-02-13 03:49:20.173229,209
Y_STR04350,Y_U0004,Y0047,2026-02-16 06:05:03.014785,176
Y_STR04351,Y_U0063,Y0050,2026-02-10 03:20:17.766403,91
Y_STR04352,Y_U0062,Y0020,2026-02-04 23:50:35.748393,340
Y_STR04353,Y_U0092,Y0013,2026-03-04 22:20:41.073311,110
Y_STR04354,Y_U0037,Y0050,2026-02-13 05:23:26.081300,163
Y_STR04355,Y_U0017,Y0035,2026-02-05 15:38:46.708127,184
Y_STR04356,Y_U0074,Y0046,2026-02-25 01:21:34.246009,255
Y_STR04357,Y_U0029,Y0046,2026-03-04 17:17:47.809518,185
Y_STR04358,Y_U0003,Y0033,2026-02-04 11:07:53.075202,44
Y_STR04359,Y_U0097,Y0030,2026-02-08 12:20:29.094676,34
Y_STR04360,Y_U0059,Y0044,2026-03-05 12:34:53.964094,117
Y_STR04361,Y_U0089,Y0020,2026-02-19 11:08:40.103387,276
Y_STR04362,Y_U0006,Y0050,2026-02-04 15:05:11.589533,284
Y_STR04363,Y_U0027,Y0044,2026-02-05 21:39:38.056396,153
Y_STR04364,Y_U0046,Y0024,2026-02-13 08:51:01.214051,173
Y_STR04365,Y_U0081,Y0017,2026-02-09 20:29:24.338495,239
Y_STR04366,Y_U0047,Y0050,2026-02-28 05:52:49.385924,204
Y_STR04367,Y_U0047,Y0039,2026-02-13 13:40:03.433369,213
Y_STR04368,Y_U0093,Y0013,2026-03-03 04:46:21.856673,83
Y_STR04369,Y_U0069,Y0030,2026-02-28 13:06:44.878776,92
Y_STR04370,Y_U0072,Y0046,2026-02-14 17:25:10.474520,156
Y_STR04371,Y_U0053,Y0010,2026-02-10 22:11:25.628815,193
Y_STR04372,Y_U0083,Y0031,2026-02-08 07:09:40.905487,50
Y_STR04373,Y_U0028,Y0049,2026-02-23 09:27:50.956793,103
Y_STR04374,Y_U0045,Y0026,2026-02-21 05:05:13.275145,45
Y_STR04375,Y_U0015,Y0025,2026-02-05 16:01:22.613707,47
Y_STR04376,Y_U0064,Y0026,2026-02-25 04:30:40.857046,128
Y_STR04377,Y_U0094,Y0041,2026-02-18 04:01:39.454457,152
Y_STR04378,Y_U0100,Y0037,2026-02-16 23:59:16.731606,67
Y_STR04379,Y_U0098,Y0028,2026-02-27 21:27:50.650615,172
Y_STR04380,Y_U0084,Y0038,2026-02-19 11:22:37.948603,63
Y_STR04381,Y_U0093,Y0019,2026-02-26 16:36:07.461999,217
Y_STR04382,Y_U0088,Y0016,2026-02-18 17:53:47.560999,120
Y_STR04383,Y_U0010,Y0040,2026-02-24 08:12:18.283744,140
Y_STR04384,Y_U0054,Y0038,2026-02-20 12:42:56.473032,163
Y_STR04385,Y_U0014,Y0045,2026-02-10 07:01:09.521759,113
Y_STR04386,Y_U0005,Y0019,2026-02-05 04:34:40.569608,115
Y_STR04387,Y_U0069,Y0041,2026-02-13 01:10:00.648226,53
Y_STR04388,Y_U0086,Y0030,2026-02-08 15:57:57.008928,85
Y_STR04389,Y_U0010,Y0044,2026-02-07 18:48:53.602711,217
Y_STR04390,Y_U0001,Y0031,2026-02-05 14:49:26.584322,40
Y_STR04391,Y_U0096,Y0015,2026-02-27 21:56:51.717701,241
Y_STR04392,Y_U0041,Y0045,2026-02-13 18:06:54.588674,170
Y_STR04393,Y_U0084,Y0026,2026-02-12 21:03:27.096873,75
Y_STR04394,Y_U0011,Y0018,2026-02-15 01:36:26.205452,65
Y_STR04395,Y_U0005,Y0023,2026-02-10 11:47:46.632277,43
Y_STR04396,Y_U0084,Y0049,2026-02-09 11:49:50.259672,183
Y_STR04397,Y_U0078,Y0020,2026-02-23 20:08:09.058159,136
Y_STR04398,Y_U0001,Y0040,2026-02-18 12:01:53.375777,292
Y_STR04399,Y_U0038,Y0049,2026-02-19 05:06:19.014263,231
Y_STR04400,Y_U0075,Y0046,2026-02-06 08:26:23.034862,241
Y_STR04401,Y_U0002,Y0039,2026-02-08 15:07:54.331336,38
Y_STR04402,Y_U0042,Y0048,2026-03-05 03:14:08.155265,192
Y_STR04403,Y_U0018,Y0031,2026-03-03 11:36:16.975470,118
Y_STR04404,Y_U0053,Y0026,2026-02-26 11:21:34.567347,44
Y_STR04405,Y_U0013,Y0032,2026-03-05 15:12:43.997898,117
Y_STR04406,Y_U0041,Y0024,2026-02-22 16:36:06.520826,279
Y_STR04407,Y_U0005,Y0025,2026-02-13 09:43:41.435060,132
Y_STR04408,Y_U0068,Y0036,2026-02-19 03:22:06.909451,246
Y_STR04409,Y_U0079,Y0043,2026-02-08 11:54:52.189152,97
Y_STR04410,Y_U0070,Y0023,2026-02-06 12:07:57.334930,56
Y_STR04411,Y_U0070,Y0045,2026-02-22 07:38:23.087091,82
Y_STR04412,Y_U0083,Y0030,2026-02-28 19:29:51.330208,11
Y_STR04413,Y_U0022,Y0043,2026-02-08 15:18:00.260863,117
Y_STR04414,Y_U0098,Y0046,2026-02-10 10:04:56.677238,111
Y_STR04415,Y_U0018,Y0050,2026-02-07 10:49:56.214025,95
Y_STR04416,Y_U0073,Y0047,2026-02-22 11:56:45.492402,95
Y_STR04417,Y_U0022,Y0048,2026-02-09 22:03:04.961127,30
Y_STR04418,Y_U0017,Y0031,2026-02-09 22:17:23.623397,59
Y_STR04419,Y_U0003,Y0030,2026-03-06 06:22:12.319406,6
Y_STR04420,Y_U0056,Y0042,2026-02-09 07:31:45.478754,222
Y_STR04421,Y_U0002,Y0047,2026-03-02 08:44:32.803589,110
Y_STR04422,Y_U0095,Y0013,2026-02-17 12:03:31.548381,54
Y_STR04423,Y_U0056,Y0049,2026-02-14 17:47:20.236243,57
Y_STR04424,Y_U0001,Y0019,2026-02-07 22:52:38.186325,234
Y_STR04425,Y_U0066,Y0049,2026-02-22 07:45:00.855388,225
Y_STR04426,Y_U0087,Y0040,2026-02-16 03:23:37.199503,206
Y_STR04427,Y_U0036,Y0047,2026-02-21 02:44:18.997043,92
Y_STR04428,Y_U0063,Y0048,2026-02-13 15:14:16.357353,15
Y_STR04429,Y_U0093,Y0026,2026-03-02 21:02:52.051574,73
Y_STR04430,Y_U0061,Y0026,2026-03-01 14:38:04.056129,75
Y_STR04431,Y_U0077,Y0045,2026-02-09 22:24:24.527860,15
Y_STR04432,Y_U0091,Y0041,2026-02-23 01:21:53.829729,106
Y_STR04433,Y_U0095,Y0033,2026-02-19 05:16:36.108067,233
Y_STR04434,Y_U0035,Y0039,2026-02-11 08:13:35.636741,18
Y_STR04435,Y_U0089,Y0010,2026-02-10 21:44:32.866280,185
Y_STR04436,Y_U0088,Y0048,2026-02-16 01:13:06.826426,161
Y_STR04437,Y_U0009,Y0038,2026-02-11 08:16:16.399765,159
Y_STR04438,Y_U0080,Y0026,2026-02-09 17:38:28.864177,65
Y_STR04439,Y_U0070,Y0047,2026-03-02 03:48:16.705004,222
Y_STR04440,Y_U0034,Y0032,2026-02-13 21:49:46.010148,156
Y_STR04441,Y_U0038,Y0039,2026-02-09 13:53:57.337760,229
Y_STR04442,Y_U0087,Y0044,2026-03-01 09:48:44.270903,35
Y_STR04443,Y_U0032,Y0015,2026-02-11 18:55:23.712422,336
Y_STR04444,Y_U0020,Y0016,2026-02-04 20:57:01.546475,98
Y_STR04445,Y_U0003,Y0050,2026-02-20 06:53:52.838141,77
Y_STR04446,Y_U0020,Y0041,2026-02-20 09:23:30.959580,167
Y_STR04447,Y_U0045,Y0037,2026-02-10 00:55:01.784253,185
Y_STR04448,Y_U0044,Y0029,2026-02-12 22:02:23.468874,162
Y_STR04449,Y_U0064,Y0047,2026-02-26 15:51:01.463579,189
Y_STR04450,Y_U0008,Y0028,2026-03-02 04:14:50.261798,151
Y_STR04451,Y_U0058,Y0042,2026-03-04 23:54:43.368992,185
Y_STR04452,Y_U0044,Y0030,2026-02-23 14:06:56.507340,151
Y_STR04453,Y_U0032,Y0041,2026-02-21 13:26:42.454508,155
Y_STR04454,Y_U0058,Y0047,2026-02-08 02:41:50.862629,124
Y_STR04455,Y_U0004,Y0045,2026-02-25 23:26:03.779326,128
Y_STR04456,Y_U0062,Y0029,2026-02-06 21:05:30.568432,121
Y_STR04457,Y_U0005,Y0029,2026-02-14 07:19:37.885443,138
Y_STR04458,Y_U0080,Y0037,2026-02-26 23:52:33.467598,98
Y_STR04459,Y_U0071,Y0022,2026-02-22 09:01:07.987118,50
Y_STR04460,Y_U0026,Y0039,2026-02-19 14:38:20.360785,229
Y_STR04461,Y_U0004,Y0036,2026-02-21 14:17:47.707603,89
Y_STR04462,Y_U0060,Y0045,2026-02-09 12:01:49.753445,33
Y_STR04463,Y_U0088,Y0031,2026-02-17 20:09:51.124530,77
Y_STR04464,Y_U0043,Y0009,2026-02-21 08:40:01.409135,79
Y_STR04465,Y_U0053,Y0029,2026-02-19 08:34:35.242423,147
Y_STR04466,Y_U0012,Y0040,2026-02-12 11:22:33.996922,240
Y_STR04467,Y_U0029,Y0032,2026-02-07 13:58:31.348080,182
Y_STR04468,Y_U0060,Y0025,2026-02-28 00:30:13.186882,144
Y_STR04469,Y_U0014,Y0033,2026-02-17 00:36:58.441532,213
Y_STR04470,Y_U0042,Y0040,2026-02-12 03:12:35.765981,157
Y_STR04471,Y_U0099,Y0044,2026-02-15 13:03:10.106199,75
Y_STR04472,Y_U0060,Y0047,2026-02-16 06:07:30.130833,61
Y_STR04473,Y_U0022,Y0047,2026-02-25 05:25:22.099978,52
Y_STR04474,Y_U0011,Y0028,2026-02-04 13:11:51.610220,104
Y_STR04475,Y_U0031,Y0022,2026-02-22 23:47:44.821878,54
Y_STR04476,Y_U0038,Y0028,2026-02-07 01:07:43.327807,172
Y_STR04477,Y_U0019,Y0015,2026-02-09 22:38:33.012957,125
Y_STR04478,Y_U0054,Y0049,2026-02-06 21:04:42.857949,213
Y_STR04479,Y_U0051,Y0048,2026-02-17 08:14:20.947778,152
Y_STR04480,Y_U0019,Y0024,2026-03-05 20:23:38.789906,259
Y_STR04481,Y_U0052,Y0043,2026-02-15 07:24:29.083155,68
Y_STR04482,Y_U0045,Y0036,2026-02-23 10:30:43.459807,220
Y_STR04483,Y_U0063,Y0009,2026-02-14 20:32:33.805127,15
Y_STR04484,Y_U0014,Y0026,2026-02-05 07:01:38.163541,39
Y_STR04485,Y_U0028,Y0046,2026-02-07 11:50:35.719420,231
Y_STR04486,Y_U0060,Y0016,2026-02-05 07:50:56.786756,29
Y_STR04487,Y_U0062,Y0041,2026-03-06 06:11:08.768439,76
Y_STR04488,Y_U0069,Y0025,2026-03-01 09:32:42.212989,63
Y_STR04489,Y_U0083,Y0025,2026-02-20 04:45:20.839030,167
Y_STR04490,Y_U0044,Y0047,2026-02-23 18:04:39.664237,61
Y_STR04491,Y_U0085,Y0030,2026-02-22 14:25:05.864290,88
Y_STR04492,Y_U0036,Y0046,2026-02-09 11:29:12.885443,224
Y_STR04493,Y_U0025,Y0032,2026-03-05 02:12:58.843850,140
Y_STR04494,Y_U0069,Y0026,2026-02-05 23:34:18.015774,51
Y_STR04495,Y_U0057,Y0010,2026-02-18 01:51:00.501420,200
Y_STR04496,Y_U0068,Y0043,2026-03-01 09:39:32.479387,22
Y_STR04497,Y_U0075,Y0047,2026-02-11 06:42:39.515194,217
Y_STR04498,Y_U0083,Y0049,2026-02-18 03:32:00.465033,19
Y_STR04499,Y_U0089,Y0031,2026-02-17 13:40:59.443595,123
Y_STR04500,Y_U0035,Y0050,2026-02-17 04:59:29.166414,241
Y_STR04501,Y_U0071,Y0049,2026-02-16 03:23:28.013507,50
Y_STR04502,Y_U0006,Y0030,2026-03-05 15:37:00.369820,128
Y_STR04503,Y_U0019,Y0040,2026-02-15 17:13:09.808444,83
Y_STR04504,Y_U0028,Y0042,2026-03-01 16:06:59.377545,118
Y_STR04505,Y_U0033,Y0037,2026-02-21 09:36:47.305444,108
Y_STR04506,Y_U0081,Y0037,2026-02-08 13:15:14.992080,334
Y_STR04507,Y_U0047,Y0033,2026-03-05 02:37:04.246481,190
Y_STR04508,Y_U0034,Y0021,2026-02-06 03:35:01.594419,161
Y_STR04509,Y_U0060,Y0041,2026-02-23 16:33:48.684170,158
Y_STR04510,Y_U0002,Y0016,2026-02-20 16:33:37.912917,71
Y_STR04511,Y_U0084,Y0027,2026-02-28 14:03:05.576334,67
Y_STR04512,Y_U0006,Y0036,2026-02-20 15:50:48.600535,81
Y_STR04513,Y_U0021,Y0009,2026-03-03 08:27:57.959022,54
Y_STR04514,Y_U0025,Y0044,2026-03-05 08:58:06.422589,132
Y_STR04515,Y_U0032,Y0034,2026-02-17 21:50:22.740663,11
Y_STR04516,Y_U0060,Y0030,2026-02-13 23:54:25.661769,18
Y_STR04517,Y_U0042,Y0042,2026-02-20 06:47:48.386387,87
Y_STR04518,Y_U0012,Y0018,2026-03-05 06:31:57.492626,171
Y_STR04519,Y_U0005,Y0029,2026-02-23 16:52:57.524028,67
Y_STR04520,Y_U0002,Y0048,2026-03-04 12:41:55.286853,153
Y_STR04521,Y_U0016,Y0045,2026-02-09 08:20:20.040305,117
Y_STR04522,Y_U0023,Y0031,2026-02-05 08:12:29.680043,109
Y_STR04523,Y_U0093,Y0028,2026-02-27 10:23:28.761708,115
Y_STR04524,Y_U0045,Y0044,2026-03-03 07:12:05.750794,272
Y_STR04525,Y_U0032,Y0046,2026-03-01 08:46:17.632504,173
Y_STR04526,Y_U0089,Y0033,2026-02-10 03:44:40.669171,181
Y_STR04527,Y_U0048,Y0032,2026-02-06 07:58:58.108734,200
Y_STR04528,Y_U0094,Y0034,2026-02-12 01:44:25.421203,39
Y_STR04529,Y_U0061,Y0032,2026-02-10 06:43:48.840894,173
Y_STR04530,Y_U0062,Y0037,2026-02-20 03:43:25.637616,61
Y_STR04531,Y_U0014,Y0021,2026-03-05 08:01:38.146069,90
Y_STR04532,Y_U0055,Y0013,2026-02-06 10:55:12.260159,20
Y_STR04533,Y_U0032,Y0041,2026-02-07 00:49:05.734245,68
Y_STR04534,Y_U0072,Y0008,2026-02-09 23:07:33.592732,115
Y_STR04535,Y_U0020,Y0032,2026-02-14 22:00:28.377546,189
Y_STR04536,Y_U0052,Y0033,2026-02-20 22:45:29.655973,26
Y_STR04537,Y_U0025,Y0038,2026-02-18 16:46:09.782677,73
Y_STR04538,Y_U0030,Y0045,2026-02-14 14:01:37.786947,44
Y_STR04539,Y_U0044,Y0021,2026-02-11 13:44:31.565555,104
Y_STR04540,Y_U0080,Y0036,2026-02-26 02:47:02.266058,77
Y_STR04541,Y_U0039,Y0040,2026-02-16 06:44:44.298424,174
Y_STR04542,Y_U0060,Y0023,2026-03-06 07:56:05.986809,64
Y_STR04543,Y_U0032,Y0036,2026-02-24 21:18:21.831651,141
Y_STR04544,Y_U0077,Y0010,2026-02-20 05:46:32.645860,182
Y_STR04545,Y_U0085,Y0049,2026-02-06 21:29:30.623639,216
Y_STR04546,Y_U0050,Y0044,2026-02-15 21:23:53.927226,17
Y_STR04547,Y_U0058,Y0037,2026-02-12 20:54:34.321639,215
Y_STR04548,Y_U0041,Y0032,2026-02-11 07:49:47.625525,161
Y_STR04549,Y_U0058,Y0045,2026-02-18 07:28:58.435653,99
Y_STR04550,Y_U0075,Y0015,2026-02-28 10:41:10.239624,58
Y_STR04551,Y_U0036,Y0020,2026-03-05 02:23:23.780592,129
Y_STR04552,Y_U0085,Y0035,2026-02-13 03:02:37.076947,71
Y_STR04553,Y_U0097,Y0013,2026-03-05 09:01:06.863029,21
Y_STR04554,Y_U0100,Y0031,2026-02-28 22:55:31.387364,94
Y_STR04555,Y_U0090,Y0046,2026-02-26 23:25:55.227972,132
Y_STR04556,Y_U0099,Y0047,2026-03-01 10:30:54.692492,195
Y_STR04557,Y_U0062,Y0038,2026-03-05 13:28:27.849503,36
Y_STR04558,Y_U0080,Y0031,2026-02-19 18:12:21.768402,140
Y_STR04559,Y_U0096,Y0024,2026-02-26 09:37:08.187513,140
Y_STR04560,Y_U0079,Y0048,2026-03-03 22:45:41.482602,92
Y_STR04561,Y_U0056,Y0025,2026-02-18 20:03:55.303439,130
Y_STR04562,Y_U0067,Y0034,2026-03-03 09:11:26.136573,83
Y_STR04563,Y_U0047,Y0025,2026-02-08 16:57:48.112240,23
Y_STR04564,Y_U0009,Y0046,2026-03-05 20:46:56.323246,134
Y_STR04565,Y_U0083,Y0040,2026-02-21 19:01:11.605750,73
Y_STR04566,Y_U0002,Y0045,2026-02-13 20:08:36.352940,196
Y_STR04567,Y_U0091,Y0015,2026-02-17 19:58:36.081714,78
Y_STR04568,Y_U0085,Y0035,2026-02-06 21:30:23.437842,163
Y_STR04569,Y_U0044,Y0035,2026-02-21 20:30:26.574146,79
Y_STR04570,Y_U0099,Y0045,2026-02-26 14:46:59.098460,223
Y_STR04571,Y_U0008,Y0040,2026-02-14 18:39:15.700496,25
Y_STR04572,Y_U0095,Y0040,2026-02-24 09:16:58.088809,175
Y_STR04573,Y_U0085,Y0024,2026-02-28 16:10:36.711777,121
Y_STR04574,Y_U0004,Y0041,2026-02-25 11:27:07.920013,167
Y_STR04575,Y_U0080,Y0032,2026-02-08 21:33:49.765752,83
Y_STR04576,Y_U0015,Y0048,2026-03-05 08:55:05.741846,219
Y_STR04577,Y_U0049,Y0021,2026-02-19 16:55:33.515771,100
Y_STR04578,Y_U0059,Y0050,2026-02-09 00:09:06.822498,78
Y_STR04579,Y_U0025,Y0034,2026-02-21 18:08:43.006466,17
Y_STR04580,Y_U0006,Y0049,2026-02-12 01:02:58.454213,67
Y_STR04581,Y_U0046,Y0047,2026-03-04 06:41:02.115224,234
Y_STR04582,Y_U0022,Y0029,2026-02-07 20:06:19.547073,52
Y_STR04583,Y_U0011,Y0014,2026-02-10 17:17:09.652146,143
Y_STR04584,Y_U0100,Y0025,2026-03-01 15:57:21.570754,64
Y_STR04585,Y_U0066,Y0015,2026-02-07 03:40:24.245473,175
Y_STR04586,Y_U0002,Y0034,2026-03-01 03:16:44.490329,106
Y_STR04587,Y_U0059,Y0044,2026-03-03 12:52:45.913651,235
Y_STR04588,Y_U0039,Y0024,2026-02-07 22:34:12.635302,190
Y_STR04589,Y_U0005,Y0033,2026-02-14 15:44:47.415154,80
Y_STR04590,Y_U0090,Y0048,2026-02-12 22:25:14.414603,14
Y_STR04591,Y_U0049,Y0027,2026-02-09 09:14:23.983469,80
Y_STR04592,Y_U0084,Y0009,2026-02-18 01:54:48.704758,5
Y_STR04593,Y_U0038,Y0043,2026-02-13 23:35:40.574209,111
Y_STR04594,Y_U0061,Y0048,2026-02-11 23:37:04.480548,33
Y_STR04595,Y_U0081,Y0040,2026-02-06 05:20:51.238733,169
Y_STR04596,Y_U0012,Y0041,2026-02-25 09:23:51.768367,151
Y_STR04597,Y_U0066,Y0026,2026-02-24 12:08:39.413347,89
Y_STR04598,Y_U0100,Y0027,2026-03-01 15:50:21.234291,72
Y_STR04599,Y_U0062,Y0029,2026-03-05 01:44:30.647985,136
Y_STR04600,Y_U0041,Y0048,2026-02-10 05:21:06.124239,221
Y_STR04601,Y_U0024,Y0041,2026-02-25 22:59:14.995702,22
Y_STR04602,Y_U0092,Y0047,2026-02-13 23:52:20.019319,133
Y_STR04603,Y_U0001,Y0021,2026-02-23 19:26:24.761442,47
Y_STR04604,Y_U0029,Y0021,2026-03-04 19:01:01.551668,69
Y_STR04605,Y_U0022,Y0036,2026-02-14 14:23:43.297144,189
Y_STR04606,Y_U0019,Y0015,2026-02-07 00:14:19.707738,98
Y_STR04607,Y_U0004,Y0017,2026-02-21 04:58:57.739053,173
Y_STR04608,Y_U0061,Y0049,2026-02-04 15:55:08.366231,131
Y_STR04609,Y_U0072,Y0038,2026-03-03 15:34:28.113760,56
Y_STR04610,Y_U0074,Y0017,2026-02-19 01:52:52.593486,216
Y_STR04611,Y_U0002,Y0037,2026-02-22 16:44:57.390715,53
Y_STR04612,Y_U0040,Y0020,2026-02-10 01:03:46.844522,239
Y_STR04613,Y_U0088,Y0047,2026-02-26 09:31:13.169850,131
Y_STR04614,Y_U0030,Y0011,2026-02-21 12:24:07.737649,57
Y_STR04615,Y_U0082,Y0026,2026-02-18 20:16:27.203915,61
Y_STR04616,Y_U0100,Y0025,2026-02-17 01:11:04.786878,165
Y_STR04617,Y_U0055,Y0013,2026-02-14 07:06:09.713172,95
Y_STR04618,Y_U0043,Y0024,2026-02-28 08:27:08.147744,243
Y_STR04619,Y_U0057,Y0024,2026-02-06 01:38:21.947156,246
Y_STR04620,Y_U0010,Y0022,2026-02-07 11:34:14.109122,12
Y_STR04621,Y_U0038,Y0043,2026-02-11 11:26:20.262558,107
Y_STR04622,Y_U0025,Y0043,2026-02-26 20:24:04.902181,86
Y_STR04623,Y_U0088,Y0049,2026-02-16 18:45:34.004472,168
Y_STR04624,Y_U0015,Y0024,2026-02-26 18:21:16.068110,162
Y_STR04625,Y_U0002,Y0043,2026-02-22 18:41:19.766219,114
Y_STR04626,Y_U0049,Y0043,2026-02-04 22:03:47.926549,193
Y_STR04627,Y_U0008,Y0028,2026-02-19 10:52:43.829343,51
Y_STR04628,Y_U0069,Y0016,2026-02-15 16:59:02.352532,101
Y_STR04629,Y_U0094,Y0024,2026-02-21 08:58:19.480828,150
Y_STR04630,Y_U0012,Y0039,2026-02-20 14:29:06.871701,142
Y_STR04631,Y_U0072,Y0035,2026-02-12 02:39:54.190006,307
Y_STR04632,Y_U0026,Y0019,2026-02-10 06:10:50.456618,156
Y_STR04633,Y_U0074,Y0033,2026-02-26 18:33:53.393158,48
Y_STR04634,Y_U0088,Y0038,2026-02-15 06:08:49.121878,81
Y_STR04635,Y_U0016,Y0034,2026-02-15 00:01:52.853937,171
Y_STR04636,Y_U0080,Y0009,2026-02-13 23:19:41.076813,108
Y_STR04637,Y_U0096,Y0025,2026-02-06 19:55:27.833867,61
Y_STR04638,Y_U0092,Y0006,2026-02-25 23:58:40.603474,153
Y_STR04639,Y_U0008,Y0023,2026-02-20 20:14:48.222177,86
Y_STR04640,Y_U0060,Y0004,2026-02-26 17:59:06.119341,132
Y_STR04641,Y_U0020,Y0033,2026-02-25 14:59:51.441233,251
Y_STR04642,Y_U0055,Y0050,2026-02-14 17:50:19.352103,262
Y_STR04643,Y_U0067,Y0022,2026-02-14 13:21:09.048735,134
Y_STR04644,Y_U0003,Y0046,2026-02-15 03:42:03.108938,58
Y_STR04645,Y_U0088,Y0033,2026-02-28 22:14:42.002684,84
Y_STR04646,Y_U0055,Y0001,2026-02-14 23:41:41.963448,7
Y_STR04647,Y_U0095,Y0029,2026-02-23 16:41:55.945959,56
Y_STR04648,Y_U0025,Y0019,2026-02-25 12:14:25.835262,109
Y_STR04649,Y_U0037,Y0047,2026-02-24 05:31:38.292381,12
Y_STR04650,Y_U0013,Y0042,2026-02-19 21:06:57.525135,283
Y_STR04651,Y_U0098,Y0018,2026-02-26 19:58:39.567400,67
Y_STR04652,Y_U0081,Y0018,2026-02-06 21:36:10.450668,153
Y_STR04653,Y_U0042,Y0047,2026-02-22 09:40:20.193109,103
Y_STR04654,Y_U0094,Y0017,2026-02-19 23:16:54.853607,177
Y_STR04655,Y_U0041,Y0027,2026-02-05 22:46:41.731804,59
Y_STR04656,Y_U0051,Y0026,2026-02-13 22:15:54.040647,40
Y_STR04657,Y_U0034,Y0031,2026-02-22 22:37:35.254306,41
Y_STR04658,Y_U0064,Y0047,2026-02-11 01:47:50.050924,98
Y_STR04659,Y_U0048,Y0016,2026-02-12 17:05:04.904604,52
Y_STR04660,Y_U0088,Y0040,2026-02-17 00:25:06.004237,70
Y_STR04661,Y_U0061,Y0011,2026-02-28 16:20:44.203397,95
Y_STR04662,Y_U0009,Y0046,2026-02-19 03:42:27.514269,66
Y_STR04663,Y_U0026,Y0033,2026-02-22 14:15:51.791587,185
Y_STR04664,Y_U0017,Y0045,2026-03-05 02:47:04.263910,51
Y_STR04665,Y_U0008,Y0049,2026-02-23 19:11:04.825710,178
Y_STR04666,Y_U0086,Y0020,2026-02-11 17:20:16.317029,146
Y_STR04667,Y_U0060,Y0046,2026-02-19 13:42:36.632619,49
Y_STR04668,Y_U0080,Y0017,2026-02-10 23:07:32.746771,218
Y_STR04669,Y_U0098,Y0040,2026-02-11 01:43:03.952584,121
Y_STR04670,Y_U0077,Y0011,2026-02-17 15:06:00.577659,219
Y_STR04671,Y_U0044,Y0048,2026-03-02 14:24:09.870329,164
Y_STR04672,Y_U0029,Y0040,2026-02-24 00:11:17.952749,43
Y_STR04673,Y_U0007,Y0033,2026-02-12 10:57:04.534011,90
Y_STR04674,Y_U0033,Y0044,2026-02-27 01:54:34.081058,41
Y_STR04675,Y_U0007,Y0026,2026-03-01 09:29:20.067292,23
Y_STR04676,Y_U0015,Y0027,2026-03-04 07:43:13.153700,89
Y_STR04677,Y_U0086,Y0049,2026-03-01 13:54:01.327608,82
Y_STR04678,Y_U0060,Y0039,2026-02-16 11:35:32.210077,81
Y_STR04679,Y_U0064,Y0009,2026-03-04 17:45:32.482651,48
Y_STR04680,Y_U0084,Y0017,2026-02-06 09:59:57.359772,157
Y_STR04681,Y_U0082,Y0024,2026-02-28 13:26:04.340431,78
Y_STR04682,Y_U0061,Y0021,2026-02-27 07:26:48.957768,63
Y_STR04683,Y_U0047,Y0033,2026-02-18 18:23:37.119621,132
Y_STR04684,Y_U0067,Y0050,2026-02-10 00:14:11.993549,65
Y_STR04685,Y_U0061,Y0046,2026-02-18 01:57:14.028418,42
Y_STR04686,Y_U0078,Y0018,2026-02-23 16:13:17.661070,191
Y_STR04687,Y_U0059,Y0037,2026-03-01 21:08:24.221044,205
Y_STR04688,Y_U0051,Y0036,2026-02-22 06:36:44.721049,40
Y_STR04689,Y_U0052,Y0039,2026-02-16 22:43:46.341902,160
Y_STR04690,Y_U0018,Y0025,2026-02-27 22:54:21.090589,156
Y_STR04691,Y_U0082,Y0037,2026-02-11 04:19:12.954002,346
Y_STR04692,Y_U0051,Y0024,2026-03-01 13:43:54.037225,151
Y_STR04693,Y_U0026,Y0043,2026-03-02 19:17:30.924682,199
Y_STR04694,Y_U0016,Y0026,2026-02-05 03:28:39.981483,75
Y_STR04695,Y_U0044,Y0035,2026-02-19 14:49:44.082829,78
Y_STR04696,Y_U0019,Y0018,2026-02-09 10:01:42.239772,17
Y_STR04697,Y_U0024,Y0026,2026-02-07 17:44:59.292958,120
Y_STR04698,Y_U0022,Y0017,2026-02-23 15:13:34.234215,66
Y_STR04699,Y_U0031,Y0026,2026-02-11 07:15:26.776322,54
Y_STR04700,Y_U0036,Y0033,2026-03-04 04:43:07.046161,57
Y_STR04701,Y_U0066,Y0026,2026-03-01 01:54:56.519505,93
Y_STR04702,Y_U0092,Y0032,2026-02-23 07:04:27.461882,222
Y_STR04703,Y_U0097,Y0037,2026-02-21 03:56:20.772053,17
Y_STR04704,Y_U0017,Y0028,2026-02-23 16:40:43.758723,157
Y_STR04705,Y_U0089,Y0034,2026-02-12 08:11:41.260092,56
Y_STR04706,Y_U0013,Y0028,2026-02-06 02:44:37.323040,72
Y_STR04707,Y_U0024,Y0041,2026-02-14 10:55:57.642081,37
Y_STR04708,Y_U0013,Y0015,2026-02-24 06:54:07.009509,69
Y_STR04709,Y_U0044,Y0023,2026-02-17 07:31:20.575495,108
Y_STR04710,Y_U0089,Y0050,2026-02-27 15:23:40.851925,190
Y_STR04711,Y_U0003,Y0031,2026-02-13 13:35:18.015913,100
Y_STR04712,Y_U0058,Y0028,2026-02-20 03:01:04.484890,144
Y_STR04713,Y_U0066,Y0035,2026-02-08 13:46:21.988499,83
Y_STR04714,Y_U0099,Y0041,2026-02-16 17:47:28.304985,161
Y_STR04715,Y_U0065,Y0016,2026-02-09 16:27:44.740012,122
Y_STR04716,Y_U0013,Y0046,2026-02-27 05:58:09.604085,7
Y_STR04717,Y_U0082,Y0048,2026-02-08 16:52:00.372621,122
Y_STR04718,Y_U0071,Y0048,2026-02-23 18:40:56.999261,139
Y_STR04719,Y_U0073,Y0019,2026-02-07 16:50:15.525144,104
Y_STR04720,Y_U0027,Y0040,2026-02-13 17:11:37.630106,268
Y_STR04721,Y_U0032,Y0046,2026-03-03 02:06:50.145053,172
Y_STR04722,Y_U0092,Y0043,2026-02-12 09:14:08.290367,74
Y_STR04723,Y_U0095,Y0035,2026-02-21 14:16:10.163146,137
Y_STR04724,Y_U0051,Y0045,2026-02-09 13:57:17.164739,61
Y_STR04725,Y_U0006,Y0048,2026-02-11 20:35:41.730189,104
Y_STR04726,Y_U0022,Y0043,2026-02-27 04:40:28.804152,44
Y_STR04727,Y_U0079,Y0029,2026-02-14 22:49:07.137163,85
Y_STR04728,Y_U0094,Y0038,2026-03-06 08:11:51.783456,94
Y_STR04729,Y_U0084,Y0037,2026-02-09 12:09:43.616935,146
Y_STR04730,Y_U0046,Y0043,2026-02-22 11:42:22.240103,99
Y_STR04731,Y_U0045,Y0042,2026-02-15 21:29:18.407549,174
Y_STR04732,Y_U0078,Y0025,2026-02-15 00:02:19.550306,154
Y_STR04733,Y_U0048,Y0028,2026-02-24 22:36:04.733962,247
Y_STR04734,Y_U0022,Y0043,2026-02-28 14:33:45.366639,201
Y_STR04735,Y_U0078,Y0045,2026-03-03 18:14:08.048557,27
Y_STR04736,Y_U0007,Y0008,2026-02-18 15:34:34.430314,50
Y_STR04737,Y_U0088,Y0037,2026-03-02 11:07:29.503327,275
Y_STR04738,Y_U0015,Y0048,2026-02-22 09:37:47.749546,58
Y_STR04739,Y_U0044,Y0017,2026-02-07 00:54:13.525685,37
Y_STR04740,Y_U0028,Y0043,2026-02-24 10:46:52.882224,157
Y_STR04741,Y_U0092,Y0031,2026-02-25 01:43:53.084460,11
Y_STR04742,Y_U0066,Y0034,2026-02-17 21:14:26.000675,142
Y_STR04743,Y_U0060,Y0026,2026-02-06 03:32:04.698884,48
Y_STR04744,Y_U0099,Y0023,2026-02-15 08:15:11.297242,23
Y_STR04745,Y_U0088,Y0035,2026-02-26 17:31:46.562511,102
Y_STR04746,Y_U0046,Y0026,2026-02-22 17:12:16.493717,55
Y_STR04747,Y_U0049,Y0016,2026-02-15 23:47:44.068089,58
Y_STR04748,Y_U0021,Y0044,2026-02-18 20:08:33.674715,38
Y_STR04749,Y_U0058,Y0039,2026-02-28 06:32:56.808688,80
Y_STR04750,Y_U0034,Y0042,2026-03-05 04:16:13.503938,326
Y_STR04751,Y_U0078,Y0035,2026-02-08 18:31:34.625423,310
Y_STR04752,Y_U0018,Y0030,2026-02-12 00:24:26.874114,11
Y_STR04753,Y_U0059,Y0036,2026-02-14 07:02:15.084354,145
Y_STR04754,Y_U0062,Y0023,2026-02-06 14:02:31.333290,127
Y_STR04755,Y_U0005,Y0045,2026-02-28 18:00:22.697106,148
Y_STR04756,Y_U0085,Y0026,2026-02-06 14:45:28.246773,89
Y_STR04757,Y_U0015,Y0024,2026-02-25 05:49:15.979640,293
Y_STR04758,Y_U0053,Y0040,2026-03-01 04:26:05.434600,300
Y_STR04759,Y_U0015,Y0037,2026-02-15 22:16:37.707300,25
Y_STR04760,Y_U0028,Y0049,2026-02-05 00:39:39.419107,238
Y_STR04761,Y_U0094,Y0039,2026-02-18 02:01:42.317559,29
Y_STR04762,Y_U0045,Y0049,2026-02-05 02:49:58.622225,212
Y_STR04763,Y_U0064,Y0045,2026-02-12 15:45:44.324840,17
Y_STR04764,Y_U0049,Y0043,2026-02-06 05:57:33.258569,148
Y_STR04765,Y_U0083,Y0027,2026-03-04 08:27:39.748137,92
Y_STR04766,Y_U0089,Y0035,2026-03-04 18:31:53.440543,311
Y_STR04767,Y_U0100,Y0024,2026-02-20 14:28:26.404201,30
Y_STR04768,Y_U0056,Y0031,2026-02-11 23:10:51.718232,28
Y_STR04769,Y_U0093,Y0023,2026-02-25 06:03:17.940201,61
Y_STR04770,Y_U0098,Y0014,2026-02-15 19:58:02.406029,13
Y_STR04771,Y_U0095,Y0049,2026-02-13 11:06:49.169131,9
Y_STR04772,Y_U0053,Y0047,2026-02-27 08:28:32.556554,228
Y_STR04773,Y_U0068,Y0021,2026-02-22 08:49:11.209917,56
Y_STR04774,Y_U0060,Y0025,2026-02-18 03:29:36.897371,80
Y_STR04775,Y_U0088,Y0037,2026-03-04 05:58:43.021925,114
Y_STR04776,Y_U0013,Y0025,2026-03-01 19:34:38.606963,38
Y_STR04777,Y_U0046,Y0043,2026-02-19 18:59:35.175207,52
Y_STR04778,Y_U0015,Y0035,2026-02-10 23:24:26.694794,178
Y_STR04779,Y_U0036,Y0024,2026-03-04 13:47:49.556087,92
Y_STR04780,Y_U0018,Y0014,2026-02-21 19:59:54.932413,152
Y_STR04781,Y_U0091,Y0034,2026-02-15 05:28:01.947718,171
Y_STR04782,Y_U0047,Y0036,2026-02-22 03:59:55.210994,113
Y_STR04783,Y_U0019,Y0042,2026-02-17 23:56:09.144127,269
Y_STR04784,Y_U0073,Y0019,2026-02-12 07:34:41.298510,75
Y_STR04785,Y_U0048,Y0049,2026-02-27 00:18:42.498403,238
Y_STR04786,Y_U0043,Y0020,2026-02-12 13:46:30.233077,122
Y_STR04787,Y_U0035,Y0044,2026-03-03 23:05:42.302997,135
Y_STR04788,Y_U0058,Y0050,2026-02-26 04:58:20.519984,219
Y_STR04789,Y_U0032,Y0043,2026-03-02 13:44:03.355140,155
Y_STR04790,Y_U0072,Y0033,2026-02-08 20:58:52.743320,235
Y_STR04791,Y_U0071,Y0044,2026-02-16 21:48:08.316347,174
Y_STR04792,Y_U0025,Y0024,2026-02-19 03:03:54.114398,170
Y_STR04793,Y_U0073,Y0039,2026-02-11 01:44:57.124745,310
Y_STR04794,Y_U0072,Y0028,2026-02-08 08:45:26.066830,156
Y_STR04795,Y_U0049,Y0023,2026-02-24 12:17:20.198297,38
Y_STR04796,Y_U0087,Y0032,2026-03-03 02:35:40.030978,12
Y_STR04797,Y_U0022,Y0027,2026-03-05 05:03:18.697965,31
Y_STR04798,Y_U0077,Y0020,2026-02-07 03:18:06.157277,159
Y_STR04799,Y_U0093,Y0044,2026-03-05 02:28:55.008614,196
Y_STR04800,Y_U0088,Y0044,2026-02-09 04:47:44.936498,180
Y_STR04801,Y_U0049,Y0041,2026-02-17 05:03:38.239269,106
Y_STR04802,Y_U0091,Y0045,2026-02-08 02:42:48.023180,213
Y_STR04803,Y_U0079,Y0028,2026-02-28 10:00:27.285818,221
Y_STR04804,Y_U0030,Y0045,2026-03-02 00:41:41.630009,25
Y_STR04805,Y_U0050,Y0049,2026-02-24 18:02:30.568033,101
Y_STR04806,Y_U0032,Y0020,2026-02-09 02:13:23.527693,80
Y_STR04807,Y_U0069,Y0026,2026-02-20 14:08:18.983825,75
Y_STR04808,Y_U0014,Y0029,2026-02-06 20:09:39.053328,20
Y_STR04809,Y_U0071,Y0050,2026-02-12 09:49:21.808295,313
Y_STR04810,Y_U0001,Y0004,2026-02-09 09:01:20.294515,63
Y_STR04811,Y_U0007,Y0043,2026-02-24 01:16:58.469483,21
Y_STR04812,Y_U0009,Y0045,2026-02-21 01:36:40.329720,131
Y_STR04813,Y_U0014,Y0049,2026-02-22 15:26:24.719204,149
Y_STR04814,Y_U0030,Y0037,2026-03-06 05:59:54.094807,210
Y_STR04815,Y_U0070,Y0037,2026-02-28 15:22:08.712849,109
Y_STR04816,Y_U0023,Y0042,2026-02-16 04:44:51.405793,267
Y_STR04817,Y_U0061,Y0016,2026-02-28 07:41:14.733699,44
Y_STR04818,Y_U0070,Y0050,2026-02-04 11:46:02.493954,268
Y_STR04819,Y_U0060,Y0019,2026-02-15 21:09:08.494842,6
Y_STR04820,Y_U0073,Y0026,2026-02-11 04:01:57.378533,119
Y_STR04821,Y_U0048,Y0010,2026-02-05 05:14:20.279237,134
Y_STR04822,Y_U0006,Y0050,2026-03-06 09:40:12.838818,22
Y_STR04823,Y_U0022,Y0022,2026-03-06 05:51:15.797700,163
Y_STR04824,Y_U0036,Y0030,2026-02-11 09:30:01.525670,17
Y_STR04825,Y_U0072,Y0024,2026-02-15 09:05:52.953729,275
Y_STR04826,Y_U0048,Y0039,2026-02-22 19:39:49.076402,211
Y_STR04827,Y_U0024,Y0035,2026-02-09 01:41:51.839437,62
Y_STR04828,Y_U0091,Y0009,2026-02-12 12:13:07.628434,125
Y_STR04829,Y_U0060,Y0013,2026-02-07 21:47:20.213231,89
Y_STR04830,Y_U0002,Y0047,2026-02-18 01:47:47.186412,128
Y_STR04831,Y_U0029,Y0046,2026-02-14 10:32:45.484054,193
Y_STR04832,Y_U0019,Y0050,2026-02-24 09:05:51.804748,105
Y_STR04833,Y_U0019,Y0035,2026-02-24 03:31:48.752819,342
Y_STR04834,Y_U0082,Y0035,2026-02-13 17:32:26.778846,218
Y_STR04835,Y_U0073,Y0033,2026-03-04 14:17:29.345577,18
Y_STR04836,Y_U0057,Y0043,2026-02-12 05:43:25.231314,161
Y_STR04837,Y_U0030,Y0029,2026-02-07 07:32:21.030038,59
Y_STR04838,Y_U0099,Y0017,2026-02-19 10:06:41.210761,151
Y_STR04839,Y_U0089,Y0040,2026-02-19 23:09:58.314610,285
Y_STR04840,Y_U0017,Y0050,2026-03-03 10:01:56.926595,59
Y_STR04841,Y_U0027,Y0019,2026-02-07 16:49:12.718770,195
Y_STR04842,Y_U0045,Y0021,2026-02-26 13:17:25.842355,38
Y_STR04843,Y_U0041,Y0021,2026-02-11 09:24:51.152414,16
Y_STR04844,Y_U0020,Y0035,2026-02-11 03:18:50.572906,41
Y_STR04845,Y_U0086,Y0020,2026-02-16 07:44:05.659899,41
Y_STR04846,Y_U0084,Y0037,2026-02-24 06:23:38.157101,326
Y_STR04847,Y_U0074,Y0023,2026-02-04 20:25:46.304759,30
Y_STR04848,Y_U0039,Y0020,2026-02-20 20:33:52.495630,317
Y_STR04849,Y_U0071,Y0041,2026-03-02 18:40:55.795993,68
Y_STR04850,Y_U0025,Y0040,2026-02-20 04:58:50.287621,38
Y_STR04851,Y_U0077,Y0030,2026-02-09 21:18:06.113118,113
Y_STR04852,Y_U0064,Y0045,2026-02-26 20:43:10.222353,154
Y_STR04853,Y_U0013,Y0020,2026-02-24 09:26:42.289380,270
Y_STR04854,Y_U0051,Y0028,2026-02-07 19:48:48.869461,111
Y_STR04855,Y_U0004,Y0009,2026-02-26 20:42:45.930260,144
Y_STR04856,Y_U0031,Y0028,2026-02-27 22:49:50.453872,59
Y_STR04857,Y_U0007,Y0016,2026-02-15 01:54:14.579742,82
Y_STR04858,Y_U0060,Y0050,2026-02-08 21:46:36.720606,13
Y_STR04859,Y_U0016,Y0002,2026-02-04 17:55:25.483229,127
Y_STR04860,Y_U0015,Y0035,2026-03-06 04:24:22.582229,72
Y_STR04861,Y_U0063,Y0036,2026-02-22 03:15:12.108302,80
Y_STR04862,Y_U0019,Y0039,2026-02-18 12:23:06.961453,192
Y_STR04863,Y_U0027,Y0048,2026-02-12 14:40:02.803225,51
Y_STR04864,Y_U0076,Y0044,2026-02-11 16:20:20.487467,306
Y_STR04865,Y_U0055,Y0049,2026-02-10 10:38:00.723374,250
Y_STR04866,Y_U0056,Y0043,2026-02-25 00:13:46.437972,39
Y_STR04867,Y_U0032,Y0046,2026-02-10 03:25:43.269815,106
Y_STR04868,Y_U0044,Y0010,2026-02-14 13:31:58.120811,177
Y_STR04869,Y_U0047,Y0048,2026-02-24 19:12:20.202931,185
Y_STR04870,Y_U0083,Y0043,2026-02-18 07:48:02.700646,7
Y_STR04871,Y_U0018,Y0015,2026-03-05 05:05:01.667196,300
Y_STR04872,Y_U0003,Y0020,2026-03-02 01:00:51.736987,263
Y_STR04873,Y_U0040,Y0027,2026-02-15 01:39:04.055829,100
Y_STR04874,Y_U0090,Y0030,2026-02-27 18:00:46.864701,39
Y_STR04875,Y_U0001,Y0035,2026-02-24 18:55:13.277834,297
Y_STR04876,Y_U0073,Y0040,2026-02-11 09:39:31.253677,49
Y_STR04877,Y_U0090,Y0042,2026-02-14 13:06:31.172818,89
Y_STR04878,Y_U0041,Y0048,2026-03-02 12:01:03.685127,211
Y_STR04879,Y_U0009,Y0042,2026-02-25 02:46:38.010100,37
Y_STR04880,Y_U0060,Y0032,2026-02-17 21:40:43.729734,95
Y_STR04881,Y_U0082,Y0030,2026-02-28 03:34:10.057783,78
Y_STR04882,Y_U0038,Y0021,2026-02-08 00:27:17.937546,77
Y_STR04883,Y_U0006,Y0036,2026-03-03 21:48:41.351454,189
Y_STR04884,Y_U0056,Y0023,2026-02-25 23:57:45.676126,36
Y_STR04885,Y_U0065,Y0015,2026-02-13 07:47:50.999132,252
Y_STR04886,Y_U0018,Y0030,2026-02-11 15:47:33.357695,5
Y_STR04887,Y_U0051,Y0042,2026-02-06 12:00:34.846929,179
Y_STR04888,Y_U0084,Y0008,2026-02-27 15:29:07.606079,126
Y_STR04889,Y_U0098,Y0049,2026-02-21 11:26:39.998003,194
Y_STR04890,Y_U0008,Y0040,2026-03-03 04:22:46.123737,197
Y_STR04891,Y_U0091,Y0045,2026-03-01 14:13:26.746977,33
Y_STR04892,Y_U0036,Y0046,2026-02-10 15:13:02.243396,238
Y_STR04893,Y_U0073,Y0034,2026-02-25 08:04:04.422998,117
Y_STR04894,Y_U0022,Y0039,2026-02-07 03:57:25.592211,37
Y_STR04895,Y_U0003,Y0033,2026-02-27 05:52:54.480071,32
Y_STR04896,Y_U0092,Y0046,2026-02-23 10:24:29.307624,19
Y_STR04897,Y_U0065,Y0017,2026-02-18 05:38:28.788660,71
Y_STR04898,Y_U0042,Y0033,2026-03-05 19:46:58.833864,183
Y_STR04899,Y_U0091,Y0016,2026-02-28 11:21:23.846277,90
Y_STR04900,Y_U0076,Y0044,2026-02-12 19:35:33.694924,160
Y_STR04901,Y_U0065,Y0043,2026-02-14 00:32:39.678810,103
Y_STR04902,Y_U0027,Y0037,2026-03-02 08:00:04.666194,135
Y_STR04903,Y_U0063,Y0031,2026-03-02 07:29:30.388813,155
Y_STR04904,Y_U0097,Y0042,2026-02-17 18:05:43.790993,230
Y_STR04905,Y_U0067,Y0047,2026-02-23 04:12:33.406970,120
Y_STR04906,Y_U0063,Y0030,2026-02-23 09:58:31.697757,38
Y_STR04907,Y_U0013,Y0039,2026-03-04 05:07:58.792137,268
Y_STR04908,Y_U0031,Y0029,2026-02-13 20:10:53.818772,132
Y_STR04909,Y_U0082,Y0028,2026-02-17 15:11:29.825353,244
Y_STR04910,Y_U0093,Y0043,2026-02-13 22:49:10.817217,53
Y_STR04911,Y_U0079,Y0040,2026-02-05 10:03:49.768584,234
Y_STR04912,Y_U0062,Y0035,2026-02-18 19:21:27.164270,318
Y_STR04913,Y_U0005,Y0021,2026-03-03 08:47:55.048217,36
Y_STR04914,Y_U0082,Y0043,2026-02-12 06:39:55.958205,86
Y_STR04915,Y_U0057,Y0011,2026-02-17 11:38:33.751139,240
Y_STR04916,Y_U0051,Y0016,2026-02-23 11:56:10.430711,15
Y_STR04917,Y_U0074,Y0023,2026-02-27 23:15:02.364916,76
Y_STR04918,Y_U0025,Y0043,2026-02-09 16:36:11.306382,77
Y_STR04919,Y_U0043,Y0030,2026-02-10 22:51:47.627853,60
Y_STR04920,Y_U0097,Y0022,2026-03-03 12:59:19.584023,149
Y_STR04921,Y_U0073,Y0029,2026-02-08 19:00:35.656226,75
Y_STR04922,Y_U0078,Y0023,2026-02-26 16:22:21.532763,119
Y_STR04923,Y_U0021,Y0050,2026-02-05 14:49:44.756139,287
Y_STR04924,Y_U0025,Y0036,2026-02-25 22:20:36.112301,138
Y_STR04925,Y_U0082,Y0028,2026-02-12 19:34:20.668527,206
Y_STR04926,Y_U0081,Y0047,2026-02-22 21:10:50.658133,63
Y_STR04927,Y_U0070,Y0047,2026-02-22 14:32:19.706760,120
Y_STR04928,Y_U0022,Y0036,2026-02-23 06:52:13.379047,135
Y_STR04929,Y_U0091,Y0021,2026-02-18 16:00:22.815548,140
Y_STR04930,Y_U0050,Y0029,2026-02-12 22:37:41.482836,64
Y_STR04931,Y_U0035,Y0018,2026-03-05 21:07:29.318343,120
Y_STR04932,Y_U0085,Y0047,2026-03-05 04:13:10.733876,5
Y_STR04933,Y_U0020,Y0022,2026-02-07 04:51:47.962308,125
Y_STR04934,Y_U0074,Y0050,2026-03-02 03:01:03.374618,51
Y_STR04935,Y_U0019,Y0014,2026-02-10 00:31:36.705271,76
Y_STR04936,Y_U0053,Y0042,2026-02-21 02:21:56.200294,279
Y_STR04937,Y_U0085,Y0005,2026-02-10 22:43:27.349435,81
Y_STR04938,Y_U0024,Y0034,2026-02-08 08:10:44.501641,193
Y_STR04939,Y_U0019,Y0044,2026-02-28 20:27:45.626012,62
Y_STR04940,Y_U0099,Y0050,2026-02-11 14:08:56.440210,36
Y_STR04941,Y_U0041,Y0044,2026-02-17 14:52:23.694994,109
Y_STR04942,Y_U0040,Y0048,2026-02-15 11:40:36.490363,189
Y_STR04943,Y_U0076,Y0034,2026-02-27 09:54:05.467396,162
Y_STR04944,Y_U0009,Y0011,2026-02-10 11:49:14.157460,155
Y_STR04945,Y_U0045,Y0031,2026-02-28 03:38:06.658657,148
Y_STR04946,Y_U0075,Y0009,2026-02-27 12:20:44.964281,44
Y_STR04947,Y_U0049,Y0029,2026-02-10 10:14:02.000484,146
Y_STR04948,Y_U0092,Y0037,2026-02-10 00:24:43.940938,332
Y_STR04949,Y_U0041,Y0044,2026-02-26 21:04:43.761034,100
Y_STR04950,Y_U0020,Y0013,2026-02-24 03:57:20.416573,147
Y_STR04951,Y_U0044,Y0045,2026-03-04 21:01:42.452109,217
Y_STR04952,Y_U0050,Y0023,2026-02-17 09:59:31.928758,64
Y_STR04953,Y_U0009,Y0035,2026-02-25 08:32:03.458992,302
Y_STR04954,Y_U0001,Y0044,2026-02-10 15:39:17.655112,238
Y_STR04955,Y_U0018,Y0049,2026-02-08 15:26:46.911426,109
Y_STR04956,Y_U0003,Y0038,2026-03-03 12:26:25.949804,26
Y_STR04957,Y_U0042,Y0024,2026-02-19 10:57:59.601742,18
Y_STR04958,Y_U0050,Y0042,2026-03-02 06:46:00.500427,307
Y_STR04959,Y_U0071,Y0047,2026-02-27 09:25:41.958488,55
Y_STR04960,Y_U0038,Y0038,2026-02-17 05:50:23.842171,96
Y_STR04961,Y_U0070,Y0029,2026-02-08 08:43:06.651744,45
Y_STR04962,Y_U0002,Y0046,2026-02-22 14:16:05.662707,216
Y_STR04963,Y_U0071,Y0035,2026-02-11 01:47:18.541784,324
Y_STR04964,Y_U0092,Y0047,2026-03-05 07:32:32.006358,159
Y_STR04965,Y_U0025,Y0019,2026-02-05 14:23:11.182701,195
Y_STR04966,Y_U0097,Y0046,2026-02-04 12:19:01.049971,65
Y_STR04967,Y_U0050,Y0033,2026-03-01 23:29:48.420935,84
Y_STR04968,Y_U0073,Y0024,2026-02-12 06:31:00.221439,234
Y_STR04969,Y_U0004,Y0017,2026-02-21 12:57:58.569606,233
Y_STR04970,Y_U0024,Y0016,2026-02-13 17:15:34.649678,79
Y_STR04971,Y_U0071,Y0021,2026-03-03 01:36:27.228840,94
Y_STR04972,Y_U0018,Y0049,2026-02-17 04:33:22.105565,122
Y_STR04973,Y_U0038,Y0043,2026-02-27 21:09:06.877293,198
Y_STR04974,Y_U0003,Y0033,2026-02-14 07:51:07.153551,178
Y_STR04975,Y_U0046,Y0043,2026-02-26 00:44:47.014375,32
Y_STR04976,Y_U0029,Y0033,2026-02-12 13:58:27.701849,167
Y_STR04977,Y_U0067,Y0041,2026-02-19 14:44:49.823221,130
Y_STR04978,Y_U0034,Y0024,2026-02-05 20:04:13.968274,61
Y_STR04979,Y_U0031,Y0047,2026-02-25 09:28:37.954713,96
Y_STR04980,Y_U0064,Y0045,2026-03-01 17:32:43.813228,160
Y_STR04981,Y_U0041,Y0047,2026-02-24 04:11:28.708112,102
Y_STR04982,Y_U0029,Y0044,2026-02-13 21:29:08.906317,137
Y_STR04983,Y_U0003,Y0022,2026-02-10 15:21:30.331645,140
Y_STR04984,Y_U0036,Y0041,2026-03-06 01:38:08.472318,45
Y_STR04985,Y_U0054,Y0028,2026-02-07 09:25:41.963291,224
Y_STR04986,Y_U0017,Y0035,2026-02-26 17:32:16.696245,120
Y_STR04987,Y_U0013,Y0024,2026-02-25 23:38:42.987281,134
Y_STR04988,Y_U0087,Y0036,2026-02-14 11:21:45.777560,215
Y_STR04989,Y_U0030,Y0027,2026-02-23 06:45:09.027730,139
Y_STR04990,Y_U0029,Y0034,2026-02-12 13:03:36.694018,51
Y_STR04991,Y_U0074,Y0029,2026-02-22 10:40:46.877631,73
Y_STR04992,Y_U0100,Y0009,2026-02-06 11:07:22.969007,61
Y_STR04993,Y_U0070,Y0043,2026-02-11 08:03:03.072142,104
Y_STR04994,Y_U0091,Y0008,2026-02-16 20:03:58.382906,113
Y_STR04995,Y_U0052,Y0032,2026-02-08 17:39:52.950061,199
Y_STR04996,Y_U0015,Y0049,2026-02-19 13:49:27.278289,71
Y_STR04997,Y_U0096,Y0042,2026-02-18 00:20:41.933978,201
Y_STR04998,Y_U0056,Y0044,2026-02-28 01:43:19.254341,69
Y_STR04999,Y_U0007,Y0045,2026-02-25 08:29:38.117825,188
Y_STR05000,Y_U0069,Y0020,2026-02-20 12:49:10.544935,7
Y_STR05001,Y_U0034,Y0049,2026-02-24 05:04:28.828665,43
Y_STR05002,Y_U0072,Y0036,2026-02-15 10:50:12.366943,168
Y_STR05003,Y_U0078,Y0049,2026-02-15 01:26:29.088926,66
Y_STR05004,Y_U0071,Y0038,2026-02-06 23:58:01.758636,56
Y_STR05005,Y_U0017,Y0043,2026-02-22 09:24:13.573939,81
Y_STR05006,Y_U0036,Y0046,2026-02-11 18:56:15.841005,192
Y_STR05007,Y_U0090,Y0045,2026-02-28 11:33:52.578650,98
Y_STR05008,Y_U0010,Y0042,2026-02-05 18:18:18.679346,126
Y_STR05009,Y_U0018,Y0044,2026-02-16 15:37:13.839513,105
Y_STR05010,Y_U0003,Y0046,2026-02-10 13:16:44.388432,188
Y_STR05011,Y_U0007,Y0026,2026-02-20 11:44:00.751955,103
Y_STR05012,Y_U0053,Y0041,2026-02-22 06:36:37.255534,103
Y_STR05013,Y_U0018,Y0042,2026-02-21 09:37:02.817044,93
Y_STR05014,Y_U0045,Y0011,2026-02-13 03:41:45.138308,17
Y_STR05015,Y_U0100,Y0034,2026-03-04 21:55:25.033132,52
Y_STR05016,Y_U0011,Y0024,2026-02-16 08:51:35.566142,87
Y_STR05017,Y_U0092,Y0036,2026-02-21 11:20:20.500221,14
Y_STR05018,Y_U0091,Y0008,2026-02-13 01:05:57.745639,170
Y_STR05019,Y_U0042,Y0042,2026-02-27 13:47:48.490780,147
Y_STR05020,Y_U0034,Y0033,2026-02-06 20:04:01.811238,246
Y_STR05021,Y_U0052,Y0043,2026-02-26 00:45:06.143833,95
Y_STR05022,Y_U0073,Y0025,2026-02-12 23:44:43.570575,184
Y_STR05023,Y_U0022,Y0005,2026-02-28 09:06:22.376724,215
Y_STR05024,Y_U0050,Y0024,2026-03-04 22:54:57.928707,164
Y_STR05025,Y_U0092,Y0046,2026-03-03 02:53:38.371745,85
Y_STR05026,Y_U0069,Y0036,2026-02-15 20:31:45.499015,222
Y_STR05027,Y_U0059,Y0029,2026-02-17 12:22:25.079988,160
Y_STR05028,Y_U0058,Y0047,2026-02-19 06:40:51.762196,169
Y_STR05029,Y_U0006,Y0046,2026-02-11 03:51:10.369047,107
Y_STR05030,Y_U0046,Y0029,2026-02-14 01:40:33.240181,88
Y_STR05031,Y_U0035,Y0016,2026-02-17 03:51:53.714412,129
Y_STR05032,Y_U0067,Y0045,2026-02-17 02:15:19.174191,149
Y_STR05033,Y_U0024,Y0043,2026-02-25 16:08:43.528150,108
Y_STR05034,Y_U0038,Y0048,2026-02-28 08:35:02.173739,26
Y_STR05035,Y_U0005,Y0048,2026-02-12 15:47:23.822296,150
Y_STR05036,Y_U0069,Y0025,2026-02-13 20:10:51.141488,157
Y_STR05037,Y_U0100,Y0030,2026-02-07 12:18:09.648887,147
Y_STR05038,Y_U0014,Y0028,2026-02-13 09:09:58.015107,215
Y_STR05039,Y_U0098,Y0030,2026-02-06 22:29:33.104928,124
Y_STR05040,Y_U0070,Y0039,2026-02-19 23:28:42.820870,37
Y_STR05041,Y_U0085,Y0049,2026-02-15 13:17:12.313455,79
Y_STR05042,Y_U0087,Y0043,2026-02-20 02:19:54.503221,122
Y_STR05043,Y_U0051,Y0049,2026-02-24 16:13:23.578335,60
Y_STR05044,Y_U0016,Y0046,2026-03-05 03:47:27.593760,71
Y_STR05045,Y_U0030,Y0040,2026-02-22 05:32:57.506179,69
Y_STR05046,Y_U0077,Y0025,2026-02-18 21:05:02.283873,78
Y_STR05047,Y_U0023,Y0033,2026-02-13 23:21:52.686826,229
Y_STR05048,Y_U0015,Y0024,2026-02-21 15:01:16.563163,204
Y_STR05049,Y_U0079,Y0041,2026-02-26 23:06:48.347092,157
Y_STR05050,Y_U0091,Y0046,2026-02-06 14:56:11.330419,148
Y_STR05051,Y_U0022,Y0018,2026-03-05 02:24:09.452639,108
Y_STR05052,Y_U0080,Y0048,2026-02-18 22:20:17.510520,138
Y_STR05053,Y_U0058,Y0045,2026-03-02 10:22:41.622321,227
Y_STR05054,Y_U0081,Y0020,2026-02-21 15:05:43.766451,148
Y_STR05055,Y_U0095,Y0012,2026-02-12 10:07:26.811780,214
Y_STR05056,Y_U0073,Y0040,2026-02-06 14:30:56.666180,244
Y_STR05057,Y_U0063,Y0050,2026-02-07 07:35:12.496486,194
Y_STR05058,Y_U0020,Y0046,2026-02-14 04:45:10.148473,220
Y_STR05059,Y_U0008,Y0019,2026-02-23 05:56:46.055533,109
Y_STR05060,Y_U0026,Y0027,2026-02-15 15:28:49.417158,6
Y_STR05061,Y_U0069,Y0010,2026-02-22 11:53:35.106009,187
Y_STR05062,Y_U0070,Y0048,2026-02-05 18:49:18.939353,116
Y_STR05063,Y_U0036,Y0031,2026-02-26 22:23:39.570287,149
Y_STR05064,Y_U0079,Y0040,2026-02-12 07:26:04.752476,20
Y_STR05065,Y_U0042,Y0013,2026-03-02 04:55:04.477293,127
Y_STR05066,Y_U0059,Y0039,2026-03-03 21:22:59.290784,96
Y_STR05067,Y_U0050,Y0045,2026-02-07 03:48:27.586769,121
Y_STR05068,Y_U0063,Y0048,2026-02-21 06:02:15.627616,217
Y_STR05069,Y_U0078,Y0015,2026-02-16 04:07:38.605856,256
Y_STR05070,Y_U0068,Y0011,2026-02-10 22:12:40.433095,37
Y_STR05071,Y_U0036,Y0030,2026-02-06 04:29:03.054002,33
Y_STR05072,Y_U0021,Y0040,2026-02-09 14:38:54.188471,7
Y_STR05073,Y_U0038,Y0019,2026-02-26 20:43:22.089092,18
Y_STR05074,Y_U0005,Y0036,2026-02-09 02:47:43.189287,79
Y_STR05075,Y_U0077,Y0040,2026-02-27 23:12:18.851134,191
Y_STR05076,Y_U0059,Y0036,2026-02-21 04:38:12.022451,9
Y_STR05077,Y_U0054,Y0040,2026-02-11 22:49:08.651187,69
Y_STR05078,Y_U0096,Y0014,2026-03-03 05:37:50.245034,82
Y_STR05079,Y_U0040,Y0029,2026-02-05 16:37:52.083665,21
Y_STR05080,Y_U0059,Y0036,2026-02-11 02:11:38.318204,231
Y_STR05081,Y_U0069,Y0033,2026-02-25 15:32:52.212852,87
Y_STR05082,Y_U0084,Y0048,2026-02-16 12:14:34.767926,72
Y_STR05083,Y_U0055,Y0030,2026-02-05 07:26:52.590188,99
Y_STR05084,Y_U0073,Y0010,2026-02-18 23:18:49.554758,27
Y_STR05085,Y_U0040,Y0042,2026-02-23 13:27:52.336350,103
Y_STR05086,Y_U0051,Y0033,2026-03-04 16:10:47.134945,189
Y_STR05087,Y_U0076,Y0039,2026-02-05 12:50:19.605033,43
Y_STR05088,Y_U0096,Y0034,2026-02-12 23:57:24.416300,121
Y_STR05089,Y_U0035,Y0038,2026-02-08 23:44:35.912267,177
Y_STR05090,Y_U0099,Y0027,2026-02-11 07:25:18.519627,122
Y_STR05091,Y_U0004,Y0037,2026-02-07 08:55:08.163587,5
Y_STR05092,Y_U0063,Y0029,2026-02-17 07:02:15.433933,120
Y_STR05093,Y_U0016,Y0039,2026-02-08 01:03:55.797264,249
Y_STR05094,Y_U0062,Y0046,2026-02-18 11:38:28.438554,260
Y_STR05095,Y_U0043,Y0046,2026-02-07 23:57:34.645501,244
Y_STR05096,Y_U0097,Y0037,2026-02-11 12:35:29.456089,98
Y_STR05097,Y_U0045,Y0006,2026-02-21 03:15:35.726538,244
Y_STR05098,Y_U0038,Y0033,2026-03-06 03:18:26.060356,291
Y_STR05099,Y_U0024,Y0046,2026-03-02 13:55:47.426217,63
Y_STR05100,Y_U0094,Y0036,2026-02-08 13:28:40.688264,187
Y_STR05101,Y_U0027,Y0021,2026-02-22 19:07:39.005435,67
Y_STR05102,Y_U0072,Y0043,2026-02-21 05:16:10.187010,177
Y_STR05103,Y_U0072,Y0047,2026-02-17 00:03:57.834840,135
Y_STR05104,Y_U0061,Y0015,2026-02-22 14:23:57.367712,127
Y_STR05105,Y_U0045,Y0023,2026-03-06 08:34:02.972019,64
Y_STR05106,Y_U0067,Y0048,2026-02-08 01:49:20.894776,171
Y_STR05107,Y_U0017,Y0033,2026-02-22 14:22:16.374979,233
Y_STR05108,Y_U0084,Y0048,2026-02-16 10:04:44.081930,149
Y_STR05109,Y_U0044,Y0040,2026-02-24 18:51:10.014076,140
Y_STR05110,Y_U0068,Y0031,2026-02-18 21:07:32.764760,40
Y_STR05111,Y_U0025,Y0046,2026-03-05 11:55:09.777645,231
Y_STR05112,Y_U0001,Y0047,2026-02-25 12:12:01.806871,37
Y_STR05113,Y_U0055,Y0040,2026-02-26 13:06:43.063556,218
Y_STR05114,Y_U0049,Y0024,2026-02-19 13:39:07.408805,84
Y_STR05115,Y_U0009,Y0025,2026-02-09 12:54:47.045539,181
Y_STR05116,Y_U0004,Y0014,2026-02-13 12:13:48.991855,72
Y_STR05117,Y_U0042,Y0038,2026-02-26 13:47:37.152339,65
Y_STR05118,Y_U0033,Y0017,2026-02-24 21:45:26.754984,59
Y_STR05119,Y_U0032,Y0035,2026-03-04 05:42:57.797284,297
Y_STR05120,Y_U0050,Y0045,2026-02-13 23:52:21.375965,147
Y_STR05121,Y_U0099,Y0042,2026-02-04 15:22:37.552870,29
Y_STR05122,Y_U0045,Y0039,2026-02-08 10:19:49.846856,317
Y_STR05123,Y_U0015,Y0041,2026-03-01 08:14:57.078841,106
Y_STR05124,Y_U0053,Y0030,2026-02-22 04:38:26.862509,86
Y_STR05125,Y_U0033,Y0020,2026-02-05 15:36:39.923145,100
Y_STR05126,Y_U0023,Y0028,2026-02-14 09:05:34.859717,239
Y_STR05127,Y_U0024,Y0040,2026-02-17 06:47:05.597908,30
Y_STR05128,Y_U0020,Y0049,2026-02-11 22:16:47.336973,80
Y_STR05129,Y_U0017,Y0038,2026-03-02 22:23:53.112119,78
Y_STR05130,Y_U0010,Y0041,2026-02-22 21:27:38.694599,118
Y_STR05131,Y_U0072,Y0050,2026-02-14 16:45:07.088264,185
Y_STR05132,Y_U0083,Y0048,2026-02-28 04:08:19.112104,95
Y_STR05133,Y_U0048,Y0040,2026-02-14 03:49:32.621712,315
Y_STR05134,Y_U0064,Y0048,2026-02-07 21:07:03.488016,164
Y_STR05135,Y_U0041,Y0050,2026-02-13 18:09:38.015162,316
Y_STR05136,Y_U0015,Y0038,2026-02-23 16:58:14.831398,149
Y_STR05137,Y_U0002,Y0014,2026-02-16 00:06:06.281933,186
Y_STR05138,Y_U0083,Y0047,2026-02-21 22:46:40.877512,143
Y_STR05139,Y_U0019,Y0019,2026-03-06 03:04:55.416122,60
Y_STR05140,Y_U0015,Y0028,2026-02-15 18:20:28.971311,28
Y_STR05141,Y_U0007,Y0047,2026-02-28 22:52:22.093057,67
Y_STR05142,Y_U0008,Y0020,2026-02-08 20:09:58.208100,61
Y_STR05143,Y_U0037,Y0022,2026-02-28 23:56:16.576239,79
Y_STR05144,Y_U0044,Y0040,2026-02-11 10:48:20.743528,64
Y_STR05145,Y_U0041,Y0018,2026-02-16 18:09:28.323280,137
Y_STR05146,Y_U0096,Y0027,2026-02-11 03:12:08.139893,6
Y_STR05147,Y_U0030,Y0043,2026-02-17 13:45:21.414764,81
Y_STR05148,Y_U0076,Y0039,2026-02-06 01:27:34.685320,291
Y_STR05149,Y_U0073,Y0030,2026-02-12 11:06:01.157245,19
Y_STR05150,Y_U0086,Y0033,2026-02-09 17:36:03.554043,89
Y_STR05151,Y_U0074,Y0043,2026-02-25 20:10:35.513136,149
Y_STR05152,Y_U0019,Y0013,2026-02-15 13:32:23.608984,30
Y_STR05153,Y_U0068,Y0046,2026-02-13 08:20:37.383306,10
Y_STR05154,Y_U0055,Y0020,2026-02-25 20:39:10.413038,121
Y_STR05155,Y_U0040,Y0002,2026-02-27 19:51:21.342657,207
Y_STR05156,Y_U0037,Y0045,2026-02-05 14:43:41.115332,33
Y_STR05157,Y_U0090,Y0031,2026-02-04 15:19:32.666403,138
Y_STR05158,Y_U0063,Y0049,2026-02-09 10:20:53.333198,123
Y_STR05159,Y_U0028,Y0041,2026-02-12 22:25:17.387753,66
Y_STR05160,Y_U0004,Y0050,2026-02-18 00:25:25.955606,103
Y_STR05161,Y_U0094,Y0033,2026-02-25 10:18:45.288439,156
Y_STR05162,Y_U0032,Y0012,2026-02-10 04:21:35.925352,257
Y_STR05163,Y_U0061,Y0041,2026-02-10 19:06:26.948308,153
Y_STR05164,Y_U0068,Y0029,2026-02-20 11:51:38.423957,27
Y_STR05165,Y_U0046,Y0044,2026-02-04 17:07:39.895102,269
Y_STR05166,Y_U0003,Y0032,2026-02-13 22:05:44.389353,12
Y_STR05167,Y_U0052,Y0021,2026-02-05 22:43:13.666292,185
Y_STR05168,Y_U0021,Y0048,2026-02-26 04:58:17.001330,43
Y_STR05169,Y_U0083,Y0021,2026-02-04 16:32:53.666221,179
Y_STR05170,Y_U0080,Y0013,2026-02-28 14:49:27.448639,131
Y_STR05171,Y_U0078,Y0041,2026-03-04 17:16:22.702192,111
Y_STR05172,Y_U0029,Y0030,2026-03-05 17:00:09.361420,47
Y_STR05173,Y_U0002,Y0022,2026-02-09 13:09:36.730816,100
Y_STR05174,Y_U0060,Y0029,2026-02-05 11:17:26.407338,60
Y_STR05175,Y_U0035,Y0048,2026-03-03 13:20:34.810205,51
Y_STR05176,Y_U0041,Y0023,2026-03-02 03:54:38.915197,69
Y_STR05177,Y_U0061,Y0022,2026-02-11 04:10:00.663924,152
Y_STR05178,Y_U0097,Y0042,2026-02-25 07:50:18.831421,209
Y_STR05179,Y_U0081,Y0048,2026-02-11 23:53:46.050342,103
Y_STR05180,Y_U0015,Y0049,2026-02-15 14:06:42.864237,11
Y_STR05181,Y_U0024,Y0030,2026-03-05 23:27:01.807483,144
Y_STR05182,Y_U0093,Y0017,2026-02-25 15:11:07.362543,187
Y_STR05183,Y_U0089,Y0044,2026-02-27 04:57:11.748831,214
Y_STR05184,Y_U0030,Y0049,2026-02-24 03:23:03.374150,229
Y_STR05185,Y_U0078,Y0014,2026-02-18 16:27:33.538560,260
Y_STR05186,Y_U0100,Y0048,2026-02-17 11:24:15.264528,182
Y_STR05187,Y_U0019,Y0038,2026-02-26 12:12:23.629506,114
Y_STR05188,Y_U0019,Y0023,2026-02-25 14:37:20.244376,92
Y_STR05189,Y_U0030,Y0021,2026-02-10 13:06:20.088620,71
Y_STR05190,Y_U0024,Y0034,2026-02-11 00:11:37.602042,68
Y_STR05191,Y_U0100,Y0022,2026-02-07 03:13:02.260458,37
Y_STR05192,Y_U0060,Y0012,2026-02-20 10:08:50.766678,221
Y_STR05193,Y_U0049,Y0042,2026-02-08 04:43:35.438400,32
Y_STR05194,Y_U0006,Y0026,2026-02-12 02:04:43.940997,7
Y_STR05195,Y_U0008,Y0047,2026-03-02 04:28:25.283151,68
Y_STR05196,Y_U0049,Y0031,2026-03-05 12:49:02.058817,112
Y_STR05197,Y_U0053,Y0020,2026-02-20 20:20:24.811494,196
Y_STR05198,Y_U0046,Y0042,2026-02-07 02:14:59.343185,190
Y_STR05199,Y_U0007,Y0044,2026-02-12 09:14:35.152904,275
Y_STR05200,Y_U0051,Y0029,2026-02-22 23:36:32.021258,57
Y_STR05201,Y_U0003,Y0044,2026-02-10 05:14:56.434662,152
Y_STR05202,Y_U0056,Y0038,2026-02-10 07:03:56.175452,154
Y_STR05203,Y_U0002,Y0017,2026-02-04 18:57:26.046330,56
Y_STR05204,Y_U0093,Y0011,2026-02-13 16:23:28.327831,202
Y_STR05205,Y_U0033,Y0023,2026-03-04 14:27:15.634467,105
Y_STR05206,Y_U0011,Y0035,2026-02-10 14:32:26.594287,255
Y_STR05207,Y_U0100,Y0038,2026-02-27 13:25:16.757444,97
Y_STR05208,Y_U0007,Y0046,2026-02-11 09:10:46.491467,205
Y_STR05209,Y_U0019,Y0023,2026-02-21 11:17:13.918396,112
Y_STR05210,Y_U0062,Y0044,2026-02-19 07:20:15.461415,226
Y_STR05211,Y_U0029,Y0043,2026-02-12 07:25:00.502052,78
Y_STR05212,Y_U0009,Y0035,2026-02-09 06:23:53.321802,225
Y_STR05213,Y_U0005,Y0029,2026-03-02 15:53:28.214623,59
Y_STR05214,Y_U0076,Y0041,2026-03-05 05:54:54.310434,64
Y_STR05215,Y_U0068,Y0034,2026-02-26 00:50:30.476851,192
Y_STR05216,Y_U0070,Y0046,2026-02-16 15:35:30.270510,116
Y_STR05217,Y_U0098,Y0037,2026-02-21 20:36:37.981320,148
Y_STR05218,Y_U0051,Y0043,2026-02-28 03:43:04.067776,153
Y_STR05219,Y_U0002,Y0042,2026-03-02 12:44:33.038032,184
Y_STR05220,Y_U0081,Y0045,2026-02-24 07:43:52.218952,19
Y_STR05221,Y_U0095,Y0044,2026-02-09 11:27:49.877114,117
Y_STR05222,Y_U0034,Y0045,2026-03-04 22:55:52.903931,82
Y_STR05223,Y_U0029,Y0043,2026-02-06 08:22:45.273212,201
Y_STR05224,Y_U0046,Y0017,2026-03-05 08:33:01.191984,213
Y_STR05225,Y_U0050,Y0019,2026-02-09 01:51:12.145416,222
Y_STR05226,Y_U0096,Y0031,2026-03-01 01:13:39.762420,107
Y_STR05227,Y_U0001,Y0036,2026-02-20 20:39:39.184271,70
Y_STR05228,Y_U0059,Y0044,2026-02-13 23:43:15.131365,94
Y_STR05229,Y_U0063,Y0018,2026-02-17 19:07:58.730839,18
Y_STR05230,Y_U0067,Y0019,2026-03-04 19:25:37.011729,87
Y_STR05231,Y_U0052,Y0031,2026-03-05 09:08:08.555287,47
Y_STR05232,Y_U0062,Y0026,2026-03-01 21:58:09.654146,20
Y_STR05233,Y_U0021,Y0050,2026-02-11 08:27:50.042448,12
Y_STR05234,Y_U0094,Y0042,2026-02-27 17:19:50.716960,46
Y_STR05235,Y_U0022,Y0029,2026-02-13 08:56:17.124085,113
Y_STR05236,Y_U0074,Y0048,2026-02-05 05:21:44.704479,42
Y_STR05237,Y_U0097,Y0040,2026-02-12 23:16:03.140366,87
Y_STR05238,Y_U0086,Y0045,2026-02-28 16:05:30.188484,182
Y_STR05239,Y_U0081,Y0047,2026-02-11 16:41:27.052358,230
Y_STR05240,Y_U0073,Y0047,2026-02-15 20:51:10.490875,227
Y_STR05241,Y_U0073,Y0034,2026-02-12 22:26:12.660148,37
Y_STR05242,Y_U0051,Y0034,2026-02-07 21:49:25.118574,113
Y_STR05243,Y_U0097,Y0046,2026-02-15 18:14:47.861169,106
Y_STR05244,Y_U0014,Y0012,2026-02-08 04:34:09.473315,6
Y_STR05245,Y_U0074,Y0028,2026-02-26 18:26:18.545363,63
Y_STR05246,Y_U0100,Y0045,2026-02-26 08:39:17.460843,60
Y_STR05247,Y_U0052,Y0018,2026-02-22 13:37:54.406609,106
Y_STR05248,Y_U0095,Y0035,2026-03-03 16:53:12.708040,169
Y_STR05249,Y_U0053,Y0031,2026-02-19 11:21:05.130383,68
Y_STR05250,Y_U0085,Y0035,2026-02-27 16:23:29.036332,279
Y_STR05251,Y_U0048,Y0028,2026-02-13 20:57:47.253752,98
Y_STR05252,Y_U0051,Y0050,2026-02-06 10:52:10.359388,135
Y_STR05253,Y_U0032,Y0033,2026-02-19 11:57:08.040241,59
Y_STR05254,Y_U0008,Y0044,2026-02-10 14:13:55.784989,219
Y_STR05255,Y_U0097,Y0025,2026-03-03 07:20:45.521211,141
Y_STR05256,Y_U0040,Y0033,2026-02-06 22:53:13.618431,106
Y_STR05257,Y_U0004,Y0014,2026-02-25 07:26:33.375318,208
Y_STR05258,Y_U0091,Y0011,2026-02-11 13:56:03.807295,48
Y_STR05259,Y_U0030,Y0024,2026-02-07 10:39:57.379033,227
Y_STR05260,Y_U0046,Y0035,2026-03-03 09:59:57.016080,290
Y_STR05261,Y_U0093,Y0049,2026-02-18 04:36:36.941523,82
Y_STR05262,Y_U0015,Y0031,2026-02-28 13:21:33.388740,96
Y_STR05263,Y_U0035,Y0018,2026-02-08 07:20:22.829656,87
Y_STR05264,Y_U0096,Y0042,2026-02-04 13:38:51.965715,305
Y_STR05265,Y_U0087,Y0040,2026-02-13 20:56:28.545415,61
Y_STR05266,Y_U0017,Y0014,2026-02-20 07:51:39.406835,212
Y_STR05267,Y_U0001,Y0033,2026-02-24 23:51:29.107452,163
Y_STR05268,Y_U0035,Y0044,2026-02-17 21:15:17.092263,72
Y_STR05269,Y_U0081,Y0036,2026-02-07 21:20:53.716173,104
Y_STR05270,Y_U0005,Y0023,2026-02-13 06:30:18.235383,82
Y_STR05271,Y_U0084,Y0044,2026-02-09 10:22:09.589719,103
Y_STR05272,Y_U0021,Y0011,2026-02-17 17:12:10.497740,207
Y_STR05273,Y_U0084,Y0024,2026-02-27 09:30:58.073731,215
Y_STR05274,Y_U0057,Y0048,2026-02-20 03:52:19.931885,159
Y_STR05275,Y_U0085,Y0009,2026-02-27 20:34:25.547251,81
Y_STR05276,Y_U0043,Y0044,2026-02-22 05:40:24.986223,56
Y_STR05277,Y_U0071,Y0027,2026-02-26 06:40:26.555666,39
Y_STR05278,Y_U0093,Y0047,2026-03-02 13:28:31.607977,178
Y_STR05279,Y_U0078,Y0037,2026-02-21 04:48:05.430139,7
Y_STR05280,Y_U0088,Y0028,2026-02-14 12:02:06.630655,126
Y_STR05281,Y_U0065,Y0022,2026-02-28 09:54:56.170166,14
Y_STR05282,Y_U0054,Y0025,2026-02-22 19:42:00.769013,187
Y_STR05283,Y_U0053,Y0032,2026-03-04 01:45:08.738139,152
Y_STR05284,Y_U0052,Y0038,2026-02-11 23:39:18.221604,160
Y_STR05285,Y_U0019,Y0036,2026-02-21 10:10:20.105706,214
Y_STR05286,Y_U0065,Y0026,2026-02-15 08:24:24.170042,22
Y_STR05287,Y_U0061,Y0047,2026-02-19 13:23:25.808098,209
Y_STR05288,Y_U0078,Y0001,2026-02-10 15:03:02.028189,30
Y_STR05289,Y_U0044,Y0042,2026-02-16 10:04:03.763689,25
Y_STR05290,Y_U0087,Y0031,2026-02-06 18:44:34.220368,9
Y_STR05291,Y_U0025,Y0049,2026-02-26 15:32:25.704355,248
Y_STR05292,Y_U0031,Y0034,2026-02-19 17:38:44.825435,114
Y_STR05293,Y_U0043,Y0043,2026-02-23 04:15:25.340668,68
Y_STR05294,Y_U0022,Y0011,2026-03-04 07:36:43.634549,62
Y_STR05295,Y_U0019,Y0046,2026-02-20 11:33:40.586572,37
Y_STR05296,Y_U0036,Y0037,2026-02-22 07:01:46.901303,48
Y_STR05297,Y_U0088,Y0043,2026-03-01 10:27:38.534174,138
Y_STR05298,Y_U0060,Y0037,2026-02-05 13:38:33.024651,214
Y_STR05299,Y_U0005,Y0034,2026-03-06 05:09:53.575838,43
Y_STR05300,Y_U0096,Y0038,2026-02-20 11:39:09.536429,174
Y_STR05301,Y_U0066,Y0050,2026-02-16 04:35:18.185501,171
Y_STR05302,Y_U0016,Y0046,2026-02-26 18:37:21.463318,109
Y_STR05303,Y_U0098,Y0013,2026-02-19 08:35:15.945466,17
Y_STR05304,Y_U0031,Y0028,2026-02-10 06:16:09.264112,32
Y_STR05305,Y_U0086,Y0030,2026-02-23 22:26:56.593002,67
Y_STR05306,Y_U0089,Y0049,2026-03-05 03:05:33.616150,173
Y_STR05307,Y_U0059,Y0048,2026-02-26 15:47:25.320542,226
Y_STR05308,Y_U0003,Y0039,2026-02-08 14:25:02.920822,250
Y_STR05309,Y_U0059,Y0032,2026-02-09 22:44:06.609531,238
Y_STR05310,Y_U0080,Y0038,2026-02-09 05:56:50.997498,127
Y_STR05311,Y_U0037,Y0044,2026-03-06 00:23:07.916988,228
Y_STR05312,Y_U0045,Y0050,2026-03-04 19:09:33.017802,290
Y_STR05313,Y_U0023,Y0041,2026-02-19 03:10:36.710809,45
Y_STR05314,Y_U0098,Y0046,2026-03-03 16:04:56.492698,78
Y_STR05315,Y_U0034,Y0034,2026-02-27 18:24:35.430942,121
Y_STR05316,Y_U0035,Y0015,2026-02-07 23:54:49.183522,10
Y_STR05317,Y_U0036,Y0025,2026-02-05 08:42:04.484328,123
Y_STR05318,Y_U0002,Y0016,2026-02-08 08:40:08.693241,15
Y_STR05319,Y_U0090,Y0044,2026-03-02 02:29:46.351725,51
Y_STR05320,Y_U0090,Y0024,2026-02-12 10:04:56.859246,144
Y_STR05321,Y_U0099,Y0025,2026-02-10 19:37:09.864527,138
Y_STR05322,Y_U0042,Y0039,2026-03-04 08:05:10.042715,256
Y_STR05323,Y_U0049,Y0022,2026-02-19 20:32:28.336955,27
Y_STR05324,Y_U0070,Y0024,2026-02-27 12:35:54.250317,250
Y_STR05325,Y_U0057,Y0029,2026-02-19 03:34:43.166502,120
Y_STR05326,Y_U0070,Y0031,2026-02-07 11:15:32.211233,72
Y_STR05327,Y_U0030,Y0049,2026-02-15 21:56:31.022690,191
Y_STR05328,Y_U0068,Y0048,2026-02-22 10:34:23.898237,164
Y_STR05329,Y_U0087,Y0026,2026-03-05 02:35:41.831316,119
Y_STR05330,Y_U0048,Y0046,2026-02-23 02:22:52.283623,120
Y_STR05331,Y_U0011,Y0031,2026-02-28 22:58:51.654177,136
Y_STR05332,Y_U0016,Y0041,2026-02-24 08:22:04.836942,107
Y_STR05333,Y_U0014,Y0015,2026-03-03 17:58:30.237016,203
Y_STR05334,Y_U0032,Y0016,2026-02-21 12:35:30.403495,105
Y_STR05335,Y_U0029,Y0014,2026-02-16 15:18:16.413154,224
Y_STR05336,Y_U0008,Y0035,2026-02-21 08:34:02.393207,78
Y_STR05337,Y_U0049,Y0033,2026-03-04 18:19:56.255559,261
Y_STR05338,Y_U0038,Y0031,2026-02-04 11:24:32.617465,62
Y_STR05339,Y_U0005,Y0012,2026-02-18 22:06:23.227505,99
Y_STR05340,Y_U0073,Y0042,2026-02-04 17:12:27.380758,313
Y_STR05341,Y_U0064,Y0049,2026-03-02 16:11:32.029936,228
Y_STR05342,Y_U0007,Y0033,2026-02-08 23:19:18.369459,288
Y_STR05343,Y_U0036,Y0047,2026-02-05 08:17:22.106792,116
Y_STR05344,Y_U0100,Y0041,2026-02-12 04:35:07.099787,37
Y_STR05345,Y_U0033,Y0010,2026-02-06 05:06:44.309084,53
Y_STR05346,Y_U0019,Y0046,2026-02-17 06:42:23.985421,105
Y_STR05347,Y_U0085,Y0030,2026-02-10 23:12:34.766496,33
Y_STR05348,Y_U0036,Y0029,2026-02-25 09:17:11.378295,69
Y_STR05349,Y_U0098,Y0010,2026-02-04 23:03:36.237633,29
Y_STR05350,Y_U0054,Y0035,2026-02-14 07:27:40.806763,53
Y_STR05351,Y_U0002,Y0050,2026-02-25 07:27:22.938724,229
Y_STR05352,Y_U0021,Y0046,2026-02-12 02:16:48.959783,182
Y_STR05353,Y_U0041,Y0004,2026-02-21 23:37:03.217325,114
Y_STR05354,Y_U0100,Y0042,2026-02-09 00:27:15.617956,242
Y_STR05355,Y_U0075,Y0020,2026-02-13 14:49:21.718725,255
Y_STR05356,Y_U0078,Y0033,2026-02-16 07:25:07.606769,274
Y_STR05357,Y_U0082,Y0018,2026-02-05 17:58:36.540777,129
Y_STR05358,Y_U0090,Y0038,2026-03-05 19:24:47.063017,119
Y_STR05359,Y_U0038,Y0041,2026-02-19 08:02:02.755118,11
Y_STR05360,Y_U0015,Y0026,2026-02-07 04:50:04.954850,41
Y_STR05361,Y_U0095,Y0036,2026-03-04 03:07:06.185870,16
Y_STR05362,Y_U0041,Y0050,2026-02-23 11:02:11.170453,309
Y_STR05363,Y_U0069,Y0022,2026-02-26 22:50:16.398128,22
Y_STR05364,Y_U0035,Y0012,2026-02-16 02:03:38.712399,249
Y_STR05365,Y_U0045,Y0024,2026-02-08 02:04:25.526376,92
Y_STR05366,Y_U0060,Y0006,2026-02-26 09:01:45.952624,315
Y_STR05367,Y_U0048,Y0036,2026-02-04 17:37:41.058674,178
Y_STR05368,Y_U0086,Y0016,2026-02-17 12:18:28.252176,114
Y_STR05369,Y_U0056,Y0016,2026-02-27 07:37:39.675823,25
Y_STR05370,Y_U0007,Y0046,2026-03-02 03:49:47.431771,5
Y_STR05371,Y_U0071,Y0044,2026-02-13 12:36:04.958802,237
Y_STR05372,Y_U0038,Y0040,2026-02-26 18:27:39.114001,241
Y_STR05373,Y_U0100,Y0049,2026-02-15 06:36:26.378982,209
Y_STR05374,Y_U0026,Y0031,2026-02-10 15:20:59.215863,156
Y_STR05375,Y_U0040,Y0031,2026-02-13 08:35:26.573184,46
Y_STR05376,Y_U0096,Y0021,2026-02-11 03:09:46.664474,111
Y_STR05377,Y_U0032,Y0046,2026-02-19 05:30:11.095936,12
Y_STR05378,Y_U0028,Y0045,2026-02-17 19:52:21.555002,29
Y_STR05379,Y_U0071,Y0029,2026-02-25 18:04:15.490981,10
Y_STR05380,Y_U0051,Y0043,2026-03-01 17:38:33.105407,153
Y_STR05381,Y_U0099,Y0021,2026-02-14 17:36:15.072071,11
Y_STR05382,Y_U0039,Y0026,2026-02-05 15:32:24.628098,98
Y_STR05383,Y_U0045,Y0045,2026-03-05 12:00:33.150091,147
Y_STR05384,Y_U0023,Y0034,2026-03-05 12:16:06.041589,94
Y_STR05385,Y_U0035,Y0047,2026-02-13 15:52:18.377172,124
Y_STR05386,Y_U0077,Y0050,2026-03-03 16:06:07.195839,292
Y_STR05387,Y_U0028,Y0018,2026-02-12 03:09:25.161326,180
Y_STR05388,Y_U0046,Y0046,2026-02-14 05:17:41.177408,167
Y_STR05389,Y_U0005,Y0050,2026-02-18 13:07:35.652831,239
Y_STR05390,Y_U0023,Y0033,2026-02-27 20:58:42.599068,270
Y_STR05391,Y_U0030,Y0050,2026-02-13 01:42:10.608840,63
Y_STR05392,Y_U0098,Y0046,2026-02-20 01:38:15.713346,140
Y_STR05393,Y_U0013,Y0050,2026-03-03 21:51:10.929631,22
Y_STR05394,Y_U0089,Y0030,2026-03-01 20:52:45.224789,161
Y_STR05395,Y_U0070,Y0037,2026-02-18 16:57:14.857072,71
Y_STR05396,Y_U0060,Y0050,2026-02-10 16:03:32.568893,67
Y_STR05397,Y_U0043,Y0040,2026-02-16 06:02:42.049224,254
Y_STR05398,Y_U0056,Y0030,2026-03-05 14:25:16.096651,136
Y_STR05399,Y_U0076,Y0037,2026-02-28 04:25:33.652588,222
Y_STR05400,Y_U0006,Y0025,2026-02-19 15:56:32.961949,151
Y_STR05401,Y_U0021,Y0048,2026-02-28 02:40:58.340200,63
Y_STR05402,Y_U0068,Y0038,2026-02-10 06:24:30.225418,52
Y_STR05403,Y_U0082,Y0025,2026-02-17 16:35:55.255060,152
Y_STR05404,Y_U0039,Y0014,2026-02-17 23:44:31.245829,125
Y_STR05405,Y_U0041,Y0033,2026-02-08 14:09:50.570234,239
Y_STR05406,Y_U0082,Y0020,2026-02-04 16:34:06.763406,193
Y_STR05407,Y_U0024,Y0046,2026-02-11 12:00:05.040793,217
Y_STR05408,Y_U0044,Y0024,2026-02-27 13:17:01.598224,26
Y_STR05409,Y_U0050,Y0041,2026-03-04 01:13:45.580890,88
Y_STR05410,Y_U0034,Y0003,2026-02-08 00:17:00.246447,274
Y_STR05411,Y_U0027,Y0035,2026-02-22 21:44:17.782083,325
Y_STR05412,Y_U0032,Y0016,2026-03-01 16:17:14.091780,91
Y_STR05413,Y_U0010,Y0028,2026-02-11 06:54:55.609395,163
Y_STR05414,Y_U0048,Y0040,2026-02-09 16:46:14.417825,13
Y_STR05415,Y_U0011,Y0023,2026-02-14 11:18:46.975552,11
Y_STR05416,Y_U0034,Y0003,2026-02-18 06:36:43.916650,253
Y_STR05417,Y_U0001,Y0032,2026-02-08 12:04:40.914927,16
Y_STR05418,Y_U0077,Y0040,2026-03-02 20:39:36.862570,121
Y_STR05419,Y_U0084,Y0048,2026-02-12 19:39:23.436384,56
Y_STR05420,Y_U0082,Y0028,2026-02-05 20:31:39.399247,129
Y_STR05421,Y_U0004,Y0048,2026-02-17 18:46:53.611761,7
Y_STR05422,Y_U0031,Y0041,2026-02-13 17:30:16.138726,87
Y_STR05423,Y_U0095,Y0014,2026-02-21 00:00:38.752426,302
Y_STR05424,Y_U0044,Y0026,2026-02-23 06:37:28.208978,31
Y_STR05425,Y_U0020,Y0030,2026-02-23 20:03:39.847968,40
Y_STR05426,Y_U0039,Y0033,2026-02-27 19:50:53.561784,248
Y_STR05427,Y_U0010,Y0022,2026-03-05 13:06:54.510536,95
Y_STR05428,Y_U0068,Y0044,2026-02-24 05:46:40.586592,318
Y_STR05429,Y_U0080,Y0050,2026-03-01 06:27:58.620992,169
Y_STR05430,Y_U0088,Y0032,2026-02-09 12:24:15.638627,161
Y_STR05431,Y_U0008,Y0023,2026-02-18 08:05:38.247867,124
Y_STR05432,Y_U0098,Y0016,2026-02-17 09:38:57.682415,49
Y_STR05433,Y_U0055,Y0048,2026-02-14 10:31:01.785010,105
Y_STR05434,Y_U0053,Y0043,2026-02-28 17:46:31.287831,50
Y_STR05435,Y_U0041,Y0028,2026-02-19 07:07:41.271681,12
Y_STR05436,Y_U0097,Y0014,2026-02-17 15:06:45.434671,159
Y_STR05437,Y_U0091,Y0049,2026-03-03 01:40:05.620264,187
Y_STR05438,Y_U0022,Y0028,2026-02-25 10:40:42.578300,158
Y_STR05439,Y_U0090,Y0045,2026-02-20 23:09:22.713275,7
Y_STR05440,Y_U0061,Y0014,2026-02-10 18:05:15.172683,248
Y_STR05441,Y_U0005,Y0008,2026-02-19 20:19:11.497226,142
Y_STR05442,Y_U0011,Y0039,2026-02-19 18:01:38.311160,304
Y_STR05443,Y_U0100,Y0025,2026-02-13 15:40:47.226358,12
Y_STR05444,Y_U0021,Y0026,2026-03-05 07:31:42.621402,125
Y_STR05445,Y_U0011,Y0043,2026-02-22 08:17:37.633076,98
Y_STR05446,Y_U0015,Y0046,2026-03-05 14:26:29.435061,204
Y_STR05447,Y_U0023,Y0037,2026-03-02 19:48:49.630528,274
Y_STR05448,Y_U0094,Y0050,2026-02-06 06:12:19.875740,284
Y_STR05449,Y_U0059,Y0032,2026-03-02 18:27:20.302862,87
Y_STR05450,Y_U0076,Y0023,2026-02-09 07:45:32.592058,77
Y_STR05451,Y_U0008,Y0040,2026-02-12 15:53:24.231642,268
Y_STR05452,Y_U0023,Y0029,2026-02-10 00:11:30.389095,82
Y_STR05453,Y_U0004,Y0042,2026-02-15 22:44:11.083666,237
Y_STR05454,Y_U0013,Y0050,2026-02-24 15:26:54.529253,71
Y_STR05455,Y_U0056,Y0035,2026-02-15 10:35:49.127034,292
Y_STR05456,Y_U0050,Y0030,2026-02-06 08:44:15.534529,120
Y_STR05457,Y_U0007,Y0045,2026-02-26 18:05:52.866693,211
Y_STR05458,Y_U0092,Y0037,2026-02-07 12:16:09.532346,135
Y_STR05459,Y_U0010,Y0049,2026-02-27 09:37:22.569985,135
Y_STR05460,Y_U0082,Y0024,2026-03-04 04:08:07.647286,100
Y_STR05461,Y_U0018,Y0031,2026-02-22 15:17:09.857364,39
Y_STR05462,Y_U0042,Y0021,2026-03-01 10:37:13.817557,65
Y_STR05463,Y_U0042,Y0023,2026-02-12 09:30:15.045777,77
Y_STR05464,Y_U0071,Y0038,2026-02-20 06:26:15.244272,55
Y_STR05465,Y_U0002,Y0049,2026-02-20 21:33:24.634346,209
Y_STR05466,Y_U0095,Y0044,2026-02-10 04:21:51.586670,240
Y_STR05467,Y_U0066,Y0033,2026-02-09 05:31:57.141438,213
Y_STR05468,Y_U0098,Y0049,2026-02-07 16:02:47.844653,197
Y_STR05469,Y_U0038,Y0033,2026-02-15 01:13:49.069636,66
Y_STR05470,Y_U0043,Y0021,2026-02-08 17:30:22.003356,56
Y_STR05471,Y_U0039,Y0045,2026-02-25 03:42:52.287187,203
Y_STR05472,Y_U0063,Y0034,2026-02-05 06:13:34.440244,194
Y_STR05473,Y_U0090,Y0044,2026-02-06 16:42:42.357188,171
Y_STR05474,Y_U0065,Y0046,2026-02-05 20:00:03.647337,235
Y_STR05475,Y_U0067,Y0034,2026-03-06 05:34:26.735909,187
Y_STR05476,Y_U0075,Y0023,2026-02-26 12:00:00.447732,122
Y_STR05477,Y_U0061,Y0010,2026-03-01 17:27:16.368305,29
Y_STR05478,Y_U0095,Y0021,2026-02-11 17:22:17.100586,102
Y_STR05479,Y_U0086,Y0029,2026-02-08 04:25:46.462425,60
Y_STR05480,Y_U0018,Y0013,2026-02-23 14:30:25.426312,159
Y_STR05481,Y_U0052,Y0046,2026-02-17 02:38:54.910394,141
Y_STR05482,Y_U0049,Y0050,2026-02-06 20:36:55.113528,198
Y_STR05483,Y_U0024,Y0049,2026-02-15 13:36:52.651215,12
Y_STR05484,Y_U0066,Y0037,2026-02-04 15:20:13.615015,337
Y_STR05485,Y_U0028,Y0012,2026-02-22 21:08:50.088247,111
Y_STR05486,Y_U0039,Y0015,2026-03-05 02:28:07.297752,20
Y_STR05487,Y_U0076,Y0037,2026-02-20 18:21:29.551392,340
Y_STR05488,Y_U0010,Y0047,2026-02-05 05:53:08.282706,111
Y_STR05489,Y_U0015,Y0049,2026-02-28 08:02:04.690623,148
Y_STR05490,Y_U0060,Y0047,2026-02-27 22:10:40.908399,67
Y_STR05491,Y_U0075,Y0030,2026-02-07 03:31:09.052904,167
Y_STR05492,Y_U0040,Y0030,2026-02-25 20:28:37.254390,134
Y_STR05493,Y_U0078,Y0029,2026-02-13 10:53:14.900279,108
Y_STR05494,Y_U0080,Y0033,2026-02-14 04:22:18.455017,133
Y_STR05495,Y_U0022,Y0031,2026-02-05 21:17:46.741977,131
Y_STR05496,Y_U0001,Y0033,2026-03-06 01:36:44.675285,249
Y_STR05497,Y_U0005,Y0046,2026-02-21 08:04:56.483958,119
Y_STR05498,Y_U0059,Y0012,2026-02-17 06:49:55.268939,126
Y_STR05499,Y_U0064,Y0037,2026-02-09 21:16:46.431655,213
Y_STR05500,Y_U0088,Y0039,2026-02-27 10:34:58.738753,84
Y_STR05501,Y_U0077,Y0037,2026-02-04 21:10:59.619532,241
Y_STR05502,Y_U0072,Y0019,2026-02-15 17:06:20.166711,151
Y_STR05503,Y_U0002,Y0031,2026-02-20 13:03:03.288949,57
Y_STR05504,Y_U0040,Y0034,2026-02-23 00:13:14.007768,144
Y_STR05505,Y_U0074,Y0016,2026-02-08 12:29:52.643835,128
Y_STR05506,Y_U0099,Y0031,2026-03-05 10:02:51.784642,147
Y_STR05507,Y_U0095,Y0017,2026-02-20 20:00:52.182708,10
Y_STR05508,Y_U0079,Y0009,2026-02-05 10:17:48.630555,53
Y_STR05509,Y_U0056,Y0050,2026-02-27 15:41:12.822478,211
Y_STR05510,Y_U0025,Y0018,2026-02-23 13:04:42.757100,8
Y_STR05511,Y_U0035,Y0029,2026-02-28 10:11:34.581694,125
Y_STR05512,Y_U0080,Y0050,2026-02-18 00:40:57.067901,229
Y_STR05513,Y_U0067,Y0033,2026-03-01 07:01:06.452094,225
Y_STR05514,Y_U0051,Y0017,2026-03-04 13:52:36.764237,99
Y_STR05515,Y_U0022,Y0032,2026-02-27 21:32:45.121211,227
Y_STR05516,Y_U0016,Y0031,2026-03-02 21:09:43.765872,100
Y_STR05517,Y_U0038,Y0035,2026-03-01 19:46:54.081389,139
Y_STR05518,Y_U0051,Y0045,2026-02-19 05:22:08.460720,144
Y_STR05519,Y_U0054,Y0025,2026-02-25 02:08:37.555252,184
Y_STR05520,Y_U0035,Y0048,2026-02-22 07:06:01.461653,11
Y_STR05521,Y_U0014,Y0038,2026-02-06 16:06:30.052424,100
Y_STR05522,Y_U0017,Y0031,2026-02-07 16:54:10.952460,135
Y_STR05523,Y_U0049,Y0037,2026-02-19 22:52:59.305091,152
Y_STR05524,Y_U0025,Y0025,2026-02-15 05:20:25.245592,130
Y_STR05525,Y_U0028,Y0010,2026-02-18 10:12:00.349915,130
Y_STR05526,Y_U0094,Y0027,2026-02-04 16:32:14.814010,88
Y_STR05527,Y_U0044,Y0038,2026-02-17 21:27:44.646980,40
Y_STR05528,Y_U0026,Y0040,2026-02-05 15:41:41.584833,317
Y_STR05529,Y_U0080,Y0049,2026-02-14 23:26:19.961128,220
Y_STR05530,Y_U0071,Y0049,2026-03-04 16:32:05.773886,123
Y_STR05531,Y_U0048,Y0017,2026-03-03 23:13:19.713026,242
Y_STR05532,Y_U0045,Y0041,2026-02-22 05:08:15.674817,130
Y_STR05533,Y_U0039,Y0039,2026-02-07 09:40:42.264564,70
Y_STR05534,Y_U0017,Y0035,2026-02-12 02:08:52.345103,130
Y_STR05535,Y_U0012,Y0046,2026-02-22 12:50:08.442635,209
Y_STR05536,Y_U0022,Y0029,2026-02-28 11:03:16.507308,29
Y_STR05537,Y_U0077,Y0046,2026-02-06 10:56:03.890558,17
Y_STR05538,Y_U0012,Y0022,2026-02-04 20:44:39.313144,27
Y_STR05539,Y_U0059,Y0044,2026-02-09 07:41:45.987895,231
Y_STR05540,Y_U0020,Y0041,2026-03-02 01:27:17.001467,170
Y_STR05541,Y_U0098,Y0039,2026-03-05 20:46:45.636661,169
Y_STR05542,Y_U0088,Y0027,2026-02-17 08:52:06.743641,134
Y_STR05543,Y_U0078,Y0007,2026-02-13 13:54:50.761186,165
Y_STR05544,Y_U0080,Y0050,2026-02-18 09:37:33.972897,172
Y_STR05545,Y_U0048,Y0039,2026-02-17 19:57:43.498726,72
Y_STR05546,Y_U0046,Y0044,2026-02-11 17:37:53.435055,222
Y_STR05547,Y_U0042,Y0047,2026-03-04 01:45:17.419309,155
Y_STR05548,Y_U0073,Y0040,2026-02-06 03:05:42.125041,207
Y_STR05549,Y_U0085,Y0029,2026-02-08 20:49:11.909028,64
Y_STR05550,Y_U0027,Y0022,2026-02-20 06:46:17.199779,131
Y_STR05551,Y_U0086,Y0034,2026-02-14 08:07:08.337765,88
Y_STR05552,Y_U0026,Y0046,2026-02-16 06:36:27.256838,217
Y_STR05553,Y_U0047,Y0018,2026-02-08 06:57:45.602234,135
Y_STR05554,Y_U0097,Y0043,2026-02-12 15:58:15.811249,13
Y_STR05555,Y_U0063,Y0034,2026-03-01 12:51:59.672626,132
Y_STR05556,Y_U0026,Y0009,2026-02-17 17:50:58.943916,72
Y_STR05557,Y_U0080,Y0050,2026-02-18 07:33:48.420462,158
Y_STR05558,Y_U0053,Y0036,2026-02-15 00:34:42.132742,94
Y_STR05559,Y_U0055,Y0047,2026-02-16 11:25:37.011990,85
Y_STR05560,Y_U0077,Y0033,2026-02-19 08:55:00.278123,36
Y_STR05561,Y_U0019,Y0026,2026-02-16 12:46:43.596563,100
Y_STR05562,Y_U0099,Y0022,2026-02-25 17:25:06.047153,5
Y_STR05563,Y_U0063,Y0037,2026-02-18 08:41:56.251993,298
Y_STR05564,Y_U0001,Y0040,2026-02-15 18:20:11.879457,285
Y_STR05565,Y_U0001,Y0046,2026-02-14 01:40:23.729843,50
Y_STR05566,Y_U0049,Y0017,2026-02-26 17:06:29.116548,160
Y_STR05567,Y_U0087,Y0028,2026-02-20 07:55:17.263469,205
Y_STR05568,Y_U0069,Y0032,2026-02-28 09:32:42.770318,190
Y_STR05569,Y_U0015,Y0041,2026-02-14 21:41:06.570388,12
Y_STR05570,Y_U0060,Y0042,2026-03-05 01:29:57.171212,181
Y_STR05571,Y_U0031,Y0025,2026-02-14 16:31:37.197691,90
Y_STR05572,Y_U0036,Y0033,2026-02-21 09:02:02.981022,92
Y_STR05573,Y_U0078,Y0036,2026-02-22 04:14:25.810081,235
Y_STR05574,Y_U0007,Y0044,2026-02-05 14:50:44.571115,48
Y_STR05575,Y_U0032,Y0037,2026-02-19 16:49:13.936735,7
Y_STR05576,Y_U0081,Y0016,2026-02-04 15:31:33.546613,75
Y_STR05577,Y_U0063,Y0025,2026-02-14 09:08:03.691625,153
Y_STR05578,Y_U0022,Y0039,2026-02-11 13:54:27.194490,105
Y_STR05579,Y_U0022,Y0009,2026-02-07 04:35:52.392477,51
Y_STR05580,Y_U0030,Y0030,2026-02-22 23:38:36.163558,81
Y_STR05581,Y_U0024,Y0034,2026-02-24 13:56:49.286839,78
Y_STR05582,Y_U0068,Y0042,2026-02-22 21:23:51.203259,70
Y_STR05583,Y_U0096,Y0048,2026-03-02 12:59:19.924862,53
Y_STR05584,Y_U0002,Y0042,2026-02-26 02:12:57.298618,344
Y_STR05585,Y_U0039,Y0034,2026-02-25 09:46:54.163326,24
Y_STR05586,Y_U0037,Y0039,2026-03-05 18:45:08.571107,157
Y_STR05587,Y_U0071,Y0037,2026-02-20 01:21:25.239456,107
Y_STR05588,Y_U0023,Y0018,2026-02-19 20:33:30.553714,137
Y_STR05589,Y_U0019,Y0014,2026-02-15 03:58:49.741773,203
Y_STR05590,Y_U0027,Y0011,2026-02-19 11:11:52.128028,55
Y_STR05591,Y_U0012,Y0050,2026-02-18 19:20:54.618863,320
Y_STR05592,Y_U0065,Y0030,2026-02-24 07:21:49.128609,100
Y_STR05593,Y_U0087,Y0038,2026-02-09 07:55:08.798247,148
Y_STR05594,Y_U0012,Y0030,2026-02-06 08:47:39.433912,141
Y_STR05595,Y_U0084,Y0035,2026-03-05 16:15:29.343468,185
Y_STR05596,Y_U0048,Y0050,2026-03-03 04:38:20.279090,235
Y_STR05597,Y_U0011,Y0050,2026-02-16 06:38:06.566333,10
Y_STR05598,Y_U0086,Y0044,2026-03-02 08:17:52.862116,39
Y_STR05599,Y_U0069,Y0004,2026-02-25 02:40:17.368754,87
Y_STR05600,Y_U0030,Y0042,2026-02-10 19:28:40.531461,39
Y_STR05601,Y_U0048,Y0039,2026-02-17 08:05:42.444457,98
Y_STR05602,Y_U0070,Y0047,2026-02-05 09:21:45.583394,62
Y_STR05603,Y_U0062,Y0029,2026-02-17 14:27:13.960933,87
Y_STR05604,Y_U0085,Y0044,2026-02-14 19:27:02.917977,306
Y_STR05605,Y_U0035,Y0024,2026-03-01 09:34:19.007209,246
Y_STR05606,Y_U0016,Y0048,2026-02-24 01:09:03.308226,223
Y_STR05607,Y_U0054,Y0026,2026-02-25 21:52:43.121269,44
Y_STR05608,Y_U0040,Y0050,2026-02-19 15:54:29.310458,269
Y_STR05609,Y_U0037,Y0042,2026-02-06 04:26:56.180062,136
Y_STR05610,Y_U0007,Y0039,2026-02-16 01:23:26.863035,256
Y_STR05611,Y_U0032,Y0042,2026-02-28 13:29:22.914897,176
Y_STR05612,Y_U0033,Y0048,2026-02-22 21:55:00.103781,195
Y_STR05613,Y_U0085,Y0047,2026-02-07 23:57:55.311216,129
Y_STR05614,Y_U0077,Y0040,2026-02-26 12:31:18.912164,160
Y_STR05615,Y_U0015,Y0046,2026-02-14 05:40:40.686839,215
Y_STR05616,Y_U0096,Y0049,2026-02-17 07:25:05.007440,168
Y_STR05617,Y_U0083,Y0050,2026-02-05 22:48:11.203142,143
Y_STR05618,Y_U0009,Y0023,2026-02-04 16:31:47.088050,84
Y_STR05619,Y_U0078,Y0016,2026-02-22 15:25:11.457772,83
Y_STR05620,Y_U0091,Y0030,2026-02-19 00:37:11.514760,59
Y_STR05621,Y_U0003,Y0019,2026-02-18 15:53:41.663858,196
Y_STR05622,Y_U0072,Y0031,2026-02-14 01:16:17.618850,152
Y_STR05623,Y_U0076,Y0005,2026-02-13 21:21:18.062602,88
Y_STR05624,Y_U0003,Y0044,2026-02-10 20:08:50.606946,221
Y_STR05625,Y_U0002,Y0045,2026-02-08 04:33:52.352926,165
Y_STR05626,Y_U0030,Y0017,2026-03-02 18:34:44.864751,184
Y_STR05627,Y_U0049,Y0030,2026-02-23 01:30:39.019774,77
Y_STR05628,Y_U0014,Y0043,2026-02-27 01:56:54.799302,26
Y_STR05629,Y_U0077,Y0012,2026-02-10 20:51:06.540617,313
Y_STR05630,Y_U0075,Y0026,2026-02-08 03:29:08.139844,25
Y_STR05631,Y_U0034,Y0023,2026-03-04 00:25:16.664033,7
Y_STR05632,Y_U0083,Y0029,2026-02-19 21:00:16.588208,139
Y_STR05633,Y_U0013,Y0024,2026-02-10 07:00:58.067992,198
Y_STR05634,Y_U0028,Y0038,2026-02-07 21:59:01.048986,94
Y_STR05635,Y_U0030,Y0032,2026-02-21 17:44:45.130646,50
Y_STR05636,Y_U0042,Y0034,2026-02-10 01:00:11.718086,99
Y_STR05637,Y_U0056,Y0043,2026-02-12 03:17:38.978802,119
Y_STR05638,Y_U0067,Y0050,2026-02-15 04:33:01.242734,196
Y_STR05639,Y_U0064,Y0039,2026-02-09 09:22:39.040075,125
Y_STR05640,Y_U0045,Y0042,2026-02-25 10:03:27.343092,244
Y_STR05641,Y_U0039,Y0039,2026-02-05 15:28:41.151963,73
Y_STR05642,Y_U0081,Y0029,2026-02-24 08:22:25.734429,27
Y_STR05643,Y_U0077,Y0045,2026-02-18 20:26:18.916784,63
Y_STR05644,Y_U0014,Y0025,2026-02-07 16:48:37.418448,119
Y_STR05645,Y_U0031,Y0041,2026-02-15 04:38:09.188930,54
Y_STR05646,Y_U0046,Y0038,2026-02-17 10:35:37.833850,146
Y_STR05647,Y_U0079,Y0015,2026-02-25 04:11:05.923504,109
Y_STR05648,Y_U0080,Y0024,2026-02-06 18:57:56.971651,136
Y_STR05649,Y_U0026,Y0021,2026-02-07 15:19:25.311926,82
Y_STR05650,Y_U0038,Y0027,2026-02-05 21:42:53.906107,127
Y_STR05651,Y_U0077,Y0024,2026-02-16 07:08:45.832643,280
Y_STR05652,Y_U0092,Y0038,2026-02-21 20:43:49.848748,140
Y_STR05653,Y_U0050,Y0050,2026-02-17 10:26:48.798450,34
Y_STR05654,Y_U0002,Y0029,2026-02-18 01:52:36.684013,121
Y_STR05655,Y_U0083,Y0007,2026-02-09 10:24:30.718486,29
Y_STR05656,Y_U0024,Y0014,2026-02-12 14:52:33.513048,228
Y_STR05657,Y_U0059,Y0022,2026-02-15 20:06:44.463222,153
Y_STR05658,Y_U0038,Y0016,2026-02-16 13:32:23.503291,17
Y_STR05659,Y_U0081,Y0034,2026-02-08 10:01:15.214048,49
Y_STR05660,Y_U0088,Y0043,2026-02-26 19:07:13.452963,137
Y_STR05661,Y_U0070,Y0049,2026-02-10 17:36:24.783890,119
Y_STR05662,Y_U0006,Y0032,2026-02-24 18:32:07.665258,188
Y_STR05663,Y_U0052,Y0035,2026-02-04 18:46:35.087326,227
Y_STR05664,Y_U0045,Y0041,2026-02-06 08:19:21.327439,13
Y_STR05665,Y_U0100,Y0012,2026-02-25 12:11:08.536275,170
Y_STR05666,Y_U0053,Y0018,2026-02-18 23:55:44.649299,167
Y_STR05667,Y_U0083,Y0048,2026-03-03 14:08:36.243436,156
Y_STR05668,Y_U0088,Y0049,2026-02-14 15:05:05.696403,56
Y_STR05669,Y_U0047,Y0043,2026-02-12 09:16:58.149796,75
Y_STR05670,Y_U0099,Y0024,2026-02-15 02:29:39.131740,14
Y_STR05671,Y_U0030,Y0035,2026-02-22 10:28:59.214898,59
Y_STR05672,Y_U0049,Y0028,2026-02-14 19:37:16.739673,7
Y_STR05673,Y_U0004,Y0010,2026-02-28 23:52:07.980288,6
Y_STR05674,Y_U0090,Y0041,2026-02-15 08:51:45.902212,135
Y_STR05675,Y_U0008,Y0024,2026-03-04 05:18:49.545932,31
Y_STR05676,Y_U0053,Y0037,2026-03-06 07:51:27.716363,221
Y_STR05677,Y_U0047,Y0041,2026-03-02 23:17:40.548081,64
Y_STR05678,Y_U0020,Y0047,2026-02-08 21:53:35.828711,88
Y_STR05679,Y_U0030,Y0044,2026-02-10 23:24:15.016272,248
Y_STR05680,Y_U0041,Y0048,2026-02-21 10:32:42.486958,181
Y_STR05681,Y_U0091,Y0042,2026-02-22 09:19:06.039924,333
Y_STR05682,Y_U0055,Y0025,2026-02-26 23:17:23.030283,53
Y_STR05683,Y_U0097,Y0028,2026-02-17 01:15:18.445888,29
Y_STR05684,Y_U0012,Y0039,2026-02-13 04:48:15.625471,252
Y_STR05685,Y_U0042,Y0033,2026-02-09 20:48:17.763721,145
Y_STR05686,Y_U0036,Y0014,2026-02-21 10:34:28.644186,201
Y_STR05687,Y_U0036,Y0035,2026-02-07 23:57:42.267898,192
Y_STR05688,Y_U0028,Y0039,2026-02-08 02:31:50.078179,291
Y_STR05689,Y_U0097,Y0029,2026-02-11 14:34:13.926451,33
Y_STR05690,Y_U0017,Y0028,2026-03-02 06:29:22.071853,202
Y_STR05691,Y_U0035,Y0033,2026-02-12 05:52:24.242906,97
Y_STR05692,Y_U0097,Y0036,2026-02-11 13:01:38.439274,33
Y_STR05693,Y_U0082,Y0033,2026-02-28 22:09:05.423214,211
Y_STR05694,Y_U0045,Y0011,2026-02-08 15:59:29.866917,247
Y_STR05695,Y_U0023,Y0033,2026-02-14 16:08:53.800769,195
Y_STR05696,Y_U0008,Y0013,2026-02-10 23:19:31.593111,98
Y_STR05697,Y_U0036,Y0037,2026-02-16 04:58:37.666116,358
Y_STR05698,Y_U0075,Y0049,2026-02-04 23:12:53.111410,205
Y_STR05699,Y_U0049,Y0029,2026-02-11 00:54:41.553401,90
Y_STR05700,Y_U0081,Y0040,2026-02-22 00:09:20.178150,144
Y_STR05701,Y_U0100,Y0036,2026-02-18 00:08:08.166652,34
Y_STR05702,Y_U0022,Y0025,2026-02-07 07:20:01.041931,113
Y_STR05703,Y_U0064,Y0040,2026-02-28 06:41:11.566878,123
Y_STR05704,Y_U0066,Y0026,2026-02-18 00:27:13.071772,106
Y_STR05705,Y_U0082,Y0027,2026-02-05 21:55:47.737621,85
Y_STR05706,Y_U0083,Y0041,2026-02-08 22:44:13.327865,58
Y_STR05707,Y_U0094,Y0009,2026-02-16 04:19:00.737971,124
Y_STR05708,Y_U0077,Y0028,2026-02-19 20:26:10.778970,117
Y_STR05709,Y_U0059,Y0039,2026-02-06 22:36:32.943368,49
Y_STR05710,Y_U0089,Y0013,2026-02-21 01:52:12.936349,39
Y_STR05711,Y_U0014,Y0038,2026-02-28 22:29:24.553568,95
Y_STR05712,Y_U0002,Y0036,2026-02-21 17:23:08.103161,124
Y_STR05713,Y_U0029,Y0045,2026-02-07 06:11:20.952810,29
Y_STR05714,Y_U0093,Y0047,2026-02-23 17:10:29.741210,190
Y_STR05715,Y_U0070,Y0033,2026-03-03 23:14:37.173764,45
Y_STR05716,Y_U0082,Y0050,2026-03-02 12:00:28.100728,185
Y_STR05717,Y_U0027,Y0035,2026-02-23 19:17:20.571034,174
Y_STR05718,Y_U0082,Y0021,2026-03-02 20:12:34.556787,205
Y_STR05719,Y_U0018,Y0029,2026-02-06 17:45:47.049327,166
Y_STR05720,Y_U0064,Y0034,2026-02-16 05:59:39.268907,90
Y_STR05721,Y_U0027,Y0032,2026-02-20 20:36:24.162275,17
Y_STR05722,Y_U0082,Y0023,2026-02-14 17:04:17.049674,80
Y_STR05723,Y_U0096,Y0047,2026-02-09 01:12:19.745648,155
Y_STR05724,Y_U0045,Y0042,2026-02-23 01:00:53.964927,302
Y_STR05725,Y_U0096,Y0020,2026-02-21 03:02:39.460979,324
Y_STR05726,Y_U0052,Y0033,2026-03-04 10:24:54.674765,164
Y_STR05727,Y_U0063,Y0034,2026-03-05 15:01:46.149382,101
Y_STR05728,Y_U0075,Y0014,2026-02-22 19:47:20.317428,267
Y_STR05729,Y_U0055,Y0042,2026-03-04 22:52:12.218332,161
Y_STR05730,Y_U0071,Y0001,2026-02-12 23:24:34.255618,107
Y_STR05731,Y_U0037,Y0044,2026-02-22 00:34:59.652545,47
Y_STR05732,Y_U0011,Y0004,2026-02-27 14:47:08.826408,143
Y_STR05733,Y_U0050,Y0039,2026-02-28 17:54:13.149543,212
Y_STR05734,Y_U0020,Y0048,2026-02-21 14:34:19.805019,54
Y_STR05735,Y_U0088,Y0041,2026-02-19 00:42:23.945702,88
Y_STR05736,Y_U0025,Y0019,2026-02-06 09:39:48.874143,89
Y_STR05737,Y_U0007,Y0011,2026-02-08 23:54:14.677694,20
Y_STR05738,Y_U0088,Y0004,2026-03-04 18:58:38.956856,40
Y_STR05739,Y_U0014,Y0034,2026-02-27 18:09:13.808761,131
Y_STR05740,Y_U0096,Y0048,2026-03-04 19:52:49.952199,129
Y_STR05741,Y_U0016,Y0022,2026-02-21 03:18:26.239959,14
Y_STR05742,Y_U0086,Y0035,2026-02-27 16:03:56.620521,35
Y_STR05743,Y_U0024,Y0046,2026-02-06 13:32:28.831736,11
Y_STR05744,Y_U0029,Y0039,2026-02-27 20:42:40.864106,307
Y_STR05745,Y_U0068,Y0005,2026-02-27 16:47:21.508600,305
Y_STR05746,Y_U0037,Y0045,2026-02-15 05:15:34.673965,94
Y_STR05747,Y_U0084,Y0023,2026-02-09 21:43:44.729130,85
Y_STR05748,Y_U0030,Y0025,2026-02-15 18:04:24.911017,120
Y_STR05749,Y_U0085,Y0045,2026-03-05 07:40:29.311048,99
Y_STR05750,Y_U0024,Y0032,2026-02-17 00:15:39.471416,158
Y_STR05751,Y_U0010,Y0032,2026-02-20 21:20:09.864720,51
Y_STR05752,Y_U0063,Y0048,2026-02-23 22:47:31.359171,230
Y_STR05753,Y_U0032,Y0009,2026-03-05 16:12:34.919712,113
Y_STR05754,Y_U0054,Y0018,2026-02-06 21:11:48.127163,102
Y_STR05755,Y_U0053,Y0036,2026-02-22 02:01:38.786422,106
Y_STR05756,Y_U0019,Y0036,2026-02-25 05:35:36.173635,137
Y_STR05757,Y_U0084,Y0023,2026-03-06 00:48:45.322945,64
Y_STR05758,Y_U0029,Y0025,2026-02-26 05:45:21.983639,41
Y_STR05759,Y_U0085,Y0031,2026-02-17 16:27:17.388351,114
Y_STR05760,Y_U0038,Y0043,2026-02-07 00:50:52.578987,125
Y_STR05761,Y_U0071,Y0026,2026-02-28 17:59:56.194590,97
Y_STR05762,Y_U0084,Y0042,2026-02-10 21:20:37.388253,147
Y_STR05763,Y_U0061,Y0034,2026-02-15 09:55:40.756073,94
Y_STR05764,Y_U0052,Y0047,2026-02-07 05:26:23.867992,18
Y_STR05765,Y_U0067,Y0017,2026-02-06 00:55:17.527719,91
Y_STR05766,Y_U0098,Y0050,2026-03-03 02:59:04.475156,20
Y_STR05767,Y_U0015,Y0039,2026-02-08 21:30:49.284572,166
Y_STR05768,Y_U0064,Y0041,2026-02-23 07:33:20.640242,89
Y_STR05769,Y_U0079,Y0045,2026-03-05 04:33:13.004188,85
Y_STR05770,Y_U0002,Y0025,2026-02-13 14:33:22.991009,5
Y_STR05771,Y_U0041,Y0031,2026-02-25 05:48:57.760369,142
Y_STR05772,Y_U0085,Y0010,2026-02-27 06:44:06.805163,17
Y_STR05773,Y_U0007,Y0044,2026-03-04 16:00:44.892401,204
Y_STR05774,Y_U0061,Y0047,2026-02-17 11:46:24.110484,43
Y_STR05775,Y_U0094,Y0043,2026-02-12 06:09:35.375641,84
Y_STR05776,Y_U0082,Y0050,2026-02-28 06:02:49.607822,65
Y_STR05777,Y_U0094,Y0032,2026-02-15 23:55:29.602696,193
Y_STR05778,Y_U0075,Y0033,2026-02-28 20:52:58.421062,183
Y_STR05779,Y_U0028,Y0035,2026-03-03 08:06:25.473269,150
Y_STR05780,Y_U0064,Y0040,2026-02-16 14:53:22.925659,67
Y_STR05781,Y_U0061,Y0050,2026-02-11 21:46:44.182046,70
Y_STR05782,Y_U0010,Y0033,2026-02-20 22:59:59.892682,209
Y_STR05783,Y_U0066,Y0025,2026-02-15 11:55:54.565242,105
Y_STR05784,Y_U0065,Y0038,2026-02-18 08:19:57.836371,132
Y_STR05785,Y_U0079,Y0032,2026-02-28 02:41:03.759411,30
Y_STR05786,Y_U0021,Y0045,2026-02-16 07:24:49.298986,70
Y_STR05787,Y_U0011,Y0012,2026-02-21 11:23:07.662556,303
Y_STR05788,Y_U0011,Y0029,2026-02-12 18:03:53.372315,124
Y_STR05789,Y_U0012,Y0028,2026-02-27 12:58:25.208723,160
Y_STR05790,Y_U0028,Y0013,2026-02-20 03:38:30.658005,131
Y_STR05791,Y_U0017,Y0019,2026-02-08 17:04:08.226654,162
Y_STR05792,Y_U0093,Y0049,2026-02-13 06:13:35.828665,161
Y_STR05793,Y_U0041,Y0028,2026-02-20 01:41:13.002678,18
Y_STR05794,Y_U0065,Y0039,2026-02-06 13:36:12.665890,166
Y_STR05795,Y_U0096,Y0027,2026-03-05 12:48:24.790277,26
Y_STR05796,Y_U0009,Y0047,2026-02-27 08:07:12.975415,145
Y_STR05797,Y_U0024,Y0048,2026-03-01 11:02:45.209266,151
Y_STR05798,Y_U0049,Y0015,2026-02-23 16:06:40.334293,96
Y_STR05799,Y_U0007,Y0045,2026-02-23 13:22:06.272388,63
Y_STR05800,Y_U0068,Y0019,2026-03-05 20:43:15.863842,235
Y_STR05801,Y_U0060,Y0030,2026-02-23 14:53:03.532870,162
Y_STR05802,Y_U0007,Y0036,2026-02-10 09:26:01.832697,179
Y_STR05803,Y_U0002,Y0039,2026-02-20 16:59:38.873560,174
Y_STR05804,Y_U0071,Y0035,2026-02-16 13:17:30.941543,45
Y_STR05805,Y_U0090,Y0022,2026-02-20 05:19:56.967441,8
Y_STR05806,Y_U0095,Y0049,2026-02-26 12:29:43.014647,76
Y_STR05807,Y_U0027,Y0033,2026-02-17 16:25:11.250266,35
Y_STR05808,Y_U0023,Y0023,2026-03-03 15:56:11.335665,118
Y_STR05809,Y_U0095,Y0027,2026-02-14 07:59:16.574403,88
Y_STR05810,Y_U0026,Y0039,2026-02-24 03:41:18.455995,80
Y_STR05811,Y_U0010,Y0014,2026-02-16 15:32:26.399879,287
Y_STR05812,Y_U0082,Y0032,2026-02-04 19:44:08.156132,137
Y_STR05813,Y_U0012,Y0011,2026-02-21 11:26:48.009798,140
Y_STR05814,Y_U0045,Y0029,2026-02-06 19:50:39.298616,50
Y_STR05815,Y_U0087,Y0049,2026-02-19 15:42:05.978055,78
Y_STR05816,Y_U0061,Y0009,2026-02-19 21:10:49.903478,128
Y_STR05817,Y_U0075,Y0021,2026-02-26 04:37:29.155056,13
Y_STR05818,Y_U0057,Y0030,2026-02-21 10:01:32.408504,183
Y_STR05819,Y_U0090,Y0023,2026-02-17 00:49:44.803782,12
Y_STR05820,Y_U0021,Y0014,2026-02-11 15:39:16.563995,250
Y_STR05821,Y_U0041,Y0026,2026-02-25 05:57:50.901769,116
Y_STR05822,Y_U0014,Y0042,2026-02-22 11:47:50.395181,192
Y_STR05823,Y_U0034,Y0031,2026-02-26 01:30:19.196351,125
Y_STR05824,Y_U0043,Y0036,2026-02-21 01:19:10.194348,217
Y_STR05825,Y_U0092,Y0024,2026-02-22 08:57:29.898516,103
Y_STR05826,Y_U0030,Y0049,2026-02-10 19:46:49.941307,18
Y_STR05827,Y_U0050,Y0034,2026-02-10 13:50:52.191486,49
Y_STR05828,Y_U0015,Y0044,2026-03-05 16:37:04.042372,280
Y_STR05829,Y_U0086,Y0029,2026-02-06 08:35:05.896861,167
Y_STR05830,Y_U0079,Y0046,2026-02-13 12:29:56.475899,135
Y_STR05831,Y_U0092,Y0038,2026-02-15 13:58:49.468494,124
Y_STR05832,Y_U0078,Y0048,2026-02-23 15:53:22.860717,8
Y_STR05833,Y_U0059,Y0035,2026-02-16 06:58:01.899502,5
Y_STR05834,Y_U0011,Y0049,2026-02-18 14:57:17.400127,34
Y_STR05835,Y_U0003,Y0043,2026-02-25 20:00:05.811841,42
Y_STR05836,Y_U0033,Y0040,2026-02-27 02:27:42.280774,329
Y_STR05837,Y_U0069,Y0037,2026-02-22 20:05:13.439725,88
Y_STR05838,Y_U0043,Y0026,2026-02-27 13:08:32.775948,121
Y_STR05839,Y_U0097,Y0028,2026-02-17 04:00:22.657730,147
Y_STR05840,Y_U0021,Y0025,2026-02-15 13:03:39.586861,193
Y_STR05841,Y_U0082,Y0050,2026-02-10 03:58:22.907189,237
Y_STR05842,Y_U0074,Y0043,2026-02-17 19:49:07.479031,110
Y_STR05843,Y_U0063,Y0050,2026-02-26 02:33:03.912874,283
Y_STR05844,Y_U0086,Y0043,2026-02-15 18:24:14.253389,125
Y_STR05845,Y_U0040,Y0020,2026-02-15 13:00:18.978657,310
Y_STR05846,Y_U0017,Y0045,2026-02-20 00:58:44.280420,154
Y_STR05847,Y_U0088,Y0007,2026-02-22 14:35:02.037441,325
Y_STR05848,Y_U0070,Y0025,2026-02-08 12:37:47.084976,50
Y_STR05849,Y_U0096,Y0041,2026-02-14 20:24:33.330147,137
Y_STR05850,Y_U0063,Y0013,2026-02-13 15:50:44.951654,134
Y_STR05851,Y_U0025,Y0041,2026-02-15 04:03:32.952509,44
Y_STR05852,Y_U0027,Y0028,2026-02-23 00:46:44.476103,105
Y_STR05853,Y_U0017,Y0041,2026-02-26 02:39:03.929039,101
Y_STR05854,Y_U0019,Y0050,2026-02-16 03:57:02.512768,260
Y_STR05855,Y_U0096,Y0030,2026-02-13 08:03:02.151958,126
Y_STR05856,Y_U0004,Y0045,2026-02-09 11:34:59.291379,140
Y_STR05857,Y_U0050,Y0016,2026-02-26 12:45:09.382512,134
Y_STR05858,Y_U0070,Y0026,2026-02-25 07:33:19.051312,52
Y_STR05859,Y_U0027,Y0031,2026-02-25 17:55:28.243102,31
Y_STR05860,Y_U0045,Y0024,2026-02-28 18:08:35.918818,64
Y_STR05861,Y_U0053,Y0037,2026-02-19 03:30:26.037488,309
Y_STR05862,Y_U0064,Y0020,2026-02-26 03:52:06.641419,328
Y_STR05863,Y_U0035,Y0031,2026-02-26 15:27:26.423652,59
Y_STR05864,Y_U0015,Y0048,2026-03-02 22:07:21.592732,148
Y_STR05865,Y_U0092,Y0019,2026-02-14 14:25:18.565346,85
Y_STR05866,Y_U0088,Y0043,2026-02-07 04:59:01.432901,150
Y_STR05867,Y_U0052,Y0019,2026-03-03 22:02:31.149069,241
Y_STR05868,Y_U0085,Y0022,2026-02-06 16:24:25.806668,36
Y_STR05869,Y_U0024,Y0033,2026-03-01 20:05:38.806798,266
Y_STR05870,Y_U0094,Y0030,2026-02-23 04:24:04.558179,29
Y_STR05871,Y_U0031,Y0036,2026-02-17 19:21:10.955100,18
Y_STR05872,Y_U0050,Y0049,2026-02-04 20:31:48.801526,188
Y_STR05873,Y_U0017,Y0011,2026-02-09 02:34:40.812267,110
Y_STR05874,Y_U0079,Y0049,2026-03-05 13:10:57.486202,81
Y_STR05875,Y_U0038,Y0042,2026-02-20 06:47:36.895310,215
Y_STR05876,Y_U0093,Y0031,2026-02-07 09:01:46.171141,149
Y_STR05877,Y_U0055,Y0019,2026-02-21 01:20:47.188729,62
Y_STR05878,Y_U0085,Y0050,2026-02-28 11:58:26.941692,184
Y_STR05879,Y_U0091,Y0036,2026-02-28 15:25:12.654618,31
Y_STR05880,Y_U0077,Y0008,2026-03-04 14:54:39.830425,29
Y_STR05881,Y_U0083,Y0039,2026-02-10 04:51:37.580815,61
Y_STR05882,Y_U0067,Y0047,2026-03-05 09:47:34.638231,43
Y_STR05883,Y_U0002,Y0046,2026-02-09 21:27:43.265472,82
Y_STR05884,Y_U0067,Y0035,2026-02-06 08:46:09.139257,267
Y_STR05885,Y_U0031,Y0031,2026-02-16 07:52:36.259151,29
Y_STR05886,Y_U0007,Y0035,2026-03-04 09:55:37.685427,318
Y_STR05887,Y_U0024,Y0039,2026-03-04 11:11:06.221744,38
Y_STR05888,Y_U0059,Y0027,2026-02-13 06:11:46.789996,6
Y_STR05889,Y_U0020,Y0048,2026-02-12 16:58:34.556268,108
Y_STR05890,Y_U0038,Y0032,2026-02-15 02:15:49.449145,140
Y_STR05891,Y_U0067,Y0035,2026-02-12 11:44:45.160178,205
Y_STR05892,Y_U0074,Y0044,2026-02-05 04:54:49.132578,151
Y_STR05893,Y_U0025,Y0048,2026-03-02 00:15:12.087065,35
Y_STR05894,Y_U0012,Y0030,2026-02-07 08:25:04.910622,108
Y_STR05895,Y_U0023,Y0027,2026-02-20 15:09:09.366641,68
Y_STR05896,Y_U0098,Y0043,2026-02-11 10:13:25.099892,141
Y_STR05897,Y_U0082,Y0045,2026-02-28 22:33:07.537129,103
Y_STR05898,Y_U0088,Y0021,2026-03-06 06:09:11.893414,136
Y_STR05899,Y_U0039,Y0040,2026-02-10 01:37:18.866458,247
Y_STR05900,Y_U0078,Y0033,2026-02-23 17:43:33.470119,270
Y_STR05901,Y_U0088,Y0020,2026-03-03 07:12:40.824782,245
Y_STR05902,Y_U0037,Y0028,2026-02-25 03:38:04.602663,131
Y_STR05903,Y_U0002,Y0028,2026-03-01 00:45:05.427885,192
Y_STR05904,Y_U0084,Y0044,2026-02-17 12:16:18.739059,149
Y_STR05905,Y_U0041,Y0027,2026-02-04 11:13:07.721028,31
Y_STR05906,Y_U0021,Y0032,2026-02-11 19:12:23.186345,97
Y_STR05907,Y_U0002,Y0048,2026-02-25 21:07:52.821049,107
Y_STR05908,Y_U0012,Y0043,2026-03-04 19:19:04.596798,190
Y_STR05909,Y_U0034,Y0039,2026-02-13 17:40:08.755006,13
Y_STR05910,Y_U0075,Y0035,2026-03-05 14:12:01.398863,218
Y_STR05911,Y_U0013,Y0041,2026-02-23 12:58:35.275808,52
Y_STR05912,Y_U0020,Y0031,2026-02-08 19:06:11.448025,7
Y_STR05913,Y_U0097,Y0028,2026-03-02 17:25:16.100195,153
Y_STR05914,Y_U0098,Y0010,2026-02-07 02:30:23.828277,72
Y_STR05915,Y_U0077,Y0037,2026-02-11 11:21:28.229966,326
Y_STR05916,Y_U0037,Y0050,2026-02-23 15:10:36.587728,156
Y_STR05917,Y_U0018,Y0017,2026-03-04 00:53:17.120010,162
Y_STR05918,Y_U0023,Y0017,2026-03-04 06:11:51.625762,114
Y_STR05919,Y_U0036,Y0032,2026-02-27 04:20:52.539616,159
Y_STR05920,Y_U0073,Y0021,2026-02-09 04:45:50.717226,160
Y_STR05921,Y_U0082,Y0047,2026-03-03 10:36:14.958969,85
Y_STR05922,Y_U0055,Y0043,2026-03-02 01:39:23.140952,53
Y_STR05923,Y_U0099,Y0043,2026-02-09 10:53:33.440174,151
Y_STR05924,Y_U0033,Y0035,2026-03-05 05:11:21.288181,24
Y_STR05925,Y_U0090,Y0032,2026-02-12 18:24:19.232679,20
Y_STR05926,Y_U0083,Y0008,2026-02-22 03:27:35.835624,108
Y_STR05927,Y_U0032,Y0050,2026-02-26 23:07:06.084816,186
Y_STR05928,Y_U0041,Y0031,2026-02-23 16:17:11.963945,53
Y_STR05929,Y_U0068,Y0047,2026-02-07 22:34:51.140618,151
Y_STR05930,Y_U0053,Y0048,2026-03-02 05:44:08.466990,231
Y_STR05931,Y_U0076,Y0050,2026-02-13 20:30:18.312476,21
Y_STR05932,Y_U0012,Y0017,2026-02-21 21:50:25.443887,135
Y_STR05933,Y_U0016,Y0049,2026-02-19 14:53:03.861385,71
Y_STR05934,Y_U0036,Y0019,2026-02-13 12:04:08.065222,23
Y_STR05935,Y_U0064,Y0035,2026-02-13 15:03:12.574051,299
Y_STR05936,Y_U0064,Y0039,2026-03-05 01:07:17.973737,154
Y_STR05937,Y_U0084,Y0015,2026-03-01 12:38:36.362479,63
Y_STR05938,Y_U0058,Y0023,2026-02-17 00:56:28.144923,60
Y_STR05939,Y_U0017,Y0008,2026-02-15 12:55:39.459403,167
Y_STR05940,Y_U0004,Y0049,2026-02-20 00:37:18.624950,83
Y_STR05941,Y_U0089,Y0031,2026-02-22 13:23:41.923131,7
Y_STR05942,Y_U0009,Y0034,2026-02-14 11:37:11.036204,147
Y_STR05943,Y_U0013,Y0031,2026-02-06 17:40:23.278484,62
Y_STR05944,Y_U0048,Y0043,2026-02-27 01:14:35.154944,82
Y_STR05945,Y_U0064,Y0012,2026-03-03 16:40:51.266510,49
Y_STR05946,Y_U0007,Y0032,2026-02-26 01:41:24.283561,91
Y_STR05947,Y_U0046,Y0040,2026-02-07 09:23:03.837253,179
Y_STR05948,Y_U0032,Y0025,2026-03-06 00:08:23.479661,37
Y_STR05949,Y_U0037,Y0028,2026-02-19 07:34:04.129801,114
Y_STR05950,Y_U0088,Y0017,2026-02-16 02:42:31.080536,157
Y_STR05951,Y_U0067,Y0008,2026-03-02 10:59:06.836302,63
Y_STR05952,Y_U0023,Y0041,2026-02-10 12:08:58.592513,150
Y_STR05953,Y_U0010,Y0042,2026-02-07 00:19:35.204594,206
Y_STR05954,Y_U0047,Y0038,2026-02-09 06:50:39.955588,119
Y_STR05955,Y_U0062,Y0048,2026-02-09 13:02:11.265985,32
Y_STR05956,Y_U0091,Y0018,2026-02-19 03:23:18.249515,180
Y_STR05957,Y_U0069,Y0045,2026-02-21 17:44:22.745750,22
Y_STR05958,Y_U0041,Y0042,2026-02-11 16:07:16.669895,122
Y_STR05959,Y_U0065,Y0026,2026-02-27 16:08:13.680174,92
Y_STR05960,Y_U0070,Y0040,2026-02-12 21:34:05.832562,112
Y_STR05961,Y_U0057,Y0041,2026-02-12 11:14:58.065879,133
Y_STR05962,Y_U0018,Y0031,2026-02-24 10:43:51.637926,99
Y_STR05963,Y_U0080,Y0016,2026-02-06 13:35:52.352031,123
Y_STR05964,Y_U0064,Y0018,2026-03-04 08:36:02.266596,77
Y_STR05965,Y_U0067,Y0041,2026-02-07 16:04:45.655755,156
Y_STR05966,Y_U0088,Y0047,2026-03-05 20:36:24.982518,51
Y_STR05967,Y_U0029,Y0012,2026-02-28 15:29:36.370185,299
Y_STR05968,Y_U0099,Y0016,2026-03-02 09:37:00.726317,112
Y_STR05969,Y_U0026,Y0038,2026-02-10 05:09:40.821147,63
Y_STR05970,Y_U0084,Y0028,2026-02-16 10:44:30.516579,131
Y_STR05971,Y_U0089,Y0031,2026-02-14 05:49:44.964145,153
Y_STR05972,Y_U0048,Y0042,2026-03-04 16:02:25.156741,102
Y_STR05973,Y_U0036,Y0046,2026-02-04 18:33:27.963042,212
Y_STR05974,Y_U0040,Y0047,2026-02-27 02:46:14.636021,20
Y_STR05975,Y_U0067,Y0049,2026-02-10 08:15:23.615112,109
Y_STR05976,Y_U0012,Y0013,2026-02-16 19:41:35.125290,30
Y_STR05977,Y_U0084,Y0042,2026-03-03 10:51:10.622550,195
Y_STR05978,Y_U0019,Y0026,2026-02-20 12:55:04.848676,100
Y_STR05979,Y_U0015,Y0043,2026-02-27 18:24:06.339537,151
Y_STR05980,Y_U0031,Y0035,2026-02-04 14:49:43.346015,299
Y_STR05981,Y_U0055,Y0017,2026-02-20 13:27:56.362418,67
Y_STR05982,Y_U0056,Y0046,2026-02-15 17:13:29.513692,165
Y_STR05983,Y_U0077,Y0020,2026-02-18 00:42:38.607271,338
Y_STR05984,Y_U0079,Y0025,2026-02-27 12:38:08.150103,70
Y_STR05985,Y_U0064,Y0049,2026-02-15 14:57:16.571946,58
Y_STR05986,Y_U0085,Y0023,2026-02-15 18:16:39.623341,53
Y_STR05987,Y_U0085,Y0047,2026-02-05 20:00:22.674674,168
Y_STR05988,Y_U0055,Y0010,2026-02-13 09:29:17.958160,150
Y_STR05989,Y_U0003,Y0045,2026-02-09 02:27:35.114393,149
Y_STR05990,Y_U0003,Y0032,2026-02-10 13:21:03.427745,144
Y_STR05991,Y_U0038,Y0035,2026-02-20 12:29:50.991709,14
Y_STR05992,Y_U0069,Y0027,2026-02-08 01:00:23.308165,133
Y_STR05993,Y_U0004,Y0002,2026-02-14 16:52:36.768446,148
Y_STR05994,Y_U0096,Y0028,2026-02-20 11:45:56.653442,8
Y_STR05995,Y_U0071,Y0039,2026-03-01 01:11:17.307418,118
Y_STR05996,Y_U0034,Y0050,2026-03-05 16:20:52.866527,87
Y_STR05997,Y_U0031,Y0024,2026-02-05 04:43:34.814188,87
Y_STR05998,Y_U0051,Y0035,2026-02-22 14:04:22.808424,232
Y_STR05999,Y_U0047,Y0048,2026-02-20 17:27:37.046687,222
Y_STR06000,Y_U0009,Y0047,2026-02-23 09:43:02.295880,22
Y_STR06001,Y_U0024,Y0044,2026-02-09 12:47:02.789117,60
Y_STR06002,Y_U0031,Y0035,2026-02-16 16:15:14.908653,286
Y_STR06003,Y_U0049,Y0040,2026-03-05 20:58:28.099730,93
Y_STR06004,Y_U0099,Y0041,2026-02-06 21:22:52.608428,118
Y_STR06005,Y_U0074,Y0018,2026-02-21 23:38:32.569593,159
Y_STR06006,Y_U0031,Y0044,2026-02-25 10:55:01.919282,114
Y_STR06007,Y_U0050,Y0032,2026-03-05 01:24:49.182284,220
Y_STR06008,Y_U0037,Y0046,2026-03-04 06:03:46.223569,102
Y_STR06009,Y_U0061,Y0045,2026-03-01 03:54:19.000162,46
Y_STR06010,Y_U0044,Y0036,2026-02-20 09:31:20.872355,206
Y_STR06011,Y_U0059,Y0023,2026-02-16 09:13:10.292767,12
Y_STR06012,Y_U0066,Y0004,2026-02-13 09:12:27.786747,202
Y_STR06013,Y_U0098,Y0025,2026-02-05 08:58:57.099141,5
Y_STR06014,Y_U0004,Y0013,2026-03-03 23:58:52.924479,74
Y_STR06015,Y_U0081,Y0033,2026-02-07 12:03:39.522401,31
Y_STR06016,Y_U0019,Y0034,2026-02-09 16:45:35.661814,196
Y_STR06017,Y_U0100,Y0038,2026-02-27 09:15:20.467206,115
Y_STR06018,Y_U0045,Y0028,2026-02-10 10:47:02.806745,42
Y_STR06019,Y_U0001,Y0040,2026-02-10 14:52:06.808400,335
Y_STR06020,Y_U0017,Y0045,2026-03-05 03:32:29.203590,171
Y_STR06021,Y_U0100,Y0050,2026-02-14 23:19:35.915370,211
Y_STR06022,Y_U0021,Y0033,2026-02-13 17:26:37.015206,172
Y_STR06023,Y_U0049,Y0022,2026-02-26 00:57:35.844826,136
Y_STR06024,Y_U0067,Y0014,2026-03-05 06:26:41.525685,161
Y_STR06025,Y_U0033,Y0031,2026-02-21 07:48:46.794841,91
Y_STR06026,Y_U0077,Y0047,2026-02-16 05:06:47.177197,108
Y_STR06027,Y_U0035,Y0044,2026-02-08 17:49:15.435804,57
Y_STR06028,Y_U0020,Y0016,2026-02-16 15:13:46.520153,113
Y_STR06029,Y_U0066,Y0014,2026-02-13 00:58:14.410374,193
Y_STR06030,Y_U0013,Y0022,2026-02-20 19:59:01.300713,15
Y_STR06031,Y_U0056,Y0033,2026-02-23 06:44:10.004110,199
Y_STR06032,Y_U0044,Y0037,2026-02-16 00:44:18.049444,163
Y_STR06033,Y_U0020,Y0025,2026-02-10 07:49:50.615926,9
Y_STR06034,Y_U0026,Y0045,2026-02-12 05:41:21.633623,36
Y_STR06035,Y_U0023,Y0031,2026-02-23 10:37:35.007248,81
Y_STR06036,Y_U0040,Y0047,2026-02-16 21:55:59.319674,11
Y_STR06037,Y_U0054,Y0017,2026-02-13 13:18:00.285050,113
Y_STR06038,Y_U0026,Y0042,2026-02-05 04:34:29.525349,111
Y_STR06039,Y_U0063,Y0043,2026-03-06 07:26:50.123658,50
Y_STR06040,Y_U0028,Y0023,2026-02-05 07:34:57.721971,109
Y_STR06041,Y_U0039,Y0029,2026-02-11 22:00:10.207728,131
Y_STR06042,Y_U0044,Y0007,2026-02-06 16:15:47.241145,134
Y_STR06043,Y_U0100,Y0038,2026-02-19 13:06:50.880677,152
Y_STR06044,Y_U0006,Y0038,2026-02-12 12:01:46.580845,66
Y_STR06045,Y_U0087,Y0045,2026-02-20 08:52:03.715678,75
Y_STR06046,Y_U0092,Y0021,2026-03-01 21:01:20.508931,116
Y_STR06047,Y_U0041,Y0050,2026-02-23 07:37:46.387788,278
Y_STR06048,Y_U0069,Y0033,2026-02-27 08:03:07.973907,269
Y_STR06049,Y_U0025,Y0032,2026-02-25 07:26:15.618465,37
Y_STR06050,Y_U0089,Y0031,2026-02-22 00:10:13.786273,98
Y_STR06051,Y_U0061,Y0047,2026-02-19 00:13:56.658808,200
Y_STR06052,Y_U0032,Y0047,2026-02-23 05:02:20.103696,192
Y_STR06053,Y_U0025,Y0011,2026-02-27 00:48:55.648279,119
Y_STR06054,Y_U0005,Y0041,2026-02-18 00:37:28.100562,113
Y_STR06055,Y_U0058,Y0026,2026-02-13 09:52:54.691624,39
Y_STR06056,Y_U0098,Y0041,2026-02-19 07:09:37.802062,103
Y_STR06057,Y_U0071,Y0049,2026-03-04 09:02:00.964065,78
Y_STR06058,Y_U0005,Y0034,2026-02-17 13:43:47.032791,67
Y_STR06059,Y_U0022,Y0034,2026-02-18 04:50:30.643150,160
Y_STR06060,Y_U0010,Y0036,2026-02-24 15:40:06.431584,202
Y_STR06061,Y_U0042,Y0015,2026-02-20 13:51:46.362190,95
Y_STR06062,Y_U0090,Y0050,2026-02-25 01:47:36.353066,6
Y_STR06063,Y_U0049,Y0028,2026-03-01 01:03:31.164079,51
Y_STR06064,Y_U0037,Y0044,2026-02-09 03:08:03.098773,247
Y_STR06065,Y_U0027,Y0017,2026-02-22 02:28:25.979074,216
Y_STR06066,Y_U0002,Y0015,2026-02-09 23:01:33.825915,93
Y_STR06067,Y_U0087,Y0040,2026-02-07 12:54:36.482912,113
Y_STR06068,Y_U0076,Y0046,2026-02-19 01:35:53.517438,20
Y_STR06069,Y_U0065,Y0030,2026-03-03 21:36:20.683016,184
Y_STR06070,Y_U0033,Y0025,2026-03-06 07:52:59.463396,6
Y_STR06071,Y_U0091,Y0027,2026-02-06 16:03:20.803895,121
Y_STR06072,Y_U0057,Y0047,2026-02-14 22:47:39.633787,165
Y_STR06073,Y_U0061,Y0028,2026-02-12 07:57:54.974608,140
Y_STR06074,Y_U0003,Y0042,2026-02-12 20:25:12.636045,263
Y_STR06075,Y_U0091,Y0047,2026-02-11 20:45:49.201676,50
Y_STR06076,Y_U0082,Y0045,2026-03-04 09:44:25.775072,40
Y_STR06077,Y_U0083,Y0047,2026-02-21 09:28:22.033216,91
Y_STR06078,Y_U0001,Y0035,2026-03-05 17:36:34.569445,143
Y_STR06079,Y_U0094,Y0045,2026-02-27 03:43:46.262391,68
Y_STR06080,Y_U0057,Y0041,2026-03-01 08:45:41.266772,159
Y_STR06081,Y_U0068,Y0012,2026-03-01 00:24:00.666345,77
Y_STR06082,Y_U0082,Y0039,2026-02-09 00:07:05.174565,284
Y_STR06083,Y_U0041,Y0030,2026-02-04 20:49:53.586549,96
Y_STR06084,Y_U0050,Y0033,2026-02-12 09:57:18.192385,181
Y_STR06085,Y_U0080,Y0038,2026-02-07 06:19:50.772312,89
Y_STR06086,Y_U0096,Y0039,2026-02-20 18:15:45.220468,271
Y_STR06087,Y_U0009,Y0037,2026-03-05 01:42:10.990294,94
Y_STR06088,Y_U0007,Y0024,2026-03-01 22:22:51.357911,93
Y_STR06089,Y_U0040,Y0049,2026-03-01 14:38:56.616115,28
Y_STR06090,Y_U0041,Y0006,2026-02-25 19:46:43.987717,137
Y_STR06091,Y_U0005,Y0033,2026-02-26 04:44:04.897227,238
Y_STR06092,Y_U0019,Y0032,2026-02-26 20:29:02.452712,107
Y_STR06093,Y_U0067,Y0049,2026-02-20 19:17:37.292693,219
Y_STR06094,Y_U0053,Y0049,2026-02-07 12:58:00.923595,196
Y_STR06095,Y_U0055,Y0022,2026-02-12 03:51:25.442635,55
Y_STR06096,Y_U0023,Y0045,2026-02-28 16:33:28.978705,20
Y_STR06097,Y_U0026,Y0019,2026-02-15 03:08:35.394455,137
Y_STR06098,Y_U0014,Y0049,2026-02-22 08:19:27.775247,63
Y_STR06099,Y_U0021,Y0033,2026-02-13 15:16:18.465810,214
Y_STR06100,Y_U0073,Y0043,2026-02-14 15:20:03.549639,114
Y_STR06101,Y_U0015,Y0041,2026-02-15 07:41:23.047239,45
Y_STR06102,Y_U0026,Y0043,2026-02-04 13:45:03.459028,173
Y_STR06103,Y_U0098,Y0036,2026-02-09 08:23:52.242533,119
Y_STR06104,Y_U0042,Y0011,2026-02-06 00:50:26.987838,54
Y_STR06105,Y_U0092,Y0047,2026-02-17 06:26:16.887003,134
Y_STR06106,Y_U0088,Y0050,2026-02-24 09:47:41.921347,36
Y_STR06107,Y_U0052,Y0038,2026-02-17 03:10:23.134857,150
Y_STR06108,Y_U0071,Y0039,2026-02-10 18:34:27.100809,142
Y_STR06109,Y_U0075,Y0042,2026-03-03 03:46:27.128206,93
Y_STR06110,Y_U0087,Y0049,2026-02-21 04:31:39.694884,214
Y_STR06111,Y_U0067,Y0030,2026-02-25 02:26:12.989787,66
Y_STR06112,Y_U0064,Y0017,2026-02-10 17:51:57.032088,111
Y_STR06113,Y_U0071,Y0038,2026-02-19 07:11:24.383675,154
Y_STR06114,Y_U0076,Y0012,2026-02-24 04:54:24.057667,148
Y_STR06115,Y_U0048,Y0009,2026-02-06 18:51:18.496289,136
Y_STR06116,Y_U0056,Y0025,2026-02-22 21:17:08.405658,17
Y_STR06117,Y_U0068,Y0044,2026-02-14 03:01:46.175566,14
Y_STR06118,Y_U0087,Y0044,2026-02-22 19:45:19.523343,98
Y_STR06119,Y_U0080,Y0046,2026-03-05 15:14:37.380190,151
Y_STR06120,Y_U0011,Y0036,2026-03-03 12:39:13.843511,213
Y_STR06121,Y_U0081,Y0038,2026-02-05 12:52:44.316790,184
Y_STR06122,Y_U0013,Y0027,2026-02-10 13:17:48.332602,40
Y_STR06123,Y_U0016,Y0050,2026-03-04 21:26:48.333003,227
Y_STR06124,Y_U0051,Y0036,2026-02-21 12:42:43.444803,218
Y_STR06125,Y_U0039,Y0048,2026-02-25 20:45:26.214854,77
Y_STR06126,Y_U0064,Y0029,2026-02-24 15:33:00.450182,41
Y_STR06127,Y_U0026,Y0013,2026-02-13 17:25:45.440339,49
Y_STR06128,Y_U0096,Y0028,2026-02-06 08:39:38.346573,222
Y_STR06129,Y_U0096,Y0050,2026-02-25 03:54:12.781890,149
Y_STR06130,Y_U0002,Y0034,2026-02-18 18:25:12.972316,149
Y_STR06131,Y_U0096,Y0041,2026-02-17 17:43:24.442395,54
Y_STR06132,Y_U0046,Y0003,2026-02-10 08:40:40.284383,259
Y_STR06133,Y_U0027,Y0040,2026-03-01 05:36:22.107159,85
Y_STR06134,Y_U0030,Y0029,2026-03-01 12:33:35.341805,92
Y_STR06135,Y_U0015,Y0042,2026-02-25 21:38:13.639597,120
Y_STR06136,Y_U0075,Y0041,2026-02-20 15:39:48.612537,102
Y_STR06137,Y_U0016,Y0025,2026-02-15 04:24:23.373798,186
Y_STR06138,Y_U0070,Y0038,2026-02-24 09:55:55.000461,181
Y_STR06139,Y_U0012,Y0032,2026-02-25 07:36:03.141450,168
Y_STR06140,Y_U0032,Y0050,2026-02-15 16:20:02.789598,23
Y_STR06141,Y_U0095,Y0044,2026-03-03 11:47:08.511790,12
Y_STR06142,Y_U0056,Y0026,2026-02-17 05:17:04.038329,94
Y_STR06143,Y_U0067,Y0048,2026-02-28 11:41:40.179534,219
Y_STR06144,Y_U0059,Y0050,2026-02-22 09:17:44.966126,81
Y_STR06145,Y_U0074,Y0039,2026-02-10 03:28:41.122129,8
Y_STR06146,Y_U0085,Y0031,2026-02-06 07:50:42.727049,132
Y_STR06147,Y_U0058,Y0022,2026-03-03 07:36:12.339273,28
Y_STR06148,Y_U0031,Y0009,2026-03-05 08:52:17.619780,126
Y_STR06149,Y_U0067,Y0027,2026-02-04 22:32:26.486815,15
Y_STR06150,Y_U0055,Y0026,2026-02-25 22:01:37.497558,9
Y_STR06151,Y_U0059,Y0026,2026-02-20 21:22:59.009596,31
Y_STR06152,Y_U0009,Y0043,2026-02-22 13:09:17.177411,85
Y_STR06153,Y_U0021,Y0024,2026-02-27 15:27:28.179877,128
Y_STR06154,Y_U0063,Y0040,2026-02-28 19:34:42.106417,330
Y_STR06155,Y_U0038,Y0031,2026-02-27 18:01:39.116304,138
Y_STR06156,Y_U0046,Y0029,2026-02-08 00:47:45.108507,56
Y_STR06157,Y_U0077,Y0012,2026-02-04 20:33:23.156366,117
Y_STR06158,Y_U0029,Y0035,2026-02-14 03:26:11.595036,195
Y_STR06159,Y_U0088,Y0040,2026-02-20 14:39:01.131762,295
Y_STR06160,Y_U0099,Y0021,2026-03-02 16:36:03.944250,120
Y_STR06161,Y_U0026,Y0017,2026-02-18 14:43:35.233117,26
Y_STR06162,Y_U0010,Y0049,2026-02-20 15:10:11.808109,212
Y_STR06163,Y_U0031,Y0024,2026-02-27 17:30:32.279278,298
Y_STR06164,Y_U0077,Y0023,2026-02-28 23:23:59.906260,125
Y_STR06165,Y_U0067,Y0044,2026-02-28 10:40:26.083699,265
Y_STR06166,Y_U0027,Y0028,2026-02-28 07:23:38.041052,47
Y_STR06167,Y_U0096,Y0033,2026-02-26 09:10:30.146077,102
Y_STR06168,Y_U0048,Y0023,2026-03-06 07:34:21.720365,30
Y_STR06169,Y_U0011,Y0041,2026-02-21 01:29:13.226870,143
Y_STR06170,Y_U0092,Y0029,2026-03-04 20:56:58.964640,160
Y_STR06171,Y_U0008,Y0048,2026-03-05 10:06:15.488166,206
Y_STR06172,Y_U0091,Y0031,2026-02-06 21:45:36.506290,61
Y_STR06173,Y_U0073,Y0013,2026-03-05 11:01:34.929759,52
Y_STR06174,Y_U0050,Y0043,2026-02-23 02:36:31.958644,106
Y_STR06175,Y_U0061,Y0020,2026-02-17 11:47:11.045400,273
Y_STR06176,Y_U0091,Y0022,2026-02-22 18:21:34.250374,152
Y_STR06177,Y_U0071,Y0044,2026-02-20 03:49:53.336741,191
Y_STR06178,Y_U0040,Y0030,2026-02-05 01:33:09.697563,125
Y_STR06179,Y_U0003,Y0045,2026-03-04 00:10:30.699064,164
Y_STR06180,Y_U0043,Y0030,2026-02-27 12:13:28.785794,145
Y_STR06181,Y_U0029,Y0019,2026-02-22 04:44:48.086274,14
Y_STR06182,Y_U0054,Y0040,2026-02-16 15:01:45.078881,201
Y_STR06183,Y_U0058,Y0041,2026-03-04 03:04:00.155130,151
Y_STR06184,Y_U0034,Y0003,2026-02-17 21:52:40.726079,203
Y_STR06185,Y_U0091,Y0050,2026-03-04 04:02:40.837554,218
Y_STR06186,Y_U0084,Y0046,2026-02-19 20:33:37.482397,130
Y_STR06187,Y_U0094,Y0048,2026-02-23 14:11:17.849579,85
Y_STR06188,Y_U0074,Y0036,2026-02-14 13:12:05.753939,165
Y_STR06189,Y_U0068,Y0034,2026-02-20 21:26:29.109319,12
Y_STR06190,Y_U0006,Y0047,2026-02-13 09:10:18.877840,22
Y_STR06191,Y_U0002,Y0014,2026-02-17 00:14:22.353149,45
Y_STR06192,Y_U0002,Y0040,2026-02-26 14:57:24.588760,13
Y_STR06193,Y_U0098,Y0049,2026-02-06 20:14:53.812947,24
Y_STR06194,Y_U0041,Y0048,2026-02-04 22:29:05.296934,216
Y_STR06195,Y_U0047,Y0027,2026-02-16 04:02:26.975515,94
Y_STR06196,Y_U0023,Y0035,2026-02-12 11:51:33.610602,255
Y_STR06197,Y_U0008,Y0046,2026-03-02 00:47:46.921730,76
Y_STR06198,Y_U0005,Y0045,2026-02-05 22:21:00.900154,150
Y_STR06199,Y_U0016,Y0049,2026-02-23 04:32:30.041825,13
Y_STR06200,Y_U0044,Y0039,2026-02-26 08:50:39.055138,286
Y_STR06201,Y_U0003,Y0033,2026-02-18 22:39:46.596951,128
Y_STR06202,Y_U0017,Y0048,2026-02-19 20:21:29.332188,201
Y_STR06203,Y_U0034,Y0050,2026-02-14 16:08:23.300996,142
Y_STR06204,Y_U0047,Y0013,2026-02-26 22:50:16.112970,191
Y_STR06205,Y_U0029,Y0045,2026-02-08 05:22:56.242582,220
Y_STR06206,Y_U0004,Y0020,2026-02-20 11:12:10.740134,299
Y_STR06207,Y_U0060,Y0039,2026-02-21 07:23:47.847790,162
Y_STR06208,Y_U0068,Y0048,2026-02-09 16:26:17.531070,187
Y_STR06209,Y_U0069,Y0025,2026-02-15 16:50:39.307930,167
Y_STR06210,Y_U0007,Y0030,2026-02-28 04:51:13.673160,104
Y_STR06211,Y_U0019,Y0050,2026-02-20 04:50:23.798319,174
Y_STR06212,Y_U0027,Y0019,2026-02-08 08:26:56.619320,226
Y_STR06213,Y_U0028,Y0041,2026-02-20 09:57:01.866503,100
Y_STR06214,Y_U0098,Y0042,2026-02-26 20:34:10.855580,306
Y_STR06215,Y_U0037,Y0049,2026-02-10 03:55:16.952972,42
Y_STR06216,Y_U0015,Y0026,2026-02-28 01:04:04.722712,118
Y_STR06217,Y_U0012,Y0041,2026-02-13 05:51:50.194560,152
Y_STR06218,Y_U0002,Y0041,2026-02-25 08:44:01.752553,125
Y_STR06219,Y_U0033,Y0035,2026-02-24 21:50:26.901350,113
Y_STR06220,Y_U0073,Y0031,2026-03-02 11:27:39.692986,134
Y_STR06221,Y_U0027,Y0049,2026-02-15 22:50:06.967300,231
Y_STR06222,Y_U0079,Y0033,2026-02-15 17:04:26.411618,283
Y_STR06223,Y_U0060,Y0017,2026-02-04 10:57:32.462625,168
Y_STR06224,Y_U0054,Y0024,2026-02-25 22:58:36.627383,13
Y_STR06225,Y_U0091,Y0023,2026-02-26 21:02:34.156858,32
Y_STR06226,Y_U0051,Y0050,2026-02-17 18:53:04.315434,166
Y_STR06227,Y_U0019,Y0023,2026-02-07 05:48:52.024711,26
Y_STR06228,Y_U0069,Y0005,2026-02-26 18:35:11.216417,31
Y_STR06229,Y_U0050,Y0034,2026-02-27 02:14:53.072642,20
Y_STR06230,Y_U0072,Y0036,2026-02-16 11:26:55.312883,170
Y_STR06231,Y_U0087,Y0036,2026-02-16 05:34:29.312815,138
Y_STR06232,Y_U0042,Y0050,2026-02-07 04:51:43.631203,95
Y_STR06233,Y_U0042,Y0036,2026-02-23 19:01:45.642556,61
Y_STR06234,Y_U0077,Y0020,2026-02-14 06:39:14.713464,34
Y_STR06235,Y_U0011,Y0046,2026-02-07 11:30:09.204025,20
Y_STR06236,Y_U0014,Y0045,2026-03-02 04:36:10.917054,110
Y_STR06237,Y_U0097,Y0021,2026-02-12 14:47:28.161413,76
Y_STR06238,Y_U0089,Y0022,2026-02-08 13:56:42.643488,152
Y_STR06239,Y_U0069,Y0036,2026-02-21 17:10:23.306893,242
Y_STR06240,Y_U0043,Y0047,2026-03-01 22:10:19.482625,129
Y_STR06241,Y_U0011,Y0038,2026-02-16 06:58:06.832972,179
Y_STR06242,Y_U0046,Y0026,2026-03-01 19:34:01.553845,63
Y_STR06243,Y_U0036,Y0037,2026-02-06 15:17:22.872705,167
Y_STR06244,Y_U0067,Y0031,2026-02-17 05:14:39.499730,96
Y_STR06245,Y_U0057,Y0019,2026-02-18 20:43:43.926474,192
Y_STR06246,Y_U0091,Y0019,2026-02-13 02:34:51.384177,137
Y_STR06247,Y_U0038,Y0029,2026-02-27 19:02:32.909566,146
Y_STR06248,Y_U0091,Y0024,2026-02-11 04:02:44.344664,208
Y_STR06249,Y_U0098,Y0049,2026-02-28 16:57:29.795943,245
Y_STR06250,Y_U0094,Y0042,2026-02-26 08:59:32.600130,38
Y_STR06251,Y_U0012,Y0016,2026-02-21 22:39:12.733926,28
Y_STR06252,Y_U0010,Y0044,2026-02-22 07:40:55.702943,21
Y_STR06253,Y_U0075,Y0034,2026-02-14 19:51:03.673223,185
Y_STR06254,Y_U0007,Y0024,2026-03-01 17:30:00.250079,205
Y_STR06255,Y_U0051,Y0040,2026-02-15 07:35:50.461909,88
Y_STR06256,Y_U0089,Y0050,2026-02-14 04:59:50.937535,207
Y_STR06257,Y_U0027,Y0031,2026-02-25 21:53:14.309988,6
Y_STR06258,Y_U0014,Y0034,2026-02-22 00:50:20.348969,135
Y_STR06259,Y_U0094,Y0044,2026-03-03 04:19:31.473122,97
Y_STR06260,Y_U0069,Y0031,2026-02-21 22:03:26.546799,70
Y_STR06261,Y_U0001,Y0041,2026-02-22 20:35:56.316569,118
Y_STR06262,Y_U0004,Y0020,2026-02-12 05:25:33.825114,298
Y_STR06263,Y_U0082,Y0020,2026-02-13 07:36:21.056229,77
Y_STR06264,Y_U0028,Y0029,2026-02-09 19:53:31.882125,60
Y_STR06265,Y_U0081,Y0034,2026-03-06 02:55:51.461679,170
Y_STR06266,Y_U0011,Y0040,2026-02-19 15:08:09.175631,326
Y_STR06267,Y_U0041,Y0043,2026-02-18 13:46:45.252350,81
Y_STR06268,Y_U0045,Y0028,2026-02-13 22:18:11.527907,81
Y_STR06269,Y_U0073,Y0011,2026-02-23 21:52:08.593068,116
Y_STR06270,Y_U0050,Y0025,2026-02-10 04:56:08.788959,124
Y_STR06271,Y_U0093,Y0015,2026-02-21 16:04:54.690686,122
Y_STR06272,Y_U0060,Y0014,2026-03-04 05:58:51.875154,99
Y_STR06273,Y_U0031,Y0041,2026-02-23 23:53:17.679073,167
Y_STR06274,Y_U0055,Y0045,2026-02-16 21:35:45.507872,135
Y_STR06275,Y_U0011,Y0044,2026-02-10 07:57:39.276622,18
Y_STR06276,Y_U0017,Y0027,2026-02-28 15:37:05.941838,100
Y_STR06277,Y_U0089,Y0026,2026-02-26 08:53:16.972692,76
Y_STR06278,Y_U0067,Y0048,2026-02-08 23:49:09.060220,231
Y_STR06279,Y_U0054,Y0046,2026-02-17 04:48:10.104980,250
Y_STR06280,Y_U0037,Y0015,2026-02-13 19:18:12.538722,302
Y_STR06281,Y_U0079,Y0014,2026-03-04 21:00:42.059813,188
Y_STR06282,Y_U0010,Y0046,2026-02-24 17:32:59.497622,116
Y_STR06283,Y_U0076,Y0030,2026-02-15 23:22:48.570388,9
Y_STR06284,Y_U0029,Y0031,2026-02-16 14:37:05.994418,102
Y_STR06285,Y_U0027,Y0013,2026-02-12 03:27:25.957625,60
Y_STR06286,Y_U0041,Y0045,2026-02-21 03:19:12.502002,184
Y_STR06287,Y_U0057,Y0047,2026-02-20 01:06:00.224072,102
Y_STR06288,Y_U0091,Y0030,2026-03-06 03:49:43.627642,25
Y_STR06289,Y_U0074,Y0040,2026-02-16 03:55:13.119159,303
Y_STR06290,Y_U0024,Y0040,2026-02-12 10:57:24.084723,320
Y_STR06291,Y_U0058,Y0020,2026-02-16 17:28:49.995409,317
Y_STR06292,Y_U0036,Y0042,2026-02-06 14:30:08.790975,59
Y_STR06293,Y_U0026,Y0032,2026-03-05 12:17:56.617146,184
Y_STR06294,Y_U0093,Y0043,2026-02-24 21:31:26.451164,66
Y_STR06295,Y_U0032,Y0047,2026-02-15 10:50:44.781364,175
Y_STR06296,Y_U0068,Y0049,2026-02-11 02:18:36.823538,28
Y_STR06297,Y_U0008,Y0024,2026-02-26 08:17:48.656616,121
Y_STR06298,Y_U0023,Y0042,2026-03-02 20:58:11.275513,53
Y_STR06299,Y_U0077,Y0025,2026-02-13 14:19:33.955641,21
Y_STR06300,Y_U0045,Y0043,2026-02-24 03:53:36.931049,73
Y_STR06301,Y_U0061,Y0028,2026-02-07 04:14:57.557198,9
Y_STR06302,Y_U0069,Y0044,2026-02-10 08:34:05.772826,230
Y_STR06303,Y_U0047,Y0009,2026-02-12 05:52:37.095258,144
Y_STR06304,Y_U0025,Y0033,2026-02-11 03:15:35.535681,143
Y_STR06305,Y_U0064,Y0049,2026-03-04 20:53:38.042318,117
Y_STR06306,Y_U0046,Y0049,2026-02-12 05:59:51.195811,117
Y_STR06307,Y_U0054,Y0022,2026-02-19 08:11:14.747978,119
Y_STR06308,Y_U0070,Y0033,2026-02-15 05:07:27.492676,245
Y_STR06309,Y_U0042,Y0021,2026-02-13 06:31:22.930108,63
Y_STR06310,Y_U0053,Y0018,2026-03-04 10:39:47.999362,10
Y_STR06311,Y_U0045,Y0009,2026-02-15 08:27:21.140972,39
Y_STR06312,Y_U0005,Y0035,2026-02-11 10:40:25.057693,247
Y_STR06313,Y_U0054,Y0032,2026-02-09 19:31:28.338100,153
Y_STR06314,Y_U0033,Y0014,2026-02-22 09:53:27.128114,43
Y_STR06315,Y_U0066,Y0008,2026-02-14 11:48:17.494073,143
Y_STR06316,Y_U0042,Y0030,2026-03-04 00:06:44.846141,128
Y_STR06317,Y_U0028,Y0050,2026-02-13 02:36:57.282223,306
Y_STR06318,Y_U0018,Y0040,2026-02-25 07:40:59.858061,24
Y_STR06319,Y_U0050,Y0042,2026-02-23 06:19:28.005708,155
Y_STR06320,Y_U0018,Y0039,2026-02-25 04:25:54.181374,145
Y_STR06321,Y_U0065,Y0019,2026-02-21 19:30:52.050570,160
Y_STR06322,Y_U0051,Y0039,2026-03-04 16:29:34.006347,213
Y_STR06323,Y_U0039,Y0050,2026-02-05 23:01:28.083964,259
Y_STR06324,Y_U0071,Y0018,2026-02-25 19:34:22.676216,138
Y_STR06325,Y_U0039,Y0047,2026-03-02 07:20:23.869029,171
Y_STR06326,Y_U0043,Y0037,2026-03-04 07:47:30.609897,136
Y_STR06327,Y_U0069,Y0027,2026-02-10 19:19:43.223194,140
Y_STR06328,Y_U0006,Y0049,2026-02-28 12:03:52.769057,176
Y_STR06329,Y_U0090,Y0033,2026-02-26 13:42:43.818320,27
Y_STR06330,Y_U0060,Y0026,2026-03-06 08:20:58.581089,97
Y_STR06331,Y_U0038,Y0025,2026-02-06 08:47:25.293926,29
Y_STR06332,Y_U0018,Y0046,2026-02-04 10:36:15.412341,220
Y_STR06333,Y_U0095,Y0046,2026-02-11 00:51:33.186784,198
Y_STR06334,Y_U0022,Y0049,2026-02-24 14:10:59.098865,169
Y_STR06335,Y_U0056,Y0029,2026-02-16 23:28:08.843795,28
Y_STR06336,Y_U0093,Y0017,2026-02-09 02:31:21.645452,56
Y_STR06337,Y_U0021,Y0019,2026-02-19 18:24:59.655660,51
Y_STR06338,Y_U0056,Y0032,2026-02-16 03:54:41.013188,136
Y_STR06339,Y_U0072,Y0039,2026-02-09 00:51:05.143780,106
Y_STR06340,Y_U0060,Y0039,2026-02-19 23:42:22.812053,196
Y_STR06341,Y_U0023,Y0047,2026-02-11 17:54:58.907123,62
Y_STR06342,Y_U0018,Y0049,2026-02-05 07:40:46.884747,246
Y_STR06343,Y_U0076,Y0031,2026-02-12 09:48:53.349624,140
Y_STR06344,Y_U0058,Y0025,2026-03-05 02:14:14.123269,16
Y_STR06345,Y_U0037,Y0045,2026-02-13 06:09:07.836032,83
Y_STR06346,Y_U0010,Y0041,2026-03-04 23:00:24.613129,104
Y_STR06347,Y_U0044,Y0035,2026-02-09 06:26:56.026359,118
Y_STR06348,Y_U0044,Y0042,2026-03-02 08:03:49.155521,262
Y_STR06349,Y_U0032,Y0011,2026-02-22 10:03:14.191357,21
Y_STR06350,Y_U0054,Y0031,2026-02-07 13:58:25.453383,91
Y_STR06351,Y_U0063,Y0045,2026-03-04 14:10:01.295334,112
Y_STR06352,Y_U0027,Y0033,2026-02-04 15:35:27.169595,81
Y_STR06353,Y_U0094,Y0044,2026-02-21 07:30:40.280129,72
Y_STR06354,Y_U0020,Y0028,2026-02-24 03:50:23.213434,68
Y_STR06355,Y_U0076,Y0039,2026-03-01 15:59:24.496614,119
Y_STR06356,Y_U0091,Y0049,2026-02-10 02:25:05.303104,56
Y_STR06357,Y_U0007,Y0031,2026-02-27 10:23:03.754663,111
Y_STR06358,Y_U0001,Y0008,2026-02-19 15:36:36.686343,117
Y_STR06359,Y_U0053,Y0036,2026-02-13 18:43:34.353226,100
Y_STR06360,Y_U0003,Y0049,2026-02-10 15:17:10.553123,28
Y_STR06361,Y_U0053,Y0045,2026-02-07 15:42:26.869198,44
Y_STR06362,Y_U0008,Y0026,2026-03-06 00:13:47.549714,56
Y_STR06363,Y_U0094,Y0028,2026-02-26 22:26:11.150870,79
Y_STR06364,Y_U0041,Y0047,2026-03-05 09:56:58.458841,140
Y_STR06365,Y_U0082,Y0019,2026-02-26 06:30:45.966579,86
Y_STR06366,Y_U0027,Y0031,2026-02-06 15:24:16.652267,85
Y_STR06367,Y_U0082,Y0030,2026-02-18 03:07:15.211735,134
Y_STR06368,Y_U0044,Y0046,2026-03-04 09:40:48.487459,213
Y_STR06369,Y_U0010,Y0036,2026-02-22 07:56:29.765634,122
Y_STR06370,Y_U0056,Y0044,2026-02-18 05:58:08.206662,270
Y_STR06371,Y_U0038,Y0036,2026-02-19 23:53:58.934546,196
Y_STR06372,Y_U0031,Y0019,2026-03-05 12:39:22.616792,147
Y_STR06373,Y_U0034,Y0050,2026-02-08 08:25:56.182318,139
Y_STR06374,Y_U0018,Y0025,2026-03-03 17:50:28.405466,156
Y_STR06375,Y_U0098,Y0047,2026-02-04 22:59:59.300187,87
Y_STR06376,Y_U0034,Y0003,2026-02-13 17:51:44.497576,227
Y_STR06377,Y_U0027,Y0047,2026-02-26 20:40:16.788778,190
Y_STR06378,Y_U0012,Y0042,2026-02-13 03:49:16.752549,119
Y_STR06379,Y_U0076,Y0049,2026-02-23 02:42:55.122743,134
Y_STR06380,Y_U0051,Y0038,2026-02-24 15:23:05.177172,10
Y_STR06381,Y_U0021,Y0039,2026-02-08 13:51:59.624522,251
Y_STR06382,Y_U0043,Y0038,2026-02-08 22:52:40.967150,142
Y_STR06383,Y_U0078,Y0034,2026-02-11 07:50:13.021489,60
Y_STR06384,Y_U0045,Y0034,2026-02-05 07:50:39.209174,117
Y_STR06385,Y_U0046,Y0045,2026-02-08 23:31:00.874786,117
Y_STR06386,Y_U0075,Y0029,2026-02-07 19:04:47.399408,122
Y_STR06387,Y_U0075,Y0042,2026-02-09 08:11:40.555116,182
Y_STR06388,Y_U0066,Y0007,2026-02-08 14:04:25.249500,93
Y_STR06389,Y_U0025,Y0018,2026-03-05 04:28:20.186058,32
Y_STR06390,Y_U0039,Y0014,2026-02-18 02:45:35.294605,127
Y_STR06391,Y_U0051,Y0045,2026-02-10 07:48:26.641614,169
Y_STR06392,Y_U0092,Y0026,2026-03-03 13:53:09.138960,63
Y_STR06393,Y_U0045,Y0030,2026-02-24 13:26:27.806488,102
Y_STR06394,Y_U0042,Y0050,2026-02-24 00:14:06.366447,17
Y_STR06395,Y_U0020,Y0043,2026-02-11 10:48:21.587519,38
Y_STR06396,Y_U0074,Y0035,2026-03-06 04:14:59.008889,297
Y_STR06397,Y_U0059,Y0042,2026-02-15 10:36:22.851850,288
Y_STR06398,Y_U0008,Y0050,2026-02-12 21:23:06.523908,38
Y_STR06399,Y_U0027,Y0020,2026-02-05 23:29:48.775921,119
Y_STR06400,Y_U0051,Y0027,2026-02-23 04:23:34.440436,129
Y_STR06401,Y_U0085,Y0044,2026-02-22 11:30:59.812618,212
Y_STR06402,Y_U0037,Y0034,2026-02-24 04:59:03.180787,149
Y_STR06403,Y_U0003,Y0037,2026-02-18 07:49:02.608880,155
Y_STR06404,Y_U0004,Y0043,2026-02-14 18:46:06.166239,88
Y_STR06405,Y_U0072,Y0021,2026-02-20 09:52:31.749097,157
Y_STR06406,Y_U0013,Y0041,2026-03-02 04:38:43.735573,20
Y_STR06407,Y_U0090,Y0046,2026-02-06 12:14:59.608982,245
Y_STR06408,Y_U0025,Y0043,2026-02-06 22:19:04.295232,144
Y_STR06409,Y_U0023,Y0039,2026-02-09 08:55:37.877002,139
Y_STR06410,Y_U0063,Y0028,2026-02-23 15:34:42.938148,110
Y_STR06411,Y_U0008,Y0018,2026-02-16 17:34:13.657077,126
Y_STR06412,Y_U0099,Y0047,2026-02-12 23:36:54.359577,117
Y_STR06413,Y_U0094,Y0011,2026-02-19 00:48:16.938542,187
Y_STR06414,Y_U0006,Y0048,2026-02-11 20:37:25.903966,7
Y_STR06415,Y_U0002,Y0024,2026-02-11 05:30:57.987231,250
Y_STR06416,Y_U0056,Y0035,2026-02-09 18:53:42.602664,246
Y_STR06417,Y_U0076,Y0035,2026-02-07 02:10:50.201042,224
Y_STR06418,Y_U0079,Y0010,2026-02-11 14:59:07.698833,38
Y_STR06419,Y_U0061,Y0032,2026-02-17 08:13:01.301246,149
Y_STR06420,Y_U0030,Y0039,2026-02-28 08:05:53.656281,303
Y_STR06421,Y_U0077,Y0029,2026-02-25 03:29:44.149433,29
Y_STR06422,Y_U0082,Y0022,2026-02-05 18:05:28.148603,155
Y_STR06423,Y_U0082,Y0045,2026-03-04 05:55:38.909652,44
Y_STR06424,Y_U0063,Y0042,2026-03-04 02:48:59.325751,94
Y_STR06425,Y_U0056,Y0036,2026-02-27 17:43:36.774992,143
Y_STR06426,Y_U0036,Y0041,2026-03-06 08:23:03.109398,72
Y_STR06427,Y_U0097,Y0005,2026-02-26 14:57:37.818421,117
Y_STR06428,Y_U0048,Y0038,2026-02-05 04:23:01.560346,66
Y_STR06429,Y_U0027,Y0027,2026-02-07 03:48:55.766072,123
Y_STR06430,Y_U0089,Y0036,2026-02-23 18:18:24.926692,105
Y_STR06431,Y_U0055,Y0042,2026-02-12 21:55:23.226350,5
Y_STR06432,Y_U0049,Y0041,2026-02-06 08:09:32.203783,112
Y_STR06433,Y_U0015,Y0047,2026-02-14 01:51:01.073530,220
Y_STR06434,Y_U0041,Y0020,2026-03-01 07:30:21.761411,52
Y_STR06435,Y_U0018,Y0027,2026-02-24 00:30:09.284383,88
Y_STR06436,Y_U0065,Y0046,2026-02-26 11:01:15.353616,50
Y_STR06437,Y_U0007,Y0034,2026-03-04 04:00:55.252419,192
Y_STR06438,Y_U0028,Y0037,2026-02-05 03:04:54.614527,177
Y_STR06439,Y_U0047,Y0020,2026-02-27 11:31:20.532559,190
Y_STR06440,Y_U0065,Y0018,2026-02-22 19:53:07.132836,148
Y_STR06441,Y_U0053,Y0009,2026-02-06 11:32:04.767162,16
Y_STR06442,Y_U0009,Y0048,2026-02-15 08:22:33.966372,223
Y_STR06443,Y_U0055,Y0043,2026-03-05 14:15:40.676044,168
Y_STR06444,Y_U0087,Y0012,2026-02-17 10:16:22.888011,29
Y_STR06445,Y_U0068,Y0045,2026-02-15 12:40:06.037010,106
Y_STR06446,Y_U0019,Y0049,2026-02-20 01:34:39.755568,68
Y_STR06447,Y_U0023,Y0008,2026-02-07 06:56:25.359316,36
Y_STR06448,Y_U0088,Y0030,2026-02-09 15:09:52.759098,48
Y_STR06449,Y_U0044,Y0042,2026-02-24 15:33:18.737244,26
Y_STR06450,Y_U0092,Y0048,2026-02-14 13:25:31.896972,42
Y_STR06451,Y_U0025,Y0047,2026-02-26 18:25:17.496504,189
Y_STR06452,Y_U0009,Y0030,2026-03-02 12:31:12.819517,172
Y_STR06453,Y_U0057,Y0042,2026-02-27 06:22:09.407507,186
Y_STR06454,Y_U0079,Y0024,2026-02-09 09:46:51.364574,120
Y_STR06455,Y_U0010,Y0042,2026-02-15 05:45:31.778962,324
Y_STR06456,Y_U0035,Y0043,2026-02-16 09:24:17.882953,185
Y_STR06457,Y_U0039,Y0037,2026-02-11 17:50:26.896903,241
Y_STR06458,Y_U0067,Y0040,2026-02-05 10:11:21.928770,326
Y_STR06459,Y_U0089,Y0037,2026-02-04 18:13:25.910044,355
Y_STR06460,Y_U0049,Y0024,2026-03-04 09:57:42.668278,232
Y_STR06461,Y_U0083,Y0022,2026-02-28 13:59:57.780948,103
Y_STR06462,Y_U0075,Y0040,2026-02-14 07:04:26.584557,190
Y_STR06463,Y_U0010,Y0028,2026-02-06 00:29:05.864757,219
Y_STR06464,Y_U0066,Y0013,2026-03-03 12:26:10.748112,123
Y_STR06465,Y_U0024,Y0040,2026-02-11 03:28:54.070043,248
Y_STR06466,Y_U0016,Y0032,2026-02-10 08:57:37.634456,78
Y_STR06467,Y_U0033,Y0021,2026-02-04 19:51:41.328887,70
Y_STR06468,Y_U0048,Y0050,2026-02-25 11:23:00.801230,184
Y_STR06469,Y_U0075,Y0023,2026-03-01 10:31:32.101357,60
Y_STR06470,Y_U0058,Y0037,2026-02-21 06:25:52.658517,150
Y_STR06471,Y_U0049,Y0003,2026-02-28 05:53:04.883396,125
Y_STR06472,Y_U0091,Y0019,2026-02-15 08:44:18.631243,89
Y_STR06473,Y_U0081,Y0049,2026-02-25 04:24:39.280901,41
Y_STR06474,Y_U0054,Y0032,2026-02-20 21:31:04.343348,121
Y_STR06475,Y_U0100,Y0045,2026-02-20 05:34:24.618459,11
Y_STR06476,Y_U0088,Y0050,2026-02-22 13:02:27.749003,154
Y_STR06477,Y_U0029,Y0030,2026-02-13 01:20:11.703637,143
Y_STR06478,Y_U0078,Y0044,2026-03-05 12:11:47.290520,222
Y_STR06479,Y_U0048,Y0050,2026-03-01 15:49:21.725856,319
Y_STR06480,Y_U0061,Y0023,2026-03-03 21:55:52.866944,113
Y_STR06481,Y_U0027,Y0044,2026-02-19 09:34:28.438826,208
Y_STR06482,Y_U0030,Y0037,2026-02-17 04:28:55.397892,259
Y_STR06483,Y_U0037,Y0004,2026-02-13 07:51:59.841911,92
Y_STR06484,Y_U0013,Y0030,2026-02-15 03:00:21.344091,178
Y_STR06485,Y_U0100,Y0027,2026-02-14 00:18:35.458688,37
Y_STR06486,Y_U0052,Y0047,2026-02-20 02:05:53.859114,8
Y_STR06487,Y_U0006,Y0021,2026-02-10 22:48:52.199610,108
Y_STR06488,Y_U0056,Y0009,2026-02-04 23:35:01.228210,111
Y_STR06489,Y_U0048,Y0043,2026-02-28 23:42:07.782008,119
Y_STR06490,Y_U0040,Y0040,2026-03-04 15:42:07.074731,316
Y_STR06491,Y_U0030,Y0049,2026-02-22 03:26:37.920425,166
Y_STR06492,Y_U0078,Y0035,2026-02-09 23:27:05.327351,277
Y_STR06493,Y_U0044,Y0029,2026-02-17 12:09:47.295380,22
Y_STR06494,Y_U0093,Y0048,2026-02-27 13:40:18.421497,136
Y_STR06495,Y_U0084,Y0029,2026-02-15 21:18:28.952723,44
Y_STR06496,Y_U0035,Y0038,2026-02-19 00:49:31.229933,110
Y_STR06497,Y_U0055,Y0009,2026-03-05 05:02:03.931154,12
Y_STR06498,Y_U0055,Y0018,2026-02-13 23:09:33.689705,94
Y_STR06499,Y_U0030,Y0005,2026-02-26 22:32:14.453259,146
Y_STR06500,Y_U0098,Y0029,2026-02-23 00:34:02.204204,136
Y_STR06501,Y_U0080,Y0034,2026-02-27 16:54:37.985558,190
Y_STR06502,Y_U0026,Y0046,2026-02-06 22:25:15.394691,110
Y_STR06503,Y_U0061,Y0012,2026-02-21 16:32:53.376856,212
Y_STR06504,Y_U0012,Y0047,2026-02-12 03:07:15.550154,19
Y_STR06505,Y_U0067,Y0044,2026-02-16 05:19:42.111634,157
Y_STR06506,Y_U0016,Y0031,2026-02-12 16:26:42.011139,14
Y_STR06507,Y_U0047,Y0024,2026-02-22 06:41:04.125884,280
Y_STR06508,Y_U0073,Y0045,2026-02-10 01:25:52.078396,137
Y_STR06509,Y_U0094,Y0042,2026-02-13 01:32:56.238105,323
Y_STR06510,Y_U0049,Y0013,2026-02-15 02:40:31.885509,5
Y_STR06511,Y_U0068,Y0044,2026-02-24 11:58:28.802853,265
Y_STR06512,Y_U0051,Y0031,2026-02-14 03:44:06.713834,123
Y_STR06513,Y_U0038,Y0032,2026-02-28 22:33:36.090334,182
Y_STR06514,Y_U0089,Y0012,2026-02-16 22:25:45.361864,36
Y_STR06515,Y_U0053,Y0038,2026-02-16 07:33:51.068125,132
Y_STR06516,Y_U0043,Y0045,2026-02-05 02:50:00.305489,72
Y_STR06517,Y_U0097,Y0023,2026-03-05 09:34:15.006732,124
Y_STR06518,Y_U0053,Y0049,2026-02-23 18:23:30.366057,61
Y_STR06519,Y_U0057,Y0033,2026-02-09 11:42:30.411362,77
Y_STR06520,Y_U0057,Y0034,2026-02-21 23:02:07.038808,26
Y_STR06521,Y_U0019,Y0046,2026-02-10 16:55:37.765204,261
Y_STR06522,Y_U0011,Y0045,2026-02-17 11:32:12.631802,180
Y_STR06523,Y_U0043,Y0006,2026-03-03 23:31:55.907237,13
Y_STR06524,Y_U0026,Y0049,2026-02-23 19:48:00.995363,55
Y_STR06525,Y_U0011,Y0002,2026-02-20 02:23:22.020057,55
Y_STR06526,Y_U0071,Y0025,2026-02-17 02:41:35.317538,108
Y_STR06527,Y_U0017,Y0031,2026-02-19 13:51:44.754696,128
Y_STR06528,Y_U0054,Y0046,2026-02-10 07:12:49.762214,64
Y_STR06529,Y_U0095,Y0044,2026-03-01 01:06:56.859180,27
Y_STR06530,Y_U0051,Y0042,2026-02-13 14:03:28.995339,172
Y_STR06531,Y_U0028,Y0017,2026-03-06 07:39:25.625060,139
Y_STR06532,Y_U0090,Y0026,2026-02-24 05:41:54.029199,122
Y_STR06533,Y_U0097,Y0030,2026-02-15 03:58:10.992361,122
Y_STR06534,Y_U0066,Y0047,2026-02-10 15:36:56.862731,23
Y_STR06535,Y_U0073,Y0032,2026-02-17 02:16:58.932929,59
Y_STR06536,Y_U0014,Y0040,2026-02-27 08:06:58.321665,201
Y_STR06537,Y_U0076,Y0034,2026-02-14 19:24:02.028206,20
Y_STR06538,Y_U0024,Y0034,2026-02-19 16:15:05.503906,193
Y_STR06539,Y_U0097,Y0026,2026-02-22 10:45:37.894668,38
Y_STR06540,Y_U0008,Y0008,2026-02-18 13:41:43.892148,51
Y_STR06541,Y_U0016,Y0037,2026-02-26 01:56:28.509586,205
Y_STR06542,Y_U0042,Y0047,2026-02-13 07:31:34.624521,17
Y_STR06543,Y_U0031,Y0018,2026-03-02 17:28:40.382644,176
Y_STR06544,Y_U0001,Y0035,2026-03-02 22:42:40.259733,39
Y_STR06545,Y_U0069,Y0001,2026-02-14 15:22:52.329804,73
Y_STR06546,Y_U0013,Y0036,2026-02-18 08:44:53.536633,34
Y_STR06547,Y_U0002,Y0002,2026-02-10 14:02:15.981888,170
Y_STR06548,Y_U0045,Y0020,2026-02-28 15:37:08.660026,341
Y_STR06549,Y_U0083,Y0025,2026-02-04 19:59:18.879828,166
Y_STR06550,Y_U0005,Y0027,2026-02-21 08:58:07.226255,83
Y_STR06551,Y_U0041,Y0044,2026-02-10 18:01:17.213846,14
Y_STR06552,Y_U0048,Y0015,2026-03-01 16:02:17.615751,107
Y_STR06553,Y_U0045,Y0045,2026-02-11 20:19:11.490271,42
Y_STR06554,Y_U0001,Y0033,2026-02-25 10:57:47.056056,175
Y_STR06555,Y_U0069,Y0034,2026-02-12 21:15:32.311983,165
Y_STR06556,Y_U0074,Y0024,2026-02-05 10:11:29.184138,180
Y_STR06557,Y_U0032,Y0033,2026-02-16 10:51:13.324484,219
Y_STR06558,Y_U0083,Y0021,2026-02-10 10:11:24.780776,121
Y_STR06559,Y_U0061,Y0030,2026-02-19 08:31:15.536097,78
Y_STR06560,Y_U0071,Y0005,2026-03-05 10:06:44.749167,273
Y_STR06561,Y_U0044,Y0035,2026-03-01 02:07:09.759868,110
Y_STR06562,Y_U0084,Y0029,2026-02-06 23:13:54.226248,123
Y_STR06563,Y_U0075,Y0025,2026-02-10 14:12:19.516515,78
Y_STR06564,Y_U0098,Y0039,2026-02-13 20:47:26.803976,313
Y_STR06565,Y_U0051,Y0039,2026-02-11 13:55:07.046692,56
Y_STR06566,Y_U0042,Y0032,2026-02-28 01:21:13.471996,221
Y_STR06567,Y_U0035,Y0038,2026-02-22 12:26:54.269306,85
Y_STR06568,Y_U0005,Y0014,2026-02-21 17:19:46.085538,152
Y_STR06569,Y_U0080,Y0034,2026-02-07 10:42:15.008039,165
Y_STR06570,Y_U0046,Y0033,2026-02-22 15:27:55.510459,279
Y_STR06571,Y_U0061,Y0041,2026-02-17 12:33:08.561861,78
Y_STR06572,Y_U0074,Y0033,2026-02-18 05:40:41.943010,275
Y_STR06573,Y_U0023,Y0024,2026-02-18 01:46:16.221424,276
Y_STR06574,Y_U0095,Y0050,2026-02-08 18:36:08.938045,41
Y_STR06575,Y_U0009,Y0044,2026-02-06 23:49:37.980584,193
Y_STR06576,Y_U0087,Y0049,2026-02-11 14:20:20.839401,7
Y_STR06577,Y_U0075,Y0037,2026-02-25 15:03:43.139263,116
Y_STR06578,Y_U0057,Y0050,2026-03-01 14:52:22.156345,86
Y_STR06579,Y_U0043,Y0045,2026-02-07 20:32:10.637384,13
Y_STR06580,Y_U0028,Y0040,2026-02-19 03:48:13.208206,172
Y_STR06581,Y_U0070,Y0033,2026-02-05 06:40:13.490268,196
Y_STR06582,Y_U0006,Y0038,2026-02-07 05:06:24.908650,88
Y_STR06583,Y_U0099,Y0020,2026-02-10 02:29:38.869402,176
Y_STR06584,Y_U0028,Y0031,2026-02-26 20:46:53.847318,20
Y_STR06585,Y_U0003,Y0041,2026-02-25 03:00:19.365921,41
Y_STR06586,Y_U0053,Y0026,2026-02-25 20:33:00.742848,47
Y_STR06587,Y_U0014,Y0040,2026-02-06 17:37:59.348267,201
Y_STR06588,Y_U0071,Y0036,2026-02-10 22:59:00.622049,161
Y_STR06589,Y_U0050,Y0022,2026-02-23 18:27:19.945241,40
Y_STR06590,Y_U0008,Y0047,2026-03-02 16:06:13.992849,193
Y_STR06591,Y_U0035,Y0021,2026-02-27 03:28:05.628199,150
Y_STR06592,Y_U0016,Y0045,2026-02-23 22:43:06.551322,210
Y_STR06593,Y_U0041,Y0032,2026-02-16 19:16:40.133499,101
Y_STR06594,Y_U0084,Y0023,2026-02-28 10:21:32.375512,55
Y_STR06595,Y_U0072,Y0045,2026-02-23 07:06:05.234637,58
Y_STR06596,Y_U0091,Y0035,2026-02-07 07:19:54.250478,21
Y_STR06597,Y_U0043,Y0046,2026-03-05 02:05:36.263664,140
Y_STR06598,Y_U0092,Y0017,2026-02-14 11:59:38.961898,73
Y_STR06599,Y_U0064,Y0045,2026-02-07 17:59:50.137900,43
Y_STR06600,Y_U0094,Y0033,2026-02-22 05:38:53.944212,253
Y_STR06601,Y_U0039,Y0047,2026-02-19 22:45:07.854907,186
Y_STR06602,Y_U0025,Y0046,2026-02-05 03:17:11.582128,199
Y_STR06603,Y_U0025,Y0047,2026-03-06 08:24:27.438024,206
Y_STR06604,Y_U0006,Y0040,2026-02-20 09:13:07.244737,160
Y_STR06605,Y_U0061,Y0032,2026-02-17 21:40:33.117326,88
Y_STR06606,Y_U0085,Y0041,2026-03-03 10:19:07.232286,115
Y_STR06607,Y_U0071,Y0047,2026-02-14 11:35:05.426446,167
Y_STR06608,Y_U0090,Y0049,2026-02-08 02:25:35.354077,175
Y_STR06609,Y_U0055,Y0048,2026-02-18 02:42:28.255660,202
Y_STR06610,Y_U0051,Y0014,2026-03-02 21:40:49.961114,36
Y_STR06611,Y_U0055,Y0040,2026-02-11 07:47:19.120515,203
Y_STR06612,Y_U0065,Y0027,2026-02-07 09:56:03.945378,12
Y_STR06613,Y_U0004,Y0026,2026-02-07 07:57:17.250171,55
Y_STR06614,Y_U0082,Y0045,2026-02-18 13:00:30.021917,198
Y_STR06615,Y_U0041,Y0050,2026-02-11 09:06:35.253465,320
Y_STR06616,Y_U0056,Y0024,2026-02-25 12:01:05.263920,281
Y_STR06617,Y_U0010,Y0048,2026-02-28 14:01:02.385738,201
Y_STR06618,Y_U0093,Y0047,2026-02-24 17:55:12.777150,41
Y_STR06619,Y_U0031,Y0020,2026-02-14 17:34:00.144463,26
Y_STR06620,Y_U0013,Y0033,2026-02-10 04:48:24.683632,230
Y_STR06621,Y_U0062,Y0020,2026-02-17 01:04:59.910589,295
Y_STR06622,Y_U0035,Y0012,2026-02-27 19:19:15.825432,179
Y_STR06623,Y_U0046,Y0032,2026-02-13 18:52:22.885497,244
Y_STR06624,Y_U0058,Y0036,2026-02-17 21:00:02.093691,191
Y_STR06625,Y_U0047,Y0020,2026-03-02 04:27:20.180679,120
Y_STR06626,Y_U0073,Y0032,2026-02-28 02:49:46.586410,91
Y_STR06627,Y_U0097,Y0019,2026-02-11 05:38:39.327303,209
Y_STR06628,Y_U0089,Y0038,2026-03-05 19:42:24.566917,65
Y_STR06629,Y_U0063,Y0047,2026-02-10 04:17:22.760044,65
Y_STR06630,Y_U0030,Y0044,2026-02-25 06:15:37.802576,140
Y_STR06631,Y_U0055,Y0044,2026-03-02 16:55:53.752417,200
Y_STR06632,Y_U0100,Y0013,2026-03-05 03:29:27.041514,186
Y_STR06633,Y_U0019,Y0050,2026-02-24 14:23:47.317755,326
Y_STR06634,Y_U0043,Y0031,2026-02-26 06:31:54.258067,59
Y_STR06635,Y_U0021,Y0039,2026-02-13 17:02:07.248722,78
Y_STR06636,Y_U0066,Y0029,2026-02-18 11:56:27.861428,11
Y_STR06637,Y_U0094,Y0029,2026-02-24 13:22:19.906184,127
Y_STR06638,Y_U0070,Y0048,2026-02-08 12:34:32.237451,68
Y_STR06639,Y_U0012,Y0038,2026-03-02 16:39:34.767891,119
Y_STR06640,Y_U0075,Y0020,2026-02-08 15:37:40.021843,224
Y_STR06641,Y_U0050,Y0011,2026-03-03 20:44:16.582478,131
Y_STR06642,Y_U0037,Y0037,2026-02-26 08:28:15.605103,162
Y_STR06643,Y_U0033,Y0035,2026-03-05 12:11:29.347755,169
Y_STR06644,Y_U0084,Y0026,2026-02-06 03:29:10.887683,55
Y_STR06645,Y_U0044,Y0044,2026-02-06 22:41:04.979133,224
Y_STR06646,Y_U0015,Y0028,2026-02-12 16:17:38.588021,20
Y_STR06647,Y_U0096,Y0036,2026-03-01 16:46:57.040263,120
Y_STR06648,Y_U0085,Y0047,2026-02-21 19:38:44.981713,140
Y_STR06649,Y_U0096,Y0041,2026-02-08 17:22:53.059711,14
Y_STR06650,Y_U0005,Y0049,2026-03-04 01:28:26.326787,110
Y_STR06651,Y_U0027,Y0028,2026-02-06 02:41:32.519244,172
Y_STR06652,Y_U0035,Y0030,2026-03-04 14:45:33.796475,178
Y_STR06653,Y_U0014,Y0006,2026-02-25 22:20:48.537592,267
Y_STR06654,Y_U0098,Y0026,2026-02-12 07:11:32.711261,107
Y_STR06655,Y_U0022,Y0042,2026-02-11 04:31:01.805673,135
Y_STR06656,Y_U0069,Y0019,2026-03-04 21:19:43.211961,141
Y_STR06657,Y_U0042,Y0033,2026-02-27 20:00:22.541105,293
Y_STR06658,Y_U0078,Y0048,2026-02-13 02:45:32.728031,94
Y_STR06659,Y_U0013,Y0047,2026-03-01 19:40:15.636237,121
Y_STR06660,Y_U0080,Y0048,2026-03-05 09:33:13.024659,126
Y_STR06661,Y_U0068,Y0044,2026-03-03 03:10:27.011658,268
Y_STR06662,Y_U0092,Y0039,2026-02-24 18:18:42.216866,119
Y_STR06663,Y_U0015,Y0028,2026-02-07 07:06:49.241724,180
Y_STR06664,Y_U0068,Y0033,2026-02-14 02:07:37.146177,107
Y_STR06665,Y_U0073,Y0027,2026-02-24 09:15:38.223374,95
Y_STR06666,Y_U0010,Y0033,2026-03-02 15:25:37.302962,226
Y_STR06667,Y_U0075,Y0044,2026-02-04 20:17:03.259548,313
Y_STR06668,Y_U0100,Y0002,2026-02-14 12:53:26.335993,127
Y_STR06669,Y_U0011,Y0018,2026-02-06 17:42:15.345643,138
Y_STR06670,Y_U0079,Y0050,2026-03-06 03:25:16.486657,294
Y_STR06671,Y_U0079,Y0028,2026-02-26 01:02:51.106167,208
Y_STR06672,Y_U0004,Y0018,2026-02-24 13:45:47.884917,133
Y_STR06673,Y_U0035,Y0036,2026-02-11 14:50:12.754038,207
Y_STR06674,Y_U0079,Y0050,2026-02-05 14:37:48.781543,214
Y_STR06675,Y_U0064,Y0026,2026-02-09 08:40:24.402705,107
Y_STR06676,Y_U0059,Y0045,2026-02-04 20:06:20.240636,28
Y_STR06677,Y_U0048,Y0048,2026-02-09 11:19:35.519382,197
Y_STR06678,Y_U0073,Y0039,2026-02-17 11:02:54.679550,282
Y_STR06679,Y_U0052,Y0024,2026-02-09 04:07:58.238233,229
Y_STR06680,Y_U0048,Y0038,2026-02-22 23:20:18.689949,132
Y_STR06681,Y_U0002,Y0020,2026-02-26 08:46:05.699637,311
Y_STR06682,Y_U0060,Y0049,2026-02-17 15:42:08.177461,129
Y_STR06683,Y_U0095,Y0031,2026-03-04 07:59:17.038899,93
Y_STR06684,Y_U0045,Y0048,2026-02-20 09:41:57.841589,206
Y_STR06685,Y_U0042,Y0048,2026-02-22 15:46:04.934849,167
Y_STR06686,Y_U0060,Y0050,2026-02-17 12:27:05.220618,42
Y_STR06687,Y_U0057,Y0046,2026-02-25 03:25:57.493562,40
Y_STR06688,Y_U0068,Y0039,2026-02-24 06:35:56.001058,75
Y_STR06689,Y_U0070,Y0031,2026-03-02 00:34:09.309721,39
Y_STR06690,Y_U0048,Y0027,2026-02-20 02:57:09.275842,26
Y_STR06691,Y_U0038,Y0046,2026-02-08 11:57:01.467068,74
Y_STR06692,Y_U0073,Y0039,2026-02-27 11:22:45.590361,8
Y_STR06693,Y_U0084,Y0021,2026-02-12 06:33:10.644116,182
Y_STR06694,Y_U0018,Y0026,2026-02-19 21:35:58.668584,46
Y_STR06695,Y_U0090,Y0029,2026-03-06 05:11:43.862537,159
Y_STR06696,Y_U0016,Y0022,2026-02-20 08:47:59.623001,115
Y_STR06697,Y_U0048,Y0030,2026-02-19 14:26:07.264038,93
Y_STR06698,Y_U0015,Y0044,2026-02-19 18:37:44.168221,221
Y_STR06699,Y_U0039,Y0018,2026-02-13 19:21:11.946823,126
Y_STR06700,Y_U0003,Y0045,2026-02-22 14:24:37.182360,212
Y_STR06701,Y_U0054,Y0019,2026-02-17 10:08:53.895134,60
Y_STR06702,Y_U0044,Y0041,2026-03-04 03:07:46.941650,94
Y_STR06703,Y_U0048,Y0047,2026-02-24 12:36:12.999257,142
Y_STR06704,Y_U0088,Y0037,2026-02-28 07:40:55.021010,269
Y_STR06705,Y_U0074,Y0030,2026-02-05 07:26:31.117474,73
Y_STR06706,Y_U0071,Y0039,2026-02-08 11:31:05.431702,217
Y_STR06707,Y_U0073,Y0014,2026-02-23 22:07:42.804388,103
Y_STR06708,Y_U0051,Y0045,2026-03-03 14:44:30.627168,206
Y_STR06709,Y_U0062,Y0032,2026-02-14 13:04:11.134496,138
Y_STR06710,Y_U0042,Y0048,2026-02-19 17:04:53.749611,32
Y_STR06711,Y_U0025,Y0050,2026-02-12 05:36:49.488846,106
Y_STR06712,Y_U0098,Y0019,2026-02-05 06:01:22.834616,213
Y_STR06713,Y_U0005,Y0034,2026-02-13 16:51:29.981768,52
Y_STR06714,Y_U0006,Y0022,2026-02-24 09:16:29.935152,98
Y_STR06715,Y_U0086,Y0048,2026-02-22 14:55:02.725246,28
Y_STR06716,Y_U0026,Y0017,2026-02-13 00:32:06.136169,144
Y_STR06717,Y_U0095,Y0049,2026-03-05 04:39:56.030321,225
Y_STR06718,Y_U0092,Y0029,2026-03-04 14:25:59.820360,36
Y_STR06719,Y_U0048,Y0040,2026-02-26 01:50:10.288639,130
Y_STR06720,Y_U0099,Y0041,2026-02-20 07:27:59.609569,149
Y_STR06721,Y_U0045,Y0032,2026-02-05 07:39:13.938114,121
Y_STR06722,Y_U0082,Y0042,2026-02-19 20:11:04.223709,211
Y_STR06723,Y_U0055,Y0022,2026-02-08 16:01:27.218360,96
Y_STR06724,Y_U0071,Y0032,2026-02-19 16:53:14.111960,29
Y_STR06725,Y_U0067,Y0019,2026-02-15 03:03:30.722721,56
Y_STR06726,Y_U0095,Y0027,2026-03-02 14:12:29.975137,88
Y_STR06727,Y_U0080,Y0030,2026-02-13 12:06:35.723934,164
Y_STR06728,Y_U0035,Y0050,2026-02-25 22:48:12.299657,147
Y_STR06729,Y_U0055,Y0023,2026-02-22 06:49:45.070895,83
Y_STR06730,Y_U0042,Y0028,2026-02-13 21:15:28.074959,71
Y_STR06731,Y_U0060,Y0041,2026-02-26 16:10:57.127788,65
Y_STR06732,Y_U0037,Y0005,2026-02-22 03:50:12.731463,53
Y_STR06733,Y_U0073,Y0031,2026-02-19 18:43:43.521378,89
Y_STR06734,Y_U0081,Y0039,2026-02-10 08:25:04.335558,175
Y_STR06735,Y_U0090,Y0035,2026-02-26 10:03:56.707755,209
Y_STR06736,Y_U0033,Y0015,2026-02-09 11:10:53.499504,17
Y_STR06737,Y_U0012,Y0009,2026-03-03 05:02:13.442546,70
Y_STR06738,Y_U0054,Y0045,2026-03-01 09:38:56.472025,154
Y_STR06739,Y_U0099,Y0046,2026-02-12 03:27:10.199103,222
Y_STR06740,Y_U0062,Y0049,2026-02-16 08:59:51.867966,84
Y_STR06741,Y_U0062,Y0026,2026-02-12 22:47:04.819238,23
Y_STR06742,Y_U0049,Y0033,2026-02-27 11:40:03.909862,31
Y_STR06743,Y_U0011,Y0050,2026-02-21 05:51:42.695700,250
Y_STR06744,Y_U0077,Y0018,2026-03-04 12:22:45.506812,82
Y_STR06745,Y_U0011,Y0038,2026-02-17 20:15:09.530457,65
Y_STR06746,Y_U0098,Y0011,2026-02-27 02:35:07.023250,164
Y_STR06747,Y_U0052,Y0021,2026-03-03 01:06:17.667913,122
Y_STR06748,Y_U0041,Y0023,2026-02-24 13:30:16.797345,24
Y_STR06749,Y_U0076,Y0037,2026-02-08 17:40:35.931622,14
Y_STR06750,Y_U0092,Y0039,2026-02-07 05:20:09.315629,72
Y_STR06751,Y_U0018,Y0027,2026-03-01 21:19:58.782972,120
Y_STR06752,Y_U0064,Y0019,2026-02-15 09:11:58.730342,148
Y_STR06753,Y_U0077,Y0034,2026-02-22 17:35:07.086703,21
Y_STR06754,Y_U0002,Y0027,2026-02-24 20:51:38.267036,97
Y_STR06755,Y_U0069,Y0012,2026-02-26 14:53:50.952783,98
Y_STR06756,Y_U0025,Y0019,2026-02-22 21:52:28.157425,161
Y_STR06757,Y_U0022,Y0035,2026-02-14 01:13:27.580929,265
Y_STR06758,Y_U0011,Y0050,2026-02-23 18:31:03.805411,48
Y_STR06759,Y_U0090,Y0038,2026-03-01 19:58:45.062368,175
Y_STR06760,Y_U0047,Y0015,2026-03-03 01:15:24.888592,283
Y_STR06761,Y_U0046,Y0030,2026-02-22 04:34:46.106878,145
Y_STR06762,Y_U0090,Y0045,2026-02-13 23:49:18.035262,202
Y_STR06763,Y_U0065,Y0037,2026-02-21 17:57:34.911683,45
Y_STR06764,Y_U0036,Y0010,2026-02-21 01:16:13.832632,33
Y_STR06765,Y_U0051,Y0036,2026-02-13 22:55:18.072826,187
Y_STR06766,Y_U0047,Y0050,2026-02-06 11:11:01.251599,191
Y_STR06767,Y_U0065,Y0037,2026-02-22 18:08:00.489851,96
Y_STR06768,Y_U0057,Y0040,2026-02-25 19:19:46.571033,191
Y_STR06769,Y_U0069,Y0027,2026-02-19 01:17:33.465223,106
Y_STR06770,Y_U0062,Y0033,2026-02-21 11:52:48.725327,223
Y_STR06771,Y_U0017,Y0045,2026-02-13 18:17:17.749042,197
Y_STR06772,Y_U0023,Y0038,2026-03-03 00:55:47.194778,140
Y_STR06773,Y_U0074,Y0036,2026-03-02 09:41:02.528873,61
Y_STR06774,Y_U0051,Y0042,2026-02-05 02:17:52.798512,303
Y_STR06775,Y_U0067,Y0047,2026-02-16 14:50:18.354566,217
Y_STR06776,Y_U0091,Y0045,2026-02-16 07:31:46.007247,169
Y_STR06777,Y_U0016,Y0041,2026-02-23 01:13:13.827511,120
Y_STR06778,Y_U0060,Y0045,2026-02-07 19:52:30.983624,186
Y_STR06779,Y_U0066,Y0011,2026-02-11 05:08:29.553727,188
Y_STR06780,Y_U0070,Y0009,2026-02-16 04:52:45.231701,91
Y_STR06781,Y_U0100,Y0026,2026-02-08 01:44:56.839095,67
Y_STR06782,Y_U0022,Y0046,2026-02-16 02:42:16.062568,132
Y_STR06783,Y_U0075,Y0015,2026-02-22 09:00:48.946548,107
Y_STR06784,Y_U0043,Y0048,2026-02-19 18:11:24.843649,12
Y_STR06785,Y_U0086,Y0018,2026-02-21 18:44:16.853834,122
Y_STR06786,Y_U0085,Y0049,2026-02-06 20:28:31.130329,229
Y_STR06787,Y_U0006,Y0043,2026-02-22 15:51:17.180355,171
Y_STR06788,Y_U0076,Y0049,2026-02-27 00:06:22.111424,198
Y_STR06789,Y_U0037,Y0037,2026-02-21 09:12:43.506161,143
Y_STR06790,Y_U0044,Y0037,2026-03-04 00:39:07.752360,253
Y_STR06791,Y_U0093,Y0037,2026-02-22 10:27:24.566041,100
Y_STR06792,Y_U0062,Y0044,2026-02-25 19:51:27.540020,132
Y_STR06793,Y_U0032,Y0015,2026-03-05 16:08:55.364928,269
Y_STR06794,Y_U0008,Y0038,2026-02-19 21:04:42.509712,90
Y_STR06795,Y_U0081,Y0030,2026-02-07 00:34:32.536879,90
Y_STR06796,Y_U0004,Y0035,2026-02-22 09:08:12.951663,244
Y_STR06797,Y_U0071,Y0040,2026-03-03 11:34:29.792782,121
Y_STR06798,Y_U0014,Y0048,2026-03-05 10:38:36.199808,124
Y_STR06799,Y_U0030,Y0025,2026-02-05 14:11:09.807564,153
Y_STR06800,Y_U0021,Y0031,2026-02-18 05:57:51.430129,99
Y_STR06801,Y_U0040,Y0023,2026-03-03 03:03:01.320487,118
Y_STR06802,Y_U0095,Y0041,2026-02-06 02:40:34.876166,47
Y_STR06803,Y_U0031,Y0026,2026-02-24 20:28:10.595577,98
Y_STR06804,Y_U0059,Y0031,2026-02-22 09:57:16.774010,113
Y_STR06805,Y_U0048,Y0048,2026-02-07 18:40:22.795206,23
Y_STR06806,Y_U0046,Y0030,2026-02-21 17:01:48.653056,86
Y_STR06807,Y_U0047,Y0030,2026-02-22 08:08:28.534363,95
Y_STR06808,Y_U0089,Y0040,2026-02-13 07:34:34.134127,196
Y_STR06809,Y_U0076,Y0003,2026-02-08 18:35:14.986779,88
Y_STR06810,Y_U0010,Y0034,2026-02-21 17:45:20.488816,89
Y_STR06811,Y_U0013,Y0040,2026-03-06 04:39:52.310369,199
Y_STR06812,Y_U0042,Y0031,2026-02-09 12:28:35.007636,146
Y_STR06813,Y_U0058,Y0046,2026-02-06 09:16:12.686558,121
Y_STR06814,Y_U0100,Y0005,2026-02-09 15:52:14.254232,48
Y_STR06815,Y_U0095,Y0025,2026-02-09 22:00:16.857295,69
Y_STR06816,Y_U0007,Y0039,2026-02-24 01:11:06.130080,181
Y_STR06817,Y_U0042,Y0039,2026-02-21 14:45:48.639898,202
Y_STR06818,Y_U0009,Y0009,2026-02-27 11:48:08.470484,131
Y_STR06819,Y_U0030,Y0018,2026-03-05 20:30:13.221289,23
Y_STR06820,Y_U0003,Y0021,2026-02-21 02:44:55.587652,150
Y_STR06821,Y_U0017,Y0049,2026-02-26 05:02:12.971519,234
Y_STR06822,Y_U0075,Y0046,2026-02-24 15:40:07.312855,230
Y_STR06823,Y_U0040,Y0039,2026-02-07 21:54:54.929086,287
Y_STR06824,Y_U0061,Y0032,2026-02-22 11:30:13.093422,98
Y_STR06825,Y_U0091,Y0027,2026-02-11 04:18:45.473146,124
Y_STR06826,Y_U0066,Y0031,2026-02-27 05:26:16.754337,105
Y_STR06827,Y_U0086,Y0039,2026-02-18 10:49:43.288388,102
Y_STR06828,Y_U0003,Y0014,2026-02-11 03:42:32.148449,285
Y_STR06829,Y_U0008,Y0044,2026-02-24 06:54:15.679237,97
Y_STR06830,Y_U0017,Y0039,2026-02-06 09:14:21.363645,139
Y_STR06831,Y_U0084,Y0048,2026-02-10 14:41:03.320476,138
Y_STR06832,Y_U0093,Y0042,2026-02-04 11:27:27.727848,146
Y_STR06833,Y_U0017,Y0040,2026-02-21 09:13:03.294622,80
Y_STR06834,Y_U0022,Y0047,2026-02-17 17:12:00.979770,85
Y_STR06835,Y_U0086,Y0019,2026-02-08 02:00:57.681200,118
Y_STR06836,Y_U0087,Y0050,2026-02-15 10:58:09.702705,139
Y_STR06837,Y_U0013,Y0043,2026-02-21 17:27:08.036370,55
Y_STR06838,Y_U0093,Y0046,2026-02-18 07:09:59.281764,213
Y_STR06839,Y_U0032,Y0032,2026-02-19 11:07:31.691286,185
Y_STR06840,Y_U0020,Y0033,2026-02-04 16:10:31.472997,216
Y_STR06841,Y_U0015,Y0043,2026-02-15 16:20:06.321836,153
Y_STR06842,Y_U0062,Y0049,2026-02-27 14:55:13.541235,110
Y_STR06843,Y_U0095,Y0042,2026-02-18 05:52:24.475288,29
Y_STR06844,Y_U0059,Y0016,2026-03-05 03:57:09.929945,103
Y_STR06845,Y_U0037,Y0035,2026-02-22 18:14:00.340673,260
Y_STR06846,Y_U0036,Y0024,2026-02-16 15:39:42.508204,212
Y_STR06847,Y_U0004,Y0034,2026-02-07 10:43:21.431033,125
Y_STR06848,Y_U0043,Y0028,2026-03-01 00:03:22.662212,212
Y_STR06849,Y_U0020,Y0033,2026-02-12 16:20:41.505355,249
Y_STR06850,Y_U0044,Y0041,2026-02-23 14:30:25.645330,49
Y_STR06851,Y_U0099,Y0015,2026-02-13 17:08:39.336218,216
Y_STR06852,Y_U0078,Y0033,2026-02-07 03:42:36.700600,138
Y_STR06853,Y_U0005,Y0046,2026-02-09 12:32:00.999253,46
Y_STR06854,Y_U0045,Y0018,2026-02-21 01:03:45.330996,73
Y_STR06855,Y_U0070,Y0036,2026-02-24 14:54:44.555052,72
Y_STR06856,Y_U0005,Y0038,2026-02-23 06:44:57.059255,70
Y_STR06857,Y_U0038,Y0020,2026-02-13 15:39:25.754827,103
Y_STR06858,Y_U0041,Y0042,2026-02-11 20:21:08.187674,235
Y_STR06859,Y_U0086,Y0048,2026-02-12 05:06:03.841520,190
Y_STR06860,Y_U0050,Y0047,2026-02-21 18:18:27.946538,97
Y_STR06861,Y_U0005,Y0027,2026-02-28 00:55:56.814439,40
Y_STR06862,Y_U0024,Y0021,2026-02-06 06:43:45.668777,115
Y_STR06863,Y_U0092,Y0006,2026-02-07 19:16:41.364159,54
Y_STR06864,Y_U0035,Y0029,2026-02-11 12:44:37.161585,101
Y_STR06865,Y_U0100,Y0047,2026-03-04 08:43:47.516767,22
Y_STR06866,Y_U0033,Y0035,2026-03-04 11:22:37.402209,152
Y_STR06867,Y_U0100,Y0014,2026-02-08 01:12:32.509745,310
Y_STR06868,Y_U0099,Y0044,2026-02-16 00:40:28.519574,246
Y_STR06869,Y_U0031,Y0049,2026-02-07 16:38:13.738194,223
Y_STR06870,Y_U0006,Y0020,2026-02-15 02:23:06.227014,271
Y_STR06871,Y_U0057,Y0016,2026-02-08 23:19:47.314946,55
Y_STR06872,Y_U0001,Y0042,2026-02-11 10:29:55.388678,123
Y_STR06873,Y_U0014,Y0040,2026-02-17 19:17:14.890594,59
Y_STR06874,Y_U0048,Y0026,2026-02-10 12:22:18.577799,15
Y_STR06875,Y_U0073,Y0044,2026-02-16 01:36:53.268990,285
Y_STR06876,Y_U0036,Y0036,2026-03-01 02:28:40.460540,28
Y_STR06877,Y_U0090,Y0042,2026-02-07 00:27:18.584971,112
Y_STR06878,Y_U0072,Y0045,2026-02-14 18:47:09.744130,199
Y_STR06879,Y_U0050,Y0016,2026-02-21 16:14:15.055289,102
Y_STR06880,Y_U0086,Y0044,2026-02-13 07:58:35.887770,70
Y_STR06881,Y_U0054,Y0049,2026-02-06 14:29:33.251995,224
Y_STR06882,Y_U0042,Y0047,2026-03-04 21:25:38.863255,209
Y_STR06883,Y_U0083,Y0038,2026-02-06 05:36:04.725150,103
Y_STR06884,Y_U0048,Y0025,2026-02-20 21:13:35.357654,111
Y_STR06885,Y_U0015,Y0018,2026-02-10 20:19:01.891999,17
Y_STR06886,Y_U0034,Y0026,2026-02-25 10:00:55.761759,76
Y_STR06887,Y_U0066,Y0041,2026-02-25 06:45:04.981966,106
Y_STR06888,Y_U0052,Y0047,2026-02-17 10:20:06.322802,190
Y_STR06889,Y_U0044,Y0011,2026-02-07 17:07:56.377399,220
Y_STR06890,Y_U0037,Y0032,2026-02-12 04:49:44.200321,54
Y_STR06891,Y_U0010,Y0005,2026-02-07 11:41:06.579147,266
Y_STR06892,Y_U0074,Y0043,2026-02-24 02:08:17.392982,186
Y_STR06893,Y_U0074,Y0022,2026-02-25 11:36:24.173276,109
Y_STR06894,Y_U0057,Y0015,2026-02-20 16:11:23.229419,283
Y_STR06895,Y_U0096,Y0045,2026-02-06 23:11:31.417710,152
Y_STR06896,Y_U0077,Y0019,2026-02-10 13:26:17.181964,86
Y_STR06897,Y_U0055,Y0044,2026-02-13 00:12:28.017919,153
Y_STR06898,Y_U0002,Y0044,2026-02-15 21:03:22.219660,184
Y_STR06899,Y_U0013,Y0034,2026-02-15 16:51:11.968999,92
Y_STR06900,Y_U0021,Y0040,2026-02-08 14:50:03.806184,137
Y_STR06901,Y_U0083,Y0021,2026-02-17 06:24:01.419998,31
Y_STR06902,Y_U0094,Y0011,2026-02-21 18:12:25.228105,32
Y_STR06903,Y_U0083,Y0041,2026-02-24 10:58:02.116205,24
Y_STR06904,Y_U0088,Y0034,2026-02-13 13:36:16.252046,158
Y_STR06905,Y_U0078,Y0016,2026-02-05 23:45:20.220328,60
Y_STR06906,Y_U0061,Y0043,2026-02-21 04:56:49.820932,148
Y_STR06907,Y_U0065,Y0044,2026-03-04 02:53:32.928022,157
Y_STR06908,Y_U0041,Y0001,2026-02-08 20:41:26.590267,65
Y_STR06909,Y_U0049,Y0035,2026-02-21 08:59:15.055166,163
Y_STR06910,Y_U0075,Y0045,2026-02-09 00:01:41.381143,190
Y_STR06911,Y_U0097,Y0037,2026-02-06 09:08:41.928127,305
Y_STR06912,Y_U0040,Y0039,2026-03-03 03:40:49.348629,305
Y_STR06913,Y_U0068,Y0030,2026-02-19 20:16:13.868431,109
Y_STR06914,Y_U0012,Y0045,2026-02-04 20:45:19.882786,199
Y_STR06915,Y_U0066,Y0040,2026-02-27 16:36:42.878959,57
Y_STR06916,Y_U0015,Y0003,2026-02-27 01:16:22.336699,290
Y_STR06917,Y_U0011,Y0043,2026-02-25 11:24:09.070827,55
Y_STR06918,Y_U0051,Y0040,2026-03-04 06:44:20.990945,150
Y_STR06919,Y_U0030,Y0048,2026-02-04 11:19:22.761822,187
Y_STR06920,Y_U0037,Y0043,2026-02-28 01:50:34.504010,115
Y_STR06921,Y_U0040,Y0019,2026-02-12 00:19:45.914048,201
Y_STR06922,Y_U0025,Y0006,2026-02-07 09:44:41.751564,173
Y_STR06923,Y_U0003,Y0048,2026-02-22 07:24:16.121202,190
Y_STR06924,Y_U0093,Y0015,2026-02-21 11:23:02.055697,142
Y_STR06925,Y_U0041,Y0047,2026-02-06 06:36:19.000384,152
Y_STR06926,Y_U0050,Y0037,2026-02-25 01:50:14.200667,94
Y_STR06927,Y_U0054,Y0040,2026-02-11 11:15:23.694947,312
Y_STR06928,Y_U0074,Y0045,2026-02-20 12:26:29.643908,65
Y_STR06929,Y_U0011,Y0037,2026-03-01 22:24:45.828499,168
Y_STR06930,Y_U0074,Y0038,2026-02-07 01:55:15.922989,20
Y_STR06931,Y_U0040,Y0043,2026-02-08 04:24:54.346293,171
Y_STR06932,Y_U0076,Y0038,2026-02-11 08:30:05.618859,46
Y_STR06933,Y_U0072,Y0043,2026-02-13 17:23:15.423961,105
Y_STR06934,Y_U0016,Y0024,2026-02-25 12:54:40.570704,211
Y_STR06935,Y_U0018,Y0037,2026-02-07 10:27:14.030765,290
Y_STR06936,Y_U0033,Y0034,2026-02-27 13:47:16.676963,80
Y_STR06937,Y_U0057,Y0043,2026-02-08 14:34:55.262209,18
Y_STR06938,Y_U0005,Y0035,2026-02-28 00:27:34.574178,233
Y_STR06939,Y_U0055,Y0029,2026-02-28 18:52:37.296253,8
Y_STR06940,Y_U0004,Y0049,2026-02-19 21:40:02.465288,209
Y_STR06941,Y_U0020,Y0026,2026-02-17 05:48:11.702402,118
Y_STR06942,Y_U0090,Y0042,2026-03-02 00:51:59.324135,336
Y_STR06943,Y_U0036,Y0047,2026-02-13 18:53:13.271403,162
Y_STR06944,Y_U0014,Y0037,2026-02-07 08:00:47.125698,346
Y_STR06945,Y_U0055,Y0038,2026-02-13 18:00:39.028469,11
Y_STR06946,Y_U0025,Y0042,2026-02-17 00:37:04.845014,242
Y_STR06947,Y_U0059,Y0036,2026-03-04 01:50:46.177878,71
Y_STR06948,Y_U0095,Y0050,2026-02-08 16:06:12.084381,328
Y_STR06949,Y_U0068,Y0032,2026-02-27 12:36:10.142494,177
Y_STR06950,Y_U0071,Y0030,2026-02-16 04:30:01.163357,102
Y_STR06951,Y_U0035,Y0036,2026-02-15 10:20:54.865999,111
Y_STR06952,Y_U0095,Y0030,2026-02-07 05:24:55.646526,68
Y_STR06953,Y_U0008,Y0008,2026-02-05 01:19:26.760345,85
Y_STR06954,Y_U0026,Y0032,2026-02-25 13:28:54.167080,90
Y_STR06955,Y_U0098,Y0006,2026-02-19 18:30:58.474395,167
Y_STR06956,Y_U0085,Y0038,2026-03-02 11:12:16.716574,94
Y_STR06957,Y_U0067,Y0011,2026-02-15 05:24:10.929598,223
Y_STR06958,Y_U0029,Y0044,2026-02-17 18:34:30.455231,292
Y_STR06959,Y_U0031,Y0025,2026-02-14 09:39:33.535294,52
Y_STR06960,Y_U0054,Y0020,2026-03-02 07:15:40.205026,302
Y_STR06961,Y_U0032,Y0039,2026-02-22 02:13:12.634509,296
Y_STR06962,Y_U0071,Y0035,2026-02-16 07:27:54.293056,125
Y_STR06963,Y_U0100,Y0032,2026-02-09 17:11:36.721361,36
Y_STR06964,Y_U0026,Y0045,2026-02-14 10:37:49.193577,143
Y_STR06965,Y_U0008,Y0047,2026-02-13 16:56:57.485321,184
Y_STR06966,Y_U0048,Y0027,2026-02-23 16:52:09.744338,125
Y_STR06967,Y_U0029,Y0032,2026-02-22 02:33:33.782592,212
Y_STR06968,Y_U0007,Y0014,2026-02-26 23:03:59.728642,69
Y_STR06969,Y_U0091,Y0031,2026-02-11 08:35:06.624241,122
Y_STR06970,Y_U0030,Y0050,2026-02-25 18:44:53.615840,94
Y_STR06971,Y_U0097,Y0024,2026-02-22 20:58:33.112746,146
Y_STR06972,Y_U0097,Y0050,2026-02-26 12:59:51.697707,321
Y_STR06973,Y_U0045,Y0044,2026-02-16 12:01:42.846020,22
Y_STR06974,Y_U0047,Y0048,2026-02-08 13:55:34.357984,216
Y_STR06975,Y_U0067,Y0044,2026-02-27 01:00:59.800384,144
Y_STR06976,Y_U0021,Y0031,2026-02-23 14:45:17.537598,54
Y_STR06977,Y_U0007,Y0024,2026-02-26 00:10:56.725735,55
Y_STR06978,Y_U0057,Y0045,2026-02-23 14:18:31.924508,24
Y_STR06979,Y_U0056,Y0031,2026-03-02 11:47:06.113176,148
Y_STR06980,Y_U0061,Y0033,2026-03-05 03:59:34.985624,277
Y_STR06981,Y_U0035,Y0029,2026-02-12 22:40:23.710788,55
Y_STR06982,Y_U0100,Y0024,2026-02-27 17:21:03.803132,210
Y_STR06983,Y_U0028,Y0040,2026-02-22 01:09:13.272373,152
Y_STR06984,Y_U0093,Y0019,2026-02-09 21:12:14.936707,20
Y_STR06985,Y_U0044,Y0041,2026-03-01 16:38:51.320972,15
Y_STR06986,Y_U0076,Y0022,2026-03-06 06:56:32.546645,54
Y_STR06987,Y_U0089,Y0038,2026-02-24 02:55:44.089726,87
Y_STR06988,Y_U0051,Y0047,2026-02-19 02:02:32.913356,93
Y_STR06989,Y_U0059,Y0032,2026-02-17 14:58:37.330294,88
Y_STR06990,Y_U0087,Y0040,2026-02-04 14:07:04.190170,38
Y_STR06991,Y_U0066,Y0028,2026-02-04 15:13:49.168899,70
Y_STR06992,Y_U0085,Y0026,2026-02-25 20:04:49.433869,124
Y_STR06993,Y_U0079,Y0042,2026-02-20 06:43:48.014940,108
Y_STR06994,Y_U0062,Y0038,2026-02-22 10:28:49.916369,14
Y_STR06995,Y_U0043,Y0039,2026-02-11 10:43:48.329577,139
Y_STR06996,Y_U0061,Y0032,2026-02-28 05:26:26.448774,107
Y_STR06997,Y_U0068,Y0028,2026-02-14 04:13:58.253852,19
Y_STR06998,Y_U0034,Y0022,2026-02-22 03:41:32.607769,32
Y_STR06999,Y_U0039,Y0050,2026-02-18 04:34:40.247937,31
Y_STR07000,Y_U0095,Y0040,2026-02-13 15:21:20.865164,63
Y_STR07001,Y_U0036,Y0022,2026-02-16 03:43:10.915629,64
Y_STR07002,Y_U0019,Y0022,2026-02-28 06:19:52.351648,135
Y_STR07003,Y_U0022,Y0040,2026-02-04 15:31:57.519940,100
Y_STR07004,Y_U0064,Y0037,2026-02-21 16:14:03.453084,13
Y_STR07005,Y_U0038,Y0040,2026-02-20 02:01:52.639977,11
Y_STR07006,Y_U0094,Y0026,2026-02-25 05:54:34.094459,72
Y_STR07007,Y_U0096,Y0006,2026-02-15 22:31:29.975437,118
Y_STR07008,Y_U0015,Y0045,2026-03-05 23:53:00.792642,60
Y_STR07009,Y_U0024,Y0045,2026-02-28 03:13:46.417937,225
Y_STR07010,Y_U0061,Y0022,2026-02-28 19:49:55.806831,87
Y_STR07011,Y_U0044,Y0034,2026-02-14 23:51:47.377294,196
Y_STR07012,Y_U0016,Y0019,2026-02-23 02:56:56.170830,173
Y_STR07013,Y_U0030,Y0033,2026-02-06 22:17:15.590823,192
Y_STR07014,Y_U0044,Y0028,2026-02-24 18:18:43.923709,91
Y_STR07015,Y_U0034,Y0028,2026-02-12 22:19:32.068427,150
Y_STR07016,Y_U0045,Y0043,2026-02-23 14:06:57.405892,143
Y_STR07017,Y_U0024,Y0004,2026-02-21 19:14:03.370114,222
Y_STR07018,Y_U0044,Y0050,2026-03-03 02:16:33.850312,269
Y_STR07019,Y_U0023,Y0031,2026-02-23 10:49:30.733712,46
Y_STR07020,Y_U0059,Y0025,2026-02-17 17:08:55.566255,63
Y_STR07021,Y_U0039,Y0021,2026-02-05 17:02:09.276386,112
Y_STR07022,Y_U0100,Y0015,2026-02-18 03:03:23.634778,37
Y_STR07023,Y_U0087,Y0040,2026-02-16 12:03:26.265334,303
Y_STR07024,Y_U0004,Y0023,2026-03-02 21:07:38.667478,19
Y_STR07025,Y_U0093,Y0045,2026-02-10 11:32:22.131987,169
Y_STR07026,Y_U0066,Y0047,2026-02-18 19:10:09.581350,93
Y_STR07027,Y_U0023,Y0020,2026-03-05 20:06:37.146663,6
Y_STR07028,Y_U0089,Y0028,2026-02-05 09:41:02.883699,120
Y_STR07029,Y_U0012,Y0016,2026-02-21 15:11:37.607249,127
Y_STR07030,Y_U0031,Y0040,2026-02-27 14:29:30.552025,19
Y_STR07031,Y_U0003,Y0032,2026-02-28 03:07:43.687761,67
Y_STR07032,Y_U0008,Y0044,2026-03-03 05:18:18.065855,272
Y_STR07033,Y_U0039,Y0035,2026-02-06 10:31:26.055603,222
Y_STR07034,Y_U0003,Y0028,2026-02-14 09:40:40.753180,144
Y_STR07035,Y_U0029,Y0011,2026-03-05 10:29:04.960855,75
Y_STR07036,Y_U0091,Y0015,2026-03-02 04:42:16.509942,341
Y_STR07037,Y_U0071,Y0025,2026-02-06 20:06:19.264179,172
Y_STR07038,Y_U0013,Y0046,2026-02-06 02:28:54.801132,18
Y_STR07039,Y_U0069,Y0043,2026-02-14 00:02:41.141981,131
Y_STR07040,Y_U0020,Y0029,2026-02-26 14:59:25.367000,131
Y_STR07041,Y_U0002,Y0035,2026-02-26 01:31:46.326346,25
Y_STR07042,Y_U0079,Y0031,2026-03-03 23:01:30.066789,29
Y_STR07043,Y_U0073,Y0014,2026-02-11 04:02:01.158565,215
Y_STR07044,Y_U0011,Y0043,2026-03-04 19:50:22.942508,55
Y_STR07045,Y_U0041,Y0045,2026-02-18 06:00:46.393691,211
Y_STR07046,Y_U0088,Y0037,2026-02-28 20:01:26.271163,217
Y_STR07047,Y_U0095,Y0033,2026-02-09 18:23:31.921510,71
Y_STR07048,Y_U0069,Y0035,2026-02-14 01:01:15.966317,69
Y_STR07049,Y_U0026,Y0036,2026-02-12 15:26:23.842335,221
Y_STR07050,Y_U0078,Y0048,2026-03-02 22:56:14.928501,169
Y_STR07051,Y_U0090,Y0026,2026-02-25 07:10:12.465140,14
Y_STR07052,Y_U0050,Y0041,2026-02-25 20:44:00.170560,170
Y_STR07053,Y_U0032,Y0022,2026-02-04 10:59:05.587302,108
Y_STR07054,Y_U0074,Y0024,2026-02-27 01:35:27.010046,202
Y_STR07055,Y_U0009,Y0043,2026-02-26 04:54:55.854624,131
Y_STR07056,Y_U0034,Y0043,2026-02-09 11:12:39.516678,103
Y_STR07057,Y_U0077,Y0027,2026-02-20 20:23:46.134869,48
Y_STR07058,Y_U0034,Y0012,2026-02-24 17:36:18.494918,147
Y_STR07059,Y_U0009,Y0021,2026-02-06 23:04:52.955776,72
Y_STR07060,Y_U0100,Y0039,2026-02-17 20:41:20.188364,117
Y_STR07061,Y_U0076,Y0044,2026-02-20 15:27:03.174314,233
Y_STR07062,Y_U0024,Y0027,2026-02-08 20:29:35.689152,37
Y_STR07063,Y_U0066,Y0047,2026-03-01 21:34:35.447734,11
Y_STR07064,Y_U0051,Y0033,2026-03-01 05:09:59.839392,87
Y_STR07065,Y_U0010,Y0041,2026-02-25 03:01:22.696207,111
Y_STR07066,Y_U0044,Y0010,2026-02-11 02:03:56.230392,106
Y_STR07067,Y_U0087,Y0038,2026-03-04 00:14:49.521734,74
Y_STR07068,Y_U0088,Y0050,2026-03-02 21:24:11.153833,80
Y_STR07069,Y_U0085,Y0024,2026-02-16 13:28:06.848253,208
Y_STR07070,Y_U0021,Y0049,2026-02-08 09:41:57.473798,227
Y_STR07071,Y_U0014,Y0037,2026-02-15 11:19:40.186646,214
Y_STR07072,Y_U0026,Y0047,2026-02-23 08:59:07.298752,109
Y_STR07073,Y_U0029,Y0047,2026-02-11 09:48:21.075612,103
Y_STR07074,Y_U0089,Y0047,2026-02-09 04:22:01.568238,218
Y_STR07075,Y_U0062,Y0044,2026-02-22 12:45:58.952435,121
Y_STR07076,Y_U0082,Y0032,2026-03-02 16:08:13.277804,107
Y_STR07077,Y_U0070,Y0014,2026-02-24 05:53:45.477342,270
Y_STR07078,Y_U0007,Y0050,2026-02-24 13:14:17.960621,212
Y_STR07079,Y_U0021,Y0028,2026-02-23 17:23:24.637023,161
Y_STR07080,Y_U0025,Y0033,2026-03-01 05:07:03.747033,253
Y_STR07081,Y_U0098,Y0031,2026-02-19 13:21:54.391970,59
Y_STR07082,Y_U0044,Y0036,2026-02-11 12:11:50.445396,72
Y_STR07083,Y_U0072,Y0039,2026-02-15 20:41:00.181035,107
Y_STR07084,Y_U0032,Y0026,2026-02-26 01:34:21.259577,106
Y_STR07085,Y_U0088,Y0048,2026-02-11 11:07:15.547913,18
Y_STR07086,Y_U0040,Y0048,2026-02-24 21:46:38.008616,86
Y_STR07087,Y_U0026,Y0043,2026-02-14 17:58:57.980270,18
Y_STR07088,Y_U0068,Y0038,2026-02-17 00:26:56.123502,141
Y_STR07089,Y_U0062,Y0038,2026-02-21 10:10:01.464681,12
Y_STR07090,Y_U0038,Y0042,2026-02-28 10:58:38.205773,336
Y_STR07091,Y_U0029,Y0048,2026-03-04 01:22:53.686251,127
Y_STR07092,Y_U0005,Y0011,2026-02-21 16:14:48.880224,172
Y_STR07093,Y_U0038,Y0048,2026-02-27 13:01:12.743014,81
Y_STR07094,Y_U0027,Y0037,2026-02-13 11:37:47.444903,141
Y_STR07095,Y_U0019,Y0048,2026-02-05 10:00:36.543409,73
Y_STR07096,Y_U0064,Y0047,2026-02-12 13:21:30.673473,188
Y_STR07097,Y_U0097,Y0031,2026-02-24 21:27:43.467810,21
Y_STR07098,Y_U0079,Y0050,2026-02-22 20:53:04.156654,272
Y_STR07099,Y_U0072,Y0048,2026-02-18 19:55:38.352689,111
Y_STR07100,Y_U0080,Y0041,2026-02-18 11:05:05.530898,140
Y_STR07101,Y_U0064,Y0045,2026-03-01 03:20:48.290702,184
Y_STR07102,Y_U0010,Y0026,2026-02-25 12:56:51.953050,47
Y_STR07103,Y_U0027,Y0029,2026-03-02 13:11:34.575636,65
Y_STR07104,Y_U0093,Y0026,2026-02-20 17:57:26.200957,82
Y_STR07105,Y_U0091,Y0044,2026-02-08 10:54:33.365603,234
Y_STR07106,Y_U0095,Y0044,2026-02-07 19:03:25.075915,159
Y_STR07107,Y_U0016,Y0026,2026-02-13 11:46:14.146732,127
Y_STR07108,Y_U0017,Y0041,2026-02-22 04:28:11.351858,33
Y_STR07109,Y_U0068,Y0045,2026-02-18 20:49:14.634935,192
Y_STR07110,Y_U0005,Y0031,2026-03-04 23:56:37.202794,10
Y_STR07111,Y_U0043,Y0041,2026-02-19 14:51:32.341003,162
Y_STR07112,Y_U0027,Y0026,2026-02-27 12:50:27.766331,78
Y_STR07113,Y_U0055,Y0042,2026-02-15 14:54:00.374413,37
Y_STR07114,Y_U0017,Y0028,2026-02-10 20:22:10.598553,45
Y_STR07115,Y_U0099,Y0040,2026-02-13 03:14:47.047038,114
Y_STR07116,Y_U0057,Y0037,2026-02-04 23:01:43.342869,78
Y_STR07117,Y_U0020,Y0041,2026-02-22 14:39:35.657717,123
Y_STR07118,Y_U0054,Y0045,2026-02-07 02:15:04.754804,172
Y_STR07119,Y_U0026,Y0039,2026-03-03 14:50:42.674516,130
Y_STR07120,Y_U0059,Y0049,2026-02-25 21:14:23.525048,18
Y_STR07121,Y_U0098,Y0042,2026-02-16 18:10:13.231048,224
Y_STR07122,Y_U0070,Y0030,2026-02-10 07:49:31.366182,17
Y_STR07123,Y_U0009,Y0031,2026-02-07 04:34:45.175409,20
Y_STR07124,Y_U0040,Y0023,2026-02-05 16:52:42.061982,61
Y_STR07125,Y_U0012,Y0041,2026-02-12 17:39:33.342856,77
Y_STR07126,Y_U0060,Y0022,2026-02-18 06:09:24.911610,101
Y_STR07127,Y_U0051,Y0039,2026-02-15 22:55:29.574632,163
Y_STR07128,Y_U0057,Y0036,2026-02-18 14:49:32.871010,137
Y_STR07129,Y_U0048,Y0048,2026-02-08 06:23:23.997977,131
Y_STR07130,Y_U0063,Y0005,2026-02-26 10:45:38.745202,287
Y_STR07131,Y_U0069,Y0028,2026-02-10 04:27:38.844359,233
Y_STR07132,Y_U0059,Y0036,2026-02-05 14:06:55.175313,76
Y_STR07133,Y_U0021,Y0037,2026-02-11 05:07:40.293337,300
Y_STR07134,Y_U0071,Y0014,2026-02-15 07:06:30.204190,65
Y_STR07135,Y_U0097,Y0026,2026-02-15 23:33:45.740993,21
Y_STR07136,Y_U0066,Y0029,2026-02-15 20:25:58.392248,68
Y_STR07137,Y_U0067,Y0018,2026-03-01 21:44:29.994328,23
Y_STR07138,Y_U0054,Y0021,2026-02-24 19:04:56.101889,117
Y_STR07139,Y_U0095,Y0030,2026-02-15 14:47:21.145519,147
Y_STR07140,Y_U0091,Y0009,2026-02-07 13:14:24.631322,92
Y_STR07141,Y_U0083,Y0025,2026-02-22 04:25:05.294988,58
Y_STR07142,Y_U0096,Y0045,2026-02-23 02:55:43.144522,171
Y_STR07143,Y_U0001,Y0035,2026-02-15 23:31:34.719205,96
Y_STR07144,Y_U0087,Y0039,2026-02-23 18:07:26.855328,311
Y_STR07145,Y_U0005,Y0026,2026-02-11 02:53:38.684472,48
Y_STR07146,Y_U0033,Y0038,2026-02-23 01:01:32.347724,154
Y_STR07147,Y_U0077,Y0039,2026-02-24 01:46:08.955242,57
Y_STR07148,Y_U0095,Y0006,2026-02-21 22:40:00.713492,75
Y_STR07149,Y_U0021,Y0046,2026-02-06 13:41:58.616168,228
Y_STR07150,Y_U0044,Y0044,2026-02-07 16:46:55.695692,184
Y_STR07151,Y_U0097,Y0022,2026-02-05 03:34:47.862362,165
Y_STR07152,Y_U0043,Y0015,2026-02-17 07:18:39.148824,289
Y_STR07153,Y_U0001,Y0036,2026-02-22 14:47:35.513083,211
Y_STR07154,Y_U0028,Y0014,2026-02-17 12:48:22.273632,273
Y_STR07155,Y_U0017,Y0023,2026-02-19 20:17:37.506731,29
Y_STR07156,Y_U0080,Y0031,2026-02-20 17:24:39.096532,72
Y_STR07157,Y_U0028,Y0050,2026-03-02 00:44:33.843789,283
Y_STR07158,Y_U0029,Y0024,2026-02-28 06:23:03.852019,169
Y_STR07159,Y_U0063,Y0026,2026-02-27 23:53:49.709550,111
Y_STR07160,Y_U0096,Y0041,2026-02-12 09:06:30.994799,84
Y_STR07161,Y_U0026,Y0034,2026-02-13 15:08:09.545891,192
Y_STR07162,Y_U0019,Y0041,2026-02-21 12:08:15.075889,136
Y_STR07163,Y_U0002,Y0049,2026-02-09 10:50:06.810747,96
Y_STR07164,Y_U0092,Y0026,2026-03-04 23:06:08.086488,127
Y_STR07165,Y_U0054,Y0047,2026-02-12 01:24:24.436556,72
Y_STR07166,Y_U0073,Y0046,2026-02-16 20:18:59.215652,162
Y_STR07167,Y_U0051,Y0034,2026-03-03 12:36:17.160100,105
Y_STR07168,Y_U0039,Y0029,2026-02-15 10:18:57.030966,20
Y_STR07169,Y_U0001,Y0035,2026-02-23 21:58:31.659394,301
Y_STR07170,Y_U0068,Y0018,2026-03-02 01:09:43.016173,149
Y_STR07171,Y_U0040,Y0036,2026-02-10 04:08:05.050805,162
Y_STR07172,Y_U0073,Y0047,2026-02-07 00:05:52.592165,24
Y_STR07173,Y_U0050,Y0034,2026-02-20 12:11:30.211206,19
Y_STR07174,Y_U0017,Y0022,2026-02-28 05:29:15.901237,77
Y_STR07175,Y_U0051,Y0021,2026-02-22 01:14:15.406850,138
Y_STR07176,Y_U0066,Y0036,2026-02-25 17:37:06.614969,101
Y_STR07177,Y_U0019,Y0050,2026-02-25 23:15:19.396696,280
Y_STR07178,Y_U0018,Y0011,2026-02-05 04:12:43.840689,23
Y_STR07179,Y_U0061,Y0019,2026-03-05 04:26:40.309655,206
Y_STR07180,Y_U0054,Y0002,2026-02-22 15:38:00.356633,29
Y_STR07181,Y_U0086,Y0032,2026-02-18 01:17:24.389077,129
Y_STR07182,Y_U0062,Y0031,2026-02-11 21:03:55.955322,41
Y_STR07183,Y_U0020,Y0012,2026-02-05 05:00:48.396118,250
Y_STR07184,Y_U0052,Y0042,2026-02-13 09:02:42.688465,46
Y_STR07185,Y_U0054,Y0033,2026-02-10 13:54:02.974756,56
Y_STR07186,Y_U0032,Y0042,2026-02-24 18:30:00.996799,107
Y_STR07187,Y_U0047,Y0039,2026-02-06 02:05:42.228292,243
Y_STR07188,Y_U0040,Y0033,2026-02-10 01:07:59.815442,192
Y_STR07189,Y_U0024,Y0027,2026-02-13 06:13:59.089570,104
Y_STR07190,Y_U0063,Y0034,2026-02-21 20:42:45.011764,174
Y_STR07191,Y_U0081,Y0017,2026-03-01 20:47:26.348422,232
Y_STR07192,Y_U0072,Y0049,2026-02-20 09:40:10.688688,122
Y_STR07193,Y_U0079,Y0028,2026-02-15 08:40:36.985856,104
Y_STR07194,Y_U0033,Y0044,2026-02-19 08:46:15.437852,178
Y_STR07195,Y_U0008,Y0044,2026-02-22 08:42:48.648204,291
Y_STR07196,Y_U0091,Y0024,2026-02-23 23:12:07.604191,178
Y_STR07197,Y_U0090,Y0018,2026-02-20 20:00:15.871598,116
Y_STR07198,Y_U0041,Y0014,2026-02-12 03:05:14.327969,191
Y_STR07199,Y_U0019,Y0039,2026-02-11 17:21:38.249565,183
Y_STR07200,Y_U0016,Y0010,2026-02-21 18:24:47.956410,87
Y_STR07201,Y_U0024,Y0028,2026-02-21 06:09:46.916276,218
Y_STR07202,Y_U0018,Y0046,2026-02-10 18:46:10.629155,94
Y_STR07203,Y_U0010,Y0038,2026-02-13 23:36:28.418632,37
Y_STR07204,Y_U0008,Y0020,2026-02-18 13:40:49.851644,302
Y_STR07205,Y_U0072,Y0037,2026-03-01 11:51:27.541698,318
Y_STR07206,Y_U0022,Y0048,2026-02-21 17:38:14.955546,23
Y_STR07207,Y_U0087,Y0033,2026-02-19 07:43:32.407075,169
Y_STR07208,Y_U0072,Y0039,2026-02-17 16:08:37.327774,245
Y_STR07209,Y_U0073,Y0048,2026-02-27 09:33:14.125422,34
Y_STR07210,Y_U0033,Y0046,2026-03-05 22:25:37.330253,140
Y_STR07211,Y_U0016,Y0021,2026-02-26 07:01:52.658252,145
Y_STR07212,Y_U0016,Y0045,2026-02-16 19:16:46.831321,133
Y_STR07213,Y_U0088,Y0028,2026-02-17 20:46:54.819146,218
Y_STR07214,Y_U0058,Y0036,2026-02-11 14:02:16.207039,84
Y_STR07215,Y_U0076,Y0038,2026-02-12 03:17:21.177699,183
Y_STR07216,Y_U0017,Y0035,2026-03-03 01:34:32.415598,310
Y_STR07217,Y_U0073,Y0050,2026-03-02 04:05:46.098279,221
Y_STR07218,Y_U0027,Y0035,2026-02-22 03:47:25.019696,8
Y_STR07219,Y_U0040,Y0042,2026-02-04 19:28:08.654959,152
Y_STR07220,Y_U0020,Y0034,2026-02-14 17:57:33.053441,47
Y_STR07221,Y_U0055,Y0045,2026-02-22 00:08:03.664703,163
Y_STR07222,Y_U0070,Y0047,2026-02-25 16:25:22.892075,101
Y_STR07223,Y_U0079,Y0049,2026-02-28 22:37:57.018312,10
Y_STR07224,Y_U0008,Y0021,2026-02-07 14:35:09.057198,108
Y_STR07225,Y_U0047,Y0036,2026-02-06 02:34:33.260397,33
Y_STR07226,Y_U0030,Y0040,2026-02-11 06:36:21.775658,161
Y_STR07227,Y_U0063,Y0048,2026-02-14 20:55:26.075865,43
Y_STR07228,Y_U0065,Y0038,2026-02-28 17:36:10.859061,64
Y_STR07229,Y_U0094,Y0040,2026-02-08 04:29:27.189509,177
Y_STR07230,Y_U0087,Y0029,2026-03-04 12:18:28.087961,79
Y_STR07231,Y_U0061,Y0043,2026-02-26 14:04:07.603264,151
Y_STR07232,Y_U0073,Y0019,2026-03-01 09:53:02.006375,175
Y_STR07233,Y_U0090,Y0027,2026-02-06 16:20:03.559149,109
Y_STR07234,Y_U0006,Y0033,2026-02-25 05:19:06.347700,121
Y_STR07235,Y_U0089,Y0045,2026-03-05 10:16:17.894116,188
Y_STR07236,Y_U0014,Y0036,2026-02-08 19:17:52.422934,203
Y_STR07237,Y_U0087,Y0042,2026-02-12 12:17:46.225661,259
Y_STR07238,Y_U0068,Y0034,2026-02-20 09:52:16.044418,167
Y_STR07239,Y_U0034,Y0046,2026-02-07 07:05:30.555840,101
Y_STR07240,Y_U0073,Y0036,2026-02-19 18:16:02.067318,187
Y_STR07241,Y_U0062,Y0050,2026-03-01 10:32:42.515454,209
Y_STR07242,Y_U0017,Y0031,2026-02-16 19:12:59.229181,73
Y_STR07243,Y_U0081,Y0043,2026-02-16 00:11:23.918858,114
Y_STR07244,Y_U0019,Y0044,2026-02-07 12:45:58.507646,134
Y_STR07245,Y_U0072,Y0028,2026-02-06 23:55:28.319311,206
Y_STR07246,Y_U0053,Y0034,2026-02-22 21:29:37.329064,11
Y_STR07247,Y_U0049,Y0050,2026-02-26 20:08:19.061593,160
Y_STR07248,Y_U0013,Y0032,2026-02-26 06:14:05.976168,94
Y_STR07249,Y_U0084,Y0046,2026-02-10 12:57:13.172663,262
Y_STR07250,Y_U0018,Y0046,2026-02-25 20:31:19.694084,133
Y_STR07251,Y_U0099,Y0039,2026-02-28 21:12:13.889704,235
Y_STR07252,Y_U0009,Y0015,2026-02-04 16:16:38.284103,62
Y_STR07253,Y_U0098,Y0025,2026-02-12 22:43:02.862129,188
Y_STR07254,Y_U0028,Y0018,2026-03-01 05:06:44.756922,30
Y_STR07255,Y_U0012,Y0033,2026-02-24 01:52:38.327584,78
Y_STR07256,Y_U0051,Y0050,2026-02-16 13:41:22.887895,204
Y_STR07257,Y_U0049,Y0046,2026-02-28 07:16:18.637571,221
Y_STR07258,Y_U0071,Y0006,2026-03-05 19:51:08.943392,138
Y_STR07259,Y_U0019,Y0042,2026-02-28 02:46:04.359730,163
Y_STR07260,Y_U0067,Y0017,2026-02-16 18:04:54.992156,15
Y_STR07261,Y_U0018,Y0036,2026-02-14 16:47:03.591357,20
Y_STR07262,Y_U0070,Y0010,2026-02-11 03:44:40.888806,99
Y_STR07263,Y_U0008,Y0048,2026-02-26 09:03:00.788714,35
Y_STR07264,Y_U0045,Y0045,2026-02-06 11:51:53.434761,209
Y_STR07265,Y_U0064,Y0016,2026-02-28 23:58:50.669804,115
Y_STR07266,Y_U0092,Y0041,2026-02-15 23:32:43.848040,27
Y_STR07267,Y_U0079,Y0004,2026-02-21 16:01:27.092407,202
Y_STR07268,Y_U0038,Y0045,2026-02-19 19:29:59.042787,127
Y_STR07269,Y_U0040,Y0050,2026-02-14 23:31:35.225231,37
Y_STR07270,Y_U0041,Y0046,2026-02-26 10:00:42.151845,32
Y_STR07271,Y_U0025,Y0031,2026-02-17 07:31:10.710330,13
Y_STR07272,Y_U0038,Y0042,2026-02-21 10:00:21.879024,195
Y_STR07273,Y_U0053,Y0044,2026-02-08 22:41:01.400988,169
Y_STR07274,Y_U0071,Y0045,2026-02-04 22:31:24.586985,94
Y_STR07275,Y_U0018,Y0047,2026-02-19 22:49:59.579132,234
Y_STR07276,Y_U0037,Y0040,2026-02-07 14:54:20.484476,168
Y_STR07277,Y_U0067,Y0032,2026-02-26 01:02:26.545827,86
Y_STR07278,Y_U0024,Y0013,2026-02-07 09:13:45.289459,76
Y_STR07279,Y_U0003,Y0017,2026-03-05 04:58:52.622765,196
Y_STR07280,Y_U0048,Y0042,2026-03-04 03:13:02.445690,212
Y_STR07281,Y_U0065,Y0034,2026-02-09 00:26:25.376431,147
Y_STR07282,Y_U0033,Y0049,2026-02-18 02:58:53.356321,25
Y_STR07283,Y_U0002,Y0029,2026-03-02 03:05:16.514913,27
Y_STR07284,Y_U0011,Y0029,2026-02-15 22:37:03.976205,90
Y_STR07285,Y_U0075,Y0046,2026-02-25 10:52:34.646427,112
Y_STR07286,Y_U0065,Y0039,2026-02-05 20:54:13.139766,143
Y_STR07287,Y_U0015,Y0032,2026-03-01 10:01:34.915036,138
Y_STR07288,Y_U0027,Y0034,2026-02-06 07:19:17.787540,73
Y_STR07289,Y_U0034,Y0029,2026-03-02 22:33:03.884860,48
Y_STR07290,Y_U0090,Y0044,2026-03-01 05:11:22.129284,298
Y_STR07291,Y_U0065,Y0037,2026-02-13 07:53:14.211722,329
Y_STR07292,Y_U0071,Y0036,2026-02-11 08:24:29.846461,185
Y_STR07293,Y_U0033,Y0043,2026-02-18 07:19:36.928437,38
Y_STR07294,Y_U0012,Y0045,2026-02-13 23:50:47.925118,178
Y_STR07295,Y_U0099,Y0027,2026-02-28 03:58:45.100479,57
Y_STR07296,Y_U0055,Y0043,2026-02-18 10:15:32.064776,7
Y_STR07297,Y_U0061,Y0021,2026-02-25 00:33:27.677597,99
Y_STR07298,Y_U0044,Y0028,2026-02-15 05:51:59.275929,110
Y_STR07299,Y_U0077,Y0006,2026-02-18 21:13:34.475379,257
Y_STR07300,Y_U0035,Y0025,2026-02-25 02:06:52.906437,126
Y_STR07301,Y_U0069,Y0047,2026-02-22 21:57:54.689373,159
Y_STR07302,Y_U0041,Y0046,2026-02-08 23:29:40.814796,232
Y_STR07303,Y_U0065,Y0010,2026-02-17 09:46:25.477236,64
Y_STR07304,Y_U0054,Y0050,2026-03-03 12:41:18.554533,46
Y_STR07305,Y_U0005,Y0026,2026-02-24 07:28:31.549308,61
Y_STR07306,Y_U0069,Y0033,2026-02-04 23:18:53.603816,17
Y_STR07307,Y_U0051,Y0043,2026-02-14 13:28:45.923670,63
Y_STR07308,Y_U0006,Y0025,2026-03-01 09:43:12.426444,106
Y_STR07309,Y_U0047,Y0046,2026-02-17 12:07:50.126075,111
Y_STR07310,Y_U0075,Y0048,2026-02-13 09:53:07.469953,210
Y_STR07311,Y_U0054,Y0034,2026-02-15 03:07:33.024984,103
Y_STR07312,Y_U0051,Y0025,2026-02-08 04:38:22.384403,156
Y_STR07313,Y_U0012,Y0039,2026-02-19 00:06:17.571396,180
Y_STR07314,Y_U0052,Y0044,2026-02-15 23:06:59.214611,161
Y_STR07315,Y_U0036,Y0008,2026-03-05 16:10:35.470616,68
Y_STR07316,Y_U0079,Y0016,2026-02-06 09:35:29.417589,52
Y_STR07317,Y_U0065,Y0038,2026-02-14 14:33:51.856961,33
Y_STR07318,Y_U0042,Y0048,2026-02-09 18:31:49.852947,70
Y_STR07319,Y_U0078,Y0035,2026-02-23 12:09:11.041936,298
Y_STR07320,Y_U0078,Y0040,2026-02-27 14:27:47.926296,202
Y_STR07321,Y_U0071,Y0031,2026-02-14 17:04:19.880737,50
Y_STR07322,Y_U0053,Y0028,2026-02-23 11:38:47.273799,160
Y_STR07323,Y_U0039,Y0043,2026-02-26 06:37:06.326515,138
Y_STR07324,Y_U0036,Y0027,2026-02-08 16:39:25.372130,70
Y_STR07325,Y_U0014,Y0009,2026-02-28 19:10:38.343582,79
Y_STR07326,Y_U0071,Y0043,2026-03-01 17:19:47.599238,100
Y_STR07327,Y_U0084,Y0020,2026-02-14 07:13:38.322407,293
Y_STR07328,Y_U0078,Y0037,2026-02-04 20:09:30.489838,50
Y_STR07329,Y_U0006,Y0049,2026-03-05 09:32:24.717294,45
Y_STR07330,Y_U0037,Y0035,2026-02-13 09:07:24.631143,116
Y_STR07331,Y_U0017,Y0044,2026-02-17 15:23:25.568639,147
Y_STR07332,Y_U0065,Y0021,2026-02-07 21:02:01.431244,49
Y_STR07333,Y_U0060,Y0024,2026-02-06 14:29:12.801656,42
Y_STR07334,Y_U0012,Y0028,2026-02-24 05:49:20.884139,92
Y_STR07335,Y_U0090,Y0035,2026-02-09 08:41:38.740700,160
Y_STR07336,Y_U0032,Y0018,2026-03-03 01:32:55.697900,188
Y_STR07337,Y_U0011,Y0042,2026-02-23 15:04:39.991410,292
Y_STR07338,Y_U0062,Y0012,2026-02-21 23:22:23.523983,272
Y_STR07339,Y_U0066,Y0027,2026-02-12 17:01:46.774072,70
Y_STR07340,Y_U0086,Y0049,2026-02-28 18:38:37.172244,6
Y_STR07341,Y_U0067,Y0030,2026-02-08 00:54:39.661736,49
Y_STR07342,Y_U0059,Y0012,2026-02-09 17:12:11.695750,250
Y_STR07343,Y_U0093,Y0023,2026-02-20 10:28:05.428882,48
Y_STR07344,Y_U0059,Y0013,2026-03-04 02:07:36.607325,127
Y_STR07345,Y_U0074,Y0034,2026-02-22 06:37:06.249588,183
Y_STR07346,Y_U0064,Y0020,2026-02-21 16:10:31.582304,123
Y_STR07347,Y_U0053,Y0040,2026-02-10 10:19:07.693741,274
Y_STR07348,Y_U0038,Y0048,2026-02-06 01:41:26.428508,15
Y_STR07349,Y_U0036,Y0031,2026-02-09 14:22:27.605636,135
Y_STR07350,Y_U0070,Y0038,2026-03-01 02:08:52.584335,18
Y_STR07351,Y_U0078,Y0035,2026-02-08 06:41:32.372177,344
Y_STR07352,Y_U0050,Y0040,2026-02-27 00:35:44.257799,317
Y_STR07353,Y_U0098,Y0025,2026-02-18 17:09:25.211921,34
Y_STR07354,Y_U0029,Y0050,2026-02-12 11:42:31.494427,149
Y_STR07355,Y_U0081,Y0039,2026-02-24 23:11:16.793765,273
Y_STR07356,Y_U0010,Y0023,2026-02-19 08:22:21.889453,91
Y_STR07357,Y_U0092,Y0026,2026-02-09 17:10:09.834495,8
Y_STR07358,Y_U0061,Y0030,2026-02-28 21:15:02.523380,35
Y_STR07359,Y_U0023,Y0046,2026-02-15 05:38:32.570063,96
Y_STR07360,Y_U0048,Y0049,2026-03-02 06:48:12.314385,27
Y_STR07361,Y_U0011,Y0049,2026-02-20 19:36:47.845269,233
Y_STR07362,Y_U0037,Y0046,2026-02-17 15:59:25.372967,11
Y_STR07363,Y_U0051,Y0011,2026-02-17 17:41:31.992496,11
Y_STR07364,Y_U0051,Y0039,2026-02-10 03:17:09.410964,202
Y_STR07365,Y_U0064,Y0034,2026-02-27 04:37:50.475251,128
Y_STR07366,Y_U0040,Y0040,2026-02-15 01:04:21.106299,149
Y_STR07367,Y_U0006,Y0044,2026-02-21 22:36:14.233768,64
Y_STR07368,Y_U0010,Y0045,2026-03-04 11:37:21.187238,189
Y_STR07369,Y_U0072,Y0021,2026-03-02 03:06:59.607388,62
Y_STR07370,Y_U0002,Y0020,2026-02-15 22:51:51.765943,159
Y_STR07371,Y_U0050,Y0003,2026-02-21 17:29:06.031428,162
Y_STR07372,Y_U0063,Y0036,2026-02-28 17:36:30.337335,241
Y_STR07373,Y_U0017,Y0043,2026-02-22 12:00:16.881936,38
Y_STR07374,Y_U0076,Y0037,2026-02-09 06:36:18.597692,136
Y_STR07375,Y_U0097,Y0042,2026-02-06 01:01:54.667366,197
Y_STR07376,Y_U0070,Y0016,2026-02-16 13:08:12.601098,40
Y_STR07377,Y_U0098,Y0019,2026-02-17 00:56:18.009864,124
Y_STR07378,Y_U0084,Y0020,2026-02-19 01:14:57.196027,330
Y_STR07379,Y_U0099,Y0043,2026-02-06 10:58:51.936516,126
Y_STR07380,Y_U0072,Y0032,2026-02-12 12:48:33.145853,75
Y_STR07381,Y_U0041,Y0045,2026-02-11 06:03:45.890849,82
Y_STR07382,Y_U0021,Y0047,2026-02-27 01:35:31.634596,107
Y_STR07383,Y_U0067,Y0038,2026-02-06 16:27:53.796846,20
Y_STR07384,Y_U0027,Y0041,2026-02-14 23:41:34.557767,8
Y_STR07385,Y_U0070,Y0037,2026-02-09 14:29:51.950812,94
Y_STR07386,Y_U0092,Y0033,2026-02-13 03:01:57.713836,124
Y_STR07387,Y_U0079,Y0050,2026-02-17 10:57:46.584621,225
Y_STR07388,Y_U0013,Y0027,2026-02-07 08:25:14.886205,68
Y_STR07389,Y_U0077,Y0029,2026-02-24 19:08:01.974202,18
Y_STR07390,Y_U0073,Y0025,2026-02-25 02:44:59.826238,120
Y_STR07391,Y_U0040,Y0016,2026-02-11 02:58:20.847998,78
Y_STR07392,Y_U0096,Y0017,2026-02-08 02:29:45.851459,31
Y_STR07393,Y_U0040,Y0024,2026-02-06 19:20:29.155515,200
Y_STR07394,Y_U0084,Y0045,2026-02-06 01:06:29.991819,68
Y_STR07395,Y_U0055,Y0039,2026-02-08 07:26:01.779037,97
Y_STR07396,Y_U0094,Y0008,2026-02-12 10:41:11.363386,108
Y_STR07397,Y_U0058,Y0022,2026-03-03 00:50:34.267344,159
Y_STR07398,Y_U0071,Y0040,2026-02-24 10:03:32.363523,271
Y_STR07399,Y_U0011,Y0016,2026-02-10 22:28:06.890462,100
Y_STR07400,Y_U0017,Y0049,2026-02-14 08:04:36.448725,125
Y_STR07401,Y_U0021,Y0022,2026-02-23 10:04:27.060393,153
Y_STR07402,Y_U0039,Y0035,2026-02-07 18:46:22.428828,106
Y_STR07403,Y_U0050,Y0013,2026-02-23 15:08:32.069894,78
Y_STR07404,Y_U0093,Y0044,2026-03-01 20:10:46.886557,210
Y_STR07405,Y_U0052,Y0049,2026-02-26 15:07:10.709360,118
Y_STR07406,Y_U0044,Y0028,2026-02-17 00:59:27.733491,193
Y_STR07407,Y_U0019,Y0044,2026-02-10 10:32:20.769243,22
Y_STR07408,Y_U0017,Y0044,2026-02-09 13:56:41.285127,74
Y_STR07409,Y_U0040,Y0050,2026-02-08 04:34:06.411619,248
Y_STR07410,Y_U0067,Y0011,2026-02-06 13:22:05.660883,219
Y_STR07411,Y_U0030,Y0034,2026-02-21 20:07:10.811574,75
Y_STR07412,Y_U0028,Y0006,2026-03-05 03:00:05.893824,184
Y_STR07413,Y_U0036,Y0040,2026-02-27 11:11:08.634221,265
Y_STR07414,Y_U0074,Y0016,2026-02-19 17:39:32.428537,32
Y_STR07415,Y_U0029,Y0050,2026-02-10 03:42:50.748613,181
Y_STR07416,Y_U0042,Y0046,2026-02-23 18:22:51.985274,108
Y_STR07417,Y_U0062,Y0043,2026-02-23 03:12:48.964432,53
Y_STR07418,Y_U0018,Y0037,2026-02-12 21:53:06.800791,85
Y_STR07419,Y_U0097,Y0025,2026-02-11 12:38:43.865421,97
Y_STR07420,Y_U0088,Y0042,2026-02-13 12:31:02.220559,225
Y_STR07421,Y_U0044,Y0032,2026-02-26 11:48:10.547966,234
Y_STR07422,Y_U0033,Y0034,2026-02-14 17:34:31.851524,47
Y_STR07423,Y_U0081,Y0031,2026-02-10 01:06:48.402149,28
Y_STR07424,Y_U0018,Y0031,2026-02-16 03:51:45.340415,133
Y_STR07425,Y_U0096,Y0048,2026-02-20 09:58:59.987849,113
Y_STR07426,Y_U0003,Y0050,2026-02-12 16:07:09.128633,270
Y_STR07427,Y_U0027,Y0033,2026-03-03 21:10:03.061280,249
Y_STR07428,Y_U0041,Y0023,2026-02-19 23:22:41.638491,75
Y_STR07429,Y_U0070,Y0037,2026-03-05 17:06:37.923510,224
Y_STR07430,Y_U0055,Y0014,2026-02-10 13:20:13.423161,138
Y_STR07431,Y_U0034,Y0044,2026-02-04 16:55:23.065926,111
Y_STR07432,Y_U0081,Y0023,2026-02-06 17:02:04.400014,34
Y_STR07433,Y_U0029,Y0049,2026-02-06 20:44:36.580366,198
Y_STR07434,Y_U0014,Y0016,2026-02-24 14:27:20.275501,82
Y_STR07435,Y_U0048,Y0034,2026-02-11 04:52:20.732589,136
Y_STR07436,Y_U0082,Y0049,2026-03-05 10:01:53.289605,193
Y_STR07437,Y_U0080,Y0043,2026-02-10 12:21:57.417541,66
Y_STR07438,Y_U0051,Y0047,2026-02-23 19:39:51.274427,80
Y_STR07439,Y_U0032,Y0007,2026-02-14 08:34:42.914740,174
Y_STR07440,Y_U0017,Y0049,2026-03-03 16:27:30.095889,99
Y_STR07441,Y_U0064,Y0045,2026-02-21 17:26:44.412073,59
Y_STR07442,Y_U0019,Y0029,2026-02-27 21:34:21.489176,10
Y_STR07443,Y_U0026,Y0045,2026-03-01 15:08:36.439207,80
Y_STR07444,Y_U0008,Y0014,2026-02-21 04:41:47.023662,135
Y_STR07445,Y_U0033,Y0039,2026-02-19 19:23:28.662252,162
Y_STR07446,Y_U0090,Y0023,2026-03-01 14:21:52.668150,83
Y_STR07447,Y_U0049,Y0015,2026-02-19 19:02:48.878033,146
Y_STR07448,Y_U0033,Y0044,2026-03-05 00:20:23.198523,235
Y_STR07449,Y_U0030,Y0042,2026-02-12 20:30:55.906906,71
Y_STR07450,Y_U0078,Y0021,2026-02-21 06:44:59.938724,87
Y_STR07451,Y_U0020,Y0032,2026-02-10 23:49:29.915704,17
Y_STR07452,Y_U0011,Y0040,2026-02-21 13:03:48.324298,193
Y_STR07453,Y_U0027,Y0030,2026-02-10 21:16:35.572531,131
Y_STR07454,Y_U0030,Y0050,2026-02-26 20:20:47.839400,335
Y_STR07455,Y_U0098,Y0038,2026-02-25 17:20:17.458940,7
Y_STR07456,Y_U0048,Y0039,2026-02-13 17:11:52.575616,69
Y_STR07457,Y_U0015,Y0028,2026-02-26 09:30:15.221526,179
Y_STR07458,Y_U0017,Y0048,2026-02-24 12:14:37.276135,69
Y_STR07459,Y_U0023,Y0050,2026-03-06 09:14:16.749755,159
Y_STR07460,Y_U0011,Y0034,2026-02-11 06:17:30.372341,75
Y_STR07461,Y_U0071,Y0044,2026-02-21 21:38:26.734555,37
Y_STR07462,Y_U0071,Y0013,2026-02-09 03:15:50.550096,155
Y_STR07463,Y_U0011,Y0029,2026-02-07 23:03:14.545791,119
Y_STR07464,Y_U0075,Y0041,2026-03-06 08:54:18.458600,137
Y_STR07465,Y_U0038,Y0046,2026-02-17 19:25:49.412851,110
Y_STR07466,Y_U0063,Y0022,2026-02-15 19:49:57.938456,44
Y_STR07467,Y_U0016,Y0037,2026-03-04 23:55:48.279404,110
Y_STR07468,Y_U0079,Y0030,2026-02-15 12:27:02.963053,31
Y_STR07469,Y_U0039,Y0046,2026-03-02 00:26:14.287867,241
Y_STR07470,Y_U0095,Y0036,2026-02-13 03:27:58.790921,47
Y_STR07471,Y_U0062,Y0034,2026-02-23 17:06:09.043810,102
Y_STR07472,Y_U0063,Y0013,2026-02-28 12:16:57.147134,158
Y_STR07473,Y_U0053,Y0048,2026-02-28 10:14:01.079919,55
Y_STR07474,Y_U0073,Y0026,2026-02-09 05:27:51.491987,12
Y_STR07475,Y_U0002,Y0049,2026-02-04 23:36:12.023004,179
Y_STR07476,Y_U0011,Y0039,2026-02-09 21:53:18.422243,233
Y_STR07477,Y_U0074,Y0034,2026-02-16 06:16:30.606914,145
Y_STR07478,Y_U0099,Y0037,2026-03-04 14:54:36.932383,218
Y_STR07479,Y_U0050,Y0043,2026-02-25 07:20:43.004449,105
Y_STR07480,Y_U0099,Y0039,2026-02-18 14:04:57.138648,225
Y_STR07481,Y_U0046,Y0027,2026-02-09 20:19:42.472250,141
Y_STR07482,Y_U0055,Y0046,2026-02-21 01:37:36.730541,84
Y_STR07483,Y_U0036,Y0041,2026-03-02 07:20:41.045454,92
Y_STR07484,Y_U0037,Y0037,2026-02-08 09:41:41.917699,165
Y_STR07485,Y_U0091,Y0038,2026-02-16 06:49:33.891558,132
Y_STR07486,Y_U0054,Y0049,2026-02-20 10:12:03.492907,245
Y_STR07487,Y_U0073,Y0030,2026-02-16 05:42:28.573358,18
Y_STR07488,Y_U0007,Y0048,2026-02-16 01:43:10.461122,129
Y_STR07489,Y_U0044,Y0037,2026-02-10 07:21:57.737795,191
Y_STR07490,Y_U0029,Y0046,2026-02-20 18:05:23.159358,43
Y_STR07491,Y_U0012,Y0048,2026-02-11 16:18:37.409849,156
Y_STR07492,Y_U0035,Y0042,2026-02-27 06:32:46.458526,284
Y_STR07493,Y_U0099,Y0009,2026-02-14 14:59:28.050215,67
Y_STR07494,Y_U0067,Y0046,2026-02-05 09:05:42.844567,58
Y_STR07495,Y_U0100,Y0040,2026-03-03 00:02:06.165964,282
Y_STR07496,Y_U0070,Y0024,2026-02-11 05:39:59.831719,284
Y_STR07497,Y_U0095,Y0025,2026-02-14 19:01:42.716920,93
Y_STR07498,Y_U0100,Y0029,2026-02-09 07:20:39.042250,23
Y_STR07499,Y_U0020,Y0008,2026-02-18 15:01:23.611573,209
Y_STR07500,Y_U0025,Y0035,2026-03-02 10:57:34.251097,120
Y_STR07501,Y_U0014,Y0049,2026-02-15 02:00:57.778739,62
Y_STR07502,Y_U0091,Y0031,2026-02-22 13:33:52.811550,63
Y_STR07503,Y_U0055,Y0020,2026-03-04 14:07:21.501998,304
Y_STR07504,Y_U0024,Y0034,2026-03-03 10:48:52.883664,45
Y_STR07505,Y_U0083,Y0031,2026-02-12 18:14:25.760082,82
Y_STR07506,Y_U0056,Y0020,2026-02-08 13:40:54.014946,225
Y_STR07507,Y_U0052,Y0032,2026-02-22 11:51:36.418838,27
Y_STR07508,Y_U0042,Y0006,2026-02-22 00:27:33.790955,281
Y_STR07509,Y_U0019,Y0032,2026-02-14 19:52:08.833757,226
Y_STR07510,Y_U0033,Y0041,2026-02-18 04:30:50.156729,15
Y_STR07511,Y_U0003,Y0036,2026-02-16 17:10:25.630063,169
Y_STR07512,Y_U0034,Y0033,2026-02-17 10:03:22.702789,265
Y_STR07513,Y_U0099,Y0048,2026-02-18 14:26:20.330131,144
Y_STR07514,Y_U0064,Y0030,2026-02-24 21:31:35.304574,33
Y_STR07515,Y_U0079,Y0041,2026-02-26 10:33:05.751904,117
Y_STR07516,Y_U0013,Y0040,2026-02-19 18:12:00.984326,187
Y_STR07517,Y_U0084,Y0011,2026-02-26 14:25:12.273137,199
Y_STR07518,Y_U0089,Y0045,2026-03-05 13:21:07.486926,84
Y_STR07519,Y_U0062,Y0033,2026-02-25 02:11:53.900674,103
Y_STR07520,Y_U0022,Y0013,2026-02-21 22:34:34.205909,119
Y_STR07521,Y_U0045,Y0011,2026-02-05 20:00:39.542011,52
Y_STR07522,Y_U0030,Y0045,2026-02-19 19:30:08.754591,179
Y_STR07523,Y_U0095,Y0028,2026-02-27 06:48:56.689570,211
Y_STR07524,Y_U0051,Y0038,2026-02-26 20:00:16.308114,158
Y_STR07525,Y_U0009,Y0041,2026-02-27 08:43:27.263505,56
Y_STR07526,Y_U0042,Y0019,2026-02-25 01:53:10.538200,199
Y_STR07527,Y_U0023,Y0049,2026-02-09 01:50:12.114664,13
Y_STR07528,Y_U0039,Y0017,2026-02-18 12:22:06.795674,183
Y_STR07529,Y_U0065,Y0043,2026-02-26 19:40:54.799491,192
Y_STR07530,Y_U0022,Y0048,2026-02-07 21:59:44.057523,57
Y_STR07531,Y_U0063,Y0043,2026-02-27 14:31:11.488001,160
Y_STR07532,Y_U0014,Y0045,2026-02-07 11:54:20.793470,198
Y_STR07533,Y_U0016,Y0031,2026-02-27 10:23:41.661023,149
Y_STR07534,Y_U0040,Y0042,2026-02-26 17:46:30.361778,51
Y_STR07535,Y_U0070,Y0046,2026-02-17 10:07:29.505681,11
Y_STR07536,Y_U0032,Y0023,2026-02-28 05:57:20.504327,81
Y_STR07537,Y_U0080,Y0045,2026-02-06 11:26:55.697891,196
Y_STR07538,Y_U0098,Y0008,2026-02-25 23:31:45.227201,72
Y_STR07539,Y_U0036,Y0025,2026-02-05 13:24:11.824051,101
Y_STR07540,Y_U0020,Y0047,2026-02-26 09:23:56.248577,19
Y_STR07541,Y_U0051,Y0010,2026-02-11 22:56:04.906415,173
Y_STR07542,Y_U0013,Y0050,2026-02-16 22:59:46.760113,49
Y_STR07543,Y_U0039,Y0028,2026-02-12 13:53:29.112745,147
Y_STR07544,Y_U0099,Y0016,2026-02-26 19:13:48.655402,53
Y_STR07545,Y_U0094,Y0044,2026-02-25 04:57:13.497892,199
Y_STR07546,Y_U0033,Y0024,2026-03-01 04:13:53.262573,248
Y_STR07547,Y_U0005,Y0023,2026-02-11 23:12:48.129011,58
Y_STR07548,Y_U0029,Y0045,2026-02-23 04:30:52.455679,84
Y_STR07549,Y_U0100,Y0050,2026-03-04 20:25:49.694010,114
Y_STR07550,Y_U0040,Y0024,2026-02-12 04:19:02.392473,60
Y_STR07551,Y_U0066,Y0040,2026-02-22 19:06:12.781702,314
Y_STR07552,Y_U0018,Y0040,2026-02-08 08:22:46.705530,263
Y_STR07553,Y_U0100,Y0025,2026-02-27 16:44:10.466674,139
Y_STR07554,Y_U0099,Y0042,2026-02-04 23:43:08.224933,225
Y_STR07555,Y_U0090,Y0037,2026-02-17 06:32:02.134090,216
Y_STR07556,Y_U0001,Y0019,2026-03-05 01:49:55.204916,34
Y_STR07557,Y_U0100,Y0039,2026-02-07 14:02:06.938532,45
Y_STR07558,Y_U0089,Y0043,2026-02-22 20:43:41.917646,34
Y_STR07559,Y_U0009,Y0048,2026-02-08 11:12:02.680363,27
Y_STR07560,Y_U0091,Y0029,2026-02-24 10:36:35.731715,74
Y_STR07561,Y_U0087,Y0024,2026-02-15 00:25:19.684631,179
Y_STR07562,Y_U0023,Y0024,2026-02-26 07:49:37.785882,195
Y_STR07563,Y_U0099,Y0037,2026-02-07 01:38:49.692896,24
Y_STR07564,Y_U0064,Y0032,2026-02-26 19:41:42.546453,233
Y_STR07565,Y_U0016,Y0049,2026-02-17 02:10:20.535561,75
Y_STR07566,Y_U0036,Y0031,2026-02-27 05:45:24.120000,54
Y_STR07567,Y_U0092,Y0030,2026-02-08 21:27:04.376033,21
Y_STR07568,Y_U0048,Y0040,2026-02-23 01:34:12.685891,201
Y_STR07569,Y_U0039,Y0025,2026-02-05 09:33:13.888075,102
Y_STR07570,Y_U0049,Y0029,2026-02-28 12:22:24.234776,25
Y_STR07571,Y_U0040,Y0017,2026-02-05 14:21:47.559482,56
Y_STR07572,Y_U0083,Y0015,2026-02-15 02:04:51.025445,238
Y_STR07573,Y_U0083,Y0046,2026-02-11 00:55:04.278655,171
Y_STR07574,Y_U0001,Y0014,2026-02-26 19:40:41.010602,272
Y_STR07575,Y_U0085,Y0032,2026-03-06 06:41:16.207187,49
Y_STR07576,Y_U0085,Y0024,2026-02-05 04:00:57.563362,214
Y_STR07577,Y_U0064,Y0021,2026-02-15 05:08:59.825169,99
Y_STR07578,Y_U0039,Y0018,2026-03-05 08:51:40.831045,91
Y_STR07579,Y_U0027,Y0036,2026-02-05 05:26:01.275221,92
Y_STR07580,Y_U0002,Y0032,2026-02-16 02:23:19.843149,21
Y_STR07581,Y_U0021,Y0043,2026-02-14 14:53:00.279584,40
Y_STR07582,Y_U0025,Y0045,2026-03-01 23:20:42.167461,66
Y_STR07583,Y_U0090,Y0042,2026-02-24 01:44:18.547194,175
Y_STR07584,Y_U0006,Y0025,2026-02-05 20:17:57.869164,132
Y_STR07585,Y_U0095,Y0031,2026-02-06 21:20:24.147998,129
Y_STR07586,Y_U0045,Y0026,2026-02-06 06:40:30.362519,79
Y_STR07587,Y_U0046,Y0020,2026-02-27 05:31:34.630726,98
Y_STR07588,Y_U0078,Y0017,2026-02-27 20:19:26.381458,151
Y_STR07589,Y_U0003,Y0038,2026-02-26 11:41:28.156862,66
Y_STR07590,Y_U0080,Y0049,2026-02-13 18:10:20.972499,154
Y_STR07591,Y_U0085,Y0042,2026-02-13 06:45:31.479692,130
Y_STR07592,Y_U0036,Y0047,2026-02-04 22:22:13.226565,232
Y_STR07593,Y_U0086,Y0030,2026-02-08 15:50:17.186290,124
Y_STR07594,Y_U0080,Y0047,2026-03-04 04:30:20.113556,91
Y_STR07595,Y_U0059,Y0015,2026-02-27 05:24:42.433901,101
Y_STR07596,Y_U0005,Y0033,2026-02-16 12:10:47.966528,54
Y_STR07597,Y_U0040,Y0041,2026-02-08 20:15:19.882304,23
Y_STR07598,Y_U0066,Y0032,2026-02-27 06:58:59.221037,12
Y_STR07599,Y_U0022,Y0041,2026-02-18 04:57:49.198281,33
Y_STR07600,Y_U0012,Y0038,2026-02-22 04:38:02.399953,47
Y_STR07601,Y_U0062,Y0023,2026-03-05 06:31:49.420322,82
Y_STR07602,Y_U0014,Y0008,2026-02-26 10:30:29.604204,32
Y_STR07603,Y_U0019,Y0050,2026-02-14 12:49:20.496294,211
Y_STR07604,Y_U0064,Y0005,2026-02-23 14:36:03.197537,104
Y_STR07605,Y_U0071,Y0032,2026-02-27 12:37:32.520741,171
Y_STR07606,Y_U0054,Y0026,2026-02-11 14:10:08.881957,79
Y_STR07607,Y_U0065,Y0002,2026-02-11 16:45:41.355903,209
Y_STR07608,Y_U0005,Y0032,2026-02-07 12:41:11.337263,59
Y_STR07609,Y_U0019,Y0050,2026-03-02 22:16:02.036433,278
Y_STR07610,Y_U0026,Y0018,2026-02-28 16:53:54.870490,108
Y_STR07611,Y_U0094,Y0031,2026-03-04 04:34:39.120948,152
Y_STR07612,Y_U0040,Y0008,2026-02-26 02:49:09.680684,208
Y_STR07613,Y_U0095,Y0020,2026-02-22 12:25:34.013410,98
Y_STR07614,Y_U0043,Y0043,2026-02-17 06:39:58.810160,68
Y_STR07615,Y_U0051,Y0047,2026-02-08 10:02:58.378984,153
Y_STR07616,Y_U0026,Y0033,2026-02-06 02:29:26.404524,21
Y_STR07617,Y_U0082,Y0032,2026-03-04 09:01:35.485804,220
Y_STR07618,Y_U0058,Y0049,2026-02-28 13:23:51.816749,204
Y_STR07619,Y_U0044,Y0022,2026-02-12 02:56:12.496751,41
Y_STR07620,Y_U0067,Y0036,2026-02-28 19:47:36.211938,153
Y_STR07621,Y_U0046,Y0043,2026-02-23 02:41:06.685277,139
Y_STR07622,Y_U0022,Y0048,2026-02-28 22:14:02.718560,21
Y_STR07623,Y_U0047,Y0038,2026-03-02 03:09:15.049755,108
Y_STR07624,Y_U0072,Y0013,2026-02-22 14:59:14.320055,133
Y_STR07625,Y_U0002,Y0031,2026-02-26 05:20:49.411944,24
Y_STR07626,Y_U0039,Y0024,2026-03-05 16:44:32.351123,238
Y_STR07627,Y_U0003,Y0029,2026-02-23 04:22:38.379755,44
Y_STR07628,Y_U0022,Y0050,2026-03-03 06:02:03.084468,8
Y_STR07629,Y_U0040,Y0016,2026-02-15 06:34:11.999080,107
Y_STR07630,Y_U0093,Y0050,2026-02-22 18:01:42.865526,57
Y_STR07631,Y_U0053,Y0039,2026-02-09 22:19:23.769087,297
Y_STR07632,Y_U0099,Y0040,2026-02-13 00:53:24.889992,129
Y_STR07633,Y_U0028,Y0014,2026-02-08 23:28:21.543858,162
Y_STR07634,Y_U0090,Y0026,2026-02-25 07:04:21.896318,15
Y_STR07635,Y_U0026,Y0037,2026-02-10 02:09:04.799485,65
Y_STR07636,Y_U0072,Y0023,2026-02-27 13:43:13.211292,51
Y_STR07637,Y_U0069,Y0048,2026-02-05 05:58:10.762429,71
Y_STR07638,Y_U0093,Y0050,2026-02-14 14:26:43.417795,207
Y_STR07639,Y_U0099,Y0015,2026-02-09 03:31:03.185533,239
Y_STR07640,Y_U0075,Y0045,2026-02-05 11:26:33.965362,117
Y_STR07641,Y_U0034,Y0041,2026-02-25 22:47:07.372019,170
Y_STR07642,Y_U0005,Y0036,2026-02-26 00:05:00.314791,27
Y_STR07643,Y_U0052,Y0049,2026-02-22 20:09:28.877156,223
Y_STR07644,Y_U0026,Y0043,2026-02-16 18:36:30.698562,60
Y_STR07645,Y_U0036,Y0036,2026-02-27 11:49:41.969854,110
Y_STR07646,Y_U0055,Y0047,2026-02-20 08:18:32.309767,148
Y_STR07647,Y_U0033,Y0045,2026-02-08 10:11:05.650765,165
Y_STR07648,Y_U0026,Y0022,2026-02-20 14:46:23.903161,88
Y_STR07649,Y_U0069,Y0047,2026-02-05 07:28:20.458128,202
Y_STR07650,Y_U0034,Y0024,2026-02-10 16:40:54.849705,211
Y_STR07651,Y_U0013,Y0021,2026-02-05 10:18:15.014293,32
Y_STR07652,Y_U0016,Y0026,2026-02-17 21:21:51.928015,44
Y_STR07653,Y_U0096,Y0037,2026-02-11 16:48:36.837935,294
Y_STR07654,Y_U0079,Y0044,2026-03-03 15:37:03.998188,169
Y_STR07655,Y_U0008,Y0011,2026-02-10 00:22:35.651434,173
Y_STR07656,Y_U0054,Y0018,2026-02-22 10:50:49.522867,152
Y_STR07657,Y_U0051,Y0037,2026-02-25 04:35:22.756888,339
Y_STR07658,Y_U0084,Y0036,2026-02-17 19:20:53.987530,28
Y_STR07659,Y_U0078,Y0044,2026-02-22 02:59:22.774793,126
Y_STR07660,Y_U0001,Y0042,2026-02-07 11:18:20.980255,51
Y_STR07661,Y_U0033,Y0050,2026-02-25 23:51:23.295691,135
Y_STR07662,Y_U0030,Y0009,2026-02-21 13:08:56.200463,74
Y_STR07663,Y_U0013,Y0044,2026-03-01 15:49:17.507902,282
Y_STR07664,Y_U0092,Y0046,2026-03-04 23:01:29.190209,11
Y_STR07665,Y_U0087,Y0045,2026-02-20 17:33:59.251807,174
Y_STR07666,Y_U0067,Y0035,2026-02-13 10:10:00.334754,235
Y_STR07667,Y_U0050,Y0039,2026-02-22 11:49:32.131367,187
Y_STR07668,Y_U0081,Y0007,2026-02-18 23:19:09.854828,46
Y_STR07669,Y_U0018,Y0048,2026-02-12 16:34:37.001603,43
Y_STR07670,Y_U0086,Y0039,2026-02-18 00:04:52.845196,303
Y_STR07671,Y_U0031,Y0025,2026-02-25 02:23:34.450535,16
Y_STR07672,Y_U0010,Y0048,2026-02-19 21:32:33.262728,180
Y_STR07673,Y_U0032,Y0020,2026-03-01 01:29:17.586642,82
Y_STR07674,Y_U0046,Y0031,2026-02-13 10:26:15.118661,27
Y_STR07675,Y_U0086,Y0029,2026-02-12 09:47:08.516723,47
Y_STR07676,Y_U0047,Y0019,2026-02-06 15:41:07.849726,31
Y_STR07677,Y_U0095,Y0037,2026-02-06 17:27:46.070640,175
Y_STR07678,Y_U0034,Y0050,2026-02-23 13:07:20.241421,330
Y_STR07679,Y_U0048,Y0014,2026-03-01 04:18:32.058605,219
Y_STR07680,Y_U0081,Y0029,2026-02-28 13:21:39.925580,13
Y_STR07681,Y_U0025,Y0029,2026-02-07 16:39:46.197672,7
Y_STR07682,Y_U0011,Y0021,2026-02-06 11:26:25.857571,45
Y_STR07683,Y_U0036,Y0042,2026-02-17 09:55:33.356035,211
Y_STR07684,Y_U0078,Y0024,2026-02-25 11:33:50.912405,126
Y_STR07685,Y_U0061,Y0046,2026-02-07 16:47:33.408295,157
Y_STR07686,Y_U0015,Y0040,2026-02-27 06:50:36.002202,164
Y_STR07687,Y_U0092,Y0041,2026-02-13 04:01:05.209472,90
Y_STR07688,Y_U0018,Y0032,2026-02-10 15:11:12.062843,177
Y_STR07689,Y_U0099,Y0050,2026-02-10 14:43:50.603026,126
Y_STR07690,Y_U0046,Y0025,2026-02-08 10:05:47.795702,88
Y_STR07691,Y_U0011,Y0045,2026-02-17 09:36:36.746706,142
Y_STR07692,Y_U0010,Y0011,2026-02-15 19:45:14.876839,158
Y_STR07693,Y_U0060,Y0039,2026-02-16 23:55:30.866996,77
Y_STR07694,Y_U0004,Y0030,2026-02-05 21:28:27.344668,47
Y_STR07695,Y_U0095,Y0048,2026-03-06 06:37:54.254747,29
Y_STR07696,Y_U0088,Y0009,2026-02-06 20:14:16.066086,24
Y_STR07697,Y_U0044,Y0012,2026-02-20 07:25:00.547699,255
Y_STR07698,Y_U0038,Y0048,2026-02-14 06:35:29.378676,152
Y_STR07699,Y_U0090,Y0008,2026-02-10 19:04:50.486060,127
Y_STR07700,Y_U0019,Y0017,2026-02-10 14:26:54.735732,182
Y_STR07701,Y_U0100,Y0039,2026-02-20 22:11:28.443642,135
Y_STR07702,Y_U0074,Y0045,2026-03-01 14:45:46.782957,183
Y_STR07703,Y_U0022,Y0040,2026-02-26 03:26:19.837271,53
Y_STR07704,Y_U0035,Y0013,2026-02-12 18:19:06.682534,133
Y_STR07705,Y_U0061,Y0007,2026-02-09 03:10:01.632956,204
Y_STR07706,Y_U0063,Y0038,2026-02-20 10:38:31.162386,117
Y_STR07707,Y_U0091,Y0047,2026-02-27 23:16:46.850994,227
Y_STR07708,Y_U0055,Y0026,2026-02-25 18:09:53.291271,77
Y_STR07709,Y_U0075,Y0022,2026-02-10 03:02:21.348237,28
Y_STR07710,Y_U0011,Y0017,2026-02-10 05:22:52.270618,220
Y_STR07711,Y_U0005,Y0009,2026-02-22 19:13:06.253888,64
Y_STR07712,Y_U0047,Y0038,2026-02-18 01:47:19.242777,48
Y_STR07713,Y_U0095,Y0042,2026-02-28 07:34:29.364728,116
Y_STR07714,Y_U0027,Y0050,2026-02-23 19:19:16.538565,263
Y_STR07715,Y_U0021,Y0020,2026-02-26 18:31:18.599336,141
Y_STR07716,Y_U0075,Y0025,2026-02-09 07:40:21.296824,119
Y_STR07717,Y_U0007,Y0049,2026-02-14 02:19:24.018521,86
Y_STR07718,Y_U0062,Y0032,2026-02-24 23:50:47.368821,65
Y_STR07719,Y_U0087,Y0043,2026-02-10 01:03:12.709414,108
Y_STR07720,Y_U0068,Y0038,2026-03-05 06:34:07.126632,180
Y_STR07721,Y_U0022,Y0021,2026-02-20 04:23:26.196551,106
Y_STR07722,Y_U0068,Y0021,2026-02-07 10:34:36.313844,198
Y_STR07723,Y_U0057,Y0047,2026-02-10 11:45:48.705314,33
Y_STR07724,Y_U0081,Y0005,2026-02-06 15:15:06.123836,163
Y_STR07725,Y_U0003,Y0048,2026-02-14 01:58:22.873463,110
Y_STR07726,Y_U0099,Y0049,2026-03-05 01:11:46.371488,145
Y_STR07727,Y_U0075,Y0048,2026-02-12 00:30:10.339346,11
Y_STR07728,Y_U0006,Y0031,2026-03-02 01:26:52.525842,75
Y_STR07729,Y_U0015,Y0050,2026-02-16 01:24:10.083174,157
Y_STR07730,Y_U0096,Y0035,2026-02-05 11:53:50.382167,281
Y_STR07731,Y_U0061,Y0043,2026-02-07 17:56:17.333405,50
Y_STR07732,Y_U0054,Y0034,2026-03-01 13:19:22.462020,146
Y_STR07733,Y_U0090,Y0044,2026-02-07 00:33:45.449924,185
Y_STR07734,Y_U0036,Y0044,2026-02-13 21:37:44.877575,55
Y_STR07735,Y_U0008,Y0040,2026-02-13 23:06:44.526597,285
Y_STR07736,Y_U0066,Y0031,2026-02-23 07:57:37.529542,40
Y_STR07737,Y_U0011,Y0037,2026-02-10 00:23:24.832613,78
Y_STR07738,Y_U0063,Y0026,2026-02-25 14:26:05.578018,15
Y_STR07739,Y_U0030,Y0025,2026-02-12 23:36:06.288681,45
Y_STR07740,Y_U0040,Y0012,2026-02-24 09:53:34.348286,251
Y_STR07741,Y_U0077,Y0043,2026-02-19 00:32:11.185474,104
Y_STR07742,Y_U0009,Y0041,2026-02-17 03:10:47.849054,49
Y_STR07743,Y_U0070,Y0046,2026-02-22 07:15:16.449560,182
Y_STR07744,Y_U0004,Y0035,2026-02-22 04:40:14.653052,27
Y_STR07745,Y_U0069,Y0032,2026-02-14 21:14:02.853530,58
Y_STR07746,Y_U0051,Y0037,2026-03-01 02:05:58.436589,272
Y_STR07747,Y_U0053,Y0025,2026-02-25 02:06:34.840868,60
Y_STR07748,Y_U0039,Y0042,2026-03-03 16:31:19.747522,236
Y_STR07749,Y_U0085,Y0034,2026-02-25 05:47:04.467488,8
Y_STR07750,Y_U0080,Y0010,2026-02-12 10:36:42.718892,140
Y_STR07751,Y_U0068,Y0037,2026-02-28 10:22:05.051489,171
Y_STR07752,Y_U0096,Y0029,2026-02-28 12:53:16.300369,102
Y_STR07753,Y_U0035,Y0048,2026-02-12 04:03:29.857033,231
Y_STR07754,Y_U0094,Y0033,2026-02-17 15:23:30.415553,103
Y_STR07755,Y_U0100,Y0028,2026-02-05 00:25:48.527649,31
Y_STR07756,Y_U0077,Y0030,2026-02-24 11:13:25.590235,57
Y_STR07757,Y_U0092,Y0030,2026-02-19 09:01:21.075170,46
Y_STR07758,Y_U0083,Y0049,2026-02-24 17:45:18.423359,177
Y_STR07759,Y_U0028,Y0040,2026-02-08 11:24:31.661443,49
Y_STR07760,Y_U0062,Y0047,2026-03-02 14:10:50.461411,196
Y_STR07761,Y_U0046,Y0044,2026-02-22 03:48:21.794960,261
Y_STR07762,Y_U0006,Y0049,2026-03-01 12:17:01.333766,140
Y_STR07763,Y_U0018,Y0034,2026-02-10 07:21:31.815162,113
Y_STR07764,Y_U0040,Y0018,2026-02-05 00:20:54.182757,179
Y_STR07765,Y_U0034,Y0042,2026-02-04 13:46:33.136224,312
Y_STR07766,Y_U0057,Y0027,2026-02-25 15:45:49.525344,81
Y_STR07767,Y_U0068,Y0029,2026-02-24 10:11:14.493821,160
Y_STR07768,Y_U0003,Y0022,2026-02-04 18:53:27.080521,161
Y_STR07769,Y_U0094,Y0025,2026-02-23 19:05:05.802459,34
Y_STR07770,Y_U0029,Y0010,2026-02-19 10:10:58.397656,26
Y_STR07771,Y_U0056,Y0030,2026-02-06 00:41:14.145602,33
Y_STR07772,Y_U0046,Y0026,2026-03-04 16:13:32.648248,80
Y_STR07773,Y_U0022,Y0035,2026-02-20 12:19:45.432080,306
Y_STR07774,Y_U0036,Y0044,2026-02-11 00:39:09.361536,287
Y_STR07775,Y_U0078,Y0040,2026-03-05 13:24:38.942994,259
Y_STR07776,Y_U0096,Y0012,2026-02-19 01:07:24.437563,288
Y_STR07777,Y_U0056,Y0040,2026-02-23 19:58:46.683140,41
Y_STR07778,Y_U0060,Y0022,2026-02-10 23:23:54.653994,56
Y_STR07779,Y_U0073,Y0032,2026-02-19 11:59:41.728178,193
Y_STR07780,Y_U0021,Y0046,2026-02-09 15:40:07.601589,14
Y_STR07781,Y_U0094,Y0043,2026-03-02 01:11:19.188515,90
Y_STR07782,Y_U0005,Y0035,2026-02-13 20:49:27.139420,98
Y_STR07783,Y_U0012,Y0027,2026-03-05 07:52:03.069103,124
Y_STR07784,Y_U0069,Y0013,2026-03-03 08:46:28.223237,118
Y_STR07785,Y_U0014,Y0044,2026-02-19 23:39:44.691956,125
Y_STR07786,Y_U0089,Y0050,2026-03-02 13:42:19.371548,303
Y_STR07787,Y_U0079,Y0018,2026-03-02 07:50:34.887497,192
Y_STR07788,Y_U0025,Y0032,2026-02-15 06:41:18.264389,110
Y_STR07789,Y_U0066,Y0037,2026-03-02 12:10:17.368294,76
Y_STR07790,Y_U0032,Y0050,2026-03-04 14:16:29.324437,249
Y_STR07791,Y_U0018,Y0046,2026-02-24 02:13:09.759556,90
Y_STR07792,Y_U0001,Y0047,2026-02-07 20:50:57.322657,233
Y_STR07793,Y_U0082,Y0036,2026-02-17 03:42:21.078450,60
Y_STR07794,Y_U0077,Y0048,2026-02-27 02:41:29.676795,90
Y_STR07795,Y_U0077,Y0026,2026-02-24 17:56:56.424801,40
Y_STR07796,Y_U0086,Y0044,2026-02-23 18:16:05.822627,242
Y_STR07797,Y_U0045,Y0015,2026-02-04 10:53:37.737098,94
Y_STR07798,Y_U0007,Y0031,2026-03-03 07:34:44.056817,46
Y_STR07799,Y_U0099,Y0029,2026-02-25 04:56:39.963612,89
Y_STR07800,Y_U0013,Y0041,2026-02-17 12:29:43.548717,166
Y_STR07801,Y_U0083,Y0046,2026-02-25 14:54:37.128531,122
Y_STR07802,Y_U0070,Y0043,2026-02-14 08:37:28.934349,128
Y_STR07803,Y_U0022,Y0033,2026-02-21 22:14:58.573173,30
Y_STR07804,Y_U0030,Y0027,2026-02-26 13:27:37.071144,134
Y_STR07805,Y_U0008,Y0045,2026-02-13 10:29:01.445587,148
Y_STR07806,Y_U0096,Y0028,2026-02-25 19:42:55.070755,52
Y_STR07807,Y_U0078,Y0020,2026-03-01 16:42:01.094637,171
Y_STR07808,Y_U0014,Y0032,2026-02-06 05:49:16.428098,200
Y_STR07809,Y_U0088,Y0035,2026-03-05 20:46:54.380964,129
Y_STR07810,Y_U0010,Y0010,2026-02-06 14:38:03.514560,217
Y_STR07811,Y_U0024,Y0010,2026-02-07 20:44:50.002537,72
Y_STR07812,Y_U0043,Y0050,2026-02-05 04:56:01.592636,291
Y_STR07813,Y_U0050,Y0036,2026-02-27 20:57:10.090493,128
Y_STR07814,Y_U0047,Y0034,2026-02-16 13:31:11.332866,140
Y_STR07815,Y_U0094,Y0036,2026-02-16 08:53:31.830042,75
Y_STR07816,Y_U0078,Y0045,2026-02-17 19:44:35.708922,182
Y_STR07817,Y_U0097,Y0040,2026-02-11 22:33:10.687851,138
Y_STR07818,Y_U0014,Y0047,2026-02-25 11:03:21.984000,202
Y_STR07819,Y_U0086,Y0035,2026-02-07 17:29:10.587729,51
Y_STR07820,Y_U0079,Y0038,2026-02-11 18:52:34.268961,175
Y_STR07821,Y_U0026,Y0050,2026-02-06 09:49:39.380870,220
Y_STR07822,Y_U0052,Y0042,2026-02-07 06:54:53.483297,24
Y_STR07823,Y_U0005,Y0036,2026-03-01 22:00:27.022697,203
Y_STR07824,Y_U0070,Y0034,2026-02-21 05:49:47.577712,76
Y_STR07825,Y_U0023,Y0012,2026-02-11 02:55:00.301776,184
Y_STR07826,Y_U0013,Y0038,2026-02-05 05:28:19.579462,77
Y_STR07827,Y_U0017,Y0035,2026-02-08 22:46:25.271046,246
Y_STR07828,Y_U0035,Y0045,2026-02-17 22:46:21.559300,225
Y_STR07829,Y_U0012,Y0019,2026-02-28 18:01:16.398175,162
Y_STR07830,Y_U0053,Y0050,2026-03-05 00:55:42.747950,215
Y_STR07831,Y_U0050,Y0043,2026-02-19 05:53:45.802321,132
Y_STR07832,Y_U0058,Y0037,2026-02-14 07:16:20.901759,310
Y_STR07833,Y_U0001,Y0048,2026-02-14 04:06:38.877988,149
Y_STR07834,Y_U0034,Y0048,2026-03-03 23:05:22.432557,82
Y_STR07835,Y_U0074,Y0029,2026-02-17 11:43:41.753438,121
Y_STR07836,Y_U0028,Y0040,2026-02-10 15:44:57.419429,96
Y_STR07837,Y_U0035,Y0041,2026-02-11 10:20:34.095075,44
Y_STR07838,Y_U0046,Y0040,2026-02-28 13:00:39.427160,335
Y_STR07839,Y_U0019,Y0030,2026-02-21 05:14:54.670791,45
Y_STR07840,Y_U0046,Y0029,2026-02-24 22:23:04.378792,100
Y_STR07841,Y_U0029,Y0035,2026-02-28 20:12:27.803137,94
Y_STR07842,Y_U0062,Y0047,2026-02-20 10:10:10.573238,46
Y_STR07843,Y_U0022,Y0040,2026-02-17 10:10:37.998237,304
Y_STR07844,Y_U0011,Y0027,2026-02-11 05:38:59.384495,105
Y_STR07845,Y_U0070,Y0015,2026-02-12 09:36:42.226666,206
Y_STR07846,Y_U0014,Y0036,2026-02-17 02:03:21.388384,169
Y_STR07847,Y_U0058,Y0025,2026-03-03 17:56:33.701276,188
Y_STR07848,Y_U0051,Y0026,2026-02-22 01:54:56.116603,7
Y_STR07849,Y_U0096,Y0040,2026-02-07 22:28:55.214435,181
Y_STR07850,Y_U0085,Y0030,2026-02-26 05:23:36.966109,88
Y_STR07851,Y_U0057,Y0031,2026-03-04 19:30:18.032765,77
Y_STR07852,Y_U0091,Y0031,2026-02-14 11:48:16.979541,135
Y_STR07853,Y_U0097,Y0020,2026-02-10 17:29:02.991178,271
Y_STR07854,Y_U0007,Y0010,2026-03-04 11:58:29.742696,152
Y_STR07855,Y_U0018,Y0049,2026-02-08 09:18:29.095072,182
Y_STR07856,Y_U0019,Y0010,2026-03-01 06:48:15.428015,63
Y_STR07857,Y_U0073,Y0023,2026-02-18 08:13:38.598520,13
Y_STR07858,Y_U0027,Y0034,2026-02-07 17:44:08.803337,105
Y_STR07859,Y_U0033,Y0024,2026-02-05 00:39:42.455428,51
Y_STR07860,Y_U0070,Y0032,2026-03-03 16:04:14.946448,166
Y_STR07861,Y_U0097,Y0041,2026-02-24 05:13:09.776878,64
Y_STR07862,Y_U0014,Y0047,2026-02-05 00:03:27.713596,81
Y_STR07863,Y_U0033,Y0047,2026-02-14 12:08:50.087360,41
Y_STR07864,Y_U0048,Y0020,2026-02-27 08:27:32.231461,330
Y_STR07865,Y_U0056,Y0045,2026-02-07 17:09:17.932590,79
Y_STR07866,Y_U0040,Y0026,2026-02-05 00:17:19.506641,19
Y_STR07867,Y_U0045,Y0033,2026-02-06 15:37:05.604391,184
Y_STR07868,Y_U0073,Y0043,2026-02-13 23:34:38.175915,199
Y_STR07869,Y_U0080,Y0047,2026-02-21 22:07:06.221740,227
Y_STR07870,Y_U0032,Y0022,2026-02-11 11:29:24.974218,72
Y_STR07871,Y_U0034,Y0018,2026-02-21 20:57:56.825478,136
Y_STR07872,Y_U0071,Y0037,2026-02-12 11:30:57.991376,231
Y_STR07873,Y_U0090,Y0046,2026-02-09 06:00:40.920766,182
Y_STR07874,Y_U0082,Y0047,2026-02-22 20:35:55.377464,110
Y_STR07875,Y_U0032,Y0041,2026-02-06 02:02:50.018265,112
Y_STR07876,Y_U0037,Y0016,2026-02-09 09:23:09.719604,76
Y_STR07877,Y_U0047,Y0040,2026-02-07 05:29:42.343641,94
Y_STR07878,Y_U0094,Y0039,2026-02-09 10:02:15.386641,110
Y_STR07879,Y_U0070,Y0049,2026-02-12 18:04:08.883194,201
Y_STR07880,Y_U0025,Y0049,2026-03-02 00:56:43.606894,206
Y_STR07881,Y_U0063,Y0029,2026-02-28 18:07:31.201923,35
Y_STR07882,Y_U0099,Y0006,2026-02-23 08:50:18.530721,195
Y_STR07883,Y_U0016,Y0033,2026-02-17 10:06:09.143231,79
Y_STR07884,Y_U0092,Y0019,2026-03-04 22:16:31.272822,103
Y_STR07885,Y_U0028,Y0017,2026-02-07 16:46:30.021327,55
Y_STR07886,Y_U0097,Y0005,2026-02-09 18:55:27.631071,44
Y_STR07887,Y_U0029,Y0047,2026-02-04 19:29:22.296696,203
Y_STR07888,Y_U0078,Y0045,2026-03-04 01:52:40.159883,97
Y_STR07889,Y_U0046,Y0050,2026-03-01 04:15:59.382910,138
Y_STR07890,Y_U0010,Y0016,2026-02-15 21:41:37.342970,11
Y_STR07891,Y_U0090,Y0045,2026-02-26 06:19:30.515146,204
Y_STR07892,Y_U0037,Y0003,2026-02-09 08:23:11.867355,26
Y_STR07893,Y_U0041,Y0024,2026-02-09 08:55:57.760788,25
Y_STR07894,Y_U0018,Y0016,2026-02-20 08:20:32.083636,30
Y_STR07895,Y_U0067,Y0023,2026-02-07 06:06:20.106416,10
Y_STR07896,Y_U0043,Y0026,2026-03-01 20:08:40.709147,120
Y_STR07897,Y_U0092,Y0028,2026-02-26 05:27:29.243725,83
Y_STR07898,Y_U0072,Y0028,2026-02-14 10:48:10.987983,197
Y_STR07899,Y_U0088,Y0020,2026-02-28 22:44:04.263213,294
Y_STR07900,Y_U0062,Y0032,2026-02-05 22:03:37.792455,43
Y_STR07901,Y_U0096,Y0040,2026-02-07 00:55:38.893503,283
Y_STR07902,Y_U0098,Y0045,2026-02-28 15:19:44.925040,200
Y_STR07903,Y_U0061,Y0036,2026-02-23 03:30:30.317722,147
Y_STR07904,Y_U0036,Y0031,2026-02-18 19:03:43.107124,67
Y_STR07905,Y_U0058,Y0039,2026-03-01 02:55:42.069493,291
Y_STR07906,Y_U0029,Y0042,2026-02-23 10:16:16.399454,327
Y_STR07907,Y_U0083,Y0026,2026-02-25 01:44:31.470515,9
Y_STR07908,Y_U0079,Y0050,2026-03-06 00:11:36.721058,299
Y_STR07909,Y_U0093,Y0040,2026-02-24 05:48:24.739840,258
Y_STR07910,Y_U0076,Y0032,2026-02-09 07:04:04.071400,226
Y_STR07911,Y_U0050,Y0036,2026-02-07 00:39:13.908667,46
Y_STR07912,Y_U0097,Y0046,2026-02-07 08:49:50.798105,44
Y_STR07913,Y_U0083,Y0027,2026-02-06 04:50:03.940416,34
Y_STR07914,Y_U0046,Y0031,2026-02-24 23:56:04.995664,113
Y_STR07915,Y_U0068,Y0047,2026-02-09 14:30:35.300599,7
Y_STR07916,Y_U0005,Y0020,2026-02-09 08:34:31.676001,249
Y_STR07917,Y_U0001,Y0042,2026-02-04 12:08:16.194952,61
Y_STR07918,Y_U0068,Y0030,2026-02-17 04:34:15.757115,72
Y_STR07919,Y_U0054,Y0020,2026-03-02 07:45:54.460997,331
Y_STR07920,Y_U0039,Y0039,2026-02-07 02:16:34.715303,238
Y_STR07921,Y_U0088,Y0039,2026-02-14 00:37:09.346312,218
Y_STR07922,Y_U0031,Y0044,2026-02-15 04:40:27.442692,127
Y_STR07923,Y_U0052,Y0038,2026-02-06 03:27:04.694915,135
Y_STR07924,Y_U0093,Y0046,2026-02-14 16:20:48.361565,68
Y_STR07925,Y_U0002,Y0023,2026-02-15 03:20:00.354800,124
Y_STR07926,Y_U0055,Y0042,2026-02-11 14:28:32.254417,336
Y_STR07927,Y_U0003,Y0045,2026-02-10 22:21:47.755552,195
Y_STR07928,Y_U0075,Y0034,2026-02-16 15:47:49.333200,53
Y_STR07929,Y_U0083,Y0043,2026-02-15 05:59:01.425224,84
Y_STR07930,Y_U0070,Y0017,2026-02-19 11:42:24.084825,122
Y_STR07931,Y_U0082,Y0028,2026-02-18 18:39:37.936598,239
Y_STR07932,Y_U0029,Y0039,2026-02-04 21:07:54.256287,163
Y_STR07933,Y_U0011,Y0022,2026-02-15 18:23:42.044513,48
Y_STR07934,Y_U0070,Y0042,2026-02-20 18:18:42.914269,250
Y_STR07935,Y_U0041,Y0048,2026-03-03 09:43:03.869813,11
Y_STR07936,Y_U0047,Y0040,2026-02-26 19:20:42.173498,104
Y_STR07937,Y_U0010,Y0021,2026-02-23 04:26:34.513329,77
Y_STR07938,Y_U0095,Y0029,2026-03-03 20:24:37.167308,88
Y_STR07939,Y_U0008,Y0030,2026-02-20 20:43:09.113539,149
Y_STR07940,Y_U0040,Y0031,2026-02-09 23:52:05.767561,92
Y_STR07941,Y_U0081,Y0024,2026-03-01 17:44:10.173862,257
Y_STR07942,Y_U0007,Y0050,2026-02-14 13:17:47.171430,253
Y_STR07943,Y_U0076,Y0050,2026-02-20 18:52:35.306363,64
Y_STR07944,Y_U0099,Y0013,2026-02-12 13:38:29.381976,159
Y_STR07945,Y_U0073,Y0036,2026-02-28 13:43:41.281735,44
Y_STR07946,Y_U0074,Y0036,2026-02-15 04:49:18.354365,168
Y_STR07947,Y_U0014,Y0046,2026-02-13 09:15:44.412494,79
Y_STR07948,Y_U0036,Y0038,2026-02-20 23:26:45.444718,10
Y_STR07949,Y_U0044,Y0022,2026-02-06 15:08:39.494817,115
Y_STR07950,Y_U0036,Y0017,2026-02-21 10:02:55.419440,191
Y_STR07951,Y_U0007,Y0035,2026-02-26 01:20:01.699158,265
Y_STR07952,Y_U0026,Y0033,2026-02-13 10:09:32.456716,92
Y_STR07953,Y_U0078,Y0029,2026-02-10 18:09:24.646093,93
Y_STR07954,Y_U0014,Y0043,2026-02-06 14:15:37.616544,22
Y_STR07955,Y_U0010,Y0030,2026-02-16 10:01:07.177403,100
Y_STR07956,Y_U0072,Y0020,2026-02-06 10:49:58.135191,46
Y_STR07957,Y_U0075,Y0046,2026-02-07 17:11:00.407607,256
Y_STR07958,Y_U0068,Y0046,2026-02-16 14:40:06.176532,156
Y_STR07959,Y_U0003,Y0017,2026-03-04 08:08:05.969519,68
Y_STR07960,Y_U0027,Y0049,2026-02-19 08:58:00.060240,157
Y_STR07961,Y_U0092,Y0047,2026-02-26 10:09:10.142606,34
Y_STR07962,Y_U0027,Y0011,2026-03-05 19:33:36.765639,67
Y_STR07963,Y_U0044,Y0045,2026-02-10 17:38:43.585711,168
Y_STR07964,Y_U0001,Y0031,2026-02-16 01:24:07.017182,13
Y_STR07965,Y_U0091,Y0033,2026-02-10 15:43:13.941601,249
Y_STR07966,Y_U0033,Y0027,2026-02-28 00:31:50.958654,42
Y_STR07967,Y_U0074,Y0041,2026-02-17 23:58:43.689713,132
Y_STR07968,Y_U0093,Y0011,2026-02-05 17:38:20.893053,244
Y_STR07969,Y_U0075,Y0033,2026-02-05 12:04:03.587449,176
Y_STR07970,Y_U0042,Y0028,2026-02-18 04:56:28.610341,189
Y_STR07971,Y_U0013,Y0050,2026-02-27 08:50:35.301939,207
Y_STR07972,Y_U0005,Y0011,2026-02-12 14:26:50.662680,23
Y_STR07973,Y_U0006,Y0033,2026-03-05 02:04:36.337163,74
Y_STR07974,Y_U0073,Y0048,2026-02-19 16:30:56.080889,24
Y_STR07975,Y_U0047,Y0034,2026-03-01 11:38:20.955734,171
Y_STR07976,Y_U0060,Y0038,2026-03-04 13:21:52.672683,48
Y_STR07977,Y_U0086,Y0050,2026-02-16 08:23:39.131877,109
Y_STR07978,Y_U0032,Y0037,2026-02-06 04:40:38.492476,294
Y_STR07979,Y_U0017,Y0012,2026-03-01 18:33:18.698962,152
Y_STR07980,Y_U0095,Y0046,2026-02-21 03:54:15.469387,216
Y_STR07981,Y_U0100,Y0042,2026-03-01 04:40:47.620280,200
Y_STR07982,Y_U0042,Y0034,2026-02-06 08:48:11.014531,126
Y_STR07983,Y_U0055,Y0050,2026-02-25 10:15:18.082315,247
Y_STR07984,Y_U0030,Y0027,2026-02-24 23:14:08.784341,68
Y_STR07985,Y_U0068,Y0039,2026-02-18 20:56:38.630959,304
Y_STR07986,Y_U0019,Y0022,2026-02-27 03:46:58.189871,63
Y_STR07987,Y_U0025,Y0045,2026-03-02 09:44:06.972934,202
Y_STR07988,Y_U0019,Y0043,2026-02-11 17:44:11.916014,111
Y_STR07989,Y_U0090,Y0048,2026-02-26 10:00:14.509497,61
Y_STR07990,Y_U0029,Y0009,2026-03-03 10:03:36.290355,43
Y_STR07991,Y_U0061,Y0048,2026-03-06 00:03:58.847590,47
Y_STR07992,Y_U0041,Y0050,2026-02-14 08:32:58.651235,318
Y_STR07993,Y_U0030,Y0013,2026-03-05 21:48:52.621814,122
Y_STR07994,Y_U0002,Y0049,2026-02-28 08:40:55.449364,7
Y_STR07995,Y_U0022,Y0042,2026-02-11 23:45:41.491444,276
Y_STR07996,Y_U0054,Y0012,2026-03-04 13:14:31.365746,26
Y_STR07997,Y_U0006,Y0043,2026-03-01 15:01:46.430286,84
Y_STR07998,Y_U0080,Y0037,2026-02-20 04:25:43.458912,30
Y_STR07999,Y_U0008,Y0049,2026-02-07 20:44:28.640225,172
Y_STR08000,Y_U0098,Y0043,2026-03-05 10:45:10.702768,23
Y_STR08001,Y_U0068,Y0048,2026-02-25 13:00:20.204380,26
Y_STR08002,Y_U0025,Y0028,2026-02-07 22:35:48.810416,14
Y_STR08003,Y_U0030,Y0047,2026-02-18 04:47:49.226112,126
Y_STR08004,Y_U0036,Y0026,2026-02-07 02:05:20.556444,126
Y_STR08005,Y_U0026,Y0017,2026-02-25 01:06:22.338783,135
Y_STR08006,Y_U0005,Y0050,2026-02-13 02:34:09.490617,159
Y_STR08007,Y_U0043,Y0041,2026-02-09 23:52:09.694037,28
Y_STR08008,Y_U0009,Y0047,2026-03-03 10:54:54.924215,185
Y_STR08009,Y_U0055,Y0039,2026-03-01 18:26:09.387707,287
Y_STR08010,Y_U0013,Y0042,2026-03-05 19:47:47.021182,182
Y_STR08011,Y_U0076,Y0049,2026-02-24 18:20:57.301291,49
Y_STR08012,Y_U0084,Y0029,2026-02-05 07:10:56.432079,78
Y_STR08013,Y_U0050,Y0049,2026-02-17 00:49:50.145715,210
Y_STR08014,Y_U0017,Y0047,2026-03-04 05:17:18.853108,28
Y_STR08015,Y_U0031,Y0027,2026-02-21 16:56:54.060795,12
Y_STR08016,Y_U0033,Y0048,2026-02-06 00:44:15.906373,26
Y_STR08017,Y_U0094,Y0046,2026-02-20 00:35:21.371764,177
Y_STR08018,Y_U0090,Y0035,2026-02-28 09:16:07.976556,274
Y_STR08019,Y_U0069,Y0042,2026-02-16 20:22:45.046335,303
Y_STR08020,Y_U0097,Y0023,2026-02-13 01:50:31.149195,77
Y_STR08021,Y_U0063,Y0049,2026-02-09 00:21:06.289307,80
Y_STR08022,Y_U0084,Y0043,2026-02-15 06:23:12.206342,97
Y_STR08023,Y_U0064,Y0047,2026-02-28 04:39:51.574637,158
Y_STR08024,Y_U0008,Y0023,2026-02-22 10:13:46.527762,59
Y_STR08025,Y_U0018,Y0035,2026-02-27 00:13:22.829635,279
Y_STR08026,Y_U0005,Y0011,2026-02-15 22:38:00.386791,142
Y_STR08027,Y_U0020,Y0036,2026-02-25 04:34:04.101501,31
Y_STR08028,Y_U0005,Y0041,2026-03-03 20:39:51.247184,72
Y_STR08029,Y_U0015,Y0014,2026-03-04 15:15:24.233035,86
Y_STR08030,Y_U0092,Y0034,2026-02-12 16:34:42.267726,27
Y_STR08031,Y_U0015,Y0034,2026-02-17 14:16:31.823989,71
Y_STR08032,Y_U0007,Y0011,2026-02-26 02:21:43.382049,173
Y_STR08033,Y_U0022,Y0033,2026-03-03 21:26:03.573416,217
Y_STR08034,Y_U0100,Y0005,2026-02-14 19:23:12.238172,152
Y_STR08035,Y_U0085,Y0028,2026-02-05 11:20:33.138719,234
Y_STR08036,Y_U0026,Y0018,2026-02-18 15:46:51.281880,139
Y_STR08037,Y_U0019,Y0032,2026-03-05 12:57:23.639446,164
Y_STR08038,Y_U0067,Y0033,2026-02-15 13:41:51.512988,25
Y_STR08039,Y_U0015,Y0044,2026-02-09 06:38:20.385745,240
Y_STR08040,Y_U0005,Y0042,2026-02-15 14:38:40.983346,97
Y_STR08041,Y_U0021,Y0040,2026-02-19 21:01:47.237933,202
Y_STR08042,Y_U0036,Y0037,2026-03-04 09:52:54.285881,94
Y_STR08043,Y_U0014,Y0036,2026-02-20 09:27:32.425320,141
Y_STR08044,Y_U0026,Y0049,2026-02-16 23:10:57.407329,174
Y_STR08045,Y_U0010,Y0049,2026-02-22 03:39:01.243587,101
Y_STR08046,Y_U0086,Y0042,2026-02-13 21:07:06.070708,85
Y_STR08047,Y_U0085,Y0027,2026-02-15 22:47:08.092425,37
Y_STR08048,Y_U0051,Y0043,2026-02-21 16:29:45.761891,82
Y_STR08049,Y_U0027,Y0035,2026-02-08 20:26:23.726669,200
Y_STR08050,Y_U0010,Y0029,2026-03-05 11:30:01.421251,66
Y_STR08051,Y_U0092,Y0044,2026-03-01 04:08:55.281623,86
Y_STR08052,Y_U0010,Y0016,2026-02-05 12:27:55.579434,55
Y_STR08053,Y_U0099,Y0049,2026-03-05 11:53:00.608801,155
Y_STR08054,Y_U0007,Y0046,2026-02-27 09:01:21.684299,218
Y_STR08055,Y_U0030,Y0018,2026-02-26 12:53:43.357907,149
Y_STR08056,Y_U0065,Y0024,2026-02-10 02:59:30.781559,213
Y_STR08057,Y_U0027,Y0048,2026-02-20 22:21:06.092892,30
Y_STR08058,Y_U0090,Y0021,2026-02-19 04:19:55.295117,71
Y_STR08059,Y_U0012,Y0039,2026-02-10 03:31:14.860525,225
Y_STR08060,Y_U0092,Y0026,2026-02-09 00:52:47.666677,72
Y_STR08061,Y_U0050,Y0030,2026-02-06 06:41:59.632483,5
Y_STR08062,Y_U0021,Y0031,2026-02-07 00:10:21.316273,11
Y_STR08063,Y_U0090,Y0046,2026-02-21 22:16:03.473980,128
Y_STR08064,Y_U0073,Y0018,2026-02-12 01:54:48.030204,172
Y_STR08065,Y_U0094,Y0036,2026-02-24 15:34:39.508714,9
Y_STR08066,Y_U0079,Y0035,2026-02-16 09:23:19.124046,322
Y_STR08067,Y_U0023,Y0034,2026-02-06 03:44:41.013987,181
Y_STR08068,Y_U0098,Y0031,2026-02-17 01:01:53.923876,86
Y_STR08069,Y_U0092,Y0024,2026-02-15 02:14:14.820390,195
Y_STR08070,Y_U0038,Y0045,2026-02-05 13:09:41.561882,33
Y_STR08071,Y_U0069,Y0040,2026-02-28 20:14:00.632802,290
Y_STR08072,Y_U0079,Y0038,2026-02-18 01:02:11.519062,95
Y_STR08073,Y_U0100,Y0047,2026-02-19 22:24:06.317860,56
Y_STR08074,Y_U0039,Y0026,2026-02-08 09:34:19.839855,47
Y_STR08075,Y_U0026,Y0002,2026-02-09 06:00:11.043020,99
Y_STR08076,Y_U0080,Y0018,2026-02-13 01:19:33.846608,98
Y_STR08077,Y_U0023,Y0039,2026-02-24 11:39:22.785568,174
Y_STR08078,Y_U0030,Y0039,2026-02-13 07:15:16.431583,91
Y_STR08079,Y_U0055,Y0050,2026-02-22 22:29:30.082212,246
Y_STR08080,Y_U0046,Y0045,2026-02-20 15:23:12.699716,180
Y_STR08081,Y_U0032,Y0049,2026-02-19 15:23:58.388058,234
Y_STR08082,Y_U0026,Y0016,2026-02-10 06:09:13.164006,12
Y_STR08083,Y_U0060,Y0036,2026-02-16 13:09:16.002550,41
Y_STR08084,Y_U0036,Y0049,2026-03-04 04:21:14.194527,209
Y_STR08085,Y_U0100,Y0031,2026-03-05 02:12:12.987832,81
Y_STR08086,Y_U0094,Y0049,2026-02-09 12:26:19.833632,11
Y_STR08087,Y_U0010,Y0041,2026-03-02 20:28:30.298399,115
Y_STR08088,Y_U0038,Y0035,2026-03-05 23:10:15.629332,9
Y_STR08089,Y_U0086,Y0040,2026-02-26 16:30:12.611508,260
Y_STR08090,Y_U0100,Y0034,2026-02-17 14:03:04.780377,20
Y_STR08091,Y_U0002,Y0040,2026-02-23 22:30:15.849946,196
Y_STR08092,Y_U0092,Y0048,2026-02-14 00:55:03.250344,112
Y_STR08093,Y_U0018,Y0049,2026-02-14 14:56:43.384933,63
Y_STR08094,Y_U0036,Y0025,2026-02-27 19:10:27.973560,187
Y_STR08095,Y_U0007,Y0048,2026-02-09 14:25:24.408793,229
Y_STR08096,Y_U0091,Y0018,2026-03-01 18:05:07.468404,85
Y_STR08097,Y_U0092,Y0025,2026-03-06 06:59:34.463262,59
Y_STR08098,Y_U0092,Y0008,2026-02-05 13:29:45.063453,157
Y_STR08099,Y_U0076,Y0019,2026-02-20 07:08:29.755281,76
Y_STR08100,Y_U0099,Y0049,2026-02-12 20:07:56.289147,95
Y_STR08101,Y_U0026,Y0044,2026-02-08 02:27:43.507188,95
Y_STR08102,Y_U0052,Y0040,2026-02-09 13:25:33.653800,209
Y_STR08103,Y_U0013,Y0012,2026-02-25 11:09:33.458155,181
Y_STR08104,Y_U0015,Y0040,2026-03-04 15:09:02.805316,326
Y_STR08105,Y_U0017,Y0047,2026-02-19 22:02:41.279023,44
Y_STR08106,Y_U0075,Y0043,2026-02-26 06:20:19.738834,10
Y_STR08107,Y_U0049,Y0038,2026-02-05 12:53:27.124241,64
Y_STR08108,Y_U0059,Y0014,2026-03-04 21:58:09.031706,231
Y_STR08109,Y_U0066,Y0041,2026-02-19 05:34:17.982683,162
Y_STR08110,Y_U0039,Y0019,2026-03-03 03:28:24.830981,167
Y_STR08111,Y_U0004,Y0035,2026-02-25 03:18:23.832331,322
Y_STR08112,Y_U0033,Y0033,2026-02-23 03:15:46.754281,204
Y_STR08113,Y_U0045,Y0049,2026-02-15 07:00:38.349113,50
Y_STR08114,Y_U0072,Y0036,2026-02-27 16:48:38.245895,103
Y_STR08115,Y_U0092,Y0024,2026-02-26 00:19:42.250983,91
Y_STR08116,Y_U0027,Y0041,2026-02-19 12:12:49.945464,162
Y_STR08117,Y_U0001,Y0050,2026-03-01 17:13:42.159772,136
Y_STR08118,Y_U0072,Y0024,2026-02-12 11:20:32.961297,120
Y_STR08119,Y_U0085,Y0020,2026-02-20 14:08:51.287690,49
Y_STR08120,Y_U0092,Y0037,2026-02-18 07:47:04.252115,336
Y_STR08121,Y_U0003,Y0041,2026-02-07 09:30:40.241900,25
Y_STR08122,Y_U0036,Y0044,2026-02-04 22:58:31.823497,71
Y_STR08123,Y_U0022,Y0022,2026-02-25 07:18:26.812876,41
Y_STR08124,Y_U0089,Y0041,2026-02-09 10:17:35.704667,158
Y_STR08125,Y_U0019,Y0034,2026-02-18 08:25:21.895211,189
Y_STR08126,Y_U0055,Y0028,2026-02-22 23:14:38.343230,135
Y_STR08127,Y_U0064,Y0037,2026-03-02 01:16:23.571079,59
Y_STR08128,Y_U0039,Y0033,2026-02-27 22:50:50.458260,224
Y_STR08129,Y_U0031,Y0050,2026-03-03 12:53:33.964895,315
Y_STR08130,Y_U0083,Y0037,2026-02-21 15:05:19.857444,36
Y_STR08131,Y_U0097,Y0048,2026-02-20 12:36:36.909952,166
Y_STR08132,Y_U0089,Y0039,2026-02-18 22:24:42.151330,274
Y_STR08133,Y_U0042,Y0050,2026-03-05 07:43:24.698986,6
Y_STR08134,Y_U0018,Y0035,2026-02-24 22:32:08.506404,216
Y_STR08135,Y_U0072,Y0045,2026-02-25 01:07:13.199455,81
Y_STR08136,Y_U0022,Y0033,2026-02-19 19:55:23.807600,209
Y_STR08137,Y_U0098,Y0047,2026-02-12 12:08:10.257072,131
Y_STR08138,Y_U0066,Y0036,2026-02-07 22:05:51.087917,156
Y_STR08139,Y_U0064,Y0045,2026-03-03 02:18:47.778444,36
Y_STR08140,Y_U0017,Y0013,2026-02-16 18:02:15.662086,35
Y_STR08141,Y_U0018,Y0026,2026-02-23 09:41:34.203957,7
Y_STR08142,Y_U0036,Y0028,2026-03-01 17:19:02.505092,156
Y_STR08143,Y_U0040,Y0046,2026-02-20 11:04:17.109241,112
Y_STR08144,Y_U0005,Y0019,2026-02-08 18:11:25.821250,102
Y_STR08145,Y_U0038,Y0024,2026-02-20 02:08:27.000793,85
Y_STR08146,Y_U0093,Y0019,2026-02-24 17:35:10.196730,91
Y_STR08147,Y_U0088,Y0049,2026-02-27 08:58:04.951968,6
Y_STR08148,Y_U0014,Y0034,2026-02-08 12:55:29.599436,176
Y_STR08149,Y_U0035,Y0044,2026-02-05 14:29:48.311055,29
Y_STR08150,Y_U0035,Y0039,2026-02-13 21:03:44.908508,76
Y_STR08151,Y_U0083,Y0034,2026-02-10 02:32:20.053079,159
Y_STR08152,Y_U0046,Y0042,2026-02-19 01:27:47.656514,262
Y_STR08153,Y_U0005,Y0042,2026-02-06 02:00:48.259512,250
Y_STR08154,Y_U0044,Y0031,2026-02-13 11:22:19.337387,121
Y_STR08155,Y_U0033,Y0040,2026-02-28 14:00:46.896791,139
Y_STR08156,Y_U0032,Y0024,2026-02-27 12:54:04.364301,155
Y_STR08157,Y_U0023,Y0050,2026-02-07 23:21:49.618502,183
Y_STR08158,Y_U0045,Y0011,2026-02-17 16:12:35.336039,78
Y_STR08159,Y_U0040,Y0038,2026-02-05 02:44:53.766288,160
Y_STR08160,Y_U0049,Y0050,2026-03-02 00:12:14.748829,229
Y_STR08161,Y_U0040,Y0004,2026-02-05 18:01:09.124354,11
Y_STR08162,Y_U0037,Y0047,2026-02-10 06:16:04.031280,53
Y_STR08163,Y_U0005,Y0040,2026-03-02 04:51:44.299154,294
Y_STR08164,Y_U0066,Y0043,2026-02-08 13:11:07.206021,194
Y_STR08165,Y_U0069,Y0030,2026-02-20 14:49:15.427837,134
Y_STR08166,Y_U0005,Y0049,2026-03-02 14:05:45.678396,113
Y_STR08167,Y_U0099,Y0044,2026-02-15 05:31:38.213623,238
Y_STR08168,Y_U0036,Y0048,2026-03-03 05:14:55.161624,216
Y_STR08169,Y_U0030,Y0044,2026-02-09 23:29:49.019407,162
Y_STR08170,Y_U0053,Y0045,2026-02-16 11:07:21.935669,68
Y_STR08171,Y_U0082,Y0049,2026-02-11 00:47:28.044081,66
Y_STR08172,Y_U0030,Y0021,2026-02-22 16:15:18.899805,41
Y_STR08173,Y_U0079,Y0030,2026-03-03 10:34:58.162656,174
Y_STR08174,Y_U0057,Y0042,2026-02-12 05:40:47.496233,123
Y_STR08175,Y_U0026,Y0025,2026-02-21 20:32:31.459309,110
Y_STR08176,Y_U0018,Y0040,2026-02-17 05:06:51.730808,112
Y_STR08177,Y_U0061,Y0017,2026-02-23 15:47:38.242460,133
Y_STR08178,Y_U0023,Y0049,2026-02-19 03:55:10.649156,24
Y_STR08179,Y_U0075,Y0022,2026-02-07 02:57:48.227008,32
Y_STR08180,Y_U0099,Y0046,2026-02-09 10:55:02.172387,215
Y_STR08181,Y_U0074,Y0024,2026-02-25 09:19:06.247768,117
Y_STR08182,Y_U0094,Y0022,2026-02-19 10:51:05.753878,143
Y_STR08183,Y_U0012,Y0044,2026-02-26 00:51:17.431110,159
Y_STR08184,Y_U0009,Y0028,2026-02-25 13:52:30.633141,120
Y_STR08185,Y_U0052,Y0036,2026-02-15 01:16:02.409468,212
Y_STR08186,Y_U0085,Y0027,2026-02-26 19:10:01.555371,17
Y_STR08187,Y_U0059,Y0028,2026-02-15 06:43:04.902373,121
Y_STR08188,Y_U0058,Y0048,2026-02-05 03:18:51.695688,38
Y_STR08189,Y_U0036,Y0038,2026-02-13 16:57:28.329000,11
Y_STR08190,Y_U0052,Y0037,2026-02-13 09:15:03.812375,206
Y_STR08191,Y_U0035,Y0034,2026-02-07 01:48:29.079099,131
Y_STR08192,Y_U0064,Y0005,2026-02-06 12:26:34.936473,75
Y_STR08193,Y_U0067,Y0016,2026-02-19 00:23:09.965088,22
Y_STR08194,Y_U0046,Y0025,2026-02-16 01:16:46.938457,24
Y_STR08195,Y_U0069,Y0024,2026-02-16 06:15:34.853597,287
Y_STR08196,Y_U0095,Y0047,2026-02-26 03:10:00.067838,74
Y_STR08197,Y_U0002,Y0044,2026-02-19 11:33:57.729834,205
Y_STR08198,Y_U0046,Y0047,2026-02-24 00:43:02.534678,106
Y_STR08199,Y_U0042,Y0035,2026-02-20 13:08:08.383743,250
Y_STR08200,Y_U0064,Y0046,2026-02-24 17:05:47.568897,131
Y_STR08201,Y_U0019,Y0045,2026-03-03 00:50:03.034922,66
Y_STR08202,Y_U0064,Y0036,2026-02-12 07:29:24.376456,234
Y_STR08203,Y_U0027,Y0050,2026-02-28 00:48:44.466776,196
Y_STR08204,Y_U0013,Y0025,2026-03-04 03:15:22.363910,192
Y_STR08205,Y_U0060,Y0049,2026-02-13 00:50:10.784170,88
Y_STR08206,Y_U0075,Y0022,2026-03-02 09:08:42.371894,97
Y_STR08207,Y_U0051,Y0048,2026-02-20 06:11:26.941006,146
Y_STR08208,Y_U0036,Y0048,2026-02-19 06:37:03.609829,10
Y_STR08209,Y_U0026,Y0035,2026-02-26 04:20:12.769106,36
Y_STR08210,Y_U0084,Y0044,2026-02-07 11:44:07.788457,249
Y_STR08211,Y_U0039,Y0041,2026-03-04 07:06:48.418112,107
Y_STR08212,Y_U0022,Y0050,2026-02-09 22:17:43.899129,142
Y_STR08213,Y_U0050,Y0017,2026-02-22 13:00:25.856153,202
Y_STR08214,Y_U0037,Y0045,2026-02-18 20:40:19.921608,194
Y_STR08215,Y_U0073,Y0038,2026-02-19 13:58:27.077682,148
Y_STR08216,Y_U0076,Y0045,2026-02-08 02:55:04.794128,216
Y_STR08217,Y_U0016,Y0022,2026-02-18 16:28:43.406907,84
Y_STR08218,Y_U0004,Y0032,2026-02-19 05:59:15.245360,180
Y_STR08219,Y_U0035,Y0015,2026-02-09 00:05:05.362969,142
Y_STR08220,Y_U0007,Y0021,2026-02-25 03:27:33.196790,203
Y_STR08221,Y_U0066,Y0050,2026-03-04 23:55:47.184193,178
Y_STR08222,Y_U0079,Y0018,2026-03-04 23:26:17.618264,98
Y_STR08223,Y_U0052,Y0049,2026-02-07 15:23:23.953030,237
Y_STR08224,Y_U0096,Y0025,2026-02-13 02:30:45.556979,42
Y_STR08225,Y_U0084,Y0037,2026-02-17 06:08:56.919070,283
Y_STR08226,Y_U0056,Y0038,2026-02-15 20:22:50.760783,166
Y_STR08227,Y_U0069,Y0043,2026-02-26 03:17:49.846340,140
Y_STR08228,Y_U0079,Y0042,2026-02-14 23:43:24.050210,132
Y_STR08229,Y_U0021,Y0031,2026-02-27 21:54:39.271601,86
Y_STR08230,Y_U0075,Y0041,2026-02-12 02:09:28.412424,131
Y_STR08231,Y_U0064,Y0050,2026-02-06 21:48:27.953324,146
Y_STR08232,Y_U0029,Y0044,2026-02-15 20:05:34.782324,302
Y_STR08233,Y_U0012,Y0043,2026-03-02 22:52:41.777584,167
Y_STR08234,Y_U0091,Y0044,2026-03-04 16:48:26.059109,283
Y_STR08235,Y_U0049,Y0040,2026-02-06 22:26:28.046240,135
Y_STR08236,Y_U0054,Y0046,2026-03-02 21:03:43.281577,200
Y_STR08237,Y_U0029,Y0050,2026-02-25 15:58:49.546127,104
Y_STR08238,Y_U0065,Y0044,2026-02-28 14:58:40.058684,164
Y_STR08239,Y_U0011,Y0015,2026-02-20 11:15:43.943733,289
Y_STR08240,Y_U0075,Y0022,2026-02-07 23:59:14.631938,139
Y_STR08241,Y_U0013,Y0039,2026-02-27 12:55:20.523249,22
Y_STR08242,Y_U0098,Y0046,2026-02-04 20:15:20.276800,254
Y_STR08243,Y_U0017,Y0023,2026-02-21 07:14:27.348593,52
Y_STR08244,Y_U0019,Y0034,2026-02-09 00:35:29.366550,189
Y_STR08245,Y_U0022,Y0038,2026-02-23 17:10:55.499987,151
Y_STR08246,Y_U0082,Y0047,2026-02-07 12:22:13.403599,119
Y_STR08247,Y_U0023,Y0045,2026-03-04 18:12:49.262011,206
Y_STR08248,Y_U0081,Y0025,2026-02-16 17:56:05.202718,140
Y_STR08249,Y_U0027,Y0044,2026-03-04 12:57:22.177951,293
Y_STR08250,Y_U0083,Y0046,2026-02-10 20:22:33.733132,126
Y_STR08251,Y_U0092,Y0016,2026-02-21 05:55:11.530925,10
Y_STR08252,Y_U0077,Y0033,2026-02-28 06:59:15.587519,258
Y_STR08253,Y_U0083,Y0047,2026-02-21 19:35:23.878648,61
Y_STR08254,Y_U0019,Y0030,2026-02-23 16:52:58.520791,187
Y_STR08255,Y_U0069,Y0026,2026-03-03 22:30:06.796214,28
Y_STR08256,Y_U0062,Y0013,2026-02-13 23:51:08.480660,74
Y_STR08257,Y_U0038,Y0038,2026-02-24 14:18:54.426659,70
Y_STR08258,Y_U0004,Y0007,2026-02-16 13:49:41.998802,64
Y_STR08259,Y_U0077,Y0032,2026-02-13 02:29:50.786578,140
Y_STR08260,Y_U0074,Y0027,2026-02-05 12:41:11.716638,61
Y_STR08261,Y_U0031,Y0005,2026-03-01 19:36:50.483628,14
Y_STR08262,Y_U0001,Y0050,2026-02-05 19:14:52.076547,173
Y_STR08263,Y_U0002,Y0050,2026-02-17 12:20:01.493720,68
Y_STR08264,Y_U0045,Y0028,2026-03-05 20:27:00.711867,110
Y_STR08265,Y_U0027,Y0048,2026-02-22 01:48:42.448288,94
Y_STR08266,Y_U0070,Y0049,2026-03-05 23:46:16.224736,221
Y_STR08267,Y_U0026,Y0008,2026-02-10 02:08:14.829538,112
Y_STR08268,Y_U0030,Y0025,2026-02-10 00:11:36.216258,118
Y_STR08269,Y_U0016,Y0046,2026-02-20 23:56:39.853439,253
Y_STR08270,Y_U0057,Y0035,2026-02-05 16:34:49.364837,310
Y_STR08271,Y_U0077,Y0025,2026-02-14 21:13:19.178275,88
Y_STR08272,Y_U0028,Y0049,2026-02-12 20:56:40.532016,123
Y_STR08273,Y_U0074,Y0019,2026-02-20 21:09:17.676023,126
Y_STR08274,Y_U0017,Y0031,2026-02-08 20:33:31.710727,37
Y_STR08275,Y_U0026,Y0042,2026-02-12 13:38:24.013796,108
Y_STR08276,Y_U0096,Y0031,2026-02-05 02:09:12.187917,16
Y_STR08277,Y_U0011,Y0024,2026-02-24 21:42:12.074610,130
Y_STR08278,Y_U0091,Y0034,2026-02-10 16:41:26.625937,76
Y_STR08279,Y_U0002,Y0036,2026-02-16 19:27:04.857181,10
Y_STR08280,Y_U0026,Y0042,2026-02-12 12:27:06.199184,333
Y_STR08281,Y_U0087,Y0050,2026-02-18 12:20:04.662387,324
Y_STR08282,Y_U0015,Y0040,2026-02-12 02:23:14.569940,274
Y_STR08283,Y_U0082,Y0047,2026-02-10 15:56:22.994304,166
Y_STR08284,Y_U0057,Y0033,2026-03-05 16:39:43.147721,277
Y_STR08285,Y_U0089,Y0050,2026-02-16 03:18:10.652439,118
Y_STR08286,Y_U0068,Y0035,2026-02-26 01:12:57.059105,143
Y_STR08287,Y_U0017,Y0047,2026-02-12 02:04:34.931813,116
Y_STR08288,Y_U0056,Y0026,2026-02-06 01:05:37.059287,126
Y_STR08289,Y_U0072,Y0035,2026-02-26 04:29:41.236990,105
Y_STR08290,Y_U0049,Y0016,2026-02-28 14:11:37.046397,49
Y_STR08291,Y_U0074,Y0049,2026-02-05 02:00:53.529878,109
Y_STR08292,Y_U0027,Y0026,2026-02-24 17:19:48.159395,67
Y_STR08293,Y_U0097,Y0034,2026-03-01 12:37:52.054464,189
Y_STR08294,Y_U0090,Y0047,2026-02-14 09:22:48.880852,5
Y_STR08295,Y_U0020,Y0041,2026-02-22 00:44:23.936630,73
Y_STR08296,Y_U0030,Y0043,2026-02-25 21:42:54.036910,117
Y_STR08297,Y_U0058,Y0021,2026-02-18 18:12:19.811302,181
Y_STR08298,Y_U0010,Y0020,2026-02-18 15:43:59.247298,259
Y_STR08299,Y_U0008,Y0050,2026-02-16 23:26:18.440330,164
Y_STR08300,Y_U0010,Y0027,2026-03-03 05:50:43.070843,119
Y_STR08301,Y_U0080,Y0047,2026-02-15 05:37:58.282663,126
Y_STR08302,Y_U0097,Y0025,2026-02-19 13:40:13.987121,96
Y_STR08303,Y_U0031,Y0041,2026-02-13 20:25:32.562823,130
Y_STR08304,Y_U0068,Y0039,2026-02-06 00:23:46.924670,243
Y_STR08305,Y_U0030,Y0026,2026-02-05 04:04:18.537421,49
Y_STR08306,Y_U0072,Y0048,2026-02-24 14:00:16.424356,131
Y_STR08307,Y_U0007,Y0028,2026-02-05 10:02:26.720643,126
Y_STR08308,Y_U0042,Y0020,2026-02-06 10:37:25.266320,252
Y_STR08309,Y_U0074,Y0025,2026-02-20 01:20:38.558068,22
Y_STR08310,Y_U0090,Y0041,2026-02-26 22:04:43.559295,104
Y_STR08311,Y_U0054,Y0042,2026-02-21 14:22:31.071134,333
Y_STR08312,Y_U0040,Y0025,2026-02-09 13:36:07.300754,146
Y_STR08313,Y_U0014,Y0028,2026-02-10 17:15:31.975751,110
Y_STR08314,Y_U0028,Y0029,2026-02-27 02:38:55.952059,18
Y_STR08315,Y_U0094,Y0035,2026-02-04 18:05:25.900212,344
Y_STR08316,Y_U0048,Y0021,2026-03-04 12:59:59.997490,96
Y_STR08317,Y_U0032,Y0036,2026-02-23 18:54:41.775065,217
Y_STR08318,Y_U0085,Y0038,2026-02-23 20:10:19.332905,142
Y_STR08319,Y_U0024,Y0044,2026-03-05 01:51:58.317484,233
Y_STR08320,Y_U0067,Y0047,2026-02-05 01:46:21.001027,73
Y_STR08321,Y_U0095,Y0020,2026-02-19 20:11:34.396717,32
Y_STR08322,Y_U0020,Y0035,2026-02-25 21:59:09.371963,183
Y_STR08323,Y_U0001,Y0044,2026-02-08 03:46:16.173283,171
Y_STR08324,Y_U0043,Y0047,2026-02-16 13:46:06.627395,156
Y_STR08325,Y_U0066,Y0022,2026-02-14 09:38:18.107657,11
Y_STR08326,Y_U0092,Y0047,2026-02-22 03:17:35.655838,28
Y_STR08327,Y_U0049,Y0034,2026-02-10 18:33:23.463886,36
Y_STR08328,Y_U0023,Y0030,2026-02-15 08:18:11.387310,24
Y_STR08329,Y_U0099,Y0047,2026-02-25 08:18:20.165909,161
Y_STR08330,Y_U0004,Y0028,2026-03-03 01:23:02.351837,223
Y_STR08331,Y_U0071,Y0030,2026-02-17 00:25:02.166751,95
Y_STR08332,Y_U0047,Y0035,2026-03-04 03:15:14.131271,92
Y_STR08333,Y_U0084,Y0050,2026-03-05 23:07:15.361768,104
Y_STR08334,Y_U0078,Y0011,2026-02-13 02:59:25.719629,62
Y_STR08335,Y_U0052,Y0037,2026-02-13 09:04:37.816025,59
Y_STR08336,Y_U0031,Y0037,2026-02-24 10:20:30.700596,256
Y_STR08337,Y_U0011,Y0032,2026-03-02 10:59:59.590407,102
Y_STR08338,Y_U0096,Y0033,2026-02-24 05:12:35.161649,45
Y_STR08339,Y_U0043,Y0034,2026-03-05 13:37:55.499075,193
Y_STR08340,Y_U0080,Y0044,2026-02-09 05:51:31.032507,53
Y_STR08341,Y_U0057,Y0046,2026-02-12 15:43:22.673762,65
Y_STR08342,Y_U0093,Y0009,2026-02-19 21:22:16.718625,16
Y_STR08343,Y_U0072,Y0005,2026-02-20 22:14:52.722812,70
Y_STR08344,Y_U0098,Y0046,2026-02-13 22:38:21.240370,64
Y_STR08345,Y_U0089,Y0049,2026-03-04 08:41:25.774171,120
Y_STR08346,Y_U0004,Y0038,2026-02-06 21:45:33.701335,187
Y_STR08347,Y_U0004,Y0042,2026-03-05 06:06:05.865819,84
Y_STR08348,Y_U0003,Y0032,2026-03-03 01:26:32.481725,58
Y_STR08349,Y_U0065,Y0048,2026-03-04 04:30:39.388929,148
Y_STR08350,Y_U0064,Y0023,2026-03-04 18:16:30.611411,101
Y_STR08351,Y_U0088,Y0023,2026-02-24 00:59:49.617778,77
Y_STR08352,Y_U0084,Y0036,2026-02-16 10:55:21.987235,129
Y_STR08353,Y_U0032,Y0029,2026-03-01 14:07:49.121308,52
Y_STR08354,Y_U0025,Y0047,2026-02-16 01:06:19.042815,234
Y_STR08355,Y_U0075,Y0038,2026-02-20 22:44:51.396087,89
Y_STR08356,Y_U0059,Y0048,2026-02-25 05:07:31.558502,152
Y_STR08357,Y_U0088,Y0037,2026-02-15 19:58:07.999849,279
Y_STR08358,Y_U0089,Y0036,2026-02-06 12:24:32.944020,160
Y_STR08359,Y_U0017,Y0047,2026-02-05 08:07:45.348242,102
Y_STR08360,Y_U0001,Y0049,2026-02-09 07:30:29.749058,207
Y_STR08361,Y_U0044,Y0007,2026-02-23 17:47:54.103748,295
Y_STR08362,Y_U0081,Y0029,2026-03-02 06:04:07.763359,60
Y_STR08363,Y_U0095,Y0040,2026-03-05 01:28:39.661922,245
Y_STR08364,Y_U0095,Y0033,2026-03-04 13:58:43.645358,230
Y_STR08365,Y_U0050,Y0048,2026-03-01 02:24:04.658926,107
Y_STR08366,Y_U0008,Y0038,2026-02-18 02:21:16.174164,92
Y_STR08367,Y_U0046,Y0020,2026-02-09 06:23:39.251434,52
Y_STR08368,Y_U0018,Y0037,2026-03-01 11:16:22.425683,69
Y_STR08369,Y_U0055,Y0047,2026-02-24 05:59:04.292113,26
Y_STR08370,Y_U0043,Y0048,2026-02-10 07:20:32.777993,76
Y_STR08371,Y_U0058,Y0042,2026-03-02 20:09:12.766372,247
Y_STR08372,Y_U0003,Y0017,2026-02-24 19:35:20.592714,147
Y_STR08373,Y_U0062,Y0039,2026-02-11 01:04:46.072456,67
Y_STR08374,Y_U0012,Y0034,2026-02-23 13:07:55.811037,26
Y_STR08375,Y_U0034,Y0031,2026-02-15 09:35:56.563030,154
Y_STR08376,Y_U0033,Y0048,2026-03-04 20:34:27.694392,166
Y_STR08377,Y_U0015,Y0025,2026-03-01 02:24:40.025285,173
Y_STR08378,Y_U0071,Y0018,2026-02-26 04:19:39.999304,164
Y_STR08379,Y_U0078,Y0042,2026-02-06 09:20:20.269350,216
Y_STR08380,Y_U0019,Y0037,2026-02-20 08:02:13.693482,290
Y_STR08381,Y_U0081,Y0046,2026-02-14 14:45:21.048270,57
Y_STR08382,Y_U0080,Y0030,2026-03-03 06:01:34.111218,112
Y_STR08383,Y_U0020,Y0013,2026-02-13 10:04:47.670297,141
Y_STR08384,Y_U0035,Y0050,2026-02-28 07:00:26.614319,185
Y_STR08385,Y_U0050,Y0031,2026-02-23 20:53:23.226212,16
Y_STR08386,Y_U0051,Y0018,2026-02-14 20:35:34.266116,25
Y_STR08387,Y_U0064,Y0044,2026-02-21 04:10:08.045751,288
Y_STR08388,Y_U0061,Y0009,2026-02-15 11:48:00.556666,9
Y_STR08389,Y_U0044,Y0048,2026-02-08 19:45:15.574131,161
Y_STR08390,Y_U0052,Y0019,2026-03-06 09:08:56.030513,208
Y_STR08391,Y_U0050,Y0049,2026-02-09 14:19:06.161758,151
Y_STR08392,Y_U0064,Y0042,2026-02-16 22:11:20.792460,70
Y_STR08393,Y_U0028,Y0015,2026-03-04 14:51:05.611107,59
Y_STR08394,Y_U0094,Y0035,2026-02-22 10:52:27.353284,319
Y_STR08395,Y_U0079,Y0025,2026-02-24 13:35:24.077122,171
Y_STR08396,Y_U0018,Y0030,2026-02-08 03:32:00.359489,22
Y_STR08397,Y_U0028,Y0050,2026-02-18 04:03:16.325695,196
Y_STR08398,Y_U0028,Y0045,2026-02-20 07:39:11.563862,176
Y_STR08399,Y_U0080,Y0023,2026-02-13 13:42:25.060405,81
Y_STR08400,Y_U0093,Y0045,2026-02-23 03:30:11.008322,209
Y_STR08401,Y_U0060,Y0037,2026-02-19 08:06:26.938638,210
Y_STR08402,Y_U0004,Y0040,2026-02-04 21:47:07.447916,131
Y_STR08403,Y_U0038,Y0033,2026-02-14 08:55:51.495418,229
Y_STR08404,Y_U0098,Y0031,2026-02-08 10:09:43.336123,17
Y_STR08405,Y_U0043,Y0031,2026-02-28 05:13:28.978728,53
Y_STR08406,Y_U0087,Y0034,2026-02-12 13:33:40.900619,182
Y_STR08407,Y_U0071,Y0018,2026-02-21 14:00:44.325930,156
Y_STR08408,Y_U0065,Y0047,2026-02-05 21:58:06.914482,141
Y_STR08409,Y_U0044,Y0033,2026-02-20 01:24:54.800040,108
Y_STR08410,Y_U0093,Y0023,2026-02-05 01:30:05.181322,14
Y_STR08411,Y_U0009,Y0004,2026-02-20 23:15:14.096029,109
Y_STR08412,Y_U0043,Y0033,2026-02-17 16:41:59.336476,8
Y_STR08413,Y_U0083,Y0047,2026-02-21 05:44:52.791260,171
Y_STR08414,Y_U0029,Y0040,2026-02-17 21:21:51.679098,238
Y_STR08415,Y_U0003,Y0017,2026-02-19 04:15:18.791806,126
Y_STR08416,Y_U0040,Y0034,2026-03-03 18:34:59.547650,79
Y_STR08417,Y_U0003,Y0045,2026-02-09 20:30:40.955288,9
Y_STR08418,Y_U0046,Y0030,2026-03-05 22:15:38.333643,106
Y_STR08419,Y_U0051,Y0041,2026-02-22 20:29:22.073910,151
Y_STR08420,Y_U0014,Y0041,2026-03-01 14:26:15.986729,69
Y_STR08421,Y_U0010,Y0009,2026-02-17 03:37:31.881546,76
Y_STR08422,Y_U0024,Y0033,2026-03-03 09:38:40.102249,220
Y_STR08423,Y_U0051,Y0035,2026-02-10 10:21:47.566303,238
Y_STR08424,Y_U0080,Y0048,2026-02-26 01:10:09.835725,228
Y_STR08425,Y_U0018,Y0047,2026-02-21 20:21:39.248360,141
Y_STR08426,Y_U0022,Y0009,2026-02-20 18:29:05.148679,71
Y_STR08427,Y_U0020,Y0048,2026-02-21 11:47:47.110381,158
Y_STR08428,Y_U0029,Y0029,2026-02-26 07:23:11.352643,146
Y_STR08429,Y_U0058,Y0045,2026-02-17 07:29:00.398623,229
Y_STR08430,Y_U0002,Y0048,2026-02-20 08:07:01.073251,8
Y_STR08431,Y_U0078,Y0045,2026-02-07 06:32:27.781982,117
Y_STR08432,Y_U0098,Y0027,2026-02-13 16:41:43.577717,131
Y_STR08433,Y_U0059,Y0019,2026-02-28 02:42:39.898983,123
Y_STR08434,Y_U0018,Y0049,2026-02-21 01:50:03.657248,38
Y_STR08435,Y_U0048,Y0023,2026-03-04 11:36:02.185228,118
Y_STR08436,Y_U0059,Y0033,2026-02-20 15:45:49.309118,44
Y_STR08437,Y_U0080,Y0042,2026-03-02 07:38:09.700969,8
Y_STR08438,Y_U0057,Y0030,2026-02-06 17:16:05.149975,111
Y_STR08439,Y_U0008,Y0011,2026-03-03 02:36:27.517674,70
Y_STR08440,Y_U0080,Y0048,2026-02-07 14:36:49.520481,25
Y_STR08441,Y_U0002,Y0048,2026-02-11 11:39:20.090181,27
Y_STR08442,Y_U0038,Y0037,2026-02-17 14:05:34.576891,73
Y_STR08443,Y_U0096,Y0045,2026-02-20 04:20:44.564326,95
Y_STR08444,Y_U0068,Y0048,2026-03-02 01:59:03.480711,84
Y_STR08445,Y_U0090,Y0022,2026-03-04 06:32:09.793438,106
Y_STR08446,Y_U0043,Y0028,2026-02-25 08:27:50.122135,145
Y_STR08447,Y_U0064,Y0045,2026-02-07 09:15:04.297300,195
Y_STR08448,Y_U0047,Y0048,2026-02-06 08:17:30.436525,176
Y_STR08449,Y_U0040,Y0046,2026-02-23 03:05:27.971577,249
Y_STR08450,Y_U0061,Y0034,2026-02-14 17:43:57.513648,172
Y_STR08451,Y_U0010,Y0015,2026-03-03 14:08:58.290466,181
Y_STR08452,Y_U0076,Y0033,2026-02-05 15:05:38.264611,262
Y_STR08453,Y_U0044,Y0042,2026-03-04 12:15:53.631321,110
Y_STR08454,Y_U0010,Y0044,2026-03-02 10:42:09.279899,132
Y_STR08455,Y_U0043,Y0019,2026-02-25 02:52:23.053252,99
Y_STR08456,Y_U0055,Y0014,2026-03-01 01:52:24.580544,87
Y_STR08457,Y_U0025,Y0050,2026-02-08 17:42:47.360803,258
Y_STR08458,Y_U0088,Y0045,2026-03-01 12:52:15.449421,142
Y_STR08459,Y_U0100,Y0043,2026-03-03 05:26:10.282666,101
Y_STR08460,Y_U0001,Y0023,2026-03-02 23:10:34.256045,31
Y_STR08461,Y_U0006,Y0050,2026-02-28 00:45:42.046991,219
Y_STR08462,Y_U0088,Y0041,2026-02-10 06:41:55.941552,130
Y_STR08463,Y_U0021,Y0030,2026-03-04 22:02:45.848368,176
Y_STR08464,Y_U0038,Y0043,2026-02-24 21:57:25.875604,8
Y_STR08465,Y_U0072,Y0025,2026-02-14 00:40:19.786198,172
Y_STR08466,Y_U0063,Y0040,2026-03-02 13:13:48.222144,247
Y_STR08467,Y_U0095,Y0041,2026-02-07 18:56:50.011683,171
Y_STR08468,Y_U0070,Y0031,2026-02-21 15:56:48.834582,75
Y_STR08469,Y_U0086,Y0039,2026-02-22 01:13:41.125528,81
Y_STR08470,Y_U0022,Y0048,2026-02-20 23:55:31.189022,227
Y_STR08471,Y_U0036,Y0024,2026-03-01 07:57:13.339545,275
Y_STR08472,Y_U0100,Y0041,2026-02-10 13:35:35.742435,26
Y_STR08473,Y_U0076,Y0032,2026-02-12 05:36:20.982589,10
Y_STR08474,Y_U0078,Y0050,2026-02-05 10:33:41.846060,310
Y_STR08475,Y_U0036,Y0039,2026-03-03 13:31:01.081984,38
Y_STR08476,Y_U0080,Y0033,2026-02-21 21:27:07.810011,235
Y_STR08477,Y_U0016,Y0033,2026-02-08 03:49:40.990252,106
Y_STR08478,Y_U0097,Y0028,2026-02-08 05:06:51.287478,236
Y_STR08479,Y_U0043,Y0030,2026-03-04 21:12:18.804062,5
Y_STR08480,Y_U0002,Y0013,2026-02-23 11:42:50.668678,157
Y_STR08481,Y_U0051,Y0041,2026-02-18 12:12:02.526523,157
Y_STR08482,Y_U0032,Y0023,2026-02-06 03:43:11.400940,71
Y_STR08483,Y_U0026,Y0035,2026-02-21 10:33:33.345968,305
Y_STR08484,Y_U0007,Y0012,2026-02-19 07:37:33.594599,274
Y_STR08485,Y_U0062,Y0040,2026-02-17 21:33:03.430698,81
Y_STR08486,Y_U0084,Y0029,2026-02-22 02:18:18.099959,114
Y_STR08487,Y_U0052,Y0050,2026-02-17 08:35:01.216862,309
Y_STR08488,Y_U0054,Y0017,2026-02-13 00:06:38.021097,118
Y_STR08489,Y_U0090,Y0033,2026-02-21 12:24:25.164589,203
Y_STR08490,Y_U0015,Y0048,2026-02-10 04:23:04.773437,146
Y_STR08491,Y_U0068,Y0028,2026-02-27 02:39:07.580023,126
Y_STR08492,Y_U0065,Y0031,2026-02-14 23:49:03.128344,78
Y_STR08493,Y_U0081,Y0021,2026-02-28 18:51:18.662093,126
Y_STR08494,Y_U0015,Y0033,2026-02-24 18:31:51.641686,108
Y_STR08495,Y_U0060,Y0022,2026-02-08 20:18:13.330817,128
Y_STR08496,Y_U0081,Y0050,2026-03-03 16:05:34.416599,193
Y_STR08497,Y_U0079,Y0037,2026-02-05 12:08:05.485991,171
Y_STR08498,Y_U0061,Y0020,2026-02-20 16:49:10.230562,143
Y_STR08499,Y_U0089,Y0045,2026-02-12 16:57:55.445046,120
Y_STR08500,Y_U0005,Y0033,2026-02-16 14:04:37.060090,148
Y_STR08501,Y_U0099,Y0050,2026-02-25 16:38:48.839903,244
Y_STR08502,Y_U0078,Y0025,2026-03-04 08:09:06.150413,38
Y_STR08503,Y_U0087,Y0032,2026-02-04 22:26:56.884120,44
Y_STR08504,Y_U0087,Y0031,2026-02-16 14:24:15.044704,73
Y_STR08505,Y_U0037,Y0032,2026-02-05 15:24:10.307464,92
Y_STR08506,Y_U0046,Y0050,2026-02-07 07:54:43.718624,257
Y_STR08507,Y_U0067,Y0036,2026-02-27 06:19:46.471704,153
Y_STR08508,Y_U0049,Y0026,2026-02-27 15:25:18.551038,95
Y_STR08509,Y_U0008,Y0028,2026-02-14 03:10:25.731485,150
Y_STR08510,Y_U0098,Y0036,2026-02-15 07:15:01.623938,11
Y_STR08511,Y_U0027,Y0047,2026-02-13 10:37:00.174404,96
Y_STR08512,Y_U0028,Y0045,2026-02-25 10:37:04.620790,130
Y_STR08513,Y_U0049,Y0018,2026-03-05 21:06:39.133660,82
Y_STR08514,Y_U0015,Y0047,2026-02-17 12:33:44.295605,70
Y_STR08515,Y_U0028,Y0027,2026-02-25 07:21:48.786661,110
Y_STR08516,Y_U0099,Y0042,2026-02-28 19:06:47.671801,174
Y_STR08517,Y_U0051,Y0042,2026-02-20 04:29:54.209095,302
Y_STR08518,Y_U0099,Y0040,2026-03-01 01:35:59.403655,306
Y_STR08519,Y_U0071,Y0015,2026-02-11 19:16:50.651518,25
Y_STR08520,Y_U0064,Y0038,2026-02-07 11:37:12.672408,97
Y_STR08521,Y_U0038,Y0046,2026-02-12 21:20:24.519383,9
Y_STR08522,Y_U0079,Y0034,2026-03-02 23:11:41.281925,75
Y_STR08523,Y_U0054,Y0027,2026-02-28 01:57:20.925580,16
Y_STR08524,Y_U0100,Y0027,2026-02-13 13:29:59.721046,68
Y_STR08525,Y_U0023,Y0038,2026-02-05 19:26:57.067252,48
Y_STR08526,Y_U0076,Y0029,2026-02-06 05:32:26.981768,134
Y_STR08527,Y_U0051,Y0044,2026-02-23 08:51:04.647816,269
Y_STR08528,Y_U0042,Y0020,2026-02-21 14:24:27.015475,193
Y_STR08529,Y_U0064,Y0030,2026-02-19 16:45:17.207719,95
Y_STR08530,Y_U0053,Y0048,2026-02-24 02:01:12.271890,190
Y_STR08531,Y_U0038,Y0045,2026-02-27 01:57:48.505060,133
Y_STR08532,Y_U0064,Y0048,2026-02-05 14:09:32.825885,7
Y_STR08533,Y_U0082,Y0019,2026-02-07 19:14:10.270942,244
Y_STR08534,Y_U0049,Y0021,2026-03-02 10:24:44.469323,101
Y_STR08535,Y_U0073,Y0007,2026-02-13 18:15:50.056256,246
Y_STR08536,Y_U0074,Y0037,2026-02-28 15:33:24.414694,284
Y_STR08537,Y_U0052,Y0048,2026-02-14 20:23:41.274702,39
Y_STR08538,Y_U0079,Y0046,2026-03-03 18:45:36.283822,75
Y_STR08539,Y_U0089,Y0025,2026-03-01 17:29:12.129966,126
Y_STR08540,Y_U0051,Y0040,2026-02-11 01:27:01.718597,215
Y_STR08541,Y_U0032,Y0028,2026-02-27 09:05:41.191954,47
Y_STR08542,Y_U0014,Y0030,2026-02-25 02:29:31.099456,82
Y_STR08543,Y_U0021,Y0049,2026-02-06 10:39:26.895134,126
Y_STR08544,Y_U0070,Y0048,2026-03-03 14:09:02.301159,179
Y_STR08545,Y_U0081,Y0023,2026-03-03 08:55:43.298570,115
Y_STR08546,Y_U0015,Y0043,2026-02-28 23:44:04.608953,145
Y_STR08547,Y_U0025,Y0007,2026-02-16 12:15:00.885581,134
Y_STR08548,Y_U0074,Y0043,2026-02-17 18:58:34.480348,167
Y_STR08549,Y_U0028,Y0037,2026-03-03 01:29:56.043848,261
Y_STR08550,Y_U0023,Y0021,2026-03-02 09:08:22.608036,111
Y_STR08551,Y_U0083,Y0032,2026-03-04 01:07:32.378379,238
Y_STR08552,Y_U0009,Y0015,2026-02-23 11:58:11.000733,99
Y_STR08553,Y_U0091,Y0049,2026-02-28 00:02:42.985385,165
Y_STR08554,Y_U0094,Y0043,2026-02-21 17:23:01.800964,145
Y_STR08555,Y_U0031,Y0042,2026-02-11 16:47:58.150362,125
Y_STR08556,Y_U0036,Y0007,2026-02-24 14:39:09.725681,260
Y_STR08557,Y_U0008,Y0018,2026-02-18 02:10:56.487722,46
Y_STR08558,Y_U0073,Y0037,2026-02-13 01:14:15.731786,141
Y_STR08559,Y_U0081,Y0009,2026-02-15 04:58:35.487170,15
Y_STR08560,Y_U0021,Y0019,2026-02-05 05:03:09.642080,228
Y_STR08561,Y_U0081,Y0047,2026-03-03 20:33:02.654769,57
Y_STR08562,Y_U0013,Y0034,2026-02-05 22:22:33.713311,115
Y_STR08563,Y_U0092,Y0046,2026-03-02 08:51:18.393644,20
Y_STR08564,Y_U0064,Y0032,2026-02-05 11:55:57.701852,112
Y_STR08565,Y_U0006,Y0049,2026-02-13 00:13:52.461092,224
Y_STR08566,Y_U0013,Y0036,2026-02-19 15:33:37.429540,32
Y_STR08567,Y_U0028,Y0034,2026-02-20 18:31:26.030137,69
Y_STR08568,Y_U0065,Y0041,2026-02-04 11:03:48.290291,85
Y_STR08569,Y_U0073,Y0038,2026-02-04 18:28:32.412841,13
Y_STR08570,Y_U0064,Y0033,2026-02-20 20:12:23.889359,161
Y_STR08571,Y_U0075,Y0032,2026-02-10 16:27:21.670818,177
Y_STR08572,Y_U0001,Y0011,2026-02-05 06:50:15.697794,26
Y_STR08573,Y_U0089,Y0002,2026-02-05 10:26:40.038966,127
Y_STR08574,Y_U0087,Y0042,2026-02-08 15:57:03.756296,344
Y_STR08575,Y_U0086,Y0003,2026-02-17 01:08:54.207917,245
Y_STR08576,Y_U0016,Y0020,2026-02-21 21:34:37.572687,22
Y_STR08577,Y_U0070,Y0015,2026-03-01 01:42:32.162535,320
Y_STR08578,Y_U0064,Y0048,2026-02-25 15:50:29.044461,92
Y_STR08579,Y_U0018,Y0045,2026-02-09 21:32:15.394740,181
Y_STR08580,Y_U0051,Y0024,2026-02-05 21:40:47.518668,262
Y_STR08581,Y_U0080,Y0041,2026-02-07 10:42:09.660768,157
Y_STR08582,Y_U0077,Y0038,2026-02-05 07:57:34.433915,172
Y_STR08583,Y_U0042,Y0027,2026-02-26 09:09:21.329816,93
Y_STR08584,Y_U0097,Y0035,2026-03-02 08:02:08.217857,75
Y_STR08585,Y_U0027,Y0017,2026-03-03 04:27:48.398010,89
Y_STR08586,Y_U0048,Y0029,2026-03-05 05:27:08.730438,6
Y_STR08587,Y_U0044,Y0048,2026-02-16 12:03:55.878163,214
Y_STR08588,Y_U0057,Y0047,2026-03-06 00:58:36.134130,15
Y_STR08589,Y_U0037,Y0044,2026-02-08 07:38:31.824976,216
Y_STR08590,Y_U0096,Y0035,2026-02-14 09:47:54.708254,163
Y_STR08591,Y_U0033,Y0037,2026-02-05 05:13:04.779191,32
Y_STR08592,Y_U0002,Y0025,2026-02-19 07:28:35.085745,112
Y_STR08593,Y_U0075,Y0042,2026-02-05 00:22:10.944962,317
Y_STR08594,Y_U0010,Y0035,2026-02-21 22:24:29.494359,187
Y_STR08595,Y_U0092,Y0017,2026-02-11 19:23:37.801112,156
Y_STR08596,Y_U0065,Y0050,2026-02-26 02:04:09.176656,93
Y_STR08597,Y_U0019,Y0044,2026-02-14 15:23:36.809204,47
Y_STR08598,Y_U0041,Y0044,2026-03-03 10:10:00.975919,136
Y_STR08599,Y_U0092,Y0048,2026-02-11 04:45:13.355501,94
Y_STR08600,Y_U0028,Y0021,2026-02-15 08:36:17.036726,13
Y_STR08601,Y_U0067,Y0013,2026-03-02 07:02:55.453351,154
Y_STR08602,Y_U0050,Y0032,2026-02-11 06:51:10.715791,9
Y_STR08603,Y_U0052,Y0041,2026-02-22 10:51:43.937616,106
Y_STR08604,Y_U0047,Y0043,2026-02-07 16:00:46.532691,97
Y_STR08605,Y_U0060,Y0033,2026-03-02 08:06:54.894123,19
Y_STR08606,Y_U0098,Y0050,2026-02-22 22:11:40.961774,253
Y_STR08607,Y_U0098,Y0039,2026-02-05 22:27:23.821448,42
Y_STR08608,Y_U0053,Y0034,2026-02-25 07:30:48.349479,90
Y_STR08609,Y_U0017,Y0048,2026-02-09 01:45:38.720506,154
Y_STR08610,Y_U0089,Y0035,2026-02-07 09:40:06.204800,55
Y_STR08611,Y_U0036,Y0044,2026-02-15 09:47:39.382789,92
Y_STR08612,Y_U0089,Y0005,2026-02-16 13:37:09.485415,150
Y_STR08613,Y_U0030,Y0042,2026-03-04 00:21:53.287788,337
Y_STR08614,Y_U0094,Y0025,2026-02-24 00:45:26.636691,170
Y_STR08615,Y_U0037,Y0033,2026-02-07 13:55:31.000175,126
Y_STR08616,Y_U0031,Y0018,2026-02-14 10:15:03.953725,46
Y_STR08617,Y_U0052,Y0002,2026-02-16 22:49:35.083671,129
Y_STR08618,Y_U0085,Y0026,2026-02-08 12:08:51.643335,27
Y_STR08619,Y_U0013,Y0015,2026-02-08 15:50:03.057806,38
Y_STR08620,Y_U0100,Y0047,2026-02-24 10:10:30.782057,129
Y_STR08621,Y_U0051,Y0039,2026-02-24 09:54:16.935450,280
Y_STR08622,Y_U0026,Y0049,2026-02-05 18:36:03.747134,148
Y_STR08623,Y_U0007,Y0017,2026-02-10 11:24:17.265703,23
Y_STR08624,Y_U0094,Y0038,2026-02-20 07:34:14.996728,9
Y_STR08625,Y_U0084,Y0050,2026-03-04 00:21:33.146122,130
Y_STR08626,Y_U0080,Y0022,2026-02-17 12:28:10.127617,8
Y_STR08627,Y_U0026,Y0050,2026-02-15 23:30:47.802825,321
Y_STR08628,Y_U0037,Y0040,2026-02-05 16:35:46.157872,335
Y_STR08629,Y_U0072,Y0025,2026-03-05 13:35:38.961950,81
Y_STR08630,Y_U0058,Y0036,2026-02-07 22:57:28.960595,18
Y_STR08631,Y_U0046,Y0028,2026-02-25 08:09:55.789230,8
Y_STR08632,Y_U0043,Y0043,2026-02-08 15:42:14.065817,175
Y_STR08633,Y_U0051,Y0032,2026-03-04 03:13:41.001530,225
Y_STR08634,Y_U0051,Y0040,2026-02-14 19:18:18.778406,236
Y_STR08635,Y_U0066,Y0017,2026-02-10 02:15:42.368114,148
Y_STR08636,Y_U0038,Y0028,2026-02-09 15:26:16.596706,207
Y_STR08637,Y_U0049,Y0040,2026-02-17 10:19:55.564945,9
Y_STR08638,Y_U0091,Y0049,2026-02-16 04:13:12.940188,152
Y_STR08639,Y_U0009,Y0027,2026-03-01 03:45:28.914881,35
Y_STR08640,Y_U0097,Y0021,2026-02-18 13:13:27.043921,54
Y_STR08641,Y_U0049,Y0012,2026-02-17 15:04:45.535628,220
Y_STR08642,Y_U0006,Y0040,2026-02-04 17:53:55.809485,299
Y_STR08643,Y_U0062,Y0027,2026-02-27 04:40:16.770032,106
Y_STR08644,Y_U0087,Y0044,2026-02-21 12:03:49.587736,97
Y_STR08645,Y_U0080,Y0049,2026-02-27 14:35:03.705329,198
Y_STR08646,Y_U0099,Y0048,2026-02-20 21:45:35.788805,140
Y_STR08647,Y_U0087,Y0042,2026-02-08 00:21:51.761847,183
Y_STR08648,Y_U0076,Y0039,2026-02-15 23:55:21.544223,86
Y_STR08649,Y_U0061,Y0040,2026-02-23 22:09:15.497057,171
Y_STR08650,Y_U0028,Y0032,2026-02-18 17:43:06.686953,174
Y_STR08651,Y_U0089,Y0046,2026-02-19 07:11:16.470777,136
Y_STR08652,Y_U0085,Y0038,2026-02-14 13:54:28.624844,149
Y_STR08653,Y_U0056,Y0042,2026-02-12 02:24:25.713832,202
Y_STR08654,Y_U0071,Y0049,2026-02-08 18:29:40.661268,171
Y_STR08655,Y_U0054,Y0038,2026-03-01 05:42:43.937524,7
Y_STR08656,Y_U0002,Y0046,2026-02-17 14:31:16.609498,136
Y_STR08657,Y_U0051,Y0044,2026-02-16 17:24:52.323270,312
Y_STR08658,Y_U0088,Y0040,2026-02-21 12:56:02.412974,165
Y_STR08659,Y_U0020,Y0028,2026-02-19 21:54:39.234639,216
Y_STR08660,Y_U0038,Y0029,2026-02-19 21:09:58.500695,43
Y_STR08661,Y_U0038,Y0017,2026-02-26 07:37:53.313857,40
Y_STR08662,Y_U0066,Y0035,2026-02-20 00:24:26.454731,137
Y_STR08663,Y_U0029,Y0031,2026-02-23 11:46:44.616426,97
Y_STR08664,Y_U0001,Y0024,2026-02-15 04:01:49.222653,147
Y_STR08665,Y_U0091,Y0049,2026-02-10 17:41:08.615350,99
Y_STR08666,Y_U0068,Y0035,2026-02-07 13:04:08.743728,201
Y_STR08667,Y_U0086,Y0048,2026-02-09 19:11:54.945649,217
Y_STR08668,Y_U0082,Y0011,2026-02-04 16:00:35.478727,250
Y_STR08669,Y_U0023,Y0011,2026-02-05 12:39:31.128960,213
Y_STR08670,Y_U0090,Y0039,2026-02-28 17:37:02.968096,65
Y_STR08671,Y_U0034,Y0038,2026-03-05 12:53:38.095432,21
Y_STR08672,Y_U0045,Y0023,2026-02-28 08:51:43.269659,98
Y_STR08673,Y_U0082,Y0017,2026-02-24 14:54:51.168304,211
Y_STR08674,Y_U0050,Y0048,2026-02-11 09:34:48.123819,142
Y_STR08675,Y_U0058,Y0034,2026-03-02 17:13:53.590281,171
Y_STR08676,Y_U0055,Y0024,2026-02-08 18:49:16.945978,164
Y_STR08677,Y_U0020,Y0025,2026-02-07 17:42:15.599460,65
Y_STR08678,Y_U0032,Y0022,2026-02-09 14:10:16.357104,11
Y_STR08679,Y_U0057,Y0046,2026-02-12 22:15:00.106795,177
Y_STR08680,Y_U0078,Y0040,2026-02-14 15:43:50.419186,253
Y_STR08681,Y_U0077,Y0049,2026-02-17 22:10:59.329289,137
Y_STR08682,Y_U0067,Y0048,2026-02-12 17:12:59.387236,37
Y_STR08683,Y_U0036,Y0032,2026-02-04 11:29:37.304740,88
Y_STR08684,Y_U0095,Y0011,2026-02-25 07:24:21.452079,21
Y_STR08685,Y_U0076,Y0011,2026-02-08 23:50:33.401217,30
Y_STR08686,Y_U0084,Y0036,2026-02-28 21:08:23.685260,180
Y_STR08687,Y_U0085,Y0029,2026-02-26 05:03:37.405107,141
Y_STR08688,Y_U0029,Y0049,2026-02-18 11:47:04.947895,88
Y_STR08689,Y_U0037,Y0037,2026-02-22 14:02:06.145230,205
Y_STR08690,Y_U0066,Y0039,2026-02-28 19:33:48.769152,73
Y_STR08691,Y_U0001,Y0046,2026-03-04 18:19:51.840028,99
Y_STR08692,Y_U0005,Y0027,2026-02-20 15:44:30.403780,43
Y_STR08693,Y_U0065,Y0017,2026-02-06 23:25:33.038581,87
Y_STR08694,Y_U0044,Y0029,2026-02-21 00:46:14.158086,39
Y_STR08695,Y_U0027,Y0048,2026-02-20 06:02:24.176427,57
Y_STR08696,Y_U0088,Y0043,2026-02-14 20:24:38.731892,55
Y_STR08697,Y_U0055,Y0024,2026-02-13 18:42:17.431939,277
Y_STR08698,Y_U0038,Y0049,2026-03-03 01:11:37.694422,215
Y_STR08699,Y_U0070,Y0031,2026-02-04 15:50:37.603758,144
Y_STR08700,Y_U0083,Y0048,2026-02-27 09:21:23.001894,175
Y_STR08701,Y_U0008,Y0040,2026-02-12 17:02:36.369747,24
Y_STR08702,Y_U0063,Y0042,2026-02-20 01:34:01.669561,246
Y_STR08703,Y_U0086,Y0032,2026-02-20 04:17:19.898769,67
Y_STR08704,Y_U0090,Y0039,2026-02-26 18:54:04.041312,202
Y_STR08705,Y_U0079,Y0041,2026-02-18 20:44:06.644878,166
Y_STR08706,Y_U0022,Y0021,2026-02-07 18:28:58.481513,184
Y_STR08707,Y_U0041,Y0029,2026-02-18 22:24:39.788293,167
Y_STR08708,Y_U0095,Y0034,2026-02-14 07:19:13.418213,35
Y_STR08709,Y_U0065,Y0033,2026-02-13 06:04:55.396257,273
Y_STR08710,Y_U0004,Y0031,2026-02-09 19:01:42.881899,77
Y_STR08711,Y_U0096,Y0040,2026-03-06 09:15:25.140909,130
Y_STR08712,Y_U0016,Y0030,2026-02-20 01:43:33.793349,8
Y_STR08713,Y_U0002,Y0046,2026-02-13 02:22:42.592498,60
Y_STR08714,Y_U0044,Y0041,2026-02-13 18:02:51.205656,29
Y_STR08715,Y_U0096,Y0042,2026-02-19 15:54:57.969091,86
Y_STR08716,Y_U0052,Y0026,2026-03-03 21:19:54.810970,75
Y_STR08717,Y_U0040,Y0039,2026-02-23 21:51:41.856972,7
Y_STR08718,Y_U0037,Y0038,2026-03-05 22:22:48.115398,108
Y_STR08719,Y_U0052,Y0048,2026-02-21 06:17:30.504134,170
Y_STR08720,Y_U0053,Y0025,2026-02-16 19:44:41.735944,181
Y_STR08721,Y_U0088,Y0026,2026-02-15 10:58:08.234892,66
Y_STR08722,Y_U0022,Y0039,2026-02-23 07:59:16.075562,34
Y_STR08723,Y_U0063,Y0022,2026-02-09 08:00:50.399636,40
Y_STR08724,Y_U0064,Y0037,2026-02-08 20:46:54.696213,8
Y_STR08725,Y_U0025,Y0019,2026-02-10 11:51:19.553157,179
Y_STR08726,Y_U0007,Y0041,2026-02-28 01:30:40.383891,93
Y_STR08727,Y_U0028,Y0034,2026-02-08 15:43:56.987176,180
Y_STR08728,Y_U0057,Y0048,2026-02-07 17:11:08.948173,16
Y_STR08729,Y_U0085,Y0045,2026-02-09 04:25:45.209180,7
Y_STR08730,Y_U0025,Y0050,2026-02-10 09:11:31.475033,258
Y_STR08731,Y_U0021,Y0017,2026-02-26 16:46:13.626427,222
Y_STR08732,Y_U0096,Y0036,2026-03-04 16:07:05.556432,169
Y_STR08733,Y_U0099,Y0042,2026-02-09 16:58:45.249228,35
Y_STR08734,Y_U0074,Y0050,2026-03-06 08:09:51.273019,178
Y_STR08735,Y_U0036,Y0035,2026-03-03 09:24:37.575844,195
Y_STR08736,Y_U0047,Y0003,2026-03-04 20:05:22.053117,263
Y_STR08737,Y_U0083,Y0027,2026-02-17 13:55:13.154331,8
Y_STR08738,Y_U0047,Y0030,2026-02-24 21:59:00.786487,151
Y_STR08739,Y_U0051,Y0045,2026-02-22 04:49:57.313443,79
Y_STR08740,Y_U0020,Y0048,2026-02-15 08:41:42.213646,166
Y_STR08741,Y_U0026,Y0023,2026-03-05 06:58:13.706840,102
Y_STR08742,Y_U0036,Y0038,2026-02-24 03:10:05.072479,110
Y_STR08743,Y_U0009,Y0050,2026-02-16 16:21:23.183185,26
Y_STR08744,Y_U0062,Y0033,2026-02-10 06:28:26.675385,291
Y_STR08745,Y_U0052,Y0036,2026-02-28 06:25:20.703125,11
Y_STR08746,Y_U0029,Y0041,2026-02-16 01:08:49.768171,47
Y_STR08747,Y_U0056,Y0027,2026-02-07 09:19:24.152239,71
Y_STR08748,Y_U0087,Y0044,2026-02-17 19:39:04.997167,234
Y_STR08749,Y_U0055,Y0027,2026-03-02 19:41:39.774668,142
Y_STR08750,Y_U0060,Y0032,2026-02-13 18:32:56.093235,192
Y_STR08751,Y_U0060,Y0036,2026-03-01 01:07:50.640878,220
Y_STR08752,Y_U0048,Y0044,2026-02-11 22:00:53.594148,301
Y_STR08753,Y_U0086,Y0045,2026-02-22 07:31:48.302271,99
Y_STR08754,Y_U0029,Y0029,2026-02-16 16:36:26.945889,78
Y_STR08755,Y_U0015,Y0016,2026-02-08 12:37:46.240462,116
Y_STR08756,Y_U0047,Y0032,2026-02-13 14:05:25.811547,24
Y_STR08757,Y_U0074,Y0041,2026-02-19 05:37:37.068734,132
Y_STR08758,Y_U0034,Y0037,2026-02-21 03:28:19.879530,62
Y_STR08759,Y_U0089,Y0027,2026-02-12 21:17:28.898358,88
Y_STR08760,Y_U0009,Y0010,2026-02-14 23:15:30.614614,71
Y_STR08761,Y_U0084,Y0015,2026-03-05 00:34:20.339621,271
Y_STR08762,Y_U0069,Y0044,2026-02-10 19:08:45.704279,237
Y_STR08763,Y_U0088,Y0037,2026-02-07 14:07:52.722661,123
Y_STR08764,Y_U0047,Y0033,2026-02-10 04:15:23.368995,97
Y_STR08765,Y_U0091,Y0024,2026-02-18 09:56:12.933032,181
Y_STR08766,Y_U0042,Y0035,2026-02-10 18:08:27.339769,301
Y_STR08767,Y_U0100,Y0023,2026-02-05 02:42:54.270923,79
Y_STR08768,Y_U0033,Y0033,2026-02-16 02:51:30.189194,216
Y_STR08769,Y_U0092,Y0019,2026-02-19 08:34:21.791264,229
Y_STR08770,Y_U0092,Y0026,2026-02-05 11:16:57.124002,102
Y_STR08771,Y_U0028,Y0036,2026-02-06 02:51:16.582466,185
Y_STR08772,Y_U0089,Y0038,2026-02-24 04:47:38.645518,83
Y_STR08773,Y_U0001,Y0037,2026-02-24 12:02:29.497944,224
Y_STR08774,Y_U0089,Y0047,2026-02-25 08:44:24.649217,222
Y_STR08775,Y_U0083,Y0036,2026-02-10 10:18:53.094171,83
Y_STR08776,Y_U0090,Y0048,2026-02-21 09:11:30.825404,217
Y_STR08777,Y_U0067,Y0021,2026-02-23 19:30:20.560935,66
Y_STR08778,Y_U0098,Y0037,2026-03-04 07:52:14.314721,105
Y_STR08779,Y_U0098,Y0049,2026-02-14 08:54:59.318769,94
Y_STR08780,Y_U0054,Y0048,2026-03-05 09:41:09.844949,171
Y_STR08781,Y_U0097,Y0046,2026-02-16 04:40:55.674651,90
Y_STR08782,Y_U0021,Y0038,2026-02-12 07:39:21.423945,12
Y_STR08783,Y_U0016,Y0036,2026-02-13 12:13:52.716372,7
Y_STR08784,Y_U0057,Y0015,2026-02-19 20:05:56.241271,40
Y_STR08785,Y_U0024,Y0049,2026-03-03 13:00:27.245846,114
Y_STR08786,Y_U0048,Y0048,2026-03-04 02:59:51.037002,140
Y_STR08787,Y_U0020,Y0045,2026-02-10 09:15:34.580518,196
Y_STR08788,Y_U0012,Y0026,2026-02-12 13:03:31.464706,70
Y_STR08789,Y_U0085,Y0010,2026-02-12 23:58:49.310249,220
Y_STR08790,Y_U0039,Y0043,2026-03-03 03:59:15.766748,177
Y_STR08791,Y_U0074,Y0047,2026-02-19 00:17:58.704572,124
Y_STR08792,Y_U0073,Y0020,2026-03-03 02:00:14.872801,159
Y_STR08793,Y_U0084,Y0033,2026-02-26 13:28:32.536029,280
Y_STR08794,Y_U0045,Y0042,2026-02-14 22:10:48.322541,57
Y_STR08795,Y_U0002,Y0044,2026-02-17 16:30:36.964003,294
Y_STR08796,Y_U0058,Y0013,2026-02-18 17:06:02.303146,164
Y_STR08797,Y_U0089,Y0049,2026-02-16 17:39:03.671390,33
Y_STR08798,Y_U0037,Y0049,2026-03-04 08:44:53.536738,8
Y_STR08799,Y_U0029,Y0047,2026-02-08 14:49:51.841559,97
Y_STR08800,Y_U0006,Y0023,2026-02-25 02:21:27.883432,97
Y_STR08801,Y_U0053,Y0049,2026-02-20 20:09:33.649276,90
Y_STR08802,Y_U0008,Y0025,2026-02-27 03:27:36.723567,168
Y_STR08803,Y_U0070,Y0035,2026-02-08 05:44:34.016131,230
Y_STR08804,Y_U0063,Y0024,2026-02-26 11:53:51.825672,291
Y_STR08805,Y_U0061,Y0027,2026-02-20 13:17:45.952752,10
Y_STR08806,Y_U0099,Y0045,2026-02-05 05:41:06.047973,178
Y_STR08807,Y_U0079,Y0049,2026-03-06 00:38:27.257040,16
Y_STR08808,Y_U0079,Y0029,2026-02-07 06:43:57.361535,67
Y_STR08809,Y_U0095,Y0043,2026-02-26 03:37:56.727453,67
Y_STR08810,Y_U0028,Y0048,2026-02-05 22:10:02.951170,39
Y_STR08811,Y_U0057,Y0050,2026-03-01 21:02:24.217106,131
Y_STR08812,Y_U0011,Y0008,2026-02-14 10:43:55.276680,17
Y_STR08813,Y_U0006,Y0041,2026-02-13 00:29:09.003829,164
Y_STR08814,Y_U0066,Y0039,2026-02-08 21:17:42.966817,314
Y_STR08815,Y_U0050,Y0027,2026-02-11 20:23:18.419665,130
Y_STR08816,Y_U0099,Y0031,2026-03-03 07:25:59.974540,154
Y_STR08817,Y_U0028,Y0045,2026-02-28 06:19:20.632582,45
Y_STR08818,Y_U0017,Y0019,2026-02-04 21:14:03.930379,103
Y_STR08819,Y_U0067,Y0035,2026-02-09 06:29:31.391595,165
Y_STR08820,Y_U0015,Y0037,2026-03-06 00:53:26.527244,39
Y_STR08821,Y_U0021,Y0037,2026-02-23 06:15:07.819570,289
Y_STR08822,Y_U0020,Y0021,2026-03-02 14:03:49.295421,177
Y_STR08823,Y_U0008,Y0041,2026-02-09 05:07:00.864573,83
Y_STR08824,Y_U0025,Y0046,2026-03-01 18:36:11.996982,64
Y_STR08825,Y_U0009,Y0038,2026-03-03 01:25:50.728166,16
Y_STR08826,Y_U0062,Y0048,2026-02-10 16:38:07.433685,140
Y_STR08827,Y_U0048,Y0031,2026-02-18 15:59:04.159242,72
Y_STR08828,Y_U0010,Y0027,2026-02-17 05:49:46.295566,106
Y_STR08829,Y_U0057,Y0032,2026-02-13 22:36:28.096729,142
Y_STR08830,Y_U0071,Y0040,2026-02-13 13:26:04.310421,273
Y_STR08831,Y_U0082,Y0037,2026-02-22 06:34:08.095195,45
Y_STR08832,Y_U0022,Y0040,2026-02-24 17:21:10.788775,88
Y_STR08833,Y_U0028,Y0026,2026-03-01 00:59:17.162868,79
Y_STR08834,Y_U0095,Y0045,2026-02-11 06:17:40.894076,76
Y_STR08835,Y_U0032,Y0025,2026-02-13 22:12:00.689739,193
Y_STR08836,Y_U0019,Y0039,2026-02-23 19:41:37.193051,294
Y_STR08837,Y_U0049,Y0026,2026-02-09 11:58:44.688153,104
Y_STR08838,Y_U0096,Y0022,2026-02-16 08:01:21.420489,61
Y_STR08839,Y_U0040,Y0045,2026-03-06 04:05:09.154173,60
Y_STR08840,Y_U0009,Y0034,2026-02-05 01:33:16.758930,176
Y_STR08841,Y_U0047,Y0019,2026-02-14 17:38:15.081580,223
Y_STR08842,Y_U0025,Y0030,2026-02-18 19:29:59.665081,152
Y_STR08843,Y_U0056,Y0026,2026-03-01 13:10:40.812527,107
Y_STR08844,Y_U0004,Y0022,2026-03-05 16:08:48.014119,38
Y_STR08845,Y_U0099,Y0035,2026-03-02 06:51:26.156929,17
Y_STR08846,Y_U0052,Y0031,2026-02-04 11:34:21.696770,89
Y_STR08847,Y_U0064,Y0038,2026-02-05 04:43:17.990850,109
Y_STR08848,Y_U0092,Y0030,2026-02-19 20:53:05.516068,121
Y_STR08849,Y_U0060,Y0037,2026-02-10 13:29:10.210943,134
Y_STR08850,Y_U0041,Y0048,2026-02-25 16:56:39.604604,64
Y_STR08851,Y_U0084,Y0026,2026-02-05 11:12:36.748515,35
Y_STR08852,Y_U0011,Y0035,2026-02-14 16:18:11.343435,66
Y_STR08853,Y_U0009,Y0039,2026-02-23 01:44:57.300461,244
Y_STR08854,Y_U0026,Y0040,2026-02-06 17:10:17.707098,319
Y_STR08855,Y_U0038,Y0043,2026-02-09 04:47:45.106162,181
Y_STR08856,Y_U0008,Y0028,2026-02-20 02:18:43.692428,206
Y_STR08857,Y_U0069,Y0039,2026-02-16 13:15:08.232241,182
Y_STR08858,Y_U0015,Y0047,2026-03-03 19:37:22.915389,66
Y_STR08859,Y_U0095,Y0043,2026-02-25 20:50:46.625522,140
Y_STR08860,Y_U0048,Y0033,2026-02-21 21:53:42.950591,153
Y_STR08861,Y_U0100,Y0049,2026-02-13 11:19:57.039260,52
Y_STR08862,Y_U0008,Y0046,2026-02-17 18:08:32.402157,71
Y_STR08863,Y_U0071,Y0050,2026-02-24 03:48:24.454355,200
Y_STR08864,Y_U0027,Y0033,2026-02-05 15:35:02.468449,21
Y_STR08865,Y_U0098,Y0038,2026-03-03 18:01:36.989838,48
Y_STR08866,Y_U0088,Y0043,2026-02-19 07:57:50.990684,62
Y_STR08867,Y_U0082,Y0036,2026-02-24 19:09:56.959234,16
Y_STR08868,Y_U0043,Y0050,2026-03-01 09:02:49.284845,10
Y_STR08869,Y_U0051,Y0023,2026-02-08 21:03:48.219424,78
Y_STR08870,Y_U0039,Y0024,2026-02-27 21:40:43.811938,152
Y_STR08871,Y_U0098,Y0044,2026-02-23 18:17:02.151314,278
Y_STR08872,Y_U0053,Y0047,2026-02-06 08:55:48.228495,96
Y_STR08873,Y_U0041,Y0025,2026-02-27 11:58:40.222036,71
Y_STR08874,Y_U0087,Y0040,2026-02-14 23:44:47.824254,304
Y_STR08875,Y_U0055,Y0030,2026-02-04 19:04:35.034549,186
Y_STR08876,Y_U0081,Y0042,2026-02-04 12:16:16.529248,208
Y_STR08877,Y_U0010,Y0047,2026-02-05 03:29:32.612165,218
Y_STR08878,Y_U0076,Y0036,2026-02-09 06:53:57.533501,60
Y_STR08879,Y_U0097,Y0046,2026-02-20 05:31:19.840749,37
Y_STR08880,Y_U0094,Y0047,2026-02-10 01:23:40.576298,75
Y_STR08881,Y_U0069,Y0041,2026-02-18 21:28:55.406665,12
Y_STR08882,Y_U0096,Y0042,2026-02-09 05:02:35.529163,114
Y_STR08883,Y_U0099,Y0048,2026-02-20 14:42:14.440692,55
Y_STR08884,Y_U0009,Y0038,2026-02-07 18:12:11.485044,54
Y_STR08885,Y_U0089,Y0020,2026-02-05 01:23:57.513289,46
Y_STR08886,Y_U0099,Y0032,2026-02-07 13:44:47.496046,99
Y_STR08887,Y_U0042,Y0013,2026-03-02 03:51:40.004611,188
Y_STR08888,Y_U0005,Y0021,2026-03-05 06:30:05.362432,56
Y_STR08889,Y_U0095,Y0029,2026-03-04 19:54:47.514448,16
Y_STR08890,Y_U0062,Y0013,2026-03-05 15:22:57.528248,28
Y_STR08891,Y_U0027,Y0043,2026-02-28 17:30:37.293152,108
Y_STR08892,Y_U0027,Y0032,2026-02-18 11:05:16.517365,9
Y_STR08893,Y_U0051,Y0045,2026-02-05 23:51:44.017104,106
Y_STR08894,Y_U0070,Y0041,2026-02-09 19:17:15.214572,108
Y_STR08895,Y_U0010,Y0038,2026-02-23 12:54:11.217036,35
Y_STR08896,Y_U0032,Y0028,2026-02-24 17:06:45.731881,43
Y_STR08897,Y_U0034,Y0050,2026-03-03 05:47:18.340283,186
Y_STR08898,Y_U0099,Y0025,2026-02-16 23:03:10.574157,182
Y_STR08899,Y_U0012,Y0017,2026-02-22 22:31:21.005771,178
Y_STR08900,Y_U0053,Y0015,2026-02-06 00:07:22.994231,69
Y_STR08901,Y_U0053,Y0026,2026-02-08 05:14:25.207631,52
Y_STR08902,Y_U0011,Y0014,2026-02-04 10:01:46.461504,304
Y_STR08903,Y_U0024,Y0050,2026-02-13 22:15:00.999512,134
Y_STR08904,Y_U0076,Y0036,2026-02-07 11:50:58.385410,116
Y_STR08905,Y_U0099,Y0043,2026-02-24 20:49:38.246018,38
Y_STR08906,Y_U0098,Y0045,2026-02-11 00:50:48.683259,72
Y_STR08907,Y_U0043,Y0027,2026-02-24 22:38:50.282537,9
Y_STR08908,Y_U0030,Y0035,2026-03-01 02:11:27.193455,118
Y_STR08909,Y_U0099,Y0028,2026-02-21 03:59:28.480508,80
Y_STR08910,Y_U0068,Y0026,2026-03-03 18:36:11.368375,9
Y_STR08911,Y_U0010,Y0037,2026-02-16 00:33:03.265470,27
Y_STR08912,Y_U0064,Y0025,2026-03-05 08:28:41.395483,88
Y_STR08913,Y_U0085,Y0024,2026-02-11 11:58:54.755501,142
Y_STR08914,Y_U0009,Y0041,2026-02-16 05:47:07.751771,115
Y_STR08915,Y_U0072,Y0050,2026-02-16 04:28:54.467882,263
Y_STR08916,Y_U0040,Y0034,2026-02-11 10:52:43.923078,74
Y_STR08917,Y_U0013,Y0048,2026-02-25 14:39:04.194814,211
Y_STR08918,Y_U0027,Y0036,2026-02-17 01:56:07.315552,8
Y_STR08919,Y_U0066,Y0045,2026-02-13 17:20:08.147812,85
Y_STR08920,Y_U0014,Y0025,2026-02-13 04:26:25.481933,60
Y_STR08921,Y_U0012,Y0044,2026-02-18 03:51:32.645997,68
Y_STR08922,Y_U0084,Y0001,2026-02-17 17:24:51.689762,36
Y_STR08923,Y_U0023,Y0043,2026-02-08 03:07:01.253096,196
Y_STR08924,Y_U0083,Y0023,2026-03-01 23:13:00.097485,85
Y_STR08925,Y_U0018,Y0037,2026-02-17 16:10:08.027373,166
Y_STR08926,Y_U0044,Y0007,2026-02-07 01:11:13.477998,254
Y_STR08927,Y_U0053,Y0050,2026-02-16 16:09:43.005911,122
Y_STR08928,Y_U0081,Y0019,2026-02-25 01:42:16.810857,64
Y_STR08929,Y_U0045,Y0031,2026-02-23 07:05:08.538520,62
Y_STR08930,Y_U0021,Y0028,2026-03-06 08:06:03.775455,7
Y_STR08931,Y_U0052,Y0045,2026-02-08 19:23:07.825586,48
Y_STR08932,Y_U0003,Y0032,2026-02-11 13:39:46.344019,88
Y_STR08933,Y_U0065,Y0023,2026-02-17 23:43:26.236886,37
Y_STR08934,Y_U0017,Y0008,2026-02-14 08:16:29.071323,93
Y_STR08935,Y_U0057,Y0022,2026-02-19 05:28:56.093144,161
Y_STR08936,Y_U0043,Y0031,2026-02-17 17:56:23.854425,32
Y_STR08937,Y_U0078,Y0042,2026-02-12 11:34:37.825421,28
Y_STR08938,Y_U0069,Y0033,2026-02-28 11:26:32.720707,256
Y_STR08939,Y_U0045,Y0009,2026-03-02 16:25:19.862902,40
Y_STR08940,Y_U0099,Y0031,2026-02-19 10:51:38.284198,54
Y_STR08941,Y_U0067,Y0044,2026-02-28 10:46:42.231429,301
Y_STR08942,Y_U0006,Y0047,2026-02-24 04:25:46.826240,63
Y_STR08943,Y_U0078,Y0033,2026-02-11 07:01:52.441403,17
Y_STR08944,Y_U0100,Y0042,2026-03-04 00:04:41.255230,108
Y_STR08945,Y_U0016,Y0020,2026-02-15 12:23:34.355602,187
Y_STR08946,Y_U0092,Y0043,2026-02-20 14:15:49.421385,91
Y_STR08947,Y_U0036,Y0050,2026-02-22 01:26:54.196467,237
Y_STR08948,Y_U0016,Y0007,2026-02-24 06:13:37.873799,193
Y_STR08949,Y_U0019,Y0017,2026-02-19 22:47:23.475300,92
Y_STR08950,Y_U0094,Y0030,2026-02-22 08:00:31.595095,103
Y_STR08951,Y_U0046,Y0013,2026-03-05 02:16:20.723881,108
Y_STR08952,Y_U0029,Y0034,2026-02-16 17:36:01.074045,182
Y_STR08953,Y_U0075,Y0041,2026-03-02 18:48:47.062602,150
Y_STR08954,Y_U0016,Y0028,2026-02-05 11:42:11.547046,172
Y_STR08955,Y_U0024,Y0023,2026-02-24 23:47:03.866690,52
Y_STR08956,Y_U0044,Y0038,2026-02-18 10:44:45.382041,10
Y_STR08957,Y_U0031,Y0023,2026-02-14 00:43:09.018471,56
Y_STR08958,Y_U0089,Y0031,2026-02-08 03:42:26.618487,148
Y_STR08959,Y_U0042,Y0045,2026-02-05 20:43:10.559569,146
Y_STR08960,Y_U0034,Y0048,2026-02-09 12:24:44.545072,156
Y_STR08961,Y_U0079,Y0022,2026-03-01 01:17:39.933697,150
Y_STR08962,Y_U0082,Y0020,2026-02-19 23:20:27.196791,91
Y_STR08963,Y_U0090,Y0041,2026-02-22 22:06:46.187744,87
Y_STR08964,Y_U0077,Y0044,2026-02-12 17:58:26.551952,142
Y_STR08965,Y_U0067,Y0042,2026-02-20 22:44:43.631978,50
Y_STR08966,Y_U0077,Y0042,2026-02-12 15:17:53.653551,194
Y_STR08967,Y_U0073,Y0021,2026-02-14 11:29:35.295105,121
Y_STR08968,Y_U0019,Y0036,2026-02-10 18:22:54.323365,81
Y_STR08969,Y_U0030,Y0039,2026-02-12 17:04:22.429257,173
Y_STR08970,Y_U0091,Y0034,2026-02-20 21:42:15.058051,20
Y_STR08971,Y_U0071,Y0048,2026-02-28 07:14:16.137583,34
Y_STR08972,Y_U0066,Y0038,2026-02-09 08:20:58.103576,93
Y_STR08973,Y_U0033,Y0027,2026-02-28 07:50:49.331180,127
Y_STR08974,Y_U0074,Y0040,2026-02-25 01:33:27.673183,120
Y_STR08975,Y_U0075,Y0043,2026-02-23 04:51:26.533836,178
Y_STR08976,Y_U0068,Y0005,2026-02-19 22:10:46.653009,77
Y_STR08977,Y_U0050,Y0040,2026-02-14 03:57:33.962966,144
Y_STR08978,Y_U0091,Y0018,2026-02-21 00:20:40.039011,98
Y_STR08979,Y_U0021,Y0045,2026-02-14 06:30:36.393649,105
Y_STR08980,Y_U0074,Y0035,2026-02-25 02:20:40.236645,311
Y_STR08981,Y_U0026,Y0021,2026-02-19 15:05:35.417418,145
Y_STR08982,Y_U0089,Y0028,2026-02-04 17:53:21.064051,170
Y_STR08983,Y_U0044,Y0050,2026-02-08 01:26:02.197337,208
Y_STR08984,Y_U0077,Y0020,2026-02-27 14:21:51.938021,306
Y_STR08985,Y_U0084,Y0050,2026-02-18 10:40:39.829623,53
Y_STR08986,Y_U0047,Y0022,2026-02-26 04:00:09.138546,31
Y_STR08987,Y_U0013,Y0031,2026-03-01 04:13:25.814444,37
Y_STR08988,Y_U0053,Y0033,2026-02-08 17:38:41.966713,28
Y_STR08989,Y_U0040,Y0029,2026-02-22 06:09:49.345954,112
Y_STR08990,Y_U0076,Y0040,2026-02-11 14:01:59.076199,316
Y_STR08991,Y_U0048,Y0021,2026-03-04 07:57:01.265474,163
Y_STR08992,Y_U0053,Y0049,2026-02-12 22:45:34.092239,218
Y_STR08993,Y_U0074,Y0026,2026-02-07 22:14:30.169590,72
Y_STR08994,Y_U0051,Y0008,2026-02-23 05:25:59.753802,181
Y_STR08995,Y_U0014,Y0046,2026-02-11 05:40:21.126380,132
Y_STR08996,Y_U0027,Y0024,2026-03-05 11:46:37.202940,262
Y_STR08997,Y_U0017,Y0036,2026-03-04 04:56:48.432328,43
Y_STR08998,Y_U0029,Y0021,2026-02-11 20:17:23.080784,22
Y_STR08999,Y_U0074,Y0029,2026-02-07 02:31:12.426312,93
Y_STR09000,Y_U0078,Y0045,2026-03-05 07:29:15.038271,133
Y_STR09001,Y_U0062,Y0047,2026-03-01 05:48:19.614767,213
Y_STR09002,Y_U0095,Y0006,2026-03-03 05:15:48.416348,285
Y_STR09003,Y_U0073,Y0045,2026-02-18 05:55:24.857810,188
Y_STR09004,Y_U0057,Y0047,2026-02-19 14:59:34.101022,218
Y_STR09005,Y_U0018,Y0035,2026-02-07 20:13:49.739430,287
Y_STR09006,Y_U0013,Y0021,2026-02-23 07:41:50.012882,104
Y_STR09007,Y_U0043,Y0035,2026-02-17 07:43:42.490940,152
Y_STR09008,Y_U0029,Y0037,2026-02-19 23:38:17.336814,97
Y_STR09009,Y_U0022,Y0031,2026-02-28 17:16:01.318756,105
Y_STR09010,Y_U0029,Y0042,2026-03-06 08:04:03.154153,61
Y_STR09011,Y_U0006,Y0022,2026-03-06 00:50:14.201360,128
Y_STR09012,Y_U0089,Y0020,2026-02-23 23:41:45.050763,34
Y_STR09013,Y_U0034,Y0046,2026-03-02 07:17:59.758538,24
Y_STR09014,Y_U0063,Y0045,2026-02-12 08:58:14.091591,41
Y_STR09015,Y_U0077,Y0036,2026-02-12 05:51:00.965950,164
Y_STR09016,Y_U0029,Y0046,2026-02-11 08:20:37.776943,52
Y_STR09017,Y_U0099,Y0045,2026-03-02 10:33:20.480294,169
Y_STR09018,Y_U0001,Y0042,2026-02-15 01:52:30.506228,263
Y_STR09019,Y_U0071,Y0009,2026-02-14 17:49:58.927365,40
Y_STR09020,Y_U0021,Y0050,2026-03-05 00:04:15.553757,43
Y_STR09021,Y_U0067,Y0044,2026-02-28 18:52:32.890327,291
Y_STR09022,Y_U0007,Y0017,2026-03-06 05:40:34.629959,173
Y_STR09023,Y_U0036,Y0017,2026-02-11 09:20:26.299478,22
Y_STR09024,Y_U0041,Y0031,2026-02-06 12:23:43.214262,72
Y_STR09025,Y_U0096,Y0039,2026-02-07 19:02:50.850776,125
Y_STR09026,Y_U0049,Y0035,2026-03-02 14:20:33.573554,124
Y_STR09027,Y_U0035,Y0024,2026-03-01 16:46:26.474953,250
Y_STR09028,Y_U0043,Y0018,2026-02-08 21:49:23.632915,137
Y_STR09029,Y_U0050,Y0035,2026-02-12 01:44:50.820101,130
Y_STR09030,Y_U0077,Y0024,2026-02-24 08:20:36.605167,132
Y_STR09031,Y_U0022,Y0045,2026-03-06 07:30:45.699816,37
Y_STR09032,Y_U0044,Y0047,2026-02-19 17:08:26.933428,17
Y_STR09033,Y_U0092,Y0019,2026-02-11 05:19:08.799695,139
Y_STR09034,Y_U0016,Y0021,2026-02-27 04:09:29.992357,28
Y_STR09035,Y_U0075,Y0038,2026-02-26 15:45:52.192144,90
Y_STR09036,Y_U0047,Y0019,2026-02-23 04:03:29.833890,41
Y_STR09037,Y_U0093,Y0036,2026-03-02 22:58:19.410499,131
Y_STR09038,Y_U0056,Y0050,2026-02-13 04:27:56.900379,207
Y_STR09039,Y_U0100,Y0014,2026-02-13 15:24:27.099957,292
Y_STR09040,Y_U0010,Y0048,2026-02-15 07:29:11.978712,183
Y_STR09041,Y_U0083,Y0024,2026-02-08 08:07:03.164465,78
Y_STR09042,Y_U0074,Y0038,2026-02-27 09:32:23.312641,63
Y_STR09043,Y_U0017,Y0043,2026-02-16 00:01:59.352193,170
Y_STR09044,Y_U0012,Y0032,2026-03-01 01:03:57.336338,119
Y_STR09045,Y_U0002,Y0024,2026-02-24 12:43:27.278291,128
Y_STR09046,Y_U0018,Y0042,2026-02-14 11:31:16.057958,147
Y_STR09047,Y_U0040,Y0045,2026-03-01 17:46:46.699078,132
Y_STR09048,Y_U0056,Y0027,2026-02-25 04:17:18.662439,120
Y_STR09049,Y_U0070,Y0013,2026-02-24 14:22:24.638276,15
Y_STR09050,Y_U0068,Y0045,2026-02-20 18:12:09.950711,160
Y_STR09051,Y_U0057,Y0050,2026-02-16 03:58:45.577608,131
Y_STR09052,Y_U0086,Y0037,2026-02-15 23:25:18.608624,331
Y_STR09053,Y_U0029,Y0023,2026-02-19 22:16:18.919448,124
Y_STR09054,Y_U0043,Y0027,2026-02-09 04:08:51.495285,88
Y_STR09055,Y_U0037,Y0028,2026-02-09 11:35:07.776871,72
Y_STR09056,Y_U0077,Y0041,2026-02-09 05:07:34.780711,147
Y_STR09057,Y_U0019,Y0034,2026-02-23 14:09:30.364102,86
Y_STR09058,Y_U0068,Y0042,2026-02-14 22:14:25.543858,187
Y_STR09059,Y_U0075,Y0027,2026-02-18 22:10:41.489195,60
Y_STR09060,Y_U0064,Y0040,2026-03-02 01:02:15.550618,338
Y_STR09061,Y_U0097,Y0030,2026-02-28 22:23:08.084937,86
Y_STR09062,Y_U0094,Y0037,2026-02-09 11:43:42.891904,312
Y_STR09063,Y_U0088,Y0037,2026-02-24 08:29:04.722212,55
Y_STR09064,Y_U0098,Y0044,2026-02-05 18:15:14.139301,7
Y_STR09065,Y_U0037,Y0016,2026-02-12 00:09:05.225510,79
Y_STR09066,Y_U0062,Y0030,2026-02-13 03:53:41.209466,182
Y_STR09067,Y_U0017,Y0016,2026-02-21 20:26:43.210312,71
Y_STR09068,Y_U0035,Y0019,2026-03-05 15:11:36.145734,106
Y_STR09069,Y_U0081,Y0048,2026-02-17 02:49:00.655679,189
Y_STR09070,Y_U0070,Y0039,2026-02-10 14:37:52.633009,95
Y_STR09071,Y_U0050,Y0013,2026-02-24 05:02:45.526829,52
Y_STR09072,Y_U0066,Y0031,2026-02-20 13:03:23.765516,86
Y_STR09073,Y_U0024,Y0035,2026-02-05 02:46:33.963047,204
Y_STR09074,Y_U0016,Y0042,2026-02-27 12:16:53.526031,223
Y_STR09075,Y_U0057,Y0018,2026-03-01 03:26:37.976635,113
Y_STR09076,Y_U0098,Y0028,2026-02-12 03:19:49.429069,114
Y_STR09077,Y_U0027,Y0033,2026-03-03 23:36:37.236146,18
Y_STR09078,Y_U0023,Y0019,2026-03-03 11:56:04.293015,234
Y_STR09079,Y_U0076,Y0016,2026-02-28 18:53:49.877071,50
Y_STR09080,Y_U0004,Y0023,2026-02-16 10:28:58.744881,25
Y_STR09081,Y_U0090,Y0045,2026-02-15 13:48:14.442673,71
Y_STR09082,Y_U0038,Y0049,2026-03-02 17:55:43.712923,87
Y_STR09083,Y_U0027,Y0046,2026-02-27 00:59:52.634118,46
Y_STR09084,Y_U0073,Y0006,2026-02-08 02:35:31.641452,77
Y_STR09085,Y_U0089,Y0026,2026-02-26 04:24:19.511019,5
Y_STR09086,Y_U0015,Y0039,2026-02-22 11:40:14.571281,220
Y_STR09087,Y_U0093,Y0027,2026-02-18 18:58:35.864765,143
Y_STR09088,Y_U0099,Y0050,2026-02-07 17:04:44.572339,157
Y_STR09089,Y_U0028,Y0040,2026-02-10 07:51:04.526675,235
Y_STR09090,Y_U0046,Y0046,2026-02-28 17:06:52.395832,68
Y_STR09091,Y_U0052,Y0039,2026-03-04 07:21:49.611714,141
Y_STR09092,Y_U0091,Y0049,2026-02-11 03:07:44.048133,194
Y_STR09093,Y_U0015,Y0037,2026-02-05 15:36:44.643022,57
Y_STR09094,Y_U0058,Y0035,2026-02-11 19:32:19.794591,271
Y_STR09095,Y_U0060,Y0040,2026-02-25 12:10:53.408822,35
Y_STR09096,Y_U0087,Y0048,2026-02-18 05:50:33.576080,140
Y_STR09097,Y_U0008,Y0042,2026-02-11 16:48:07.698195,16
Y_STR09098,Y_U0043,Y0037,2026-02-12 17:01:54.327522,90
Y_STR09099,Y_U0037,Y0020,2026-02-22 04:57:12.288110,336
Y_STR09100,Y_U0078,Y0034,2026-02-17 14:52:43.972420,16
Y_STR09101,Y_U0068,Y0047,2026-02-07 02:13:08.001925,27
Y_STR09102,Y_U0020,Y0031,2026-02-11 21:32:12.846425,161
Y_STR09103,Y_U0029,Y0018,2026-02-21 10:58:06.302632,107
Y_STR09104,Y_U0063,Y0043,2026-02-08 19:32:54.129876,65
Y_STR09105,Y_U0084,Y0025,2026-02-17 17:58:50.115467,139
Y_STR09106,Y_U0016,Y0040,2026-02-16 01:18:01.864019,118
Y_STR09107,Y_U0055,Y0017,2026-02-27 14:02:12.765971,34
Y_STR09108,Y_U0030,Y0047,2026-02-06 00:53:47.859347,208
Y_STR09109,Y_U0097,Y0037,2026-02-25 07:16:25.320950,192
Y_STR09110,Y_U0065,Y0050,2026-02-17 16:00:49.074836,273
Y_STR09111,Y_U0066,Y0025,2026-02-04 19:25:16.051661,79
Y_STR09112,Y_U0023,Y0048,2026-02-11 08:37:37.616287,154
Y_STR09113,Y_U0082,Y0043,2026-02-12 20:34:59.077749,49
Y_STR09114,Y_U0063,Y0025,2026-02-14 05:58:39.433964,18
Y_STR09115,Y_U0045,Y0036,2026-02-11 09:25:46.585896,170
Y_STR09116,Y_U0028,Y0022,2026-02-09 12:27:17.060578,100
Y_STR09117,Y_U0093,Y0034,2026-03-03 04:44:17.863530,5
Y_STR09118,Y_U0017,Y0032,2026-02-10 10:03:32.472872,93
Y_STR09119,Y_U0073,Y0016,2026-02-18 17:47:46.942010,65
Y_STR09120,Y_U0055,Y0042,2026-02-22 18:19:41.878767,273
Y_STR09121,Y_U0026,Y0039,2026-02-10 16:28:04.399892,209
Y_STR09122,Y_U0051,Y0046,2026-02-10 01:29:17.408995,208
Y_STR09123,Y_U0037,Y0003,2026-02-05 21:17:17.376364,206
Y_STR09124,Y_U0068,Y0032,2026-02-24 21:37:44.533262,62
Y_STR09125,Y_U0018,Y0034,2026-02-14 18:09:14.319365,196
Y_STR09126,Y_U0057,Y0047,2026-03-03 06:01:56.782529,49
Y_STR09127,Y_U0017,Y0045,2026-02-28 14:07:50.528488,205
Y_STR09128,Y_U0094,Y0039,2026-02-07 02:30:30.448383,307
Y_STR09129,Y_U0075,Y0036,2026-02-19 23:28:32.457806,144
Y_STR09130,Y_U0041,Y0028,2026-02-06 02:59:45.570556,24
Y_STR09131,Y_U0091,Y0013,2026-02-18 01:53:52.241236,124
Y_STR09132,Y_U0048,Y0012,2026-02-10 22:43:26.683721,163
Y_STR09133,Y_U0020,Y0039,2026-02-12 01:54:54.765096,314
Y_STR09134,Y_U0080,Y0026,2026-02-16 19:31:59.963687,81
Y_STR09135,Y_U0047,Y0021,2026-02-08 07:18:31.615422,103
Y_STR09136,Y_U0095,Y0044,2026-03-06 06:51:44.813122,210
Y_STR09137,Y_U0074,Y0028,2026-02-07 21:03:52.849787,137
Y_STR09138,Y_U0031,Y0047,2026-02-17 00:22:27.435731,175
Y_STR09139,Y_U0055,Y0027,2026-02-25 02:49:18.883991,142
Y_STR09140,Y_U0041,Y0032,2026-02-16 07:51:25.332851,105
Y_STR09141,Y_U0032,Y0018,2026-02-23 14:52:52.489877,97
Y_STR09142,Y_U0052,Y0029,2026-02-14 04:37:51.970191,42
Y_STR09143,Y_U0026,Y0050,2026-02-20 00:17:15.824638,231
Y_STR09144,Y_U0055,Y0038,2026-03-04 03:15:28.379909,114
Y_STR09145,Y_U0011,Y0034,2026-02-27 21:33:27.894409,76
Y_STR09146,Y_U0076,Y0049,2026-02-18 17:14:34.590583,204
Y_STR09147,Y_U0038,Y0037,2026-02-27 23:30:25.102124,218
Y_STR09148,Y_U0030,Y0039,2026-02-14 19:07:14.727485,197
Y_STR09149,Y_U0024,Y0049,2026-02-06 02:09:13.765067,30
Y_STR09150,Y_U0006,Y0045,2026-02-22 06:31:39.608488,191
Y_STR09151,Y_U0065,Y0039,2026-02-27 15:44:04.061855,68
Y_STR09152,Y_U0094,Y0030,2026-02-19 01:10:57.021767,43
Y_STR09153,Y_U0049,Y0022,2026-02-14 06:43:20.910790,68
Y_STR09154,Y_U0027,Y0027,2026-02-18 23:44:41.849826,102
Y_STR09155,Y_U0066,Y0037,2026-02-09 18:52:57.027886,161
Y_STR09156,Y_U0005,Y0036,2026-02-23 00:50:40.399746,229
Y_STR09157,Y_U0026,Y0045,2026-02-19 11:51:25.394575,79
Y_STR09158,Y_U0047,Y0039,2026-02-20 08:38:37.689976,155
Y_STR09159,Y_U0080,Y0043,2026-02-15 15:50:23.202416,5
Y_STR09160,Y_U0030,Y0043,2026-02-24 15:58:18.991035,93
Y_STR09161,Y_U0024,Y0043,2026-02-27 19:56:26.944170,79
Y_STR09162,Y_U0082,Y0029,2026-02-24 07:26:04.448630,44
Y_STR09163,Y_U0019,Y0048,2026-03-04 14:13:02.840457,141
Y_STR09164,Y_U0042,Y0025,2026-03-05 21:21:06.222045,160
Y_STR09165,Y_U0098,Y0050,2026-02-19 04:49:09.813089,333
Y_STR09166,Y_U0019,Y0041,2026-02-26 14:34:10.666563,86
Y_STR09167,Y_U0030,Y0038,2026-02-05 03:20:57.620754,52
Y_STR09168,Y_U0038,Y0041,2026-02-18 15:03:23.252389,150
Y_STR09169,Y_U0014,Y0044,2026-02-12 22:25:38.405810,20
Y_STR09170,Y_U0038,Y0037,2026-02-20 03:28:54.368161,285
Y_STR09171,Y_U0094,Y0040,2026-02-10 22:31:53.296736,57
Y_STR09172,Y_U0076,Y0047,2026-02-23 22:54:47.441463,145
Y_STR09173,Y_U0084,Y0030,2026-02-05 17:18:58.276842,38
Y_STR09174,Y_U0018,Y0042,2026-02-16 03:55:33.106516,88
Y_STR09175,Y_U0053,Y0017,2026-03-06 07:34:30.900739,135
Y_STR09176,Y_U0046,Y0048,2026-02-23 11:43:47.015370,58
Y_STR09177,Y_U0062,Y0036,2026-02-15 09:41:21.436460,11
Y_STR09178,Y_U0057,Y0043,2026-02-27 20:45:36.706721,64
Y_STR09179,Y_U0013,Y0036,2026-02-10 07:11:01.548831,248
Y_STR09180,Y_U0048,Y0047,2026-02-15 21:30:40.084690,124
Y_STR09181,Y_U0035,Y0024,2026-02-10 15:15:31.729309,277
Y_STR09182,Y_U0083,Y0038,2026-02-25 14:05:52.036089,87
Y_STR09183,Y_U0060,Y0044,2026-02-28 05:21:31.454084,174
Y_STR09184,Y_U0058,Y0047,2026-02-20 02:06:03.236416,169
Y_STR09185,Y_U0025,Y0024,2026-02-26 14:56:54.756296,276
Y_STR09186,Y_U0081,Y0033,2026-03-05 01:45:55.005767,10
Y_STR09187,Y_U0094,Y0049,2026-02-25 16:39:05.586484,250
Y_STR09188,Y_U0046,Y0031,2026-02-10 04:05:43.366815,131
Y_STR09189,Y_U0087,Y0030,2026-02-15 07:26:15.482771,180
Y_STR09190,Y_U0003,Y0042,2026-02-12 15:48:17.673125,82
Y_STR09191,Y_U0092,Y0030,2026-02-26 20:38:45.617455,110
Y_STR09192,Y_U0068,Y0027,2026-02-06 23:38:48.208482,46
Y_STR09193,Y_U0061,Y0034,2026-02-06 23:14:35.521023,105
Y_STR09194,Y_U0068,Y0049,2026-02-06 00:52:59.826749,182
Y_STR09195,Y_U0019,Y0015,2026-02-06 23:43:38.938219,22
Y_STR09196,Y_U0034,Y0045,2026-02-07 23:56:19.040933,57
Y_STR09197,Y_U0012,Y0021,2026-02-12 20:37:44.007066,134
Y_STR09198,Y_U0093,Y0022,2026-03-03 05:10:20.233520,150
Y_STR09199,Y_U0015,Y0041,2026-02-08 00:17:28.095025,56
Y_STR09200,Y_U0096,Y0024,2026-02-24 18:18:37.553523,26
Y_STR09201,Y_U0011,Y0048,2026-02-22 02:41:36.123747,94
Y_STR09202,Y_U0009,Y0042,2026-02-10 01:28:44.261089,50
Y_STR09203,Y_U0037,Y0048,2026-02-23 14:25:19.435997,134
Y_STR09204,Y_U0004,Y0001,2026-03-03 05:13:54.045610,88
Y_STR09205,Y_U0071,Y0039,2026-02-07 02:37:21.582877,100
Y_STR09206,Y_U0020,Y0032,2026-02-25 15:51:53.870375,195
Y_STR09207,Y_U0046,Y0048,2026-02-22 07:23:44.653602,99
Y_STR09208,Y_U0090,Y0047,2026-02-28 15:02:27.725906,212
Y_STR09209,Y_U0025,Y0029,2026-02-15 10:13:19.443659,71
Y_STR09210,Y_U0060,Y0038,2026-02-18 03:41:57.379505,49
Y_STR09211,Y_U0038,Y0002,2026-02-07 22:17:38.602644,105
Y_STR09212,Y_U0022,Y0043,2026-02-10 17:11:30.997476,79
Y_STR09213,Y_U0032,Y0043,2026-02-27 17:47:49.223732,38
Y_STR09214,Y_U0022,Y0041,2026-02-09 06:57:31.413730,66
Y_STR09215,Y_U0013,Y0038,2026-02-09 11:55:20.209821,64
Y_STR09216,Y_U0081,Y0022,2026-02-15 19:50:40.056667,61
Y_STR09217,Y_U0087,Y0038,2026-02-12 08:49:33.870503,61
Y_STR09218,Y_U0059,Y0012,2026-02-18 08:14:22.445147,274
Y_STR09219,Y_U0044,Y0019,2026-02-15 05:52:39.370234,187
Y_STR09220,Y_U0016,Y0047,2026-02-21 12:16:57.298696,22
Y_STR09221,Y_U0026,Y0046,2026-02-25 21:14:41.285351,127
Y_STR09222,Y_U0072,Y0034,2026-02-08 23:59:31.460454,128
Y_STR09223,Y_U0030,Y0047,2026-03-01 23:46:11.669669,98
Y_STR09224,Y_U0093,Y0044,2026-02-23 05:39:58.129383,287
Y_STR09225,Y_U0037,Y0041,2026-02-15 05:17:58.480922,69
Y_STR09226,Y_U0037,Y0048,2026-03-01 19:18:25.655105,221
Y_STR09227,Y_U0006,Y0024,2026-02-08 06:03:39.389695,288
Y_STR09228,Y_U0021,Y0017,2026-03-03 10:26:51.733259,61
Y_STR09229,Y_U0014,Y0040,2026-02-23 02:14:41.874535,169
Y_STR09230,Y_U0037,Y0048,2026-02-05 14:03:33.795193,226
Y_STR09231,Y_U0004,Y0019,2026-02-26 16:04:20.636292,100
Y_STR09232,Y_U0007,Y0032,2026-02-25 10:06:12.994035,36
Y_STR09233,Y_U0044,Y0044,2026-03-02 18:01:12.525542,240
Y_STR09234,Y_U0005,Y0049,2026-02-20 01:25:03.278981,44
Y_STR09235,Y_U0096,Y0044,2026-02-04 23:45:06.715838,47
Y_STR09236,Y_U0083,Y0035,2026-02-05 12:54:03.533847,54
Y_STR09237,Y_U0098,Y0017,2026-03-04 19:15:52.910122,11
Y_STR09238,Y_U0007,Y0016,2026-03-02 22:30:51.349051,95
Y_STR09239,Y_U0070,Y0044,2026-02-26 22:05:33.348912,46
Y_STR09240,Y_U0041,Y0043,2026-03-01 17:41:35.594828,114
Y_STR09241,Y_U0042,Y0041,2026-02-16 14:03:02.692592,170
Y_STR09242,Y_U0032,Y0029,2026-03-03 06:00:56.456209,149
Y_STR09243,Y_U0070,Y0018,2026-02-17 19:46:12.100091,78
Y_STR09244,Y_U0009,Y0033,2026-02-20 05:50:15.656768,49
Y_STR09245,Y_U0027,Y0017,2026-02-13 08:02:31.923777,138
Y_STR09246,Y_U0084,Y0007,2026-02-11 02:32:20.737227,78
Y_STR09247,Y_U0100,Y0050,2026-02-19 11:16:55.257023,248
Y_STR09248,Y_U0016,Y0029,2026-02-23 12:32:43.783177,164
Y_STR09249,Y_U0033,Y0026,2026-03-01 09:38:20.036108,70
Y_STR09250,Y_U0024,Y0045,2026-02-12 14:40:00.298202,123
Y_STR09251,Y_U0058,Y0037,2026-03-01 01:04:47.882278,325
Y_STR09252,Y_U0019,Y0027,2026-03-05 02:36:14.620488,116
Y_STR09253,Y_U0010,Y0040,2026-02-21 17:27:24.057563,206
Y_STR09254,Y_U0001,Y0042,2026-02-24 07:28:58.399340,331
Y_STR09255,Y_U0009,Y0042,2026-02-05 23:53:56.685614,160
Y_STR09256,Y_U0010,Y0015,2026-02-09 22:08:11.676574,321
Y_STR09257,Y_U0095,Y0029,2026-02-18 17:47:59.202347,83
Y_STR09258,Y_U0077,Y0004,2026-02-24 19:53:36.398319,40
Y_STR09259,Y_U0012,Y0035,2026-02-22 17:07:32.338070,178
Y_STR09260,Y_U0038,Y0027,2026-02-25 23:28:38.164392,130
Y_STR09261,Y_U0065,Y0046,2026-02-05 10:33:17.632588,203
Y_STR09262,Y_U0013,Y0012,2026-03-04 00:19:00.278134,66
Y_STR09263,Y_U0058,Y0037,2026-02-15 05:50:15.767689,165
Y_STR09264,Y_U0024,Y0044,2026-02-27 13:51:53.459810,112
Y_STR09265,Y_U0028,Y0040,2026-03-04 23:37:35.916659,280
Y_STR09266,Y_U0083,Y0018,2026-02-07 22:55:52.624799,155
Y_STR09267,Y_U0045,Y0029,2026-02-26 08:15:01.210717,93
Y_STR09268,Y_U0080,Y0038,2026-02-13 18:24:46.170396,92
Y_STR09269,Y_U0046,Y0042,2026-02-08 02:38:31.131429,135
Y_STR09270,Y_U0004,Y0049,2026-02-22 23:12:57.622901,81
Y_STR09271,Y_U0022,Y0007,2026-02-12 08:51:13.722733,207
Y_STR09272,Y_U0034,Y0047,2026-02-11 17:55:58.793783,179
Y_STR09273,Y_U0043,Y0041,2026-02-11 13:14:52.504490,172
Y_STR09274,Y_U0015,Y0044,2026-02-15 15:48:47.542964,290
Y_STR09275,Y_U0085,Y0046,2026-02-23 12:48:28.383336,202
Y_STR09276,Y_U0031,Y0015,2026-03-01 02:52:34.066960,170
Y_STR09277,Y_U0063,Y0015,2026-02-14 13:30:59.861190,283
Y_STR09278,Y_U0075,Y0026,2026-02-12 20:46:31.245384,6
Y_STR09279,Y_U0076,Y0027,2026-03-01 06:03:04.035839,120
Y_STR09280,Y_U0096,Y0032,2026-02-05 01:56:00.052179,241
Y_STR09281,Y_U0077,Y0035,2026-02-24 15:22:35.259732,30
Y_STR09282,Y_U0021,Y0023,2026-02-18 10:46:46.098780,85
Y_STR09283,Y_U0015,Y0042,2026-02-16 23:57:39.386726,189
Y_STR09284,Y_U0049,Y0041,2026-03-06 03:36:51.938346,14
Y_STR09285,Y_U0008,Y0040,2026-02-24 18:17:24.221468,57
Y_STR09286,Y_U0072,Y0044,2026-03-01 21:19:22.889397,70
Y_STR09287,Y_U0067,Y0020,2026-02-27 01:29:43.319969,140
Y_STR09288,Y_U0067,Y0012,2026-02-06 01:41:37.081002,158
Y_STR09289,Y_U0060,Y0043,2026-02-20 20:52:21.826360,71
Y_STR09290,Y_U0034,Y0038,2026-02-04 22:26:52.646866,66
Y_STR09291,Y_U0062,Y0047,2026-02-18 21:59:11.353944,64
Y_STR09292,Y_U0036,Y0017,2026-02-07 12:01:07.782649,61
Y_STR09293,Y_U0090,Y0048,2026-02-06 18:49:38.834068,170
Y_STR09294,Y_U0098,Y0039,2026-02-08 14:42:42.416256,113
Y_STR09295,Y_U0038,Y0037,2026-02-21 09:29:36.017601,240
Y_STR09296,Y_U0087,Y0043,2026-02-14 08:00:47.878055,18
Y_STR09297,Y_U0013,Y0048,2026-02-28 00:17:57.575983,20
Y_STR09298,Y_U0095,Y0029,2026-03-05 11:24:11.024383,110
Y_STR09299,Y_U0081,Y0040,2026-02-09 12:14:12.700833,233
Y_STR09300,Y_U0030,Y0040,2026-02-18 08:13:45.189955,191
Y_STR09301,Y_U0061,Y0032,2026-02-24 16:22:54.898058,126
Y_STR09302,Y_U0029,Y0027,2026-02-12 06:06:31.342893,77
Y_STR09303,Y_U0047,Y0002,2026-03-05 13:53:09.463186,97
Y_STR09304,Y_U0007,Y0021,2026-02-21 01:27:38.123945,149
Y_STR09305,Y_U0041,Y0043,2026-02-20 05:56:07.564063,148
Y_STR09306,Y_U0080,Y0039,2026-02-27 18:15:42.683774,58
Y_STR09307,Y_U0050,Y0019,2026-02-14 17:09:44.170762,161
Y_STR09308,Y_U0046,Y0041,2026-02-05 04:11:07.284193,98
Y_STR09309,Y_U0074,Y0048,2026-02-04 09:57:46.917381,147
Y_STR09310,Y_U0066,Y0023,2026-02-21 03:19:09.225464,82
Y_STR09311,Y_U0044,Y0049,2026-02-26 13:26:47.596349,81
Y_STR09312,Y_U0027,Y0046,2026-02-21 18:07:34.477245,207
Y_STR09313,Y_U0085,Y0027,2026-02-14 22:14:50.091164,36
Y_STR09314,Y_U0044,Y0032,2026-02-09 15:45:32.897070,54
Y_STR09315,Y_U0047,Y0039,2026-02-11 00:21:01.868058,138
Y_STR09316,Y_U0085,Y0009,2026-02-04 11:54:53.681318,19
Y_STR09317,Y_U0001,Y0033,2026-02-18 02:43:22.776362,232
Y_STR09318,Y_U0069,Y0043,2026-02-16 07:05:12.210655,113
Y_STR09319,Y_U0026,Y0036,2026-02-12 20:32:51.420179,221
Y_STR09320,Y_U0008,Y0032,2026-02-07 05:01:38.134412,240
Y_STR09321,Y_U0002,Y0048,2026-02-14 13:45:22.198634,12
Y_STR09322,Y_U0078,Y0042,2026-03-05 10:18:47.983742,124
Y_STR09323,Y_U0060,Y0034,2026-02-21 10:45:23.123513,101
Y_STR09324,Y_U0098,Y0011,2026-02-11 06:54:19.607167,242
Y_STR09325,Y_U0088,Y0007,2026-02-05 11:52:45.702368,157
Y_STR09326,Y_U0099,Y0049,2026-02-09 13:29:36.714975,23
Y_STR09327,Y_U0076,Y0050,2026-03-04 18:54:17.498283,84
Y_STR09328,Y_U0020,Y0038,2026-02-26 12:05:55.607382,98
Y_STR09329,Y_U0046,Y0037,2026-02-25 01:49:34.625406,97
Y_STR09330,Y_U0095,Y0045,2026-02-15 23:59:16.029798,226
Y_STR09331,Y_U0007,Y0048,2026-02-19 13:16:50.424720,122
Y_STR09332,Y_U0052,Y0030,2026-02-26 16:40:14.140029,54
Y_STR09333,Y_U0004,Y0041,2026-02-05 13:34:22.888248,34
Y_STR09334,Y_U0046,Y0038,2026-02-24 18:10:55.660787,180
Y_STR09335,Y_U0001,Y0016,2026-02-22 09:37:06.001178,65
Y_STR09336,Y_U0074,Y0049,2026-02-19 01:34:07.005647,148
Y_STR09337,Y_U0058,Y0021,2026-02-15 15:51:23.101948,47
Y_STR09338,Y_U0087,Y0024,2026-02-27 16:09:41.527407,110
Y_STR09339,Y_U0030,Y0049,2026-02-05 03:16:36.011033,238
Y_STR09340,Y_U0039,Y0014,2026-02-14 03:56:03.302963,122
Y_STR09341,Y_U0036,Y0014,2026-02-22 19:16:46.259927,159
Y_STR09342,Y_U0015,Y0046,2026-02-10 02:17:39.559907,197
Y_STR09343,Y_U0078,Y0044,2026-03-05 10:14:15.890128,162
Y_STR09344,Y_U0080,Y0042,2026-02-17 14:10:49.523648,260
Y_STR09345,Y_U0008,Y0016,2026-02-26 12:20:30.342995,55
Y_STR09346,Y_U0082,Y0039,2026-02-25 06:09:21.556607,102
Y_STR09347,Y_U0001,Y0044,2026-03-02 22:52:03.970204,78
Y_STR09348,Y_U0086,Y0023,2026-02-24 14:31:44.468884,120
Y_STR09349,Y_U0062,Y0033,2026-03-01 19:13:22.877408,230
Y_STR09350,Y_U0080,Y0035,2026-03-01 20:07:22.167078,214
Y_STR09351,Y_U0038,Y0014,2026-02-17 19:50:18.800580,116
Y_STR09352,Y_U0004,Y0050,2026-02-10 19:34:52.850818,234
Y_STR09353,Y_U0080,Y0028,2026-02-16 16:28:54.480063,154
Y_STR09354,Y_U0043,Y0010,2026-02-17 17:18:44.540579,42
Y_STR09355,Y_U0003,Y0036,2026-02-18 14:32:23.673259,103
Y_STR09356,Y_U0084,Y0033,2026-02-09 06:28:02.408277,101
Y_STR09357,Y_U0008,Y0050,2026-02-25 01:35:29.687943,321
Y_STR09358,Y_U0092,Y0050,2026-02-05 07:31:42.359415,46
Y_STR09359,Y_U0035,Y0025,2026-02-19 03:51:00.735007,100
Y_STR09360,Y_U0026,Y0010,2026-02-25 05:43:28.744725,139
Y_STR09361,Y_U0098,Y0029,2026-02-18 01:39:06.950024,36
Y_STR09362,Y_U0087,Y0026,2026-02-14 08:28:00.758327,38
Y_STR09363,Y_U0071,Y0047,2026-02-23 05:43:09.816514,226
Y_STR09364,Y_U0063,Y0019,2026-02-05 16:08:08.441383,84
Y_STR09365,Y_U0069,Y0020,2026-02-27 14:17:40.035541,80
Y_STR09366,Y_U0084,Y0048,2026-02-10 00:20:22.223797,15
Y_STR09367,Y_U0081,Y0012,2026-02-12 17:11:44.676475,27
Y_STR09368,Y_U0048,Y0036,2026-02-16 16:30:10.936297,43
Y_STR09369,Y_U0031,Y0048,2026-03-04 13:32:57.165082,96
Y_STR09370,Y_U0056,Y0036,2026-02-28 09:59:34.124562,93
Y_STR09371,Y_U0058,Y0025,2026-02-17 19:00:10.768969,145
Y_STR09372,Y_U0067,Y0021,2026-02-15 11:56:28.320152,69
Y_STR09373,Y_U0023,Y0040,2026-02-26 03:42:26.795745,302
Y_STR09374,Y_U0008,Y0047,2026-02-09 11:32:58.423388,80
Y_STR09375,Y_U0098,Y0050,2026-02-11 21:29:45.656737,59
Y_STR09376,Y_U0073,Y0028,2026-02-09 19:08:23.525057,180
Y_STR09377,Y_U0017,Y0044,2026-02-10 18:38:41.747942,235
Y_STR09378,Y_U0045,Y0020,2026-03-03 06:02:17.347700,127
Y_STR09379,Y_U0002,Y0049,2026-02-13 14:44:13.548663,145
Y_STR09380,Y_U0088,Y0034,2026-02-17 07:09:23.954013,162
Y_STR09381,Y_U0073,Y0024,2026-03-04 02:44:44.246569,284
Y_STR09382,Y_U0100,Y0047,2026-02-13 21:35:45.929375,94
Y_STR09383,Y_U0012,Y0039,2026-02-07 05:00:51.919295,54
Y_STR09384,Y_U0003,Y0024,2026-02-11 23:21:54.495064,140
Y_STR09385,Y_U0063,Y0035,2026-02-18 18:25:48.941118,287
Y_STR09386,Y_U0027,Y0040,2026-02-06 01:08:36.394568,282
Y_STR09387,Y_U0047,Y0033,2026-02-16 14:07:13.485222,217
Y_STR09388,Y_U0025,Y0046,2026-02-11 00:36:06.084783,28
Y_STR09389,Y_U0098,Y0044,2026-02-24 09:46:22.151808,262
Y_STR09390,Y_U0026,Y0023,2026-02-04 23:58:25.483035,23
Y_STR09391,Y_U0058,Y0041,2026-02-18 15:40:21.856359,27
Y_STR09392,Y_U0091,Y0044,2026-03-03 19:59:44.362342,54
Y_STR09393,Y_U0086,Y0050,2026-02-08 09:22:07.959872,53
Y_STR09394,Y_U0082,Y0019,2026-03-01 18:50:44.275087,232
Y_STR09395,Y_U0039,Y0049,2026-02-26 07:50:26.142257,149
Y_STR09396,Y_U0075,Y0031,2026-03-05 00:32:46.437992,153
Y_STR09397,Y_U0078,Y0036,2026-02-09 09:28:51.425300,155
Y_STR09398,Y_U0035,Y0045,2026-02-07 00:22:34.291782,177
Y_STR09399,Y_U0038,Y0046,2026-02-12 05:40:59.829704,141
Y_STR09400,Y_U0015,Y0040,2026-03-05 23:24:52.402199,73
Y_STR09401,Y_U0014,Y0035,2026-02-18 15:42:04.423711,325
Y_STR09402,Y_U0066,Y0040,2026-02-14 12:11:21.007412,71
Y_STR09403,Y_U0062,Y0049,2026-02-13 12:38:38.301299,149
Y_STR09404,Y_U0050,Y0036,2026-02-26 21:13:34.975118,157
Y_STR09405,Y_U0026,Y0027,2026-02-28 20:46:24.130886,100
Y_STR09406,Y_U0034,Y0017,2026-02-15 23:19:55.729291,46
Y_STR09407,Y_U0050,Y0019,2026-02-18 02:18:57.601057,116
Y_STR09408,Y_U0023,Y0037,2026-02-27 01:59:11.482640,250
Y_STR09409,Y_U0089,Y0027,2026-02-08 13:19:30.907849,32
Y_STR09410,Y_U0003,Y0020,2026-02-20 17:11:59.018879,135
Y_STR09411,Y_U0074,Y0036,2026-02-25 13:51:32.187587,30
Y_STR09412,Y_U0040,Y0010,2026-03-02 21:04:18.062484,124
Y_STR09413,Y_U0044,Y0005,2026-02-05 13:11:33.320107,196
Y_STR09414,Y_U0005,Y0029,2026-02-21 12:21:01.259452,84
Y_STR09415,Y_U0044,Y0012,2026-03-05 23:43:36.983449,310
Y_STR09416,Y_U0067,Y0027,2026-02-20 00:59:52.132099,123
Y_STR09417,Y_U0062,Y0029,2026-03-02 09:47:30.617448,54
Y_STR09418,Y_U0065,Y0033,2026-02-07 12:08:14.758896,80
Y_STR09419,Y_U0031,Y0039,2026-03-03 01:42:50.438684,144
Y_STR09420,Y_U0098,Y0041,2026-02-13 16:34:18.388895,56
Y_STR09421,Y_U0020,Y0040,2026-02-23 07:28:45.972721,125
Y_STR09422,Y_U0008,Y0040,2026-02-10 11:39:59.679506,201
Y_STR09423,Y_U0089,Y0004,2026-02-17 03:11:16.803774,72
Y_STR09424,Y_U0051,Y0039,2026-02-28 07:22:23.529401,131
Y_STR09425,Y_U0059,Y0015,2026-02-12 19:15:00.093919,187
Y_STR09426,Y_U0084,Y0043,2026-02-25 06:13:18.842292,55
Y_STR09427,Y_U0031,Y0038,2026-03-04 21:53:52.763770,33
Y_STR09428,Y_U0092,Y0032,2026-02-23 07:16:24.416590,98
Y_STR09429,Y_U0049,Y0003,2026-02-19 05:16:16.276932,284
Y_STR09430,Y_U0086,Y0030,2026-03-06 01:42:37.998071,91
Y_STR09431,Y_U0065,Y0015,2026-02-07 04:42:35.267855,291
Y_STR09432,Y_U0015,Y0020,2026-02-12 00:52:33.862830,62
Y_STR09433,Y_U0098,Y0041,2026-02-11 10:55:45.112938,110
Y_STR09434,Y_U0018,Y0014,2026-02-23 11:55:32.358886,200
Y_STR09435,Y_U0031,Y0044,2026-02-28 15:05:59.648459,274
Y_STR09436,Y_U0029,Y0024,2026-02-23 21:57:53.328745,17
Y_STR09437,Y_U0032,Y0046,2026-02-25 07:27:37.595359,102
Y_STR09438,Y_U0028,Y0050,2026-03-04 08:50:24.892749,63
Y_STR09439,Y_U0045,Y0050,2026-02-13 19:52:50.974888,104
Y_STR09440,Y_U0093,Y0039,2026-02-19 00:43:31.009943,99
Y_STR09441,Y_U0083,Y0044,2026-02-21 14:46:14.187945,225
Y_STR09442,Y_U0045,Y0030,2026-02-05 19:31:07.958574,84
Y_STR09443,Y_U0038,Y0020,2026-03-06 08:20:39.216578,149
Y_STR09444,Y_U0057,Y0038,2026-02-05 23:54:42.113019,9
Y_STR09445,Y_U0019,Y0017,2026-02-13 16:15:41.378459,200
Y_STR09446,Y_U0073,Y0040,2026-02-27 13:51:15.878448,264
Y_STR09447,Y_U0057,Y0027,2026-03-02 13:50:13.581382,128
Y_STR09448,Y_U0050,Y0024,2026-02-04 10:47:45.456431,248
Y_STR09449,Y_U0016,Y0035,2026-02-10 20:50:06.222495,104
Y_STR09450,Y_U0080,Y0044,2026-03-06 03:00:03.609788,264
Y_STR09451,Y_U0037,Y0028,2026-02-04 22:18:32.493941,90
Y_STR09452,Y_U0010,Y0018,2026-02-08 23:19:55.004662,181
Y_STR09453,Y_U0018,Y0031,2026-02-23 11:41:13.517843,130
Y_STR09454,Y_U0097,Y0050,2026-02-14 06:24:52.798209,326
Y_STR09455,Y_U0074,Y0038,2026-02-05 11:33:20.765785,100
Y_STR09456,Y_U0091,Y0026,2026-02-10 13:49:37.413703,82
Y_STR09457,Y_U0077,Y0040,2026-02-05 19:52:42.755412,62
Y_STR09458,Y_U0022,Y0033,2026-03-03 20:56:24.043152,99
Y_STR09459,Y_U0039,Y0031,2026-03-02 20:12:41.012000,54
Y_STR09460,Y_U0089,Y0012,2026-03-01 14:47:26.910995,113
Y_STR09461,Y_U0014,Y0048,2026-02-13 04:47:53.680703,65
Y_STR09462,Y_U0085,Y0030,2026-02-28 14:03:16.482042,150
Y_STR09463,Y_U0034,Y0024,2026-02-15 01:29:08.920697,35
Y_STR09464,Y_U0088,Y0027,2026-02-08 04:57:46.108364,138
Y_STR09465,Y_U0100,Y0023,2026-03-05 03:51:57.479294,22
Y_STR09466,Y_U0008,Y0047,2026-02-23 17:29:50.935632,52
Y_STR09467,Y_U0045,Y0043,2026-02-24 17:36:43.419974,81
Y_STR09468,Y_U0063,Y0050,2026-02-15 03:07:31.944538,132
Y_STR09469,Y_U0085,Y0006,2026-02-20 05:30:18.854225,207
Y_STR09470,Y_U0014,Y0033,2026-02-06 10:39:07.617719,13
Y_STR09471,Y_U0062,Y0030,2026-02-05 06:58:51.560766,166
Y_STR09472,Y_U0086,Y0014,2026-02-23 10:07:30.347771,147
Y_STR09473,Y_U0051,Y0037,2026-02-17 12:50:37.435226,305
Y_STR09474,Y_U0030,Y0032,2026-02-09 07:05:26.620501,135
Y_STR09475,Y_U0062,Y0040,2026-02-20 17:11:23.681270,51
Y_STR09476,Y_U0065,Y0016,2026-02-07 12:11:25.497432,9
Y_STR09477,Y_U0037,Y0043,2026-02-23 16:02:02.629437,82
Y_STR09478,Y_U0083,Y0024,2026-02-05 16:20:52.146168,206
Y_STR09479,Y_U0031,Y0039,2026-02-17 12:18:14.737952,46
Y_STR09480,Y_U0036,Y0036,2026-02-08 13:15:12.993472,32
Y_STR09481,Y_U0013,Y0022,2026-02-23 02:28:17.946152,145
Y_STR09482,Y_U0086,Y0031,2026-03-04 15:00:55.589102,123
Y_STR09483,Y_U0098,Y0043,2026-02-09 14:21:30.755237,36
Y_STR09484,Y_U0029,Y0039,2026-02-19 12:55:57.331955,241
Y_STR09485,Y_U0076,Y0049,2026-02-27 02:29:58.092672,141
Y_STR09486,Y_U0093,Y0047,2026-02-26 01:08:47.745387,10
Y_STR09487,Y_U0067,Y0046,2026-02-25 21:35:51.651292,230
Y_STR09488,Y_U0085,Y0028,2026-03-02 17:34:54.328835,215
Y_STR09489,Y_U0074,Y0033,2026-02-16 20:22:45.985964,44
Y_STR09490,Y_U0016,Y0048,2026-02-11 16:37:34.309731,47
Y_STR09491,Y_U0006,Y0012,2026-02-22 09:36:39.655790,32
Y_STR09492,Y_U0060,Y0039,2026-02-16 05:36:34.865623,285
Y_STR09493,Y_U0064,Y0041,2026-03-04 14:25:35.266871,48
Y_STR09494,Y_U0087,Y0042,2026-02-23 17:56:17.541193,210
Y_STR09495,Y_U0004,Y0040,2026-03-05 18:51:46.228992,252
Y_STR09496,Y_U0077,Y0012,2026-02-14 06:45:10.592418,213
Y_STR09497,Y_U0068,Y0045,2026-02-17 01:10:20.896402,154
Y_STR09498,Y_U0091,Y0043,2026-02-13 09:12:03.318972,111
Y_STR09499,Y_U0074,Y0048,2026-02-20 10:51:28.156947,47
Y_STR09500,Y_U0095,Y0026,2026-03-01 03:58:17.526382,85
Y_STR09501,Y_U0083,Y0037,2026-02-10 06:03:07.608799,110
Y_STR09502,Y_U0022,Y0010,2026-02-24 02:07:20.371315,199
Y_STR09503,Y_U0015,Y0024,2026-03-02 10:24:22.158373,268
Y_STR09504,Y_U0098,Y0037,2026-02-17 10:46:17.709910,226
Y_STR09505,Y_U0003,Y0010,2026-02-08 04:32:10.325644,67
Y_STR09506,Y_U0072,Y0022,2026-02-23 06:24:15.277070,128
Y_STR09507,Y_U0047,Y0007,2026-02-11 14:04:00.924991,52
Y_STR09508,Y_U0079,Y0031,2026-02-12 14:17:10.312741,62
Y_STR09509,Y_U0082,Y0030,2026-02-24 08:00:04.473249,62
Y_STR09510,Y_U0059,Y0007,2026-02-27 07:15:07.541686,89
Y_STR09511,Y_U0090,Y0031,2026-02-25 13:36:20.478098,52
Y_STR09512,Y_U0053,Y0031,2026-02-23 14:26:19.925202,104
Y_STR09513,Y_U0099,Y0045,2026-03-05 10:02:46.560701,31
Y_STR09514,Y_U0086,Y0020,2026-03-04 02:41:13.404449,143
Y_STR09515,Y_U0034,Y0049,2026-02-16 06:57:00.990520,20
Y_STR09516,Y_U0017,Y0048,2026-02-13 00:46:44.325640,99
Y_STR09517,Y_U0025,Y0050,2026-02-27 21:39:44.150184,189
Y_STR09518,Y_U0090,Y0020,2026-03-05 20:02:20.620702,323
Y_STR09519,Y_U0093,Y0038,2026-02-08 16:14:37.836307,63
Y_STR09520,Y_U0028,Y0044,2026-02-23 07:30:27.857898,305
Y_STR09521,Y_U0090,Y0034,2026-02-07 11:20:10.057724,42
Y_STR09522,Y_U0071,Y0050,2026-02-04 10:28:00.020791,257
Y_STR09523,Y_U0094,Y0034,2026-02-27 04:02:03.121910,168
Y_STR09524,Y_U0061,Y0014,2026-02-07 21:02:15.379049,44
Y_STR09525,Y_U0011,Y0031,2026-02-08 18:31:06.075217,16
Y_STR09526,Y_U0095,Y0025,2026-02-19 12:05:21.228017,125
Y_STR09527,Y_U0051,Y0042,2026-02-07 17:34:21.242031,301
Y_STR09528,Y_U0099,Y0036,2026-02-15 15:54:24.229575,181
Y_STR09529,Y_U0011,Y0040,2026-02-10 14:19:00.635305,235
Y_STR09530,Y_U0001,Y0049,2026-03-02 09:44:52.504243,69
Y_STR09531,Y_U0082,Y0050,2026-03-01 06:55:03.182523,134
Y_STR09532,Y_U0047,Y0049,2026-02-06 04:53:40.037173,151
Y_STR09533,Y_U0075,Y0033,2026-02-11 12:27:27.614498,282
Y_STR09534,Y_U0034,Y0039,2026-03-04 21:41:14.253591,45
Y_STR09535,Y_U0096,Y0039,2026-02-12 07:51:44.316999,38
Y_STR09536,Y_U0002,Y0028,2026-02-14 20:50:41.257958,52
Y_STR09537,Y_U0043,Y0035,2026-02-05 05:09:59.428508,281
Y_STR09538,Y_U0048,Y0026,2026-02-14 02:56:23.412801,6
Y_STR09539,Y_U0010,Y0029,2026-03-03 22:07:58.419151,132
Y_STR09540,Y_U0034,Y0023,2026-02-04 20:01:53.414425,78
Y_STR09541,Y_U0035,Y0003,2026-03-05 14:22:32.912328,236
Y_STR09542,Y_U0034,Y0047,2026-02-23 05:33:47.844921,121
Y_STR09543,Y_U0024,Y0029,2026-02-04 21:29:31.758653,13
Y_STR09544,Y_U0060,Y0044,2026-02-25 10:20:48.656676,242
Y_STR09545,Y_U0035,Y0044,2026-02-26 05:44:41.177551,118
Y_STR09546,Y_U0012,Y0032,2026-03-05 07:34:28.659433,131
Y_STR09547,Y_U0011,Y0033,2026-02-05 05:36:24.590380,91
Y_STR09548,Y_U0044,Y0029,2026-03-06 05:09:37.881848,139
Y_STR09549,Y_U0080,Y0035,2026-02-07 18:57:01.823960,25
Y_STR09550,Y_U0063,Y0040,2026-03-02 19:15:28.746285,38
Y_STR09551,Y_U0041,Y0030,2026-02-19 06:48:17.760732,175
Y_STR09552,Y_U0058,Y0050,2026-03-04 14:00:39.309968,162
Y_STR09553,Y_U0062,Y0029,2026-02-21 21:04:07.544053,33
Y_STR09554,Y_U0094,Y0024,2026-02-15 03:31:48.498802,109
Y_STR09555,Y_U0091,Y0017,2026-02-17 03:38:31.919022,64
Y_STR09556,Y_U0062,Y0040,2026-02-27 17:33:13.464555,180
Y_STR09557,Y_U0068,Y0024,2026-02-11 03:06:38.527653,110
Y_STR09558,Y_U0024,Y0031,2026-02-06 03:12:35.184036,144
Y_STR09559,Y_U0038,Y0036,2026-02-27 15:02:08.481156,166
Y_STR09560,Y_U0009,Y0035,2026-02-28 03:08:12.811333,23
Y_STR09561,Y_U0058,Y0046,2026-02-11 18:25:52.755940,17
Y_STR09562,Y_U0054,Y0044,2026-02-27 11:51:54.542988,83
Y_STR09563,Y_U0095,Y0043,2026-02-17 08:45:37.026865,165
Y_STR09564,Y_U0070,Y0018,2026-02-23 16:15:46.595537,132
Y_STR09565,Y_U0010,Y0050,2026-03-03 19:21:05.380833,124
Y_STR09566,Y_U0037,Y0005,2026-03-03 16:35:31.370877,229
Y_STR09567,Y_U0015,Y0040,2026-02-22 12:31:35.470345,75
Y_STR09568,Y_U0096,Y0038,2026-02-11 15:41:21.243458,54
Y_STR09569,Y_U0017,Y0019,2026-02-08 02:19:30.179559,156
Y_STR09570,Y_U0088,Y0045,2026-03-04 22:14:02.810333,56
Y_STR09571,Y_U0060,Y0022,2026-02-24 20:28:25.243312,25
Y_STR09572,Y_U0022,Y0035,2026-02-10 04:32:11.843338,61
Y_STR09573,Y_U0038,Y0034,2026-02-12 10:56:51.162696,9
Y_STR09574,Y_U0063,Y0020,2026-02-17 07:15:29.306137,104
Y_STR09575,Y_U0028,Y0044,2026-02-05 10:48:13.145878,54
Y_STR09576,Y_U0010,Y0041,2026-02-14 12:29:21.017048,111
Y_STR09577,Y_U0086,Y0012,2026-02-17 23:52:50.832642,180
Y_STR09578,Y_U0029,Y0038,2026-02-23 23:04:21.246017,93
Y_STR09579,Y_U0045,Y0050,2026-02-15 18:33:22.022484,303
Y_STR09580,Y_U0036,Y0022,2026-02-16 01:28:16.383804,125
Y_STR09581,Y_U0083,Y0028,2026-02-20 12:34:02.992643,23
Y_STR09582,Y_U0050,Y0004,2026-02-12 22:06:30.322905,181
Y_STR09583,Y_U0070,Y0035,2026-02-28 07:33:11.917526,212
Y_STR09584,Y_U0079,Y0047,2026-02-11 16:08:58.929108,221
Y_STR09585,Y_U0085,Y0039,2026-02-08 10:47:47.806701,91
Y_STR09586,Y_U0035,Y0043,2026-02-08 10:19:16.284882,150
Y_STR09587,Y_U0038,Y0043,2026-02-17 14:12:39.185331,134
Y_STR09588,Y_U0017,Y0040,2026-03-05 11:47:36.092704,213
Y_STR09589,Y_U0010,Y0046,2026-03-03 21:49:56.984156,45
Y_STR09590,Y_U0005,Y0023,2026-02-08 07:07:10.315434,5
Y_STR09591,Y_U0028,Y0030,2026-02-21 00:02:14.702435,78
Y_STR09592,Y_U0090,Y0040,2026-03-05 20:05:10.638344,251
Y_STR09593,Y_U0040,Y0020,2026-02-16 19:50:05.985422,172
Y_STR09594,Y_U0058,Y0012,2026-02-21 06:37:36.920897,99
Y_STR09595,Y_U0004,Y0024,2026-02-27 16:51:14.171335,85
Y_STR09596,Y_U0015,Y0033,2026-02-28 04:42:16.159793,229
Y_STR09597,Y_U0074,Y0044,2026-02-05 12:14:48.474353,76
Y_STR09598,Y_U0083,Y0041,2026-02-05 11:25:01.229333,148
Y_STR09599,Y_U0068,Y0050,2026-02-21 21:45:49.492438,37
Y_STR09600,Y_U0039,Y0017,2026-02-07 13:55:52.090096,100
Y_STR09601,Y_U0074,Y0034,2026-02-26 13:30:28.576290,160
Y_STR09602,Y_U0081,Y0041,2026-02-07 08:15:00.807932,138
Y_STR09603,Y_U0061,Y0024,2026-03-02 18:56:52.579195,177
Y_STR09604,Y_U0091,Y0037,2026-02-14 07:02:43.768208,311
Y_STR09605,Y_U0011,Y0050,2026-02-08 06:10:31.914966,200
Y_STR09606,Y_U0031,Y0009,2026-02-19 19:31:19.919918,28
Y_STR09607,Y_U0070,Y0022,2026-03-05 06:22:50.356064,149
Y_STR09608,Y_U0093,Y0049,2026-02-17 04:58:35.260823,129
Y_STR09609,Y_U0008,Y0048,2026-02-28 08:14:27.163856,127
Y_STR09610,Y_U0074,Y0045,2026-02-22 20:20:10.396917,128
Y_STR09611,Y_U0056,Y0037,2026-02-28 22:10:00.312399,340
Y_STR09612,Y_U0034,Y0035,2026-02-23 18:52:34.181126,119
Y_STR09613,Y_U0098,Y0021,2026-02-28 19:27:32.614563,140
Y_STR09614,Y_U0074,Y0030,2026-02-04 12:03:51.587590,106
Y_STR09615,Y_U0099,Y0040,2026-02-25 19:53:54.628698,47
Y_STR09616,Y_U0046,Y0049,2026-03-02 01:04:18.651756,87
Y_STR09617,Y_U0084,Y0028,2026-03-06 04:31:34.741569,167
Y_STR09618,Y_U0087,Y0049,2026-02-18 23:54:33.268848,113
Y_STR09619,Y_U0083,Y0040,2026-02-20 03:10:00.957103,21
Y_STR09620,Y_U0057,Y0022,2026-02-10 11:45:51.483319,33
Y_STR09621,Y_U0060,Y0026,2026-02-11 21:39:02.607850,82
Y_STR09622,Y_U0084,Y0023,2026-02-21 22:05:37.407637,97
Y_STR09623,Y_U0081,Y0049,2026-03-01 00:20:42.690064,246
Y_STR09624,Y_U0032,Y0046,2026-02-21 04:04:17.909050,29
Y_STR09625,Y_U0096,Y0049,2026-02-14 07:18:55.369519,72
Y_STR09626,Y_U0063,Y0021,2026-02-19 19:51:21.768696,153
Y_STR09627,Y_U0028,Y0022,2026-03-03 07:12:38.959230,6
Y_STR09628,Y_U0020,Y0050,2026-02-12 07:47:54.033781,280
Y_STR09629,Y_U0049,Y0050,2026-03-05 20:48:40.770203,310
Y_STR09630,Y_U0067,Y0039,2026-02-10 06:59:42.323255,257
Y_STR09631,Y_U0071,Y0017,2026-02-09 21:38:52.822370,85
Y_STR09632,Y_U0058,Y0022,2026-02-23 14:59:39.422385,32
Y_STR09633,Y_U0078,Y0035,2026-02-25 21:11:10.832397,32
Y_STR09634,Y_U0016,Y0035,2026-02-05 14:44:51.001246,145
Y_STR09635,Y_U0024,Y0042,2026-02-19 15:28:49.246573,210
Y_STR09636,Y_U0083,Y0041,2026-02-18 16:34:05.881711,68
Y_STR09637,Y_U0069,Y0022,2026-02-25 09:50:25.285709,68
Y_STR09638,Y_U0053,Y0013,2026-02-11 01:35:00.809008,136
Y_STR09639,Y_U0086,Y0037,2026-03-02 11:35:01.029353,91
Y_STR09640,Y_U0026,Y0034,2026-02-10 09:38:50.458100,152
Y_STR09641,Y_U0088,Y0043,2026-03-02 05:03:22.333737,101
Y_STR09642,Y_U0095,Y0049,2026-03-05 10:25:42.304568,142
Y_STR09643,Y_U0063,Y0041,2026-02-13 03:01:22.429096,130
Y_STR09644,Y_U0012,Y0048,2026-03-05 20:23:13.605721,180
Y_STR09645,Y_U0048,Y0037,2026-02-08 14:46:32.641798,348
Y_STR09646,Y_U0030,Y0046,2026-03-01 15:48:02.269744,74
Y_STR09647,Y_U0048,Y0010,2026-02-09 19:46:29.763340,178
Y_STR09648,Y_U0085,Y0037,2026-03-01 20:46:22.691784,91
Y_STR09649,Y_U0036,Y0031,2026-03-03 14:10:20.293595,123
Y_STR09650,Y_U0055,Y0047,2026-02-12 00:24:24.956481,104
Y_STR09651,Y_U0004,Y0025,2026-02-10 23:42:59.817936,149
Y_STR09652,Y_U0060,Y0023,2026-02-12 16:28:41.788198,125
Y_STR09653,Y_U0054,Y0023,2026-02-07 00:22:03.122817,47
Y_STR09654,Y_U0071,Y0041,2026-02-11 08:42:43.178682,167
Y_STR09655,Y_U0045,Y0030,2026-03-03 20:21:33.389977,26
Y_STR09656,Y_U0068,Y0038,2026-02-20 03:04:01.047101,80
Y_STR09657,Y_U0038,Y0041,2026-02-05 10:28:06.709744,165
Y_STR09658,Y_U0071,Y0037,2026-02-21 00:56:11.469779,52
Y_STR09659,Y_U0095,Y0028,2026-02-13 04:16:45.340803,7
Y_STR09660,Y_U0047,Y0025,2026-02-12 09:46:17.176204,26
Y_STR09661,Y_U0094,Y0023,2026-02-05 09:39:16.737794,98
Y_STR09662,Y_U0013,Y0012,2026-02-25 20:20:12.077632,223
Y_STR09663,Y_U0084,Y0046,2026-02-17 18:36:30.547081,247
Y_STR09664,Y_U0078,Y0040,2026-03-03 08:42:08.964890,8
Y_STR09665,Y_U0093,Y0043,2026-02-07 21:41:03.793610,42
Y_STR09666,Y_U0088,Y0028,2026-02-19 04:40:28.456987,43
Y_STR09667,Y_U0039,Y0012,2026-02-26 14:09:19.198482,287
Y_STR09668,Y_U0029,Y0017,2026-02-24 04:15:06.971987,5
Y_STR09669,Y_U0077,Y0045,2026-02-23 17:52:49.922439,11
Y_STR09670,Y_U0003,Y0049,2026-02-08 23:55:49.983900,142
Y_STR09671,Y_U0077,Y0047,2026-03-06 09:22:05.287848,44
Y_STR09672,Y_U0070,Y0046,2026-02-05 00:05:25.783638,174
Y_STR09673,Y_U0062,Y0039,2026-02-09 07:34:19.167245,93
Y_STR09674,Y_U0021,Y0016,2026-02-13 04:37:34.797016,120
Y_STR09675,Y_U0092,Y0028,2026-02-18 15:46:45.618494,22
Y_STR09676,Y_U0065,Y0041,2026-02-06 23:09:50.471584,118
Y_STR09677,Y_U0096,Y0008,2026-02-05 15:19:53.766850,145
Y_STR09678,Y_U0051,Y0047,2026-03-02 11:05:53.676141,226
Y_STR09679,Y_U0085,Y0041,2026-02-25 06:13:50.413800,34
Y_STR09680,Y_U0008,Y0044,2026-03-05 04:50:01.091688,62
Y_STR09681,Y_U0056,Y0014,2026-02-10 10:41:44.660594,246
Y_STR09682,Y_U0079,Y0045,2026-02-07 22:06:39.775351,227
Y_STR09683,Y_U0007,Y0043,2026-02-13 14:51:12.321309,43
Y_STR09684,Y_U0007,Y0039,2026-02-25 08:34:22.355261,183
Y_STR09685,Y_U0032,Y0039,2026-02-18 08:02:19.152361,287
Y_STR09686,Y_U0086,Y0033,2026-03-03 21:15:29.875164,118
Y_STR09687,Y_U0029,Y0045,2026-03-04 16:56:06.704715,158
Y_STR09688,Y_U0087,Y0019,2026-02-10 13:19:32.877861,102
Y_STR09689,Y_U0010,Y0017,2026-03-04 17:46:03.956815,10
Y_STR09690,Y_U0088,Y0033,2026-02-20 22:52:12.248116,88
Y_STR09691,Y_U0043,Y0034,2026-02-09 09:08:18.754786,194
Y_STR09692,Y_U0002,Y0048,2026-02-08 17:17:40.318720,217
Y_STR09693,Y_U0038,Y0024,2026-03-04 07:05:54.540660,76
Y_STR09694,Y_U0012,Y0030,2026-02-21 18:34:48.494836,81
Y_STR09695,Y_U0089,Y0045,2026-02-26 06:56:54.897702,193
Y_STR09696,Y_U0080,Y0023,2026-02-14 08:19:11.255265,101
Y_STR09697,Y_U0015,Y0044,2026-02-26 15:36:52.731755,165
Y_STR09698,Y_U0021,Y0039,2026-02-15 11:32:23.678334,280
Y_STR09699,Y_U0038,Y0046,2026-02-08 13:22:36.796313,20
Y_STR09700,Y_U0082,Y0016,2026-02-09 11:56:47.093110,39
Y_STR09701,Y_U0078,Y0026,2026-03-03 12:00:43.462432,62
Y_STR09702,Y_U0063,Y0014,2026-02-13 05:10:12.116899,119
Y_STR09703,Y_U0003,Y0040,2026-03-06 03:08:38.007043,101
Y_STR09704,Y_U0019,Y0032,2026-02-14 22:58:59.630434,106
Y_STR09705,Y_U0060,Y0042,2026-02-18 22:16:04.261087,152
Y_STR09706,Y_U0043,Y0018,2026-02-22 11:26:58.353635,188
Y_STR09707,Y_U0099,Y0046,2026-03-06 06:59:25.991150,150
Y_STR09708,Y_U0013,Y0039,2026-02-16 16:38:31.941286,108
Y_STR09709,Y_U0094,Y0050,2026-03-05 14:46:06.723654,291
Y_STR09710,Y_U0067,Y0030,2026-02-19 19:22:46.384391,49
Y_STR09711,Y_U0003,Y0026,2026-02-23 09:24:20.259839,12
Y_STR09712,Y_U0081,Y0050,2026-02-22 07:51:54.810528,243
Y_STR09713,Y_U0015,Y0048,2026-02-23 22:42:03.441599,87
Y_STR09714,Y_U0046,Y0039,2026-02-23 16:38:34.999696,156
Y_STR09715,Y_U0051,Y0017,2026-02-15 07:05:25.044638,79
Y_STR09716,Y_U0003,Y0033,2026-03-03 03:14:57.355637,129
Y_STR09717,Y_U0047,Y0017,2026-02-11 10:45:57.602130,28
Y_STR09718,Y_U0054,Y0048,2026-02-18 06:11:32.467624,90
Y_STR09719,Y_U0017,Y0050,2026-02-08 04:05:19.756522,323
Y_STR09720,Y_U0024,Y0038,2026-02-26 10:05:24.263777,115
Y_STR09721,Y_U0060,Y0046,2026-02-20 09:35:35.955623,254
Y_STR09722,Y_U0032,Y0015,2026-02-05 05:11:12.410016,320
Y_STR09723,Y_U0017,Y0038,2026-02-10 17:38:42.468711,126
Y_STR09724,Y_U0031,Y0042,2026-02-26 02:45:24.193180,108
Y_STR09725,Y_U0059,Y0020,2026-02-04 13:39:12.512567,78
Y_STR09726,Y_U0013,Y0035,2026-02-25 15:45:47.399810,214
Y_STR09727,Y_U0092,Y0015,2026-02-18 08:22:31.535553,114
Y_STR09728,Y_U0027,Y0001,2026-02-28 12:26:05.509076,96
Y_STR09729,Y_U0004,Y0005,2026-02-13 08:29:37.866370,296
Y_STR09730,Y_U0010,Y0019,2026-02-10 07:54:38.864507,164
Y_STR09731,Y_U0013,Y0018,2026-03-03 03:40:14.528614,122
Y_STR09732,Y_U0025,Y0022,2026-02-06 18:23:47.479710,62
Y_STR09733,Y_U0062,Y0019,2026-02-14 10:06:37.636066,99
Y_STR09734,Y_U0024,Y0048,2026-02-20 13:14:05.617678,87
Y_STR09735,Y_U0073,Y0023,2026-02-25 22:02:49.613669,89
Y_STR09736,Y_U0073,Y0037,2026-02-21 00:28:47.797531,13
Y_STR09737,Y_U0070,Y0048,2026-02-21 05:08:38.520649,120
Y_STR09738,Y_U0033,Y0045,2026-02-12 06:26:53.959434,139
Y_STR09739,Y_U0090,Y0036,2026-02-20 09:28:41.357299,52
Y_STR09740,Y_U0073,Y0022,2026-02-20 01:52:26.743857,53
Y_STR09741,Y_U0021,Y0033,2026-02-14 09:13:55.716658,40
Y_STR09742,Y_U0036,Y0049,2026-02-26 09:57:14.985812,205
Y_STR09743,Y_U0045,Y0036,2026-02-10 12:51:33.954733,59
Y_STR09744,Y_U0100,Y0045,2026-02-09 20:35:24.087292,221
Y_STR09745,Y_U0015,Y0029,2026-02-26 07:12:21.039011,21
Y_STR09746,Y_U0038,Y0009,2026-02-16 11:33:17.576583,74
Y_STR09747,Y_U0062,Y0036,2026-02-15 17:13:38.106083,25
Y_STR09748,Y_U0072,Y0047,2026-02-15 23:02:11.974563,54
Y_STR09749,Y_U0014,Y0037,2026-02-19 19:45:03.910032,293
Y_STR09750,Y_U0021,Y0037,2026-02-04 18:34:26.496013,23
Y_STR09751,Y_U0090,Y0017,2026-03-03 16:21:11.713546,154
Y_STR09752,Y_U0045,Y0033,2026-02-12 12:47:37.068416,156
Y_STR09753,Y_U0034,Y0049,2026-02-09 01:28:31.893479,70
Y_STR09754,Y_U0033,Y0036,2026-02-07 17:00:19.977279,143
Y_STR09755,Y_U0100,Y0032,2026-02-13 17:30:06.287899,143
Y_STR09756,Y_U0009,Y0048,2026-02-08 08:08:58.526020,64
Y_STR09757,Y_U0057,Y0050,2026-03-05 05:11:00.122487,321
Y_STR09758,Y_U0089,Y0037,2026-02-23 01:27:00.650961,286
Y_STR09759,Y_U0020,Y0042,2026-02-25 01:43:23.604391,101
Y_STR09760,Y_U0012,Y0032,2026-03-06 01:04:43.420081,225
Y_STR09761,Y_U0097,Y0022,2026-03-02 18:09:52.253046,56
Y_STR09762,Y_U0029,Y0024,2026-03-04 16:42:55.895022,166
Y_STR09763,Y_U0070,Y0041,2026-02-19 09:58:00.032225,5
Y_STR09764,Y_U0085,Y0017,2026-03-05 09:22:43.989304,209
Y_STR09765,Y_U0005,Y0050,2026-02-26 00:40:07.650299,279
Y_STR09766,Y_U0066,Y0046,2026-02-28 05:33:08.969254,72
Y_STR09767,Y_U0066,Y0041,2026-03-03 05:29:03.282848,170
Y_STR09768,Y_U0010,Y0035,2026-02-25 12:46:55.031384,225
Y_STR09769,Y_U0095,Y0046,2026-02-27 10:00:09.388769,227
Y_STR09770,Y_U0100,Y0042,2026-02-12 09:48:18.713245,272
Y_STR09771,Y_U0048,Y0048,2026-02-19 05:49:54.569221,34
Y_STR09772,Y_U0094,Y0047,2026-02-04 17:03:00.780768,85
Y_STR09773,Y_U0057,Y0038,2026-02-16 20:57:10.492702,152
Y_STR09774,Y_U0011,Y0042,2026-02-21 09:43:05.884741,43
Y_STR09775,Y_U0064,Y0016,2026-02-24 01:31:55.390601,20
Y_STR09776,Y_U0073,Y0005,2026-02-13 03:52:04.750183,264
Y_STR09777,Y_U0076,Y0046,2026-02-16 19:49:28.556681,94
Y_STR09778,Y_U0096,Y0048,2026-02-11 01:55:58.685974,80
Y_STR09779,Y_U0070,Y0016,2026-03-05 08:30:10.583625,74
Y_STR09780,Y_U0026,Y0027,2026-02-22 20:09:38.628687,10
Y_STR09781,Y_U0063,Y0036,2026-03-04 02:15:57.304379,133
Y_STR09782,Y_U0097,Y0031,2026-02-07 10:39:33.798425,63
Y_STR09783,Y_U0006,Y0039,2026-02-21 11:59:03.967273,95
Y_STR09784,Y_U0075,Y0048,2026-02-21 20:37:58.752856,215
Y_STR09785,Y_U0097,Y0041,2026-02-09 00:51:54.229471,26
Y_STR09786,Y_U0069,Y0045,2026-02-20 11:28:42.711738,66
Y_STR09787,Y_U0092,Y0042,2026-02-12 15:27:16.457705,339
Y_STR09788,Y_U0097,Y0048,2026-02-23 07:49:05.243900,102
Y_STR09789,Y_U0054,Y0040,2026-02-05 02:37:46.820434,171
Y_STR09790,Y_U0082,Y0037,2026-03-05 13:21:28.921307,334
Y_STR09791,Y_U0058,Y0049,2026-02-25 02:54:02.463303,183
Y_STR09792,Y_U0046,Y0027,2026-02-14 21:37:08.728708,103
Y_STR09793,Y_U0049,Y0005,2026-02-10 04:27:53.273118,196
Y_STR09794,Y_U0073,Y0035,2026-02-10 04:57:47.098051,297
Y_STR09795,Y_U0013,Y0028,2026-02-05 12:11:22.246034,35
Y_STR09796,Y_U0028,Y0021,2026-03-05 12:57:55.079403,98
Y_STR09797,Y_U0007,Y0027,2026-02-28 10:36:25.588558,137
Y_STR09798,Y_U0071,Y0036,2026-02-26 05:39:04.675692,166
Y_STR09799,Y_U0003,Y0017,2026-02-16 11:15:27.326959,61
Y_STR09800,Y_U0100,Y0033,2026-02-24 21:10:31.933821,162
Y_STR09801,Y_U0029,Y0010,2026-02-19 11:27:39.719289,170
Y_STR09802,Y_U0033,Y0049,2026-02-13 15:29:10.250572,176
Y_STR09803,Y_U0065,Y0047,2026-03-02 02:52:48.496068,33
Y_STR09804,Y_U0061,Y0047,2026-02-07 12:15:48.732219,14
Y_STR09805,Y_U0038,Y0035,2026-02-08 15:10:02.448158,304
Y_STR09806,Y_U0073,Y0041,2026-03-04 19:04:48.606458,57
Y_STR09807,Y_U0011,Y0038,2026-02-15 20:56:05.826282,185
Y_STR09808,Y_U0050,Y0043,2026-02-21 18:48:41.140795,55
Y_STR09809,Y_U0058,Y0046,2026-02-06 03:29:39.738136,217
Y_STR09810,Y_U0049,Y0025,2026-02-10 09:40:14.947763,142
Y_STR09811,Y_U0024,Y0004,2026-02-11 03:31:33.888026,186
Y_STR09812,Y_U0008,Y0043,2026-02-21 06:15:38.537474,67
Y_STR09813,Y_U0051,Y0037,2026-02-22 02:24:06.037763,155
Y_STR09814,Y_U0100,Y0050,2026-02-22 21:37:17.679477,94
Y_STR09815,Y_U0056,Y0048,2026-02-19 06:18:49.860342,208
Y_STR09816,Y_U0039,Y0044,2026-02-13 08:42:30.233418,85
Y_STR09817,Y_U0019,Y0037,2026-02-24 20:52:27.905277,25
Y_STR09818,Y_U0014,Y0036,2026-02-20 20:13:19.375448,219
Y_STR09819,Y_U0018,Y0014,2026-02-22 13:04:46.086482,198
Y_STR09820,Y_U0049,Y0015,2026-03-05 16:28:54.374903,189
Y_STR09821,Y_U0054,Y0047,2026-02-20 01:49:55.737990,90
Y_STR09822,Y_U0099,Y0046,2026-02-20 15:09:57.128453,83
Y_STR09823,Y_U0052,Y0042,2026-02-15 03:30:09.320797,43
Y_STR09824,Y_U0096,Y0040,2026-02-21 11:42:44.439644,202
Y_STR09825,Y_U0093,Y0039,2026-03-02 18:15:02.548262,273
Y_STR09826,Y_U0061,Y0048,2026-02-14 23:09:36.416836,201
Y_STR09827,Y_U0012,Y0044,2026-02-05 18:30:39.599348,85
Y_STR09828,Y_U0033,Y0043,2026-02-28 20:03:20.541913,149
Y_STR09829,Y_U0099,Y0014,2026-02-26 04:25:52.333962,135
Y_STR09830,Y_U0008,Y0025,2026-02-19 03:34:12.203019,11
Y_STR09831,Y_U0093,Y0024,2026-02-18 02:27:53.447808,240
Y_STR09832,Y_U0043,Y0047,2026-02-06 12:14:52.041894,110
Y_STR09833,Y_U0085,Y0043,2026-02-27 00:37:36.937980,115
Y_STR09834,Y_U0082,Y0037,2026-02-05 01:39:56.704934,177
Y_STR09835,Y_U0038,Y0036,2026-02-12 17:28:38.257956,196
Y_STR09836,Y_U0072,Y0018,2026-02-22 11:13:24.591119,102
Y_STR09837,Y_U0029,Y0042,2026-02-24 07:57:42.892995,150
Y_STR09838,Y_U0065,Y0039,2026-02-23 18:16:25.884404,305
Y_STR09839,Y_U0055,Y0031,2026-02-04 17:15:47.737821,5
Y_STR09840,Y_U0020,Y0005,2026-02-28 00:41:23.906359,199
Y_STR09841,Y_U0024,Y0018,2026-02-19 15:39:54.540492,161
Y_STR09842,Y_U0049,Y0047,2026-02-07 23:08:11.270131,139
Y_STR09843,Y_U0023,Y0040,2026-02-23 03:58:50.387031,320
Y_STR09844,Y_U0063,Y0018,2026-02-09 06:24:45.889460,192
Y_STR09845,Y_U0023,Y0031,2026-03-04 03:21:41.233343,55
Y_STR09846,Y_U0024,Y0030,2026-02-09 08:56:44.432772,148
Y_STR09847,Y_U0055,Y0050,2026-03-02 08:30:40.412691,141
Y_STR09848,Y_U0010,Y0032,2026-03-04 08:03:04.460381,125
Y_STR09849,Y_U0004,Y0043,2026-02-13 05:57:01.459264,19
Y_STR09850,Y_U0036,Y0030,2026-02-08 07:22:44.543398,126
Y_STR09851,Y_U0049,Y0019,2026-02-24 04:38:29.747308,111
Y_STR09852,Y_U0085,Y0040,2026-02-22 03:24:05.694143,231
Y_STR09853,Y_U0048,Y0029,2026-02-23 23:23:37.129555,105
Y_STR09854,Y_U0031,Y0047,2026-02-24 01:41:01.338858,205
Y_STR09855,Y_U0028,Y0008,2026-02-05 15:02:49.274054,205
Y_STR09856,Y_U0097,Y0032,2026-02-09 00:40:21.515918,13
Y_STR09857,Y_U0033,Y0032,2026-02-28 23:20:45.409139,79
Y_STR09858,Y_U0003,Y0023,2026-02-27 23:51:30.448273,91
Y_STR09859,Y_U0018,Y0020,2026-03-03 06:44:47.374616,133
Y_STR09860,Y_U0011,Y0049,2026-03-03 19:09:08.696086,247
Y_STR09861,Y_U0065,Y0019,2026-02-15 05:14:21.192403,107
Y_STR09862,Y_U0047,Y0038,2026-03-04 03:17:36.708336,13
Y_STR09863,Y_U0015,Y0044,2026-03-02 15:48:57.507669,105
Y_STR09864,Y_U0013,Y0037,2026-02-17 22:18:56.137318,12
Y_STR09865,Y_U0028,Y0045,2026-02-24 11:27:31.405637,122
Y_STR09866,Y_U0042,Y0006,2026-02-21 20:53:27.811552,189
Y_STR09867,Y_U0057,Y0047,2026-02-24 20:45:12.759449,32
Y_STR09868,Y_U0025,Y0009,2026-02-15 21:37:49.715558,76
Y_STR09869,Y_U0061,Y0046,2026-02-18 00:51:00.426880,90
Y_STR09870,Y_U0037,Y0039,2026-03-03 08:15:50.776090,86
Y_STR09871,Y_U0008,Y0025,2026-02-17 23:53:13.591272,17
Y_STR09872,Y_U0033,Y0033,2026-02-24 12:23:07.050130,275
Y_STR09873,Y_U0084,Y0037,2026-02-12 09:02:03.010726,269
Y_STR09874,Y_U0035,Y0043,2026-03-06 04:28:49.058897,186
Y_STR09875,Y_U0018,Y0036,2026-02-17 13:01:44.210124,246
Y_STR09876,Y_U0063,Y0022,2026-02-11 11:43:48.364934,142
Y_STR09877,Y_U0081,Y0043,2026-02-22 08:31:54.561808,120
Y_STR09878,Y_U0002,Y0018,2026-02-27 18:04:33.883099,71
Y_STR09879,Y_U0018,Y0047,2026-03-06 04:12:20.449642,234
Y_STR09880,Y_U0034,Y0048,2026-02-23 14:30:03.581624,89
Y_STR09881,Y_U0076,Y0046,2026-02-18 10:56:38.591308,79
Y_STR09882,Y_U0046,Y0025,2026-03-05 05:40:09.096325,182
Y_STR09883,Y_U0035,Y0036,2026-02-26 21:33:07.156334,189
Y_STR09884,Y_U0084,Y0018,2026-02-12 11:20:32.935654,97
Y_STR09885,Y_U0077,Y0031,2026-03-01 06:24:30.129988,159
Y_STR09886,Y_U0006,Y0037,2026-02-23 01:37:21.222514,322
Y_STR09887,Y_U0071,Y0034,2026-02-28 21:59:26.466422,148
Y_STR09888,Y_U0089,Y0027,2026-02-18 00:44:27.731978,59
Y_STR09889,Y_U0067,Y0048,2026-02-06 02:19:30.749631,222
Y_STR09890,Y_U0080,Y0037,2026-02-27 14:48:56.057581,143
Y_STR09891,Y_U0075,Y0025,2026-02-07 22:42:39.854424,72
Y_STR09892,Y_U0072,Y0046,2026-02-24 17:57:40.596819,97
Y_STR09893,Y_U0056,Y0016,2026-02-13 12:09:12.152211,61
Y_STR09894,Y_U0084,Y0038,2026-02-22 00:57:57.349585,29
Y_STR09895,Y_U0084,Y0017,2026-02-04 20:34:50.080949,217
Y_STR09896,Y_U0046,Y0037,2026-02-16 02:16:02.958900,67
Y_STR09897,Y_U0004,Y0038,2026-02-17 17:38:30.795052,113
Y_STR09898,Y_U0072,Y0033,2026-02-19 07:43:30.322463,31
Y_STR09899,Y_U0093,Y0031,2026-02-15 04:57:42.001491,65
Y_STR09900,Y_U0082,Y0035,2026-02-26 01:51:37.105165,61
Y_STR09901,Y_U0010,Y0036,2026-02-20 00:36:27.853021,220
Y_STR09902,Y_U0002,Y0047,2026-02-10 02:13:38.883322,179
Y_STR09903,Y_U0094,Y0032,2026-02-28 03:24:48.462478,134
Y_STR09904,Y_U0007,Y0015,2026-02-24 10:19:45.167359,104
Y_STR09905,Y_U0016,Y0025,2026-02-18 21:54:41.696918,187
Y_STR09906,Y_U0037,Y0036,2026-02-10 19:17:35.253558,98
Y_STR09907,Y_U0048,Y0045,2026-02-11 13:39:18.072402,212
Y_STR09908,Y_U0074,Y0023,2026-02-17 03:02:49.826178,100
Y_STR09909,Y_U0072,Y0006,2026-02-09 23:55:39.461404,303
Y_STR09910,Y_U0085,Y0040,2026-02-21 14:59:30.198256,289
Y_STR09911,Y_U0002,Y0032,2026-02-26 08:58:37.473451,22
Y_STR09912,Y_U0034,Y0027,2026-02-22 15:37:23.124481,105
Y_STR09913,Y_U0032,Y0039,2026-02-10 16:05:20.484041,130
Y_STR09914,Y_U0086,Y0014,2026-02-18 22:44:40.358080,110
Y_STR09915,Y_U0018,Y0018,2026-02-25 14:21:00.157417,12
Y_STR09916,Y_U0078,Y0002,2026-02-27 12:37:31.990324,161
Y_STR09917,Y_U0015,Y0037,2026-02-23 14:00:35.513988,279
Y_STR09918,Y_U0056,Y0049,2026-03-06 02:10:00.231999,228
Y_STR09919,Y_U0076,Y0037,2026-02-20 01:42:08.565011,286
Y_STR09920,Y_U0001,Y0050,2026-03-04 11:38:02.248543,205
Y_STR09921,Y_U0048,Y0020,2026-03-02 13:37:52.358051,329
Y_STR09922,Y_U0089,Y0047,2026-02-18 14:33:46.027871,29
Y_STR09923,Y_U0072,Y0030,2026-02-24 01:48:13.056151,19
Y_STR09924,Y_U0092,Y0040,2026-02-06 12:53:13.090060,220
Y_STR09925,Y_U0051,Y0021,2026-02-24 10:01:32.802478,178
Y_STR09926,Y_U0075,Y0044,2026-02-05 21:42:46.429045,244
Y_STR09927,Y_U0069,Y0024,2026-02-07 08:13:15.296315,15
Y_STR09928,Y_U0070,Y0026,2026-02-19 06:24:50.211589,91
Y_STR09929,Y_U0065,Y0029,2026-02-27 11:26:46.457346,154
Y_STR09930,Y_U0075,Y0039,2026-02-18 01:45:30.977415,258
Y_STR09931,Y_U0001,Y0013,2026-02-07 19:46:37.432698,117
Y_STR09932,Y_U0065,Y0041,2026-02-12 06:52:32.161490,17
Y_STR09933,Y_U0082,Y0043,2026-02-11 08:40:04.860938,119
Y_STR09934,Y_U0056,Y0010,2026-02-16 23:16:38.911114,15
Y_STR09935,Y_U0096,Y0048,2026-02-14 14:50:37.974546,12
Y_STR09936,Y_U0003,Y0029,2026-02-11 21:18:59.341931,87
Y_STR09937,Y_U0065,Y0042,2026-02-09 11:13:07.908762,305
Y_STR09938,Y_U0030,Y0023,2026-02-11 19:19:07.593734,102
Y_STR09939,Y_U0046,Y0036,2026-02-27 23:12:32.033807,159
Y_STR09940,Y_U0015,Y0046,2026-02-16 00:37:56.012171,51
Y_STR09941,Y_U0043,Y0042,2026-03-05 21:06:51.579624,309
Y_STR09942,Y_U0037,Y0020,2026-02-06 23:36:48.123355,40
Y_STR09943,Y_U0083,Y0036,2026-03-03 06:05:16.032834,80
Y_STR09944,Y_U0003,Y0026,2026-02-05 06:34:51.595683,42
Y_STR09945,Y_U0008,Y0041,2026-02-14 08:29:26.465333,165
Y_STR09946,Y_U0076,Y0042,2026-02-09 12:11:41.192293,151
Y_STR09947,Y_U0002,Y0025,2026-02-15 10:16:50.771496,19
Y_STR09948,Y_U0015,Y0019,2026-02-11 19:34:04.037990,240
Y_STR09949,Y_U0036,Y0011,2026-02-22 03:22:36.339718,101
Y_STR09950,Y_U0061,Y0042,2026-02-07 23:33:37.189544,339
Y_STR09951,Y_U0058,Y0037,2026-02-25 17:38:45.368597,76
Y_STR09952,Y_U0035,Y0029,2026-02-11 08:45:27.615882,6
Y_STR09953,Y_U0090,Y0045,2026-02-17 16:44:35.276401,25
Y_STR09954,Y_U0082,Y0029,2026-02-10 13:27:05.456400,175
Y_STR09955,Y_U0004,Y0016,2026-02-05 13:19:33.742030,103
Y_STR09956,Y_U0068,Y0030,2026-02-22 11:26:59.808489,12
Y_STR09957,Y_U0093,Y0032,2026-02-04 20:33:53.835337,79
Y_STR09958,Y_U0066,Y0043,2026-02-11 01:07:48.946212,131
Y_STR09959,Y_U0089,Y0034,2026-03-05 11:03:27.021850,103
Y_STR09960,Y_U0020,Y0013,2026-03-06 00:16:19.795960,210
Y_STR09961,Y_U0095,Y0041,2026-02-09 11:36:18.049498,150
Y_STR09962,Y_U0012,Y0050,2026-03-05 18:56:14.871120,14
Y_STR09963,Y_U0028,Y0041,2026-02-12 17:42:13.460576,93
Y_STR09964,Y_U0007,Y0049,2026-02-15 20:55:48.612113,210
Y_STR09965,Y_U0055,Y0043,2026-02-22 03:14:47.842798,21
Y_STR09966,Y_U0037,Y0046,2026-02-10 16:38:30.690665,88
Y_STR09967,Y_U0096,Y0022,2026-02-15 17:56:29.215113,128
Y_STR09968,Y_U0001,Y0023,2026-02-23 15:01:00.778343,92
Y_STR09969,Y_U0057,Y0008,2026-02-19 23:33:48.441099,18
Y_STR09970,Y_U0008,Y0010,2026-03-05 12:25:42.344350,49
Y_STR09971,Y_U0042,Y0008,2026-03-04 12:52:53.929021,175
Y_STR09972,Y_U0092,Y0042,2026-02-07 08:16:35.593434,99
Y_STR09973,Y_U0046,Y0044,2026-03-05 21:21:37.255298,86
Y_STR09974,Y_U0023,Y0049,2026-02-09 05:36:22.585605,146
Y_STR09975,Y_U0078,Y0047,2026-02-09 08:27:11.802056,216
Y_STR09976,Y_U0060,Y0031,2026-02-25 15:12:04.616516,22
Y_STR09977,Y_U0025,Y0043,2026-03-03 04:32:25.601948,159
Y_STR09978,Y_U0099,Y0022,2026-02-13 20:44:39.367467,147
Y_STR09979,Y_U0079,Y0020,2026-02-18 15:48:07.671163,111
Y_STR09980,Y_U0046,Y0011,2026-02-15 13:19:27.539744,46
Y_STR09981,Y_U0023,Y0046,2026-02-13 21:27:28.828873,180
Y_STR09982,Y_U0030,Y0036,2026-03-01 02:40:10.531407,172
Y_STR09983,Y_U0037,Y0050,2026-02-17 09:46:17.602248,17
Y_STR09984,Y_U0054,Y0027,2026-02-24 11:42:21.829759,92
Y_STR09985,Y_U0046,Y0048,2026-02-14 18:29:59.195570,203
Y_STR09986,Y_U0061,Y0038,2026-02-16 22:39:15.721111,41
Y_STR09987,Y_U0052,Y0041,2026-02-13 18:06:46.056511,37
Y_STR09988,Y_U0059,Y0037,2026-02-19 14:59:23.392457,261
Y_STR09989,Y_U0059,Y0021,2026-02-23 23:25:38.236240,166
Y_STR09990,Y_U0079,Y0048,2026-02-04 11:38:23.587404,137
Y_STR09991,Y_U0091,Y0013,2026-02-20 16:01:22.918620,203
Y_STR09992,Y_U0036,Y0012,2026-02-21 04:27:52.336245,291
Y_STR09993,Y_U0058,Y0038,2026-02-12 16:16:41.964963,11
Y_STR09994,Y_U0058,Y0017,2026-02-28 15:48:58.526490,218
Y_STR09995,Y_U0028,Y0030,2026-02-24 23:37:20.092584,37
Y_STR09996,Y_U0098,Y0030,2026-02-26 11:27:24.127327,163
Y_STR09997,Y_U0012,Y0041,2026-02-08 18:51:44.501336,30
Y_STR09998,Y_U0054,Y0050,2026-02-18 02:48:13.377015,175
Y_STR09999,Y_U0005,Y0046,2026-02-04 10:16:18.696326,253
Y_STR10000,Y_U0014,Y0036,2026-02-22 20:27:21.800334,119
