stream_id,user_id,song_id,timestamp,duration_listened
S_STR00001,S_U0037,S0027,2026-02-02 18:27:25.755461,205
S_STR00002,S_U0070,S0044,2026-02-11 20:30:05.510789,30
S_STR00003,S_U0047,S0047,2026-02-07 11:19:03.985090,244
S_STR00004,S_U0073,S0014,2026-02-24 23:04:20.144224,37
S_STR00005,S_U0033,S0037,2026-02-06 06:52:07.031156,42
S_STR00006,S_U0091,S0046,2026-02-28 02:31:06.268973,65
S_STR00007,S_U0097,S0042,2026-03-02 03:35:51.721355,142
S_STR00008,S_U0083,S0014,2026-02-09 20:10:23.304336,182
S_STR00009,S_U0070,S0014,2026-02-12 15:45:04.519020,207
S_STR00010,S_U0055,S0043,2026-02-06 17:58:58.596666,27
S_STR00011,S_U0037,S0026,2026-02-27 01:53:27.616477,104
S_STR00012,S_U0015,S0028,2026-02-15 18:33:21.651195,289
S_STR00013,S_U0036,S0046,2026-02-10 10:16:58.395460,154
S_STR00014,S_U0087,S0044,2026-02-13 16:40:05.533461,16
S_STR00015,S_U0067,S0041,2026-02-28 08:03:41.457120,86
S_STR00016,S_U0042,S0046,2026-02-27 11:44:53.076511,134
S_STR00017,S_U0027,S0028,2026-02-07 19:51:51.303194,24
S_STR00018,S_U0087,S0016,2026-02-08 21:40:08.775097,232
S_STR00019,S_U0094,S0045,2026-02-22 21:46:22.812414,64
S_STR00020,S_U0073,S0032,2026-02-08 17:31:08.472211,228
S_STR00021,S_U0043,S0042,2026-02-04 16:15:12.223580,37
S_STR00022,S_U0051,S0043,2026-02-15 14:30:52.119293,59
S_STR00023,S_U0010,S0029,2026-02-09 09:14:18.521969,239
S_STR00024,S_U0036,S0034,2026-03-01 04:22:03.544850,127
S_STR00025,S_U0060,S0048,2026-02-02 21:13:56.349836,112
S_STR00026,S_U0056,S0035,2026-02-01 19:50:20.863356,182
S_STR00027,S_U0028,S0046,2026-02-21 18:20:59.269947,156
S_STR00028,S_U0088,S0022,2026-02-02 01:26:35.945499,34
S_STR00029,S_U0092,S0045,2026-02-03 05:45:40.799338,54
S_STR00030,S_U0077,S0027,2026-02-25 01:38:58.419924,85
S_STR00031,S_U0060,S0039,2026-02-25 06:37:50.486499,60
S_STR00032,S_U0018,S0026,2026-02-12 13:40:23.144828,238
S_STR00033,S_U0028,S0045,2026-02-19 00:51:13.489596,97
S_STR00034,S_U0038,S0031,2026-02-05 19:44:05.015820,127
S_STR00035,S_U0047,S0045,2026-02-02 21:31:02.540246,167
S_STR00036,S_U0023,S0027,2026-02-09 22:57:04.909184,181
S_STR00037,S_U0041,S0042,2026-02-16 06:30:17.674995,232
S_STR00038,S_U0007,S0038,2026-02-16 07:10:38.696796,50
S_STR00039,S_U0034,S0043,2026-02-26 07:07:36.936925,104
S_STR00040,S_U0075,S0046,2026-02-27 22:46:02.061772,93
S_STR00041,S_U0024,S0039,2026-02-09 22:55:22.912313,22
S_STR00042,S_U0045,S0035,2026-02-18 18:41:53.818451,195
S_STR00043,S_U0016,S0029,2026-02-25 12:01:55.230405,308
S_STR00044,S_U0032,S0043,2026-02-26 12:06:49.203360,6
S_STR00045,S_U0058,S0039,2026-02-16 17:49:26.501269,147
S_STR00046,S_U0054,S0045,2026-02-08 12:56:58.600249,123
S_STR00047,S_U0014,S0045,2026-02-15 18:46:01.958114,6
S_STR00048,S_U0021,S0045,2026-02-11 05:56:12.932554,93
S_STR00049,S_U0070,S0032,2026-02-03 13:14:35.935471,268
S_STR00050,S_U0024,S0049,2026-02-25 16:06:37.805294,43
S_STR00051,S_U0063,S0039,2026-02-12 01:06:50.474171,312
S_STR00052,S_U0047,S0041,2026-02-20 01:11:46.012738,32
S_STR00053,S_U0090,S0037,2026-02-20 18:08:19.185533,91
S_STR00054,S_U0069,S0044,2026-02-07 13:33:50.695688,265
S_STR00055,S_U0002,S0041,2026-02-18 19:28:36.584789,177
S_STR00056,S_U0063,S0013,2026-02-16 18:36:03.641815,79
S_STR00057,S_U0005,S0050,2026-02-22 11:40:52.630737,293
S_STR00058,S_U0052,S0047,2026-02-21 18:47:10.340844,9
S_STR00059,S_U0029,S0037,2026-02-25 03:52:50.539559,152
S_STR00060,S_U0005,S0041,2026-02-04 05:46:00.203947,15
S_STR00061,S_U0077,S0028,2026-02-12 22:42:52.002999,190
S_STR00062,S_U0027,S0050,2026-02-13 16:43:45.161335,69
S_STR00063,S_U0055,S0024,2026-02-14 11:51:45.407590,132
S_STR00064,S_U0024,S0010,2026-02-15 21:25:15.001839,185
S_STR00065,S_U0097,S0009,2026-02-25 00:39:03.263149,9
S_STR00066,S_U0083,S0050,2026-02-13 16:20:35.534795,288
S_STR00067,S_U0095,S0043,2026-02-26 04:14:03.989013,124
S_STR00068,S_U0038,S0046,2026-02-16 22:19:03.985615,82
S_STR00069,S_U0064,S0020,2026-02-13 15:00:13.742785,105
S_STR00070,S_U0003,S0037,2026-02-23 08:26:29.532059,89
S_STR00071,S_U0055,S0037,2026-02-21 23:57:07.362935,6
S_STR00072,S_U0012,S0042,2026-02-07 08:02:41.238938,137
S_STR00073,S_U0079,S0046,2026-02-24 06:24:57.697362,60
S_STR00074,S_U0015,S0046,2026-03-01 11:04:07.689039,75
S_STR00075,S_U0029,S0021,2026-02-03 22:31:26.024591,36
S_STR00076,S_U0099,S0041,2026-02-13 06:11:13.622693,188
S_STR00077,S_U0025,S0030,2026-03-02 01:02:13.385377,98
S_STR00078,S_U0091,S0047,2026-02-05 22:00:35.127797,73
S_STR00079,S_U0071,S0045,2026-02-28 20:04:14.898458,81
S_STR00080,S_U0033,S0050,2026-02-16 06:52:55.874587,112
S_STR00081,S_U0011,S0017,2026-02-13 14:27:47.869197,84
S_STR00082,S_U0045,S0046,2026-02-28 23:06:44.008002,69
S_STR00083,S_U0023,S0047,2026-02-04 11:08:52.054784,93
S_STR00084,S_U0050,S0031,2026-02-07 04:22:00.788964,131
S_STR00085,S_U0027,S0015,2026-02-20 03:11:23.692495,123
S_STR00086,S_U0088,S0046,2026-02-17 15:44:26.524837,163
S_STR00087,S_U0065,S0048,2026-02-15 07:13:47.819496,182
S_STR00088,S_U0086,S0044,2026-02-09 19:57:44.164591,35
S_STR00089,S_U0018,S0022,2026-02-13 22:55:03.352011,78
S_STR00090,S_U0076,S0036,2026-02-24 04:03:41.179307,105
S_STR00091,S_U0046,S0014,2026-02-11 18:17:20.703704,169
S_STR00092,S_U0030,S0036,2026-02-18 19:57:51.109793,156
S_STR00093,S_U0072,S0050,2026-02-12 19:50:32.577045,337
S_STR00094,S_U0088,S0037,2026-03-01 09:44:49.537742,95
S_STR00095,S_U0077,S0038,2026-02-28 15:24:12.665148,160
S_STR00096,S_U0092,S0044,2026-03-02 10:48:55.894216,203
S_STR00097,S_U0090,S0015,2026-01-31 19:13:12.819644,36
S_STR00098,S_U0019,S0043,2026-02-19 04:50:34.743287,112
S_STR00099,S_U0004,S0025,2026-02-19 12:59:05.462851,81
S_STR00100,S_U0053,S0041,2026-02-01 19:14:17.453755,10
S_STR00101,S_U0037,S0048,2026-02-24 08:51:48.974988,114
S_STR00102,S_U0058,S0023,2026-02-18 18:06:56.390925,209
S_STR00103,S_U0039,S0042,2026-02-12 18:16:09.774668,253
S_STR00104,S_U0058,S0044,2026-02-13 19:55:40.795775,83
S_STR00105,S_U0086,S0046,2026-03-01 17:19:14.964284,174
S_STR00106,S_U0068,S0041,2026-02-03 01:05:58.258586,12
S_STR00107,S_U0090,S0007,2026-02-28 06:33:58.068421,118
S_STR00108,S_U0026,S0049,2026-02-23 06:38:34.116345,45
S_STR00109,S_U0038,S0025,2026-02-08 08:49:48.958097,120
S_STR00110,S_U0017,S0040,2026-02-05 13:20:48.107329,95
S_STR00111,S_U0058,S0039,2026-02-28 05:00:23.900980,21
S_STR00112,S_U0064,S0048,2026-02-15 06:40:41.267505,226
S_STR00113,S_U0091,S0007,2026-02-14 15:53:45.248394,176
S_STR00114,S_U0024,S0005,2026-02-22 06:47:44.668370,225
S_STR00115,S_U0093,S0021,2026-02-13 04:52:56.417401,262
S_STR00116,S_U0084,S0041,2026-02-18 23:15:58.460777,155
S_STR00117,S_U0041,S0041,2026-02-25 02:28:38.080886,256
S_STR00118,S_U0017,S0033,2026-02-10 02:52:58.803362,175
S_STR00119,S_U0039,S0048,2026-02-12 16:06:47.444093,78
S_STR00120,S_U0078,S0047,2026-02-08 01:03:23.523024,82
S_STR00121,S_U0076,S0048,2026-02-17 11:23:50.914631,79
S_STR00122,S_U0036,S0028,2026-02-21 10:55:56.664865,114
S_STR00123,S_U0022,S0017,2026-02-27 19:02:12.179742,12
S_STR00124,S_U0022,S0030,2026-02-04 10:29:23.411581,128
S_STR00125,S_U0075,S0024,2026-02-21 21:01:32.609659,325
S_STR00126,S_U0063,S0042,2026-02-05 14:49:16.755644,10
S_STR00127,S_U0024,S0007,2026-02-26 00:13:06.304189,200
S_STR00128,S_U0047,S0011,2026-02-02 11:45:01.259257,84
S_STR00129,S_U0070,S0025,2026-02-11 11:59:32.089483,162
S_STR00130,S_U0080,S0011,2026-02-24 13:53:33.936895,233
S_STR00131,S_U0066,S0031,2026-02-01 08:34:29.810924,25
S_STR00132,S_U0021,S0044,2026-02-28 14:45:18.322987,242
S_STR00133,S_U0086,S0047,2026-02-17 16:19:24.086805,80
S_STR00134,S_U0044,S0035,2026-02-20 03:00:36.813941,41
S_STR00135,S_U0063,S0035,2026-02-28 20:25:50.791631,70
S_STR00136,S_U0081,S0017,2026-02-20 17:59:12.734737,30
S_STR00137,S_U0013,S0040,2026-02-21 13:55:01.300937,50
S_STR00138,S_U0027,S0044,2026-01-31 15:34:19.880614,225
S_STR00139,S_U0096,S0044,2026-02-15 19:08:28.682921,136
S_STR00140,S_U0050,S0031,2026-02-27 19:34:34.455612,136
S_STR00141,S_U0045,S0044,2026-02-14 16:17:34.985220,272
S_STR00142,S_U0039,S0027,2026-02-02 10:29:43.411282,15
S_STR00143,S_U0045,S0043,2026-02-05 01:29:11.741427,144
S_STR00144,S_U0071,S0032,2026-02-21 17:01:26.950300,9
S_STR00145,S_U0055,S0010,2026-02-19 17:48:34.963047,78
S_STR00146,S_U0086,S0033,2026-02-08 03:21:10.460912,95
S_STR00147,S_U0022,S0029,2026-03-01 09:02:55.013299,167
S_STR00148,S_U0082,S0050,2026-02-26 00:29:13.324867,262
S_STR00149,S_U0026,S0025,2026-02-02 09:27:57.241674,74
S_STR00150,S_U0012,S0043,2026-02-20 00:34:38.625289,109
S_STR00151,S_U0022,S0024,2026-02-18 00:53:04.804604,203
S_STR00152,S_U0098,S0015,2026-02-10 23:14:58.075568,27
S_STR00153,S_U0085,S0033,2026-02-01 00:22:41.293279,32
S_STR00154,S_U0024,S0033,2026-02-17 06:21:43.830172,42
S_STR00155,S_U0023,S0006,2026-02-03 01:42:12.764937,221
S_STR00156,S_U0040,S0045,2026-02-05 08:20:41.364627,7
S_STR00157,S_U0042,S0006,2026-01-31 23:13:05.186514,174
S_STR00158,S_U0048,S0022,2026-02-04 07:24:30.369006,15
S_STR00159,S_U0019,S0048,2026-02-27 15:18:56.721923,116
S_STR00160,S_U0032,S0048,2026-02-08 23:35:20.334706,182
S_STR00161,S_U0026,S0029,2026-02-08 11:01:41.358046,9
S_STR00162,S_U0046,S0035,2026-02-04 17:15:52.526540,166
S_STR00163,S_U0029,S0023,2026-02-14 17:23:15.413595,170
S_STR00164,S_U0095,S0040,2026-02-06 08:40:03.410293,73
S_STR00165,S_U0088,S0027,2026-02-03 17:11:58.279469,107
S_STR00166,S_U0093,S0015,2026-02-24 10:20:17.804032,213
S_STR00167,S_U0035,S0027,2026-02-21 01:41:01.884999,165
S_STR00168,S_U0080,S0040,2026-02-03 15:43:15.667947,34
S_STR00169,S_U0025,S0030,2026-02-26 06:56:41.907483,57
S_STR00170,S_U0022,S0041,2026-02-03 18:19:17.982924,204
S_STR00171,S_U0021,S0025,2026-02-05 05:34:37.745888,205
S_STR00172,S_U0034,S0038,2026-02-14 23:11:57.681303,37
S_STR00173,S_U0039,S0028,2026-02-25 12:53:38.808518,267
S_STR00174,S_U0003,S0038,2026-02-21 06:45:10.646998,159
S_STR00175,S_U0039,S0023,2026-02-22 16:09:37.992192,110
S_STR00176,S_U0008,S0034,2026-02-12 19:27:23.789683,121
S_STR00177,S_U0089,S0038,2026-03-01 09:55:58.397811,102
S_STR00178,S_U0013,S0037,2026-02-09 15:41:05.303048,20
S_STR00179,S_U0015,S0035,2026-03-01 03:30:02.140624,87
S_STR00180,S_U0071,S0045,2026-02-16 20:07:01.356514,182
S_STR00181,S_U0023,S0026,2026-02-27 16:40:25.301896,249
S_STR00182,S_U0080,S0044,2026-02-17 16:11:06.806182,114
S_STR00183,S_U0034,S0040,2026-02-03 19:51:09.664763,97
S_STR00184,S_U0055,S0020,2026-02-15 13:23:35.024050,42
S_STR00185,S_U0021,S0048,2026-02-04 06:24:35.941340,102
S_STR00186,S_U0093,S0025,2026-03-01 13:08:12.564194,181
S_STR00187,S_U0090,S0036,2026-02-21 13:35:39.114083,254
S_STR00188,S_U0012,S0043,2026-02-23 02:51:26.126046,137
S_STR00189,S_U0039,S0048,2026-02-19 00:19:24.972813,268
S_STR00190,S_U0015,S0023,2026-02-26 08:51:23.566180,84
S_STR00191,S_U0091,S0050,2026-02-07 10:34:47.191508,47
S_STR00192,S_U0069,S0043,2026-02-10 16:13:55.483856,21
S_STR00193,S_U0054,S0045,2026-02-13 16:45:14.354133,123
S_STR00194,S_U0007,S0036,2026-02-06 15:19:35.573112,316
S_STR00195,S_U0014,S0011,2026-02-26 11:24:30.140528,185
S_STR00196,S_U0049,S0033,2026-02-26 17:04:38.795930,6
S_STR00197,S_U0083,S0029,2026-02-04 16:45:37.439248,283
S_STR00198,S_U0046,S0042,2026-02-05 12:39:59.780708,64
S_STR00199,S_U0004,S0028,2026-03-01 16:41:54.268183,120
S_STR00200,S_U0098,S0046,2026-02-21 19:58:02.828191,35
S_STR00201,S_U0085,S0037,2026-02-14 23:15:04.932119,22
S_STR00202,S_U0071,S0045,2026-02-17 01:26:41.621277,28
S_STR00203,S_U0032,S0043,2026-02-25 19:37:49.828804,97
S_STR00204,S_U0064,S0046,2026-02-01 14:31:38.278103,161
S_STR00205,S_U0061,S0035,2026-02-07 18:42:13.771505,121
S_STR00206,S_U0041,S0025,2026-02-17 11:57:04.256586,171
S_STR00207,S_U0079,S0005,2026-02-12 20:30:52.567666,163
S_STR00208,S_U0048,S0017,2026-02-15 00:06:18.190493,99
S_STR00209,S_U0059,S0046,2026-02-14 13:15:25.547127,151
S_STR00210,S_U0097,S0039,2026-02-14 17:25:19.847119,36
S_STR00211,S_U0056,S0023,2026-02-05 11:45:50.871639,157
S_STR00212,S_U0017,S0039,2026-02-03 14:17:18.438434,43
S_STR00213,S_U0058,S0027,2026-02-14 22:36:01.556174,91
S_STR00214,S_U0015,S0032,2026-02-15 03:39:11.020926,276
S_STR00215,S_U0034,S0021,2026-02-03 06:31:26.897077,32
S_STR00216,S_U0028,S0018,2026-02-01 14:06:14.678580,172
S_STR00217,S_U0019,S0038,2026-02-22 21:21:36.465574,47
S_STR00218,S_U0095,S0049,2026-02-09 16:15:13.163141,64
S_STR00219,S_U0058,S0050,2026-02-12 14:40:21.711062,164
S_STR00220,S_U0053,S0043,2026-02-16 22:49:51.793461,147
S_STR00221,S_U0097,S0032,2026-02-05 22:55:27.251924,284
S_STR00222,S_U0047,S0025,2026-02-17 01:15:30.078787,150
S_STR00223,S_U0007,S0035,2026-02-03 03:52:52.234238,134
S_STR00224,S_U0093,S0049,2026-02-15 05:15:04.300178,109
S_STR00225,S_U0075,S0036,2026-02-13 23:39:12.556634,143
S_STR00226,S_U0044,S0036,2026-02-10 09:42:44.011747,303
S_STR00227,S_U0039,S0017,2026-02-28 21:21:52.523371,49
S_STR00228,S_U0089,S0050,2026-02-17 01:20:04.660066,23
S_STR00229,S_U0012,S0031,2026-02-14 02:12:36.595612,141
S_STR00230,S_U0061,S0036,2026-02-11 01:58:49.900605,147
S_STR00231,S_U0030,S0032,2026-02-16 17:56:04.121722,201
S_STR00232,S_U0029,S0037,2026-02-07 14:48:04.885574,133
S_STR00233,S_U0091,S0025,2026-02-14 13:33:20.430346,118
S_STR00234,S_U0095,S0036,2026-02-22 14:11:58.968778,96
S_STR00235,S_U0028,S0012,2026-02-05 20:19:29.207923,162
S_STR00236,S_U0060,S0032,2026-02-17 16:52:03.496717,99
S_STR00237,S_U0077,S0021,2026-02-06 01:59:12.930920,96
S_STR00238,S_U0065,S0014,2026-02-18 14:57:50.132783,100
S_STR00239,S_U0066,S0031,2026-02-25 20:14:37.835730,130
S_STR00240,S_U0009,S0044,2026-02-02 18:22:18.204200,72
S_STR00241,S_U0084,S0026,2026-02-22 02:07:44.173635,256
S_STR00242,S_U0061,S0027,2026-02-26 02:01:18.374836,26
S_STR00243,S_U0077,S0002,2026-02-10 20:39:06.790307,146
S_STR00244,S_U0041,S0028,2026-03-01 03:22:30.172967,147
S_STR00245,S_U0046,S0044,2026-03-01 21:12:40.848803,139
S_STR00246,S_U0098,S0045,2026-02-19 18:44:18.152699,8
S_STR00247,S_U0094,S0020,2026-02-03 04:46:29.689526,116
S_STR00248,S_U0009,S0028,2026-02-09 09:44:11.230664,80
S_STR00249,S_U0076,S0041,2026-02-06 13:27:26.622639,107
S_STR00250,S_U0006,S0040,2026-02-21 20:58:11.449967,136
S_STR00251,S_U0006,S0036,2026-02-23 10:36:14.815534,126
S_STR00252,S_U0025,S0024,2026-03-01 01:36:09.205861,187
S_STR00253,S_U0069,S0026,2026-02-05 01:53:52.103894,258
S_STR00254,S_U0090,S0037,2026-02-26 15:37:14.418494,53
S_STR00255,S_U0029,S0025,2026-02-23 11:32:30.664147,102
S_STR00256,S_U0035,S0009,2026-03-02 04:47:20.862530,35
S_STR00257,S_U0080,S0021,2026-02-26 05:33:01.701011,230
S_STR00258,S_U0062,S0008,2026-02-11 12:54:24.270421,84
S_STR00259,S_U0064,S0014,2026-01-31 16:35:47.845045,307
S_STR00260,S_U0093,S0018,2026-02-13 07:02:20.839232,19
S_STR00261,S_U0092,S0035,2026-02-13 17:52:33.799741,138
S_STR00262,S_U0031,S0049,2026-02-24 09:37:47.316356,107
S_STR00263,S_U0098,S0049,2026-02-06 03:45:54.277694,9
S_STR00264,S_U0089,S0045,2026-02-25 02:12:37.199567,18
S_STR00265,S_U0069,S0019,2026-02-20 20:22:57.071350,310
S_STR00266,S_U0078,S0016,2026-02-18 00:15:37.881076,125
S_STR00267,S_U0017,S0031,2026-02-10 08:59:54.276966,112
S_STR00268,S_U0013,S0050,2026-02-23 14:21:01.477297,88
S_STR00269,S_U0030,S0032,2026-02-13 09:50:02.567064,207
S_STR00270,S_U0069,S0021,2026-02-21 23:16:49.914039,147
S_STR00271,S_U0022,S0030,2026-02-01 20:01:16.510087,52
S_STR00272,S_U0011,S0031,2026-02-08 13:59:42.358080,25
S_STR00273,S_U0063,S0034,2026-02-10 05:44:27.955846,145
S_STR00274,S_U0088,S0042,2026-02-14 10:45:05.052126,59
S_STR00275,S_U0048,S0034,2026-02-19 20:58:22.146911,160
S_STR00276,S_U0092,S0028,2026-02-28 03:22:01.163382,71
S_STR00277,S_U0043,S0040,2026-02-28 13:27:49.889692,53
S_STR00278,S_U0073,S0039,2026-02-02 21:57:18.655946,189
S_STR00279,S_U0095,S0038,2026-03-01 16:34:55.929206,43
S_STR00280,S_U0067,S0035,2026-02-14 17:55:29.983433,206
S_STR00281,S_U0092,S0022,2026-02-09 02:27:51.869162,14
S_STR00282,S_U0010,S0043,2026-02-22 16:20:09.299068,55
S_STR00283,S_U0079,S0011,2026-02-13 08:55:36.536712,278
S_STR00284,S_U0023,S0050,2026-02-17 23:17:40.280096,260
S_STR00285,S_U0007,S0046,2026-03-02 02:26:27.748020,50
S_STR00286,S_U0072,S0036,2026-02-01 06:20:24.804167,224
S_STR00287,S_U0052,S0025,2026-02-12 11:40:44.586911,103
S_STR00288,S_U0019,S0034,2026-02-17 11:39:05.527435,10
S_STR00289,S_U0039,S0010,2026-02-09 20:24:00.847960,164
S_STR00290,S_U0073,S0042,2026-02-27 09:16:56.636890,29
S_STR00291,S_U0094,S0009,2026-02-13 10:07:33.459960,215
S_STR00292,S_U0076,S0028,2026-02-15 20:10:29.503448,168
S_STR00293,S_U0071,S0035,2026-02-06 05:04:35.955379,71
S_STR00294,S_U0022,S0037,2026-02-06 21:54:19.433648,99
S_STR00295,S_U0001,S0047,2026-02-21 00:32:28.881039,185
S_STR00296,S_U0100,S0050,2026-03-02 03:04:08.448798,145
S_STR00297,S_U0094,S0030,2026-02-09 07:46:04.774280,145
S_STR00298,S_U0017,S0035,2026-02-10 03:32:06.674648,171
S_STR00299,S_U0032,S0048,2026-02-06 11:25:37.522700,247
S_STR00300,S_U0060,S0027,2026-02-12 04:30:56.810955,94
S_STR00301,S_U0014,S0049,2026-02-27 20:09:15.937986,95
S_STR00302,S_U0065,S0050,2026-02-04 13:04:42.440368,163
S_STR00303,S_U0090,S0032,2026-01-31 12:03:31.342566,78
S_STR00304,S_U0046,S0040,2026-02-09 20:00:36.627348,84
S_STR00305,S_U0058,S0035,2026-02-26 11:13:00.178277,85
S_STR00306,S_U0043,S0037,2026-02-02 12:42:47.151920,45
S_STR00307,S_U0008,S0046,2026-02-08 19:06:09.145961,166
S_STR00308,S_U0067,S0027,2026-02-03 21:42:32.169085,222
S_STR00309,S_U0048,S0018,2026-02-12 10:43:33.818772,242
S_STR00310,S_U0059,S0021,2026-02-21 16:03:21.152834,201
S_STR00311,S_U0065,S0039,2026-02-27 08:58:35.007745,328
S_STR00312,S_U0033,S0035,2026-02-08 04:19:24.187905,40
S_STR00313,S_U0043,S0024,2026-02-07 15:37:46.780365,11
S_STR00314,S_U0065,S0040,2026-02-14 06:47:57.759382,37
S_STR00315,S_U0002,S0030,2026-02-08 06:38:08.569082,107
S_STR00316,S_U0020,S0026,2026-02-14 08:09:39.778600,29
S_STR00317,S_U0061,S0045,2026-02-09 18:54:13.175097,22
S_STR00318,S_U0016,S0049,2026-02-16 08:56:53.219026,79
S_STR00319,S_U0002,S0032,2026-02-25 18:20:53.297789,294
S_STR00320,S_U0051,S0029,2026-02-19 01:08:57.940161,205
S_STR00321,S_U0077,S0024,2026-02-25 17:24:48.675730,109
S_STR00322,S_U0023,S0046,2026-02-18 13:17:57.207550,68
S_STR00323,S_U0014,S0048,2026-02-05 08:33:49.431203,90
S_STR00324,S_U0091,S0034,2026-02-14 11:05:08.505992,221
S_STR00325,S_U0097,S0019,2026-02-24 15:44:22.670279,85
S_STR00326,S_U0059,S0041,2026-02-12 13:09:59.362019,187
S_STR00327,S_U0098,S0025,2026-02-24 19:26:18.968279,99
S_STR00328,S_U0045,S0034,2026-02-22 18:23:03.817178,185
S_STR00329,S_U0026,S0049,2026-02-25 10:56:27.138798,75
S_STR00330,S_U0052,S0049,2026-02-10 05:05:02.348585,46
S_STR00331,S_U0042,S0042,2026-02-27 13:44:41.757815,118
S_STR00332,S_U0063,S0028,2026-02-17 15:28:02.777777,30
S_STR00333,S_U0012,S0040,2026-02-19 04:57:04.915208,83
S_STR00334,S_U0068,S0041,2026-02-08 11:53:15.549339,83
S_STR00335,S_U0038,S0017,2026-02-17 15:45:53.216303,45
S_STR00336,S_U0100,S0026,2026-02-10 08:30:26.263452,221
S_STR00337,S_U0081,S0027,2026-02-08 00:48:53.118890,194
S_STR00338,S_U0019,S0045,2026-02-06 14:17:30.185953,167
S_STR00339,S_U0074,S0038,2026-02-08 14:10:40.395100,31
S_STR00340,S_U0068,S0042,2026-02-11 00:21:47.283774,201
S_STR00341,S_U0063,S0037,2026-02-03 16:04:17.549079,66
S_STR00342,S_U0009,S0036,2026-02-10 06:55:51.564765,193
S_STR00343,S_U0083,S0049,2026-01-31 15:43:14.700529,64
S_STR00344,S_U0081,S0042,2026-02-01 07:55:00.531877,73
S_STR00345,S_U0099,S0030,2026-02-07 16:00:05.946280,32
S_STR00346,S_U0058,S0038,2026-02-22 18:27:05.741004,16
S_STR00347,S_U0047,S0029,2026-02-17 14:03:06.762998,6
S_STR00348,S_U0021,S0021,2026-02-10 10:16:33.742159,56
S_STR00349,S_U0091,S0029,2026-02-17 14:56:06.403176,250
S_STR00350,S_U0002,S0044,2026-02-25 14:23:06.672710,137
S_STR00351,S_U0070,S0024,2026-02-05 14:41:26.441583,36
S_STR00352,S_U0086,S0048,2026-02-25 15:59:13.842890,45
S_STR00353,S_U0073,S0044,2026-02-08 10:54:49.289535,117
S_STR00354,S_U0014,S0036,2026-02-07 08:19:38.708676,173
S_STR00355,S_U0072,S0015,2026-02-27 22:27:35.465432,27
S_STR00356,S_U0005,S0033,2026-02-13 11:44:31.471055,16
S_STR00357,S_U0031,S0014,2026-02-22 12:23:59.249287,183
S_STR00358,S_U0004,S0045,2026-02-28 01:55:36.863776,199
S_STR00359,S_U0065,S0024,2026-02-08 18:58:05.250007,45
S_STR00360,S_U0002,S0035,2026-02-12 13:44:31.118422,138
S_STR00361,S_U0085,S0033,2026-03-02 08:26:42.967519,53
S_STR00362,S_U0061,S0048,2026-02-11 13:12:45.516705,12
S_STR00363,S_U0066,S0028,2026-03-01 03:34:23.290148,205
S_STR00364,S_U0006,S0043,2026-02-01 02:04:43.585268,23
S_STR00365,S_U0026,S0046,2026-02-26 11:35:45.954492,104
S_STR00366,S_U0096,S0050,2026-02-07 07:44:08.252485,264
S_STR00367,S_U0078,S0038,2026-02-28 04:02:12.231959,131
S_STR00368,S_U0059,S0011,2026-02-09 18:29:29.868605,254
S_STR00369,S_U0032,S0034,2026-01-31 22:09:25.098103,189
S_STR00370,S_U0057,S0040,2026-01-31 15:32:03.554397,45
S_STR00371,S_U0028,S0037,2026-02-18 09:24:29.578129,148
S_STR00372,S_U0097,S0040,2026-02-26 16:50:32.688912,78
S_STR00373,S_U0037,S0047,2026-02-12 06:24:06.727068,213
S_STR00374,S_U0036,S0046,2026-02-03 05:26:31.158562,192
S_STR00375,S_U0044,S0010,2026-02-06 16:16:38.684322,256
S_STR00376,S_U0038,S0037,2026-02-10 00:34:31.898391,150
S_STR00377,S_U0008,S0028,2026-02-15 08:48:40.362021,45
S_STR00378,S_U0070,S0042,2026-02-25 20:55:52.511105,43
S_STR00379,S_U0044,S0030,2026-02-15 08:28:59.196954,98
S_STR00380,S_U0076,S0015,2026-02-08 19:04:06.517397,102
S_STR00381,S_U0062,S0011,2026-03-02 11:00:12.485374,77
S_STR00382,S_U0100,S0025,2026-02-04 04:49:27.474532,41
S_STR00383,S_U0084,S0039,2026-02-26 13:24:35.320727,304
S_STR00384,S_U0010,S0037,2026-02-17 00:41:23.944653,152
S_STR00385,S_U0027,S0018,2026-02-15 14:40:10.864333,202
S_STR00386,S_U0003,S0050,2026-03-01 01:36:07.411528,324
S_STR00387,S_U0015,S0032,2026-02-13 08:49:43.495192,222
S_STR00388,S_U0046,S0042,2026-02-10 05:47:31.551071,233
S_STR00389,S_U0089,S0033,2026-02-25 14:53:22.194608,134
S_STR00390,S_U0071,S0049,2026-02-01 12:16:38.963640,46
S_STR00391,S_U0077,S0042,2026-02-16 22:43:59.508722,30
S_STR00392,S_U0046,S0048,2026-02-12 00:13:45.813270,199
S_STR00393,S_U0008,S0020,2026-02-08 02:59:38.206734,112
S_STR00394,S_U0033,S0018,2026-02-14 04:30:16.062176,70
S_STR00395,S_U0093,S0048,2026-02-17 03:54:18.082105,201
S_STR00396,S_U0068,S0023,2026-02-05 14:03:56.309294,151
S_STR00397,S_U0051,S0040,2026-02-24 05:59:14.354816,137
S_STR00398,S_U0072,S0016,2026-03-01 03:22:14.253680,132
S_STR00399,S_U0073,S0025,2026-02-14 14:00:42.106074,149
S_STR00400,S_U0035,S0011,2026-02-21 09:34:25.739387,269
S_STR00401,S_U0070,S0036,2026-02-02 18:00:23.605222,199
S_STR00402,S_U0051,S0027,2026-02-08 09:56:32.984710,228
S_STR00403,S_U0086,S0048,2026-02-05 18:31:36.385276,88
S_STR00404,S_U0031,S0038,2026-02-24 19:10:46.810695,107
S_STR00405,S_U0069,S0036,2026-02-26 15:51:42.393171,20
S_STR00406,S_U0023,S0030,2026-02-02 12:55:41.484199,103
S_STR00407,S_U0054,S0023,2026-02-15 23:38:39.267634,174
S_STR00408,S_U0053,S0048,2026-02-22 15:22:38.427179,122
S_STR00409,S_U0049,S0040,2026-02-01 11:39:20.699361,137
S_STR00410,S_U0069,S0045,2026-02-17 17:17:57.638569,66
S_STR00411,S_U0039,S0035,2026-02-27 14:47:32.853724,248
S_STR00412,S_U0027,S0043,2026-02-26 04:07:40.638869,104
S_STR00413,S_U0023,S0048,2026-02-15 12:47:50.213236,27
S_STR00414,S_U0089,S0029,2026-02-23 11:20:23.951113,50
S_STR00415,S_U0073,S0047,2026-02-28 19:36:56.762760,91
S_STR00416,S_U0025,S0042,2026-02-10 21:18:33.901977,203
S_STR00417,S_U0086,S0006,2026-02-15 03:16:28.808390,223
S_STR00418,S_U0099,S0024,2026-02-26 01:40:30.147239,113
S_STR00419,S_U0037,S0027,2026-02-10 18:00:20.339950,76
S_STR00420,S_U0095,S0037,2026-02-08 04:38:45.411982,60
S_STR00421,S_U0011,S0049,2026-02-09 18:17:49.012028,112
S_STR00422,S_U0100,S0025,2026-02-13 21:23:03.890187,98
S_STR00423,S_U0001,S0038,2026-02-23 10:44:39.401593,173
S_STR00424,S_U0040,S0036,2026-02-20 04:05:01.961674,177
S_STR00425,S_U0085,S0025,2026-02-18 19:04:30.731242,95
S_STR00426,S_U0039,S0048,2026-02-20 18:07:50.756009,109
S_STR00427,S_U0027,S0045,2026-02-14 23:29:03.056361,100
S_STR00428,S_U0020,S0027,2026-02-17 21:00:05.499694,19
S_STR00429,S_U0090,S0038,2026-02-24 08:57:01.439767,173
S_STR00430,S_U0038,S0025,2026-02-08 01:35:12.436841,91
S_STR00431,S_U0094,S0024,2026-02-11 18:29:25.489159,81
S_STR00432,S_U0084,S0018,2026-02-25 23:32:29.767797,193
S_STR00433,S_U0054,S0034,2026-02-28 14:01:04.332529,153
S_STR00434,S_U0057,S0011,2026-02-12 16:12:06.721089,134
S_STR00435,S_U0043,S0044,2026-02-20 08:35:49.234841,36
S_STR00436,S_U0012,S0037,2026-02-16 23:52:43.992326,108
S_STR00437,S_U0039,S0033,2026-02-23 06:17:18.650052,158
S_STR00438,S_U0053,S0019,2026-02-18 06:44:58.515028,91
S_STR00439,S_U0062,S0033,2026-02-09 13:59:25.411475,59
S_STR00440,S_U0016,S0039,2026-02-09 06:29:43.012350,89
S_STR00441,S_U0073,S0023,2026-02-07 10:11:52.334443,183
S_STR00442,S_U0020,S0014,2026-02-11 13:34:01.108291,103
S_STR00443,S_U0044,S0019,2026-02-27 23:10:19.027136,220
S_STR00444,S_U0043,S0045,2026-02-24 16:23:36.011915,17
S_STR00445,S_U0009,S0040,2026-02-28 09:52:08.529448,134
S_STR00446,S_U0019,S0049,2026-02-19 11:47:13.196916,74
S_STR00447,S_U0058,S0016,2026-02-20 02:42:14.182292,237
S_STR00448,S_U0088,S0033,2026-02-17 21:57:35.838407,114
S_STR00449,S_U0047,S0046,2026-02-17 07:14:19.430674,13
S_STR00450,S_U0064,S0041,2026-02-21 07:36:01.075785,148
S_STR00451,S_U0082,S0032,2026-02-07 19:21:23.709745,104
S_STR00452,S_U0014,S0014,2026-01-31 17:56:38.173416,112
S_STR00453,S_U0023,S0043,2026-02-21 10:48:31.411180,6
S_STR00454,S_U0017,S0037,2026-02-15 23:02:37.048684,93
S_STR00455,S_U0091,S0029,2026-02-26 03:47:24.556183,212
S_STR00456,S_U0052,S0009,2026-02-02 02:22:33.231353,68
S_STR00457,S_U0008,S0041,2026-03-02 04:08:15.460581,244
S_STR00458,S_U0098,S0027,2026-02-17 07:53:38.304627,5
S_STR00459,S_U0044,S0035,2026-02-13 17:35:48.632317,254
S_STR00460,S_U0092,S0036,2026-02-17 02:44:10.062908,43
S_STR00461,S_U0004,S0016,2026-02-06 18:19:26.108816,203
S_STR00462,S_U0074,S0042,2026-02-04 13:51:01.176386,5
S_STR00463,S_U0052,S0024,2026-02-28 16:39:13.797394,53
S_STR00464,S_U0018,S0029,2026-02-22 15:49:37.621953,212
S_STR00465,S_U0005,S0043,2026-02-14 01:50:14.221703,154
S_STR00466,S_U0055,S0016,2026-02-13 03:44:17.890010,119
S_STR00467,S_U0048,S0019,2026-02-02 03:19:09.360395,298
S_STR00468,S_U0067,S0014,2026-02-16 14:40:52.494938,166
S_STR00469,S_U0092,S0015,2026-03-02 10:32:23.159453,129
S_STR00470,S_U0057,S0043,2026-02-17 12:40:50.260537,140
S_STR00471,S_U0094,S0012,2026-02-03 02:47:39.835780,156
S_STR00472,S_U0004,S0037,2026-02-15 19:21:12.767697,100
S_STR00473,S_U0063,S0021,2026-02-15 19:28:53.582906,117
S_STR00474,S_U0057,S0032,2026-02-06 19:24:26.418932,143
S_STR00475,S_U0039,S0029,2026-02-25 12:03:38.809646,338
S_STR00476,S_U0099,S0048,2026-02-15 00:54:38.766562,110
S_STR00477,S_U0097,S0015,2026-02-19 02:08:39.158642,38
S_STR00478,S_U0060,S0023,2026-02-01 17:18:53.816657,52
S_STR00479,S_U0072,S0046,2026-02-01 09:00:10.452023,142
S_STR00480,S_U0064,S0026,2026-02-07 21:24:06.792780,173
S_STR00481,S_U0046,S0037,2026-02-23 06:30:30.012959,133
S_STR00482,S_U0076,S0030,2026-02-08 09:21:28.572781,5
S_STR00483,S_U0065,S0020,2026-02-18 21:41:10.908052,13
S_STR00484,S_U0045,S0039,2026-02-21 02:05:01.426009,139
S_STR00485,S_U0062,S0024,2026-02-14 11:09:40.503283,41
S_STR00486,S_U0027,S0034,2026-02-08 18:17:44.395970,84
S_STR00487,S_U0027,S0041,2026-02-26 06:29:57.854043,135
S_STR00488,S_U0019,S0021,2026-03-01 17:47:03.727501,26
S_STR00489,S_U0070,S0016,2026-02-19 19:59:37.173817,105
S_STR00490,S_U0064,S0034,2026-02-09 17:51:45.333181,5
S_STR00491,S_U0045,S0044,2026-02-07 08:49:39.295715,229
S_STR00492,S_U0069,S0024,2026-02-14 10:19:30.809659,341
S_STR00493,S_U0045,S0026,2026-02-05 09:03:21.050237,81
S_STR00494,S_U0020,S0042,2026-02-12 17:17:48.665716,156
S_STR00495,S_U0027,S0009,2026-02-27 08:03:32.378501,122
S_STR00496,S_U0010,S0027,2026-02-05 03:54:00.470382,108
S_STR00497,S_U0079,S0049,2026-02-16 09:58:20.493401,90
S_STR00498,S_U0019,S0013,2026-02-20 08:03:18.405059,115
S_STR00499,S_U0047,S0012,2026-02-21 11:22:14.067209,289
S_STR00500,S_U0064,S0043,2026-02-26 19:56:19.202292,8
S_STR00501,S_U0095,S0028,2026-02-18 01:37:11.923756,14
S_STR00502,S_U0084,S0021,2026-02-05 05:52:19.636884,166
S_STR00503,S_U0090,S0042,2026-02-21 19:46:52.116017,230
S_STR00504,S_U0087,S0046,2026-02-21 21:52:23.765553,132
S_STR00505,S_U0055,S0037,2026-02-12 21:07:46.722929,74
S_STR00506,S_U0048,S0017,2026-03-01 18:07:48.633781,33
S_STR00507,S_U0080,S0038,2026-02-22 13:10:27.115341,139
S_STR00508,S_U0030,S0036,2026-02-15 23:53:59.749629,214
S_STR00509,S_U0086,S0050,2026-02-10 19:17:40.661529,28
S_STR00510,S_U0047,S0046,2026-02-08 07:41:46.330735,24
S_STR00511,S_U0057,S0004,2026-02-13 03:01:47.399324,62
S_STR00512,S_U0024,S0026,2026-02-06 00:45:47.036865,78
S_STR00513,S_U0055,S0037,2026-02-18 07:00:31.068607,23
S_STR00514,S_U0044,S0004,2026-02-02 21:00:09.963174,96
S_STR00515,S_U0032,S0034,2026-02-24 15:21:30.918061,226
S_STR00516,S_U0050,S0037,2026-02-06 19:17:18.000999,88
S_STR00517,S_U0013,S0024,2026-02-28 21:10:41.214603,138
S_STR00518,S_U0086,S0040,2026-02-09 19:38:14.415167,100
S_STR00519,S_U0035,S0040,2026-02-12 03:41:33.755641,89
S_STR00520,S_U0073,S0045,2026-01-31 20:56:04.033198,117
S_STR00521,S_U0045,S0047,2026-02-12 03:45:26.336557,97
S_STR00522,S_U0058,S0028,2026-03-01 04:27:35.967310,251
S_STR00523,S_U0056,S0047,2026-02-03 05:30:55.473714,7
S_STR00524,S_U0091,S0031,2026-02-24 22:59:58.692805,37
S_STR00525,S_U0088,S0043,2026-02-07 23:56:00.697990,51
S_STR00526,S_U0067,S0027,2026-02-03 15:44:12.310158,45
S_STR00527,S_U0007,S0020,2026-02-17 03:38:17.226943,82
S_STR00528,S_U0047,S0040,2026-02-03 04:56:52.093449,8
S_STR00529,S_U0009,S0025,2026-02-21 16:05:44.886063,196
S_STR00530,S_U0019,S0030,2026-02-09 04:04:54.666867,155
S_STR00531,S_U0096,S0040,2026-02-20 21:56:28.115501,116
S_STR00532,S_U0059,S0040,2026-02-19 12:51:38.745821,20
S_STR00533,S_U0012,S0044,2026-02-24 19:29:20.216097,236
S_STR00534,S_U0014,S0032,2026-02-06 23:24:17.362242,98
S_STR00535,S_U0014,S0019,2026-02-27 16:27:54.708101,314
S_STR00536,S_U0066,S0039,2026-02-09 07:44:30.044716,7
S_STR00537,S_U0090,S0044,2026-02-21 12:50:39.635651,207
S_STR00538,S_U0076,S0018,2026-02-28 01:03:53.542952,280
S_STR00539,S_U0014,S0047,2026-02-17 09:26:33.475787,274
S_STR00540,S_U0029,S0044,2026-02-25 23:38:44.812707,338
S_STR00541,S_U0021,S0013,2026-02-14 04:56:38.579806,18
S_STR00542,S_U0043,S0018,2026-02-27 15:19:26.826059,155
S_STR00543,S_U0090,S0042,2026-02-20 16:04:18.647393,147
S_STR00544,S_U0084,S0020,2026-02-23 11:48:43.332069,125
S_STR00545,S_U0034,S0043,2026-02-16 03:59:16.486606,101
S_STR00546,S_U0068,S0016,2026-02-28 04:06:29.700170,113
S_STR00547,S_U0095,S0047,2026-02-26 23:50:00.628542,212
S_STR00548,S_U0019,S0047,2026-02-08 15:00:34.433795,95
S_STR00549,S_U0024,S0025,2026-02-11 15:29:26.235520,104
S_STR00550,S_U0100,S0008,2026-03-02 09:33:34.906628,235
S_STR00551,S_U0063,S0018,2026-02-16 11:09:28.535854,215
S_STR00552,S_U0033,S0038,2026-03-01 10:51:31.979272,75
S_STR00553,S_U0001,S0049,2026-01-31 13:32:35.187880,86
S_STR00554,S_U0071,S0023,2026-02-21 21:47:13.846944,212
S_STR00555,S_U0047,S0044,2026-02-14 10:24:15.826567,279
S_STR00556,S_U0057,S0028,2026-02-09 09:41:16.399748,62
S_STR00557,S_U0043,S0038,2026-02-06 07:06:50.622392,126
S_STR00558,S_U0005,S0043,2026-03-01 08:47:30.578849,45
S_STR00559,S_U0070,S0037,2026-02-03 20:01:51.606390,60
S_STR00560,S_U0016,S0042,2026-02-15 01:56:17.353365,183
S_STR00561,S_U0097,S0049,2026-02-11 03:41:33.976239,71
S_STR00562,S_U0067,S0046,2026-02-06 07:13:37.079812,68
S_STR00563,S_U0090,S0046,2026-03-01 16:54:28.349266,18
S_STR00564,S_U0071,S0034,2026-02-10 14:44:29.575400,109
S_STR00565,S_U0043,S0032,2026-02-27 04:38:09.692337,182
S_STR00566,S_U0027,S0005,2026-02-15 22:15:15.165183,225
S_STR00567,S_U0059,S0036,2026-02-10 10:12:02.678106,7
S_STR00568,S_U0030,S0026,2026-02-27 19:03:42.245533,85
S_STR00569,S_U0067,S0018,2026-02-05 20:04:00.300228,144
S_STR00570,S_U0084,S0046,2026-02-22 21:01:56.029372,35
S_STR00571,S_U0037,S0039,2026-02-15 18:15:03.145307,148
S_STR00572,S_U0052,S0024,2026-02-02 14:23:32.135668,117
S_STR00573,S_U0062,S0047,2026-02-05 07:47:18.628797,194
S_STR00574,S_U0033,S0035,2026-02-12 21:09:01.139469,301
S_STR00575,S_U0099,S0049,2026-02-05 20:05:11.796225,41
S_STR00576,S_U0076,S0044,2026-03-01 01:06:45.916252,110
S_STR00577,S_U0087,S0049,2026-02-12 20:04:46.233824,101
S_STR00578,S_U0009,S0049,2026-02-17 10:17:44.878453,13
S_STR00579,S_U0050,S0045,2026-02-25 20:38:07.351006,18
S_STR00580,S_U0013,S0017,2026-02-20 14:40:09.132036,36
S_STR00581,S_U0014,S0027,2026-02-24 02:56:06.819053,17
S_STR00582,S_U0012,S0043,2026-02-12 04:18:30.462893,39
S_STR00583,S_U0050,S0041,2026-02-14 02:54:46.238137,124
S_STR00584,S_U0075,S0037,2026-02-24 23:38:44.962790,140
S_STR00585,S_U0099,S0049,2026-02-19 02:29:00.342319,118
S_STR00586,S_U0041,S0045,2026-02-22 18:18:26.405874,91
S_STR00587,S_U0025,S0034,2026-02-03 20:39:48.564653,212
S_STR00588,S_U0066,S0017,2026-02-24 04:23:38.994029,32
S_STR00589,S_U0020,S0030,2026-02-17 04:19:02.793215,81
S_STR00590,S_U0079,S0045,2026-02-06 04:25:07.436593,201
S_STR00591,S_U0057,S0044,2026-02-05 08:37:06.400789,278
S_STR00592,S_U0072,S0038,2026-02-08 21:22:14.659066,5
S_STR00593,S_U0075,S0026,2026-02-08 15:14:09.447276,212
S_STR00594,S_U0036,S0031,2026-02-16 12:18:16.125429,130
S_STR00595,S_U0040,S0025,2026-02-01 07:43:47.604780,53
S_STR00596,S_U0044,S0036,2026-02-16 13:07:08.012923,281
S_STR00597,S_U0092,S0045,2026-02-07 07:11:41.871492,83
S_STR00598,S_U0019,S0037,2026-02-25 23:23:07.627170,144
S_STR00599,S_U0018,S0046,2026-02-19 21:51:25.426987,51
S_STR00600,S_U0063,S0027,2026-02-12 13:48:06.386408,230
S_STR00601,S_U0035,S0050,2026-02-08 05:56:18.912222,12
S_STR00602,S_U0094,S0037,2026-02-14 13:49:21.776156,115
S_STR00603,S_U0006,S0041,2026-02-19 05:35:14.791911,33
S_STR00604,S_U0002,S0012,2026-02-13 04:28:00.593181,278
S_STR00605,S_U0097,S0032,2026-02-19 07:01:38.924945,21
S_STR00606,S_U0090,S0041,2026-02-18 02:46:23.480899,142
S_STR00607,S_U0001,S0036,2026-02-11 21:40:32.687074,183
S_STR00608,S_U0056,S0041,2026-02-08 15:11:03.294919,212
S_STR00609,S_U0013,S0030,2026-02-22 21:10:51.118451,114
S_STR00610,S_U0057,S0042,2026-02-18 08:42:16.727995,24
S_STR00611,S_U0023,S0028,2026-02-23 01:10:57.390621,218
S_STR00612,S_U0099,S0015,2026-02-03 00:07:26.181583,264
S_STR00613,S_U0052,S0030,2026-02-21 18:16:14.032925,134
S_STR00614,S_U0088,S0033,2026-02-05 01:56:53.580546,48
S_STR00615,S_U0026,S0039,2026-02-09 18:13:28.600194,210
S_STR00616,S_U0045,S0020,2026-02-15 23:13:10.561847,114
S_STR00617,S_U0023,S0008,2026-02-12 13:51:07.264154,228
S_STR00618,S_U0071,S0045,2026-02-18 11:46:39.890666,152
S_STR00619,S_U0083,S0040,2026-02-05 19:14:05.072197,8
S_STR00620,S_U0063,S0024,2026-02-28 05:33:21.787414,230
S_STR00621,S_U0055,S0049,2026-02-25 21:35:14.735176,39
S_STR00622,S_U0016,S0050,2026-02-10 15:27:03.978982,94
S_STR00623,S_U0096,S0036,2026-02-06 23:18:53.233434,144
S_STR00624,S_U0071,S0024,2026-02-26 13:15:10.975381,125
S_STR00625,S_U0061,S0001,2026-02-14 23:30:32.550133,164
S_STR00626,S_U0098,S0030,2026-02-19 01:21:29.914794,140
S_STR00627,S_U0082,S0036,2026-02-03 10:49:37.026119,179
S_STR00628,S_U0059,S0020,2026-02-21 19:32:51.623889,86
S_STR00629,S_U0063,S0027,2026-02-19 07:21:30.296122,243
S_STR00630,S_U0089,S0046,2026-02-21 21:14:36.296686,140
S_STR00631,S_U0040,S0011,2026-02-08 00:27:52.276690,12
S_STR00632,S_U0053,S0024,2026-03-01 23:49:01.287434,354
S_STR00633,S_U0036,S0032,2026-02-16 11:39:23.203360,278
S_STR00634,S_U0037,S0044,2026-02-24 16:37:27.576176,298
S_STR00635,S_U0028,S0034,2026-02-21 13:48:12.379150,180
S_STR00636,S_U0034,S0044,2026-02-13 13:24:39.983227,136
S_STR00637,S_U0032,S0050,2026-02-27 12:07:23.061584,17
S_STR00638,S_U0018,S0038,2026-02-06 00:59:00.110191,149
S_STR00639,S_U0093,S0026,2026-02-05 05:29:58.244779,227
S_STR00640,S_U0013,S0038,2026-03-02 02:33:13.425527,134
S_STR00641,S_U0029,S0048,2026-02-27 06:47:46.630260,256
S_STR00642,S_U0018,S0031,2026-02-03 10:50:26.797653,33
S_STR00643,S_U0032,S0050,2026-02-26 01:40:07.442067,107
S_STR00644,S_U0040,S0031,2026-02-26 15:30:09.170044,22
S_STR00645,S_U0024,S0029,2026-02-06 04:27:52.193810,212
S_STR00646,S_U0059,S0047,2026-02-19 17:28:53.601973,51
S_STR00647,S_U0016,S0021,2026-02-13 08:06:04.131917,206
S_STR00648,S_U0039,S0046,2026-02-21 20:32:05.922352,114
S_STR00649,S_U0098,S0048,2026-02-14 06:12:47.933929,103
S_STR00650,S_U0061,S0028,2026-02-15 08:39:20.949516,91
S_STR00651,S_U0057,S0008,2026-02-19 17:25:44.641797,146
S_STR00652,S_U0069,S0042,2026-02-19 07:52:57.989072,10
S_STR00653,S_U0018,S0039,2026-02-27 23:07:05.337716,94
S_STR00654,S_U0099,S0048,2026-02-04 11:57:05.752852,137
S_STR00655,S_U0095,S0038,2026-03-01 23:10:56.059946,187
S_STR00656,S_U0005,S0044,2026-02-09 22:49:13.058839,192
S_STR00657,S_U0037,S0015,2026-02-09 00:06:08.334308,15
S_STR00658,S_U0058,S0041,2026-02-28 07:54:43.459012,43
S_STR00659,S_U0090,S0023,2026-02-01 06:09:44.659069,47
S_STR00660,S_U0055,S0023,2026-02-28 03:10:26.135506,38
S_STR00661,S_U0026,S0047,2026-02-19 15:47:53.520930,70
S_STR00662,S_U0011,S0043,2026-02-24 22:10:49.657528,80
S_STR00663,S_U0076,S0038,2026-02-25 15:36:42.730486,64
S_STR00664,S_U0075,S0048,2026-02-27 16:39:00.237799,25
S_STR00665,S_U0061,S0029,2026-02-02 17:14:54.487715,13
S_STR00666,S_U0067,S0041,2026-02-13 05:10:18.648444,205
S_STR00667,S_U0095,S0049,2026-02-02 07:33:06.152694,12
S_STR00668,S_U0001,S0048,2026-02-20 02:31:06.162261,233
S_STR00669,S_U0041,S0038,2026-02-03 04:18:21.393097,34
S_STR00670,S_U0025,S0027,2026-02-03 19:25:23.274414,27
S_STR00671,S_U0070,S0033,2026-02-11 08:50:52.832685,151
S_STR00672,S_U0055,S0038,2026-02-24 19:18:33.376280,142
S_STR00673,S_U0012,S0039,2026-02-16 07:01:48.312103,181
S_STR00674,S_U0001,S0044,2026-02-05 11:52:11.916715,202
S_STR00675,S_U0012,S0005,2026-02-19 03:02:38.574611,184
S_STR00676,S_U0055,S0044,2026-02-05 11:12:36.131616,264
S_STR00677,S_U0083,S0042,2026-02-14 23:45:50.650030,64
S_STR00678,S_U0070,S0034,2026-02-01 14:01:20.227975,170
S_STR00679,S_U0073,S0044,2026-02-20 22:15:01.941702,207
S_STR00680,S_U0099,S0013,2026-02-01 23:18:18.352169,47
S_STR00681,S_U0068,S0043,2026-02-25 18:18:43.092067,134
S_STR00682,S_U0003,S0045,2026-01-31 23:40:19.004616,172
S_STR00683,S_U0006,S0049,2026-03-02 07:23:38.695168,12
S_STR00684,S_U0079,S0040,2026-02-15 22:47:08.772811,50
S_STR00685,S_U0008,S0034,2026-02-13 04:35:21.138325,116
S_STR00686,S_U0099,S0024,2026-02-05 20:03:13.561202,284
S_STR00687,S_U0046,S0013,2026-02-12 08:00:37.936222,190
S_STR00688,S_U0004,S0027,2026-02-04 20:43:18.312451,205
S_STR00689,S_U0060,S0030,2026-02-24 14:04:02.043045,45
S_STR00690,S_U0069,S0025,2026-02-09 10:13:20.380554,171
S_STR00691,S_U0090,S0029,2026-02-02 07:48:48.983625,90
S_STR00692,S_U0066,S0039,2026-02-09 21:51:33.278794,298
S_STR00693,S_U0093,S0033,2026-02-15 20:50:58.335232,148
S_STR00694,S_U0006,S0042,2026-02-10 19:16:14.747687,203
S_STR00695,S_U0091,S0029,2026-01-31 20:41:14.824426,198
S_STR00696,S_U0023,S0035,2026-02-22 13:26:17.902005,34
S_STR00697,S_U0094,S0023,2026-02-22 09:42:13.029336,60
S_STR00698,S_U0071,S0038,2026-02-08 03:50:53.022511,146
S_STR00699,S_U0033,S0042,2026-02-03 06:30:52.314217,204
S_STR00700,S_U0090,S0018,2026-02-24 17:51:57.596532,205
S_STR00701,S_U0063,S0029,2026-02-24 15:19:58.750119,238
S_STR00702,S_U0001,S0039,2026-03-02 08:49:25.188036,250
S_STR00703,S_U0037,S0043,2026-02-19 19:00:05.068909,35
S_STR00704,S_U0002,S0025,2026-02-11 01:36:59.049155,156
S_STR00705,S_U0087,S0049,2026-02-25 10:49:03.063673,7
S_STR00706,S_U0096,S0031,2026-02-07 08:05:02.148519,68
S_STR00707,S_U0074,S0027,2026-02-21 22:12:35.640394,72
S_STR00708,S_U0059,S0025,2026-02-02 14:36:36.635506,98
S_STR00709,S_U0076,S0033,2026-03-01 03:56:05.226008,123
S_STR00710,S_U0056,S0013,2026-02-22 01:26:47.857946,85
S_STR00711,S_U0017,S0028,2026-02-23 21:02:56.025185,120
S_STR00712,S_U0018,S0015,2026-02-21 22:35:32.350827,148
S_STR00713,S_U0092,S0037,2026-02-04 08:40:13.798287,126
S_STR00714,S_U0023,S0044,2026-02-23 22:22:34.731917,217
S_STR00715,S_U0097,S0010,2026-02-11 06:30:09.084951,73
S_STR00716,S_U0007,S0049,2026-02-11 01:02:33.960681,98
S_STR00717,S_U0020,S0042,2026-02-19 01:03:16.544870,161
S_STR00718,S_U0054,S0010,2026-02-06 16:55:30.857822,52
S_STR00719,S_U0044,S0037,2026-02-02 15:26:29.311635,11
S_STR00720,S_U0079,S0012,2026-02-27 14:34:01.701798,15
S_STR00721,S_U0031,S0036,2026-02-18 08:00:29.236758,194
S_STR00722,S_U0038,S0022,2026-02-23 20:55:25.926112,11
S_STR00723,S_U0069,S0041,2026-02-12 10:46:52.864826,160
S_STR00724,S_U0037,S0010,2026-02-01 18:41:38.379266,16
S_STR00725,S_U0040,S0023,2026-02-25 05:48:32.467081,66
S_STR00726,S_U0020,S0025,2026-02-25 02:18:08.658286,86
S_STR00727,S_U0073,S0050,2026-02-20 18:03:19.802727,328
S_STR00728,S_U0018,S0008,2026-02-10 11:42:09.462618,162
S_STR00729,S_U0048,S0040,2026-02-06 07:23:29.190001,34
S_STR00730,S_U0047,S0034,2026-02-19 12:51:48.781872,39
S_STR00731,S_U0018,S0042,2026-02-08 20:02:39.630977,236
S_STR00732,S_U0073,S0010,2026-03-01 05:01:51.492240,98
S_STR00733,S_U0094,S0048,2026-02-11 05:16:44.221854,62
S_STR00734,S_U0055,S0037,2026-02-28 16:28:23.348710,59
S_STR00735,S_U0006,S0035,2026-02-20 03:13:26.306323,226
S_STR00736,S_U0031,S0040,2026-02-17 02:55:27.379278,65
S_STR00737,S_U0048,S0030,2026-02-23 15:31:59.915657,5
S_STR00738,S_U0055,S0028,2026-02-17 02:24:22.251173,245
S_STR00739,S_U0023,S0049,2026-02-22 06:44:40.382040,120
S_STR00740,S_U0016,S0019,2026-02-16 10:01:47.313069,332
S_STR00741,S_U0068,S0039,2026-02-08 03:57:09.788385,283
S_STR00742,S_U0055,S0033,2026-02-25 06:04:24.875396,74
S_STR00743,S_U0023,S0044,2026-02-08 16:18:34.813477,100
S_STR00744,S_U0034,S0016,2026-02-04 12:57:23.393877,82
S_STR00745,S_U0037,S0045,2026-02-16 05:20:14.337627,48
S_STR00746,S_U0076,S0050,2026-02-01 17:28:22.299167,34
S_STR00747,S_U0063,S0031,2026-02-06 08:58:59.554231,66
S_STR00748,S_U0087,S0029,2026-02-17 03:55:33.820980,169
S_STR00749,S_U0095,S0016,2026-02-17 02:04:09.946850,155
S_STR00750,S_U0096,S0039,2026-02-21 16:24:58.353427,228
S_STR00751,S_U0003,S0024,2026-02-07 13:33:04.119418,21
S_STR00752,S_U0080,S0037,2026-02-07 11:09:00.699183,113
S_STR00753,S_U0059,S0019,2026-01-31 18:20:49.462797,81
S_STR00754,S_U0018,S0036,2026-01-31 12:32:37.046313,211
S_STR00755,S_U0020,S0039,2026-02-24 14:14:22.022954,144
S_STR00756,S_U0010,S0050,2026-02-26 10:17:04.094455,195
S_STR00757,S_U0043,S0022,2026-02-11 07:13:32.085259,183
S_STR00758,S_U0008,S0035,2026-02-08 05:17:19.547889,8
S_STR00759,S_U0007,S0024,2026-02-26 01:09:30.259122,339
S_STR00760,S_U0022,S0040,2026-02-16 10:11:06.234377,28
S_STR00761,S_U0095,S0048,2026-01-31 15:08:45.062449,102
S_STR00762,S_U0057,S0033,2026-02-03 01:21:50.102591,156
S_STR00763,S_U0053,S0025,2026-02-08 01:09:51.870986,72
S_STR00764,S_U0054,S0040,2026-02-09 06:48:38.554349,122
S_STR00765,S_U0012,S0026,2026-02-04 20:43:24.913322,229
S_STR00766,S_U0069,S0042,2026-02-18 16:02:00.988726,105
S_STR00767,S_U0020,S0044,2026-02-12 22:59:27.273338,198
S_STR00768,S_U0084,S0030,2026-02-13 23:09:06.761442,94
S_STR00769,S_U0051,S0023,2026-02-09 18:22:19.814436,212
S_STR00770,S_U0079,S0009,2026-02-07 09:45:24.443145,153
S_STR00771,S_U0046,S0036,2026-02-07 10:25:23.727914,146
S_STR00772,S_U0048,S0010,2026-02-15 01:45:56.358997,194
S_STR00773,S_U0034,S0014,2026-02-14 17:09:34.072311,168
S_STR00774,S_U0088,S0025,2026-02-11 03:41:24.954095,173
S_STR00775,S_U0062,S0033,2026-02-16 14:05:43.691933,139
S_STR00776,S_U0053,S0046,2026-02-28 08:32:14.957386,72
S_STR00777,S_U0008,S0033,2026-01-31 23:38:33.282989,112
S_STR00778,S_U0081,S0047,2026-02-22 04:57:53.615059,42
S_STR00779,S_U0095,S0026,2026-02-21 19:22:25.558560,210
S_STR00780,S_U0096,S0039,2026-03-01 00:10:25.179648,252
S_STR00781,S_U0082,S0049,2026-02-10 06:27:32.079050,116
S_STR00782,S_U0068,S0044,2026-02-23 11:06:06.317900,103
S_STR00783,S_U0012,S0022,2026-02-12 15:37:46.518395,184
S_STR00784,S_U0063,S0039,2026-02-17 22:40:07.407439,145
S_STR00785,S_U0087,S0034,2026-02-16 04:57:02.237107,215
S_STR00786,S_U0017,S0045,2026-02-12 14:19:27.291220,197
S_STR00787,S_U0063,S0037,2026-02-05 17:25:25.924777,136
S_STR00788,S_U0060,S0043,2026-03-01 09:15:40.016813,12
S_STR00789,S_U0065,S0010,2026-02-20 18:56:14.666943,139
S_STR00790,S_U0038,S0043,2026-02-09 09:32:12.748204,129
S_STR00791,S_U0074,S0039,2026-02-27 11:41:17.954454,241
S_STR00792,S_U0073,S0020,2026-02-12 19:56:29.887293,84
S_STR00793,S_U0053,S0029,2026-02-11 21:11:59.098854,58
S_STR00794,S_U0074,S0014,2026-02-13 02:05:50.997246,53
S_STR00795,S_U0033,S0034,2026-02-17 21:29:32.497137,94
S_STR00796,S_U0027,S0031,2026-01-31 12:36:17.373229,67
S_STR00797,S_U0078,S0046,2026-02-22 09:33:28.398791,51
S_STR00798,S_U0005,S0042,2026-02-13 00:47:15.893604,256
S_STR00799,S_U0083,S0041,2026-02-04 11:57:37.185877,184
S_STR00800,S_U0097,S0043,2026-02-03 16:52:10.215340,67
S_STR00801,S_U0021,S0043,2026-02-11 00:50:13.718555,138
S_STR00802,S_U0014,S0020,2026-03-01 08:58:32.413845,136
S_STR00803,S_U0013,S0039,2026-02-02 01:00:49.225398,156
S_STR00804,S_U0018,S0017,2026-02-09 08:37:02.622173,118
S_STR00805,S_U0067,S0049,2026-02-18 09:22:50.234902,104
S_STR00806,S_U0029,S0014,2026-02-24 16:10:18.013146,11
S_STR00807,S_U0092,S0048,2026-02-10 07:58:24.652229,80
S_STR00808,S_U0002,S0038,2026-02-17 16:42:11.953061,147
S_STR00809,S_U0060,S0044,2026-02-28 14:38:34.717299,132
S_STR00810,S_U0070,S0013,2026-02-07 14:02:49.567587,95
S_STR00811,S_U0031,S0015,2026-02-11 20:15:03.666137,270
S_STR00812,S_U0083,S0026,2026-02-03 15:53:56.688324,143
S_STR00813,S_U0063,S0036,2026-02-10 03:06:20.535347,137
S_STR00814,S_U0011,S0047,2026-02-10 12:52:07.544544,84
S_STR00815,S_U0027,S0041,2026-02-01 12:36:04.614830,168
S_STR00816,S_U0032,S0021,2026-02-24 17:15:30.415254,261
S_STR00817,S_U0046,S0034,2026-02-10 09:45:58.592321,63
S_STR00818,S_U0020,S0032,2026-02-21 04:12:17.817224,118
S_STR00819,S_U0077,S0018,2026-02-14 13:59:48.529153,161
S_STR00820,S_U0072,S0041,2026-02-27 05:15:49.266085,51
S_STR00821,S_U0058,S0048,2026-02-28 02:13:32.062099,43
S_STR00822,S_U0021,S0036,2026-02-03 14:21:14.692908,105
S_STR00823,S_U0033,S0035,2026-02-27 09:53:55.740468,18
S_STR00824,S_U0039,S0043,2026-02-03 10:19:51.519352,52
S_STR00825,S_U0065,S0045,2026-02-26 03:35:08.635967,60
S_STR00826,S_U0100,S0027,2026-02-07 12:21:37.147754,131
S_STR00827,S_U0048,S0019,2026-02-14 00:57:33.900567,191
S_STR00828,S_U0039,S0025,2026-02-28 07:13:18.166112,137
S_STR00829,S_U0048,S0045,2026-02-08 14:11:53.142527,71
S_STR00830,S_U0088,S0029,2026-02-08 16:17:04.631221,217
S_STR00831,S_U0019,S0047,2026-02-23 21:05:09.942650,212
S_STR00832,S_U0066,S0040,2026-03-01 10:01:50.920714,12
S_STR00833,S_U0084,S0023,2026-02-27 01:39:27.128907,11
S_STR00834,S_U0024,S0019,2026-02-09 01:46:20.372387,315
S_STR00835,S_U0013,S0044,2026-02-07 22:51:33.039130,264
S_STR00836,S_U0095,S0039,2026-02-15 11:35:51.845717,47
S_STR00837,S_U0029,S0039,2026-02-04 13:03:14.994782,240
S_STR00838,S_U0039,S0036,2026-02-10 05:51:09.841455,115
S_STR00839,S_U0053,S0041,2026-02-14 06:03:15.422671,27
S_STR00840,S_U0097,S0034,2026-02-13 10:56:12.696323,123
S_STR00841,S_U0012,S0010,2026-02-28 16:03:05.927764,79
S_STR00842,S_U0096,S0042,2026-02-23 11:44:45.043859,5
S_STR00843,S_U0031,S0042,2026-02-17 15:33:07.308837,92
S_STR00844,S_U0068,S0046,2026-02-02 03:10:53.074038,26
S_STR00845,S_U0074,S0047,2026-02-02 01:44:14.565443,143
S_STR00846,S_U0100,S0036,2026-02-25 21:56:18.061095,87
S_STR00847,S_U0044,S0038,2026-02-17 15:21:11.834925,96
S_STR00848,S_U0097,S0035,2026-02-22 19:51:14.808586,189
S_STR00849,S_U0084,S0045,2026-02-22 09:08:08.145977,36
S_STR00850,S_U0063,S0048,2026-02-01 13:40:12.491405,127
S_STR00851,S_U0049,S0026,2026-02-23 04:29:45.647467,95
S_STR00852,S_U0006,S0034,2026-01-31 23:45:04.185957,116
S_STR00853,S_U0031,S0024,2026-02-05 06:32:47.645954,223
S_STR00854,S_U0047,S0040,2026-02-04 14:25:42.473799,83
S_STR00855,S_U0004,S0026,2026-02-01 08:02:59.054685,121
S_STR00856,S_U0085,S0040,2026-03-01 08:58:54.452414,82
S_STR00857,S_U0031,S0034,2026-02-10 06:17:10.484218,94
S_STR00858,S_U0080,S0029,2026-02-27 14:16:55.902792,228
S_STR00859,S_U0085,S0015,2026-02-17 02:30:18.086807,205
S_STR00860,S_U0084,S0045,2026-02-23 23:32:22.581386,76
S_STR00861,S_U0080,S0041,2026-02-07 19:36:14.010976,59
S_STR00862,S_U0020,S0048,2026-02-28 16:38:11.115721,54
S_STR00863,S_U0032,S0047,2026-02-23 17:33:03.949642,102
S_STR00864,S_U0067,S0025,2026-02-04 04:04:17.290046,180
S_STR00865,S_U0068,S0043,2026-02-19 06:41:26.747895,50
S_STR00866,S_U0017,S0033,2026-02-06 09:02:27.108874,128
S_STR00867,S_U0097,S0017,2026-02-03 15:12:24.908695,71
S_STR00868,S_U0025,S0013,2026-02-03 13:17:41.545687,78
S_STR00869,S_U0058,S0041,2026-02-04 15:58:35.517097,179
S_STR00870,S_U0007,S0028,2026-02-25 06:23:18.264512,11
S_STR00871,S_U0073,S0049,2026-02-13 08:18:21.017468,70
S_STR00872,S_U0076,S0026,2026-02-24 12:16:17.866093,27
S_STR00873,S_U0034,S0048,2026-02-16 22:45:07.583213,5
S_STR00874,S_U0037,S0041,2026-02-28 16:02:03.646495,178
S_STR00875,S_U0003,S0020,2026-02-23 15:35:46.772289,132
S_STR00876,S_U0030,S0021,2026-02-22 23:58:40.824153,217
S_STR00877,S_U0063,S0050,2026-02-10 21:24:14.614511,251
S_STR00878,S_U0060,S0038,2026-02-05 12:52:49.018688,165
S_STR00879,S_U0060,S0050,2026-02-07 08:35:18.664183,37
S_STR00880,S_U0092,S0012,2026-02-09 10:45:37.278356,276
S_STR00881,S_U0082,S0042,2026-02-16 17:37:40.824332,20
S_STR00882,S_U0063,S0036,2026-02-13 18:30:53.578641,6
S_STR00883,S_U0069,S0026,2026-02-05 21:47:28.966871,201
S_STR00884,S_U0037,S0038,2026-02-01 03:55:36.429465,163
S_STR00885,S_U0069,S0022,2026-02-07 19:38:46.352083,164
S_STR00886,S_U0055,S0049,2026-02-21 16:04:41.695636,116
S_STR00887,S_U0009,S0029,2026-02-01 22:10:20.897170,341
S_STR00888,S_U0018,S0040,2026-02-27 23:48:28.950016,84
S_STR00889,S_U0088,S0048,2026-02-25 04:27:00.927155,5
S_STR00890,S_U0037,S0042,2026-02-28 08:46:54.827596,175
S_STR00891,S_U0043,S0041,2026-02-05 14:28:53.937537,79
S_STR00892,S_U0009,S0044,2026-02-26 10:21:52.672968,218
S_STR00893,S_U0078,S0037,2026-02-06 02:58:23.952193,124
S_STR00894,S_U0088,S0032,2026-02-12 06:02:09.225846,90
S_STR00895,S_U0046,S0035,2026-02-08 09:53:13.326276,106
S_STR00896,S_U0058,S0007,2026-02-07 19:51:44.225230,153
S_STR00897,S_U0040,S0033,2026-02-09 14:08:37.579574,44
S_STR00898,S_U0020,S0031,2026-02-19 21:49:00.536859,103
S_STR00899,S_U0010,S0025,2026-02-05 09:45:31.291351,115
S_STR00900,S_U0045,S0017,2026-02-15 14:03:44.308874,120
S_STR00901,S_U0098,S0041,2026-02-27 06:40:47.294526,98
S_STR00902,S_U0059,S0034,2026-02-13 18:26:15.576903,29
S_STR00903,S_U0090,S0036,2026-02-15 20:14:45.538594,280
S_STR00904,S_U0024,S0023,2026-02-05 18:00:43.983868,91
S_STR00905,S_U0057,S0046,2026-02-26 20:43:16.227855,57
S_STR00906,S_U0077,S0048,2026-02-04 01:40:36.942874,34
S_STR00907,S_U0025,S0031,2026-03-01 12:59:40.056870,37
S_STR00908,S_U0096,S0031,2026-02-02 03:44:18.095540,51
S_STR00909,S_U0076,S0043,2026-02-23 16:14:47.544558,155
S_STR00910,S_U0097,S0037,2026-02-28 21:32:23.396694,130
S_STR00911,S_U0044,S0042,2026-01-31 23:09:05.863419,207
S_STR00912,S_U0076,S0038,2026-02-14 07:29:44.791504,181
S_STR00913,S_U0061,S0033,2026-02-10 09:05:14.985453,122
S_STR00914,S_U0070,S0036,2026-02-23 06:52:16.710442,148
S_STR00915,S_U0084,S0045,2026-02-20 14:46:28.054618,132
S_STR00916,S_U0098,S0049,2026-02-22 12:00:46.671362,78
S_STR00917,S_U0090,S0022,2026-02-05 09:59:59.112079,115
S_STR00918,S_U0099,S0032,2026-02-28 03:54:39.312258,192
S_STR00919,S_U0054,S0006,2026-03-01 04:33:25.704397,337
S_STR00920,S_U0077,S0048,2026-02-19 05:49:06.799027,219
S_STR00921,S_U0100,S0045,2026-02-06 06:52:03.341612,104
S_STR00922,S_U0048,S0018,2026-02-16 22:47:55.413177,301
S_STR00923,S_U0067,S0043,2026-02-02 00:39:55.557755,153
S_STR00924,S_U0020,S0023,2026-02-01 16:25:43.763101,120
S_STR00925,S_U0081,S0045,2026-02-19 18:25:57.308936,168
S_STR00926,S_U0082,S0019,2026-02-04 12:45:27.701188,18
S_STR00927,S_U0021,S0033,2026-02-22 00:20:31.942163,162
S_STR00928,S_U0068,S0010,2026-01-31 11:26:31.159715,86
S_STR00929,S_U0017,S0041,2026-02-27 09:38:34.539909,194
S_STR00930,S_U0065,S0026,2026-02-10 20:23:20.879220,5
S_STR00931,S_U0002,S0029,2026-02-14 16:51:00.889021,281
S_STR00932,S_U0055,S0042,2026-02-26 17:01:09.610281,164
S_STR00933,S_U0097,S0023,2026-02-15 03:41:22.657085,91
S_STR00934,S_U0090,S0032,2026-02-22 09:06:13.136218,269
S_STR00935,S_U0091,S0037,2026-02-16 14:29:06.898543,17
S_STR00936,S_U0052,S0044,2026-02-13 17:31:06.710342,135
S_STR00937,S_U0054,S0044,2026-02-03 01:08:13.903951,295
S_STR00938,S_U0069,S0030,2026-02-08 17:32:59.000199,89
S_STR00939,S_U0022,S0027,2026-02-18 19:47:40.403023,231
S_STR00940,S_U0066,S0033,2026-03-01 15:41:10.112858,110
S_STR00941,S_U0018,S0031,2026-02-09 06:11:32.372181,115
S_STR00942,S_U0017,S0014,2026-02-20 22:53:59.832072,246
S_STR00943,S_U0037,S0048,2026-02-17 21:28:08.761383,21
S_STR00944,S_U0007,S0048,2026-02-16 07:47:24.517549,201
S_STR00945,S_U0060,S0030,2026-03-01 16:48:08.271314,146
S_STR00946,S_U0031,S0031,2026-02-15 12:36:58.969924,108
S_STR00947,S_U0047,S0030,2026-02-22 23:38:07.420856,76
S_STR00948,S_U0016,S0036,2026-02-09 11:36:59.238724,105
S_STR00949,S_U0018,S0043,2026-02-16 22:55:50.562921,85
S_STR00950,S_U0053,S0050,2026-02-07 09:38:37.141657,117
S_STR00951,S_U0080,S0008,2026-02-09 23:54:46.984310,37
S_STR00952,S_U0024,S0020,2026-02-24 17:37:33.330908,5
S_STR00953,S_U0020,S0050,2026-02-10 02:00:52.984997,42
S_STR00954,S_U0028,S0023,2026-02-06 01:56:38.421184,129
S_STR00955,S_U0092,S0029,2026-02-08 13:00:46.300406,134
S_STR00956,S_U0045,S0024,2026-02-01 09:48:30.912480,346
S_STR00957,S_U0001,S0034,2026-02-26 18:05:41.760317,111
S_STR00958,S_U0018,S0011,2026-02-03 18:52:26.209555,106
S_STR00959,S_U0052,S0045,2026-02-18 13:33:49.769428,173
S_STR00960,S_U0013,S0039,2026-02-01 11:47:07.857581,8
S_STR00961,S_U0020,S0048,2026-02-06 09:59:27.512518,123
S_STR00962,S_U0070,S0037,2026-02-28 15:48:34.795574,114
S_STR00963,S_U0079,S0044,2026-02-02 13:43:43.161151,153
S_STR00964,S_U0058,S0033,2026-01-31 17:21:12.662762,28
S_STR00965,S_U0059,S0017,2026-02-05 14:50:21.114206,25
S_STR00966,S_U0050,S0042,2026-02-12 05:04:29.312130,231
S_STR00967,S_U0091,S0030,2026-02-12 23:02:59.239821,119
S_STR00968,S_U0093,S0050,2026-02-24 23:49:57.231467,276
S_STR00969,S_U0041,S0026,2026-02-27 23:49:41.378252,140
S_STR00970,S_U0080,S0032,2026-02-19 08:09:04.119708,202
S_STR00971,S_U0006,S0029,2026-02-22 15:37:53.223085,259
S_STR00972,S_U0043,S0032,2026-02-08 06:47:17.760621,188
S_STR00973,S_U0024,S0039,2026-02-20 07:57:01.200750,43
S_STR00974,S_U0086,S0015,2026-02-01 09:28:28.070461,62
S_STR00975,S_U0088,S0035,2026-02-08 01:47:18.240156,279
S_STR00976,S_U0021,S0029,2026-02-02 20:48:28.605631,179
S_STR00977,S_U0045,S0034,2026-02-06 11:46:55.658141,104
S_STR00978,S_U0008,S0015,2026-02-02 11:59:13.030735,260
S_STR00979,S_U0016,S0041,2026-02-17 18:10:35.519107,86
S_STR00980,S_U0017,S0050,2026-02-15 23:22:18.637223,223
S_STR00981,S_U0086,S0042,2026-02-05 07:41:26.339834,219
S_STR00982,S_U0001,S0044,2026-02-28 23:32:40.771112,6
S_STR00983,S_U0003,S0038,2026-02-26 11:41:39.751839,34
S_STR00984,S_U0021,S0014,2026-02-20 23:21:58.187586,260
S_STR00985,S_U0020,S0035,2026-02-02 14:37:15.430450,194
S_STR00986,S_U0026,S0036,2026-02-17 17:35:41.899846,48
S_STR00987,S_U0006,S0013,2026-02-18 16:39:49.417315,123
S_STR00988,S_U0071,S0031,2026-02-23 05:13:33.361161,90
S_STR00989,S_U0070,S0037,2026-02-14 14:02:12.814417,125
S_STR00990,S_U0085,S0018,2026-02-19 05:13:51.864948,222
S_STR00991,S_U0041,S0012,2026-02-05 23:00:55.144671,144
S_STR00992,S_U0017,S0037,2026-02-16 14:31:11.544482,16
S_STR00993,S_U0012,S0047,2026-02-15 00:56:37.843584,117
S_STR00994,S_U0073,S0038,2026-02-27 22:14:58.302079,70
S_STR00995,S_U0021,S0037,2026-01-31 19:34:47.155607,12
S_STR00996,S_U0023,S0044,2026-02-10 04:50:26.608355,221
S_STR00997,S_U0086,S0049,2026-02-21 16:34:19.704229,117
S_STR00998,S_U0030,S0039,2026-02-16 13:15:34.034712,339
S_STR00999,S_U0011,S0033,2026-02-26 19:14:03.547090,149
S_STR01000,S_U0034,S0025,2026-02-02 21:28:18.713346,161
S_STR01001,S_U0026,S0014,2026-02-03 23:50:29.308627,286
S_STR01002,S_U0098,S0023,2026-02-28 06:46:43.166320,223
S_STR01003,S_U0001,S0049,2026-02-24 10:27:30.079598,12
S_STR01004,S_U0046,S0022,2026-02-01 22:58:35.883761,5
S_STR01005,S_U0049,S0021,2026-02-06 07:46:02.568466,111
S_STR01006,S_U0029,S0046,2026-02-04 22:48:35.504516,179
S_STR01007,S_U0072,S0024,2026-02-09 13:57:11.465715,79
S_STR01008,S_U0097,S0027,2026-02-19 18:12:11.402669,221
S_STR01009,S_U0034,S0044,2026-02-28 01:55:48.777079,223
S_STR01010,S_U0093,S0039,2026-01-31 16:31:00.244616,50
S_STR01011,S_U0057,S0050,2026-02-10 13:46:14.608139,284
S_STR01012,S_U0027,S0019,2026-02-20 02:10:13.278389,292
S_STR01013,S_U0049,S0050,2026-02-16 03:26:18.545043,69
S_STR01014,S_U0091,S0048,2026-02-16 16:42:11.452090,95
S_STR01015,S_U0053,S0013,2026-02-27 23:02:49.125839,91
S_STR01016,S_U0045,S0041,2026-02-04 14:47:06.767677,58
S_STR01017,S_U0086,S0034,2026-02-13 06:50:17.121338,138
S_STR01018,S_U0075,S0032,2026-02-04 17:23:04.387589,233
S_STR01019,S_U0004,S0044,2026-02-25 12:25:00.125847,234
S_STR01020,S_U0034,S0017,2026-01-31 13:49:37.750700,107
S_STR01021,S_U0052,S0013,2026-02-03 07:28:45.401042,176
S_STR01022,S_U0032,S0019,2026-02-06 12:27:55.473974,300
S_STR01023,S_U0008,S0047,2026-02-15 23:37:50.810470,227
S_STR01024,S_U0011,S0023,2026-02-06 20:02:41.928285,210
S_STR01025,S_U0044,S0034,2026-02-05 06:33:24.005409,101
S_STR01026,S_U0006,S0047,2026-03-02 03:50:58.084365,251
S_STR01027,S_U0091,S0045,2026-02-24 04:06:56.988973,133
S_STR01028,S_U0042,S0026,2026-02-08 12:32:31.632831,205
S_STR01029,S_U0056,S0043,2026-02-25 14:41:58.979850,114
S_STR01030,S_U0073,S0012,2026-02-20 23:17:13.087612,49
S_STR01031,S_U0008,S0050,2026-02-28 14:57:14.607498,296
S_STR01032,S_U0051,S0048,2026-02-23 20:44:50.674349,99
S_STR01033,S_U0063,S0045,2026-02-10 19:38:53.607039,182
S_STR01034,S_U0075,S0028,2026-02-09 14:43:05.966830,138
S_STR01035,S_U0006,S0035,2026-02-07 16:46:17.323072,234
S_STR01036,S_U0063,S0022,2026-02-05 18:35:25.771357,20
S_STR01037,S_U0053,S0031,2026-03-01 13:42:28.860464,58
S_STR01038,S_U0046,S0035,2026-02-21 19:03:06.859310,294
S_STR01039,S_U0042,S0046,2026-02-17 13:44:11.257268,66
S_STR01040,S_U0019,S0045,2026-02-26 05:52:18.265198,129
S_STR01041,S_U0002,S0028,2026-02-02 05:42:52.772518,9
S_STR01042,S_U0055,S0042,2026-02-08 04:56:57.537109,68
S_STR01043,S_U0046,S0048,2026-02-12 10:44:02.611740,213
S_STR01044,S_U0031,S0023,2026-02-24 01:57:03.114773,189
S_STR01045,S_U0012,S0041,2026-02-05 11:55:49.114662,36
S_STR01046,S_U0010,S0023,2026-02-10 01:26:51.479861,18
S_STR01047,S_U0050,S0044,2026-02-12 16:28:25.553048,10
S_STR01048,S_U0026,S0020,2026-02-27 05:00:11.756516,91
S_STR01049,S_U0060,S0040,2026-02-13 14:43:10.253314,49
S_STR01050,S_U0047,S0050,2026-02-21 00:57:56.883834,45
S_STR01051,S_U0074,S0049,2026-01-31 23:41:40.454283,24
S_STR01052,S_U0035,S0044,2026-02-08 08:11:06.805039,16
S_STR01053,S_U0067,S0036,2026-02-27 14:48:14.649428,49
S_STR01054,S_U0063,S0047,2026-02-03 03:58:23.556118,223
S_STR01055,S_U0049,S0048,2026-02-03 11:15:09.082092,234
S_STR01056,S_U0045,S0031,2026-02-27 05:15:23.281954,10
S_STR01057,S_U0094,S0028,2026-02-08 01:39:47.936275,92
S_STR01058,S_U0060,S0020,2026-02-24 19:07:44.292023,6
S_STR01059,S_U0018,S0037,2026-02-07 14:30:44.343040,91
S_STR01060,S_U0087,S0049,2026-02-11 12:50:45.860672,13
S_STR01061,S_U0010,S0050,2026-02-11 20:22:21.762607,180
S_STR01062,S_U0073,S0029,2026-02-26 08:48:32.070290,250
S_STR01063,S_U0006,S0032,2026-02-27 19:44:18.275192,214
S_STR01064,S_U0088,S0043,2026-02-17 02:03:06.820614,26
S_STR01065,S_U0063,S0049,2026-02-04 17:45:58.940469,80
S_STR01066,S_U0013,S0010,2026-02-05 14:58:41.843187,132
S_STR01067,S_U0030,S0046,2026-02-21 17:41:44.794417,58
S_STR01068,S_U0095,S0047,2026-02-17 01:12:22.364278,231
S_STR01069,S_U0037,S0048,2026-02-21 13:27:04.940445,213
S_STR01070,S_U0047,S0045,2026-03-01 08:41:48.953488,143
S_STR01071,S_U0062,S0032,2026-02-25 20:00:24.661886,7
S_STR01072,S_U0007,S0022,2026-02-25 10:40:28.895196,20
S_STR01073,S_U0100,S0015,2026-02-16 12:19:27.668744,164
S_STR01074,S_U0077,S0007,2026-02-18 18:32:33.279155,199
S_STR01075,S_U0087,S0028,2026-02-07 23:59:23.210550,282
S_STR01076,S_U0069,S0040,2026-02-07 23:32:43.044165,70
S_STR01077,S_U0089,S0016,2026-02-20 21:01:42.914646,216
S_STR01078,S_U0046,S0048,2026-02-20 10:33:43.988570,59
S_STR01079,S_U0003,S0016,2026-02-26 09:49:50.770779,90
S_STR01080,S_U0065,S0050,2026-02-20 10:35:28.630891,253
S_STR01081,S_U0056,S0045,2026-02-07 04:48:21.941066,138
S_STR01082,S_U0030,S0037,2026-02-20 04:04:01.435838,76
S_STR01083,S_U0038,S0044,2026-03-01 04:06:06.550601,267
S_STR01084,S_U0046,S0029,2026-02-09 11:15:17.824874,183
S_STR01085,S_U0084,S0036,2026-02-09 16:46:42.148157,12
S_STR01086,S_U0098,S0043,2026-02-08 23:51:28.135348,24
S_STR01087,S_U0072,S0031,2026-02-23 13:16:16.184529,49
S_STR01088,S_U0048,S0008,2026-02-18 22:16:41.057632,10
S_STR01089,S_U0046,S0050,2026-02-04 01:00:21.481512,53
S_STR01090,S_U0005,S0037,2026-02-07 06:11:41.578448,49
S_STR01091,S_U0055,S0019,2026-02-24 23:07:40.511355,319
S_STR01092,S_U0021,S0032,2026-02-08 02:10:25.996504,94
S_STR01093,S_U0041,S0050,2026-02-17 08:20:55.701355,58
S_STR01094,S_U0098,S0026,2026-02-19 03:30:24.566922,186
S_STR01095,S_U0099,S0035,2026-02-25 11:46:38.006275,16
S_STR01096,S_U0055,S0048,2026-02-28 17:09:35.037974,39
S_STR01097,S_U0001,S0041,2026-02-10 12:58:22.467023,113
S_STR01098,S_U0087,S0029,2026-02-28 19:45:31.636494,175
S_STR01099,S_U0036,S0002,2026-02-04 13:46:13.010367,113
S_STR01100,S_U0058,S0043,2026-02-18 01:13:41.707282,137
S_STR01101,S_U0047,S0040,2026-02-17 01:47:13.535493,55
S_STR01102,S_U0043,S0024,2026-02-22 17:59:30.785832,228
S_STR01103,S_U0084,S0024,2026-02-20 15:43:32.416398,157
S_STR01104,S_U0020,S0008,2026-02-22 00:49:15.296610,99
S_STR01105,S_U0060,S0040,2026-02-05 21:43:05.524769,94
S_STR01106,S_U0099,S0046,2026-02-08 19:17:37.534069,108
S_STR01107,S_U0075,S0032,2026-02-12 19:25:13.504842,267
S_STR01108,S_U0077,S0040,2026-02-09 18:02:28.832748,88
S_STR01109,S_U0076,S0048,2026-02-11 19:01:57.085314,256
S_STR01110,S_U0081,S0048,2026-02-14 17:04:53.238448,199
S_STR01111,S_U0090,S0032,2026-02-18 13:57:03.863518,146
S_STR01112,S_U0051,S0032,2026-02-27 05:33:23.797986,233
S_STR01113,S_U0012,S0030,2026-02-09 03:04:44.053983,89
S_STR01114,S_U0046,S0047,2026-03-01 01:13:10.307174,64
S_STR01115,S_U0001,S0035,2026-01-31 16:48:17.087748,307
S_STR01116,S_U0035,S0044,2026-02-19 18:59:02.687003,288
S_STR01117,S_U0050,S0034,2026-02-10 15:06:20.934129,134
S_STR01118,S_U0011,S0049,2026-02-05 08:14:52.868325,32
S_STR01119,S_U0028,S0011,2026-02-13 13:30:00.262770,189
S_STR01120,S_U0033,S0049,2026-02-02 13:33:32.113063,86
S_STR01121,S_U0094,S0023,2026-02-10 16:12:50.263574,182
S_STR01122,S_U0071,S0009,2026-02-09 00:20:37.770224,77
S_STR01123,S_U0042,S0015,2026-02-11 07:28:28.195646,161
S_STR01124,S_U0092,S0049,2026-02-07 07:15:06.074012,93
S_STR01125,S_U0026,S0020,2026-02-21 13:44:21.838652,19
S_STR01126,S_U0087,S0042,2026-02-11 08:32:13.850787,10
S_STR01127,S_U0020,S0039,2026-02-21 05:10:04.275513,212
S_STR01128,S_U0092,S0039,2026-02-27 17:22:13.287395,22
S_STR01129,S_U0098,S0032,2026-02-19 19:53:12.284449,178
S_STR01130,S_U0016,S0037,2026-02-20 14:03:55.961612,152
S_STR01131,S_U0049,S0040,2026-02-27 09:50:06.690687,87
S_STR01132,S_U0039,S0033,2026-02-14 16:00:27.440692,168
S_STR01133,S_U0017,S0046,2026-02-04 16:41:02.790599,129
S_STR01134,S_U0038,S0045,2026-02-07 14:25:35.450181,129
S_STR01135,S_U0087,S0030,2026-02-28 10:36:58.992465,66
S_STR01136,S_U0032,S0042,2026-02-12 17:45:54.394641,38
S_STR01137,S_U0070,S0040,2026-02-16 17:14:32.549477,62
S_STR01138,S_U0097,S0015,2026-02-13 18:49:31.093027,97
S_STR01139,S_U0056,S0040,2026-02-27 18:32:41.614501,14
S_STR01140,S_U0020,S0014,2026-02-15 01:55:38.276682,186
S_STR01141,S_U0068,S0035,2026-02-16 00:00:02.916607,212
S_STR01142,S_U0009,S0040,2026-02-02 09:50:00.118766,105
S_STR01143,S_U0088,S0030,2026-02-19 10:21:58.599262,65
S_STR01144,S_U0069,S0044,2026-02-19 11:58:14.013283,317
S_STR01145,S_U0015,S0016,2026-02-12 21:24:59.423872,95
S_STR01146,S_U0063,S0034,2026-02-22 15:35:25.653030,235
S_STR01147,S_U0071,S0008,2026-02-15 09:10:28.013545,121
S_STR01148,S_U0046,S0011,2026-02-05 15:33:26.143883,277
S_STR01149,S_U0085,S0036,2026-02-18 07:08:05.909400,272
S_STR01150,S_U0011,S0029,2026-02-23 01:22:07.141418,129
S_STR01151,S_U0006,S0048,2026-02-05 04:09:45.779672,258
S_STR01152,S_U0036,S0015,2026-02-20 13:28:10.291962,239
S_STR01153,S_U0080,S0014,2026-02-12 04:19:52.347889,174
S_STR01154,S_U0034,S0033,2026-02-22 20:21:33.979421,135
S_STR01155,S_U0067,S0038,2026-02-02 08:05:06.320719,63
S_STR01156,S_U0020,S0007,2026-02-20 04:09:07.534722,34
S_STR01157,S_U0056,S0044,2026-02-18 02:37:43.481226,268
S_STR01158,S_U0065,S0022,2026-02-02 04:25:58.939296,206
S_STR01159,S_U0061,S0011,2026-03-02 07:54:53.208200,189
S_STR01160,S_U0024,S0038,2026-02-11 20:53:22.739614,19
S_STR01161,S_U0094,S0046,2026-02-21 22:32:57.099467,104
S_STR01162,S_U0056,S0049,2026-02-23 19:17:19.764619,70
S_STR01163,S_U0008,S0033,2026-02-19 14:08:48.156757,61
S_STR01164,S_U0085,S0040,2026-02-13 03:17:38.643461,34
S_STR01165,S_U0033,S0029,2026-02-13 13:27:45.528790,262
S_STR01166,S_U0059,S0040,2026-02-03 04:39:13.828047,10
S_STR01167,S_U0075,S0043,2026-02-04 20:42:32.046901,80
S_STR01168,S_U0036,S0010,2026-03-02 03:29:22.291392,66
S_STR01169,S_U0090,S0020,2026-01-31 19:31:36.347618,5
S_STR01170,S_U0011,S0002,2026-02-09 05:14:20.221453,21
S_STR01171,S_U0051,S0044,2026-02-09 13:17:03.671623,11
S_STR01172,S_U0049,S0032,2026-02-23 10:32:16.494532,293
S_STR01173,S_U0100,S0047,2026-02-25 10:23:01.095655,213
S_STR01174,S_U0026,S0029,2026-02-16 13:44:27.109443,326
S_STR01175,S_U0026,S0035,2026-02-01 19:59:22.555771,181
S_STR01176,S_U0070,S0027,2026-02-23 16:23:38.082079,81
S_STR01177,S_U0011,S0045,2026-02-03 16:33:33.185277,180
S_STR01178,S_U0029,S0035,2026-02-08 19:58:21.051098,243
S_STR01179,S_U0074,S0028,2026-02-27 18:18:24.931587,226
S_STR01180,S_U0064,S0018,2026-02-13 13:24:10.722079,18
S_STR01181,S_U0041,S0023,2026-02-25 19:20:01.112565,36
S_STR01182,S_U0074,S0040,2026-02-14 16:41:42.062394,88
S_STR01183,S_U0010,S0031,2026-02-10 01:06:13.442487,146
S_STR01184,S_U0086,S0025,2026-02-28 18:39:22.006977,117
S_STR01185,S_U0026,S0011,2026-02-26 12:17:23.497936,167
S_STR01186,S_U0072,S0004,2026-02-15 16:23:47.428034,45
S_STR01187,S_U0045,S0048,2026-02-16 04:21:25.825684,74
S_STR01188,S_U0100,S0021,2026-02-08 12:07:34.644450,108
S_STR01189,S_U0040,S0028,2026-02-21 04:54:09.863294,136
S_STR01190,S_U0064,S0035,2026-02-08 17:38:58.820773,202
S_STR01191,S_U0045,S0021,2026-02-02 19:52:39.913916,239
S_STR01192,S_U0009,S0026,2026-02-12 14:14:08.919882,51
S_STR01193,S_U0032,S0023,2026-02-22 11:48:11.475286,137
S_STR01194,S_U0099,S0040,2026-02-03 21:06:34.916047,32
S_STR01195,S_U0042,S0029,2026-02-11 20:21:38.402446,274
S_STR01196,S_U0030,S0033,2026-02-20 14:44:45.215681,163
S_STR01197,S_U0055,S0045,2026-03-01 21:15:56.796327,155
S_STR01198,S_U0060,S0031,2026-02-12 06:08:38.088122,72
S_STR01199,S_U0066,S0019,2026-02-14 12:56:09.367242,144
S_STR01200,S_U0027,S0035,2026-02-15 05:01:36.563748,196
S_STR01201,S_U0002,S0017,2026-02-08 06:46:03.462886,6
S_STR01202,S_U0010,S0042,2026-02-19 04:34:34.894335,44
S_STR01203,S_U0100,S0047,2026-02-18 21:13:11.482639,105
S_STR01204,S_U0061,S0046,2026-03-02 05:44:06.718142,68
S_STR01205,S_U0094,S0025,2026-02-14 10:20:45.945640,190
S_STR01206,S_U0062,S0017,2026-02-14 08:06:57.398060,25
S_STR01207,S_U0079,S0046,2026-02-20 02:29:37.710496,185
S_STR01208,S_U0088,S0033,2026-02-08 06:36:49.893667,10
S_STR01209,S_U0100,S0031,2026-02-27 04:50:06.295947,105
S_STR01210,S_U0075,S0040,2026-02-21 05:04:18.034039,39
S_STR01211,S_U0080,S0043,2026-02-13 23:32:18.836490,48
S_STR01212,S_U0086,S0022,2026-02-26 12:13:16.144046,135
S_STR01213,S_U0021,S0017,2026-02-23 23:35:20.421708,70
S_STR01214,S_U0077,S0030,2026-02-01 18:55:16.727435,18
S_STR01215,S_U0021,S0005,2026-02-04 01:27:17.110794,69
S_STR01216,S_U0010,S0042,2026-02-11 07:11:19.515927,246
S_STR01217,S_U0033,S0020,2026-02-03 12:54:15.035173,151
S_STR01218,S_U0092,S0006,2026-03-01 00:33:23.447768,131
S_STR01219,S_U0059,S0038,2026-02-11 19:58:02.708138,12
S_STR01220,S_U0065,S0046,2026-02-01 06:48:36.183118,94
S_STR01221,S_U0085,S0027,2026-02-12 08:57:51.052355,101
S_STR01222,S_U0032,S0048,2026-02-13 07:00:14.844250,103
S_STR01223,S_U0067,S0034,2026-02-10 13:49:18.065277,177
S_STR01224,S_U0083,S0004,2026-02-04 08:43:13.231486,62
S_STR01225,S_U0042,S0046,2026-02-04 07:24:16.166935,66
S_STR01226,S_U0050,S0031,2026-02-19 09:05:08.197919,63
S_STR01227,S_U0071,S0015,2026-02-13 03:33:06.755090,178
S_STR01228,S_U0073,S0049,2026-02-02 16:49:24.265802,47
S_STR01229,S_U0019,S0026,2026-02-24 19:49:12.991086,134
S_STR01230,S_U0025,S0026,2026-02-03 12:12:32.730339,109
S_STR01231,S_U0035,S0045,2026-02-06 12:26:20.853844,49
S_STR01232,S_U0091,S0035,2026-03-01 09:14:17.057169,320
S_STR01233,S_U0051,S0048,2026-02-02 09:21:33.159634,189
S_STR01234,S_U0044,S0016,2026-02-17 07:06:37.267126,48
S_STR01235,S_U0090,S0041,2026-02-24 10:11:17.734006,165
S_STR01236,S_U0039,S0040,2026-02-02 23:41:52.618160,129
S_STR01237,S_U0095,S0035,2026-02-18 22:32:37.128037,60
S_STR01238,S_U0039,S0009,2026-03-01 13:20:21.844985,175
S_STR01239,S_U0098,S0036,2026-02-12 14:33:30.323445,242
S_STR01240,S_U0015,S0027,2026-02-20 03:09:26.847419,92
S_STR01241,S_U0096,S0039,2026-02-23 02:16:16.376254,334
S_STR01242,S_U0028,S0024,2026-02-20 07:29:06.171119,353
S_STR01243,S_U0084,S0010,2026-02-20 07:17:30.229603,88
S_STR01244,S_U0077,S0018,2026-02-12 20:55:50.682847,282
S_STR01245,S_U0050,S0025,2026-02-06 23:09:01.451983,196
S_STR01246,S_U0054,S0047,2026-02-04 03:53:11.944849,111
S_STR01247,S_U0023,S0042,2026-02-02 15:44:11.531605,210
S_STR01248,S_U0041,S0041,2026-02-16 10:54:13.002747,174
S_STR01249,S_U0008,S0026,2026-02-18 07:13:24.259762,229
S_STR01250,S_U0018,S0037,2026-02-22 08:05:35.259409,65
S_STR01251,S_U0041,S0043,2026-02-12 18:39:09.500968,120
S_STR01252,S_U0080,S0007,2026-02-02 10:00:13.009457,254
S_STR01253,S_U0041,S0022,2026-02-13 06:43:49.521524,58
S_STR01254,S_U0095,S0036,2026-02-14 01:41:15.920464,111
S_STR01255,S_U0068,S0011,2026-02-02 14:25:40.279930,8
S_STR01256,S_U0092,S0034,2026-03-01 11:14:03.024967,144
S_STR01257,S_U0008,S0033,2026-02-04 17:13:21.760757,150
S_STR01258,S_U0033,S0030,2026-02-07 09:31:39.712596,74
S_STR01259,S_U0004,S0030,2026-02-25 07:17:47.819183,67
S_STR01260,S_U0018,S0010,2026-02-11 17:43:33.613293,34
S_STR01261,S_U0005,S0029,2026-02-07 09:08:32.736311,179
S_STR01262,S_U0025,S0018,2026-02-27 06:03:00.907089,237
S_STR01263,S_U0059,S0028,2026-02-15 00:40:17.647608,15
S_STR01264,S_U0097,S0045,2026-02-25 01:35:03.789380,63
S_STR01265,S_U0038,S0048,2026-01-31 14:41:16.846494,258
S_STR01266,S_U0041,S0024,2026-02-19 19:03:20.235872,150
S_STR01267,S_U0074,S0022,2026-02-22 01:16:16.996580,158
S_STR01268,S_U0047,S0038,2026-02-26 01:38:13.549890,110
S_STR01269,S_U0097,S0050,2026-02-28 17:49:36.947594,199
S_STR01270,S_U0058,S0041,2026-02-18 20:30:28.139292,196
S_STR01271,S_U0022,S0040,2026-02-01 02:36:48.177945,99
S_STR01272,S_U0027,S0045,2026-02-19 10:38:41.095396,39
S_STR01273,S_U0074,S0015,2026-02-05 21:19:41.739332,211
S_STR01274,S_U0064,S0034,2026-02-16 21:28:27.923076,67
S_STR01275,S_U0082,S0030,2026-02-17 16:59:04.610233,153
S_STR01276,S_U0063,S0038,2026-02-14 10:56:22.825521,18
S_STR01277,S_U0035,S0047,2026-02-08 01:47:50.192852,96
S_STR01278,S_U0080,S0037,2026-02-28 04:13:13.374858,52
S_STR01279,S_U0006,S0042,2026-02-19 13:07:22.168106,110
S_STR01280,S_U0065,S0024,2026-02-20 05:03:48.936897,60
S_STR01281,S_U0036,S0035,2026-02-02 16:07:20.453602,245
S_STR01282,S_U0004,S0028,2026-02-17 19:36:05.371789,238
S_STR01283,S_U0035,S0025,2026-03-01 01:36:25.314922,72
S_STR01284,S_U0083,S0047,2026-02-16 02:08:58.938899,66
S_STR01285,S_U0080,S0041,2026-02-15 07:46:42.615208,165
S_STR01286,S_U0076,S0022,2026-02-07 00:17:26.312269,171
S_STR01287,S_U0046,S0028,2026-02-21 04:54:18.779636,234
S_STR01288,S_U0022,S0037,2026-02-19 11:31:22.931216,81
S_STR01289,S_U0009,S0026,2026-02-14 00:09:20.098670,100
S_STR01290,S_U0076,S0035,2026-02-18 23:09:44.199737,156
S_STR01291,S_U0081,S0016,2026-02-28 01:58:00.498688,44
S_STR01292,S_U0027,S0047,2026-02-28 20:48:10.536911,38
S_STR01293,S_U0047,S0048,2026-02-26 14:27:31.981276,127
S_STR01294,S_U0030,S0031,2026-02-24 13:26:52.031435,105
S_STR01295,S_U0021,S0037,2026-02-15 12:22:49.191814,46
S_STR01296,S_U0071,S0042,2026-01-31 23:16:17.760257,57
S_STR01297,S_U0026,S0049,2026-02-28 07:40:58.432985,57
S_STR01298,S_U0050,S0024,2026-02-07 00:56:57.711474,105
S_STR01299,S_U0027,S0013,2026-02-22 22:53:47.446905,72
S_STR01300,S_U0064,S0049,2026-02-26 17:20:27.461822,80
S_STR01301,S_U0025,S0046,2026-02-28 10:15:53.100956,193
S_STR01302,S_U0064,S0041,2026-02-25 06:53:06.416424,107
S_STR01303,S_U0025,S0047,2026-02-13 09:47:22.296025,240
S_STR01304,S_U0097,S0018,2026-02-15 23:25:53.515491,174
S_STR01305,S_U0077,S0016,2026-02-02 07:38:22.192600,214
S_STR01306,S_U0030,S0043,2026-02-13 04:09:20.405904,136
S_STR01307,S_U0041,S0002,2026-02-23 21:01:53.412322,59
S_STR01308,S_U0011,S0011,2026-02-17 23:11:23.955667,269
S_STR01309,S_U0005,S0049,2026-02-06 12:23:17.050542,15
S_STR01310,S_U0064,S0039,2026-02-18 13:51:42.965989,172
S_STR01311,S_U0054,S0025,2026-02-23 19:30:53.537626,39
S_STR01312,S_U0046,S0050,2026-02-10 03:00:35.505559,109
S_STR01313,S_U0042,S0041,2026-02-13 01:53:23.578834,53
S_STR01314,S_U0100,S0028,2026-02-28 21:15:11.263094,251
S_STR01315,S_U0028,S0040,2026-03-02 06:43:23.403209,89
S_STR01316,S_U0020,S0048,2026-02-27 02:07:16.370808,263
S_STR01317,S_U0007,S0043,2026-02-08 14:22:26.601020,26
S_STR01318,S_U0034,S0027,2026-02-01 14:03:52.714021,178
S_STR01319,S_U0017,S0038,2026-02-13 07:43:55.935228,162
S_STR01320,S_U0098,S0040,2026-02-19 08:01:30.158378,104
S_STR01321,S_U0051,S0048,2026-02-10 15:41:52.477431,111
S_STR01322,S_U0039,S0034,2026-02-27 12:56:07.574548,233
S_STR01323,S_U0024,S0031,2026-01-31 23:40:34.110000,60
S_STR01324,S_U0072,S0007,2026-02-26 23:00:47.521688,277
S_STR01325,S_U0008,S0048,2026-02-01 07:58:12.329897,210
S_STR01326,S_U0007,S0040,2026-02-02 17:05:09.877092,103
S_STR01327,S_U0009,S0050,2026-02-23 02:38:04.994346,201
S_STR01328,S_U0073,S0050,2026-02-27 12:12:57.018483,165
S_STR01329,S_U0030,S0036,2026-02-04 01:51:02.917177,189
S_STR01330,S_U0025,S0046,2026-02-07 16:40:04.506686,19
S_STR01331,S_U0072,S0027,2026-02-07 06:34:59.168075,36
S_STR01332,S_U0023,S0040,2026-02-12 18:22:02.919126,21
S_STR01333,S_U0084,S0018,2026-02-20 18:04:16.411592,233
S_STR01334,S_U0035,S0044,2026-02-16 04:05:43.536376,308
S_STR01335,S_U0099,S0047,2026-02-09 03:06:07.169766,28
S_STR01336,S_U0091,S0012,2026-02-01 19:33:35.807742,201
S_STR01337,S_U0018,S0023,2026-02-25 05:59:40.879666,16
S_STR01338,S_U0035,S0016,2026-02-04 12:35:01.788354,263
S_STR01339,S_U0100,S0034,2026-02-04 11:17:13.298126,116
S_STR01340,S_U0035,S0038,2026-02-27 22:29:49.691559,81
S_STR01341,S_U0079,S0043,2026-03-01 04:41:53.714227,11
S_STR01342,S_U0095,S0045,2026-02-08 13:56:12.821931,79
S_STR01343,S_U0055,S0025,2026-02-16 08:08:18.429192,162
S_STR01344,S_U0024,S0041,2026-01-31 13:06:56.864453,249
S_STR01345,S_U0096,S0033,2026-02-19 18:43:50.312883,89
S_STR01346,S_U0029,S0031,2026-02-12 02:39:35.854417,84
S_STR01347,S_U0032,S0029,2026-02-16 13:02:46.259604,137
S_STR01348,S_U0006,S0049,2026-02-19 14:41:21.222957,51
S_STR01349,S_U0049,S0049,2026-03-01 12:27:14.471415,59
S_STR01350,S_U0100,S0032,2026-02-28 11:39:36.244398,216
S_STR01351,S_U0099,S0030,2026-02-25 00:29:55.982971,109
S_STR01352,S_U0045,S0032,2026-02-05 05:44:50.113892,54
S_STR01353,S_U0015,S0048,2026-02-01 10:26:44.592650,165
S_STR01354,S_U0059,S0024,2026-02-11 22:19:23.930445,97
S_STR01355,S_U0097,S0030,2026-02-09 19:51:57.894390,68
S_STR01356,S_U0073,S0050,2026-02-23 09:38:27.325517,297
S_STR01357,S_U0054,S0049,2026-02-12 01:08:52.847439,12
S_STR01358,S_U0091,S0034,2026-02-18 02:58:31.292865,94
S_STR01359,S_U0008,S0024,2026-02-09 20:32:16.383408,119
S_STR01360,S_U0021,S0037,2026-02-07 05:00:17.906209,34
S_STR01361,S_U0016,S0012,2026-02-21 15:45:23.854451,255
S_STR01362,S_U0060,S0045,2026-02-08 19:05:51.199965,21
S_STR01363,S_U0021,S0028,2026-02-25 01:19:34.568428,100
S_STR01364,S_U0060,S0035,2026-02-21 19:06:55.924371,284
S_STR01365,S_U0015,S0048,2026-02-05 23:56:20.853627,92
S_STR01366,S_U0025,S0005,2026-02-16 04:14:21.614812,192
S_STR01367,S_U0042,S0027,2026-02-18 14:46:35.177866,47
S_STR01368,S_U0089,S0034,2026-02-03 16:35:15.184108,21
S_STR01369,S_U0003,S0031,2026-02-28 17:35:46.027149,68
S_STR01370,S_U0065,S0046,2026-02-12 18:24:21.987597,145
S_STR01371,S_U0034,S0013,2026-03-01 18:27:35.392163,100
S_STR01372,S_U0018,S0041,2026-02-12 14:26:09.556738,135
S_STR01373,S_U0009,S0049,2026-02-21 18:51:43.526545,54
S_STR01374,S_U0066,S0012,2026-02-10 23:30:24.624247,95
S_STR01375,S_U0061,S0044,2026-02-03 21:47:45.263409,166
S_STR01376,S_U0076,S0044,2026-02-24 14:15:32.589033,68
S_STR01377,S_U0027,S0028,2026-02-02 16:23:24.977339,98
S_STR01378,S_U0004,S0041,2026-02-04 12:02:50.202254,159
S_STR01379,S_U0063,S0011,2026-02-23 09:28:33.543124,212
S_STR01380,S_U0030,S0018,2026-03-01 06:39:46.093451,103
S_STR01381,S_U0050,S0019,2026-02-25 16:04:46.964182,318
S_STR01382,S_U0001,S0046,2026-02-28 07:41:20.281038,105
S_STR01383,S_U0085,S0044,2026-02-06 17:50:42.255952,323
S_STR01384,S_U0029,S0047,2026-02-14 23:58:01.745172,162
S_STR01385,S_U0006,S0030,2026-02-15 07:59:35.341922,15
S_STR01386,S_U0068,S0040,2026-02-23 03:01:28.802621,69
S_STR01387,S_U0050,S0017,2026-02-12 23:30:15.389991,105
S_STR01388,S_U0006,S0044,2026-02-21 08:01:20.827852,298
S_STR01389,S_U0091,S0049,2026-02-01 17:22:18.834857,14
S_STR01390,S_U0077,S0018,2026-02-23 17:33:11.991781,165
S_STR01391,S_U0036,S0034,2026-02-05 20:29:56.985972,211
S_STR01392,S_U0100,S0044,2026-02-28 11:21:20.679083,319
S_STR01393,S_U0020,S0046,2026-02-12 19:36:18.415133,140
S_STR01394,S_U0071,S0012,2026-02-01 06:24:52.800820,288
S_STR01395,S_U0063,S0032,2026-02-09 19:44:19.884788,12
S_STR01396,S_U0043,S0007,2026-02-21 13:04:16.587946,66
S_STR01397,S_U0020,S0043,2026-02-05 02:59:12.647731,8
S_STR01398,S_U0036,S0023,2026-02-21 17:08:45.391118,9
S_STR01399,S_U0080,S0042,2026-02-07 10:15:51.300828,74
S_STR01400,S_U0071,S0046,2026-02-23 06:29:06.769279,16
S_STR01401,S_U0092,S0030,2026-02-24 00:50:41.763187,156
S_STR01402,S_U0071,S0027,2026-02-16 15:10:39.490959,182
S_STR01403,S_U0001,S0023,2026-02-12 08:05:16.757261,170
S_STR01404,S_U0094,S0019,2026-02-09 06:14:59.326485,22
S_STR01405,S_U0058,S0020,2026-02-16 05:12:14.693603,110
S_STR01406,S_U0055,S0032,2026-02-23 07:52:03.689309,66
S_STR01407,S_U0038,S0050,2026-02-07 00:23:52.944029,43
S_STR01408,S_U0034,S0028,2026-02-01 01:20:26.922267,224
S_STR01409,S_U0035,S0047,2026-02-26 13:24:32.289646,117
S_STR01410,S_U0079,S0027,2026-02-02 14:05:24.751444,229
S_STR01411,S_U0023,S0050,2026-02-03 18:55:01.460273,75
S_STR01412,S_U0035,S0036,2026-02-28 01:19:52.341206,306
S_STR01413,S_U0019,S0022,2026-02-28 13:27:37.709090,76
S_STR01414,S_U0041,S0046,2026-02-21 10:37:31.751944,10
S_STR01415,S_U0055,S0040,2026-02-17 02:51:08.484579,134
S_STR01416,S_U0080,S0017,2026-02-26 04:46:01.065273,70
S_STR01417,S_U0010,S0041,2026-02-02 01:18:21.480953,190
S_STR01418,S_U0013,S0027,2026-02-03 19:56:43.222203,58
S_STR01419,S_U0068,S0012,2026-02-28 09:43:29.503063,74
S_STR01420,S_U0025,S0032,2026-02-13 14:23:44.144086,298
S_STR01421,S_U0085,S0045,2026-02-06 18:49:15.080436,35
S_STR01422,S_U0010,S0019,2026-02-11 03:30:53.037866,232
S_STR01423,S_U0061,S0019,2026-02-01 05:48:45.457169,255
S_STR01424,S_U0066,S0018,2026-02-23 12:10:01.744800,129
S_STR01425,S_U0099,S0049,2026-02-12 21:28:37.620021,65
S_STR01426,S_U0059,S0028,2026-02-06 01:41:12.985767,35
S_STR01427,S_U0054,S0024,2026-02-11 06:52:23.451278,339
S_STR01428,S_U0040,S0018,2026-02-11 08:45:31.804921,181
S_STR01429,S_U0075,S0043,2026-02-16 21:01:04.419884,38
S_STR01430,S_U0001,S0041,2026-02-21 12:11:32.825873,98
S_STR01431,S_U0069,S0026,2026-02-03 15:18:56.781711,49
S_STR01432,S_U0051,S0044,2026-02-28 18:14:17.064880,249
S_STR01433,S_U0018,S0046,2026-02-05 03:08:24.320091,31
S_STR01434,S_U0090,S0049,2026-02-19 18:17:18.616811,58
S_STR01435,S_U0017,S0036,2026-02-11 13:49:29.486002,39
S_STR01436,S_U0038,S0040,2026-02-12 20:09:26.809129,29
S_STR01437,S_U0024,S0036,2026-02-11 13:56:34.051175,307
S_STR01438,S_U0098,S0027,2026-02-27 15:41:25.304096,199
S_STR01439,S_U0020,S0028,2026-02-05 18:45:31.714418,7
S_STR01440,S_U0002,S0050,2026-02-28 22:22:52.753055,47
S_STR01441,S_U0073,S0044,2026-03-01 18:11:53.079012,140
S_STR01442,S_U0068,S0023,2026-02-01 07:08:58.680712,63
S_STR01443,S_U0037,S0042,2026-02-01 10:49:03.079473,255
S_STR01444,S_U0052,S0035,2026-02-26 11:11:12.744648,316
S_STR01445,S_U0043,S0020,2026-02-22 14:04:33.299500,120
S_STR01446,S_U0083,S0044,2026-02-21 16:08:59.927750,91
S_STR01447,S_U0057,S0039,2026-02-17 22:51:32.741254,300
S_STR01448,S_U0059,S0049,2026-02-16 02:22:35.320875,81
S_STR01449,S_U0085,S0048,2026-02-22 14:08:02.224864,275
S_STR01450,S_U0031,S0010,2026-02-08 18:45:55.330106,171
S_STR01451,S_U0015,S0036,2026-02-13 14:19:10.615522,71
S_STR01452,S_U0049,S0038,2026-02-06 12:06:58.550694,156
S_STR01453,S_U0052,S0042,2026-02-26 21:51:05.790155,120
S_STR01454,S_U0099,S0038,2026-02-11 02:35:17.784338,37
S_STR01455,S_U0051,S0031,2026-02-01 18:41:07.894784,77
S_STR01456,S_U0014,S0013,2026-02-15 20:38:18.380291,124
S_STR01457,S_U0035,S0027,2026-02-12 04:12:14.229128,60
S_STR01458,S_U0099,S0050,2026-02-02 00:10:30.258198,182
S_STR01459,S_U0052,S0031,2026-02-14 19:59:24.395730,40
S_STR01460,S_U0100,S0041,2026-02-13 09:37:28.690395,131
S_STR01461,S_U0066,S0025,2026-02-16 16:21:46.360507,24
S_STR01462,S_U0093,S0048,2026-02-09 06:27:26.707023,147
S_STR01463,S_U0017,S0029,2026-02-08 22:46:03.392919,286
S_STR01464,S_U0073,S0033,2026-02-20 22:56:15.420997,24
S_STR01465,S_U0053,S0005,2026-02-18 02:33:39.117427,69
S_STR01466,S_U0009,S0037,2026-02-23 05:00:05.846039,144
S_STR01467,S_U0018,S0044,2026-02-17 23:56:12.719786,166
S_STR01468,S_U0069,S0039,2026-02-22 03:15:09.469876,300
S_STR01469,S_U0082,S0039,2026-02-05 19:47:51.794816,129
S_STR01470,S_U0083,S0039,2026-02-22 23:41:45.122018,185
S_STR01471,S_U0010,S0014,2026-02-20 20:50:15.932468,303
S_STR01472,S_U0074,S0030,2026-02-18 09:18:40.923057,74
S_STR01473,S_U0001,S0032,2026-03-01 23:53:41.293165,23
S_STR01474,S_U0017,S0015,2026-02-12 18:49:51.636082,95
S_STR01475,S_U0012,S0036,2026-02-01 05:29:41.212813,155
S_STR01476,S_U0012,S0035,2026-02-08 14:27:45.037949,123
S_STR01477,S_U0049,S0006,2026-02-05 12:42:52.629795,181
S_STR01478,S_U0091,S0021,2026-03-01 23:08:36.173344,271
S_STR01479,S_U0058,S0039,2026-02-21 09:07:33.038883,97
S_STR01480,S_U0099,S0036,2026-02-21 11:43:50.686517,204
S_STR01481,S_U0007,S0041,2026-02-08 16:46:48.465767,85
S_STR01482,S_U0061,S0032,2026-02-17 06:27:48.093153,90
S_STR01483,S_U0064,S0044,2026-02-01 22:20:11.341494,89
S_STR01484,S_U0047,S0047,2026-02-20 19:33:17.080598,109
S_STR01485,S_U0097,S0019,2026-02-24 02:06:21.157127,313
S_STR01486,S_U0055,S0033,2026-02-26 14:00:46.147210,34
S_STR01487,S_U0051,S0010,2026-02-28 21:08:54.600071,181
S_STR01488,S_U0003,S0050,2026-02-10 13:31:07.237960,124
S_STR01489,S_U0051,S0021,2026-02-28 21:19:42.151547,106
S_STR01490,S_U0066,S0010,2026-02-08 18:27:32.819435,101
S_STR01491,S_U0026,S0029,2026-02-26 07:53:16.557773,225
S_STR01492,S_U0026,S0031,2026-02-18 13:42:59.558661,78
S_STR01493,S_U0001,S0034,2026-01-31 13:26:52.684931,105
S_STR01494,S_U0066,S0038,2026-02-12 20:57:38.174524,6
S_STR01495,S_U0034,S0026,2026-02-02 11:22:37.404733,139
S_STR01496,S_U0037,S0046,2026-02-08 17:52:15.302169,20
S_STR01497,S_U0058,S0035,2026-02-24 19:39:56.224866,117
S_STR01498,S_U0060,S0042,2026-02-27 10:52:38.326744,268
S_STR01499,S_U0045,S0029,2026-03-01 02:24:53.416430,134
S_STR01500,S_U0010,S0026,2026-02-01 07:29:04.132170,252
S_STR01501,S_U0048,S0032,2026-03-02 09:45:47.094382,227
S_STR01502,S_U0033,S0016,2026-03-02 00:18:39.814429,16
S_STR01503,S_U0090,S0040,2026-02-08 03:08:52.687030,15
S_STR01504,S_U0084,S0046,2026-02-16 14:42:23.582499,130
S_STR01505,S_U0015,S0027,2026-02-05 01:43:37.038683,226
S_STR01506,S_U0079,S0027,2026-01-31 19:39:48.437048,114
S_STR01507,S_U0010,S0035,2026-02-22 05:22:09.176248,134
S_STR01508,S_U0077,S0046,2026-02-17 19:32:31.138631,129
S_STR01509,S_U0077,S0041,2026-02-17 12:25:56.284184,202
S_STR01510,S_U0018,S0031,2026-02-11 00:19:04.591670,107
S_STR01511,S_U0035,S0024,2026-02-21 19:50:28.073381,28
S_STR01512,S_U0078,S0030,2026-02-19 00:38:27.597353,40
S_STR01513,S_U0093,S0023,2026-02-09 15:24:29.068929,35
S_STR01514,S_U0003,S0043,2026-02-04 09:48:22.473790,100
S_STR01515,S_U0041,S0030,2026-02-23 18:56:13.542122,25
S_STR01516,S_U0090,S0042,2026-02-20 21:40:50.848205,272
S_STR01517,S_U0050,S0050,2026-02-18 12:17:00.486094,252
S_STR01518,S_U0062,S0019,2026-02-21 04:48:41.464602,303
S_STR01519,S_U0043,S0027,2026-02-01 23:19:00.906257,192
S_STR01520,S_U0044,S0033,2026-01-31 11:42:50.572298,93
S_STR01521,S_U0071,S0031,2026-02-28 18:40:55.699475,41
S_STR01522,S_U0073,S0021,2026-02-18 12:26:54.927390,154
S_STR01523,S_U0084,S0008,2026-02-23 23:18:03.287870,250
S_STR01524,S_U0045,S0043,2026-02-10 11:53:52.463599,141
S_STR01525,S_U0036,S0019,2026-02-01 08:55:30.077849,31
S_STR01526,S_U0064,S0038,2026-02-27 04:20:56.696998,22
S_STR01527,S_U0059,S0050,2026-02-24 19:43:32.514015,232
S_STR01528,S_U0061,S0043,2026-02-24 17:07:03.305571,90
S_STR01529,S_U0014,S0025,2026-02-06 04:34:47.244998,132
S_STR01530,S_U0038,S0045,2026-02-27 04:18:07.591347,138
S_STR01531,S_U0009,S0050,2026-02-22 03:29:10.031091,181
S_STR01532,S_U0011,S0035,2026-02-13 02:06:52.136796,169
S_STR01533,S_U0076,S0033,2026-02-12 10:55:24.711562,89
S_STR01534,S_U0006,S0025,2026-02-15 13:22:17.866611,38
S_STR01535,S_U0004,S0050,2026-02-24 01:50:57.686454,19
S_STR01536,S_U0055,S0042,2026-02-18 00:47:25.301428,198
S_STR01537,S_U0001,S0039,2026-02-07 09:18:27.303148,157
S_STR01538,S_U0015,S0044,2026-02-24 01:02:30.939976,270
S_STR01539,S_U0036,S0042,2026-02-26 08:10:56.435558,84
S_STR01540,S_U0100,S0019,2026-02-16 21:33:47.159750,332
S_STR01541,S_U0039,S0043,2026-02-08 01:13:46.973801,47
S_STR01542,S_U0044,S0047,2026-02-11 05:32:04.144271,294
S_STR01543,S_U0049,S0037,2026-02-03 01:09:21.676405,68
S_STR01544,S_U0076,S0031,2026-02-19 20:55:30.345246,130
S_STR01545,S_U0088,S0024,2026-02-18 16:47:12.099783,279
S_STR01546,S_U0034,S0044,2026-02-27 03:08:27.677479,129
S_STR01547,S_U0032,S0015,2026-02-10 09:54:04.798518,133
S_STR01548,S_U0028,S0044,2026-02-03 05:15:53.979135,114
S_STR01549,S_U0055,S0047,2026-03-01 01:16:15.809815,66
S_STR01550,S_U0043,S0028,2026-02-11 03:42:05.222923,107
S_STR01551,S_U0078,S0032,2026-02-18 08:30:04.323695,73
S_STR01552,S_U0039,S0013,2026-03-01 10:00:40.455828,29
S_STR01553,S_U0005,S0043,2026-02-06 14:11:18.823661,10
S_STR01554,S_U0032,S0045,2026-02-18 03:07:47.440232,179
S_STR01555,S_U0070,S0043,2026-02-21 22:19:10.236809,113
S_STR01556,S_U0053,S0019,2026-02-11 00:03:50.938323,175
S_STR01557,S_U0088,S0032,2026-02-19 17:42:47.572130,52
S_STR01558,S_U0038,S0045,2026-02-09 21:38:35.546717,135
S_STR01559,S_U0045,S0039,2026-02-12 17:27:31.563424,243
S_STR01560,S_U0088,S0011,2026-02-12 05:02:42.678400,174
S_STR01561,S_U0015,S0050,2026-02-04 01:56:43.312810,161
S_STR01562,S_U0041,S0026,2026-02-06 06:46:36.410346,175
S_STR01563,S_U0021,S0042,2026-02-12 16:35:29.565253,227
S_STR01564,S_U0065,S0046,2026-02-09 01:06:15.641134,134
S_STR01565,S_U0013,S0044,2026-02-04 17:02:55.454057,201
S_STR01566,S_U0034,S0039,2026-02-03 17:26:47.288205,110
S_STR01567,S_U0059,S0032,2026-02-03 11:16:45.966774,80
S_STR01568,S_U0022,S0035,2026-02-26 22:00:14.678260,298
S_STR01569,S_U0013,S0019,2026-02-15 00:10:45.912254,46
S_STR01570,S_U0020,S0048,2026-02-08 21:10:29.657821,266
S_STR01571,S_U0026,S0028,2026-02-21 05:54:45.740883,185
S_STR01572,S_U0053,S0027,2026-02-28 22:10:35.597320,240
S_STR01573,S_U0022,S0002,2026-02-25 05:29:28.518736,159
S_STR01574,S_U0040,S0009,2026-02-11 08:36:27.973120,142
S_STR01575,S_U0009,S0031,2026-02-02 15:32:09.120817,142
S_STR01576,S_U0097,S0018,2026-02-09 21:55:40.294639,232
S_STR01577,S_U0053,S0029,2026-02-16 13:56:23.844184,145
S_STR01578,S_U0100,S0045,2026-02-24 04:11:43.250212,171
S_STR01579,S_U0083,S0037,2026-02-15 11:10:49.884101,26
S_STR01580,S_U0085,S0034,2026-02-06 06:03:13.323401,25
S_STR01581,S_U0055,S0034,2026-02-25 20:31:13.331918,228
S_STR01582,S_U0092,S0028,2026-02-08 05:49:10.338128,110
S_STR01583,S_U0023,S0012,2026-02-06 16:45:48.052412,172
S_STR01584,S_U0087,S0040,2026-02-25 19:19:15.778512,47
S_STR01585,S_U0031,S0021,2026-02-23 01:15:41.567279,149
S_STR01586,S_U0092,S0014,2026-02-13 06:20:31.848996,299
S_STR01587,S_U0093,S0048,2026-02-21 20:01:31.551173,191
S_STR01588,S_U0052,S0046,2026-02-19 16:10:36.536980,53
S_STR01589,S_U0051,S0043,2026-02-28 04:31:17.066833,145
S_STR01590,S_U0015,S0008,2026-02-16 08:43:24.199516,241
S_STR01591,S_U0076,S0038,2026-02-26 23:51:58.264849,77
S_STR01592,S_U0073,S0009,2026-02-21 12:11:34.390957,79
S_STR01593,S_U0091,S0045,2026-02-19 19:40:40.373886,54
S_STR01594,S_U0055,S0016,2026-02-04 15:03:30.426684,139
S_STR01595,S_U0032,S0039,2026-02-15 12:29:36.523005,296
S_STR01596,S_U0063,S0045,2026-02-01 05:34:29.895974,100
S_STR01597,S_U0029,S0029,2026-02-22 17:27:24.945756,249
S_STR01598,S_U0093,S0047,2026-03-01 12:27:35.388837,116
S_STR01599,S_U0015,S0045,2026-02-12 00:24:36.596588,123
S_STR01600,S_U0040,S0036,2026-02-20 09:49:17.692476,80
S_STR01601,S_U0066,S0044,2026-02-20 16:12:51.471113,219
S_STR01602,S_U0015,S0045,2026-02-25 11:10:26.117593,59
S_STR01603,S_U0094,S0042,2026-02-07 01:03:03.396960,58
S_STR01604,S_U0031,S0048,2026-02-24 15:15:27.301245,55
S_STR01605,S_U0018,S0033,2026-03-02 04:26:39.138510,124
S_STR01606,S_U0033,S0012,2026-02-03 22:45:15.947168,69
S_STR01607,S_U0010,S0009,2026-02-04 17:09:29.717340,113
S_STR01608,S_U0030,S0035,2026-02-04 21:56:58.663740,49
S_STR01609,S_U0100,S0033,2026-02-16 11:55:54.947384,168
S_STR01610,S_U0065,S0027,2026-02-18 16:54:56.739686,9
S_STR01611,S_U0037,S0046,2026-02-22 18:34:48.128611,34
S_STR01612,S_U0033,S0025,2026-02-05 05:13:47.892029,99
S_STR01613,S_U0090,S0003,2026-02-11 13:46:40.246605,137
S_STR01614,S_U0042,S0038,2026-02-11 13:07:53.761606,121
S_STR01615,S_U0012,S0039,2026-02-28 23:12:49.487090,76
S_STR01616,S_U0089,S0050,2026-02-21 04:05:44.778725,283
S_STR01617,S_U0009,S0039,2026-02-14 14:27:22.003631,104
S_STR01618,S_U0032,S0047,2026-02-06 23:24:36.051878,239
S_STR01619,S_U0052,S0035,2026-02-04 01:23:09.779928,186
S_STR01620,S_U0039,S0040,2026-02-05 23:34:25.906026,67
S_STR01621,S_U0053,S0023,2026-02-05 19:12:51.213145,33
S_STR01622,S_U0029,S0038,2026-02-12 04:01:37.240848,101
S_STR01623,S_U0096,S0049,2026-02-21 22:19:19.289019,108
S_STR01624,S_U0055,S0038,2026-02-27 07:19:36.973461,91
S_STR01625,S_U0082,S0046,2026-02-05 06:25:03.438675,136
S_STR01626,S_U0082,S0036,2026-02-13 21:22:49.305779,224
S_STR01627,S_U0026,S0028,2026-02-19 05:42:08.228319,194
S_STR01628,S_U0085,S0050,2026-02-10 01:29:23.457246,105
S_STR01629,S_U0060,S0043,2026-02-17 12:12:55.392628,112
S_STR01630,S_U0014,S0039,2026-02-01 10:04:53.861523,270
S_STR01631,S_U0064,S0032,2026-02-07 18:47:19.050686,28
S_STR01632,S_U0055,S0050,2026-02-11 13:00:18.647019,106
S_STR01633,S_U0096,S0029,2026-02-27 12:06:53.073359,59
S_STR01634,S_U0023,S0043,2026-02-27 00:19:12.235606,47
S_STR01635,S_U0045,S0049,2026-02-13 03:02:56.111171,106
S_STR01636,S_U0047,S0049,2026-02-18 22:10:03.386751,15
S_STR01637,S_U0042,S0047,2026-02-28 16:36:07.615348,231
S_STR01638,S_U0035,S0046,2026-02-22 00:31:38.631016,127
S_STR01639,S_U0053,S0030,2026-02-22 22:33:47.446198,119
S_STR01640,S_U0033,S0032,2026-02-28 18:03:30.758517,49
S_STR01641,S_U0018,S0038,2026-01-31 20:30:19.373850,99
S_STR01642,S_U0057,S0026,2026-03-01 17:53:29.263213,140
S_STR01643,S_U0003,S0009,2026-02-22 23:31:56.406331,160
S_STR01644,S_U0049,S0014,2026-02-28 03:26:35.430736,219
S_STR01645,S_U0060,S0031,2026-02-08 09:39:21.249454,96
S_STR01646,S_U0080,S0028,2026-02-13 12:11:30.482661,171
S_STR01647,S_U0018,S0023,2026-02-23 02:23:55.701958,140
S_STR01648,S_U0009,S0021,2026-02-07 22:52:29.877380,42
S_STR01649,S_U0022,S0050,2026-02-20 08:32:56.815624,225
S_STR01650,S_U0062,S0042,2026-03-01 13:17:47.179293,12
S_STR01651,S_U0077,S0047,2026-03-02 07:36:53.817911,201
S_STR01652,S_U0004,S0049,2026-02-27 17:14:27.351203,106
S_STR01653,S_U0029,S0041,2026-02-22 05:38:24.102672,187
S_STR01654,S_U0096,S0040,2026-02-08 02:12:13.067160,116
S_STR01655,S_U0030,S0048,2026-02-07 04:34:19.602573,244
S_STR01656,S_U0008,S0016,2026-02-06 00:49:26.518978,23
S_STR01657,S_U0057,S0017,2026-02-01 20:59:45.765279,28
S_STR01658,S_U0040,S0045,2026-02-22 12:36:18.017163,145
S_STR01659,S_U0045,S0043,2026-02-05 00:52:37.299164,17
S_STR01660,S_U0006,S0048,2026-02-16 16:35:11.141895,166
S_STR01661,S_U0059,S0046,2026-02-03 11:59:12.602595,20
S_STR01662,S_U0058,S0030,2026-02-27 12:51:24.908310,67
S_STR01663,S_U0035,S0040,2026-02-26 07:59:34.484743,119
S_STR01664,S_U0078,S0027,2026-02-25 00:24:08.685500,70
S_STR01665,S_U0064,S0048,2026-02-09 19:08:45.502385,16
S_STR01666,S_U0100,S0017,2026-02-23 02:38:21.281115,97
S_STR01667,S_U0033,S0023,2026-02-19 07:58:23.317801,181
S_STR01668,S_U0095,S0047,2026-03-01 04:31:01.748785,233
S_STR01669,S_U0020,S0041,2026-02-03 08:52:10.650524,101
S_STR01670,S_U0056,S0036,2026-02-10 21:39:33.174600,275
S_STR01671,S_U0074,S0013,2026-02-13 08:42:20.310161,68
S_STR01672,S_U0098,S0042,2026-02-03 18:50:29.376416,155
S_STR01673,S_U0018,S0011,2026-02-15 00:27:02.637995,161
S_STR01674,S_U0083,S0031,2026-02-01 01:02:41.721825,140
S_STR01675,S_U0040,S0021,2026-02-05 01:12:01.206883,61
S_STR01676,S_U0100,S0031,2026-02-11 18:33:45.052964,66
S_STR01677,S_U0011,S0025,2026-02-13 08:39:10.003609,172
S_STR01678,S_U0057,S0042,2026-02-17 01:07:33.881326,134
S_STR01679,S_U0048,S0031,2026-02-21 13:55:18.972983,118
S_STR01680,S_U0056,S0049,2026-02-21 10:38:50.061853,91
S_STR01681,S_U0078,S0045,2026-02-10 08:08:08.556020,22
S_STR01682,S_U0071,S0023,2026-02-27 02:27:44.897494,68
S_STR01683,S_U0043,S0023,2026-02-18 18:32:36.416362,126
S_STR01684,S_U0091,S0044,2026-03-01 02:00:33.376594,159
S_STR01685,S_U0080,S0044,2026-02-09 04:47:10.315120,243
S_STR01686,S_U0082,S0019,2026-02-12 18:28:33.362293,313
S_STR01687,S_U0091,S0035,2026-02-17 11:56:37.531538,296
S_STR01688,S_U0002,S0022,2026-02-25 00:50:51.929838,20
S_STR01689,S_U0045,S0049,2026-02-14 18:53:27.647058,109
S_STR01690,S_U0089,S0031,2026-02-25 21:02:00.886968,5
S_STR01691,S_U0056,S0044,2026-02-14 19:34:41.512836,251
S_STR01692,S_U0030,S0037,2026-02-12 12:48:25.815113,79
S_STR01693,S_U0074,S0041,2026-02-02 14:56:57.386871,75
S_STR01694,S_U0091,S0043,2026-02-19 04:48:00.931807,116
S_STR01695,S_U0095,S0048,2026-02-17 02:36:27.921361,232
S_STR01696,S_U0090,S0031,2026-02-23 20:38:30.164887,128
S_STR01697,S_U0075,S0032,2026-02-15 05:10:26.783237,81
S_STR01698,S_U0097,S0009,2026-02-25 06:24:58.441200,115
S_STR01699,S_U0020,S0029,2026-02-21 17:59:16.240175,286
S_STR01700,S_U0005,S0049,2026-02-02 08:38:10.043245,53
S_STR01701,S_U0070,S0049,2026-02-17 03:26:35.904369,61
S_STR01702,S_U0025,S0045,2026-02-04 23:53:27.423884,184
S_STR01703,S_U0011,S0008,2026-02-01 20:28:31.156116,73
S_STR01704,S_U0058,S0046,2026-02-12 15:35:08.874248,114
S_STR01705,S_U0059,S0042,2026-02-03 16:53:16.495113,5
S_STR01706,S_U0090,S0038,2026-02-14 14:16:52.281755,66
S_STR01707,S_U0069,S0042,2026-02-14 23:27:13.015389,260
S_STR01708,S_U0004,S0042,2026-02-17 04:50:34.827081,46
S_STR01709,S_U0046,S0012,2026-02-06 20:00:07.758269,143
S_STR01710,S_U0045,S0021,2026-02-01 15:18:53.981127,127
S_STR01711,S_U0088,S0040,2026-02-13 12:24:32.222486,93
S_STR01712,S_U0049,S0021,2026-02-14 02:09:55.725804,249
S_STR01713,S_U0029,S0044,2026-02-23 09:25:50.201360,43
S_STR01714,S_U0002,S0028,2026-02-20 08:00:27.634470,145
S_STR01715,S_U0064,S0039,2026-02-05 18:23:19.004379,208
S_STR01716,S_U0034,S0041,2026-01-31 15:45:56.861489,197
S_STR01717,S_U0084,S0036,2026-02-04 04:56:20.123951,239
S_STR01718,S_U0001,S0021,2026-02-16 01:34:57.749223,147
S_STR01719,S_U0064,S0033,2026-02-05 16:57:44.867673,155
S_STR01720,S_U0092,S0038,2026-02-20 17:30:23.657782,96
S_STR01721,S_U0004,S0042,2026-02-24 20:57:06.793286,215
S_STR01722,S_U0085,S0039,2026-02-11 12:19:55.980213,253
S_STR01723,S_U0009,S0028,2026-02-26 14:17:04.425708,59
S_STR01724,S_U0051,S0020,2026-03-02 06:09:40.609298,109
S_STR01725,S_U0031,S0042,2026-02-04 00:34:43.477384,224
S_STR01726,S_U0086,S0021,2026-02-18 22:04:17.107782,86
S_STR01727,S_U0100,S0046,2026-02-28 12:56:58.908651,182
S_STR01728,S_U0096,S0020,2026-02-02 22:17:05.433731,5
S_STR01729,S_U0064,S0043,2026-02-19 09:41:20.940533,154
S_STR01730,S_U0002,S0038,2026-02-16 14:43:58.498838,20
S_STR01731,S_U0048,S0036,2026-02-13 06:46:11.645236,153
S_STR01732,S_U0030,S0037,2026-02-12 02:04:39.585393,77
S_STR01733,S_U0023,S0030,2026-02-23 00:53:08.894333,51
S_STR01734,S_U0032,S0030,2026-02-14 07:00:47.321196,113
S_STR01735,S_U0063,S0004,2026-02-01 23:43:33.604858,26
S_STR01736,S_U0053,S0049,2026-02-02 10:40:38.128562,70
S_STR01737,S_U0072,S0013,2026-02-11 22:51:52.597306,168
S_STR01738,S_U0088,S0038,2026-02-10 05:41:47.142618,71
S_STR01739,S_U0096,S0039,2026-02-07 23:10:43.236082,144
S_STR01740,S_U0067,S0020,2026-02-09 17:39:24.870945,104
S_STR01741,S_U0010,S0025,2026-02-25 10:29:41.476683,87
S_STR01742,S_U0061,S0044,2026-02-01 12:34:46.590129,18
S_STR01743,S_U0059,S0034,2026-02-01 17:30:08.976006,181
S_STR01744,S_U0062,S0014,2026-02-22 03:08:34.198845,168
S_STR01745,S_U0072,S0021,2026-02-20 04:30:28.527534,209
S_STR01746,S_U0072,S0038,2026-02-28 15:19:58.699026,56
S_STR01747,S_U0011,S0034,2026-02-23 21:05:36.688325,123
S_STR01748,S_U0061,S0029,2026-02-15 13:40:56.388736,315
S_STR01749,S_U0047,S0032,2026-01-31 14:23:30.325045,228
S_STR01750,S_U0062,S0036,2026-02-05 21:41:19.301458,205
S_STR01751,S_U0063,S0005,2026-02-05 18:42:00.658455,99
S_STR01752,S_U0088,S0041,2026-02-13 15:55:35.659294,199
S_STR01753,S_U0002,S0041,2026-02-23 14:19:55.696581,218
S_STR01754,S_U0005,S0023,2026-02-24 09:37:02.786002,204
S_STR01755,S_U0071,S0049,2026-02-20 17:56:54.704091,39
S_STR01756,S_U0031,S0040,2026-02-28 13:01:00.549518,111
S_STR01757,S_U0043,S0033,2026-02-10 13:44:14.080056,73
S_STR01758,S_U0035,S0047,2026-02-06 18:23:44.245884,250
S_STR01759,S_U0039,S0030,2026-02-22 14:08:29.685014,116
S_STR01760,S_U0022,S0013,2026-03-01 17:21:00.009008,60
S_STR01761,S_U0064,S0022,2026-02-20 20:18:47.110401,52
S_STR01762,S_U0057,S0035,2026-02-06 14:03:53.741511,140
S_STR01763,S_U0080,S0009,2026-02-08 19:29:26.780769,97
S_STR01764,S_U0083,S0025,2026-03-01 12:06:48.223661,79
S_STR01765,S_U0080,S0030,2026-02-11 14:34:32.634398,55
S_STR01766,S_U0060,S0035,2026-02-17 16:51:20.012394,74
S_STR01767,S_U0091,S0040,2026-02-04 07:54:45.777031,116
S_STR01768,S_U0078,S0045,2026-02-17 18:46:46.154378,82
S_STR01769,S_U0050,S0047,2026-02-04 23:39:33.945264,17
S_STR01770,S_U0077,S0020,2026-02-05 18:08:11.565315,136
S_STR01771,S_U0053,S0018,2026-02-05 17:17:47.785323,197
S_STR01772,S_U0054,S0049,2026-02-27 08:44:53.398710,92
S_STR01773,S_U0091,S0044,2026-02-04 19:57:53.561733,27
S_STR01774,S_U0043,S0036,2026-02-25 06:35:54.003887,73
S_STR01775,S_U0079,S0038,2026-02-24 16:02:12.539415,73
S_STR01776,S_U0069,S0022,2026-02-21 03:00:05.522783,92
S_STR01777,S_U0093,S0016,2026-02-21 20:59:23.195190,269
S_STR01778,S_U0096,S0044,2026-02-10 20:53:44.989091,310
S_STR01779,S_U0078,S0021,2026-02-25 01:50:40.781674,96
S_STR01780,S_U0079,S0035,2026-02-17 02:23:00.226583,315
S_STR01781,S_U0100,S0032,2026-01-31 21:27:35.948834,272
S_STR01782,S_U0085,S0037,2026-02-28 03:00:50.973478,103
S_STR01783,S_U0068,S0043,2026-02-06 22:13:43.442552,89
S_STR01784,S_U0021,S0038,2026-02-18 03:14:31.422162,126
S_STR01785,S_U0024,S0050,2026-02-25 05:47:23.003502,41
S_STR01786,S_U0074,S0048,2026-02-18 14:57:14.155212,86
S_STR01787,S_U0049,S0047,2026-03-01 22:04:03.836845,209
S_STR01788,S_U0070,S0027,2026-02-02 11:52:21.229530,162
S_STR01789,S_U0027,S0038,2026-02-01 11:56:54.733519,165
S_STR01790,S_U0025,S0013,2026-02-01 07:03:00.548636,169
S_STR01791,S_U0047,S0035,2026-02-10 05:54:07.459661,29
S_STR01792,S_U0066,S0017,2026-02-11 20:32:23.463209,106
S_STR01793,S_U0002,S0045,2026-02-22 13:11:20.702097,130
S_STR01794,S_U0022,S0019,2026-02-02 00:52:57.788285,289
S_STR01795,S_U0005,S0039,2026-02-09 05:06:03.470248,348
S_STR01796,S_U0013,S0039,2026-02-11 07:35:49.652691,288
S_STR01797,S_U0053,S0047,2026-02-23 08:29:16.865246,86
S_STR01798,S_U0093,S0029,2026-02-20 00:41:04.336477,138
S_STR01799,S_U0049,S0027,2026-02-23 14:50:12.319571,213
S_STR01800,S_U0092,S0041,2026-02-24 09:17:55.518877,97
S_STR01801,S_U0048,S0017,2026-02-05 10:12:52.493037,104
S_STR01802,S_U0032,S0040,2026-02-19 17:24:06.460407,13
S_STR01803,S_U0062,S0024,2026-02-03 18:02:01.655123,323
S_STR01804,S_U0088,S0040,2026-02-02 11:37:05.605510,101
S_STR01805,S_U0039,S0031,2026-02-25 16:10:29.376233,26
S_STR01806,S_U0023,S0019,2026-02-27 01:18:54.623880,91
S_STR01807,S_U0083,S0024,2026-02-28 23:28:23.594203,120
S_STR01808,S_U0086,S0045,2026-02-15 09:02:48.912275,173
S_STR01809,S_U0038,S0017,2026-02-23 17:21:15.144597,44
S_STR01810,S_U0033,S0040,2026-03-02 06:00:02.989940,93
S_STR01811,S_U0020,S0050,2026-02-16 20:31:54.434194,233
S_STR01812,S_U0047,S0031,2026-02-12 12:49:46.547059,70
S_STR01813,S_U0096,S0047,2026-02-01 13:06:18.347954,82
S_STR01814,S_U0013,S0011,2026-03-01 15:33:44.721286,27
S_STR01815,S_U0024,S0029,2026-02-24 06:27:05.045407,302
S_STR01816,S_U0037,S0043,2026-02-07 05:34:39.354465,26
S_STR01817,S_U0015,S0025,2026-02-05 14:50:10.417356,108
S_STR01818,S_U0028,S0031,2026-02-24 01:53:52.304125,98
S_STR01819,S_U0001,S0043,2026-02-13 07:39:39.414812,143
S_STR01820,S_U0069,S0023,2026-02-16 07:44:36.651482,131
S_STR01821,S_U0001,S0009,2026-02-11 20:54:31.664082,203
S_STR01822,S_U0049,S0024,2026-02-12 09:41:17.517217,227
S_STR01823,S_U0022,S0024,2026-02-03 22:34:12.062573,335
S_STR01824,S_U0047,S0042,2026-02-04 15:04:52.486549,246
S_STR01825,S_U0085,S0047,2026-02-26 00:30:16.371137,166
S_STR01826,S_U0081,S0042,2026-02-26 03:49:37.727373,9
S_STR01827,S_U0065,S0047,2026-01-31 20:09:11.065658,32
S_STR01828,S_U0081,S0020,2026-02-28 00:26:30.880391,76
S_STR01829,S_U0085,S0023,2026-02-11 04:42:37.962572,67
S_STR01830,S_U0061,S0032,2026-02-25 15:16:21.444463,228
S_STR01831,S_U0080,S0029,2026-02-15 02:02:35.037187,197
S_STR01832,S_U0074,S0047,2026-02-28 23:53:26.096053,105
S_STR01833,S_U0015,S0050,2026-02-22 12:43:49.870293,169
S_STR01834,S_U0005,S0033,2026-02-16 20:40:00.895848,143
S_STR01835,S_U0047,S0042,2026-02-28 23:17:00.876235,137
S_STR01836,S_U0068,S0039,2026-02-13 11:51:37.772566,227
S_STR01837,S_U0056,S0040,2026-02-12 12:42:58.855898,15
S_STR01838,S_U0035,S0010,2026-02-25 06:40:51.988155,215
S_STR01839,S_U0087,S0043,2026-02-14 00:45:34.120665,49
S_STR01840,S_U0014,S0033,2026-02-05 20:55:31.590488,127
S_STR01841,S_U0003,S0033,2026-02-01 04:14:54.970284,17
S_STR01842,S_U0076,S0024,2026-02-28 12:56:49.737400,57
S_STR01843,S_U0095,S0036,2026-02-27 17:12:57.845741,270
S_STR01844,S_U0006,S0034,2026-02-10 02:53:05.318033,126
S_STR01845,S_U0007,S0007,2026-01-31 13:31:56.997020,232
S_STR01846,S_U0031,S0045,2026-02-22 16:11:47.750221,107
S_STR01847,S_U0005,S0030,2026-02-12 19:12:06.720997,94
S_STR01848,S_U0013,S0039,2026-02-16 07:11:17.051316,125
S_STR01849,S_U0067,S0039,2026-02-28 07:44:36.926986,130
S_STR01850,S_U0080,S0044,2026-02-10 13:39:17.345586,231
S_STR01851,S_U0049,S0034,2026-02-01 05:05:56.862015,126
S_STR01852,S_U0020,S0044,2026-02-08 21:17:38.413392,223
S_STR01853,S_U0065,S0049,2026-02-15 23:22:31.319751,34
S_STR01854,S_U0083,S0030,2026-02-16 14:50:18.766052,123
S_STR01855,S_U0053,S0043,2026-02-05 20:15:44.135164,99
S_STR01856,S_U0032,S0027,2026-02-05 09:00:42.604792,121
S_STR01857,S_U0061,S0025,2026-02-08 20:51:57.511527,171
S_STR01858,S_U0058,S0019,2026-02-04 14:00:10.823817,273
S_STR01859,S_U0079,S0045,2026-02-07 10:54:41.473343,12
S_STR01860,S_U0010,S0017,2026-02-27 17:10:54.658126,5
S_STR01861,S_U0043,S0035,2026-02-14 23:40:17.342017,31
S_STR01862,S_U0084,S0042,2026-02-26 12:29:57.274877,55
S_STR01863,S_U0087,S0049,2026-02-06 03:01:03.115412,116
S_STR01864,S_U0050,S0028,2026-02-23 16:55:18.170855,145
S_STR01865,S_U0032,S0017,2026-02-17 06:56:59.171436,64
S_STR01866,S_U0024,S0043,2026-02-23 16:08:49.165403,147
S_STR01867,S_U0004,S0039,2026-02-28 20:27:09.342619,191
S_STR01868,S_U0080,S0030,2026-02-28 13:22:07.845757,85
S_STR01869,S_U0052,S0030,2026-02-04 16:52:51.320640,140
S_STR01870,S_U0011,S0013,2026-02-21 12:47:16.608019,131
S_STR01871,S_U0022,S0040,2026-01-31 11:30:32.480552,6
S_STR01872,S_U0003,S0017,2026-02-19 16:14:01.906108,89
S_STR01873,S_U0044,S0011,2026-02-17 15:55:16.808507,285
S_STR01874,S_U0086,S0029,2026-02-02 00:11:11.723520,187
S_STR01875,S_U0057,S0034,2026-02-13 13:30:53.092871,139
S_STR01876,S_U0081,S0038,2026-02-26 09:28:49.885130,132
S_STR01877,S_U0041,S0049,2026-02-20 15:35:51.465861,47
S_STR01878,S_U0029,S0010,2026-02-09 20:31:30.338515,82
S_STR01879,S_U0080,S0036,2026-02-11 03:57:04.408601,227
S_STR01880,S_U0081,S0046,2026-02-26 23:15:34.409424,80
S_STR01881,S_U0043,S0043,2026-02-22 02:38:15.913677,10
S_STR01882,S_U0007,S0041,2026-02-28 03:58:40.736784,119
S_STR01883,S_U0072,S0010,2026-02-25 06:25:49.949701,112
S_STR01884,S_U0065,S0029,2026-02-22 12:46:41.670367,19
S_STR01885,S_U0097,S0017,2026-02-04 15:42:24.648382,101
S_STR01886,S_U0043,S0050,2026-01-31 18:26:37.720107,70
S_STR01887,S_U0055,S0014,2026-02-25 21:20:02.104744,167
S_STR01888,S_U0051,S0022,2026-02-06 06:17:00.568779,66
S_STR01889,S_U0009,S0014,2026-02-11 03:27:50.905342,239
S_STR01890,S_U0027,S0045,2026-02-27 05:46:32.509707,51
S_STR01891,S_U0056,S0044,2026-02-15 00:49:44.045068,71
S_STR01892,S_U0065,S0014,2026-02-03 13:36:46.565306,300
S_STR01893,S_U0089,S0032,2026-02-21 05:57:37.250562,42
S_STR01894,S_U0053,S0034,2026-02-28 23:21:52.824150,79
S_STR01895,S_U0023,S0047,2026-02-23 01:21:32.609009,181
S_STR01896,S_U0077,S0045,2026-03-02 04:43:34.233189,67
S_STR01897,S_U0015,S0049,2026-02-05 23:39:42.972964,34
S_STR01898,S_U0035,S0042,2026-02-22 12:04:50.274486,213
S_STR01899,S_U0085,S0050,2026-02-11 21:33:43.037608,104
S_STR01900,S_U0085,S0029,2026-02-23 03:09:11.640293,92
S_STR01901,S_U0095,S0018,2026-02-03 10:26:06.919683,102
S_STR01902,S_U0040,S0024,2026-02-22 16:57:42.990273,238
S_STR01903,S_U0048,S0036,2026-02-13 04:46:47.959083,246
S_STR01904,S_U0093,S0028,2026-03-01 04:04:57.580418,221
S_STR01905,S_U0018,S0011,2026-02-27 13:10:34.538616,256
S_STR01906,S_U0079,S0030,2026-02-14 19:34:22.198355,109
S_STR01907,S_U0087,S0013,2026-02-01 04:26:53.405300,147
S_STR01908,S_U0052,S0030,2026-02-19 02:09:01.788795,112
S_STR01909,S_U0025,S0041,2026-03-01 12:50:41.797891,61
S_STR01910,S_U0070,S0031,2026-02-19 03:29:39.402974,112
S_STR01911,S_U0080,S0049,2026-02-27 18:00:45.794145,114
S_STR01912,S_U0092,S0025,2026-02-22 12:26:05.260973,29
S_STR01913,S_U0077,S0037,2026-02-05 05:04:34.217741,16
S_STR01914,S_U0008,S0043,2026-02-06 14:30:46.656076,64
S_STR01915,S_U0090,S0046,2026-02-05 10:43:59.018878,161
S_STR01916,S_U0028,S0045,2026-02-23 12:58:56.187236,163
S_STR01917,S_U0032,S0023,2026-02-10 01:28:58.072043,42
S_STR01918,S_U0100,S0023,2026-02-03 05:38:50.729742,238
S_STR01919,S_U0040,S0050,2026-02-25 05:33:52.235593,24
S_STR01920,S_U0041,S0015,2026-02-24 03:59:31.441000,67
S_STR01921,S_U0091,S0044,2026-02-15 11:13:11.503848,110
S_STR01922,S_U0064,S0013,2026-02-07 18:31:32.429355,89
S_STR01923,S_U0011,S0026,2026-02-26 00:25:21.302280,34
S_STR01924,S_U0063,S0040,2026-02-25 10:55:48.087718,108
S_STR01925,S_U0030,S0031,2026-02-23 04:27:56.853319,118
S_STR01926,S_U0037,S0028,2026-02-07 16:51:32.168488,157
S_STR01927,S_U0100,S0012,2026-02-27 07:55:45.519039,160
S_STR01928,S_U0037,S0047,2026-02-25 11:37:51.715951,111
S_STR01929,S_U0096,S0028,2026-02-22 03:58:48.958502,186
S_STR01930,S_U0096,S0045,2026-02-04 12:55:36.512479,146
S_STR01931,S_U0068,S0034,2026-02-15 11:19:30.712106,85
S_STR01932,S_U0009,S0044,2026-02-07 10:43:37.394465,94
S_STR01933,S_U0046,S0038,2026-02-19 10:29:25.613406,146
S_STR01934,S_U0081,S0030,2026-02-18 01:45:37.033393,150
S_STR01935,S_U0054,S0048,2026-02-12 00:35:29.193513,11
S_STR01936,S_U0016,S0043,2026-02-03 12:57:06.840008,61
S_STR01937,S_U0033,S0049,2026-02-18 07:55:16.769216,42
S_STR01938,S_U0037,S0049,2026-02-19 03:44:01.289392,68
S_STR01939,S_U0038,S0031,2026-02-26 09:07:52.197540,71
S_STR01940,S_U0011,S0033,2026-03-01 05:41:23.819548,141
S_STR01941,S_U0085,S0011,2026-02-12 11:40:53.285913,125
S_STR01942,S_U0047,S0022,2026-02-17 02:52:21.770791,131
S_STR01943,S_U0050,S0043,2026-02-18 22:49:15.575758,44
S_STR01944,S_U0026,S0024,2026-02-25 14:42:02.862606,7
S_STR01945,S_U0002,S0033,2026-03-01 00:38:54.495513,127
S_STR01946,S_U0063,S0045,2026-02-23 04:56:03.641656,159
S_STR01947,S_U0076,S0037,2026-02-15 16:25:14.416741,53
S_STR01948,S_U0005,S0031,2026-02-27 07:14:15.200712,118
S_STR01949,S_U0094,S0046,2026-02-24 23:34:50.701172,52
S_STR01950,S_U0002,S0039,2026-02-15 07:48:45.320563,19
S_STR01951,S_U0023,S0045,2026-02-23 18:40:47.887606,66
S_STR01952,S_U0061,S0038,2026-02-16 17:47:30.169928,109
S_STR01953,S_U0041,S0042,2026-02-22 22:27:21.310015,273
S_STR01954,S_U0044,S0043,2026-02-13 02:38:58.857998,66
S_STR01955,S_U0033,S0019,2026-02-07 17:15:07.249996,287
S_STR01956,S_U0091,S0026,2026-02-01 22:13:00.959137,136
S_STR01957,S_U0006,S0030,2026-02-03 19:05:45.214656,68
S_STR01958,S_U0053,S0050,2026-02-05 14:36:17.097584,314
S_STR01959,S_U0062,S0021,2026-02-17 17:22:57.436881,178
S_STR01960,S_U0083,S0049,2026-02-11 02:10:30.578203,89
S_STR01961,S_U0062,S0042,2026-02-27 17:41:29.900744,201
S_STR01962,S_U0045,S0024,2026-02-22 21:40:11.442946,134
S_STR01963,S_U0032,S0023,2026-03-01 13:48:06.698129,92
S_STR01964,S_U0041,S0031,2026-02-20 05:29:55.113375,153
S_STR01965,S_U0069,S0009,2026-02-07 10:22:06.396542,59
S_STR01966,S_U0062,S0010,2026-02-21 20:56:51.277814,80
S_STR01967,S_U0072,S0035,2026-02-10 17:43:13.835521,223
S_STR01968,S_U0064,S0034,2026-02-06 12:20:21.861853,17
S_STR01969,S_U0023,S0015,2026-02-04 03:19:31.156991,178
S_STR01970,S_U0029,S0019,2026-02-15 12:49:59.885623,263
S_STR01971,S_U0004,S0041,2026-02-01 17:13:38.448087,179
S_STR01972,S_U0028,S0012,2026-02-28 07:47:56.126355,262
S_STR01973,S_U0087,S0032,2026-02-19 13:05:59.615500,145
S_STR01974,S_U0019,S0030,2026-02-15 13:19:32.212352,26
S_STR01975,S_U0040,S0041,2026-02-19 01:05:29.530537,129
S_STR01976,S_U0011,S0025,2026-02-07 04:07:00.977404,183
S_STR01977,S_U0001,S0030,2026-02-20 17:34:36.182036,119
S_STR01978,S_U0091,S0033,2026-02-21 08:58:39.208429,60
S_STR01979,S_U0062,S0027,2026-02-23 22:19:42.825770,197
S_STR01980,S_U0068,S0047,2026-03-01 12:08:52.640852,204
S_STR01981,S_U0092,S0028,2026-02-27 12:00:43.270673,83
S_STR01982,S_U0049,S0037,2026-02-20 21:05:08.894579,142
S_STR01983,S_U0074,S0040,2026-02-01 23:04:50.103966,113
S_STR01984,S_U0058,S0021,2026-02-18 18:15:04.371547,218
S_STR01985,S_U0066,S0022,2026-02-10 12:25:31.974854,39
S_STR01986,S_U0053,S0015,2026-02-10 17:11:41.466276,59
S_STR01987,S_U0006,S0037,2026-02-13 18:48:52.012887,74
S_STR01988,S_U0094,S0035,2026-02-19 14:40:58.722332,118
S_STR01989,S_U0022,S0043,2026-02-14 07:11:54.297579,149
S_STR01990,S_U0097,S0046,2026-02-07 22:55:25.067402,88
S_STR01991,S_U0074,S0038,2026-02-15 04:24:19.176268,22
S_STR01992,S_U0037,S0021,2026-02-25 18:43:49.689815,106
S_STR01993,S_U0021,S0025,2026-02-23 16:45:49.255765,189
S_STR01994,S_U0057,S0018,2026-02-20 10:58:33.757625,148
S_STR01995,S_U0048,S0026,2026-02-25 02:38:55.726522,215
S_STR01996,S_U0097,S0021,2026-02-19 05:09:44.044704,221
S_STR01997,S_U0008,S0040,2026-02-11 20:54:04.981008,59
S_STR01998,S_U0039,S0048,2026-02-19 19:42:45.498314,17
S_STR01999,S_U0057,S0034,2026-02-26 14:13:20.528300,132
S_STR02000,S_U0057,S0016,2026-02-08 19:15:50.154577,126
S_STR02001,S_U0002,S0050,2026-03-02 07:08:15.924213,260
S_STR02002,S_U0092,S0012,2026-02-18 03:48:33.784885,303
S_STR02003,S_U0075,S0041,2026-02-09 20:27:26.334330,196
S_STR02004,S_U0084,S0020,2026-02-01 04:35:39.792933,156
S_STR02005,S_U0051,S0046,2026-02-24 17:58:25.017523,109
S_STR02006,S_U0066,S0026,2026-02-05 07:53:52.555604,257
S_STR02007,S_U0083,S0044,2026-02-06 19:58:54.358294,307
S_STR02008,S_U0027,S0045,2026-02-27 20:22:58.129233,136
S_STR02009,S_U0044,S0044,2026-02-21 08:24:19.202367,292
S_STR02010,S_U0052,S0049,2026-02-11 08:26:24.550975,47
S_STR02011,S_U0064,S0022,2026-02-14 22:53:41.528041,59
S_STR02012,S_U0079,S0029,2026-02-05 01:12:02.682655,231
S_STR02013,S_U0063,S0046,2026-02-25 03:33:26.648068,96
S_STR02014,S_U0061,S0033,2026-02-25 08:42:36.130716,154
S_STR02015,S_U0053,S0041,2026-02-16 22:36:56.249066,171
S_STR02016,S_U0020,S0033,2026-02-02 22:09:41.577269,101
S_STR02017,S_U0077,S0050,2026-02-21 09:02:16.677253,224
S_STR02018,S_U0047,S0048,2026-02-07 00:13:25.499299,35
S_STR02019,S_U0028,S0043,2026-02-22 04:20:20.921513,26
S_STR02020,S_U0050,S0028,2026-02-11 06:24:55.870894,234
S_STR02021,S_U0011,S0032,2026-02-09 22:01:17.109247,132
S_STR02022,S_U0059,S0018,2026-02-01 22:10:01.504391,224
S_STR02023,S_U0093,S0040,2026-02-18 03:52:34.384337,20
S_STR02024,S_U0037,S0043,2026-02-16 04:18:57.901006,46
S_STR02025,S_U0020,S0030,2026-02-04 16:15:57.968204,17
S_STR02026,S_U0008,S0048,2026-02-22 20:56:31.627353,273
S_STR02027,S_U0074,S0042,2026-02-17 23:05:10.487656,181
S_STR02028,S_U0035,S0039,2026-02-16 12:00:47.392412,188
S_STR02029,S_U0067,S0032,2026-02-19 20:14:02.550691,155
S_STR02030,S_U0053,S0009,2026-02-08 10:46:58.449222,34
S_STR02031,S_U0051,S0027,2026-02-02 22:48:20.828042,72
S_STR02032,S_U0012,S0016,2026-02-22 02:12:13.075972,109
S_STR02033,S_U0048,S0005,2026-02-18 02:52:22.977831,208
S_STR02034,S_U0046,S0042,2026-02-16 06:48:40.208970,168
S_STR02035,S_U0042,S0012,2026-02-12 21:32:08.388976,14
S_STR02036,S_U0014,S0044,2026-02-27 16:17:27.286928,312
S_STR02037,S_U0052,S0043,2026-02-16 01:16:46.359446,36
S_STR02038,S_U0002,S0045,2026-02-18 19:35:59.781106,10
S_STR02039,S_U0035,S0017,2026-02-01 22:28:01.508386,86
S_STR02040,S_U0048,S0048,2026-02-04 20:25:39.856412,270
S_STR02041,S_U0015,S0026,2026-02-04 12:42:11.884406,6
S_STR02042,S_U0049,S0049,2026-02-12 22:15:50.959722,48
S_STR02043,S_U0011,S0029,2026-02-03 05:45:33.443435,222
S_STR02044,S_U0050,S0030,2026-02-14 05:32:38.701957,134
S_STR02045,S_U0021,S0022,2026-02-27 09:13:49.122022,56
S_STR02046,S_U0004,S0023,2026-02-23 13:22:35.517203,127
S_STR02047,S_U0079,S0019,2026-02-01 02:10:18.579823,275
S_STR02048,S_U0001,S0035,2026-02-03 15:43:31.103525,300
S_STR02049,S_U0032,S0031,2026-02-26 08:26:45.730990,76
S_STR02050,S_U0084,S0049,2026-02-10 12:35:30.708528,110
S_STR02051,S_U0059,S0035,2026-02-22 09:44:55.502022,120
S_STR02052,S_U0084,S0046,2026-02-25 05:20:41.542962,74
S_STR02053,S_U0059,S0035,2026-02-25 13:07:16.355362,158
S_STR02054,S_U0023,S0040,2026-02-06 17:48:09.265848,8
S_STR02055,S_U0079,S0035,2026-02-03 03:51:41.876726,179
S_STR02056,S_U0037,S0038,2026-02-25 16:48:59.092973,119
S_STR02057,S_U0035,S0039,2026-02-08 07:06:39.845760,85
S_STR02058,S_U0084,S0026,2026-02-03 14:47:43.109750,47
S_STR02059,S_U0084,S0043,2026-02-17 06:35:31.885322,94
S_STR02060,S_U0063,S0029,2026-02-04 08:32:46.096529,289
S_STR02061,S_U0045,S0034,2026-02-23 23:57:57.547433,32
S_STR02062,S_U0085,S0005,2026-02-14 08:27:36.161081,94
S_STR02063,S_U0039,S0015,2026-02-08 16:18:54.868658,145
S_STR02064,S_U0092,S0047,2026-01-31 23:27:30.039732,179
S_STR02065,S_U0033,S0027,2026-02-27 05:59:50.362206,122
S_STR02066,S_U0026,S0040,2026-02-22 08:41:29.836083,75
S_STR02067,S_U0094,S0021,2026-02-26 01:07:25.698011,51
S_STR02068,S_U0048,S0032,2026-02-09 03:06:53.357446,175
S_STR02069,S_U0049,S0048,2026-02-14 04:04:09.097371,51
S_STR02070,S_U0001,S0036,2026-02-15 23:01:55.834579,226
S_STR02071,S_U0069,S0038,2026-02-07 14:35:44.292446,110
S_STR02072,S_U0023,S0046,2026-02-14 07:32:29.368570,58
S_STR02073,S_U0056,S0022,2026-02-22 01:27:47.888023,96
S_STR02074,S_U0053,S0049,2026-02-02 08:55:32.104870,95
S_STR02075,S_U0011,S0042,2026-02-03 08:52:39.639977,166
S_STR02076,S_U0073,S0039,2026-02-27 01:31:17.626019,282
S_STR02077,S_U0016,S0041,2026-02-19 00:19:24.775401,51
S_STR02078,S_U0062,S0035,2026-02-06 06:07:58.062491,141
S_STR02079,S_U0006,S0020,2026-02-12 07:01:15.232186,156
S_STR02080,S_U0083,S0007,2026-02-03 01:30:45.454160,221
S_STR02081,S_U0065,S0020,2026-02-10 12:27:27.200028,50
S_STR02082,S_U0018,S0046,2026-02-15 04:25:13.009827,110
S_STR02083,S_U0046,S0042,2026-02-03 14:01:04.566618,238
S_STR02084,S_U0099,S0022,2026-02-12 14:30:23.088461,138
S_STR02085,S_U0064,S0041,2026-02-03 01:28:26.715293,243
S_STR02086,S_U0072,S0038,2026-02-08 08:51:53.692446,159
S_STR02087,S_U0044,S0029,2026-02-24 20:15:15.274660,94
S_STR02088,S_U0068,S0048,2026-02-28 13:54:01.216053,229
S_STR02089,S_U0069,S0044,2026-02-27 05:34:48.172730,160
S_STR02090,S_U0079,S0007,2026-02-23 02:41:53.291256,65
S_STR02091,S_U0059,S0043,2026-02-02 02:44:34.010139,153
S_STR02092,S_U0024,S0031,2026-02-17 13:40:01.888730,29
S_STR02093,S_U0019,S0046,2026-02-23 17:07:36.730044,57
S_STR02094,S_U0048,S0026,2026-02-24 09:05:22.744111,180
S_STR02095,S_U0036,S0044,2026-02-14 20:38:29.031082,92
S_STR02096,S_U0026,S0041,2026-02-28 02:39:37.694844,144
S_STR02097,S_U0017,S0049,2026-02-21 11:30:42.805471,115
S_STR02098,S_U0009,S0021,2026-02-02 20:49:30.969132,130
S_STR02099,S_U0088,S0038,2026-02-01 02:54:43.017347,85
S_STR02100,S_U0073,S0034,2026-02-16 04:42:30.762694,69
S_STR02101,S_U0098,S0047,2026-02-02 23:46:46.203551,88
S_STR02102,S_U0079,S0041,2026-02-24 16:49:41.738052,189
S_STR02103,S_U0067,S0003,2026-02-01 21:05:21.335991,21
S_STR02104,S_U0024,S0019,2026-03-01 13:49:51.952714,174
S_STR02105,S_U0056,S0041,2026-02-04 02:35:45.282672,68
S_STR02106,S_U0086,S0045,2026-02-26 18:29:14.902678,165
S_STR02107,S_U0036,S0039,2026-02-04 16:59:26.187894,262
S_STR02108,S_U0059,S0004,2026-02-05 13:05:09.035449,81
S_STR02109,S_U0082,S0040,2026-02-10 21:55:33.752091,120
S_STR02110,S_U0013,S0038,2026-02-18 18:59:58.638932,91
S_STR02111,S_U0032,S0040,2026-02-03 04:00:07.085073,66
S_STR02112,S_U0055,S0017,2026-02-06 16:07:59.273088,28
S_STR02113,S_U0069,S0050,2026-02-03 00:16:09.553348,101
S_STR02114,S_U0047,S0037,2026-02-15 15:50:48.646453,132
S_STR02115,S_U0090,S0017,2026-03-02 03:52:57.102741,117
S_STR02116,S_U0054,S0034,2026-02-12 18:29:04.566564,183
S_STR02117,S_U0054,S0032,2026-02-04 16:03:49.730049,175
S_STR02118,S_U0038,S0048,2026-02-14 00:21:34.557049,230
S_STR02119,S_U0064,S0031,2026-02-25 05:44:23.048196,64
S_STR02120,S_U0092,S0047,2026-03-01 02:43:43.066196,133
S_STR02121,S_U0037,S0041,2026-02-25 19:52:20.008311,9
S_STR02122,S_U0007,S0023,2026-03-02 06:43:29.704254,106
S_STR02123,S_U0012,S0037,2026-02-06 22:56:18.774146,84
S_STR02124,S_U0046,S0017,2026-02-22 21:03:04.242441,5
S_STR02125,S_U0029,S0044,2026-02-17 02:41:01.190721,81
S_STR02126,S_U0025,S0041,2026-03-01 20:27:42.164096,173
S_STR02127,S_U0052,S0038,2026-02-05 08:08:20.308996,36
S_STR02128,S_U0098,S0042,2026-03-02 04:12:37.995391,12
S_STR02129,S_U0083,S0029,2026-02-05 14:17:32.244482,174
S_STR02130,S_U0009,S0048,2026-02-27 04:02:54.222941,20
S_STR02131,S_U0026,S0009,2026-02-10 06:11:00.002659,40
S_STR02132,S_U0008,S0050,2026-02-01 21:45:23.871090,278
S_STR02133,S_U0015,S0041,2026-02-09 00:46:01.957478,236
S_STR02134,S_U0005,S0031,2026-02-26 08:47:19.816435,30
S_STR02135,S_U0001,S0050,2026-02-06 09:05:20.204895,212
S_STR02136,S_U0021,S0025,2026-02-17 18:22:54.341456,118
S_STR02137,S_U0021,S0038,2026-02-23 12:10:32.921718,49
S_STR02138,S_U0054,S0046,2026-02-13 14:11:50.350394,51
S_STR02139,S_U0073,S0033,2026-02-03 23:17:28.445017,76
S_STR02140,S_U0052,S0025,2026-02-06 04:27:48.715947,44
S_STR02141,S_U0015,S0044,2026-02-25 22:16:52.486759,324
S_STR02142,S_U0054,S0046,2026-02-24 14:40:33.304747,89
S_STR02143,S_U0031,S0043,2026-01-31 15:51:48.769683,38
S_STR02144,S_U0034,S0049,2026-02-04 12:27:50.907875,39
S_STR02145,S_U0017,S0039,2026-02-27 08:39:10.890918,224
S_STR02146,S_U0041,S0033,2026-02-05 00:40:18.079125,65
S_STR02147,S_U0052,S0034,2026-02-18 22:51:50.338173,209
S_STR02148,S_U0023,S0044,2026-02-23 14:25:43.094666,157
S_STR02149,S_U0080,S0043,2026-02-01 10:28:53.660984,107
S_STR02150,S_U0059,S0047,2026-02-26 16:06:37.138404,186
S_STR02151,S_U0088,S0033,2026-02-16 02:01:47.447973,98
S_STR02152,S_U0068,S0026,2026-01-31 13:28:55.683057,226
S_STR02153,S_U0019,S0031,2026-02-04 11:54:00.392176,56
S_STR02154,S_U0091,S0039,2026-02-12 10:14:40.928470,280
S_STR02155,S_U0008,S0040,2026-01-31 15:13:41.005940,77
S_STR02156,S_U0044,S0045,2026-02-11 21:30:57.680639,169
S_STR02157,S_U0070,S0049,2026-02-11 14:31:26.960845,116
S_STR02158,S_U0007,S0048,2026-02-08 19:22:41.641413,232
S_STR02159,S_U0040,S0027,2026-02-25 10:14:48.981610,245
S_STR02160,S_U0096,S0044,2026-02-16 21:42:36.162037,143
S_STR02161,S_U0057,S0047,2026-02-06 15:37:23.316799,96
S_STR02162,S_U0010,S0028,2026-02-03 09:24:02.479856,106
S_STR02163,S_U0080,S0050,2026-02-20 07:09:19.317443,53
S_STR02164,S_U0084,S0040,2026-02-27 23:55:05.278983,100
S_STR02165,S_U0002,S0049,2026-02-26 05:27:20.172305,114
S_STR02166,S_U0066,S0023,2026-02-10 00:57:55.917199,76
S_STR02167,S_U0029,S0044,2026-02-10 21:32:13.747850,247
S_STR02168,S_U0057,S0035,2026-02-02 07:09:51.080141,77
S_STR02169,S_U0070,S0039,2026-02-19 01:36:42.192353,61
S_STR02170,S_U0061,S0027,2026-02-28 20:21:32.925197,109
S_STR02171,S_U0064,S0039,2026-02-24 06:56:16.069430,348
S_STR02172,S_U0049,S0034,2026-02-26 01:19:06.802377,38
S_STR02173,S_U0097,S0027,2026-02-17 05:18:45.119136,13
S_STR02174,S_U0026,S0048,2026-02-11 10:03:13.110119,130
S_STR02175,S_U0010,S0010,2026-02-07 20:05:54.500280,254
S_STR02176,S_U0096,S0028,2026-02-27 06:54:00.986794,66
S_STR02177,S_U0014,S0029,2026-02-19 13:56:02.550232,97
S_STR02178,S_U0071,S0041,2026-02-19 10:05:18.459278,113
S_STR02179,S_U0014,S0047,2026-03-01 22:08:46.684732,53
S_STR02180,S_U0039,S0048,2026-02-08 17:48:07.952059,136
S_STR02181,S_U0099,S0022,2026-02-18 22:29:03.135070,212
S_STR02182,S_U0068,S0032,2026-02-12 08:21:44.979314,81
S_STR02183,S_U0013,S0026,2026-02-09 12:09:30.759880,83
S_STR02184,S_U0062,S0046,2026-02-28 16:47:44.852584,97
S_STR02185,S_U0096,S0023,2026-03-01 10:16:11.910691,130
S_STR02186,S_U0069,S0042,2026-02-24 04:50:01.270301,225
S_STR02187,S_U0005,S0030,2026-02-18 16:53:52.834780,49
S_STR02188,S_U0041,S0038,2026-02-23 07:31:15.979231,93
S_STR02189,S_U0005,S0035,2026-02-15 23:14:58.157014,38
S_STR02190,S_U0055,S0041,2026-02-02 02:58:13.916670,86
S_STR02191,S_U0043,S0048,2026-02-18 23:49:08.618346,124
S_STR02192,S_U0087,S0045,2026-02-21 19:57:21.014233,30
S_STR02193,S_U0089,S0037,2026-03-01 01:09:18.891186,50
S_STR02194,S_U0014,S0042,2026-02-18 22:15:57.069341,32
S_STR02195,S_U0045,S0046,2026-02-23 11:38:42.981187,27
S_STR02196,S_U0028,S0030,2026-02-16 04:26:12.498380,67
S_STR02197,S_U0049,S0033,2026-02-14 02:42:09.381634,81
S_STR02198,S_U0047,S0035,2026-02-28 14:54:45.054098,108
S_STR02199,S_U0061,S0034,2026-02-14 01:07:44.337846,191
S_STR02200,S_U0079,S0049,2026-02-25 19:07:53.874943,68
S_STR02201,S_U0046,S0049,2026-02-10 18:51:07.519982,82
S_STR02202,S_U0028,S0030,2026-02-28 05:00:57.299181,49
S_STR02203,S_U0050,S0040,2026-02-12 19:56:40.328416,68
S_STR02204,S_U0001,S0045,2026-01-31 14:02:56.003638,176
S_STR02205,S_U0016,S0028,2026-02-12 00:58:20.728300,190
S_STR02206,S_U0077,S0024,2026-02-28 23:49:00.048562,276
S_STR02207,S_U0087,S0037,2026-02-05 12:34:35.934224,76
S_STR02208,S_U0087,S0044,2026-02-08 21:33:46.365741,233
S_STR02209,S_U0009,S0047,2026-02-09 07:37:13.577768,271
S_STR02210,S_U0088,S0039,2026-02-02 17:17:48.165698,34
S_STR02211,S_U0088,S0041,2026-02-18 01:08:15.548647,163
S_STR02212,S_U0034,S0028,2026-02-15 08:01:55.503712,150
S_STR02213,S_U0044,S0034,2026-02-11 23:00:53.915530,32
S_STR02214,S_U0082,S0046,2026-02-07 22:05:53.649780,15
S_STR02215,S_U0087,S0032,2026-02-08 05:00:26.666644,137
S_STR02216,S_U0057,S0027,2026-02-26 22:51:10.747366,205
S_STR02217,S_U0053,S0018,2026-02-22 09:45:12.941001,253
S_STR02218,S_U0010,S0041,2026-02-17 08:34:36.674062,40
S_STR02219,S_U0047,S0038,2026-02-26 18:08:38.669694,185
S_STR02220,S_U0011,S0025,2026-02-03 02:59:03.344857,180
S_STR02221,S_U0055,S0044,2026-02-02 17:27:39.285105,127
S_STR02222,S_U0069,S0050,2026-02-19 16:27:32.613066,303
S_STR02223,S_U0044,S0040,2026-02-26 07:06:15.583193,59
S_STR02224,S_U0073,S0016,2026-02-27 14:41:30.525198,68
S_STR02225,S_U0066,S0038,2026-02-17 08:37:03.397170,139
S_STR02226,S_U0055,S0049,2026-02-18 00:55:16.921340,56
S_STR02227,S_U0058,S0050,2026-02-11 08:37:30.901208,69
S_STR02228,S_U0056,S0010,2026-02-06 18:31:16.415969,132
S_STR02229,S_U0053,S0013,2026-02-24 07:34:40.938335,31
S_STR02230,S_U0046,S0032,2026-02-28 21:13:10.384047,138
S_STR02231,S_U0023,S0025,2026-02-04 16:24:08.439361,201
S_STR02232,S_U0051,S0030,2026-02-10 04:43:24.273173,93
S_STR02233,S_U0025,S0047,2026-02-08 03:56:54.110722,178
S_STR02234,S_U0048,S0026,2026-02-18 01:07:28.813070,87
S_STR02235,S_U0086,S0035,2026-02-15 23:15:39.901042,126
S_STR02236,S_U0034,S0034,2026-02-02 08:47:25.511455,218
S_STR02237,S_U0065,S0013,2026-02-21 09:29:17.853479,39
S_STR02238,S_U0027,S0048,2026-02-26 02:57:27.412525,12
S_STR02239,S_U0015,S0022,2026-02-11 06:16:31.692133,7
S_STR02240,S_U0090,S0041,2026-02-09 15:58:24.856156,205
S_STR02241,S_U0082,S0050,2026-02-23 08:43:20.250739,23
S_STR02242,S_U0095,S0038,2026-02-24 14:47:28.462918,152
S_STR02243,S_U0016,S0024,2026-02-20 19:27:32.135036,247
S_STR02244,S_U0013,S0015,2026-02-03 09:42:57.164253,117
S_STR02245,S_U0079,S0021,2026-02-05 04:18:34.870799,105
S_STR02246,S_U0064,S0044,2026-02-27 06:46:22.433045,28
S_STR02247,S_U0031,S0049,2026-02-13 06:16:42.188514,114
S_STR02248,S_U0082,S0045,2026-02-06 08:47:54.722869,52
S_STR02249,S_U0056,S0049,2026-02-06 05:10:55.593700,31
S_STR02250,S_U0042,S0027,2026-02-08 03:53:31.644636,104
S_STR02251,S_U0012,S0047,2026-02-25 06:58:12.230455,77
S_STR02252,S_U0028,S0037,2026-02-11 20:09:56.568995,68
S_STR02253,S_U0010,S0047,2026-02-20 00:39:10.005691,38
S_STR02254,S_U0011,S0047,2026-02-07 19:33:51.338481,204
S_STR02255,S_U0038,S0018,2026-02-13 23:22:48.692404,67
S_STR02256,S_U0061,S0009,2026-02-08 15:41:59.433878,174
S_STR02257,S_U0083,S0034,2026-01-31 21:33:56.514643,209
S_STR02258,S_U0052,S0011,2026-02-05 11:15:08.860683,87
S_STR02259,S_U0077,S0029,2026-02-03 22:13:26.755761,151
S_STR02260,S_U0058,S0023,2026-02-26 08:10:12.424426,50
S_STR02261,S_U0073,S0043,2026-02-16 23:39:32.024666,118
S_STR02262,S_U0081,S0014,2026-02-01 16:24:59.694061,52
S_STR02263,S_U0007,S0017,2026-02-06 19:57:19.340679,120
S_STR02264,S_U0085,S0047,2026-02-12 06:34:58.287119,113
S_STR02265,S_U0069,S0022,2026-02-02 16:04:22.085721,148
S_STR02266,S_U0091,S0047,2026-02-22 12:19:19.114755,117
S_STR02267,S_U0077,S0047,2026-02-02 16:11:43.791074,43
S_STR02268,S_U0046,S0035,2026-02-25 12:16:45.443627,246
S_STR02269,S_U0044,S0037,2026-03-01 15:58:11.539472,44
S_STR02270,S_U0072,S0046,2026-02-18 11:52:02.209866,68
S_STR02271,S_U0050,S0037,2026-02-12 12:16:20.837354,93
S_STR02272,S_U0090,S0023,2026-02-23 05:57:45.246707,106
S_STR02273,S_U0046,S0010,2026-02-23 19:45:46.596851,72
S_STR02274,S_U0068,S0045,2026-02-16 14:07:11.407499,145
S_STR02275,S_U0087,S0049,2026-02-22 06:46:58.570044,86
S_STR02276,S_U0057,S0040,2026-02-02 05:15:47.305102,30
S_STR02277,S_U0013,S0042,2026-02-28 05:42:58.433582,176
S_STR02278,S_U0076,S0040,2026-02-23 07:03:22.148866,103
S_STR02279,S_U0021,S0035,2026-02-27 04:57:42.735877,313
S_STR02280,S_U0008,S0026,2026-02-09 22:39:59.268944,222
S_STR02281,S_U0025,S0034,2026-02-20 01:14:17.260063,40
S_STR02282,S_U0088,S0014,2026-02-19 22:40:06.841187,117
S_STR02283,S_U0021,S0047,2026-02-12 05:23:04.358207,187
S_STR02284,S_U0031,S0044,2026-02-20 10:20:04.201804,321
S_STR02285,S_U0073,S0021,2026-02-04 16:10:18.197591,278
S_STR02286,S_U0037,S0039,2026-02-07 12:50:33.097305,316
S_STR02287,S_U0052,S0041,2026-02-18 04:50:35.419264,209
S_STR02288,S_U0018,S0015,2026-02-17 04:58:43.235039,17
S_STR02289,S_U0075,S0031,2026-02-25 15:29:19.796687,119
S_STR02290,S_U0054,S0041,2026-02-17 06:37:48.034942,28
S_STR02291,S_U0035,S0031,2026-02-05 14:21:32.924774,65
S_STR02292,S_U0045,S0041,2026-02-28 10:20:24.875523,33
S_STR02293,S_U0080,S0044,2026-02-21 01:04:26.195873,264
S_STR02294,S_U0022,S0033,2026-02-02 00:40:30.226924,77
S_STR02295,S_U0035,S0037,2026-02-25 06:23:03.003420,150
S_STR02296,S_U0060,S0044,2026-02-05 15:12:20.406735,171
S_STR02297,S_U0095,S0050,2026-03-01 17:15:52.544235,204
S_STR02298,S_U0040,S0014,2026-03-02 00:19:13.673527,240
S_STR02299,S_U0041,S0044,2026-02-13 17:33:50.722992,288
S_STR02300,S_U0053,S0036,2026-02-17 14:08:36.120226,278
S_STR02301,S_U0018,S0018,2026-02-01 10:34:43.235489,210
S_STR02302,S_U0050,S0048,2026-02-12 20:30:37.329823,223
S_STR02303,S_U0096,S0049,2026-02-21 10:20:25.822211,59
S_STR02304,S_U0068,S0050,2026-02-24 23:08:40.247435,109
S_STR02305,S_U0040,S0006,2026-02-03 02:19:30.665649,58
S_STR02306,S_U0098,S0033,2026-02-15 20:06:00.536338,138
S_STR02307,S_U0009,S0018,2026-02-18 21:07:06.269320,116
S_STR02308,S_U0053,S0043,2026-02-05 20:28:35.373175,130
S_STR02309,S_U0001,S0015,2026-02-24 11:23:44.345368,267
S_STR02310,S_U0063,S0047,2026-02-26 02:40:10.188658,123
S_STR02311,S_U0011,S0020,2026-02-21 12:13:22.378152,78
S_STR02312,S_U0014,S0032,2026-02-18 22:38:11.185601,90
S_STR02313,S_U0099,S0042,2026-02-24 10:21:41.841878,71
S_STR02314,S_U0091,S0042,2026-02-02 16:33:00.647075,199
S_STR02315,S_U0094,S0044,2026-02-25 16:40:08.255963,249
S_STR02316,S_U0060,S0050,2026-02-12 03:01:30.131159,251
S_STR02317,S_U0082,S0025,2026-02-13 09:47:34.288956,213
S_STR02318,S_U0042,S0025,2026-02-02 17:21:58.275177,190
S_STR02319,S_U0097,S0033,2026-02-17 21:28:08.961110,107
S_STR02320,S_U0001,S0048,2026-02-02 15:31:11.893915,89
S_STR02321,S_U0045,S0034,2026-02-18 19:35:50.936808,107
S_STR02322,S_U0030,S0015,2026-02-13 08:32:38.729223,125
S_STR02323,S_U0053,S0011,2026-02-28 23:14:03.884829,179
S_STR02324,S_U0047,S0036,2026-02-16 15:03:53.498980,225
S_STR02325,S_U0092,S0041,2026-02-07 20:08:12.369373,41
S_STR02326,S_U0072,S0046,2026-02-14 14:33:54.199021,95
S_STR02327,S_U0041,S0009,2026-02-16 06:37:35.947819,16
S_STR02328,S_U0068,S0016,2026-02-28 01:07:29.221848,260
S_STR02329,S_U0091,S0039,2026-02-09 04:20:11.451271,179
S_STR02330,S_U0019,S0037,2026-02-17 00:49:17.847585,55
S_STR02331,S_U0045,S0020,2026-02-11 05:00:15.990460,70
S_STR02332,S_U0005,S0033,2026-02-19 15:34:04.756997,115
S_STR02333,S_U0082,S0037,2026-01-31 15:17:41.417333,88
S_STR02334,S_U0100,S0027,2026-02-21 12:51:25.300160,163
S_STR02335,S_U0037,S0049,2026-02-02 22:04:24.804631,89
S_STR02336,S_U0030,S0013,2026-02-19 13:25:03.682366,54
S_STR02337,S_U0023,S0031,2026-02-02 20:31:14.671824,120
S_STR02338,S_U0008,S0023,2026-02-09 09:57:32.928334,105
S_STR02339,S_U0046,S0031,2026-02-11 15:49:14.342736,78
S_STR02340,S_U0057,S0039,2026-02-23 00:02:45.867374,301
S_STR02341,S_U0024,S0036,2026-02-09 10:32:25.906014,31
S_STR02342,S_U0081,S0028,2026-02-01 17:54:53.587640,247
S_STR02343,S_U0093,S0039,2026-02-06 21:36:58.117045,80
S_STR02344,S_U0013,S0044,2026-02-16 07:18:06.015154,327
S_STR02345,S_U0074,S0049,2026-02-19 12:34:24.703277,94
S_STR02346,S_U0087,S0039,2026-02-14 01:24:31.409410,135
S_STR02347,S_U0050,S0040,2026-02-03 11:52:52.858556,43
S_STR02348,S_U0080,S0036,2026-02-05 22:17:24.217464,251
S_STR02349,S_U0039,S0047,2026-02-27 13:01:25.591304,87
S_STR02350,S_U0064,S0036,2026-02-15 17:20:12.506101,207
S_STR02351,S_U0092,S0023,2026-02-11 03:31:38.884204,108
S_STR02352,S_U0073,S0043,2026-02-20 23:57:41.627925,46
S_STR02353,S_U0026,S0034,2026-02-12 02:52:20.090496,50
S_STR02354,S_U0070,S0036,2026-02-21 10:27:41.300415,110
S_STR02355,S_U0010,S0040,2026-02-11 12:03:43.784042,113
S_STR02356,S_U0072,S0021,2026-02-20 23:02:26.470409,98
S_STR02357,S_U0015,S0042,2026-02-06 06:53:53.200272,107
S_STR02358,S_U0055,S0030,2026-03-01 11:49:42.779480,125
S_STR02359,S_U0010,S0046,2026-02-20 06:33:29.160900,58
S_STR02360,S_U0040,S0043,2026-02-18 19:18:50.388435,127
S_STR02361,S_U0081,S0047,2026-02-28 22:06:48.281614,14
S_STR02362,S_U0041,S0031,2026-02-04 17:39:11.456630,45
S_STR02363,S_U0065,S0026,2026-02-25 00:05:25.410507,106
S_STR02364,S_U0009,S0026,2026-02-05 20:46:09.738457,91
S_STR02365,S_U0032,S0041,2026-02-09 09:08:44.878120,175
S_STR02366,S_U0064,S0020,2026-02-09 08:57:43.246322,34
S_STR02367,S_U0019,S0032,2026-03-02 07:48:18.757788,111
S_STR02368,S_U0089,S0049,2026-02-06 01:58:08.588208,117
S_STR02369,S_U0023,S0022,2026-02-02 16:43:44.874088,103
S_STR02370,S_U0087,S0041,2026-02-05 15:28:03.638339,192
S_STR02371,S_U0037,S0040,2026-02-02 01:33:28.085577,6
S_STR02372,S_U0015,S0047,2026-02-01 14:30:44.985459,228
S_STR02373,S_U0048,S0026,2026-02-22 13:14:31.487329,228
S_STR02374,S_U0031,S0026,2026-02-26 08:34:16.890606,156
S_STR02375,S_U0006,S0040,2026-02-28 23:56:59.756147,110
S_STR02376,S_U0042,S0030,2026-02-08 09:12:54.096149,77
S_STR02377,S_U0088,S0039,2026-02-20 16:00:13.697294,178
S_STR02378,S_U0077,S0016,2026-02-07 00:37:23.997641,33
S_STR02379,S_U0035,S0015,2026-02-10 09:18:43.706076,171
S_STR02380,S_U0100,S0045,2026-02-26 00:31:51.479276,35
S_STR02381,S_U0097,S0035,2026-02-26 05:25:40.611148,8
S_STR02382,S_U0030,S0046,2026-02-05 23:09:47.364109,113
S_STR02383,S_U0009,S0024,2026-02-15 10:27:16.860615,335
S_STR02384,S_U0073,S0043,2026-02-10 03:04:33.919068,34
S_STR02385,S_U0004,S0035,2026-02-18 01:44:25.303472,129
S_STR02386,S_U0069,S0050,2026-02-04 14:39:21.188521,105
S_STR02387,S_U0072,S0042,2026-02-23 05:16:13.646057,40
S_STR02388,S_U0030,S0047,2026-02-12 23:58:00.951535,168
S_STR02389,S_U0057,S0009,2026-02-02 21:58:55.777700,170
S_STR02390,S_U0024,S0039,2026-02-21 00:31:48.679433,261
S_STR02391,S_U0039,S0012,2026-02-23 13:39:50.630624,45
S_STR02392,S_U0020,S0040,2026-02-26 10:57:35.245598,58
S_STR02393,S_U0098,S0049,2026-02-24 04:51:05.883617,6
S_STR02394,S_U0050,S0048,2026-02-09 02:24:03.182823,268
S_STR02395,S_U0096,S0033,2026-02-07 07:57:42.110513,162
S_STR02396,S_U0075,S0042,2026-02-11 05:11:54.046293,87
S_STR02397,S_U0023,S0041,2026-02-12 10:57:20.712636,184
S_STR02398,S_U0098,S0042,2026-02-23 12:22:35.272663,62
S_STR02399,S_U0059,S0046,2026-02-15 18:28:29.562148,186
S_STR02400,S_U0059,S0039,2026-02-24 03:43:18.371248,239
S_STR02401,S_U0011,S0021,2026-02-23 13:18:36.966083,87
S_STR02402,S_U0051,S0025,2026-02-22 23:44:02.453635,164
S_STR02403,S_U0004,S0025,2026-02-22 08:00:37.707285,98
S_STR02404,S_U0063,S0049,2026-02-06 18:03:47.030259,106
S_STR02405,S_U0031,S0024,2026-02-02 10:31:21.957737,122
S_STR02406,S_U0048,S0038,2026-02-03 02:29:59.052780,93
S_STR02407,S_U0004,S0046,2026-02-06 05:49:39.791572,122
S_STR02408,S_U0075,S0015,2026-02-03 22:58:35.861805,167
S_STR02409,S_U0094,S0020,2026-02-07 17:06:14.691753,148
S_STR02410,S_U0056,S0024,2026-02-26 03:25:26.751004,244
S_STR02411,S_U0086,S0047,2026-02-24 18:10:32.485950,161
S_STR02412,S_U0013,S0049,2026-02-13 14:51:55.740114,88
S_STR02413,S_U0022,S0050,2026-02-20 04:43:22.779833,42
S_STR02414,S_U0014,S0022,2026-02-22 00:41:13.012304,204
S_STR02415,S_U0001,S0048,2026-02-24 16:37:12.980586,56
S_STR02416,S_U0011,S0042,2026-02-02 21:26:21.930825,129
S_STR02417,S_U0071,S0045,2026-02-07 18:41:25.192246,26
S_STR02418,S_U0080,S0047,2026-02-21 14:48:43.409391,21
S_STR02419,S_U0048,S0047,2026-02-27 15:48:32.389107,23
S_STR02420,S_U0085,S0021,2026-02-22 02:36:52.472860,126
S_STR02421,S_U0062,S0009,2026-02-20 07:22:27.832923,168
S_STR02422,S_U0013,S0040,2026-02-08 18:02:18.198243,65
S_STR02423,S_U0042,S0047,2026-03-02 11:02:06.859015,19
S_STR02424,S_U0040,S0041,2026-02-18 01:45:07.754219,26
S_STR02425,S_U0061,S0042,2026-02-26 17:43:00.112449,221
S_STR02426,S_U0094,S0029,2026-02-27 13:38:55.328743,216
S_STR02427,S_U0013,S0048,2026-02-06 23:25:45.737144,227
S_STR02428,S_U0020,S0041,2026-02-09 06:57:35.521365,81
S_STR02429,S_U0093,S0047,2026-02-05 06:48:12.292571,246
S_STR02430,S_U0007,S0042,2026-02-05 09:09:41.256857,12
S_STR02431,S_U0071,S0008,2026-02-28 00:34:53.694442,304
S_STR02432,S_U0008,S0036,2026-02-17 23:38:04.085069,321
S_STR02433,S_U0066,S0040,2026-02-16 12:18:20.724864,51
S_STR02434,S_U0066,S0048,2026-02-21 14:42:23.152680,243
S_STR02435,S_U0092,S0012,2026-02-11 09:02:19.685594,6
S_STR02436,S_U0100,S0040,2026-02-12 02:29:02.695362,14
S_STR02437,S_U0074,S0032,2026-02-26 04:34:17.109096,138
S_STR02438,S_U0035,S0019,2026-02-02 20:28:36.679673,325
S_STR02439,S_U0079,S0023,2026-03-02 08:59:31.779571,104
S_STR02440,S_U0002,S0034,2026-02-15 07:31:38.257112,38
S_STR02441,S_U0075,S0035,2026-02-15 06:36:26.052421,316
S_STR02442,S_U0029,S0036,2026-03-01 18:51:53.595624,99
S_STR02443,S_U0077,S0048,2026-02-22 11:24:11.631493,226
S_STR02444,S_U0009,S0021,2026-02-11 22:37:41.016591,174
S_STR02445,S_U0081,S0024,2026-01-31 15:54:27.789851,348
S_STR02446,S_U0087,S0034,2026-02-19 19:45:47.207325,130
S_STR02447,S_U0016,S0021,2026-02-05 03:50:10.029107,95
S_STR02448,S_U0064,S0018,2026-01-31 22:34:28.202811,93
S_STR02449,S_U0034,S0031,2026-02-08 21:04:46.348243,79
S_STR02450,S_U0050,S0023,2026-02-16 21:41:09.716310,156
S_STR02451,S_U0004,S0039,2026-02-22 17:16:48.930506,248
S_STR02452,S_U0026,S0028,2026-02-05 15:52:27.907883,197
S_STR02453,S_U0029,S0039,2026-02-12 17:26:34.049206,64
S_STR02454,S_U0004,S0012,2026-01-31 16:19:44.839144,104
S_STR02455,S_U0085,S0044,2026-02-18 15:46:20.251568,185
S_STR02456,S_U0037,S0032,2026-02-01 02:26:07.137542,72
S_STR02457,S_U0019,S0044,2026-02-22 06:30:46.014159,227
S_STR02458,S_U0009,S0039,2026-02-20 07:11:44.349701,267
S_STR02459,S_U0005,S0023,2026-02-06 17:55:00.727163,137
S_STR02460,S_U0077,S0026,2026-02-02 20:56:32.359022,130
S_STR02461,S_U0031,S0038,2026-02-01 02:44:11.709104,148
S_STR02462,S_U0082,S0041,2026-02-18 05:10:55.008096,182
S_STR02463,S_U0043,S0048,2026-02-11 00:11:54.072311,134
S_STR02464,S_U0006,S0014,2026-02-26 03:15:03.848381,22
S_STR02465,S_U0025,S0036,2026-02-22 05:17:39.238909,196
S_STR02466,S_U0021,S0037,2026-02-14 14:59:32.986425,20
S_STR02467,S_U0008,S0029,2026-02-10 06:19:52.538628,100
S_STR02468,S_U0003,S0041,2026-02-19 01:32:48.354611,196
S_STR02469,S_U0031,S0023,2026-02-07 22:36:31.867323,69
S_STR02470,S_U0082,S0024,2026-02-21 19:34:50.726603,247
S_STR02471,S_U0053,S0031,2026-02-17 06:36:36.194203,90
S_STR02472,S_U0083,S0018,2026-02-11 12:17:30.181267,26
S_STR02473,S_U0068,S0038,2026-02-02 10:27:05.810940,188
S_STR02474,S_U0050,S0047,2026-02-04 22:32:38.771749,106
S_STR02475,S_U0032,S0022,2026-02-03 22:15:20.705444,108
S_STR02476,S_U0065,S0039,2026-02-26 05:33:27.471434,213
S_STR02477,S_U0061,S0050,2026-02-23 18:01:23.037153,143
S_STR02478,S_U0058,S0025,2026-02-06 14:29:28.520647,125
S_STR02479,S_U0022,S0035,2026-02-10 18:26:20.083261,233
S_STR02480,S_U0067,S0033,2026-02-07 02:16:05.264034,52
S_STR02481,S_U0073,S0009,2026-02-25 08:38:38.604294,60
S_STR02482,S_U0040,S0027,2026-02-24 23:13:04.205109,196
S_STR02483,S_U0012,S0032,2026-02-05 11:03:15.280128,121
S_STR02484,S_U0011,S0014,2026-02-05 14:09:46.148248,109
S_STR02485,S_U0088,S0035,2026-02-10 23:54:14.346427,24
S_STR02486,S_U0016,S0046,2026-02-22 00:01:48.980508,75
S_STR02487,S_U0001,S0044,2026-02-11 12:18:44.367488,252
S_STR02488,S_U0022,S0031,2026-02-12 11:31:26.997687,93
S_STR02489,S_U0035,S0037,2026-02-05 20:54:18.760647,90
S_STR02490,S_U0034,S0024,2026-02-04 21:24:13.856606,186
S_STR02491,S_U0026,S0025,2026-02-16 19:08:10.861693,47
S_STR02492,S_U0010,S0035,2026-02-06 21:18:05.635359,308
S_STR02493,S_U0090,S0042,2026-01-31 23:53:34.937949,177
S_STR02494,S_U0049,S0032,2026-02-12 14:12:13.742607,212
S_STR02495,S_U0086,S0017,2026-02-06 14:54:18.084195,104
S_STR02496,S_U0098,S0039,2026-02-17 12:58:34.152835,102
S_STR02497,S_U0055,S0025,2026-02-11 02:59:30.811019,167
S_STR02498,S_U0014,S0037,2026-02-26 20:54:40.957023,84
S_STR02499,S_U0019,S0043,2026-02-15 16:34:16.465302,36
S_STR02500,S_U0058,S0049,2026-02-07 08:18:28.909730,65
S_STR02501,S_U0054,S0031,2026-02-28 08:50:44.416121,34
S_STR02502,S_U0021,S0049,2026-02-20 22:23:31.515335,100
S_STR02503,S_U0068,S0026,2026-02-24 15:59:30.408067,170
S_STR02504,S_U0094,S0025,2026-02-24 07:06:33.870976,149
S_STR02505,S_U0087,S0043,2026-02-28 13:21:18.459278,53
S_STR02506,S_U0070,S0037,2026-02-12 13:44:35.530222,67
S_STR02507,S_U0038,S0011,2026-02-13 06:11:33.353976,124
S_STR02508,S_U0023,S0046,2026-02-24 02:59:23.380135,138
S_STR02509,S_U0016,S0026,2026-02-22 01:45:02.172852,78
S_STR02510,S_U0072,S0022,2026-02-28 04:23:51.942578,223
S_STR02511,S_U0022,S0007,2026-02-02 11:40:33.333458,211
S_STR02512,S_U0023,S0042,2026-02-13 18:02:42.120088,155
S_STR02513,S_U0072,S0004,2026-02-04 06:26:44.931407,21
S_STR02514,S_U0090,S0049,2026-02-10 05:20:24.307386,58
S_STR02515,S_U0004,S0041,2026-02-22 09:42:40.870776,149
S_STR02516,S_U0013,S0047,2026-02-26 23:05:26.272195,49
S_STR02517,S_U0010,S0035,2026-03-02 09:03:41.919117,253
S_STR02518,S_U0015,S0041,2026-02-12 20:12:53.142252,15
S_STR02519,S_U0052,S0047,2026-02-10 07:10:07.134778,167
S_STR02520,S_U0035,S0030,2026-02-09 20:41:55.961648,34
S_STR02521,S_U0013,S0045,2026-02-06 04:05:42.418362,168
S_STR02522,S_U0094,S0003,2026-02-17 17:28:12.509797,62
S_STR02523,S_U0016,S0024,2026-02-28 17:46:15.502039,151
S_STR02524,S_U0012,S0030,2026-02-24 05:49:17.903289,70
S_STR02525,S_U0090,S0015,2026-02-24 06:25:23.527528,182
S_STR02526,S_U0001,S0020,2026-03-01 19:32:26.193537,143
S_STR02527,S_U0039,S0021,2026-02-06 22:49:55.493911,177
S_STR02528,S_U0013,S0044,2026-03-01 23:13:46.277129,84
S_STR02529,S_U0059,S0031,2026-02-20 13:16:16.069479,131
S_STR02530,S_U0085,S0050,2026-02-14 09:13:52.135988,81
S_STR02531,S_U0091,S0043,2026-01-31 13:46:57.110114,13
S_STR02532,S_U0079,S0029,2026-02-08 22:55:21.213349,341
S_STR02533,S_U0052,S0023,2026-02-01 03:19:46.502391,61
S_STR02534,S_U0023,S0037,2026-02-01 03:00:09.830855,10
S_STR02535,S_U0069,S0034,2026-02-03 08:31:15.091727,202
S_STR02536,S_U0073,S0009,2026-02-01 20:05:46.055264,203
S_STR02537,S_U0014,S0024,2026-02-02 05:06:30.264461,171
S_STR02538,S_U0048,S0027,2026-02-06 22:55:18.279063,44
S_STR02539,S_U0047,S0017,2026-02-05 02:53:26.548869,17
S_STR02540,S_U0088,S0026,2026-02-24 09:15:36.176902,269
S_STR02541,S_U0007,S0009,2026-02-08 06:26:24.561371,196
S_STR02542,S_U0078,S0037,2026-02-19 21:46:21.654115,49
S_STR02543,S_U0084,S0036,2026-02-01 01:43:33.688899,309
S_STR02544,S_U0084,S0037,2026-02-24 19:58:13.987584,47
S_STR02545,S_U0040,S0028,2026-02-09 09:57:53.522337,103
S_STR02546,S_U0013,S0035,2026-02-09 03:37:33.053342,185
S_STR02547,S_U0057,S0028,2026-02-19 23:01:21.485961,251
S_STR02548,S_U0081,S0030,2026-02-28 19:10:32.210894,8
S_STR02549,S_U0040,S0031,2026-02-24 07:41:45.071838,54
S_STR02550,S_U0038,S0027,2026-02-16 07:21:13.764982,171
S_STR02551,S_U0034,S0036,2026-02-02 22:29:05.282996,176
S_STR02552,S_U0080,S0043,2026-02-11 05:28:03.170459,17
S_STR02553,S_U0075,S0033,2026-02-11 12:07:39.116151,51
S_STR02554,S_U0095,S0021,2026-02-02 01:41:38.499978,269
S_STR02555,S_U0065,S0019,2026-02-13 02:56:48.336817,203
S_STR02556,S_U0014,S0039,2026-02-12 15:00:45.079247,289
S_STR02557,S_U0074,S0011,2026-02-04 02:05:33.886126,164
S_STR02558,S_U0078,S0044,2026-02-20 17:16:10.035198,123
S_STR02559,S_U0046,S0036,2026-02-09 04:07:43.016942,206
S_STR02560,S_U0081,S0025,2026-02-27 03:16:14.649379,165
S_STR02561,S_U0068,S0019,2026-02-04 19:18:06.021833,242
S_STR02562,S_U0095,S0042,2026-02-24 16:18:31.646227,8
S_STR02563,S_U0036,S0039,2026-02-04 00:33:23.657054,199
S_STR02564,S_U0015,S0021,2026-01-31 13:34:57.827223,106
S_STR02565,S_U0089,S0032,2026-02-20 12:12:05.266241,81
S_STR02566,S_U0039,S0027,2026-02-17 15:03:54.981285,56
S_STR02567,S_U0052,S0033,2026-02-27 08:35:12.522492,87
S_STR02568,S_U0089,S0045,2026-02-08 02:52:22.357986,107
S_STR02569,S_U0047,S0021,2026-02-25 17:38:47.322692,262
S_STR02570,S_U0053,S0048,2026-02-25 21:25:36.835022,214
S_STR02571,S_U0040,S0010,2026-02-06 17:09:54.105369,95
S_STR02572,S_U0064,S0042,2026-02-03 22:06:06.492414,125
S_STR02573,S_U0014,S0044,2026-02-16 04:37:47.003520,119
S_STR02574,S_U0089,S0049,2026-02-27 02:26:41.824079,13
S_STR02575,S_U0001,S0044,2026-02-03 20:51:01.577231,291
S_STR02576,S_U0009,S0031,2026-02-28 04:59:34.751876,24
S_STR02577,S_U0071,S0035,2026-02-06 13:28:31.575195,48
S_STR02578,S_U0053,S0033,2026-02-06 12:43:37.220888,90
S_STR02579,S_U0078,S0037,2026-02-28 07:39:37.555903,23
S_STR02580,S_U0076,S0029,2026-02-11 19:35:58.298323,297
S_STR02581,S_U0040,S0028,2026-02-19 17:54:05.942419,136
S_STR02582,S_U0041,S0050,2026-02-15 23:29:03.568335,166
S_STR02583,S_U0020,S0015,2026-02-09 20:48:20.356899,129
S_STR02584,S_U0012,S0041,2026-02-17 12:50:30.320898,178
S_STR02585,S_U0043,S0040,2026-02-25 01:25:55.181647,7
S_STR02586,S_U0036,S0035,2026-02-26 09:44:22.000397,54
S_STR02587,S_U0017,S0033,2026-02-28 11:30:40.720486,58
S_STR02588,S_U0024,S0014,2026-02-09 18:15:06.842202,283
S_STR02589,S_U0013,S0023,2026-02-03 08:14:12.784354,75
S_STR02590,S_U0077,S0033,2026-02-11 17:56:01.938745,106
S_STR02591,S_U0002,S0024,2026-01-31 20:58:16.551602,228
S_STR02592,S_U0040,S0028,2026-02-14 15:00:12.835488,275
S_STR02593,S_U0085,S0045,2026-02-07 19:22:45.098359,5
S_STR02594,S_U0013,S0046,2026-02-23 17:09:47.107354,175
S_STR02595,S_U0068,S0006,2026-03-01 05:54:19.631613,109
S_STR02596,S_U0090,S0032,2026-03-01 17:42:09.344993,87
S_STR02597,S_U0096,S0002,2026-02-21 20:31:07.836266,186
S_STR02598,S_U0005,S0032,2026-02-03 08:26:46.874027,144
S_STR02599,S_U0097,S0016,2026-02-27 18:49:26.264513,233
S_STR02600,S_U0059,S0042,2026-02-16 11:12:14.534707,252
S_STR02601,S_U0013,S0034,2026-02-03 22:34:44.228559,85
S_STR02602,S_U0096,S0024,2026-02-28 04:06:18.544389,268
S_STR02603,S_U0068,S0041,2026-02-23 02:04:02.799623,228
S_STR02604,S_U0039,S0043,2026-03-02 06:09:12.190501,117
S_STR02605,S_U0078,S0039,2026-02-03 23:30:08.336314,195
S_STR02606,S_U0084,S0049,2026-02-10 02:50:50.857517,118
S_STR02607,S_U0003,S0019,2026-02-06 19:11:05.379879,210
S_STR02608,S_U0085,S0047,2026-02-24 10:33:54.581826,144
S_STR02609,S_U0039,S0017,2026-02-10 09:38:22.304727,116
S_STR02610,S_U0096,S0014,2026-02-23 01:22:30.494457,46
S_STR02611,S_U0075,S0044,2026-02-18 06:56:21.623542,79
S_STR02612,S_U0014,S0049,2026-02-21 14:39:51.149186,74
S_STR02613,S_U0090,S0038,2026-02-04 03:47:35.256728,37
S_STR02614,S_U0034,S0023,2026-03-01 23:41:35.636467,125
S_STR02615,S_U0064,S0025,2026-02-06 22:16:44.888941,105
S_STR02616,S_U0052,S0050,2026-02-18 19:29:59.780571,144
S_STR02617,S_U0067,S0049,2026-02-21 07:49:58.391099,91
S_STR02618,S_U0025,S0042,2026-02-11 00:36:24.152696,90
S_STR02619,S_U0068,S0047,2026-02-22 11:50:38.154210,76
S_STR02620,S_U0030,S0030,2026-02-17 10:06:28.301504,156
S_STR02621,S_U0082,S0033,2026-03-01 19:02:50.507838,39
S_STR02622,S_U0024,S0022,2026-02-20 02:36:51.870248,148
S_STR02623,S_U0041,S0045,2026-02-02 11:13:29.708943,155
S_STR02624,S_U0073,S0034,2026-02-18 11:09:08.966403,202
S_STR02625,S_U0086,S0038,2026-02-01 05:22:59.354385,148
S_STR02626,S_U0044,S0042,2026-02-18 17:40:34.364531,209
S_STR02627,S_U0008,S0005,2026-02-26 19:57:14.642982,7
S_STR02628,S_U0019,S0046,2026-01-31 23:33:58.909525,181
S_STR02629,S_U0096,S0050,2026-03-01 05:41:51.833272,43
S_STR02630,S_U0062,S0028,2026-02-02 00:48:28.466328,174
S_STR02631,S_U0023,S0025,2026-02-25 21:07:31.964212,102
S_STR02632,S_U0040,S0040,2026-02-16 12:42:13.542748,7
S_STR02633,S_U0085,S0017,2026-02-27 16:39:28.609960,82
S_STR02634,S_U0039,S0020,2026-02-20 17:52:51.054184,140
S_STR02635,S_U0012,S0047,2026-02-22 09:22:09.194718,32
S_STR02636,S_U0061,S0047,2026-02-04 21:40:08.879774,105
S_STR02637,S_U0028,S0035,2026-02-13 14:33:06.702534,288
S_STR02638,S_U0031,S0028,2026-02-23 03:14:31.424651,151
S_STR02639,S_U0033,S0039,2026-02-28 02:50:43.569475,37
S_STR02640,S_U0032,S0049,2026-02-11 17:02:42.019214,59
S_STR02641,S_U0063,S0050,2026-02-28 19:27:01.271161,250
S_STR02642,S_U0045,S0037,2026-02-14 14:47:03.565739,81
S_STR02643,S_U0085,S0042,2026-02-08 15:11:59.579564,239
S_STR02644,S_U0020,S0036,2026-02-18 20:27:18.774197,106
S_STR02645,S_U0027,S0050,2026-02-10 00:07:52.933306,80
S_STR02646,S_U0053,S0050,2026-02-16 14:56:32.544611,135
S_STR02647,S_U0066,S0048,2026-02-03 10:43:53.759809,107
S_STR02648,S_U0036,S0047,2026-02-19 16:13:17.960379,202
S_STR02649,S_U0072,S0049,2026-02-15 11:09:49.307204,81
S_STR02650,S_U0045,S0030,2026-02-13 02:07:51.516903,64
S_STR02651,S_U0100,S0036,2026-02-24 05:40:22.873500,49
S_STR02652,S_U0100,S0038,2026-02-28 15:35:10.307962,44
S_STR02653,S_U0027,S0042,2026-02-19 05:06:55.501590,60
S_STR02654,S_U0047,S0046,2026-02-06 12:52:54.469186,50
S_STR02655,S_U0097,S0021,2026-02-17 00:51:09.167672,103
S_STR02656,S_U0019,S0041,2026-02-16 18:44:42.728661,108
S_STR02657,S_U0039,S0023,2026-02-09 02:02:18.757558,213
S_STR02658,S_U0082,S0011,2026-02-17 21:14:34.100090,110
S_STR02659,S_U0057,S0033,2026-02-26 14:00:53.895845,134
S_STR02660,S_U0014,S0049,2026-02-17 06:37:44.073494,108
S_STR02661,S_U0070,S0031,2026-02-27 02:50:39.563480,150
S_STR02662,S_U0070,S0036,2026-02-20 23:34:40.754853,49
S_STR02663,S_U0031,S0046,2026-02-06 12:00:39.474209,72
S_STR02664,S_U0053,S0037,2026-02-10 16:12:28.152168,34
S_STR02665,S_U0078,S0034,2026-02-23 19:46:33.934559,11
S_STR02666,S_U0040,S0031,2026-02-04 13:37:25.094040,47
S_STR02667,S_U0051,S0047,2026-02-12 14:52:52.682636,15
S_STR02668,S_U0078,S0021,2026-02-12 14:02:32.972373,32
S_STR02669,S_U0050,S0028,2026-02-10 03:38:02.598325,134
S_STR02670,S_U0042,S0044,2026-02-15 16:13:00.664234,185
S_STR02671,S_U0074,S0042,2026-02-27 18:53:59.632055,158
S_STR02672,S_U0070,S0011,2026-02-03 15:15:20.878664,137
S_STR02673,S_U0072,S0048,2026-02-09 02:57:39.024841,44
S_STR02674,S_U0033,S0019,2026-02-19 16:36:09.735348,120
S_STR02675,S_U0043,S0029,2026-02-09 23:57:30.627607,343
S_STR02676,S_U0100,S0029,2026-02-01 00:11:00.471672,243
S_STR02677,S_U0044,S0039,2026-02-06 02:30:52.159510,179
S_STR02678,S_U0061,S0044,2026-02-06 21:27:37.402965,203
S_STR02679,S_U0045,S0050,2026-02-07 04:00:57.601974,124
S_STR02680,S_U0084,S0012,2026-02-28 23:33:46.741439,273
S_STR02681,S_U0063,S0039,2026-02-19 07:08:53.322599,97
S_STR02682,S_U0056,S0043,2026-02-14 13:32:48.965325,5
S_STR02683,S_U0058,S0050,2026-02-28 02:14:58.376766,216
S_STR02684,S_U0030,S0050,2026-02-28 16:21:56.531350,310
S_STR02685,S_U0068,S0029,2026-02-04 11:59:12.623144,124
S_STR02686,S_U0063,S0043,2026-02-03 15:49:08.700666,105
S_STR02687,S_U0041,S0032,2026-02-17 03:26:15.036412,165
S_STR02688,S_U0099,S0033,2026-02-28 21:46:43.879012,167
S_STR02689,S_U0067,S0034,2026-02-01 11:23:20.481310,89
S_STR02690,S_U0027,S0044,2026-02-11 00:09:42.675979,82
S_STR02691,S_U0001,S0031,2026-02-11 12:00:00.158345,121
S_STR02692,S_U0073,S0031,2026-02-26 16:46:38.001561,82
S_STR02693,S_U0043,S0029,2026-02-21 04:57:47.621109,94
S_STR02694,S_U0080,S0044,2026-01-31 20:43:13.344741,207
S_STR02695,S_U0094,S0017,2026-02-25 10:45:59.259202,107
S_STR02696,S_U0092,S0036,2026-02-04 01:36:40.024225,180
S_STR02697,S_U0100,S0028,2026-02-15 02:28:44.559267,62
S_STR02698,S_U0052,S0030,2026-02-13 21:39:32.402278,99
S_STR02699,S_U0005,S0046,2026-02-20 05:40:20.556056,184
S_STR02700,S_U0035,S0020,2026-02-20 23:27:33.010797,48
S_STR02701,S_U0031,S0047,2026-02-13 03:01:52.708670,56
S_STR02702,S_U0008,S0049,2026-02-22 21:13:23.494649,15
S_STR02703,S_U0017,S0013,2026-02-13 19:15:03.973616,175
S_STR02704,S_U0035,S0028,2026-02-23 05:06:26.226704,78
S_STR02705,S_U0082,S0048,2026-02-12 23:31:40.334307,158
S_STR02706,S_U0077,S0034,2026-02-07 13:14:39.751236,175
S_STR02707,S_U0074,S0050,2026-02-08 07:45:24.732768,79
S_STR02708,S_U0076,S0022,2026-02-10 10:11:29.652588,183
S_STR02709,S_U0051,S0022,2026-02-14 15:37:34.655071,170
S_STR02710,S_U0010,S0020,2026-02-19 17:16:46.426494,113
S_STR02711,S_U0039,S0018,2026-02-01 04:35:48.659467,99
S_STR02712,S_U0038,S0046,2026-02-08 04:59:00.211394,5
S_STR02713,S_U0001,S0042,2026-02-07 00:00:47.280036,245
S_STR02714,S_U0017,S0037,2026-02-08 17:37:50.666471,50
S_STR02715,S_U0073,S0036,2026-02-04 22:31:43.721915,246
S_STR02716,S_U0057,S0035,2026-02-25 15:25:17.612527,249
S_STR02717,S_U0072,S0011,2026-01-31 20:17:30.204993,252
S_STR02718,S_U0046,S0049,2026-02-12 02:43:32.624414,50
S_STR02719,S_U0057,S0044,2026-02-13 11:45:51.903798,41
S_STR02720,S_U0091,S0039,2026-02-28 14:24:08.835572,199
S_STR02721,S_U0038,S0022,2026-02-10 09:27:29.947271,138
S_STR02722,S_U0003,S0028,2026-02-03 11:29:00.062970,63
S_STR02723,S_U0034,S0043,2026-02-25 11:09:23.213189,75
S_STR02724,S_U0086,S0045,2026-02-13 12:18:10.641177,135
S_STR02725,S_U0095,S0013,2026-02-08 14:28:41.382049,68
S_STR02726,S_U0081,S0047,2026-02-13 15:40:04.699089,115
S_STR02727,S_U0074,S0020,2026-02-04 03:24:26.803862,64
S_STR02728,S_U0032,S0029,2026-01-31 22:28:11.352809,251
S_STR02729,S_U0016,S0041,2026-02-25 01:25:01.660405,35
S_STR02730,S_U0047,S0048,2026-02-25 05:47:22.079565,53
S_STR02731,S_U0064,S0037,2026-02-20 01:51:48.845941,144
S_STR02732,S_U0011,S0029,2026-02-22 09:44:42.532660,228
S_STR02733,S_U0005,S0039,2026-02-28 22:25:32.118265,335
S_STR02734,S_U0042,S0038,2026-02-18 22:52:15.877666,191
S_STR02735,S_U0016,S0044,2026-02-02 13:54:13.495308,195
S_STR02736,S_U0040,S0050,2026-02-25 20:11:50.565771,254
S_STR02737,S_U0040,S0021,2026-02-15 05:32:08.052068,103
S_STR02738,S_U0015,S0030,2026-02-04 04:30:32.338957,156
S_STR02739,S_U0002,S0049,2026-02-23 12:44:45.871841,37
S_STR02740,S_U0046,S0017,2026-02-26 01:09:19.471403,36
S_STR02741,S_U0002,S0031,2026-02-19 15:59:36.555099,141
S_STR02742,S_U0011,S0031,2026-02-06 02:33:13.343753,99
S_STR02743,S_U0070,S0043,2026-02-18 10:22:29.239041,125
S_STR02744,S_U0001,S0023,2026-02-14 21:10:28.910922,123
S_STR02745,S_U0077,S0042,2026-02-08 16:43:43.664218,230
S_STR02746,S_U0070,S0045,2026-02-23 07:09:59.100898,23
S_STR02747,S_U0040,S0050,2026-02-14 06:00:26.449795,65
S_STR02748,S_U0066,S0033,2026-02-20 22:18:24.230472,105
S_STR02749,S_U0089,S0031,2026-02-08 05:51:40.016065,54
S_STR02750,S_U0099,S0002,2026-02-10 02:47:24.700007,31
S_STR02751,S_U0042,S0003,2026-02-01 11:39:29.968571,81
S_STR02752,S_U0074,S0020,2026-02-22 15:27:26.131921,60
S_STR02753,S_U0067,S0002,2026-01-31 18:24:42.656483,28
S_STR02754,S_U0077,S0042,2026-02-27 07:46:07.460293,60
S_STR02755,S_U0061,S0041,2026-02-02 23:11:33.247059,74
S_STR02756,S_U0038,S0026,2026-02-19 23:18:47.763309,116
S_STR02757,S_U0009,S0034,2026-02-26 11:42:07.439207,183
S_STR02758,S_U0044,S0049,2026-02-22 13:37:58.040043,5
S_STR02759,S_U0015,S0042,2026-02-25 02:56:15.995063,67
S_STR02760,S_U0052,S0029,2026-02-15 04:22:55.126346,192
S_STR02761,S_U0097,S0026,2026-03-01 06:54:33.919032,86
S_STR02762,S_U0069,S0040,2026-02-10 13:33:32.650718,51
S_STR02763,S_U0066,S0031,2026-02-17 11:12:35.433708,32
S_STR02764,S_U0030,S0031,2026-02-10 17:55:55.847298,52
S_STR02765,S_U0049,S0025,2026-02-11 01:59:06.425578,213
S_STR02766,S_U0094,S0049,2026-02-28 00:27:11.668910,91
S_STR02767,S_U0069,S0045,2026-02-28 19:07:20.720131,119
S_STR02768,S_U0061,S0041,2026-02-06 16:00:49.998071,180
S_STR02769,S_U0081,S0020,2026-02-05 01:47:11.000223,142
S_STR02770,S_U0059,S0031,2026-03-02 05:31:01.960002,6
S_STR02771,S_U0066,S0045,2026-02-14 11:56:53.010185,142
S_STR02772,S_U0050,S0027,2026-02-10 20:07:18.462245,27
S_STR02773,S_U0051,S0041,2026-02-10 04:52:25.635241,14
S_STR02774,S_U0062,S0049,2026-02-10 16:02:36.959443,61
S_STR02775,S_U0030,S0028,2026-02-15 09:41:48.686445,148
S_STR02776,S_U0092,S0022,2026-02-14 15:28:25.675001,105
S_STR02777,S_U0065,S0050,2026-02-12 14:08:39.292981,285
S_STR02778,S_U0031,S0048,2026-02-23 08:55:31.473163,202
S_STR02779,S_U0039,S0041,2026-02-22 04:30:49.720474,247
S_STR02780,S_U0063,S0037,2026-02-13 16:44:31.807513,151
S_STR02781,S_U0051,S0025,2026-02-14 18:11:43.254711,123
S_STR02782,S_U0085,S0050,2026-02-19 17:23:58.458188,258
S_STR02783,S_U0057,S0036,2026-02-02 03:48:14.574927,203
S_STR02784,S_U0057,S0016,2026-02-13 10:13:53.018520,225
S_STR02785,S_U0030,S0014,2026-02-14 02:50:29.132806,10
S_STR02786,S_U0056,S0015,2026-02-28 07:59:38.824173,158
S_STR02787,S_U0032,S0024,2026-02-07 12:29:28.343120,273
S_STR02788,S_U0026,S0028,2026-02-12 06:35:14.576538,59
S_STR02789,S_U0064,S0041,2026-02-25 18:28:16.592317,200
S_STR02790,S_U0089,S0045,2026-02-03 16:04:03.540221,93
S_STR02791,S_U0034,S0049,2026-02-11 14:03:12.270805,9
S_STR02792,S_U0095,S0037,2026-02-08 20:34:37.275764,25
S_STR02793,S_U0001,S0041,2026-01-31 19:16:47.642114,193
S_STR02794,S_U0067,S0021,2026-01-31 22:44:03.507075,227
S_STR02795,S_U0054,S0049,2026-02-10 19:24:18.217265,45
S_STR02796,S_U0024,S0016,2026-02-27 23:01:06.995640,206
S_STR02797,S_U0026,S0025,2026-01-31 14:42:01.321679,190
S_STR02798,S_U0009,S0039,2026-02-25 05:02:52.194650,173
S_STR02799,S_U0003,S0046,2026-02-16 15:17:40.600607,144
S_STR02800,S_U0060,S0031,2026-02-08 05:33:15.753706,121
S_STR02801,S_U0075,S0050,2026-02-17 23:29:17.630840,306
S_STR02802,S_U0039,S0015,2026-02-27 12:16:33.340582,57
S_STR02803,S_U0055,S0035,2026-02-08 04:31:25.576691,129
S_STR02804,S_U0071,S0016,2026-02-09 00:03:29.668118,73
S_STR02805,S_U0014,S0034,2026-02-05 19:54:55.163217,33
S_STR02806,S_U0049,S0050,2026-02-04 15:30:15.033903,302
S_STR02807,S_U0052,S0041,2026-02-17 09:14:39.334673,28
S_STR02808,S_U0088,S0025,2026-03-01 14:04:05.098679,23
S_STR02809,S_U0061,S0024,2026-02-15 07:29:40.382248,59
S_STR02810,S_U0042,S0042,2026-02-12 06:49:46.394952,194
S_STR02811,S_U0012,S0049,2026-02-08 19:54:04.323867,111
S_STR02812,S_U0029,S0035,2026-02-04 01:52:08.356297,232
S_STR02813,S_U0007,S0024,2026-03-01 11:45:45.597365,253
S_STR02814,S_U0005,S0045,2026-02-27 01:24:05.853214,74
S_STR02815,S_U0004,S0042,2026-02-19 08:58:35.704446,171
S_STR02816,S_U0041,S0015,2026-02-06 04:35:36.544730,236
S_STR02817,S_U0028,S0040,2026-02-18 09:42:46.867784,27
S_STR02818,S_U0066,S0030,2026-02-22 01:43:44.240290,124
S_STR02819,S_U0064,S0029,2026-02-06 14:54:35.389555,77
S_STR02820,S_U0069,S0034,2026-02-18 11:51:37.266928,154
S_STR02821,S_U0023,S0043,2026-02-23 09:33:16.368474,121
S_STR02822,S_U0015,S0045,2026-02-03 01:08:06.482730,54
S_STR02823,S_U0055,S0022,2026-02-06 15:07:33.480662,65
S_STR02824,S_U0035,S0048,2026-03-01 13:32:21.682545,99
S_STR02825,S_U0021,S0050,2026-02-12 20:50:25.786733,238
S_STR02826,S_U0038,S0026,2026-02-25 21:01:08.834191,171
S_STR02827,S_U0089,S0022,2026-02-25 13:34:14.986096,60
S_STR02828,S_U0073,S0036,2026-02-06 16:40:05.384817,344
S_STR02829,S_U0064,S0041,2026-02-22 03:22:05.464504,133
S_STR02830,S_U0097,S0040,2026-02-25 03:49:11.704485,33
S_STR02831,S_U0001,S0048,2026-02-14 07:03:37.949449,74
S_STR02832,S_U0012,S0010,2026-02-18 18:56:49.393552,210
S_STR02833,S_U0023,S0050,2026-02-03 08:01:57.612860,271
S_STR02834,S_U0060,S0034,2026-02-15 13:45:44.241734,73
S_STR02835,S_U0065,S0041,2026-02-28 01:33:13.409906,9
S_STR02836,S_U0079,S0046,2026-02-06 11:12:13.838112,177
S_STR02837,S_U0033,S0028,2026-02-23 08:57:47.007931,283
S_STR02838,S_U0098,S0025,2026-02-11 11:44:43.687675,38
S_STR02839,S_U0032,S0040,2026-02-07 05:29:26.246056,24
S_STR02840,S_U0027,S0038,2026-02-07 10:04:22.545584,58
S_STR02841,S_U0032,S0047,2026-02-19 13:32:43.892720,68
S_STR02842,S_U0080,S0041,2026-02-28 07:31:03.754524,237
S_STR02843,S_U0084,S0024,2026-02-13 05:11:30.012367,36
S_STR02844,S_U0085,S0034,2026-02-01 00:32:01.528931,112
S_STR02845,S_U0100,S0021,2026-02-28 17:12:45.408248,281
S_STR02846,S_U0011,S0032,2026-02-10 07:25:03.978852,37
S_STR02847,S_U0065,S0019,2026-02-16 08:19:52.024519,320
S_STR02848,S_U0023,S0044,2026-02-13 15:49:11.921920,184
S_STR02849,S_U0024,S0033,2026-02-22 10:01:14.209137,133
S_STR02850,S_U0040,S0030,2026-02-18 20:31:05.370880,64
S_STR02851,S_U0010,S0031,2026-02-18 23:11:02.669004,75
S_STR02852,S_U0060,S0030,2026-02-10 20:50:52.356972,12
S_STR02853,S_U0056,S0046,2026-02-16 04:22:39.309419,78
S_STR02854,S_U0093,S0048,2026-02-09 08:45:46.101640,148
S_STR02855,S_U0091,S0041,2026-02-24 09:52:19.256921,135
S_STR02856,S_U0069,S0020,2026-01-31 17:53:45.852803,47
S_STR02857,S_U0049,S0033,2026-03-02 01:06:19.962138,61
S_STR02858,S_U0087,S0045,2026-02-17 12:54:04.498440,196
S_STR02859,S_U0069,S0032,2026-02-19 20:00:16.928389,43
S_STR02860,S_U0093,S0032,2026-02-16 11:06:35.721885,160
S_STR02861,S_U0081,S0031,2026-02-10 12:52:49.084621,56
S_STR02862,S_U0083,S0016,2026-02-25 06:03:35.011235,236
S_STR02863,S_U0041,S0020,2026-02-05 10:33:21.590094,16
S_STR02864,S_U0079,S0017,2026-02-20 20:24:37.823629,18
S_STR02865,S_U0036,S0043,2026-02-03 02:46:07.267474,11
S_STR02866,S_U0040,S0002,2026-02-20 03:45:22.667190,147
S_STR02867,S_U0040,S0021,2026-02-06 10:41:42.002680,270
S_STR02868,S_U0002,S0020,2026-02-22 04:34:52.344807,24
S_STR02869,S_U0068,S0045,2026-02-05 02:38:51.238940,162
S_STR02870,S_U0060,S0034,2026-02-18 19:35:23.927494,86
S_STR02871,S_U0013,S0031,2026-02-09 13:02:31.407293,128
S_STR02872,S_U0054,S0026,2026-02-22 02:32:07.357481,62
S_STR02873,S_U0028,S0035,2026-02-08 09:31:49.470940,120
S_STR02874,S_U0021,S0033,2026-02-13 15:55:17.239035,44
S_STR02875,S_U0009,S0048,2026-02-14 01:54:52.214822,265
S_STR02876,S_U0022,S0040,2026-02-20 16:27:38.782431,6
S_STR02877,S_U0081,S0030,2026-02-01 10:30:24.903723,68
S_STR02878,S_U0014,S0030,2026-02-22 14:25:43.545904,95
S_STR02879,S_U0038,S0016,2026-02-04 00:53:29.415851,157
S_STR02880,S_U0018,S0042,2026-02-19 15:08:57.705267,45
S_STR02881,S_U0058,S0040,2026-02-17 09:14:58.880924,49
S_STR02882,S_U0010,S0041,2026-02-17 21:03:34.114594,154
S_STR02883,S_U0019,S0046,2026-01-31 17:57:30.761729,77
S_STR02884,S_U0070,S0047,2026-02-13 10:57:03.696808,278
S_STR02885,S_U0040,S0046,2026-02-08 06:40:08.739641,172
S_STR02886,S_U0003,S0045,2026-02-10 07:11:37.910005,182
S_STR02887,S_U0100,S0014,2026-02-23 16:16:54.057660,178
S_STR02888,S_U0068,S0036,2026-02-16 01:25:59.453476,328
S_STR02889,S_U0031,S0041,2026-02-25 11:34:32.592484,120
S_STR02890,S_U0060,S0041,2026-02-08 01:16:20.499660,13
S_STR02891,S_U0031,S0033,2026-02-23 01:43:42.620307,129
S_STR02892,S_U0086,S0028,2026-02-16 15:33:01.225028,191
S_STR02893,S_U0023,S0049,2026-02-20 16:15:34.995548,110
S_STR02894,S_U0040,S0008,2026-02-05 09:06:00.878011,332
S_STR02895,S_U0072,S0019,2026-02-01 01:17:43.045816,30
S_STR02896,S_U0065,S0012,2026-02-01 05:51:37.176515,228
S_STR02897,S_U0029,S0019,2026-02-16 15:48:37.117004,95
S_STR02898,S_U0020,S0032,2026-02-25 11:17:49.891652,110
S_STR02899,S_U0015,S0042,2026-02-03 18:57:14.639834,231
S_STR02900,S_U0084,S0018,2026-02-06 19:27:46.526881,124
S_STR02901,S_U0017,S0038,2026-02-26 07:04:18.810852,60
S_STR02902,S_U0015,S0048,2026-02-22 00:05:49.414543,200
S_STR02903,S_U0001,S0046,2026-02-17 14:59:54.368257,164
S_STR02904,S_U0082,S0036,2026-02-01 11:28:42.582461,299
S_STR02905,S_U0056,S0033,2026-02-12 12:56:38.928856,23
S_STR02906,S_U0011,S0040,2026-02-13 05:27:47.997180,28
S_STR02907,S_U0055,S0045,2026-02-06 10:18:44.840453,134
S_STR02908,S_U0025,S0049,2026-03-01 00:20:31.345255,26
S_STR02909,S_U0036,S0042,2026-02-18 00:57:59.103557,255
S_STR02910,S_U0024,S0037,2026-02-24 01:37:51.370191,152
S_STR02911,S_U0071,S0014,2026-02-08 04:10:31.503411,95
S_STR02912,S_U0093,S0048,2026-02-17 19:47:45.993981,22
S_STR02913,S_U0070,S0032,2026-02-07 21:49:35.145318,31
S_STR02914,S_U0036,S0040,2026-02-01 06:19:22.817800,63
S_STR02915,S_U0052,S0041,2026-02-09 01:45:01.465811,165
S_STR02916,S_U0055,S0019,2026-02-13 05:01:49.687644,254
S_STR02917,S_U0034,S0040,2026-02-28 03:04:15.672795,88
S_STR02918,S_U0080,S0048,2026-03-01 19:23:07.424692,248
S_STR02919,S_U0074,S0017,2026-02-07 21:26:09.323545,100
S_STR02920,S_U0051,S0040,2026-02-23 10:38:25.914965,99
S_STR02921,S_U0041,S0037,2026-02-21 01:51:34.396916,101
S_STR02922,S_U0047,S0043,2026-02-22 21:15:26.321626,92
S_STR02923,S_U0036,S0022,2026-02-15 07:14:44.775674,144
S_STR02924,S_U0005,S0041,2026-02-15 16:01:53.368979,254
S_STR02925,S_U0019,S0023,2026-02-16 02:29:27.705716,46
S_STR02926,S_U0008,S0047,2026-02-25 16:00:30.711274,16
S_STR02927,S_U0043,S0030,2026-02-01 15:58:29.389597,133
S_STR02928,S_U0075,S0025,2026-02-24 02:37:34.674265,178
S_STR02929,S_U0064,S0036,2026-02-15 07:31:07.031625,344
S_STR02930,S_U0034,S0043,2026-02-02 02:36:03.579048,56
S_STR02931,S_U0036,S0043,2026-02-05 18:00:04.375243,63
S_STR02932,S_U0001,S0033,2026-02-07 11:12:16.535704,28
S_STR02933,S_U0030,S0020,2026-02-18 06:53:11.999887,38
S_STR02934,S_U0038,S0047,2026-02-12 13:42:27.509261,252
S_STR02935,S_U0074,S0044,2026-02-08 09:32:42.066103,141
S_STR02936,S_U0014,S0004,2026-02-25 23:14:47.893868,115
S_STR02937,S_U0063,S0040,2026-02-17 11:37:33.111474,105
S_STR02938,S_U0082,S0017,2026-02-15 11:20:21.802689,29
S_STR02939,S_U0089,S0049,2026-02-23 09:27:02.617507,119
S_STR02940,S_U0015,S0044,2026-02-05 08:19:13.169492,336
S_STR02941,S_U0050,S0050,2026-02-14 13:01:31.338109,51
S_STR02942,S_U0021,S0036,2026-02-13 08:46:40.273399,318
S_STR02943,S_U0070,S0013,2026-02-02 01:13:32.599251,174
S_STR02944,S_U0083,S0032,2026-02-08 11:30:26.405592,262
S_STR02945,S_U0050,S0031,2026-02-08 01:56:20.427164,59
S_STR02946,S_U0087,S0049,2026-02-05 05:41:00.793083,97
S_STR02947,S_U0095,S0048,2026-02-18 08:03:30.104034,246
S_STR02948,S_U0064,S0044,2026-02-07 14:53:40.319458,240
S_STR02949,S_U0027,S0026,2026-02-28 02:55:05.324000,165
S_STR02950,S_U0070,S0029,2026-02-24 15:36:32.607144,326
S_STR02951,S_U0067,S0050,2026-02-16 17:50:43.343098,235
S_STR02952,S_U0045,S0050,2026-02-05 06:32:19.363590,81
S_STR02953,S_U0094,S0044,2026-02-07 06:08:28.029843,309
S_STR02954,S_U0096,S0025,2026-02-08 00:32:36.822098,153
S_STR02955,S_U0010,S0021,2026-02-08 09:56:16.861866,209
S_STR02956,S_U0090,S0043,2026-02-15 07:11:17.738172,127
S_STR02957,S_U0023,S0031,2026-02-18 13:42:40.078333,13
S_STR02958,S_U0075,S0020,2026-02-19 08:36:00.604426,150
S_STR02959,S_U0086,S0016,2026-02-15 05:34:15.717868,172
S_STR02960,S_U0015,S0049,2026-02-23 21:45:46.381845,18
S_STR02961,S_U0084,S0025,2026-02-07 03:55:19.376301,61
S_STR02962,S_U0039,S0037,2026-02-09 01:22:19.712868,57
S_STR02963,S_U0025,S0038,2026-02-10 05:16:35.800305,131
S_STR02964,S_U0073,S0048,2026-02-12 09:51:12.334567,101
S_STR02965,S_U0023,S0038,2026-02-09 23:31:53.285821,33
S_STR02966,S_U0024,S0044,2026-01-31 20:26:36.458685,144
S_STR02967,S_U0040,S0022,2026-02-16 07:58:26.668263,95
S_STR02968,S_U0091,S0037,2026-02-21 09:39:39.175282,58
S_STR02969,S_U0039,S0027,2026-02-24 14:52:38.404994,101
S_STR02970,S_U0071,S0022,2026-02-12 12:37:48.832135,156
S_STR02971,S_U0017,S0036,2026-03-01 14:14:45.777956,270
S_STR02972,S_U0091,S0046,2026-02-23 23:07:35.205358,135
S_STR02973,S_U0007,S0031,2026-02-22 12:45:56.382782,81
S_STR02974,S_U0070,S0015,2026-02-28 18:27:34.872008,195
S_STR02975,S_U0073,S0028,2026-02-09 16:34:40.991513,282
S_STR02976,S_U0086,S0045,2026-02-12 18:33:21.179793,49
S_STR02977,S_U0085,S0038,2026-02-23 15:44:56.794709,169
S_STR02978,S_U0091,S0026,2026-02-02 23:46:00.136209,63
S_STR02979,S_U0058,S0025,2026-02-16 22:37:47.858926,73
S_STR02980,S_U0065,S0024,2026-02-06 19:46:11.601084,251
S_STR02981,S_U0005,S0013,2026-02-11 09:39:41.777133,94
S_STR02982,S_U0085,S0018,2026-02-27 21:09:55.822252,304
S_STR02983,S_U0054,S0042,2026-02-07 16:51:32.046470,119
S_STR02984,S_U0035,S0050,2026-02-25 10:11:19.222968,180
S_STR02985,S_U0075,S0045,2026-03-01 10:07:57.273739,177
S_STR02986,S_U0002,S0021,2026-02-27 06:30:16.646904,263
S_STR02987,S_U0066,S0019,2026-03-02 05:31:58.097205,333
S_STR02988,S_U0088,S0047,2026-02-20 03:42:22.525150,90
S_STR02989,S_U0030,S0009,2026-03-01 01:55:29.210695,66
S_STR02990,S_U0083,S0004,2026-02-25 14:09:40.282984,186
S_STR02991,S_U0073,S0036,2026-02-01 11:40:44.658298,241
S_STR02992,S_U0070,S0014,2026-02-13 19:04:54.164442,278
S_STR02993,S_U0086,S0048,2026-02-18 12:10:09.645527,35
S_STR02994,S_U0008,S0026,2026-02-08 03:46:33.435838,233
S_STR02995,S_U0076,S0017,2026-02-26 08:59:17.331925,55
S_STR02996,S_U0099,S0016,2026-02-18 11:29:16.689994,63
S_STR02997,S_U0077,S0048,2026-02-23 04:49:14.181560,204
S_STR02998,S_U0082,S0026,2026-02-20 00:41:02.716507,200
S_STR02999,S_U0026,S0027,2026-02-21 11:35:59.593175,147
S_STR03000,S_U0087,S0028,2026-03-02 00:07:10.239798,143
S_STR03001,S_U0075,S0027,2026-02-22 08:42:51.460772,227
S_STR03002,S_U0060,S0013,2026-02-21 01:20:22.116994,23
S_STR03003,S_U0034,S0041,2026-02-23 22:47:53.821871,242
S_STR03004,S_U0046,S0046,2026-02-20 10:21:31.437201,71
S_STR03005,S_U0023,S0035,2026-03-01 07:45:29.887343,164
S_STR03006,S_U0090,S0044,2026-02-20 16:35:00.619572,45
S_STR03007,S_U0047,S0046,2026-02-09 17:13:10.102073,191
S_STR03008,S_U0027,S0049,2026-02-15 17:37:53.120347,75
S_STR03009,S_U0082,S0026,2026-02-02 04:13:17.073878,61
S_STR03010,S_U0069,S0026,2026-02-08 09:41:43.157156,260
S_STR03011,S_U0060,S0021,2026-02-05 23:48:44.061204,282
S_STR03012,S_U0048,S0050,2026-02-20 08:07:14.192071,309
S_STR03013,S_U0057,S0033,2026-02-08 08:52:33.278421,72
S_STR03014,S_U0041,S0038,2026-02-02 22:59:48.677034,97
S_STR03015,S_U0033,S0024,2026-02-17 13:35:23.664679,318
S_STR03016,S_U0056,S0011,2026-02-25 23:39:33.745417,154
S_STR03017,S_U0009,S0038,2026-02-28 03:08:25.857844,16
S_STR03018,S_U0033,S0030,2026-02-16 16:15:15.922171,26
S_STR03019,S_U0033,S0042,2026-02-18 05:49:05.260478,272
S_STR03020,S_U0076,S0044,2026-02-26 07:05:22.892997,171
S_STR03021,S_U0074,S0049,2026-02-19 15:11:56.928762,18
S_STR03022,S_U0033,S0031,2026-02-10 03:30:08.175460,100
S_STR03023,S_U0040,S0036,2026-02-28 05:56:23.662593,90
S_STR03024,S_U0001,S0035,2026-02-17 00:17:38.495996,91
S_STR03025,S_U0016,S0009,2026-02-24 02:51:08.539190,18
S_STR03026,S_U0057,S0021,2026-02-23 10:07:01.531061,184
S_STR03027,S_U0023,S0037,2026-02-08 07:26:58.782053,95
S_STR03028,S_U0057,S0021,2026-02-09 10:00:56.341914,90
S_STR03029,S_U0035,S0043,2026-02-17 09:37:39.427287,158
S_STR03030,S_U0009,S0048,2026-02-11 12:59:44.486498,20
S_STR03031,S_U0012,S0010,2026-02-14 12:52:41.461408,223
S_STR03032,S_U0072,S0033,2026-02-12 11:55:29.829542,150
S_STR03033,S_U0071,S0031,2026-02-09 00:05:30.651825,127
S_STR03034,S_U0001,S0042,2026-02-17 08:07:01.778881,60
S_STR03035,S_U0001,S0024,2026-02-21 20:51:14.837481,63
S_STR03036,S_U0086,S0034,2026-02-18 14:48:04.683366,138
S_STR03037,S_U0083,S0042,2026-02-23 04:27:10.556059,27
S_STR03038,S_U0049,S0042,2026-02-28 07:47:38.127960,122
S_STR03039,S_U0077,S0048,2026-02-25 14:25:59.019780,61
S_STR03040,S_U0062,S0019,2026-02-16 02:28:14.437805,224
S_STR03041,S_U0064,S0046,2026-02-03 22:30:57.232160,164
S_STR03042,S_U0046,S0023,2026-02-12 07:37:44.907109,14
S_STR03043,S_U0073,S0047,2026-02-04 10:50:07.672466,185
S_STR03044,S_U0037,S0022,2026-02-13 23:53:53.948024,148
S_STR03045,S_U0071,S0013,2026-02-11 03:35:50.369559,16
S_STR03046,S_U0002,S0030,2026-02-11 10:57:01.685002,12
S_STR03047,S_U0064,S0024,2026-02-01 21:30:05.257433,75
S_STR03048,S_U0087,S0049,2026-02-18 18:25:41.629134,42
S_STR03049,S_U0056,S0024,2026-02-25 23:39:53.816233,17
S_STR03050,S_U0032,S0046,2026-02-13 18:26:41.972350,58
S_STR03051,S_U0001,S0028,2026-02-03 13:15:51.407489,36
S_STR03052,S_U0085,S0041,2026-02-07 06:24:36.369097,22
S_STR03053,S_U0033,S0050,2026-02-25 11:36:32.027364,163
S_STR03054,S_U0087,S0050,2026-02-14 01:24:36.582067,308
S_STR03055,S_U0076,S0028,2026-02-13 23:47:11.730501,149
S_STR03056,S_U0070,S0009,2026-02-06 09:10:45.544929,115
S_STR03057,S_U0067,S0043,2026-02-23 02:01:01.393995,70
S_STR03058,S_U0004,S0042,2026-02-26 12:12:54.070742,272
S_STR03059,S_U0035,S0013,2026-02-02 18:16:45.700035,32
S_STR03060,S_U0068,S0047,2026-02-06 23:23:31.376026,186
S_STR03061,S_U0034,S0026,2026-02-17 06:21:01.170537,117
S_STR03062,S_U0044,S0018,2026-02-13 00:38:25.851509,297
S_STR03063,S_U0020,S0026,2026-02-09 14:29:28.984917,179
S_STR03064,S_U0033,S0023,2026-02-08 09:00:18.850738,82
S_STR03065,S_U0019,S0020,2026-02-04 11:21:00.952951,124
S_STR03066,S_U0063,S0027,2026-02-19 14:14:36.166101,246
S_STR03067,S_U0025,S0033,2026-02-24 11:03:52.586884,87
S_STR03068,S_U0071,S0042,2026-02-03 23:40:29.647689,113
S_STR03069,S_U0075,S0041,2026-02-04 00:10:17.145956,241
S_STR03070,S_U0072,S0016,2026-02-18 00:12:16.603264,120
S_STR03071,S_U0002,S0034,2026-02-02 07:22:01.447925,89
S_STR03072,S_U0018,S0040,2026-02-08 19:49:41.844848,119
S_STR03073,S_U0088,S0008,2026-02-07 07:59:40.569182,100
S_STR03074,S_U0066,S0049,2026-02-16 02:28:01.236793,13
S_STR03075,S_U0001,S0022,2026-02-21 20:31:01.376237,55
S_STR03076,S_U0076,S0034,2026-02-26 02:06:07.349938,41
S_STR03077,S_U0002,S0025,2026-02-23 14:08:50.510998,176
S_STR03078,S_U0052,S0045,2026-02-26 11:40:28.639285,40
S_STR03079,S_U0024,S0034,2026-02-08 13:48:59.453364,52
S_STR03080,S_U0013,S0049,2026-02-05 00:00:05.015445,40
S_STR03081,S_U0072,S0031,2026-02-12 10:39:54.106112,106
S_STR03082,S_U0082,S0045,2026-02-17 00:27:55.870625,37
S_STR03083,S_U0071,S0017,2026-02-28 19:47:44.724509,8
S_STR03084,S_U0084,S0021,2026-02-05 07:52:30.187722,237
S_STR03085,S_U0032,S0031,2026-02-16 07:50:48.613086,70
S_STR03086,S_U0006,S0048,2026-02-16 14:54:22.208464,170
S_STR03087,S_U0076,S0043,2026-02-11 02:50:34.746466,49
S_STR03088,S_U0070,S0010,2026-02-05 16:08:59.862682,123
S_STR03089,S_U0037,S0024,2026-02-18 04:44:49.479124,221
S_STR03090,S_U0083,S0013,2026-01-31 18:55:36.964543,96
S_STR03091,S_U0063,S0044,2026-02-10 18:02:46.530521,190
S_STR03092,S_U0095,S0049,2026-02-19 10:32:33.129646,61
S_STR03093,S_U0005,S0041,2026-03-01 05:21:06.177763,67
S_STR03094,S_U0056,S0050,2026-02-19 23:55:41.321762,99
S_STR03095,S_U0020,S0041,2026-02-28 16:10:51.051187,24
S_STR03096,S_U0080,S0034,2026-02-17 06:17:27.373723,81
S_STR03097,S_U0078,S0026,2026-02-18 01:21:55.405297,195
S_STR03098,S_U0055,S0020,2026-02-28 08:05:43.907969,64
S_STR03099,S_U0083,S0030,2026-02-14 13:42:16.917305,140
S_STR03100,S_U0099,S0022,2026-02-22 08:24:00.917536,93
S_STR03101,S_U0035,S0033,2026-02-11 01:42:46.506769,161
S_STR03102,S_U0096,S0049,2026-02-01 12:01:06.601641,34
S_STR03103,S_U0039,S0028,2026-02-22 22:18:04.512633,181
S_STR03104,S_U0018,S0047,2026-02-20 22:02:46.208449,203
S_STR03105,S_U0085,S0034,2026-02-28 00:11:14.694348,119
S_STR03106,S_U0024,S0025,2026-02-17 11:15:28.177906,200
S_STR03107,S_U0018,S0030,2026-02-26 04:34:05.385982,82
S_STR03108,S_U0061,S0047,2026-02-13 04:08:20.855707,166
S_STR03109,S_U0067,S0049,2026-02-02 03:07:02.919635,58
S_STR03110,S_U0038,S0026,2026-02-18 00:48:00.648325,68
S_STR03111,S_U0062,S0042,2026-02-08 11:39:22.380145,67
S_STR03112,S_U0022,S0013,2026-02-18 07:06:25.977236,59
S_STR03113,S_U0021,S0016,2026-02-08 19:44:37.456371,65
S_STR03114,S_U0076,S0048,2026-02-14 03:22:58.502549,208
S_STR03115,S_U0095,S0041,2026-02-21 12:07:12.732475,219
S_STR03116,S_U0013,S0045,2026-02-04 16:20:23.735823,102
S_STR03117,S_U0027,S0039,2026-02-27 19:15:11.897939,342
S_STR03118,S_U0056,S0038,2026-02-28 12:05:18.308829,168
S_STR03119,S_U0085,S0043,2026-02-22 06:26:59.110179,138
S_STR03120,S_U0067,S0047,2026-02-15 11:14:18.563955,33
S_STR03121,S_U0083,S0042,2026-02-24 02:44:24.954099,56
S_STR03122,S_U0004,S0040,2026-02-03 04:11:12.428142,13
S_STR03123,S_U0006,S0025,2026-02-07 16:06:43.553890,43
S_STR03124,S_U0074,S0044,2026-03-02 04:55:35.405989,332
S_STR03125,S_U0026,S0029,2026-02-26 02:31:33.219378,178
S_STR03126,S_U0092,S0049,2026-02-26 13:43:24.264821,28
S_STR03127,S_U0052,S0025,2026-02-16 19:06:25.508291,27
S_STR03128,S_U0055,S0035,2026-02-03 11:46:22.770103,89
S_STR03129,S_U0013,S0048,2026-02-22 09:52:30.853482,22
S_STR03130,S_U0017,S0012,2026-01-31 19:54:40.334353,189
S_STR03131,S_U0003,S0042,2026-02-06 08:46:20.076901,161
S_STR03132,S_U0062,S0035,2026-02-22 06:18:27.093780,276
S_STR03133,S_U0066,S0012,2026-02-22 11:46:48.805675,47
S_STR03134,S_U0038,S0046,2026-02-19 05:52:00.432492,98
S_STR03135,S_U0071,S0044,2026-02-22 04:53:53.243820,159
S_STR03136,S_U0053,S0048,2026-02-05 03:21:39.342591,162
S_STR03137,S_U0093,S0046,2026-02-04 09:33:58.553494,177
S_STR03138,S_U0041,S0038,2026-01-31 11:25:17.298839,30
S_STR03139,S_U0031,S0038,2026-02-12 02:31:04.585533,152
S_STR03140,S_U0021,S0020,2026-02-14 03:17:19.353804,108
S_STR03141,S_U0053,S0015,2026-02-01 13:20:19.823881,240
S_STR03142,S_U0033,S0048,2026-02-05 00:08:05.657270,152
S_STR03143,S_U0057,S0018,2026-02-03 12:43:16.723359,298
S_STR03144,S_U0059,S0044,2026-02-19 18:43:34.395136,214
S_STR03145,S_U0032,S0032,2026-02-17 02:12:00.135374,126
S_STR03146,S_U0070,S0047,2026-02-17 09:38:22.403327,286
S_STR03147,S_U0029,S0048,2026-02-07 02:31:28.735990,237
S_STR03148,S_U0019,S0040,2026-02-20 11:52:46.706918,64
S_STR03149,S_U0098,S0042,2026-02-21 12:31:18.435592,100
S_STR03150,S_U0059,S0031,2026-03-01 09:44:28.937580,33
S_STR03151,S_U0067,S0026,2026-01-31 22:31:27.246660,133
S_STR03152,S_U0051,S0046,2026-02-05 06:59:49.488374,132
S_STR03153,S_U0008,S0039,2026-02-10 07:29:56.223285,197
S_STR03154,S_U0085,S0032,2026-02-21 12:15:21.556743,276
S_STR03155,S_U0093,S0023,2026-02-09 08:00:01.609508,89
S_STR03156,S_U0016,S0018,2026-02-11 15:16:33.707334,143
S_STR03157,S_U0078,S0043,2026-02-09 00:16:14.080350,133
S_STR03158,S_U0050,S0037,2026-02-27 17:39:29.523476,19
S_STR03159,S_U0044,S0043,2026-02-26 15:11:14.213816,153
S_STR03160,S_U0020,S0028,2026-02-26 01:17:44.796608,226
S_STR03161,S_U0026,S0049,2026-02-12 05:19:29.624866,82
S_STR03162,S_U0062,S0033,2026-02-10 02:16:59.479295,175
S_STR03163,S_U0063,S0023,2026-02-06 05:50:13.903215,83
S_STR03164,S_U0040,S0019,2026-02-16 01:22:59.334856,330
S_STR03165,S_U0077,S0047,2026-03-01 10:40:04.803891,221
S_STR03166,S_U0009,S0032,2026-02-16 06:14:23.425438,133
S_STR03167,S_U0081,S0035,2026-02-19 09:58:50.805012,106
S_STR03168,S_U0074,S0028,2026-02-16 20:19:29.986745,85
S_STR03169,S_U0087,S0031,2026-02-16 10:15:24.691162,113
S_STR03170,S_U0068,S0033,2026-02-24 23:25:27.890850,57
S_STR03171,S_U0076,S0038,2026-02-20 07:58:21.845681,75
S_STR03172,S_U0065,S0041,2026-02-23 03:13:03.322569,97
S_STR03173,S_U0074,S0047,2026-02-25 14:33:49.593161,53
S_STR03174,S_U0012,S0043,2026-02-06 04:33:53.335405,142
S_STR03175,S_U0091,S0047,2026-02-16 06:14:39.922461,157
S_STR03176,S_U0046,S0041,2026-02-21 19:00:48.274558,137
S_STR03177,S_U0066,S0030,2026-02-15 10:52:00.470138,89
S_STR03178,S_U0023,S0014,2026-02-11 08:15:52.662533,96
S_STR03179,S_U0035,S0030,2026-02-24 05:22:30.565666,98
S_STR03180,S_U0043,S0039,2026-02-11 02:36:40.096379,265
S_STR03181,S_U0049,S0038,2026-03-01 14:39:47.835872,165
S_STR03182,S_U0060,S0009,2026-02-21 17:35:53.627361,69
S_STR03183,S_U0067,S0005,2026-02-17 21:40:46.280975,198
S_STR03184,S_U0064,S0023,2026-02-03 18:54:35.883918,108
S_STR03185,S_U0014,S0049,2026-02-05 00:46:51.337669,97
S_STR03186,S_U0018,S0034,2026-02-23 21:46:41.897053,83
S_STR03187,S_U0063,S0043,2026-02-20 16:45:07.390474,63
S_STR03188,S_U0077,S0015,2026-02-01 08:15:54.539388,143
S_STR03189,S_U0013,S0045,2026-02-25 23:45:41.407925,115
S_STR03190,S_U0002,S0048,2026-02-02 03:48:49.997236,55
S_STR03191,S_U0059,S0045,2026-02-01 21:16:18.578235,164
S_STR03192,S_U0027,S0047,2026-02-24 15:01:36.819834,280
S_STR03193,S_U0051,S0010,2026-02-03 02:55:21.895956,200
S_STR03194,S_U0014,S0046,2026-02-07 13:01:57.120260,9
S_STR03195,S_U0099,S0034,2026-02-20 12:46:12.980006,75
S_STR03196,S_U0099,S0027,2026-02-04 21:39:38.071717,23
S_STR03197,S_U0061,S0049,2026-02-01 02:07:26.707865,88
S_STR03198,S_U0075,S0027,2026-02-17 16:39:04.440525,96
S_STR03199,S_U0043,S0050,2026-01-31 12:37:56.136745,169
S_STR03200,S_U0096,S0048,2026-02-09 22:18:31.571045,131
S_STR03201,S_U0016,S0019,2026-02-04 11:45:37.365721,296
S_STR03202,S_U0032,S0029,2026-02-28 23:12:10.579366,251
S_STR03203,S_U0025,S0008,2026-02-21 04:37:38.222062,193
S_STR03204,S_U0029,S0031,2026-02-13 22:33:22.962908,118
S_STR03205,S_U0070,S0031,2026-02-24 07:05:47.110054,147
S_STR03206,S_U0024,S0033,2026-02-01 15:30:15.762930,133
S_STR03207,S_U0043,S0015,2026-02-22 01:11:23.059002,26
S_STR03208,S_U0036,S0021,2026-03-02 03:35:05.479778,186
S_STR03209,S_U0087,S0030,2026-02-09 13:01:30.947684,33
S_STR03210,S_U0033,S0042,2026-02-12 17:20:35.864695,127
S_STR03211,S_U0064,S0033,2026-02-04 21:35:59.020870,69
S_STR03212,S_U0080,S0046,2026-02-03 08:47:22.162836,76
S_STR03213,S_U0017,S0037,2026-02-14 10:05:20.104531,125
S_STR03214,S_U0008,S0037,2026-02-22 15:10:27.041697,57
S_STR03215,S_U0025,S0050,2026-03-01 12:25:57.365770,45
S_STR03216,S_U0078,S0042,2026-02-04 22:51:48.075559,217
S_STR03217,S_U0067,S0031,2026-02-08 00:54:11.021301,18
S_STR03218,S_U0084,S0027,2026-02-23 18:06:55.221838,198
S_STR03219,S_U0098,S0039,2026-02-02 01:10:06.816488,43
S_STR03220,S_U0044,S0034,2026-02-24 13:57:13.580859,144
S_STR03221,S_U0091,S0020,2026-02-12 00:53:38.776537,121
S_STR03222,S_U0042,S0007,2026-02-03 04:52:17.054520,160
S_STR03223,S_U0088,S0039,2026-02-14 23:03:51.749367,75
S_STR03224,S_U0062,S0045,2026-02-01 23:13:47.462914,53
S_STR03225,S_U0095,S0045,2026-02-05 22:12:30.129013,170
S_STR03226,S_U0040,S0025,2026-02-28 09:58:29.552667,66
S_STR03227,S_U0059,S0048,2026-02-16 18:36:05.081704,271
S_STR03228,S_U0022,S0047,2026-02-28 15:36:56.510784,168
S_STR03229,S_U0067,S0034,2026-02-20 22:34:12.899344,127
S_STR03230,S_U0091,S0014,2026-02-14 20:59:26.220489,13
S_STR03231,S_U0064,S0045,2026-02-19 07:54:35.716507,190
S_STR03232,S_U0042,S0025,2026-02-09 06:42:23.611433,207
S_STR03233,S_U0052,S0029,2026-02-05 08:47:52.987509,200
S_STR03234,S_U0083,S0018,2026-02-01 18:18:11.081841,26
S_STR03235,S_U0022,S0045,2026-03-02 01:42:39.800212,179
S_STR03236,S_U0017,S0045,2026-02-07 13:51:19.130314,171
S_STR03237,S_U0047,S0048,2026-02-25 15:24:53.182767,175
S_STR03238,S_U0016,S0040,2026-02-17 13:34:53.856012,90
S_STR03239,S_U0074,S0036,2026-02-23 00:41:16.078406,151
S_STR03240,S_U0064,S0047,2026-02-14 00:27:35.375912,141
S_STR03241,S_U0002,S0032,2026-02-27 21:49:54.192630,135
S_STR03242,S_U0001,S0026,2026-02-28 18:12:47.392336,218
S_STR03243,S_U0088,S0007,2026-02-01 22:00:12.649628,228
S_STR03244,S_U0090,S0012,2026-02-24 18:10:16.895237,92
S_STR03245,S_U0051,S0042,2026-02-09 17:03:30.764647,55
S_STR03246,S_U0043,S0038,2026-02-24 06:49:46.376075,7
S_STR03247,S_U0051,S0045,2026-02-22 08:44:20.311835,68
S_STR03248,S_U0055,S0048,2026-01-31 18:07:20.560546,99
S_STR03249,S_U0017,S0024,2026-02-21 22:06:54.974364,89
S_STR03250,S_U0012,S0043,2026-02-03 01:16:17.061634,60
S_STR03251,S_U0002,S0029,2026-03-01 12:54:14.759833,268
S_STR03252,S_U0053,S0033,2026-02-10 22:59:17.238761,110
S_STR03253,S_U0046,S0025,2026-02-22 16:18:18.490017,94
S_STR03254,S_U0050,S0049,2026-02-26 02:07:32.968306,26
S_STR03255,S_U0081,S0031,2026-02-02 01:35:53.860410,64
S_STR03256,S_U0015,S0040,2026-02-18 16:12:56.785038,23
S_STR03257,S_U0099,S0005,2026-02-05 14:22:57.002799,69
S_STR03258,S_U0073,S0032,2026-02-15 16:44:11.112603,159
S_STR03259,S_U0042,S0039,2026-03-01 08:42:42.212372,43
S_STR03260,S_U0024,S0020,2026-02-26 12:59:21.416881,58
S_STR03261,S_U0075,S0047,2026-02-22 06:32:38.042492,248
S_STR03262,S_U0076,S0014,2026-02-17 14:19:30.477557,51
S_STR03263,S_U0085,S0040,2026-02-07 02:53:03.030785,87
S_STR03264,S_U0020,S0040,2026-02-25 18:15:43.808825,64
S_STR03265,S_U0095,S0006,2026-02-14 08:45:56.327711,130
S_STR03266,S_U0060,S0026,2026-02-04 23:51:32.543182,183
S_STR03267,S_U0042,S0044,2026-02-13 14:41:07.250762,296
S_STR03268,S_U0030,S0050,2026-02-10 07:23:12.105836,201
S_STR03269,S_U0095,S0046,2026-03-01 08:26:27.445156,139
S_STR03270,S_U0010,S0031,2026-02-12 16:40:54.337076,66
S_STR03271,S_U0034,S0030,2026-02-17 06:36:43.008168,132
S_STR03272,S_U0011,S0036,2026-02-09 14:36:31.490116,40
S_STR03273,S_U0089,S0015,2026-02-01 18:19:57.946073,235
S_STR03274,S_U0093,S0032,2026-02-10 04:59:01.713075,120
S_STR03275,S_U0090,S0044,2026-02-27 05:38:12.298459,299
S_STR03276,S_U0067,S0042,2026-02-27 06:03:10.483426,219
S_STR03277,S_U0072,S0041,2026-02-28 19:44:25.947851,117
S_STR03278,S_U0099,S0014,2026-02-11 04:25:53.868018,77
S_STR03279,S_U0003,S0031,2026-02-07 11:14:30.716692,51
S_STR03280,S_U0012,S0049,2026-02-02 01:56:14.171139,97
S_STR03281,S_U0070,S0042,2026-02-05 15:55:09.042928,246
S_STR03282,S_U0022,S0035,2026-03-02 02:35:02.284613,256
S_STR03283,S_U0089,S0045,2026-03-01 12:17:42.324986,40
S_STR03284,S_U0068,S0042,2026-02-13 09:21:01.126926,18
S_STR03285,S_U0046,S0046,2026-02-26 12:44:27.013220,28
S_STR03286,S_U0059,S0026,2026-02-22 06:06:20.733628,46
S_STR03287,S_U0085,S0044,2026-02-15 09:40:31.344007,315
S_STR03288,S_U0012,S0044,2026-02-16 11:43:02.951152,327
S_STR03289,S_U0094,S0042,2026-02-05 20:53:35.544818,201
S_STR03290,S_U0067,S0009,2026-02-18 17:12:18.300232,28
S_STR03291,S_U0042,S0046,2026-02-16 12:31:52.396936,116
S_STR03292,S_U0026,S0040,2026-02-19 20:51:30.691363,96
S_STR03293,S_U0099,S0043,2026-02-17 18:31:57.486349,134
S_STR03294,S_U0060,S0015,2026-02-25 19:58:08.802157,129
S_STR03295,S_U0039,S0035,2026-02-06 01:50:38.212759,186
S_STR03296,S_U0100,S0043,2026-02-16 06:39:13.724943,29
S_STR03297,S_U0047,S0045,2026-02-01 07:37:23.561012,75
S_STR03298,S_U0066,S0022,2026-02-10 09:35:01.088428,180
S_STR03299,S_U0031,S0033,2026-02-03 11:23:11.588996,99
S_STR03300,S_U0079,S0043,2026-02-17 19:41:23.458571,54
S_STR03301,S_U0059,S0037,2026-03-01 03:30:52.018486,5
S_STR03302,S_U0037,S0024,2026-02-27 10:13:58.731878,288
S_STR03303,S_U0023,S0049,2026-02-03 09:23:46.831175,120
S_STR03304,S_U0052,S0043,2026-02-25 23:33:52.691491,58
S_STR03305,S_U0047,S0006,2026-02-23 04:33:50.534183,338
S_STR03306,S_U0044,S0046,2026-02-26 23:13:54.334842,123
S_STR03307,S_U0012,S0045,2026-02-13 15:34:22.983694,30
S_STR03308,S_U0077,S0032,2026-02-02 04:15:06.020126,281
S_STR03309,S_U0057,S0042,2026-02-02 19:42:24.201757,137
S_STR03310,S_U0052,S0047,2026-02-16 23:53:18.262153,173
S_STR03311,S_U0042,S0013,2026-03-02 03:24:17.434471,110
S_STR03312,S_U0060,S0024,2026-02-19 01:21:07.022017,24
S_STR03313,S_U0069,S0035,2026-02-01 15:15:56.952980,311
S_STR03314,S_U0010,S0026,2026-02-12 20:22:39.604300,150
S_STR03315,S_U0073,S0040,2026-02-12 02:27:06.640356,112
S_STR03316,S_U0095,S0028,2026-02-06 18:42:44.862085,277
S_STR03317,S_U0001,S0007,2026-02-25 18:58:51.899603,125
S_STR03318,S_U0029,S0040,2026-02-02 18:04:09.460828,79
S_STR03319,S_U0059,S0014,2026-02-04 15:51:03.555704,69
S_STR03320,S_U0057,S0045,2026-02-02 18:31:58.218996,98
S_STR03321,S_U0057,S0023,2026-02-19 00:20:33.440335,246
S_STR03322,S_U0031,S0050,2026-02-22 03:17:12.820030,210
S_STR03323,S_U0045,S0021,2026-02-21 19:38:32.684540,45
S_STR03324,S_U0071,S0023,2026-02-18 18:12:32.004378,245
S_STR03325,S_U0075,S0030,2026-02-22 08:45:26.301358,142
S_STR03326,S_U0059,S0041,2026-02-16 21:25:17.780184,33
S_STR03327,S_U0082,S0049,2026-03-01 06:12:10.195393,115
S_STR03328,S_U0054,S0009,2026-02-17 07:43:11.041856,152
S_STR03329,S_U0009,S0041,2026-02-28 18:53:49.403754,235
S_STR03330,S_U0070,S0039,2026-02-16 07:38:19.787855,257
S_STR03331,S_U0053,S0032,2026-02-03 19:40:27.643537,192
S_STR03332,S_U0028,S0030,2026-02-04 13:23:06.271574,154
S_STR03333,S_U0030,S0048,2026-02-03 14:20:12.421893,211
S_STR03334,S_U0034,S0040,2026-02-24 19:05:43.822108,110
S_STR03335,S_U0066,S0032,2026-02-06 08:58:40.573502,91
S_STR03336,S_U0070,S0032,2026-02-03 19:05:34.303306,135
S_STR03337,S_U0035,S0048,2026-03-01 15:06:11.157975,118
S_STR03338,S_U0045,S0017,2026-03-02 09:00:37.883782,29
S_STR03339,S_U0023,S0047,2026-02-17 21:23:19.033656,201
S_STR03340,S_U0005,S0045,2026-02-07 19:01:31.858718,8
S_STR03341,S_U0066,S0026,2026-02-28 06:17:06.955067,191
S_STR03342,S_U0068,S0011,2026-02-04 08:37:29.716930,86
S_STR03343,S_U0019,S0031,2026-02-13 18:30:39.151740,137
S_STR03344,S_U0012,S0038,2026-02-21 10:48:22.000587,179
S_STR03345,S_U0074,S0023,2026-02-07 02:45:47.342743,9
S_STR03346,S_U0074,S0043,2026-02-28 19:52:40.348011,86
S_STR03347,S_U0047,S0041,2026-02-03 02:19:33.914132,217
S_STR03348,S_U0014,S0022,2026-02-12 15:12:21.265404,211
S_STR03349,S_U0045,S0020,2026-02-27 14:30:20.680670,68
S_STR03350,S_U0087,S0023,2026-02-03 06:13:52.544219,106
S_STR03351,S_U0073,S0039,2026-03-01 16:16:19.803142,146
S_STR03352,S_U0061,S0040,2026-02-06 19:38:52.807322,133
S_STR03353,S_U0076,S0047,2026-02-01 00:49:08.156636,25
S_STR03354,S_U0088,S0029,2026-02-01 18:55:09.869180,41
S_STR03355,S_U0008,S0034,2026-02-18 14:50:13.282464,148
S_STR03356,S_U0069,S0034,2026-02-25 01:56:19.310637,23
S_STR03357,S_U0044,S0036,2026-02-21 04:53:41.182011,110
S_STR03358,S_U0015,S0039,2026-02-28 11:51:20.761064,144
S_STR03359,S_U0060,S0031,2026-02-19 06:09:30.404348,89
S_STR03360,S_U0014,S0043,2026-02-02 05:07:28.911381,76
S_STR03361,S_U0039,S0048,2026-02-28 14:13:25.535509,254
S_STR03362,S_U0031,S0032,2026-02-24 16:04:58.036400,216
S_STR03363,S_U0064,S0047,2026-02-03 18:27:31.674587,290
S_STR03364,S_U0005,S0043,2026-02-26 07:57:14.106476,151
S_STR03365,S_U0032,S0037,2026-02-21 19:29:17.389853,36
S_STR03366,S_U0054,S0043,2026-02-24 14:34:25.620091,93
S_STR03367,S_U0040,S0022,2026-02-03 10:54:09.754275,79
S_STR03368,S_U0066,S0032,2026-02-06 17:19:45.646759,89
S_STR03369,S_U0047,S0036,2026-02-01 19:05:46.654247,260
S_STR03370,S_U0060,S0022,2026-03-01 09:36:46.407581,157
S_STR03371,S_U0009,S0046,2026-02-07 10:03:03.438022,139
S_STR03372,S_U0076,S0038,2026-03-02 07:43:28.769237,113
S_STR03373,S_U0075,S0015,2026-02-16 22:54:04.743871,247
S_STR03374,S_U0034,S0045,2026-02-12 05:20:54.299047,177
S_STR03375,S_U0069,S0048,2026-02-17 14:38:01.300310,218
S_STR03376,S_U0096,S0014,2026-02-02 04:40:06.040532,300
S_STR03377,S_U0085,S0022,2026-03-01 02:55:34.547337,97
S_STR03378,S_U0082,S0033,2026-02-15 17:34:43.374515,11
S_STR03379,S_U0036,S0035,2026-02-12 15:14:12.148322,116
S_STR03380,S_U0076,S0045,2026-01-31 17:50:29.027206,61
S_STR03381,S_U0052,S0047,2026-02-26 18:15:21.420468,48
S_STR03382,S_U0007,S0048,2026-02-27 04:01:51.880816,96
S_STR03383,S_U0021,S0047,2026-02-19 14:52:22.625003,9
S_STR03384,S_U0099,S0013,2026-02-26 03:37:51.405881,29
S_STR03385,S_U0099,S0038,2026-02-18 22:23:42.838540,133
S_STR03386,S_U0089,S0044,2026-03-01 02:04:17.220736,142
S_STR03387,S_U0095,S0035,2026-02-20 08:31:39.419141,97
S_STR03388,S_U0090,S0010,2026-02-13 00:52:21.386226,121
S_STR03389,S_U0091,S0042,2026-02-06 21:21:51.043993,256
S_STR03390,S_U0035,S0050,2026-02-11 19:01:36.869675,15
S_STR03391,S_U0048,S0026,2026-02-03 17:02:09.840756,190
S_STR03392,S_U0084,S0026,2026-02-01 06:03:39.688205,108
S_STR03393,S_U0099,S0035,2026-01-31 16:03:13.427326,5
S_STR03394,S_U0021,S0042,2026-02-04 00:12:38.987983,96
S_STR03395,S_U0060,S0017,2026-02-24 17:42:21.929872,13
S_STR03396,S_U0043,S0049,2026-02-04 14:39:22.765034,93
S_STR03397,S_U0064,S0034,2026-02-07 13:50:47.525215,124
S_STR03398,S_U0052,S0050,2026-02-06 12:25:04.679604,113
S_STR03399,S_U0036,S0042,2026-02-04 11:54:03.998138,163
S_STR03400,S_U0081,S0044,2026-02-19 01:02:26.539754,156
S_STR03401,S_U0075,S0030,2026-02-06 18:31:43.611720,119
S_STR03402,S_U0028,S0030,2026-03-01 11:12:39.007976,98
S_STR03403,S_U0004,S0032,2026-02-14 05:00:59.151633,163
S_STR03404,S_U0035,S0042,2026-02-09 07:49:22.088666,173
S_STR03405,S_U0046,S0043,2026-02-17 12:40:42.582440,150
S_STR03406,S_U0019,S0032,2026-02-09 20:05:28.548945,117
S_STR03407,S_U0012,S0018,2026-02-17 02:54:47.764393,282
S_STR03408,S_U0073,S0032,2026-02-18 08:34:34.741579,62
S_STR03409,S_U0075,S0030,2026-02-24 01:47:56.580956,34
S_STR03410,S_U0038,S0031,2026-02-15 19:40:21.034039,40
S_STR03411,S_U0049,S0037,2026-02-21 19:42:29.939465,59
S_STR03412,S_U0065,S0044,2026-02-22 06:03:27.381987,206
S_STR03413,S_U0091,S0027,2026-02-14 14:28:34.572253,183
S_STR03414,S_U0020,S0047,2026-02-13 20:26:25.956980,30
S_STR03415,S_U0019,S0049,2026-02-04 22:23:28.290262,107
S_STR03416,S_U0088,S0025,2026-02-15 05:47:56.250282,90
S_STR03417,S_U0005,S0009,2026-02-25 02:54:14.047430,133
S_STR03418,S_U0055,S0045,2026-02-13 10:04:48.631877,115
S_STR03419,S_U0070,S0028,2026-02-10 11:03:26.058631,220
S_STR03420,S_U0031,S0043,2026-02-12 13:19:29.247512,154
S_STR03421,S_U0052,S0046,2026-02-06 20:39:21.757919,51
S_STR03422,S_U0012,S0050,2026-02-23 01:41:34.090765,96
S_STR03423,S_U0048,S0047,2026-02-16 01:11:18.331503,8
S_STR03424,S_U0020,S0038,2026-02-02 21:50:26.304868,180
S_STR03425,S_U0100,S0010,2026-02-01 12:58:03.778094,217
S_STR03426,S_U0045,S0042,2026-02-18 04:34:12.818752,26
S_STR03427,S_U0095,S0012,2026-02-03 23:29:57.217305,253
S_STR03428,S_U0047,S0035,2026-02-06 10:36:40.831038,39
S_STR03429,S_U0023,S0031,2026-02-21 20:12:15.695639,140
S_STR03430,S_U0055,S0024,2026-02-28 06:19:39.386517,32
S_STR03431,S_U0008,S0048,2026-02-20 01:14:09.450075,269
S_STR03432,S_U0094,S0030,2026-02-11 20:59:57.270658,18
S_STR03433,S_U0062,S0026,2026-02-13 07:13:31.627723,201
S_STR03434,S_U0013,S0030,2026-02-21 20:07:58.644514,60
S_STR03435,S_U0091,S0024,2026-02-17 14:31:32.545423,240
S_STR03436,S_U0004,S0030,2026-02-08 13:44:49.072912,25
S_STR03437,S_U0059,S0046,2026-02-20 14:17:51.120687,191
S_STR03438,S_U0064,S0040,2026-02-27 12:14:35.821863,104
S_STR03439,S_U0085,S0036,2026-03-01 13:35:46.552086,120
S_STR03440,S_U0050,S0041,2026-02-12 08:50:11.325161,249
S_STR03441,S_U0035,S0044,2026-02-03 10:43:35.661105,252
S_STR03442,S_U0069,S0018,2026-02-28 04:44:41.657444,165
S_STR03443,S_U0025,S0048,2026-02-08 15:20:48.692589,141
S_STR03444,S_U0073,S0025,2026-02-14 09:51:45.558270,210
S_STR03445,S_U0041,S0018,2026-02-01 12:53:56.607377,191
S_STR03446,S_U0006,S0049,2026-02-16 08:36:07.626146,15
S_STR03447,S_U0078,S0024,2026-03-02 09:16:11.250963,227
S_STR03448,S_U0003,S0041,2026-03-01 02:38:58.475302,124
S_STR03449,S_U0098,S0047,2026-02-12 02:16:31.362495,219
S_STR03450,S_U0096,S0045,2026-02-06 13:28:34.846066,92
S_STR03451,S_U0038,S0020,2026-02-08 03:19:21.327068,66
S_STR03452,S_U0020,S0038,2026-02-08 16:56:00.424872,122
S_STR03453,S_U0032,S0012,2026-02-03 15:52:13.887422,187
S_STR03454,S_U0025,S0025,2026-02-11 11:22:09.798203,11
S_STR03455,S_U0055,S0022,2026-02-13 20:54:10.770514,45
S_STR03456,S_U0076,S0027,2026-02-18 17:31:55.331888,190
S_STR03457,S_U0065,S0040,2026-02-25 23:48:32.035847,82
S_STR03458,S_U0022,S0045,2026-02-10 12:19:33.228278,5
S_STR03459,S_U0002,S0048,2026-02-20 05:06:22.345596,84
S_STR03460,S_U0046,S0046,2026-02-25 10:58:39.692050,38
S_STR03461,S_U0080,S0035,2026-02-22 06:51:21.889528,297
S_STR03462,S_U0089,S0022,2026-02-19 19:42:37.737280,143
S_STR03463,S_U0100,S0043,2026-02-28 20:06:18.626531,59
S_STR03464,S_U0068,S0024,2026-02-06 10:44:53.649606,225
S_STR03465,S_U0016,S0031,2026-02-15 18:43:43.166757,121
S_STR03466,S_U0022,S0040,2026-02-11 12:58:54.577008,21
S_STR03467,S_U0057,S0044,2026-02-02 17:25:33.724591,13
S_STR03468,S_U0014,S0047,2026-02-15 23:45:22.006743,73
S_STR03469,S_U0069,S0015,2026-02-14 23:19:43.677762,184
S_STR03470,S_U0046,S0040,2026-02-19 17:25:17.415972,18
S_STR03471,S_U0044,S0042,2026-02-11 06:04:14.547186,100
S_STR03472,S_U0082,S0042,2026-03-01 11:19:09.173982,163
S_STR03473,S_U0016,S0017,2026-02-07 16:38:20.832641,46
S_STR03474,S_U0088,S0024,2026-02-24 22:31:02.177002,134
S_STR03475,S_U0088,S0014,2026-02-27 08:09:11.136619,299
S_STR03476,S_U0024,S0028,2026-02-17 20:04:29.613997,54
S_STR03477,S_U0009,S0035,2026-02-17 01:53:57.853450,131
S_STR03478,S_U0058,S0041,2026-02-14 16:51:06.835137,227
S_STR03479,S_U0011,S0045,2026-02-21 12:33:27.316992,67
S_STR03480,S_U0074,S0017,2026-02-12 20:01:55.470826,65
S_STR03481,S_U0042,S0037,2026-02-22 01:04:04.498860,53
S_STR03482,S_U0042,S0044,2026-02-15 10:20:47.913894,107
S_STR03483,S_U0031,S0037,2026-02-27 19:53:27.911038,39
S_STR03484,S_U0038,S0002,2026-02-24 13:19:11.890639,201
S_STR03485,S_U0052,S0026,2026-02-24 08:15:41.236511,150
S_STR03486,S_U0025,S0041,2026-02-01 23:54:38.026652,98
S_STR03487,S_U0014,S0039,2026-02-09 23:28:43.768374,37
S_STR03488,S_U0013,S0048,2026-02-09 23:22:04.407254,38
S_STR03489,S_U0075,S0023,2026-02-22 04:28:06.825451,214
S_STR03490,S_U0025,S0037,2026-02-12 00:57:44.580536,57
S_STR03491,S_U0019,S0045,2026-02-26 15:14:47.220302,101
S_STR03492,S_U0064,S0048,2026-02-11 21:45:00.909214,58
S_STR03493,S_U0019,S0025,2026-02-17 06:21:26.811181,201
S_STR03494,S_U0087,S0041,2026-02-27 18:52:10.012679,30
S_STR03495,S_U0085,S0038,2026-02-28 09:29:37.557457,157
S_STR03496,S_U0070,S0045,2026-02-12 03:44:37.100723,199
S_STR03497,S_U0043,S0021,2026-02-12 05:42:02.209898,6
S_STR03498,S_U0012,S0033,2026-02-11 10:28:55.090286,18
S_STR03499,S_U0076,S0046,2026-02-20 18:45:38.233898,39
S_STR03500,S_U0089,S0026,2026-02-12 12:51:22.104787,187
S_STR03501,S_U0005,S0026,2026-02-22 14:42:58.702031,213
S_STR03502,S_U0027,S0036,2026-02-28 14:22:19.686581,231
S_STR03503,S_U0033,S0025,2026-02-09 18:54:58.453215,67
S_STR03504,S_U0042,S0032,2026-02-21 03:11:16.632975,264
S_STR03505,S_U0066,S0014,2026-02-12 21:33:08.305896,313
S_STR03506,S_U0043,S0017,2026-02-11 09:54:29.596106,22
S_STR03507,S_U0057,S0048,2026-02-28 03:46:30.020298,207
S_STR03508,S_U0078,S0042,2026-02-10 02:30:40.253934,140
S_STR03509,S_U0010,S0008,2026-02-06 08:53:49.165957,153
S_STR03510,S_U0005,S0044,2026-02-20 19:39:27.373028,216
S_STR03511,S_U0069,S0020,2026-02-24 21:02:59.562913,102
S_STR03512,S_U0039,S0038,2026-02-12 17:03:46.489027,72
S_STR03513,S_U0022,S0050,2026-02-16 04:26:53.555794,75
S_STR03514,S_U0007,S0038,2026-02-23 11:49:34.113132,166
S_STR03515,S_U0015,S0044,2026-02-03 14:13:40.555121,87
S_STR03516,S_U0006,S0012,2026-02-09 06:04:07.450465,96
S_STR03517,S_U0086,S0050,2026-02-05 22:32:26.338361,57
S_STR03518,S_U0019,S0039,2026-02-06 18:53:10.431344,263
S_STR03519,S_U0086,S0049,2026-02-19 07:10:38.180171,88
S_STR03520,S_U0089,S0024,2026-02-10 03:44:00.217721,180
S_STR03521,S_U0085,S0043,2026-02-18 22:44:55.817055,130
S_STR03522,S_U0077,S0012,2026-02-02 16:06:31.412612,268
S_STR03523,S_U0038,S0050,2026-02-10 01:19:14.589838,135
S_STR03524,S_U0018,S0043,2026-02-10 16:17:47.764875,74
S_STR03525,S_U0024,S0004,2026-03-01 01:57:23.739219,183
S_STR03526,S_U0077,S0048,2026-02-27 03:14:41.529551,76
S_STR03527,S_U0023,S0042,2026-02-19 11:46:54.548983,146
S_STR03528,S_U0051,S0028,2026-02-06 05:15:57.124555,168
S_STR03529,S_U0077,S0050,2026-02-27 21:27:36.013851,126
S_STR03530,S_U0080,S0039,2026-03-01 01:38:18.582645,288
S_STR03531,S_U0008,S0047,2026-02-12 20:56:44.869925,80
S_STR03532,S_U0031,S0045,2026-02-09 16:57:21.431627,82
S_STR03533,S_U0094,S0028,2026-02-05 10:57:07.952893,129
S_STR03534,S_U0001,S0015,2026-02-07 13:15:32.481723,81
S_STR03535,S_U0100,S0045,2026-02-26 04:18:49.380353,43
S_STR03536,S_U0061,S0031,2026-02-06 01:44:37.807189,137
S_STR03537,S_U0050,S0021,2026-02-28 19:52:37.740065,287
S_STR03538,S_U0053,S0049,2026-02-21 23:23:26.728109,65
S_STR03539,S_U0041,S0034,2026-02-09 04:55:39.511847,96
S_STR03540,S_U0032,S0040,2026-02-23 01:12:05.466673,69
S_STR03541,S_U0041,S0037,2026-02-16 10:12:21.092964,118
S_STR03542,S_U0013,S0045,2026-02-13 04:22:45.917945,9
S_STR03543,S_U0005,S0039,2026-02-03 22:41:42.535633,104
S_STR03544,S_U0065,S0026,2026-02-08 16:38:04.780945,58
S_STR03545,S_U0064,S0032,2026-02-12 12:44:44.189378,228
S_STR03546,S_U0087,S0013,2026-02-17 17:35:26.479037,162
S_STR03547,S_U0098,S0030,2026-02-25 12:51:43.003570,8
S_STR03548,S_U0043,S0011,2026-02-15 10:34:34.485699,100
S_STR03549,S_U0068,S0039,2026-02-15 09:13:32.820912,123
S_STR03550,S_U0066,S0042,2026-02-26 08:29:52.718971,133
S_STR03551,S_U0011,S0030,2026-02-18 15:03:27.567410,37
S_STR03552,S_U0096,S0049,2026-02-21 15:33:39.724580,71
S_STR03553,S_U0031,S0030,2026-02-04 13:22:51.397324,96
S_STR03554,S_U0005,S0028,2026-02-03 00:28:48.788937,193
S_STR03555,S_U0092,S0029,2026-02-23 13:47:24.402013,134
S_STR03556,S_U0016,S0030,2026-03-01 01:59:48.774697,41
S_STR03557,S_U0028,S0048,2026-02-20 22:03:49.317583,142
S_STR03558,S_U0007,S0044,2026-02-24 16:23:42.212910,243
S_STR03559,S_U0017,S0028,2026-02-02 15:39:59.054379,192
S_STR03560,S_U0095,S0016,2026-02-03 12:49:48.525905,199
S_STR03561,S_U0051,S0041,2026-02-03 07:22:10.092612,166
S_STR03562,S_U0080,S0044,2026-02-14 13:59:44.882644,189
S_STR03563,S_U0023,S0041,2026-02-20 21:33:41.232628,84
S_STR03564,S_U0060,S0035,2026-02-20 08:38:09.449781,87
S_STR03565,S_U0003,S0027,2026-02-04 20:29:51.454453,29
S_STR03566,S_U0013,S0050,2026-02-25 08:03:34.246099,204
S_STR03567,S_U0080,S0045,2026-02-20 20:12:54.076612,51
S_STR03568,S_U0079,S0043,2026-02-18 16:07:35.953588,54
S_STR03569,S_U0056,S0028,2026-01-31 13:44:11.699078,221
S_STR03570,S_U0068,S0031,2026-02-14 18:33:01.448613,63
S_STR03571,S_U0018,S0039,2026-02-16 02:40:09.869246,114
S_STR03572,S_U0078,S0045,2026-02-13 06:00:06.676010,41
S_STR03573,S_U0001,S0049,2026-02-09 00:05:50.782162,106
S_STR03574,S_U0029,S0042,2026-02-14 19:44:05.826616,101
S_STR03575,S_U0060,S0039,2026-02-09 03:07:56.752354,21
S_STR03576,S_U0015,S0047,2026-02-16 16:36:40.394947,204
S_STR03577,S_U0057,S0039,2026-02-09 23:30:45.187271,31
S_STR03578,S_U0067,S0040,2026-02-13 13:28:18.935285,15
S_STR03579,S_U0032,S0022,2026-02-19 15:07:26.812758,22
S_STR03580,S_U0086,S0049,2026-02-04 12:46:48.472403,86
S_STR03581,S_U0062,S0007,2026-02-17 06:16:07.928522,101
S_STR03582,S_U0033,S0046,2026-02-21 02:10:12.822973,113
S_STR03583,S_U0097,S0050,2026-02-21 20:35:16.912381,167
S_STR03584,S_U0089,S0036,2026-02-03 20:12:04.772272,107
S_STR03585,S_U0020,S0036,2026-02-12 22:29:56.599431,286
S_STR03586,S_U0014,S0038,2026-02-28 07:56:13.855698,48
S_STR03587,S_U0084,S0043,2026-02-15 18:37:56.355260,157
S_STR03588,S_U0092,S0040,2026-02-14 11:37:46.776637,49
S_STR03589,S_U0053,S0017,2026-02-18 03:04:10.652255,100
S_STR03590,S_U0093,S0038,2026-02-08 19:38:23.928422,95
S_STR03591,S_U0043,S0034,2026-02-06 02:48:06.406323,100
S_STR03592,S_U0021,S0050,2026-03-01 14:23:48.220865,11
S_STR03593,S_U0073,S0046,2026-02-11 21:24:45.418104,103
S_STR03594,S_U0058,S0047,2026-02-22 03:26:20.451639,268
S_STR03595,S_U0057,S0014,2026-02-16 23:40:51.636947,103
S_STR03596,S_U0009,S0045,2026-02-21 06:58:29.661393,163
S_STR03597,S_U0073,S0015,2026-02-13 15:44:36.806548,54
S_STR03598,S_U0029,S0046,2026-02-02 21:36:40.556365,139
S_STR03599,S_U0028,S0026,2026-02-03 00:24:30.078479,132
S_STR03600,S_U0012,S0026,2026-03-01 18:09:57.701438,140
S_STR03601,S_U0018,S0030,2026-02-01 13:32:54.810756,85
S_STR03602,S_U0031,S0043,2026-02-27 18:24:58.861794,141
S_STR03603,S_U0080,S0048,2026-02-19 06:35:30.305936,122
S_STR03604,S_U0060,S0006,2026-02-14 16:00:29.558202,19
S_STR03605,S_U0046,S0024,2026-02-13 10:26:17.483348,54
S_STR03606,S_U0075,S0044,2026-02-21 02:12:20.432440,91
S_STR03607,S_U0066,S0014,2026-02-04 12:39:26.596410,174
S_STR03608,S_U0062,S0044,2026-02-06 08:05:27.927117,22
S_STR03609,S_U0095,S0043,2026-02-04 05:31:20.464178,39
S_STR03610,S_U0003,S0044,2026-02-13 09:45:44.031136,256
S_STR03611,S_U0014,S0046,2026-02-18 14:29:33.440953,23
S_STR03612,S_U0070,S0022,2026-02-24 03:24:39.157483,202
S_STR03613,S_U0074,S0027,2026-02-14 04:45:40.341913,48
S_STR03614,S_U0044,S0018,2026-02-27 10:02:26.614280,156
S_STR03615,S_U0038,S0027,2026-02-12 19:27:39.801094,148
S_STR03616,S_U0050,S0046,2026-02-09 08:17:44.606095,104
S_STR03617,S_U0052,S0040,2026-02-10 15:39:09.751837,38
S_STR03618,S_U0085,S0044,2026-02-17 12:23:03.227554,9
S_STR03619,S_U0096,S0042,2026-03-02 00:38:06.059147,218
S_STR03620,S_U0034,S0041,2026-02-05 15:22:21.780058,31
S_STR03621,S_U0006,S0038,2026-02-27 15:45:52.952659,117
S_STR03622,S_U0067,S0044,2026-02-10 15:38:27.742563,69
S_STR03623,S_U0031,S0022,2026-02-11 17:29:40.255562,128
S_STR03624,S_U0095,S0030,2026-03-02 08:41:48.224822,99
S_STR03625,S_U0081,S0006,2026-02-17 10:10:02.329779,105
S_STR03626,S_U0064,S0031,2026-02-03 08:02:30.891757,49
S_STR03627,S_U0060,S0050,2026-02-02 08:30:59.629806,58
S_STR03628,S_U0033,S0009,2026-02-09 08:44:48.447552,157
S_STR03629,S_U0082,S0034,2026-02-05 08:07:17.021234,53
S_STR03630,S_U0091,S0031,2026-02-19 10:31:21.530652,76
S_STR03631,S_U0050,S0031,2026-02-09 22:46:37.156130,16
S_STR03632,S_U0008,S0049,2026-02-21 01:35:30.603940,23
S_STR03633,S_U0068,S0048,2026-02-22 19:08:41.031396,129
S_STR03634,S_U0052,S0042,2026-02-17 06:34:24.683440,222
S_STR03635,S_U0011,S0031,2026-02-09 15:07:47.506327,90
S_STR03636,S_U0050,S0047,2026-02-11 19:19:53.362548,125
S_STR03637,S_U0100,S0036,2026-02-04 05:17:58.988573,78
S_STR03638,S_U0055,S0047,2026-02-04 05:20:22.569945,274
S_STR03639,S_U0093,S0039,2026-02-10 23:37:05.837071,165
S_STR03640,S_U0076,S0028,2026-02-14 12:18:34.191696,82
S_STR03641,S_U0039,S0031,2026-02-11 20:56:55.710767,115
S_STR03642,S_U0035,S0031,2026-02-21 23:41:13.871312,115
S_STR03643,S_U0072,S0025,2026-02-24 23:01:53.277690,62
S_STR03644,S_U0079,S0038,2026-02-25 09:21:40.162197,108
S_STR03645,S_U0044,S0041,2026-02-25 15:48:39.320839,139
S_STR03646,S_U0079,S0013,2026-02-26 07:01:15.650343,127
S_STR03647,S_U0005,S0024,2026-02-07 08:14:18.112106,82
S_STR03648,S_U0078,S0040,2026-02-14 03:29:34.215025,105
S_STR03649,S_U0078,S0036,2026-02-18 12:51:00.770237,165
S_STR03650,S_U0091,S0020,2026-02-10 17:27:07.318018,15
S_STR03651,S_U0017,S0029,2026-02-18 18:16:25.586454,100
S_STR03652,S_U0063,S0006,2026-02-15 17:00:54.990936,222
S_STR03653,S_U0053,S0014,2026-01-31 11:15:41.172417,287
S_STR03654,S_U0089,S0033,2026-02-23 01:25:47.069075,93
S_STR03655,S_U0036,S0050,2026-02-07 14:06:44.294850,275
S_STR03656,S_U0028,S0021,2026-02-08 08:18:07.772552,51
S_STR03657,S_U0096,S0006,2026-02-27 11:48:21.688596,47
S_STR03658,S_U0012,S0039,2026-02-24 03:41:33.311818,126
S_STR03659,S_U0091,S0045,2026-02-18 08:12:49.249038,129
S_STR03660,S_U0012,S0036,2026-02-02 18:15:47.976063,172
S_STR03661,S_U0012,S0049,2026-02-09 15:56:48.636296,45
S_STR03662,S_U0074,S0050,2026-02-07 13:31:37.964022,123
S_STR03663,S_U0015,S0041,2026-02-20 06:12:05.624119,37
S_STR03664,S_U0035,S0039,2026-02-18 13:01:58.111451,21
S_STR03665,S_U0017,S0025,2026-01-31 18:51:30.891803,113
S_STR03666,S_U0040,S0049,2026-02-25 23:39:11.084199,37
S_STR03667,S_U0034,S0046,2026-02-17 17:20:26.877794,34
S_STR03668,S_U0024,S0038,2026-02-10 03:15:03.815004,8
S_STR03669,S_U0039,S0034,2026-02-24 04:07:16.974270,225
S_STR03670,S_U0040,S0039,2026-02-27 21:33:13.444469,136
S_STR03671,S_U0100,S0044,2026-02-14 07:43:23.713147,315
S_STR03672,S_U0075,S0047,2026-02-04 14:35:32.299004,95
S_STR03673,S_U0056,S0030,2026-02-27 12:26:20.066478,94
S_STR03674,S_U0026,S0029,2026-02-22 21:58:27.515093,308
S_STR03675,S_U0058,S0038,2026-02-24 13:06:40.895044,55
S_STR03676,S_U0003,S0047,2026-02-08 02:37:15.268176,199
S_STR03677,S_U0025,S0049,2026-02-17 14:27:49.292161,58
S_STR03678,S_U0043,S0048,2026-02-13 07:18:40.965487,66
S_STR03679,S_U0090,S0029,2026-02-14 07:46:07.739242,110
S_STR03680,S_U0008,S0041,2026-02-28 23:16:15.075166,162
S_STR03681,S_U0003,S0044,2026-02-06 21:39:06.091371,55
S_STR03682,S_U0097,S0021,2026-02-02 06:39:46.076835,239
S_STR03683,S_U0019,S0044,2026-02-16 13:40:06.226450,194
S_STR03684,S_U0029,S0027,2026-02-26 01:08:52.491865,154
S_STR03685,S_U0035,S0032,2026-02-14 08:02:47.326959,176
S_STR03686,S_U0040,S0037,2026-02-26 03:07:43.697814,154
S_STR03687,S_U0081,S0027,2026-02-15 14:43:21.079268,65
S_STR03688,S_U0088,S0049,2026-02-06 15:04:34.037853,8
S_STR03689,S_U0023,S0023,2026-02-16 04:42:57.689248,34
S_STR03690,S_U0086,S0042,2026-02-08 06:22:36.967879,102
S_STR03691,S_U0080,S0042,2026-03-01 11:56:39.532594,232
S_STR03692,S_U0003,S0021,2026-02-01 00:46:43.571592,85
S_STR03693,S_U0004,S0022,2026-02-07 22:36:40.073780,213
S_STR03694,S_U0001,S0040,2026-01-31 19:39:57.627824,121
S_STR03695,S_U0099,S0048,2026-02-16 11:55:10.062183,35
S_STR03696,S_U0075,S0024,2026-02-16 06:30:04.370538,109
S_STR03697,S_U0061,S0049,2026-02-02 17:09:38.484655,74
S_STR03698,S_U0088,S0049,2026-02-05 23:46:08.962629,20
S_STR03699,S_U0026,S0027,2026-02-19 07:20:58.654862,222
S_STR03700,S_U0066,S0045,2026-02-09 02:43:13.403754,106
S_STR03701,S_U0057,S0047,2026-02-03 07:27:59.835293,183
S_STR03702,S_U0042,S0030,2026-02-02 11:35:34.711601,94
S_STR03703,S_U0034,S0045,2026-02-09 15:46:09.143291,164
S_STR03704,S_U0047,S0037,2026-02-17 03:53:52.377903,103
S_STR03705,S_U0019,S0020,2026-02-04 10:25:54.081510,130
S_STR03706,S_U0015,S0044,2026-02-12 17:14:54.828411,167
S_STR03707,S_U0077,S0027,2026-02-21 08:30:58.673921,45
S_STR03708,S_U0042,S0012,2026-02-19 13:24:42.165594,54
S_STR03709,S_U0030,S0022,2026-02-24 20:59:06.748709,118
S_STR03710,S_U0026,S0023,2026-02-25 17:51:42.990371,173
S_STR03711,S_U0024,S0048,2026-02-04 10:20:25.479209,45
S_STR03712,S_U0081,S0008,2026-02-26 07:44:00.571772,185
S_STR03713,S_U0095,S0031,2026-02-28 04:57:57.495964,81
S_STR03714,S_U0071,S0006,2026-02-04 08:24:00.048408,19
S_STR03715,S_U0090,S0049,2026-02-01 23:24:43.067918,62
S_STR03716,S_U0048,S0013,2026-02-09 09:22:51.974920,119
S_STR03717,S_U0090,S0036,2026-02-28 09:21:10.479555,277
S_STR03718,S_U0068,S0041,2026-02-17 00:28:42.890937,58
S_STR03719,S_U0052,S0039,2026-02-25 08:58:19.161468,93
S_STR03720,S_U0055,S0023,2026-02-06 00:13:40.530691,144
S_STR03721,S_U0083,S0042,2026-02-02 19:23:50.590226,140
S_STR03722,S_U0066,S0046,2026-02-17 20:24:41.158798,70
S_STR03723,S_U0017,S0044,2026-03-01 07:16:13.774741,291
S_STR03724,S_U0001,S0047,2026-02-18 17:21:41.301594,189
S_STR03725,S_U0093,S0035,2026-02-06 07:38:59.896759,263
S_STR03726,S_U0077,S0041,2026-02-13 05:25:56.765422,201
S_STR03727,S_U0050,S0030,2026-02-09 20:41:48.844790,118
S_STR03728,S_U0017,S0033,2026-02-25 22:22:54.715686,12
S_STR03729,S_U0090,S0042,2026-02-07 07:27:14.817541,22
S_STR03730,S_U0059,S0029,2026-02-28 17:43:07.640259,159
S_STR03731,S_U0059,S0048,2026-02-08 11:50:26.356433,168
S_STR03732,S_U0065,S0032,2026-02-03 02:56:56.317546,173
S_STR03733,S_U0066,S0033,2026-01-31 19:11:55.165045,162
S_STR03734,S_U0071,S0040,2026-02-26 10:45:48.145207,82
S_STR03735,S_U0011,S0046,2026-01-31 16:29:59.118561,169
S_STR03736,S_U0078,S0022,2026-02-28 08:44:20.328463,199
S_STR03737,S_U0003,S0030,2026-02-15 08:25:02.224993,136
S_STR03738,S_U0079,S0027,2026-02-11 08:42:13.838084,234
S_STR03739,S_U0007,S0045,2026-02-09 18:40:34.653460,165
S_STR03740,S_U0012,S0016,2026-02-19 02:24:07.955760,265
S_STR03741,S_U0031,S0036,2026-02-17 02:31:37.785342,287
S_STR03742,S_U0078,S0022,2026-02-23 03:17:08.490838,188
S_STR03743,S_U0035,S0044,2026-02-16 19:47:04.770528,13
S_STR03744,S_U0007,S0039,2026-03-01 19:15:20.975081,205
S_STR03745,S_U0017,S0039,2026-02-16 23:51:17.123649,31
S_STR03746,S_U0080,S0007,2026-02-17 04:56:09.414064,210
S_STR03747,S_U0086,S0035,2026-02-02 21:11:17.839831,11
S_STR03748,S_U0014,S0033,2026-02-05 05:15:06.195440,56
S_STR03749,S_U0073,S0021,2026-02-03 04:49:08.611644,258
S_STR03750,S_U0049,S0048,2026-02-04 20:54:01.095730,263
S_STR03751,S_U0092,S0033,2026-02-18 12:11:10.913087,19
S_STR03752,S_U0091,S0047,2026-02-21 20:49:11.927608,157
S_STR03753,S_U0099,S0005,2026-02-10 07:20:52.064320,54
S_STR03754,S_U0008,S0048,2026-02-14 20:12:47.503444,46
S_STR03755,S_U0001,S0046,2026-02-13 20:55:13.054155,104
S_STR03756,S_U0010,S0049,2026-02-18 18:18:44.306667,80
S_STR03757,S_U0042,S0018,2026-02-23 05:15:35.396210,87
S_STR03758,S_U0091,S0013,2026-02-13 09:33:15.505181,180
S_STR03759,S_U0071,S0026,2026-02-13 23:53:59.016538,122
S_STR03760,S_U0024,S0019,2026-02-08 21:36:30.484557,111
S_STR03761,S_U0045,S0039,2026-02-10 07:27:45.994265,317
S_STR03762,S_U0034,S0036,2026-02-14 22:58:05.041195,59
S_STR03763,S_U0091,S0025,2026-02-10 03:47:00.535214,183
S_STR03764,S_U0059,S0039,2026-02-08 18:52:40.228698,179
S_STR03765,S_U0002,S0046,2026-02-09 09:02:57.903177,91
S_STR03766,S_U0087,S0023,2026-02-09 21:41:45.212667,14
S_STR03767,S_U0016,S0024,2026-02-22 12:47:05.167944,338
S_STR03768,S_U0026,S0034,2026-02-27 18:26:39.215331,174
S_STR03769,S_U0087,S0050,2026-02-02 20:00:37.997488,132
S_STR03770,S_U0045,S0034,2026-02-23 15:51:23.120723,209
S_STR03771,S_U0043,S0047,2026-02-21 04:02:42.688750,33
S_STR03772,S_U0091,S0048,2026-02-04 23:47:37.412789,69
S_STR03773,S_U0012,S0023,2026-02-13 07:05:24.193240,105
S_STR03774,S_U0061,S0050,2026-02-13 19:16:15.679232,284
S_STR03775,S_U0096,S0038,2026-02-21 01:39:36.316617,152
S_STR03776,S_U0049,S0027,2026-02-03 15:39:41.753193,208
S_STR03777,S_U0005,S0043,2026-02-05 19:46:54.701036,115
S_STR03778,S_U0029,S0026,2026-02-07 08:36:13.097982,92
S_STR03779,S_U0052,S0047,2026-03-02 00:14:04.079419,251
S_STR03780,S_U0010,S0043,2026-02-23 06:54:06.021963,14
S_STR03781,S_U0089,S0038,2026-02-08 03:00:34.631886,156
S_STR03782,S_U0096,S0030,2026-02-08 03:17:44.499621,137
S_STR03783,S_U0007,S0043,2026-02-27 09:13:30.033957,150
S_STR03784,S_U0082,S0022,2026-02-13 00:45:52.179130,68
S_STR03785,S_U0021,S0042,2026-02-24 19:32:27.392403,170
S_STR03786,S_U0003,S0008,2026-02-22 07:00:29.225470,64
S_STR03787,S_U0004,S0031,2026-02-20 22:30:01.943160,140
S_STR03788,S_U0006,S0049,2026-02-11 05:04:03.171976,83
S_STR03789,S_U0021,S0034,2026-02-24 17:58:22.281306,41
S_STR03790,S_U0054,S0024,2026-03-02 00:25:10.704305,178
S_STR03791,S_U0005,S0011,2026-02-05 04:46:31.587204,5
S_STR03792,S_U0099,S0039,2026-03-01 05:06:16.014932,111
S_STR03793,S_U0081,S0027,2026-02-03 18:45:34.694938,105
S_STR03794,S_U0052,S0015,2026-02-14 11:21:35.334287,39
S_STR03795,S_U0063,S0047,2026-02-04 01:13:56.812788,181
S_STR03796,S_U0016,S0030,2026-02-14 16:23:03.650330,49
S_STR03797,S_U0070,S0021,2026-02-26 17:48:33.772430,201
S_STR03798,S_U0025,S0034,2026-02-21 09:41:59.016922,73
S_STR03799,S_U0070,S0021,2026-02-05 23:41:48.333447,262
S_STR03800,S_U0049,S0035,2026-02-04 13:52:57.545769,117
S_STR03801,S_U0076,S0045,2026-02-20 01:46:23.231119,49
S_STR03802,S_U0020,S0050,2026-02-12 13:54:36.729935,51
S_STR03803,S_U0093,S0023,2026-02-22 19:06:29.889896,173
S_STR03804,S_U0021,S0029,2026-02-27 20:07:59.739118,323
S_STR03805,S_U0088,S0018,2026-02-26 08:32:30.850380,193
S_STR03806,S_U0079,S0033,2026-02-05 17:14:25.737675,132
S_STR03807,S_U0032,S0047,2026-02-22 21:44:55.720930,122
S_STR03808,S_U0097,S0047,2026-02-06 13:36:34.970851,189
S_STR03809,S_U0056,S0036,2026-02-27 20:04:42.251134,255
S_STR03810,S_U0035,S0026,2026-02-10 03:22:39.411164,262
S_STR03811,S_U0017,S0040,2026-02-01 05:32:40.622493,30
S_STR03812,S_U0029,S0048,2026-02-13 00:34:16.669807,107
S_STR03813,S_U0061,S0034,2026-02-01 01:11:14.472027,80
S_STR03814,S_U0001,S0033,2026-02-02 14:51:14.631881,128
S_STR03815,S_U0049,S0024,2026-02-18 19:30:23.635326,132
S_STR03816,S_U0091,S0024,2026-02-14 19:20:54.026093,189
S_STR03817,S_U0059,S0004,2026-02-21 06:20:22.928974,28
S_STR03818,S_U0043,S0010,2026-02-06 18:44:59.268409,15
S_STR03819,S_U0015,S0044,2026-01-31 19:05:10.928727,161
S_STR03820,S_U0011,S0029,2026-02-10 21:03:54.919614,237
S_STR03821,S_U0020,S0033,2026-02-24 20:29:51.358853,68
S_STR03822,S_U0017,S0040,2026-02-22 22:38:30.917655,63
S_STR03823,S_U0042,S0020,2026-02-20 02:53:10.949377,89
S_STR03824,S_U0085,S0036,2026-02-18 23:52:04.590039,73
S_STR03825,S_U0019,S0029,2026-02-08 22:51:33.314410,249
S_STR03826,S_U0056,S0037,2026-02-22 10:50:21.205552,64
S_STR03827,S_U0048,S0038,2026-02-04 22:17:04.114312,14
S_STR03828,S_U0072,S0017,2026-02-13 16:27:31.520099,21
S_STR03829,S_U0081,S0023,2026-02-07 08:42:12.429891,108
S_STR03830,S_U0034,S0014,2026-02-25 23:14:05.639410,260
S_STR03831,S_U0096,S0046,2026-02-17 06:25:46.705912,47
S_STR03832,S_U0077,S0023,2026-02-12 21:21:32.304555,187
S_STR03833,S_U0037,S0050,2026-02-13 14:47:56.408949,305
S_STR03834,S_U0076,S0035,2026-02-24 13:16:06.042075,201
S_STR03835,S_U0049,S0028,2026-02-15 01:05:22.796332,231
S_STR03836,S_U0080,S0024,2026-02-15 22:59:13.801723,308
S_STR03837,S_U0061,S0039,2026-02-13 11:04:43.366532,127
S_STR03838,S_U0029,S0026,2026-02-13 13:26:02.330215,231
S_STR03839,S_U0005,S0018,2026-02-07 00:54:35.168672,106
S_STR03840,S_U0056,S0002,2026-02-25 18:46:16.910178,164
S_STR03841,S_U0057,S0038,2026-02-09 23:04:49.107359,30
S_STR03842,S_U0049,S0022,2026-02-02 05:15:41.386149,91
S_STR03843,S_U0072,S0012,2026-02-05 17:08:50.811980,182
S_STR03844,S_U0080,S0019,2026-02-15 14:11:37.471975,27
S_STR03845,S_U0045,S0032,2026-02-27 01:38:51.711140,294
S_STR03846,S_U0058,S0047,2026-02-09 04:51:28.158783,41
S_STR03847,S_U0051,S0045,2026-02-26 08:43:24.685663,11
S_STR03848,S_U0008,S0035,2026-02-20 10:34:41.878385,122
S_STR03849,S_U0007,S0015,2026-02-25 17:55:05.085971,248
S_STR03850,S_U0016,S0037,2026-02-10 09:02:54.347261,26
S_STR03851,S_U0061,S0050,2026-02-23 15:07:25.388898,244
S_STR03852,S_U0079,S0045,2026-02-06 06:07:03.512414,167
S_STR03853,S_U0008,S0048,2026-02-22 05:00:12.687473,102
S_STR03854,S_U0019,S0041,2026-02-09 12:46:00.810280,169
S_STR03855,S_U0067,S0036,2026-02-08 05:28:28.597373,190
S_STR03856,S_U0017,S0028,2026-02-04 07:12:07.424439,196
S_STR03857,S_U0082,S0050,2026-02-03 16:08:06.664981,25
S_STR03858,S_U0037,S0023,2026-02-25 16:44:18.652794,120
S_STR03859,S_U0079,S0048,2026-02-18 19:50:16.336250,183
S_STR03860,S_U0033,S0042,2026-02-05 03:21:07.271492,40
S_STR03861,S_U0061,S0031,2026-02-19 11:52:24.267967,43
S_STR03862,S_U0098,S0034,2026-02-03 01:09:25.741316,162
S_STR03863,S_U0018,S0048,2026-02-04 23:17:50.702198,113
S_STR03864,S_U0035,S0049,2026-02-01 10:47:38.739903,62
S_STR03865,S_U0067,S0044,2026-02-06 03:42:05.350037,120
S_STR03866,S_U0042,S0021,2026-02-24 09:03:55.620172,249
S_STR03867,S_U0049,S0042,2026-02-26 07:16:43.004325,112
S_STR03868,S_U0073,S0034,2026-02-20 01:22:09.060193,48
S_STR03869,S_U0022,S0024,2026-02-26 21:03:12.315872,166
S_STR03870,S_U0042,S0017,2026-02-07 09:30:27.587914,112
S_STR03871,S_U0064,S0040,2026-02-05 14:38:52.675894,63
S_STR03872,S_U0038,S0037,2026-02-28 19:49:55.230347,34
S_STR03873,S_U0088,S0044,2026-02-02 00:28:10.202090,114
S_STR03874,S_U0031,S0046,2026-02-06 19:37:39.901390,107
S_STR03875,S_U0061,S0043,2026-02-27 09:30:03.775461,19
S_STR03876,S_U0053,S0048,2026-02-15 02:01:47.438859,7
S_STR03877,S_U0065,S0042,2026-02-28 15:27:21.016774,169
S_STR03878,S_U0033,S0031,2026-02-19 23:02:55.884554,131
S_STR03879,S_U0079,S0019,2026-02-04 07:53:34.755639,185
S_STR03880,S_U0096,S0043,2026-02-22 18:00:45.553897,18
S_STR03881,S_U0037,S0049,2026-02-16 03:33:40.641917,42
S_STR03882,S_U0070,S0035,2026-03-02 04:05:36.716496,51
S_STR03883,S_U0037,S0032,2026-02-13 14:06:11.164624,47
S_STR03884,S_U0008,S0037,2026-02-09 01:34:16.797254,93
S_STR03885,S_U0054,S0043,2026-02-02 06:24:50.840203,111
S_STR03886,S_U0067,S0035,2026-02-17 12:26:35.384874,219
S_STR03887,S_U0045,S0032,2026-02-03 16:09:21.312659,254
S_STR03888,S_U0091,S0017,2026-02-10 06:08:51.650321,104
S_STR03889,S_U0092,S0043,2026-02-05 14:40:49.534847,156
S_STR03890,S_U0092,S0038,2026-02-13 17:42:21.048482,46
S_STR03891,S_U0061,S0019,2026-02-14 07:20:19.688816,11
S_STR03892,S_U0036,S0047,2026-02-17 07:03:23.985091,74
S_STR03893,S_U0031,S0008,2026-02-05 05:14:30.604567,120
S_STR03894,S_U0004,S0050,2026-02-20 07:47:59.560742,274
S_STR03895,S_U0031,S0036,2026-02-25 11:37:08.745304,116
S_STR03896,S_U0002,S0018,2026-02-17 15:44:32.880664,60
S_STR03897,S_U0030,S0050,2026-02-08 05:53:58.212487,240
S_STR03898,S_U0089,S0030,2026-02-01 12:08:34.004362,95
S_STR03899,S_U0086,S0043,2026-02-14 05:45:10.033772,55
S_STR03900,S_U0070,S0010,2026-02-15 09:14:02.109909,155
S_STR03901,S_U0099,S0047,2026-02-25 21:23:30.669579,107
S_STR03902,S_U0008,S0038,2026-02-07 18:20:08.893318,167
S_STR03903,S_U0015,S0043,2026-02-05 13:57:06.344013,128
S_STR03904,S_U0088,S0020,2026-02-21 09:17:58.626326,98
S_STR03905,S_U0083,S0033,2026-02-25 08:18:53.759701,11
S_STR03906,S_U0046,S0048,2026-02-01 06:27:18.915118,93
S_STR03907,S_U0077,S0047,2026-02-13 23:25:29.596941,277
S_STR03908,S_U0020,S0031,2026-02-21 20:48:25.072948,107
S_STR03909,S_U0032,S0024,2026-03-01 02:00:13.182888,65
S_STR03910,S_U0004,S0046,2026-03-01 17:11:43.157242,120
S_STR03911,S_U0027,S0020,2026-02-03 04:18:32.697443,23
S_STR03912,S_U0020,S0004,2026-02-25 06:22:47.034199,7
S_STR03913,S_U0036,S0046,2026-02-20 18:55:34.398537,178
S_STR03914,S_U0079,S0047,2026-02-13 23:04:26.060398,6
S_STR03915,S_U0058,S0027,2026-02-08 13:34:13.043665,53
S_STR03916,S_U0034,S0043,2026-02-13 13:48:37.863740,68
S_STR03917,S_U0056,S0023,2026-02-06 05:35:28.979628,181
S_STR03918,S_U0050,S0049,2026-01-31 19:04:43.219061,29
S_STR03919,S_U0096,S0007,2026-02-27 15:29:54.342221,229
S_STR03920,S_U0064,S0034,2026-03-02 06:41:05.555497,108
S_STR03921,S_U0013,S0032,2026-02-02 04:09:56.056009,287
S_STR03922,S_U0062,S0042,2026-02-20 00:44:59.292665,28
S_STR03923,S_U0084,S0031,2026-02-12 17:36:53.329930,65
S_STR03924,S_U0048,S0044,2026-02-02 18:22:50.868472,12
S_STR03925,S_U0008,S0029,2026-02-10 02:58:32.993784,302
S_STR03926,S_U0002,S0014,2026-02-18 20:11:48.871986,27
S_STR03927,S_U0066,S0041,2026-02-07 12:36:55.194386,104
S_STR03928,S_U0033,S0047,2026-02-08 02:54:50.403220,100
S_STR03929,S_U0036,S0049,2026-02-23 11:57:06.217287,23
S_STR03930,S_U0075,S0013,2026-02-04 15:33:34.441261,75
S_STR03931,S_U0100,S0030,2026-02-25 18:50:58.495352,116
S_STR03932,S_U0054,S0042,2026-03-02 01:36:40.431093,185
S_STR03933,S_U0010,S0050,2026-02-13 01:41:13.766654,57
S_STR03934,S_U0001,S0042,2026-02-03 03:41:00.216196,151
S_STR03935,S_U0052,S0010,2026-02-27 07:05:31.939140,42
S_STR03936,S_U0054,S0048,2026-02-25 12:03:03.762937,55
S_STR03937,S_U0042,S0027,2026-02-13 01:06:11.005449,245
S_STR03938,S_U0043,S0029,2026-02-26 20:46:03.853819,37
S_STR03939,S_U0060,S0047,2026-02-23 18:33:58.343826,270
S_STR03940,S_U0024,S0004,2026-02-16 16:31:38.654662,108
S_STR03941,S_U0088,S0023,2026-02-18 03:55:18.789356,163
S_STR03942,S_U0078,S0032,2026-02-22 01:58:20.190906,284
S_STR03943,S_U0072,S0035,2026-03-01 04:07:27.466214,204
S_STR03944,S_U0018,S0037,2026-02-02 02:31:30.203074,63
S_STR03945,S_U0035,S0034,2026-02-08 02:39:44.484270,99
S_STR03946,S_U0014,S0018,2026-02-01 19:56:45.633332,135
S_STR03947,S_U0027,S0004,2026-02-04 14:18:56.457455,154
S_STR03948,S_U0071,S0049,2026-02-16 15:02:18.414335,97
S_STR03949,S_U0066,S0050,2026-02-16 16:29:23.294875,157
S_STR03950,S_U0072,S0031,2026-02-21 02:35:43.221827,83
S_STR03951,S_U0088,S0025,2026-02-23 22:22:31.359290,126
S_STR03952,S_U0052,S0047,2026-02-07 11:46:44.831737,165
S_STR03953,S_U0010,S0032,2026-03-01 15:32:12.864103,15
S_STR03954,S_U0076,S0026,2026-02-13 04:44:11.746528,89
S_STR03955,S_U0001,S0049,2026-03-02 09:27:39.452546,11
S_STR03956,S_U0001,S0049,2026-02-08 14:09:21.821086,89
S_STR03957,S_U0100,S0039,2026-02-25 10:16:00.535593,246
S_STR03958,S_U0063,S0020,2026-02-18 20:46:13.891133,15
S_STR03959,S_U0037,S0046,2026-02-19 17:53:07.310222,51
S_STR03960,S_U0052,S0021,2026-02-08 23:16:12.796413,142
S_STR03961,S_U0033,S0008,2026-02-11 08:25:24.030916,199
S_STR03962,S_U0010,S0006,2026-01-31 22:10:52.127291,5
S_STR03963,S_U0093,S0046,2026-02-11 06:18:17.863008,14
S_STR03964,S_U0023,S0022,2026-02-20 09:12:22.054796,170
S_STR03965,S_U0039,S0027,2026-02-03 07:50:26.396357,34
S_STR03966,S_U0017,S0042,2026-02-11 18:45:53.576941,225
S_STR03967,S_U0045,S0023,2026-03-01 02:32:27.148332,45
S_STR03968,S_U0034,S0007,2026-02-26 02:13:07.191358,284
S_STR03969,S_U0001,S0026,2026-02-07 09:01:15.652590,76
S_STR03970,S_U0001,S0040,2026-01-31 17:32:34.144091,33
S_STR03971,S_U0017,S0048,2026-02-13 05:49:35.113893,76
S_STR03972,S_U0088,S0036,2026-02-10 22:50:42.840906,25
S_STR03973,S_U0047,S0038,2026-02-27 21:36:13.614475,58
S_STR03974,S_U0020,S0044,2026-02-28 22:29:51.200942,79
S_STR03975,S_U0097,S0008,2026-02-14 12:46:54.639551,45
S_STR03976,S_U0045,S0032,2026-02-24 02:57:37.313464,232
S_STR03977,S_U0039,S0043,2026-02-19 00:21:15.856925,106
S_STR03978,S_U0005,S0041,2026-02-04 07:41:42.832442,248
S_STR03979,S_U0008,S0047,2026-02-15 14:06:02.255584,38
S_STR03980,S_U0074,S0039,2026-02-01 13:49:27.884339,83
S_STR03981,S_U0051,S0036,2026-02-18 22:36:19.286848,251
S_STR03982,S_U0088,S0016,2026-02-16 01:30:28.103825,272
S_STR03983,S_U0065,S0014,2026-02-27 06:08:49.263955,223
S_STR03984,S_U0039,S0023,2026-02-15 02:29:43.331893,142
S_STR03985,S_U0054,S0046,2026-02-16 14:31:53.336029,51
S_STR03986,S_U0094,S0019,2026-02-07 06:41:42.681388,6
S_STR03987,S_U0082,S0049,2026-02-02 22:52:33.487817,77
S_STR03988,S_U0086,S0019,2026-02-26 02:05:52.760942,177
S_STR03989,S_U0049,S0017,2026-02-21 08:03:21.948372,45
S_STR03990,S_U0045,S0031,2026-02-24 17:43:06.085958,105
S_STR03991,S_U0058,S0045,2026-02-08 06:43:50.133562,24
S_STR03992,S_U0074,S0047,2026-02-12 13:07:18.189846,31
S_STR03993,S_U0054,S0037,2026-02-27 10:19:21.969623,104
S_STR03994,S_U0058,S0038,2026-02-19 05:42:15.508229,186
S_STR03995,S_U0024,S0028,2026-02-13 12:45:01.301605,174
S_STR03996,S_U0033,S0041,2026-02-05 16:18:42.187383,54
S_STR03997,S_U0082,S0025,2026-02-08 12:11:50.298749,158
S_STR03998,S_U0003,S0024,2026-02-04 23:47:08.696809,84
S_STR03999,S_U0070,S0040,2026-02-24 17:34:25.635886,97
S_STR04000,S_U0088,S0040,2026-02-24 18:25:53.540898,93
S_STR04001,S_U0060,S0039,2026-02-20 05:26:49.361294,135
S_STR04002,S_U0065,S0006,2026-02-27 07:50:58.134796,17
S_STR04003,S_U0064,S0014,2026-02-25 15:15:39.009093,303
S_STR04004,S_U0068,S0050,2026-02-24 09:36:01.098182,137
S_STR04005,S_U0066,S0017,2026-02-27 23:05:02.233266,20
S_STR04006,S_U0096,S0006,2026-02-04 23:01:56.696777,22
S_STR04007,S_U0072,S0021,2026-03-01 22:46:28.392136,124
S_STR04008,S_U0064,S0045,2026-02-08 14:53:33.137446,153
S_STR04009,S_U0078,S0039,2026-02-28 23:04:37.333461,205
S_STR04010,S_U0070,S0035,2026-02-13 16:41:54.601610,45
S_STR04011,S_U0002,S0050,2026-02-16 03:50:47.459316,167
S_STR04012,S_U0058,S0036,2026-02-08 17:04:47.281518,208
S_STR04013,S_U0079,S0043,2026-02-05 04:20:17.947276,62
S_STR04014,S_U0094,S0041,2026-02-23 13:33:29.936101,136
S_STR04015,S_U0008,S0019,2026-02-11 23:55:16.882209,73
S_STR04016,S_U0062,S0044,2026-02-20 17:37:47.642180,46
S_STR04017,S_U0015,S0031,2026-02-08 21:08:41.533489,68
S_STR04018,S_U0029,S0044,2026-01-31 11:42:08.572450,26
S_STR04019,S_U0100,S0035,2026-02-05 08:28:30.432497,193
S_STR04020,S_U0090,S0027,2026-02-08 03:23:10.893027,149
S_STR04021,S_U0054,S0050,2026-02-08 01:08:42.740135,250
S_STR04022,S_U0081,S0042,2026-02-18 20:49:39.322580,104
S_STR04023,S_U0050,S0046,2026-02-01 12:43:21.848392,17
S_STR04024,S_U0061,S0040,2026-02-05 01:35:18.786226,115
S_STR04025,S_U0071,S0047,2026-02-10 00:57:22.151621,157
S_STR04026,S_U0085,S0023,2026-02-27 01:39:21.151353,65
S_STR04027,S_U0063,S0008,2026-02-04 01:00:36.089991,31
S_STR04028,S_U0080,S0049,2026-03-02 06:22:56.556458,35
S_STR04029,S_U0031,S0045,2026-02-20 04:53:47.677895,176
S_STR04030,S_U0006,S0047,2026-02-17 11:41:33.517370,94
S_STR04031,S_U0097,S0021,2026-02-27 07:43:32.852722,282
S_STR04032,S_U0046,S0024,2026-02-14 01:11:53.073693,280
S_STR04033,S_U0026,S0032,2026-02-07 02:18:04.153537,91
S_STR04034,S_U0080,S0010,2026-02-08 22:15:05.323302,12
S_STR04035,S_U0079,S0031,2026-02-11 09:14:31.204289,153
S_STR04036,S_U0045,S0038,2026-02-21 12:31:54.589591,62
S_STR04037,S_U0070,S0029,2026-02-17 21:11:55.760937,33
S_STR04038,S_U0095,S0024,2026-02-04 21:30:41.914250,278
S_STR04039,S_U0003,S0047,2026-02-01 21:50:55.074128,211
S_STR04040,S_U0053,S0009,2026-02-13 08:38:26.496293,84
S_STR04041,S_U0087,S0033,2026-02-01 15:19:47.546639,35
S_STR04042,S_U0027,S0039,2026-02-07 04:06:24.521773,163
S_STR04043,S_U0066,S0036,2026-02-10 07:07:45.380580,104
S_STR04044,S_U0062,S0045,2026-02-07 09:17:25.993179,149
S_STR04045,S_U0070,S0045,2026-02-27 14:01:52.615273,48
S_STR04046,S_U0027,S0030,2026-02-14 05:05:31.121477,156
S_STR04047,S_U0097,S0041,2026-02-14 21:03:44.243612,10
S_STR04048,S_U0058,S0021,2026-02-14 09:55:07.111302,86
S_STR04049,S_U0054,S0049,2026-01-31 22:10:14.996119,59
S_STR04050,S_U0027,S0045,2026-02-05 10:49:29.511197,135
S_STR04051,S_U0021,S0028,2026-02-17 09:03:36.717753,143
S_STR04052,S_U0047,S0043,2026-02-18 11:51:29.224219,28
S_STR04053,S_U0023,S0048,2026-02-08 01:23:00.262604,63
S_STR04054,S_U0022,S0037,2026-02-18 14:55:17.892038,81
S_STR04055,S_U0067,S0015,2026-02-26 22:29:35.065428,259
S_STR04056,S_U0093,S0023,2026-02-05 09:18:55.286541,76
S_STR04057,S_U0052,S0037,2026-03-01 23:53:33.279500,7
S_STR04058,S_U0046,S0027,2026-02-07 16:08:02.092263,145
S_STR04059,S_U0065,S0038,2026-02-26 20:37:55.671271,165
S_STR04060,S_U0003,S0044,2026-03-01 19:15:55.127929,159
S_STR04061,S_U0061,S0047,2026-02-23 08:46:20.692005,260
S_STR04062,S_U0041,S0036,2026-02-08 16:27:54.805742,284
S_STR04063,S_U0092,S0046,2026-02-04 20:58:45.128784,182
S_STR04064,S_U0070,S0042,2026-02-24 22:47:31.836951,127
S_STR04065,S_U0097,S0038,2026-02-19 02:44:42.167541,137
S_STR04066,S_U0026,S0031,2026-02-16 02:59:44.614094,26
S_STR04067,S_U0021,S0042,2026-02-04 13:02:52.662580,62
S_STR04068,S_U0011,S0033,2026-02-14 15:25:14.082958,137
S_STR04069,S_U0040,S0049,2026-02-13 20:16:14.042232,102
S_STR04070,S_U0086,S0029,2026-02-13 06:14:59.186426,100
S_STR04071,S_U0013,S0046,2026-02-20 03:19:47.386271,43
S_STR04072,S_U0065,S0045,2026-02-28 05:30:44.588173,97
S_STR04073,S_U0010,S0032,2026-02-11 12:59:50.773858,207
S_STR04074,S_U0076,S0047,2026-03-01 11:46:42.757792,240
S_STR04075,S_U0015,S0048,2026-03-02 02:20:45.395554,102
S_STR04076,S_U0018,S0016,2026-02-14 07:41:45.089492,172
S_STR04077,S_U0001,S0049,2026-02-07 10:16:19.579800,36
S_STR04078,S_U0004,S0011,2026-02-09 06:13:03.214000,112
S_STR04079,S_U0042,S0019,2026-02-10 05:40:35.994265,41
S_STR04080,S_U0050,S0024,2026-02-17 18:37:22.606808,103
S_STR04081,S_U0014,S0047,2026-03-01 08:42:11.617275,268
S_STR04082,S_U0036,S0030,2026-02-06 16:07:45.944221,137
S_STR04083,S_U0002,S0044,2026-02-25 23:58:34.067140,278
S_STR04084,S_U0037,S0049,2026-02-05 13:55:54.081403,121
S_STR04085,S_U0034,S0024,2026-02-21 22:59:21.452788,132
S_STR04086,S_U0090,S0032,2026-02-26 04:08:10.847568,168
S_STR04087,S_U0066,S0037,2026-02-26 23:03:56.208156,16
S_STR04088,S_U0100,S0034,2026-02-07 15:15:34.465898,144
S_STR04089,S_U0077,S0043,2026-02-11 09:42:21.409273,38
S_STR04090,S_U0080,S0041,2026-02-25 15:42:22.334531,60
S_STR04091,S_U0015,S0033,2026-02-01 03:58:38.472563,137
S_STR04092,S_U0005,S0022,2026-03-02 04:08:26.292156,198
S_STR04093,S_U0082,S0026,2026-02-10 18:22:24.679408,164
S_STR04094,S_U0090,S0029,2026-02-06 04:01:08.327460,308
S_STR04095,S_U0019,S0020,2026-02-12 15:02:12.086692,144
S_STR04096,S_U0012,S0031,2026-02-04 03:44:49.556816,28
S_STR04097,S_U0022,S0021,2026-02-21 05:32:53.836904,228
S_STR04098,S_U0086,S0020,2026-02-10 04:19:01.100096,158
S_STR04099,S_U0026,S0044,2026-02-28 02:04:21.539111,274
S_STR04100,S_U0061,S0027,2026-03-01 17:16:44.930600,232
S_STR04101,S_U0057,S0035,2026-02-23 06:16:56.578022,5
S_STR04102,S_U0053,S0044,2026-02-16 15:05:58.805616,161
S_STR04103,S_U0051,S0028,2026-02-11 21:30:07.989451,143
S_STR04104,S_U0074,S0028,2026-02-01 03:49:02.529830,32
S_STR04105,S_U0044,S0035,2026-02-08 06:19:29.606107,180
S_STR04106,S_U0008,S0044,2026-02-16 20:23:51.318592,197
S_STR04107,S_U0054,S0050,2026-02-12 12:05:57.142411,240
S_STR04108,S_U0016,S0032,2026-02-07 20:24:43.838721,40
S_STR04109,S_U0011,S0046,2026-02-14 15:17:22.412678,149
S_STR04110,S_U0041,S0038,2026-02-02 23:37:52.907314,190
S_STR04111,S_U0081,S0038,2026-02-06 09:04:56.094544,162
S_STR04112,S_U0021,S0023,2026-02-08 22:39:38.884757,205
S_STR04113,S_U0063,S0032,2026-03-01 20:06:37.186639,232
S_STR04114,S_U0060,S0011,2026-02-27 16:50:13.923883,21
S_STR04115,S_U0068,S0041,2026-02-05 19:51:35.481867,134
S_STR04116,S_U0089,S0046,2026-02-02 10:08:06.852678,91
S_STR04117,S_U0071,S0011,2026-02-02 23:05:59.531006,133
S_STR04118,S_U0026,S0035,2026-02-19 23:27:06.733626,140
S_STR04119,S_U0044,S0045,2026-02-19 17:39:54.908265,147
S_STR04120,S_U0025,S0046,2026-02-01 17:46:17.413046,46
S_STR04121,S_U0081,S0025,2026-02-20 00:39:15.478270,14
S_STR04122,S_U0051,S0029,2026-02-18 05:31:21.554352,293
S_STR04123,S_U0051,S0035,2026-02-08 16:51:45.532120,80
S_STR04124,S_U0066,S0047,2026-02-09 05:27:50.295752,23
S_STR04125,S_U0074,S0018,2026-02-21 04:23:40.791395,249
S_STR04126,S_U0098,S0043,2026-02-10 06:28:48.391151,22
S_STR04127,S_U0099,S0036,2026-02-13 10:47:31.329594,60
S_STR04128,S_U0064,S0049,2026-02-25 09:01:33.768150,86
S_STR04129,S_U0061,S0029,2026-02-11 02:02:51.847103,132
S_STR04130,S_U0041,S0044,2026-02-14 08:28:19.349605,78
S_STR04131,S_U0033,S0040,2026-02-08 16:52:23.132363,32
S_STR04132,S_U0041,S0024,2026-02-08 21:01:06.538693,39
S_STR04133,S_U0096,S0030,2026-02-17 09:16:50.572203,118
S_STR04134,S_U0038,S0041,2026-02-21 15:15:57.597723,117
S_STR04135,S_U0024,S0046,2026-02-04 14:15:53.910465,27
S_STR04136,S_U0057,S0046,2026-02-24 01:59:24.198131,178
S_STR04137,S_U0085,S0031,2026-02-06 21:59:05.586470,9
S_STR04138,S_U0045,S0044,2026-02-04 03:18:04.691001,46
S_STR04139,S_U0083,S0023,2026-02-15 07:52:28.819714,220
S_STR04140,S_U0026,S0021,2026-02-16 00:54:44.798195,205
S_STR04141,S_U0095,S0036,2026-02-17 11:12:32.625310,110
S_STR04142,S_U0088,S0050,2026-02-08 16:59:04.362491,238
S_STR04143,S_U0042,S0040,2026-02-27 10:21:59.487081,62
S_STR04144,S_U0070,S0038,2026-02-05 16:01:30.424468,71
S_STR04145,S_U0070,S0034,2026-02-19 15:33:46.540627,143
S_STR04146,S_U0034,S0046,2026-03-02 04:09:43.359814,143
S_STR04147,S_U0085,S0027,2026-02-19 06:31:57.098165,57
S_STR04148,S_U0078,S0038,2026-01-31 13:13:49.251463,36
S_STR04149,S_U0093,S0025,2026-02-18 17:31:04.009400,134
S_STR04150,S_U0027,S0049,2026-02-06 11:32:02.547139,33
S_STR04151,S_U0029,S0029,2026-02-19 04:09:04.805743,46
S_STR04152,S_U0062,S0026,2026-02-26 19:47:40.942952,179
S_STR04153,S_U0073,S0019,2026-02-21 12:15:10.120522,215
S_STR04154,S_U0020,S0042,2026-02-18 05:45:08.527053,192
S_STR04155,S_U0041,S0034,2026-01-31 14:09:44.949941,202
S_STR04156,S_U0075,S0038,2026-02-18 10:40:35.082378,115
S_STR04157,S_U0059,S0030,2026-02-27 16:20:07.889821,118
S_STR04158,S_U0072,S0045,2026-02-02 12:04:28.732299,127
S_STR04159,S_U0095,S0016,2026-02-25 17:04:18.179582,15
S_STR04160,S_U0014,S0010,2026-02-26 20:52:21.714116,174
S_STR04161,S_U0043,S0031,2026-02-22 02:23:36.668222,34
S_STR04162,S_U0042,S0020,2026-02-10 18:35:33.822917,131
S_STR04163,S_U0066,S0039,2026-02-11 04:48:43.148887,245
S_STR04164,S_U0007,S0043,2026-02-15 13:02:47.095759,13
S_STR04165,S_U0009,S0044,2026-02-01 05:44:49.015673,224
S_STR04166,S_U0089,S0026,2026-02-11 12:47:45.605669,46
S_STR04167,S_U0017,S0047,2026-02-17 23:39:34.233464,202
S_STR04168,S_U0007,S0030,2026-02-27 23:31:28.859304,66
S_STR04169,S_U0092,S0041,2026-02-07 06:12:36.864836,22
S_STR04170,S_U0008,S0020,2026-02-28 09:22:49.879361,44
S_STR04171,S_U0013,S0039,2026-01-31 22:31:36.453025,288
S_STR04172,S_U0067,S0039,2026-02-04 12:09:53.825385,21
S_STR04173,S_U0089,S0034,2026-02-05 11:11:46.438617,100
S_STR04174,S_U0030,S0038,2026-02-10 16:34:27.821666,169
S_STR04175,S_U0026,S0022,2026-02-15 06:54:06.190985,143
S_STR04176,S_U0042,S0040,2026-02-22 07:12:52.248075,12
S_STR04177,S_U0051,S0037,2026-02-22 11:22:25.544389,123
S_STR04178,S_U0090,S0013,2026-02-10 00:33:04.007207,119
S_STR04179,S_U0092,S0047,2026-02-17 23:12:43.417086,158
S_STR04180,S_U0067,S0016,2026-02-16 01:36:33.149096,69
S_STR04181,S_U0075,S0047,2026-02-11 10:57:59.510755,294
S_STR04182,S_U0075,S0032,2026-02-21 04:33:53.821559,89
S_STR04183,S_U0012,S0045,2026-02-19 05:27:27.032415,86
S_STR04184,S_U0088,S0044,2026-02-15 02:32:18.580851,174
S_STR04185,S_U0022,S0023,2026-02-28 07:19:49.724372,94
S_STR04186,S_U0081,S0015,2026-02-06 00:53:01.005025,107
S_STR04187,S_U0080,S0025,2026-02-01 01:05:30.678203,75
S_STR04188,S_U0037,S0044,2026-02-27 09:02:50.600942,165
S_STR04189,S_U0052,S0008,2026-03-01 15:40:13.082591,97
S_STR04190,S_U0018,S0031,2026-02-01 05:08:36.282542,59
S_STR04191,S_U0047,S0039,2026-02-26 16:58:48.371951,72
S_STR04192,S_U0041,S0019,2026-02-24 11:09:54.196989,84
S_STR04193,S_U0068,S0034,2026-02-15 22:50:29.507909,102
S_STR04194,S_U0021,S0047,2026-02-18 12:54:16.759652,253
S_STR04195,S_U0024,S0042,2026-02-27 18:52:28.972692,109
S_STR04196,S_U0081,S0040,2026-02-20 16:57:57.950511,78
S_STR04197,S_U0051,S0042,2026-02-26 02:07:35.163260,43
S_STR04198,S_U0025,S0050,2026-02-11 11:13:00.222021,192
S_STR04199,S_U0040,S0050,2026-02-10 14:48:03.107496,38
S_STR04200,S_U0064,S0014,2026-02-25 07:08:34.507100,161
S_STR04201,S_U0064,S0048,2026-02-28 00:18:37.478983,187
S_STR04202,S_U0049,S0023,2026-02-04 04:46:25.526536,13
S_STR04203,S_U0014,S0042,2026-02-23 17:49:20.689531,236
S_STR04204,S_U0066,S0030,2026-02-22 09:12:11.527407,30
S_STR04205,S_U0061,S0041,2026-02-20 07:54:48.743486,44
S_STR04206,S_U0032,S0043,2026-02-02 11:36:31.008283,162
S_STR04207,S_U0070,S0023,2026-02-12 04:07:52.277653,71
S_STR04208,S_U0047,S0046,2026-02-01 07:59:04.907714,146
S_STR04209,S_U0073,S0039,2026-02-24 22:57:41.674913,300
S_STR04210,S_U0064,S0038,2026-02-13 02:36:50.476908,15
S_STR04211,S_U0087,S0038,2026-02-10 17:44:39.526339,83
S_STR04212,S_U0096,S0050,2026-02-21 19:02:58.975572,40
S_STR04213,S_U0003,S0050,2026-02-21 04:08:56.777684,92
S_STR04214,S_U0058,S0019,2026-02-10 08:35:12.898451,337
S_STR04215,S_U0097,S0035,2026-02-10 09:30:41.445974,6
S_STR04216,S_U0004,S0018,2026-02-22 07:14:18.912379,234
S_STR04217,S_U0007,S0040,2026-02-26 06:52:32.464980,105
S_STR04218,S_U0033,S0044,2026-02-13 12:02:18.688805,280
S_STR04219,S_U0028,S0046,2026-03-01 14:21:25.363506,142
S_STR04220,S_U0024,S0037,2026-02-25 04:24:13.083247,35
S_STR04221,S_U0016,S0034,2026-02-20 15:18:49.769366,66
S_STR04222,S_U0080,S0032,2026-03-01 15:31:19.381390,150
S_STR04223,S_U0022,S0025,2026-02-07 08:54:47.870276,24
S_STR04224,S_U0059,S0049,2026-02-05 05:18:24.124868,57
S_STR04225,S_U0017,S0040,2026-02-26 20:17:55.631904,24
S_STR04226,S_U0062,S0022,2026-02-12 00:42:21.740426,6
S_STR04227,S_U0084,S0028,2026-02-26 05:07:37.450470,37
S_STR04228,S_U0027,S0029,2026-02-23 15:40:15.022510,138
S_STR04229,S_U0075,S0028,2026-01-31 22:07:41.629575,242
S_STR04230,S_U0058,S0020,2026-02-16 19:33:07.286402,13
S_STR04231,S_U0093,S0036,2026-02-17 11:26:33.145789,8
S_STR04232,S_U0097,S0021,2026-02-13 04:53:27.341873,61
S_STR04233,S_U0036,S0023,2026-02-20 13:20:19.099709,65
S_STR04234,S_U0065,S0040,2026-02-07 03:59:44.806123,79
S_STR04235,S_U0008,S0043,2026-02-18 14:05:13.274327,99
S_STR04236,S_U0056,S0045,2026-02-22 22:14:07.991834,152
S_STR04237,S_U0088,S0033,2026-02-04 19:32:50.412882,35
S_STR04238,S_U0066,S0046,2026-02-11 23:55:38.714060,94
S_STR04239,S_U0018,S0020,2026-02-13 11:59:02.054511,58
S_STR04240,S_U0001,S0050,2026-02-26 17:14:52.609673,37
S_STR04241,S_U0057,S0023,2026-03-02 02:59:18.965795,66
S_STR04242,S_U0048,S0037,2026-02-18 22:35:19.230466,5
S_STR04243,S_U0050,S0030,2026-02-03 12:45:27.514612,67
S_STR04244,S_U0070,S0019,2026-02-22 21:12:45.782670,319
S_STR04245,S_U0077,S0033,2026-02-28 00:47:36.998992,108
S_STR04246,S_U0091,S0005,2026-02-25 09:48:31.587862,110
S_STR04247,S_U0079,S0047,2026-02-22 19:37:44.165915,112
S_STR04248,S_U0090,S0042,2026-02-13 16:31:08.123765,211
S_STR04249,S_U0085,S0050,2026-02-15 20:13:37.669817,136
S_STR04250,S_U0015,S0043,2026-02-07 16:04:34.145601,91
S_STR04251,S_U0098,S0011,2026-02-19 05:09:24.399350,64
S_STR04252,S_U0092,S0045,2026-02-11 22:06:39.853809,90
S_STR04253,S_U0044,S0046,2026-02-09 16:46:36.444885,48
S_STR04254,S_U0026,S0022,2026-02-10 19:05:46.762809,99
S_STR04255,S_U0086,S0049,2026-02-06 20:30:59.780956,87
S_STR04256,S_U0048,S0032,2026-02-23 05:26:32.437414,112
S_STR04257,S_U0023,S0038,2026-02-23 12:57:43.794680,57
S_STR04258,S_U0011,S0033,2026-02-21 10:21:49.796054,79
S_STR04259,S_U0034,S0037,2026-02-26 08:04:37.943752,104
S_STR04260,S_U0047,S0050,2026-02-27 17:33:44.325341,169
S_STR04261,S_U0056,S0035,2026-02-07 07:21:18.608357,298
S_STR04262,S_U0068,S0048,2026-02-01 06:15:31.162778,29
S_STR04263,S_U0100,S0050,2026-02-10 17:23:02.219481,92
S_STR04264,S_U0042,S0050,2026-02-23 00:23:39.785841,227
S_STR04265,S_U0054,S0022,2026-02-13 21:55:07.309248,203
S_STR04266,S_U0061,S0023,2026-02-06 06:09:56.787690,139
S_STR04267,S_U0088,S0044,2026-02-10 05:29:46.958200,125
S_STR04268,S_U0009,S0025,2026-02-22 08:51:38.350231,21
S_STR04269,S_U0025,S0030,2026-02-27 02:19:27.341133,63
S_STR04270,S_U0056,S0026,2026-03-01 05:30:52.956702,94
S_STR04271,S_U0035,S0008,2026-02-14 15:30:49.871936,189
S_STR04272,S_U0005,S0022,2026-02-11 14:59:10.925595,205
S_STR04273,S_U0008,S0010,2026-02-18 15:47:18.776993,193
S_STR04274,S_U0064,S0048,2026-02-18 11:04:50.379685,120
S_STR04275,S_U0047,S0025,2026-01-31 23:06:43.452903,208
S_STR04276,S_U0089,S0026,2026-02-12 23:36:23.711403,259
S_STR04277,S_U0096,S0044,2026-02-02 19:00:59.793389,289
S_STR04278,S_U0095,S0037,2026-02-10 03:13:03.173931,111
S_STR04279,S_U0033,S0037,2026-02-03 15:04:37.308215,111
S_STR04280,S_U0100,S0034,2026-02-11 06:02:55.934871,109
S_STR04281,S_U0050,S0042,2026-02-11 04:06:08.465074,103
S_STR04282,S_U0079,S0018,2026-02-16 13:23:35.986159,193
S_STR04283,S_U0002,S0037,2026-02-06 01:35:22.275327,105
S_STR04284,S_U0029,S0032,2026-02-04 04:45:06.252227,281
S_STR04285,S_U0023,S0012,2026-02-04 14:18:54.591240,207
S_STR04286,S_U0056,S0024,2026-02-06 02:09:59.499521,67
S_STR04287,S_U0079,S0040,2026-03-01 16:47:28.734798,120
S_STR04288,S_U0092,S0021,2026-01-31 11:59:24.202137,154
S_STR04289,S_U0073,S0038,2026-02-13 03:29:23.599533,8
S_STR04290,S_U0046,S0035,2026-03-01 18:32:06.886434,119
S_STR04291,S_U0028,S0047,2026-02-13 08:33:16.896750,156
S_STR04292,S_U0041,S0047,2026-02-02 12:54:31.540215,34
S_STR04293,S_U0004,S0040,2026-02-04 22:41:35.940637,82
S_STR04294,S_U0099,S0036,2026-02-04 16:39:31.281669,142
S_STR04295,S_U0051,S0016,2026-02-04 17:04:00.692845,34
S_STR04296,S_U0046,S0031,2026-02-27 07:29:22.919994,121
S_STR04297,S_U0051,S0026,2026-02-09 02:20:28.794757,257
S_STR04298,S_U0038,S0023,2026-02-14 12:06:45.165700,8
S_STR04299,S_U0098,S0037,2026-02-10 22:33:17.617236,79
S_STR04300,S_U0079,S0028,2026-02-10 22:14:13.979123,97
S_STR04301,S_U0075,S0015,2026-03-01 18:56:13.469694,55
S_STR04302,S_U0036,S0046,2026-02-26 02:44:51.463929,20
S_STR04303,S_U0079,S0044,2026-02-14 06:43:13.405577,148
S_STR04304,S_U0050,S0046,2026-02-13 06:39:27.245561,81
S_STR04305,S_U0048,S0031,2026-02-08 22:01:57.698260,10
S_STR04306,S_U0054,S0026,2026-02-12 01:02:29.721658,239
S_STR04307,S_U0033,S0048,2026-02-10 02:47:01.674461,40
S_STR04308,S_U0086,S0027,2026-02-23 16:48:42.289102,12
S_STR04309,S_U0068,S0033,2026-02-16 01:44:29.879345,151
S_STR04310,S_U0089,S0032,2026-02-01 10:08:25.226245,112
S_STR04311,S_U0023,S0036,2026-02-09 23:46:38.385678,149
S_STR04312,S_U0035,S0030,2026-02-26 01:33:12.493123,145
S_STR04313,S_U0031,S0033,2026-02-23 19:51:30.553885,149
S_STR04314,S_U0052,S0043,2026-02-21 00:37:39.587868,127
S_STR04315,S_U0074,S0020,2026-02-24 13:03:30.111887,134
S_STR04316,S_U0039,S0029,2026-03-01 13:00:46.300403,155
S_STR04317,S_U0052,S0044,2026-02-02 19:59:30.490947,257
S_STR04318,S_U0065,S0039,2026-02-21 17:26:36.324001,257
S_STR04319,S_U0042,S0017,2026-02-07 21:25:37.561522,102
S_STR04320,S_U0050,S0023,2026-02-27 03:25:35.705396,243
S_STR04321,S_U0040,S0012,2026-02-01 07:07:51.560332,164
S_STR04322,S_U0048,S0019,2026-02-08 13:31:54.412061,246
S_STR04323,S_U0041,S0031,2026-02-02 00:49:25.730071,44
S_STR04324,S_U0038,S0021,2026-02-06 22:51:59.182264,48
S_STR04325,S_U0013,S0012,2026-03-01 21:20:20.054214,40
S_STR04326,S_U0039,S0042,2026-02-28 19:56:06.504170,243
S_STR04327,S_U0010,S0029,2026-02-18 06:32:33.762105,275
S_STR04328,S_U0013,S0046,2026-02-23 16:42:53.230024,95
S_STR04329,S_U0044,S0020,2026-02-18 23:56:33.266233,30
S_STR04330,S_U0040,S0049,2026-02-28 22:50:02.081133,23
S_STR04331,S_U0036,S0031,2026-02-25 18:45:37.310697,73
S_STR04332,S_U0036,S0030,2026-02-01 06:51:45.400064,112
S_STR04333,S_U0036,S0017,2026-02-25 21:26:11.428083,113
S_STR04334,S_U0012,S0034,2026-02-21 04:40:27.180302,111
S_STR04335,S_U0073,S0040,2026-02-02 18:34:08.138849,112
S_STR04336,S_U0038,S0043,2026-02-23 00:11:38.506284,145
S_STR04337,S_U0003,S0037,2026-03-01 21:07:13.834120,50
S_STR04338,S_U0042,S0042,2026-02-19 06:46:15.623270,67
S_STR04339,S_U0012,S0021,2026-02-23 01:42:18.766028,93
S_STR04340,S_U0021,S0047,2026-02-23 22:12:09.033356,63
S_STR04341,S_U0097,S0028,2026-02-14 03:02:03.359392,178
S_STR04342,S_U0024,S0021,2026-02-03 17:38:15.876764,108
S_STR04343,S_U0073,S0050,2026-02-10 03:53:45.865269,204
S_STR04344,S_U0073,S0036,2026-02-12 15:28:28.391669,170
S_STR04345,S_U0095,S0049,2026-02-08 03:02:24.823425,60
S_STR04346,S_U0027,S0031,2026-02-07 06:14:56.596269,76
S_STR04347,S_U0052,S0027,2026-02-12 19:32:13.859185,148
S_STR04348,S_U0087,S0041,2026-02-26 16:56:34.264079,59
S_STR04349,S_U0092,S0043,2026-03-01 00:21:08.913661,138
S_STR04350,S_U0086,S0020,2026-02-14 16:43:43.286267,9
S_STR04351,S_U0077,S0043,2026-02-05 10:03:07.161541,91
S_STR04352,S_U0079,S0037,2026-02-17 20:59:45.447447,70
S_STR04353,S_U0099,S0020,2026-02-15 23:59:40.049747,94
S_STR04354,S_U0048,S0046,2026-02-27 02:55:03.144988,71
S_STR04355,S_U0079,S0004,2026-02-12 04:43:15.679531,68
S_STR04356,S_U0054,S0037,2026-02-03 06:13:29.353186,27
S_STR04357,S_U0080,S0017,2026-02-04 08:47:21.413034,75
S_STR04358,S_U0079,S0045,2026-02-15 11:33:50.274577,201
S_STR04359,S_U0013,S0026,2026-02-27 23:24:55.430846,110
S_STR04360,S_U0054,S0013,2026-02-19 06:25:42.097999,193
S_STR04361,S_U0057,S0049,2026-02-02 16:44:05.669186,91
S_STR04362,S_U0045,S0035,2026-02-25 03:05:56.792710,256
S_STR04363,S_U0037,S0044,2026-03-01 18:20:48.436260,235
S_STR04364,S_U0026,S0021,2026-02-16 11:20:04.390550,77
S_STR04365,S_U0013,S0041,2026-02-13 12:55:58.230937,232
S_STR04366,S_U0024,S0045,2026-01-31 22:24:53.075004,174
S_STR04367,S_U0055,S0035,2026-02-21 03:53:12.242086,282
S_STR04368,S_U0004,S0040,2026-02-24 21:25:31.336678,27
S_STR04369,S_U0069,S0045,2026-02-04 15:32:56.767196,103
S_STR04370,S_U0009,S0024,2026-02-16 22:20:05.665249,154
S_STR04371,S_U0039,S0043,2026-02-10 14:54:15.005762,140
S_STR04372,S_U0022,S0050,2026-02-06 13:20:15.954263,129
S_STR04373,S_U0075,S0033,2026-02-28 16:42:16.893176,95
S_STR04374,S_U0038,S0017,2026-02-13 02:40:01.383195,82
S_STR04375,S_U0094,S0047,2026-02-11 23:08:34.460266,119
S_STR04376,S_U0063,S0016,2026-02-03 01:08:24.471867,110
S_STR04377,S_U0063,S0008,2026-02-10 04:15:04.368604,119
S_STR04378,S_U0065,S0033,2026-02-10 14:28:05.978039,66
S_STR04379,S_U0096,S0038,2026-02-17 16:52:24.712393,40
S_STR04380,S_U0070,S0050,2026-02-07 19:46:01.420516,107
S_STR04381,S_U0042,S0006,2026-02-17 04:23:08.203676,142
S_STR04382,S_U0001,S0028,2026-02-20 03:24:03.034350,22
S_STR04383,S_U0068,S0028,2026-02-25 10:44:29.097791,220
S_STR04384,S_U0034,S0044,2026-02-24 07:03:18.453433,265
S_STR04385,S_U0034,S0041,2026-02-21 21:05:33.770344,220
S_STR04386,S_U0085,S0029,2026-02-12 05:22:12.017931,148
S_STR04387,S_U0034,S0050,2026-02-01 01:52:44.528886,30
S_STR04388,S_U0077,S0037,2026-02-02 14:49:58.654542,63
S_STR04389,S_U0065,S0032,2026-02-11 05:20:02.876947,159
S_STR04390,S_U0039,S0045,2026-01-31 15:14:09.826348,159
S_STR04391,S_U0076,S0045,2026-01-31 11:23:56.248564,72
S_STR04392,S_U0014,S0007,2026-02-09 02:01:39.374195,85
S_STR04393,S_U0019,S0048,2026-02-28 03:35:26.199273,39
S_STR04394,S_U0044,S0009,2026-02-06 22:04:11.296320,93
S_STR04395,S_U0057,S0016,2026-02-06 18:22:37.980445,192
S_STR04396,S_U0090,S0049,2026-02-10 15:27:17.612373,76
S_STR04397,S_U0046,S0033,2026-03-01 01:08:00.197081,92
S_STR04398,S_U0015,S0049,2026-03-01 11:28:54.860289,93
S_STR04399,S_U0037,S0025,2026-02-11 02:06:59.448282,19
S_STR04400,S_U0085,S0044,2026-02-16 12:40:50.061522,278
S_STR04401,S_U0038,S0035,2026-02-26 18:10:01.052978,317
S_STR04402,S_U0023,S0038,2026-02-18 14:24:21.061593,164
S_STR04403,S_U0033,S0043,2026-02-19 14:42:55.680706,36
S_STR04404,S_U0075,S0042,2026-02-27 14:00:06.920296,103
S_STR04405,S_U0028,S0048,2026-02-17 17:31:12.634280,252
S_STR04406,S_U0025,S0007,2026-02-05 02:00:37.791915,277
S_STR04407,S_U0065,S0050,2026-02-12 19:59:39.344299,116
S_STR04408,S_U0032,S0035,2026-02-16 09:12:18.402133,128
S_STR04409,S_U0092,S0034,2026-02-15 05:05:48.180833,209
S_STR04410,S_U0004,S0004,2026-01-31 12:36:04.140620,77
S_STR04411,S_U0024,S0034,2026-02-21 16:37:53.412956,41
S_STR04412,S_U0034,S0009,2026-02-15 05:30:55.086753,26
S_STR04413,S_U0038,S0030,2026-02-26 14:52:03.072474,85
S_STR04414,S_U0095,S0014,2026-02-19 07:04:34.112267,307
S_STR04415,S_U0053,S0048,2026-02-04 02:22:00.965020,65
S_STR04416,S_U0085,S0035,2026-02-21 03:35:29.813290,70
S_STR04417,S_U0081,S0036,2026-02-16 08:48:03.886154,183
S_STR04418,S_U0071,S0024,2026-02-01 22:55:34.256336,349
S_STR04419,S_U0090,S0043,2026-02-23 23:59:01.369459,110
S_STR04420,S_U0021,S0038,2026-02-21 23:09:56.503461,150
S_STR04421,S_U0033,S0048,2026-02-11 05:34:46.750822,164
S_STR04422,S_U0035,S0016,2026-02-27 06:18:23.444537,23
S_STR04423,S_U0014,S0027,2026-02-01 16:29:38.563802,117
S_STR04424,S_U0063,S0014,2026-02-02 05:15:49.420639,72
S_STR04425,S_U0093,S0044,2026-02-04 22:27:43.637596,138
S_STR04426,S_U0076,S0034,2026-02-07 01:50:31.117029,96
S_STR04427,S_U0017,S0043,2026-02-13 12:23:47.970982,150
S_STR04428,S_U0079,S0015,2026-02-02 04:10:35.751445,78
S_STR04429,S_U0032,S0026,2026-02-06 04:10:41.182722,128
S_STR04430,S_U0097,S0045,2026-02-09 14:14:42.699307,8
S_STR04431,S_U0047,S0014,2026-02-08 22:39:08.320498,269
S_STR04432,S_U0020,S0042,2026-02-25 08:33:20.922228,57
S_STR04433,S_U0065,S0029,2026-02-07 07:46:33.578127,187
S_STR04434,S_U0068,S0042,2026-02-03 05:21:54.741825,44
S_STR04435,S_U0070,S0030,2026-02-27 09:53:46.041738,67
S_STR04436,S_U0046,S0024,2026-02-23 23:35:53.244874,136
S_STR04437,S_U0050,S0047,2026-03-01 10:51:30.291319,83
S_STR04438,S_U0099,S0010,2026-02-10 10:35:58.250659,201
S_STR04439,S_U0052,S0024,2026-02-14 06:13:27.059288,340
S_STR04440,S_U0081,S0046,2026-02-26 09:19:03.496440,44
S_STR04441,S_U0056,S0031,2026-02-04 06:03:34.622522,7
S_STR04442,S_U0050,S0044,2026-02-13 02:44:10.670179,193
S_STR04443,S_U0004,S0041,2026-02-27 20:03:09.052701,49
S_STR04444,S_U0086,S0029,2026-02-14 23:49:30.985984,334
S_STR04445,S_U0031,S0041,2026-02-11 01:17:21.656207,37
S_STR04446,S_U0025,S0047,2026-02-28 17:30:57.342589,264
S_STR04447,S_U0043,S0021,2026-02-12 14:39:30.842208,220
S_STR04448,S_U0068,S0045,2026-02-25 11:54:22.856297,37
S_STR04449,S_U0021,S0040,2026-02-20 02:58:34.933654,131
S_STR04450,S_U0049,S0049,2026-02-03 22:51:59.603923,101
S_STR04451,S_U0017,S0035,2026-02-22 00:38:24.136586,20
S_STR04452,S_U0073,S0012,2026-02-17 03:49:47.139297,198
S_STR04453,S_U0045,S0006,2026-02-05 00:02:01.431922,185
S_STR04454,S_U0054,S0016,2026-02-04 09:23:30.849038,11
S_STR04455,S_U0065,S0041,2026-02-16 19:55:21.050662,116
S_STR04456,S_U0038,S0025,2026-02-21 01:12:16.885931,211
S_STR04457,S_U0085,S0022,2026-03-01 02:26:43.433248,157
S_STR04458,S_U0005,S0046,2026-02-11 09:34:39.425225,27
S_STR04459,S_U0089,S0031,2026-02-18 01:03:44.081421,67
S_STR04460,S_U0034,S0047,2026-02-05 02:53:22.429267,65
S_STR04461,S_U0036,S0039,2026-02-27 19:32:44.515951,208
S_STR04462,S_U0054,S0038,2026-02-09 22:21:43.649775,161
S_STR04463,S_U0049,S0018,2026-02-06 17:08:18.652598,189
S_STR04464,S_U0072,S0049,2026-02-08 23:34:22.014316,20
S_STR04465,S_U0045,S0050,2026-02-27 23:21:48.924294,45
S_STR04466,S_U0025,S0012,2026-02-02 16:25:56.147299,179
S_STR04467,S_U0072,S0032,2026-02-25 22:24:34.181544,254
S_STR04468,S_U0052,S0049,2026-02-21 04:10:10.755971,26
S_STR04469,S_U0071,S0031,2026-02-02 12:41:32.943196,148
S_STR04470,S_U0005,S0046,2026-02-12 21:17:51.068172,142
S_STR04471,S_U0032,S0028,2026-02-20 12:06:00.779691,206
S_STR04472,S_U0064,S0038,2026-02-14 15:10:56.840262,87
S_STR04473,S_U0083,S0044,2026-02-18 02:41:35.201835,123
S_STR04474,S_U0048,S0046,2026-02-03 22:54:26.670755,22
S_STR04475,S_U0005,S0014,2026-03-02 02:41:38.031283,168
S_STR04476,S_U0041,S0026,2026-02-04 13:16:36.889992,268
S_STR04477,S_U0016,S0028,2026-02-15 22:52:04.134302,80
S_STR04478,S_U0099,S0038,2026-02-27 14:39:16.202852,52
S_STR04479,S_U0033,S0044,2026-02-06 18:39:08.834530,27
S_STR04480,S_U0098,S0040,2026-02-10 19:26:40.417219,51
S_STR04481,S_U0092,S0045,2026-02-25 11:56:47.174398,111
S_STR04482,S_U0022,S0033,2026-02-17 21:30:52.910974,143
S_STR04483,S_U0063,S0033,2026-02-19 16:30:26.572143,29
S_STR04484,S_U0032,S0045,2026-02-14 20:49:42.526919,135
S_STR04485,S_U0040,S0025,2026-02-27 05:50:02.739139,90
S_STR04486,S_U0082,S0035,2026-02-11 10:47:24.242304,55
S_STR04487,S_U0009,S0048,2026-02-09 10:25:31.700266,168
S_STR04488,S_U0014,S0023,2026-02-27 10:26:58.168770,230
S_STR04489,S_U0092,S0010,2026-02-06 17:22:07.773473,213
S_STR04490,S_U0090,S0049,2026-02-20 20:06:11.357707,95
S_STR04491,S_U0007,S0044,2026-01-31 13:37:27.338468,55
S_STR04492,S_U0027,S0013,2026-02-11 10:58:34.088139,46
S_STR04493,S_U0003,S0032,2026-02-21 10:08:52.007273,205
S_STR04494,S_U0088,S0050,2026-02-23 16:27:21.536219,11
S_STR04495,S_U0083,S0044,2026-02-05 11:39:06.474299,28
S_STR04496,S_U0022,S0048,2026-02-18 11:11:56.790378,141
S_STR04497,S_U0007,S0032,2026-02-26 02:14:29.074675,80
S_STR04498,S_U0010,S0039,2026-02-27 04:03:13.750923,285
S_STR04499,S_U0062,S0046,2026-03-01 06:16:10.037715,131
S_STR04500,S_U0080,S0043,2026-02-04 23:04:57.105999,58
S_STR04501,S_U0054,S0041,2026-02-20 07:14:49.570674,58
S_STR04502,S_U0070,S0028,2026-02-25 23:43:03.159033,222
S_STR04503,S_U0100,S0050,2026-02-10 05:16:48.602069,155
S_STR04504,S_U0072,S0037,2026-02-16 00:27:16.089775,86
S_STR04505,S_U0100,S0033,2026-02-01 09:11:32.059727,20
S_STR04506,S_U0072,S0031,2026-02-18 08:09:49.253261,19
S_STR04507,S_U0073,S0036,2026-01-31 12:24:46.157074,194
S_STR04508,S_U0062,S0048,2026-02-26 05:06:19.078054,31
S_STR04509,S_U0072,S0023,2026-02-12 22:38:46.629364,167
S_STR04510,S_U0097,S0033,2026-02-13 02:38:12.520480,80
S_STR04511,S_U0067,S0044,2026-01-31 23:15:57.089753,106
S_STR04512,S_U0036,S0021,2026-02-16 23:00:50.946673,168
S_STR04513,S_U0083,S0013,2026-02-11 01:48:36.889065,56
S_STR04514,S_U0074,S0047,2026-02-02 15:49:32.275130,260
S_STR04515,S_U0003,S0033,2026-02-21 23:38:37.720753,47
S_STR04516,S_U0040,S0046,2026-02-11 03:14:25.651944,39
S_STR04517,S_U0024,S0048,2026-02-26 00:22:25.760366,190
S_STR04518,S_U0091,S0025,2026-02-22 01:46:24.651015,181
S_STR04519,S_U0058,S0029,2026-02-04 08:57:05.980780,14
S_STR04520,S_U0083,S0048,2026-02-26 19:33:16.528944,137
S_STR04521,S_U0085,S0036,2026-02-03 04:50:28.202060,331
S_STR04522,S_U0086,S0020,2026-02-23 23:44:52.635174,14
S_STR04523,S_U0034,S0028,2026-01-31 13:16:19.397665,9
S_STR04524,S_U0082,S0013,2026-02-13 22:05:42.572183,63
S_STR04525,S_U0051,S0033,2026-02-17 05:24:13.211010,122
S_STR04526,S_U0014,S0050,2026-02-03 17:49:29.837061,100
S_STR04527,S_U0027,S0027,2026-02-26 07:59:57.108603,170
S_STR04528,S_U0043,S0049,2026-01-31 11:58:14.327677,110
S_STR04529,S_U0013,S0034,2026-02-28 19:37:27.373590,123
S_STR04530,S_U0034,S0047,2026-03-01 12:31:02.553928,273
S_STR04531,S_U0096,S0032,2026-02-22 11:39:56.919005,210
S_STR04532,S_U0048,S0043,2026-02-18 12:08:31.563303,87
S_STR04533,S_U0070,S0048,2026-02-03 11:56:08.227432,59
S_STR04534,S_U0079,S0031,2026-02-16 08:08:46.164362,109
S_STR04535,S_U0084,S0044,2026-02-01 10:41:32.742273,225
S_STR04536,S_U0015,S0050,2026-02-07 19:06:02.590740,45
S_STR04537,S_U0094,S0027,2026-02-11 01:14:02.407304,144
S_STR04538,S_U0082,S0050,2026-02-28 20:28:41.673059,111
S_STR04539,S_U0038,S0050,2026-02-02 04:59:21.700531,101
S_STR04540,S_U0055,S0031,2026-02-06 13:52:58.703556,8
S_STR04541,S_U0073,S0034,2026-02-23 05:53:12.409173,42
S_STR04542,S_U0006,S0049,2026-02-01 16:22:25.788683,22
S_STR04543,S_U0056,S0045,2026-02-14 04:36:52.197282,102
S_STR04544,S_U0021,S0036,2026-02-11 19:47:21.152153,144
S_STR04545,S_U0009,S0040,2026-02-19 02:53:34.508678,110
S_STR04546,S_U0098,S0010,2026-02-10 13:47:10.366297,90
S_STR04547,S_U0070,S0043,2026-02-14 12:28:02.570545,29
S_STR04548,S_U0038,S0047,2026-02-22 02:46:33.322499,134
S_STR04549,S_U0090,S0016,2026-02-28 14:25:33.011585,264
S_STR04550,S_U0095,S0023,2026-02-11 11:43:09.888068,113
S_STR04551,S_U0056,S0041,2026-02-14 07:39:18.914052,83
S_STR04552,S_U0081,S0014,2026-02-12 19:44:09.215913,26
S_STR04553,S_U0083,S0035,2026-02-21 05:29:25.929255,44
S_STR04554,S_U0071,S0041,2026-02-03 08:53:55.904820,45
S_STR04555,S_U0064,S0035,2026-02-28 10:36:24.868133,159
S_STR04556,S_U0002,S0034,2026-02-11 07:08:16.063605,12
S_STR04557,S_U0036,S0018,2026-02-15 20:14:12.056542,296
S_STR04558,S_U0017,S0027,2026-02-11 08:36:52.175323,136
S_STR04559,S_U0037,S0049,2026-02-03 10:42:49.511349,65
S_STR04560,S_U0058,S0036,2026-02-09 20:28:35.116518,198
S_STR04561,S_U0076,S0029,2026-02-17 12:33:03.541545,121
S_STR04562,S_U0074,S0044,2026-02-20 00:42:15.861233,315
S_STR04563,S_U0017,S0021,2026-02-16 16:23:28.465306,17
S_STR04564,S_U0086,S0036,2026-02-25 16:29:39.610850,302
S_STR04565,S_U0081,S0018,2026-02-12 21:36:20.930958,191
S_STR04566,S_U0098,S0035,2026-02-19 04:54:58.114686,304
S_STR04567,S_U0042,S0039,2026-02-16 07:00:21.228379,183
S_STR04568,S_U0091,S0042,2026-02-11 16:32:06.349844,72
S_STR04569,S_U0022,S0033,2026-02-07 22:10:51.235692,110
S_STR04570,S_U0080,S0049,2026-02-12 12:48:43.643483,106
S_STR04571,S_U0069,S0009,2026-02-01 17:44:59.630581,102
S_STR04572,S_U0084,S0026,2026-02-11 02:41:05.945952,30
S_STR04573,S_U0091,S0044,2026-02-13 13:29:41.809701,207
S_STR04574,S_U0050,S0037,2026-02-17 17:57:32.498082,9
S_STR04575,S_U0073,S0042,2026-02-25 13:51:53.460639,245
S_STR04576,S_U0031,S0024,2026-02-16 03:36:13.850216,211
S_STR04577,S_U0085,S0042,2026-01-31 15:54:00.491085,110
S_STR04578,S_U0006,S0033,2026-02-04 18:34:06.452341,49
S_STR04579,S_U0012,S0046,2026-02-02 06:53:34.082239,39
S_STR04580,S_U0061,S0013,2026-02-26 08:47:10.882681,80
S_STR04581,S_U0069,S0041,2026-02-16 10:29:26.259674,238
S_STR04582,S_U0083,S0019,2026-02-23 07:55:59.012973,61
S_STR04583,S_U0087,S0023,2026-03-01 23:36:23.318388,172
S_STR04584,S_U0080,S0032,2026-02-17 12:26:56.245942,161
S_STR04585,S_U0054,S0033,2026-02-09 04:40:12.104627,86
S_STR04586,S_U0015,S0018,2026-02-27 02:51:06.457855,184
S_STR04587,S_U0100,S0038,2026-02-13 04:14:16.213682,158
S_STR04588,S_U0090,S0006,2026-02-04 11:14:01.922802,69
S_STR04589,S_U0049,S0036,2026-02-27 18:03:05.731105,135
S_STR04590,S_U0097,S0015,2026-02-24 14:48:55.887300,8
S_STR04591,S_U0084,S0021,2026-02-18 09:05:42.919257,51
S_STR04592,S_U0065,S0036,2026-01-31 13:52:04.992880,151
S_STR04593,S_U0011,S0046,2026-02-22 18:26:50.528531,41
S_STR04594,S_U0022,S0029,2026-02-19 20:18:31.046279,99
S_STR04595,S_U0050,S0025,2026-02-11 00:39:21.835403,21
S_STR04596,S_U0048,S0005,2026-02-15 17:37:31.353055,238
S_STR04597,S_U0100,S0048,2026-02-05 18:40:26.299551,46
S_STR04598,S_U0040,S0036,2026-02-10 18:13:27.323003,294
S_STR04599,S_U0015,S0047,2026-02-27 11:36:21.064113,152
S_STR04600,S_U0019,S0039,2026-02-17 18:06:51.912585,51
S_STR04601,S_U0031,S0030,2026-02-24 14:48:05.617025,62
S_STR04602,S_U0079,S0019,2026-02-28 20:33:12.046307,283
S_STR04603,S_U0078,S0046,2026-02-12 17:56:13.063544,86
S_STR04604,S_U0012,S0031,2026-02-26 09:37:49.837253,139
S_STR04605,S_U0002,S0047,2026-02-26 17:04:02.438364,182
S_STR04606,S_U0066,S0022,2026-02-06 20:25:40.909955,171
S_STR04607,S_U0005,S0022,2026-02-10 02:15:00.948617,179
S_STR04608,S_U0062,S0041,2026-02-02 17:15:10.389369,223
S_STR04609,S_U0088,S0033,2026-02-28 21:26:41.344395,56
S_STR04610,S_U0062,S0050,2026-02-26 12:21:33.286080,89
S_STR04611,S_U0084,S0048,2026-02-20 06:40:37.487012,20
S_STR04612,S_U0054,S0024,2026-02-05 00:39:18.377077,90
S_STR04613,S_U0045,S0050,2026-02-08 12:08:39.654977,54
S_STR04614,S_U0035,S0047,2026-02-06 04:47:37.725915,162
S_STR04615,S_U0062,S0009,2026-02-01 21:19:19.359919,38
S_STR04616,S_U0050,S0025,2026-03-02 04:38:47.074774,173
S_STR04617,S_U0038,S0035,2026-02-27 04:28:13.784445,164
S_STR04618,S_U0030,S0048,2026-03-01 19:36:44.366846,142
S_STR04619,S_U0043,S0026,2026-02-15 22:08:26.882246,155
S_STR04620,S_U0022,S0022,2026-02-21 19:27:25.231666,189
S_STR04621,S_U0094,S0036,2026-02-28 05:13:20.307785,315
S_STR04622,S_U0010,S0050,2026-02-13 01:24:31.279681,252
S_STR04623,S_U0061,S0028,2026-02-12 20:40:42.555811,137
S_STR04624,S_U0054,S0049,2026-03-02 04:13:51.119979,115
S_STR04625,S_U0011,S0050,2026-02-25 11:59:48.250659,136
S_STR04626,S_U0031,S0027,2026-02-25 18:10:00.537562,153
S_STR04627,S_U0086,S0020,2026-02-17 00:21:14.397599,77
S_STR04628,S_U0025,S0008,2026-02-21 03:40:59.712019,304
S_STR04629,S_U0053,S0023,2026-02-18 00:06:34.445711,184
S_STR04630,S_U0074,S0042,2026-02-15 05:16:46.298323,245
S_STR04631,S_U0094,S0041,2026-02-05 08:28:24.026170,43
S_STR04632,S_U0014,S0042,2026-02-11 20:05:40.077647,81
S_STR04633,S_U0006,S0014,2026-02-08 17:23:46.848687,106
S_STR04634,S_U0054,S0048,2026-02-08 15:57:39.659319,136
S_STR04635,S_U0002,S0044,2026-02-09 17:42:51.100360,190
S_STR04636,S_U0019,S0031,2026-02-27 17:49:35.591985,151
S_STR04637,S_U0077,S0038,2026-02-25 06:51:33.477860,17
S_STR04638,S_U0055,S0038,2026-02-10 01:19:50.773699,101
S_STR04639,S_U0062,S0025,2026-02-15 02:48:37.590791,79
S_STR04640,S_U0091,S0032,2026-02-07 16:19:28.724123,47
S_STR04641,S_U0059,S0037,2026-02-01 14:28:56.033542,94
S_STR04642,S_U0035,S0046,2026-02-21 21:38:00.283260,98
S_STR04643,S_U0092,S0049,2026-02-15 07:36:50.864705,116
S_STR04644,S_U0002,S0040,2026-02-20 19:52:05.640984,9
S_STR04645,S_U0049,S0012,2026-02-12 19:48:57.034581,268
S_STR04646,S_U0066,S0034,2026-02-26 03:46:18.098482,169
S_STR04647,S_U0028,S0041,2026-02-14 13:35:27.522793,217
S_STR04648,S_U0096,S0022,2026-03-02 04:37:57.336742,157
S_STR04649,S_U0009,S0031,2026-02-01 02:08:34.316505,7
S_STR04650,S_U0087,S0024,2026-02-09 19:05:46.020342,66
S_STR04651,S_U0046,S0031,2026-02-12 07:30:57.888031,52
S_STR04652,S_U0001,S0030,2026-02-07 05:02:12.098880,112
S_STR04653,S_U0043,S0045,2026-02-09 18:54:30.453144,193
S_STR04654,S_U0031,S0009,2026-02-06 23:38:25.051885,152
S_STR04655,S_U0021,S0038,2026-02-23 01:32:59.379381,49
S_STR04656,S_U0090,S0033,2026-01-31 11:51:59.868152,78
S_STR04657,S_U0071,S0011,2026-02-03 18:23:47.029811,53
S_STR04658,S_U0030,S0021,2026-02-01 23:34:44.630138,165
S_STR04659,S_U0087,S0023,2026-02-18 21:55:21.811138,15
S_STR04660,S_U0066,S0029,2026-02-11 01:02:13.528521,257
S_STR04661,S_U0018,S0006,2026-02-17 18:41:11.021811,13
S_STR04662,S_U0065,S0020,2026-02-05 12:11:12.580567,79
S_STR04663,S_U0083,S0043,2026-02-01 07:06:52.373800,57
S_STR04664,S_U0036,S0035,2026-02-13 14:22:28.708021,47
S_STR04665,S_U0015,S0038,2026-03-01 13:01:59.108214,177
S_STR04666,S_U0024,S0046,2026-02-04 18:04:29.475224,129
S_STR04667,S_U0060,S0025,2026-02-08 07:08:34.840888,40
S_STR04668,S_U0073,S0041,2026-02-10 02:52:49.585799,147
S_STR04669,S_U0097,S0012,2026-02-05 01:01:05.282679,246
S_STR04670,S_U0020,S0033,2026-02-13 08:31:33.687340,123
S_STR04671,S_U0005,S0008,2026-02-17 16:08:40.828195,148
S_STR04672,S_U0068,S0023,2026-02-18 01:43:26.430561,87
S_STR04673,S_U0013,S0042,2026-02-07 14:17:47.957369,147
S_STR04674,S_U0089,S0038,2026-02-01 22:37:10.889844,157
S_STR04675,S_U0075,S0050,2026-02-13 08:59:51.629691,269
S_STR04676,S_U0032,S0037,2026-02-28 16:38:13.241916,154
S_STR04677,S_U0098,S0046,2026-02-17 12:21:37.458289,180
S_STR04678,S_U0068,S0045,2026-02-07 22:20:19.031984,128
S_STR04679,S_U0019,S0047,2026-02-18 18:39:47.944026,52
S_STR04680,S_U0011,S0031,2026-02-22 12:13:01.130230,32
S_STR04681,S_U0047,S0025,2026-03-01 18:16:21.833043,90
S_STR04682,S_U0035,S0048,2026-01-31 14:19:19.182589,273
S_STR04683,S_U0063,S0047,2026-02-28 02:51:56.920724,174
S_STR04684,S_U0022,S0048,2026-02-01 15:41:10.143976,206
S_STR04685,S_U0019,S0045,2026-02-17 15:48:07.904523,61
S_STR04686,S_U0043,S0022,2026-02-14 20:09:04.387222,194
S_STR04687,S_U0091,S0018,2026-03-01 09:24:26.608126,97
S_STR04688,S_U0057,S0050,2026-02-25 13:38:15.517014,239
S_STR04689,S_U0033,S0020,2026-03-01 05:03:54.325897,107
S_STR04690,S_U0084,S0014,2026-02-19 07:20:23.112235,312
S_STR04691,S_U0075,S0009,2026-02-23 16:10:24.500964,207
S_STR04692,S_U0047,S0022,2026-02-17 23:49:18.936597,24
S_STR04693,S_U0098,S0045,2026-02-07 18:08:56.609138,78
S_STR04694,S_U0090,S0043,2026-02-24 15:21:36.400889,33
S_STR04695,S_U0024,S0013,2026-02-11 19:59:03.757712,93
S_STR04696,S_U0059,S0048,2026-02-25 10:02:40.365247,127
S_STR04697,S_U0084,S0043,2026-02-22 01:17:02.374124,27
S_STR04698,S_U0036,S0013,2026-02-25 09:57:09.290310,109
S_STR04699,S_U0085,S0033,2026-02-11 01:35:59.146269,85
S_STR04700,S_U0035,S0034,2026-01-31 17:12:03.637844,220
S_STR04701,S_U0096,S0032,2026-02-21 09:27:06.073853,32
S_STR04702,S_U0067,S0014,2026-02-23 19:21:02.171643,222
S_STR04703,S_U0088,S0041,2026-02-02 16:57:03.470660,41
S_STR04704,S_U0061,S0026,2026-02-01 13:40:46.500969,211
S_STR04705,S_U0025,S0040,2026-02-02 19:39:20.986532,80
S_STR04706,S_U0089,S0025,2026-02-09 13:09:01.081713,66
S_STR04707,S_U0005,S0049,2026-02-28 04:34:38.305274,78
S_STR04708,S_U0091,S0023,2026-02-13 13:16:42.529991,103
S_STR04709,S_U0065,S0036,2026-02-09 03:30:53.471215,171
S_STR04710,S_U0049,S0008,2026-02-19 20:13:44.205237,53
S_STR04711,S_U0047,S0047,2026-02-24 05:16:22.159309,81
S_STR04712,S_U0017,S0015,2026-02-01 16:58:24.172570,211
S_STR04713,S_U0037,S0027,2026-02-09 19:45:44.638058,172
S_STR04714,S_U0016,S0040,2026-02-24 14:39:31.677699,6
S_STR04715,S_U0067,S0031,2026-02-19 06:29:12.215178,138
S_STR04716,S_U0096,S0003,2026-02-14 18:50:27.000492,21
S_STR04717,S_U0051,S0038,2026-02-09 18:51:36.371049,120
S_STR04718,S_U0005,S0037,2026-02-17 08:23:41.020540,136
S_STR04719,S_U0088,S0020,2026-02-16 15:41:41.150463,44
S_STR04720,S_U0051,S0037,2026-02-23 15:21:42.932403,40
S_STR04721,S_U0015,S0011,2026-02-15 00:08:48.647554,153
S_STR04722,S_U0042,S0025,2026-02-24 19:29:54.802550,93
S_STR04723,S_U0004,S0043,2026-02-15 11:42:04.767942,87
S_STR04724,S_U0067,S0022,2026-02-12 17:59:34.402083,8
S_STR04725,S_U0082,S0005,2026-02-07 06:52:23.587118,86
S_STR04726,S_U0076,S0032,2026-02-16 03:43:14.518189,144
S_STR04727,S_U0019,S0050,2026-02-01 11:39:33.633366,112
S_STR04728,S_U0018,S0024,2026-02-09 00:14:46.955793,71
S_STR04729,S_U0010,S0043,2026-02-27 07:49:46.360726,13
S_STR04730,S_U0068,S0041,2026-02-09 19:25:53.380188,100
S_STR04731,S_U0023,S0026,2026-02-12 07:17:27.810871,98
S_STR04732,S_U0023,S0024,2026-02-23 06:20:29.443818,285
S_STR04733,S_U0024,S0037,2026-02-08 01:13:33.081293,138
S_STR04734,S_U0052,S0034,2026-02-05 01:58:51.728848,203
S_STR04735,S_U0055,S0016,2026-02-27 15:52:12.157670,225
S_STR04736,S_U0071,S0014,2026-02-18 01:17:12.763018,125
S_STR04737,S_U0038,S0045,2026-02-14 20:40:00.873985,201
S_STR04738,S_U0099,S0048,2026-02-11 20:37:31.120334,110
S_STR04739,S_U0065,S0035,2026-02-15 12:05:38.369171,137
S_STR04740,S_U0039,S0042,2026-02-07 08:51:34.017955,228
S_STR04741,S_U0065,S0042,2026-02-07 14:18:17.159909,124
S_STR04742,S_U0075,S0049,2026-02-18 13:27:13.028398,53
S_STR04743,S_U0029,S0048,2026-02-19 19:51:46.928303,53
S_STR04744,S_U0042,S0034,2026-02-26 12:29:12.736388,54
S_STR04745,S_U0056,S0045,2026-02-18 14:29:35.932385,111
S_STR04746,S_U0026,S0034,2026-02-11 22:02:12.746639,59
S_STR04747,S_U0099,S0036,2026-02-28 01:14:54.809061,269
S_STR04748,S_U0091,S0038,2026-02-25 19:12:43.451908,110
S_STR04749,S_U0046,S0046,2026-02-14 08:10:30.050958,24
S_STR04750,S_U0007,S0038,2026-02-23 09:58:31.742730,191
S_STR04751,S_U0062,S0046,2026-02-27 01:08:44.629191,177
S_STR04752,S_U0050,S0012,2026-02-26 23:23:49.885337,102
S_STR04753,S_U0100,S0050,2026-02-07 22:35:24.581526,182
S_STR04754,S_U0085,S0050,2026-02-04 06:55:11.600425,131
S_STR04755,S_U0078,S0028,2026-02-08 12:09:47.106191,112
S_STR04756,S_U0037,S0038,2026-02-18 03:26:56.704422,194
S_STR04757,S_U0059,S0041,2026-02-20 01:34:32.436773,117
S_STR04758,S_U0002,S0021,2026-02-09 02:29:25.428115,51
S_STR04759,S_U0074,S0036,2026-02-26 12:48:08.924011,287
S_STR04760,S_U0001,S0011,2026-02-27 16:32:57.508493,89
S_STR04761,S_U0057,S0050,2026-02-08 19:31:46.526002,5
S_STR04762,S_U0057,S0044,2026-02-14 06:34:23.124407,84
S_STR04763,S_U0100,S0023,2026-02-10 22:20:19.089110,171
S_STR04764,S_U0025,S0040,2026-02-27 15:18:38.052792,60
S_STR04765,S_U0043,S0014,2026-02-23 09:03:37.907721,200
S_STR04766,S_U0082,S0030,2026-02-24 21:18:17.927845,70
S_STR04767,S_U0074,S0028,2026-02-05 17:04:43.741096,19
S_STR04768,S_U0070,S0050,2026-02-09 01:59:36.159783,43
S_STR04769,S_U0029,S0036,2026-02-08 20:15:01.769757,43
S_STR04770,S_U0060,S0002,2026-02-01 12:35:53.617928,77
S_STR04771,S_U0036,S0035,2026-02-27 03:33:03.980948,135
S_STR04772,S_U0025,S0036,2026-02-27 16:33:11.576633,22
S_STR04773,S_U0049,S0047,2026-02-23 00:32:22.269014,273
S_STR04774,S_U0033,S0030,2026-02-06 10:20:53.125296,24
S_STR04775,S_U0039,S0047,2026-02-21 22:41:58.248452,268
S_STR04776,S_U0070,S0033,2026-02-13 05:35:11.213184,86
S_STR04777,S_U0040,S0047,2026-02-13 13:00:02.824098,289
S_STR04778,S_U0009,S0020,2026-02-16 10:25:21.199574,106
S_STR04779,S_U0078,S0027,2026-02-02 16:20:48.700830,98
S_STR04780,S_U0042,S0029,2026-02-21 14:30:15.070444,245
S_STR04781,S_U0028,S0049,2026-02-27 03:13:29.395395,17
S_STR04782,S_U0053,S0008,2026-02-05 01:56:50.951126,155
S_STR04783,S_U0027,S0041,2026-02-06 01:50:46.042301,15
S_STR04784,S_U0040,S0021,2026-02-04 14:03:42.398247,16
S_STR04785,S_U0056,S0050,2026-02-25 08:36:30.800043,114
S_STR04786,S_U0024,S0039,2026-02-11 21:27:04.677832,227
S_STR04787,S_U0095,S0049,2026-02-20 08:56:56.806773,112
S_STR04788,S_U0030,S0028,2026-02-28 18:16:34.354865,206
S_STR04789,S_U0058,S0033,2026-02-10 13:57:19.449111,47
S_STR04790,S_U0016,S0035,2026-02-14 17:42:30.639183,213
S_STR04791,S_U0071,S0042,2026-02-19 11:31:09.700261,31
S_STR04792,S_U0075,S0041,2026-02-08 22:28:43.754748,87
S_STR04793,S_U0028,S0048,2026-02-27 16:33:34.187495,116
S_STR04794,S_U0073,S0045,2026-01-31 18:56:50.268775,168
S_STR04795,S_U0006,S0029,2026-02-23 14:16:54.199875,161
S_STR04796,S_U0080,S0043,2026-03-02 07:32:20.558717,9
S_STR04797,S_U0089,S0050,2026-02-25 11:52:26.403304,330
S_STR04798,S_U0019,S0046,2026-02-08 01:59:49.637822,101
S_STR04799,S_U0061,S0048,2026-02-22 05:16:40.631319,7
S_STR04800,S_U0053,S0035,2026-02-27 23:14:44.820011,176
S_STR04801,S_U0003,S0047,2026-02-06 14:19:32.556882,267
S_STR04802,S_U0004,S0050,2026-02-18 20:38:50.001512,183
S_STR04803,S_U0069,S0026,2026-02-09 13:51:22.020689,256
S_STR04804,S_U0060,S0040,2026-02-06 23:52:41.818419,84
S_STR04805,S_U0090,S0037,2026-02-04 14:50:29.968692,150
S_STR04806,S_U0045,S0034,2026-02-05 09:52:54.316489,208
S_STR04807,S_U0065,S0039,2026-02-18 22:04:03.584839,226
S_STR04808,S_U0083,S0035,2026-03-01 10:53:55.095778,149
S_STR04809,S_U0016,S0034,2026-02-08 20:50:46.882227,73
S_STR04810,S_U0057,S0042,2026-02-08 17:45:10.091844,188
S_STR04811,S_U0084,S0011,2026-02-02 20:47:56.089887,33
S_STR04812,S_U0099,S0004,2026-02-22 21:33:11.089272,54
S_STR04813,S_U0072,S0025,2026-02-21 04:52:13.259628,145
S_STR04814,S_U0098,S0001,2026-02-27 09:00:06.441157,129
S_STR04815,S_U0042,S0050,2026-02-24 11:37:29.864428,136
S_STR04816,S_U0004,S0018,2026-02-27 12:14:06.805962,296
S_STR04817,S_U0026,S0038,2026-02-22 11:44:19.810422,134
S_STR04818,S_U0076,S0042,2026-02-16 05:57:15.528416,130
S_STR04819,S_U0086,S0016,2026-02-18 11:53:37.395137,252
S_STR04820,S_U0033,S0030,2026-02-02 04:49:02.224114,108
S_STR04821,S_U0059,S0046,2026-03-01 09:54:35.081014,59
S_STR04822,S_U0028,S0034,2026-02-01 13:10:15.108296,67
S_STR04823,S_U0025,S0046,2026-02-04 11:55:31.310255,189
S_STR04824,S_U0030,S0047,2026-01-31 16:59:43.472780,156
S_STR04825,S_U0099,S0019,2026-03-01 02:46:00.275616,90
S_STR04826,S_U0049,S0027,2026-02-03 18:37:19.675005,31
S_STR04827,S_U0070,S0034,2026-02-27 00:42:41.185416,75
S_STR04828,S_U0011,S0031,2026-02-20 07:10:08.419078,75
S_STR04829,S_U0037,S0045,2026-02-05 22:11:50.563671,127
S_STR04830,S_U0024,S0037,2026-02-13 09:41:37.026039,79
S_STR04831,S_U0069,S0011,2026-02-12 20:46:09.179826,184
S_STR04832,S_U0017,S0050,2026-02-07 23:31:00.071305,49
S_STR04833,S_U0068,S0044,2026-02-12 11:40:16.534117,193
S_STR04834,S_U0074,S0033,2026-02-05 02:02:03.932342,42
S_STR04835,S_U0072,S0013,2026-02-23 13:20:05.757647,115
S_STR04836,S_U0032,S0019,2026-02-13 08:27:50.435851,235
S_STR04837,S_U0081,S0046,2026-02-22 02:31:56.030893,164
S_STR04838,S_U0098,S0044,2026-02-25 01:46:32.120008,110
S_STR04839,S_U0069,S0020,2026-02-06 01:54:41.896866,154
S_STR04840,S_U0011,S0043,2026-02-17 19:35:43.887732,112
S_STR04841,S_U0004,S0004,2026-02-04 15:50:28.375602,176
S_STR04842,S_U0010,S0041,2026-02-10 06:47:03.999755,50
S_STR04843,S_U0052,S0030,2026-02-14 01:11:28.082435,116
S_STR04844,S_U0053,S0019,2026-02-12 03:53:31.628261,53
S_STR04845,S_U0047,S0031,2026-01-31 14:55:57.755335,134
S_STR04846,S_U0062,S0007,2026-02-06 08:42:05.010160,72
S_STR04847,S_U0044,S0023,2026-02-22 01:09:52.278734,117
S_STR04848,S_U0006,S0020,2026-02-15 14:30:28.276618,49
S_STR04849,S_U0066,S0030,2026-02-10 22:14:32.788536,147
S_STR04850,S_U0021,S0015,2026-02-22 19:47:11.970748,12
S_STR04851,S_U0030,S0042,2026-02-26 19:26:55.938158,253
S_STR04852,S_U0006,S0036,2026-02-10 12:46:33.732059,292
S_STR04853,S_U0019,S0032,2026-02-06 06:42:03.364321,119
S_STR04854,S_U0046,S0002,2026-02-26 16:00:42.079398,29
S_STR04855,S_U0086,S0031,2026-02-12 22:27:25.973309,68
S_STR04856,S_U0074,S0024,2026-02-20 22:45:19.070728,148
S_STR04857,S_U0015,S0043,2026-02-23 01:59:23.012520,160
S_STR04858,S_U0038,S0034,2026-02-07 12:52:16.824190,21
S_STR04859,S_U0006,S0044,2026-02-09 22:35:38.647619,276
S_STR04860,S_U0028,S0022,2026-03-01 00:48:45.469787,109
S_STR04861,S_U0011,S0015,2026-02-08 16:02:58.232744,82
S_STR04862,S_U0022,S0031,2026-02-23 02:42:59.462454,42
S_STR04863,S_U0036,S0015,2026-02-14 19:17:37.906968,20
S_STR04864,S_U0069,S0017,2026-02-08 05:40:04.401136,101
S_STR04865,S_U0063,S0037,2026-02-19 20:50:56.153846,34
S_STR04866,S_U0069,S0033,2026-02-10 06:35:03.516012,100
S_STR04867,S_U0010,S0034,2026-03-01 07:55:06.692179,168
S_STR04868,S_U0074,S0036,2026-02-26 06:16:20.114496,212
S_STR04869,S_U0099,S0050,2026-02-13 23:48:36.330751,67
S_STR04870,S_U0048,S0040,2026-02-02 07:50:38.368489,26
S_STR04871,S_U0031,S0006,2026-02-15 00:09:55.559678,202
S_STR04872,S_U0053,S0040,2026-03-02 01:36:38.702168,35
S_STR04873,S_U0091,S0032,2026-02-23 00:27:52.710814,156
S_STR04874,S_U0024,S0040,2026-02-03 11:17:23.053054,112
S_STR04875,S_U0039,S0018,2026-02-04 14:00:12.064901,153
S_STR04876,S_U0096,S0025,2026-02-27 16:43:35.569307,38
S_STR04877,S_U0041,S0020,2026-02-09 22:27:19.172219,32
S_STR04878,S_U0044,S0036,2026-02-22 04:26:23.966597,317
S_STR04879,S_U0023,S0032,2026-02-13 03:41:35.203281,56
S_STR04880,S_U0066,S0025,2026-02-04 00:02:40.638767,203
S_STR04881,S_U0089,S0036,2026-02-22 19:40:21.589492,45
S_STR04882,S_U0076,S0014,2026-02-11 22:16:11.860475,295
S_STR04883,S_U0033,S0020,2026-02-06 20:38:59.867343,27
S_STR04884,S_U0025,S0039,2026-02-16 17:39:49.944724,339
S_STR04885,S_U0053,S0024,2026-02-20 13:07:16.240271,244
S_STR04886,S_U0022,S0008,2026-02-19 12:21:49.242714,38
S_STR04887,S_U0010,S0036,2026-03-02 09:24:35.158688,184
S_STR04888,S_U0017,S0040,2026-02-05 00:08:29.753744,17
S_STR04889,S_U0068,S0034,2026-02-26 02:39:48.488979,229
S_STR04890,S_U0035,S0003,2026-02-12 09:53:46.261291,9
S_STR04891,S_U0096,S0029,2026-02-06 22:40:33.322643,334
S_STR04892,S_U0010,S0027,2026-02-03 19:17:28.242110,7
S_STR04893,S_U0053,S0030,2026-02-06 03:56:54.024123,44
S_STR04894,S_U0078,S0041,2026-02-14 09:53:42.239108,155
S_STR04895,S_U0001,S0031,2026-02-04 11:56:19.207121,51
S_STR04896,S_U0001,S0041,2026-02-12 19:52:44.895386,257
S_STR04897,S_U0070,S0028,2026-02-18 08:49:26.965724,123
S_STR04898,S_U0003,S0043,2026-02-08 01:34:03.584772,56
S_STR04899,S_U0017,S0041,2026-02-15 01:49:05.669131,36
S_STR04900,S_U0092,S0028,2026-02-06 00:01:07.454009,101
S_STR04901,S_U0086,S0038,2026-02-25 22:02:20.620366,67
S_STR04902,S_U0092,S0033,2026-02-26 06:21:59.308410,82
S_STR04903,S_U0031,S0019,2026-02-28 13:23:17.612765,41
S_STR04904,S_U0077,S0013,2026-02-12 13:10:22.364432,7
S_STR04905,S_U0043,S0032,2026-01-31 22:26:14.108343,203
S_STR04906,S_U0007,S0007,2026-02-02 20:56:14.518434,218
S_STR04907,S_U0060,S0041,2026-02-28 18:30:15.047206,28
S_STR04908,S_U0074,S0035,2026-02-20 11:15:49.782249,70
S_STR04909,S_U0012,S0028,2026-02-24 04:41:45.895736,34
S_STR04910,S_U0063,S0046,2026-02-22 05:44:02.200010,155
S_STR04911,S_U0080,S0045,2026-02-11 21:16:30.440858,67
S_STR04912,S_U0001,S0035,2026-02-11 13:12:17.985720,101
S_STR04913,S_U0044,S0032,2026-02-12 08:25:04.540674,262
S_STR04914,S_U0057,S0047,2026-02-18 21:00:44.578863,63
S_STR04915,S_U0099,S0041,2026-02-05 14:14:24.857267,11
S_STR04916,S_U0089,S0045,2026-02-22 18:42:34.008955,89
S_STR04917,S_U0084,S0031,2026-02-05 03:42:15.001658,49
S_STR04918,S_U0073,S0048,2026-02-11 20:58:29.598973,83
S_STR04919,S_U0014,S0040,2026-02-10 08:08:08.606607,85
S_STR04920,S_U0079,S0044,2026-02-19 06:42:03.269165,338
S_STR04921,S_U0006,S0045,2026-02-01 11:44:32.962079,182
S_STR04922,S_U0013,S0040,2026-02-24 20:19:07.973746,136
S_STR04923,S_U0015,S0045,2026-02-12 09:33:02.891793,165
S_STR04924,S_U0013,S0022,2026-02-20 03:31:27.167253,18
S_STR04925,S_U0100,S0032,2026-02-20 04:19:52.959640,177
S_STR04926,S_U0037,S0042,2026-02-10 13:36:56.788038,38
S_STR04927,S_U0003,S0020,2026-02-08 11:18:19.102112,118
S_STR04928,S_U0099,S0046,2026-02-18 13:01:52.384806,22
S_STR04929,S_U0068,S0044,2026-02-15 07:59:46.273340,63
S_STR04930,S_U0039,S0046,2026-02-16 08:58:15.697811,24
S_STR04931,S_U0027,S0011,2026-02-01 07:30:55.273331,166
S_STR04932,S_U0042,S0023,2026-02-15 15:40:04.542101,212
S_STR04933,S_U0080,S0034,2026-03-02 01:05:28.368860,174
S_STR04934,S_U0031,S0011,2026-02-07 06:08:26.822854,149
S_STR04935,S_U0048,S0030,2026-02-26 02:18:04.828120,73
S_STR04936,S_U0055,S0037,2026-03-01 18:28:05.076521,7
S_STR04937,S_U0013,S0040,2026-02-19 18:57:43.602065,39
S_STR04938,S_U0097,S0050,2026-02-18 17:22:06.056891,129
S_STR04939,S_U0024,S0039,2026-02-18 16:38:15.736361,104
S_STR04940,S_U0091,S0041,2026-02-05 11:56:02.673162,148
S_STR04941,S_U0022,S0028,2026-02-04 14:42:10.037186,72
S_STR04942,S_U0026,S0023,2026-02-24 21:34:13.690042,178
S_STR04943,S_U0035,S0033,2026-02-18 08:28:53.392125,76
S_STR04944,S_U0067,S0023,2026-02-20 18:11:42.637848,21
S_STR04945,S_U0033,S0045,2026-02-09 14:56:53.570810,61
S_STR04946,S_U0079,S0007,2026-02-19 18:48:26.543338,301
S_STR04947,S_U0034,S0036,2026-02-12 16:45:22.946184,15
S_STR04948,S_U0019,S0042,2026-03-01 15:11:09.038183,158
S_STR04949,S_U0096,S0018,2026-02-11 22:34:03.187421,162
S_STR04950,S_U0056,S0050,2026-01-31 12:02:42.685660,49
S_STR04951,S_U0064,S0047,2026-03-01 16:08:09.858756,241
S_STR04952,S_U0047,S0033,2026-02-07 21:19:57.556349,29
S_STR04953,S_U0066,S0031,2026-02-19 20:54:49.805807,50
S_STR04954,S_U0091,S0016,2026-02-03 22:27:43.742082,225
S_STR04955,S_U0082,S0014,2026-02-23 00:52:06.201746,167
S_STR04956,S_U0099,S0040,2026-02-16 07:01:20.811305,38
S_STR04957,S_U0016,S0035,2026-02-24 07:13:57.502683,269
S_STR04958,S_U0027,S0041,2026-02-22 11:24:35.255195,256
S_STR04959,S_U0084,S0011,2026-02-18 16:48:45.191679,194
S_STR04960,S_U0026,S0031,2026-02-27 14:37:23.558334,69
S_STR04961,S_U0030,S0042,2026-02-06 08:06:28.673805,70
S_STR04962,S_U0030,S0047,2026-02-26 06:49:50.989374,143
S_STR04963,S_U0046,S0046,2026-02-03 08:31:16.257370,19
S_STR04964,S_U0015,S0033,2026-02-08 14:34:58.282256,172
S_STR04965,S_U0051,S0017,2026-02-07 21:09:49.634945,48
S_STR04966,S_U0035,S0037,2026-02-04 01:18:28.671101,127
S_STR04967,S_U0013,S0006,2026-02-04 12:38:16.017245,220
S_STR04968,S_U0073,S0016,2026-02-25 04:20:30.449368,232
S_STR04969,S_U0006,S0047,2026-02-21 17:16:01.946956,15
S_STR04970,S_U0037,S0046,2026-02-23 03:50:28.670084,54
S_STR04971,S_U0071,S0034,2026-02-04 04:16:22.046679,52
S_STR04972,S_U0070,S0007,2026-02-07 12:11:19.107821,117
S_STR04973,S_U0003,S0035,2026-02-24 03:30:15.479410,126
S_STR04974,S_U0053,S0046,2026-02-08 12:10:19.668795,75
S_STR04975,S_U0023,S0040,2026-02-14 20:14:42.820340,106
S_STR04976,S_U0043,S0021,2026-02-14 18:34:12.599236,217
S_STR04977,S_U0052,S0043,2026-02-19 22:22:12.836669,118
S_STR04978,S_U0011,S0013,2026-02-23 22:39:34.760993,186
S_STR04979,S_U0066,S0050,2026-02-23 04:43:00.244587,280
S_STR04980,S_U0007,S0014,2026-02-24 03:29:00.647117,231
S_STR04981,S_U0045,S0048,2026-02-13 05:38:40.419918,85
S_STR04982,S_U0099,S0004,2026-02-02 15:49:36.226250,104
S_STR04983,S_U0010,S0043,2026-02-02 00:37:50.720733,146
S_STR04984,S_U0089,S0022,2026-03-01 17:28:14.851495,49
S_STR04985,S_U0053,S0047,2026-02-02 16:17:30.976180,79
S_STR04986,S_U0057,S0049,2026-02-09 03:19:24.298043,121
S_STR04987,S_U0030,S0026,2026-02-13 16:19:17.364509,43
S_STR04988,S_U0018,S0043,2026-02-28 21:15:19.248823,7
S_STR04989,S_U0010,S0038,2026-02-09 05:50:43.459902,73
S_STR04990,S_U0014,S0021,2026-02-25 09:50:27.125663,12
S_STR04991,S_U0004,S0040,2026-02-08 17:52:58.211167,111
S_STR04992,S_U0022,S0031,2026-02-24 11:28:16.967291,110
S_STR04993,S_U0071,S0012,2026-02-16 02:21:51.188073,15
S_STR04994,S_U0019,S0025,2026-02-05 05:27:24.382149,16
S_STR04995,S_U0020,S0031,2026-02-24 17:57:34.576037,89
S_STR04996,S_U0011,S0046,2026-02-19 05:45:55.194643,50
S_STR04997,S_U0016,S0028,2026-02-09 23:42:29.108192,272
S_STR04998,S_U0076,S0027,2026-02-28 13:38:10.291022,72
S_STR04999,S_U0040,S0050,2026-02-03 04:17:58.379134,73
S_STR05000,S_U0074,S0040,2026-02-11 07:26:25.466304,28
S_STR05001,S_U0098,S0038,2026-02-14 07:47:50.373352,52
S_STR05002,S_U0068,S0034,2026-02-20 20:45:34.276886,183
S_STR05003,S_U0016,S0048,2026-01-31 16:39:21.042917,44
S_STR05004,S_U0005,S0033,2026-03-01 06:07:40.205853,167
S_STR05005,S_U0077,S0014,2026-02-04 06:42:12.749347,157
S_STR05006,S_U0041,S0031,2026-02-18 19:32:28.224238,18
S_STR05007,S_U0084,S0046,2026-02-06 18:00:41.096058,47
S_STR05008,S_U0084,S0035,2026-02-25 10:55:59.011908,90
S_STR05009,S_U0008,S0044,2026-02-09 13:08:20.401600,299
S_STR05010,S_U0085,S0015,2026-02-14 13:04:06.000447,198
S_STR05011,S_U0052,S0033,2026-03-02 03:16:48.866943,139
S_STR05012,S_U0093,S0042,2026-02-03 18:32:07.280410,164
S_STR05013,S_U0001,S0046,2026-02-18 00:45:10.567179,147
S_STR05014,S_U0018,S0045,2026-02-27 23:53:37.088151,8
S_STR05015,S_U0076,S0050,2026-02-01 23:51:59.832348,50
S_STR05016,S_U0033,S0019,2026-02-20 13:02:30.362678,208
S_STR05017,S_U0059,S0050,2026-02-27 03:30:25.158422,37
S_STR05018,S_U0028,S0026,2026-02-25 15:21:29.883733,239
S_STR05019,S_U0014,S0048,2026-02-27 08:30:42.236186,194
S_STR05020,S_U0019,S0047,2026-03-02 10:54:20.017797,180
S_STR05021,S_U0018,S0027,2026-02-21 03:44:31.550799,226
S_STR05022,S_U0068,S0037,2026-02-04 07:43:31.723666,105
S_STR05023,S_U0028,S0009,2026-02-15 07:50:34.068298,49
S_STR05024,S_U0005,S0039,2026-02-22 10:48:43.171685,339
S_STR05025,S_U0035,S0041,2026-02-01 21:05:02.394342,165
S_STR05026,S_U0095,S0003,2026-02-16 15:58:00.098859,66
S_STR05027,S_U0016,S0047,2026-02-13 00:30:14.246259,115
S_STR05028,S_U0018,S0027,2026-02-02 05:08:03.692207,39
S_STR05029,S_U0017,S0040,2026-02-26 06:40:01.279746,95
S_STR05030,S_U0022,S0050,2026-02-19 08:01:23.376567,15
S_STR05031,S_U0071,S0027,2026-02-21 13:35:53.985741,218
S_STR05032,S_U0088,S0048,2026-02-05 18:19:28.081934,250
S_STR05033,S_U0014,S0044,2026-02-08 11:13:40.963364,197
S_STR05034,S_U0058,S0024,2026-02-10 07:42:33.078647,263
S_STR05035,S_U0026,S0010,2026-02-11 14:28:32.414827,53
S_STR05036,S_U0096,S0017,2026-02-21 00:54:06.421984,78
S_STR05037,S_U0013,S0018,2026-02-01 03:50:21.346019,244
S_STR05038,S_U0046,S0038,2026-02-19 12:27:20.334024,17
S_STR05039,S_U0009,S0047,2026-03-02 08:38:00.903766,106
S_STR05040,S_U0059,S0031,2026-02-23 16:57:45.334739,141
S_STR05041,S_U0090,S0024,2026-02-14 21:00:28.783728,220
S_STR05042,S_U0043,S0006,2026-02-19 03:39:10.772301,336
S_STR05043,S_U0072,S0012,2026-02-22 02:49:08.632154,293
S_STR05044,S_U0008,S0035,2026-02-07 00:57:36.066971,273
S_STR05045,S_U0018,S0021,2026-02-22 17:09:37.064400,106
S_STR05046,S_U0050,S0012,2026-02-18 09:24:47.108003,229
S_STR05047,S_U0059,S0016,2026-02-08 05:49:34.621365,17
S_STR05048,S_U0054,S0035,2026-02-24 06:47:39.136723,266
S_STR05049,S_U0031,S0028,2026-02-24 03:14:06.649227,222
S_STR05050,S_U0079,S0016,2026-02-13 20:18:22.625888,58
S_STR05051,S_U0067,S0050,2026-02-08 18:19:35.831902,211
S_STR05052,S_U0053,S0039,2026-02-11 03:41:57.444691,122
S_STR05053,S_U0061,S0034,2026-02-24 19:55:25.050877,49
S_STR05054,S_U0020,S0017,2026-02-02 11:56:23.669896,110
S_STR05055,S_U0004,S0017,2026-02-22 10:12:57.851205,52
S_STR05056,S_U0023,S0017,2026-02-02 07:09:28.308681,114
S_STR05057,S_U0051,S0012,2026-02-16 09:16:21.173393,120
S_STR05058,S_U0085,S0008,2026-02-01 12:32:44.242891,339
S_STR05059,S_U0076,S0034,2026-02-01 00:10:55.428849,33
S_STR05060,S_U0097,S0039,2026-02-12 06:53:15.334308,77
S_STR05061,S_U0045,S0037,2026-02-23 00:21:41.606625,152
S_STR05062,S_U0095,S0021,2026-02-05 11:32:31.782537,147
S_STR05063,S_U0011,S0046,2026-02-03 16:05:47.193556,136
S_STR05064,S_U0078,S0023,2026-02-19 05:58:38.133268,166
S_STR05065,S_U0090,S0050,2026-02-17 21:00:22.671638,279
S_STR05066,S_U0098,S0049,2026-02-13 18:03:06.776862,15
S_STR05067,S_U0047,S0047,2026-02-25 00:28:04.576758,126
S_STR05068,S_U0060,S0025,2026-02-10 08:15:43.381769,173
S_STR05069,S_U0009,S0024,2026-02-18 00:34:07.698212,211
S_STR05070,S_U0077,S0038,2026-02-20 20:38:58.617483,77
S_STR05071,S_U0010,S0022,2026-02-26 18:47:40.644465,198
S_STR05072,S_U0015,S0037,2026-02-01 21:31:10.989313,38
S_STR05073,S_U0009,S0033,2026-02-25 05:36:45.328265,161
S_STR05074,S_U0060,S0021,2026-02-28 01:27:16.844952,208
S_STR05075,S_U0061,S0045,2026-02-24 06:11:26.620152,113
S_STR05076,S_U0097,S0042,2026-02-12 15:04:51.239193,163
S_STR05077,S_U0008,S0030,2026-02-06 22:56:26.329464,125
S_STR05078,S_U0078,S0040,2026-02-25 17:31:49.550175,18
S_STR05079,S_U0037,S0015,2026-02-15 22:38:52.095380,102
S_STR05080,S_U0042,S0003,2026-02-03 11:52:20.307728,164
S_STR05081,S_U0056,S0014,2026-02-05 20:24:25.311709,112
S_STR05082,S_U0085,S0015,2026-02-05 09:59:49.363893,169
S_STR05083,S_U0085,S0003,2026-02-22 03:24:48.242225,20
S_STR05084,S_U0037,S0030,2026-02-03 08:04:35.219063,105
S_STR05085,S_U0043,S0040,2026-02-02 08:02:05.780497,5
S_STR05086,S_U0073,S0016,2026-02-19 06:38:47.526406,83
S_STR05087,S_U0052,S0013,2026-02-28 05:00:05.894050,54
S_STR05088,S_U0093,S0035,2026-02-22 20:08:03.081032,276
S_STR05089,S_U0045,S0043,2026-02-14 04:40:14.682781,62
S_STR05090,S_U0074,S0046,2026-02-03 22:44:53.625215,48
S_STR05091,S_U0014,S0028,2026-02-07 06:08:35.692376,192
S_STR05092,S_U0016,S0047,2026-02-01 13:17:44.849871,163
S_STR05093,S_U0040,S0033,2026-02-16 09:59:15.431046,127
S_STR05094,S_U0024,S0045,2026-03-01 06:02:50.385728,175
S_STR05095,S_U0083,S0048,2026-02-09 07:47:15.309932,234
S_STR05096,S_U0060,S0018,2026-02-17 09:13:01.767423,153
S_STR05097,S_U0070,S0027,2026-02-12 02:36:05.384266,149
S_STR05098,S_U0067,S0030,2026-02-21 10:33:30.121141,83
S_STR05099,S_U0049,S0021,2026-02-18 10:58:21.229311,114
S_STR05100,S_U0016,S0037,2026-02-06 21:22:44.068119,143
S_STR05101,S_U0006,S0044,2026-02-12 03:23:29.038486,161
S_STR05102,S_U0003,S0032,2026-02-03 02:37:36.167666,19
S_STR05103,S_U0057,S0044,2026-02-21 09:22:00.704630,165
S_STR05104,S_U0078,S0050,2026-02-01 18:13:32.705963,239
S_STR05105,S_U0022,S0025,2026-02-19 14:19:13.393130,178
S_STR05106,S_U0009,S0030,2026-02-15 11:15:17.489875,69
S_STR05107,S_U0038,S0037,2026-02-22 08:21:32.096016,58
S_STR05108,S_U0031,S0037,2026-02-15 10:42:21.192345,147
S_STR05109,S_U0089,S0047,2026-02-22 11:58:44.253213,41
S_STR05110,S_U0086,S0039,2026-03-01 01:01:56.606447,152
S_STR05111,S_U0088,S0010,2026-02-17 10:34:10.954949,166
S_STR05112,S_U0069,S0016,2026-02-26 20:11:22.502284,156
S_STR05113,S_U0001,S0022,2026-02-17 01:41:58.219251,136
S_STR05114,S_U0023,S0007,2026-02-03 18:15:38.861210,35
S_STR05115,S_U0058,S0046,2026-03-01 15:17:55.112591,37
S_STR05116,S_U0030,S0044,2026-02-07 15:25:50.921444,206
S_STR05117,S_U0086,S0035,2026-02-06 20:03:20.252867,11
S_STR05118,S_U0025,S0026,2026-02-04 10:37:05.309746,99
S_STR05119,S_U0096,S0048,2026-02-17 11:02:56.479069,198
S_STR05120,S_U0088,S0050,2026-02-24 17:40:09.010125,91
S_STR05121,S_U0037,S0050,2026-01-31 11:21:40.954741,128
S_STR05122,S_U0050,S0035,2026-02-26 09:10:33.262826,301
S_STR05123,S_U0023,S0039,2026-02-14 05:15:55.801134,176
S_STR05124,S_U0029,S0017,2026-02-12 06:10:23.854329,117
S_STR05125,S_U0099,S0047,2026-02-14 06:39:46.367096,54
S_STR05126,S_U0082,S0050,2026-01-31 18:07:55.894500,41
S_STR05127,S_U0041,S0012,2026-02-27 16:56:35.443749,304
S_STR05128,S_U0075,S0027,2026-02-21 05:43:55.575823,186
S_STR05129,S_U0067,S0013,2026-02-06 18:31:36.040264,145
S_STR05130,S_U0063,S0030,2026-02-05 00:16:34.008150,99
S_STR05131,S_U0010,S0032,2026-02-03 16:52:03.847203,147
S_STR05132,S_U0057,S0043,2026-02-27 13:26:58.041247,146
S_STR05133,S_U0093,S0050,2026-02-17 04:24:31.752913,33
S_STR05134,S_U0100,S0024,2026-02-04 04:39:31.227675,212
S_STR05135,S_U0036,S0043,2026-02-19 16:27:56.960082,103
S_STR05136,S_U0024,S0033,2026-02-21 20:23:29.006500,82
S_STR05137,S_U0060,S0023,2026-02-23 09:32:06.667298,180
S_STR05138,S_U0097,S0048,2026-02-10 22:49:34.558626,226
S_STR05139,S_U0070,S0017,2026-02-04 21:23:37.281949,58
S_STR05140,S_U0012,S0026,2026-02-10 04:35:58.956520,40
S_STR05141,S_U0055,S0029,2026-02-23 09:17:33.833839,117
S_STR05142,S_U0060,S0036,2026-02-01 06:32:00.143119,239
S_STR05143,S_U0014,S0026,2026-02-07 06:32:36.378734,280
S_STR05144,S_U0059,S0025,2026-02-02 05:46:21.355715,77
S_STR05145,S_U0036,S0043,2026-02-11 10:49:59.271987,27
S_STR05146,S_U0065,S0034,2026-02-27 14:40:16.928691,132
S_STR05147,S_U0090,S0050,2026-02-23 01:10:38.397604,191
S_STR05148,S_U0080,S0029,2026-02-24 19:22:59.979932,225
S_STR05149,S_U0073,S0040,2026-02-17 08:59:15.719084,81
S_STR05150,S_U0053,S0047,2026-02-12 11:42:52.004127,193
S_STR05151,S_U0027,S0019,2026-02-07 19:38:22.420352,197
S_STR05152,S_U0009,S0029,2026-03-01 12:38:24.487274,290
S_STR05153,S_U0020,S0027,2026-02-24 22:59:42.311380,148
S_STR05154,S_U0022,S0025,2026-02-05 03:23:36.861731,22
S_STR05155,S_U0073,S0032,2026-02-03 10:39:14.590142,173
S_STR05156,S_U0028,S0038,2026-02-11 23:44:42.953490,20
S_STR05157,S_U0046,S0032,2026-02-20 19:26:57.407039,235
S_STR05158,S_U0021,S0037,2026-01-31 11:43:53.415144,77
S_STR05159,S_U0031,S0020,2026-02-23 19:32:35.027462,123
S_STR05160,S_U0043,S0031,2026-02-17 02:13:26.253273,48
S_STR05161,S_U0099,S0050,2026-02-05 15:04:07.469960,182
S_STR05162,S_U0083,S0045,2026-02-19 18:32:08.572322,133
S_STR05163,S_U0071,S0025,2026-02-07 07:43:14.625789,133
S_STR05164,S_U0043,S0045,2026-02-09 15:46:19.720656,110
S_STR05165,S_U0080,S0025,2026-01-31 17:31:35.963958,25
S_STR05166,S_U0030,S0039,2026-02-24 11:33:27.344555,137
S_STR05167,S_U0017,S0012,2026-02-17 21:19:52.498590,273
S_STR05168,S_U0034,S0021,2026-02-21 18:02:15.208749,77
S_STR05169,S_U0008,S0032,2026-02-08 13:38:31.409170,219
S_STR05170,S_U0094,S0050,2026-02-12 17:40:16.093471,102
S_STR05171,S_U0022,S0046,2026-02-11 20:03:24.966222,74
S_STR05172,S_U0065,S0040,2026-02-22 17:43:21.329998,82
S_STR05173,S_U0007,S0050,2026-02-16 07:31:49.315609,243
S_STR05174,S_U0032,S0033,2026-03-01 10:15:57.411732,123
S_STR05175,S_U0036,S0021,2026-02-14 17:45:02.850060,61
S_STR05176,S_U0028,S0039,2026-02-16 18:13:52.614787,147
S_STR05177,S_U0016,S0038,2026-02-09 04:04:15.978314,177
S_STR05178,S_U0098,S0037,2026-02-22 10:30:11.497415,116
S_STR05179,S_U0020,S0025,2026-02-28 01:02:54.538831,142
S_STR05180,S_U0017,S0050,2026-02-26 06:00:16.536925,168
S_STR05181,S_U0089,S0043,2026-02-18 14:56:50.820143,114
S_STR05182,S_U0034,S0027,2026-02-11 06:20:00.247737,28
S_STR05183,S_U0035,S0007,2026-02-26 05:39:26.655550,68
S_STR05184,S_U0089,S0040,2026-02-24 09:24:57.118454,59
S_STR05185,S_U0003,S0049,2026-02-09 14:10:25.963805,83
S_STR05186,S_U0068,S0008,2026-02-18 04:54:20.206283,255
S_STR05187,S_U0013,S0010,2026-02-18 02:50:35.639926,77
S_STR05188,S_U0092,S0044,2026-02-20 02:22:37.511215,191
S_STR05189,S_U0041,S0048,2026-02-19 13:59:18.286903,27
S_STR05190,S_U0071,S0016,2026-02-07 06:01:31.580308,26
S_STR05191,S_U0027,S0049,2026-02-21 07:35:38.176688,112
S_STR05192,S_U0036,S0028,2026-02-17 15:16:44.023890,199
S_STR05193,S_U0039,S0019,2026-03-02 01:14:08.768313,232
S_STR05194,S_U0016,S0046,2026-02-18 12:37:11.305889,137
S_STR05195,S_U0060,S0015,2026-02-19 20:04:07.529923,22
S_STR05196,S_U0012,S0020,2026-02-20 21:23:17.859831,34
S_STR05197,S_U0083,S0015,2026-02-11 21:23:40.566381,81
S_STR05198,S_U0014,S0049,2026-02-10 02:13:33.903370,114
S_STR05199,S_U0035,S0046,2026-02-23 10:03:06.571273,59
S_STR05200,S_U0022,S0048,2026-02-16 07:14:28.348172,219
S_STR05201,S_U0020,S0036,2026-03-01 00:37:04.484459,311
S_STR05202,S_U0021,S0039,2026-02-24 05:17:08.355245,99
S_STR05203,S_U0088,S0031,2026-02-03 13:53:59.472824,10
S_STR05204,S_U0051,S0020,2026-02-19 08:21:19.077366,67
S_STR05205,S_U0074,S0016,2026-02-25 23:54:49.607640,256
S_STR05206,S_U0020,S0040,2026-02-09 04:53:15.503363,120
S_STR05207,S_U0075,S0049,2026-03-01 08:07:29.541122,103
S_STR05208,S_U0034,S0035,2026-02-23 18:15:31.129229,38
S_STR05209,S_U0074,S0042,2026-02-17 00:21:38.397709,47
S_STR05210,S_U0079,S0013,2026-02-26 18:04:03.467606,152
S_STR05211,S_U0018,S0047,2026-02-24 12:29:48.434725,141
S_STR05212,S_U0066,S0044,2026-02-13 23:06:48.285991,133
S_STR05213,S_U0011,S0007,2026-02-17 12:57:31.865294,60
S_STR05214,S_U0028,S0030,2026-02-22 04:47:49.255471,103
S_STR05215,S_U0048,S0015,2026-02-03 11:03:09.944106,259
S_STR05216,S_U0061,S0023,2026-02-19 08:23:36.097665,81
S_STR05217,S_U0006,S0034,2026-02-04 19:19:36.047370,101
S_STR05218,S_U0024,S0037,2026-01-31 19:01:14.802667,31
S_STR05219,S_U0047,S0034,2026-02-10 19:03:56.257035,141
S_STR05220,S_U0003,S0027,2026-02-11 09:32:21.855162,178
S_STR05221,S_U0014,S0027,2026-02-06 03:43:48.462829,166
S_STR05222,S_U0013,S0030,2026-02-27 17:47:46.018784,143
S_STR05223,S_U0020,S0022,2026-01-31 22:58:45.884372,50
S_STR05224,S_U0095,S0049,2026-02-16 06:59:53.572564,31
S_STR05225,S_U0011,S0010,2026-02-09 21:27:58.591951,233
S_STR05226,S_U0061,S0035,2026-02-21 01:52:17.606822,186
S_STR05227,S_U0038,S0045,2026-02-01 15:17:59.042552,154
S_STR05228,S_U0044,S0041,2026-02-05 10:53:36.171617,177
S_STR05229,S_U0097,S0042,2026-02-20 05:31:26.889737,270
S_STR05230,S_U0022,S0044,2026-02-14 15:09:27.000275,39
S_STR05231,S_U0080,S0050,2026-02-01 16:15:17.779094,71
S_STR05232,S_U0021,S0041,2026-02-01 23:30:11.691576,246
S_STR05233,S_U0051,S0048,2026-02-17 20:55:18.040427,251
S_STR05234,S_U0017,S0040,2026-02-20 11:50:19.217671,60
S_STR05235,S_U0069,S0031,2026-02-27 07:24:43.762560,28
S_STR05236,S_U0016,S0043,2026-02-13 01:18:28.933352,21
S_STR05237,S_U0062,S0047,2026-02-16 19:25:31.379168,294
S_STR05238,S_U0004,S0021,2026-02-24 23:00:28.881157,21
S_STR05239,S_U0052,S0041,2026-02-10 08:59:34.118591,177
S_STR05240,S_U0082,S0047,2026-02-13 15:30:16.228647,148
S_STR05241,S_U0100,S0018,2026-02-12 08:41:56.789616,189
S_STR05242,S_U0051,S0044,2026-02-11 08:42:42.536813,164
S_STR05243,S_U0069,S0041,2026-03-01 22:09:32.278049,196
S_STR05244,S_U0078,S0026,2026-02-21 04:30:01.640644,44
S_STR05245,S_U0079,S0039,2026-02-14 10:17:22.712220,58
S_STR05246,S_U0075,S0037,2026-02-12 20:48:13.961769,77
S_STR05247,S_U0004,S0026,2026-02-11 03:02:16.703229,139
S_STR05248,S_U0056,S0046,2026-02-20 00:41:00.147285,62
S_STR05249,S_U0016,S0012,2026-02-22 06:36:36.288132,16
S_STR05250,S_U0027,S0039,2026-02-21 20:14:29.671179,24
S_STR05251,S_U0030,S0036,2026-02-05 02:54:54.249725,193
S_STR05252,S_U0075,S0041,2026-02-02 10:57:54.219763,214
S_STR05253,S_U0050,S0040,2026-02-13 11:01:42.274828,14
S_STR05254,S_U0052,S0037,2026-02-13 00:02:19.119265,21
S_STR05255,S_U0056,S0049,2026-02-16 02:41:02.609689,29
S_STR05256,S_U0068,S0021,2026-02-03 07:03:55.487863,124
S_STR05257,S_U0062,S0048,2026-02-17 01:27:18.333406,268
S_STR05258,S_U0033,S0032,2026-02-20 13:32:45.459103,20
S_STR05259,S_U0095,S0039,2026-02-19 19:24:49.049383,341
S_STR05260,S_U0033,S0025,2026-02-16 07:53:41.763426,182
S_STR05261,S_U0041,S0012,2026-02-25 21:36:56.494610,179
S_STR05262,S_U0056,S0042,2026-02-22 11:50:05.115933,46
S_STR05263,S_U0053,S0039,2026-02-20 23:33:22.997710,128
S_STR05264,S_U0032,S0009,2026-02-03 00:28:18.392351,114
S_STR05265,S_U0067,S0032,2026-02-22 09:37:41.213217,145
S_STR05266,S_U0090,S0031,2026-02-25 01:19:02.176699,43
S_STR05267,S_U0095,S0008,2026-02-19 17:54:29.759924,140
S_STR05268,S_U0091,S0019,2026-02-11 22:01:44.270424,336
S_STR05269,S_U0028,S0045,2026-02-09 21:33:32.149394,165
S_STR05270,S_U0064,S0034,2026-03-02 01:14:17.244546,34
S_STR05271,S_U0061,S0027,2026-02-25 23:22:43.254911,186
S_STR05272,S_U0100,S0033,2026-02-18 23:50:20.261566,120
S_STR05273,S_U0050,S0041,2026-02-02 11:40:55.559681,218
S_STR05274,S_U0009,S0029,2026-02-16 02:09:43.866524,338
S_STR05275,S_U0043,S0034,2026-02-11 16:02:49.751591,215
S_STR05276,S_U0052,S0021,2026-02-09 19:38:27.286395,8
S_STR05277,S_U0010,S0024,2026-02-02 09:57:56.955770,210
S_STR05278,S_U0067,S0049,2026-02-04 21:37:24.704424,110
S_STR05279,S_U0035,S0032,2026-02-12 05:14:31.911391,66
S_STR05280,S_U0048,S0012,2026-02-17 03:36:26.632950,84
S_STR05281,S_U0039,S0033,2026-02-12 06:21:09.682502,93
S_STR05282,S_U0042,S0029,2026-02-18 17:16:50.317205,29
S_STR05283,S_U0060,S0046,2026-02-11 00:20:04.757536,100
S_STR05284,S_U0009,S0014,2026-02-26 01:06:57.378250,38
S_STR05285,S_U0041,S0045,2026-02-28 13:41:15.581705,165
S_STR05286,S_U0081,S0007,2026-02-27 11:50:43.488838,280
S_STR05287,S_U0043,S0037,2026-02-09 17:49:25.197210,59
S_STR05288,S_U0020,S0047,2026-02-25 10:08:30.513180,222
S_STR05289,S_U0043,S0030,2026-02-11 09:58:00.064243,139
S_STR05290,S_U0018,S0021,2026-02-26 17:15:46.409791,80
S_STR05291,S_U0036,S0049,2026-02-16 23:58:56.839866,76
S_STR05292,S_U0082,S0007,2026-02-15 23:35:43.095024,286
S_STR05293,S_U0091,S0026,2026-02-24 05:11:45.403871,221
S_STR05294,S_U0068,S0048,2026-02-19 14:25:48.583927,231
S_STR05295,S_U0071,S0046,2026-02-24 13:22:23.559787,62
S_STR05296,S_U0012,S0028,2026-02-18 04:39:07.622779,260
S_STR05297,S_U0024,S0046,2026-02-25 23:01:18.082963,169
S_STR05298,S_U0014,S0050,2026-02-26 02:18:12.849006,166
S_STR05299,S_U0030,S0015,2026-02-23 20:46:01.835316,226
S_STR05300,S_U0089,S0025,2026-02-08 23:27:52.832843,103
S_STR05301,S_U0079,S0037,2026-02-23 13:06:05.505050,59
S_STR05302,S_U0094,S0041,2026-02-15 16:20:01.095649,13
S_STR05303,S_U0023,S0040,2026-02-06 14:24:19.078784,85
S_STR05304,S_U0052,S0016,2026-02-03 23:35:41.989816,71
S_STR05305,S_U0064,S0050,2026-02-10 12:36:46.266753,43
S_STR05306,S_U0034,S0019,2026-02-25 17:14:23.104376,26
S_STR05307,S_U0023,S0016,2026-02-12 13:40:25.410300,261
S_STR05308,S_U0002,S0035,2026-02-24 22:44:57.912396,250
S_STR05309,S_U0098,S0040,2026-02-21 03:36:13.915384,109
S_STR05310,S_U0075,S0041,2026-02-13 19:21:02.472096,84
S_STR05311,S_U0009,S0003,2026-02-11 03:56:17.013064,164
S_STR05312,S_U0075,S0031,2026-02-21 12:12:03.598474,78
S_STR05313,S_U0027,S0041,2026-02-07 03:36:17.456428,164
S_STR05314,S_U0013,S0014,2026-02-05 04:59:42.754100,181
S_STR05315,S_U0010,S0040,2026-02-27 17:25:36.575314,8
S_STR05316,S_U0087,S0036,2026-02-22 10:55:35.721393,266
S_STR05317,S_U0048,S0040,2026-02-28 19:04:22.449069,23
S_STR05318,S_U0050,S0044,2026-02-07 15:52:33.354343,308
S_STR05319,S_U0064,S0029,2026-02-18 18:19:24.612970,19
S_STR05320,S_U0006,S0032,2026-02-07 02:07:03.181868,293
S_STR05321,S_U0050,S0048,2026-02-12 14:02:06.724557,163
S_STR05322,S_U0018,S0032,2026-02-07 23:36:50.032382,289
S_STR05323,S_U0003,S0046,2026-02-12 06:33:50.111832,116
S_STR05324,S_U0053,S0039,2026-02-08 08:04:18.498258,337
S_STR05325,S_U0026,S0036,2026-02-14 07:00:10.752644,50
S_STR05326,S_U0006,S0037,2026-02-11 20:30:13.490690,52
S_STR05327,S_U0055,S0049,2026-02-17 20:04:16.684535,9
S_STR05328,S_U0068,S0047,2026-02-15 23:30:23.879313,6
S_STR05329,S_U0088,S0037,2026-02-26 15:04:31.384153,147
S_STR05330,S_U0045,S0046,2026-02-07 03:19:41.342407,78
S_STR05331,S_U0074,S0043,2026-02-28 19:48:30.477033,20
S_STR05332,S_U0005,S0032,2026-02-07 16:05:52.093435,285
S_STR05333,S_U0068,S0038,2026-02-14 03:23:47.127207,79
S_STR05334,S_U0056,S0046,2026-02-19 23:10:04.049660,46
S_STR05335,S_U0066,S0048,2026-02-11 23:56:49.723448,66
S_STR05336,S_U0081,S0032,2026-02-26 05:57:36.584226,118
S_STR05337,S_U0043,S0023,2026-02-19 06:26:33.391669,230
S_STR05338,S_U0020,S0035,2026-02-04 02:14:34.807858,18
S_STR05339,S_U0023,S0050,2026-02-16 11:14:23.221169,89
S_STR05340,S_U0080,S0023,2026-02-24 00:47:18.478772,102
S_STR05341,S_U0063,S0031,2026-03-01 21:12:25.329178,103
S_STR05342,S_U0056,S0041,2026-02-03 07:38:52.756561,217
S_STR05343,S_U0082,S0042,2026-02-19 19:26:35.872204,56
S_STR05344,S_U0060,S0026,2026-02-18 01:24:35.016335,158
S_STR05345,S_U0099,S0049,2026-02-08 21:30:25.123549,57
S_STR05346,S_U0054,S0048,2026-02-11 12:48:05.240061,65
S_STR05347,S_U0019,S0043,2026-02-16 03:30:36.560735,125
S_STR05348,S_U0057,S0007,2026-02-07 11:48:43.144699,202
S_STR05349,S_U0017,S0042,2026-02-14 20:04:36.463963,254
S_STR05350,S_U0049,S0039,2026-02-07 12:49:05.701375,214
S_STR05351,S_U0035,S0046,2026-02-02 01:48:20.715056,81
S_STR05352,S_U0013,S0045,2026-02-12 05:55:22.862458,157
S_STR05353,S_U0020,S0017,2026-01-31 13:28:23.428241,23
S_STR05354,S_U0028,S0023,2026-02-19 04:33:08.767660,220
S_STR05355,S_U0072,S0007,2026-02-05 15:11:39.866479,67
S_STR05356,S_U0039,S0029,2026-02-04 04:34:33.654099,329
S_STR05357,S_U0058,S0025,2026-02-19 05:46:41.609349,71
S_STR05358,S_U0055,S0030,2026-03-01 00:06:53.587218,63
S_STR05359,S_U0020,S0043,2026-02-25 06:36:00.564750,75
S_STR05360,S_U0003,S0008,2026-02-07 05:24:32.362667,337
S_STR05361,S_U0077,S0035,2026-02-07 22:36:06.092721,82
S_STR05362,S_U0087,S0048,2026-03-01 01:25:52.003567,55
S_STR05363,S_U0040,S0050,2026-02-28 18:44:52.398588,161
S_STR05364,S_U0086,S0016,2026-02-04 20:37:03.595461,215
S_STR05365,S_U0096,S0026,2026-02-08 08:21:33.670650,278
S_STR05366,S_U0073,S0040,2026-03-02 09:47:35.038670,80
S_STR05367,S_U0023,S0048,2026-02-06 10:44:44.838132,20
S_STR05368,S_U0034,S0050,2026-02-15 13:09:49.151955,60
S_STR05369,S_U0053,S0028,2026-02-19 23:21:27.940269,21
S_STR05370,S_U0096,S0036,2026-02-28 12:53:35.280027,253
S_STR05371,S_U0004,S0046,2026-02-28 10:23:28.928007,114
S_STR05372,S_U0066,S0030,2026-02-25 08:52:54.619205,158
S_STR05373,S_U0071,S0040,2026-02-14 12:56:37.786158,55
S_STR05374,S_U0047,S0037,2026-02-20 03:02:07.611910,30
S_STR05375,S_U0063,S0049,2026-02-21 00:29:29.624612,86
S_STR05376,S_U0079,S0045,2026-02-05 18:07:28.911735,132
S_STR05377,S_U0038,S0040,2026-02-06 13:47:18.495181,79
S_STR05378,S_U0080,S0045,2026-02-09 13:09:24.090836,36
S_STR05379,S_U0083,S0040,2026-02-13 12:53:52.931858,56
S_STR05380,S_U0009,S0013,2026-02-18 14:48:02.229440,161
S_STR05381,S_U0099,S0023,2026-02-14 13:38:43.759864,69
S_STR05382,S_U0033,S0022,2026-02-06 13:01:00.323037,108
S_STR05383,S_U0085,S0031,2026-02-02 13:52:10.630919,9
S_STR05384,S_U0006,S0021,2026-02-06 00:15:03.094904,150
S_STR05385,S_U0045,S0046,2026-02-22 21:01:41.878972,191
S_STR05386,S_U0031,S0022,2026-02-19 06:20:20.899377,105
S_STR05387,S_U0015,S0004,2026-02-22 05:48:51.031982,68
S_STR05388,S_U0061,S0049,2026-03-02 02:49:07.226038,76
S_STR05389,S_U0085,S0005,2026-02-24 15:52:14.750236,179
S_STR05390,S_U0007,S0012,2026-02-03 17:23:30.339422,167
S_STR05391,S_U0055,S0014,2026-02-14 02:13:41.633152,52
S_STR05392,S_U0060,S0039,2026-02-07 15:21:24.681413,53
S_STR05393,S_U0049,S0043,2026-02-12 13:42:23.746097,106
S_STR05394,S_U0037,S0043,2026-02-14 09:29:06.764624,159
S_STR05395,S_U0062,S0024,2026-02-23 03:12:03.728518,224
S_STR05396,S_U0049,S0018,2026-02-16 19:07:42.030908,55
S_STR05397,S_U0056,S0021,2026-02-11 13:22:41.414345,180
S_STR05398,S_U0041,S0029,2026-02-06 12:33:47.909380,46
S_STR05399,S_U0001,S0029,2026-02-16 10:49:32.668323,323
S_STR05400,S_U0087,S0044,2026-02-27 03:25:42.384574,322
S_STR05401,S_U0021,S0021,2026-02-08 01:25:17.747260,289
S_STR05402,S_U0069,S0039,2026-02-19 18:55:48.388751,109
S_STR05403,S_U0064,S0047,2026-02-11 12:13:10.823151,244
S_STR05404,S_U0082,S0014,2026-02-16 14:24:55.530806,43
S_STR05405,S_U0084,S0036,2026-02-11 11:29:48.141315,121
S_STR05406,S_U0027,S0010,2026-02-24 04:19:32.331128,168
S_STR05407,S_U0045,S0036,2026-02-14 12:05:22.738948,237
S_STR05408,S_U0078,S0039,2026-02-25 18:53:07.257736,257
S_STR05409,S_U0059,S0010,2026-02-06 18:04:08.008761,88
S_STR05410,S_U0007,S0028,2026-02-25 06:28:49.383760,59
S_STR05411,S_U0076,S0037,2026-02-16 12:45:43.393900,80
S_STR05412,S_U0075,S0032,2026-01-31 18:46:10.184457,49
S_STR05413,S_U0035,S0047,2026-02-01 07:47:39.043814,167
S_STR05414,S_U0036,S0032,2026-02-10 19:26:12.514514,208
S_STR05415,S_U0068,S0041,2026-02-22 07:17:15.685534,71
S_STR05416,S_U0051,S0040,2026-02-24 21:48:04.200219,64
S_STR05417,S_U0038,S0038,2026-02-14 15:34:49.111926,15
S_STR05418,S_U0076,S0029,2026-02-02 23:08:55.463593,330
S_STR05419,S_U0077,S0037,2026-02-09 05:08:17.005942,148
S_STR05420,S_U0051,S0042,2026-02-25 15:57:11.933349,135
S_STR05421,S_U0090,S0025,2026-02-19 13:58:38.082483,46
S_STR05422,S_U0081,S0036,2026-02-12 17:24:50.386945,36
S_STR05423,S_U0056,S0044,2026-02-20 22:49:44.094759,60
S_STR05424,S_U0053,S0048,2026-02-24 12:13:31.229815,123
S_STR05425,S_U0025,S0032,2026-02-25 15:51:07.702949,123
S_STR05426,S_U0071,S0044,2026-03-01 20:36:25.156133,312
S_STR05427,S_U0089,S0035,2026-02-10 02:00:07.970873,21
S_STR05428,S_U0100,S0028,2026-02-07 20:36:40.213115,279
S_STR05429,S_U0061,S0023,2026-02-17 04:21:41.689934,221
S_STR05430,S_U0040,S0040,2026-02-20 20:25:47.982704,11
S_STR05431,S_U0047,S0035,2026-02-23 06:10:21.251291,243
S_STR05432,S_U0025,S0040,2026-02-17 23:23:30.974086,90
S_STR05433,S_U0030,S0031,2026-02-19 23:29:57.531116,138
S_STR05434,S_U0069,S0040,2026-02-08 00:56:14.308579,10
S_STR05435,S_U0098,S0035,2026-02-07 23:41:55.705965,95
S_STR05436,S_U0075,S0049,2026-02-01 05:03:12.339256,14
S_STR05437,S_U0034,S0048,2026-02-07 03:25:13.987334,76
S_STR05438,S_U0067,S0033,2026-02-21 15:43:16.150300,160
S_STR05439,S_U0100,S0022,2026-02-13 22:02:56.817467,163
S_STR05440,S_U0024,S0012,2026-02-01 14:04:41.353556,61
S_STR05441,S_U0032,S0042,2026-02-10 18:59:09.677199,244
S_STR05442,S_U0078,S0028,2026-02-28 11:36:33.817332,161
S_STR05443,S_U0089,S0048,2026-02-16 14:51:16.625741,24
S_STR05444,S_U0089,S0018,2026-02-07 10:11:06.189592,9
S_STR05445,S_U0020,S0041,2026-02-16 00:34:49.229127,197
S_STR05446,S_U0067,S0009,2026-02-06 16:14:36.679147,165
S_STR05447,S_U0025,S0016,2026-02-21 18:37:28.853939,134
S_STR05448,S_U0086,S0027,2026-02-19 13:14:56.339734,62
S_STR05449,S_U0070,S0040,2026-02-25 08:44:52.421767,9
S_STR05450,S_U0083,S0041,2026-03-02 03:01:53.610901,109
S_STR05451,S_U0026,S0020,2026-02-17 15:48:08.249201,20
S_STR05452,S_U0045,S0047,2026-02-11 04:21:01.509126,38
S_STR05453,S_U0097,S0035,2026-02-25 03:35:05.735598,204
S_STR05454,S_U0062,S0028,2026-02-09 15:30:52.332235,33
S_STR05455,S_U0008,S0046,2026-02-18 16:18:49.500358,46
S_STR05456,S_U0037,S0045,2026-02-14 04:58:44.728678,175
S_STR05457,S_U0068,S0037,2026-02-19 02:59:36.894595,56
S_STR05458,S_U0021,S0040,2026-02-22 14:39:39.823094,121
S_STR05459,S_U0100,S0013,2026-02-11 12:51:15.276422,105
S_STR05460,S_U0094,S0045,2026-02-03 15:28:41.500360,32
S_STR05461,S_U0010,S0043,2026-02-28 19:45:00.438521,103
S_STR05462,S_U0070,S0042,2026-02-25 14:26:28.518401,116
S_STR05463,S_U0032,S0024,2026-02-17 23:53:53.916115,41
S_STR05464,S_U0018,S0038,2026-02-25 21:33:06.580554,86
S_STR05465,S_U0072,S0016,2026-02-20 22:15:00.716696,66
S_STR05466,S_U0028,S0050,2026-02-06 00:41:03.062916,14
S_STR05467,S_U0013,S0047,2026-02-04 10:30:02.080909,278
S_STR05468,S_U0088,S0049,2026-02-26 20:47:31.901763,54
S_STR05469,S_U0081,S0030,2026-02-05 15:55:09.582240,129
S_STR05470,S_U0050,S0023,2026-02-10 12:26:58.615231,17
S_STR05471,S_U0062,S0021,2026-02-11 05:40:11.038267,189
S_STR05472,S_U0031,S0040,2026-02-12 23:34:05.094985,90
S_STR05473,S_U0056,S0039,2026-02-25 13:59:00.708294,59
S_STR05474,S_U0058,S0045,2026-02-05 05:48:37.245190,171
S_STR05475,S_U0059,S0025,2026-02-06 11:30:16.069790,161
S_STR05476,S_U0038,S0029,2026-02-19 17:46:07.948139,169
S_STR05477,S_U0097,S0016,2026-02-07 19:51:12.650978,277
S_STR05478,S_U0024,S0031,2026-02-05 00:32:03.404211,67
S_STR05479,S_U0037,S0048,2026-02-03 11:57:38.290291,132
S_STR05480,S_U0023,S0034,2026-02-21 15:23:26.528425,21
S_STR05481,S_U0014,S0032,2026-02-16 04:57:14.710441,186
S_STR05482,S_U0097,S0050,2026-02-10 13:08:49.303018,319
S_STR05483,S_U0074,S0049,2026-02-09 15:50:07.651820,48
S_STR05484,S_U0024,S0043,2026-02-02 14:36:21.254444,29
S_STR05485,S_U0002,S0048,2026-01-31 22:38:54.438135,241
S_STR05486,S_U0082,S0012,2026-02-10 22:42:09.847079,233
S_STR05487,S_U0036,S0042,2026-02-20 04:18:28.029854,9
S_STR05488,S_U0031,S0049,2026-02-01 05:34:55.250360,9
S_STR05489,S_U0014,S0015,2026-02-25 18:23:18.447120,129
S_STR05490,S_U0058,S0027,2026-02-27 18:10:48.995262,25
S_STR05491,S_U0084,S0045,2026-02-08 20:01:51.020378,6
S_STR05492,S_U0040,S0046,2026-02-15 21:14:01.098750,119
S_STR05493,S_U0085,S0033,2026-03-02 03:07:38.055874,117
S_STR05494,S_U0017,S0036,2026-02-26 00:21:42.935076,43
S_STR05495,S_U0056,S0031,2026-02-01 06:56:45.406971,77
S_STR05496,S_U0014,S0033,2026-02-02 21:19:02.445888,57
S_STR05497,S_U0097,S0048,2026-02-05 05:36:22.026284,95
S_STR05498,S_U0090,S0019,2026-02-01 20:26:10.652713,274
S_STR05499,S_U0043,S0029,2026-02-16 09:32:42.169407,64
S_STR05500,S_U0025,S0021,2026-02-27 17:44:01.447603,235
S_STR05501,S_U0074,S0048,2026-02-02 11:47:35.544272,179
S_STR05502,S_U0078,S0050,2026-02-13 19:39:24.439289,34
S_STR05503,S_U0099,S0025,2026-02-13 04:14:47.561091,77
S_STR05504,S_U0058,S0043,2026-02-10 00:18:58.091452,129
S_STR05505,S_U0071,S0021,2026-02-12 05:10:35.488614,175
S_STR05506,S_U0030,S0046,2026-02-14 09:46:02.751007,120
S_STR05507,S_U0021,S0043,2026-02-22 04:39:05.303663,33
S_STR05508,S_U0088,S0045,2026-02-25 03:35:44.885780,65
S_STR05509,S_U0089,S0040,2026-02-06 02:56:20.289670,23
S_STR05510,S_U0018,S0047,2026-02-25 00:25:03.753484,136
S_STR05511,S_U0025,S0028,2026-02-15 03:59:28.246483,150
S_STR05512,S_U0071,S0012,2026-02-26 13:12:59.360596,242
S_STR05513,S_U0038,S0036,2026-02-13 00:12:48.778371,117
S_STR05514,S_U0033,S0034,2026-02-11 20:05:05.555183,147
S_STR05515,S_U0057,S0032,2026-02-06 18:12:19.096273,189
S_STR05516,S_U0022,S0036,2026-02-28 01:11:02.396585,44
S_STR05517,S_U0055,S0050,2026-02-02 05:42:00.474420,29
S_STR05518,S_U0050,S0038,2026-03-01 05:07:30.096606,14
S_STR05519,S_U0015,S0023,2026-02-21 21:07:09.850915,107
S_STR05520,S_U0083,S0028,2026-02-01 15:46:48.971663,171
S_STR05521,S_U0039,S0018,2026-02-23 20:37:34.702290,160
S_STR05522,S_U0099,S0012,2026-02-25 20:53:32.744166,37
S_STR05523,S_U0080,S0031,2026-02-16 02:56:45.626540,94
S_STR05524,S_U0049,S0045,2026-02-24 17:41:57.551471,13
S_STR05525,S_U0043,S0025,2026-02-10 00:24:34.684005,76
S_STR05526,S_U0012,S0007,2026-02-24 00:44:37.451250,90
S_STR05527,S_U0054,S0027,2026-02-10 14:52:47.940765,187
S_STR05528,S_U0081,S0050,2026-02-06 09:31:05.366939,53
S_STR05529,S_U0007,S0027,2026-02-06 05:09:41.885130,99
S_STR05530,S_U0074,S0033,2026-01-31 14:06:13.860162,94
S_STR05531,S_U0040,S0027,2026-02-18 09:59:19.934574,171
S_STR05532,S_U0056,S0021,2026-02-24 20:27:16.967818,221
S_STR05533,S_U0098,S0026,2026-02-05 13:09:10.070132,282
S_STR05534,S_U0020,S0038,2026-02-08 14:52:24.576770,36
S_STR05535,S_U0035,S0015,2026-02-12 22:32:57.444158,5
S_STR05536,S_U0070,S0026,2026-02-27 08:28:10.635480,30
S_STR05537,S_U0004,S0048,2026-02-08 08:33:14.033818,53
S_STR05538,S_U0069,S0033,2026-03-01 18:49:24.745606,6
S_STR05539,S_U0044,S0049,2026-02-09 02:26:02.910329,53
S_STR05540,S_U0097,S0039,2026-02-13 22:02:03.005388,62
S_STR05541,S_U0060,S0046,2026-02-22 17:58:52.328514,175
S_STR05542,S_U0064,S0028,2026-02-09 22:34:52.552305,280
S_STR05543,S_U0071,S0041,2026-02-05 10:51:41.603294,56
S_STR05544,S_U0002,S0030,2026-02-09 23:50:00.391301,11
S_STR05545,S_U0025,S0033,2026-02-14 13:07:30.639417,17
S_STR05546,S_U0016,S0042,2026-02-07 22:23:46.056068,17
S_STR05547,S_U0083,S0032,2026-02-13 01:48:50.438956,244
S_STR05548,S_U0035,S0034,2026-02-19 05:27:25.287420,182
S_STR05549,S_U0075,S0029,2026-02-08 16:06:18.445477,310
S_STR05550,S_U0044,S0038,2026-02-26 05:46:15.829374,156
S_STR05551,S_U0055,S0050,2026-02-26 03:00:00.296842,83
S_STR05552,S_U0019,S0047,2026-02-20 03:27:20.377228,230
S_STR05553,S_U0073,S0043,2026-02-24 02:22:58.317400,49
S_STR05554,S_U0042,S0049,2026-02-06 01:52:31.110144,46
S_STR05555,S_U0091,S0048,2026-02-27 02:43:13.775988,162
S_STR05556,S_U0027,S0049,2026-02-23 18:33:04.131496,120
S_STR05557,S_U0049,S0039,2026-02-08 09:38:41.088990,37
S_STR05558,S_U0084,S0021,2026-02-12 06:38:02.630052,115
S_STR05559,S_U0073,S0038,2026-02-02 13:43:17.873225,13
S_STR05560,S_U0085,S0043,2026-02-18 13:09:44.348916,48
S_STR05561,S_U0087,S0034,2026-02-18 13:59:31.579005,172
S_STR05562,S_U0081,S0046,2026-01-31 20:03:05.646873,42
S_STR05563,S_U0044,S0042,2026-02-05 03:53:50.406955,232
S_STR05564,S_U0050,S0026,2026-02-07 10:42:20.811366,60
S_STR05565,S_U0093,S0030,2026-02-28 10:57:24.061679,72
S_STR05566,S_U0022,S0014,2026-02-11 23:38:01.783109,121
S_STR05567,S_U0002,S0030,2026-02-11 09:30:29.061163,70
S_STR05568,S_U0025,S0045,2026-02-24 06:34:30.181804,22
S_STR05569,S_U0010,S0027,2026-02-08 09:20:13.144635,133
S_STR05570,S_U0054,S0036,2026-02-19 22:09:23.367367,118
S_STR05571,S_U0012,S0043,2026-02-13 11:48:30.553004,41
S_STR05572,S_U0072,S0013,2026-01-31 16:27:26.769444,10
S_STR05573,S_U0010,S0022,2026-02-20 20:47:18.273163,213
S_STR05574,S_U0029,S0004,2026-02-10 13:07:52.991328,63
S_STR05575,S_U0040,S0049,2026-02-26 03:53:48.545330,49
S_STR05576,S_U0024,S0019,2026-02-22 04:00:28.123543,123
S_STR05577,S_U0018,S0030,2026-02-23 01:40:51.028022,89
S_STR05578,S_U0096,S0040,2026-02-22 23:16:52.581719,95
S_STR05579,S_U0007,S0029,2026-02-19 01:37:25.985865,63
S_STR05580,S_U0008,S0026,2026-02-16 19:08:40.436290,247
S_STR05581,S_U0012,S0050,2026-02-09 09:31:38.247123,94
S_STR05582,S_U0011,S0023,2026-02-11 10:25:10.893506,32
S_STR05583,S_U0081,S0015,2026-02-19 13:36:29.823323,6
S_STR05584,S_U0070,S0047,2026-02-25 12:05:09.277875,239
S_STR05585,S_U0062,S0045,2026-02-21 11:26:21.742405,114
S_STR05586,S_U0027,S0048,2026-02-10 19:05:29.781891,262
S_STR05587,S_U0091,S0043,2026-02-24 10:14:43.164860,52
S_STR05588,S_U0053,S0016,2026-02-15 18:33:43.329347,94
S_STR05589,S_U0002,S0032,2026-02-07 12:34:16.816401,195
S_STR05590,S_U0056,S0039,2026-02-05 07:56:29.352561,153
S_STR05591,S_U0057,S0047,2026-02-17 08:37:38.770990,105
S_STR05592,S_U0078,S0045,2026-02-08 21:40:45.208715,123
S_STR05593,S_U0040,S0049,2026-02-17 22:10:12.746538,110
S_STR05594,S_U0100,S0040,2026-02-21 06:06:04.651705,103
S_STR05595,S_U0046,S0048,2026-02-22 19:35:48.457249,233
S_STR05596,S_U0089,S0034,2026-02-07 03:58:51.122223,162
S_STR05597,S_U0052,S0017,2026-02-05 12:49:30.158041,54
S_STR05598,S_U0001,S0037,2026-02-01 14:28:29.908711,106
S_STR05599,S_U0008,S0021,2026-02-03 06:38:11.283658,119
S_STR05600,S_U0066,S0045,2026-02-25 20:53:33.088823,156
S_STR05601,S_U0084,S0004,2026-03-02 04:17:51.539353,170
S_STR05602,S_U0038,S0039,2026-02-20 12:36:03.539134,266
S_STR05603,S_U0014,S0048,2026-02-12 13:04:48.176364,229
S_STR05604,S_U0014,S0041,2026-02-19 15:11:47.787402,106
S_STR05605,S_U0093,S0027,2026-02-21 01:06:07.976033,43
S_STR05606,S_U0067,S0029,2026-02-24 21:04:46.255790,112
S_STR05607,S_U0019,S0047,2026-02-15 19:16:54.262093,29
S_STR05608,S_U0005,S0013,2026-02-23 13:43:09.054980,143
S_STR05609,S_U0050,S0009,2026-02-06 12:16:47.820036,50
S_STR05610,S_U0022,S0041,2026-02-18 06:31:42.930759,47
S_STR05611,S_U0100,S0040,2026-02-26 22:18:00.444728,31
S_STR05612,S_U0050,S0042,2026-02-17 07:24:20.854176,138
S_STR05613,S_U0094,S0029,2026-02-01 00:14:54.938548,248
S_STR05614,S_U0064,S0015,2026-02-06 09:20:04.656649,47
S_STR05615,S_U0026,S0032,2026-02-07 00:12:03.256837,277
S_STR05616,S_U0038,S0042,2026-02-09 19:16:39.413562,44
S_STR05617,S_U0094,S0018,2026-02-10 21:55:28.062304,60
S_STR05618,S_U0010,S0021,2026-02-25 09:12:44.219817,244
S_STR05619,S_U0081,S0042,2026-02-12 21:02:17.856402,113
S_STR05620,S_U0071,S0034,2026-02-18 15:38:13.815671,32
S_STR05621,S_U0024,S0025,2026-03-01 20:04:23.997630,174
S_STR05622,S_U0065,S0013,2026-02-25 21:55:20.011183,126
S_STR05623,S_U0030,S0038,2026-02-08 04:27:43.799164,53
S_STR05624,S_U0045,S0008,2026-02-20 15:51:06.381796,182
S_STR05625,S_U0040,S0019,2026-02-13 09:11:24.496183,317
S_STR05626,S_U0012,S0016,2026-02-16 05:59:07.361385,134
S_STR05627,S_U0096,S0046,2026-02-22 21:49:31.901054,125
S_STR05628,S_U0068,S0050,2026-02-26 23:04:07.465928,151
S_STR05629,S_U0064,S0028,2026-02-08 21:19:35.225703,15
S_STR05630,S_U0043,S0028,2026-02-23 10:35:28.610964,174
S_STR05631,S_U0093,S0048,2026-02-28 02:44:08.468265,12
S_STR05632,S_U0071,S0047,2026-02-23 08:02:24.297179,75
S_STR05633,S_U0075,S0046,2026-02-28 07:40:16.289171,92
S_STR05634,S_U0065,S0029,2026-03-02 05:52:41.011047,8
S_STR05635,S_U0100,S0030,2026-02-17 04:36:02.098439,155
S_STR05636,S_U0084,S0040,2026-02-16 04:50:38.346146,37
S_STR05637,S_U0066,S0017,2026-02-06 07:39:45.649653,62
S_STR05638,S_U0081,S0042,2026-02-21 07:04:14.959127,247
S_STR05639,S_U0064,S0044,2026-02-16 04:29:27.433081,140
S_STR05640,S_U0079,S0022,2026-02-23 10:11:49.694287,35
S_STR05641,S_U0090,S0038,2026-02-23 22:05:08.382221,6
S_STR05642,S_U0072,S0038,2026-02-08 08:06:39.397125,153
S_STR05643,S_U0031,S0050,2026-02-04 20:24:20.661730,21
S_STR05644,S_U0096,S0014,2026-02-27 19:27:31.209997,160
S_STR05645,S_U0015,S0044,2026-02-22 01:13:01.636468,43
S_STR05646,S_U0055,S0040,2026-03-01 08:35:31.752125,114
S_STR05647,S_U0070,S0031,2026-02-27 20:01:05.776347,111
S_STR05648,S_U0043,S0018,2026-02-12 18:01:55.927945,38
S_STR05649,S_U0007,S0032,2026-02-12 00:06:12.708325,84
S_STR05650,S_U0016,S0039,2026-02-05 18:49:26.166848,247
S_STR05651,S_U0053,S0050,2026-02-23 03:14:38.606759,33
S_STR05652,S_U0042,S0036,2026-02-11 15:14:26.357937,243
S_STR05653,S_U0004,S0050,2026-02-25 14:59:29.821385,306
S_STR05654,S_U0021,S0012,2026-02-01 06:13:48.304296,163
S_STR05655,S_U0095,S0031,2026-02-12 23:51:49.988689,54
S_STR05656,S_U0093,S0034,2026-02-28 11:29:40.084572,134
S_STR05657,S_U0059,S0027,2026-02-09 14:45:53.512327,229
S_STR05658,S_U0100,S0048,2026-02-13 21:45:34.364142,190
S_STR05659,S_U0039,S0038,2026-02-01 15:01:36.454137,127
S_STR05660,S_U0017,S0033,2026-02-24 00:43:01.753455,128
S_STR05661,S_U0084,S0026,2026-03-01 03:28:10.082434,130
S_STR05662,S_U0077,S0013,2026-02-05 10:59:26.716903,12
S_STR05663,S_U0049,S0032,2026-02-17 09:47:59.431888,270
S_STR05664,S_U0076,S0021,2026-02-02 03:41:18.405349,203
S_STR05665,S_U0043,S0039,2026-02-26 04:58:16.777644,67
S_STR05666,S_U0026,S0038,2026-02-04 13:47:15.397535,16
S_STR05667,S_U0064,S0027,2026-02-07 06:00:37.413888,88
S_STR05668,S_U0017,S0022,2026-02-17 05:24:42.105729,164
S_STR05669,S_U0012,S0030,2026-02-26 10:25:06.878451,78
S_STR05670,S_U0059,S0042,2026-02-23 15:46:10.339385,177
S_STR05671,S_U0034,S0031,2026-03-02 01:26:50.966559,135
S_STR05672,S_U0031,S0013,2026-02-25 16:57:54.075552,44
S_STR05673,S_U0086,S0048,2026-01-31 14:57:32.346718,146
S_STR05674,S_U0059,S0037,2026-02-17 23:09:24.354705,83
S_STR05675,S_U0007,S0049,2026-02-14 09:13:09.153940,10
S_STR05676,S_U0092,S0050,2026-02-06 00:24:17.233567,231
S_STR05677,S_U0073,S0033,2026-02-18 19:15:30.499293,166
S_STR05678,S_U0004,S0034,2026-02-12 03:06:36.509809,177
S_STR05679,S_U0066,S0008,2026-02-24 03:48:31.361747,62
S_STR05680,S_U0050,S0019,2026-03-01 01:10:48.981415,308
S_STR05681,S_U0041,S0030,2026-02-24 20:35:31.874929,109
S_STR05682,S_U0076,S0020,2026-02-17 01:25:24.792139,127
S_STR05683,S_U0021,S0030,2026-02-03 07:24:18.142698,16
S_STR05684,S_U0043,S0036,2026-02-02 00:39:17.366566,26
S_STR05685,S_U0062,S0044,2026-02-03 00:14:14.333143,234
S_STR05686,S_U0069,S0046,2026-02-06 20:12:31.228045,144
S_STR05687,S_U0075,S0043,2026-02-19 18:53:58.789201,90
S_STR05688,S_U0051,S0039,2026-02-22 14:08:03.818779,166
S_STR05689,S_U0009,S0032,2026-02-15 22:17:44.729611,137
S_STR05690,S_U0060,S0030,2026-02-18 16:35:30.841529,84
S_STR05691,S_U0008,S0050,2026-02-20 21:15:03.103292,338
S_STR05692,S_U0006,S0045,2026-02-21 22:55:50.489373,97
S_STR05693,S_U0045,S0026,2026-02-23 15:14:46.330877,171
S_STR05694,S_U0084,S0038,2026-02-04 06:47:21.323693,38
S_STR05695,S_U0041,S0029,2026-02-09 22:03:53.319063,181
S_STR05696,S_U0084,S0050,2026-02-04 09:26:11.029914,303
S_STR05697,S_U0062,S0041,2026-03-01 00:18:52.890807,124
S_STR05698,S_U0054,S0017,2026-02-06 00:54:14.112011,13
S_STR05699,S_U0034,S0043,2026-02-18 17:11:49.634279,47
S_STR05700,S_U0097,S0017,2026-02-19 17:28:03.309453,117
S_STR05701,S_U0028,S0022,2026-02-25 06:19:49.330935,153
S_STR05702,S_U0030,S0012,2026-02-24 20:42:44.363961,209
S_STR05703,S_U0048,S0031,2026-02-27 15:32:42.640818,101
S_STR05704,S_U0009,S0022,2026-02-02 00:04:26.676717,66
S_STR05705,S_U0034,S0045,2026-02-09 17:28:23.616947,123
S_STR05706,S_U0007,S0044,2026-03-02 09:43:37.286445,136
S_STR05707,S_U0082,S0044,2026-02-18 16:16:56.817269,141
S_STR05708,S_U0004,S0036,2026-02-08 14:09:10.221626,61
S_STR05709,S_U0092,S0030,2026-02-01 22:24:37.690141,82
S_STR05710,S_U0052,S0040,2026-02-05 14:33:07.138127,51
S_STR05711,S_U0067,S0047,2026-02-18 04:23:43.188373,261
S_STR05712,S_U0074,S0032,2026-02-11 21:50:02.228977,125
S_STR05713,S_U0023,S0012,2026-02-18 23:49:22.712310,135
S_STR05714,S_U0016,S0050,2026-02-12 04:34:39.386655,334
S_STR05715,S_U0092,S0048,2026-02-09 03:27:30.722101,133
S_STR05716,S_U0008,S0031,2026-02-28 08:43:51.786659,36
S_STR05717,S_U0055,S0032,2026-02-25 00:28:56.101190,252
S_STR05718,S_U0004,S0048,2026-02-02 13:46:14.670968,119
S_STR05719,S_U0007,S0049,2026-02-05 09:59:25.013803,103
S_STR05720,S_U0079,S0046,2026-02-07 21:42:27.031839,52
S_STR05721,S_U0095,S0043,2026-02-24 20:59:04.376490,5
S_STR05722,S_U0055,S0045,2026-03-01 09:53:52.376870,200
S_STR05723,S_U0082,S0037,2026-02-11 07:26:23.777083,126
S_STR05724,S_U0043,S0048,2026-02-09 21:53:34.596601,144
S_STR05725,S_U0035,S0018,2026-02-20 14:01:11.370180,231
S_STR05726,S_U0082,S0046,2026-02-28 21:16:01.667860,58
S_STR05727,S_U0087,S0028,2026-02-22 01:41:03.381512,27
S_STR05728,S_U0056,S0031,2026-03-01 17:16:59.836060,100
S_STR05729,S_U0039,S0026,2026-02-28 18:11:39.084381,76
S_STR05730,S_U0026,S0035,2026-02-11 17:49:50.908412,309
S_STR05731,S_U0051,S0033,2026-02-20 04:39:23.946020,22
S_STR05732,S_U0003,S0025,2026-02-18 22:35:53.866314,212
S_STR05733,S_U0083,S0047,2026-02-24 22:36:39.243576,86
S_STR05734,S_U0067,S0045,2026-02-28 05:05:37.022588,16
S_STR05735,S_U0013,S0028,2026-02-05 04:26:51.948709,233
S_STR05736,S_U0085,S0023,2026-02-11 02:40:01.173457,84
S_STR05737,S_U0068,S0018,2026-02-26 18:54:25.919424,172
S_STR05738,S_U0013,S0036,2026-02-15 09:53:23.161873,340
S_STR05739,S_U0088,S0045,2026-02-03 00:18:29.811278,90
S_STR05740,S_U0013,S0019,2026-02-24 06:37:36.094410,161
S_STR05741,S_U0082,S0044,2026-02-05 10:41:57.240488,251
S_STR05742,S_U0080,S0028,2026-02-14 15:28:59.077092,39
S_STR05743,S_U0008,S0033,2026-02-18 08:29:09.177979,108
S_STR05744,S_U0054,S0047,2026-01-31 22:13:31.666968,148
S_STR05745,S_U0003,S0037,2026-02-05 15:36:58.891127,73
S_STR05746,S_U0072,S0041,2026-02-13 11:54:43.443432,130
S_STR05747,S_U0076,S0035,2026-02-15 16:08:57.622326,87
S_STR05748,S_U0020,S0036,2026-02-05 06:31:19.202484,72
S_STR05749,S_U0093,S0048,2026-02-23 17:42:07.118394,51
S_STR05750,S_U0063,S0025,2026-02-14 04:38:59.990020,22
S_STR05751,S_U0072,S0017,2026-02-11 10:38:42.172472,60
S_STR05752,S_U0037,S0014,2026-02-18 08:30:49.969512,69
S_STR05753,S_U0079,S0008,2026-02-15 01:47:52.590194,117
S_STR05754,S_U0077,S0009,2026-03-01 08:27:44.646994,84
S_STR05755,S_U0007,S0039,2026-02-09 14:50:32.900250,235
S_STR05756,S_U0066,S0008,2026-02-28 17:18:03.237114,64
S_STR05757,S_U0058,S0050,2026-02-10 12:03:39.346357,313
S_STR05758,S_U0069,S0036,2026-03-01 15:36:47.108460,244
S_STR05759,S_U0001,S0042,2026-02-23 14:46:36.915839,75
S_STR05760,S_U0064,S0045,2026-02-08 01:09:05.874125,115
S_STR05761,S_U0084,S0026,2026-02-22 22:05:56.563644,91
S_STR05762,S_U0059,S0043,2026-02-02 22:27:33.589861,102
S_STR05763,S_U0025,S0042,2026-02-18 21:25:17.028350,267
S_STR05764,S_U0022,S0029,2026-02-04 09:33:26.682217,236
S_STR05765,S_U0041,S0050,2026-02-06 02:39:32.013189,309
S_STR05766,S_U0100,S0049,2026-02-17 21:45:18.034853,30
S_STR05767,S_U0091,S0034,2026-02-14 17:51:43.404761,175
S_STR05768,S_U0007,S0046,2026-02-04 09:00:01.811410,14
S_STR05769,S_U0005,S0042,2026-02-23 01:21:50.311637,240
S_STR05770,S_U0016,S0023,2026-02-12 13:36:36.369048,10
S_STR05771,S_U0089,S0028,2026-02-15 04:40:12.048266,205
S_STR05772,S_U0002,S0036,2026-02-21 20:46:08.597931,233
S_STR05773,S_U0065,S0046,2026-02-21 13:44:38.305232,182
S_STR05774,S_U0015,S0017,2026-02-01 06:41:14.264040,85
S_STR05775,S_U0063,S0035,2026-02-26 21:00:58.567815,152
S_STR05776,S_U0009,S0039,2026-02-12 11:09:01.633287,126
S_STR05777,S_U0061,S0040,2026-02-09 06:51:06.991967,73
S_STR05778,S_U0049,S0025,2026-02-06 00:20:29.256366,100
S_STR05779,S_U0045,S0035,2026-02-12 21:38:17.630338,95
S_STR05780,S_U0077,S0043,2026-02-11 06:27:49.392659,70
S_STR05781,S_U0032,S0049,2026-02-25 07:41:38.376574,100
S_STR05782,S_U0034,S0046,2026-02-10 11:43:28.759167,61
S_STR05783,S_U0068,S0037,2026-02-09 10:35:13.489414,51
S_STR05784,S_U0071,S0034,2026-02-19 08:21:28.286810,72
S_STR05785,S_U0031,S0014,2026-02-07 03:08:40.733985,95
S_STR05786,S_U0065,S0048,2026-02-06 03:14:52.501909,172
S_STR05787,S_U0088,S0011,2026-02-09 06:47:03.692946,290
S_STR05788,S_U0077,S0023,2026-02-08 21:58:29.349549,93
S_STR05789,S_U0023,S0032,2026-02-02 03:50:54.183355,124
S_STR05790,S_U0080,S0002,2026-02-17 04:53:17.048516,133
S_STR05791,S_U0062,S0031,2026-02-07 07:42:44.782707,128
S_STR05792,S_U0075,S0024,2026-02-04 07:44:10.648786,48
S_STR05793,S_U0087,S0049,2026-02-13 22:28:11.643533,15
S_STR05794,S_U0047,S0036,2026-02-25 09:32:23.487035,139
S_STR05795,S_U0046,S0046,2026-03-02 10:58:47.166051,55
S_STR05796,S_U0037,S0050,2026-02-06 18:58:27.919752,28
S_STR05797,S_U0025,S0049,2026-02-28 05:48:45.484330,15
S_STR05798,S_U0040,S0046,2026-02-18 08:17:47.716659,150
S_STR05799,S_U0092,S0031,2026-02-20 12:17:52.824404,119
S_STR05800,S_U0058,S0008,2026-02-21 11:26:52.267941,38
S_STR05801,S_U0043,S0027,2026-02-05 18:28:40.066437,13
S_STR05802,S_U0036,S0034,2026-02-16 22:11:03.920969,114
S_STR05803,S_U0067,S0040,2026-02-15 07:35:06.538596,53
S_STR05804,S_U0064,S0031,2026-02-02 03:54:17.827567,78
S_STR05805,S_U0063,S0038,2026-02-22 10:46:08.165294,104
S_STR05806,S_U0096,S0018,2026-02-14 18:57:35.816402,272
S_STR05807,S_U0077,S0006,2026-02-24 02:35:04.844522,257
S_STR05808,S_U0065,S0044,2026-02-03 05:17:46.174824,8
S_STR05809,S_U0091,S0027,2026-02-04 19:16:22.349888,198
S_STR05810,S_U0022,S0038,2026-02-16 06:12:56.858181,31
S_STR05811,S_U0076,S0016,2026-02-15 01:02:50.846119,90
S_STR05812,S_U0076,S0038,2026-02-08 14:36:15.536231,65
S_STR05813,S_U0026,S0038,2026-02-27 03:27:46.113523,41
S_STR05814,S_U0099,S0011,2026-02-18 06:42:19.131943,31
S_STR05815,S_U0020,S0046,2026-02-01 00:18:03.256811,16
S_STR05816,S_U0025,S0020,2026-02-24 04:28:23.565887,69
S_STR05817,S_U0075,S0037,2026-02-26 04:31:51.357955,51
S_STR05818,S_U0020,S0036,2026-02-15 11:21:08.189696,259
S_STR05819,S_U0088,S0030,2026-02-01 06:55:58.355068,29
S_STR05820,S_U0061,S0046,2026-02-22 05:09:27.450553,144
S_STR05821,S_U0072,S0019,2026-03-02 09:13:37.150539,42
S_STR05822,S_U0028,S0015,2026-02-10 04:21:58.724319,163
S_STR05823,S_U0090,S0030,2026-02-26 09:04:08.559685,91
S_STR05824,S_U0099,S0036,2026-01-31 13:36:35.823747,251
S_STR05825,S_U0062,S0040,2026-02-03 10:41:55.165712,120
S_STR05826,S_U0058,S0044,2026-02-11 05:57:06.955975,264
S_STR05827,S_U0033,S0025,2026-02-17 01:59:38.984912,199
S_STR05828,S_U0067,S0027,2026-02-15 19:41:54.038172,30
S_STR05829,S_U0046,S0024,2026-02-15 17:27:52.221097,126
S_STR05830,S_U0027,S0043,2026-02-03 09:20:01.038457,24
S_STR05831,S_U0032,S0049,2026-02-02 04:43:18.500740,16
S_STR05832,S_U0003,S0038,2026-02-02 05:44:03.040002,71
S_STR05833,S_U0071,S0042,2026-02-06 10:21:16.181133,116
S_STR05834,S_U0072,S0027,2026-02-19 15:29:38.449115,231
S_STR05835,S_U0029,S0034,2026-02-09 06:32:45.916487,225
S_STR05836,S_U0100,S0037,2026-02-10 11:33:57.680627,62
S_STR05837,S_U0015,S0031,2026-02-26 07:09:19.850323,129
S_STR05838,S_U0087,S0048,2026-02-23 19:27:18.322665,45
S_STR05839,S_U0045,S0033,2026-01-31 22:56:56.006478,42
S_STR05840,S_U0078,S0044,2026-02-08 06:23:00.076356,52
S_STR05841,S_U0098,S0035,2026-02-25 20:42:05.971128,199
S_STR05842,S_U0033,S0046,2026-02-08 08:35:37.227317,162
S_STR05843,S_U0023,S0045,2026-02-26 03:04:12.990644,95
S_STR05844,S_U0062,S0033,2026-02-02 06:58:29.439227,85
S_STR05845,S_U0094,S0025,2026-02-06 20:17:49.209358,35
S_STR05846,S_U0024,S0028,2026-02-08 01:55:15.769768,150
S_STR05847,S_U0078,S0024,2026-02-26 14:19:47.296205,100
S_STR05848,S_U0006,S0048,2026-02-04 00:00:00.641947,56
S_STR05849,S_U0048,S0035,2026-02-19 00:31:54.687726,246
S_STR05850,S_U0049,S0019,2026-02-25 01:35:16.895512,311
S_STR05851,S_U0055,S0037,2026-02-13 14:42:54.054999,139
S_STR05852,S_U0054,S0030,2026-02-08 01:32:52.801613,123
S_STR05853,S_U0030,S0018,2026-02-25 07:05:32.559320,78
S_STR05854,S_U0038,S0035,2026-02-26 21:54:46.374226,269
S_STR05855,S_U0050,S0049,2026-02-13 17:29:52.903548,13
S_STR05856,S_U0035,S0046,2026-02-10 09:59:06.839101,88
S_STR05857,S_U0021,S0023,2026-02-23 19:19:27.320403,107
S_STR05858,S_U0029,S0050,2026-02-11 19:52:07.442234,77
S_STR05859,S_U0062,S0013,2026-01-31 20:28:19.266342,126
S_STR05860,S_U0010,S0019,2026-02-06 15:33:19.025486,329
S_STR05861,S_U0007,S0045,2026-02-27 11:42:12.403238,69
S_STR05862,S_U0050,S0023,2026-02-28 11:38:02.074823,191
S_STR05863,S_U0071,S0050,2026-02-16 10:25:43.608388,74
S_STR05864,S_U0006,S0046,2026-02-20 12:25:12.434536,152
S_STR05865,S_U0069,S0039,2026-02-25 17:41:35.035779,182
S_STR05866,S_U0039,S0028,2026-02-09 01:36:19.167823,117
S_STR05867,S_U0051,S0031,2026-02-27 19:55:25.648749,115
S_STR05868,S_U0070,S0047,2026-02-01 04:45:03.361869,131
S_STR05869,S_U0049,S0030,2026-02-25 18:21:38.648818,35
S_STR05870,S_U0017,S0035,2026-02-08 03:24:12.166055,321
S_STR05871,S_U0012,S0026,2026-02-01 07:02:51.663496,258
S_STR05872,S_U0093,S0034,2026-02-15 02:50:21.176845,64
S_STR05873,S_U0027,S0050,2026-01-31 21:17:16.666420,34
S_STR05874,S_U0065,S0036,2026-02-17 05:31:29.129509,315
S_STR05875,S_U0015,S0047,2026-02-01 06:30:17.302962,228
S_STR05876,S_U0072,S0027,2026-02-18 08:02:25.131028,201
S_STR05877,S_U0091,S0022,2026-02-16 07:35:26.765197,125
S_STR05878,S_U0040,S0043,2026-02-09 22:55:53.072801,22
S_STR05879,S_U0004,S0013,2026-02-15 19:56:35.681757,171
S_STR05880,S_U0069,S0030,2026-02-02 05:23:55.772528,135
S_STR05881,S_U0099,S0049,2026-02-19 02:04:50.516232,19
S_STR05882,S_U0055,S0040,2026-02-24 02:44:55.248325,130
S_STR05883,S_U0028,S0036,2026-02-13 18:19:20.122387,29
S_STR05884,S_U0006,S0041,2026-02-24 09:51:16.026388,72
S_STR05885,S_U0066,S0006,2026-02-07 11:09:21.458351,279
S_STR05886,S_U0024,S0007,2026-02-24 17:39:40.364276,294
S_STR05887,S_U0051,S0048,2026-02-17 05:14:15.166509,17
S_STR05888,S_U0048,S0015,2026-02-08 20:03:20.074629,116
S_STR05889,S_U0097,S0038,2026-02-18 08:38:02.076547,7
S_STR05890,S_U0081,S0015,2026-02-17 07:02:16.754370,51
S_STR05891,S_U0020,S0048,2026-01-31 17:14:12.248638,225
S_STR05892,S_U0042,S0050,2026-02-10 19:26:06.781856,282
S_STR05893,S_U0090,S0022,2026-02-24 04:36:49.023617,13
S_STR05894,S_U0094,S0030,2026-03-01 15:52:24.628345,91
S_STR05895,S_U0090,S0032,2026-02-10 05:28:55.254091,142
S_STR05896,S_U0062,S0045,2026-02-13 18:10:59.331434,174
S_STR05897,S_U0074,S0037,2026-02-05 06:43:44.277203,116
S_STR05898,S_U0100,S0028,2026-03-01 21:12:15.905009,183
S_STR05899,S_U0071,S0038,2026-02-27 09:43:25.932933,176
S_STR05900,S_U0042,S0040,2026-02-03 14:06:22.678789,28
S_STR05901,S_U0086,S0045,2026-02-10 19:14:19.435472,158
S_STR05902,S_U0063,S0026,2026-02-08 16:33:46.311904,239
S_STR05903,S_U0023,S0047,2026-02-07 16:31:17.630867,157
S_STR05904,S_U0030,S0038,2026-02-05 18:55:13.411713,190
S_STR05905,S_U0012,S0017,2026-02-25 09:36:20.619066,9
S_STR05906,S_U0089,S0028,2026-02-07 20:35:00.568681,280
S_STR05907,S_U0090,S0040,2026-02-11 09:16:56.636420,24
S_STR05908,S_U0042,S0024,2026-02-12 00:02:55.151466,145
S_STR05909,S_U0035,S0026,2026-02-18 04:45:29.445720,166
S_STR05910,S_U0085,S0029,2026-02-09 23:52:50.475433,336
S_STR05911,S_U0062,S0037,2026-02-15 02:53:37.400486,81
S_STR05912,S_U0001,S0030,2026-02-27 12:06:46.860602,99
S_STR05913,S_U0063,S0021,2026-02-17 18:58:45.668560,122
S_STR05914,S_U0056,S0011,2026-02-08 17:14:27.405178,88
S_STR05915,S_U0012,S0041,2026-02-14 05:12:06.625876,75
S_STR05916,S_U0042,S0048,2026-02-06 16:24:50.993001,245
S_STR05917,S_U0048,S0028,2026-02-09 08:47:14.228676,65
S_STR05918,S_U0057,S0025,2026-02-12 18:53:14.978212,160
S_STR05919,S_U0073,S0025,2026-02-28 03:27:52.423113,64
S_STR05920,S_U0094,S0017,2026-02-18 23:18:51.943061,98
S_STR05921,S_U0047,S0030,2026-02-18 07:22:56.156894,83
S_STR05922,S_U0085,S0006,2026-02-18 16:43:22.751090,211
S_STR05923,S_U0077,S0045,2026-02-03 08:02:51.524627,197
S_STR05924,S_U0098,S0028,2026-02-22 07:28:30.461579,113
S_STR05925,S_U0072,S0017,2026-02-13 03:00:48.303182,117
S_STR05926,S_U0027,S0037,2026-02-28 09:08:23.438516,135
S_STR05927,S_U0099,S0045,2026-02-14 23:32:29.656790,72
S_STR05928,S_U0072,S0043,2026-02-15 10:30:56.407267,38
S_STR05929,S_U0036,S0030,2026-02-15 05:15:11.187050,154
S_STR05930,S_U0064,S0035,2026-02-27 14:01:31.253023,267
S_STR05931,S_U0076,S0019,2026-02-20 13:32:25.282230,162
S_STR05932,S_U0048,S0030,2026-02-26 20:01:35.928310,14
S_STR05933,S_U0056,S0009,2026-02-08 20:48:55.451450,168
S_STR05934,S_U0098,S0036,2026-02-18 14:06:42.529708,165
S_STR05935,S_U0033,S0050,2026-02-13 15:40:14.138962,78
S_STR05936,S_U0035,S0044,2026-02-10 23:26:10.073035,238
S_STR05937,S_U0075,S0041,2026-02-28 10:49:16.480399,13
S_STR05938,S_U0023,S0031,2026-02-13 03:27:33.130693,64
S_STR05939,S_U0023,S0036,2026-02-08 18:43:01.743196,313
S_STR05940,S_U0028,S0023,2026-02-24 15:17:37.394988,100
S_STR05941,S_U0052,S0042,2026-02-12 20:12:08.144479,106
S_STR05942,S_U0075,S0041,2026-02-13 14:39:40.783251,184
S_STR05943,S_U0099,S0023,2026-03-01 13:29:47.008413,161
S_STR05944,S_U0086,S0044,2026-02-07 06:23:20.474171,280
S_STR05945,S_U0078,S0042,2026-02-03 04:37:05.560670,148
S_STR05946,S_U0048,S0021,2026-02-27 08:16:36.879875,235
S_STR05947,S_U0063,S0038,2026-02-20 23:18:56.545620,83
S_STR05948,S_U0061,S0035,2026-02-08 09:57:30.312521,117
S_STR05949,S_U0050,S0029,2026-02-01 07:05:14.771322,65
S_STR05950,S_U0043,S0042,2026-02-05 17:43:05.616816,195
S_STR05951,S_U0054,S0048,2026-02-22 21:07:31.643647,69
S_STR05952,S_U0047,S0044,2026-02-27 11:55:53.097056,284
S_STR05953,S_U0034,S0046,2026-02-07 22:49:26.132176,64
S_STR05954,S_U0002,S0032,2026-02-23 19:48:44.522277,188
S_STR05955,S_U0026,S0031,2026-02-25 22:27:28.398484,58
S_STR05956,S_U0036,S0034,2026-02-02 11:48:49.764915,94
S_STR05957,S_U0062,S0011,2026-02-03 07:16:10.816956,104
S_STR05958,S_U0045,S0011,2026-02-12 06:24:07.764383,94
S_STR05959,S_U0078,S0035,2026-02-11 22:02:59.239799,131
S_STR05960,S_U0073,S0027,2026-02-12 19:11:39.528358,244
S_STR05961,S_U0071,S0024,2026-02-26 08:00:14.730449,121
S_STR05962,S_U0072,S0020,2026-02-02 15:50:19.628869,31
S_STR05963,S_U0006,S0028,2026-02-27 20:04:13.021843,219
S_STR05964,S_U0022,S0049,2026-02-24 20:21:02.974184,19
S_STR05965,S_U0065,S0032,2026-02-07 05:22:48.749019,293
S_STR05966,S_U0065,S0026,2026-02-26 15:12:50.601774,158
S_STR05967,S_U0016,S0047,2026-02-05 19:47:16.824367,27
S_STR05968,S_U0091,S0016,2026-02-21 13:56:22.417824,27
S_STR05969,S_U0021,S0045,2026-02-02 11:57:56.486056,98
S_STR05970,S_U0010,S0018,2026-02-27 06:44:16.720433,63
S_STR05971,S_U0007,S0039,2026-02-04 04:23:30.630747,82
S_STR05972,S_U0040,S0014,2026-02-24 21:55:48.115523,116
S_STR05973,S_U0084,S0037,2026-02-09 22:29:24.973329,60
S_STR05974,S_U0074,S0009,2026-02-25 05:20:52.285034,129
S_STR05975,S_U0012,S0048,2026-02-16 03:00:59.714965,26
S_STR05976,S_U0025,S0049,2026-01-31 17:02:58.759573,85
S_STR05977,S_U0020,S0040,2026-02-06 12:29:32.399853,48
S_STR05978,S_U0008,S0032,2026-02-24 00:11:54.655588,82
S_STR05979,S_U0069,S0042,2026-02-10 21:13:56.134507,156
S_STR05980,S_U0087,S0033,2026-03-01 07:24:53.268620,122
S_STR05981,S_U0059,S0045,2026-02-14 09:44:14.229546,184
S_STR05982,S_U0034,S0043,2026-02-20 01:21:01.440044,27
S_STR05983,S_U0078,S0042,2026-02-17 12:45:57.500139,38
S_STR05984,S_U0100,S0045,2026-02-25 04:48:04.750250,174
S_STR05985,S_U0043,S0024,2026-02-23 10:50:43.856436,343
S_STR05986,S_U0042,S0023,2026-02-04 02:28:21.730365,51
S_STR05987,S_U0082,S0018,2026-02-18 21:16:42.010731,146
S_STR05988,S_U0002,S0039,2026-02-03 06:39:14.622595,344
S_STR05989,S_U0010,S0046,2026-03-02 08:52:46.943856,161
S_STR05990,S_U0030,S0038,2026-02-11 18:40:19.134716,10
S_STR05991,S_U0005,S0046,2026-03-02 06:19:31.653349,184
S_STR05992,S_U0059,S0045,2026-02-08 06:27:59.212803,149
S_STR05993,S_U0082,S0027,2026-02-13 23:01:38.024631,65
S_STR05994,S_U0049,S0045,2026-02-28 03:15:07.727960,197
S_STR05995,S_U0052,S0050,2026-02-14 01:00:18.415633,173
S_STR05996,S_U0035,S0020,2026-02-05 07:13:11.538110,121
S_STR05997,S_U0078,S0031,2026-02-04 01:22:23.895937,5
S_STR05998,S_U0080,S0050,2026-02-17 00:52:24.938350,196
S_STR05999,S_U0036,S0040,2026-02-03 23:00:14.236292,102
S_STR06000,S_U0005,S0004,2026-02-01 05:33:39.899312,111
S_STR06001,S_U0064,S0037,2026-01-31 21:53:05.524069,20
S_STR06002,S_U0025,S0042,2026-02-11 12:40:18.271780,42
S_STR06003,S_U0032,S0048,2026-02-13 23:39:37.739016,169
S_STR06004,S_U0049,S0047,2026-02-01 11:22:24.835742,15
S_STR06005,S_U0002,S0023,2026-02-04 07:50:47.547221,213
S_STR06006,S_U0069,S0049,2026-03-01 07:59:54.569126,58
S_STR06007,S_U0025,S0032,2026-02-08 02:55:12.152198,153
S_STR06008,S_U0036,S0013,2026-02-02 08:12:32.097908,6
S_STR06009,S_U0040,S0022,2026-02-14 03:51:11.388345,86
S_STR06010,S_U0017,S0034,2026-02-05 19:14:27.911054,27
S_STR06011,S_U0011,S0047,2026-02-17 22:09:06.925847,118
S_STR06012,S_U0085,S0050,2026-02-06 00:06:15.196742,283
S_STR06013,S_U0068,S0032,2026-02-10 22:04:26.449754,160
S_STR06014,S_U0011,S0018,2026-03-01 16:52:34.413343,11
S_STR06015,S_U0012,S0048,2026-02-11 09:09:56.307837,195
S_STR06016,S_U0076,S0046,2026-02-13 10:18:12.010825,11
S_STR06017,S_U0057,S0050,2026-02-02 21:43:26.128405,225
S_STR06018,S_U0083,S0029,2026-02-18 14:11:00.957479,323
S_STR06019,S_U0091,S0024,2026-02-12 13:35:49.717848,65
S_STR06020,S_U0054,S0049,2026-02-02 00:29:03.562022,9
S_STR06021,S_U0096,S0050,2026-02-23 08:29:57.995506,100
S_STR06022,S_U0012,S0022,2026-02-17 20:29:42.070221,227
S_STR06023,S_U0031,S0040,2026-02-26 14:53:43.217463,63
S_STR06024,S_U0019,S0031,2026-02-04 09:37:26.245043,150
S_STR06025,S_U0028,S0050,2026-02-28 22:55:03.926025,42
S_STR06026,S_U0016,S0049,2026-02-16 04:28:01.308156,105
S_STR06027,S_U0045,S0027,2026-02-02 10:38:55.140851,183
S_STR06028,S_U0082,S0019,2026-03-01 06:38:32.335105,70
S_STR06029,S_U0044,S0047,2026-02-14 22:01:46.755882,259
S_STR06030,S_U0003,S0023,2026-02-23 08:34:52.394226,148
S_STR06031,S_U0019,S0013,2026-02-21 07:28:59.036477,133
S_STR06032,S_U0053,S0023,2026-02-02 14:04:08.757512,56
S_STR06033,S_U0015,S0027,2026-02-11 11:49:07.675498,41
S_STR06034,S_U0015,S0033,2026-02-10 07:38:46.660266,42
S_STR06035,S_U0069,S0030,2026-02-02 20:54:39.411081,61
S_STR06036,S_U0059,S0009,2026-02-25 09:56:27.009763,54
S_STR06037,S_U0084,S0028,2026-02-16 04:53:29.260421,203
S_STR06038,S_U0002,S0029,2026-02-04 22:51:09.952912,244
S_STR06039,S_U0071,S0033,2026-02-11 06:37:00.428335,100
S_STR06040,S_U0079,S0047,2026-02-19 04:08:13.758567,100
S_STR06041,S_U0080,S0041,2026-02-28 03:20:37.911243,62
S_STR06042,S_U0019,S0019,2026-02-12 11:35:14.055383,154
S_STR06043,S_U0010,S0033,2026-02-18 02:39:01.424545,127
S_STR06044,S_U0094,S0027,2026-02-26 05:05:45.625736,112
S_STR06045,S_U0035,S0016,2026-02-10 08:54:09.870016,266
S_STR06046,S_U0075,S0044,2026-02-05 07:53:39.667636,214
S_STR06047,S_U0045,S0023,2026-02-11 15:21:36.084265,84
S_STR06048,S_U0074,S0042,2026-03-02 08:16:52.722342,267
S_STR06049,S_U0048,S0043,2026-02-20 16:06:47.579827,130
S_STR06050,S_U0063,S0047,2026-02-09 15:57:46.259183,245
S_STR06051,S_U0044,S0029,2026-03-02 09:47:23.954790,319
S_STR06052,S_U0055,S0032,2026-02-04 07:17:48.671281,202
S_STR06053,S_U0010,S0034,2026-02-03 13:38:31.797335,233
S_STR06054,S_U0063,S0045,2026-02-06 07:04:21.818220,29
S_STR06055,S_U0064,S0042,2026-02-15 07:27:25.031584,150
S_STR06056,S_U0002,S0047,2026-02-12 18:46:14.714667,216
S_STR06057,S_U0043,S0041,2026-02-15 23:14:23.110268,82
S_STR06058,S_U0077,S0016,2026-02-12 07:26:33.161826,96
S_STR06059,S_U0053,S0034,2026-02-12 01:31:33.638280,56
S_STR06060,S_U0091,S0042,2026-02-15 09:29:25.295901,204
S_STR06061,S_U0091,S0050,2026-03-01 23:15:01.948771,115
S_STR06062,S_U0030,S0046,2026-02-19 12:32:17.155636,155
S_STR06063,S_U0012,S0034,2026-02-06 11:14:33.798378,7
S_STR06064,S_U0076,S0032,2026-02-01 10:41:41.970358,188
S_STR06065,S_U0007,S0010,2026-02-22 10:45:05.640158,179
S_STR06066,S_U0016,S0048,2026-02-13 00:15:18.996009,222
S_STR06067,S_U0073,S0043,2026-02-12 14:22:06.833321,36
S_STR06068,S_U0041,S0039,2026-02-09 08:49:47.762621,40
S_STR06069,S_U0079,S0020,2026-02-12 23:20:11.523921,39
S_STR06070,S_U0008,S0012,2026-02-15 17:39:28.108570,196
S_STR06071,S_U0068,S0040,2026-01-31 19:03:32.282205,114
S_STR06072,S_U0089,S0030,2026-02-03 00:08:58.090654,152
S_STR06073,S_U0015,S0050,2026-02-10 16:40:36.139810,294
S_STR06074,S_U0005,S0043,2026-03-02 04:00:00.799349,142
S_STR06075,S_U0017,S0013,2026-02-14 11:10:44.673554,74
S_STR06076,S_U0015,S0030,2026-02-19 05:00:51.808457,110
S_STR06077,S_U0092,S0048,2026-02-27 07:01:08.304961,79
S_STR06078,S_U0096,S0023,2026-02-28 17:32:33.703712,33
S_STR06079,S_U0087,S0024,2026-02-21 05:23:40.935109,283
S_STR06080,S_U0012,S0050,2026-02-24 18:14:48.573377,91
S_STR06081,S_U0001,S0047,2026-02-24 14:22:28.994594,46
S_STR06082,S_U0090,S0029,2026-02-03 12:24:02.232135,5
S_STR06083,S_U0006,S0048,2026-02-03 17:43:06.475141,206
S_STR06084,S_U0014,S0042,2026-02-21 10:27:11.209760,247
S_STR06085,S_U0092,S0045,2026-02-14 21:10:24.017713,103
S_STR06086,S_U0012,S0050,2026-02-14 08:40:22.913576,168
S_STR06087,S_U0097,S0016,2026-02-27 23:56:35.801542,199
S_STR06088,S_U0080,S0030,2026-02-12 20:27:52.909032,71
S_STR06089,S_U0049,S0050,2026-02-12 18:14:19.256660,163
S_STR06090,S_U0092,S0031,2026-02-13 13:21:48.843895,84
S_STR06091,S_U0018,S0024,2026-02-27 03:57:09.355788,319
S_STR06092,S_U0066,S0030,2026-02-16 05:22:11.212560,48
S_STR06093,S_U0053,S0019,2026-02-07 12:17:52.684091,95
S_STR06094,S_U0017,S0046,2026-02-20 17:44:20.125528,129
S_STR06095,S_U0039,S0034,2026-02-26 18:25:09.966981,8
S_STR06096,S_U0046,S0034,2026-02-12 11:11:26.022234,132
S_STR06097,S_U0043,S0049,2026-02-01 21:43:04.225312,65
S_STR06098,S_U0045,S0032,2026-02-15 05:06:03.396811,287
S_STR06099,S_U0009,S0022,2026-02-04 05:10:19.085739,142
S_STR06100,S_U0011,S0019,2026-02-17 19:05:32.054640,137
S_STR06101,S_U0001,S0045,2026-02-26 22:39:30.444775,47
S_STR06102,S_U0034,S0046,2026-02-18 22:26:36.850611,5
S_STR06103,S_U0077,S0017,2026-02-24 00:33:27.914289,96
S_STR06104,S_U0015,S0028,2026-02-02 17:46:39.572672,17
S_STR06105,S_U0039,S0026,2026-02-14 06:09:04.624296,226
S_STR06106,S_U0056,S0049,2026-02-28 04:59:34.842540,55
S_STR06107,S_U0029,S0029,2026-02-20 07:35:29.931779,194
S_STR06108,S_U0089,S0043,2026-02-05 20:36:39.124134,153
S_STR06109,S_U0048,S0034,2026-02-05 19:21:36.422762,93
S_STR06110,S_U0013,S0022,2026-02-22 06:32:42.690524,18
S_STR06111,S_U0100,S0040,2026-02-02 04:11:19.728935,40
S_STR06112,S_U0071,S0030,2026-02-22 19:37:03.457320,50
S_STR06113,S_U0037,S0030,2026-02-23 17:18:31.558821,79
S_STR06114,S_U0100,S0037,2026-02-15 08:33:44.524247,80
S_STR06115,S_U0053,S0030,2026-02-18 11:27:34.041591,119
S_STR06116,S_U0018,S0025,2026-02-17 18:57:35.180950,98
S_STR06117,S_U0072,S0044,2026-02-10 17:20:10.903921,311
S_STR06118,S_U0085,S0035,2026-02-05 21:32:11.309422,38
S_STR06119,S_U0027,S0042,2026-02-11 22:03:10.471378,35
S_STR06120,S_U0054,S0036,2026-02-03 03:28:24.797487,151
S_STR06121,S_U0065,S0050,2026-02-25 23:39:00.909221,123
S_STR06122,S_U0076,S0016,2026-02-10 22:31:27.449475,192
S_STR06123,S_U0021,S0030,2026-02-05 09:43:07.158481,65
S_STR06124,S_U0005,S0033,2026-02-21 04:42:38.241222,5
S_STR06125,S_U0060,S0039,2026-02-17 12:08:39.075530,32
S_STR06126,S_U0027,S0015,2026-02-27 21:44:05.781404,104
S_STR06127,S_U0048,S0046,2026-02-25 01:40:27.478959,37
S_STR06128,S_U0081,S0043,2026-02-28 09:01:20.907006,42
S_STR06129,S_U0011,S0017,2026-02-18 14:21:01.483306,49
S_STR06130,S_U0023,S0045,2026-02-03 12:28:30.817337,155
S_STR06131,S_U0062,S0038,2026-02-22 21:30:33.568368,151
S_STR06132,S_U0051,S0017,2026-02-23 16:40:53.254265,19
S_STR06133,S_U0094,S0044,2026-02-17 12:26:06.383864,174
S_STR06134,S_U0017,S0012,2026-02-10 11:11:54.364930,252
S_STR06135,S_U0012,S0043,2026-03-01 18:04:41.231138,143
S_STR06136,S_U0033,S0042,2026-02-04 13:16:41.584675,222
S_STR06137,S_U0059,S0050,2026-02-11 01:33:26.344504,284
S_STR06138,S_U0097,S0022,2026-03-02 04:49:20.920329,94
S_STR06139,S_U0005,S0023,2026-02-06 06:25:59.186741,68
S_STR06140,S_U0080,S0008,2026-02-22 15:52:52.486096,43
S_STR06141,S_U0078,S0031,2026-02-01 23:26:57.840454,86
S_STR06142,S_U0093,S0028,2026-02-21 01:44:01.052918,75
S_STR06143,S_U0003,S0036,2026-02-21 16:48:54.157996,51
S_STR06144,S_U0029,S0050,2026-01-31 16:29:39.792370,88
S_STR06145,S_U0037,S0043,2026-02-18 13:47:11.806080,73
S_STR06146,S_U0046,S0028,2026-02-06 05:05:10.980143,266
S_STR06147,S_U0004,S0037,2026-02-04 16:22:09.824890,24
S_STR06148,S_U0025,S0048,2026-02-24 01:57:59.804773,94
S_STR06149,S_U0047,S0012,2026-02-01 14:50:46.482957,228
S_STR06150,S_U0094,S0023,2026-02-20 05:59:40.489855,150
S_STR06151,S_U0036,S0026,2026-02-08 15:23:19.125310,88
S_STR06152,S_U0004,S0043,2026-02-19 20:39:20.697461,143
S_STR06153,S_U0041,S0028,2026-02-09 08:52:06.196001,207
S_STR06154,S_U0048,S0031,2026-02-15 16:51:48.911968,65
S_STR06155,S_U0022,S0045,2026-02-19 16:39:06.708753,23
S_STR06156,S_U0008,S0036,2026-02-11 18:19:09.344249,149
S_STR06157,S_U0052,S0011,2026-03-02 11:05:42.199994,143
S_STR06158,S_U0083,S0014,2026-02-26 04:28:44.019666,219
S_STR06159,S_U0009,S0050,2026-02-22 15:51:27.970030,277
S_STR06160,S_U0001,S0027,2026-02-02 19:59:23.122335,127
S_STR06161,S_U0024,S0041,2026-02-24 15:31:12.566338,192
S_STR06162,S_U0071,S0027,2026-01-31 21:29:23.993175,81
S_STR06163,S_U0062,S0038,2026-02-23 17:15:00.189986,49
S_STR06164,S_U0009,S0038,2026-02-10 13:00:55.937166,98
S_STR06165,S_U0057,S0037,2026-02-07 23:37:22.169071,137
S_STR06166,S_U0012,S0032,2026-02-07 06:29:24.511970,285
S_STR06167,S_U0092,S0029,2026-02-14 06:30:02.736858,116
S_STR06168,S_U0081,S0043,2026-02-21 05:08:51.340681,151
S_STR06169,S_U0031,S0042,2026-02-07 05:16:46.471389,22
S_STR06170,S_U0030,S0027,2026-02-20 01:56:15.856552,74
S_STR06171,S_U0081,S0039,2026-02-12 15:52:21.445104,189
S_STR06172,S_U0016,S0038,2026-02-26 19:38:26.820179,188
S_STR06173,S_U0030,S0031,2026-02-14 11:15:59.342160,137
S_STR06174,S_U0072,S0045,2026-02-17 07:41:23.410093,71
S_STR06175,S_U0100,S0047,2026-02-11 06:11:52.383162,207
S_STR06176,S_U0057,S0040,2026-03-02 10:33:31.779802,8
S_STR06177,S_U0067,S0043,2026-02-12 22:34:43.721864,134
S_STR06178,S_U0076,S0029,2026-03-01 17:27:11.177462,271
S_STR06179,S_U0039,S0041,2026-02-17 08:31:35.507982,129
S_STR06180,S_U0051,S0032,2026-02-20 02:27:42.107146,78
S_STR06181,S_U0050,S0011,2026-02-19 03:36:39.463403,133
S_STR06182,S_U0001,S0011,2026-02-23 03:31:22.445759,196
S_STR06183,S_U0052,S0025,2026-02-02 04:36:33.655527,103
S_STR06184,S_U0093,S0048,2026-02-21 08:10:49.605698,274
S_STR06185,S_U0100,S0026,2026-02-14 21:12:45.038121,149
S_STR06186,S_U0088,S0018,2026-02-02 05:39:13.889642,274
S_STR06187,S_U0051,S0025,2026-02-14 15:02:00.300771,193
S_STR06188,S_U0028,S0033,2026-02-22 04:49:16.865103,171
S_STR06189,S_U0055,S0037,2026-02-18 05:43:31.011791,49
S_STR06190,S_U0049,S0050,2026-02-19 09:49:10.866403,70
S_STR06191,S_U0030,S0047,2026-02-27 23:49:40.274496,214
S_STR06192,S_U0063,S0049,2026-02-19 16:00:07.351539,29
S_STR06193,S_U0070,S0012,2026-02-16 02:28:50.514272,156
S_STR06194,S_U0065,S0034,2026-03-01 20:05:54.703890,182
S_STR06195,S_U0035,S0049,2026-02-21 17:47:31.923383,11
S_STR06196,S_U0018,S0041,2026-02-02 07:40:26.973784,33
S_STR06197,S_U0012,S0017,2026-02-04 14:50:28.266482,90
S_STR06198,S_U0025,S0020,2026-03-02 08:19:28.359902,154
S_STR06199,S_U0018,S0009,2026-02-16 23:49:09.589450,54
S_STR06200,S_U0039,S0028,2026-02-04 14:09:47.665449,77
S_STR06201,S_U0049,S0025,2026-02-10 18:52:09.575459,23
S_STR06202,S_U0034,S0040,2026-02-11 18:55:08.430738,9
S_STR06203,S_U0010,S0031,2026-02-17 16:48:28.343798,100
S_STR06204,S_U0018,S0046,2026-02-28 05:21:07.291717,104
S_STR06205,S_U0032,S0043,2026-02-15 22:39:14.619085,101
S_STR06206,S_U0087,S0046,2026-02-05 10:32:56.771818,161
S_STR06207,S_U0080,S0046,2026-02-19 23:54:13.427260,149
S_STR06208,S_U0008,S0031,2026-02-19 06:35:23.106736,139
S_STR06209,S_U0041,S0031,2026-02-06 12:28:44.187617,137
S_STR06210,S_U0011,S0039,2026-02-27 22:59:04.322761,341
S_STR06211,S_U0008,S0044,2026-02-15 06:39:27.894165,62
S_STR06212,S_U0006,S0043,2026-02-21 17:26:41.058779,114
S_STR06213,S_U0013,S0047,2026-02-28 13:42:21.792278,198
S_STR06214,S_U0031,S0026,2026-02-05 07:23:51.327523,39
S_STR06215,S_U0013,S0043,2026-02-14 20:09:16.544765,162
S_STR06216,S_U0080,S0046,2026-02-06 13:03:47.870197,116
S_STR06217,S_U0044,S0048,2026-02-03 23:59:29.081746,246
S_STR06218,S_U0068,S0022,2026-02-07 00:24:51.669062,53
S_STR06219,S_U0056,S0041,2026-02-24 12:20:50.244653,65
S_STR06220,S_U0068,S0017,2026-02-20 07:31:02.748508,102
S_STR06221,S_U0009,S0034,2026-02-28 05:42:39.093537,46
S_STR06222,S_U0025,S0009,2026-02-26 11:58:26.840129,177
S_STR06223,S_U0051,S0019,2026-03-02 01:48:35.186785,120
S_STR06224,S_U0088,S0019,2026-02-23 08:42:31.667689,37
S_STR06225,S_U0072,S0049,2026-02-23 03:08:40.021424,64
S_STR06226,S_U0043,S0043,2026-02-02 08:50:43.211242,80
S_STR06227,S_U0008,S0050,2026-02-19 06:30:02.133080,73
S_STR06228,S_U0033,S0047,2026-02-24 19:04:04.439279,214
S_STR06229,S_U0037,S0020,2026-02-12 01:05:19.941255,9
S_STR06230,S_U0081,S0027,2026-02-17 08:30:30.806237,182
S_STR06231,S_U0054,S0037,2026-02-28 15:55:21.992199,94
S_STR06232,S_U0047,S0043,2026-02-06 23:19:11.292171,121
S_STR06233,S_U0059,S0050,2026-02-17 10:13:52.835303,162
S_STR06234,S_U0091,S0032,2026-02-05 14:07:56.579970,122
S_STR06235,S_U0039,S0020,2026-02-08 05:35:36.424120,83
S_STR06236,S_U0069,S0048,2026-02-08 18:27:05.774543,129
S_STR06237,S_U0050,S0044,2026-02-21 10:56:43.246962,308
S_STR06238,S_U0074,S0018,2026-02-28 23:00:05.060409,33
S_STR06239,S_U0099,S0024,2026-02-10 02:46:29.755203,194
S_STR06240,S_U0074,S0043,2026-02-06 21:51:05.736178,61
S_STR06241,S_U0039,S0038,2026-02-18 13:22:53.353918,173
S_STR06242,S_U0018,S0049,2026-02-06 21:52:42.336432,21
S_STR06243,S_U0016,S0042,2026-02-11 15:10:12.311782,255
S_STR06244,S_U0038,S0012,2026-02-08 02:02:12.089585,140
S_STR06245,S_U0038,S0007,2026-02-23 12:21:28.384041,160
S_STR06246,S_U0079,S0039,2026-02-22 02:44:45.009633,21
S_STR06247,S_U0031,S0049,2026-02-03 23:01:50.272529,61
S_STR06248,S_U0023,S0045,2026-02-17 18:04:36.748947,137
S_STR06249,S_U0028,S0048,2026-02-01 06:38:47.346427,67
S_STR06250,S_U0055,S0036,2026-02-02 12:36:46.595313,320
S_STR06251,S_U0037,S0042,2026-03-02 02:41:40.389554,119
S_STR06252,S_U0092,S0043,2026-02-09 02:41:17.927399,99
S_STR06253,S_U0033,S0007,2026-02-01 21:11:20.215061,210
S_STR06254,S_U0020,S0028,2026-02-06 04:25:49.022993,264
S_STR06255,S_U0060,S0016,2026-02-03 22:36:25.011321,193
S_STR06256,S_U0076,S0011,2026-02-18 19:00:13.640734,87
S_STR06257,S_U0026,S0019,2026-02-15 15:09:20.249299,31
S_STR06258,S_U0026,S0027,2026-02-28 09:34:02.337260,34
S_STR06259,S_U0022,S0024,2026-02-12 12:48:57.891761,331
S_STR06260,S_U0053,S0048,2026-03-02 04:13:58.366323,158
S_STR06261,S_U0017,S0032,2026-02-27 14:18:45.650199,115
S_STR06262,S_U0069,S0039,2026-02-22 19:12:33.610910,123
S_STR06263,S_U0026,S0049,2026-02-07 20:39:55.697323,67
S_STR06264,S_U0061,S0042,2026-02-17 08:03:56.449523,59
S_STR06265,S_U0080,S0049,2026-02-12 09:06:54.417680,115
S_STR06266,S_U0010,S0048,2026-01-31 22:28:07.479564,72
S_STR06267,S_U0064,S0045,2026-02-23 08:48:06.030680,76
S_STR06268,S_U0071,S0040,2026-02-06 05:41:42.890735,84
S_STR06269,S_U0018,S0026,2026-02-06 18:18:21.343964,221
S_STR06270,S_U0019,S0014,2026-02-12 04:05:57.510552,124
S_STR06271,S_U0039,S0037,2026-02-18 10:55:02.406214,56
S_STR06272,S_U0100,S0041,2026-02-19 01:03:44.532407,41
S_STR06273,S_U0088,S0044,2026-02-26 23:53:47.548933,193
S_STR06274,S_U0029,S0033,2026-02-16 21:47:53.331900,22
S_STR06275,S_U0047,S0023,2026-02-19 20:42:26.378635,105
S_STR06276,S_U0074,S0049,2026-01-31 23:21:46.861521,98
S_STR06277,S_U0016,S0034,2026-02-05 03:29:59.610469,18
S_STR06278,S_U0010,S0045,2026-02-06 19:09:09.672751,133
S_STR06279,S_U0010,S0042,2026-02-24 10:05:24.407555,19
S_STR06280,S_U0018,S0045,2026-02-21 17:17:13.364159,39
S_STR06281,S_U0055,S0045,2026-02-28 12:02:25.154435,140
S_STR06282,S_U0088,S0027,2026-02-27 11:54:36.799343,238
S_STR06283,S_U0053,S0050,2026-02-14 08:55:47.078568,286
S_STR06284,S_U0028,S0033,2026-02-24 18:32:04.018124,58
S_STR06285,S_U0057,S0045,2026-02-22 11:52:36.392403,193
S_STR06286,S_U0054,S0033,2026-02-01 13:34:20.191474,158
S_STR06287,S_U0043,S0048,2026-02-23 11:02:25.010334,60
S_STR06288,S_U0092,S0050,2026-02-27 11:24:28.359255,225
S_STR06289,S_U0069,S0032,2026-02-03 14:30:16.837889,136
S_STR06290,S_U0025,S0047,2026-02-18 01:26:12.373169,159
S_STR06291,S_U0025,S0043,2026-02-10 20:44:50.310675,114
S_STR06292,S_U0057,S0031,2026-02-09 00:39:16.793293,32
S_STR06293,S_U0058,S0042,2026-02-01 20:20:24.358698,65
S_STR06294,S_U0078,S0011,2026-02-22 08:24:34.897094,85
S_STR06295,S_U0019,S0045,2026-02-02 18:30:20.564511,141
S_STR06296,S_U0007,S0035,2026-02-04 01:55:16.382075,20
S_STR06297,S_U0027,S0044,2026-02-25 19:46:33.768671,5
S_STR06298,S_U0098,S0039,2026-02-06 15:38:32.183826,267
S_STR06299,S_U0080,S0031,2026-02-27 02:03:16.996015,9
S_STR06300,S_U0032,S0018,2026-02-19 21:19:11.287542,189
S_STR06301,S_U0037,S0014,2026-02-02 21:04:25.932184,250
S_STR06302,S_U0073,S0030,2026-02-18 11:37:54.133720,56
S_STR06303,S_U0025,S0048,2026-03-01 17:22:36.948282,46
S_STR06304,S_U0057,S0044,2026-02-27 09:43:41.776310,172
S_STR06305,S_U0022,S0035,2026-02-04 13:26:15.079260,67
S_STR06306,S_U0053,S0031,2026-02-26 21:24:32.288714,148
S_STR06307,S_U0085,S0047,2026-02-13 07:48:45.817015,233
S_STR06308,S_U0087,S0044,2026-02-04 09:01:18.604762,108
S_STR06309,S_U0084,S0027,2026-02-18 22:24:03.943920,123
S_STR06310,S_U0066,S0029,2026-02-21 20:21:00.673654,33
S_STR06311,S_U0002,S0033,2026-02-22 01:17:56.744974,90
S_STR06312,S_U0020,S0029,2026-02-05 02:33:23.758143,230
S_STR06313,S_U0015,S0016,2026-02-08 05:44:48.954112,128
S_STR06314,S_U0060,S0047,2026-02-01 03:35:43.724713,263
S_STR06315,S_U0008,S0033,2026-02-10 16:10:49.431926,153
S_STR06316,S_U0037,S0047,2026-02-04 03:51:42.567648,136
S_STR06317,S_U0003,S0042,2026-02-14 15:06:30.632644,133
S_STR06318,S_U0061,S0006,2026-02-15 09:28:46.079508,30
S_STR06319,S_U0035,S0049,2026-02-11 07:59:47.573975,8
S_STR06320,S_U0048,S0025,2026-02-20 00:31:50.173583,154
S_STR06321,S_U0089,S0032,2026-03-01 13:20:48.700553,179
S_STR06322,S_U0069,S0041,2026-02-22 06:03:04.266960,236
S_STR06323,S_U0078,S0037,2026-02-14 03:48:01.353384,43
S_STR06324,S_U0060,S0043,2026-02-12 04:23:08.156137,56
S_STR06325,S_U0040,S0050,2026-02-05 12:38:44.024805,321
S_STR06326,S_U0093,S0044,2026-02-05 03:35:04.321910,165
S_STR06327,S_U0057,S0013,2026-02-19 23:25:32.819906,56
S_STR06328,S_U0080,S0049,2026-02-06 01:51:48.923903,112
S_STR06329,S_U0007,S0030,2026-02-27 01:04:57.189803,54
S_STR06330,S_U0096,S0025,2026-02-14 16:18:38.736883,41
S_STR06331,S_U0061,S0037,2026-02-08 14:23:13.724320,84
S_STR06332,S_U0076,S0039,2026-02-04 09:57:42.005956,337
S_STR06333,S_U0086,S0046,2026-02-22 00:14:20.779844,66
S_STR06334,S_U0031,S0048,2026-02-08 00:05:29.245645,237
S_STR06335,S_U0011,S0004,2026-02-09 09:48:58.705216,66
S_STR06336,S_U0024,S0031,2026-02-22 13:17:21.013494,97
S_STR06337,S_U0083,S0045,2026-02-02 01:13:40.032431,28
S_STR06338,S_U0045,S0044,2026-02-19 11:30:07.920382,163
S_STR06339,S_U0068,S0032,2026-02-08 20:46:11.806908,120
S_STR06340,S_U0091,S0042,2026-02-26 23:00:00.623380,63
S_STR06341,S_U0088,S0021,2026-02-10 19:54:39.205071,283
S_STR06342,S_U0033,S0033,2026-02-15 16:40:28.338249,116
S_STR06343,S_U0042,S0039,2026-02-16 13:44:10.546155,73
S_STR06344,S_U0055,S0029,2026-02-21 21:17:41.504239,223
S_STR06345,S_U0057,S0042,2026-02-07 19:24:12.895844,159
S_STR06346,S_U0078,S0047,2026-02-11 16:47:39.104781,19
S_STR06347,S_U0001,S0050,2026-02-21 19:58:48.796322,41
S_STR06348,S_U0015,S0050,2026-02-11 17:07:11.912889,150
S_STR06349,S_U0071,S0043,2026-02-07 19:49:33.248897,28
S_STR06350,S_U0022,S0032,2026-02-21 20:54:18.603374,142
S_STR06351,S_U0059,S0037,2026-02-25 22:37:03.312240,26
S_STR06352,S_U0071,S0039,2026-02-07 07:06:44.928359,304
S_STR06353,S_U0077,S0050,2026-02-15 13:20:20.450728,185
S_STR06354,S_U0013,S0010,2026-02-18 14:20:13.396588,63
S_STR06355,S_U0051,S0031,2026-02-01 00:48:37.140515,57
S_STR06356,S_U0031,S0043,2026-02-07 21:23:06.628789,148
S_STR06357,S_U0022,S0050,2026-02-27 11:58:03.442485,259
S_STR06358,S_U0029,S0048,2026-02-23 02:07:54.848574,130
S_STR06359,S_U0075,S0049,2026-02-11 04:55:47.127738,117
S_STR06360,S_U0008,S0040,2026-02-28 05:08:53.671037,89
S_STR06361,S_U0082,S0028,2026-02-19 02:30:29.187882,108
S_STR06362,S_U0051,S0034,2026-02-11 23:45:29.108252,186
S_STR06363,S_U0080,S0033,2026-02-14 15:17:43.584326,129
S_STR06364,S_U0035,S0013,2026-01-31 20:32:46.161701,167
S_STR06365,S_U0067,S0024,2026-02-04 00:28:34.249186,113
S_STR06366,S_U0014,S0007,2026-02-20 13:19:59.054446,85
S_STR06367,S_U0078,S0025,2026-02-18 00:30:43.306649,59
S_STR06368,S_U0028,S0012,2026-02-23 09:42:26.679213,48
S_STR06369,S_U0090,S0039,2026-02-01 12:09:21.051044,9
S_STR06370,S_U0064,S0048,2026-02-08 23:04:57.305655,64
S_STR06371,S_U0052,S0027,2026-02-03 05:27:35.574864,232
S_STR06372,S_U0039,S0049,2026-02-18 03:28:24.014782,99
S_STR06373,S_U0100,S0045,2026-02-24 23:31:47.124505,186
S_STR06374,S_U0038,S0012,2026-02-05 19:53:56.013382,302
S_STR06375,S_U0090,S0039,2026-02-19 12:52:10.091477,118
S_STR06376,S_U0062,S0031,2026-02-21 00:07:19.585458,61
S_STR06377,S_U0071,S0017,2026-02-03 07:08:59.692711,25
S_STR06378,S_U0007,S0048,2026-02-03 06:20:15.759777,196
S_STR06379,S_U0003,S0045,2026-02-12 01:08:51.749827,114
S_STR06380,S_U0030,S0040,2026-02-13 06:01:40.649151,119
S_STR06381,S_U0050,S0046,2026-02-16 22:39:46.196599,68
S_STR06382,S_U0094,S0035,2026-02-07 19:48:13.867298,24
S_STR06383,S_U0099,S0015,2026-03-01 06:25:11.892453,164
S_STR06384,S_U0015,S0039,2026-02-16 08:50:47.514036,135
S_STR06385,S_U0001,S0045,2026-02-06 02:08:40.303644,161
S_STR06386,S_U0066,S0050,2026-02-17 04:25:41.818348,253
S_STR06387,S_U0064,S0015,2026-02-01 13:50:56.241993,244
S_STR06388,S_U0051,S0050,2026-02-10 04:54:29.218831,322
S_STR06389,S_U0068,S0038,2026-02-20 02:16:21.028664,136
S_STR06390,S_U0024,S0049,2026-02-20 20:30:47.900230,27
S_STR06391,S_U0006,S0039,2026-02-13 09:09:11.512075,112
S_STR06392,S_U0043,S0022,2026-02-12 22:17:59.591939,214
S_STR06393,S_U0029,S0014,2026-02-12 16:23:12.365478,68
S_STR06394,S_U0030,S0040,2026-02-22 21:38:43.391199,98
S_STR06395,S_U0055,S0025,2026-02-02 06:20:14.972359,172
S_STR06396,S_U0036,S0041,2026-02-17 06:19:57.360918,179
S_STR06397,S_U0016,S0022,2026-02-06 14:48:08.848606,75
S_STR06398,S_U0087,S0014,2026-02-24 15:00:33.859335,211
S_STR06399,S_U0024,S0046,2026-02-28 22:50:50.425944,84
S_STR06400,S_U0061,S0015,2026-02-17 11:23:08.878505,87
S_STR06401,S_U0091,S0029,2026-01-31 17:22:50.443731,128
S_STR06402,S_U0009,S0038,2026-02-14 23:41:06.754750,169
S_STR06403,S_U0098,S0048,2026-02-27 21:59:59.525075,93
S_STR06404,S_U0047,S0050,2026-02-04 21:46:45.419504,130
S_STR06405,S_U0079,S0018,2026-03-01 11:16:52.938078,57
S_STR06406,S_U0091,S0014,2026-02-26 12:03:38.745314,159
S_STR06407,S_U0077,S0021,2026-02-24 02:24:17.462998,228
S_STR06408,S_U0062,S0036,2026-02-27 09:34:16.912610,101
S_STR06409,S_U0023,S0040,2026-02-16 04:36:55.587138,131
S_STR06410,S_U0029,S0004,2026-02-18 21:15:34.119878,185
S_STR06411,S_U0031,S0046,2026-02-20 17:12:09.300515,112
S_STR06412,S_U0027,S0024,2026-02-07 23:48:29.121690,20
S_STR06413,S_U0024,S0039,2026-02-08 18:34:30.985356,305
S_STR06414,S_U0082,S0048,2026-02-12 07:28:34.784327,20
S_STR06415,S_U0037,S0039,2026-02-10 05:31:21.537008,133
S_STR06416,S_U0017,S0019,2026-02-02 14:03:15.962885,322
S_STR06417,S_U0070,S0017,2026-02-09 08:23:05.886477,73
S_STR06418,S_U0032,S0030,2026-02-05 22:12:30.760256,13
S_STR06419,S_U0006,S0026,2026-02-25 04:22:40.538106,218
S_STR06420,S_U0019,S0022,2026-02-27 01:42:28.143346,143
S_STR06421,S_U0005,S0037,2026-02-12 11:58:53.581628,11
S_STR06422,S_U0001,S0030,2026-02-23 20:43:23.056887,40
S_STR06423,S_U0067,S0046,2026-03-01 07:55:50.462206,180
S_STR06424,S_U0064,S0039,2026-02-12 06:33:46.384604,273
S_STR06425,S_U0010,S0030,2026-02-23 11:12:21.708635,133
S_STR06426,S_U0057,S0033,2026-02-10 02:34:25.075319,128
S_STR06427,S_U0015,S0023,2026-02-28 01:50:52.755698,238
S_STR06428,S_U0021,S0042,2026-02-21 02:41:07.548104,254
S_STR06429,S_U0073,S0049,2026-03-01 10:51:32.080019,122
S_STR06430,S_U0044,S0009,2026-02-04 16:42:57.358271,20
S_STR06431,S_U0073,S0042,2026-02-07 15:14:32.122956,160
S_STR06432,S_U0028,S0037,2026-02-20 17:36:56.633372,121
S_STR06433,S_U0066,S0032,2026-02-04 23:53:59.161647,220
S_STR06434,S_U0064,S0040,2026-02-04 04:50:38.108804,99
S_STR06435,S_U0007,S0039,2026-02-28 01:19:06.616738,101
S_STR06436,S_U0043,S0047,2026-02-02 18:19:10.493519,193
S_STR06437,S_U0069,S0026,2026-02-09 10:09:24.530615,210
S_STR06438,S_U0068,S0032,2026-02-20 02:56:02.449919,298
S_STR06439,S_U0018,S0046,2026-02-19 00:58:11.842074,79
S_STR06440,S_U0060,S0023,2026-02-10 19:18:16.303796,127
S_STR06441,S_U0019,S0002,2026-02-19 23:56:09.416353,285
S_STR06442,S_U0056,S0029,2026-02-02 10:56:49.403708,160
S_STR06443,S_U0076,S0049,2026-02-18 09:34:16.329547,37
S_STR06444,S_U0045,S0041,2026-02-02 08:18:46.302785,61
S_STR06445,S_U0055,S0046,2026-02-25 06:49:30.842898,41
S_STR06446,S_U0087,S0044,2026-02-02 05:30:53.021874,70
S_STR06447,S_U0084,S0048,2026-02-16 03:37:08.417923,115
S_STR06448,S_U0071,S0046,2026-02-14 11:55:51.971855,97
S_STR06449,S_U0051,S0032,2026-02-17 06:50:06.614262,186
S_STR06450,S_U0046,S0027,2026-02-10 21:51:38.485228,244
S_STR06451,S_U0049,S0022,2026-02-28 12:42:33.550704,75
S_STR06452,S_U0027,S0015,2026-02-22 23:11:33.714063,83
S_STR06453,S_U0096,S0039,2026-02-20 07:35:56.553837,343
S_STR06454,S_U0087,S0043,2026-02-02 05:22:59.556570,44
S_STR06455,S_U0074,S0035,2026-01-31 16:52:53.731709,180
S_STR06456,S_U0018,S0033,2026-02-01 21:26:12.150155,122
S_STR06457,S_U0062,S0046,2026-02-17 20:42:53.751262,100
S_STR06458,S_U0096,S0032,2026-02-28 09:02:55.559530,68
S_STR06459,S_U0076,S0039,2026-02-18 00:01:34.399220,23
S_STR06460,S_U0060,S0024,2026-02-20 10:48:53.625263,131
S_STR06461,S_U0047,S0037,2026-02-14 23:23:59.476238,24
S_STR06462,S_U0038,S0023,2026-02-15 12:58:28.040864,215
S_STR06463,S_U0012,S0040,2026-02-27 04:36:38.853489,20
S_STR06464,S_U0084,S0047,2026-02-28 10:09:37.495649,181
S_STR06465,S_U0068,S0046,2026-02-11 07:08:47.861627,96
S_STR06466,S_U0011,S0049,2026-02-28 21:31:07.765777,122
S_STR06467,S_U0073,S0026,2026-02-03 16:46:42.821220,30
S_STR06468,S_U0020,S0011,2026-02-14 19:14:47.538766,115
S_STR06469,S_U0084,S0044,2026-02-10 06:09:45.177247,262
S_STR06470,S_U0012,S0033,2026-02-24 03:22:25.007056,16
S_STR06471,S_U0017,S0017,2026-01-31 18:31:44.227259,108
S_STR06472,S_U0043,S0049,2026-02-06 11:35:19.495282,24
S_STR06473,S_U0044,S0021,2026-03-01 17:04:44.136949,34
S_STR06474,S_U0068,S0034,2026-02-06 23:12:06.557494,61
S_STR06475,S_U0063,S0037,2026-02-09 21:01:16.544311,16
S_STR06476,S_U0053,S0039,2026-02-28 19:53:41.730573,110
S_STR06477,S_U0093,S0028,2026-02-08 16:31:29.324330,63
S_STR06478,S_U0076,S0044,2026-02-25 17:11:15.289103,170
S_STR06479,S_U0050,S0036,2026-02-28 19:58:47.986274,147
S_STR06480,S_U0058,S0027,2026-02-04 15:49:37.179475,174
S_STR06481,S_U0084,S0050,2026-02-07 03:21:49.922830,176
S_STR06482,S_U0009,S0023,2026-02-10 00:18:07.539669,14
S_STR06483,S_U0053,S0042,2026-02-25 03:55:08.809536,70
S_STR06484,S_U0010,S0024,2026-02-04 15:32:36.790821,95
S_STR06485,S_U0099,S0017,2026-02-17 13:37:35.263973,54
S_STR06486,S_U0039,S0019,2026-02-25 21:29:01.034916,217
S_STR06487,S_U0059,S0035,2026-02-27 01:18:28.974140,61
S_STR06488,S_U0081,S0038,2026-02-16 02:21:07.751427,59
S_STR06489,S_U0021,S0047,2026-02-28 10:34:59.602688,183
S_STR06490,S_U0013,S0032,2026-02-02 16:08:15.851455,284
S_STR06491,S_U0046,S0009,2026-02-18 04:13:48.805442,158
S_STR06492,S_U0096,S0014,2026-02-13 16:19:44.089940,218
S_STR06493,S_U0082,S0031,2026-02-15 14:43:51.880804,118
S_STR06494,S_U0004,S0039,2026-02-27 17:56:50.975123,199
S_STR06495,S_U0061,S0020,2026-02-24 03:22:23.169480,5
S_STR06496,S_U0037,S0035,2026-02-10 09:19:48.875294,260
S_STR06497,S_U0041,S0050,2026-02-14 09:52:32.172292,327
S_STR06498,S_U0063,S0019,2026-02-05 03:14:47.332674,195
S_STR06499,S_U0060,S0046,2026-02-25 18:43:42.984441,45
S_STR06500,S_U0097,S0047,2026-02-11 13:10:35.088237,16
S_STR06501,S_U0020,S0034,2026-02-02 08:05:21.231005,211
S_STR06502,S_U0086,S0046,2026-02-19 00:53:40.065019,137
S_STR06503,S_U0038,S0044,2026-02-09 23:50:26.581833,36
S_STR06504,S_U0016,S0033,2026-02-06 10:24:27.449518,116
S_STR06505,S_U0058,S0047,2026-02-20 10:54:49.406806,26
S_STR06506,S_U0026,S0039,2026-02-17 11:49:15.272427,198
S_STR06507,S_U0014,S0050,2026-02-21 17:15:51.070349,277
S_STR06508,S_U0038,S0038,2026-02-15 06:48:27.666650,134
S_STR06509,S_U0078,S0017,2026-02-19 09:45:36.489295,75
S_STR06510,S_U0058,S0015,2026-02-15 03:02:17.701273,94
S_STR06511,S_U0082,S0023,2026-02-05 05:51:35.504498,233
S_STR06512,S_U0056,S0024,2026-02-07 01:10:17.601247,312
S_STR06513,S_U0092,S0048,2026-02-28 05:03:47.767370,66
S_STR06514,S_U0035,S0026,2026-02-27 06:00:21.366374,284
S_STR06515,S_U0030,S0048,2026-02-14 11:55:47.709576,269
S_STR06516,S_U0079,S0037,2026-02-13 13:36:11.798840,100
S_STR06517,S_U0040,S0008,2026-02-15 09:30:08.747187,324
S_STR06518,S_U0089,S0021,2026-02-04 03:12:51.481418,119
S_STR06519,S_U0066,S0049,2026-02-01 17:05:53.072599,88
S_STR06520,S_U0049,S0043,2026-02-06 02:10:03.117403,78
S_STR06521,S_U0063,S0035,2026-03-01 23:03:35.912876,38
S_STR06522,S_U0090,S0050,2026-02-26 17:48:22.373276,335
S_STR06523,S_U0059,S0043,2026-02-10 07:07:18.137353,25
S_STR06524,S_U0030,S0036,2026-02-14 20:49:03.202004,333
S_STR06525,S_U0066,S0039,2026-02-24 10:39:04.144457,303
S_STR06526,S_U0009,S0008,2026-02-19 06:44:43.962701,52
S_STR06527,S_U0018,S0050,2026-03-02 00:57:54.195781,64
S_STR06528,S_U0094,S0048,2026-02-24 05:09:42.441750,136
S_STR06529,S_U0045,S0008,2026-02-18 18:53:33.297968,40
S_STR06530,S_U0037,S0049,2026-02-08 07:33:51.652837,113
S_STR06531,S_U0074,S0044,2026-02-25 02:47:16.816043,13
S_STR06532,S_U0076,S0044,2026-02-14 01:20:48.858659,160
S_STR06533,S_U0036,S0046,2026-02-27 10:10:46.707715,136
S_STR06534,S_U0072,S0017,2026-02-01 15:40:27.796860,13
S_STR06535,S_U0074,S0050,2026-02-05 21:41:22.804876,330
S_STR06536,S_U0054,S0027,2026-03-02 03:16:43.016312,96
S_STR06537,S_U0044,S0017,2026-02-02 02:59:21.762206,72
S_STR06538,S_U0006,S0024,2026-02-06 22:50:30.566585,169
S_STR06539,S_U0047,S0049,2026-02-13 01:05:59.672955,77
S_STR06540,S_U0099,S0026,2026-02-14 22:30:09.285604,173
S_STR06541,S_U0071,S0040,2026-02-28 11:40:20.260214,83
S_STR06542,S_U0073,S0050,2026-02-16 14:05:38.523559,15
S_STR06543,S_U0027,S0036,2026-02-09 12:53:07.748122,249
S_STR06544,S_U0068,S0025,2026-02-20 01:26:43.790486,182
S_STR06545,S_U0090,S0010,2026-02-26 13:39:09.680045,182
S_STR06546,S_U0039,S0019,2026-02-19 15:50:55.784049,18
S_STR06547,S_U0072,S0047,2026-02-20 07:53:24.276695,252
S_STR06548,S_U0016,S0010,2026-02-16 21:38:49.744513,218
S_STR06549,S_U0014,S0038,2026-02-11 23:51:48.583120,105
S_STR06550,S_U0013,S0009,2026-02-21 20:04:36.331008,53
S_STR06551,S_U0051,S0005,2026-02-16 08:57:51.267765,129
S_STR06552,S_U0009,S0034,2026-02-11 14:42:27.114911,100
S_STR06553,S_U0009,S0047,2026-02-14 05:23:24.469776,29
S_STR06554,S_U0084,S0040,2026-01-31 22:40:37.650862,27
S_STR06555,S_U0087,S0046,2026-02-14 15:41:49.888154,142
S_STR06556,S_U0072,S0019,2026-02-16 01:49:06.984890,334
S_STR06557,S_U0017,S0039,2026-01-31 20:35:57.070820,193
S_STR06558,S_U0072,S0046,2026-02-27 23:08:57.122316,86
S_STR06559,S_U0069,S0024,2026-02-02 06:52:01.650209,218
S_STR06560,S_U0049,S0047,2026-02-06 23:16:42.560045,128
S_STR06561,S_U0069,S0028,2026-02-22 20:33:55.852906,44
S_STR06562,S_U0003,S0029,2026-02-05 21:12:02.107375,148
S_STR06563,S_U0094,S0038,2026-02-19 13:21:49.615046,156
S_STR06564,S_U0011,S0048,2026-02-28 22:57:25.884832,130
S_STR06565,S_U0010,S0040,2026-02-09 07:12:02.184040,95
S_STR06566,S_U0074,S0047,2026-02-01 12:46:01.650247,26
S_STR06567,S_U0074,S0044,2026-01-31 16:26:04.166706,273
S_STR06568,S_U0013,S0037,2026-02-07 03:46:08.505395,136
S_STR06569,S_U0024,S0044,2026-02-22 00:25:32.067269,172
S_STR06570,S_U0008,S0035,2026-01-31 18:47:31.496352,231
S_STR06571,S_U0048,S0026,2026-02-03 19:38:38.216163,277
S_STR06572,S_U0031,S0028,2026-03-01 20:32:10.443715,269
S_STR06573,S_U0010,S0025,2026-02-03 11:11:11.961487,152
S_STR06574,S_U0015,S0004,2026-02-19 13:14:19.523081,135
S_STR06575,S_U0065,S0037,2026-03-01 20:23:09.201042,63
S_STR06576,S_U0078,S0027,2026-02-15 06:15:08.152514,128
S_STR06577,S_U0089,S0044,2026-02-02 04:12:31.271029,190
S_STR06578,S_U0024,S0035,2026-02-13 23:54:21.535660,29
S_STR06579,S_U0048,S0049,2026-02-25 08:20:48.546631,61
S_STR06580,S_U0084,S0045,2026-02-09 00:45:54.506975,69
S_STR06581,S_U0046,S0044,2026-02-20 13:39:40.176753,116
S_STR06582,S_U0012,S0042,2026-02-15 20:24:27.493318,224
S_STR06583,S_U0033,S0034,2026-02-22 22:34:42.750388,224
S_STR06584,S_U0060,S0031,2026-02-20 19:54:02.524316,139
S_STR06585,S_U0070,S0041,2026-02-15 10:47:05.879561,210
S_STR06586,S_U0077,S0040,2026-03-01 18:09:29.435698,35
S_STR06587,S_U0053,S0050,2026-02-13 07:51:30.883294,36
S_STR06588,S_U0061,S0040,2026-02-12 08:08:42.088661,113
S_STR06589,S_U0078,S0045,2026-03-01 18:26:09.413779,195
S_STR06590,S_U0059,S0030,2026-02-04 01:58:58.937605,103
S_STR06591,S_U0007,S0032,2026-03-02 00:32:33.794890,105
S_STR06592,S_U0057,S0040,2026-02-27 04:29:02.329859,53
S_STR06593,S_U0029,S0044,2026-02-21 20:03:15.304515,146
S_STR06594,S_U0011,S0020,2026-02-12 19:40:03.861642,23
S_STR06595,S_U0077,S0016,2026-02-17 15:20:39.278934,124
S_STR06596,S_U0022,S0047,2026-02-26 22:17:54.818311,74
S_STR06597,S_U0094,S0011,2026-02-10 16:25:12.910819,209
S_STR06598,S_U0060,S0027,2026-02-02 23:53:17.548356,102
S_STR06599,S_U0038,S0022,2026-02-21 09:30:58.879369,14
S_STR06600,S_U0081,S0045,2026-02-10 01:33:14.194204,196
S_STR06601,S_U0069,S0033,2026-02-07 04:11:10.053833,30
S_STR06602,S_U0051,S0026,2026-02-06 23:30:30.031412,97
S_STR06603,S_U0039,S0033,2026-02-22 21:23:07.885781,60
S_STR06604,S_U0014,S0024,2026-03-01 08:35:31.730367,126
S_STR06605,S_U0074,S0039,2026-02-19 10:22:28.845803,247
S_STR06606,S_U0032,S0043,2026-02-12 10:14:48.053946,118
S_STR06607,S_U0055,S0047,2026-02-11 01:51:24.160021,136
S_STR06608,S_U0033,S0042,2026-02-13 10:01:22.626070,95
S_STR06609,S_U0051,S0037,2026-03-01 15:11:53.553452,147
S_STR06610,S_U0069,S0046,2026-02-28 13:01:10.046370,121
S_STR06611,S_U0085,S0034,2026-02-23 13:02:14.562647,204
S_STR06612,S_U0035,S0007,2026-02-10 16:26:25.362119,115
S_STR06613,S_U0054,S0019,2026-02-12 17:21:43.085117,188
S_STR06614,S_U0044,S0025,2026-02-03 08:33:40.289636,75
S_STR06615,S_U0096,S0029,2026-02-20 10:20:00.922914,335
S_STR06616,S_U0094,S0050,2026-02-09 03:44:16.028157,100
S_STR06617,S_U0063,S0006,2026-03-01 08:24:25.308199,158
S_STR06618,S_U0096,S0027,2026-02-18 07:09:45.700086,155
S_STR06619,S_U0088,S0033,2026-02-28 20:46:02.383223,130
S_STR06620,S_U0096,S0020,2026-02-18 19:40:45.943927,134
S_STR06621,S_U0063,S0035,2026-02-03 10:22:52.610559,211
S_STR06622,S_U0021,S0034,2026-02-20 17:55:09.997653,94
S_STR06623,S_U0032,S0050,2026-02-19 07:02:56.654877,161
S_STR06624,S_U0049,S0034,2026-03-01 19:54:18.286687,80
S_STR06625,S_U0083,S0048,2026-02-23 23:53:46.164075,145
S_STR06626,S_U0095,S0033,2026-03-02 00:06:25.631047,176
S_STR06627,S_U0066,S0020,2026-01-31 12:20:26.446671,83
S_STR06628,S_U0099,S0035,2026-02-17 09:38:47.811066,223
S_STR06629,S_U0046,S0044,2026-02-06 02:53:00.204401,290
S_STR06630,S_U0032,S0036,2026-02-13 06:04:38.367059,175
S_STR06631,S_U0011,S0025,2026-02-11 15:58:59.232495,55
S_STR06632,S_U0090,S0003,2026-02-11 15:04:41.114437,89
S_STR06633,S_U0030,S0039,2026-02-24 23:51:41.958157,337
S_STR06634,S_U0100,S0009,2026-02-25 11:03:08.687012,49
S_STR06635,S_U0088,S0048,2026-02-14 19:17:22.706803,142
S_STR06636,S_U0010,S0026,2026-02-21 02:24:41.609987,190
S_STR06637,S_U0037,S0028,2026-01-31 15:20:51.757300,233
S_STR06638,S_U0015,S0027,2026-02-12 23:42:17.246054,151
S_STR06639,S_U0061,S0050,2026-02-11 16:20:08.354112,216
S_STR06640,S_U0051,S0011,2026-02-24 20:57:47.410004,213
S_STR06641,S_U0007,S0042,2026-02-12 01:33:06.780580,176
S_STR06642,S_U0098,S0040,2026-02-23 04:06:32.057967,36
S_STR06643,S_U0010,S0042,2026-02-28 23:07:49.828017,139
S_STR06644,S_U0073,S0016,2026-02-06 12:23:11.404968,223
S_STR06645,S_U0019,S0028,2026-02-03 03:17:38.998967,14
S_STR06646,S_U0055,S0028,2026-02-05 08:49:58.568363,173
S_STR06647,S_U0004,S0043,2026-02-27 14:54:53.770615,114
S_STR06648,S_U0085,S0040,2026-02-27 11:10:35.774269,77
S_STR06649,S_U0036,S0034,2026-02-24 08:02:14.936895,60
S_STR06650,S_U0061,S0033,2026-02-13 14:26:52.463050,40
S_STR06651,S_U0079,S0042,2026-02-01 10:52:02.008229,36
S_STR06652,S_U0071,S0047,2026-02-11 22:59:19.491986,287
S_STR06653,S_U0047,S0046,2026-02-18 07:13:08.537421,139
S_STR06654,S_U0057,S0032,2026-02-28 06:39:11.416088,204
S_STR06655,S_U0049,S0026,2026-02-24 03:22:57.297554,206
S_STR06656,S_U0093,S0037,2026-02-04 00:18:32.372234,81
S_STR06657,S_U0058,S0030,2026-02-15 04:51:41.169149,59
S_STR06658,S_U0029,S0042,2026-02-14 16:41:15.357862,243
S_STR06659,S_U0099,S0010,2026-02-19 05:00:44.415879,115
S_STR06660,S_U0015,S0037,2026-02-18 02:31:00.224157,151
S_STR06661,S_U0077,S0029,2026-02-11 01:51:13.263699,115
S_STR06662,S_U0020,S0041,2026-02-22 05:54:18.244226,173
S_STR06663,S_U0006,S0044,2026-02-28 20:27:10.700040,304
S_STR06664,S_U0069,S0038,2026-02-11 10:48:59.068286,97
S_STR06665,S_U0049,S0037,2026-02-21 22:17:06.241400,85
S_STR06666,S_U0083,S0023,2026-02-28 05:21:46.304520,153
S_STR06667,S_U0017,S0041,2026-02-02 22:35:13.648710,158
S_STR06668,S_U0080,S0041,2026-02-08 01:40:18.449149,246
S_STR06669,S_U0089,S0040,2026-02-14 00:02:04.594869,104
S_STR06670,S_U0067,S0026,2026-02-26 03:05:06.808498,94
S_STR06671,S_U0007,S0012,2026-03-01 17:19:39.222649,122
S_STR06672,S_U0031,S0042,2026-02-21 17:13:13.394903,50
S_STR06673,S_U0095,S0041,2026-02-04 15:30:32.018222,205
S_STR06674,S_U0044,S0036,2026-02-08 15:41:41.629425,66
S_STR06675,S_U0062,S0048,2026-02-17 04:07:36.851823,74
S_STR06676,S_U0087,S0039,2026-03-02 00:42:46.636885,161
S_STR06677,S_U0086,S0048,2026-02-15 04:26:49.224448,259
S_STR06678,S_U0024,S0006,2026-02-23 12:47:08.744839,49
S_STR06679,S_U0048,S0046,2026-03-01 14:48:00.841456,131
S_STR06680,S_U0089,S0031,2026-02-04 03:50:23.338947,16
S_STR06681,S_U0003,S0026,2026-02-02 14:35:53.664302,249
S_STR06682,S_U0002,S0027,2026-02-04 07:57:09.407188,99
S_STR06683,S_U0071,S0038,2026-02-11 20:57:11.960602,59
S_STR06684,S_U0026,S0024,2026-02-14 08:49:17.677552,140
S_STR06685,S_U0078,S0043,2026-02-18 07:21:47.894787,42
S_STR06686,S_U0072,S0007,2026-02-10 17:34:12.350986,261
S_STR06687,S_U0041,S0027,2026-02-10 18:34:47.853882,25
S_STR06688,S_U0083,S0005,2026-02-12 19:59:23.286236,75
S_STR06689,S_U0063,S0021,2026-02-08 14:27:43.229397,117
S_STR06690,S_U0068,S0037,2026-02-21 12:06:54.445977,82
S_STR06691,S_U0070,S0046,2026-02-24 01:20:35.820451,128
S_STR06692,S_U0060,S0005,2026-02-26 11:59:37.539709,117
S_STR06693,S_U0090,S0014,2026-02-02 23:48:01.752675,313
S_STR06694,S_U0008,S0024,2026-02-22 07:16:56.825177,165
S_STR06695,S_U0033,S0041,2026-02-15 01:54:07.217144,240
S_STR06696,S_U0062,S0011,2026-02-24 01:44:09.990509,121
S_STR06697,S_U0095,S0030,2026-02-15 10:00:18.773277,44
S_STR06698,S_U0079,S0013,2026-02-16 15:05:04.615475,23
S_STR06699,S_U0069,S0030,2026-02-27 17:28:05.629539,45
S_STR06700,S_U0027,S0045,2026-02-10 09:44:10.800425,95
S_STR06701,S_U0034,S0034,2026-02-21 15:09:36.847488,154
S_STR06702,S_U0051,S0046,2026-02-07 01:06:06.449650,76
S_STR06703,S_U0021,S0035,2026-02-12 11:11:11.346935,175
S_STR06704,S_U0041,S0044,2026-01-31 20:25:16.270390,107
S_STR06705,S_U0069,S0028,2026-02-13 17:13:02.059400,150
S_STR06706,S_U0061,S0034,2026-02-22 01:52:15.861695,170
S_STR06707,S_U0002,S0050,2026-02-06 13:39:53.149457,338
S_STR06708,S_U0005,S0026,2026-02-07 05:55:25.088578,10
S_STR06709,S_U0054,S0034,2026-02-20 19:38:32.464437,84
S_STR06710,S_U0056,S0038,2026-02-03 20:26:34.550600,149
S_STR06711,S_U0084,S0013,2026-02-25 16:32:26.505003,163
S_STR06712,S_U0026,S0021,2026-02-27 11:35:04.350707,281
S_STR06713,S_U0032,S0047,2026-02-06 21:50:50.936427,294
S_STR06714,S_U0058,S0050,2026-02-02 14:00:30.317665,59
S_STR06715,S_U0005,S0020,2026-02-08 17:28:30.830705,141
S_STR06716,S_U0075,S0031,2026-02-14 14:29:20.653926,5
S_STR06717,S_U0029,S0036,2026-02-26 23:58:29.042859,136
S_STR06718,S_U0038,S0038,2026-02-22 21:08:10.507710,33
S_STR06719,S_U0078,S0037,2026-02-28 10:58:53.058286,128
S_STR06720,S_U0077,S0028,2026-02-08 15:03:27.801588,134
S_STR06721,S_U0041,S0045,2026-02-07 12:23:56.212709,104
S_STR06722,S_U0094,S0018,2026-02-23 22:15:25.555111,263
S_STR06723,S_U0097,S0029,2026-02-19 04:07:21.955890,230
S_STR06724,S_U0004,S0036,2026-03-01 08:15:21.647849,203
S_STR06725,S_U0079,S0039,2026-02-10 03:44:27.489654,276
S_STR06726,S_U0100,S0018,2026-02-25 05:49:19.455393,46
S_STR06727,S_U0059,S0015,2026-02-22 08:54:44.739120,190
S_STR06728,S_U0078,S0047,2026-02-16 03:37:52.843001,178
S_STR06729,S_U0058,S0042,2026-02-02 01:29:22.315726,209
S_STR06730,S_U0052,S0018,2026-02-15 19:58:48.696551,90
S_STR06731,S_U0008,S0042,2026-02-17 02:44:33.036029,214
S_STR06732,S_U0100,S0026,2026-02-03 23:40:30.694151,276
S_STR06733,S_U0090,S0036,2026-02-06 01:49:32.419122,226
S_STR06734,S_U0074,S0044,2026-02-25 20:01:04.776295,87
S_STR06735,S_U0033,S0009,2026-02-12 08:29:52.174745,31
S_STR06736,S_U0100,S0033,2026-02-11 09:00:02.331795,152
S_STR06737,S_U0034,S0032,2026-02-19 14:08:31.869083,300
S_STR06738,S_U0053,S0026,2026-02-25 09:06:48.955644,176
S_STR06739,S_U0100,S0047,2026-02-06 14:32:35.694082,283
S_STR06740,S_U0011,S0027,2026-02-23 10:34:21.381186,54
S_STR06741,S_U0035,S0005,2026-02-22 05:07:55.748493,241
S_STR06742,S_U0008,S0032,2026-02-25 01:48:58.311413,143
S_STR06743,S_U0029,S0022,2026-02-02 09:03:13.173304,142
S_STR06744,S_U0041,S0038,2026-02-05 09:04:21.358187,180
S_STR06745,S_U0030,S0027,2026-02-25 22:03:17.971310,99
S_STR06746,S_U0028,S0013,2026-02-22 03:00:09.961434,63
S_STR06747,S_U0090,S0026,2026-02-11 19:07:29.588434,9
S_STR06748,S_U0045,S0048,2026-02-20 10:59:27.643369,19
S_STR06749,S_U0016,S0042,2026-02-13 12:44:01.294190,192
S_STR06750,S_U0079,S0036,2026-02-22 09:23:01.134062,313
S_STR06751,S_U0068,S0029,2026-02-16 22:36:32.934052,136
S_STR06752,S_U0073,S0008,2026-02-01 02:44:32.683679,274
S_STR06753,S_U0014,S0044,2026-03-02 00:35:56.321479,306
S_STR06754,S_U0029,S0036,2026-02-19 01:29:56.195338,130
S_STR06755,S_U0090,S0048,2026-02-17 23:26:42.896722,223
S_STR06756,S_U0089,S0008,2026-02-06 13:51:44.218996,193
S_STR06757,S_U0097,S0033,2026-02-05 06:52:41.779605,102
S_STR06758,S_U0056,S0032,2026-02-25 02:31:33.534952,11
S_STR06759,S_U0100,S0023,2026-02-21 10:20:55.277610,94
S_STR06760,S_U0074,S0006,2026-02-08 11:31:23.115364,62
S_STR06761,S_U0079,S0032,2026-02-28 23:05:38.624943,127
S_STR06762,S_U0086,S0046,2026-02-06 11:19:14.933766,95
S_STR06763,S_U0004,S0040,2026-03-02 08:44:45.010297,136
S_STR06764,S_U0069,S0034,2026-02-21 09:04:57.660468,209
S_STR06765,S_U0007,S0038,2026-02-09 07:44:55.610486,141
S_STR06766,S_U0057,S0041,2026-02-11 10:10:39.325720,198
S_STR06767,S_U0007,S0044,2026-02-22 10:56:14.117682,202
S_STR06768,S_U0027,S0024,2026-02-28 05:11:54.637623,287
S_STR06769,S_U0006,S0021,2026-03-02 07:00:54.631388,148
S_STR06770,S_U0099,S0033,2026-02-16 14:06:06.477694,66
S_STR06771,S_U0048,S0041,2026-02-24 12:08:22.524496,46
S_STR06772,S_U0018,S0034,2026-02-12 23:52:09.997910,53
S_STR06773,S_U0038,S0029,2026-02-05 16:24:54.567751,118
S_STR06774,S_U0074,S0024,2026-02-23 04:23:15.415407,197
S_STR06775,S_U0015,S0029,2026-02-23 17:14:04.205868,145
S_STR06776,S_U0070,S0034,2026-02-25 07:48:47.863808,227
S_STR06777,S_U0053,S0036,2026-02-27 03:01:40.593242,134
S_STR06778,S_U0032,S0026,2026-02-22 00:38:25.300491,190
S_STR06779,S_U0013,S0048,2026-03-02 08:10:26.708709,104
S_STR06780,S_U0020,S0043,2026-02-08 09:55:38.439731,95
S_STR06781,S_U0086,S0037,2026-02-25 09:49:15.433802,43
S_STR06782,S_U0071,S0044,2026-02-06 05:31:31.952522,269
S_STR06783,S_U0015,S0037,2026-02-19 02:49:59.128777,68
S_STR06784,S_U0084,S0021,2026-02-03 03:01:21.874019,230
S_STR06785,S_U0063,S0039,2026-02-12 06:50:27.759866,209
S_STR06786,S_U0042,S0019,2026-02-24 13:13:47.426744,253
S_STR06787,S_U0066,S0026,2026-02-12 04:29:45.547151,188
S_STR06788,S_U0013,S0028,2026-02-15 13:46:28.722720,27
S_STR06789,S_U0068,S0030,2026-02-01 10:26:49.385210,124
S_STR06790,S_U0006,S0033,2026-02-27 15:42:37.121035,107
S_STR06791,S_U0085,S0025,2026-02-21 23:52:34.747131,93
S_STR06792,S_U0073,S0022,2026-02-20 23:40:31.061035,37
S_STR06793,S_U0046,S0050,2026-02-10 21:31:19.250939,217
S_STR06794,S_U0069,S0047,2026-02-17 22:50:46.987282,80
S_STR06795,S_U0028,S0023,2026-02-07 17:40:17.392223,229
S_STR06796,S_U0078,S0040,2026-02-28 03:36:32.032914,113
S_STR06797,S_U0098,S0010,2026-02-17 05:45:35.385326,221
S_STR06798,S_U0023,S0036,2026-02-06 13:53:34.669658,186
S_STR06799,S_U0084,S0039,2026-02-15 15:23:55.091896,300
S_STR06800,S_U0041,S0048,2026-02-01 18:49:58.326730,213
S_STR06801,S_U0004,S0044,2026-02-10 05:09:31.803441,113
S_STR06802,S_U0003,S0050,2026-02-28 16:48:19.590031,289
S_STR06803,S_U0071,S0046,2026-02-14 05:41:15.168441,131
S_STR06804,S_U0037,S0045,2026-02-26 16:42:53.736210,150
S_STR06805,S_U0068,S0035,2026-02-22 02:09:50.438622,261
S_STR06806,S_U0002,S0045,2026-02-06 10:09:24.728752,139
S_STR06807,S_U0003,S0034,2026-02-21 03:50:26.188099,128
S_STR06808,S_U0099,S0046,2026-02-10 23:32:50.516110,90
S_STR06809,S_U0005,S0038,2026-02-27 08:47:05.560582,78
S_STR06810,S_U0065,S0033,2026-02-05 14:32:13.986464,10
S_STR06811,S_U0096,S0037,2026-02-10 07:26:00.669502,107
S_STR06812,S_U0048,S0026,2026-02-03 17:24:32.714613,79
S_STR06813,S_U0005,S0045,2026-02-14 07:32:53.392096,157
S_STR06814,S_U0030,S0042,2026-02-17 16:14:14.070566,61
S_STR06815,S_U0053,S0044,2026-02-24 20:39:29.974070,72
S_STR06816,S_U0004,S0043,2026-03-01 07:14:31.260010,12
S_STR06817,S_U0048,S0049,2026-02-05 12:22:46.732879,7
S_STR06818,S_U0009,S0034,2026-02-24 01:57:14.632374,89
S_STR06819,S_U0093,S0041,2026-02-05 15:48:23.938628,177
S_STR06820,S_U0082,S0013,2026-02-25 22:25:06.838732,171
S_STR06821,S_U0097,S0028,2026-02-04 14:20:54.220999,152
S_STR06822,S_U0076,S0045,2026-02-22 00:52:26.840715,141
S_STR06823,S_U0066,S0040,2026-02-14 01:04:29.077974,137
S_STR06824,S_U0045,S0040,2026-02-07 01:51:34.709796,37
S_STR06825,S_U0009,S0029,2026-02-22 13:28:44.178457,296
S_STR06826,S_U0039,S0015,2026-02-03 21:07:17.493379,200
S_STR06827,S_U0083,S0036,2026-02-27 14:34:59.771172,100
S_STR06828,S_U0041,S0027,2026-02-01 03:11:53.789690,22
S_STR06829,S_U0024,S0049,2026-02-22 11:50:35.465966,52
S_STR06830,S_U0046,S0038,2026-02-17 16:06:54.867082,172
S_STR06831,S_U0085,S0049,2026-02-13 09:38:50.665667,111
S_STR06832,S_U0004,S0012,2026-02-15 12:55:33.888656,59
S_STR06833,S_U0093,S0035,2026-02-10 13:22:40.179448,127
S_STR06834,S_U0055,S0005,2026-02-28 12:32:16.554074,136
S_STR06835,S_U0047,S0023,2026-02-06 05:18:30.867524,120
S_STR06836,S_U0048,S0028,2026-02-08 16:49:15.454831,196
S_STR06837,S_U0080,S0039,2026-02-05 03:10:16.801039,116
S_STR06838,S_U0099,S0036,2026-02-28 23:00:44.842831,149
S_STR06839,S_U0035,S0014,2026-02-10 06:25:31.109487,127
S_STR06840,S_U0041,S0034,2026-01-31 11:13:02.341656,39
S_STR06841,S_U0083,S0033,2026-02-01 03:45:10.060051,84
S_STR06842,S_U0059,S0042,2026-02-28 09:21:29.161102,71
S_STR06843,S_U0058,S0048,2026-02-26 07:11:20.673435,84
S_STR06844,S_U0037,S0039,2026-02-15 00:09:34.367844,166
S_STR06845,S_U0050,S0033,2026-02-24 07:37:29.243263,86
S_STR06846,S_U0073,S0035,2026-02-07 02:02:02.241158,166
S_STR06847,S_U0050,S0028,2026-02-25 00:38:19.841118,285
S_STR06848,S_U0039,S0026,2026-01-31 18:13:43.775540,123
S_STR06849,S_U0082,S0042,2026-03-01 07:05:49.594831,132
S_STR06850,S_U0062,S0035,2026-02-09 02:41:13.238304,286
S_STR06851,S_U0095,S0025,2026-02-23 02:22:54.909872,98
S_STR06852,S_U0095,S0045,2026-02-08 15:22:09.637701,139
S_STR06853,S_U0036,S0027,2026-02-16 21:30:09.384925,235
S_STR06854,S_U0016,S0044,2026-02-24 02:44:26.413117,244
S_STR06855,S_U0098,S0032,2026-03-01 15:57:15.099735,232
S_STR06856,S_U0007,S0030,2026-02-02 00:00:55.365690,120
S_STR06857,S_U0047,S0017,2026-02-24 19:03:54.463426,62
S_STR06858,S_U0074,S0050,2026-02-17 16:43:43.888806,222
S_STR06859,S_U0009,S0015,2026-02-02 14:27:37.014110,90
S_STR06860,S_U0065,S0047,2026-02-22 14:19:44.313761,174
S_STR06861,S_U0043,S0013,2026-02-21 13:44:14.366808,41
S_STR06862,S_U0040,S0030,2026-02-13 12:38:33.531949,68
S_STR06863,S_U0029,S0044,2026-02-23 07:21:40.888772,297
S_STR06864,S_U0010,S0047,2026-02-14 12:37:04.291439,213
S_STR06865,S_U0020,S0003,2026-03-02 07:24:13.405721,46
S_STR06866,S_U0072,S0048,2026-02-02 02:27:26.990747,167
S_STR06867,S_U0019,S0039,2026-02-21 17:37:59.518227,126
S_STR06868,S_U0011,S0034,2026-02-18 23:37:57.810940,45
S_STR06869,S_U0030,S0025,2026-02-17 08:45:52.128708,164
S_STR06870,S_U0012,S0031,2026-02-04 16:19:29.535270,76
S_STR06871,S_U0039,S0041,2026-02-23 14:16:55.447232,188
S_STR06872,S_U0006,S0038,2026-02-01 05:56:21.593870,124
S_STR06873,S_U0081,S0046,2026-02-15 02:33:14.492636,20
S_STR06874,S_U0008,S0049,2026-02-19 15:42:49.563502,16
S_STR06875,S_U0014,S0027,2026-02-02 12:09:45.514565,19
S_STR06876,S_U0095,S0044,2026-02-04 06:18:43.639578,131
S_STR06877,S_U0003,S0021,2026-02-06 14:28:01.230598,198
S_STR06878,S_U0010,S0035,2026-02-04 00:22:32.016211,46
S_STR06879,S_U0032,S0042,2026-02-17 10:32:48.013755,238
S_STR06880,S_U0086,S0041,2026-02-09 18:39:24.070161,131
S_STR06881,S_U0038,S0025,2026-02-15 06:40:03.614583,75
S_STR06882,S_U0065,S0012,2026-03-01 06:26:48.865106,205
S_STR06883,S_U0012,S0048,2026-02-12 18:17:30.926258,66
S_STR06884,S_U0088,S0021,2026-02-09 04:59:59.074429,114
S_STR06885,S_U0059,S0036,2026-02-03 06:32:40.982948,311
S_STR06886,S_U0089,S0029,2026-03-02 01:06:59.581005,225
S_STR06887,S_U0090,S0038,2026-02-19 18:39:11.340636,43
S_STR06888,S_U0098,S0006,2026-02-07 11:33:19.568141,338
S_STR06889,S_U0049,S0046,2026-02-18 18:28:09.221836,172
S_STR06890,S_U0023,S0042,2026-02-24 23:33:10.274196,248
S_STR06891,S_U0021,S0033,2026-02-02 12:05:09.033292,107
S_STR06892,S_U0080,S0049,2026-02-09 18:27:36.712202,46
S_STR06893,S_U0053,S0029,2026-02-04 11:33:18.553853,77
S_STR06894,S_U0062,S0024,2026-02-12 06:32:24.594265,156
S_STR06895,S_U0055,S0044,2026-02-24 02:24:08.442308,266
S_STR06896,S_U0080,S0029,2026-02-23 02:12:26.728926,219
S_STR06897,S_U0094,S0037,2026-02-09 07:16:00.189716,123
S_STR06898,S_U0075,S0035,2026-02-08 00:34:41.110395,18
S_STR06899,S_U0049,S0012,2026-02-13 17:31:44.779989,210
S_STR06900,S_U0001,S0026,2026-02-10 00:20:30.093391,197
S_STR06901,S_U0070,S0038,2026-02-13 04:01:51.522250,141
S_STR06902,S_U0070,S0034,2026-02-13 09:25:16.059911,166
S_STR06903,S_U0098,S0047,2026-02-27 03:45:14.633993,212
S_STR06904,S_U0092,S0033,2026-02-25 14:39:08.011846,144
S_STR06905,S_U0049,S0027,2026-02-22 19:37:01.098335,146
S_STR06906,S_U0013,S0027,2026-02-08 20:23:33.211178,67
S_STR06907,S_U0057,S0035,2026-02-18 11:38:37.783437,126
S_STR06908,S_U0080,S0005,2026-03-02 10:30:07.352845,105
S_STR06909,S_U0024,S0045,2026-02-23 13:26:18.822394,111
S_STR06910,S_U0031,S0035,2026-02-08 22:04:04.708879,229
S_STR06911,S_U0010,S0038,2026-02-19 18:47:56.969443,33
S_STR06912,S_U0066,S0028,2026-02-22 03:28:56.423655,148
S_STR06913,S_U0004,S0049,2026-02-19 06:47:25.902420,7
S_STR06914,S_U0081,S0029,2026-02-19 11:45:38.846995,224
S_STR06915,S_U0067,S0038,2026-02-25 22:19:56.176049,65
S_STR06916,S_U0022,S0027,2026-02-18 15:10:13.413975,200
S_STR06917,S_U0015,S0043,2026-02-23 08:31:33.060047,59
S_STR06918,S_U0060,S0037,2026-02-13 06:57:35.943791,59
S_STR06919,S_U0028,S0036,2026-02-21 02:50:34.234323,234
S_STR06920,S_U0030,S0044,2026-02-23 01:11:11.544399,321
S_STR06921,S_U0056,S0026,2026-03-01 22:58:14.851535,240
S_STR06922,S_U0070,S0028,2026-02-08 16:20:34.786387,122
S_STR06923,S_U0027,S0014,2026-03-01 00:52:54.940758,47
S_STR06924,S_U0048,S0017,2026-02-03 03:32:23.485381,21
S_STR06925,S_U0082,S0019,2026-02-11 04:14:30.514545,60
S_STR06926,S_U0008,S0012,2026-02-02 06:37:51.209632,5
S_STR06927,S_U0027,S0024,2026-02-06 07:30:38.984702,126
S_STR06928,S_U0040,S0034,2026-02-12 04:22:20.715246,151
S_STR06929,S_U0095,S0038,2026-02-13 19:49:53.106246,116
S_STR06930,S_U0048,S0050,2026-02-15 10:53:24.785082,124
S_STR06931,S_U0042,S0026,2026-02-23 01:05:46.052911,9
S_STR06932,S_U0093,S0046,2026-02-20 03:43:16.120273,141
S_STR06933,S_U0003,S0042,2026-02-02 18:30:24.335234,200
S_STR06934,S_U0077,S0049,2026-02-07 00:50:11.333326,53
S_STR06935,S_U0051,S0015,2026-02-19 07:03:38.616730,23
S_STR06936,S_U0090,S0045,2026-02-11 18:36:51.407599,158
S_STR06937,S_U0024,S0045,2026-02-10 01:35:49.838283,138
S_STR06938,S_U0051,S0027,2026-02-23 22:12:14.362316,80
S_STR06939,S_U0052,S0011,2026-02-05 10:54:19.322490,222
S_STR06940,S_U0092,S0036,2026-02-01 14:20:23.898276,278
S_STR06941,S_U0015,S0023,2026-02-01 23:19:17.209388,60
S_STR06942,S_U0015,S0035,2026-02-09 04:11:42.938657,97
S_STR06943,S_U0065,S0018,2026-02-13 10:09:32.921799,92
S_STR06944,S_U0005,S0033,2026-02-24 04:46:45.228980,133
S_STR06945,S_U0073,S0027,2026-02-01 09:00:03.301308,243
S_STR06946,S_U0014,S0033,2026-02-10 04:22:05.497831,77
S_STR06947,S_U0096,S0017,2026-02-16 07:51:36.544465,78
S_STR06948,S_U0037,S0008,2026-02-27 10:31:50.619016,158
S_STR06949,S_U0048,S0027,2026-02-22 06:45:24.795738,187
S_STR06950,S_U0028,S0004,2026-02-20 09:48:28.948909,111
S_STR06951,S_U0077,S0047,2026-02-17 10:46:25.061000,104
S_STR06952,S_U0008,S0049,2026-02-28 20:51:45.368802,80
S_STR06953,S_U0027,S0049,2026-02-14 04:33:55.063231,53
S_STR06954,S_U0083,S0042,2026-02-10 09:55:12.355387,104
S_STR06955,S_U0067,S0035,2026-02-14 06:28:46.873283,311
S_STR06956,S_U0012,S0027,2026-02-19 09:08:32.301477,200
S_STR06957,S_U0099,S0025,2026-02-03 14:38:09.675565,144
S_STR06958,S_U0054,S0046,2026-02-06 03:40:35.671832,166
S_STR06959,S_U0047,S0031,2026-02-01 16:14:36.725412,58
S_STR06960,S_U0091,S0037,2026-02-08 08:35:06.231665,21
S_STR06961,S_U0055,S0035,2026-02-14 01:37:23.160271,285
S_STR06962,S_U0017,S0019,2026-02-18 19:28:03.341596,214
S_STR06963,S_U0095,S0021,2026-03-01 21:31:52.833490,237
S_STR06964,S_U0042,S0042,2026-02-06 01:12:05.408269,100
S_STR06965,S_U0013,S0030,2026-02-22 20:43:07.706250,131
S_STR06966,S_U0085,S0040,2026-02-28 22:35:10.114355,19
S_STR06967,S_U0081,S0014,2026-02-13 03:53:25.583709,270
S_STR06968,S_U0012,S0026,2026-02-04 22:33:18.447817,29
S_STR06969,S_U0011,S0031,2026-02-23 08:18:54.496696,146
S_STR06970,S_U0022,S0024,2026-02-25 06:23:11.271518,276
S_STR06971,S_U0089,S0026,2026-02-22 11:34:00.335257,178
S_STR06972,S_U0087,S0046,2026-02-28 09:16:37.253853,36
S_STR06973,S_U0001,S0042,2026-02-04 11:06:59.114219,48
S_STR06974,S_U0018,S0032,2026-02-17 18:52:03.034637,134
S_STR06975,S_U0083,S0012,2026-02-08 12:47:22.983757,114
S_STR06976,S_U0049,S0027,2026-02-25 21:16:55.935998,89
S_STR06977,S_U0047,S0044,2026-02-11 03:21:11.304665,83
S_STR06978,S_U0094,S0049,2026-02-08 10:55:05.610121,46
S_STR06979,S_U0068,S0008,2026-02-01 02:34:34.088258,211
S_STR06980,S_U0090,S0050,2026-02-26 23:11:40.458601,313
S_STR06981,S_U0060,S0029,2026-02-01 07:33:01.772596,108
S_STR06982,S_U0049,S0037,2026-03-02 10:53:39.896348,8
S_STR06983,S_U0002,S0036,2026-02-12 03:13:43.896410,143
S_STR06984,S_U0023,S0040,2026-02-20 18:13:52.801783,16
S_STR06985,S_U0026,S0033,2026-02-02 22:08:49.836753,78
S_STR06986,S_U0009,S0031,2026-02-28 11:43:09.318681,50
S_STR06987,S_U0020,S0036,2026-03-02 07:29:29.133801,192
S_STR06988,S_U0013,S0022,2026-02-17 23:46:47.018612,100
S_STR06989,S_U0024,S0047,2026-02-06 04:09:52.005610,252
S_STR06990,S_U0097,S0032,2026-02-17 04:27:01.276208,230
S_STR06991,S_U0066,S0043,2026-02-07 21:46:37.656988,7
S_STR06992,S_U0070,S0037,2026-02-25 04:20:47.096887,92
S_STR06993,S_U0004,S0036,2026-02-21 04:57:22.676107,210
S_STR06994,S_U0098,S0041,2026-02-22 16:10:11.970549,254
S_STR06995,S_U0022,S0029,2026-01-31 18:14:46.271037,178
S_STR06996,S_U0090,S0007,2026-02-13 05:48:12.297925,186
S_STR06997,S_U0072,S0049,2026-02-17 13:20:43.133332,108
S_STR06998,S_U0089,S0037,2026-02-13 11:57:01.580693,76
S_STR06999,S_U0039,S0035,2026-02-25 10:59:18.223856,207
S_STR07000,S_U0088,S0031,2026-02-12 09:11:41.434214,13
S_STR07001,S_U0093,S0012,2026-02-05 01:25:55.544492,15
S_STR07002,S_U0032,S0050,2026-02-17 02:35:35.747076,101
S_STR07003,S_U0065,S0048,2026-02-12 20:20:27.950154,12
S_STR07004,S_U0047,S0039,2026-02-20 11:01:02.313437,299
S_STR07005,S_U0044,S0039,2026-02-28 02:27:56.986810,66
S_STR07006,S_U0088,S0029,2026-02-06 13:56:45.863569,79
S_STR07007,S_U0068,S0023,2026-02-09 00:58:45.910371,185
S_STR07008,S_U0002,S0033,2026-02-25 07:46:50.127175,52
S_STR07009,S_U0050,S0050,2026-02-27 21:20:35.293295,104
S_STR07010,S_U0003,S0030,2026-02-14 10:21:40.354090,26
S_STR07011,S_U0025,S0025,2026-02-10 16:26:49.310556,161
S_STR07012,S_U0066,S0045,2026-02-01 12:59:26.918571,88
S_STR07013,S_U0043,S0043,2026-02-05 10:32:47.593988,126
S_STR07014,S_U0075,S0011,2026-02-17 10:28:07.606686,51
S_STR07015,S_U0065,S0024,2026-02-28 18:37:54.618082,246
S_STR07016,S_U0057,S0041,2026-02-20 22:27:41.465663,69
S_STR07017,S_U0021,S0042,2026-02-23 00:21:26.882763,9
S_STR07018,S_U0083,S0050,2026-02-05 13:31:49.141380,198
S_STR07019,S_U0100,S0012,2026-02-14 15:23:22.699804,71
S_STR07020,S_U0080,S0030,2026-02-02 10:18:45.059609,71
S_STR07021,S_U0015,S0031,2026-02-18 05:49:17.844323,42
S_STR07022,S_U0011,S0037,2026-02-15 22:06:34.516500,36
S_STR07023,S_U0097,S0033,2026-03-01 03:07:12.349663,129
S_STR07024,S_U0053,S0038,2026-02-05 04:07:28.081517,183
S_STR07025,S_U0100,S0050,2026-02-05 09:58:35.944680,233
S_STR07026,S_U0072,S0032,2026-02-15 06:36:46.983352,223
S_STR07027,S_U0047,S0046,2026-02-12 13:38:37.580473,121
S_STR07028,S_U0086,S0031,2026-02-12 12:30:44.114440,148
S_STR07029,S_U0045,S0030,2026-02-24 08:12:30.042293,28
S_STR07030,S_U0005,S0048,2026-03-01 01:47:29.534190,81
S_STR07031,S_U0041,S0043,2026-02-20 20:37:19.373175,158
S_STR07032,S_U0060,S0026,2026-02-01 16:26:36.341183,145
S_STR07033,S_U0100,S0028,2026-02-14 19:21:06.085977,73
S_STR07034,S_U0008,S0034,2026-02-17 03:30:44.149378,216
S_STR07035,S_U0033,S0036,2026-02-27 04:12:51.095392,314
S_STR07036,S_U0022,S0049,2026-02-04 09:04:05.036390,35
S_STR07037,S_U0073,S0008,2026-02-20 12:08:21.368791,151
S_STR07038,S_U0030,S0019,2026-02-03 13:15:56.951710,69
S_STR07039,S_U0082,S0031,2026-02-03 22:47:06.807540,13
S_STR07040,S_U0057,S0044,2026-02-10 04:06:34.161370,46
S_STR07041,S_U0068,S0050,2026-02-19 07:34:33.361301,255
S_STR07042,S_U0076,S0049,2026-02-08 15:00:58.716926,55
S_STR07043,S_U0055,S0036,2026-02-06 11:00:28.625448,321
S_STR07044,S_U0072,S0030,2026-02-11 09:28:23.765235,72
S_STR07045,S_U0095,S0041,2026-01-31 15:34:46.198620,130
S_STR07046,S_U0054,S0026,2026-02-16 14:40:12.608782,143
S_STR07047,S_U0068,S0027,2026-02-15 18:02:48.588700,91
S_STR07048,S_U0011,S0023,2026-02-22 18:08:06.750996,142
S_STR07049,S_U0042,S0026,2026-02-09 16:09:24.767009,209
S_STR07050,S_U0053,S0048,2026-02-16 21:42:42.543772,5
S_STR07051,S_U0019,S0019,2026-02-15 09:18:18.697692,105
S_STR07052,S_U0001,S0019,2026-02-02 18:18:56.428623,22
S_STR07053,S_U0020,S0016,2026-02-05 02:35:43.780641,264
S_STR07054,S_U0027,S0019,2026-02-04 15:02:30.388656,80
S_STR07055,S_U0042,S0034,2026-03-01 10:53:59.399769,6
S_STR07056,S_U0087,S0045,2026-02-12 10:34:39.423064,108
S_STR07057,S_U0046,S0039,2026-02-07 21:07:40.996071,234
S_STR07058,S_U0032,S0003,2026-02-16 17:41:16.689729,70
S_STR07059,S_U0071,S0043,2026-02-05 19:17:19.630680,62
S_STR07060,S_U0003,S0009,2026-02-01 18:04:18.384724,128
S_STR07061,S_U0095,S0044,2026-03-02 09:00:46.694557,177
S_STR07062,S_U0069,S0041,2026-02-15 23:28:32.876403,87
S_STR07063,S_U0014,S0034,2026-02-01 14:45:40.034845,121
S_STR07064,S_U0008,S0023,2026-02-02 20:07:55.596082,119
S_STR07065,S_U0079,S0038,2026-02-26 16:43:03.478178,67
S_STR07066,S_U0073,S0044,2026-02-19 05:59:13.036578,207
S_STR07067,S_U0059,S0022,2026-02-16 17:21:26.427181,75
S_STR07068,S_U0010,S0039,2026-03-01 05:42:26.787183,327
S_STR07069,S_U0085,S0006,2026-02-14 15:28:28.291984,164
S_STR07070,S_U0024,S0040,2026-02-05 02:43:12.787602,109
S_STR07071,S_U0007,S0012,2026-02-11 06:16:20.311015,253
S_STR07072,S_U0094,S0032,2026-02-18 09:56:43.703336,261
S_STR07073,S_U0075,S0037,2026-02-21 11:46:07.043257,12
S_STR07074,S_U0053,S0018,2026-02-08 17:30:07.580143,12
S_STR07075,S_U0077,S0048,2026-02-22 17:03:10.032532,18
S_STR07076,S_U0063,S0030,2026-02-13 20:40:49.629508,20
S_STR07077,S_U0047,S0047,2026-02-03 16:52:36.160499,129
S_STR07078,S_U0087,S0033,2026-03-01 09:30:33.769735,35
S_STR07079,S_U0051,S0010,2026-02-05 01:37:28.928474,59
S_STR07080,S_U0091,S0037,2026-02-03 15:45:57.959710,8
S_STR07081,S_U0005,S0049,2026-02-23 17:49:39.784658,9
S_STR07082,S_U0018,S0024,2026-02-01 06:04:24.779967,248
S_STR07083,S_U0060,S0048,2026-02-22 11:55:30.728064,80
S_STR07084,S_U0007,S0022,2026-02-01 08:06:16.145967,113
S_STR07085,S_U0053,S0040,2026-03-01 17:25:16.038191,56
S_STR07086,S_U0023,S0035,2026-02-05 18:35:10.980371,192
S_STR07087,S_U0091,S0046,2026-02-16 12:51:16.184911,154
S_STR07088,S_U0089,S0041,2026-02-09 21:05:05.178793,45
S_STR07089,S_U0089,S0034,2026-02-25 15:46:25.311683,16
S_STR07090,S_U0090,S0040,2026-02-14 09:12:30.321501,137
S_STR07091,S_U0023,S0041,2026-02-27 20:30:35.770680,77
S_STR07092,S_U0018,S0026,2026-02-15 23:59:12.243324,177
S_STR07093,S_U0070,S0032,2026-02-08 16:44:12.278608,34
S_STR07094,S_U0011,S0047,2026-02-17 02:21:58.781150,63
S_STR07095,S_U0087,S0017,2026-02-24 15:06:50.433464,58
S_STR07096,S_U0061,S0018,2026-02-17 12:22:49.143052,75
S_STR07097,S_U0075,S0041,2026-02-22 15:40:29.590441,122
S_STR07098,S_U0073,S0041,2026-02-27 16:32:34.124189,122
S_STR07099,S_U0006,S0027,2026-02-03 13:49:38.418032,21
S_STR07100,S_U0011,S0048,2026-02-19 15:50:21.342950,58
S_STR07101,S_U0012,S0029,2026-02-15 20:46:08.077700,245
S_STR07102,S_U0063,S0025,2026-02-28 04:19:58.194168,151
S_STR07103,S_U0080,S0027,2026-02-14 16:53:08.641711,218
S_STR07104,S_U0036,S0029,2026-02-05 14:35:14.790620,8
S_STR07105,S_U0085,S0020,2026-02-02 19:34:49.263484,118
S_STR07106,S_U0022,S0025,2026-02-22 14:06:28.704406,166
S_STR07107,S_U0004,S0048,2026-02-13 18:18:29.504857,182
S_STR07108,S_U0006,S0049,2026-02-09 04:00:38.078726,73
S_STR07109,S_U0004,S0034,2026-02-21 07:07:03.643054,189
S_STR07110,S_U0072,S0038,2026-02-05 19:17:09.286421,189
S_STR07111,S_U0086,S0018,2026-02-16 12:19:37.015059,10
S_STR07112,S_U0005,S0042,2026-02-10 14:53:22.578874,137
S_STR07113,S_U0038,S0015,2026-02-04 17:25:58.961979,189
S_STR07114,S_U0057,S0023,2026-03-02 09:41:33.245059,169
S_STR07115,S_U0092,S0042,2026-02-11 22:50:39.227551,243
S_STR07116,S_U0083,S0045,2026-02-07 01:32:16.372253,8
S_STR07117,S_U0071,S0025,2026-02-05 02:39:13.246892,190
S_STR07118,S_U0056,S0015,2026-02-21 01:24:44.780112,217
S_STR07119,S_U0021,S0042,2026-02-23 05:41:31.996081,268
S_STR07120,S_U0010,S0044,2026-02-19 13:10:47.345547,267
S_STR07121,S_U0035,S0041,2026-02-18 21:51:11.908583,59
S_STR07122,S_U0019,S0031,2026-02-09 05:40:26.117702,62
S_STR07123,S_U0037,S0036,2026-02-18 18:57:54.876850,313
S_STR07124,S_U0095,S0043,2026-02-06 07:42:00.022436,82
S_STR07125,S_U0040,S0049,2026-02-04 02:12:21.529812,91
S_STR07126,S_U0001,S0045,2026-02-14 01:56:13.800378,76
S_STR07127,S_U0047,S0015,2026-02-12 04:48:13.056645,79
S_STR07128,S_U0081,S0044,2026-02-18 07:37:13.362033,36
S_STR07129,S_U0054,S0041,2026-02-26 03:16:19.622671,96
S_STR07130,S_U0044,S0042,2026-02-21 23:28:30.037608,120
S_STR07131,S_U0069,S0040,2026-02-09 19:39:48.829078,78
S_STR07132,S_U0023,S0020,2026-02-25 21:11:02.228652,120
S_STR07133,S_U0053,S0020,2026-02-04 15:54:51.396180,100
S_STR07134,S_U0095,S0030,2026-03-01 17:47:43.506333,74
S_STR07135,S_U0035,S0035,2026-02-17 21:38:08.105705,285
S_STR07136,S_U0046,S0050,2026-02-20 18:43:47.912266,9
S_STR07137,S_U0083,S0031,2026-02-28 20:10:24.377959,40
S_STR07138,S_U0078,S0045,2026-02-26 10:43:11.015084,120
S_STR07139,S_U0098,S0035,2026-02-26 20:05:25.031787,217
S_STR07140,S_U0001,S0038,2026-02-10 07:26:43.167333,67
S_STR07141,S_U0026,S0048,2026-02-23 18:49:38.644372,20
S_STR07142,S_U0039,S0007,2026-02-20 08:57:20.458436,27
S_STR07143,S_U0095,S0018,2026-02-08 03:04:14.745851,88
S_STR07144,S_U0068,S0022,2026-02-16 04:27:18.106280,31
S_STR07145,S_U0050,S0043,2026-02-08 07:08:34.184640,128
S_STR07146,S_U0028,S0029,2026-02-28 20:02:20.523764,218
S_STR07147,S_U0051,S0042,2026-02-22 17:48:50.058757,234
S_STR07148,S_U0099,S0034,2026-02-20 23:24:51.510865,230
S_STR07149,S_U0100,S0015,2026-02-22 01:59:44.973848,96
S_STR07150,S_U0085,S0012,2026-02-09 00:40:55.124110,87
S_STR07151,S_U0062,S0024,2026-02-07 07:12:47.591794,307
S_STR07152,S_U0030,S0015,2026-03-01 14:08:39.462787,187
S_STR07153,S_U0056,S0022,2026-02-18 15:59:21.951572,51
S_STR07154,S_U0082,S0050,2026-02-26 09:42:25.637772,81
S_STR07155,S_U0089,S0007,2026-02-24 09:53:29.983210,171
S_STR07156,S_U0034,S0020,2026-02-19 02:25:47.086943,124
S_STR07157,S_U0087,S0021,2026-02-12 18:11:18.314135,87
S_STR07158,S_U0083,S0041,2026-02-26 12:23:54.382957,37
S_STR07159,S_U0044,S0032,2026-01-31 19:15:43.123651,82
S_STR07160,S_U0052,S0019,2026-02-03 04:35:41.979207,77
S_STR07161,S_U0060,S0048,2026-02-19 07:31:53.064850,134
S_STR07162,S_U0054,S0016,2026-03-02 04:36:50.983430,16
S_STR07163,S_U0043,S0035,2026-02-22 16:12:38.447430,42
S_STR07164,S_U0072,S0046,2026-02-10 14:31:48.081470,106
S_STR07165,S_U0023,S0031,2026-02-23 12:53:53.468110,93
S_STR07166,S_U0066,S0046,2026-02-28 08:00:03.475249,133
S_STR07167,S_U0059,S0045,2026-02-02 17:38:54.902445,98
S_STR07168,S_U0065,S0021,2026-02-21 16:41:16.758943,290
S_STR07169,S_U0071,S0022,2026-02-14 14:11:19.618309,89
S_STR07170,S_U0061,S0033,2026-02-03 14:25:13.649791,21
S_STR07171,S_U0067,S0030,2026-01-31 12:43:53.505137,7
S_STR07172,S_U0020,S0047,2026-02-28 18:37:11.958144,157
S_STR07173,S_U0035,S0045,2026-02-24 08:35:01.587782,191
S_STR07174,S_U0099,S0044,2026-02-14 08:00:29.785321,271
S_STR07175,S_U0056,S0043,2026-02-08 15:45:16.907894,108
S_STR07176,S_U0009,S0050,2026-02-23 12:31:23.724903,216
S_STR07177,S_U0007,S0015,2026-02-02 11:22:00.619567,234
S_STR07178,S_U0092,S0027,2026-02-18 06:12:34.012723,13
S_STR07179,S_U0021,S0035,2026-02-10 03:12:03.580861,211
S_STR07180,S_U0045,S0029,2026-02-04 22:50:27.288217,288
S_STR07181,S_U0091,S0046,2026-02-10 05:10:37.802369,109
S_STR07182,S_U0076,S0050,2026-02-04 17:32:02.530006,40
S_STR07183,S_U0044,S0047,2026-02-14 11:31:30.590695,72
S_STR07184,S_U0063,S0030,2026-03-01 11:53:13.147479,154
S_STR07185,S_U0076,S0015,2026-02-13 06:13:06.279420,194
S_STR07186,S_U0084,S0045,2026-02-03 10:39:24.131859,89
S_STR07187,S_U0091,S0022,2026-02-04 01:51:25.295500,140
S_STR07188,S_U0042,S0011,2026-02-09 04:42:05.741254,31
S_STR07189,S_U0025,S0050,2026-02-02 21:48:12.768776,266
S_STR07190,S_U0071,S0021,2026-02-09 16:23:27.587195,241
S_STR07191,S_U0055,S0047,2026-02-24 13:17:30.885078,119
S_STR07192,S_U0073,S0050,2026-02-08 03:46:26.132900,82
S_STR07193,S_U0013,S0045,2026-02-02 06:35:55.412879,30
S_STR07194,S_U0017,S0012,2026-02-15 18:34:08.425477,251
S_STR07195,S_U0083,S0030,2026-02-03 15:45:20.409595,77
S_STR07196,S_U0058,S0049,2026-02-08 21:58:40.840751,67
S_STR07197,S_U0005,S0040,2026-02-26 18:31:10.289210,137
S_STR07198,S_U0098,S0038,2026-02-15 16:48:11.887280,151
S_STR07199,S_U0060,S0045,2026-02-01 06:29:22.090611,35
S_STR07200,S_U0020,S0042,2026-02-09 19:08:23.125187,197
S_STR07201,S_U0033,S0010,2026-02-06 08:59:20.850454,102
S_STR07202,S_U0031,S0038,2026-02-24 12:12:14.862341,59
S_STR07203,S_U0016,S0047,2026-02-14 11:56:38.150872,290
S_STR07204,S_U0035,S0040,2026-02-16 11:50:25.942110,76
S_STR07205,S_U0017,S0045,2026-02-10 14:08:31.345423,101
S_STR07206,S_U0078,S0040,2026-02-11 00:49:29.219147,94
S_STR07207,S_U0099,S0029,2026-02-03 12:25:19.390100,128
S_STR07208,S_U0047,S0048,2026-02-16 12:33:01.972217,177
S_STR07209,S_U0078,S0034,2026-02-13 12:23:01.379898,159
S_STR07210,S_U0086,S0047,2026-03-02 03:36:14.791420,169
S_STR07211,S_U0007,S0038,2026-02-24 14:29:20.700844,48
S_STR07212,S_U0021,S0039,2026-02-28 01:49:47.858731,297
S_STR07213,S_U0025,S0030,2026-02-07 17:41:37.868041,28
S_STR07214,S_U0003,S0012,2026-02-14 19:23:38.798330,82
S_STR07215,S_U0015,S0027,2026-02-10 17:04:24.783118,173
S_STR07216,S_U0050,S0034,2026-02-10 06:05:49.277151,207
S_STR07217,S_U0100,S0013,2026-02-09 22:25:44.042649,190
S_STR07218,S_U0029,S0039,2026-02-16 09:36:50.067710,217
S_STR07219,S_U0004,S0022,2026-02-19 13:07:34.995938,176
S_STR07220,S_U0038,S0027,2026-02-16 21:22:04.376931,145
S_STR07221,S_U0092,S0039,2026-02-10 00:38:27.818914,109
S_STR07222,S_U0001,S0045,2026-03-02 04:13:22.589654,137
S_STR07223,S_U0069,S0035,2026-02-06 17:48:13.241708,192
S_STR07224,S_U0097,S0017,2026-02-02 13:55:34.044469,73
S_STR07225,S_U0037,S0048,2026-02-07 23:22:28.571810,90
S_STR07226,S_U0036,S0031,2026-02-09 09:45:29.846694,68
S_STR07227,S_U0067,S0050,2026-02-06 11:43:56.652653,281
S_STR07228,S_U0079,S0033,2026-02-01 19:28:52.759617,154
S_STR07229,S_U0093,S0022,2026-02-12 06:19:32.040276,42
S_STR07230,S_U0047,S0045,2026-02-15 20:13:52.419137,160
S_STR07231,S_U0071,S0039,2026-02-27 00:28:40.169679,233
S_STR07232,S_U0040,S0043,2026-02-20 10:23:44.186163,108
S_STR07233,S_U0085,S0027,2026-02-16 07:41:52.977772,222
S_STR07234,S_U0011,S0045,2026-02-22 19:59:31.219249,123
S_STR07235,S_U0092,S0040,2026-02-19 07:23:07.129909,70
S_STR07236,S_U0011,S0039,2026-02-03 21:42:10.514889,261
S_STR07237,S_U0018,S0036,2026-02-02 05:26:22.630915,256
S_STR07238,S_U0067,S0020,2026-02-07 05:07:50.883106,62
S_STR07239,S_U0076,S0048,2026-02-22 04:51:04.867314,140
S_STR07240,S_U0011,S0031,2026-02-19 01:03:02.821553,11
S_STR07241,S_U0100,S0023,2026-02-08 09:53:16.690872,52
S_STR07242,S_U0038,S0034,2026-02-13 10:15:39.422060,163
S_STR07243,S_U0072,S0038,2026-02-08 16:48:29.005610,169
S_STR07244,S_U0074,S0042,2026-02-21 18:01:19.085591,80
S_STR07245,S_U0078,S0046,2026-02-26 13:57:51.022337,8
S_STR07246,S_U0058,S0042,2026-02-15 17:03:01.121244,264
S_STR07247,S_U0037,S0020,2026-02-11 05:12:38.966656,13
S_STR07248,S_U0005,S0033,2026-02-04 04:30:29.594327,131
S_STR07249,S_U0062,S0047,2026-02-14 15:06:43.097927,106
S_STR07250,S_U0091,S0032,2026-02-08 09:37:15.589498,264
S_STR07251,S_U0054,S0018,2026-02-20 08:22:05.805036,53
S_STR07252,S_U0014,S0036,2026-02-17 16:43:20.846850,202
S_STR07253,S_U0074,S0045,2026-02-17 20:13:48.782260,162
S_STR07254,S_U0083,S0048,2026-02-03 17:29:25.378481,196
S_STR07255,S_U0064,S0041,2026-02-15 23:05:57.834668,219
S_STR07256,S_U0061,S0023,2026-02-21 06:38:38.067018,51
S_STR07257,S_U0001,S0032,2026-02-08 15:42:42.873804,207
S_STR07258,S_U0056,S0030,2026-02-13 04:10:55.699769,150
S_STR07259,S_U0086,S0042,2026-02-20 23:59:49.638218,68
S_STR07260,S_U0012,S0036,2026-02-15 10:09:26.859694,231
S_STR07261,S_U0059,S0025,2026-02-04 07:48:06.238873,22
S_STR07262,S_U0059,S0008,2026-02-10 18:04:34.326521,41
S_STR07263,S_U0060,S0016,2026-02-08 03:26:04.614526,50
S_STR07264,S_U0030,S0038,2026-02-26 13:16:31.795207,103
S_STR07265,S_U0007,S0027,2026-02-27 21:09:58.653693,58
S_STR07266,S_U0007,S0039,2026-02-21 13:36:27.194607,39
S_STR07267,S_U0034,S0044,2026-02-11 10:39:26.720996,18
S_STR07268,S_U0032,S0014,2026-02-04 23:20:13.846029,180
S_STR07269,S_U0024,S0046,2026-02-20 05:54:07.993419,146
S_STR07270,S_U0043,S0034,2026-02-09 07:54:45.066653,153
S_STR07271,S_U0035,S0035,2026-02-23 04:55:09.316985,245
S_STR07272,S_U0014,S0045,2026-02-20 17:30:16.460993,143
S_STR07273,S_U0073,S0050,2026-02-03 10:24:06.062103,124
S_STR07274,S_U0007,S0030,2026-02-24 22:11:08.241511,133
S_STR07275,S_U0100,S0030,2026-03-02 05:18:30.833868,63
S_STR07276,S_U0059,S0009,2026-02-24 10:54:45.969210,169
S_STR07277,S_U0024,S0032,2026-02-20 13:24:47.523437,18
S_STR07278,S_U0004,S0017,2026-02-21 15:34:02.733091,98
S_STR07279,S_U0059,S0030,2026-02-26 09:04:30.322398,154
S_STR07280,S_U0029,S0032,2026-02-05 12:06:35.809153,141
S_STR07281,S_U0100,S0009,2026-02-16 05:01:02.724198,190
S_STR07282,S_U0001,S0027,2026-02-15 08:59:03.858465,51
S_STR07283,S_U0015,S0031,2026-02-17 22:11:31.697774,83
S_STR07284,S_U0044,S0022,2026-02-18 05:47:23.323864,215
S_STR07285,S_U0046,S0022,2026-02-06 04:35:04.322599,222
S_STR07286,S_U0046,S0044,2026-02-03 14:27:43.161275,103
S_STR07287,S_U0054,S0047,2026-02-19 10:05:54.416630,77
S_STR07288,S_U0053,S0049,2026-02-15 15:13:32.515164,104
S_STR07289,S_U0074,S0045,2026-02-16 21:36:12.218086,79
S_STR07290,S_U0086,S0028,2026-02-21 18:42:15.073439,46
S_STR07291,S_U0046,S0032,2026-02-25 19:36:03.782030,52
S_STR07292,S_U0093,S0032,2026-02-07 19:16:51.721541,171
S_STR07293,S_U0076,S0037,2026-02-16 18:42:25.767431,123
S_STR07294,S_U0004,S0048,2026-02-03 00:18:53.785675,42
S_STR07295,S_U0061,S0049,2026-02-15 06:21:48.747317,39
S_STR07296,S_U0044,S0046,2026-02-08 23:17:00.457318,102
S_STR07297,S_U0070,S0009,2026-02-13 02:50:54.773597,31
S_STR07298,S_U0066,S0016,2026-02-15 15:11:43.645692,152
S_STR07299,S_U0038,S0045,2026-02-17 15:37:59.526472,88
S_STR07300,S_U0061,S0049,2026-02-16 01:09:47.943718,66
S_STR07301,S_U0069,S0049,2026-02-07 23:05:27.824896,6
S_STR07302,S_U0054,S0031,2026-02-19 19:11:58.820943,56
S_STR07303,S_U0032,S0013,2026-02-06 18:33:03.495146,80
S_STR07304,S_U0018,S0039,2026-02-12 22:01:36.133906,168
S_STR07305,S_U0021,S0029,2026-02-21 14:18:14.439151,181
S_STR07306,S_U0024,S0015,2026-02-22 19:46:23.866508,166
S_STR07307,S_U0068,S0024,2026-02-16 21:23:57.339859,157
S_STR07308,S_U0076,S0040,2026-02-20 10:17:13.040164,11
S_STR07309,S_U0046,S0035,2026-02-06 04:56:49.131176,30
S_STR07310,S_U0013,S0037,2026-02-02 08:25:04.548466,26
S_STR07311,S_U0011,S0036,2026-02-06 22:16:26.334900,192
S_STR07312,S_U0001,S0047,2026-02-17 02:05:27.773785,194
S_STR07313,S_U0043,S0047,2026-02-11 15:29:12.519556,241
S_STR07314,S_U0039,S0040,2026-02-22 21:44:31.281602,76
S_STR07315,S_U0037,S0015,2026-02-13 15:50:34.562074,147
S_STR07316,S_U0065,S0026,2026-02-27 06:45:39.690681,199
S_STR07317,S_U0022,S0048,2026-02-19 22:37:59.551263,246
S_STR07318,S_U0033,S0044,2026-02-18 12:20:18.457915,269
S_STR07319,S_U0084,S0035,2026-02-04 05:44:54.528729,199
S_STR07320,S_U0082,S0049,2026-02-23 14:26:20.213095,112
S_STR07321,S_U0018,S0042,2026-03-01 00:23:01.024136,60
S_STR07322,S_U0071,S0009,2026-02-14 22:32:18.880213,119
S_STR07323,S_U0064,S0046,2026-02-23 09:42:51.232672,178
S_STR07324,S_U0034,S0050,2026-02-02 02:10:10.099752,325
S_STR07325,S_U0026,S0027,2026-02-27 22:25:47.164984,202
S_STR07326,S_U0013,S0044,2026-02-08 13:15:15.665961,284
S_STR07327,S_U0033,S0025,2026-02-16 16:11:43.642887,99
S_STR07328,S_U0042,S0042,2026-02-12 17:53:28.095348,133
S_STR07329,S_U0100,S0038,2026-02-13 14:13:22.792519,139
S_STR07330,S_U0045,S0033,2026-02-10 00:52:04.141937,49
S_STR07331,S_U0053,S0036,2026-02-22 15:22:00.857956,274
S_STR07332,S_U0084,S0025,2026-02-18 03:11:52.721733,125
S_STR07333,S_U0011,S0039,2026-03-02 10:34:16.157949,342
S_STR07334,S_U0037,S0045,2026-02-15 16:41:52.841461,17
S_STR07335,S_U0062,S0016,2026-02-28 13:40:38.880038,169
S_STR07336,S_U0056,S0037,2026-02-06 03:48:06.161590,131
S_STR07337,S_U0010,S0028,2026-02-14 06:13:48.354884,272
S_STR07338,S_U0013,S0036,2026-02-09 15:28:18.726610,331
S_STR07339,S_U0100,S0048,2026-02-10 09:22:23.838245,233
S_STR07340,S_U0095,S0038,2026-02-05 16:55:12.829095,57
S_STR07341,S_U0085,S0036,2026-02-03 06:11:29.266863,173
S_STR07342,S_U0020,S0043,2026-02-10 11:06:39.612334,147
S_STR07343,S_U0047,S0018,2026-02-16 10:17:35.758768,47
S_STR07344,S_U0023,S0036,2026-02-15 16:14:43.216908,132
S_STR07345,S_U0029,S0012,2026-02-27 10:32:22.075441,64
S_STR07346,S_U0077,S0014,2026-02-12 15:46:53.160425,216
S_STR07347,S_U0075,S0027,2026-02-16 15:07:08.879430,105
S_STR07348,S_U0014,S0020,2026-02-06 06:18:49.440802,70
S_STR07349,S_U0029,S0037,2026-02-20 10:53:57.359349,38
S_STR07350,S_U0031,S0015,2026-02-07 02:37:13.381998,56
S_STR07351,S_U0013,S0047,2026-02-06 08:03:40.121106,19
S_STR07352,S_U0062,S0019,2026-02-08 05:15:13.598997,124
S_STR07353,S_U0043,S0029,2026-02-27 23:27:53.872534,196
S_STR07354,S_U0049,S0037,2026-02-02 06:57:11.117455,63
S_STR07355,S_U0088,S0037,2026-02-15 02:38:45.763850,93
S_STR07356,S_U0091,S0046,2026-02-07 09:27:34.163616,146
S_STR07357,S_U0065,S0046,2026-02-26 09:48:12.038356,18
S_STR07358,S_U0009,S0005,2026-02-05 13:38:26.970838,43
S_STR07359,S_U0063,S0044,2026-02-15 13:14:07.160956,291
S_STR07360,S_U0060,S0016,2026-02-11 22:51:59.893465,41
S_STR07361,S_U0049,S0022,2026-02-26 02:57:23.904327,124
S_STR07362,S_U0074,S0029,2026-02-10 00:56:25.615855,215
S_STR07363,S_U0093,S0038,2026-02-20 14:31:29.558683,134
S_STR07364,S_U0083,S0046,2026-02-03 14:04:56.010332,6
S_STR07365,S_U0047,S0017,2026-02-23 00:22:13.917029,40
S_STR07366,S_U0063,S0010,2026-02-13 18:06:43.481185,84
S_STR07367,S_U0005,S0027,2026-02-25 23:36:08.749486,223
S_STR07368,S_U0074,S0039,2026-02-17 16:25:14.831072,238
S_STR07369,S_U0025,S0036,2026-02-24 17:59:41.475783,58
S_STR07370,S_U0046,S0041,2026-02-03 21:54:49.790328,43
S_STR07371,S_U0082,S0036,2026-02-23 07:03:56.318922,24
S_STR07372,S_U0022,S0043,2026-02-26 15:55:39.951259,36
S_STR07373,S_U0003,S0039,2026-02-28 04:36:15.460010,202
S_STR07374,S_U0085,S0030,2026-02-26 02:16:39.505923,34
S_STR07375,S_U0072,S0049,2026-02-25 19:22:19.179122,74
S_STR07376,S_U0040,S0024,2026-02-23 19:27:52.573862,281
S_STR07377,S_U0032,S0010,2026-02-13 22:02:21.165328,14
S_STR07378,S_U0037,S0034,2026-03-01 10:20:59.288658,151
S_STR07379,S_U0007,S0042,2026-02-03 00:04:12.057322,182
S_STR07380,S_U0091,S0030,2026-02-12 11:16:39.354964,114
S_STR07381,S_U0068,S0011,2026-02-26 05:48:20.581244,36
S_STR07382,S_U0083,S0031,2026-02-03 10:17:49.992594,54
S_STR07383,S_U0052,S0032,2026-02-22 04:12:47.634433,249
S_STR07384,S_U0078,S0025,2026-02-18 06:18:36.482229,51
S_STR07385,S_U0028,S0035,2026-02-24 03:42:02.168307,197
S_STR07386,S_U0048,S0047,2026-02-19 10:39:51.909659,179
S_STR07387,S_U0091,S0004,2026-02-17 22:09:13.615373,16
S_STR07388,S_U0010,S0030,2026-02-13 05:43:56.672388,133
S_STR07389,S_U0082,S0049,2026-02-24 06:26:16.740487,72
S_STR07390,S_U0049,S0040,2026-02-16 10:36:42.624860,78
S_STR07391,S_U0005,S0041,2026-02-13 00:13:56.047926,135
S_STR07392,S_U0084,S0023,2026-02-12 19:38:39.128182,203
S_STR07393,S_U0069,S0048,2026-02-11 15:13:11.042573,50
S_STR07394,S_U0048,S0044,2026-02-02 05:17:19.766966,173
S_STR07395,S_U0049,S0030,2026-02-11 05:16:05.553996,15
S_STR07396,S_U0045,S0046,2026-02-06 22:40:52.702397,94
S_STR07397,S_U0058,S0050,2026-02-23 23:32:00.958750,213
S_STR07398,S_U0075,S0043,2026-02-03 01:59:50.712431,140
S_STR07399,S_U0053,S0045,2026-02-03 09:51:11.754939,22
S_STR07400,S_U0049,S0021,2026-02-25 09:33:22.322849,245
S_STR07401,S_U0052,S0033,2026-02-10 09:36:45.379627,22
S_STR07402,S_U0037,S0047,2026-02-04 19:06:19.627780,92
S_STR07403,S_U0013,S0028,2026-02-12 05:56:08.493241,215
S_STR07404,S_U0084,S0049,2026-02-12 18:39:04.156233,22
S_STR07405,S_U0093,S0033,2026-02-06 09:41:25.724410,167
S_STR07406,S_U0049,S0039,2026-02-21 16:41:47.612196,210
S_STR07407,S_U0073,S0007,2026-02-05 03:26:17.444041,244
S_STR07408,S_U0043,S0049,2026-03-02 01:30:10.554964,12
S_STR07409,S_U0016,S0037,2026-02-24 02:25:26.240500,132
S_STR07410,S_U0080,S0045,2026-02-02 08:38:57.948838,165
S_STR07411,S_U0027,S0034,2026-03-02 09:46:55.178425,218
S_STR07412,S_U0035,S0036,2026-02-22 00:37:25.677821,10
S_STR07413,S_U0003,S0045,2026-02-12 04:27:56.041106,119
S_STR07414,S_U0053,S0045,2026-02-07 05:21:11.293118,149
S_STR07415,S_U0015,S0044,2026-02-04 23:27:19.287868,323
S_STR07416,S_U0064,S0021,2026-01-31 19:07:00.635836,191
S_STR07417,S_U0086,S0042,2026-02-17 13:42:25.219653,47
S_STR07418,S_U0078,S0049,2026-02-16 19:38:05.892853,57
S_STR07419,S_U0088,S0022,2026-02-20 12:13:28.547101,199
S_STR07420,S_U0019,S0039,2026-02-06 07:28:57.908755,123
S_STR07421,S_U0064,S0042,2026-02-09 05:53:07.434136,184
S_STR07422,S_U0046,S0016,2026-02-19 11:11:08.953708,174
S_STR07423,S_U0029,S0049,2026-02-08 09:22:55.872041,81
S_STR07424,S_U0070,S0019,2026-02-08 01:30:38.897204,288
S_STR07425,S_U0092,S0045,2026-02-10 16:06:12.610685,133
S_STR07426,S_U0032,S0021,2026-02-04 04:52:58.213395,115
S_STR07427,S_U0054,S0048,2026-02-09 14:58:55.541939,6
S_STR07428,S_U0002,S0036,2026-02-26 08:04:28.082170,78
S_STR07429,S_U0063,S0033,2026-02-27 23:22:03.274453,31
S_STR07430,S_U0055,S0027,2026-02-13 07:15:42.166172,142
S_STR07431,S_U0007,S0050,2026-02-10 23:16:03.379093,215
S_STR07432,S_U0037,S0048,2026-02-27 23:31:02.722993,238
S_STR07433,S_U0034,S0025,2026-02-19 03:11:42.745545,128
S_STR07434,S_U0020,S0023,2026-02-08 14:29:13.309651,89
S_STR07435,S_U0018,S0032,2026-01-31 17:02:30.589902,190
S_STR07436,S_U0061,S0028,2026-02-03 09:12:35.763792,278
S_STR07437,S_U0015,S0032,2026-02-06 06:28:28.050629,169
S_STR07438,S_U0078,S0006,2026-02-26 08:31:56.948122,217
S_STR07439,S_U0072,S0050,2026-02-27 12:25:46.796140,277
S_STR07440,S_U0092,S0043,2026-02-25 21:42:53.909735,9
S_STR07441,S_U0026,S0027,2026-03-02 01:22:52.828061,125
S_STR07442,S_U0041,S0048,2026-02-09 18:33:55.145099,265
S_STR07443,S_U0084,S0033,2026-02-19 18:56:51.688981,49
S_STR07444,S_U0041,S0047,2026-02-11 15:29:29.932770,218
S_STR07445,S_U0080,S0031,2026-02-06 11:45:01.904643,131
S_STR07446,S_U0015,S0048,2026-03-01 04:40:51.873870,235
S_STR07447,S_U0033,S0013,2026-02-25 08:12:34.077602,143
S_STR07448,S_U0096,S0033,2026-02-16 04:07:31.513643,13
S_STR07449,S_U0090,S0012,2026-02-09 08:36:35.604522,134
S_STR07450,S_U0068,S0029,2026-02-15 05:45:23.787935,123
S_STR07451,S_U0007,S0047,2026-02-02 13:25:57.033741,245
S_STR07452,S_U0095,S0042,2026-02-24 15:25:16.543727,45
S_STR07453,S_U0048,S0010,2026-02-16 21:16:40.749433,20
S_STR07454,S_U0001,S0048,2026-02-18 03:45:24.883588,43
S_STR07455,S_U0057,S0037,2026-02-18 14:55:15.383144,5
S_STR07456,S_U0021,S0042,2026-02-07 10:43:15.721097,112
S_STR07457,S_U0046,S0047,2026-02-18 23:00:19.067880,236
S_STR07458,S_U0068,S0042,2026-02-20 02:17:37.549947,260
S_STR07459,S_U0097,S0048,2026-02-14 09:26:48.327182,170
S_STR07460,S_U0024,S0029,2026-02-14 05:52:30.766051,267
S_STR07461,S_U0007,S0045,2026-02-22 05:06:07.325490,35
S_STR07462,S_U0023,S0040,2026-02-08 05:10:01.970556,14
S_STR07463,S_U0009,S0012,2026-02-04 23:35:55.336915,151
S_STR07464,S_U0059,S0030,2026-02-28 11:40:59.779772,121
S_STR07465,S_U0029,S0019,2026-02-07 01:04:20.516162,165
S_STR07466,S_U0049,S0021,2026-02-15 05:52:03.838213,170
S_STR07467,S_U0080,S0037,2026-02-02 19:04:52.773316,23
S_STR07468,S_U0013,S0040,2026-02-28 09:14:30.005270,122
S_STR07469,S_U0009,S0027,2026-02-10 04:49:19.939331,129
S_STR07470,S_U0096,S0039,2026-02-04 20:43:44.502708,20
S_STR07471,S_U0046,S0020,2026-02-13 22:02:45.287277,117
S_STR07472,S_U0079,S0043,2026-02-28 21:22:25.278321,140
S_STR07473,S_U0022,S0024,2026-02-22 02:52:48.752135,211
S_STR07474,S_U0070,S0035,2026-02-04 14:33:10.680953,9
S_STR07475,S_U0020,S0047,2026-02-11 05:33:39.467145,9
S_STR07476,S_U0036,S0030,2026-02-09 11:47:16.825109,54
S_STR07477,S_U0020,S0028,2026-02-03 16:51:39.076716,24
S_STR07478,S_U0089,S0029,2026-02-06 05:48:10.822159,101
S_STR07479,S_U0062,S0031,2026-02-07 07:39:37.737365,18
S_STR07480,S_U0020,S0034,2026-02-09 10:49:41.745873,223
S_STR07481,S_U0087,S0024,2026-02-16 14:51:06.845350,272
S_STR07482,S_U0055,S0040,2026-02-17 02:24:54.251274,90
S_STR07483,S_U0012,S0049,2026-02-07 13:36:11.984762,7
S_STR07484,S_U0096,S0019,2026-02-10 16:45:57.960170,6
S_STR07485,S_U0067,S0035,2026-02-09 10:27:33.813729,22
S_STR07486,S_U0088,S0013,2026-02-16 10:33:17.920346,132
S_STR07487,S_U0011,S0043,2026-02-16 00:19:25.236152,54
S_STR07488,S_U0012,S0040,2026-02-14 21:43:52.319234,86
S_STR07489,S_U0013,S0039,2026-02-25 11:19:53.011619,189
S_STR07490,S_U0047,S0033,2026-02-28 22:08:42.274645,146
S_STR07491,S_U0058,S0033,2026-03-01 11:38:44.275835,13
S_STR07492,S_U0014,S0048,2026-02-26 08:12:52.587936,114
S_STR07493,S_U0057,S0022,2026-02-26 23:13:33.926324,194
S_STR07494,S_U0020,S0026,2026-02-01 19:06:21.342516,135
S_STR07495,S_U0004,S0036,2026-02-15 20:07:59.778450,304
S_STR07496,S_U0096,S0039,2026-02-11 17:30:42.537292,155
S_STR07497,S_U0080,S0042,2026-02-24 14:05:31.007795,7
S_STR07498,S_U0064,S0008,2026-02-04 15:49:47.369489,123
S_STR07499,S_U0019,S0032,2026-02-17 04:57:31.953936,222
S_STR07500,S_U0080,S0047,2026-02-02 15:04:24.852201,27
S_STR07501,S_U0021,S0027,2026-02-02 05:43:18.206910,88
S_STR07502,S_U0041,S0023,2026-02-08 04:14:42.299181,52
S_STR07503,S_U0093,S0023,2026-02-14 23:23:37.158688,41
S_STR07504,S_U0029,S0049,2026-02-15 02:43:29.458170,25
S_STR07505,S_U0042,S0046,2026-02-20 17:09:01.764738,96
S_STR07506,S_U0016,S0034,2026-02-22 22:38:10.129595,24
S_STR07507,S_U0098,S0040,2026-02-02 07:34:37.875029,62
S_STR07508,S_U0036,S0034,2026-01-31 13:53:36.853373,12
S_STR07509,S_U0025,S0043,2026-02-18 20:23:38.883399,16
S_STR07510,S_U0014,S0044,2026-02-09 01:25:23.271869,100
S_STR07511,S_U0068,S0042,2026-02-08 16:01:51.327125,211
S_STR07512,S_U0098,S0049,2026-02-11 21:57:58.474088,59
S_STR07513,S_U0027,S0045,2026-02-12 04:35:54.623513,49
S_STR07514,S_U0087,S0043,2026-02-19 23:28:13.121452,98
S_STR07515,S_U0087,S0039,2026-02-19 12:02:41.878180,308
S_STR07516,S_U0016,S0040,2026-02-04 08:03:29.874198,16
S_STR07517,S_U0015,S0031,2026-02-25 20:53:57.774058,119
S_STR07518,S_U0013,S0023,2026-02-22 14:53:37.418310,230
S_STR07519,S_U0052,S0050,2026-02-04 19:33:24.971265,163
S_STR07520,S_U0020,S0039,2026-02-20 18:40:08.985523,306
S_STR07521,S_U0003,S0031,2026-02-25 10:08:34.564925,119
S_STR07522,S_U0022,S0049,2026-02-13 08:47:12.694516,63
S_STR07523,S_U0047,S0034,2026-02-17 07:04:27.221848,5
S_STR07524,S_U0014,S0041,2026-02-18 08:03:45.198013,56
S_STR07525,S_U0024,S0039,2026-03-01 03:37:18.610108,108
S_STR07526,S_U0072,S0008,2026-01-31 14:14:18.620945,322
S_STR07527,S_U0083,S0036,2026-03-01 11:06:29.227331,16
S_STR07528,S_U0092,S0040,2026-02-25 21:56:31.751516,28
S_STR07529,S_U0020,S0039,2026-03-02 07:40:25.741734,73
S_STR07530,S_U0031,S0048,2026-02-26 16:30:17.355843,236
S_STR07531,S_U0003,S0044,2026-02-25 18:54:17.014284,138
S_STR07532,S_U0080,S0043,2026-02-13 20:28:10.111410,29
S_STR07533,S_U0001,S0009,2026-02-22 10:55:02.836673,205
S_STR07534,S_U0042,S0034,2026-02-27 17:19:05.527075,141
S_STR07535,S_U0096,S0046,2026-02-01 23:24:37.650155,179
S_STR07536,S_U0079,S0033,2026-03-01 06:50:29.217085,26
S_STR07537,S_U0005,S0041,2026-02-17 14:52:45.382889,193
S_STR07538,S_U0027,S0045,2026-02-04 02:56:58.600069,127
S_STR07539,S_U0091,S0043,2026-02-22 22:04:45.611316,71
S_STR07540,S_U0058,S0042,2026-02-04 20:32:40.957513,107
S_STR07541,S_U0070,S0043,2026-02-12 16:37:44.763209,27
S_STR07542,S_U0072,S0049,2026-02-11 10:00:43.212877,6
S_STR07543,S_U0074,S0038,2026-02-04 22:43:16.712231,80
S_STR07544,S_U0079,S0049,2026-02-09 15:50:24.125505,25
S_STR07545,S_U0057,S0026,2026-02-19 05:20:37.010728,35
S_STR07546,S_U0098,S0046,2026-02-20 10:56:47.357137,128
S_STR07547,S_U0056,S0025,2026-02-25 06:37:10.193138,82
S_STR07548,S_U0031,S0045,2026-02-25 17:59:41.076692,24
S_STR07549,S_U0097,S0041,2026-02-08 05:47:21.213442,40
S_STR07550,S_U0074,S0029,2026-02-09 06:48:54.810185,197
S_STR07551,S_U0061,S0043,2026-02-19 10:33:00.646802,149
S_STR07552,S_U0080,S0043,2026-02-19 20:02:43.117681,31
S_STR07553,S_U0028,S0027,2026-02-19 02:26:10.793555,33
S_STR07554,S_U0024,S0022,2026-02-16 07:19:03.559214,178
S_STR07555,S_U0002,S0027,2026-02-15 20:17:32.218417,62
S_STR07556,S_U0068,S0029,2026-02-28 20:17:20.540575,161
S_STR07557,S_U0003,S0022,2026-02-02 20:46:13.520155,22
S_STR07558,S_U0034,S0021,2026-02-25 18:47:15.392848,173
S_STR07559,S_U0072,S0045,2026-02-26 10:33:18.279152,53
S_STR07560,S_U0042,S0022,2026-02-22 01:25:29.332363,158
S_STR07561,S_U0005,S0014,2026-02-13 00:12:42.491813,257
S_STR07562,S_U0020,S0042,2026-02-05 00:47:47.299489,185
S_STR07563,S_U0086,S0030,2026-02-17 11:39:21.255973,10
S_STR07564,S_U0038,S0010,2026-02-18 01:42:40.342760,133
S_STR07565,S_U0026,S0033,2026-02-19 03:55:41.500103,161
S_STR07566,S_U0091,S0029,2026-02-13 21:56:47.467901,283
S_STR07567,S_U0005,S0026,2026-03-02 10:43:58.250482,221
S_STR07568,S_U0051,S0045,2026-02-09 22:57:15.414918,187
S_STR07569,S_U0095,S0014,2026-02-03 13:40:38.911818,263
S_STR07570,S_U0022,S0033,2026-02-05 18:22:49.024516,151
S_STR07571,S_U0089,S0028,2026-02-18 18:51:45.133357,193
S_STR07572,S_U0006,S0004,2026-02-09 07:57:34.471928,153
S_STR07573,S_U0020,S0049,2026-02-18 06:54:30.363074,23
S_STR07574,S_U0024,S0022,2026-02-19 07:45:35.822289,88
S_STR07575,S_U0012,S0034,2026-02-20 06:21:49.965734,192
S_STR07576,S_U0074,S0010,2026-02-26 23:04:30.962867,127
S_STR07577,S_U0078,S0045,2026-02-05 03:04:43.968734,72
S_STR07578,S_U0027,S0036,2026-02-16 17:39:05.783774,123
S_STR07579,S_U0009,S0029,2026-02-05 12:31:13.924638,342
S_STR07580,S_U0030,S0039,2026-02-19 20:26:28.139118,342
S_STR07581,S_U0028,S0042,2026-02-03 21:50:47.135669,180
S_STR07582,S_U0075,S0016,2026-02-18 15:15:31.781336,231
S_STR07583,S_U0054,S0014,2026-02-15 03:32:48.469574,81
S_STR07584,S_U0018,S0029,2026-02-28 06:15:59.876644,79
S_STR07585,S_U0024,S0048,2026-02-06 09:05:54.375632,74
S_STR07586,S_U0011,S0037,2026-02-28 08:46:44.570790,83
S_STR07587,S_U0095,S0028,2026-02-08 23:32:12.013125,134
S_STR07588,S_U0031,S0018,2026-02-09 23:38:15.953497,71
S_STR07589,S_U0002,S0038,2026-02-28 04:08:04.625614,187
S_STR07590,S_U0040,S0037,2026-02-01 15:19:11.935782,79
S_STR07591,S_U0079,S0028,2026-02-25 06:44:07.205964,117
S_STR07592,S_U0044,S0027,2026-02-11 07:37:07.398133,184
S_STR07593,S_U0043,S0010,2026-02-21 09:58:50.152857,224
S_STR07594,S_U0079,S0045,2026-02-02 18:00:54.374547,138
S_STR07595,S_U0028,S0050,2026-02-26 02:34:57.051001,238
S_STR07596,S_U0075,S0007,2026-02-07 11:56:57.992967,50
S_STR07597,S_U0024,S0043,2026-02-02 19:38:27.865648,58
S_STR07598,S_U0046,S0023,2026-02-03 00:38:12.601148,245
S_STR07599,S_U0009,S0043,2026-02-14 17:06:16.447356,121
S_STR07600,S_U0030,S0036,2026-02-12 08:04:23.886508,267
S_STR07601,S_U0035,S0036,2026-02-28 07:41:22.094643,49
S_STR07602,S_U0083,S0041,2026-02-23 19:07:05.303851,219
S_STR07603,S_U0002,S0041,2026-02-06 19:44:10.011610,141
S_STR07604,S_U0090,S0046,2026-02-01 05:11:11.963652,180
S_STR07605,S_U0045,S0034,2026-02-26 01:42:46.713754,85
S_STR07606,S_U0088,S0039,2026-02-28 18:56:34.701258,50
S_STR07607,S_U0048,S0026,2026-02-20 07:47:09.739739,44
S_STR07608,S_U0046,S0032,2026-02-12 05:14:59.571233,299
S_STR07609,S_U0087,S0030,2026-02-15 04:05:20.221468,71
S_STR07610,S_U0035,S0023,2026-02-01 13:26:38.504754,188
S_STR07611,S_U0049,S0008,2026-03-02 04:38:37.396025,173
S_STR07612,S_U0034,S0039,2026-02-12 05:10:09.644658,63
S_STR07613,S_U0075,S0026,2026-02-27 08:48:10.314036,11
S_STR07614,S_U0046,S0032,2026-02-22 03:42:56.740233,212
S_STR07615,S_U0019,S0029,2026-02-13 08:55:29.026651,240
S_STR07616,S_U0005,S0038,2026-02-21 15:37:09.016727,69
S_STR07617,S_U0005,S0021,2026-02-15 21:53:41.223361,124
S_STR07618,S_U0065,S0034,2026-02-10 07:37:47.151639,77
S_STR07619,S_U0019,S0027,2026-02-07 22:19:58.901662,103
S_STR07620,S_U0043,S0018,2026-02-11 01:58:22.920650,149
S_STR07621,S_U0075,S0028,2026-02-15 18:07:11.521028,71
S_STR07622,S_U0022,S0047,2026-02-10 02:44:29.794960,144
S_STR07623,S_U0045,S0044,2026-02-08 09:59:21.448215,248
S_STR07624,S_U0094,S0028,2026-03-01 22:45:46.502073,250
S_STR07625,S_U0039,S0043,2026-02-16 20:58:49.054135,67
S_STR07626,S_U0052,S0026,2026-02-02 02:46:14.186033,72
S_STR07627,S_U0089,S0025,2026-02-05 22:25:36.502378,161
S_STR07628,S_U0051,S0038,2026-02-01 13:38:04.094374,152
S_STR07629,S_U0062,S0029,2026-02-20 19:26:29.996923,251
S_STR07630,S_U0011,S0042,2026-02-13 06:41:29.887558,153
S_STR07631,S_U0030,S0047,2026-02-04 02:13:43.730239,38
S_STR07632,S_U0033,S0037,2026-02-13 17:30:43.330590,96
S_STR07633,S_U0078,S0033,2026-02-21 06:36:48.887574,143
S_STR07634,S_U0033,S0035,2026-02-18 23:08:42.317880,186
S_STR07635,S_U0014,S0034,2026-02-04 09:49:54.204525,105
S_STR07636,S_U0035,S0024,2026-02-23 06:26:14.051505,189
S_STR07637,S_U0010,S0041,2026-02-18 09:42:00.179246,119
S_STR07638,S_U0041,S0030,2026-02-02 01:22:17.404562,108
S_STR07639,S_U0023,S0042,2026-02-13 09:34:04.353983,88
S_STR07640,S_U0084,S0027,2026-02-11 10:25:29.286878,119
S_STR07641,S_U0036,S0048,2026-02-19 09:28:53.886336,256
S_STR07642,S_U0055,S0046,2026-02-11 03:28:28.053074,6
S_STR07643,S_U0057,S0040,2026-02-10 01:57:30.904598,52
S_STR07644,S_U0019,S0030,2026-02-03 07:44:09.536183,99
S_STR07645,S_U0060,S0048,2026-02-06 00:05:33.579576,87
S_STR07646,S_U0038,S0037,2026-02-01 23:12:00.182929,46
S_STR07647,S_U0015,S0047,2026-02-17 11:36:03.855307,11
S_STR07648,S_U0052,S0035,2026-02-19 03:56:48.104514,103
S_STR07649,S_U0081,S0036,2026-02-03 17:42:13.870775,179
S_STR07650,S_U0062,S0028,2026-02-10 20:06:40.679773,55
S_STR07651,S_U0017,S0029,2026-02-05 23:34:25.085356,197
S_STR07652,S_U0020,S0047,2026-02-01 09:38:12.517091,61
S_STR07653,S_U0045,S0026,2026-02-25 12:41:54.827960,26
S_STR07654,S_U0081,S0029,2026-02-18 12:56:13.351816,317
S_STR07655,S_U0021,S0042,2026-02-23 16:35:18.420517,180
S_STR07656,S_U0004,S0020,2026-02-05 12:27:13.150699,158
S_STR07657,S_U0071,S0023,2026-02-25 04:12:24.898466,180
S_STR07658,S_U0018,S0049,2026-02-25 14:57:01.041430,8
S_STR07659,S_U0036,S0039,2026-02-09 01:45:42.452932,311
S_STR07660,S_U0025,S0028,2026-02-09 17:40:29.160683,12
S_STR07661,S_U0030,S0035,2026-02-16 17:27:33.317897,305
S_STR07662,S_U0027,S0048,2026-02-27 12:25:59.903008,246
S_STR07663,S_U0097,S0014,2026-03-02 04:08:30.857586,27
S_STR07664,S_U0043,S0023,2026-02-02 04:26:47.488609,146
S_STR07665,S_U0066,S0033,2026-02-03 18:06:16.073077,170
S_STR07666,S_U0053,S0047,2026-02-01 19:19:48.916379,250
S_STR07667,S_U0084,S0027,2026-02-15 16:04:04.728877,94
S_STR07668,S_U0012,S0031,2026-02-05 13:33:47.914179,135
S_STR07669,S_U0093,S0018,2026-02-20 09:09:17.753188,153
S_STR07670,S_U0076,S0020,2026-02-04 14:19:15.641696,159
S_STR07671,S_U0086,S0029,2026-01-31 14:42:23.505960,143
S_STR07672,S_U0026,S0042,2026-02-25 01:53:05.208438,92
S_STR07673,S_U0017,S0018,2026-02-23 15:02:14.425139,201
S_STR07674,S_U0001,S0029,2026-02-01 06:23:01.089143,273
S_STR07675,S_U0063,S0032,2026-02-21 07:31:22.195819,181
S_STR07676,S_U0021,S0048,2026-02-13 07:05:03.754156,66
S_STR07677,S_U0047,S0038,2026-02-06 05:16:55.863444,91
S_STR07678,S_U0072,S0050,2026-02-12 22:19:28.143492,331
S_STR07679,S_U0036,S0044,2026-02-23 22:00:52.544465,84
S_STR07680,S_U0032,S0014,2026-02-27 07:57:27.419019,252
S_STR07681,S_U0085,S0045,2026-02-02 23:05:27.840550,69
S_STR07682,S_U0025,S0047,2026-02-01 02:28:58.803265,141
S_STR07683,S_U0029,S0042,2026-02-25 13:03:22.466527,265
S_STR07684,S_U0034,S0021,2026-02-18 10:35:06.536189,83
S_STR07685,S_U0078,S0029,2026-02-19 10:13:23.447693,340
S_STR07686,S_U0079,S0015,2026-03-01 21:51:08.122595,75
S_STR07687,S_U0032,S0028,2026-02-02 09:49:52.876685,135
S_STR07688,S_U0012,S0036,2026-02-05 21:54:58.531009,119
S_STR07689,S_U0051,S0050,2026-02-07 19:03:40.008337,252
S_STR07690,S_U0013,S0021,2026-02-22 23:57:15.790277,187
S_STR07691,S_U0067,S0040,2026-02-05 20:24:56.978810,50
S_STR07692,S_U0026,S0050,2026-02-15 22:26:04.326592,216
S_STR07693,S_U0092,S0029,2026-02-23 19:29:43.761811,58
S_STR07694,S_U0028,S0046,2026-02-05 15:29:27.287188,157
S_STR07695,S_U0044,S0029,2026-02-23 10:22:17.257925,320
S_STR07696,S_U0005,S0011,2026-02-25 04:00:28.949899,122
S_STR07697,S_U0093,S0036,2026-02-12 20:27:56.287312,325
S_STR07698,S_U0040,S0037,2026-02-02 01:36:56.156384,43
S_STR07699,S_U0054,S0044,2026-02-28 15:54:53.692961,234
S_STR07700,S_U0078,S0026,2026-02-18 08:13:04.943332,180
S_STR07701,S_U0100,S0024,2026-02-11 09:00:51.957784,279
S_STR07702,S_U0036,S0009,2026-02-19 00:45:11.923569,98
S_STR07703,S_U0025,S0033,2026-02-14 11:52:47.977264,41
S_STR07704,S_U0078,S0044,2026-02-15 05:34:10.674966,206
S_STR07705,S_U0053,S0045,2026-02-09 06:40:51.438294,90
S_STR07706,S_U0022,S0049,2026-02-01 22:40:00.152065,69
S_STR07707,S_U0089,S0024,2026-03-02 08:54:31.454905,167
S_STR07708,S_U0033,S0035,2026-02-24 01:10:12.149413,292
S_STR07709,S_U0058,S0042,2026-02-01 21:18:37.530411,137
S_STR07710,S_U0050,S0040,2026-02-25 05:26:55.586121,94
S_STR07711,S_U0004,S0037,2026-03-02 03:27:16.315344,120
S_STR07712,S_U0015,S0031,2026-02-06 19:42:51.560585,25
S_STR07713,S_U0028,S0038,2026-02-25 06:52:57.476513,88
S_STR07714,S_U0068,S0043,2026-02-21 08:01:02.251412,98
S_STR07715,S_U0033,S0042,2026-02-02 09:20:26.726864,16
S_STR07716,S_U0026,S0040,2026-02-03 23:49:10.184329,17
S_STR07717,S_U0084,S0028,2026-02-25 10:32:41.473784,234
S_STR07718,S_U0049,S0025,2026-02-27 23:35:05.224250,26
S_STR07719,S_U0074,S0020,2026-02-23 02:49:48.979887,141
S_STR07720,S_U0092,S0023,2026-02-05 22:04:15.072909,37
S_STR07721,S_U0017,S0049,2026-02-21 14:18:16.975691,55
S_STR07722,S_U0047,S0049,2026-02-03 16:13:05.209085,10
S_STR07723,S_U0001,S0021,2026-02-28 05:22:07.647856,161
S_STR07724,S_U0084,S0027,2026-02-07 04:20:45.773826,180
S_STR07725,S_U0059,S0030,2026-02-05 14:34:03.162089,79
S_STR07726,S_U0004,S0034,2026-02-03 15:10:09.749208,118
S_STR07727,S_U0048,S0018,2026-02-08 18:59:13.496629,141
S_STR07728,S_U0018,S0037,2026-02-01 03:12:18.521495,24
S_STR07729,S_U0043,S0049,2026-02-24 04:31:31.979758,41
S_STR07730,S_U0088,S0016,2026-02-08 06:08:50.790023,145
S_STR07731,S_U0091,S0050,2026-02-13 06:11:37.034455,44
S_STR07732,S_U0028,S0008,2026-02-25 01:30:49.728800,10
S_STR07733,S_U0055,S0026,2026-02-22 02:54:04.245549,128
S_STR07734,S_U0010,S0042,2026-02-09 21:23:07.065477,59
S_STR07735,S_U0084,S0021,2026-02-02 11:34:41.261727,283
S_STR07736,S_U0008,S0009,2026-02-12 07:20:38.618643,106
S_STR07737,S_U0042,S0014,2026-02-24 02:57:58.408939,218
S_STR07738,S_U0017,S0044,2026-02-23 14:55:35.914398,290
S_STR07739,S_U0020,S0043,2026-02-11 23:50:31.575370,109
S_STR07740,S_U0100,S0043,2026-02-13 12:16:40.760813,97
S_STR07741,S_U0046,S0039,2026-02-26 15:53:53.907797,120
S_STR07742,S_U0063,S0034,2026-02-08 10:14:15.910482,77
S_STR07743,S_U0042,S0029,2026-02-11 05:41:40.671834,309
S_STR07744,S_U0037,S0049,2026-02-28 01:51:54.320935,10
S_STR07745,S_U0052,S0036,2026-02-14 23:27:57.567450,227
S_STR07746,S_U0076,S0037,2026-03-01 13:29:06.745187,137
S_STR07747,S_U0026,S0042,2026-02-17 05:29:46.840415,96
S_STR07748,S_U0005,S0017,2026-02-16 16:46:29.956054,82
S_STR07749,S_U0032,S0037,2026-02-12 19:37:40.161290,46
S_STR07750,S_U0011,S0023,2026-02-18 01:36:36.844672,207
S_STR07751,S_U0055,S0039,2026-02-14 05:55:24.586288,31
S_STR07752,S_U0041,S0026,2026-02-25 07:54:20.169905,280
S_STR07753,S_U0006,S0037,2026-02-07 17:45:53.673203,79
S_STR07754,S_U0049,S0028,2026-02-07 00:10:39.626696,282
S_STR07755,S_U0027,S0047,2026-02-14 13:23:39.646141,6
S_STR07756,S_U0025,S0018,2026-02-15 00:25:35.019318,132
S_STR07757,S_U0001,S0029,2026-01-31 22:06:03.278648,6
S_STR07758,S_U0090,S0049,2026-03-02 00:54:35.606625,101
S_STR07759,S_U0010,S0038,2026-02-21 02:09:48.633837,182
S_STR07760,S_U0077,S0045,2026-02-19 06:35:26.831723,15
S_STR07761,S_U0048,S0034,2026-02-19 04:04:16.228910,58
S_STR07762,S_U0019,S0036,2026-02-03 03:59:02.172270,96
S_STR07763,S_U0063,S0019,2026-03-02 09:12:44.307677,208
S_STR07764,S_U0020,S0008,2026-02-18 08:16:07.684029,322
S_STR07765,S_U0082,S0041,2026-02-11 08:43:42.009156,214
S_STR07766,S_U0073,S0021,2026-02-14 16:08:32.411364,110
S_STR07767,S_U0072,S0043,2026-02-02 01:54:03.069582,103
S_STR07768,S_U0054,S0032,2026-02-05 09:55:10.009103,128
S_STR07769,S_U0089,S0043,2026-02-03 16:14:03.618811,109
S_STR07770,S_U0024,S0050,2026-02-14 20:13:49.293217,44
S_STR07771,S_U0086,S0026,2026-02-17 13:24:09.956984,31
S_STR07772,S_U0017,S0018,2026-02-03 11:28:55.171637,217
S_STR07773,S_U0020,S0016,2026-02-17 19:30:37.152413,32
S_STR07774,S_U0043,S0027,2026-02-12 21:36:01.809550,196
S_STR07775,S_U0062,S0026,2026-02-06 17:51:25.047303,215
S_STR07776,S_U0095,S0049,2026-02-02 17:07:40.135780,45
S_STR07777,S_U0039,S0007,2026-02-07 04:15:12.362511,117
S_STR07778,S_U0034,S0044,2026-02-02 15:17:48.787663,33
S_STR07779,S_U0093,S0032,2026-02-11 22:04:37.309242,78
S_STR07780,S_U0024,S0014,2026-02-18 11:52:44.396214,266
S_STR07781,S_U0064,S0024,2026-02-01 16:10:34.684354,79
S_STR07782,S_U0086,S0035,2026-02-09 07:19:48.607383,283
S_STR07783,S_U0098,S0026,2026-02-09 22:37:25.251534,105
S_STR07784,S_U0095,S0044,2026-02-28 12:37:16.494031,30
S_STR07785,S_U0043,S0034,2026-02-02 08:06:42.091207,111
S_STR07786,S_U0067,S0038,2026-02-03 11:26:49.210850,125
S_STR07787,S_U0039,S0047,2026-02-23 13:45:58.303990,268
S_STR07788,S_U0078,S0017,2026-02-11 04:51:39.995573,98
S_STR07789,S_U0037,S0015,2026-02-10 14:29:16.202938,154
S_STR07790,S_U0089,S0024,2026-02-16 09:15:02.980930,266
S_STR07791,S_U0039,S0043,2026-02-19 23:06:17.558595,38
S_STR07792,S_U0095,S0046,2026-02-11 21:16:22.518587,119
S_STR07793,S_U0071,S0018,2026-02-03 19:53:31.229058,86
S_STR07794,S_U0006,S0050,2026-03-01 07:06:59.441590,59
S_STR07795,S_U0063,S0048,2026-02-11 22:31:19.851182,71
S_STR07796,S_U0081,S0037,2026-02-14 14:33:53.781672,121
S_STR07797,S_U0057,S0037,2026-02-15 15:32:56.749620,11
S_STR07798,S_U0006,S0036,2026-02-19 18:36:41.848890,40
S_STR07799,S_U0084,S0049,2026-02-02 18:33:24.024897,69
S_STR07800,S_U0022,S0041,2026-02-26 05:22:24.990334,160
S_STR07801,S_U0097,S0047,2026-02-10 21:44:31.256030,67
S_STR07802,S_U0100,S0034,2026-02-11 04:19:40.328826,120
S_STR07803,S_U0033,S0032,2026-02-13 00:23:54.684044,256
S_STR07804,S_U0068,S0044,2026-02-27 03:20:41.632945,68
S_STR07805,S_U0030,S0030,2026-02-14 14:12:45.228580,125
S_STR07806,S_U0051,S0031,2026-02-17 17:25:50.098242,77
S_STR07807,S_U0043,S0017,2026-02-03 01:28:55.687759,66
S_STR07808,S_U0010,S0028,2026-02-21 03:19:49.783665,158
S_STR07809,S_U0065,S0046,2026-02-22 04:26:53.216312,127
S_STR07810,S_U0048,S0038,2026-02-12 16:52:02.608048,77
S_STR07811,S_U0023,S0031,2026-02-08 12:33:10.884233,99
S_STR07812,S_U0075,S0043,2026-02-01 15:26:30.192905,124
S_STR07813,S_U0021,S0018,2026-02-07 12:05:52.682398,62
S_STR07814,S_U0054,S0021,2026-02-21 05:51:36.171693,225
S_STR07815,S_U0023,S0016,2026-02-19 10:42:42.009092,99
S_STR07816,S_U0061,S0031,2026-02-21 18:49:33.621228,132
S_STR07817,S_U0051,S0017,2026-02-02 16:06:04.147939,5
S_STR07818,S_U0001,S0027,2026-02-13 10:36:00.535780,64
S_STR07819,S_U0060,S0014,2026-02-26 22:46:09.989602,264
S_STR07820,S_U0074,S0034,2026-02-22 17:56:16.630299,139
S_STR07821,S_U0062,S0040,2026-02-24 05:17:40.545325,28
S_STR07822,S_U0081,S0026,2026-02-21 14:35:47.659770,102
S_STR07823,S_U0028,S0032,2026-02-24 08:12:58.624338,132
S_STR07824,S_U0058,S0021,2026-02-14 11:23:28.666055,188
S_STR07825,S_U0089,S0011,2026-02-28 19:42:21.696392,234
S_STR07826,S_U0033,S0047,2026-02-21 05:59:51.524615,242
S_STR07827,S_U0083,S0034,2026-02-15 12:18:41.169203,116
S_STR07828,S_U0005,S0033,2026-02-04 06:56:59.121600,79
S_STR07829,S_U0009,S0037,2026-02-27 15:16:43.072420,22
S_STR07830,S_U0046,S0013,2026-02-08 12:11:41.249622,80
S_STR07831,S_U0087,S0014,2026-02-25 05:20:34.908784,143
S_STR07832,S_U0006,S0044,2026-02-28 11:59:18.684294,41
S_STR07833,S_U0081,S0045,2026-02-03 11:51:28.386166,153
S_STR07834,S_U0073,S0038,2026-02-01 01:12:30.866922,84
S_STR07835,S_U0028,S0030,2026-02-19 04:48:35.907202,69
S_STR07836,S_U0019,S0025,2026-02-07 19:22:42.206113,93
S_STR07837,S_U0005,S0034,2026-02-18 21:04:06.960999,216
S_STR07838,S_U0076,S0040,2026-02-11 09:20:15.701066,8
S_STR07839,S_U0040,S0011,2026-02-15 00:25:54.292912,29
S_STR07840,S_U0066,S0029,2026-02-15 00:15:36.231951,65
S_STR07841,S_U0076,S0045,2026-02-20 19:46:00.072728,173
S_STR07842,S_U0059,S0046,2026-02-16 20:28:24.530627,110
S_STR07843,S_U0027,S0033,2026-03-01 14:41:08.911848,97
S_STR07844,S_U0090,S0022,2026-02-09 21:50:37.904308,146
S_STR07845,S_U0093,S0025,2026-02-21 10:01:31.374630,137
S_STR07846,S_U0028,S0022,2026-02-07 17:53:10.575331,51
S_STR07847,S_U0016,S0050,2026-02-08 16:30:59.089423,260
S_STR07848,S_U0074,S0049,2026-02-23 07:09:13.773907,88
S_STR07849,S_U0032,S0010,2026-02-14 05:35:17.313182,21
S_STR07850,S_U0013,S0016,2026-01-31 15:06:39.952242,30
S_STR07851,S_U0025,S0043,2026-03-02 06:45:03.277578,31
S_STR07852,S_U0041,S0032,2026-03-01 07:47:45.154304,176
S_STR07853,S_U0074,S0049,2026-02-18 18:26:39.209058,66
S_STR07854,S_U0075,S0016,2026-02-24 23:47:46.038169,275
S_STR07855,S_U0095,S0034,2026-02-24 17:30:53.868432,25
S_STR07856,S_U0014,S0036,2026-02-13 20:08:21.456259,119
S_STR07857,S_U0099,S0033,2026-02-10 02:02:53.708954,157
S_STR07858,S_U0021,S0031,2026-02-08 22:23:01.232452,134
S_STR07859,S_U0007,S0043,2026-02-25 19:44:17.523270,147
S_STR07860,S_U0002,S0033,2026-02-01 20:34:53.253349,36
S_STR07861,S_U0030,S0014,2026-02-04 18:28:04.855583,252
S_STR07862,S_U0082,S0043,2026-01-31 20:10:20.019460,5
S_STR07863,S_U0095,S0024,2026-02-04 11:00:55.356117,328
S_STR07864,S_U0056,S0050,2026-02-18 20:21:00.928295,281
S_STR07865,S_U0077,S0030,2026-02-15 10:56:37.064949,49
S_STR07866,S_U0098,S0050,2026-02-15 11:08:14.099190,186
S_STR07867,S_U0095,S0009,2026-02-21 11:14:30.102852,20
S_STR07868,S_U0042,S0043,2026-02-02 13:47:31.839395,63
S_STR07869,S_U0051,S0047,2026-02-24 05:45:02.418440,40
S_STR07870,S_U0014,S0034,2026-02-05 04:28:08.516624,218
S_STR07871,S_U0042,S0034,2026-02-25 10:07:51.331323,8
S_STR07872,S_U0065,S0028,2026-02-11 23:36:43.165881,87
S_STR07873,S_U0051,S0019,2026-02-21 07:10:18.552183,185
S_STR07874,S_U0064,S0048,2026-02-05 02:40:54.540133,180
S_STR07875,S_U0024,S0037,2026-02-21 14:35:18.989572,119
S_STR07876,S_U0008,S0002,2026-02-10 17:06:09.914099,117
S_STR07877,S_U0029,S0046,2026-03-01 14:46:30.034632,63
S_STR07878,S_U0089,S0034,2026-02-22 16:23:52.580948,88
S_STR07879,S_U0090,S0006,2026-02-10 11:22:15.004349,71
S_STR07880,S_U0006,S0046,2026-02-08 23:58:40.091698,122
S_STR07881,S_U0001,S0016,2026-02-07 04:13:22.363938,60
S_STR07882,S_U0072,S0025,2026-02-10 20:59:05.598997,182
S_STR07883,S_U0026,S0042,2026-02-14 12:56:01.540032,179
S_STR07884,S_U0087,S0050,2026-02-05 06:26:30.618530,242
S_STR07885,S_U0035,S0035,2026-02-02 15:15:53.220256,306
S_STR07886,S_U0057,S0024,2026-02-24 05:20:14.480860,26
S_STR07887,S_U0100,S0031,2026-02-04 01:55:53.490645,144
S_STR07888,S_U0012,S0020,2026-02-28 03:33:49.454849,111
S_STR07889,S_U0028,S0029,2026-02-18 19:08:04.787801,257
S_STR07890,S_U0033,S0024,2026-02-03 15:29:05.393276,237
S_STR07891,S_U0079,S0034,2026-03-01 14:56:22.601211,68
S_STR07892,S_U0086,S0019,2026-02-12 07:26:05.447988,116
S_STR07893,S_U0100,S0046,2026-02-27 19:01:28.661491,123
S_STR07894,S_U0066,S0026,2026-02-01 06:54:10.879169,222
S_STR07895,S_U0012,S0028,2026-02-10 11:03:57.270342,220
S_STR07896,S_U0028,S0047,2026-02-23 03:49:47.497037,252
S_STR07897,S_U0094,S0046,2026-02-08 13:59:29.855902,135
S_STR07898,S_U0099,S0036,2026-02-13 01:15:15.197636,112
S_STR07899,S_U0039,S0041,2026-02-15 09:41:40.357472,163
S_STR07900,S_U0014,S0050,2026-02-07 07:25:35.378861,194
S_STR07901,S_U0087,S0007,2026-02-04 21:49:01.622432,85
S_STR07902,S_U0018,S0044,2026-02-21 02:16:01.623507,299
S_STR07903,S_U0078,S0037,2026-02-21 07:58:57.421768,25
S_STR07904,S_U0007,S0048,2026-02-25 20:30:59.002041,22
S_STR07905,S_U0047,S0023,2026-02-21 08:37:20.077903,72
S_STR07906,S_U0070,S0050,2026-02-14 16:16:07.902301,125
S_STR07907,S_U0018,S0017,2026-02-06 14:55:55.521514,119
S_STR07908,S_U0045,S0037,2026-02-16 17:20:51.503499,153
S_STR07909,S_U0013,S0049,2026-02-25 19:07:16.236763,26
S_STR07910,S_U0063,S0048,2026-02-25 22:55:23.651663,274
S_STR07911,S_U0026,S0004,2026-02-13 13:57:45.529426,198
S_STR07912,S_U0014,S0035,2026-02-13 18:06:17.926760,122
S_STR07913,S_U0034,S0030,2026-02-18 23:42:40.344693,93
S_STR07914,S_U0016,S0022,2026-02-12 13:29:38.628287,72
S_STR07915,S_U0091,S0045,2026-02-10 06:17:21.088311,44
S_STR07916,S_U0096,S0038,2026-02-28 02:20:55.769003,143
S_STR07917,S_U0031,S0004,2026-02-14 00:00:23.787603,201
S_STR07918,S_U0077,S0029,2026-02-23 05:18:39.790724,77
S_STR07919,S_U0045,S0033,2026-02-19 07:59:20.011648,6
S_STR07920,S_U0009,S0037,2026-02-20 22:28:53.361238,12
S_STR07921,S_U0032,S0036,2026-02-05 14:29:32.256203,78
S_STR07922,S_U0010,S0048,2026-02-18 17:19:16.505728,63
S_STR07923,S_U0008,S0046,2026-02-19 19:12:35.066860,59
S_STR07924,S_U0094,S0035,2026-02-20 18:46:10.499486,276
S_STR07925,S_U0020,S0041,2026-02-18 16:40:14.369996,128
S_STR07926,S_U0054,S0034,2026-02-12 16:29:15.721201,60
S_STR07927,S_U0069,S0017,2026-02-25 08:10:32.824533,85
S_STR07928,S_U0016,S0048,2026-02-09 10:19:58.422286,70
S_STR07929,S_U0038,S0027,2026-02-01 01:28:49.532927,15
S_STR07930,S_U0090,S0019,2026-03-01 07:41:57.935825,246
S_STR07931,S_U0094,S0035,2026-02-04 11:13:39.573422,89
S_STR07932,S_U0080,S0012,2026-02-12 02:59:10.093772,244
S_STR07933,S_U0042,S0032,2026-02-21 14:02:54.494314,70
S_STR07934,S_U0083,S0047,2026-02-08 10:20:46.228781,273
S_STR07935,S_U0069,S0039,2026-02-26 05:35:49.890680,264
S_STR07936,S_U0091,S0037,2026-02-12 00:01:56.102250,154
S_STR07937,S_U0082,S0026,2026-02-06 11:31:16.764840,91
S_STR07938,S_U0085,S0021,2026-02-08 18:11:41.527330,77
S_STR07939,S_U0013,S0041,2026-02-23 21:18:22.016265,257
S_STR07940,S_U0061,S0042,2026-02-06 14:10:46.096678,271
S_STR07941,S_U0005,S0023,2026-02-28 02:40:51.230075,240
S_STR07942,S_U0027,S0050,2026-02-07 13:41:43.861777,247
S_STR07943,S_U0005,S0044,2026-02-05 22:58:31.436657,31
S_STR07944,S_U0071,S0036,2026-02-12 00:12:15.957776,148
S_STR07945,S_U0096,S0034,2026-02-12 13:31:38.129197,25
S_STR07946,S_U0078,S0050,2026-03-02 06:06:08.895370,228
S_STR07947,S_U0003,S0038,2026-02-04 23:58:34.399281,117
S_STR07948,S_U0020,S0045,2026-02-03 11:11:22.237903,73
S_STR07949,S_U0053,S0048,2026-02-03 00:54:02.018637,269
S_STR07950,S_U0007,S0016,2026-03-01 10:25:47.494305,68
S_STR07951,S_U0091,S0032,2026-02-25 08:19:17.297949,182
S_STR07952,S_U0020,S0041,2026-02-15 16:10:22.128274,173
S_STR07953,S_U0025,S0020,2026-02-23 14:10:33.423496,26
S_STR07954,S_U0018,S0038,2026-02-25 05:14:09.692837,38
S_STR07955,S_U0024,S0047,2026-02-15 20:29:18.983039,234
S_STR07956,S_U0086,S0037,2026-02-10 23:17:39.667261,112
S_STR07957,S_U0064,S0042,2026-02-06 06:37:36.126917,182
S_STR07958,S_U0074,S0044,2026-02-06 15:30:20.624775,112
S_STR07959,S_U0017,S0036,2026-02-18 10:19:05.601135,110
S_STR07960,S_U0013,S0032,2026-02-01 14:33:38.614718,103
S_STR07961,S_U0016,S0026,2026-02-22 01:28:03.068867,171
S_STR07962,S_U0074,S0038,2026-02-13 16:34:11.323337,19
S_STR07963,S_U0042,S0016,2026-02-03 23:31:21.870127,241
S_STR07964,S_U0074,S0020,2026-02-24 14:31:23.607111,102
S_STR07965,S_U0015,S0040,2026-02-07 05:16:08.398676,24
S_STR07966,S_U0003,S0042,2026-02-23 23:44:27.545355,19
S_STR07967,S_U0060,S0021,2026-02-13 21:19:42.532194,142
S_STR07968,S_U0090,S0033,2026-02-15 04:00:10.856521,96
S_STR07969,S_U0077,S0047,2026-02-17 06:00:45.568697,227
S_STR07970,S_U0095,S0034,2026-02-03 12:42:54.581136,52
S_STR07971,S_U0098,S0045,2026-02-04 00:06:59.061481,57
S_STR07972,S_U0016,S0045,2026-02-01 15:43:31.904888,63
S_STR07973,S_U0039,S0031,2026-02-08 04:08:15.282662,106
S_STR07974,S_U0014,S0050,2026-02-15 15:31:59.665600,258
S_STR07975,S_U0095,S0018,2026-02-21 23:12:38.805669,274
S_STR07976,S_U0015,S0040,2026-02-02 13:35:14.513758,79
S_STR07977,S_U0085,S0035,2026-02-05 08:15:13.452083,21
S_STR07978,S_U0009,S0031,2026-02-21 14:29:31.190978,20
S_STR07979,S_U0029,S0030,2026-02-09 21:48:46.286425,132
S_STR07980,S_U0071,S0049,2026-02-07 18:45:34.655299,18
S_STR07981,S_U0081,S0027,2026-02-23 13:41:55.908137,98
S_STR07982,S_U0098,S0045,2026-02-04 07:35:22.570668,95
S_STR07983,S_U0031,S0047,2026-02-05 05:10:59.385207,167
S_STR07984,S_U0033,S0034,2026-02-01 02:43:39.375940,193
S_STR07985,S_U0003,S0015,2026-02-26 02:12:10.575683,23
S_STR07986,S_U0045,S0047,2026-02-07 17:31:48.511628,23
S_STR07987,S_U0063,S0043,2026-02-09 04:52:05.916074,105
S_STR07988,S_U0093,S0020,2026-02-06 19:26:25.563013,6
S_STR07989,S_U0024,S0050,2026-02-01 12:53:30.548728,243
S_STR07990,S_U0089,S0050,2026-02-08 22:40:17.030096,182
S_STR07991,S_U0100,S0039,2026-02-26 19:17:38.277764,249
S_STR07992,S_U0005,S0050,2026-02-27 04:55:20.800410,138
S_STR07993,S_U0087,S0036,2026-02-03 12:52:45.368576,283
S_STR07994,S_U0100,S0024,2026-02-17 01:09:58.281325,162
S_STR07995,S_U0084,S0041,2026-02-21 15:19:14.808221,88
S_STR07996,S_U0072,S0038,2026-02-04 19:22:00.907238,14
S_STR07997,S_U0005,S0013,2026-02-05 10:17:44.320384,106
S_STR07998,S_U0075,S0039,2026-02-16 14:22:04.328035,84
S_STR07999,S_U0046,S0023,2026-02-02 06:34:31.477702,59
S_STR08000,S_U0034,S0050,2026-02-21 01:54:06.891443,218
S_STR08001,S_U0058,S0011,2026-01-31 12:01:51.746619,284
S_STR08002,S_U0026,S0041,2026-02-01 16:22:26.683594,203
S_STR08003,S_U0100,S0037,2026-02-13 13:26:02.404650,32
S_STR08004,S_U0047,S0011,2026-03-01 22:52:22.335584,266
S_STR08005,S_U0034,S0043,2026-02-02 15:41:06.099622,106
S_STR08006,S_U0049,S0045,2026-02-19 15:52:33.575408,119
S_STR08007,S_U0050,S0026,2026-02-28 23:27:09.326805,106
S_STR08008,S_U0013,S0049,2026-02-08 13:38:56.695373,50
S_STR08009,S_U0075,S0043,2026-02-17 16:05:06.044686,162
S_STR08010,S_U0074,S0026,2026-02-23 07:39:42.965548,22
S_STR08011,S_U0087,S0032,2026-02-18 08:30:10.295074,209
S_STR08012,S_U0025,S0046,2026-02-08 06:36:47.410658,16
S_STR08013,S_U0095,S0048,2026-02-13 14:35:20.646721,202
S_STR08014,S_U0031,S0042,2026-02-06 05:28:51.281620,208
S_STR08015,S_U0031,S0025,2026-02-06 18:21:31.125242,209
S_STR08016,S_U0070,S0036,2026-02-24 00:02:28.181362,143
S_STR08017,S_U0027,S0039,2026-02-03 16:37:02.733811,97
S_STR08018,S_U0088,S0030,2026-02-16 03:50:00.988188,51
S_STR08019,S_U0041,S0017,2026-02-15 19:39:08.334090,117
S_STR08020,S_U0076,S0037,2026-02-16 05:56:22.604494,113
S_STR08021,S_U0051,S0049,2026-02-24 01:07:18.137552,56
S_STR08022,S_U0026,S0042,2026-02-10 13:26:34.799691,96
S_STR08023,S_U0057,S0024,2026-02-04 07:31:21.542719,285
S_STR08024,S_U0052,S0041,2026-02-12 13:25:38.926517,151
S_STR08025,S_U0055,S0043,2026-02-10 01:14:34.028562,49
S_STR08026,S_U0058,S0041,2026-02-09 15:08:33.642714,255
S_STR08027,S_U0089,S0039,2026-02-25 10:49:37.899021,229
S_STR08028,S_U0067,S0050,2026-02-07 23:44:49.189360,101
S_STR08029,S_U0041,S0021,2026-02-15 00:43:15.881565,248
S_STR08030,S_U0028,S0038,2026-02-18 23:14:17.825008,180
S_STR08031,S_U0070,S0025,2026-02-28 07:16:25.861009,119
S_STR08032,S_U0004,S0032,2026-02-20 15:17:02.858979,188
S_STR08033,S_U0065,S0032,2026-02-27 15:56:34.879059,86
S_STR08034,S_U0048,S0012,2026-02-21 14:24:58.353407,153
S_STR08035,S_U0083,S0013,2026-02-24 18:25:58.715017,185
S_STR08036,S_U0078,S0048,2026-02-21 09:30:25.486622,142
S_STR08037,S_U0047,S0016,2026-02-02 09:57:59.720793,277
S_STR08038,S_U0006,S0040,2026-03-01 08:59:41.784254,135
S_STR08039,S_U0016,S0044,2026-02-18 17:39:36.554418,225
S_STR08040,S_U0048,S0043,2026-02-08 04:12:45.528605,123
S_STR08041,S_U0083,S0034,2026-02-20 02:13:35.577383,117
S_STR08042,S_U0036,S0046,2026-02-06 01:03:50.124661,66
S_STR08043,S_U0086,S0032,2026-02-14 05:26:38.804764,130
S_STR08044,S_U0091,S0035,2026-02-14 16:13:05.083624,107
S_STR08045,S_U0049,S0009,2026-02-13 23:56:59.275126,112
S_STR08046,S_U0046,S0041,2026-03-01 02:30:39.967010,253
S_STR08047,S_U0053,S0050,2026-02-03 22:59:28.526425,89
S_STR08048,S_U0096,S0044,2026-02-21 06:30:18.001745,271
S_STR08049,S_U0071,S0035,2026-03-02 11:00:31.498686,54
S_STR08050,S_U0041,S0045,2026-02-17 04:17:31.186357,11
S_STR08051,S_U0087,S0038,2026-02-26 17:17:43.132963,162
S_STR08052,S_U0080,S0047,2026-02-21 18:00:25.075905,164
S_STR08053,S_U0063,S0023,2026-02-20 09:55:41.363792,152
S_STR08054,S_U0057,S0048,2026-02-10 08:14:32.910476,270
S_STR08055,S_U0001,S0048,2026-02-22 21:09:14.627401,265
S_STR08056,S_U0005,S0022,2026-02-14 23:59:23.075306,146
S_STR08057,S_U0061,S0020,2026-02-01 15:14:14.905961,100
S_STR08058,S_U0050,S0008,2026-02-17 05:10:29.240256,301
S_STR08059,S_U0079,S0044,2026-02-12 18:38:29.341243,173
S_STR08060,S_U0081,S0049,2026-02-16 15:38:41.286106,52
S_STR08061,S_U0017,S0032,2026-02-06 21:15:04.087955,92
S_STR08062,S_U0035,S0050,2026-02-10 05:20:38.732490,71
S_STR08063,S_U0043,S0048,2026-02-02 12:39:07.491004,265
S_STR08064,S_U0088,S0046,2026-02-19 06:14:22.057759,189
S_STR08065,S_U0014,S0036,2026-02-07 01:58:30.804187,233
S_STR08066,S_U0059,S0047,2026-02-24 10:24:29.684677,9
S_STR08067,S_U0044,S0044,2026-02-14 01:23:07.578119,332
S_STR08068,S_U0072,S0022,2026-02-03 13:45:36.894747,172
S_STR08069,S_U0011,S0016,2026-02-28 17:29:17.520160,44
S_STR08070,S_U0033,S0012,2026-02-10 02:38:11.307944,236
S_STR08071,S_U0078,S0009,2026-02-11 04:29:20.392466,171
S_STR08072,S_U0045,S0050,2026-02-22 00:20:24.104120,271
S_STR08073,S_U0066,S0044,2026-02-07 17:24:48.071337,267
S_STR08074,S_U0049,S0036,2026-02-24 16:15:06.646375,83
S_STR08075,S_U0094,S0024,2026-02-23 21:13:10.858096,79
S_STR08076,S_U0018,S0048,2026-02-20 14:17:48.573676,201
S_STR08077,S_U0018,S0013,2026-03-01 13:32:01.816026,145
S_STR08078,S_U0007,S0030,2026-03-02 05:21:38.759197,122
S_STR08079,S_U0076,S0035,2026-02-27 10:37:19.958971,206
S_STR08080,S_U0038,S0031,2026-02-01 12:20:56.058466,90
S_STR08081,S_U0001,S0032,2026-02-19 19:07:32.804762,172
S_STR08082,S_U0065,S0027,2026-02-16 21:37:49.528012,74
S_STR08083,S_U0043,S0047,2026-02-03 13:19:27.776908,8
S_STR08084,S_U0099,S0048,2026-02-15 00:10:21.723625,253
S_STR08085,S_U0027,S0037,2026-03-02 09:26:28.584843,119
S_STR08086,S_U0084,S0041,2026-02-17 03:47:52.515557,13
S_STR08087,S_U0037,S0023,2026-02-07 01:52:30.422884,96
S_STR08088,S_U0073,S0007,2026-02-11 11:07:23.007961,280
S_STR08089,S_U0058,S0024,2026-02-24 11:56:27.751862,261
S_STR08090,S_U0036,S0035,2026-02-27 14:52:55.638165,48
S_STR08091,S_U0062,S0024,2026-02-04 01:21:16.843540,56
S_STR08092,S_U0076,S0045,2026-02-04 12:29:38.966451,100
S_STR08093,S_U0011,S0035,2026-02-11 13:03:33.628540,221
S_STR08094,S_U0054,S0049,2026-02-22 23:53:39.835835,61
S_STR08095,S_U0086,S0020,2026-02-25 10:31:40.739265,52
S_STR08096,S_U0010,S0031,2026-02-06 00:16:00.013416,79
S_STR08097,S_U0100,S0049,2026-02-10 00:32:10.167315,102
S_STR08098,S_U0026,S0026,2026-02-23 13:31:17.144929,258
S_STR08099,S_U0002,S0046,2026-02-02 12:47:17.821307,18
S_STR08100,S_U0044,S0047,2026-02-08 04:32:05.655414,88
S_STR08101,S_U0094,S0047,2026-02-27 17:03:55.057858,267
S_STR08102,S_U0091,S0036,2026-02-20 07:57:05.166282,152
S_STR08103,S_U0021,S0031,2026-02-22 11:35:05.044171,135
S_STR08104,S_U0024,S0033,2026-02-13 17:56:48.011522,85
S_STR08105,S_U0023,S0017,2026-02-01 00:18:28.164231,121
S_STR08106,S_U0031,S0025,2026-02-25 17:35:18.357783,124
S_STR08107,S_U0058,S0025,2026-02-28 07:27:33.962473,126
S_STR08108,S_U0020,S0034,2026-02-27 22:29:50.333242,28
S_STR08109,S_U0005,S0012,2026-02-10 10:20:54.161534,196
S_STR08110,S_U0056,S0031,2026-02-11 15:13:26.268821,94
S_STR08111,S_U0046,S0048,2026-02-02 17:50:32.237213,268
S_STR08112,S_U0025,S0045,2026-02-19 21:25:26.965326,81
S_STR08113,S_U0073,S0015,2026-02-28 04:00:35.837259,246
S_STR08114,S_U0100,S0047,2026-02-21 01:07:58.023378,278
S_STR08115,S_U0075,S0008,2026-03-01 03:32:19.961802,95
S_STR08116,S_U0066,S0032,2026-02-20 04:51:41.451664,100
S_STR08117,S_U0016,S0024,2026-02-02 23:12:40.926435,245
S_STR08118,S_U0042,S0027,2026-02-04 14:43:41.821076,228
S_STR08119,S_U0018,S0032,2026-02-02 22:16:05.626478,91
S_STR08120,S_U0092,S0043,2026-02-14 21:40:51.255308,110
S_STR08121,S_U0013,S0024,2026-02-25 16:51:27.345523,197
S_STR08122,S_U0034,S0034,2026-02-19 18:33:44.840073,34
S_STR08123,S_U0089,S0050,2026-02-04 18:09:56.727038,119
S_STR08124,S_U0045,S0042,2026-02-22 00:59:03.861803,245
S_STR08125,S_U0080,S0023,2026-02-08 21:16:40.842835,244
S_STR08126,S_U0065,S0047,2026-02-03 10:59:21.746296,197
S_STR08127,S_U0044,S0049,2026-02-08 20:22:09.200370,12
S_STR08128,S_U0063,S0043,2026-02-12 02:49:13.709048,11
S_STR08129,S_U0058,S0044,2026-02-27 17:33:45.495389,218
S_STR08130,S_U0080,S0039,2026-02-21 14:18:30.159313,31
S_STR08131,S_U0043,S0024,2026-02-15 22:57:55.011579,184
S_STR08132,S_U0075,S0032,2026-02-18 19:38:28.198693,99
S_STR08133,S_U0079,S0036,2026-02-06 01:49:15.950579,57
S_STR08134,S_U0041,S0029,2026-02-19 04:17:24.505695,49
S_STR08135,S_U0087,S0045,2026-02-01 09:33:52.212414,182
S_STR08136,S_U0079,S0037,2026-02-24 13:06:11.001084,90
S_STR08137,S_U0007,S0029,2026-02-14 13:39:11.812261,150
S_STR08138,S_U0075,S0038,2026-02-11 21:52:34.698856,169
S_STR08139,S_U0075,S0016,2026-02-25 20:33:46.667873,53
S_STR08140,S_U0057,S0049,2026-02-17 19:27:41.933942,26
S_STR08141,S_U0042,S0050,2026-02-28 03:51:27.071977,86
S_STR08142,S_U0045,S0006,2026-02-26 12:48:01.641121,212
S_STR08143,S_U0082,S0010,2026-02-23 23:01:59.244397,204
S_STR08144,S_U0017,S0026,2026-02-14 21:03:34.532216,79
S_STR08145,S_U0045,S0050,2026-02-04 10:35:04.047472,89
S_STR08146,S_U0046,S0032,2026-02-06 16:58:28.699782,272
S_STR08147,S_U0041,S0047,2026-02-02 09:18:40.796470,206
S_STR08148,S_U0023,S0010,2026-02-28 01:37:46.941948,256
S_STR08149,S_U0044,S0041,2026-03-02 00:42:32.127242,8
S_STR08150,S_U0014,S0046,2026-02-22 19:17:40.800681,165
S_STR08151,S_U0083,S0021,2026-02-18 03:40:48.269176,133
S_STR08152,S_U0006,S0025,2026-02-27 16:24:26.337139,73
S_STR08153,S_U0058,S0047,2026-02-18 00:16:32.329183,240
S_STR08154,S_U0037,S0019,2026-02-08 12:18:09.969138,78
S_STR08155,S_U0014,S0037,2026-02-17 08:36:00.237674,18
S_STR08156,S_U0032,S0038,2026-02-07 22:42:03.396976,167
S_STR08157,S_U0025,S0029,2026-02-15 20:24:38.368971,334
S_STR08158,S_U0048,S0039,2026-02-13 19:29:17.483569,207
S_STR08159,S_U0030,S0036,2026-02-17 05:38:04.780900,231
S_STR08160,S_U0030,S0039,2026-02-26 12:42:41.867963,115
S_STR08161,S_U0081,S0039,2026-02-13 14:28:32.773638,21
S_STR08162,S_U0032,S0026,2026-02-01 08:43:08.828645,246
S_STR08163,S_U0077,S0048,2026-02-18 04:16:23.147434,148
S_STR08164,S_U0042,S0013,2026-03-02 05:41:51.713236,75
S_STR08165,S_U0078,S0040,2026-02-24 12:40:37.769503,135
S_STR08166,S_U0079,S0046,2026-02-28 10:01:32.069007,34
S_STR08167,S_U0054,S0039,2026-02-16 17:37:45.082117,67
S_STR08168,S_U0068,S0019,2026-02-20 21:54:14.001379,26
S_STR08169,S_U0025,S0046,2026-02-15 20:42:06.849362,18
S_STR08170,S_U0084,S0047,2026-02-13 22:21:27.527504,25
S_STR08171,S_U0043,S0041,2026-02-13 07:04:48.787870,144
S_STR08172,S_U0096,S0028,2026-03-01 04:28:24.299648,257
S_STR08173,S_U0028,S0049,2026-02-03 01:31:41.408034,30
S_STR08174,S_U0083,S0024,2026-02-12 02:05:13.104963,247
S_STR08175,S_U0024,S0031,2026-02-05 11:12:05.669683,24
S_STR08176,S_U0006,S0030,2026-02-01 21:21:02.543227,112
S_STR08177,S_U0024,S0027,2026-02-25 01:00:08.425813,15
S_STR08178,S_U0010,S0023,2026-02-13 23:48:58.988035,72
S_STR08179,S_U0020,S0024,2026-02-05 07:13:13.814008,194
S_STR08180,S_U0010,S0026,2026-02-21 03:48:59.392403,268
S_STR08181,S_U0091,S0044,2026-02-11 18:50:46.653191,72
S_STR08182,S_U0046,S0008,2026-02-07 23:24:24.201971,35
S_STR08183,S_U0097,S0046,2026-02-14 20:13:33.682871,94
S_STR08184,S_U0032,S0050,2026-02-17 01:45:51.182698,108
S_STR08185,S_U0040,S0014,2026-02-01 13:57:03.142102,50
S_STR08186,S_U0041,S0033,2026-02-19 20:55:36.410445,164
S_STR08187,S_U0064,S0032,2026-02-12 06:58:32.824095,221
S_STR08188,S_U0041,S0042,2026-02-14 09:06:36.042308,200
S_STR08189,S_U0008,S0048,2026-02-03 12:48:49.617140,35
S_STR08190,S_U0078,S0038,2026-02-28 08:45:23.307189,185
S_STR08191,S_U0019,S0014,2026-02-25 00:39:51.271060,92
S_STR08192,S_U0027,S0044,2026-02-14 19:21:31.770621,335
S_STR08193,S_U0081,S0025,2026-02-21 00:27:47.920287,64
S_STR08194,S_U0025,S0044,2026-03-02 01:50:33.635263,21
S_STR08195,S_U0074,S0041,2026-02-14 14:13:47.754327,206
S_STR08196,S_U0085,S0024,2026-02-12 17:40:36.164429,113
S_STR08197,S_U0054,S0023,2026-02-24 23:22:03.607806,90
S_STR08198,S_U0066,S0033,2026-02-11 07:26:33.290965,114
S_STR08199,S_U0058,S0023,2026-03-01 21:41:49.124528,96
S_STR08200,S_U0016,S0029,2026-02-22 08:28:21.415642,271
S_STR08201,S_U0022,S0026,2026-02-24 14:29:27.164403,251
S_STR08202,S_U0022,S0043,2026-02-14 19:37:04.519280,41
S_STR08203,S_U0098,S0020,2026-02-15 22:43:56.329789,129
S_STR08204,S_U0026,S0007,2026-02-03 18:21:45.573174,169
S_STR08205,S_U0048,S0050,2026-02-27 10:02:36.262171,255
S_STR08206,S_U0094,S0033,2026-02-09 03:11:08.777113,121
S_STR08207,S_U0026,S0022,2026-02-10 21:32:43.733844,49
S_STR08208,S_U0007,S0049,2026-02-18 16:58:42.384795,17
S_STR08209,S_U0062,S0026,2026-02-01 23:54:21.368587,246
S_STR08210,S_U0001,S0045,2026-02-26 08:46:48.924276,174
S_STR08211,S_U0073,S0017,2026-02-24 16:27:38.678080,30
S_STR08212,S_U0005,S0012,2026-02-08 20:06:14.383596,137
S_STR08213,S_U0077,S0018,2026-02-04 17:24:30.128078,209
S_STR08214,S_U0056,S0029,2026-02-16 18:38:48.986006,342
S_STR08215,S_U0074,S0024,2026-02-22 13:57:17.186979,17
S_STR08216,S_U0100,S0050,2026-02-09 18:55:33.553303,266
S_STR08217,S_U0028,S0043,2026-02-28 19:48:13.310335,25
S_STR08218,S_U0086,S0030,2026-02-22 16:02:32.072658,107
S_STR08219,S_U0098,S0017,2026-02-18 13:35:06.692891,51
S_STR08220,S_U0066,S0041,2026-02-20 01:58:24.233896,42
S_STR08221,S_U0045,S0044,2026-02-13 11:24:09.666784,299
S_STR08222,S_U0030,S0030,2026-02-12 09:14:13.954039,74
S_STR08223,S_U0088,S0046,2026-02-06 13:35:39.178832,72
S_STR08224,S_U0032,S0029,2026-02-07 06:17:46.778623,36
S_STR08225,S_U0090,S0044,2026-03-01 07:42:45.838696,52
S_STR08226,S_U0025,S0040,2026-02-17 01:27:54.669892,115
S_STR08227,S_U0059,S0034,2026-02-19 06:45:21.370064,70
S_STR08228,S_U0088,S0030,2026-02-11 11:53:52.312927,124
S_STR08229,S_U0033,S0026,2026-02-17 06:18:57.713421,137
S_STR08230,S_U0035,S0049,2026-02-04 13:49:04.858414,86
S_STR08231,S_U0078,S0031,2026-02-05 19:05:39.702892,139
S_STR08232,S_U0073,S0050,2026-03-02 06:57:16.597811,286
S_STR08233,S_U0068,S0031,2026-02-21 02:49:37.422847,127
S_STR08234,S_U0004,S0040,2026-02-15 19:05:43.969714,43
S_STR08235,S_U0043,S0049,2026-02-12 00:09:57.625817,15
S_STR08236,S_U0011,S0024,2026-02-21 19:29:31.174471,333
S_STR08237,S_U0078,S0034,2026-02-20 09:42:16.372622,8
S_STR08238,S_U0062,S0030,2026-02-10 08:36:26.629215,147
S_STR08239,S_U0094,S0025,2026-02-24 11:04:34.573347,20
S_STR08240,S_U0044,S0032,2026-02-24 16:58:14.117069,38
S_STR08241,S_U0095,S0044,2026-03-01 03:17:54.130435,13
S_STR08242,S_U0097,S0027,2026-02-27 08:14:22.725952,26
S_STR08243,S_U0037,S0028,2026-02-20 19:48:45.019236,196
S_STR08244,S_U0089,S0050,2026-03-01 06:15:21.326220,289
S_STR08245,S_U0044,S0044,2026-02-04 01:27:40.504216,123
S_STR08246,S_U0015,S0040,2026-02-18 20:13:33.559570,33
S_STR08247,S_U0025,S0030,2026-02-03 13:44:44.530480,7
S_STR08248,S_U0075,S0040,2026-02-14 18:11:14.641096,60
S_STR08249,S_U0012,S0030,2026-02-10 02:11:40.293509,101
S_STR08250,S_U0038,S0044,2026-02-11 00:06:36.487558,43
S_STR08251,S_U0034,S0050,2026-02-23 14:52:20.794848,276
S_STR08252,S_U0068,S0029,2026-02-21 20:47:47.910212,310
S_STR08253,S_U0077,S0034,2026-02-21 16:11:09.806365,194
S_STR08254,S_U0014,S0018,2026-02-28 18:19:28.336257,132
S_STR08255,S_U0053,S0046,2026-02-26 20:26:58.436903,113
S_STR08256,S_U0010,S0046,2026-03-01 23:26:17.713152,91
S_STR08257,S_U0005,S0022,2026-02-03 01:01:08.358252,72
S_STR08258,S_U0026,S0034,2026-02-23 16:26:03.700754,85
S_STR08259,S_U0015,S0048,2026-02-23 01:32:23.706424,227
S_STR08260,S_U0060,S0049,2026-02-03 11:46:32.495718,31
S_STR08261,S_U0050,S0045,2026-02-10 00:56:03.799764,150
S_STR08262,S_U0032,S0048,2026-02-28 10:11:58.426097,156
S_STR08263,S_U0053,S0035,2026-02-23 23:28:49.786060,18
S_STR08264,S_U0079,S0023,2026-02-23 08:27:47.284971,31
S_STR08265,S_U0040,S0039,2026-03-01 02:00:03.280486,44
S_STR08266,S_U0057,S0035,2026-02-08 21:33:26.785117,242
S_STR08267,S_U0058,S0049,2026-02-19 09:51:44.256368,92
S_STR08268,S_U0024,S0011,2026-02-07 02:58:37.806725,223
S_STR08269,S_U0022,S0005,2026-02-12 04:54:01.319670,170
S_STR08270,S_U0087,S0021,2026-02-19 18:07:23.522332,268
S_STR08271,S_U0074,S0043,2026-02-03 10:13:53.141072,111
S_STR08272,S_U0001,S0041,2026-02-03 13:25:46.553489,68
S_STR08273,S_U0026,S0050,2026-02-21 16:59:24.859286,169
S_STR08274,S_U0089,S0026,2026-02-08 22:12:41.558372,114
S_STR08275,S_U0084,S0017,2026-02-23 15:41:30.193773,13
S_STR08276,S_U0031,S0048,2026-02-07 02:40:52.255115,38
S_STR08277,S_U0069,S0034,2026-02-22 11:16:02.339386,10
S_STR08278,S_U0017,S0030,2026-02-21 05:22:36.046331,66
S_STR08279,S_U0019,S0024,2026-02-07 19:43:31.641953,25
S_STR08280,S_U0097,S0045,2026-02-07 22:17:29.578433,103
S_STR08281,S_U0074,S0026,2026-02-19 11:53:08.521913,174
S_STR08282,S_U0091,S0049,2026-02-06 16:28:13.600252,49
S_STR08283,S_U0008,S0035,2026-02-23 20:54:23.239031,310
S_STR08284,S_U0085,S0032,2026-02-17 00:40:21.943003,136
S_STR08285,S_U0045,S0043,2026-02-12 00:03:34.398352,22
S_STR08286,S_U0023,S0039,2026-02-05 07:14:18.630891,113
S_STR08287,S_U0093,S0041,2026-02-12 17:07:01.453263,145
S_STR08288,S_U0029,S0016,2026-02-15 00:29:24.058421,254
S_STR08289,S_U0067,S0030,2026-02-04 22:48:58.201016,57
S_STR08290,S_U0001,S0034,2026-02-14 17:23:17.918379,102
S_STR08291,S_U0055,S0026,2026-02-20 12:08:32.519723,164
S_STR08292,S_U0074,S0040,2026-01-31 20:52:53.885844,65
S_STR08293,S_U0005,S0045,2026-02-08 05:16:25.595382,135
S_STR08294,S_U0042,S0020,2026-02-01 16:28:24.810972,84
S_STR08295,S_U0073,S0030,2026-02-05 13:52:15.172008,63
S_STR08296,S_U0063,S0041,2026-02-05 08:19:53.796559,139
S_STR08297,S_U0003,S0022,2026-02-28 18:45:33.882704,39
S_STR08298,S_U0047,S0035,2026-02-03 11:07:12.837516,280
S_STR08299,S_U0047,S0042,2026-02-11 16:05:30.508833,236
S_STR08300,S_U0014,S0021,2026-03-01 07:56:15.978547,143
S_STR08301,S_U0015,S0035,2026-02-03 08:29:57.858382,315
S_STR08302,S_U0021,S0022,2026-02-05 01:07:04.932590,204
S_STR08303,S_U0028,S0048,2026-02-28 17:25:53.628756,247
S_STR08304,S_U0068,S0005,2026-02-02 01:06:04.892583,109
S_STR08305,S_U0004,S0021,2026-03-01 05:22:48.979029,135
S_STR08306,S_U0042,S0006,2026-02-24 10:45:12.416500,184
S_STR08307,S_U0095,S0030,2026-03-01 05:18:24.856708,106
S_STR08308,S_U0059,S0035,2026-02-17 00:36:43.682865,224
S_STR08309,S_U0014,S0033,2026-02-10 05:21:40.614349,11
S_STR08310,S_U0005,S0045,2026-02-12 03:57:06.030417,117
S_STR08311,S_U0099,S0035,2026-02-24 13:56:02.663782,177
S_STR08312,S_U0050,S0023,2026-02-08 13:40:09.836550,39
S_STR08313,S_U0004,S0028,2026-02-09 02:47:47.327362,235
S_STR08314,S_U0010,S0019,2026-02-10 16:10:48.734761,335
S_STR08315,S_U0017,S0031,2026-02-09 20:00:58.233946,131
S_STR08316,S_U0063,S0036,2026-02-27 11:11:12.799097,311
S_STR08317,S_U0043,S0021,2026-02-13 11:55:13.152034,157
S_STR08318,S_U0092,S0048,2026-02-07 07:48:41.032015,96
S_STR08319,S_U0055,S0033,2026-02-14 03:28:53.142156,81
S_STR08320,S_U0057,S0034,2026-03-01 16:00:31.360635,121
S_STR08321,S_U0049,S0032,2026-02-10 23:27:54.971737,284
S_STR08322,S_U0083,S0006,2026-02-03 01:24:37.676707,206
S_STR08323,S_U0004,S0017,2026-02-08 03:10:08.404310,66
S_STR08324,S_U0035,S0030,2026-02-16 02:43:30.481691,69
S_STR08325,S_U0039,S0027,2026-02-02 15:25:05.848735,185
S_STR08326,S_U0091,S0022,2026-02-17 16:11:41.872682,177
S_STR08327,S_U0064,S0048,2026-02-06 04:54:17.118853,112
S_STR08328,S_U0071,S0040,2026-02-22 10:50:28.189001,25
S_STR08329,S_U0058,S0014,2026-03-02 07:02:19.126590,256
S_STR08330,S_U0055,S0036,2026-02-08 20:35:46.544783,324
S_STR08331,S_U0063,S0046,2026-02-09 01:56:21.006529,160
S_STR08332,S_U0088,S0033,2026-02-03 17:02:55.056094,125
S_STR08333,S_U0040,S0050,2026-02-12 02:59:06.144157,193
S_STR08334,S_U0079,S0042,2026-02-22 02:51:12.717045,239
S_STR08335,S_U0024,S0050,2026-02-16 06:57:01.154160,213
S_STR08336,S_U0077,S0040,2026-02-20 03:52:54.161015,91
S_STR08337,S_U0064,S0044,2026-02-02 19:38:43.485600,107
S_STR08338,S_U0100,S0045,2026-02-19 16:19:38.020500,165
S_STR08339,S_U0067,S0048,2026-02-15 02:36:15.304371,195
S_STR08340,S_U0092,S0023,2026-01-31 13:07:28.867515,90
S_STR08341,S_U0024,S0023,2026-02-02 05:15:22.954466,72
S_STR08342,S_U0076,S0050,2026-02-03 21:21:22.940537,249
S_STR08343,S_U0013,S0024,2026-01-31 16:48:53.693204,94
S_STR08344,S_U0099,S0041,2026-02-12 00:18:20.679961,253
S_STR08345,S_U0100,S0043,2026-02-06 04:57:38.774221,44
S_STR08346,S_U0042,S0043,2026-02-02 04:01:08.583485,63
S_STR08347,S_U0047,S0028,2026-02-17 08:49:25.152328,215
S_STR08348,S_U0041,S0006,2026-02-26 00:14:06.682822,24
S_STR08349,S_U0012,S0034,2026-02-03 10:41:53.749865,80
S_STR08350,S_U0050,S0029,2026-02-15 05:06:55.900630,216
S_STR08351,S_U0072,S0029,2026-02-03 03:10:56.950674,215
S_STR08352,S_U0014,S0030,2026-02-21 15:42:15.160511,100
S_STR08353,S_U0009,S0047,2026-02-20 10:24:50.537444,140
S_STR08354,S_U0031,S0027,2026-01-31 12:31:00.560449,50
S_STR08355,S_U0097,S0021,2026-02-18 10:12:35.105200,136
S_STR08356,S_U0092,S0049,2026-02-03 16:43:04.457349,64
S_STR08357,S_U0043,S0034,2026-02-18 13:41:41.813813,23
S_STR08358,S_U0058,S0033,2026-03-01 15:32:34.176488,28
S_STR08359,S_U0074,S0033,2026-02-27 14:49:30.216624,27
S_STR08360,S_U0051,S0033,2026-02-23 22:04:46.714113,54
S_STR08361,S_U0035,S0045,2026-02-25 19:14:14.233884,106
S_STR08362,S_U0022,S0021,2026-02-26 20:24:25.292392,81
S_STR08363,S_U0088,S0026,2026-02-28 05:05:13.717370,20
S_STR08364,S_U0089,S0040,2026-02-12 10:44:56.179169,99
S_STR08365,S_U0060,S0006,2026-02-07 15:35:20.001641,81
S_STR08366,S_U0033,S0047,2026-02-10 09:47:39.705837,150
S_STR08367,S_U0078,S0050,2026-02-11 21:56:45.930507,84
S_STR08368,S_U0035,S0039,2026-02-10 06:39:00.930373,170
S_STR08369,S_U0041,S0008,2026-02-08 13:03:37.892255,149
S_STR08370,S_U0087,S0040,2026-02-09 13:02:26.739130,85
S_STR08371,S_U0020,S0042,2026-02-08 11:33:31.164456,41
S_STR08372,S_U0071,S0033,2026-02-12 06:01:03.866393,143
S_STR08373,S_U0035,S0035,2026-02-10 15:55:21.363564,256
S_STR08374,S_U0048,S0047,2026-02-08 00:52:44.585573,149
S_STR08375,S_U0044,S0027,2026-02-14 05:06:16.220287,62
S_STR08376,S_U0093,S0029,2026-02-14 07:10:25.396137,338
S_STR08377,S_U0023,S0016,2026-02-12 12:08:33.046839,192
S_STR08378,S_U0023,S0024,2026-02-22 20:31:51.319568,188
S_STR08379,S_U0042,S0047,2026-01-31 19:36:13.661515,102
S_STR08380,S_U0035,S0013,2026-02-22 00:38:23.700809,147
S_STR08381,S_U0035,S0040,2026-02-08 02:17:46.834447,106
S_STR08382,S_U0062,S0035,2026-03-02 07:01:48.854005,8
S_STR08383,S_U0061,S0042,2026-02-04 19:11:44.523043,267
S_STR08384,S_U0070,S0015,2026-02-08 03:05:30.043976,80
S_STR08385,S_U0090,S0032,2026-02-04 15:24:13.472220,133
S_STR08386,S_U0070,S0033,2026-02-15 05:20:05.795219,21
S_STR08387,S_U0078,S0023,2026-02-16 10:01:42.375716,41
S_STR08388,S_U0095,S0032,2026-02-21 18:57:37.788397,166
S_STR08389,S_U0043,S0042,2026-03-01 06:16:44.274329,221
S_STR08390,S_U0037,S0049,2026-02-14 10:39:07.730279,67
S_STR08391,S_U0081,S0025,2026-02-14 12:29:22.642644,57
S_STR08392,S_U0080,S0037,2026-02-06 00:34:06.677784,109
S_STR08393,S_U0031,S0031,2026-02-28 17:05:45.032987,45
S_STR08394,S_U0098,S0009,2026-02-15 13:24:03.515998,176
S_STR08395,S_U0069,S0031,2026-02-01 08:03:32.231452,124
S_STR08396,S_U0085,S0041,2026-02-16 17:54:40.971881,209
S_STR08397,S_U0066,S0050,2026-02-02 12:19:22.165653,94
S_STR08398,S_U0071,S0042,2026-02-06 05:14:15.078845,199
S_STR08399,S_U0007,S0030,2026-02-13 17:31:15.841287,84
S_STR08400,S_U0065,S0026,2026-02-19 09:21:20.753711,134
S_STR08401,S_U0077,S0031,2026-02-18 17:05:12.337543,125
S_STR08402,S_U0012,S0034,2026-02-28 17:23:26.839016,154
S_STR08403,S_U0090,S0041,2026-02-09 05:05:55.062501,224
S_STR08404,S_U0009,S0019,2026-03-01 14:34:11.475095,195
S_STR08405,S_U0091,S0047,2026-02-01 14:01:20.659390,78
S_STR08406,S_U0018,S0027,2026-02-15 20:28:20.290337,209
S_STR08407,S_U0064,S0027,2026-02-06 12:49:03.046072,127
S_STR08408,S_U0080,S0032,2026-02-09 17:41:35.796083,202
S_STR08409,S_U0023,S0015,2026-02-25 10:44:45.031551,36
S_STR08410,S_U0047,S0024,2026-02-06 02:38:07.753832,339
S_STR08411,S_U0065,S0011,2026-02-24 02:49:44.241287,93
S_STR08412,S_U0079,S0037,2026-02-23 00:32:16.553359,32
S_STR08413,S_U0021,S0018,2026-02-01 15:18:17.308915,15
S_STR08414,S_U0083,S0041,2026-02-08 15:17:51.363190,137
S_STR08415,S_U0043,S0021,2026-02-18 09:03:05.259028,54
S_STR08416,S_U0043,S0050,2026-02-11 12:52:32.098092,106
S_STR08417,S_U0083,S0045,2026-02-15 08:45:17.429146,93
S_STR08418,S_U0065,S0035,2026-02-05 20:07:33.421098,318
S_STR08419,S_U0100,S0045,2026-02-01 19:25:12.713807,128
S_STR08420,S_U0060,S0041,2026-03-01 08:04:04.507986,223
S_STR08421,S_U0032,S0007,2026-02-11 03:32:25.433132,23
S_STR08422,S_U0021,S0028,2026-02-22 19:15:01.892177,270
S_STR08423,S_U0086,S0038,2026-01-31 18:32:36.084682,55
S_STR08424,S_U0005,S0041,2026-02-15 12:34:15.084180,152
S_STR08425,S_U0034,S0043,2026-03-01 21:10:01.886717,24
S_STR08426,S_U0037,S0012,2026-02-06 02:42:28.287025,149
S_STR08427,S_U0091,S0029,2026-02-04 05:37:47.176509,290
S_STR08428,S_U0078,S0030,2026-02-16 11:07:42.831141,69
S_STR08429,S_U0051,S0018,2026-02-16 20:30:43.930831,48
S_STR08430,S_U0075,S0039,2026-02-22 10:11:50.516945,193
S_STR08431,S_U0032,S0027,2026-02-12 11:27:40.576104,32
S_STR08432,S_U0047,S0040,2026-02-08 08:29:11.321828,97
S_STR08433,S_U0002,S0043,2026-02-10 10:46:17.391316,72
S_STR08434,S_U0025,S0015,2026-02-15 06:20:53.532027,182
S_STR08435,S_U0058,S0018,2026-02-13 04:04:27.877554,39
S_STR08436,S_U0080,S0011,2026-02-05 16:02:43.764682,282
S_STR08437,S_U0003,S0048,2026-02-19 04:46:00.486285,152
S_STR08438,S_U0015,S0040,2026-02-06 12:33:21.067922,94
S_STR08439,S_U0022,S0027,2026-02-16 11:57:03.499653,169
S_STR08440,S_U0054,S0024,2026-02-03 20:50:22.370230,113
S_STR08441,S_U0031,S0050,2026-01-31 12:28:34.802831,178
S_STR08442,S_U0028,S0020,2026-02-28 05:45:24.403036,108
S_STR08443,S_U0057,S0043,2026-02-27 14:49:39.769200,99
S_STR08444,S_U0097,S0028,2026-02-15 04:20:28.930446,228
S_STR08445,S_U0001,S0049,2026-02-20 15:02:17.399345,7
S_STR08446,S_U0049,S0007,2026-02-18 18:08:02.719133,248
S_STR08447,S_U0011,S0048,2026-02-18 22:37:58.917933,211
S_STR08448,S_U0097,S0050,2026-02-18 15:04:05.174999,108
S_STR08449,S_U0008,S0034,2026-02-23 13:55:16.761245,154
S_STR08450,S_U0062,S0043,2026-02-13 20:03:04.765192,108
S_STR08451,S_U0063,S0029,2026-02-24 01:43:17.283163,181
S_STR08452,S_U0067,S0024,2026-01-31 21:48:30.642416,309
S_STR08453,S_U0039,S0009,2026-02-13 16:31:23.579515,89
S_STR08454,S_U0033,S0034,2026-02-15 08:03:37.851578,141
S_STR08455,S_U0087,S0039,2026-02-22 00:19:08.448142,189
S_STR08456,S_U0015,S0046,2026-02-18 09:42:41.851654,14
S_STR08457,S_U0060,S0041,2026-02-17 15:31:06.925809,98
S_STR08458,S_U0027,S0043,2026-02-03 01:24:21.514272,146
S_STR08459,S_U0006,S0049,2026-02-18 04:36:38.934332,110
S_STR08460,S_U0033,S0027,2026-02-24 05:31:20.840205,160
S_STR08461,S_U0076,S0034,2026-02-27 01:31:50.232828,150
S_STR08462,S_U0033,S0050,2026-02-06 23:01:58.080863,290
S_STR08463,S_U0096,S0014,2026-02-08 07:32:34.261848,66
S_STR08464,S_U0032,S0042,2026-02-10 12:03:03.751924,57
S_STR08465,S_U0094,S0045,2026-02-07 23:54:30.211923,107
S_STR08466,S_U0009,S0024,2026-02-27 15:51:58.307032,312
S_STR08467,S_U0059,S0043,2026-02-04 02:55:37.307195,20
S_STR08468,S_U0037,S0046,2026-02-24 04:27:32.455920,154
S_STR08469,S_U0060,S0029,2026-02-17 16:19:08.991699,250
S_STR08470,S_U0089,S0029,2026-03-01 12:23:57.839326,16
S_STR08471,S_U0093,S0020,2026-02-23 16:00:12.436180,58
S_STR08472,S_U0031,S0043,2026-02-08 04:36:54.498282,16
S_STR08473,S_U0089,S0020,2026-02-06 18:03:21.209560,117
S_STR08474,S_U0061,S0043,2026-02-24 22:39:48.712073,21
S_STR08475,S_U0083,S0048,2026-02-03 05:48:31.966753,261
S_STR08476,S_U0028,S0050,2026-02-02 17:46:21.910952,325
S_STR08477,S_U0073,S0025,2026-02-03 06:05:33.932897,135
S_STR08478,S_U0011,S0048,2026-02-02 18:52:54.103894,127
S_STR08479,S_U0039,S0033,2026-02-11 04:31:38.831047,63
S_STR08480,S_U0063,S0050,2026-02-11 18:08:27.560539,289
S_STR08481,S_U0066,S0043,2026-02-05 03:41:14.602463,36
S_STR08482,S_U0061,S0019,2026-02-15 17:53:31.643812,111
S_STR08483,S_U0029,S0035,2026-02-01 15:12:16.509434,156
S_STR08484,S_U0089,S0009,2026-02-13 15:15:53.889488,131
S_STR08485,S_U0001,S0041,2026-02-21 22:12:06.665976,140
S_STR08486,S_U0070,S0047,2026-02-03 01:32:37.086024,146
S_STR08487,S_U0001,S0034,2026-02-10 09:40:12.884078,216
S_STR08488,S_U0054,S0043,2026-02-28 11:52:32.040955,155
S_STR08489,S_U0088,S0032,2026-02-11 22:42:14.625728,140
S_STR08490,S_U0026,S0033,2026-02-25 04:02:13.445637,93
S_STR08491,S_U0085,S0037,2026-02-16 20:17:40.800393,35
S_STR08492,S_U0100,S0033,2026-02-05 19:12:27.835464,42
S_STR08493,S_U0043,S0027,2026-02-02 01:26:15.443686,197
S_STR08494,S_U0031,S0043,2026-02-20 12:41:28.819069,113
S_STR08495,S_U0034,S0041,2026-02-15 23:16:34.152501,137
S_STR08496,S_U0034,S0033,2026-02-09 09:19:50.267868,46
S_STR08497,S_U0011,S0050,2026-02-01 04:24:53.465719,268
S_STR08498,S_U0033,S0039,2026-02-17 09:34:24.767915,6
S_STR08499,S_U0008,S0043,2026-02-05 17:06:23.468970,17
S_STR08500,S_U0063,S0035,2026-02-08 21:38:00.127415,133
S_STR08501,S_U0057,S0039,2026-02-18 02:42:36.463916,116
S_STR08502,S_U0089,S0030,2026-02-21 21:11:40.336406,114
S_STR08503,S_U0002,S0007,2026-02-16 10:35:40.733603,264
S_STR08504,S_U0044,S0041,2026-02-18 05:59:00.374108,96
S_STR08505,S_U0047,S0046,2026-02-21 07:14:26.528771,166
S_STR08506,S_U0029,S0046,2026-02-12 13:33:18.123684,85
S_STR08507,S_U0021,S0043,2026-02-26 11:33:15.826385,37
S_STR08508,S_U0016,S0043,2026-02-04 18:10:07.167217,66
S_STR08509,S_U0064,S0050,2026-02-08 10:21:53.797297,207
S_STR08510,S_U0042,S0006,2026-02-20 17:51:55.333426,128
S_STR08511,S_U0054,S0031,2026-02-06 01:51:35.968713,96
S_STR08512,S_U0052,S0050,2026-02-25 18:38:06.220680,47
S_STR08513,S_U0028,S0032,2026-02-20 19:54:21.934335,40
S_STR08514,S_U0072,S0023,2026-02-04 03:39:57.907901,209
S_STR08515,S_U0023,S0048,2026-03-01 03:48:39.911315,187
S_STR08516,S_U0043,S0012,2026-02-17 22:30:13.427379,244
S_STR08517,S_U0025,S0039,2026-02-28 21:29:37.696516,188
S_STR08518,S_U0023,S0048,2026-02-16 00:02:24.338725,13
S_STR08519,S_U0077,S0039,2026-02-27 08:30:22.640680,15
S_STR08520,S_U0002,S0046,2026-02-16 04:09:07.993479,57
S_STR08521,S_U0027,S0029,2026-02-20 06:05:57.531018,251
S_STR08522,S_U0094,S0037,2026-02-10 13:32:17.836723,98
S_STR08523,S_U0061,S0027,2026-02-04 21:07:12.223899,190
S_STR08524,S_U0054,S0032,2026-03-01 15:12:22.055344,236
S_STR08525,S_U0024,S0037,2026-02-22 03:15:52.874540,19
S_STR08526,S_U0022,S0046,2026-02-26 16:41:48.936393,127
S_STR08527,S_U0044,S0029,2026-02-20 18:46:11.772446,41
S_STR08528,S_U0008,S0030,2026-02-27 05:35:04.435041,34
S_STR08529,S_U0062,S0005,2026-02-08 16:05:11.575567,20
S_STR08530,S_U0032,S0012,2026-02-27 20:18:22.336597,209
S_STR08531,S_U0087,S0029,2026-02-14 00:43:05.737486,55
S_STR08532,S_U0047,S0005,2026-02-24 00:22:12.180719,82
S_STR08533,S_U0042,S0016,2026-02-01 22:05:13.067341,273
S_STR08534,S_U0030,S0013,2026-02-17 23:53:52.879898,161
S_STR08535,S_U0079,S0044,2026-02-21 15:45:16.246705,334
S_STR08536,S_U0021,S0037,2026-02-23 19:36:23.447285,39
S_STR08537,S_U0014,S0043,2026-02-13 21:33:45.185643,52
S_STR08538,S_U0089,S0033,2026-03-01 13:31:12.456426,8
S_STR08539,S_U0060,S0032,2026-02-08 08:36:52.898605,183
S_STR08540,S_U0056,S0047,2026-02-07 11:41:01.918829,159
S_STR08541,S_U0062,S0034,2026-02-03 14:30:37.034268,19
S_STR08542,S_U0028,S0018,2026-02-15 13:08:59.108283,240
S_STR08543,S_U0090,S0032,2026-02-27 01:04:50.625760,239
S_STR08544,S_U0100,S0044,2026-02-02 08:26:07.787667,232
S_STR08545,S_U0079,S0047,2026-02-14 16:57:24.589359,169
S_STR08546,S_U0099,S0049,2026-02-06 04:02:19.666027,61
S_STR08547,S_U0095,S0021,2026-02-18 07:03:45.431430,186
S_STR08548,S_U0075,S0047,2026-02-10 08:06:27.904060,130
S_STR08549,S_U0095,S0047,2026-02-16 10:28:17.236601,22
S_STR08550,S_U0061,S0025,2026-02-14 14:35:11.451227,47
S_STR08551,S_U0038,S0011,2026-02-24 16:08:47.130750,16
S_STR08552,S_U0081,S0050,2026-02-22 21:11:43.669276,79
S_STR08553,S_U0027,S0016,2026-02-05 21:33:59.921869,173
S_STR08554,S_U0063,S0046,2026-02-26 23:51:45.895056,83
S_STR08555,S_U0051,S0008,2026-02-19 11:32:38.095964,20
S_STR08556,S_U0049,S0047,2026-02-21 00:21:18.325849,25
S_STR08557,S_U0076,S0026,2026-02-20 05:23:39.116474,272
S_STR08558,S_U0052,S0026,2026-02-19 22:17:46.627081,93
S_STR08559,S_U0040,S0033,2026-02-01 11:47:49.322643,11
S_STR08560,S_U0030,S0022,2026-01-31 11:30:05.324597,173
S_STR08561,S_U0050,S0042,2026-02-17 20:00:17.590047,151
S_STR08562,S_U0062,S0022,2026-02-03 12:55:48.266569,197
S_STR08563,S_U0076,S0038,2026-02-21 17:31:44.350282,175
S_STR08564,S_U0013,S0033,2026-02-28 00:25:32.507914,20
S_STR08565,S_U0086,S0021,2026-02-13 15:35:45.035113,224
S_STR08566,S_U0099,S0022,2026-02-08 01:14:37.853196,210
S_STR08567,S_U0049,S0017,2026-02-14 02:30:40.608299,82
S_STR08568,S_U0097,S0043,2026-02-20 08:42:13.209333,60
S_STR08569,S_U0043,S0030,2026-02-22 21:53:14.143106,42
S_STR08570,S_U0048,S0039,2026-02-10 02:23:32.643318,235
S_STR08571,S_U0077,S0006,2026-02-27 01:24:12.880994,197
S_STR08572,S_U0030,S0041,2026-02-07 18:03:59.128125,96
S_STR08573,S_U0049,S0048,2026-02-08 00:57:35.802094,167
S_STR08574,S_U0021,S0042,2026-02-22 13:41:18.432585,268
S_STR08575,S_U0057,S0038,2026-03-01 12:03:35.762824,81
S_STR08576,S_U0034,S0033,2026-03-01 01:28:04.666289,44
S_STR08577,S_U0047,S0026,2026-02-13 12:55:35.351891,169
S_STR08578,S_U0021,S0021,2026-02-28 01:05:30.610375,252
S_STR08579,S_U0026,S0025,2026-02-20 00:40:33.435059,26
S_STR08580,S_U0025,S0033,2026-02-20 02:16:00.781589,124
S_STR08581,S_U0046,S0006,2026-02-25 15:35:38.115210,13
S_STR08582,S_U0004,S0036,2026-02-17 06:47:54.355711,208
S_STR08583,S_U0086,S0035,2026-02-19 08:42:31.592758,87
S_STR08584,S_U0096,S0034,2026-02-25 00:28:50.718178,125
S_STR08585,S_U0011,S0032,2026-02-21 09:37:59.485134,207
S_STR08586,S_U0090,S0044,2026-02-16 10:23:24.481050,54
S_STR08587,S_U0014,S0046,2026-02-12 23:28:11.910239,102
S_STR08588,S_U0002,S0030,2026-02-06 09:49:00.426486,9
S_STR08589,S_U0052,S0034,2026-02-11 16:24:48.677776,108
S_STR08590,S_U0097,S0039,2026-02-06 06:06:28.828167,154
S_STR08591,S_U0056,S0039,2026-02-12 02:32:36.605222,208
S_STR08592,S_U0069,S0038,2026-02-24 21:37:08.973930,114
S_STR08593,S_U0018,S0045,2026-02-02 07:35:43.143318,157
S_STR08594,S_U0045,S0023,2026-02-24 05:53:17.586899,208
S_STR08595,S_U0006,S0021,2026-02-18 04:04:16.534649,62
S_STR08596,S_U0017,S0038,2026-02-01 17:03:37.030581,118
S_STR08597,S_U0095,S0029,2026-02-04 17:50:01.088146,28
S_STR08598,S_U0081,S0039,2026-02-13 07:35:20.158570,153
S_STR08599,S_U0040,S0018,2026-02-11 03:12:41.902448,196
S_STR08600,S_U0015,S0025,2026-02-17 10:35:11.967091,149
S_STR08601,S_U0094,S0044,2026-02-13 01:20:33.406101,163
S_STR08602,S_U0079,S0038,2026-02-08 23:27:58.991737,97
S_STR08603,S_U0016,S0031,2026-02-10 16:23:46.194440,60
S_STR08604,S_U0024,S0039,2026-02-10 23:26:02.057637,71
S_STR08605,S_U0092,S0039,2026-02-13 18:41:10.473407,73
S_STR08606,S_U0085,S0016,2026-02-25 13:34:45.889141,113
S_STR08607,S_U0089,S0043,2026-02-05 17:27:51.750059,119
S_STR08608,S_U0006,S0044,2026-02-18 05:47:24.913747,149
S_STR08609,S_U0040,S0047,2026-02-11 14:35:15.140507,293
S_STR08610,S_U0016,S0029,2026-02-17 06:26:13.168451,39
S_STR08611,S_U0075,S0020,2026-02-03 00:16:42.424332,33
S_STR08612,S_U0066,S0032,2026-02-21 08:32:30.822984,289
S_STR08613,S_U0096,S0005,2026-02-05 21:58:14.242208,97
S_STR08614,S_U0075,S0034,2026-02-11 17:53:34.224644,121
S_STR08615,S_U0083,S0044,2026-02-15 02:14:07.647306,7
S_STR08616,S_U0038,S0019,2026-02-28 20:03:20.418722,28
S_STR08617,S_U0010,S0043,2026-02-21 04:43:38.495313,94
S_STR08618,S_U0067,S0041,2026-02-28 15:38:42.410055,20
S_STR08619,S_U0008,S0045,2026-02-14 14:27:31.407694,133
S_STR08620,S_U0057,S0021,2026-02-01 16:49:16.061025,229
S_STR08621,S_U0027,S0040,2026-02-15 17:10:43.204313,28
S_STR08622,S_U0040,S0041,2026-03-02 00:08:22.078830,247
S_STR08623,S_U0016,S0045,2026-02-11 13:04:57.192467,141
S_STR08624,S_U0002,S0035,2026-02-08 22:27:14.570873,177
S_STR08625,S_U0018,S0041,2026-02-25 22:39:45.132744,245
S_STR08626,S_U0056,S0023,2026-02-22 17:03:33.984058,94
S_STR08627,S_U0028,S0046,2026-02-25 21:26:58.736804,32
S_STR08628,S_U0007,S0046,2026-02-05 21:48:23.430747,154
S_STR08629,S_U0045,S0047,2026-02-20 01:25:06.262217,90
S_STR08630,S_U0030,S0042,2026-02-02 15:36:27.245456,154
S_STR08631,S_U0085,S0039,2026-02-25 02:48:39.975706,62
S_STR08632,S_U0032,S0030,2026-02-04 04:47:38.747273,6
S_STR08633,S_U0099,S0016,2026-02-07 18:57:39.157039,194
S_STR08634,S_U0037,S0041,2026-02-13 23:43:02.019919,185
S_STR08635,S_U0084,S0017,2026-03-01 00:52:17.680338,30
S_STR08636,S_U0039,S0047,2026-02-18 15:23:14.804328,72
S_STR08637,S_U0085,S0046,2026-02-10 12:39:46.968507,60
S_STR08638,S_U0075,S0029,2026-02-17 04:20:36.980502,179
S_STR08639,S_U0035,S0048,2026-02-10 05:52:09.068419,196
S_STR08640,S_U0023,S0047,2026-02-15 17:21:24.069859,276
S_STR08641,S_U0091,S0043,2026-02-17 00:54:23.373405,64
S_STR08642,S_U0073,S0008,2026-02-06 18:23:30.571059,92
S_STR08643,S_U0050,S0008,2026-02-15 13:02:59.494700,275
S_STR08644,S_U0013,S0042,2026-02-21 20:18:10.620870,167
S_STR08645,S_U0095,S0046,2026-02-21 00:54:58.450797,166
S_STR08646,S_U0100,S0007,2026-02-20 22:40:39.112164,125
S_STR08647,S_U0020,S0045,2026-02-22 18:04:01.862429,84
S_STR08648,S_U0046,S0027,2026-02-05 20:34:48.156813,207
S_STR08649,S_U0047,S0022,2026-02-21 16:42:12.127255,6
S_STR08650,S_U0007,S0014,2026-02-14 05:43:48.281324,152
S_STR08651,S_U0051,S0024,2026-02-25 11:46:46.699598,206
S_STR08652,S_U0053,S0036,2026-02-14 15:04:39.491028,331
S_STR08653,S_U0030,S0039,2026-02-01 12:33:34.695842,83
S_STR08654,S_U0076,S0039,2026-02-09 07:37:04.639941,311
S_STR08655,S_U0070,S0047,2026-02-19 03:14:28.880511,69
S_STR08656,S_U0016,S0048,2026-02-13 01:59:59.344575,267
S_STR08657,S_U0041,S0039,2026-02-05 01:13:35.300468,7
S_STR08658,S_U0013,S0027,2026-02-18 13:36:20.801336,45
S_STR08659,S_U0010,S0016,2026-02-24 15:51:30.576474,62
S_STR08660,S_U0011,S0012,2026-02-01 22:03:55.679528,212
S_STR08661,S_U0067,S0035,2026-02-17 09:19:19.521043,218
S_STR08662,S_U0038,S0041,2026-02-03 16:12:41.257981,166
S_STR08663,S_U0039,S0026,2026-02-16 00:06:25.712224,124
S_STR08664,S_U0065,S0043,2026-02-19 19:25:19.856402,54
S_STR08665,S_U0046,S0032,2026-02-20 23:11:55.621641,279
S_STR08666,S_U0022,S0049,2026-02-02 00:33:48.086232,111
S_STR08667,S_U0047,S0017,2026-02-06 17:43:23.669459,83
S_STR08668,S_U0036,S0048,2026-03-01 12:01:38.126096,199
S_STR08669,S_U0065,S0005,2026-02-22 04:30:20.675699,116
S_STR08670,S_U0092,S0030,2026-02-10 00:37:55.130205,39
S_STR08671,S_U0083,S0024,2026-02-19 12:27:30.476665,251
S_STR08672,S_U0007,S0030,2026-02-20 04:32:47.776213,66
S_STR08673,S_U0043,S0050,2026-02-02 23:03:48.674618,199
S_STR08674,S_U0045,S0048,2026-02-25 07:47:28.020777,90
S_STR08675,S_U0053,S0024,2026-02-07 14:25:49.240068,270
S_STR08676,S_U0099,S0036,2026-02-28 05:28:49.709937,10
S_STR08677,S_U0053,S0021,2026-02-10 12:36:01.652301,273
S_STR08678,S_U0091,S0036,2026-02-25 03:45:43.161762,100
S_STR08679,S_U0022,S0038,2026-02-28 20:19:42.771734,118
S_STR08680,S_U0064,S0014,2026-02-20 23:24:39.087644,222
S_STR08681,S_U0097,S0040,2026-02-01 15:59:55.471669,97
S_STR08682,S_U0038,S0039,2026-02-23 23:29:08.214622,293
S_STR08683,S_U0080,S0036,2026-02-11 01:35:38.961930,224
S_STR08684,S_U0071,S0040,2026-02-28 23:44:43.525250,50
S_STR08685,S_U0056,S0037,2026-02-27 04:33:36.158779,128
S_STR08686,S_U0021,S0028,2026-02-23 14:45:48.243739,277
S_STR08687,S_U0054,S0050,2026-01-31 14:03:20.504427,106
S_STR08688,S_U0020,S0044,2026-03-02 05:47:59.896447,188
S_STR08689,S_U0018,S0033,2026-02-22 15:16:34.141458,163
S_STR08690,S_U0042,S0014,2026-03-02 09:15:20.808872,45
S_STR08691,S_U0082,S0018,2026-02-28 21:59:27.784116,260
S_STR08692,S_U0076,S0050,2026-02-14 13:27:59.649271,180
S_STR08693,S_U0084,S0044,2026-02-24 20:32:33.311193,115
S_STR08694,S_U0020,S0033,2026-02-15 22:50:24.321544,47
S_STR08695,S_U0042,S0035,2026-02-09 01:09:34.966793,12
S_STR08696,S_U0094,S0039,2026-02-20 05:48:32.694393,281
S_STR08697,S_U0025,S0049,2026-02-11 04:41:55.666628,109
S_STR08698,S_U0044,S0007,2026-02-23 15:36:40.356570,51
S_STR08699,S_U0024,S0034,2026-03-02 03:59:26.962226,92
S_STR08700,S_U0100,S0040,2026-02-03 08:33:37.270511,23
S_STR08701,S_U0085,S0045,2026-02-14 21:08:45.993888,104
S_STR08702,S_U0043,S0031,2026-01-31 17:34:36.932774,9
S_STR08703,S_U0015,S0043,2026-02-05 01:36:58.784710,128
S_STR08704,S_U0031,S0035,2026-02-25 00:20:12.470976,191
S_STR08705,S_U0015,S0010,2026-02-24 10:21:54.589694,181
S_STR08706,S_U0063,S0050,2026-02-23 07:11:06.896849,110
S_STR08707,S_U0019,S0019,2026-02-06 11:47:42.453676,41
S_STR08708,S_U0088,S0029,2026-02-02 22:56:34.683182,303
S_STR08709,S_U0082,S0002,2026-02-14 17:06:59.273894,152
S_STR08710,S_U0022,S0042,2026-02-04 14:11:22.962482,142
S_STR08711,S_U0068,S0031,2026-02-07 18:05:54.204427,79
S_STR08712,S_U0051,S0027,2026-02-07 05:50:40.824721,106
S_STR08713,S_U0095,S0021,2026-02-04 04:33:15.065538,25
S_STR08714,S_U0048,S0015,2026-02-21 21:13:50.368180,165
S_STR08715,S_U0069,S0018,2026-02-12 19:40:03.615936,72
S_STR08716,S_U0059,S0033,2026-02-06 12:40:30.385295,53
S_STR08717,S_U0057,S0047,2026-02-25 02:09:40.858545,252
S_STR08718,S_U0084,S0004,2026-03-02 04:59:27.212344,122
S_STR08719,S_U0056,S0025,2026-03-01 20:42:43.507569,172
S_STR08720,S_U0054,S0047,2026-02-28 14:38:23.663020,111
S_STR08721,S_U0060,S0044,2026-02-27 12:33:45.675621,308
S_STR08722,S_U0093,S0030,2026-02-18 22:13:39.074824,137
S_STR08723,S_U0003,S0039,2026-02-14 23:33:15.348832,337
S_STR08724,S_U0056,S0033,2026-02-22 22:27:16.702843,11
S_STR08725,S_U0059,S0039,2026-02-26 23:45:02.550391,90
S_STR08726,S_U0095,S0041,2026-02-07 09:02:11.756438,70
S_STR08727,S_U0035,S0021,2026-02-16 04:11:01.447107,43
S_STR08728,S_U0100,S0047,2026-02-15 16:57:11.179399,25
S_STR08729,S_U0030,S0017,2026-02-19 18:37:15.883341,59
S_STR08730,S_U0098,S0021,2026-02-27 05:41:04.750511,18
S_STR08731,S_U0039,S0036,2026-02-08 13:04:20.903891,33
S_STR08732,S_U0069,S0047,2026-02-11 14:37:48.678910,87
S_STR08733,S_U0055,S0028,2026-02-23 20:37:08.357920,21
S_STR08734,S_U0099,S0041,2026-02-04 10:39:53.001754,159
S_STR08735,S_U0014,S0047,2026-02-22 17:33:40.253969,259
S_STR08736,S_U0060,S0050,2026-02-09 14:22:10.487944,54
S_STR08737,S_U0027,S0006,2026-02-10 01:06:33.141145,198
S_STR08738,S_U0068,S0014,2026-02-05 20:51:33.855866,241
S_STR08739,S_U0043,S0029,2026-01-31 14:19:34.863816,238
S_STR08740,S_U0004,S0029,2026-02-20 02:54:06.760861,219
S_STR08741,S_U0087,S0044,2026-02-23 21:41:40.802631,150
S_STR08742,S_U0071,S0036,2026-02-22 01:51:21.991410,95
S_STR08743,S_U0055,S0034,2026-02-19 19:22:56.129311,171
S_STR08744,S_U0022,S0029,2026-03-01 12:31:03.528226,96
S_STR08745,S_U0078,S0041,2026-02-05 04:15:19.884136,34
S_STR08746,S_U0091,S0034,2026-02-22 15:00:34.826807,51
S_STR08747,S_U0092,S0019,2026-02-19 03:26:56.505760,119
S_STR08748,S_U0011,S0001,2026-02-28 06:38:27.574791,166
S_STR08749,S_U0048,S0046,2026-02-07 17:22:13.913768,36
S_STR08750,S_U0033,S0027,2026-02-17 10:23:52.512856,162
S_STR08751,S_U0016,S0022,2026-02-24 11:35:23.650155,198
S_STR08752,S_U0048,S0041,2026-02-04 21:50:01.393853,97
S_STR08753,S_U0075,S0046,2026-02-11 15:48:22.782590,154
S_STR08754,S_U0065,S0043,2026-02-12 19:36:39.273534,96
S_STR08755,S_U0057,S0041,2026-02-08 15:27:01.626390,34
S_STR08756,S_U0100,S0015,2026-02-26 20:08:34.522099,89
S_STR08757,S_U0098,S0025,2026-02-15 21:15:47.371145,101
S_STR08758,S_U0035,S0028,2026-02-27 02:48:10.280371,266
S_STR08759,S_U0070,S0048,2026-02-03 15:39:09.148957,115
S_STR08760,S_U0057,S0046,2026-02-20 15:26:39.445255,48
S_STR08761,S_U0070,S0031,2026-02-15 11:02:11.716279,57
S_STR08762,S_U0047,S0022,2026-02-03 02:59:10.602997,13
S_STR08763,S_U0078,S0032,2026-02-12 19:28:57.592347,148
S_STR08764,S_U0020,S0048,2026-02-27 09:33:34.090106,226
S_STR08765,S_U0067,S0032,2026-02-09 10:00:50.823162,31
S_STR08766,S_U0018,S0046,2026-02-17 06:29:51.867417,104
S_STR08767,S_U0029,S0039,2026-02-22 19:13:59.089207,133
S_STR08768,S_U0023,S0037,2026-02-21 21:52:23.192635,119
S_STR08769,S_U0061,S0050,2026-02-28 13:37:19.197381,155
S_STR08770,S_U0036,S0028,2026-02-12 14:50:54.625039,189
S_STR08771,S_U0058,S0011,2026-02-26 01:57:49.970622,161
S_STR08772,S_U0008,S0047,2026-02-28 15:21:05.742076,68
S_STR08773,S_U0017,S0033,2026-01-31 20:07:53.694180,140
S_STR08774,S_U0014,S0041,2026-02-11 06:36:38.034373,97
S_STR08775,S_U0014,S0013,2026-02-06 16:32:48.743700,57
S_STR08776,S_U0068,S0039,2026-02-03 11:19:16.509585,143
S_STR08777,S_U0074,S0024,2026-02-15 12:33:31.797412,260
S_STR08778,S_U0028,S0045,2026-02-23 14:03:53.673923,111
S_STR08779,S_U0096,S0046,2026-02-07 02:00:53.363380,19
S_STR08780,S_U0086,S0046,2026-02-19 23:34:14.125775,49
S_STR08781,S_U0058,S0048,2026-02-13 14:40:37.121822,18
S_STR08782,S_U0078,S0030,2026-02-14 03:37:19.583264,142
S_STR08783,S_U0013,S0049,2026-02-23 16:09:18.144865,95
S_STR08784,S_U0057,S0009,2026-02-16 00:47:34.897320,76
S_STR08785,S_U0084,S0041,2026-02-01 23:05:56.204982,75
S_STR08786,S_U0094,S0050,2026-02-16 17:29:12.310920,187
S_STR08787,S_U0064,S0050,2026-02-04 18:46:44.169595,30
S_STR08788,S_U0006,S0047,2026-02-18 18:24:41.360908,28
S_STR08789,S_U0021,S0004,2026-02-02 19:41:45.503806,69
S_STR08790,S_U0081,S0010,2026-02-01 08:32:17.981877,138
S_STR08791,S_U0062,S0043,2026-02-10 02:49:13.294445,23
S_STR08792,S_U0033,S0013,2026-02-21 14:27:55.131565,33
S_STR08793,S_U0053,S0035,2026-02-08 11:48:21.269950,136
S_STR08794,S_U0058,S0029,2026-02-05 21:38:19.651395,121
S_STR08795,S_U0056,S0039,2026-02-27 06:15:13.984412,127
S_STR08796,S_U0023,S0045,2026-02-24 17:29:28.152164,59
S_STR08797,S_U0066,S0036,2026-02-15 08:14:30.344355,170
S_STR08798,S_U0039,S0036,2026-03-01 18:21:24.503410,57
S_STR08799,S_U0087,S0038,2026-03-01 12:53:42.666919,5
S_STR08800,S_U0090,S0045,2026-02-15 23:51:28.505428,187
S_STR08801,S_U0084,S0044,2026-02-05 03:58:35.309208,23
S_STR08802,S_U0054,S0044,2026-02-06 20:16:01.466376,247
S_STR08803,S_U0038,S0026,2026-02-09 21:49:33.854522,225
S_STR08804,S_U0007,S0035,2026-02-06 00:49:14.658627,301
S_STR08805,S_U0033,S0018,2026-02-06 23:19:31.142466,249
S_STR08806,S_U0057,S0036,2026-03-01 14:37:49.145917,86
S_STR08807,S_U0059,S0039,2026-02-23 09:27:42.600772,18
S_STR08808,S_U0031,S0046,2026-02-12 02:27:18.161643,25
S_STR08809,S_U0034,S0044,2026-02-05 09:09:14.905287,323
S_STR08810,S_U0012,S0025,2026-02-22 19:40:15.803832,106
S_STR08811,S_U0041,S0042,2026-02-03 06:40:00.032817,12
S_STR08812,S_U0042,S0017,2026-02-09 19:41:05.845077,46
S_STR08813,S_U0071,S0029,2026-02-26 18:01:05.451254,100
S_STR08814,S_U0079,S0009,2026-02-22 03:28:49.713889,81
S_STR08815,S_U0034,S0049,2026-02-18 13:57:23.072392,39
S_STR08816,S_U0005,S0029,2026-02-28 11:45:50.012663,149
S_STR08817,S_U0090,S0020,2026-02-21 00:46:54.096469,76
S_STR08818,S_U0086,S0036,2026-02-11 16:59:16.918483,30
S_STR08819,S_U0031,S0045,2026-02-11 15:30:04.228829,107
S_STR08820,S_U0096,S0034,2026-02-05 22:44:41.708915,150
S_STR08821,S_U0010,S0030,2026-02-23 00:08:09.380718,115
S_STR08822,S_U0021,S0049,2026-02-03 15:40:05.505088,16
S_STR08823,S_U0036,S0050,2026-02-19 00:48:58.346392,180
S_STR08824,S_U0081,S0023,2026-02-13 15:13:16.195876,75
S_STR08825,S_U0082,S0018,2026-02-03 13:39:29.528082,230
S_STR08826,S_U0060,S0037,2026-02-27 18:08:30.805241,136
S_STR08827,S_U0062,S0026,2026-02-15 12:30:09.945097,9
S_STR08828,S_U0051,S0018,2026-02-15 02:44:06.508599,21
S_STR08829,S_U0042,S0016,2026-02-13 07:58:32.628569,118
S_STR08830,S_U0049,S0029,2026-02-23 05:47:59.668230,244
S_STR08831,S_U0049,S0007,2026-02-02 16:17:28.529678,195
S_STR08832,S_U0068,S0027,2026-02-17 10:47:41.803396,52
S_STR08833,S_U0024,S0041,2026-02-01 23:29:50.619131,120
S_STR08834,S_U0088,S0037,2026-02-23 04:22:13.396779,46
S_STR08835,S_U0003,S0050,2026-02-05 09:24:44.836359,224
S_STR08836,S_U0054,S0041,2026-02-22 06:39:40.640662,155
S_STR08837,S_U0025,S0009,2026-02-23 02:37:47.942623,206
S_STR08838,S_U0007,S0045,2026-02-28 00:17:27.499022,94
S_STR08839,S_U0044,S0050,2026-02-17 04:58:28.968216,101
S_STR08840,S_U0064,S0023,2026-02-06 09:35:38.955944,135
S_STR08841,S_U0046,S0036,2026-02-25 00:41:52.561150,49
S_STR08842,S_U0049,S0049,2026-02-06 00:57:43.022257,37
S_STR08843,S_U0067,S0030,2026-02-19 07:04:19.898147,106
S_STR08844,S_U0075,S0050,2026-02-07 11:15:48.604929,147
S_STR08845,S_U0030,S0048,2026-02-20 12:07:47.343879,17
S_STR08846,S_U0062,S0047,2026-02-02 17:39:20.025438,84
S_STR08847,S_U0096,S0031,2026-03-01 23:24:56.962042,117
S_STR08848,S_U0053,S0025,2026-02-24 19:49:36.942512,136
S_STR08849,S_U0057,S0040,2026-02-07 10:46:22.328014,40
S_STR08850,S_U0041,S0038,2026-02-18 20:17:01.899672,84
S_STR08851,S_U0009,S0049,2026-02-03 21:26:42.198678,74
S_STR08852,S_U0100,S0046,2026-02-14 00:57:49.213291,172
S_STR08853,S_U0066,S0046,2026-02-26 01:46:32.355371,45
S_STR08854,S_U0041,S0048,2026-02-17 21:27:38.926442,231
S_STR08855,S_U0037,S0039,2026-02-28 07:55:08.823389,35
S_STR08856,S_U0015,S0039,2026-02-15 10:01:08.083958,223
S_STR08857,S_U0076,S0010,2026-02-01 05:53:41.939413,149
S_STR08858,S_U0052,S0019,2026-02-19 17:48:15.959471,29
S_STR08859,S_U0024,S0048,2026-02-14 01:07:26.625123,29
S_STR08860,S_U0069,S0046,2026-02-16 04:04:51.902126,151
S_STR08861,S_U0004,S0037,2026-02-19 06:35:55.017321,140
S_STR08862,S_U0016,S0035,2026-02-09 20:25:44.300727,284
S_STR08863,S_U0035,S0049,2026-02-16 15:54:16.153923,41
S_STR08864,S_U0011,S0028,2026-02-19 15:42:23.018955,39
S_STR08865,S_U0082,S0039,2026-02-05 16:35:47.798854,91
S_STR08866,S_U0074,S0044,2026-02-25 15:08:58.368047,266
S_STR08867,S_U0074,S0048,2026-03-02 02:36:30.811380,126
S_STR08868,S_U0065,S0028,2026-03-01 12:30:37.643393,90
S_STR08869,S_U0014,S0038,2026-02-12 16:13:43.474591,43
S_STR08870,S_U0083,S0048,2026-02-05 03:00:19.809569,122
S_STR08871,S_U0097,S0018,2026-02-05 14:11:08.565922,193
S_STR08872,S_U0056,S0040,2026-02-15 06:52:49.214250,34
S_STR08873,S_U0078,S0029,2026-02-28 22:30:02.222133,232
S_STR08874,S_U0053,S0016,2026-02-24 09:54:09.844557,144
S_STR08875,S_U0009,S0033,2026-02-07 20:38:58.468528,156
S_STR08876,S_U0003,S0033,2026-02-27 22:47:53.925172,85
S_STR08877,S_U0076,S0025,2026-02-09 07:55:50.093711,88
S_STR08878,S_U0053,S0037,2026-02-09 02:59:08.518249,126
S_STR08879,S_U0023,S0050,2026-02-07 17:58:33.680335,70
S_STR08880,S_U0037,S0048,2026-02-17 22:27:36.408478,267
S_STR08881,S_U0043,S0009,2026-02-14 19:27:00.307623,140
S_STR08882,S_U0093,S0041,2026-02-11 18:33:59.865794,245
S_STR08883,S_U0094,S0033,2026-02-10 21:37:47.732956,133
S_STR08884,S_U0093,S0042,2026-02-04 18:12:42.414454,266
S_STR08885,S_U0065,S0009,2026-02-27 05:43:27.499477,62
S_STR08886,S_U0092,S0050,2026-02-10 08:30:06.526540,334
S_STR08887,S_U0005,S0035,2026-02-08 16:59:11.326604,222
S_STR08888,S_U0088,S0050,2026-02-14 22:16:17.306983,27
S_STR08889,S_U0100,S0024,2026-02-15 17:00:55.109273,300
S_STR08890,S_U0059,S0045,2026-01-31 19:37:53.627236,39
S_STR08891,S_U0079,S0008,2026-02-04 15:09:15.617336,306
S_STR08892,S_U0040,S0025,2026-02-24 08:54:06.661097,64
S_STR08893,S_U0100,S0025,2026-02-25 05:41:58.937719,198
S_STR08894,S_U0048,S0043,2026-02-26 12:46:20.855186,89
S_STR08895,S_U0039,S0047,2026-02-11 03:25:43.555806,89
S_STR08896,S_U0051,S0005,2026-02-04 03:08:05.742178,84
S_STR08897,S_U0049,S0040,2026-02-04 23:22:17.845676,41
S_STR08898,S_U0039,S0017,2026-02-26 06:57:07.515587,55
S_STR08899,S_U0086,S0033,2026-02-06 09:01:49.808753,170
S_STR08900,S_U0012,S0048,2026-02-25 01:19:43.970921,96
S_STR08901,S_U0049,S0036,2026-02-05 19:51:39.845507,107
S_STR08902,S_U0026,S0008,2026-03-01 14:19:13.257982,71
S_STR08903,S_U0060,S0018,2026-02-15 14:24:02.223295,206
S_STR08904,S_U0008,S0049,2026-02-15 02:33:42.691777,28
S_STR08905,S_U0072,S0030,2026-02-12 17:23:19.439890,157
S_STR08906,S_U0022,S0024,2026-02-04 12:10:09.739513,160
S_STR08907,S_U0045,S0026,2026-02-01 02:35:26.558052,264
S_STR08908,S_U0045,S0040,2026-02-28 11:52:16.523069,135
S_STR08909,S_U0087,S0030,2026-02-20 14:28:58.028097,9
S_STR08910,S_U0082,S0024,2026-02-11 22:22:17.247962,208
S_STR08911,S_U0009,S0045,2026-02-12 06:24:38.446905,70
S_STR08912,S_U0040,S0022,2026-02-16 07:45:34.200273,160
S_STR08913,S_U0061,S0042,2026-02-28 21:04:29.133008,145
S_STR08914,S_U0047,S0050,2026-02-03 06:35:38.097551,126
S_STR08915,S_U0039,S0034,2026-02-24 10:11:09.660531,232
S_STR08916,S_U0011,S0044,2026-02-01 19:40:31.909454,147
S_STR08917,S_U0044,S0014,2026-02-21 12:00:12.640591,205
S_STR08918,S_U0061,S0039,2026-02-08 22:02:32.494771,88
S_STR08919,S_U0070,S0022,2026-02-27 14:15:29.337366,80
S_STR08920,S_U0021,S0024,2026-03-01 07:38:07.072933,96
S_STR08921,S_U0070,S0047,2026-02-10 13:24:11.538732,284
S_STR08922,S_U0077,S0001,2026-02-13 04:33:38.751333,67
S_STR08923,S_U0099,S0028,2026-02-11 23:12:24.648438,35
S_STR08924,S_U0084,S0044,2026-02-18 09:40:12.703860,15
S_STR08925,S_U0041,S0032,2026-03-01 19:12:12.925287,150
S_STR08926,S_U0084,S0048,2026-02-03 12:01:03.419758,274
S_STR08927,S_U0002,S0035,2026-02-15 02:45:34.093770,244
S_STR08928,S_U0044,S0049,2026-02-23 08:26:41.767582,96
S_STR08929,S_U0087,S0050,2026-02-06 06:02:21.150927,271
S_STR08930,S_U0091,S0015,2026-02-13 05:50:05.189325,264
S_STR08931,S_U0100,S0018,2026-02-07 19:04:11.148926,96
S_STR08932,S_U0080,S0003,2026-02-13 20:22:14.122083,15
S_STR08933,S_U0075,S0044,2026-02-02 16:41:48.253384,17
S_STR08934,S_U0011,S0007,2026-02-26 23:31:54.259464,144
S_STR08935,S_U0078,S0016,2026-02-21 16:38:52.970563,236
S_STR08936,S_U0026,S0034,2026-02-16 06:56:40.041081,105
S_STR08937,S_U0092,S0042,2026-02-11 17:22:15.138330,234
S_STR08938,S_U0089,S0036,2026-02-01 13:08:03.054182,219
S_STR08939,S_U0083,S0026,2026-02-18 06:37:45.492474,272
S_STR08940,S_U0025,S0025,2026-02-11 22:55:40.159421,29
S_STR08941,S_U0088,S0047,2026-02-17 18:17:57.373809,145
S_STR08942,S_U0099,S0034,2026-02-03 00:19:19.113534,87
S_STR08943,S_U0034,S0046,2026-02-13 04:38:19.761474,9
S_STR08944,S_U0088,S0044,2026-02-19 06:21:11.290403,280
S_STR08945,S_U0049,S0026,2026-02-25 07:20:23.824412,34
S_STR08946,S_U0015,S0021,2026-02-28 20:09:15.338083,190
S_STR08947,S_U0073,S0038,2026-02-11 10:40:21.150340,79
S_STR08948,S_U0099,S0025,2026-02-21 22:56:38.748590,93
S_STR08949,S_U0100,S0041,2026-02-17 05:48:55.666964,20
S_STR08950,S_U0022,S0026,2026-02-21 20:26:55.840142,50
S_STR08951,S_U0013,S0027,2026-02-12 02:19:48.052632,115
S_STR08952,S_U0019,S0036,2026-02-21 05:26:45.213014,67
S_STR08953,S_U0046,S0026,2026-02-05 06:44:34.689933,26
S_STR08954,S_U0085,S0031,2026-02-07 05:51:34.343204,75
S_STR08955,S_U0063,S0021,2026-02-02 06:11:39.426533,241
S_STR08956,S_U0059,S0047,2026-02-23 07:25:50.699651,246
S_STR08957,S_U0022,S0041,2026-02-13 10:51:07.494633,208
S_STR08958,S_U0070,S0041,2026-03-01 23:00:18.035427,29
S_STR08959,S_U0049,S0048,2026-02-02 16:30:48.186401,176
S_STR08960,S_U0015,S0047,2026-02-07 07:15:16.728038,16
S_STR08961,S_U0009,S0048,2026-02-13 16:16:05.392518,102
S_STR08962,S_U0010,S0031,2026-02-18 18:08:27.769861,66
S_STR08963,S_U0021,S0031,2026-02-16 20:47:53.344444,142
S_STR08964,S_U0025,S0044,2026-02-12 20:23:42.343941,234
S_STR08965,S_U0016,S0034,2026-02-13 10:27:54.768202,106
S_STR08966,S_U0020,S0046,2026-02-21 10:15:01.040131,174
S_STR08967,S_U0073,S0025,2026-02-11 13:56:09.395055,177
S_STR08968,S_U0089,S0047,2026-02-18 21:18:03.955475,264
S_STR08969,S_U0063,S0041,2026-02-27 05:24:15.433952,109
S_STR08970,S_U0098,S0040,2026-02-07 03:20:06.020909,65
S_STR08971,S_U0065,S0034,2026-02-13 14:24:27.436038,81
S_STR08972,S_U0030,S0025,2026-02-13 17:43:19.164721,181
S_STR08973,S_U0077,S0030,2026-02-12 09:32:06.176319,139
S_STR08974,S_U0074,S0045,2026-02-22 18:15:00.088447,162
S_STR08975,S_U0011,S0029,2026-02-16 14:34:58.204019,53
S_STR08976,S_U0015,S0028,2026-02-22 03:55:57.643765,200
S_STR08977,S_U0083,S0017,2026-02-22 23:00:47.156139,23
S_STR08978,S_U0084,S0016,2026-02-05 16:12:48.921898,246
S_STR08979,S_U0043,S0040,2026-02-25 20:36:02.896390,125
S_STR08980,S_U0093,S0030,2026-02-19 00:18:46.191380,149
S_STR08981,S_U0005,S0008,2026-02-15 09:17:41.167720,280
S_STR08982,S_U0029,S0028,2026-02-15 00:24:34.507614,243
S_STR08983,S_U0018,S0023,2026-02-01 11:49:49.211228,177
S_STR08984,S_U0045,S0015,2026-02-14 05:10:36.538304,253
S_STR08985,S_U0026,S0034,2026-02-10 12:53:31.500936,181
S_STR08986,S_U0085,S0035,2026-02-04 16:16:58.411906,152
S_STR08987,S_U0013,S0045,2026-02-23 22:21:52.935684,163
S_STR08988,S_U0087,S0036,2026-02-08 02:15:47.204533,42
S_STR08989,S_U0073,S0043,2026-02-16 00:19:57.365979,161
S_STR08990,S_U0100,S0010,2026-02-20 12:50:55.271123,213
S_STR08991,S_U0073,S0047,2026-02-03 01:33:01.036708,245
S_STR08992,S_U0033,S0014,2026-02-02 07:26:50.063453,308
S_STR08993,S_U0019,S0023,2026-02-17 20:39:44.380457,52
S_STR08994,S_U0003,S0042,2026-02-28 16:22:37.548684,188
S_STR08995,S_U0044,S0050,2026-02-08 19:50:13.268983,292
S_STR08996,S_U0062,S0009,2026-02-12 22:53:16.215565,113
S_STR08997,S_U0012,S0041,2026-02-02 17:54:29.148955,253
S_STR08998,S_U0097,S0050,2026-01-31 19:47:38.203051,316
S_STR08999,S_U0061,S0015,2026-02-07 23:41:48.163728,191
S_STR09000,S_U0043,S0035,2026-02-23 20:44:12.634119,61
S_STR09001,S_U0092,S0016,2026-02-15 07:49:42.243268,51
S_STR09002,S_U0038,S0044,2026-02-15 07:21:11.975910,232
S_STR09003,S_U0014,S0029,2026-02-05 10:09:16.635698,197
S_STR09004,S_U0044,S0029,2026-02-01 23:38:28.801699,140
S_STR09005,S_U0063,S0038,2026-02-19 11:40:59.574418,102
S_STR09006,S_U0009,S0014,2026-02-18 23:57:48.727640,7
S_STR09007,S_U0100,S0012,2026-02-01 09:01:16.242402,298
S_STR09008,S_U0029,S0025,2026-02-14 23:48:03.796616,33
S_STR09009,S_U0043,S0023,2026-02-17 00:54:02.832216,149
S_STR09010,S_U0044,S0041,2026-02-28 17:50:04.348443,172
S_STR09011,S_U0095,S0007,2026-01-31 11:36:04.026096,7
S_STR09012,S_U0079,S0035,2026-02-23 07:13:53.356325,125
S_STR09013,S_U0074,S0026,2026-02-15 06:05:17.339856,56
S_STR09014,S_U0002,S0029,2026-02-15 05:06:24.463972,151
S_STR09015,S_U0028,S0034,2026-02-11 09:17:53.752461,217
S_STR09016,S_U0063,S0023,2026-02-25 04:36:28.411565,160
S_STR09017,S_U0016,S0044,2026-02-13 16:10:55.878971,153
S_STR09018,S_U0017,S0045,2026-02-21 02:23:56.954134,93
S_STR09019,S_U0048,S0032,2026-02-16 16:32:59.781232,57
S_STR09020,S_U0095,S0050,2026-02-24 00:18:35.004370,110
S_STR09021,S_U0023,S0046,2026-02-20 09:32:17.270007,153
S_STR09022,S_U0094,S0041,2026-02-02 12:42:28.102399,32
S_STR09023,S_U0012,S0047,2026-02-11 23:38:29.151389,28
S_STR09024,S_U0028,S0020,2026-02-03 04:59:55.287553,25
S_STR09025,S_U0046,S0049,2026-02-09 08:50:16.829559,117
S_STR09026,S_U0071,S0036,2026-02-12 09:50:19.509849,111
S_STR09027,S_U0080,S0044,2026-02-21 10:26:55.687060,106
S_STR09028,S_U0024,S0048,2026-02-01 20:51:04.072435,96
S_STR09029,S_U0051,S0040,2026-02-04 00:37:34.577776,7
S_STR09030,S_U0064,S0028,2026-02-12 23:20:52.540260,34
S_STR09031,S_U0053,S0015,2026-02-02 12:18:17.959685,242
S_STR09032,S_U0069,S0023,2026-02-06 21:30:53.365832,200
S_STR09033,S_U0098,S0033,2026-02-06 10:05:38.109437,147
S_STR09034,S_U0050,S0041,2026-02-01 00:40:32.330661,154
S_STR09035,S_U0047,S0044,2026-02-15 21:43:14.163830,209
S_STR09036,S_U0050,S0023,2026-02-09 18:57:00.343555,15
S_STR09037,S_U0002,S0027,2026-02-25 03:30:18.513540,237
S_STR09038,S_U0090,S0022,2026-02-26 04:17:04.468888,152
S_STR09039,S_U0018,S0030,2026-02-27 12:37:36.329721,27
S_STR09040,S_U0041,S0046,2026-02-26 13:20:20.413500,82
S_STR09041,S_U0083,S0046,2026-02-01 23:34:01.152098,122
S_STR09042,S_U0026,S0035,2026-02-20 23:40:37.379489,110
S_STR09043,S_U0068,S0050,2026-02-12 10:46:16.146486,336
S_STR09044,S_U0084,S0026,2026-02-27 23:02:00.307541,209
S_STR09045,S_U0057,S0040,2026-02-16 10:21:34.673835,44
S_STR09046,S_U0033,S0010,2026-03-02 09:50:43.863986,102
S_STR09047,S_U0070,S0030,2026-03-01 02:24:20.382314,31
S_STR09048,S_U0085,S0044,2026-02-09 20:10:21.500870,304
S_STR09049,S_U0080,S0011,2026-02-19 22:37:48.061447,16
S_STR09050,S_U0010,S0012,2026-02-11 10:57:58.625401,131
S_STR09051,S_U0007,S0044,2026-02-02 09:13:36.382482,76
S_STR09052,S_U0010,S0026,2026-02-25 16:15:47.524709,181
S_STR09053,S_U0003,S0023,2026-02-10 10:01:24.320413,132
S_STR09054,S_U0051,S0022,2026-02-19 10:30:58.998682,166
S_STR09055,S_U0003,S0050,2026-02-06 09:06:58.300460,152
S_STR09056,S_U0090,S0036,2026-02-17 00:51:26.910743,120
S_STR09057,S_U0014,S0013,2026-02-09 16:32:56.684075,163
S_STR09058,S_U0048,S0039,2026-02-14 01:21:55.029863,253
S_STR09059,S_U0029,S0021,2026-02-09 03:32:33.171971,17
S_STR09060,S_U0083,S0028,2026-02-14 04:23:59.230104,276
S_STR09061,S_U0003,S0042,2026-02-07 11:45:21.156849,108
S_STR09062,S_U0009,S0033,2026-02-26 08:49:33.842254,40
S_STR09063,S_U0062,S0048,2026-02-28 05:47:07.301125,79
S_STR09064,S_U0070,S0040,2026-02-10 04:47:41.962795,131
S_STR09065,S_U0073,S0038,2026-02-27 18:33:16.435435,71
S_STR09066,S_U0090,S0050,2026-02-15 17:43:18.954818,106
S_STR09067,S_U0074,S0015,2026-02-21 14:23:33.975693,259
S_STR09068,S_U0076,S0033,2026-02-12 05:53:02.019428,64
S_STR09069,S_U0057,S0007,2026-02-14 12:49:46.289386,263
S_STR09070,S_U0070,S0036,2026-02-07 19:34:07.419257,205
S_STR09071,S_U0071,S0030,2026-02-18 08:45:18.463915,7
S_STR09072,S_U0076,S0049,2026-02-06 14:26:51.744100,55
S_STR09073,S_U0026,S0021,2026-02-18 08:48:59.301410,279
S_STR09074,S_U0046,S0048,2026-02-19 08:05:48.879903,224
S_STR09075,S_U0051,S0031,2026-01-31 22:56:21.319184,152
S_STR09076,S_U0067,S0042,2026-02-21 14:05:09.697307,160
S_STR09077,S_U0034,S0045,2026-02-14 20:03:15.031372,191
S_STR09078,S_U0008,S0020,2026-02-26 05:47:04.616471,102
S_STR09079,S_U0095,S0030,2026-02-23 04:22:24.491912,63
S_STR09080,S_U0029,S0029,2026-02-21 08:26:44.569301,34
S_STR09081,S_U0045,S0042,2026-02-07 13:18:50.897338,36
S_STR09082,S_U0005,S0014,2026-02-10 19:09:44.898173,224
S_STR09083,S_U0019,S0020,2026-02-05 07:48:41.616201,22
S_STR09084,S_U0062,S0038,2026-02-11 21:11:24.403132,72
S_STR09085,S_U0060,S0035,2026-02-07 04:37:35.525647,273
S_STR09086,S_U0098,S0032,2026-02-28 23:01:18.206295,77
S_STR09087,S_U0031,S0042,2026-02-10 14:56:38.976915,235
S_STR09088,S_U0036,S0035,2026-02-05 10:58:08.321894,146
S_STR09089,S_U0035,S0042,2026-02-16 20:26:32.233458,36
S_STR09090,S_U0008,S0019,2026-02-14 18:28:47.452466,163
S_STR09091,S_U0027,S0005,2026-02-15 13:59:50.088960,57
S_STR09092,S_U0041,S0035,2026-02-05 19:21:46.250119,178
S_STR09093,S_U0051,S0040,2026-02-01 13:14:50.563864,89
S_STR09094,S_U0099,S0033,2026-02-05 14:27:39.611681,106
S_STR09095,S_U0080,S0030,2026-03-02 08:08:41.839619,29
S_STR09096,S_U0100,S0049,2026-02-14 21:12:56.288258,98
S_STR09097,S_U0011,S0046,2026-02-03 12:28:44.373345,127
S_STR09098,S_U0061,S0039,2026-02-17 13:27:34.062902,20
S_STR09099,S_U0047,S0020,2026-02-19 03:16:40.780594,138
S_STR09100,S_U0069,S0022,2026-02-06 12:31:59.689639,213
S_STR09101,S_U0098,S0022,2026-02-13 20:14:57.504586,25
S_STR09102,S_U0053,S0049,2026-02-05 21:09:48.533156,96
S_STR09103,S_U0043,S0049,2026-02-20 11:18:37.033349,109
S_STR09104,S_U0074,S0038,2026-02-27 08:43:23.288954,91
S_STR09105,S_U0054,S0049,2026-01-31 23:42:12.490694,19
S_STR09106,S_U0026,S0012,2026-02-10 16:01:59.794259,47
S_STR09107,S_U0096,S0040,2026-02-09 13:38:34.790765,127
S_STR09108,S_U0042,S0020,2026-02-18 08:36:26.825916,142
S_STR09109,S_U0019,S0024,2026-02-08 12:30:38.115254,146
S_STR09110,S_U0089,S0024,2026-02-11 12:43:35.485803,352
S_STR09111,S_U0075,S0038,2026-02-24 14:12:12.560139,152
S_STR09112,S_U0065,S0027,2026-02-28 10:31:59.303634,217
S_STR09113,S_U0086,S0027,2026-02-17 18:28:43.058042,237
S_STR09114,S_U0030,S0042,2026-02-07 03:51:12.858342,9
S_STR09115,S_U0001,S0029,2026-02-01 19:48:21.584078,217
S_STR09116,S_U0061,S0046,2026-02-14 08:21:44.460763,150
S_STR09117,S_U0026,S0045,2026-02-25 20:25:17.184538,191
S_STR09118,S_U0052,S0022,2026-02-15 09:14:17.359525,210
S_STR09119,S_U0097,S0042,2026-02-08 03:34:36.169614,29
S_STR09120,S_U0084,S0037,2026-02-01 17:19:02.938111,10
S_STR09121,S_U0003,S0038,2026-02-25 20:38:50.813404,190
S_STR09122,S_U0071,S0042,2026-02-19 10:23:55.080386,99
S_STR09123,S_U0010,S0028,2026-02-28 06:48:16.317374,162
S_STR09124,S_U0083,S0036,2026-02-25 22:58:56.162900,341
S_STR09125,S_U0052,S0046,2026-02-10 18:02:23.312391,152
S_STR09126,S_U0025,S0011,2026-02-05 20:16:47.045309,83
S_STR09127,S_U0065,S0033,2026-02-04 15:58:26.070166,72
S_STR09128,S_U0031,S0021,2026-02-02 04:52:30.583879,167
S_STR09129,S_U0094,S0050,2026-02-01 06:27:33.281097,87
S_STR09130,S_U0086,S0031,2026-02-15 22:05:48.828987,26
S_STR09131,S_U0058,S0039,2026-02-14 11:03:54.067944,88
S_STR09132,S_U0034,S0027,2026-02-23 02:49:49.174142,196
S_STR09133,S_U0096,S0048,2026-02-18 23:24:57.123241,196
S_STR09134,S_U0097,S0025,2026-02-25 07:25:00.350258,76
S_STR09135,S_U0091,S0007,2026-02-18 12:26:44.517175,14
S_STR09136,S_U0009,S0038,2026-02-17 15:44:11.389448,27
S_STR09137,S_U0095,S0037,2026-02-02 22:54:29.784535,129
S_STR09138,S_U0077,S0047,2026-02-14 16:07:16.467228,119
S_STR09139,S_U0075,S0023,2026-02-01 17:22:45.270451,163
S_STR09140,S_U0081,S0010,2026-02-28 08:04:33.588085,59
S_STR09141,S_U0014,S0033,2026-02-01 10:29:29.075274,109
S_STR09142,S_U0034,S0031,2026-02-26 15:04:48.152141,106
S_STR09143,S_U0040,S0033,2026-02-27 18:40:23.035281,47
S_STR09144,S_U0086,S0018,2026-02-14 07:17:51.767198,42
S_STR09145,S_U0067,S0050,2026-02-27 08:54:49.194198,203
S_STR09146,S_U0006,S0018,2026-02-22 07:45:51.678872,197
S_STR09147,S_U0071,S0024,2026-02-16 11:57:36.797892,31
S_STR09148,S_U0070,S0043,2026-02-03 20:07:40.707658,118
S_STR09149,S_U0038,S0034,2026-02-17 23:59:24.977926,209
S_STR09150,S_U0013,S0041,2026-02-08 16:54:10.623413,33
S_STR09151,S_U0004,S0044,2026-02-07 12:01:45.727948,53
S_STR09152,S_U0033,S0040,2026-02-17 14:34:27.363069,134
S_STR09153,S_U0049,S0026,2026-02-12 00:20:26.942480,242
S_STR09154,S_U0045,S0037,2026-02-17 11:48:38.224217,12
S_STR09155,S_U0005,S0035,2026-02-06 08:59:49.779767,235
S_STR09156,S_U0063,S0039,2026-03-02 09:17:40.168736,17
S_STR09157,S_U0008,S0015,2026-02-01 19:34:44.722687,170
S_STR09158,S_U0009,S0029,2026-02-14 09:07:57.752769,54
S_STR09159,S_U0023,S0040,2026-03-01 07:54:29.958445,115
S_STR09160,S_U0029,S0015,2026-02-26 20:58:56.901643,231
S_STR09161,S_U0081,S0019,2026-02-25 11:26:19.377538,116
S_STR09162,S_U0100,S0047,2026-02-02 02:02:02.877380,81
S_STR09163,S_U0070,S0039,2026-02-17 02:35:22.810664,290
S_STR09164,S_U0031,S0033,2026-02-23 02:34:25.295909,53
S_STR09165,S_U0008,S0033,2026-02-20 08:47:35.247185,78
S_STR09166,S_U0088,S0033,2026-02-09 00:19:51.193505,65
S_STR09167,S_U0024,S0029,2026-02-25 11:45:31.255029,303
S_STR09168,S_U0087,S0026,2026-02-05 05:35:15.438227,234
S_STR09169,S_U0066,S0039,2026-02-18 01:56:01.686512,282
S_STR09170,S_U0013,S0015,2026-02-10 22:21:52.156643,205
S_STR09171,S_U0001,S0049,2026-02-23 02:03:18.979794,49
S_STR09172,S_U0056,S0025,2026-02-06 11:57:44.495664,189
S_STR09173,S_U0095,S0018,2026-02-12 16:51:51.803141,137
S_STR09174,S_U0018,S0049,2026-02-27 11:08:57.700944,122
S_STR09175,S_U0092,S0038,2026-02-04 18:21:01.469990,26
S_STR09176,S_U0035,S0008,2026-02-24 14:24:09.053676,7
S_STR09177,S_U0054,S0050,2026-02-23 12:27:16.483847,165
S_STR09178,S_U0036,S0022,2026-02-10 03:26:50.255266,208
S_STR09179,S_U0064,S0024,2026-02-09 19:57:06.161557,352
S_STR09180,S_U0041,S0016,2026-02-27 15:08:28.335505,77
S_STR09181,S_U0100,S0012,2026-02-26 00:46:31.188743,262
S_STR09182,S_U0038,S0017,2026-02-16 16:22:07.322057,91
S_STR09183,S_U0059,S0037,2026-02-16 18:15:15.960758,51
S_STR09184,S_U0073,S0024,2026-01-31 22:50:29.913031,267
S_STR09185,S_U0052,S0047,2026-02-28 06:29:16.000541,173
S_STR09186,S_U0028,S0006,2026-02-23 04:26:02.699894,322
S_STR09187,S_U0069,S0045,2026-02-13 12:08:57.587805,42
S_STR09188,S_U0014,S0033,2026-02-24 18:47:54.310788,119
S_STR09189,S_U0042,S0041,2026-02-11 12:51:57.798143,208
S_STR09190,S_U0084,S0024,2026-02-12 18:29:27.430670,84
S_STR09191,S_U0045,S0047,2026-02-27 13:47:34.612033,200
S_STR09192,S_U0084,S0015,2026-02-26 22:01:47.555483,199
S_STR09193,S_U0100,S0032,2026-02-07 13:31:54.096840,202
S_STR09194,S_U0011,S0035,2026-02-16 07:51:01.202521,272
S_STR09195,S_U0042,S0043,2026-02-27 04:16:30.706317,112
S_STR09196,S_U0092,S0047,2026-02-10 15:49:25.987033,36
S_STR09197,S_U0003,S0042,2026-02-17 05:23:53.469787,160
S_STR09198,S_U0097,S0014,2026-02-14 18:08:39.274580,51
S_STR09199,S_U0067,S0018,2026-02-17 10:31:30.555229,137
S_STR09200,S_U0048,S0030,2026-02-25 15:30:28.853072,125
S_STR09201,S_U0032,S0048,2026-03-02 07:53:02.969660,190
S_STR09202,S_U0006,S0026,2026-02-21 16:56:10.285325,234
S_STR09203,S_U0090,S0031,2026-02-15 08:17:39.770308,126
S_STR09204,S_U0094,S0026,2026-03-01 05:39:29.372386,24
S_STR09205,S_U0067,S0017,2026-02-25 17:40:03.641525,9
S_STR09206,S_U0077,S0037,2026-02-08 23:49:17.808565,146
S_STR09207,S_U0077,S0048,2026-02-09 10:25:07.538361,214
S_STR09208,S_U0078,S0028,2026-02-03 01:58:13.800892,256
S_STR09209,S_U0074,S0020,2026-02-04 11:01:11.715061,96
S_STR09210,S_U0015,S0006,2026-02-20 11:37:38.460740,244
S_STR09211,S_U0099,S0049,2026-02-05 21:05:56.455496,14
S_STR09212,S_U0083,S0034,2026-02-03 14:08:00.589027,46
S_STR09213,S_U0090,S0033,2026-02-02 01:40:32.150370,125
S_STR09214,S_U0032,S0006,2026-02-20 02:20:11.100361,57
S_STR09215,S_U0058,S0040,2026-02-15 20:49:15.112811,62
S_STR09216,S_U0019,S0045,2026-02-24 22:28:11.336422,16
S_STR09217,S_U0061,S0035,2026-02-14 11:09:46.693120,60
S_STR09218,S_U0037,S0047,2026-02-01 18:29:35.836176,165
S_STR09219,S_U0002,S0021,2026-02-28 08:36:25.942361,240
S_STR09220,S_U0022,S0016,2026-01-31 21:01:20.640478,223
S_STR09221,S_U0087,S0045,2026-02-25 15:49:05.480302,109
S_STR09222,S_U0028,S0027,2026-02-19 20:51:00.855980,54
S_STR09223,S_U0017,S0014,2026-02-21 14:54:43.910534,37
S_STR09224,S_U0004,S0040,2026-02-26 11:48:43.435400,55
S_STR09225,S_U0024,S0035,2026-02-15 00:16:50.127772,50
S_STR09226,S_U0014,S0015,2026-02-05 07:55:58.414407,47
S_STR09227,S_U0031,S0019,2026-02-04 02:55:26.617692,12
S_STR09228,S_U0007,S0027,2026-02-13 02:12:17.971888,82
S_STR09229,S_U0034,S0040,2026-02-06 11:53:46.118282,60
S_STR09230,S_U0051,S0037,2026-02-19 14:16:58.966593,104
S_STR09231,S_U0059,S0050,2026-02-22 01:33:01.671947,247
S_STR09232,S_U0046,S0050,2026-02-16 19:13:56.576415,125
S_STR09233,S_U0022,S0040,2026-02-23 15:56:05.088986,49
S_STR09234,S_U0045,S0023,2026-02-06 05:07:33.348544,135
S_STR09235,S_U0059,S0008,2026-02-20 21:43:29.264483,29
S_STR09236,S_U0020,S0041,2026-02-11 13:37:18.058853,210
S_STR09237,S_U0047,S0015,2026-02-24 03:25:10.414537,145
S_STR09238,S_U0041,S0031,2026-02-12 22:50:39.779691,149
S_STR09239,S_U0088,S0037,2026-02-25 01:35:54.143520,106
S_STR09240,S_U0085,S0035,2026-02-08 16:55:27.769280,229
S_STR09241,S_U0036,S0044,2026-02-25 02:04:16.859298,190
S_STR09242,S_U0098,S0046,2026-02-05 08:20:22.451830,191
S_STR09243,S_U0092,S0022,2026-02-27 13:53:18.526024,134
S_STR09244,S_U0012,S0027,2026-02-27 10:18:34.564933,56
S_STR09245,S_U0073,S0040,2026-02-15 06:04:00.524544,72
S_STR09246,S_U0014,S0042,2026-02-24 11:57:47.379355,148
S_STR09247,S_U0013,S0035,2026-02-04 18:16:17.279729,154
S_STR09248,S_U0088,S0042,2026-03-01 12:20:43.210655,52
S_STR09249,S_U0035,S0048,2026-02-14 07:26:19.441653,250
S_STR09250,S_U0046,S0025,2026-02-10 07:25:44.585680,205
S_STR09251,S_U0039,S0018,2026-02-11 00:40:22.798374,167
S_STR09252,S_U0023,S0010,2026-03-02 02:06:50.221330,151
S_STR09253,S_U0051,S0040,2026-02-19 17:14:13.396463,118
S_STR09254,S_U0004,S0041,2026-02-23 06:27:21.067153,80
S_STR09255,S_U0037,S0023,2026-02-26 05:50:31.987962,58
S_STR09256,S_U0032,S0038,2026-02-11 23:52:58.491476,37
S_STR09257,S_U0042,S0024,2026-02-21 20:59:30.804153,156
S_STR09258,S_U0026,S0011,2026-02-14 00:03:52.839013,203
S_STR09259,S_U0005,S0041,2026-02-23 14:24:35.726050,152
S_STR09260,S_U0100,S0007,2026-03-01 18:18:23.465948,224
S_STR09261,S_U0083,S0040,2026-02-15 01:08:57.306298,45
S_STR09262,S_U0041,S0039,2026-02-19 18:30:21.693482,45
S_STR09263,S_U0021,S0024,2026-03-02 08:52:42.460162,107
S_STR09264,S_U0077,S0025,2026-02-17 23:31:34.561221,118
S_STR09265,S_U0021,S0032,2026-02-28 06:43:47.558444,88
S_STR09266,S_U0030,S0043,2026-02-14 02:35:56.392212,29
S_STR09267,S_U0087,S0013,2026-02-24 22:37:09.113250,153
S_STR09268,S_U0099,S0043,2026-02-25 20:33:27.232184,59
S_STR09269,S_U0062,S0028,2026-02-12 11:17:37.973812,196
S_STR09270,S_U0070,S0049,2026-02-15 10:07:42.688177,79
S_STR09271,S_U0028,S0041,2026-02-11 17:02:36.362556,98
S_STR09272,S_U0015,S0021,2026-02-06 19:03:47.229688,41
S_STR09273,S_U0019,S0044,2026-02-27 20:31:06.197092,58
S_STR09274,S_U0004,S0043,2026-02-21 11:29:10.700547,20
S_STR09275,S_U0012,S0023,2026-02-06 11:36:37.922064,183
S_STR09276,S_U0075,S0033,2026-02-16 19:30:17.101265,87
S_STR09277,S_U0077,S0049,2026-02-27 10:39:19.354893,95
S_STR09278,S_U0041,S0037,2026-03-01 20:41:03.082415,101
S_STR09279,S_U0039,S0028,2026-02-08 02:32:55.305225,167
S_STR09280,S_U0089,S0019,2026-02-16 11:49:41.648630,322
S_STR09281,S_U0023,S0020,2026-02-11 21:08:32.266584,87
S_STR09282,S_U0079,S0040,2026-02-13 12:30:15.357692,70
S_STR09283,S_U0043,S0027,2026-02-22 00:29:49.065496,98
S_STR09284,S_U0080,S0025,2026-02-18 15:59:51.108767,89
S_STR09285,S_U0084,S0048,2026-02-22 19:47:49.602859,192
S_STR09286,S_U0095,S0050,2026-02-03 04:19:42.762233,208
S_STR09287,S_U0091,S0028,2026-02-12 11:30:58.273888,209
S_STR09288,S_U0056,S0020,2026-02-14 21:32:56.229228,104
S_STR09289,S_U0090,S0021,2026-02-24 12:10:41.059561,154
S_STR09290,S_U0072,S0043,2026-02-06 08:13:25.274310,99
S_STR09291,S_U0003,S0025,2026-02-20 15:50:18.659598,121
S_STR09292,S_U0002,S0035,2026-02-27 12:28:58.515753,34
S_STR09293,S_U0019,S0018,2026-02-08 06:07:47.723265,183
S_STR09294,S_U0031,S0045,2026-02-13 17:20:19.746596,149
S_STR09295,S_U0038,S0017,2026-02-26 14:51:01.507268,118
S_STR09296,S_U0052,S0027,2026-02-05 14:09:59.457828,208
S_STR09297,S_U0006,S0035,2026-02-18 11:09:41.327600,79
S_STR09298,S_U0008,S0050,2026-02-15 14:26:33.903173,249
S_STR09299,S_U0078,S0047,2026-03-01 00:47:13.976816,147
S_STR09300,S_U0090,S0031,2026-02-11 07:18:58.287503,53
S_STR09301,S_U0024,S0049,2026-02-28 02:11:14.230833,78
S_STR09302,S_U0078,S0034,2026-02-05 21:25:20.709530,152
S_STR09303,S_U0036,S0047,2026-02-05 20:22:01.122525,33
S_STR09304,S_U0010,S0046,2026-02-14 16:37:04.298805,101
S_STR09305,S_U0061,S0032,2026-02-11 15:38:46.108979,225
S_STR09306,S_U0043,S0035,2026-03-02 09:10:02.997842,84
S_STR09307,S_U0084,S0028,2026-02-08 16:01:24.769729,47
S_STR09308,S_U0046,S0033,2026-02-26 12:06:40.589097,23
S_STR09309,S_U0044,S0011,2026-02-25 09:20:50.116081,98
S_STR09310,S_U0024,S0049,2026-02-21 05:27:21.178953,73
S_STR09311,S_U0099,S0023,2026-02-04 18:36:59.701640,208
S_STR09312,S_U0090,S0048,2026-02-10 06:50:43.418824,111
S_STR09313,S_U0043,S0045,2026-02-13 10:00:46.677985,76
S_STR09314,S_U0080,S0033,2026-02-18 20:51:30.710887,87
S_STR09315,S_U0075,S0043,2026-02-25 20:03:28.171264,63
S_STR09316,S_U0010,S0050,2026-02-01 04:05:15.262008,278
S_STR09317,S_U0057,S0024,2026-02-07 00:24:33.582240,68
S_STR09318,S_U0012,S0007,2026-02-19 01:52:17.773319,262
S_STR09319,S_U0029,S0035,2026-02-23 01:33:35.826454,174
S_STR09320,S_U0068,S0031,2026-02-18 20:07:29.596783,108
S_STR09321,S_U0093,S0040,2026-02-08 20:58:52.669982,132
S_STR09322,S_U0069,S0023,2026-02-01 02:41:04.350072,88
S_STR09323,S_U0058,S0020,2026-02-28 05:09:19.920437,49
S_STR09324,S_U0025,S0043,2026-02-07 21:10:00.250895,30
S_STR09325,S_U0012,S0043,2026-02-11 21:44:24.201760,15
S_STR09326,S_U0016,S0035,2026-02-11 05:37:39.503512,323
S_STR09327,S_U0071,S0041,2026-02-16 11:52:58.996024,243
S_STR09328,S_U0082,S0046,2026-02-12 12:16:39.258171,142
S_STR09329,S_U0080,S0015,2026-02-24 05:22:04.942777,251
S_STR09330,S_U0056,S0043,2026-02-18 15:50:56.548847,141
S_STR09331,S_U0044,S0020,2026-02-05 19:59:47.658075,9
S_STR09332,S_U0060,S0015,2026-02-16 23:19:15.497273,198
S_STR09333,S_U0064,S0037,2026-02-28 15:36:58.169037,67
S_STR09334,S_U0088,S0033,2026-02-23 04:18:56.769977,111
S_STR09335,S_U0012,S0026,2026-02-08 14:51:20.900525,42
S_STR09336,S_U0080,S0009,2026-02-23 21:03:21.361597,20
S_STR09337,S_U0078,S0037,2026-02-18 21:17:16.685152,74
S_STR09338,S_U0070,S0037,2026-02-18 16:05:32.579911,31
S_STR09339,S_U0026,S0050,2026-02-18 12:41:31.797798,225
S_STR09340,S_U0039,S0048,2026-02-06 23:36:30.432670,251
S_STR09341,S_U0100,S0028,2026-02-27 07:22:20.452037,163
S_STR09342,S_U0011,S0050,2026-02-23 17:39:07.692503,185
S_STR09343,S_U0042,S0024,2026-02-02 14:37:13.326095,156
S_STR09344,S_U0081,S0044,2026-02-13 16:19:29.790974,197
S_STR09345,S_U0027,S0027,2026-02-22 05:49:03.005274,117
S_STR09346,S_U0049,S0041,2026-02-05 09:12:47.981209,59
S_STR09347,S_U0034,S0046,2026-02-16 09:41:39.919867,68
S_STR09348,S_U0040,S0046,2026-02-11 18:27:23.981922,13
S_STR09349,S_U0054,S0035,2026-02-28 12:37:22.580428,308
S_STR09350,S_U0046,S0045,2026-02-02 16:05:24.317152,78
S_STR09351,S_U0071,S0023,2026-02-01 04:14:01.981239,222
S_STR09352,S_U0019,S0047,2026-02-02 10:55:38.160099,49
S_STR09353,S_U0074,S0021,2026-02-27 10:24:46.161371,13
S_STR09354,S_U0048,S0026,2026-02-11 06:42:09.487136,231
S_STR09355,S_U0004,S0025,2026-02-22 01:33:26.610899,46
S_STR09356,S_U0055,S0006,2026-02-28 22:52:55.302144,160
S_STR09357,S_U0011,S0046,2026-02-09 16:59:50.519353,10
S_STR09358,S_U0029,S0024,2026-02-19 19:15:40.906606,246
S_STR09359,S_U0001,S0029,2026-02-26 09:19:00.049074,320
S_STR09360,S_U0067,S0024,2026-02-19 23:54:00.205407,38
S_STR09361,S_U0042,S0028,2026-02-10 11:36:01.399764,205
S_STR09362,S_U0089,S0013,2026-02-06 18:22:37.499015,124
S_STR09363,S_U0005,S0042,2026-01-31 22:49:18.197555,159
S_STR09364,S_U0026,S0033,2026-02-11 05:20:51.104987,101
S_STR09365,S_U0005,S0019,2026-02-14 22:51:18.906288,118
S_STR09366,S_U0018,S0038,2026-02-15 10:00:55.201956,95
S_STR09367,S_U0029,S0041,2026-02-18 00:14:30.861691,239
S_STR09368,S_U0062,S0050,2026-02-02 14:10:41.919679,29
S_STR09369,S_U0084,S0013,2026-02-11 04:05:17.916555,33
S_STR09370,S_U0082,S0031,2026-02-21 04:23:20.285934,45
S_STR09371,S_U0065,S0033,2026-02-12 10:05:28.295412,121
S_STR09372,S_U0082,S0045,2026-02-02 01:39:40.924149,195
S_STR09373,S_U0073,S0041,2026-02-07 02:52:44.425255,148
S_STR09374,S_U0059,S0026,2026-02-08 00:15:53.310684,9
S_STR09375,S_U0020,S0027,2026-02-17 10:24:54.685951,7
S_STR09376,S_U0091,S0047,2026-02-17 12:22:40.405114,61
S_STR09377,S_U0064,S0026,2026-02-16 23:40:46.775419,153
S_STR09378,S_U0097,S0027,2026-02-22 12:18:00.821207,155
S_STR09379,S_U0049,S0040,2026-02-04 12:23:25.588422,64
S_STR09380,S_U0088,S0046,2026-02-15 23:58:32.467385,30
S_STR09381,S_U0040,S0044,2026-02-13 16:51:41.474236,159
S_STR09382,S_U0078,S0040,2026-02-13 15:21:45.170672,124
S_STR09383,S_U0001,S0043,2026-02-24 17:42:24.137429,54
S_STR09384,S_U0073,S0015,2026-03-01 14:23:37.969065,29
S_STR09385,S_U0032,S0040,2026-02-16 11:19:17.071031,73
S_STR09386,S_U0008,S0027,2026-02-21 11:17:21.894228,34
S_STR09387,S_U0069,S0033,2026-02-24 12:43:03.927449,119
S_STR09388,S_U0014,S0044,2026-02-18 08:24:13.162551,321
S_STR09389,S_U0032,S0045,2026-02-03 18:09:00.086923,153
S_STR09390,S_U0063,S0046,2026-02-07 23:34:53.878438,126
S_STR09391,S_U0042,S0049,2026-02-14 13:59:22.484318,99
S_STR09392,S_U0057,S0037,2026-02-07 05:16:32.326832,107
S_STR09393,S_U0042,S0014,2026-02-03 02:39:49.218908,60
S_STR09394,S_U0050,S0021,2026-02-11 05:52:32.758830,80
S_STR09395,S_U0035,S0039,2026-03-02 05:19:22.852578,268
S_STR09396,S_U0026,S0049,2026-02-15 23:01:33.697353,46
S_STR09397,S_U0053,S0047,2026-02-26 23:30:15.716533,204
S_STR09398,S_U0026,S0038,2026-02-23 12:28:34.946182,9
S_STR09399,S_U0072,S0025,2026-02-25 10:32:47.658894,52
S_STR09400,S_U0044,S0046,2026-02-17 14:49:20.863419,111
S_STR09401,S_U0016,S0027,2026-02-19 16:06:06.120247,24
S_STR09402,S_U0023,S0037,2026-02-23 16:08:47.057292,84
S_STR09403,S_U0088,S0039,2026-02-04 00:00:55.619128,92
S_STR09404,S_U0068,S0022,2026-02-14 06:04:08.782106,101
S_STR09405,S_U0062,S0047,2026-02-23 03:07:13.235306,234
S_STR09406,S_U0037,S0043,2026-02-27 13:02:17.681279,140
S_STR09407,S_U0022,S0045,2026-02-27 13:23:11.203773,119
S_STR09408,S_U0048,S0042,2026-02-24 18:47:32.900580,97
S_STR09409,S_U0092,S0037,2026-02-20 21:21:52.330366,56
S_STR09410,S_U0088,S0039,2026-03-02 04:21:14.515589,36
S_STR09411,S_U0077,S0046,2026-02-13 05:41:33.911777,83
S_STR09412,S_U0058,S0047,2026-03-01 09:20:16.791287,58
S_STR09413,S_U0070,S0047,2026-02-02 21:10:20.760060,123
S_STR09414,S_U0089,S0044,2026-02-26 14:00:45.991514,291
S_STR09415,S_U0025,S0033,2026-02-18 19:56:03.994367,46
S_STR09416,S_U0028,S0044,2026-02-21 20:05:32.412636,304
S_STR09417,S_U0053,S0048,2026-02-06 07:47:06.674392,173
S_STR09418,S_U0049,S0029,2026-02-17 13:54:39.601622,318
S_STR09419,S_U0064,S0039,2026-02-26 17:29:29.429585,10
S_STR09420,S_U0071,S0044,2026-02-08 12:22:26.857987,117
S_STR09421,S_U0043,S0044,2026-02-19 17:51:22.742388,97
S_STR09422,S_U0037,S0034,2026-02-26 22:30:43.264657,220
S_STR09423,S_U0041,S0036,2026-02-24 07:51:28.288169,63
S_STR09424,S_U0064,S0047,2026-02-16 23:12:06.382806,85
S_STR09425,S_U0062,S0026,2026-02-02 17:31:35.937672,98
S_STR09426,S_U0029,S0042,2026-02-18 07:08:45.310102,30
S_STR09427,S_U0097,S0010,2026-02-08 10:13:39.854221,106
S_STR09428,S_U0038,S0044,2026-02-11 07:46:22.634555,204
S_STR09429,S_U0013,S0038,2026-02-03 16:36:11.862041,138
S_STR09430,S_U0033,S0045,2026-02-25 19:32:00.761639,180
S_STR09431,S_U0027,S0002,2026-02-27 04:22:51.699984,127
S_STR09432,S_U0035,S0035,2026-02-02 21:24:19.591679,188
S_STR09433,S_U0004,S0045,2026-02-07 23:56:31.521276,11
S_STR09434,S_U0029,S0043,2026-02-10 20:06:37.058801,106
S_STR09435,S_U0072,S0043,2026-02-15 14:37:04.466562,73
S_STR09436,S_U0080,S0043,2026-02-23 07:43:59.236959,81
S_STR09437,S_U0067,S0028,2026-02-02 17:32:51.617246,224
S_STR09438,S_U0024,S0035,2026-02-18 17:48:27.768175,219
S_STR09439,S_U0005,S0038,2026-02-26 02:54:24.372553,191
S_STR09440,S_U0041,S0032,2026-02-18 15:32:35.408792,261
S_STR09441,S_U0092,S0050,2026-02-23 12:31:34.510747,134
S_STR09442,S_U0083,S0044,2026-02-12 10:17:44.958966,214
S_STR09443,S_U0061,S0038,2026-02-23 22:57:50.803723,128
S_STR09444,S_U0070,S0011,2026-02-02 22:02:00.904003,65
S_STR09445,S_U0060,S0046,2026-02-10 13:56:08.202128,117
S_STR09446,S_U0040,S0015,2026-02-20 21:20:12.510930,68
S_STR09447,S_U0029,S0037,2026-02-20 23:51:01.594758,32
S_STR09448,S_U0097,S0036,2026-02-01 03:14:52.638402,260
S_STR09449,S_U0009,S0046,2026-02-14 07:02:54.646994,27
S_STR09450,S_U0020,S0034,2026-02-24 10:14:18.600103,60
S_STR09451,S_U0099,S0043,2026-02-15 03:08:25.053453,155
S_STR09452,S_U0093,S0023,2026-02-12 23:01:29.444354,230
S_STR09453,S_U0085,S0035,2026-02-28 01:34:35.292111,145
S_STR09454,S_U0095,S0033,2026-02-23 22:57:31.718605,86
S_STR09455,S_U0031,S0028,2026-02-13 03:15:20.938759,245
S_STR09456,S_U0033,S0011,2026-02-02 07:27:27.361262,194
S_STR09457,S_U0069,S0013,2026-02-04 18:19:42.640951,13
S_STR09458,S_U0093,S0017,2026-02-06 11:29:10.485543,115
S_STR09459,S_U0071,S0041,2026-02-01 23:33:09.311840,152
S_STR09460,S_U0092,S0035,2026-02-19 13:03:39.749189,266
S_STR09461,S_U0024,S0037,2026-02-06 15:49:27.990977,93
S_STR09462,S_U0026,S0045,2026-02-18 23:52:56.426270,74
S_STR09463,S_U0004,S0046,2026-02-07 11:33:44.775870,168
S_STR09464,S_U0053,S0037,2026-02-24 09:46:19.585688,64
S_STR09465,S_U0040,S0030,2026-02-28 14:17:21.831711,108
S_STR09466,S_U0091,S0035,2026-02-06 08:08:38.430650,170
S_STR09467,S_U0018,S0030,2026-02-27 19:03:13.712346,14
S_STR09468,S_U0015,S0031,2026-02-13 19:12:43.144552,138
S_STR09469,S_U0080,S0037,2026-02-26 12:37:28.741846,69
S_STR09470,S_U0079,S0049,2026-02-05 15:17:08.430900,109
S_STR09471,S_U0071,S0041,2026-02-05 18:53:37.749871,238
S_STR09472,S_U0040,S0027,2026-02-26 06:45:18.412775,12
S_STR09473,S_U0019,S0002,2026-03-01 09:59:04.339803,196
S_STR09474,S_U0084,S0037,2026-02-12 13:18:20.207864,138
S_STR09475,S_U0042,S0023,2026-02-23 12:46:12.015574,169
S_STR09476,S_U0068,S0008,2026-02-19 18:33:54.505710,12
S_STR09477,S_U0017,S0022,2026-02-21 19:53:47.038260,58
S_STR09478,S_U0092,S0039,2026-02-18 00:47:04.583018,241
S_STR09479,S_U0020,S0041,2026-02-08 00:42:27.495330,183
S_STR09480,S_U0074,S0042,2026-02-11 04:47:32.484593,7
S_STR09481,S_U0029,S0024,2026-02-16 22:10:31.653066,108
S_STR09482,S_U0051,S0039,2026-02-10 04:46:50.829411,242
S_STR09483,S_U0026,S0042,2026-02-12 04:02:53.082065,176
S_STR09484,S_U0087,S0036,2026-03-01 22:47:28.117919,47
S_STR09485,S_U0093,S0030,2026-02-28 18:43:58.720102,51
S_STR09486,S_U0027,S0013,2026-02-23 17:47:19.768811,164
S_STR09487,S_U0078,S0027,2026-02-08 10:27:15.005776,177
S_STR09488,S_U0075,S0050,2026-02-03 09:52:09.396000,90
S_STR09489,S_U0037,S0027,2026-02-06 00:57:46.436375,61
S_STR09490,S_U0059,S0049,2026-02-01 23:04:31.626733,46
S_STR09491,S_U0011,S0034,2026-03-02 08:14:26.097348,150
S_STR09492,S_U0048,S0030,2026-02-17 01:54:17.441513,30
S_STR09493,S_U0024,S0050,2026-02-10 04:30:11.957235,23
S_STR09494,S_U0084,S0041,2026-02-10 14:22:17.174939,22
S_STR09495,S_U0095,S0045,2026-02-11 09:42:53.336787,101
S_STR09496,S_U0090,S0038,2026-02-21 20:46:49.251272,165
S_STR09497,S_U0027,S0021,2026-02-03 04:30:36.060679,233
S_STR09498,S_U0005,S0027,2026-03-02 02:51:11.741412,135
S_STR09499,S_U0094,S0023,2026-02-17 00:06:41.152757,101
S_STR09500,S_U0005,S0046,2026-02-02 06:42:12.258295,169
S_STR09501,S_U0053,S0027,2026-02-20 14:19:36.285632,197
S_STR09502,S_U0020,S0030,2026-02-12 17:01:30.844744,63
S_STR09503,S_U0078,S0013,2026-01-31 12:23:36.305989,105
S_STR09504,S_U0011,S0017,2026-02-10 02:51:06.209084,68
S_STR09505,S_U0050,S0017,2026-02-17 22:26:06.699158,113
S_STR09506,S_U0058,S0043,2026-02-13 20:04:47.174220,38
S_STR09507,S_U0056,S0050,2026-02-26 07:36:42.165444,316
S_STR09508,S_U0075,S0050,2026-02-10 20:28:03.787771,331
S_STR09509,S_U0060,S0034,2026-02-09 12:08:27.872774,10
S_STR09510,S_U0008,S0047,2026-02-10 07:36:28.277120,147
S_STR09511,S_U0081,S0036,2026-02-18 01:37:47.520761,69
S_STR09512,S_U0017,S0041,2026-02-02 00:53:53.535800,224
S_STR09513,S_U0008,S0041,2026-02-03 23:03:23.634458,252
S_STR09514,S_U0062,S0032,2026-02-21 06:37:09.004409,22
S_STR09515,S_U0009,S0048,2026-02-23 17:20:39.747702,239
S_STR09516,S_U0049,S0040,2026-02-28 20:01:00.929480,106
S_STR09517,S_U0071,S0033,2026-02-06 00:39:34.440008,6
S_STR09518,S_U0058,S0045,2026-02-04 12:41:06.673766,79
S_STR09519,S_U0082,S0038,2026-02-04 05:55:59.944681,193
S_STR09520,S_U0090,S0044,2026-02-13 08:46:12.882456,304
S_STR09521,S_U0008,S0025,2026-02-05 10:15:02.727499,33
S_STR09522,S_U0072,S0011,2026-02-17 10:19:03.692287,12
S_STR09523,S_U0095,S0046,2026-02-22 17:06:05.261779,36
S_STR09524,S_U0088,S0023,2026-02-13 10:59:04.203358,140
S_STR09525,S_U0082,S0029,2026-02-04 17:41:15.982571,218
S_STR09526,S_U0063,S0012,2026-02-27 05:07:39.105006,202
S_STR09527,S_U0059,S0024,2026-02-15 09:22:37.104247,291
S_STR09528,S_U0034,S0047,2026-02-01 07:04:13.643534,92
S_STR09529,S_U0024,S0027,2026-02-25 11:30:53.100888,135
S_STR09530,S_U0015,S0047,2026-02-09 06:01:36.053602,91
S_STR09531,S_U0047,S0021,2026-02-20 20:01:43.500037,90
S_STR09532,S_U0008,S0029,2026-02-02 00:05:06.755339,36
S_STR09533,S_U0086,S0013,2026-02-14 21:00:31.600263,134
S_STR09534,S_U0025,S0048,2026-02-18 05:04:38.275027,237
S_STR09535,S_U0020,S0032,2026-02-09 02:09:02.948126,58
S_STR09536,S_U0076,S0045,2026-02-17 18:22:05.649395,87
S_STR09537,S_U0067,S0038,2026-02-03 19:53:50.485864,130
S_STR09538,S_U0045,S0044,2026-02-19 22:26:23.562520,114
S_STR09539,S_U0044,S0037,2026-02-25 13:47:56.995061,56
S_STR09540,S_U0008,S0042,2026-02-06 05:07:46.718647,157
S_STR09541,S_U0049,S0038,2026-02-18 08:08:21.563132,36
S_STR09542,S_U0011,S0040,2026-02-10 17:03:13.160934,120
S_STR09543,S_U0048,S0018,2026-02-17 19:00:48.245822,37
S_STR09544,S_U0038,S0043,2026-02-07 04:02:08.369723,51
S_STR09545,S_U0100,S0028,2026-02-15 12:10:26.974790,86
S_STR09546,S_U0087,S0050,2026-02-21 11:05:00.182546,80
S_STR09547,S_U0085,S0043,2026-02-22 07:43:42.014989,154
S_STR09548,S_U0046,S0035,2026-02-25 21:27:49.193765,177
S_STR09549,S_U0043,S0023,2026-02-19 09:03:44.215806,143
S_STR09550,S_U0028,S0049,2026-02-02 14:56:43.131977,54
S_STR09551,S_U0094,S0040,2026-02-22 15:32:19.882691,98
S_STR09552,S_U0056,S0040,2026-02-22 20:20:36.715223,82
S_STR09553,S_U0042,S0015,2026-02-10 11:41:58.042966,131
S_STR09554,S_U0100,S0024,2026-02-20 18:01:55.060627,161
S_STR09555,S_U0020,S0041,2026-02-15 09:11:37.661705,14
S_STR09556,S_U0094,S0024,2026-02-20 16:15:56.368861,259
S_STR09557,S_U0077,S0028,2026-02-06 20:32:25.268724,72
S_STR09558,S_U0045,S0043,2026-02-12 00:04:53.671504,145
S_STR09559,S_U0073,S0028,2026-02-24 22:22:30.453646,119
S_STR09560,S_U0045,S0045,2026-02-17 01:56:36.486983,34
S_STR09561,S_U0047,S0020,2026-02-26 20:52:11.389572,24
S_STR09562,S_U0054,S0019,2026-02-06 03:45:00.085817,10
S_STR09563,S_U0067,S0038,2026-01-31 11:23:13.072859,123
S_STR09564,S_U0075,S0029,2026-02-05 19:04:20.311310,244
S_STR09565,S_U0026,S0013,2026-02-15 17:49:27.602525,38
S_STR09566,S_U0030,S0028,2026-02-05 03:03:29.258663,84
S_STR09567,S_U0092,S0021,2026-02-22 12:46:06.587058,155
S_STR09568,S_U0021,S0030,2026-02-16 19:05:38.237177,11
S_STR09569,S_U0059,S0048,2026-02-08 19:16:53.433098,140
S_STR09570,S_U0074,S0038,2026-02-13 04:28:55.517493,56
S_STR09571,S_U0071,S0019,2026-02-28 15:49:44.942683,65
S_STR09572,S_U0068,S0050,2026-02-12 18:43:32.160907,140
S_STR09573,S_U0074,S0023,2026-02-21 00:04:17.374456,17
S_STR09574,S_U0070,S0038,2026-02-02 01:45:58.069169,154
S_STR09575,S_U0083,S0046,2026-02-04 16:45:37.971223,15
S_STR09576,S_U0009,S0030,2026-02-13 03:01:03.328792,146
S_STR09577,S_U0084,S0038,2026-02-18 11:31:59.164847,22
S_STR09578,S_U0028,S0049,2026-02-26 01:24:14.459503,109
S_STR09579,S_U0038,S0050,2026-02-12 14:46:17.923904,70
S_STR09580,S_U0003,S0031,2026-02-12 18:06:45.858075,135
S_STR09581,S_U0038,S0030,2026-02-03 00:26:34.537174,102
S_STR09582,S_U0017,S0023,2026-02-14 11:23:55.283454,68
S_STR09583,S_U0024,S0019,2026-02-07 20:32:28.495883,23
S_STR09584,S_U0026,S0047,2026-02-11 00:10:55.181476,165
S_STR09585,S_U0065,S0042,2026-02-05 00:12:42.793668,216
S_STR09586,S_U0061,S0039,2026-02-01 03:20:19.118743,220
S_STR09587,S_U0060,S0048,2026-03-01 14:11:15.031619,118
S_STR09588,S_U0081,S0028,2026-02-07 20:11:22.772980,37
S_STR09589,S_U0041,S0045,2026-02-03 21:32:58.556420,169
S_STR09590,S_U0026,S0037,2026-02-14 12:27:49.644262,137
S_STR09591,S_U0011,S0049,2026-02-12 08:29:41.395013,5
S_STR09592,S_U0027,S0047,2026-02-13 13:41:10.046436,194
S_STR09593,S_U0083,S0036,2026-02-20 21:17:07.166803,31
S_STR09594,S_U0013,S0009,2026-02-24 14:20:40.897650,201
S_STR09595,S_U0051,S0025,2026-02-27 00:23:43.334442,26
S_STR09596,S_U0077,S0047,2026-02-22 00:31:07.953246,236
S_STR09597,S_U0077,S0048,2026-02-15 07:40:34.023802,200
S_STR09598,S_U0026,S0049,2026-02-08 20:36:39.987923,65
S_STR09599,S_U0084,S0023,2026-02-04 00:43:40.254649,186
S_STR09600,S_U0039,S0044,2026-02-05 17:17:50.089674,294
S_STR09601,S_U0078,S0030,2026-02-20 02:13:39.618391,140
S_STR09602,S_U0047,S0013,2026-02-07 01:33:14.283846,115
S_STR09603,S_U0089,S0034,2026-02-15 22:29:26.354566,42
S_STR09604,S_U0050,S0048,2026-02-13 21:50:58.772922,142
S_STR09605,S_U0078,S0038,2026-02-22 06:11:28.164132,179
S_STR09606,S_U0054,S0017,2026-03-01 15:34:20.556930,31
S_STR09607,S_U0047,S0044,2026-02-26 07:06:29.128566,25
S_STR09608,S_U0070,S0041,2026-01-31 18:09:45.701498,179
S_STR09609,S_U0069,S0046,2026-02-05 23:25:50.797643,138
S_STR09610,S_U0078,S0042,2026-02-04 14:55:24.242319,239
S_STR09611,S_U0008,S0031,2026-02-13 05:13:11.368692,15
S_STR09612,S_U0038,S0038,2026-02-12 00:54:14.098230,63
S_STR09613,S_U0037,S0030,2026-02-26 04:29:49.092606,158
S_STR09614,S_U0053,S0009,2026-02-10 13:29:28.381870,181
S_STR09615,S_U0011,S0039,2026-02-24 06:30:20.271900,183
S_STR09616,S_U0012,S0019,2026-02-27 02:47:53.966953,77
S_STR09617,S_U0045,S0044,2026-02-09 21:29:48.148748,114
S_STR09618,S_U0017,S0048,2026-02-24 20:33:41.435400,76
S_STR09619,S_U0049,S0014,2026-02-22 09:20:51.298820,147
S_STR09620,S_U0028,S0046,2026-02-11 01:05:06.675710,133
S_STR09621,S_U0074,S0019,2026-02-28 11:16:56.342885,268
S_STR09622,S_U0067,S0024,2026-02-04 06:24:16.259228,194
S_STR09623,S_U0014,S0047,2026-02-22 21:29:05.563905,106
S_STR09624,S_U0017,S0033,2026-02-21 01:32:50.328939,162
S_STR09625,S_U0013,S0017,2026-02-17 15:37:22.356012,93
S_STR09626,S_U0082,S0028,2026-02-04 01:48:42.813279,85
S_STR09627,S_U0039,S0026,2026-02-12 15:13:27.061567,237
S_STR09628,S_U0024,S0024,2026-02-19 18:25:57.758696,211
S_STR09629,S_U0086,S0048,2026-02-02 10:18:39.735709,114
S_STR09630,S_U0095,S0048,2026-02-09 07:09:46.273037,206
S_STR09631,S_U0008,S0010,2026-02-21 11:14:07.725272,77
S_STR09632,S_U0004,S0044,2026-02-11 17:05:37.887517,146
S_STR09633,S_U0003,S0039,2026-02-11 22:32:23.876029,183
S_STR09634,S_U0095,S0049,2026-02-09 21:28:01.942702,6
S_STR09635,S_U0077,S0041,2026-02-27 23:47:16.818268,168
S_STR09636,S_U0005,S0034,2026-01-31 11:58:12.109142,142
S_STR09637,S_U0051,S0013,2026-02-03 08:53:40.714495,23
S_STR09638,S_U0094,S0011,2026-02-05 07:41:56.604289,64
S_STR09639,S_U0026,S0044,2026-02-03 16:10:46.151790,264
S_STR09640,S_U0011,S0048,2026-02-15 08:44:55.686773,113
S_STR09641,S_U0002,S0013,2026-02-06 21:10:32.329320,6
S_STR09642,S_U0067,S0036,2026-02-06 08:16:38.781651,294
S_STR09643,S_U0055,S0045,2026-02-03 05:19:11.935973,192
S_STR09644,S_U0022,S0031,2026-02-19 10:56:43.791070,88
S_STR09645,S_U0035,S0007,2026-02-14 10:40:43.715214,18
S_STR09646,S_U0059,S0048,2026-02-14 07:02:47.739417,94
S_STR09647,S_U0009,S0025,2026-02-21 23:24:52.583708,105
S_STR09648,S_U0080,S0024,2026-02-18 23:49:16.190689,16
S_STR09649,S_U0006,S0020,2026-02-08 11:43:26.182471,17
S_STR09650,S_U0097,S0047,2026-02-27 06:17:26.861451,149
S_STR09651,S_U0045,S0029,2026-02-12 15:54:08.269690,211
S_STR09652,S_U0009,S0012,2026-02-19 06:47:47.675307,55
S_STR09653,S_U0042,S0038,2026-02-17 23:40:33.475660,67
S_STR09654,S_U0048,S0032,2026-02-22 13:40:17.531281,50
S_STR09655,S_U0061,S0039,2026-02-12 07:34:09.433314,348
S_STR09656,S_U0096,S0021,2026-02-22 01:35:59.273362,214
S_STR09657,S_U0017,S0047,2026-01-31 16:34:05.747874,252
S_STR09658,S_U0035,S0033,2026-02-17 22:49:27.778587,101
S_STR09659,S_U0011,S0048,2026-02-06 20:21:29.678645,91
S_STR09660,S_U0100,S0034,2026-02-15 08:55:31.149601,223
S_STR09661,S_U0020,S0029,2026-02-21 10:04:46.420429,117
S_STR09662,S_U0090,S0050,2026-02-21 20:36:03.129220,231
S_STR09663,S_U0100,S0038,2026-02-05 01:38:33.170600,148
S_STR09664,S_U0072,S0024,2026-02-13 11:01:25.440917,335
S_STR09665,S_U0033,S0049,2026-02-13 16:30:32.631926,32
S_STR09666,S_U0051,S0035,2026-02-22 17:54:07.803779,267
S_STR09667,S_U0069,S0040,2026-02-25 17:02:08.265438,79
S_STR09668,S_U0048,S0049,2026-02-13 07:41:48.654895,16
S_STR09669,S_U0048,S0009,2026-02-20 04:53:15.181225,93
S_STR09670,S_U0009,S0046,2026-02-19 08:31:16.576202,44
S_STR09671,S_U0034,S0042,2026-02-12 13:47:47.291594,189
S_STR09672,S_U0071,S0044,2026-02-01 01:54:47.154206,126
S_STR09673,S_U0075,S0041,2026-02-04 00:59:56.258388,79
S_STR09674,S_U0031,S0029,2026-03-01 07:38:55.149712,239
S_STR09675,S_U0066,S0048,2026-02-03 20:02:46.504163,100
S_STR09676,S_U0010,S0034,2026-02-27 19:00:36.224145,50
S_STR09677,S_U0034,S0039,2026-02-15 02:44:37.023836,297
S_STR09678,S_U0022,S0033,2026-02-07 11:31:45.919217,141
S_STR09679,S_U0030,S0028,2026-02-21 06:25:58.334713,290
S_STR09680,S_U0045,S0042,2026-02-14 23:17:19.393270,273
S_STR09681,S_U0082,S0048,2026-02-28 08:41:28.382127,98
S_STR09682,S_U0051,S0032,2026-02-05 02:13:19.820495,54
S_STR09683,S_U0027,S0032,2026-02-05 17:21:01.811783,49
S_STR09684,S_U0093,S0043,2026-02-13 20:36:08.704326,147
S_STR09685,S_U0034,S0015,2026-02-23 18:02:08.530282,181
S_STR09686,S_U0014,S0050,2026-02-03 02:38:41.276357,337
S_STR09687,S_U0045,S0033,2026-02-25 23:58:35.693230,164
S_STR09688,S_U0100,S0041,2026-02-20 16:29:11.679111,98
S_STR09689,S_U0001,S0046,2026-02-15 06:40:23.129736,177
S_STR09690,S_U0100,S0020,2026-02-13 13:41:47.081947,14
S_STR09691,S_U0067,S0008,2026-02-02 01:45:18.837638,65
S_STR09692,S_U0019,S0036,2026-02-28 02:20:55.069867,304
S_STR09693,S_U0024,S0019,2026-02-04 06:31:53.249288,181
S_STR09694,S_U0100,S0039,2026-02-11 14:17:53.075553,26
S_STR09695,S_U0070,S0021,2026-02-22 10:13:03.361001,119
S_STR09696,S_U0070,S0012,2026-02-28 05:51:06.966633,225
S_STR09697,S_U0001,S0048,2026-03-01 23:25:33.487642,146
S_STR09698,S_U0078,S0039,2026-02-22 20:01:00.627803,318
S_STR09699,S_U0068,S0034,2026-02-07 14:15:45.633993,128
S_STR09700,S_U0061,S0010,2026-02-14 22:13:21.996872,147
S_STR09701,S_U0083,S0050,2026-02-20 14:50:01.551655,102
S_STR09702,S_U0081,S0013,2026-02-02 04:44:44.084536,170
S_STR09703,S_U0043,S0020,2026-02-18 06:14:52.835819,35
S_STR09704,S_U0023,S0032,2026-02-12 19:14:49.064512,11
S_STR09705,S_U0100,S0032,2026-02-16 19:48:37.517976,245
S_STR09706,S_U0041,S0041,2026-02-21 09:51:32.137139,247
S_STR09707,S_U0043,S0021,2026-02-18 14:23:23.433762,228
S_STR09708,S_U0088,S0017,2026-02-26 04:32:18.256511,31
S_STR09709,S_U0084,S0044,2026-02-11 19:38:39.816984,340
S_STR09710,S_U0073,S0043,2026-02-13 02:48:41.067463,41
S_STR09711,S_U0033,S0046,2026-02-16 00:44:30.941514,20
S_STR09712,S_U0077,S0039,2026-02-21 19:10:45.281606,120
S_STR09713,S_U0010,S0024,2026-02-04 03:26:16.964541,144
S_STR09714,S_U0067,S0033,2026-01-31 22:24:14.200132,106
S_STR09715,S_U0098,S0029,2026-02-13 01:21:31.465467,172
S_STR09716,S_U0080,S0037,2026-02-13 17:00:32.963494,114
S_STR09717,S_U0085,S0043,2026-02-11 15:40:55.748888,129
S_STR09718,S_U0100,S0044,2026-02-23 08:30:31.575441,81
S_STR09719,S_U0026,S0029,2026-02-02 04:35:10.545451,41
S_STR09720,S_U0096,S0026,2026-02-13 21:46:58.014080,10
S_STR09721,S_U0043,S0010,2026-02-09 08:59:26.030405,215
S_STR09722,S_U0027,S0047,2026-02-03 12:57:20.575644,135
S_STR09723,S_U0080,S0026,2026-02-03 18:19:13.626819,39
S_STR09724,S_U0059,S0031,2026-02-28 09:46:35.033578,112
S_STR09725,S_U0038,S0049,2026-02-17 18:25:24.745034,75
S_STR09726,S_U0008,S0035,2026-02-27 00:53:49.084033,32
S_STR09727,S_U0067,S0042,2026-02-01 18:11:14.509240,18
S_STR09728,S_U0029,S0022,2026-02-06 18:54:10.709912,86
S_STR09729,S_U0066,S0031,2026-02-09 01:30:01.703371,138
S_STR09730,S_U0063,S0044,2026-02-15 16:16:30.983665,147
S_STR09731,S_U0041,S0033,2026-02-20 02:19:35.086771,45
S_STR09732,S_U0041,S0044,2026-02-19 17:59:02.677924,171
S_STR09733,S_U0088,S0043,2026-02-28 20:39:52.462586,98
S_STR09734,S_U0080,S0022,2026-02-07 08:43:18.353974,22
S_STR09735,S_U0083,S0005,2026-02-26 15:56:53.523109,230
S_STR09736,S_U0081,S0035,2026-02-16 07:52:46.557588,58
S_STR09737,S_U0082,S0039,2026-02-19 21:25:14.935911,73
S_STR09738,S_U0019,S0027,2026-02-17 22:27:23.921354,243
S_STR09739,S_U0050,S0044,2026-02-26 22:04:31.392112,154
S_STR09740,S_U0087,S0035,2026-01-31 12:16:50.475188,58
S_STR09741,S_U0072,S0028,2026-03-01 16:01:22.526651,215
S_STR09742,S_U0046,S0021,2026-02-02 10:55:03.422571,257
S_STR09743,S_U0090,S0035,2026-02-14 13:29:13.449847,134
S_STR09744,S_U0031,S0047,2026-02-04 20:03:20.457793,220
S_STR09745,S_U0017,S0027,2026-02-11 00:16:18.544583,40
S_STR09746,S_U0049,S0043,2026-02-17 03:34:29.440998,86
S_STR09747,S_U0090,S0044,2026-02-14 05:16:07.963257,284
S_STR09748,S_U0017,S0035,2026-02-15 04:23:52.592021,199
S_STR09749,S_U0014,S0031,2026-02-02 01:11:40.754585,113
S_STR09750,S_U0077,S0040,2026-02-16 00:50:20.266640,20
S_STR09751,S_U0009,S0018,2026-02-24 08:33:30.679154,45
S_STR09752,S_U0015,S0048,2026-02-28 05:52:42.224448,120
S_STR09753,S_U0062,S0036,2026-02-16 10:15:27.832870,29
S_STR09754,S_U0014,S0021,2026-01-31 18:23:24.421204,49
S_STR09755,S_U0011,S0026,2026-02-06 02:45:20.658448,240
S_STR09756,S_U0098,S0044,2026-02-25 07:19:20.694038,178
S_STR09757,S_U0017,S0038,2026-02-13 13:16:41.615540,68
S_STR09758,S_U0046,S0045,2026-02-21 00:21:06.383979,107
S_STR09759,S_U0069,S0022,2026-02-06 04:35:49.242092,57
S_STR09760,S_U0018,S0045,2026-02-25 21:25:17.900754,200
S_STR09761,S_U0059,S0042,2026-02-04 16:27:26.522914,148
S_STR09762,S_U0062,S0048,2026-02-20 01:11:42.429846,125
S_STR09763,S_U0099,S0032,2026-02-11 16:54:43.426252,178
S_STR09764,S_U0059,S0016,2026-02-13 10:51:56.425054,17
S_STR09765,S_U0042,S0043,2026-02-27 02:42:30.330221,114
S_STR09766,S_U0031,S0023,2026-03-02 02:51:38.729217,20
S_STR09767,S_U0021,S0034,2026-02-06 08:43:37.640677,156
S_STR09768,S_U0026,S0046,2026-02-24 13:19:59.779816,21
S_STR09769,S_U0082,S0029,2026-02-11 10:58:18.558709,101
S_STR09770,S_U0040,S0024,2026-02-12 14:34:27.314631,137
S_STR09771,S_U0010,S0039,2026-02-23 19:34:19.082740,52
S_STR09772,S_U0088,S0016,2026-02-05 15:45:56.679030,272
S_STR09773,S_U0071,S0039,2026-02-19 09:02:50.010495,282
S_STR09774,S_U0073,S0026,2026-02-01 07:21:12.966794,250
S_STR09775,S_U0049,S0023,2026-02-11 20:09:13.661591,240
S_STR09776,S_U0057,S0016,2026-01-31 22:22:40.503055,211
S_STR09777,S_U0078,S0016,2026-02-06 18:03:05.285172,71
S_STR09778,S_U0005,S0032,2026-02-26 06:07:32.928881,150
S_STR09779,S_U0008,S0032,2026-02-24 04:19:06.270392,32
S_STR09780,S_U0072,S0038,2026-02-25 10:00:42.366486,10
S_STR09781,S_U0067,S0028,2026-02-16 08:09:20.962460,235
S_STR09782,S_U0056,S0010,2026-02-11 16:00:06.762491,52
S_STR09783,S_U0044,S0035,2026-02-06 09:30:46.378814,252
S_STR09784,S_U0014,S0042,2026-02-01 08:01:45.465888,140
S_STR09785,S_U0059,S0039,2026-02-24 07:53:18.871063,222
S_STR09786,S_U0063,S0037,2026-02-13 19:07:46.116470,112
S_STR09787,S_U0030,S0027,2026-02-24 08:00:47.223536,152
S_STR09788,S_U0071,S0017,2026-02-20 09:10:00.352156,72
S_STR09789,S_U0099,S0008,2026-02-07 22:35:14.934912,117
S_STR09790,S_U0038,S0034,2026-02-05 21:22:58.107764,72
S_STR09791,S_U0007,S0044,2026-02-13 11:50:32.690357,332
S_STR09792,S_U0008,S0040,2026-02-17 05:19:38.624597,56
S_STR09793,S_U0075,S0048,2026-02-04 01:49:09.556854,179
S_STR09794,S_U0033,S0032,2026-02-16 10:25:44.633390,273
S_STR09795,S_U0009,S0026,2026-02-28 02:40:38.175062,230
S_STR09796,S_U0016,S0033,2026-02-05 00:24:07.666701,116
S_STR09797,S_U0088,S0050,2026-02-12 03:31:02.762282,141
S_STR09798,S_U0057,S0049,2026-02-25 00:49:19.453460,42
S_STR09799,S_U0009,S0029,2026-02-18 13:30:24.313402,48
S_STR09800,S_U0079,S0030,2026-02-19 06:31:23.349447,120
S_STR09801,S_U0056,S0043,2026-02-14 22:43:21.854809,126
S_STR09802,S_U0097,S0011,2026-02-22 22:20:20.094940,58
S_STR09803,S_U0072,S0043,2026-02-02 05:40:59.316642,59
S_STR09804,S_U0076,S0042,2026-02-03 17:06:04.743774,72
S_STR09805,S_U0066,S0024,2026-02-17 09:26:41.498594,326
S_STR09806,S_U0002,S0019,2026-02-16 13:37:00.337148,44
S_STR09807,S_U0097,S0034,2026-02-10 18:09:54.248033,75
S_STR09808,S_U0017,S0024,2026-01-31 23:47:13.757122,42
S_STR09809,S_U0075,S0016,2026-02-04 14:22:43.122986,180
S_STR09810,S_U0079,S0038,2026-02-17 22:33:26.010865,12
S_STR09811,S_U0084,S0042,2026-02-02 19:11:29.844041,65
S_STR09812,S_U0063,S0036,2026-02-20 06:19:34.444984,259
S_STR09813,S_U0093,S0035,2026-02-12 08:12:28.460901,170
S_STR09814,S_U0064,S0045,2026-02-25 22:43:41.775072,156
S_STR09815,S_U0060,S0029,2026-02-27 16:00:25.870879,40
S_STR09816,S_U0084,S0014,2026-02-10 18:54:48.023986,203
S_STR09817,S_U0077,S0045,2026-02-01 19:45:51.656301,74
S_STR09818,S_U0054,S0041,2026-02-23 01:42:19.097690,158
S_STR09819,S_U0053,S0041,2026-02-25 21:02:28.440078,222
S_STR09820,S_U0096,S0030,2026-02-21 12:19:10.892185,35
S_STR09821,S_U0086,S0020,2026-02-25 09:44:43.467987,129
S_STR09822,S_U0006,S0017,2026-02-15 23:16:28.082396,98
S_STR09823,S_U0009,S0025,2026-02-02 21:44:14.546346,44
S_STR09824,S_U0028,S0035,2026-02-03 13:51:38.144912,16
S_STR09825,S_U0080,S0021,2026-02-14 20:48:24.433118,58
S_STR09826,S_U0045,S0024,2026-03-01 20:15:44.178824,269
S_STR09827,S_U0055,S0047,2026-02-16 20:59:57.744913,220
S_STR09828,S_U0038,S0042,2026-02-11 23:27:59.317048,78
S_STR09829,S_U0097,S0043,2026-02-14 04:18:01.525670,80
S_STR09830,S_U0028,S0020,2026-02-09 10:35:14.276273,42
S_STR09831,S_U0036,S0043,2026-02-03 12:45:47.594959,41
S_STR09832,S_U0100,S0021,2026-02-11 09:55:45.593919,250
S_STR09833,S_U0086,S0014,2026-03-01 23:50:47.211539,81
S_STR09834,S_U0090,S0035,2026-02-13 18:27:38.758419,36
S_STR09835,S_U0044,S0045,2026-02-24 03:24:28.886386,54
S_STR09836,S_U0090,S0036,2026-02-23 06:46:58.967624,30
S_STR09837,S_U0052,S0040,2026-02-26 05:30:56.986299,55
S_STR09838,S_U0084,S0044,2026-02-14 12:21:33.608451,271
S_STR09839,S_U0079,S0036,2026-02-14 00:22:41.173410,32
S_STR09840,S_U0087,S0040,2026-02-11 13:33:05.485987,79
S_STR09841,S_U0085,S0042,2026-02-02 08:12:46.738561,152
S_STR09842,S_U0074,S0008,2026-02-09 07:45:58.464663,118
S_STR09843,S_U0010,S0025,2026-02-05 20:42:02.683735,133
S_STR09844,S_U0066,S0030,2026-02-11 23:03:57.102051,129
S_STR09845,S_U0027,S0047,2026-02-18 04:22:14.416905,46
S_STR09846,S_U0097,S0012,2026-02-27 15:45:12.979557,19
S_STR09847,S_U0039,S0038,2026-02-25 00:40:26.360627,12
S_STR09848,S_U0053,S0040,2026-02-15 22:17:29.810117,58
S_STR09849,S_U0020,S0037,2026-02-11 16:21:47.020807,54
S_STR09850,S_U0065,S0024,2026-02-14 12:42:44.302676,167
S_STR09851,S_U0091,S0040,2026-02-25 14:53:32.815059,117
S_STR09852,S_U0023,S0029,2026-02-07 16:49:23.763464,224
S_STR09853,S_U0095,S0029,2026-02-15 14:38:44.671848,153
S_STR09854,S_U0049,S0048,2026-01-31 13:58:33.638825,154
S_STR09855,S_U0069,S0028,2026-03-02 01:26:22.013624,248
S_STR09856,S_U0086,S0033,2026-02-17 10:44:14.618088,16
S_STR09857,S_U0046,S0024,2026-02-11 04:41:54.621837,219
S_STR09858,S_U0007,S0010,2026-02-13 10:08:28.971402,6
S_STR09859,S_U0078,S0019,2026-02-19 17:32:07.752460,281
S_STR09860,S_U0075,S0035,2026-02-10 16:14:56.622090,75
S_STR09861,S_U0089,S0021,2026-02-04 09:45:11.032083,218
S_STR09862,S_U0068,S0030,2026-02-15 21:36:47.712598,157
S_STR09863,S_U0023,S0033,2026-02-21 07:28:14.470472,155
S_STR09864,S_U0039,S0038,2026-02-01 15:19:32.641765,134
S_STR09865,S_U0031,S0044,2026-02-02 15:26:24.025368,329
S_STR09866,S_U0093,S0042,2026-02-20 01:36:07.245019,21
S_STR09867,S_U0064,S0031,2026-02-20 04:19:54.650609,123
S_STR09868,S_U0077,S0030,2026-03-01 02:43:47.813461,64
S_STR09869,S_U0001,S0039,2026-02-28 07:38:27.151417,95
S_STR09870,S_U0055,S0046,2026-02-02 18:57:02.986463,108
S_STR09871,S_U0004,S0035,2026-02-21 04:15:40.076854,215
S_STR09872,S_U0099,S0045,2026-02-24 00:31:01.547472,147
S_STR09873,S_U0085,S0030,2026-02-10 14:26:21.829642,90
S_STR09874,S_U0096,S0018,2026-02-26 13:59:35.225913,40
S_STR09875,S_U0058,S0038,2026-02-10 13:57:55.771077,28
S_STR09876,S_U0062,S0028,2026-02-18 16:03:55.750279,111
S_STR09877,S_U0029,S0016,2026-02-19 02:34:53.098145,7
S_STR09878,S_U0014,S0018,2026-02-05 02:15:42.513331,146
S_STR09879,S_U0091,S0044,2026-02-23 13:17:08.407686,308
S_STR09880,S_U0073,S0030,2026-02-21 19:21:59.456703,126
S_STR09881,S_U0022,S0049,2026-02-13 23:20:28.677033,56
S_STR09882,S_U0028,S0049,2026-02-01 04:24:04.067719,53
S_STR09883,S_U0087,S0044,2026-02-08 23:31:07.845499,319
S_STR09884,S_U0088,S0030,2026-02-16 18:57:12.804190,85
S_STR09885,S_U0062,S0026,2026-03-01 18:54:19.557681,193
S_STR09886,S_U0079,S0028,2026-02-09 04:10:22.102690,198
S_STR09887,S_U0003,S0027,2026-02-22 11:49:40.521429,161
S_STR09888,S_U0072,S0044,2026-02-16 13:24:19.929995,238
S_STR09889,S_U0068,S0024,2026-02-07 13:47:50.095004,202
S_STR09890,S_U0084,S0023,2026-02-14 08:25:36.773509,33
S_STR09891,S_U0060,S0041,2026-02-22 10:52:14.036278,57
S_STR09892,S_U0028,S0029,2026-02-09 02:48:58.409936,77
S_STR09893,S_U0089,S0044,2026-02-25 04:56:39.892159,49
S_STR09894,S_U0021,S0017,2026-02-21 13:04:38.366906,58
S_STR09895,S_U0077,S0043,2026-02-17 08:27:52.266450,86
S_STR09896,S_U0037,S0043,2026-02-15 12:50:52.095497,132
S_STR09897,S_U0054,S0026,2026-02-04 08:46:10.483586,6
S_STR09898,S_U0059,S0022,2026-02-15 06:29:10.311550,74
S_STR09899,S_U0038,S0036,2026-02-21 21:37:03.863920,316
S_STR09900,S_U0073,S0013,2026-02-01 22:36:53.754893,32
S_STR09901,S_U0038,S0027,2026-02-24 02:53:20.762790,13
S_STR09902,S_U0013,S0039,2026-02-24 14:12:24.903453,8
S_STR09903,S_U0052,S0040,2026-02-10 21:19:40.786673,57
S_STR09904,S_U0098,S0048,2026-02-20 21:50:37.586432,270
S_STR09905,S_U0088,S0014,2026-02-21 18:10:07.998697,69
S_STR09906,S_U0072,S0016,2026-02-19 02:46:04.923641,68
S_STR09907,S_U0038,S0024,2026-02-06 22:22:05.977378,210
S_STR09908,S_U0041,S0027,2026-02-01 15:57:13.666021,238
S_STR09909,S_U0003,S0050,2026-02-08 20:07:42.901314,252
S_STR09910,S_U0089,S0048,2026-02-09 06:31:10.154680,85
S_STR09911,S_U0009,S0042,2026-02-05 13:51:49.561554,148
S_STR09912,S_U0051,S0036,2026-02-13 01:59:20.257843,15
S_STR09913,S_U0041,S0027,2026-02-23 10:33:37.846974,70
S_STR09914,S_U0008,S0023,2026-02-12 11:28:21.348890,198
S_STR09915,S_U0041,S0029,2026-02-26 18:48:47.094811,89
S_STR09916,S_U0044,S0038,2026-02-24 00:55:40.472920,66
S_STR09917,S_U0002,S0030,2026-02-27 03:39:08.688328,101
S_STR09918,S_U0023,S0050,2026-02-01 14:53:01.911278,273
S_STR09919,S_U0009,S0019,2026-03-01 01:53:47.733902,68
S_STR09920,S_U0096,S0027,2026-02-04 14:34:31.951173,77
S_STR09921,S_U0078,S0030,2026-02-19 06:55:28.344444,78
S_STR09922,S_U0076,S0022,2026-02-02 12:03:33.832431,37
S_STR09923,S_U0074,S0041,2026-02-06 05:16:24.014622,13
S_STR09924,S_U0048,S0008,2026-02-24 23:32:59.915785,247
S_STR09925,S_U0003,S0028,2026-02-24 15:30:39.674284,147
S_STR09926,S_U0049,S0018,2026-02-24 13:56:31.029978,230
S_STR09927,S_U0081,S0043,2026-02-20 19:42:45.273483,13
S_STR09928,S_U0030,S0024,2026-02-13 18:48:04.595705,7
S_STR09929,S_U0007,S0027,2026-02-08 19:36:00.187947,168
S_STR09930,S_U0045,S0040,2026-02-10 19:47:14.477689,34
S_STR09931,S_U0073,S0042,2026-02-03 21:47:33.961080,129
S_STR09932,S_U0056,S0045,2026-02-12 21:51:36.188898,191
S_STR09933,S_U0096,S0022,2026-02-26 22:07:51.636760,171
S_STR09934,S_U0040,S0003,2026-02-07 05:54:13.548216,96
S_STR09935,S_U0081,S0037,2026-02-07 09:53:40.000774,113
S_STR09936,S_U0026,S0034,2026-02-26 00:44:34.855683,191
S_STR09937,S_U0062,S0021,2026-02-16 10:40:34.650309,132
S_STR09938,S_U0064,S0012,2026-02-16 10:26:08.886767,235
S_STR09939,S_U0041,S0036,2026-02-03 03:09:59.269300,312
S_STR09940,S_U0051,S0037,2026-02-25 04:21:59.048546,23
S_STR09941,S_U0033,S0047,2026-02-21 05:45:48.159789,107
S_STR09942,S_U0089,S0014,2026-02-11 02:13:42.120087,190
S_STR09943,S_U0048,S0037,2026-02-09 19:44:27.241627,23
S_STR09944,S_U0037,S0040,2026-02-25 20:13:41.319761,13
S_STR09945,S_U0062,S0048,2026-02-21 14:23:11.150832,61
S_STR09946,S_U0069,S0031,2026-02-11 07:22:42.173146,113
S_STR09947,S_U0030,S0028,2026-02-11 10:48:17.352791,205
S_STR09948,S_U0021,S0041,2026-02-03 08:00:49.970263,215
S_STR09949,S_U0021,S0049,2026-02-25 18:52:18.011716,59
S_STR09950,S_U0031,S0034,2026-02-22 12:40:18.615142,146
S_STR09951,S_U0010,S0047,2026-02-07 12:00:32.502379,68
S_STR09952,S_U0097,S0035,2026-02-21 08:53:30.305914,143
S_STR09953,S_U0077,S0041,2026-02-03 18:33:48.330066,224
S_STR09954,S_U0013,S0044,2026-02-25 10:37:16.888415,275
S_STR09955,S_U0046,S0041,2026-02-06 20:38:07.058475,65
S_STR09956,S_U0005,S0020,2026-02-15 08:03:39.076306,32
S_STR09957,S_U0056,S0032,2026-02-12 16:48:04.102508,200
S_STR09958,S_U0095,S0033,2026-02-15 14:21:30.459156,112
S_STR09959,S_U0008,S0011,2026-02-14 13:31:07.344546,259
S_STR09960,S_U0035,S0048,2026-02-12 06:02:27.737326,53
S_STR09961,S_U0067,S0040,2026-02-22 15:14:31.717771,29
S_STR09962,S_U0018,S0020,2026-02-12 21:29:08.906772,62
S_STR09963,S_U0008,S0050,2026-02-01 19:07:55.120189,95
S_STR09964,S_U0088,S0023,2026-02-03 03:45:05.550652,102
S_STR09965,S_U0060,S0042,2026-03-02 10:13:49.941276,231
S_STR09966,S_U0050,S0040,2026-02-08 09:49:31.304232,73
S_STR09967,S_U0047,S0033,2026-02-17 10:47:34.240310,51
S_STR09968,S_U0013,S0050,2026-02-12 23:31:29.546843,77
S_STR09969,S_U0025,S0046,2026-02-01 19:22:45.760629,33
S_STR09970,S_U0065,S0040,2026-03-01 13:09:27.245935,40
S_STR09971,S_U0058,S0046,2026-02-04 17:00:07.203253,155
S_STR09972,S_U0080,S0033,2026-02-15 01:12:40.851988,108
S_STR09973,S_U0052,S0026,2026-02-17 20:20:21.578261,284
S_STR09974,S_U0011,S0038,2026-02-06 08:34:46.947743,162
S_STR09975,S_U0016,S0024,2026-02-16 04:06:46.943601,110
S_STR09976,S_U0013,S0042,2026-02-05 03:24:22.842967,122
S_STR09977,S_U0072,S0020,2026-02-15 10:52:02.515487,119
S_STR09978,S_U0016,S0044,2026-02-26 22:11:39.544106,261
S_STR09979,S_U0036,S0032,2026-02-23 01:01:07.899202,108
S_STR09980,S_U0008,S0041,2026-02-25 05:45:42.269325,255
S_STR09981,S_U0081,S0039,2026-02-13 00:18:13.700902,151
S_STR09982,S_U0059,S0040,2026-02-01 23:31:08.291584,108
S_STR09983,S_U0044,S0031,2026-02-12 11:35:16.653049,90
S_STR09984,S_U0032,S0019,2026-02-05 18:59:42.977983,276
S_STR09985,S_U0093,S0045,2026-02-18 09:30:09.838112,107
S_STR09986,S_U0038,S0048,2026-02-06 06:42:08.034830,129
S_STR09987,S_U0061,S0034,2026-02-08 09:05:13.020891,31
S_STR09988,S_U0065,S0045,2026-02-24 11:45:35.835432,92
S_STR09989,S_U0053,S0045,2026-02-06 01:28:47.016969,152
S_STR09990,S_U0080,S0026,2026-02-22 01:23:35.336502,215
S_STR09991,S_U0070,S0043,2026-02-17 18:45:16.100213,151
S_STR09992,S_U0098,S0035,2026-02-04 12:18:11.286323,160
S_STR09993,S_U0025,S0031,2026-02-26 09:20:10.781434,146
S_STR09994,S_U0037,S0041,2026-02-15 13:45:20.574546,100
S_STR09995,S_U0012,S0039,2026-02-08 23:02:34.089375,58
S_STR09996,S_U0098,S0018,2026-03-02 09:43:11.384392,223
S_STR09997,S_U0009,S0035,2026-02-05 14:35:32.254218,201
S_STR09998,S_U0047,S0040,2026-02-09 20:57:49.725867,106
S_STR09999,S_U0074,S0045,2026-02-14 17:14:16.851585,192
S_STR10000,S_U0098,S0037,2026-03-02 04:27:43.336582,55
