stream_id,user_id,song_id,timestamp,duration_listened
D_STR00001,D_U0094,D0045,2026-02-18 07:03:20.727389,93
D_STR00002,D_U0049,D0016,2026-02-12 17:26:14.138963,140
D_STR00003,D_U0078,D0014,2026-02-27 04:37:59.280275,90
D_STR00004,D_U0030,D0032,2026-02-21 19:15:39.365576,36
D_STR00005,D_U0004,D0042,2026-02-08 15:50:17.216341,217
D_STR00006,D_U0032,D0029,2026-02-12 11:37:50.158636,131
D_STR00007,D_U0032,D0017,2026-02-19 02:03:14.574471,22
D_STR00008,D_U0054,D0046,2026-02-27 03:48:09.649632,21
D_STR00009,D_U0074,D0033,2026-02-01 12:44:18.746614,98
D_STR00010,D_U0040,D0047,2026-02-22 15:36:15.992627,61
D_STR00011,D_U0066,D0029,2026-02-09 06:30:38.135677,304
D_STR00012,D_U0077,D0048,2026-02-07 11:47:15.523642,215
D_STR00013,D_U0073,D0017,2026-02-04 22:07:57.880639,13
D_STR00014,D_U0077,D0034,2026-02-15 22:21:06.112338,133
D_STR00015,D_U0039,D0045,2026-02-25 05:53:09.685373,129
D_STR00016,D_U0051,D0027,2026-02-03 18:23:43.377084,160
D_STR00017,D_U0095,D0031,2026-02-07 05:50:38.630471,100
D_STR00018,D_U0021,D0048,2026-03-02 07:13:30.533821,155
D_STR00019,D_U0097,D0044,2026-02-10 04:27:41.938563,297
D_STR00020,D_U0036,D0049,2026-02-17 19:35:49.140985,60
D_STR00021,D_U0070,D0040,2026-02-14 12:57:35.738199,74
D_STR00022,D_U0070,D0050,2026-02-18 13:31:54.086362,228
D_STR00023,D_U0094,D0025,2026-02-07 08:36:02.849839,118
D_STR00024,D_U0097,D0029,2026-02-08 03:19:37.610101,326
D_STR00025,D_U0080,D0020,2026-02-19 22:01:11.240027,35
D_STR00026,D_U0002,D0034,2026-02-08 23:59:10.442398,168
D_STR00027,D_U0063,D0034,2026-02-22 15:09:59.018376,26
D_STR00028,D_U0012,D0024,2026-02-23 17:22:53.045288,136
D_STR00029,D_U0013,D0022,2026-02-20 09:16:39.447761,41
D_STR00030,D_U0069,D0029,2026-02-04 19:34:10.549378,69
D_STR00031,D_U0015,D0024,2026-02-13 06:40:50.400224,252
D_STR00032,D_U0024,D0037,2026-02-13 02:33:07.852652,61
D_STR00033,D_U0021,D0045,2026-02-14 12:34:49.127376,48
D_STR00034,D_U0044,D0018,2026-02-24 20:42:03.959317,299
D_STR00035,D_U0039,D0045,2026-02-04 11:10:22.271050,133
D_STR00036,D_U0043,D0031,2026-03-01 17:26:23.548797,90
D_STR00037,D_U0019,D0028,2026-02-23 01:19:19.168497,90
D_STR00038,D_U0022,D0020,2026-02-21 08:10:17.020484,134
D_STR00039,D_U0001,D0049,2026-02-03 15:55:14.124862,9
D_STR00040,D_U0014,D0028,2026-01-31 21:35:32.034676,230
D_STR00041,D_U0067,D0037,2026-02-25 13:14:35.001989,10
D_STR00042,D_U0086,D0044,2026-02-27 13:02:21.437757,85
D_STR00043,D_U0088,D0031,2026-02-05 00:23:31.109505,119
D_STR00044,D_U0089,D0041,2026-02-03 22:32:02.835527,138
D_STR00045,D_U0066,D0031,2026-02-14 20:51:23.179060,98
D_STR00046,D_U0045,D0049,2026-02-13 02:39:27.682652,26
D_STR00047,D_U0017,D0021,2026-02-01 12:18:16.195159,41
D_STR00048,D_U0094,D0026,2026-02-16 07:34:18.293571,143
D_STR00049,D_U0100,D0048,2026-02-04 17:04:35.408301,252
D_STR00050,D_U0035,D0043,2026-02-20 07:16:43.965834,129
D_STR00051,D_U0070,D0020,2026-02-06 22:11:08.642472,155
D_STR00052,D_U0022,D0015,2026-02-21 09:27:45.978030,220
D_STR00053,D_U0038,D0042,2026-02-13 07:55:24.062742,173
D_STR00054,D_U0027,D0037,2026-02-09 13:25:53.504756,125
D_STR00055,D_U0017,D0033,2026-02-13 12:24:19.065547,15
D_STR00056,D_U0037,D0012,2026-02-03 01:22:45.057891,264
D_STR00057,D_U0069,D0044,2026-02-23 10:20:51.837312,88
D_STR00058,D_U0055,D0044,2026-02-19 03:49:13.806427,184
D_STR00059,D_U0075,D0015,2026-02-16 17:11:04.547696,24
D_STR00060,D_U0065,D0047,2026-02-22 13:26:00.414087,132
D_STR00061,D_U0088,D0020,2026-02-19 10:02:39.686042,27
D_STR00062,D_U0062,D0032,2026-02-22 06:03:45.126517,172
D_STR00063,D_U0043,D0026,2026-02-23 15:00:24.990581,163
D_STR00064,D_U0041,D0032,2026-02-12 16:29:06.102623,154
D_STR00065,D_U0050,D0045,2026-02-27 11:46:51.845604,109
D_STR00066,D_U0077,D0031,2026-02-21 03:44:36.597248,42
D_STR00067,D_U0078,D0025,2026-02-15 08:23:01.519625,43
D_STR00068,D_U0098,D0017,2026-02-04 14:41:55.500516,54
D_STR00069,D_U0030,D0038,2026-02-27 09:46:12.442406,133
D_STR00070,D_U0054,D0042,2026-02-19 17:14:47.081280,112
D_STR00071,D_U0032,D0015,2026-02-05 03:59:14.181905,6
D_STR00072,D_U0095,D0013,2026-02-24 12:19:24.028579,41
D_STR00073,D_U0098,D0049,2026-03-01 16:49:46.442672,117
D_STR00074,D_U0049,D0009,2026-02-19 18:41:30.767357,76
D_STR00075,D_U0095,D0034,2026-02-07 03:21:15.957231,107
D_STR00076,D_U0029,D0021,2026-01-31 22:51:45.883736,169
D_STR00077,D_U0050,D0036,2026-02-17 00:22:22.017403,80
D_STR00078,D_U0054,D0047,2026-02-11 09:36:43.061711,154
D_STR00079,D_U0060,D0038,2026-02-20 12:04:03.436575,7
D_STR00080,D_U0071,D0028,2026-02-01 07:29:57.174056,5
D_STR00081,D_U0056,D0042,2026-02-12 01:33:21.626795,35
D_STR00082,D_U0031,D0038,2026-02-07 14:43:21.915812,148
D_STR00083,D_U0024,D0007,2026-02-16 18:40:41.931048,83
D_STR00084,D_U0018,D0021,2026-02-19 14:59:49.588121,181
D_STR00085,D_U0030,D0036,2026-02-17 02:30:53.101818,126
D_STR00086,D_U0035,D0041,2026-03-01 15:18:57.791854,33
D_STR00087,D_U0094,D0041,2026-02-21 16:59:24.760751,134
D_STR00088,D_U0039,D0034,2026-02-25 11:01:43.816226,29
D_STR00089,D_U0035,D0046,2026-02-10 15:55:47.173407,89
D_STR00090,D_U0038,D0031,2026-02-03 11:32:58.338885,78
D_STR00091,D_U0089,D0023,2026-02-06 01:01:31.005581,165
D_STR00092,D_U0033,D0035,2026-02-19 06:27:38.685545,143
D_STR00093,D_U0017,D0047,2026-02-28 03:32:38.552359,145
D_STR00094,D_U0051,D0046,2026-02-27 05:45:04.983151,78
D_STR00095,D_U0045,D0039,2026-02-19 01:18:07.518308,108
D_STR00096,D_U0011,D0039,2026-02-01 18:52:38.200375,319
D_STR00097,D_U0021,D0033,2026-02-15 23:10:24.524023,129
D_STR00098,D_U0023,D0038,2026-02-13 12:31:52.033628,39
D_STR00099,D_U0085,D0048,2026-02-21 10:50:29.249182,203
D_STR00100,D_U0066,D0049,2026-02-04 04:40:12.295532,100
D_STR00101,D_U0020,D0033,2026-02-07 05:34:38.276191,167
D_STR00102,D_U0071,D0035,2026-02-11 09:28:58.758718,164
D_STR00103,D_U0010,D0026,2026-02-17 22:15:45.513028,273
D_STR00104,D_U0011,D0042,2026-02-07 23:36:09.350564,48
D_STR00105,D_U0062,D0047,2026-02-09 00:20:56.382437,106
D_STR00106,D_U0024,D0030,2026-03-01 21:16:30.939381,42
D_STR00107,D_U0059,D0043,2026-02-26 02:05:40.721750,38
D_STR00108,D_U0011,D0029,2026-02-04 00:42:43.943376,196
D_STR00109,D_U0073,D0014,2026-02-08 18:17:43.875921,263
D_STR00110,D_U0032,D0048,2026-02-25 20:10:26.861762,189
D_STR00111,D_U0085,D0021,2026-02-19 18:15:18.353662,230
D_STR00112,D_U0033,D0043,2026-02-15 08:10:09.771047,93
D_STR00113,D_U0067,D0043,2026-02-18 18:04:30.285850,44
D_STR00114,D_U0093,D0025,2026-02-21 19:15:54.028643,10
D_STR00115,D_U0080,D0034,2026-02-05 11:05:14.187624,16
D_STR00116,D_U0011,D0014,2026-02-17 05:00:07.891840,164
D_STR00117,D_U0082,D0048,2026-02-17 05:25:22.862874,203
D_STR00118,D_U0028,D0049,2026-02-24 08:31:35.524679,11
D_STR00119,D_U0052,D0038,2026-02-17 20:36:22.577924,163
D_STR00120,D_U0094,D0046,2026-02-04 06:48:56.658364,125
D_STR00121,D_U0009,D0041,2026-02-08 09:32:46.734279,136
D_STR00122,D_U0092,D0042,2026-02-02 11:23:22.056666,80
D_STR00123,D_U0032,D0040,2026-02-12 01:13:58.825945,60
D_STR00124,D_U0090,D0015,2026-02-06 15:19:15.101636,165
D_STR00125,D_U0065,D0047,2026-02-10 17:35:24.161638,95
D_STR00126,D_U0053,D0042,2026-02-13 10:29:32.207577,160
D_STR00127,D_U0002,D0022,2026-02-25 16:56:16.906108,185
D_STR00128,D_U0089,D0013,2026-02-01 05:39:00.005907,147
D_STR00129,D_U0028,D0043,2026-02-18 13:49:02.886572,15
D_STR00130,D_U0010,D0025,2026-02-05 21:25:08.591162,13
D_STR00131,D_U0004,D0044,2026-02-18 07:39:42.045826,115
D_STR00132,D_U0050,D0024,2026-02-20 12:51:38.827687,160
D_STR00133,D_U0039,D0029,2026-02-04 07:45:04.130399,139
D_STR00134,D_U0078,D0048,2026-02-17 22:00:11.032002,115
D_STR00135,D_U0005,D0043,2026-03-01 08:54:03.526288,44
D_STR00136,D_U0090,D0027,2026-02-24 10:10:29.149830,121
D_STR00137,D_U0091,D0038,2026-02-25 16:01:32.954431,72
D_STR00138,D_U0088,D0019,2026-02-27 20:42:45.292320,6
D_STR00139,D_U0015,D0042,2026-02-28 23:06:03.097462,164
D_STR00140,D_U0057,D0007,2026-02-21 17:03:02.333596,249
D_STR00141,D_U0053,D0041,2026-02-26 02:29:08.019688,125
D_STR00142,D_U0100,D0039,2026-02-16 07:41:14.629592,11
D_STR00143,D_U0027,D0018,2026-02-19 00:58:33.744374,199
D_STR00144,D_U0020,D0024,2026-02-17 14:15:23.417949,16
D_STR00145,D_U0086,D0028,2026-02-21 19:49:00.092652,182
D_STR00146,D_U0069,D0048,2026-02-04 02:40:59.443556,172
D_STR00147,D_U0032,D0050,2026-02-14 17:20:08.519891,11
D_STR00148,D_U0081,D0035,2026-02-06 18:02:43.097900,244
D_STR00149,D_U0082,D0044,2026-02-15 07:29:38.520007,9
D_STR00150,D_U0099,D0023,2026-02-07 22:19:37.759751,130
D_STR00151,D_U0051,D0029,2026-02-10 22:31:09.031489,257
D_STR00152,D_U0056,D0048,2026-02-28 11:52:29.548995,11
D_STR00153,D_U0068,D0045,2026-01-31 16:55:26.777959,101
D_STR00154,D_U0021,D0032,2026-02-08 06:31:05.622142,23
D_STR00155,D_U0002,D0026,2026-02-02 19:55:50.502898,44
D_STR00156,D_U0095,D0049,2026-02-10 09:47:43.784431,89
D_STR00157,D_U0060,D0008,2026-02-01 02:20:16.758847,37
D_STR00158,D_U0054,D0021,2026-02-05 16:00:46.103174,27
D_STR00159,D_U0026,D0032,2026-02-20 17:40:30.802189,290
D_STR00160,D_U0089,D0046,2026-02-19 12:30:57.670260,56
D_STR00161,D_U0028,D0042,2026-02-28 08:33:31.323665,198
D_STR00162,D_U0091,D0031,2026-03-01 22:18:38.276798,104
D_STR00163,D_U0072,D0036,2026-02-15 16:36:56.496904,5
D_STR00164,D_U0091,D0039,2026-02-24 00:33:36.377055,64
D_STR00165,D_U0032,D0046,2026-02-28 20:28:24.790478,71
D_STR00166,D_U0056,D0017,2026-02-06 08:17:36.786781,76
D_STR00167,D_U0023,D0043,2026-02-03 01:50:32.177656,123
D_STR00168,D_U0053,D0041,2026-02-07 16:16:01.378647,88
D_STR00169,D_U0068,D0031,2026-02-11 10:28:58.121122,68
D_STR00170,D_U0026,D0031,2026-02-18 13:15:38.898261,27
D_STR00171,D_U0092,D0033,2026-02-02 10:32:36.756011,62
D_STR00172,D_U0041,D0011,2026-02-16 04:50:10.953043,172
D_STR00173,D_U0040,D0017,2026-02-28 16:25:45.225707,108
D_STR00174,D_U0047,D0038,2026-02-15 16:13:56.544140,5
D_STR00175,D_U0013,D0035,2026-02-09 04:09:45.268932,239
D_STR00176,D_U0024,D0046,2026-02-19 21:31:22.886225,167
D_STR00177,D_U0087,D0045,2026-03-01 06:32:54.253315,139
D_STR00178,D_U0069,D0024,2026-02-01 22:53:17.467532,185
D_STR00179,D_U0075,D0004,2026-02-05 13:24:40.363353,160
D_STR00180,D_U0072,D0048,2026-02-13 20:04:18.091288,136
D_STR00181,D_U0070,D0043,2026-02-08 20:46:07.898674,89
D_STR00182,D_U0074,D0049,2026-02-09 00:28:07.711750,69
D_STR00183,D_U0094,D0028,2026-02-18 00:22:27.062466,85
D_STR00184,D_U0076,D0041,2026-02-20 16:40:30.334357,205
D_STR00185,D_U0002,D0021,2026-02-10 05:09:30.759642,267
D_STR00186,D_U0050,D0032,2026-02-21 15:45:59.363016,97
D_STR00187,D_U0023,D0025,2026-02-24 11:57:50.926871,70
D_STR00188,D_U0092,D0050,2026-02-01 22:58:48.026267,92
D_STR00189,D_U0027,D0033,2026-02-08 16:16:22.962593,99
D_STR00190,D_U0099,D0032,2026-03-01 02:06:08.026528,270
D_STR00191,D_U0063,D0032,2026-02-22 04:13:51.756358,33
D_STR00192,D_U0025,D0026,2026-02-02 03:28:14.740581,189
D_STR00193,D_U0097,D0032,2026-02-04 06:56:20.185464,54
D_STR00194,D_U0064,D0032,2026-02-16 03:38:03.206950,16
D_STR00195,D_U0091,D0038,2026-02-22 14:56:26.908810,162
D_STR00196,D_U0039,D0047,2026-02-13 06:34:28.442663,288
D_STR00197,D_U0063,D0036,2026-02-14 07:42:06.220753,272
D_STR00198,D_U0043,D0029,2026-03-01 19:28:37.708473,109
D_STR00199,D_U0043,D0047,2026-02-27 18:06:45.076355,93
D_STR00200,D_U0052,D0042,2026-02-11 20:10:50.045044,169
D_STR00201,D_U0054,D0046,2026-02-11 16:34:28.556450,148
D_STR00202,D_U0094,D0048,2026-02-07 08:50:10.682266,127
D_STR00203,D_U0035,D0029,2026-02-05 08:45:36.939663,250
D_STR00204,D_U0042,D0022,2026-01-31 16:24:11.198130,110
D_STR00205,D_U0055,D0029,2026-02-03 09:40:22.693326,130
D_STR00206,D_U0086,D0018,2026-02-01 21:24:41.297920,49
D_STR00207,D_U0025,D0045,2026-02-23 19:31:00.833978,198
D_STR00208,D_U0074,D0034,2026-02-15 02:37:18.382337,165
D_STR00209,D_U0007,D0030,2026-02-03 11:00:18.141865,21
D_STR00210,D_U0037,D0046,2026-02-18 21:27:19.386242,95
D_STR00211,D_U0059,D0022,2026-02-11 11:33:46.998757,208
D_STR00212,D_U0010,D0040,2026-03-01 22:34:31.713319,84
D_STR00213,D_U0045,D0034,2026-02-18 05:33:37.022303,145
D_STR00214,D_U0067,D0047,2026-02-27 02:57:35.633384,229
D_STR00215,D_U0055,D0016,2026-02-05 00:28:10.950015,102
D_STR00216,D_U0012,D0049,2026-02-16 21:14:53.939266,16
D_STR00217,D_U0006,D0021,2026-02-17 17:39:58.467952,281
D_STR00218,D_U0055,D0033,2026-02-17 19:10:01.301144,22
D_STR00219,D_U0070,D0043,2026-01-31 22:27:51.982556,51
D_STR00220,D_U0057,D0038,2026-03-01 14:44:18.270128,159
D_STR00221,D_U0046,D0037,2026-02-05 05:51:51.789305,102
D_STR00222,D_U0083,D0048,2026-02-02 08:08:04.190325,213
D_STR00223,D_U0072,D0042,2026-02-01 22:35:49.605581,78
D_STR00224,D_U0076,D0045,2026-02-02 11:25:32.627376,32
D_STR00225,D_U0086,D0038,2026-02-22 04:27:32.438979,136
D_STR00226,D_U0096,D0024,2026-02-04 12:03:38.050320,213
D_STR00227,D_U0024,D0045,2026-02-22 20:25:28.828086,89
D_STR00228,D_U0070,D0044,2026-02-28 11:50:38.397551,97
D_STR00229,D_U0075,D0046,2026-02-21 23:27:13.133543,136
D_STR00230,D_U0093,D0034,2026-02-15 12:22:30.481394,185
D_STR00231,D_U0091,D0035,2026-02-21 06:42:14.094764,323
D_STR00232,D_U0007,D0021,2026-02-21 19:11:06.638099,217
D_STR00233,D_U0042,D0047,2026-02-26 09:06:40.700459,101
D_STR00234,D_U0086,D0014,2026-02-10 08:40:02.320968,153
D_STR00235,D_U0035,D0035,2026-02-11 21:41:56.301376,256
D_STR00236,D_U0025,D0031,2026-02-12 11:07:16.728514,115
D_STR00237,D_U0017,D0048,2026-02-20 10:11:00.817809,125
D_STR00238,D_U0001,D0031,2026-02-16 00:06:25.410427,50
D_STR00239,D_U0089,D0034,2026-02-14 21:25:01.391535,193
D_STR00240,D_U0031,D0025,2026-02-26 21:32:04.253507,204
D_STR00241,D_U0074,D0028,2026-02-19 01:58:01.452113,256
D_STR00242,D_U0035,D0007,2026-02-23 03:06:59.072069,121
D_STR00243,D_U0062,D0033,2026-02-28 11:44:19.137635,14
D_STR00244,D_U0085,D0039,2026-02-12 18:56:33.382331,45
D_STR00245,D_U0098,D0050,2026-02-09 18:38:29.727934,178
D_STR00246,D_U0077,D0018,2026-02-17 07:54:40.198294,35
D_STR00247,D_U0085,D0037,2026-02-18 15:33:24.803651,11
D_STR00248,D_U0058,D0032,2026-02-04 10:18:44.098059,156
D_STR00249,D_U0054,D0044,2026-02-19 00:21:12.773243,206
D_STR00250,D_U0018,D0030,2026-02-24 00:18:42.930211,139
D_STR00251,D_U0067,D0039,2026-02-21 14:59:16.161318,61
D_STR00252,D_U0011,D0024,2026-02-17 01:30:55.056475,352
D_STR00253,D_U0018,D0026,2026-02-15 22:42:48.922845,101
D_STR00254,D_U0068,D0022,2026-02-20 23:55:57.858238,192
D_STR00255,D_U0038,D0043,2026-02-08 12:11:14.810880,61
D_STR00256,D_U0094,D0011,2026-02-08 11:50:17.268097,253
D_STR00257,D_U0042,D0038,2026-02-18 16:17:29.032637,135
D_STR00258,D_U0016,D0037,2026-02-24 18:34:02.581859,84
D_STR00259,D_U0035,D0013,2026-02-09 01:12:46.390285,93
D_STR00260,D_U0036,D0028,2026-02-01 02:26:26.569484,46
D_STR00261,D_U0098,D0050,2026-02-16 01:17:20.300822,26
D_STR00262,D_U0003,D0034,2026-03-01 04:38:17.992112,9
D_STR00263,D_U0077,D0047,2026-02-15 23:50:44.378752,247
D_STR00264,D_U0026,D0035,2026-02-27 07:50:55.828868,276
D_STR00265,D_U0039,D0018,2026-03-01 11:28:10.706628,98
D_STR00266,D_U0018,D0050,2026-02-14 23:56:25.236071,239
D_STR00267,D_U0001,D0046,2026-02-27 15:09:32.188291,129
D_STR00268,D_U0038,D0030,2026-02-25 11:04:16.238294,27
D_STR00269,D_U0076,D0021,2026-02-17 04:23:20.622495,59
D_STR00270,D_U0074,D0046,2026-02-11 20:09:35.289993,153
D_STR00271,D_U0033,D0023,2026-02-22 10:11:31.609545,220
D_STR00272,D_U0067,D0050,2026-02-05 07:07:40.381729,109
D_STR00273,D_U0084,D0024,2026-02-20 13:59:29.758119,306
D_STR00274,D_U0092,D0035,2026-02-18 21:40:45.691776,200
D_STR00275,D_U0037,D0013,2026-02-05 03:51:13.464674,25
D_STR00276,D_U0100,D0050,2026-02-02 11:44:33.019632,167
D_STR00277,D_U0037,D0019,2026-02-15 05:07:43.908718,304
D_STR00278,D_U0038,D0016,2026-02-07 01:24:57.355351,38
D_STR00279,D_U0014,D0044,2026-02-14 14:37:57.695655,291
D_STR00280,D_U0052,D0040,2026-02-17 20:30:33.501800,11
D_STR00281,D_U0008,D0044,2026-02-21 05:49:02.909887,276
D_STR00282,D_U0006,D0015,2026-02-26 19:17:19.184666,64
D_STR00283,D_U0068,D0025,2026-02-10 22:56:47.896318,94
D_STR00284,D_U0090,D0035,2026-02-14 20:27:39.079553,277
D_STR00285,D_U0003,D0038,2026-02-04 05:20:07.170855,48
D_STR00286,D_U0018,D0037,2026-02-09 06:42:19.479548,36
D_STR00287,D_U0064,D0043,2026-02-04 11:00:05.632303,150
D_STR00288,D_U0037,D0023,2026-02-28 18:44:57.583099,43
D_STR00289,D_U0054,D0047,2026-02-15 23:15:00.712602,76
D_STR00290,D_U0064,D0042,2026-02-04 13:57:27.861764,5
D_STR00291,D_U0056,D0044,2026-02-02 15:04:05.598777,73
D_STR00292,D_U0016,D0044,2026-02-16 04:27:31.996582,134
D_STR00293,D_U0068,D0039,2026-02-19 18:17:45.500354,54
D_STR00294,D_U0045,D0025,2026-02-08 01:37:15.987808,29
D_STR00295,D_U0055,D0039,2026-02-05 04:21:43.977606,126
D_STR00296,D_U0095,D0043,2026-02-22 17:50:18.048009,41
D_STR00297,D_U0026,D0047,2026-02-24 18:48:53.755481,50
D_STR00298,D_U0044,D0030,2026-02-04 01:00:24.993167,57
D_STR00299,D_U0077,D0009,2026-02-25 03:19:18.607117,6
D_STR00300,D_U0022,D0037,2026-02-12 05:37:09.608164,13
D_STR00301,D_U0049,D0021,2026-02-05 05:19:38.920852,73
D_STR00302,D_U0081,D0039,2026-02-25 05:41:22.591970,245
D_STR00303,D_U0093,D0049,2026-02-24 08:20:18.513941,113
D_STR00304,D_U0053,D0038,2026-02-05 06:11:02.978298,145
D_STR00305,D_U0029,D0045,2026-02-07 15:50:14.465573,19
D_STR00306,D_U0028,D0043,2026-02-26 18:05:20.472369,152
D_STR00307,D_U0040,D0022,2026-02-19 12:01:22.524734,121
D_STR00308,D_U0015,D0045,2026-02-14 20:35:50.346719,124
D_STR00309,D_U0029,D0041,2026-02-06 18:02:17.095640,18
D_STR00310,D_U0093,D0030,2026-02-01 16:02:43.006220,99
D_STR00311,D_U0052,D0036,2026-02-27 20:57:15.021363,159
D_STR00312,D_U0075,D0049,2026-02-23 20:34:01.374906,32
D_STR00313,D_U0072,D0020,2026-02-14 17:15:50.629946,77
D_STR00314,D_U0053,D0050,2026-02-13 03:26:18.126817,254
D_STR00315,D_U0015,D0028,2026-02-12 13:31:10.291989,14
D_STR00316,D_U0067,D0042,2026-02-14 06:37:34.023633,67
D_STR00317,D_U0075,D0046,2026-02-12 09:28:05.399173,151
D_STR00318,D_U0039,D0034,2026-02-25 21:20:06.561745,223
D_STR00319,D_U0061,D0048,2026-02-19 11:14:57.600596,245
D_STR00320,D_U0003,D0039,2026-02-20 17:39:48.665077,273
D_STR00321,D_U0021,D0024,2026-02-02 05:05:31.411053,27
D_STR00322,D_U0034,D0047,2026-02-23 00:33:29.151693,132
D_STR00323,D_U0063,D0016,2026-02-17 02:40:51.782992,159
D_STR00324,D_U0048,D0039,2026-02-27 14:24:36.567785,329
D_STR00325,D_U0061,D0017,2026-03-02 05:35:00.515906,37
D_STR00326,D_U0090,D0007,2026-02-18 23:38:39.093283,171
D_STR00327,D_U0074,D0010,2026-03-01 17:07:36.052716,32
D_STR00328,D_U0030,D0043,2026-02-25 15:41:55.473664,135
D_STR00329,D_U0031,D0040,2026-02-28 11:40:13.567176,48
D_STR00330,D_U0070,D0043,2026-02-23 09:01:04.624703,29
D_STR00331,D_U0038,D0005,2026-02-01 20:18:56.132491,179
D_STR00332,D_U0067,D0037,2026-02-11 23:40:51.005451,53
D_STR00333,D_U0088,D0049,2026-02-07 17:10:55.415445,24
D_STR00334,D_U0090,D0049,2026-02-22 04:57:03.795888,42
D_STR00335,D_U0096,D0017,2026-02-18 23:27:48.836593,59
D_STR00336,D_U0091,D0034,2026-02-20 20:38:41.528689,15
D_STR00337,D_U0042,D0047,2026-02-08 13:41:50.053483,226
D_STR00338,D_U0088,D0034,2026-02-28 21:43:58.671402,217
D_STR00339,D_U0084,D0018,2026-02-07 03:32:16.683877,100
D_STR00340,D_U0089,D0049,2026-02-06 11:34:04.976891,20
D_STR00341,D_U0069,D0027,2026-02-06 22:03:13.240866,66
D_STR00342,D_U0062,D0035,2026-02-21 04:30:59.089889,133
D_STR00343,D_U0022,D0039,2026-02-22 12:38:30.157737,62
D_STR00344,D_U0014,D0034,2026-02-25 03:56:54.083761,230
D_STR00345,D_U0011,D0030,2026-02-22 20:51:56.462524,89
D_STR00346,D_U0039,D0027,2026-02-24 15:03:13.731276,54
D_STR00347,D_U0087,D0039,2026-02-28 14:22:56.735637,206
D_STR00348,D_U0053,D0040,2026-02-08 06:39:19.363280,7
D_STR00349,D_U0069,D0037,2026-02-22 23:41:01.629157,145
D_STR00350,D_U0078,D0032,2026-03-02 02:43:45.486212,220
D_STR00351,D_U0099,D0043,2026-02-11 09:16:55.297446,75
D_STR00352,D_U0039,D0023,2026-02-18 03:01:04.903190,240
D_STR00353,D_U0066,D0050,2026-02-02 01:06:46.344687,119
D_STR00354,D_U0094,D0012,2026-02-26 01:08:29.870708,282
D_STR00355,D_U0011,D0043,2026-02-27 15:31:37.739379,46
D_STR00356,D_U0003,D0040,2026-02-17 09:55:30.000598,65
D_STR00357,D_U0040,D0050,2026-03-02 02:17:28.906720,158
D_STR00358,D_U0039,D0019,2026-02-11 04:06:39.478058,207
D_STR00359,D_U0093,D0049,2026-02-10 01:41:50.980412,116
D_STR00360,D_U0040,D0022,2026-02-23 19:03:00.935838,173
D_STR00361,D_U0069,D0049,2026-03-02 04:42:30.919658,79
D_STR00362,D_U0087,D0026,2026-02-15 04:42:23.706949,56
D_STR00363,D_U0026,D0036,2026-02-27 14:08:37.807173,153
D_STR00364,D_U0052,D0019,2026-02-10 03:09:27.792295,331
D_STR00365,D_U0034,D0044,2026-01-31 14:20:38.102801,159
D_STR00366,D_U0029,D0049,2026-01-31 15:33:01.481870,101
D_STR00367,D_U0097,D0040,2026-02-17 22:10:13.897791,73
D_STR00368,D_U0076,D0034,2026-02-12 06:41:13.968613,125
D_STR00369,D_U0098,D0016,2026-02-13 05:19:04.401752,114
D_STR00370,D_U0015,D0037,2026-02-06 06:36:23.590185,80
D_STR00371,D_U0047,D0027,2026-02-26 08:15:24.246126,94
D_STR00372,D_U0057,D0020,2026-02-20 21:59:39.346150,79
D_STR00373,D_U0014,D0020,2026-02-05 11:09:28.856972,135
D_STR00374,D_U0029,D0043,2026-02-01 01:24:13.411982,12
D_STR00375,D_U0068,D0050,2026-02-21 22:14:34.348113,208
D_STR00376,D_U0047,D0037,2026-02-14 07:19:09.877628,58
D_STR00377,D_U0047,D0017,2026-02-07 06:42:37.004633,82
D_STR00378,D_U0057,D0041,2026-02-22 20:58:28.811451,182
D_STR00379,D_U0016,D0048,2026-02-20 21:09:01.673842,209
D_STR00380,D_U0059,D0032,2026-02-26 03:09:26.053048,272
D_STR00381,D_U0030,D0041,2026-02-21 03:56:45.369877,85
D_STR00382,D_U0051,D0010,2026-02-16 14:28:52.045470,100
D_STR00383,D_U0043,D0020,2026-02-16 04:22:35.559218,140
D_STR00384,D_U0021,D0041,2026-02-25 04:43:08.339588,243
D_STR00385,D_U0090,D0027,2026-02-14 07:27:33.757596,136
D_STR00386,D_U0012,D0047,2026-02-12 23:55:50.353109,148
D_STR00387,D_U0077,D0045,2026-02-28 14:16:38.036783,174
D_STR00388,D_U0080,D0029,2026-02-21 20:33:27.810978,157
D_STR00389,D_U0087,D0042,2026-02-07 11:22:27.134833,75
D_STR00390,D_U0031,D0025,2026-02-28 22:00:13.968131,197
D_STR00391,D_U0027,D0044,2026-02-28 18:57:36.545855,266
D_STR00392,D_U0060,D0028,2026-02-05 14:24:37.583224,142
D_STR00393,D_U0011,D0036,2026-02-18 19:49:19.867631,54
D_STR00394,D_U0035,D0031,2026-02-17 15:37:22.496248,49
D_STR00395,D_U0082,D0013,2026-03-01 21:23:22.291241,157
D_STR00396,D_U0053,D0027,2026-02-06 04:23:14.870408,103
D_STR00397,D_U0058,D0050,2026-02-05 22:57:13.869022,144
D_STR00398,D_U0024,D0038,2026-02-23 17:51:16.052337,138
D_STR00399,D_U0039,D0041,2026-02-05 20:32:05.815914,86
D_STR00400,D_U0078,D0050,2026-02-21 06:37:41.194123,107
D_STR00401,D_U0091,D0009,2026-02-17 17:31:08.650670,200
D_STR00402,D_U0041,D0033,2026-02-26 21:42:34.910659,66
D_STR00403,D_U0040,D0036,2026-03-01 21:58:23.087444,267
D_STR00404,D_U0006,D0020,2026-02-06 07:41:30.668206,102
D_STR00405,D_U0082,D0028,2026-02-07 10:59:27.176651,105
D_STR00406,D_U0015,D0034,2026-02-07 08:59:06.518551,91
D_STR00407,D_U0088,D0035,2026-02-15 14:00:46.962370,89
D_STR00408,D_U0010,D0048,2026-02-26 18:46:47.560859,218
D_STR00409,D_U0092,D0050,2026-02-20 07:06:22.169069,79
D_STR00410,D_U0093,D0043,2026-02-18 19:41:25.700213,82
D_STR00411,D_U0043,D0043,2026-03-02 02:38:02.472304,104
D_STR00412,D_U0025,D0022,2026-02-05 03:57:51.150250,164
D_STR00413,D_U0002,D0017,2026-02-22 17:08:51.570610,26
D_STR00414,D_U0070,D0045,2026-02-28 17:53:47.241814,45
D_STR00415,D_U0060,D0036,2026-02-02 05:45:21.844903,83
D_STR00416,D_U0060,D0037,2026-02-17 07:02:46.156551,21
D_STR00417,D_U0021,D0049,2026-02-05 14:53:49.000279,91
D_STR00418,D_U0049,D0034,2026-02-24 09:00:28.528289,230
D_STR00419,D_U0035,D0042,2026-03-01 14:46:46.919448,178
D_STR00420,D_U0037,D0038,2026-02-07 00:26:31.069488,149
D_STR00421,D_U0064,D0050,2026-02-08 09:55:21.387327,155
D_STR00422,D_U0030,D0045,2026-02-19 07:43:16.785396,46
D_STR00423,D_U0037,D0031,2026-02-05 06:26:50.888499,48
D_STR00424,D_U0073,D0027,2026-02-17 04:49:23.044210,74
D_STR00425,D_U0028,D0031,2026-02-01 12:03:06.603459,102
D_STR00426,D_U0051,D0037,2026-02-28 10:07:01.979538,99
D_STR00427,D_U0012,D0049,2026-02-07 16:05:46.323976,8
D_STR00428,D_U0098,D0033,2026-02-09 18:32:25.883331,7
D_STR00429,D_U0091,D0042,2026-02-22 00:53:32.774141,76
D_STR00430,D_U0010,D0042,2026-02-22 22:32:33.348011,79
D_STR00431,D_U0016,D0026,2026-02-22 07:12:21.388130,179
D_STR00432,D_U0087,D0049,2026-02-14 18:41:23.513587,106
D_STR00433,D_U0012,D0050,2026-02-02 01:00:34.613270,112
D_STR00434,D_U0071,D0019,2026-02-16 09:05:37.459073,272
D_STR00435,D_U0011,D0014,2026-02-21 03:46:23.492813,103
D_STR00436,D_U0052,D0034,2026-02-15 04:23:58.536319,232
D_STR00437,D_U0077,D0043,2026-02-01 14:05:02.879851,158
D_STR00438,D_U0080,D0029,2026-02-22 16:32:44.807219,135
D_STR00439,D_U0048,D0024,2026-02-17 22:48:33.368730,22
D_STR00440,D_U0081,D0030,2026-02-08 05:52:20.185303,64
D_STR00441,D_U0029,D0017,2026-02-24 15:20:28.743916,71
D_STR00442,D_U0076,D0029,2026-02-12 20:40:15.179828,84
D_STR00443,D_U0019,D0017,2026-02-16 12:08:53.208254,59
D_STR00444,D_U0055,D0023,2026-02-10 03:59:01.358919,218
D_STR00445,D_U0031,D0036,2026-02-22 00:57:36.793333,309
D_STR00446,D_U0037,D0050,2026-02-25 15:16:30.074980,48
D_STR00447,D_U0005,D0032,2026-02-25 14:45:17.561581,103
D_STR00448,D_U0074,D0043,2026-02-01 23:42:14.720307,137
D_STR00449,D_U0020,D0041,2026-02-23 01:10:54.444370,219
D_STR00450,D_U0036,D0039,2026-02-14 04:53:39.390646,74
D_STR00451,D_U0012,D0027,2026-02-14 18:21:29.356050,68
D_STR00452,D_U0020,D0041,2026-02-14 13:30:29.851298,127
D_STR00453,D_U0018,D0005,2026-02-06 07:23:16.421223,138
D_STR00454,D_U0066,D0037,2026-02-04 15:25:55.656892,116
D_STR00455,D_U0033,D0043,2026-02-28 16:58:21.175117,113
D_STR00456,D_U0046,D0039,2026-02-28 11:35:25.960776,311
D_STR00457,D_U0030,D0029,2026-02-07 04:03:44.684966,34
D_STR00458,D_U0072,D0048,2026-02-06 14:28:24.259090,111
D_STR00459,D_U0031,D0041,2026-02-10 07:46:48.026782,205
D_STR00460,D_U0007,D0027,2026-02-10 05:36:52.380356,143
D_STR00461,D_U0092,D0023,2026-02-28 21:28:33.822546,115
D_STR00462,D_U0073,D0031,2026-02-25 19:28:24.193318,46
D_STR00463,D_U0050,D0046,2026-02-24 18:53:39.066783,101
D_STR00464,D_U0028,D0028,2026-02-12 18:51:43.621078,94
D_STR00465,D_U0099,D0045,2026-02-17 18:48:08.688586,134
D_STR00466,D_U0086,D0042,2026-02-05 11:17:07.320616,54
D_STR00467,D_U0088,D0007,2026-02-10 11:38:47.528350,23
D_STR00468,D_U0059,D0027,2026-01-31 15:01:10.064583,53
D_STR00469,D_U0039,D0028,2026-02-28 16:41:17.300855,187
D_STR00470,D_U0078,D0041,2026-03-01 06:55:35.588449,166
D_STR00471,D_U0054,D0037,2026-02-21 07:38:41.053755,82
D_STR00472,D_U0031,D0046,2026-02-05 01:37:14.577996,177
D_STR00473,D_U0096,D0039,2026-02-19 02:19:00.312891,297
D_STR00474,D_U0082,D0026,2026-02-24 12:10:30.351791,273
D_STR00475,D_U0065,D0014,2026-02-07 13:37:34.817340,271
D_STR00476,D_U0096,D0021,2026-02-26 08:48:17.825453,274
D_STR00477,D_U0045,D0037,2026-02-03 17:58:23.915477,42
D_STR00478,D_U0044,D0029,2026-02-19 23:23:11.093517,271
D_STR00479,D_U0027,D0027,2026-02-10 13:31:59.034390,25
D_STR00480,D_U0030,D0049,2026-03-01 20:48:50.162291,36
D_STR00481,D_U0082,D0029,2026-02-23 05:08:53.295246,236
D_STR00482,D_U0062,D0040,2026-02-21 02:37:22.494779,97
D_STR00483,D_U0004,D0013,2026-02-07 22:41:08.038361,28
D_STR00484,D_U0038,D0032,2026-02-15 14:01:20.087538,63
D_STR00485,D_U0061,D0037,2026-02-10 21:14:26.227958,60
D_STR00486,D_U0046,D0046,2026-02-15 17:13:52.351332,122
D_STR00487,D_U0080,D0013,2026-02-06 01:14:02.601480,66
D_STR00488,D_U0002,D0038,2026-02-03 15:36:03.459207,112
D_STR00489,D_U0096,D0023,2026-02-20 02:28:47.257437,6
D_STR00490,D_U0018,D0025,2026-02-16 23:09:26.902155,160
D_STR00491,D_U0074,D0049,2026-02-21 22:46:43.449240,35
D_STR00492,D_U0100,D0049,2026-02-27 10:58:08.854236,92
D_STR00493,D_U0045,D0047,2026-02-17 10:11:53.578121,35
D_STR00494,D_U0032,D0043,2026-02-17 23:35:25.167922,48
D_STR00495,D_U0079,D0013,2026-02-09 19:27:47.304872,192
D_STR00496,D_U0051,D0049,2026-02-23 16:19:03.427176,13
D_STR00497,D_U0002,D0049,2026-02-14 18:53:00.321439,105
D_STR00498,D_U0042,D0042,2026-02-12 06:02:25.440241,79
D_STR00499,D_U0011,D0039,2026-02-02 07:54:05.614809,88
D_STR00500,D_U0038,D0047,2026-02-17 09:09:44.721537,84
D_STR00501,D_U0010,D0029,2026-02-01 21:51:40.431752,11
D_STR00502,D_U0074,D0046,2026-02-21 19:07:51.300309,55
D_STR00503,D_U0026,D0050,2026-02-13 12:25:46.094100,23
D_STR00504,D_U0037,D0036,2026-02-04 22:08:48.947982,108
D_STR00505,D_U0019,D0018,2026-02-11 06:56:06.369830,229
D_STR00506,D_U0016,D0033,2026-02-12 19:49:57.990602,52
D_STR00507,D_U0071,D0023,2026-02-25 07:55:18.534012,220
D_STR00508,D_U0091,D0029,2026-02-05 13:53:09.179381,256
D_STR00509,D_U0060,D0030,2026-02-16 00:16:12.816795,78
D_STR00510,D_U0012,D0036,2026-02-04 14:25:44.518820,280
D_STR00511,D_U0020,D0048,2026-02-27 03:10:55.630006,146
D_STR00512,D_U0082,D0046,2026-02-11 10:43:05.667690,174
D_STR00513,D_U0080,D0034,2026-02-10 01:29:26.655202,106
D_STR00514,D_U0059,D0034,2026-02-22 13:42:27.913806,107
D_STR00515,D_U0017,D0031,2026-03-02 11:06:01.266692,111
D_STR00516,D_U0017,D0049,2026-02-10 06:55:24.715331,8
D_STR00517,D_U0043,D0031,2026-02-09 15:00:39.214085,84
D_STR00518,D_U0034,D0022,2026-02-18 11:13:10.773661,96
D_STR00519,D_U0078,D0048,2026-02-19 11:24:11.008101,62
D_STR00520,D_U0075,D0050,2026-02-27 12:03:10.150296,263
D_STR00521,D_U0076,D0036,2026-02-24 10:21:01.276299,332
D_STR00522,D_U0052,D0039,2026-02-11 05:31:15.519522,23
D_STR00523,D_U0094,D0026,2026-02-19 00:55:47.185705,93
D_STR00524,D_U0013,D0019,2026-02-04 03:39:35.752696,286
D_STR00525,D_U0029,D0037,2026-02-17 16:29:14.704614,107
D_STR00526,D_U0081,D0035,2026-02-11 00:21:27.870096,175
D_STR00527,D_U0075,D0038,2026-02-13 10:59:37.339788,29
D_STR00528,D_U0038,D0019,2026-03-01 17:10:58.775516,70
D_STR00529,D_U0033,D0029,2026-02-12 11:06:20.798596,96
D_STR00530,D_U0047,D0024,2026-02-21 10:22:45.902341,221
D_STR00531,D_U0004,D0016,2026-02-28 11:01:32.315316,184
D_STR00532,D_U0054,D0033,2026-02-16 07:10:29.245538,125
D_STR00533,D_U0009,D0021,2026-02-18 07:22:21.489893,41
D_STR00534,D_U0085,D0021,2026-02-15 00:28:20.367851,179
D_STR00535,D_U0045,D0030,2026-02-16 17:33:40.830957,84
D_STR00536,D_U0026,D0047,2026-02-02 22:18:44.791634,209
D_STR00537,D_U0048,D0029,2026-02-28 04:23:23.494043,118
D_STR00538,D_U0082,D0032,2026-02-10 11:41:35.235932,256
D_STR00539,D_U0027,D0039,2026-02-17 15:44:44.488640,5
D_STR00540,D_U0068,D0039,2026-02-21 10:42:49.047889,252
D_STR00541,D_U0010,D0046,2026-02-21 20:02:52.902994,19
D_STR00542,D_U0046,D0017,2026-02-13 01:53:01.725224,114
D_STR00543,D_U0057,D0021,2026-02-03 19:33:43.908880,10
D_STR00544,D_U0019,D0045,2026-02-12 06:11:20.518225,46
D_STR00545,D_U0009,D0038,2026-02-27 13:05:55.844145,98
D_STR00546,D_U0100,D0035,2026-02-20 13:57:34.025055,244
D_STR00547,D_U0054,D0036,2026-02-12 02:05:09.471799,164
D_STR00548,D_U0093,D0018,2026-02-16 06:08:45.824747,53
D_STR00549,D_U0072,D0045,2026-03-02 04:26:30.824183,158
D_STR00550,D_U0024,D0037,2026-02-02 01:14:34.455504,14
D_STR00551,D_U0095,D0029,2026-02-21 17:51:20.338005,27
D_STR00552,D_U0054,D0041,2026-02-10 02:39:24.943825,99
D_STR00553,D_U0002,D0049,2026-02-25 03:06:45.641648,57
D_STR00554,D_U0086,D0046,2026-02-26 09:47:33.880763,61
D_STR00555,D_U0084,D0037,2026-02-06 01:07:00.213180,64
D_STR00556,D_U0094,D0047,2026-02-18 05:24:27.556958,92
D_STR00557,D_U0030,D0050,2026-02-13 04:31:28.812213,62
D_STR00558,D_U0051,D0040,2026-02-08 14:13:09.124155,87
D_STR00559,D_U0009,D0036,2026-02-06 04:24:44.809235,63
D_STR00560,D_U0100,D0020,2026-02-25 14:54:45.985520,73
D_STR00561,D_U0032,D0035,2026-02-24 21:36:55.714129,83
D_STR00562,D_U0066,D0005,2026-03-01 06:48:01.278918,7
D_STR00563,D_U0097,D0020,2026-03-01 14:19:59.559041,14
D_STR00564,D_U0005,D0036,2026-02-01 18:49:07.291815,306
D_STR00565,D_U0015,D0046,2026-02-22 13:12:14.449414,165
D_STR00566,D_U0084,D0046,2026-02-16 21:53:17.540381,156
D_STR00567,D_U0014,D0027,2026-02-08 12:27:38.744668,185
D_STR00568,D_U0011,D0040,2026-02-04 18:50:10.465153,85
D_STR00569,D_U0056,D0040,2026-02-06 16:43:37.956474,12
D_STR00570,D_U0038,D0020,2026-02-17 22:01:55.793883,108
D_STR00571,D_U0022,D0026,2026-02-09 12:00:31.250161,19
D_STR00572,D_U0032,D0025,2026-02-19 13:05:45.455004,35
D_STR00573,D_U0083,D0016,2026-03-01 22:16:20.531179,114
D_STR00574,D_U0044,D0045,2026-02-24 03:22:56.396346,144
D_STR00575,D_U0080,D0034,2026-02-24 15:47:40.763858,51
D_STR00576,D_U0057,D0028,2026-02-28 18:43:03.688670,112
D_STR00577,D_U0060,D0017,2026-02-22 22:10:33.666259,14
D_STR00578,D_U0058,D0033,2026-02-21 05:59:34.244212,47
D_STR00579,D_U0037,D0034,2026-02-05 13:29:54.357156,107
D_STR00580,D_U0007,D0034,2026-02-07 21:19:15.590274,30
D_STR00581,D_U0100,D0045,2026-01-31 17:04:52.234661,156
D_STR00582,D_U0039,D0050,2026-02-13 16:42:59.409217,110
D_STR00583,D_U0056,D0015,2026-02-07 01:45:42.266223,224
D_STR00584,D_U0075,D0020,2026-02-27 15:33:16.006158,26
D_STR00585,D_U0031,D0046,2026-02-07 18:05:27.642555,100
D_STR00586,D_U0086,D0043,2026-02-12 08:57:09.200131,91
D_STR00587,D_U0066,D0044,2026-02-15 06:48:39.287739,73
D_STR00588,D_U0068,D0042,2026-02-26 09:56:05.114061,154
D_STR00589,D_U0092,D0049,2026-02-26 10:09:54.581201,17
D_STR00590,D_U0001,D0024,2026-02-12 23:04:53.576885,226
D_STR00591,D_U0075,D0024,2026-02-04 00:51:09.435305,264
D_STR00592,D_U0037,D0030,2026-02-27 00:10:59.019746,54
D_STR00593,D_U0091,D0027,2026-02-25 13:15:55.723672,77
D_STR00594,D_U0090,D0050,2026-02-07 09:20:36.173460,179
D_STR00595,D_U0057,D0016,2026-02-20 11:04:10.596790,141
D_STR00596,D_U0016,D0031,2026-02-20 06:20:56.197269,80
D_STR00597,D_U0068,D0048,2026-02-14 14:38:15.146023,118
D_STR00598,D_U0089,D0042,2026-03-02 04:18:01.899048,206
D_STR00599,D_U0064,D0008,2026-02-08 11:18:13.145802,241
D_STR00600,D_U0049,D0038,2026-02-13 01:54:57.955147,145
D_STR00601,D_U0065,D0009,2026-02-21 22:47:35.370501,59
D_STR00602,D_U0060,D0024,2026-02-11 17:35:16.981525,12
D_STR00603,D_U0028,D0047,2026-02-19 11:54:30.264453,86
D_STR00604,D_U0081,D0048,2026-02-13 21:54:42.639011,95
D_STR00605,D_U0046,D0026,2026-02-12 10:33:24.531014,179
D_STR00606,D_U0005,D0045,2026-02-10 05:21:21.063170,193
D_STR00607,D_U0045,D0033,2026-02-23 03:39:21.596965,43
D_STR00608,D_U0097,D0034,2026-02-25 23:23:51.198850,116
D_STR00609,D_U0085,D0012,2026-02-08 23:50:30.671644,40
D_STR00610,D_U0063,D0033,2026-02-06 18:03:02.315995,161
D_STR00611,D_U0043,D0043,2026-02-14 12:26:42.263826,158
D_STR00612,D_U0089,D0045,2026-02-04 23:42:23.128624,122
D_STR00613,D_U0041,D0050,2026-02-24 05:16:48.095677,218
D_STR00614,D_U0004,D0020,2026-02-28 06:32:44.345500,60
D_STR00615,D_U0045,D0021,2026-02-27 23:55:15.118660,189
D_STR00616,D_U0010,D0039,2026-02-17 07:02:14.923806,295
D_STR00617,D_U0003,D0024,2026-02-19 06:25:06.927652,319
D_STR00618,D_U0002,D0050,2026-02-06 14:06:57.043466,173
D_STR00619,D_U0014,D0040,2026-01-31 20:19:56.820504,102
D_STR00620,D_U0099,D0025,2026-02-12 21:36:37.649596,173
D_STR00621,D_U0080,D0050,2026-02-21 00:41:21.174396,37
D_STR00622,D_U0070,D0043,2026-02-28 00:42:37.867228,9
D_STR00623,D_U0100,D0026,2026-02-24 04:34:06.133354,48
D_STR00624,D_U0050,D0038,2026-02-08 07:17:48.280991,86
D_STR00625,D_U0080,D0049,2026-02-11 01:28:30.350988,74
D_STR00626,D_U0094,D0011,2026-02-03 15:23:24.725805,152
D_STR00627,D_U0077,D0011,2026-02-06 10:58:42.857857,59
D_STR00628,D_U0050,D0047,2026-02-06 11:11:57.027900,194
D_STR00629,D_U0043,D0015,2026-02-06 15:55:36.702775,47
D_STR00630,D_U0053,D0017,2026-02-21 04:02:10.966495,90
D_STR00631,D_U0013,D0037,2026-02-02 16:36:29.549906,104
D_STR00632,D_U0080,D0043,2026-02-24 08:57:40.546553,66
D_STR00633,D_U0066,D0024,2026-02-04 02:09:15.190697,178
D_STR00634,D_U0019,D0020,2026-02-07 07:18:01.962585,108
D_STR00635,D_U0074,D0021,2026-02-28 00:59:12.108255,205
D_STR00636,D_U0066,D0016,2026-02-03 05:47:31.096493,29
D_STR00637,D_U0017,D0048,2026-02-06 00:09:38.453605,112
D_STR00638,D_U0037,D0032,2026-02-18 16:49:13.874201,20
D_STR00639,D_U0091,D0045,2026-02-03 18:50:14.264396,77
D_STR00640,D_U0061,D0020,2026-02-27 03:18:52.743395,21
D_STR00641,D_U0048,D0008,2026-02-13 20:57:52.442609,226
D_STR00642,D_U0066,D0047,2026-02-03 17:59:03.724553,33
D_STR00643,D_U0028,D0040,2026-02-05 21:05:04.129657,101
D_STR00644,D_U0037,D0038,2026-02-19 08:19:57.014609,135
D_STR00645,D_U0073,D0046,2026-02-01 01:49:34.949136,96
D_STR00646,D_U0034,D0048,2026-02-02 08:58:24.512479,168
D_STR00647,D_U0090,D0049,2026-02-07 04:26:43.202519,15
D_STR00648,D_U0084,D0041,2026-02-04 16:47:13.396139,77
D_STR00649,D_U0089,D0004,2026-02-03 17:48:13.961065,142
D_STR00650,D_U0001,D0018,2026-02-06 10:12:50.147330,93
D_STR00651,D_U0085,D0014,2026-02-24 00:45:27.428508,23
D_STR00652,D_U0089,D0043,2026-02-22 13:01:47.063327,149
D_STR00653,D_U0097,D0046,2026-02-22 19:04:48.108994,68
D_STR00654,D_U0008,D0030,2026-02-24 08:15:12.231786,34
D_STR00655,D_U0011,D0040,2026-02-13 07:06:32.545163,56
D_STR00656,D_U0062,D0039,2026-02-24 08:12:31.747616,58
D_STR00657,D_U0023,D0035,2026-02-11 23:42:02.555717,122
D_STR00658,D_U0081,D0016,2026-02-04 06:04:32.284415,33
D_STR00659,D_U0052,D0041,2026-02-16 03:28:15.854535,27
D_STR00660,D_U0053,D0030,2026-02-23 21:20:09.173559,147
D_STR00661,D_U0002,D0044,2026-02-01 13:37:28.311639,43
D_STR00662,D_U0017,D0033,2026-02-04 16:16:38.998914,92
D_STR00663,D_U0004,D0017,2026-02-25 01:55:37.066901,33
D_STR00664,D_U0096,D0020,2026-02-14 23:08:54.483585,117
D_STR00665,D_U0062,D0024,2026-02-23 05:37:12.305612,243
D_STR00666,D_U0099,D0016,2026-02-14 21:42:21.479587,27
D_STR00667,D_U0019,D0023,2026-02-21 17:40:13.371130,153
D_STR00668,D_U0026,D0016,2026-02-11 19:37:36.023250,182
D_STR00669,D_U0060,D0045,2026-02-19 23:53:38.291504,26
D_STR00670,D_U0084,D0037,2026-02-16 12:50:45.326706,59
D_STR00671,D_U0098,D0032,2026-02-23 02:01:50.500199,95
D_STR00672,D_U0010,D0048,2026-02-13 20:26:59.462226,109
D_STR00673,D_U0020,D0048,2026-02-27 01:31:47.920784,80
D_STR00674,D_U0071,D0019,2026-02-17 02:22:15.563172,256
D_STR00675,D_U0030,D0050,2026-02-08 06:26:33.973595,9
D_STR00676,D_U0016,D0049,2026-02-16 14:05:22.746594,11
D_STR00677,D_U0021,D0038,2026-03-01 15:53:41.983243,94
D_STR00678,D_U0083,D0046,2026-02-12 05:50:09.018716,169
D_STR00679,D_U0062,D0015,2026-02-18 02:45:32.933938,113
D_STR00680,D_U0046,D0039,2026-02-10 09:50:54.849475,260
D_STR00681,D_U0014,D0010,2026-02-18 22:19:21.385618,104
D_STR00682,D_U0073,D0050,2026-02-15 13:41:15.413850,330
D_STR00683,D_U0077,D0037,2026-02-19 13:29:57.661007,66
D_STR00684,D_U0018,D0039,2026-02-05 03:16:43.427079,236
D_STR00685,D_U0067,D0044,2026-02-08 01:13:53.873346,224
D_STR00686,D_U0080,D0049,2026-02-02 13:30:10.792329,19
D_STR00687,D_U0038,D0050,2026-02-08 04:31:40.211190,335
D_STR00688,D_U0041,D0030,2026-02-23 03:28:17.006462,142
D_STR00689,D_U0043,D0046,2026-02-26 14:18:07.015451,190
D_STR00690,D_U0034,D0048,2026-01-31 16:50:15.943520,172
D_STR00691,D_U0071,D0047,2026-02-07 01:17:52.899515,67
D_STR00692,D_U0094,D0034,2026-02-26 02:26:52.002691,215
D_STR00693,D_U0051,D0006,2026-02-05 23:07:54.002841,272
D_STR00694,D_U0028,D0032,2026-02-26 05:15:15.386961,233
D_STR00695,D_U0061,D0023,2026-02-09 17:36:44.969592,115
D_STR00696,D_U0043,D0039,2026-02-28 22:50:42.162704,210
D_STR00697,D_U0081,D0028,2026-02-02 18:49:35.629430,5
D_STR00698,D_U0100,D0031,2026-02-06 15:39:53.013925,41
D_STR00699,D_U0023,D0044,2026-02-04 15:50:47.366996,234
D_STR00700,D_U0024,D0035,2026-02-02 19:51:49.204329,266
D_STR00701,D_U0020,D0026,2026-02-10 21:49:39.879971,16
D_STR00702,D_U0020,D0010,2026-02-26 02:28:54.609466,165
D_STR00703,D_U0100,D0011,2026-02-24 15:17:59.799499,249
D_STR00704,D_U0033,D0005,2026-02-27 05:56:31.160601,212
D_STR00705,D_U0100,D0032,2026-02-19 09:28:02.527062,77
D_STR00706,D_U0050,D0007,2026-02-26 08:40:40.774777,123
D_STR00707,D_U0043,D0046,2026-03-01 09:34:43.884368,80
D_STR00708,D_U0096,D0041,2026-02-09 02:48:31.953828,189
D_STR00709,D_U0098,D0026,2026-02-17 05:03:49.942614,128
D_STR00710,D_U0043,D0035,2026-02-08 09:55:17.253316,141
D_STR00711,D_U0005,D0027,2026-02-09 22:46:42.264588,35
D_STR00712,D_U0008,D0017,2026-02-06 08:24:50.956772,65
D_STR00713,D_U0053,D0043,2026-02-20 20:26:46.790587,79
D_STR00714,D_U0021,D0032,2026-02-14 11:58:56.087223,56
D_STR00715,D_U0037,D0046,2026-02-07 15:40:57.292029,100
D_STR00716,D_U0023,D0039,2026-02-25 19:17:18.049231,36
D_STR00717,D_U0097,D0041,2026-02-05 11:59:34.495465,231
D_STR00718,D_U0096,D0046,2026-03-02 08:45:15.889342,13
D_STR00719,D_U0075,D0049,2026-02-14 15:51:19.966455,57
D_STR00720,D_U0094,D0011,2026-02-11 21:57:11.628150,180
D_STR00721,D_U0035,D0023,2026-02-25 14:52:37.241040,239
D_STR00722,D_U0013,D0007,2026-02-25 15:10:14.429801,145
D_STR00723,D_U0070,D0043,2026-03-01 06:29:51.052340,117
D_STR00724,D_U0023,D0038,2026-02-21 21:05:47.459713,143
D_STR00725,D_U0037,D0018,2026-02-10 13:00:52.583274,9
D_STR00726,D_U0052,D0035,2026-02-11 16:08:01.174093,155
D_STR00727,D_U0042,D0032,2026-02-18 19:45:55.323063,107
D_STR00728,D_U0023,D0042,2026-02-23 05:55:04.581893,258
D_STR00729,D_U0052,D0045,2026-03-02 10:52:03.154113,15
D_STR00730,D_U0059,D0045,2026-02-23 12:20:45.830330,61
D_STR00731,D_U0030,D0044,2026-02-23 09:22:48.426116,173
D_STR00732,D_U0062,D0039,2026-02-20 22:28:31.768190,109
D_STR00733,D_U0042,D0039,2026-03-02 06:04:08.993171,24
D_STR00734,D_U0044,D0034,2026-03-01 22:09:56.979425,52
D_STR00735,D_U0088,D0035,2026-02-11 23:08:45.239233,141
D_STR00736,D_U0086,D0039,2026-02-01 17:43:44.349425,156
D_STR00737,D_U0073,D0044,2026-02-08 14:54:09.209392,255
D_STR00738,D_U0052,D0033,2026-02-05 07:47:11.093195,38
D_STR00739,D_U0061,D0012,2026-01-31 11:55:16.268375,141
D_STR00740,D_U0006,D0026,2026-02-08 02:26:57.300418,172
D_STR00741,D_U0061,D0032,2026-02-14 16:52:35.456712,40
D_STR00742,D_U0073,D0041,2026-02-24 14:50:26.704561,246
D_STR00743,D_U0069,D0039,2026-02-17 17:38:23.611914,205
D_STR00744,D_U0055,D0045,2026-02-05 13:37:46.241522,185
D_STR00745,D_U0056,D0043,2026-02-07 09:47:37.510146,58
D_STR00746,D_U0059,D0049,2026-02-20 12:40:21.669794,113
D_STR00747,D_U0038,D0005,2026-02-08 22:35:08.231846,136
D_STR00748,D_U0082,D0047,2026-02-04 06:49:37.367329,196
D_STR00749,D_U0098,D0041,2026-03-01 07:55:16.330562,253
D_STR00750,D_U0091,D0036,2026-02-14 13:28:47.378551,185
D_STR00751,D_U0054,D0018,2026-02-02 18:08:36.659238,221
D_STR00752,D_U0081,D0046,2026-02-10 13:00:43.254512,91
D_STR00753,D_U0062,D0048,2026-02-09 06:04:32.675668,18
D_STR00754,D_U0087,D0014,2026-03-01 13:51:03.439122,257
D_STR00755,D_U0094,D0010,2026-02-14 07:16:41.856268,17
D_STR00756,D_U0003,D0043,2026-02-09 21:52:11.616463,118
D_STR00757,D_U0060,D0012,2026-02-19 16:48:57.747088,124
D_STR00758,D_U0074,D0046,2026-02-22 19:11:33.981284,19
D_STR00759,D_U0044,D0005,2026-03-01 14:05:28.327161,146
D_STR00760,D_U0027,D0032,2026-02-07 21:46:26.210402,207
D_STR00761,D_U0015,D0015,2026-02-02 20:04:03.812654,158
D_STR00762,D_U0067,D0028,2026-02-28 20:48:52.693934,118
D_STR00763,D_U0067,D0043,2026-02-27 03:31:21.066880,83
D_STR00764,D_U0035,D0044,2026-02-11 11:53:27.445396,79
D_STR00765,D_U0029,D0028,2026-02-03 11:51:59.178991,134
D_STR00766,D_U0062,D0027,2026-02-03 10:36:55.509823,182
D_STR00767,D_U0048,D0019,2026-02-11 21:22:51.552699,190
D_STR00768,D_U0030,D0030,2026-02-13 13:40:36.236076,32
D_STR00769,D_U0002,D0045,2026-02-12 05:45:35.289571,57
D_STR00770,D_U0029,D0036,2026-02-16 13:11:07.205389,91
D_STR00771,D_U0006,D0032,2026-03-01 00:16:43.450535,62
D_STR00772,D_U0089,D0046,2026-01-31 22:07:46.533115,47
D_STR00773,D_U0075,D0043,2026-02-08 20:00:23.075222,94
D_STR00774,D_U0098,D0011,2026-02-15 09:43:06.467290,258
D_STR00775,D_U0020,D0043,2026-02-18 21:51:13.930247,19
D_STR00776,D_U0009,D0015,2026-02-10 09:33:11.287753,138
D_STR00777,D_U0074,D0039,2026-02-02 02:41:04.469908,265
D_STR00778,D_U0039,D0020,2026-02-07 10:09:02.526972,31
D_STR00779,D_U0080,D0040,2026-02-28 00:54:02.423790,124
D_STR00780,D_U0092,D0041,2026-02-04 19:24:43.630532,19
D_STR00781,D_U0071,D0047,2026-02-12 19:22:59.365990,255
D_STR00782,D_U0085,D0045,2026-02-11 08:13:38.575073,22
D_STR00783,D_U0012,D0043,2026-03-01 19:02:03.241672,144
D_STR00784,D_U0096,D0020,2026-02-18 01:58:19.206623,13
D_STR00785,D_U0042,D0048,2026-02-06 09:56:48.274473,230
D_STR00786,D_U0013,D0014,2026-02-06 10:00:33.150883,185
D_STR00787,D_U0011,D0035,2026-02-01 13:42:49.738460,132
D_STR00788,D_U0013,D0047,2026-02-21 22:51:21.654859,22
D_STR00789,D_U0026,D0014,2026-02-03 20:29:17.669545,172
D_STR00790,D_U0065,D0050,2026-02-03 11:51:57.261528,132
D_STR00791,D_U0066,D0019,2026-02-16 20:47:36.839137,69
D_STR00792,D_U0025,D0036,2026-02-20 17:54:47.506090,337
D_STR00793,D_U0063,D0034,2026-02-18 00:45:37.579964,125
D_STR00794,D_U0052,D0045,2026-02-18 15:08:41.952799,83
D_STR00795,D_U0024,D0033,2026-02-08 01:26:42.619669,7
D_STR00796,D_U0050,D0022,2026-02-01 14:35:47.453448,61
D_STR00797,D_U0014,D0047,2026-02-06 13:51:15.676447,166
D_STR00798,D_U0072,D0042,2026-02-13 00:20:04.584236,222
D_STR00799,D_U0021,D0049,2026-02-12 18:17:39.633777,80
D_STR00800,D_U0032,D0035,2026-02-12 19:45:07.236725,149
D_STR00801,D_U0006,D0044,2026-03-02 04:50:25.486295,65
D_STR00802,D_U0003,D0026,2026-02-12 13:30:40.175887,79
D_STR00803,D_U0053,D0046,2026-02-07 00:40:41.199759,37
D_STR00804,D_U0048,D0044,2026-02-28 05:04:44.696879,84
D_STR00805,D_U0090,D0021,2026-02-17 21:20:07.123559,91
D_STR00806,D_U0008,D0017,2026-02-19 16:57:58.749664,47
D_STR00807,D_U0004,D0042,2026-02-12 21:59:14.115524,94
D_STR00808,D_U0073,D0038,2026-02-21 00:32:53.337682,105
D_STR00809,D_U0048,D0031,2026-02-16 03:35:52.932623,118
D_STR00810,D_U0025,D0035,2026-02-11 09:45:59.158441,269
D_STR00811,D_U0054,D0045,2026-02-13 05:49:44.607559,198
D_STR00812,D_U0042,D0033,2026-02-04 21:26:25.778328,53
D_STR00813,D_U0092,D0048,2026-02-22 16:05:36.585859,177
D_STR00814,D_U0049,D0030,2026-02-06 02:26:12.379607,49
D_STR00815,D_U0063,D0026,2026-02-12 19:16:04.449063,277
D_STR00816,D_U0095,D0033,2026-02-04 22:28:25.686119,120
D_STR00817,D_U0048,D0039,2026-01-31 20:49:39.995093,84
D_STR00818,D_U0028,D0050,2026-02-02 23:36:29.955042,216
D_STR00819,D_U0079,D0027,2026-02-13 08:56:09.503831,242
D_STR00820,D_U0097,D0026,2026-02-15 17:16:26.648211,208
D_STR00821,D_U0088,D0049,2026-02-07 03:58:24.103445,104
D_STR00822,D_U0082,D0020,2026-02-12 23:35:54.724768,134
D_STR00823,D_U0075,D0037,2026-02-05 20:34:50.880553,81
D_STR00824,D_U0027,D0021,2026-02-10 03:55:05.921081,276
D_STR00825,D_U0026,D0041,2026-02-09 03:02:55.544004,66
D_STR00826,D_U0077,D0020,2026-02-04 09:50:13.269840,48
D_STR00827,D_U0034,D0020,2026-02-02 02:19:21.059434,132
D_STR00828,D_U0065,D0040,2026-02-21 01:56:02.364272,93
D_STR00829,D_U0075,D0034,2026-02-03 00:48:57.349842,176
D_STR00830,D_U0028,D0044,2026-02-17 04:57:56.102614,96
D_STR00831,D_U0093,D0033,2026-02-24 04:43:35.137913,74
D_STR00832,D_U0077,D0047,2026-02-11 11:53:28.421532,139
D_STR00833,D_U0003,D0032,2026-02-24 02:51:33.092545,99
D_STR00834,D_U0046,D0033,2026-02-21 01:53:42.674678,165
D_STR00835,D_U0057,D0035,2026-03-01 16:18:46.709693,114
D_STR00836,D_U0083,D0043,2026-02-27 02:57:33.100226,151
D_STR00837,D_U0021,D0027,2026-02-10 15:18:50.873738,122
D_STR00838,D_U0072,D0044,2026-02-06 21:44:46.471141,95
D_STR00839,D_U0067,D0031,2026-02-19 14:15:37.378345,60
D_STR00840,D_U0055,D0030,2026-02-24 04:40:25.096324,95
D_STR00841,D_U0097,D0048,2026-02-04 18:25:03.420249,155
D_STR00842,D_U0047,D0045,2026-01-31 22:29:14.341190,94
D_STR00843,D_U0085,D0034,2026-02-27 02:32:12.982140,116
D_STR00844,D_U0070,D0048,2026-03-02 08:52:34.752365,215
D_STR00845,D_U0015,D0033,2026-02-20 21:30:29.346639,90
D_STR00846,D_U0017,D0036,2026-02-25 13:51:28.301687,223
D_STR00847,D_U0055,D0020,2026-02-01 13:24:24.390300,126
D_STR00848,D_U0019,D0022,2026-02-23 13:02:13.946196,10
D_STR00849,D_U0095,D0036,2026-02-12 15:42:09.701892,124
D_STR00850,D_U0019,D0035,2026-02-15 14:55:22.792941,266
D_STR00851,D_U0026,D0042,2026-02-20 08:39:22.967052,236
D_STR00852,D_U0032,D0041,2026-01-31 23:34:30.955470,11
D_STR00853,D_U0035,D0038,2026-02-03 12:08:41.541433,165
D_STR00854,D_U0043,D0017,2026-02-01 19:17:33.540329,60
D_STR00855,D_U0056,D0048,2026-02-27 12:36:40.446076,93
D_STR00856,D_U0030,D0031,2026-02-20 06:59:31.213473,43
D_STR00857,D_U0040,D0040,2026-02-11 13:15:29.940794,53
D_STR00858,D_U0037,D0033,2026-02-17 15:44:57.543427,117
D_STR00859,D_U0056,D0003,2026-02-16 10:37:02.952011,125
D_STR00860,D_U0097,D0036,2026-02-21 07:05:34.864836,156
D_STR00861,D_U0081,D0040,2026-02-09 07:45:07.160737,54
D_STR00862,D_U0012,D0020,2026-02-18 22:56:37.498963,77
D_STR00863,D_U0094,D0050,2026-02-24 17:34:16.947453,186
D_STR00864,D_U0089,D0033,2026-02-27 17:07:07.806956,162
D_STR00865,D_U0067,D0049,2026-02-01 20:43:19.415959,76
D_STR00866,D_U0037,D0032,2026-02-13 19:19:05.235440,280
D_STR00867,D_U0095,D0029,2026-02-26 05:48:32.024012,192
D_STR00868,D_U0013,D0013,2026-02-06 23:22:54.952935,17
D_STR00869,D_U0044,D0028,2026-02-27 09:34:37.430597,185
D_STR00870,D_U0067,D0027,2026-02-07 06:36:06.794538,209
D_STR00871,D_U0041,D0024,2026-02-17 06:26:37.979796,331
D_STR00872,D_U0088,D0047,2026-02-03 01:38:55.078262,56
D_STR00873,D_U0055,D0010,2026-02-27 21:55:13.210415,142
D_STR00874,D_U0085,D0008,2026-02-11 01:00:11.443877,307
D_STR00875,D_U0018,D0029,2026-02-21 18:22:28.851490,333
D_STR00876,D_U0062,D0037,2026-02-07 17:44:24.269588,92
D_STR00877,D_U0032,D0023,2026-02-04 17:56:41.744793,128
D_STR00878,D_U0061,D0030,2026-02-16 21:12:18.529916,113
D_STR00879,D_U0023,D0042,2026-02-11 07:22:29.526483,220
D_STR00880,D_U0058,D0043,2026-02-26 08:08:36.411236,71
D_STR00881,D_U0017,D0043,2026-02-27 11:45:03.383213,99
D_STR00882,D_U0015,D0047,2026-02-11 14:13:16.082190,134
D_STR00883,D_U0064,D0041,2026-02-13 02:38:37.467348,28
D_STR00884,D_U0024,D0023,2026-02-08 14:52:57.203079,225
D_STR00885,D_U0099,D0036,2026-02-03 20:34:51.109990,17
D_STR00886,D_U0094,D0042,2026-02-07 00:50:54.723464,195
D_STR00887,D_U0008,D0026,2026-02-03 04:06:39.617740,86
D_STR00888,D_U0049,D0025,2026-02-24 15:52:05.139444,23
D_STR00889,D_U0053,D0043,2026-02-18 15:39:30.454388,80
D_STR00890,D_U0062,D0029,2026-02-27 02:52:41.022563,95
D_STR00891,D_U0097,D0023,2026-02-03 04:55:47.298574,207
D_STR00892,D_U0026,D0049,2026-02-14 10:40:45.137340,9
D_STR00893,D_U0056,D0034,2026-02-11 00:59:24.111554,166
D_STR00894,D_U0007,D0018,2026-02-20 15:01:09.490832,147
D_STR00895,D_U0072,D0026,2026-02-13 21:07:49.361564,107
D_STR00896,D_U0041,D0025,2026-02-05 21:43:35.331163,183
D_STR00897,D_U0009,D0046,2026-02-14 02:47:08.138591,44
D_STR00898,D_U0007,D0034,2026-02-14 14:53:18.369453,41
D_STR00899,D_U0061,D0047,2026-02-01 01:25:26.528505,72
D_STR00900,D_U0005,D0023,2026-02-20 10:51:15.556016,215
D_STR00901,D_U0028,D0022,2026-02-28 00:10:00.652329,67
D_STR00902,D_U0062,D0019,2026-02-21 23:58:23.172928,212
D_STR00903,D_U0008,D0049,2026-02-08 12:14:04.712982,70
D_STR00904,D_U0010,D0033,2026-02-28 02:04:55.791487,8
D_STR00905,D_U0098,D0021,2026-02-13 01:57:37.825150,8
D_STR00906,D_U0004,D0039,2026-02-06 10:50:52.245209,170
D_STR00907,D_U0008,D0044,2026-02-03 03:09:27.468169,125
D_STR00908,D_U0039,D0027,2026-02-03 20:00:42.390334,246
D_STR00909,D_U0071,D0036,2026-02-08 14:37:47.332267,169
D_STR00910,D_U0059,D0004,2026-02-13 20:38:41.629487,188
D_STR00911,D_U0008,D0022,2026-02-28 05:53:43.635258,94
D_STR00912,D_U0043,D0040,2026-02-05 12:47:41.379474,86
D_STR00913,D_U0083,D0041,2026-02-02 00:50:35.736520,248
D_STR00914,D_U0036,D0035,2026-02-05 23:55:47.527368,49
D_STR00915,D_U0095,D0045,2026-02-08 12:09:52.079830,61
D_STR00916,D_U0091,D0046,2026-02-01 00:26:35.756775,40
D_STR00917,D_U0017,D0050,2026-02-06 10:43:08.508225,156
D_STR00918,D_U0100,D0035,2026-01-31 16:43:52.492374,15
D_STR00919,D_U0010,D0030,2026-02-11 19:58:57.594774,15
D_STR00920,D_U0055,D0043,2026-02-01 16:45:34.135924,121
D_STR00921,D_U0032,D0040,2026-02-10 08:05:36.482809,103
D_STR00922,D_U0017,D0044,2026-02-23 06:41:02.527612,121
D_STR00923,D_U0049,D0027,2026-02-25 22:01:18.681306,179
D_STR00924,D_U0051,D0012,2026-03-02 05:18:39.376658,6
D_STR00925,D_U0005,D0018,2026-02-25 17:15:30.099832,14
D_STR00926,D_U0058,D0046,2026-02-14 19:14:05.932927,130
D_STR00927,D_U0052,D0039,2026-02-02 05:42:56.859701,257
D_STR00928,D_U0037,D0025,2026-02-12 11:49:01.815648,77
D_STR00929,D_U0100,D0017,2026-02-09 11:19:32.722050,15
D_STR00930,D_U0004,D0025,2026-01-31 23:56:57.610512,27
D_STR00931,D_U0075,D0026,2026-02-17 10:07:09.223217,153
D_STR00932,D_U0027,D0028,2026-02-14 23:16:33.799152,107
D_STR00933,D_U0035,D0038,2026-02-05 09:56:21.117050,160
D_STR00934,D_U0091,D0036,2026-02-12 13:06:05.380777,100
D_STR00935,D_U0045,D0015,2026-02-08 17:48:25.707884,44
D_STR00936,D_U0092,D0026,2026-02-23 04:35:39.574198,270
D_STR00937,D_U0048,D0019,2026-02-18 05:58:31.705785,245
D_STR00938,D_U0054,D0044,2026-02-11 05:17:41.665703,59
D_STR00939,D_U0002,D0029,2026-02-04 11:14:57.418009,133
D_STR00940,D_U0067,D0030,2026-02-07 12:58:20.840289,88
D_STR00941,D_U0012,D0046,2026-02-08 02:27:47.650506,27
D_STR00942,D_U0013,D0024,2026-02-16 04:35:59.294116,283
D_STR00943,D_U0075,D0043,2026-02-20 02:27:57.668728,115
D_STR00944,D_U0025,D0050,2026-02-27 12:13:10.295189,201
D_STR00945,D_U0094,D0049,2026-02-10 04:45:36.734003,8
D_STR00946,D_U0097,D0022,2026-02-14 21:53:29.486250,68
D_STR00947,D_U0054,D0022,2026-02-04 16:27:21.519182,45
D_STR00948,D_U0032,D0049,2026-02-16 16:20:34.932565,64
D_STR00949,D_U0031,D0048,2026-02-13 03:34:12.471405,118
D_STR00950,D_U0053,D0027,2026-02-26 05:24:53.519062,221
D_STR00951,D_U0062,D0048,2026-02-22 18:18:24.934956,152
D_STR00952,D_U0025,D0025,2026-02-21 23:58:48.757320,93
D_STR00953,D_U0041,D0038,2026-02-17 13:02:27.190408,48
D_STR00954,D_U0056,D0046,2026-02-05 01:03:06.357294,136
D_STR00955,D_U0097,D0035,2026-02-28 20:42:50.910136,213
D_STR00956,D_U0004,D0047,2026-02-26 03:04:58.989408,258
D_STR00957,D_U0011,D0036,2026-02-20 11:42:46.606525,226
D_STR00958,D_U0063,D0022,2026-02-17 08:30:17.106288,57
D_STR00959,D_U0021,D0043,2026-02-26 01:05:40.625423,147
D_STR00960,D_U0085,D0046,2026-01-31 17:15:56.667228,114
D_STR00961,D_U0029,D0041,2026-02-06 10:56:39.425465,160
D_STR00962,D_U0090,D0014,2026-02-16 04:57:53.110329,65
D_STR00963,D_U0069,D0035,2026-03-01 20:07:07.608478,146
D_STR00964,D_U0099,D0008,2026-02-14 06:04:02.478645,196
D_STR00965,D_U0068,D0020,2026-02-17 23:53:42.763563,135
D_STR00966,D_U0017,D0045,2026-02-11 13:46:53.163432,23
D_STR00967,D_U0021,D0039,2026-03-01 04:41:21.808868,245
D_STR00968,D_U0055,D0039,2026-02-03 01:25:41.917562,309
D_STR00969,D_U0042,D0048,2026-02-06 14:15:59.752382,210
D_STR00970,D_U0048,D0038,2026-02-09 05:11:55.063603,46
D_STR00971,D_U0011,D0033,2026-02-15 14:13:27.077230,53
D_STR00972,D_U0047,D0029,2026-02-02 13:22:16.135115,318
D_STR00973,D_U0084,D0032,2026-02-06 14:16:53.398116,187
D_STR00974,D_U0077,D0045,2026-02-17 23:59:03.723154,14
D_STR00975,D_U0010,D0031,2026-02-08 07:28:14.899001,146
D_STR00976,D_U0072,D0025,2026-02-22 17:11:14.444675,184
D_STR00977,D_U0018,D0045,2026-02-20 01:28:28.024030,110
D_STR00978,D_U0081,D0035,2026-02-27 19:53:56.676636,234
D_STR00979,D_U0032,D0039,2026-02-11 14:24:39.092962,34
D_STR00980,D_U0092,D0012,2026-02-20 22:38:09.094736,45
D_STR00981,D_U0091,D0027,2026-02-02 01:55:56.503990,180
D_STR00982,D_U0026,D0031,2026-02-21 14:16:32.274337,23
D_STR00983,D_U0034,D0049,2026-02-14 03:04:31.587597,96
D_STR00984,D_U0024,D0023,2026-02-16 18:32:19.243048,16
D_STR00985,D_U0084,D0043,2026-02-27 20:20:18.167684,87
D_STR00986,D_U0085,D0046,2026-02-16 13:28:54.149457,48
D_STR00987,D_U0026,D0006,2026-02-01 13:31:08.659878,200
D_STR00988,D_U0073,D0019,2026-02-25 08:00:32.900764,167
D_STR00989,D_U0023,D0040,2026-02-21 19:54:20.838743,126
D_STR00990,D_U0011,D0022,2026-02-20 14:11:36.772558,128
D_STR00991,D_U0022,D0032,2026-03-01 04:37:29.638895,158
D_STR00992,D_U0021,D0043,2026-02-06 05:10:28.365844,8
D_STR00993,D_U0005,D0047,2026-02-28 18:04:45.309760,228
D_STR00994,D_U0069,D0048,2026-02-03 16:04:21.255507,173
D_STR00995,D_U0032,D0036,2026-02-08 01:29:50.334766,221
D_STR00996,D_U0090,D0050,2026-02-18 20:58:25.493767,278
D_STR00997,D_U0017,D0048,2026-02-28 18:16:47.710256,119
D_STR00998,D_U0061,D0047,2026-02-05 10:56:23.931651,197
D_STR00999,D_U0078,D0016,2026-03-01 12:28:56.603490,234
D_STR01000,D_U0084,D0045,2026-02-12 09:33:31.857985,8
D_STR01001,D_U0088,D0030,2026-02-05 06:51:07.745492,128
D_STR01002,D_U0087,D0012,2026-02-18 22:25:56.271189,153
D_STR01003,D_U0042,D0010,2026-02-07 03:05:21.182955,176
D_STR01004,D_U0023,D0038,2026-02-17 11:40:48.800316,149
D_STR01005,D_U0094,D0016,2026-02-12 15:45:10.241650,118
D_STR01006,D_U0050,D0034,2026-02-21 11:56:48.542914,14
D_STR01007,D_U0100,D0006,2026-02-07 15:26:34.812715,239
D_STR01008,D_U0049,D0031,2026-02-01 05:21:23.622862,133
D_STR01009,D_U0058,D0050,2026-02-12 17:07:34.979272,246
D_STR01010,D_U0011,D0020,2026-03-02 00:56:56.549141,69
D_STR01011,D_U0027,D0048,2026-02-18 15:44:01.109423,24
D_STR01012,D_U0087,D0019,2026-02-27 10:38:18.094255,105
D_STR01013,D_U0005,D0042,2026-02-06 02:28:21.963879,134
D_STR01014,D_U0029,D0039,2026-02-05 16:19:57.776182,213
D_STR01015,D_U0054,D0019,2026-03-01 02:31:08.876349,335
D_STR01016,D_U0072,D0017,2026-02-27 18:09:08.255061,64
D_STR01017,D_U0036,D0021,2026-02-24 22:58:05.493039,11
D_STR01018,D_U0055,D0033,2026-02-24 22:53:15.668987,35
D_STR01019,D_U0038,D0018,2026-02-08 22:21:03.373008,225
D_STR01020,D_U0040,D0033,2026-02-02 05:48:39.859902,41
D_STR01021,D_U0028,D0017,2026-02-16 13:52:01.010206,56
D_STR01022,D_U0037,D0020,2026-02-24 10:54:42.948356,71
D_STR01023,D_U0090,D0038,2026-02-11 08:16:45.656209,114
D_STR01024,D_U0079,D0040,2026-02-20 22:09:01.072059,26
D_STR01025,D_U0027,D0037,2026-02-13 11:42:49.694486,39
D_STR01026,D_U0040,D0013,2026-03-01 23:15:05.486685,24
D_STR01027,D_U0088,D0025,2026-03-01 21:51:57.502166,128
D_STR01028,D_U0067,D0011,2026-02-16 14:44:53.597068,18
D_STR01029,D_U0075,D0026,2026-02-01 08:24:15.188788,240
D_STR01030,D_U0057,D0039,2026-02-06 21:00:17.941159,281
D_STR01031,D_U0063,D0048,2026-02-17 23:45:11.834517,187
D_STR01032,D_U0021,D0037,2026-02-22 18:24:07.813889,28
D_STR01033,D_U0099,D0026,2026-02-07 08:26:57.976410,34
D_STR01034,D_U0002,D0036,2026-02-08 07:39:34.082048,248
D_STR01035,D_U0066,D0025,2026-02-25 16:35:18.369494,76
D_STR01036,D_U0016,D0042,2026-02-22 12:10:59.358877,167
D_STR01037,D_U0087,D0007,2026-02-23 13:41:26.787560,133
D_STR01038,D_U0076,D0043,2026-02-17 03:23:03.713168,111
D_STR01039,D_U0100,D0044,2026-02-05 07:22:37.052002,128
D_STR01040,D_U0036,D0007,2026-02-28 07:08:25.376783,155
D_STR01041,D_U0052,D0049,2026-02-19 15:38:58.930273,114
D_STR01042,D_U0054,D0035,2026-02-17 10:45:09.804934,54
D_STR01043,D_U0064,D0031,2026-02-26 01:26:50.685078,110
D_STR01044,D_U0087,D0040,2026-02-07 01:52:29.283492,75
D_STR01045,D_U0050,D0035,2026-02-12 18:24:20.919141,325
D_STR01046,D_U0055,D0007,2026-02-25 12:47:50.028891,46
D_STR01047,D_U0039,D0020,2026-02-18 21:15:47.754508,87
D_STR01048,D_U0022,D0038,2026-02-12 05:22:42.217851,181
D_STR01049,D_U0025,D0038,2026-02-10 21:50:26.430661,114
D_STR01050,D_U0069,D0035,2026-02-05 20:46:15.228521,21
D_STR01051,D_U0018,D0021,2026-02-28 12:20:15.197282,90
D_STR01052,D_U0001,D0010,2026-02-08 17:09:14.493194,123
D_STR01053,D_U0034,D0042,2026-02-08 02:11:46.625684,145
D_STR01054,D_U0086,D0004,2026-02-16 19:45:44.734978,197
D_STR01055,D_U0018,D0032,2026-02-04 07:39:34.617307,137
D_STR01056,D_U0003,D0048,2026-02-24 20:54:00.369545,89
D_STR01057,D_U0070,D0045,2026-02-23 23:19:55.981511,166
D_STR01058,D_U0096,D0005,2026-02-21 23:40:42.250170,147
D_STR01059,D_U0059,D0028,2026-02-08 03:26:25.368394,54
D_STR01060,D_U0002,D0038,2026-02-22 04:03:02.012755,159
D_STR01061,D_U0081,D0041,2026-02-13 16:40:46.671868,13
D_STR01062,D_U0085,D0003,2026-02-04 01:37:50.871768,78
D_STR01063,D_U0071,D0044,2026-01-31 12:24:17.104394,120
D_STR01064,D_U0036,D0025,2026-01-31 22:37:41.285220,46
D_STR01065,D_U0010,D0043,2026-02-24 02:23:50.752474,23
D_STR01066,D_U0019,D0018,2026-02-11 04:14:07.066051,69
D_STR01067,D_U0052,D0023,2026-02-11 15:59:35.986840,113
D_STR01068,D_U0039,D0050,2026-02-16 22:33:58.354124,317
D_STR01069,D_U0044,D0041,2026-02-06 21:13:58.537810,204
D_STR01070,D_U0084,D0045,2026-02-02 11:32:41.839712,69
D_STR01071,D_U0052,D0025,2026-02-02 04:57:26.086525,84
D_STR01072,D_U0044,D0018,2026-02-22 11:50:38.587882,151
D_STR01073,D_U0002,D0038,2026-02-06 20:04:07.381486,63
D_STR01074,D_U0061,D0050,2026-02-09 07:33:09.710913,302
D_STR01075,D_U0031,D0022,2026-02-14 08:08:33.039516,157
D_STR01076,D_U0061,D0043,2026-02-14 22:50:24.976470,121
D_STR01077,D_U0081,D0022,2026-02-05 15:47:19.191430,80
D_STR01078,D_U0012,D0031,2026-03-02 02:57:04.893683,70
D_STR01079,D_U0088,D0026,2026-02-28 20:24:56.044975,249
D_STR01080,D_U0100,D0047,2026-02-04 15:31:11.752049,50
D_STR01081,D_U0026,D0042,2026-02-17 01:03:21.280682,103
D_STR01082,D_U0068,D0031,2026-02-23 09:26:42.696578,130
D_STR01083,D_U0054,D0035,2026-02-27 14:37:36.143921,198
D_STR01084,D_U0039,D0033,2026-02-15 20:49:45.689795,8
D_STR01085,D_U0078,D0021,2026-02-19 05:41:44.370934,62
D_STR01086,D_U0021,D0036,2026-02-25 05:00:50.171170,71
D_STR01087,D_U0076,D0045,2026-02-19 09:16:43.266924,33
D_STR01088,D_U0022,D0046,2026-02-02 19:08:26.361284,90
D_STR01089,D_U0100,D0043,2026-02-17 12:52:38.790681,107
D_STR01090,D_U0069,D0039,2026-02-17 10:40:23.131146,44
D_STR01091,D_U0035,D0023,2026-02-13 04:21:59.623327,200
D_STR01092,D_U0023,D0048,2026-02-05 03:44:46.998923,40
D_STR01093,D_U0033,D0035,2026-02-17 20:31:00.009263,65
D_STR01094,D_U0042,D0009,2026-02-14 17:43:15.068913,186
D_STR01095,D_U0058,D0040,2026-02-10 03:28:30.914311,37
D_STR01096,D_U0089,D0044,2026-02-06 06:38:39.421894,127
D_STR01097,D_U0020,D0038,2026-02-26 20:22:59.459389,180
D_STR01098,D_U0059,D0028,2026-02-03 06:01:28.804105,239
D_STR01099,D_U0056,D0043,2026-02-24 13:35:06.256410,86
D_STR01100,D_U0081,D0016,2026-02-21 17:25:33.649730,97
D_STR01101,D_U0006,D0028,2026-02-01 08:36:04.291722,158
D_STR01102,D_U0022,D0043,2026-02-07 16:21:50.058678,134
D_STR01103,D_U0045,D0032,2026-02-28 00:50:14.974804,153
D_STR01104,D_U0061,D0031,2026-02-20 08:04:58.917228,112
D_STR01105,D_U0002,D0043,2026-02-04 08:08:43.857346,49
D_STR01106,D_U0034,D0018,2026-02-22 17:28:37.770966,207
D_STR01107,D_U0014,D0040,2026-02-23 11:38:33.031577,93
D_STR01108,D_U0029,D0027,2026-02-24 11:46:45.032519,140
D_STR01109,D_U0028,D0046,2026-02-14 09:38:37.569972,34
D_STR01110,D_U0045,D0048,2026-02-03 14:13:22.986049,158
D_STR01111,D_U0023,D0024,2026-02-11 13:02:38.157581,238
D_STR01112,D_U0094,D0007,2026-02-15 18:44:20.207155,262
D_STR01113,D_U0017,D0041,2026-02-27 05:35:43.516868,79
D_STR01114,D_U0067,D0032,2026-02-25 22:24:13.238334,290
D_STR01115,D_U0035,D0047,2026-02-27 04:59:25.189773,163
D_STR01116,D_U0081,D0035,2026-02-19 00:51:11.314159,294
D_STR01117,D_U0068,D0033,2026-02-16 11:52:41.095851,150
D_STR01118,D_U0025,D0035,2026-02-14 08:10:28.150991,17
D_STR01119,D_U0015,D0041,2026-02-26 08:38:32.423194,57
D_STR01120,D_U0086,D0045,2026-02-20 01:35:45.624679,197
D_STR01121,D_U0044,D0036,2026-02-13 15:12:12.006688,265
D_STR01122,D_U0082,D0040,2026-02-08 20:52:49.737154,129
D_STR01123,D_U0031,D0027,2026-02-06 22:44:16.266635,92
D_STR01124,D_U0053,D0035,2026-02-14 02:42:54.180328,52
D_STR01125,D_U0010,D0027,2026-02-09 23:20:25.162345,194
D_STR01126,D_U0072,D0037,2026-02-16 19:25:48.815903,121
D_STR01127,D_U0001,D0028,2026-03-02 02:26:52.754592,234
D_STR01128,D_U0029,D0004,2026-02-03 04:44:17.471226,35
D_STR01129,D_U0003,D0030,2026-02-11 22:59:19.895075,49
D_STR01130,D_U0083,D0036,2026-02-25 03:58:58.073304,15
D_STR01131,D_U0092,D0023,2026-01-31 11:49:40.781673,14
D_STR01132,D_U0073,D0027,2026-02-26 11:34:55.806256,205
D_STR01133,D_U0083,D0019,2026-02-06 22:38:14.706180,143
D_STR01134,D_U0099,D0033,2026-02-24 13:52:53.044372,93
D_STR01135,D_U0042,D0048,2026-02-04 20:53:11.491828,62
D_STR01136,D_U0083,D0022,2026-02-22 23:30:17.204931,200
D_STR01137,D_U0015,D0028,2026-02-20 04:52:29.436816,178
D_STR01138,D_U0064,D0027,2026-02-10 21:49:47.789307,25
D_STR01139,D_U0044,D0041,2026-02-20 02:04:57.547349,213
D_STR01140,D_U0028,D0030,2026-02-08 15:10:10.090036,125
D_STR01141,D_U0053,D0013,2026-02-17 18:07:27.541915,149
D_STR01142,D_U0070,D0034,2026-02-08 20:06:03.586257,88
D_STR01143,D_U0041,D0035,2026-02-01 08:16:41.294034,128
D_STR01144,D_U0036,D0048,2026-02-26 03:46:32.316017,222
D_STR01145,D_U0072,D0042,2026-01-31 22:20:37.175857,204
D_STR01146,D_U0078,D0042,2026-02-12 23:42:24.772790,90
D_STR01147,D_U0091,D0042,2026-02-06 13:23:16.422241,217
D_STR01148,D_U0079,D0042,2026-02-09 03:20:28.183471,195
D_STR01149,D_U0028,D0045,2026-01-31 22:47:01.898122,20
D_STR01150,D_U0070,D0044,2026-02-01 01:50:00.745007,256
D_STR01151,D_U0053,D0049,2026-02-28 00:20:16.436606,60
D_STR01152,D_U0065,D0027,2026-02-15 00:46:25.197360,100
D_STR01153,D_U0030,D0019,2026-02-15 10:54:52.011637,89
D_STR01154,D_U0023,D0009,2026-01-31 19:24:25.363722,210
D_STR01155,D_U0042,D0045,2026-02-26 06:11:54.515997,150
D_STR01156,D_U0007,D0026,2026-02-05 20:06:00.850892,55
D_STR01157,D_U0088,D0034,2026-02-19 10:45:59.155438,149
D_STR01158,D_U0042,D0029,2026-02-27 09:18:16.912102,84
D_STR01159,D_U0022,D0037,2026-02-18 13:01:13.266267,124
D_STR01160,D_U0038,D0048,2026-02-09 03:05:22.925987,249
D_STR01161,D_U0028,D0022,2026-02-10 09:04:46.106933,104
D_STR01162,D_U0036,D0042,2026-02-15 19:14:16.993224,223
D_STR01163,D_U0098,D0014,2026-02-28 23:06:41.614323,9
D_STR01164,D_U0017,D0044,2026-02-19 10:37:40.479192,269
D_STR01165,D_U0011,D0005,2026-02-17 13:04:38.891550,197
D_STR01166,D_U0033,D0021,2026-02-08 12:17:57.134250,36
D_STR01167,D_U0091,D0050,2026-02-04 19:16:46.226608,249
D_STR01168,D_U0098,D0043,2026-02-22 12:41:53.820651,144
D_STR01169,D_U0099,D0047,2026-02-15 15:23:14.205397,77
D_STR01170,D_U0061,D0024,2026-02-16 02:46:41.873565,119
D_STR01171,D_U0094,D0043,2026-02-12 21:53:07.314375,55
D_STR01172,D_U0009,D0023,2026-02-16 03:41:21.890588,209
D_STR01173,D_U0081,D0029,2026-02-02 04:42:13.095886,99
D_STR01174,D_U0041,D0044,2026-02-14 09:48:15.419811,248
D_STR01175,D_U0056,D0047,2026-02-27 14:07:54.336727,101
D_STR01176,D_U0002,D0027,2026-02-10 16:11:50.820965,196
D_STR01177,D_U0050,D0044,2026-02-26 04:26:55.655123,208
D_STR01178,D_U0021,D0022,2026-02-27 09:46:16.483719,193
D_STR01179,D_U0088,D0049,2026-02-03 09:17:42.096661,51
D_STR01180,D_U0045,D0034,2026-02-10 01:56:28.597820,221
D_STR01181,D_U0065,D0044,2026-02-15 20:55:37.115466,96
D_STR01182,D_U0010,D0034,2026-02-17 14:59:17.253966,43
D_STR01183,D_U0072,D0033,2026-02-17 03:03:49.319489,145
D_STR01184,D_U0071,D0036,2026-02-02 02:03:59.554811,213
D_STR01185,D_U0015,D0050,2026-02-24 14:54:11.875122,142
D_STR01186,D_U0058,D0031,2026-02-12 11:50:57.696303,108
D_STR01187,D_U0055,D0025,2026-02-18 08:39:17.849851,73
D_STR01188,D_U0025,D0019,2026-02-04 14:14:18.401373,311
D_STR01189,D_U0072,D0032,2026-02-13 12:10:37.401064,138
D_STR01190,D_U0020,D0020,2026-02-08 13:27:16.850228,95
D_STR01191,D_U0017,D0043,2026-02-07 04:57:46.680809,71
D_STR01192,D_U0001,D0019,2026-02-16 10:17:03.250192,63
D_STR01193,D_U0014,D0010,2026-02-14 04:26:53.433843,182
D_STR01194,D_U0066,D0028,2026-02-13 17:19:33.655217,87
D_STR01195,D_U0056,D0039,2026-02-28 13:08:00.755065,151
D_STR01196,D_U0026,D0027,2026-02-02 09:51:21.735076,216
D_STR01197,D_U0081,D0038,2026-02-25 17:51:01.172866,121
D_STR01198,D_U0025,D0012,2026-02-01 22:06:54.935866,41
D_STR01199,D_U0035,D0030,2026-02-19 04:39:32.126006,130
D_STR01200,D_U0071,D0042,2026-02-14 09:55:02.875039,102
D_STR01201,D_U0072,D0040,2026-02-19 14:49:28.493808,126
D_STR01202,D_U0062,D0026,2026-02-18 19:35:13.001653,9
D_STR01203,D_U0058,D0048,2026-02-27 17:56:02.273973,164
D_STR01204,D_U0008,D0038,2026-02-18 09:37:37.289769,104
D_STR01205,D_U0074,D0027,2026-03-01 13:20:36.461485,67
D_STR01206,D_U0062,D0037,2026-02-28 04:08:06.339892,121
D_STR01207,D_U0007,D0021,2026-02-22 23:32:00.316781,22
D_STR01208,D_U0055,D0041,2026-02-17 09:16:19.084415,234
D_STR01209,D_U0020,D0039,2026-02-09 13:40:24.083772,271
D_STR01210,D_U0027,D0017,2026-02-21 02:14:30.573546,93
D_STR01211,D_U0062,D0047,2026-02-08 00:46:47.190726,64
D_STR01212,D_U0016,D0011,2026-02-02 09:47:39.053711,156
D_STR01213,D_U0083,D0023,2026-02-15 12:07:51.854388,84
D_STR01214,D_U0053,D0050,2026-02-23 19:52:56.695354,160
D_STR01215,D_U0023,D0021,2026-02-02 00:20:27.515428,142
D_STR01216,D_U0041,D0044,2026-02-26 07:06:01.306485,245
D_STR01217,D_U0041,D0045,2026-02-25 01:14:14.726869,18
D_STR01218,D_U0079,D0014,2026-02-05 03:44:50.972790,295
D_STR01219,D_U0041,D0047,2026-02-20 05:59:52.432543,276
D_STR01220,D_U0060,D0031,2026-02-01 00:09:00.802894,52
D_STR01221,D_U0030,D0033,2026-02-01 14:40:45.504001,9
D_STR01222,D_U0047,D0028,2026-02-10 08:59:28.705903,9
D_STR01223,D_U0054,D0045,2026-02-17 20:46:00.372235,92
D_STR01224,D_U0081,D0014,2026-02-03 17:48:58.529451,135
D_STR01225,D_U0075,D0030,2026-02-21 03:31:04.406973,24
D_STR01226,D_U0050,D0037,2026-02-12 11:26:11.456832,125
D_STR01227,D_U0042,D0043,2026-02-09 07:28:44.390307,74
D_STR01228,D_U0036,D0050,2026-02-27 16:57:45.931296,198
D_STR01229,D_U0012,D0019,2026-02-09 12:56:45.198216,202
D_STR01230,D_U0026,D0041,2026-02-28 02:05:08.252435,141
D_STR01231,D_U0095,D0037,2026-02-11 08:41:53.309038,135
D_STR01232,D_U0005,D0031,2026-02-25 14:16:02.985395,16
D_STR01233,D_U0036,D0020,2026-02-28 15:19:23.110891,158
D_STR01234,D_U0089,D0035,2026-02-26 02:00:29.762534,301
D_STR01235,D_U0097,D0036,2026-02-13 08:03:57.007119,19
D_STR01236,D_U0021,D0044,2026-01-31 11:22:31.086428,153
D_STR01237,D_U0074,D0017,2026-02-15 23:42:36.895046,115
D_STR01238,D_U0040,D0019,2026-02-13 17:55:41.418272,184
D_STR01239,D_U0060,D0015,2026-02-01 09:07:11.855575,30
D_STR01240,D_U0070,D0041,2026-02-09 15:26:48.693523,151
D_STR01241,D_U0050,D0025,2026-02-27 14:36:09.650382,180
D_STR01242,D_U0034,D0043,2026-02-23 15:28:57.456415,137
D_STR01243,D_U0045,D0047,2026-02-08 16:53:05.654684,222
D_STR01244,D_U0094,D0038,2026-02-14 04:46:53.711889,194
D_STR01245,D_U0025,D0019,2026-01-31 23:07:34.399266,18
D_STR01246,D_U0036,D0039,2026-02-19 13:13:45.640231,130
D_STR01247,D_U0018,D0037,2026-02-26 00:00:34.423082,18
D_STR01248,D_U0056,D0036,2026-02-18 19:21:20.604192,323
D_STR01249,D_U0016,D0032,2026-02-09 18:42:12.370865,233
D_STR01250,D_U0002,D0029,2026-02-04 11:01:39.494061,210
D_STR01251,D_U0073,D0015,2026-02-17 09:10:18.794081,188
D_STR01252,D_U0031,D0048,2026-02-07 04:43:41.128548,241
D_STR01253,D_U0091,D0043,2026-02-26 00:06:12.891029,57
D_STR01254,D_U0074,D0046,2026-02-04 14:53:49.673710,111
D_STR01255,D_U0093,D0048,2026-02-04 19:37:12.464959,158
D_STR01256,D_U0084,D0018,2026-02-01 12:04:31.059670,169
D_STR01257,D_U0071,D0047,2026-02-16 21:11:09.139703,27
D_STR01258,D_U0084,D0047,2026-02-18 11:14:22.220305,125
D_STR01259,D_U0015,D0046,2026-02-26 13:36:57.416006,91
D_STR01260,D_U0064,D0050,2026-02-27 07:40:30.734203,76
D_STR01261,D_U0094,D0022,2026-02-16 14:29:20.293985,141
D_STR01262,D_U0083,D0049,2026-02-09 22:59:17.551976,109
D_STR01263,D_U0058,D0035,2026-02-10 08:26:48.955088,177
D_STR01264,D_U0086,D0039,2026-02-02 07:56:42.242201,50
D_STR01265,D_U0006,D0031,2026-02-17 12:20:28.123714,111
D_STR01266,D_U0085,D0018,2026-02-06 10:07:22.230318,69
D_STR01267,D_U0058,D0041,2026-02-12 07:36:00.052085,98
D_STR01268,D_U0029,D0043,2026-02-25 21:13:41.453103,34
D_STR01269,D_U0080,D0015,2026-02-02 11:23:39.797788,138
D_STR01270,D_U0023,D0033,2026-02-06 06:32:18.269587,84
D_STR01271,D_U0061,D0041,2026-02-20 15:12:16.936428,186
D_STR01272,D_U0091,D0034,2026-02-19 00:32:50.058767,59
D_STR01273,D_U0084,D0034,2026-02-28 03:20:40.534035,177
D_STR01274,D_U0090,D0041,2026-02-03 20:14:11.489531,175
D_STR01275,D_U0031,D0044,2026-02-22 03:46:01.238516,208
D_STR01276,D_U0055,D0028,2026-02-15 08:32:58.308205,151
D_STR01277,D_U0068,D0029,2026-02-28 19:12:19.607085,44
D_STR01278,D_U0092,D0015,2026-02-28 13:34:28.490212,128
D_STR01279,D_U0022,D0030,2026-02-01 11:44:44.810620,130
D_STR01280,D_U0004,D0045,2026-02-23 14:19:33.906257,163
D_STR01281,D_U0006,D0028,2026-02-10 04:04:34.560007,95
D_STR01282,D_U0018,D0043,2026-02-20 20:30:00.635184,13
D_STR01283,D_U0046,D0024,2026-03-02 07:07:30.422155,213
D_STR01284,D_U0096,D0040,2026-02-12 05:48:22.213978,81
D_STR01285,D_U0041,D0029,2026-02-18 04:11:01.750918,325
D_STR01286,D_U0015,D0042,2026-02-23 10:26:49.526690,18
D_STR01287,D_U0087,D0041,2026-02-08 04:00:13.075435,38
D_STR01288,D_U0029,D0045,2026-02-25 16:39:46.050265,154
D_STR01289,D_U0099,D0032,2026-02-23 07:57:00.509261,37
D_STR01290,D_U0088,D0043,2026-02-06 02:31:04.305977,54
D_STR01291,D_U0077,D0023,2026-02-11 17:12:10.268913,182
D_STR01292,D_U0028,D0040,2026-02-04 07:54:46.426326,118
D_STR01293,D_U0045,D0027,2026-02-10 13:38:24.738156,133
D_STR01294,D_U0041,D0027,2026-02-23 20:21:58.654424,51
D_STR01295,D_U0031,D0043,2026-02-17 15:45:51.645295,70
D_STR01296,D_U0025,D0039,2026-02-22 02:48:06.628663,124
D_STR01297,D_U0025,D0047,2026-02-15 15:32:51.690861,20
D_STR01298,D_U0022,D0044,2026-02-18 14:59:15.007761,221
D_STR01299,D_U0007,D0024,2026-02-02 04:51:29.296739,149
D_STR01300,D_U0071,D0039,2026-02-27 01:02:53.331319,223
D_STR01301,D_U0075,D0046,2026-02-12 18:43:29.374304,41
D_STR01302,D_U0079,D0042,2026-02-06 12:05:22.263762,81
D_STR01303,D_U0010,D0025,2026-02-19 07:42:34.959598,23
D_STR01304,D_U0037,D0039,2026-02-06 17:04:26.909138,140
D_STR01305,D_U0099,D0038,2026-02-25 12:42:01.330997,187
D_STR01306,D_U0093,D0042,2026-03-01 21:58:10.237633,21
D_STR01307,D_U0085,D0045,2026-02-21 08:58:35.435021,9
D_STR01308,D_U0098,D0030,2026-02-03 14:00:41.781448,34
D_STR01309,D_U0015,D0043,2026-02-15 05:07:30.788629,48
D_STR01310,D_U0012,D0040,2026-02-28 18:48:27.421235,62
D_STR01311,D_U0013,D0017,2026-02-09 13:11:29.685551,64
D_STR01312,D_U0044,D0037,2026-02-20 21:43:07.369788,79
D_STR01313,D_U0005,D0040,2026-02-06 00:00:14.961961,7
D_STR01314,D_U0012,D0041,2026-02-23 10:49:56.190048,6
D_STR01315,D_U0039,D0049,2026-02-05 10:56:53.033431,47
D_STR01316,D_U0061,D0009,2026-02-16 17:02:08.319075,38
D_STR01317,D_U0030,D0048,2026-02-22 04:05:43.475146,224
D_STR01318,D_U0007,D0020,2026-02-04 05:22:50.550193,17
D_STR01319,D_U0083,D0025,2026-02-01 11:56:12.492613,153
D_STR01320,D_U0097,D0044,2026-02-12 17:43:43.810677,338
D_STR01321,D_U0083,D0032,2026-02-17 12:51:07.202241,80
D_STR01322,D_U0012,D0012,2026-02-16 23:54:32.946898,81
D_STR01323,D_U0057,D0020,2026-02-14 16:59:48.762857,137
D_STR01324,D_U0069,D0011,2026-02-27 17:22:07.166264,44
D_STR01325,D_U0075,D0030,2026-02-16 22:58:42.309254,106
D_STR01326,D_U0038,D0042,2026-02-07 19:44:25.962413,51
D_STR01327,D_U0004,D0045,2026-02-16 02:11:06.483267,116
D_STR01328,D_U0042,D0021,2026-02-10 01:56:56.693689,112
D_STR01329,D_U0090,D0045,2026-02-10 06:46:41.153077,60
D_STR01330,D_U0096,D0039,2026-02-07 21:35:02.993431,96
D_STR01331,D_U0044,D0037,2026-02-18 13:52:16.707005,66
D_STR01332,D_U0038,D0033,2026-02-27 23:51:06.359741,93
D_STR01333,D_U0030,D0038,2026-02-21 20:34:05.410167,28
D_STR01334,D_U0084,D0044,2026-02-21 17:27:12.354605,38
D_STR01335,D_U0012,D0028,2026-02-15 11:54:16.448531,174
D_STR01336,D_U0089,D0049,2026-02-20 00:40:18.992174,97
D_STR01337,D_U0046,D0044,2026-02-11 01:27:47.835248,302
D_STR01338,D_U0078,D0020,2026-02-28 10:57:20.245555,76
D_STR01339,D_U0079,D0020,2026-02-22 03:15:11.608231,67
D_STR01340,D_U0043,D0009,2026-01-31 23:47:38.491054,10
D_STR01341,D_U0076,D0033,2026-02-06 16:53:49.819201,167
D_STR01342,D_U0083,D0009,2026-02-24 15:29:29.319118,136
D_STR01343,D_U0083,D0046,2026-02-12 00:24:56.514714,45
D_STR01344,D_U0034,D0015,2026-02-22 03:35:47.103605,19
D_STR01345,D_U0043,D0029,2026-02-21 10:41:43.392489,68
D_STR01346,D_U0080,D0035,2026-02-16 01:06:33.317342,186
D_STR01347,D_U0060,D0035,2026-02-20 13:13:28.380644,159
D_STR01348,D_U0056,D0042,2026-02-10 11:25:16.496215,42
D_STR01349,D_U0006,D0042,2026-02-05 19:57:05.225169,28
D_STR01350,D_U0073,D0045,2026-03-01 12:48:28.967150,112
D_STR01351,D_U0042,D0028,2026-02-24 03:18:30.046325,221
D_STR01352,D_U0060,D0042,2026-02-02 17:53:49.149966,268
D_STR01353,D_U0079,D0015,2026-02-12 18:41:36.716758,210
D_STR01354,D_U0010,D0049,2026-02-22 05:35:12.732283,94
D_STR01355,D_U0089,D0007,2026-02-14 15:24:39.574116,188
D_STR01356,D_U0086,D0036,2026-02-08 04:34:59.303427,188
D_STR01357,D_U0100,D0043,2026-02-23 21:41:29.257310,8
D_STR01358,D_U0036,D0045,2026-03-01 21:01:09.160947,129
D_STR01359,D_U0064,D0033,2026-02-20 07:39:10.208753,95
D_STR01360,D_U0063,D0037,2026-02-23 17:31:57.524776,56
D_STR01361,D_U0087,D0030,2026-02-27 01:20:29.082167,27
D_STR01362,D_U0006,D0043,2026-02-17 04:17:03.344290,24
D_STR01363,D_U0029,D0041,2026-02-14 00:28:11.388761,243
D_STR01364,D_U0026,D0043,2026-02-18 13:32:05.357792,6
D_STR01365,D_U0096,D0041,2026-03-01 01:37:25.125968,87
D_STR01366,D_U0027,D0023,2026-02-14 09:01:09.159668,108
D_STR01367,D_U0030,D0013,2026-01-31 19:37:59.882546,169
D_STR01368,D_U0069,D0028,2026-02-17 02:40:04.790123,209
D_STR01369,D_U0023,D0029,2026-02-10 04:45:02.476954,26
D_STR01370,D_U0047,D0037,2026-02-20 11:41:54.062129,53
D_STR01371,D_U0023,D0039,2026-02-10 14:00:28.681742,186
D_STR01372,D_U0016,D0031,2026-02-18 12:35:42.712289,11
D_STR01373,D_U0067,D0028,2026-02-26 22:20:31.600882,283
D_STR01374,D_U0001,D0048,2026-02-22 18:17:05.707492,199
D_STR01375,D_U0094,D0050,2026-02-17 20:39:08.941742,96
D_STR01376,D_U0079,D0048,2026-02-18 05:38:04.712865,122
D_STR01377,D_U0082,D0044,2026-02-25 11:37:09.201000,51
D_STR01378,D_U0016,D0021,2026-02-07 19:18:23.137596,170
D_STR01379,D_U0078,D0047,2026-02-11 20:13:42.043870,118
D_STR01380,D_U0003,D0010,2026-02-02 14:57:55.859674,192
D_STR01381,D_U0089,D0021,2026-02-06 07:01:54.653664,17
D_STR01382,D_U0027,D0012,2026-02-13 22:07:33.941078,240
D_STR01383,D_U0036,D0034,2026-02-09 18:46:20.914396,7
D_STR01384,D_U0022,D0047,2026-02-05 22:03:41.787435,293
D_STR01385,D_U0031,D0043,2026-02-01 10:54:56.487299,143
D_STR01386,D_U0081,D0038,2026-02-03 14:15:27.273359,138
D_STR01387,D_U0052,D0024,2026-02-24 10:41:18.908805,20
D_STR01388,D_U0040,D0022,2026-03-01 12:11:36.496658,6
D_STR01389,D_U0050,D0046,2026-02-24 23:00:32.470942,191
D_STR01390,D_U0082,D0017,2026-02-03 18:11:42.590755,100
D_STR01391,D_U0031,D0015,2026-02-24 16:32:02.312281,49
D_STR01392,D_U0005,D0044,2026-02-28 04:43:45.057013,248
D_STR01393,D_U0100,D0049,2026-02-24 11:14:42.279290,69
D_STR01394,D_U0094,D0043,2026-02-24 02:57:03.994423,144
D_STR01395,D_U0040,D0040,2026-02-03 15:33:14.597250,6
D_STR01396,D_U0080,D0047,2026-03-01 05:17:22.000438,260
D_STR01397,D_U0090,D0039,2026-02-01 07:25:18.786785,53
D_STR01398,D_U0019,D0036,2026-02-02 12:03:52.098298,182
D_STR01399,D_U0005,D0027,2026-02-08 18:10:33.405889,32
D_STR01400,D_U0100,D0013,2026-02-02 15:07:30.822053,93
D_STR01401,D_U0001,D0033,2026-02-28 04:32:04.166696,101
D_STR01402,D_U0010,D0050,2026-02-10 08:15:02.029042,200
D_STR01403,D_U0093,D0046,2026-02-08 06:47:11.728550,65
D_STR01404,D_U0084,D0041,2026-02-19 21:31:47.132663,70
D_STR01405,D_U0007,D0034,2026-03-01 05:24:35.391924,129
D_STR01406,D_U0015,D0045,2026-02-23 19:26:52.223247,95
D_STR01407,D_U0046,D0050,2026-02-22 23:38:03.522615,25
D_STR01408,D_U0058,D0041,2026-03-02 02:53:47.985139,114
D_STR01409,D_U0043,D0040,2026-02-17 04:00:33.580320,8
D_STR01410,D_U0069,D0036,2026-02-25 21:01:46.231325,81
D_STR01411,D_U0087,D0037,2026-02-24 19:47:56.971080,135
D_STR01412,D_U0087,D0047,2026-02-15 23:47:05.961303,97
D_STR01413,D_U0015,D0026,2026-02-11 20:48:12.490198,266
D_STR01414,D_U0097,D0047,2026-02-16 18:58:02.304909,11
D_STR01415,D_U0084,D0039,2026-02-11 13:15:43.331005,131
D_STR01416,D_U0086,D0046,2026-02-08 02:54:37.099706,175
D_STR01417,D_U0100,D0046,2026-02-11 15:06:24.078224,87
D_STR01418,D_U0020,D0034,2026-02-14 01:18:38.077893,56
D_STR01419,D_U0056,D0044,2026-02-25 11:05:14.047508,162
D_STR01420,D_U0094,D0037,2026-02-08 14:47:25.850830,89
D_STR01421,D_U0070,D0040,2026-02-15 18:47:50.893580,123
D_STR01422,D_U0032,D0039,2026-02-13 11:58:53.322150,172
D_STR01423,D_U0032,D0035,2026-02-24 17:58:12.953582,227
D_STR01424,D_U0043,D0031,2026-02-16 13:25:54.835766,99
D_STR01425,D_U0070,D0046,2026-02-04 21:43:50.644252,103
D_STR01426,D_U0085,D0045,2026-02-23 19:31:18.414015,170
D_STR01427,D_U0014,D0044,2026-02-03 09:34:01.665666,84
D_STR01428,D_U0004,D0014,2026-02-03 10:16:54.621273,79
D_STR01429,D_U0033,D0043,2026-03-02 06:36:36.051857,68
D_STR01430,D_U0007,D0035,2026-02-20 02:28:40.315556,200
D_STR01431,D_U0077,D0049,2026-02-15 14:00:57.964597,105
D_STR01432,D_U0057,D0022,2026-02-06 17:00:22.004158,60
D_STR01433,D_U0013,D0045,2026-02-21 21:55:13.301354,41
D_STR01434,D_U0044,D0045,2026-02-12 19:53:53.881851,80
D_STR01435,D_U0092,D0046,2026-02-04 16:17:24.155166,15
D_STR01436,D_U0097,D0044,2026-02-03 22:33:58.910925,288
D_STR01437,D_U0066,D0025,2026-02-12 19:12:12.862340,133
D_STR01438,D_U0083,D0031,2026-02-12 06:58:06.102867,92
D_STR01439,D_U0030,D0033,2026-02-22 19:27:53.892460,52
D_STR01440,D_U0041,D0050,2026-03-01 09:21:19.895577,164
D_STR01441,D_U0001,D0031,2026-02-11 01:02:36.149594,137
D_STR01442,D_U0020,D0046,2026-02-27 18:48:41.184396,38
D_STR01443,D_U0021,D0028,2026-02-11 06:03:44.596638,96
D_STR01444,D_U0066,D0023,2026-02-03 08:28:37.904806,165
D_STR01445,D_U0050,D0006,2026-02-15 19:59:22.702232,320
D_STR01446,D_U0044,D0046,2026-02-16 12:31:03.026327,81
D_STR01447,D_U0051,D0026,2026-02-02 02:34:44.575870,138
D_STR01448,D_U0078,D0013,2026-02-14 23:37:01.005863,88
D_STR01449,D_U0026,D0049,2026-02-03 06:56:15.983516,25
D_STR01450,D_U0092,D0031,2026-02-20 13:52:55.698627,17
D_STR01451,D_U0028,D0030,2026-02-17 12:55:57.162355,100
D_STR01452,D_U0030,D0024,2026-02-24 23:38:05.706632,103
D_STR01453,D_U0075,D0039,2026-02-25 05:59:56.927253,73
D_STR01454,D_U0021,D0029,2026-02-21 02:16:30.410130,250
D_STR01455,D_U0052,D0048,2026-02-27 16:54:01.748930,269
D_STR01456,D_U0063,D0027,2026-02-28 03:54:25.949457,243
D_STR01457,D_U0022,D0034,2026-02-06 14:38:57.815854,160
D_STR01458,D_U0051,D0048,2026-02-27 06:23:28.100623,237
D_STR01459,D_U0067,D0022,2026-02-19 10:55:55.432024,96
D_STR01460,D_U0091,D0022,2026-03-01 13:33:14.337830,5
D_STR01461,D_U0085,D0028,2026-02-17 06:30:05.228853,202
D_STR01462,D_U0010,D0046,2026-02-22 13:23:25.917449,49
D_STR01463,D_U0083,D0033,2026-02-21 14:39:37.753659,102
D_STR01464,D_U0017,D0018,2026-02-21 14:29:52.849138,114
D_STR01465,D_U0045,D0048,2026-02-17 13:02:04.886628,11
D_STR01466,D_U0080,D0046,2026-02-17 16:42:10.441292,174
D_STR01467,D_U0068,D0018,2026-02-02 03:56:20.161547,190
D_STR01468,D_U0040,D0018,2026-02-25 14:03:42.763047,41
D_STR01469,D_U0056,D0049,2026-02-03 09:47:20.738650,39
D_STR01470,D_U0054,D0029,2026-02-17 13:48:10.837168,344
D_STR01471,D_U0019,D0050,2026-02-24 04:22:36.401674,336
D_STR01472,D_U0009,D0038,2026-02-04 03:50:46.384259,34
D_STR01473,D_U0098,D0027,2026-02-01 00:08:18.358490,24
D_STR01474,D_U0007,D0041,2026-02-05 05:41:56.058978,60
D_STR01475,D_U0079,D0015,2026-02-11 04:57:23.294184,274
D_STR01476,D_U0011,D0032,2026-02-23 20:02:01.341378,225
D_STR01477,D_U0050,D0014,2026-02-23 23:34:46.952231,185
D_STR01478,D_U0038,D0021,2026-02-26 10:21:50.906975,81
D_STR01479,D_U0008,D0038,2026-02-08 23:26:13.157776,130
D_STR01480,D_U0020,D0050,2026-02-11 08:14:36.372913,294
D_STR01481,D_U0075,D0020,2026-02-04 07:36:11.388903,11
D_STR01482,D_U0026,D0049,2026-02-26 01:55:03.195152,116
D_STR01483,D_U0070,D0044,2026-02-12 19:39:43.494908,74
D_STR01484,D_U0009,D0021,2026-02-06 14:14:32.925529,188
D_STR01485,D_U0029,D0047,2026-02-26 22:38:46.669967,14
D_STR01486,D_U0078,D0037,2026-02-16 08:41:01.326666,112
D_STR01487,D_U0080,D0012,2026-02-18 18:21:23.837511,224
D_STR01488,D_U0069,D0016,2026-02-16 06:14:38.746893,223
D_STR01489,D_U0038,D0023,2026-02-14 06:38:22.920465,130
D_STR01490,D_U0087,D0046,2026-02-14 01:15:10.035993,191
D_STR01491,D_U0026,D0050,2026-02-19 16:45:00.851798,224
D_STR01492,D_U0004,D0025,2026-02-19 06:01:26.768026,202
D_STR01493,D_U0080,D0032,2026-02-01 15:56:50.021483,126
D_STR01494,D_U0003,D0022,2026-02-18 23:29:32.405785,187
D_STR01495,D_U0084,D0016,2026-02-07 04:10:11.309346,121
D_STR01496,D_U0029,D0030,2026-02-07 10:15:19.837014,103
D_STR01497,D_U0061,D0035,2026-02-06 11:04:02.193125,310
D_STR01498,D_U0025,D0048,2026-03-01 17:20:09.338660,35
D_STR01499,D_U0034,D0021,2026-02-12 04:56:51.766337,14
D_STR01500,D_U0090,D0035,2026-03-01 06:41:46.818522,63
D_STR01501,D_U0099,D0041,2026-02-08 08:20:51.650720,97
D_STR01502,D_U0001,D0043,2026-02-20 02:23:15.492574,29
D_STR01503,D_U0060,D0036,2026-02-22 14:12:31.353688,49
D_STR01504,D_U0025,D0035,2026-02-01 02:33:02.603121,274
D_STR01505,D_U0016,D0022,2026-02-15 23:40:18.606069,116
D_STR01506,D_U0022,D0038,2026-02-14 00:12:16.878789,142
D_STR01507,D_U0096,D0037,2026-02-06 17:02:59.869123,14
D_STR01508,D_U0085,D0041,2026-02-09 22:11:16.471423,158
D_STR01509,D_U0065,D0045,2026-02-06 20:17:42.585241,147
D_STR01510,D_U0069,D0027,2026-02-18 20:56:44.742746,198
D_STR01511,D_U0034,D0043,2026-02-12 15:06:09.055759,94
D_STR01512,D_U0071,D0029,2026-02-25 05:56:34.668885,330
D_STR01513,D_U0078,D0048,2026-02-05 02:07:34.576097,35
D_STR01514,D_U0005,D0032,2026-02-01 18:50:13.723019,72
D_STR01515,D_U0024,D0019,2026-02-02 02:11:09.914522,286
D_STR01516,D_U0031,D0024,2026-02-16 20:32:12.180789,273
D_STR01517,D_U0042,D0040,2026-02-07 02:30:11.768383,57
D_STR01518,D_U0044,D0032,2026-02-23 14:31:53.628746,227
D_STR01519,D_U0006,D0049,2026-02-04 06:54:53.342966,41
D_STR01520,D_U0030,D0050,2026-02-26 15:00:52.721595,250
D_STR01521,D_U0087,D0029,2026-02-18 12:00:39.777442,244
D_STR01522,D_U0071,D0041,2026-02-28 05:29:33.247069,136
D_STR01523,D_U0055,D0039,2026-02-11 09:17:11.931872,125
D_STR01524,D_U0061,D0018,2026-02-15 12:34:12.717199,92
D_STR01525,D_U0042,D0041,2026-02-22 08:49:40.991271,7
D_STR01526,D_U0036,D0032,2026-02-20 19:01:12.054788,160
D_STR01527,D_U0003,D0043,2026-02-09 19:57:59.090706,82
D_STR01528,D_U0024,D0044,2026-02-05 20:15:10.019214,147
D_STR01529,D_U0008,D0017,2026-02-22 06:44:43.611054,78
D_STR01530,D_U0001,D0035,2026-02-23 02:28:25.793544,90
D_STR01531,D_U0080,D0039,2026-02-04 23:27:44.460504,269
D_STR01532,D_U0065,D0040,2026-02-11 16:26:03.658638,101
D_STR01533,D_U0084,D0046,2026-02-08 14:34:35.620298,120
D_STR01534,D_U0004,D0045,2026-02-25 21:33:06.939833,9
D_STR01535,D_U0057,D0014,2026-02-06 21:20:56.748174,95
D_STR01536,D_U0021,D0046,2026-02-09 01:42:40.214440,52
D_STR01537,D_U0020,D0037,2026-01-31 18:49:51.351333,148
D_STR01538,D_U0006,D0024,2026-02-05 10:23:23.458400,137
D_STR01539,D_U0041,D0044,2026-02-16 13:57:31.739453,67
D_STR01540,D_U0096,D0020,2026-02-11 16:49:44.167972,87
D_STR01541,D_U0044,D0047,2026-02-17 12:06:50.939213,238
D_STR01542,D_U0095,D0034,2026-02-19 17:41:44.939686,70
D_STR01543,D_U0071,D0028,2026-02-25 18:16:12.769709,77
D_STR01544,D_U0095,D0050,2026-02-03 18:47:42.789507,309
D_STR01545,D_U0087,D0042,2026-02-24 11:27:48.612052,25
D_STR01546,D_U0059,D0019,2026-02-17 12:30:13.830052,125
D_STR01547,D_U0003,D0046,2026-02-10 23:40:47.849208,111
D_STR01548,D_U0041,D0047,2026-02-24 10:34:37.966844,259
D_STR01549,D_U0019,D0035,2026-02-19 14:28:04.492912,83
D_STR01550,D_U0093,D0036,2026-02-25 07:57:36.516649,14
D_STR01551,D_U0037,D0027,2026-02-21 12:35:41.175875,170
D_STR01552,D_U0085,D0009,2026-02-08 09:42:10.925887,205
D_STR01553,D_U0084,D0040,2026-02-17 15:08:19.363936,89
D_STR01554,D_U0026,D0040,2026-02-28 09:58:20.858570,30
D_STR01555,D_U0068,D0028,2026-02-21 16:15:38.072081,205
D_STR01556,D_U0001,D0050,2026-01-31 23:43:05.102285,15
D_STR01557,D_U0089,D0036,2026-02-12 03:59:05.623112,180
D_STR01558,D_U0057,D0014,2026-02-14 05:45:06.429329,53
D_STR01559,D_U0049,D0032,2026-02-16 03:11:15.798388,180
D_STR01560,D_U0023,D0023,2026-02-27 20:28:35.701356,147
D_STR01561,D_U0069,D0048,2026-02-11 01:21:27.984206,141
D_STR01562,D_U0082,D0045,2026-02-06 06:18:47.514226,94
D_STR01563,D_U0094,D0029,2026-02-03 06:01:45.502124,211
D_STR01564,D_U0066,D0029,2026-02-10 17:30:03.289429,17
D_STR01565,D_U0021,D0043,2026-02-09 11:12:43.776943,35
D_STR01566,D_U0043,D0040,2026-02-20 15:26:41.394738,32
D_STR01567,D_U0080,D0030,2026-02-05 10:34:30.249165,137
D_STR01568,D_U0006,D0040,2026-02-10 18:42:33.333778,118
D_STR01569,D_U0033,D0044,2026-02-11 10:49:28.019094,309
D_STR01570,D_U0001,D0040,2026-02-25 05:43:39.606849,19
D_STR01571,D_U0061,D0037,2026-02-28 05:06:02.636346,44
D_STR01572,D_U0020,D0019,2026-02-22 05:00:16.333094,63
D_STR01573,D_U0062,D0015,2026-01-31 11:21:51.335581,275
D_STR01574,D_U0006,D0028,2026-03-01 00:28:22.868163,181
D_STR01575,D_U0011,D0043,2026-02-06 22:10:14.020707,154
D_STR01576,D_U0069,D0023,2026-02-26 10:58:35.312590,82
D_STR01577,D_U0027,D0049,2026-02-02 09:34:57.714202,53
D_STR01578,D_U0016,D0047,2026-02-22 09:04:35.015318,153
D_STR01579,D_U0003,D0045,2026-02-05 10:44:44.115019,26
D_STR01580,D_U0088,D0033,2026-02-22 15:50:17.705179,163
D_STR01581,D_U0070,D0041,2026-02-12 06:25:52.021563,71
D_STR01582,D_U0066,D0014,2026-02-21 13:47:26.537103,16
D_STR01583,D_U0045,D0019,2026-02-21 00:16:06.993077,278
D_STR01584,D_U0061,D0039,2026-02-11 08:18:16.600669,152
D_STR01585,D_U0083,D0011,2026-02-11 23:32:24.889849,241
D_STR01586,D_U0048,D0026,2026-02-28 23:27:35.235616,248
D_STR01587,D_U0001,D0036,2026-03-02 03:55:06.864194,123
D_STR01588,D_U0095,D0045,2026-02-23 18:39:23.412008,194
D_STR01589,D_U0023,D0035,2026-02-04 23:45:23.918535,71
D_STR01590,D_U0006,D0032,2026-02-27 13:10:45.391437,204
D_STR01591,D_U0063,D0037,2026-02-19 12:11:12.597631,114
D_STR01592,D_U0053,D0038,2026-02-12 04:07:09.724500,123
D_STR01593,D_U0068,D0033,2026-02-18 22:07:59.865744,20
D_STR01594,D_U0083,D0044,2026-02-19 07:38:23.306201,160
D_STR01595,D_U0009,D0042,2026-02-15 10:56:46.945775,266
D_STR01596,D_U0068,D0028,2026-02-08 13:29:53.317338,16
D_STR01597,D_U0043,D0035,2026-01-31 14:43:27.182251,254
D_STR01598,D_U0058,D0039,2026-02-24 16:19:15.256552,166
D_STR01599,D_U0052,D0049,2026-02-01 00:25:42.522854,12
D_STR01600,D_U0011,D0043,2026-03-01 22:03:49.669269,120
D_STR01601,D_U0055,D0036,2026-02-11 01:18:04.157092,133
D_STR01602,D_U0069,D0030,2026-02-07 08:05:50.748957,141
D_STR01603,D_U0078,D0035,2026-02-16 13:40:48.128360,79
D_STR01604,D_U0033,D0034,2026-02-13 18:07:44.352846,211
D_STR01605,D_U0001,D0018,2026-02-21 23:22:28.693644,172
D_STR01606,D_U0029,D0041,2026-02-07 23:56:43.243503,152
D_STR01607,D_U0084,D0049,2026-02-22 20:10:42.526177,30
D_STR01608,D_U0079,D0050,2026-03-02 03:21:45.667392,146
D_STR01609,D_U0005,D0035,2026-02-22 15:30:46.764961,247
D_STR01610,D_U0005,D0043,2026-02-08 09:39:21.082478,15
D_STR01611,D_U0086,D0035,2026-02-05 23:29:08.825098,133
D_STR01612,D_U0093,D0024,2026-01-31 22:13:43.652620,308
D_STR01613,D_U0019,D0050,2026-02-21 17:26:48.869958,338
D_STR01614,D_U0022,D0048,2026-02-12 22:10:58.316934,271
D_STR01615,D_U0070,D0014,2026-02-06 15:32:32.473526,83
D_STR01616,D_U0092,D0024,2026-02-10 06:55:33.182927,329
D_STR01617,D_U0088,D0018,2026-02-07 03:27:08.539653,266
D_STR01618,D_U0079,D0008,2026-02-28 01:02:40.861473,323
D_STR01619,D_U0046,D0021,2026-02-25 22:12:14.751328,252
D_STR01620,D_U0053,D0036,2026-02-05 05:11:13.643636,282
D_STR01621,D_U0017,D0042,2026-02-18 09:25:59.705680,221
D_STR01622,D_U0052,D0031,2026-02-14 03:57:02.695065,74
D_STR01623,D_U0014,D0043,2026-03-02 06:21:17.686294,80
D_STR01624,D_U0005,D0041,2026-03-02 04:26:11.709255,210
D_STR01625,D_U0071,D0040,2026-02-05 04:37:39.258850,96
D_STR01626,D_U0046,D0049,2026-02-04 19:29:17.876507,58
D_STR01627,D_U0080,D0031,2026-02-08 04:58:27.409730,98
D_STR01628,D_U0029,D0047,2026-02-02 16:29:02.972932,61
D_STR01629,D_U0038,D0047,2026-02-17 07:31:28.250120,259
D_STR01630,D_U0065,D0014,2026-02-13 05:13:03.405448,39
D_STR01631,D_U0092,D0016,2026-01-31 21:12:18.195984,33
D_STR01632,D_U0004,D0031,2026-03-01 13:43:59.241691,73
D_STR01633,D_U0086,D0033,2026-02-12 02:24:36.206127,68
D_STR01634,D_U0044,D0024,2026-02-18 23:50:00.568190,316
D_STR01635,D_U0022,D0046,2026-02-21 12:13:19.204046,85
D_STR01636,D_U0008,D0036,2026-02-20 19:21:35.806086,291
D_STR01637,D_U0033,D0023,2026-02-03 02:15:32.673376,45
D_STR01638,D_U0060,D0050,2026-02-06 17:24:06.610404,21
D_STR01639,D_U0052,D0042,2026-02-12 15:26:57.509930,174
D_STR01640,D_U0019,D0049,2026-02-05 23:59:09.864869,96
D_STR01641,D_U0080,D0038,2026-02-08 11:28:01.831158,99
D_STR01642,D_U0024,D0029,2026-03-01 13:17:53.759557,246
D_STR01643,D_U0019,D0040,2026-02-15 04:28:04.674454,128
D_STR01644,D_U0055,D0049,2026-02-16 03:32:06.490900,90
D_STR01645,D_U0042,D0046,2026-02-23 13:23:54.471556,60
D_STR01646,D_U0083,D0047,2026-03-01 09:29:48.569202,248
D_STR01647,D_U0060,D0043,2026-02-28 23:06:52.325558,102
D_STR01648,D_U0086,D0030,2026-02-22 18:04:17.385823,120
D_STR01649,D_U0001,D0033,2026-02-03 17:21:08.586742,149
D_STR01650,D_U0071,D0040,2026-02-17 06:11:33.740909,24
D_STR01651,D_U0064,D0031,2026-03-01 01:06:31.812718,62
D_STR01652,D_U0099,D0020,2026-02-19 05:13:17.556872,115
D_STR01653,D_U0080,D0026,2026-02-05 07:42:15.445047,135
D_STR01654,D_U0095,D0018,2026-02-24 03:17:18.224705,293
D_STR01655,D_U0077,D0034,2026-02-26 13:31:07.022243,77
D_STR01656,D_U0047,D0040,2026-02-21 07:54:21.888636,87
D_STR01657,D_U0074,D0010,2026-02-05 16:20:45.687965,72
D_STR01658,D_U0092,D0045,2026-02-03 08:42:01.016000,42
D_STR01659,D_U0022,D0005,2026-02-18 17:34:17.737530,195
D_STR01660,D_U0059,D0047,2026-02-12 21:13:50.316430,31
D_STR01661,D_U0063,D0042,2026-02-27 09:18:56.642094,77
D_STR01662,D_U0070,D0032,2026-02-01 08:01:42.934242,104
D_STR01663,D_U0053,D0040,2026-02-06 02:56:07.214785,60
D_STR01664,D_U0088,D0028,2026-02-24 04:34:51.522081,75
D_STR01665,D_U0052,D0050,2026-02-08 21:26:49.591950,22
D_STR01666,D_U0063,D0043,2026-02-16 20:50:58.179909,29
D_STR01667,D_U0078,D0022,2026-02-28 06:16:29.897437,50
D_STR01668,D_U0029,D0047,2026-02-23 05:08:38.071967,69
D_STR01669,D_U0084,D0029,2026-02-16 18:09:45.432673,196
D_STR01670,D_U0029,D0027,2026-02-16 21:41:30.293973,103
D_STR01671,D_U0042,D0019,2026-02-20 19:22:57.363030,64
D_STR01672,D_U0027,D0046,2026-02-06 09:40:44.237651,101
D_STR01673,D_U0046,D0033,2026-02-12 15:55:19.583485,118
D_STR01674,D_U0078,D0036,2026-02-27 09:04:46.707087,121
D_STR01675,D_U0070,D0025,2026-02-20 05:25:32.191426,33
D_STR01676,D_U0060,D0049,2026-02-22 18:55:19.834586,80
D_STR01677,D_U0055,D0035,2026-02-17 15:52:24.863908,32
D_STR01678,D_U0100,D0048,2026-02-18 09:45:43.124133,87
D_STR01679,D_U0020,D0043,2026-02-10 14:59:17.001669,140
D_STR01680,D_U0097,D0043,2026-02-15 18:57:39.435110,139
D_STR01681,D_U0085,D0029,2026-02-14 01:14:38.696210,81
D_STR01682,D_U0003,D0037,2026-02-26 04:50:13.920722,7
D_STR01683,D_U0037,D0040,2026-02-11 04:58:07.636092,40
D_STR01684,D_U0099,D0049,2026-02-17 10:23:29.739498,59
D_STR01685,D_U0012,D0046,2026-02-09 11:04:44.694264,105
D_STR01686,D_U0016,D0050,2026-02-07 14:18:13.967388,188
D_STR01687,D_U0018,D0023,2026-02-08 08:38:55.421870,173
D_STR01688,D_U0047,D0033,2026-02-06 11:58:04.745108,58
D_STR01689,D_U0042,D0045,2026-02-01 03:11:53.222673,8
D_STR01690,D_U0099,D0040,2026-02-05 18:35:12.605512,124
D_STR01691,D_U0059,D0031,2026-02-17 04:07:03.647484,151
D_STR01692,D_U0088,D0046,2026-02-20 15:14:40.351418,43
D_STR01693,D_U0093,D0047,2026-02-04 12:14:22.199429,189
D_STR01694,D_U0094,D0049,2026-02-11 05:16:08.581505,58
D_STR01695,D_U0092,D0047,2026-02-12 03:51:39.099326,266
D_STR01696,D_U0007,D0030,2026-02-16 17:23:59.851412,68
D_STR01697,D_U0002,D0029,2026-02-17 16:58:26.783430,25
D_STR01698,D_U0037,D0003,2026-02-16 17:35:04.377260,84
D_STR01699,D_U0015,D0046,2026-02-11 13:13:00.752899,30
D_STR01700,D_U0049,D0016,2026-02-03 04:38:42.167258,264
D_STR01701,D_U0097,D0010,2026-02-27 09:51:50.986132,237
D_STR01702,D_U0008,D0035,2026-02-25 07:46:20.171911,205
D_STR01703,D_U0073,D0040,2026-02-25 15:21:49.333569,18
D_STR01704,D_U0036,D0005,2026-02-08 00:27:08.762496,45
D_STR01705,D_U0018,D0038,2026-02-10 09:57:52.336235,77
D_STR01706,D_U0022,D0012,2026-02-12 01:15:24.763082,30
D_STR01707,D_U0067,D0047,2026-02-08 02:46:08.245823,161
D_STR01708,D_U0090,D0028,2026-02-23 11:57:48.089843,78
D_STR01709,D_U0026,D0026,2026-02-01 14:51:31.695765,33
D_STR01710,D_U0049,D0035,2026-02-13 20:11:43.821332,207
D_STR01711,D_U0007,D0028,2026-02-14 23:04:18.512875,204
D_STR01712,D_U0028,D0041,2026-02-16 09:31:59.157703,240
D_STR01713,D_U0100,D0034,2026-02-21 19:02:49.862171,93
D_STR01714,D_U0066,D0048,2026-02-09 05:14:02.027514,275
D_STR01715,D_U0038,D0048,2026-02-23 03:59:50.168988,30
D_STR01716,D_U0005,D0028,2026-02-17 20:21:59.464890,31
D_STR01717,D_U0037,D0034,2026-02-14 23:11:07.115775,92
D_STR01718,D_U0037,D0045,2026-02-08 15:02:56.858535,124
D_STR01719,D_U0065,D0029,2026-02-12 23:53:12.450636,88
D_STR01720,D_U0028,D0020,2026-02-20 14:56:20.028654,99
D_STR01721,D_U0070,D0022,2026-02-21 10:19:17.570416,103
D_STR01722,D_U0073,D0039,2026-02-25 14:23:47.090339,124
D_STR01723,D_U0078,D0031,2026-02-04 12:32:09.080675,49
D_STR01724,D_U0022,D0049,2026-02-01 23:18:22.914213,20
D_STR01725,D_U0097,D0047,2026-02-24 05:36:57.958301,213
D_STR01726,D_U0092,D0039,2026-02-07 14:34:28.358408,193
D_STR01727,D_U0035,D0040,2026-02-07 20:42:23.591129,125
D_STR01728,D_U0025,D0045,2026-02-20 01:24:26.643763,51
D_STR01729,D_U0024,D0029,2026-02-10 08:40:50.846714,343
D_STR01730,D_U0034,D0022,2026-02-20 00:17:12.656281,75
D_STR01731,D_U0030,D0044,2026-02-07 05:40:08.595294,249
D_STR01732,D_U0095,D0022,2026-02-05 06:41:13.141703,62
D_STR01733,D_U0041,D0050,2026-02-12 15:31:38.144843,18
D_STR01734,D_U0006,D0047,2026-02-19 17:58:26.964896,184
D_STR01735,D_U0069,D0036,2026-02-09 02:36:36.025708,159
D_STR01736,D_U0090,D0042,2026-02-13 16:21:34.604645,71
D_STR01737,D_U0056,D0024,2026-02-07 00:56:03.026959,215
D_STR01738,D_U0072,D0030,2026-02-05 19:57:09.702074,69
D_STR01739,D_U0046,D0016,2026-02-01 20:38:28.500306,123
D_STR01740,D_U0049,D0034,2026-02-02 07:32:47.556329,91
D_STR01741,D_U0036,D0040,2026-02-10 12:47:04.448529,55
D_STR01742,D_U0034,D0037,2026-02-18 22:11:59.326824,117
D_STR01743,D_U0020,D0033,2026-02-15 20:15:17.096489,40
D_STR01744,D_U0007,D0049,2026-02-07 14:41:06.296626,107
D_STR01745,D_U0078,D0022,2026-02-14 13:44:44.703101,137
D_STR01746,D_U0041,D0040,2026-02-15 14:30:49.670433,112
D_STR01747,D_U0049,D0019,2026-02-01 01:51:56.149691,175
D_STR01748,D_U0017,D0043,2026-02-28 12:47:01.331460,141
D_STR01749,D_U0003,D0025,2026-02-16 05:58:34.055693,173
D_STR01750,D_U0066,D0049,2026-02-18 14:03:39.132874,47
D_STR01751,D_U0098,D0049,2026-02-13 23:47:20.403593,110
D_STR01752,D_U0088,D0037,2026-01-31 22:47:07.857371,110
D_STR01753,D_U0067,D0026,2026-02-02 16:37:57.091798,127
D_STR01754,D_U0070,D0032,2026-02-22 06:02:16.290691,66
D_STR01755,D_U0030,D0026,2026-02-15 05:54:29.854030,58
D_STR01756,D_U0087,D0047,2026-02-25 20:38:10.835227,85
D_STR01757,D_U0039,D0045,2026-02-21 12:45:58.520765,16
D_STR01758,D_U0098,D0044,2026-02-25 22:54:22.169633,144
D_STR01759,D_U0084,D0024,2026-02-20 00:34:00.509967,42
D_STR01760,D_U0009,D0048,2026-02-03 00:21:38.231332,266
D_STR01761,D_U0091,D0033,2026-02-02 17:37:45.827382,140
D_STR01762,D_U0030,D0019,2026-02-01 19:26:06.005650,145
D_STR01763,D_U0059,D0039,2026-02-06 14:27:31.707363,318
D_STR01764,D_U0074,D0043,2026-02-17 05:07:03.761054,75
D_STR01765,D_U0074,D0049,2026-02-21 10:49:11.029784,26
D_STR01766,D_U0003,D0049,2026-02-15 17:26:52.943310,94
D_STR01767,D_U0034,D0034,2026-02-14 05:15:17.787436,141
D_STR01768,D_U0034,D0034,2026-02-12 06:36:56.703579,69
D_STR01769,D_U0020,D0035,2026-02-11 16:41:26.525316,305
D_STR01770,D_U0091,D0050,2026-02-18 17:31:55.524960,271
D_STR01771,D_U0052,D0046,2026-02-15 05:24:55.574445,39
D_STR01772,D_U0098,D0046,2026-02-10 14:22:34.200967,20
D_STR01773,D_U0001,D0018,2026-03-01 01:31:24.946172,198
D_STR01774,D_U0085,D0041,2026-01-31 17:49:41.936756,225
D_STR01775,D_U0023,D0032,2026-02-13 20:43:54.816370,5
D_STR01776,D_U0013,D0036,2026-02-05 12:39:08.701164,79
D_STR01777,D_U0019,D0027,2026-02-09 12:47:41.301115,175
D_STR01778,D_U0026,D0046,2026-02-07 06:16:27.977389,91
D_STR01779,D_U0038,D0019,2026-03-02 10:08:03.458851,238
D_STR01780,D_U0093,D0048,2026-02-18 19:29:31.917461,181
D_STR01781,D_U0083,D0031,2026-02-26 14:57:12.965937,8
D_STR01782,D_U0014,D0047,2026-02-18 14:16:10.524574,153
D_STR01783,D_U0097,D0038,2026-02-16 05:21:01.200226,48
D_STR01784,D_U0067,D0020,2026-02-07 07:43:08.223270,72
D_STR01785,D_U0086,D0014,2026-02-09 13:02:39.455809,216
D_STR01786,D_U0073,D0048,2026-02-02 17:00:33.208217,27
D_STR01787,D_U0066,D0029,2026-02-03 16:34:49.116945,337
D_STR01788,D_U0012,D0042,2026-02-01 03:11:21.951952,11
D_STR01789,D_U0074,D0025,2026-02-18 00:53:28.213037,88
D_STR01790,D_U0001,D0030,2026-02-25 12:09:29.368351,80
D_STR01791,D_U0032,D0034,2026-02-11 09:15:28.118790,128
D_STR01792,D_U0074,D0036,2026-03-01 12:53:45.260444,77
D_STR01793,D_U0078,D0027,2026-03-01 13:59:33.976076,131
D_STR01794,D_U0046,D0032,2026-02-11 14:25:31.179334,96
D_STR01795,D_U0049,D0040,2026-02-09 11:08:09.930879,47
D_STR01796,D_U0069,D0037,2026-02-19 23:00:56.981030,40
D_STR01797,D_U0007,D0011,2026-02-07 07:24:50.188430,110
D_STR01798,D_U0017,D0026,2026-02-09 12:22:55.278058,154
D_STR01799,D_U0029,D0035,2026-02-24 16:26:33.985525,39
D_STR01800,D_U0018,D0047,2026-02-08 11:18:49.551442,254
D_STR01801,D_U0066,D0017,2026-02-11 21:36:55.354397,77
D_STR01802,D_U0025,D0027,2026-02-09 18:52:48.263882,137
D_STR01803,D_U0043,D0046,2026-02-10 11:12:06.213101,31
D_STR01804,D_U0058,D0049,2026-02-27 05:51:49.131620,8
D_STR01805,D_U0067,D0050,2026-02-18 10:49:44.610946,231
D_STR01806,D_U0070,D0023,2026-02-15 00:20:38.175266,91
D_STR01807,D_U0007,D0029,2026-02-12 00:24:41.452627,297
D_STR01808,D_U0027,D0031,2026-02-04 14:32:03.461879,40
D_STR01809,D_U0023,D0038,2026-02-06 05:18:21.627454,87
D_STR01810,D_U0052,D0047,2026-02-16 11:42:59.238685,74
D_STR01811,D_U0083,D0003,2026-02-05 00:21:34.120103,16
D_STR01812,D_U0013,D0049,2026-01-31 12:01:44.614858,81
D_STR01813,D_U0015,D0009,2026-02-28 04:37:51.403675,66
D_STR01814,D_U0021,D0042,2026-02-13 04:31:13.191566,62
D_STR01815,D_U0025,D0034,2026-02-06 21:37:58.117633,101
D_STR01816,D_U0019,D0015,2026-02-27 03:02:37.878526,205
D_STR01817,D_U0005,D0048,2026-02-28 10:50:28.712688,6
D_STR01818,D_U0027,D0034,2026-02-13 15:03:53.681045,219
D_STR01819,D_U0066,D0041,2026-02-04 03:17:40.728820,133
D_STR01820,D_U0060,D0048,2026-01-31 14:15:15.989826,8
D_STR01821,D_U0053,D0047,2026-02-02 04:55:34.229980,18
D_STR01822,D_U0071,D0037,2026-02-10 18:29:38.603040,143
D_STR01823,D_U0037,D0021,2026-02-08 23:36:35.533675,252
D_STR01824,D_U0098,D0037,2026-02-21 23:04:37.903351,108
D_STR01825,D_U0100,D0038,2026-02-02 10:57:16.242544,116
D_STR01826,D_U0051,D0041,2026-02-03 01:25:59.853983,75
D_STR01827,D_U0079,D0024,2026-02-22 16:39:31.906173,279
D_STR01828,D_U0006,D0031,2026-02-01 22:28:38.982779,53
D_STR01829,D_U0088,D0042,2026-02-01 19:20:35.224246,35
D_STR01830,D_U0012,D0027,2026-02-02 13:03:07.077531,34
D_STR01831,D_U0093,D0046,2026-02-10 21:46:00.206631,93
D_STR01832,D_U0031,D0042,2026-02-28 17:40:45.157908,249
D_STR01833,D_U0009,D0034,2026-02-07 14:49:47.505556,37
D_STR01834,D_U0017,D0042,2026-02-22 01:32:46.937727,253
D_STR01835,D_U0049,D0033,2026-02-22 15:02:29.531642,118
D_STR01836,D_U0093,D0040,2026-02-12 20:43:56.760430,99
D_STR01837,D_U0026,D0033,2026-02-18 03:46:11.129661,116
D_STR01838,D_U0060,D0045,2026-02-11 05:43:01.580554,11
D_STR01839,D_U0042,D0031,2026-02-18 03:03:13.412827,5
D_STR01840,D_U0084,D0026,2026-02-11 06:00:55.946624,276
D_STR01841,D_U0076,D0025,2026-02-01 01:23:13.917236,68
D_STR01842,D_U0054,D0015,2026-02-17 19:20:54.822821,21
D_STR01843,D_U0051,D0015,2026-02-16 04:21:09.465901,179
D_STR01844,D_U0032,D0039,2026-02-04 05:57:40.321100,89
D_STR01845,D_U0089,D0032,2026-02-06 15:56:54.370949,149
D_STR01846,D_U0014,D0039,2026-02-03 16:56:40.739706,287
D_STR01847,D_U0053,D0027,2026-02-04 13:32:48.034017,174
D_STR01848,D_U0016,D0043,2026-02-14 14:12:58.308253,158
D_STR01849,D_U0026,D0042,2026-02-03 23:33:45.190750,235
D_STR01850,D_U0003,D0038,2026-02-18 21:32:20.075005,175
D_STR01851,D_U0057,D0045,2026-02-22 14:51:23.782891,42
D_STR01852,D_U0025,D0020,2026-02-22 17:10:04.247409,103
D_STR01853,D_U0082,D0039,2026-02-04 07:02:46.481668,341
D_STR01854,D_U0051,D0010,2026-02-04 07:11:23.218081,15
D_STR01855,D_U0041,D0039,2026-02-03 23:20:44.043210,60
D_STR01856,D_U0066,D0032,2026-02-04 11:55:32.876798,150
D_STR01857,D_U0008,D0027,2026-02-28 08:22:08.406440,49
D_STR01858,D_U0088,D0026,2026-03-01 11:02:25.941408,118
D_STR01859,D_U0024,D0036,2026-02-15 19:47:07.595311,20
D_STR01860,D_U0005,D0007,2026-02-20 20:49:20.134393,225
D_STR01861,D_U0031,D0043,2026-02-16 22:41:09.445973,93
D_STR01862,D_U0070,D0031,2026-02-03 01:37:07.789513,115
D_STR01863,D_U0067,D0031,2026-02-10 20:20:32.654621,53
D_STR01864,D_U0013,D0044,2026-02-03 18:52:14.987035,324
D_STR01865,D_U0018,D0017,2026-02-11 08:21:02.322406,74
D_STR01866,D_U0086,D0017,2026-02-13 14:05:36.225687,105
D_STR01867,D_U0083,D0034,2026-02-02 10:10:38.527039,127
D_STR01868,D_U0053,D0032,2026-02-02 03:47:33.659957,239
D_STR01869,D_U0064,D0014,2026-02-01 02:29:10.983860,185
D_STR01870,D_U0007,D0046,2026-02-22 02:25:53.324361,42
D_STR01871,D_U0052,D0043,2026-02-16 07:44:38.572226,86
D_STR01872,D_U0089,D0048,2026-02-27 05:00:02.128571,206
D_STR01873,D_U0026,D0011,2026-02-19 07:34:29.087976,218
D_STR01874,D_U0098,D0049,2026-01-31 17:44:36.076041,20
D_STR01875,D_U0003,D0043,2026-02-01 02:54:45.289976,63
D_STR01876,D_U0054,D0018,2026-02-20 02:14:20.838374,172
D_STR01877,D_U0008,D0035,2026-02-15 09:40:36.239991,186
D_STR01878,D_U0073,D0041,2026-02-03 14:04:20.738753,134
D_STR01879,D_U0022,D0035,2026-02-01 08:57:52.070925,230
D_STR01880,D_U0021,D0034,2026-02-27 06:14:30.085387,159
D_STR01881,D_U0099,D0044,2026-02-04 02:08:58.607927,26
D_STR01882,D_U0070,D0029,2026-02-18 22:46:44.883570,112
D_STR01883,D_U0022,D0044,2026-02-07 23:45:50.508811,172
D_STR01884,D_U0039,D0045,2026-03-01 18:41:16.401542,92
D_STR01885,D_U0095,D0048,2026-02-22 11:46:01.836603,13
D_STR01886,D_U0007,D0035,2026-02-16 07:21:42.016313,149
D_STR01887,D_U0081,D0046,2026-02-14 02:53:52.695400,35
D_STR01888,D_U0059,D0011,2026-02-13 12:24:32.163445,5
D_STR01889,D_U0048,D0045,2026-02-13 07:54:21.697401,176
D_STR01890,D_U0062,D0016,2026-02-21 23:48:13.465119,30
D_STR01891,D_U0082,D0021,2026-02-05 18:37:29.164812,159
D_STR01892,D_U0016,D0011,2026-02-27 18:20:49.617852,225
D_STR01893,D_U0012,D0050,2026-01-31 15:19:02.198140,85
D_STR01894,D_U0073,D0030,2026-02-04 22:35:02.529113,109
D_STR01895,D_U0069,D0024,2026-02-15 14:19:36.589577,352
D_STR01896,D_U0044,D0044,2026-02-13 09:26:54.751150,217
D_STR01897,D_U0080,D0016,2026-02-07 14:47:39.953529,63
D_STR01898,D_U0006,D0016,2026-02-27 08:57:01.635199,154
D_STR01899,D_U0096,D0038,2026-02-02 17:34:42.550448,114
D_STR01900,D_U0095,D0027,2026-02-17 02:12:52.794860,231
D_STR01901,D_U0079,D0041,2026-02-28 10:45:23.747265,200
D_STR01902,D_U0032,D0033,2026-02-19 18:45:48.668375,158
D_STR01903,D_U0023,D0033,2026-02-16 10:54:30.862415,103
D_STR01904,D_U0062,D0014,2026-02-26 16:29:21.988885,147
D_STR01905,D_U0054,D0047,2026-02-11 10:10:28.360898,126
D_STR01906,D_U0063,D0049,2026-02-07 14:39:14.339467,62
D_STR01907,D_U0039,D0008,2026-02-21 21:07:42.417163,108
D_STR01908,D_U0053,D0016,2026-02-07 03:57:12.259037,86
D_STR01909,D_U0043,D0017,2026-02-28 05:16:46.133414,27
D_STR01910,D_U0075,D0045,2026-02-18 07:26:51.689076,157
D_STR01911,D_U0056,D0042,2026-02-22 18:07:55.152387,133
D_STR01912,D_U0039,D0046,2026-02-15 00:40:50.356670,87
D_STR01913,D_U0031,D0036,2026-02-23 02:30:25.879635,302
D_STR01914,D_U0092,D0031,2026-02-26 03:10:58.891460,108
D_STR01915,D_U0021,D0041,2026-02-18 21:02:28.102412,150
D_STR01916,D_U0002,D0029,2026-02-09 02:58:30.218972,219
D_STR01917,D_U0001,D0033,2026-02-23 10:37:33.829083,101
D_STR01918,D_U0017,D0031,2026-02-01 21:47:36.468428,85
D_STR01919,D_U0033,D0031,2026-02-08 01:52:09.921605,59
D_STR01920,D_U0042,D0049,2026-02-03 16:04:21.650096,114
D_STR01921,D_U0013,D0018,2026-02-09 22:51:03.914207,132
D_STR01922,D_U0049,D0035,2026-02-04 10:33:33.409646,318
D_STR01923,D_U0017,D0038,2026-02-09 08:48:52.123818,100
D_STR01924,D_U0058,D0007,2026-02-12 07:30:45.391208,155
D_STR01925,D_U0016,D0040,2026-02-04 18:25:11.176469,32
D_STR01926,D_U0019,D0025,2026-02-09 19:32:23.340152,208
D_STR01927,D_U0057,D0048,2026-02-02 02:17:54.526500,76
D_STR01928,D_U0073,D0038,2026-02-05 06:28:47.299558,51
D_STR01929,D_U0026,D0018,2026-02-18 00:56:40.729366,91
D_STR01930,D_U0038,D0028,2026-02-21 21:10:30.837543,190
D_STR01931,D_U0100,D0037,2026-02-19 22:58:41.536743,75
D_STR01932,D_U0098,D0050,2026-02-08 02:53:49.500760,326
D_STR01933,D_U0041,D0020,2026-02-22 04:35:39.385580,41
D_STR01934,D_U0039,D0046,2026-02-08 13:16:02.000659,73
D_STR01935,D_U0060,D0032,2026-02-19 16:38:22.855893,168
D_STR01936,D_U0002,D0028,2026-02-28 17:55:15.000875,41
D_STR01937,D_U0014,D0016,2026-02-17 01:44:00.674505,258
D_STR01938,D_U0012,D0047,2026-02-08 19:25:31.056149,41
D_STR01939,D_U0059,D0034,2026-02-22 20:50:45.461055,181
D_STR01940,D_U0028,D0024,2026-02-28 10:59:05.034653,109
D_STR01941,D_U0038,D0044,2026-02-01 14:38:58.666704,321
D_STR01942,D_U0049,D0037,2026-02-10 22:59:32.816278,68
D_STR01943,D_U0021,D0028,2026-02-18 08:20:06.107700,29
D_STR01944,D_U0062,D0045,2026-02-18 17:05:35.229389,88
D_STR01945,D_U0075,D0045,2026-02-12 01:00:16.619586,130
D_STR01946,D_U0099,D0042,2026-02-11 01:38:42.294672,44
D_STR01947,D_U0010,D0023,2026-02-05 21:48:18.008865,235
D_STR01948,D_U0048,D0030,2026-02-05 15:52:51.335418,8
D_STR01949,D_U0033,D0011,2026-02-09 19:04:21.118242,288
D_STR01950,D_U0065,D0047,2026-02-23 15:27:32.836991,139
D_STR01951,D_U0002,D0033,2026-02-10 19:37:48.948691,65
D_STR01952,D_U0008,D0037,2026-02-21 03:18:01.627947,115
D_STR01953,D_U0063,D0046,2026-02-24 05:47:47.736731,141
D_STR01954,D_U0051,D0027,2026-02-10 22:15:20.532798,107
D_STR01955,D_U0095,D0010,2026-02-14 18:56:25.272087,83
D_STR01956,D_U0023,D0039,2026-02-17 20:48:15.321997,154
D_STR01957,D_U0004,D0037,2026-02-09 20:29:16.060049,9
D_STR01958,D_U0030,D0035,2026-02-12 04:41:22.930202,239
D_STR01959,D_U0076,D0017,2026-02-20 10:03:10.436272,65
D_STR01960,D_U0053,D0050,2026-02-27 03:53:26.583090,87
D_STR01961,D_U0046,D0029,2026-02-03 03:47:06.422451,319
D_STR01962,D_U0075,D0031,2026-02-19 17:14:51.046656,102
D_STR01963,D_U0065,D0031,2026-02-20 15:33:34.365892,32
D_STR01964,D_U0056,D0043,2026-02-15 06:22:05.483149,38
D_STR01965,D_U0058,D0015,2026-02-19 11:43:31.114540,47
D_STR01966,D_U0066,D0025,2026-02-04 18:40:39.412239,187
D_STR01967,D_U0046,D0021,2026-02-26 18:58:30.671704,224
D_STR01968,D_U0059,D0027,2026-02-08 06:46:10.784316,60
D_STR01969,D_U0075,D0036,2026-02-17 21:01:23.990488,220
D_STR01970,D_U0086,D0012,2026-02-22 23:03:58.964135,235
D_STR01971,D_U0016,D0047,2026-02-03 09:05:17.651094,237
D_STR01972,D_U0029,D0034,2026-02-26 08:58:46.924999,197
D_STR01973,D_U0078,D0015,2026-01-31 13:36:57.962111,24
D_STR01974,D_U0067,D0037,2026-02-19 12:00:15.492239,43
D_STR01975,D_U0083,D0001,2026-02-08 00:07:56.247954,51
D_STR01976,D_U0029,D0046,2026-02-14 21:36:44.028909,48
D_STR01977,D_U0030,D0028,2026-02-25 21:26:45.772175,110
D_STR01978,D_U0060,D0045,2026-02-01 05:25:20.243379,65
D_STR01979,D_U0002,D0027,2026-02-26 00:50:51.633902,181
D_STR01980,D_U0083,D0047,2026-02-14 08:26:15.335760,33
D_STR01981,D_U0085,D0034,2026-02-04 07:02:14.104681,102
D_STR01982,D_U0041,D0025,2026-02-14 16:04:08.896720,58
D_STR01983,D_U0069,D0032,2026-02-07 18:53:56.872428,116
D_STR01984,D_U0055,D0046,2026-02-17 05:43:16.346103,115
D_STR01985,D_U0001,D0045,2026-02-05 08:56:15.448829,188
D_STR01986,D_U0097,D0032,2026-02-27 18:58:05.868392,121
D_STR01987,D_U0073,D0043,2026-02-22 14:19:13.255667,83
D_STR01988,D_U0041,D0035,2026-02-01 19:45:17.630405,55
D_STR01989,D_U0074,D0033,2026-02-25 23:41:46.266227,79
D_STR01990,D_U0030,D0045,2026-02-18 00:00:34.435865,106
D_STR01991,D_U0079,D0034,2026-02-20 00:07:13.756433,149
D_STR01992,D_U0029,D0034,2026-02-26 15:29:24.114098,31
D_STR01993,D_U0068,D0046,2026-02-05 00:31:38.097749,110
D_STR01994,D_U0004,D0036,2026-02-01 09:59:54.701252,88
D_STR01995,D_U0089,D0021,2026-02-09 16:35:54.960895,276
D_STR01996,D_U0064,D0049,2026-02-13 10:24:18.208217,7
D_STR01997,D_U0087,D0035,2026-02-14 06:51:57.757081,126
D_STR01998,D_U0048,D0034,2026-02-26 15:40:44.351259,26
D_STR01999,D_U0023,D0036,2026-02-04 04:10:53.989336,190
D_STR02000,D_U0064,D0026,2026-02-23 08:21:50.171767,101
D_STR02001,D_U0031,D0049,2026-02-04 13:52:23.156094,28
D_STR02002,D_U0071,D0037,2026-02-08 21:51:23.322760,15
D_STR02003,D_U0075,D0037,2026-02-15 04:45:20.101268,149
D_STR02004,D_U0018,D0030,2026-02-23 10:27:57.286248,38
D_STR02005,D_U0066,D0020,2026-02-26 00:27:18.810701,55
D_STR02006,D_U0013,D0045,2026-02-21 09:50:43.233900,36
D_STR02007,D_U0034,D0028,2026-02-26 14:28:01.122370,172
D_STR02008,D_U0034,D0015,2026-02-21 07:56:12.047209,205
D_STR02009,D_U0024,D0039,2026-02-21 17:39:46.033946,286
D_STR02010,D_U0034,D0038,2026-02-01 14:20:17.863261,141
D_STR02011,D_U0021,D0006,2026-02-25 21:38:15.651192,309
D_STR02012,D_U0088,D0044,2026-02-15 11:13:06.109620,312
D_STR02013,D_U0040,D0041,2026-02-18 20:36:28.370075,148
D_STR02014,D_U0063,D0047,2026-02-10 13:20:30.043287,231
D_STR02015,D_U0079,D0042,2026-02-12 18:21:42.800480,15
D_STR02016,D_U0005,D0050,2026-02-21 05:53:46.310902,325
D_STR02017,D_U0011,D0031,2026-02-26 19:50:09.068922,24
D_STR02018,D_U0001,D0030,2026-02-07 16:01:50.227750,20
D_STR02019,D_U0016,D0032,2026-02-18 02:59:04.864902,230
D_STR02020,D_U0096,D0047,2026-02-13 12:41:09.720738,199
D_STR02021,D_U0034,D0044,2026-02-18 09:11:33.936535,124
D_STR02022,D_U0069,D0035,2026-02-01 10:05:19.429383,301
D_STR02023,D_U0084,D0042,2026-02-17 23:52:57.856150,132
D_STR02024,D_U0014,D0045,2026-02-16 12:05:21.485703,9
D_STR02025,D_U0038,D0015,2026-02-05 22:15:21.963958,161
D_STR02026,D_U0059,D0046,2026-02-23 11:46:19.520038,59
D_STR02027,D_U0083,D0036,2026-02-06 15:11:16.380309,201
D_STR02028,D_U0028,D0050,2026-02-23 17:54:36.006879,274
D_STR02029,D_U0044,D0036,2026-02-21 16:45:06.844083,338
D_STR02030,D_U0083,D0041,2026-02-25 00:39:00.558637,184
D_STR02031,D_U0011,D0027,2026-02-07 01:48:37.467167,197
D_STR02032,D_U0044,D0049,2026-02-07 14:59:31.037063,29
D_STR02033,D_U0008,D0033,2026-02-09 10:00:26.333807,46
D_STR02034,D_U0025,D0025,2026-02-19 15:33:56.053238,204
D_STR02035,D_U0069,D0011,2026-02-06 16:47:31.432352,82
D_STR02036,D_U0008,D0044,2026-02-21 15:37:16.669594,98
D_STR02037,D_U0063,D0034,2026-02-08 19:42:40.419837,170
D_STR02038,D_U0091,D0024,2026-02-23 12:25:33.802709,185
D_STR02039,D_U0044,D0023,2026-02-02 02:13:34.350157,72
D_STR02040,D_U0084,D0042,2026-02-10 17:36:10.320621,244
D_STR02041,D_U0007,D0033,2026-02-23 04:57:06.174739,55
D_STR02042,D_U0052,D0017,2026-02-05 02:59:28.616849,85
D_STR02043,D_U0061,D0012,2026-02-13 00:46:13.201784,248
D_STR02044,D_U0059,D0004,2026-02-19 16:33:27.032054,156
D_STR02045,D_U0094,D0039,2026-02-18 20:37:15.818902,105
D_STR02046,D_U0028,D0043,2026-02-28 12:20:30.112550,22
D_STR02047,D_U0034,D0021,2026-02-16 19:57:01.373677,170
D_STR02048,D_U0051,D0026,2026-02-09 20:40:39.355604,263
D_STR02049,D_U0019,D0032,2026-02-23 20:12:05.326433,184
D_STR02050,D_U0040,D0022,2026-02-15 13:38:42.450449,182
D_STR02051,D_U0050,D0013,2026-02-03 03:06:29.111267,191
D_STR02052,D_U0023,D0038,2026-02-05 06:05:49.417385,146
D_STR02053,D_U0058,D0033,2026-02-21 17:29:18.037518,75
D_STR02054,D_U0047,D0050,2026-02-28 23:43:34.989610,144
D_STR02055,D_U0090,D0045,2026-02-19 02:40:53.617913,85
D_STR02056,D_U0048,D0044,2026-02-05 00:46:50.673489,76
D_STR02057,D_U0072,D0046,2026-02-28 21:18:09.480307,93
D_STR02058,D_U0068,D0042,2026-02-04 07:14:02.067201,125
D_STR02059,D_U0020,D0033,2026-02-20 03:55:27.841562,126
D_STR02060,D_U0004,D0033,2026-02-11 18:01:28.361664,80
D_STR02061,D_U0058,D0040,2026-01-31 18:03:27.446724,42
D_STR02062,D_U0006,D0034,2026-02-26 01:25:45.244375,188
D_STR02063,D_U0058,D0016,2026-02-23 04:49:07.604960,275
D_STR02064,D_U0097,D0024,2026-02-05 09:01:49.634454,253
D_STR02065,D_U0043,D0024,2026-02-20 09:52:35.981743,262
D_STR02066,D_U0071,D0049,2026-02-17 06:32:19.791513,36
D_STR02067,D_U0090,D0029,2026-02-27 16:24:38.326474,214
D_STR02068,D_U0072,D0014,2026-02-02 07:50:50.234827,254
D_STR02069,D_U0100,D0045,2026-02-09 14:16:59.212567,28
D_STR02070,D_U0005,D0047,2026-02-19 05:50:34.125508,204
D_STR02071,D_U0080,D0023,2026-02-12 20:16:10.122321,197
D_STR02072,D_U0031,D0015,2026-02-26 07:08:17.659951,33
D_STR02073,D_U0075,D0048,2026-02-15 02:40:09.413680,90
D_STR02074,D_U0098,D0050,2026-02-23 18:26:40.717744,321
D_STR02075,D_U0047,D0043,2026-02-07 00:35:14.067955,12
D_STR02076,D_U0090,D0023,2026-02-08 04:40:25.696402,87
D_STR02077,D_U0037,D0048,2026-02-08 06:13:09.476145,172
D_STR02078,D_U0059,D0040,2026-02-19 20:39:00.902195,131
D_STR02079,D_U0016,D0047,2026-03-01 19:41:42.973255,60
D_STR02080,D_U0058,D0019,2026-01-31 20:55:03.095541,97
D_STR02081,D_U0050,D0012,2026-03-01 19:57:46.888106,236
D_STR02082,D_U0007,D0042,2026-02-21 21:07:59.616928,262
D_STR02083,D_U0027,D0039,2026-02-12 12:43:33.170319,74
D_STR02084,D_U0049,D0019,2026-02-23 03:24:18.512849,128
D_STR02085,D_U0048,D0047,2026-02-19 23:38:41.845867,293
D_STR02086,D_U0025,D0023,2026-02-05 16:12:12.911666,169
D_STR02087,D_U0068,D0042,2026-02-03 20:50:06.873892,154
D_STR02088,D_U0018,D0045,2026-02-03 03:02:02.228271,181
D_STR02089,D_U0015,D0044,2026-01-31 11:42:37.087233,140
D_STR02090,D_U0077,D0037,2026-02-16 07:12:38.956423,33
D_STR02091,D_U0017,D0026,2026-02-16 01:40:41.698562,100
D_STR02092,D_U0035,D0036,2026-02-10 20:41:03.464021,317
D_STR02093,D_U0075,D0048,2026-02-11 18:14:23.773477,211
D_STR02094,D_U0023,D0037,2026-02-20 02:47:12.387521,129
D_STR02095,D_U0093,D0013,2026-02-13 22:35:13.832508,101
D_STR02096,D_U0035,D0023,2026-02-26 14:42:20.397531,16
D_STR02097,D_U0074,D0039,2026-02-11 16:01:22.270238,147
D_STR02098,D_U0041,D0049,2026-02-18 02:58:49.874883,85
D_STR02099,D_U0077,D0037,2026-02-01 08:48:32.910606,101
D_STR02100,D_U0073,D0046,2026-02-21 05:56:09.678328,156
D_STR02101,D_U0079,D0031,2026-02-23 07:47:01.214831,112
D_STR02102,D_U0073,D0047,2026-02-02 07:33:37.538468,161
D_STR02103,D_U0034,D0046,2026-02-24 05:45:06.601014,141
D_STR02104,D_U0055,D0030,2026-02-05 22:18:18.442168,12
D_STR02105,D_U0044,D0010,2026-02-07 14:01:32.768276,88
D_STR02106,D_U0037,D0008,2026-03-02 09:05:20.373201,309
D_STR02107,D_U0052,D0041,2026-02-27 08:34:33.224742,101
D_STR02108,D_U0017,D0016,2026-02-12 12:52:20.980295,256
D_STR02109,D_U0025,D0045,2026-02-23 22:15:27.512573,193
D_STR02110,D_U0028,D0042,2026-02-08 17:38:23.903659,111
D_STR02111,D_U0015,D0009,2026-02-09 01:31:10.630213,201
D_STR02112,D_U0028,D0030,2026-02-24 10:02:07.884700,127
D_STR02113,D_U0035,D0036,2026-02-19 04:41:45.090100,332
D_STR02114,D_U0032,D0049,2026-02-23 20:55:57.903706,99
D_STR02115,D_U0031,D0043,2026-02-01 02:44:05.645112,132
D_STR02116,D_U0064,D0029,2026-02-01 17:51:14.218807,226
D_STR02117,D_U0023,D0041,2026-02-22 00:34:21.320758,158
D_STR02118,D_U0009,D0050,2026-02-16 04:36:56.997600,132
D_STR02119,D_U0018,D0043,2026-02-11 17:40:27.829034,140
D_STR02120,D_U0028,D0050,2026-02-28 07:47:42.211861,314
D_STR02121,D_U0046,D0034,2026-01-31 21:28:26.030504,176
D_STR02122,D_U0030,D0031,2026-02-10 20:11:26.873527,32
D_STR02123,D_U0030,D0038,2026-02-10 22:54:20.415600,55
D_STR02124,D_U0033,D0044,2026-02-22 10:32:26.473605,127
D_STR02125,D_U0011,D0036,2026-02-25 06:05:04.255686,217
D_STR02126,D_U0036,D0039,2026-02-26 16:26:05.439975,274
D_STR02127,D_U0068,D0041,2026-02-18 23:19:27.270272,105
D_STR02128,D_U0074,D0044,2026-02-05 14:00:38.107570,64
D_STR02129,D_U0003,D0045,2026-02-16 07:37:50.044551,178
D_STR02130,D_U0030,D0046,2026-02-01 22:39:53.457980,124
D_STR02131,D_U0067,D0041,2026-02-22 07:40:41.127985,219
D_STR02132,D_U0047,D0047,2026-01-31 17:08:51.717493,46
D_STR02133,D_U0072,D0045,2026-02-23 02:01:42.406400,160
D_STR02134,D_U0041,D0042,2026-02-03 11:45:36.136479,90
D_STR02135,D_U0016,D0031,2026-02-06 12:37:27.372435,150
D_STR02136,D_U0090,D0050,2026-02-14 02:39:21.972257,235
D_STR02137,D_U0061,D0026,2026-02-02 09:46:00.335923,160
D_STR02138,D_U0080,D0042,2026-02-16 07:18:05.139310,108
D_STR02139,D_U0039,D0019,2026-01-31 20:56:24.410951,208
D_STR02140,D_U0025,D0033,2026-02-27 06:14:00.134948,93
D_STR02141,D_U0032,D0027,2026-02-16 06:43:58.839336,71
D_STR02142,D_U0023,D0020,2026-02-26 11:36:14.770975,99
D_STR02143,D_U0087,D0040,2026-02-08 20:27:34.643401,70
D_STR02144,D_U0057,D0038,2026-02-10 21:56:25.719743,176
D_STR02145,D_U0042,D0036,2026-02-16 18:56:56.996238,254
D_STR02146,D_U0062,D0049,2026-02-23 16:16:28.812660,27
D_STR02147,D_U0034,D0023,2026-02-09 19:00:48.799084,122
D_STR02148,D_U0001,D0021,2026-02-18 01:10:26.948248,178
D_STR02149,D_U0022,D0040,2026-02-19 06:31:14.267653,94
D_STR02150,D_U0048,D0019,2026-02-10 14:09:06.249088,62
D_STR02151,D_U0030,D0034,2026-02-23 08:03:01.496763,84
D_STR02152,D_U0091,D0050,2026-02-08 20:43:41.430259,297
D_STR02153,D_U0015,D0016,2026-02-16 01:44:53.351111,282
D_STR02154,D_U0071,D0023,2026-02-23 03:31:20.203553,116
D_STR02155,D_U0027,D0030,2026-02-09 17:05:47.190173,78
D_STR02156,D_U0041,D0035,2026-02-05 13:51:17.920910,251
D_STR02157,D_U0097,D0034,2026-02-08 16:27:37.341352,208
D_STR02158,D_U0006,D0034,2026-02-11 13:53:21.992948,106
D_STR02159,D_U0032,D0006,2026-02-17 18:38:47.657820,161
D_STR02160,D_U0080,D0040,2026-02-27 22:02:37.284462,6
D_STR02161,D_U0090,D0047,2026-02-19 01:47:27.211483,119
D_STR02162,D_U0094,D0031,2026-02-24 03:17:58.114303,70
D_STR02163,D_U0038,D0040,2026-02-20 22:43:07.702081,16
D_STR02164,D_U0031,D0043,2026-02-22 15:24:24.181790,162
D_STR02165,D_U0093,D0044,2026-02-14 13:16:45.105484,323
D_STR02166,D_U0024,D0014,2026-02-23 07:30:33.062298,176
D_STR02167,D_U0034,D0024,2026-02-04 11:00:32.919642,208
D_STR02168,D_U0026,D0049,2026-01-31 22:01:36.014815,6
D_STR02169,D_U0097,D0048,2026-02-23 21:31:02.945689,61
D_STR02170,D_U0093,D0013,2026-02-23 15:27:15.797097,134
D_STR02171,D_U0077,D0028,2026-02-15 11:14:17.541581,188
D_STR02172,D_U0100,D0030,2026-02-14 14:11:55.467035,92
D_STR02173,D_U0039,D0040,2026-02-15 03:24:37.351583,18
D_STR02174,D_U0075,D0031,2026-02-14 05:12:04.447516,151
D_STR02175,D_U0100,D0028,2026-02-15 06:08:30.623106,95
D_STR02176,D_U0069,D0031,2026-02-23 03:22:13.028973,138
D_STR02177,D_U0002,D0029,2026-02-05 07:53:02.108408,8
D_STR02178,D_U0022,D0027,2026-02-14 04:50:31.237018,186
D_STR02179,D_U0028,D0030,2026-02-01 10:39:54.254513,113
D_STR02180,D_U0032,D0030,2026-02-13 04:14:54.966530,108
D_STR02181,D_U0032,D0033,2026-02-07 20:56:58.435930,173
D_STR02182,D_U0070,D0039,2026-02-26 22:50:44.344098,144
D_STR02183,D_U0037,D0050,2026-02-20 13:38:48.494866,274
D_STR02184,D_U0018,D0008,2026-02-08 11:41:40.166848,211
D_STR02185,D_U0024,D0050,2026-02-07 09:16:32.463997,20
D_STR02186,D_U0054,D0013,2026-02-18 04:01:24.469429,104
D_STR02187,D_U0014,D0043,2026-02-13 05:05:53.298450,46
D_STR02188,D_U0076,D0018,2026-02-10 01:42:25.459529,251
D_STR02189,D_U0073,D0040,2026-02-09 16:26:04.602871,130
D_STR02190,D_U0039,D0029,2026-02-25 07:20:34.836172,336
D_STR02191,D_U0090,D0039,2026-02-02 11:51:14.199960,289
D_STR02192,D_U0026,D0047,2026-02-09 09:38:48.120352,63
D_STR02193,D_U0096,D0047,2026-02-14 10:41:54.896681,137
D_STR02194,D_U0026,D0032,2026-02-10 00:41:28.665148,35
D_STR02195,D_U0049,D0047,2026-02-13 22:56:38.289158,268
D_STR02196,D_U0067,D0023,2026-02-21 03:02:26.493796,173
D_STR02197,D_U0033,D0037,2026-02-05 06:57:28.532586,109
D_STR02198,D_U0006,D0009,2026-02-17 06:26:20.119260,17
D_STR02199,D_U0024,D0040,2026-02-12 22:40:20.669121,52
D_STR02200,D_U0090,D0048,2026-02-22 19:09:53.799005,113
D_STR02201,D_U0002,D0050,2026-02-10 08:33:32.914039,78
D_STR02202,D_U0053,D0046,2026-02-22 12:05:33.681249,102
D_STR02203,D_U0068,D0045,2026-02-08 06:05:10.129940,89
D_STR02204,D_U0066,D0019,2026-02-13 13:52:54.638261,215
D_STR02205,D_U0093,D0032,2026-02-16 17:56:50.253247,171
D_STR02206,D_U0028,D0030,2026-02-28 12:25:36.048636,85
D_STR02207,D_U0008,D0034,2026-02-09 13:44:06.278848,181
D_STR02208,D_U0079,D0004,2026-02-05 10:28:15.817586,191
D_STR02209,D_U0003,D0020,2026-02-25 18:12:26.902588,132
D_STR02210,D_U0033,D0036,2026-02-27 09:30:38.001697,158
D_STR02211,D_U0077,D0045,2026-03-01 18:00:04.572654,134
D_STR02212,D_U0043,D0047,2026-02-04 00:49:02.210977,49
D_STR02213,D_U0035,D0040,2026-02-09 22:17:16.867085,47
D_STR02214,D_U0022,D0050,2026-02-22 16:30:43.072050,283
D_STR02215,D_U0065,D0020,2026-02-26 16:54:30.708976,97
D_STR02216,D_U0065,D0041,2026-02-23 14:50:48.399608,63
D_STR02217,D_U0052,D0042,2026-02-10 19:03:48.753188,141
D_STR02218,D_U0004,D0028,2026-03-02 05:29:36.018654,116
D_STR02219,D_U0096,D0037,2026-02-27 14:28:03.359376,82
D_STR02220,D_U0084,D0029,2026-02-24 23:49:38.965538,210
D_STR02221,D_U0038,D0040,2026-02-04 08:59:47.929170,47
D_STR02222,D_U0090,D0028,2026-02-25 02:14:28.835487,119
D_STR02223,D_U0057,D0038,2026-02-16 15:32:39.526770,89
D_STR02224,D_U0017,D0032,2026-02-15 13:34:20.442168,297
D_STR02225,D_U0083,D0029,2026-02-14 03:40:56.163707,245
D_STR02226,D_U0076,D0029,2026-02-27 13:05:55.241005,152
D_STR02227,D_U0081,D0022,2026-02-14 01:15:34.166925,54
D_STR02228,D_U0092,D0037,2026-02-03 06:55:57.214642,113
D_STR02229,D_U0100,D0045,2026-02-21 17:17:38.945879,117
D_STR02230,D_U0008,D0018,2026-02-09 09:15:08.035387,220
D_STR02231,D_U0026,D0024,2026-02-12 21:47:20.750247,296
D_STR02232,D_U0086,D0032,2026-02-11 19:10:05.585943,113
D_STR02233,D_U0028,D0025,2026-02-25 03:31:41.694215,88
D_STR02234,D_U0008,D0040,2026-02-12 20:03:01.527809,64
D_STR02235,D_U0030,D0032,2026-02-16 08:02:22.397473,211
D_STR02236,D_U0071,D0029,2026-02-02 11:52:45.693276,291
D_STR02237,D_U0038,D0046,2026-02-02 18:48:55.798372,131
D_STR02238,D_U0063,D0002,2026-02-01 18:27:14.789404,87
D_STR02239,D_U0088,D0041,2026-02-04 14:43:23.101312,235
D_STR02240,D_U0025,D0042,2026-02-05 04:02:49.958560,43
D_STR02241,D_U0059,D0029,2026-02-24 20:35:18.936237,300
D_STR02242,D_U0001,D0016,2026-02-24 03:28:27.875224,145
D_STR02243,D_U0075,D0040,2026-02-14 07:24:10.001748,46
D_STR02244,D_U0056,D0042,2026-02-08 03:36:29.181377,197
D_STR02245,D_U0037,D0007,2026-02-03 00:18:11.513581,175
D_STR02246,D_U0047,D0045,2026-01-31 16:12:47.539989,77
D_STR02247,D_U0054,D0037,2026-02-02 02:10:15.397921,89
D_STR02248,D_U0057,D0015,2026-02-20 16:57:17.015134,35
D_STR02249,D_U0045,D0016,2026-02-19 08:06:55.175440,170
D_STR02250,D_U0085,D0036,2026-02-03 02:15:31.503772,344
D_STR02251,D_U0094,D0039,2026-02-02 05:36:15.289598,64
D_STR02252,D_U0075,D0025,2026-02-07 05:07:21.606333,110
D_STR02253,D_U0089,D0028,2026-02-06 18:05:06.601028,236
D_STR02254,D_U0093,D0042,2026-02-14 16:45:56.041181,184
D_STR02255,D_U0004,D0024,2026-02-27 17:05:37.929986,180
D_STR02256,D_U0001,D0024,2026-02-27 10:48:34.385083,256
D_STR02257,D_U0095,D0034,2026-02-03 15:33:33.549461,19
D_STR02258,D_U0029,D0048,2026-02-07 13:18:06.141985,91
D_STR02259,D_U0074,D0046,2026-02-17 13:43:25.627160,9
D_STR02260,D_U0039,D0038,2026-02-13 01:34:00.864611,50
D_STR02261,D_U0049,D0030,2026-02-15 07:36:59.116287,49
D_STR02262,D_U0012,D0048,2026-02-21 14:14:39.828367,186
D_STR02263,D_U0070,D0049,2026-02-14 02:40:20.397398,12
D_STR02264,D_U0028,D0023,2026-02-07 06:48:39.551427,188
D_STR02265,D_U0082,D0041,2026-02-22 06:50:40.861674,141
D_STR02266,D_U0055,D0037,2026-02-26 10:45:02.700975,149
D_STR02267,D_U0097,D0043,2026-02-08 18:34:50.349822,30
D_STR02268,D_U0071,D0025,2026-02-28 01:52:35.392682,123
D_STR02269,D_U0057,D0018,2026-02-22 02:08:34.468266,187
D_STR02270,D_U0028,D0034,2026-02-13 16:26:02.590533,164
D_STR02271,D_U0097,D0040,2026-02-17 22:27:29.572356,137
D_STR02272,D_U0005,D0019,2026-02-14 00:24:03.776823,236
D_STR02273,D_U0052,D0040,2026-02-19 02:13:12.953679,11
D_STR02274,D_U0065,D0047,2026-02-25 08:08:01.549469,52
D_STR02275,D_U0034,D0038,2026-01-31 18:13:03.491270,85
D_STR02276,D_U0002,D0049,2026-03-01 19:39:55.326476,73
D_STR02277,D_U0065,D0041,2026-02-21 02:02:53.266155,150
D_STR02278,D_U0082,D0035,2026-02-21 23:46:37.604947,231
D_STR02279,D_U0080,D0022,2026-02-19 21:13:07.783736,164
D_STR02280,D_U0013,D0042,2026-02-15 05:04:02.817864,163
D_STR02281,D_U0014,D0044,2026-02-27 02:25:02.683806,100
D_STR02282,D_U0069,D0032,2026-02-13 09:28:42.251708,126
D_STR02283,D_U0071,D0048,2026-02-09 19:39:03.182325,89
D_STR02284,D_U0036,D0024,2026-02-24 12:48:28.395468,125
D_STR02285,D_U0026,D0045,2026-02-13 23:52:07.596338,51
D_STR02286,D_U0024,D0041,2026-02-23 00:44:27.717447,173
D_STR02287,D_U0030,D0043,2026-02-14 11:38:33.756392,64
D_STR02288,D_U0031,D0050,2026-02-25 21:08:28.899970,92
D_STR02289,D_U0030,D0018,2026-02-02 13:45:06.691248,175
D_STR02290,D_U0100,D0046,2026-02-01 10:29:56.493131,146
D_STR02291,D_U0011,D0046,2026-02-07 11:42:32.157503,48
D_STR02292,D_U0092,D0028,2026-02-24 10:17:03.469222,245
D_STR02293,D_U0062,D0037,2026-02-19 07:04:56.341076,134
D_STR02294,D_U0081,D0043,2026-02-26 04:01:36.590506,100
D_STR02295,D_U0039,D0016,2026-02-21 22:37:49.921143,59
D_STR02296,D_U0093,D0018,2026-03-01 12:53:02.473288,11
D_STR02297,D_U0045,D0033,2026-02-08 13:14:11.671079,75
D_STR02298,D_U0090,D0048,2026-02-02 20:54:12.136885,206
D_STR02299,D_U0091,D0049,2026-02-27 03:38:36.740855,119
D_STR02300,D_U0014,D0032,2026-02-25 19:11:55.551336,229
D_STR02301,D_U0027,D0046,2026-02-11 04:10:31.363848,137
D_STR02302,D_U0059,D0047,2026-02-27 06:47:26.269192,59
D_STR02303,D_U0057,D0041,2026-02-03 07:31:02.745053,147
D_STR02304,D_U0021,D0036,2026-02-27 07:48:14.974430,169
D_STR02305,D_U0073,D0049,2026-02-24 02:54:45.682586,82
D_STR02306,D_U0077,D0035,2026-02-09 22:04:50.505329,259
D_STR02307,D_U0068,D0030,2026-02-06 16:29:09.785476,141
D_STR02308,D_U0074,D0032,2026-02-17 20:13:55.107227,22
D_STR02309,D_U0068,D0049,2026-02-03 14:12:12.250132,107
D_STR02310,D_U0015,D0037,2026-02-17 09:24:44.881949,130
D_STR02311,D_U0091,D0046,2026-02-07 00:40:33.594865,100
D_STR02312,D_U0085,D0049,2026-02-04 18:48:07.536013,59
D_STR02313,D_U0072,D0045,2026-02-01 23:03:23.092274,164
D_STR02314,D_U0071,D0042,2026-02-28 15:31:25.973435,94
D_STR02315,D_U0017,D0033,2026-02-18 04:12:45.210169,65
D_STR02316,D_U0066,D0045,2026-02-24 17:18:13.302001,53
D_STR02317,D_U0084,D0045,2026-02-09 11:56:16.619551,15
D_STR02318,D_U0066,D0030,2026-02-19 12:26:56.079702,148
D_STR02319,D_U0026,D0026,2026-02-20 14:53:37.099755,42
D_STR02320,D_U0050,D0038,2026-02-13 17:28:30.748420,135
D_STR02321,D_U0007,D0030,2026-02-20 11:05:30.616625,7
D_STR02322,D_U0037,D0011,2026-02-12 18:17:01.530767,29
D_STR02323,D_U0035,D0041,2026-02-05 22:44:11.325724,96
D_STR02324,D_U0051,D0047,2026-02-18 07:49:54.932601,151
D_STR02325,D_U0050,D0041,2026-02-03 12:47:22.402251,81
D_STR02326,D_U0020,D0034,2026-02-28 22:33:38.428638,198
D_STR02327,D_U0098,D0031,2026-02-25 00:12:11.265700,101
D_STR02328,D_U0051,D0043,2026-02-24 22:32:02.317909,84
D_STR02329,D_U0088,D0019,2026-02-16 06:58:10.327809,100
D_STR02330,D_U0045,D0028,2026-02-07 06:43:50.946650,139
D_STR02331,D_U0071,D0026,2026-02-26 16:27:45.624423,231
D_STR02332,D_U0054,D0022,2026-02-19 01:39:06.612267,117
D_STR02333,D_U0084,D0049,2026-02-21 21:11:29.956097,23
D_STR02334,D_U0051,D0032,2026-02-03 03:37:00.387970,241
D_STR02335,D_U0033,D0030,2026-02-24 19:37:18.810407,122
D_STR02336,D_U0069,D0047,2026-02-09 00:49:12.140388,184
D_STR02337,D_U0083,D0010,2026-02-08 06:50:18.522640,253
D_STR02338,D_U0025,D0027,2026-02-23 09:52:08.735096,43
D_STR02339,D_U0005,D0028,2026-02-06 06:11:36.333256,112
D_STR02340,D_U0021,D0047,2026-02-24 02:35:21.611100,139
D_STR02341,D_U0071,D0050,2026-02-13 15:45:04.943440,216
D_STR02342,D_U0094,D0033,2026-02-07 20:45:03.180208,120
D_STR02343,D_U0045,D0042,2026-02-16 21:55:57.786240,43
D_STR02344,D_U0055,D0017,2026-02-12 14:15:01.872317,69
D_STR02345,D_U0015,D0028,2026-02-11 02:22:56.382470,14
D_STR02346,D_U0039,D0041,2026-02-17 12:08:26.952968,95
D_STR02347,D_U0051,D0037,2026-02-24 13:25:51.368710,142
D_STR02348,D_U0094,D0017,2026-02-26 16:20:47.512249,35
D_STR02349,D_U0062,D0038,2026-02-02 08:04:38.803782,92
D_STR02350,D_U0017,D0048,2026-02-10 22:44:44.233590,102
D_STR02351,D_U0034,D0050,2026-02-02 05:40:23.755603,269
D_STR02352,D_U0095,D0037,2026-02-15 09:13:57.405930,52
D_STR02353,D_U0073,D0014,2026-03-02 04:31:17.075052,273
D_STR02354,D_U0074,D0032,2026-02-03 07:59:59.268913,58
D_STR02355,D_U0019,D0011,2026-02-08 15:29:37.861820,104
D_STR02356,D_U0089,D0020,2026-02-19 23:15:39.224930,97
D_STR02357,D_U0004,D0027,2026-02-19 10:51:39.840250,210
D_STR02358,D_U0070,D0039,2026-02-28 06:51:13.041352,310
D_STR02359,D_U0015,D0048,2026-02-11 18:31:13.087354,215
D_STR02360,D_U0052,D0048,2026-02-09 18:06:58.326768,48
D_STR02361,D_U0006,D0027,2026-02-07 22:09:43.978871,230
D_STR02362,D_U0013,D0016,2026-02-27 03:38:15.827615,204
D_STR02363,D_U0093,D0048,2026-02-08 11:40:02.923201,134
D_STR02364,D_U0018,D0023,2026-02-10 12:54:10.133007,172
D_STR02365,D_U0078,D0042,2026-02-18 13:30:55.197073,72
D_STR02366,D_U0081,D0032,2026-02-03 03:05:40.458871,280
D_STR02367,D_U0048,D0032,2026-02-15 10:36:45.244533,21
D_STR02368,D_U0024,D0024,2026-02-07 12:07:43.233980,64
D_STR02369,D_U0024,D0039,2026-02-01 23:23:15.682522,128
D_STR02370,D_U0014,D0040,2026-02-27 09:59:56.789679,20
D_STR02371,D_U0047,D0048,2026-02-28 14:55:45.023459,130
D_STR02372,D_U0021,D0045,2026-02-19 11:44:26.096815,19
D_STR02373,D_U0007,D0011,2026-02-06 05:56:02.582590,56
D_STR02374,D_U0003,D0045,2026-02-06 12:58:27.744341,197
D_STR02375,D_U0028,D0022,2026-02-10 05:19:54.780136,58
D_STR02376,D_U0044,D0046,2026-02-20 01:50:44.819462,187
D_STR02377,D_U0014,D0039,2026-02-10 10:05:21.688009,87
D_STR02378,D_U0062,D0014,2026-02-23 05:02:32.466001,135
D_STR02379,D_U0021,D0019,2026-02-09 01:06:21.615815,177
D_STR02380,D_U0089,D0050,2026-02-23 00:34:14.500186,299
D_STR02381,D_U0082,D0021,2026-02-21 02:56:53.601843,273
D_STR02382,D_U0016,D0039,2026-02-15 06:45:09.582706,76
D_STR02383,D_U0025,D0005,2026-02-18 15:14:02.993683,5
D_STR02384,D_U0030,D0035,2026-02-15 08:16:53.696894,228
D_STR02385,D_U0081,D0016,2026-02-15 07:51:56.949466,76
D_STR02386,D_U0064,D0033,2026-02-14 08:35:19.307580,78
D_STR02387,D_U0065,D0025,2026-02-04 06:04:25.035360,59
D_STR02388,D_U0053,D0049,2026-02-11 02:57:06.192242,52
D_STR02389,D_U0071,D0043,2026-02-23 00:26:42.934082,133
D_STR02390,D_U0026,D0035,2026-02-03 15:03:49.675283,236
D_STR02391,D_U0053,D0050,2026-02-07 07:25:18.672721,235
D_STR02392,D_U0095,D0048,2026-03-02 07:52:32.321184,219
D_STR02393,D_U0052,D0023,2026-02-03 01:35:52.558149,188
D_STR02394,D_U0084,D0022,2026-02-23 07:19:05.073936,10
D_STR02395,D_U0026,D0020,2026-02-09 01:40:02.730699,144
D_STR02396,D_U0090,D0050,2026-02-07 11:29:25.314712,317
D_STR02397,D_U0085,D0026,2026-02-08 14:45:50.872719,102
D_STR02398,D_U0044,D0049,2026-02-10 01:15:33.749125,31
D_STR02399,D_U0075,D0035,2026-02-06 16:14:57.897737,107
D_STR02400,D_U0067,D0017,2026-02-19 03:58:56.256373,121
D_STR02401,D_U0068,D0036,2026-02-19 14:03:11.195091,240
D_STR02402,D_U0068,D0046,2026-02-26 05:59:38.922823,73
D_STR02403,D_U0063,D0039,2026-02-13 12:38:30.293974,132
D_STR02404,D_U0074,D0045,2026-02-27 07:53:27.125587,79
D_STR02405,D_U0073,D0037,2026-02-18 03:00:02.079756,46
D_STR02406,D_U0071,D0037,2026-02-18 07:39:01.942383,137
D_STR02407,D_U0099,D0029,2026-02-23 16:35:25.683125,66
D_STR02408,D_U0099,D0036,2026-02-10 15:51:19.535203,93
D_STR02409,D_U0097,D0049,2026-02-06 05:19:09.329790,58
D_STR02410,D_U0069,D0022,2026-02-08 15:52:59.693796,41
D_STR02411,D_U0077,D0013,2026-03-01 23:34:20.538783,182
D_STR02412,D_U0036,D0015,2026-03-01 00:50:41.064297,220
D_STR02413,D_U0019,D0042,2026-02-28 13:56:36.536631,112
D_STR02414,D_U0040,D0015,2026-02-16 19:31:22.786547,83
D_STR02415,D_U0007,D0008,2026-02-23 05:13:36.632230,116
D_STR02416,D_U0011,D0042,2026-02-12 02:48:42.048677,57
D_STR02417,D_U0061,D0042,2026-02-28 02:42:13.308062,112
D_STR02418,D_U0084,D0049,2026-02-25 16:49:36.689520,69
D_STR02419,D_U0071,D0033,2026-02-08 20:24:46.798453,16
D_STR02420,D_U0060,D0034,2026-02-23 18:49:29.141653,77
D_STR02421,D_U0057,D0046,2026-02-19 21:38:03.354166,141
D_STR02422,D_U0082,D0033,2026-02-22 19:35:54.038285,131
D_STR02423,D_U0021,D0042,2026-02-28 13:34:43.390406,61
D_STR02424,D_U0037,D0028,2026-02-19 18:15:59.005717,154
D_STR02425,D_U0001,D0029,2026-02-20 18:51:53.074875,283
D_STR02426,D_U0072,D0046,2026-02-06 11:02:45.458680,169
D_STR02427,D_U0085,D0037,2026-02-13 18:18:58.374744,66
D_STR02428,D_U0092,D0046,2026-02-07 13:56:11.195584,55
D_STR02429,D_U0014,D0047,2026-02-20 22:02:50.947170,79
D_STR02430,D_U0090,D0040,2026-02-03 23:06:50.788377,55
D_STR02431,D_U0049,D0030,2026-02-21 16:56:57.699796,97
D_STR02432,D_U0038,D0031,2026-02-09 03:18:28.233473,16
D_STR02433,D_U0078,D0045,2026-02-11 12:40:42.774707,63
D_STR02434,D_U0085,D0048,2026-02-16 08:12:23.835506,239
D_STR02435,D_U0071,D0026,2026-02-27 15:15:23.499925,182
D_STR02436,D_U0097,D0017,2026-02-27 08:18:12.406852,7
D_STR02437,D_U0092,D0036,2026-02-07 18:12:02.040858,260
D_STR02438,D_U0066,D0019,2026-02-21 21:38:43.662086,228
D_STR02439,D_U0062,D0040,2026-02-14 12:29:07.782910,28
D_STR02440,D_U0032,D0041,2026-02-06 09:31:34.927291,169
D_STR02441,D_U0010,D0045,2026-02-24 04:33:49.418215,201
D_STR02442,D_U0037,D0039,2026-02-07 06:19:54.088256,140
D_STR02443,D_U0092,D0034,2026-02-12 07:48:18.975430,126
D_STR02444,D_U0073,D0045,2026-02-10 10:26:03.113735,160
D_STR02445,D_U0068,D0019,2026-02-17 11:21:03.913155,242
D_STR02446,D_U0015,D0041,2026-02-09 12:34:35.387995,131
D_STR02447,D_U0063,D0046,2026-02-04 00:16:31.997507,5
D_STR02448,D_U0043,D0026,2026-02-10 10:32:22.752091,130
D_STR02449,D_U0002,D0044,2026-02-17 22:17:19.524194,317
D_STR02450,D_U0056,D0047,2026-02-18 15:35:35.942991,233
D_STR02451,D_U0050,D0037,2026-02-03 03:47:55.477431,97
D_STR02452,D_U0067,D0042,2026-02-19 07:04:51.971615,157
D_STR02453,D_U0054,D0026,2026-02-14 23:20:02.759095,17
D_STR02454,D_U0093,D0041,2026-03-01 01:20:08.085384,122
D_STR02455,D_U0031,D0034,2026-02-21 16:28:15.009326,214
D_STR02456,D_U0065,D0025,2026-02-15 21:10:21.484724,120
D_STR02457,D_U0058,D0029,2026-02-06 11:46:17.704411,37
D_STR02458,D_U0003,D0049,2026-02-10 21:20:01.906584,95
D_STR02459,D_U0095,D0029,2026-02-11 11:01:25.165355,202
D_STR02460,D_U0005,D0046,2026-02-28 06:06:41.348858,150
D_STR02461,D_U0050,D0035,2026-02-26 01:16:10.794094,21
D_STR02462,D_U0093,D0050,2026-02-17 12:05:47.808423,227
D_STR02463,D_U0053,D0046,2026-02-04 15:18:48.315282,54
D_STR02464,D_U0009,D0040,2026-02-24 14:05:25.077340,101
D_STR02465,D_U0062,D0027,2026-02-09 15:59:20.418666,80
D_STR02466,D_U0094,D0025,2026-02-15 20:24:40.610538,173
D_STR02467,D_U0088,D0042,2026-02-21 10:16:04.996197,23
D_STR02468,D_U0061,D0037,2026-02-03 12:19:33.128655,33
D_STR02469,D_U0076,D0017,2026-02-15 02:19:27.909079,12
D_STR02470,D_U0007,D0046,2026-02-25 01:36:28.685875,92
D_STR02471,D_U0019,D0025,2026-02-24 16:56:38.440195,181
D_STR02472,D_U0006,D0046,2026-02-06 18:12:31.534484,133
D_STR02473,D_U0090,D0048,2026-02-27 11:49:32.549867,132
D_STR02474,D_U0036,D0027,2026-02-24 01:26:19.873650,14
D_STR02475,D_U0091,D0028,2026-02-07 20:00:09.288076,220
D_STR02476,D_U0036,D0010,2026-02-13 17:39:20.054952,126
D_STR02477,D_U0064,D0022,2026-02-10 09:35:30.557911,16
D_STR02478,D_U0029,D0050,2026-02-08 04:10:29.737045,324
D_STR02479,D_U0059,D0045,2026-02-18 04:52:11.199902,17
D_STR02480,D_U0089,D0039,2026-02-17 05:05:09.280894,308
D_STR02481,D_U0066,D0048,2026-02-12 20:00:20.390502,196
D_STR02482,D_U0019,D0010,2026-02-06 05:53:13.843629,87
D_STR02483,D_U0048,D0028,2026-02-15 13:49:46.322526,5
D_STR02484,D_U0020,D0028,2026-02-09 08:18:19.473881,18
D_STR02485,D_U0032,D0050,2026-02-28 04:37:07.968245,210
D_STR02486,D_U0034,D0047,2026-02-14 06:54:35.248019,123
D_STR02487,D_U0055,D0045,2026-02-20 00:07:06.700651,103
D_STR02488,D_U0078,D0048,2026-03-01 15:25:53.611509,217
D_STR02489,D_U0022,D0048,2026-02-01 06:19:14.127732,169
D_STR02490,D_U0010,D0026,2026-02-26 06:00:00.616466,250
D_STR02491,D_U0018,D0036,2026-02-28 09:32:26.366266,140
D_STR02492,D_U0096,D0041,2026-02-01 08:21:04.475882,152
D_STR02493,D_U0067,D0029,2026-02-07 10:08:37.282867,290
D_STR02494,D_U0003,D0044,2026-02-08 12:31:52.051126,143
D_STR02495,D_U0038,D0027,2026-02-03 09:25:23.162489,12
D_STR02496,D_U0008,D0050,2026-02-03 11:53:22.810271,212
D_STR02497,D_U0090,D0048,2026-03-01 10:46:04.994282,192
D_STR02498,D_U0032,D0050,2026-02-26 02:51:47.200920,78
D_STR02499,D_U0073,D0047,2026-02-15 16:56:55.897969,56
D_STR02500,D_U0055,D0049,2026-02-04 20:47:31.442071,50
D_STR02501,D_U0059,D0036,2026-02-16 20:22:24.683602,323
D_STR02502,D_U0092,D0023,2026-02-24 03:10:39.631095,55
D_STR02503,D_U0048,D0037,2026-02-04 04:34:17.006939,98
D_STR02504,D_U0035,D0022,2026-02-16 14:27:52.871414,45
D_STR02505,D_U0032,D0042,2026-02-10 16:44:38.430514,197
D_STR02506,D_U0097,D0025,2026-02-07 00:31:36.317071,42
D_STR02507,D_U0043,D0024,2026-02-06 01:52:12.050469,221
D_STR02508,D_U0058,D0033,2026-02-18 00:36:36.872405,94
D_STR02509,D_U0074,D0028,2026-02-13 18:48:29.064637,54
D_STR02510,D_U0034,D0033,2026-03-01 00:36:25.059185,94
D_STR02511,D_U0024,D0030,2026-03-01 10:21:19.030401,147
D_STR02512,D_U0026,D0040,2026-03-02 06:11:48.542927,84
D_STR02513,D_U0062,D0030,2026-02-09 16:06:32.855699,153
D_STR02514,D_U0090,D0039,2026-02-18 23:35:55.440146,70
D_STR02515,D_U0065,D0022,2026-02-17 13:27:16.649598,120
D_STR02516,D_U0093,D0037,2026-02-16 07:02:41.725388,30
D_STR02517,D_U0038,D0027,2026-02-28 06:23:09.590570,93
D_STR02518,D_U0081,D0029,2026-02-12 01:25:25.548110,75
D_STR02519,D_U0044,D0033,2026-02-23 04:21:15.339450,136
D_STR02520,D_U0022,D0048,2026-02-08 02:44:06.937154,25
D_STR02521,D_U0062,D0031,2026-02-15 10:13:35.471655,116
D_STR02522,D_U0083,D0036,2026-02-08 17:32:17.517847,69
D_STR02523,D_U0054,D0015,2026-02-12 09:23:47.390375,22
D_STR02524,D_U0051,D0047,2026-02-11 01:28:50.083255,216
D_STR02525,D_U0083,D0036,2026-02-01 13:17:46.364439,122
D_STR02526,D_U0063,D0018,2026-02-20 22:04:17.442870,236
D_STR02527,D_U0065,D0011,2026-02-01 17:43:33.007738,281
D_STR02528,D_U0100,D0050,2026-02-28 05:07:22.608840,100
D_STR02529,D_U0061,D0019,2026-02-16 13:00:07.982376,136
D_STR02530,D_U0092,D0012,2026-03-01 02:32:14.895808,40
D_STR02531,D_U0011,D0024,2026-02-27 04:50:28.141593,192
D_STR02532,D_U0096,D0023,2026-02-01 12:55:43.898871,73
D_STR02533,D_U0013,D0024,2026-02-16 12:49:01.440756,351
D_STR02534,D_U0094,D0008,2026-02-14 00:24:20.407501,242
D_STR02535,D_U0045,D0038,2026-02-26 04:08:33.053380,20
D_STR02536,D_U0093,D0041,2026-03-02 05:19:57.066473,122
D_STR02537,D_U0042,D0013,2026-02-06 14:16:43.052516,148
D_STR02538,D_U0042,D0004,2026-02-06 07:58:37.729692,168
D_STR02539,D_U0043,D0046,2026-02-07 20:41:36.125636,24
D_STR02540,D_U0015,D0049,2026-02-07 01:01:37.995025,81
D_STR02541,D_U0088,D0024,2026-02-25 15:39:51.421584,105
D_STR02542,D_U0070,D0023,2026-02-01 08:19:39.064695,208
D_STR02543,D_U0075,D0045,2026-02-18 22:45:28.571620,161
D_STR02544,D_U0015,D0023,2026-02-14 16:47:38.957191,36
D_STR02545,D_U0044,D0044,2026-02-26 15:55:07.522780,50
D_STR02546,D_U0064,D0043,2026-02-05 12:16:09.471528,49
D_STR02547,D_U0004,D0050,2026-02-07 23:29:43.993864,208
D_STR02548,D_U0100,D0017,2026-02-03 16:03:36.185359,90
D_STR02549,D_U0040,D0042,2026-02-06 19:28:26.888063,199
D_STR02550,D_U0055,D0035,2026-02-28 21:07:03.712830,291
D_STR02551,D_U0085,D0032,2026-02-03 01:09:47.481183,195
D_STR02552,D_U0077,D0041,2026-02-28 23:15:16.688772,66
D_STR02553,D_U0011,D0043,2026-02-04 04:38:09.259917,136
D_STR02554,D_U0080,D0024,2026-02-08 14:03:16.982068,326
D_STR02555,D_U0053,D0022,2026-02-06 23:10:14.307121,222
D_STR02556,D_U0006,D0038,2026-02-11 03:49:41.549715,59
D_STR02557,D_U0016,D0045,2026-02-09 19:49:20.774745,103
D_STR02558,D_U0100,D0039,2026-02-20 10:11:51.520470,133
D_STR02559,D_U0055,D0012,2026-02-28 14:17:51.567459,129
D_STR02560,D_U0062,D0008,2026-02-16 07:56:41.127018,285
D_STR02561,D_U0057,D0047,2026-02-04 17:50:51.997430,256
D_STR02562,D_U0032,D0020,2026-02-10 05:37:40.288114,124
D_STR02563,D_U0022,D0036,2026-02-18 03:51:19.067891,297
D_STR02564,D_U0081,D0033,2026-02-15 16:16:39.232622,96
D_STR02565,D_U0043,D0040,2026-02-26 10:09:38.668450,83
D_STR02566,D_U0098,D0033,2026-02-05 09:16:24.898459,45
D_STR02567,D_U0046,D0042,2026-02-11 14:21:28.856758,187
D_STR02568,D_U0083,D0043,2026-02-19 03:56:44.348295,87
D_STR02569,D_U0045,D0040,2026-02-19 18:47:13.321949,56
D_STR02570,D_U0058,D0046,2026-02-18 12:17:02.793778,170
D_STR02571,D_U0091,D0006,2026-02-01 14:17:01.384479,47
D_STR02572,D_U0072,D0017,2026-02-16 20:56:07.095553,12
D_STR02573,D_U0018,D0039,2026-02-07 01:52:37.667395,310
D_STR02574,D_U0089,D0009,2026-02-12 12:15:31.263178,84
D_STR02575,D_U0005,D0046,2026-02-05 00:47:14.568836,188
D_STR02576,D_U0047,D0034,2026-02-11 15:16:14.196521,189
D_STR02577,D_U0092,D0041,2026-02-19 23:05:38.061778,82
D_STR02578,D_U0003,D0019,2026-02-09 18:27:58.583122,19
D_STR02579,D_U0028,D0043,2026-02-23 16:28:24.080366,115
D_STR02580,D_U0026,D0025,2026-02-11 20:37:16.401781,116
D_STR02581,D_U0037,D0035,2026-02-17 20:39:24.038509,216
D_STR02582,D_U0003,D0042,2026-02-16 04:20:36.681574,42
D_STR02583,D_U0014,D0040,2026-02-17 00:18:05.722975,111
D_STR02584,D_U0017,D0045,2026-02-03 02:53:17.169393,110
D_STR02585,D_U0098,D0050,2026-02-24 19:41:40.549435,81
D_STR02586,D_U0039,D0002,2026-02-06 17:41:52.332435,167
D_STR02587,D_U0068,D0040,2026-02-03 11:03:45.219080,25
D_STR02588,D_U0080,D0042,2026-02-12 01:21:13.292167,87
D_STR02589,D_U0002,D0002,2026-02-05 08:07:53.370848,246
D_STR02590,D_U0057,D0028,2026-02-23 23:37:30.275211,154
D_STR02591,D_U0006,D0033,2026-02-19 09:54:31.076052,163
D_STR02592,D_U0057,D0047,2026-02-18 19:58:50.450348,133
D_STR02593,D_U0090,D0021,2026-02-16 23:55:28.191267,160
D_STR02594,D_U0074,D0030,2026-02-20 18:35:10.114472,65
D_STR02595,D_U0013,D0048,2026-02-25 06:04:59.369433,67
D_STR02596,D_U0080,D0018,2026-02-01 03:57:06.272038,218
D_STR02597,D_U0062,D0045,2026-02-16 07:14:30.990441,37
D_STR02598,D_U0087,D0029,2026-02-06 00:56:11.403357,21
D_STR02599,D_U0023,D0042,2026-02-16 04:23:51.259573,164
D_STR02600,D_U0092,D0028,2026-02-26 20:32:30.395330,28
D_STR02601,D_U0006,D0050,2026-02-12 09:57:14.816025,13
D_STR02602,D_U0007,D0036,2026-02-28 14:18:19.645639,262
D_STR02603,D_U0033,D0036,2026-03-01 23:44:11.244249,279
D_STR02604,D_U0090,D0022,2026-02-05 05:59:51.585508,220
D_STR02605,D_U0072,D0048,2026-02-06 20:27:15.986968,218
D_STR02606,D_U0045,D0049,2026-02-25 17:09:01.593468,106
D_STR02607,D_U0006,D0043,2026-02-06 04:22:08.411920,122
D_STR02608,D_U0062,D0026,2026-02-11 03:47:28.381807,223
D_STR02609,D_U0091,D0020,2026-02-22 08:22:59.109095,69
D_STR02610,D_U0097,D0031,2026-02-02 21:10:39.404167,40
D_STR02611,D_U0069,D0030,2026-02-28 20:52:35.701158,124
D_STR02612,D_U0015,D0048,2026-02-13 20:15:39.201211,51
D_STR02613,D_U0085,D0050,2026-02-25 00:08:09.578476,288
D_STR02614,D_U0007,D0015,2026-02-28 16:43:23.219303,260
D_STR02615,D_U0021,D0027,2026-03-01 15:00:41.648935,162
D_STR02616,D_U0016,D0011,2026-02-08 03:08:18.679127,227
D_STR02617,D_U0063,D0007,2026-02-01 10:52:44.778495,58
D_STR02618,D_U0024,D0047,2026-02-13 10:45:40.528388,205
D_STR02619,D_U0028,D0048,2026-03-02 08:51:01.810595,113
D_STR02620,D_U0055,D0030,2026-02-13 13:44:53.477276,96
D_STR02621,D_U0024,D0029,2026-02-02 16:39:37.266105,179
D_STR02622,D_U0041,D0018,2026-02-05 02:55:29.715936,232
D_STR02623,D_U0020,D0010,2026-02-10 09:53:26.623788,50
D_STR02624,D_U0055,D0038,2026-02-20 06:15:18.635798,8
D_STR02625,D_U0087,D0033,2026-02-16 16:50:04.156408,54
D_STR02626,D_U0007,D0039,2026-02-05 02:55:54.767978,131
D_STR02627,D_U0023,D0037,2026-03-02 10:03:33.948792,128
D_STR02628,D_U0077,D0027,2026-02-13 21:37:00.508219,226
D_STR02629,D_U0059,D0036,2026-02-13 20:35:50.118552,165
D_STR02630,D_U0044,D0024,2026-02-10 01:10:34.705096,242
D_STR02631,D_U0031,D0049,2026-02-26 00:09:25.070645,91
D_STR02632,D_U0007,D0042,2026-02-26 15:58:13.066772,141
D_STR02633,D_U0035,D0005,2026-02-22 08:12:24.590556,84
D_STR02634,D_U0065,D0015,2026-02-28 20:04:15.475617,93
D_STR02635,D_U0056,D0021,2026-02-28 08:23:47.938563,289
D_STR02636,D_U0043,D0022,2026-02-16 22:09:09.409456,25
D_STR02637,D_U0040,D0050,2026-02-23 03:34:39.537514,102
D_STR02638,D_U0100,D0025,2026-02-22 13:32:21.410974,135
D_STR02639,D_U0069,D0027,2026-02-16 06:04:47.473461,113
D_STR02640,D_U0055,D0047,2026-02-02 15:16:27.168139,15
D_STR02641,D_U0063,D0026,2026-02-21 09:13:36.597248,190
D_STR02642,D_U0057,D0020,2026-02-15 19:57:59.718000,119
D_STR02643,D_U0054,D0049,2026-02-15 23:00:20.640984,65
D_STR02644,D_U0033,D0034,2026-02-28 04:28:36.094761,210
D_STR02645,D_U0094,D0042,2026-02-23 15:30:25.219014,57
D_STR02646,D_U0001,D0044,2026-02-19 14:46:54.615329,113
D_STR02647,D_U0082,D0046,2026-02-22 13:02:49.782566,148
D_STR02648,D_U0065,D0046,2026-02-06 19:09:42.560490,146
D_STR02649,D_U0078,D0050,2026-02-21 07:10:34.589961,283
D_STR02650,D_U0026,D0029,2026-02-17 03:29:20.486689,24
D_STR02651,D_U0010,D0024,2026-02-13 10:57:07.561830,332
D_STR02652,D_U0021,D0031,2026-02-15 00:09:17.271590,109
D_STR02653,D_U0059,D0048,2026-02-25 01:08:53.720949,124
D_STR02654,D_U0031,D0020,2026-02-11 20:47:57.205423,108
D_STR02655,D_U0088,D0040,2026-02-17 18:53:36.946705,31
D_STR02656,D_U0076,D0046,2026-02-12 09:32:30.526349,164
D_STR02657,D_U0092,D0040,2026-02-27 00:52:41.369304,123
D_STR02658,D_U0036,D0038,2026-02-19 13:54:15.094681,171
D_STR02659,D_U0046,D0038,2026-02-27 05:09:56.626163,90
D_STR02660,D_U0039,D0032,2026-02-01 00:44:16.517759,285
D_STR02661,D_U0025,D0034,2026-02-01 11:33:46.742235,112
D_STR02662,D_U0085,D0039,2026-02-20 23:42:30.360821,68
D_STR02663,D_U0044,D0041,2026-02-23 21:24:02.428811,36
D_STR02664,D_U0046,D0026,2026-01-31 22:10:56.903337,28
D_STR02665,D_U0005,D0020,2026-02-09 00:37:34.957370,121
D_STR02666,D_U0023,D0025,2026-02-05 07:20:16.256301,56
D_STR02667,D_U0064,D0033,2026-02-12 07:43:45.351057,124
D_STR02668,D_U0036,D0038,2026-02-24 01:42:16.880941,110
D_STR02669,D_U0016,D0029,2026-02-19 18:10:11.504839,56
D_STR02670,D_U0053,D0037,2026-02-06 13:59:02.066665,31
D_STR02671,D_U0002,D0037,2026-02-07 14:52:30.204491,42
D_STR02672,D_U0087,D0049,2026-02-27 12:34:12.403037,61
D_STR02673,D_U0010,D0050,2026-02-18 11:41:54.276510,289
D_STR02674,D_U0097,D0044,2026-02-03 10:52:09.040218,38
D_STR02675,D_U0021,D0046,2026-02-13 03:13:46.116118,40
D_STR02676,D_U0005,D0005,2026-02-25 14:19:47.567632,135
D_STR02677,D_U0002,D0040,2026-02-06 21:32:28.745465,60
D_STR02678,D_U0040,D0041,2026-02-02 05:01:42.195598,37
D_STR02679,D_U0034,D0010,2026-02-13 22:35:21.636452,181
D_STR02680,D_U0002,D0007,2026-02-28 20:08:21.820154,42
D_STR02681,D_U0095,D0044,2026-02-18 17:10:21.928277,311
D_STR02682,D_U0092,D0033,2026-02-15 20:02:17.029181,29
D_STR02683,D_U0069,D0049,2026-02-02 07:17:12.587068,106
D_STR02684,D_U0038,D0049,2026-02-07 17:44:40.747554,17
D_STR02685,D_U0036,D0002,2026-02-20 06:06:05.877215,145
D_STR02686,D_U0079,D0024,2026-02-26 01:16:30.598897,62
D_STR02687,D_U0076,D0049,2026-02-05 01:18:35.259639,42
D_STR02688,D_U0084,D0005,2026-02-23 05:06:46.471524,53
D_STR02689,D_U0029,D0043,2026-02-18 20:38:30.309766,80
D_STR02690,D_U0076,D0020,2026-02-19 06:12:29.270997,151
D_STR02691,D_U0046,D0041,2026-02-11 19:38:08.394825,111
D_STR02692,D_U0070,D0027,2026-02-20 07:14:45.416356,96
D_STR02693,D_U0081,D0021,2026-02-14 06:56:19.156058,26
D_STR02694,D_U0070,D0026,2026-02-21 00:30:39.708781,262
D_STR02695,D_U0020,D0050,2026-02-01 09:10:02.423362,53
D_STR02696,D_U0018,D0047,2026-02-27 03:31:59.204537,6
D_STR02697,D_U0098,D0041,2026-02-10 11:15:09.223738,118
D_STR02698,D_U0005,D0019,2026-02-02 01:38:26.566280,178
D_STR02699,D_U0034,D0017,2026-02-08 11:58:46.030071,105
D_STR02700,D_U0057,D0046,2026-02-28 07:45:32.007214,149
D_STR02701,D_U0084,D0030,2026-02-08 13:06:59.258072,63
D_STR02702,D_U0001,D0048,2026-02-01 03:19:42.051176,272
D_STR02703,D_U0096,D0043,2026-02-20 16:24:08.218009,38
D_STR02704,D_U0032,D0026,2026-02-18 06:42:16.876298,108
D_STR02705,D_U0023,D0009,2026-02-04 22:13:04.614717,200
D_STR02706,D_U0075,D0031,2026-03-01 12:52:28.650612,128
D_STR02707,D_U0018,D0050,2026-02-26 15:10:38.461180,40
D_STR02708,D_U0005,D0004,2026-02-20 02:03:16.098042,186
D_STR02709,D_U0096,D0025,2026-03-01 08:51:02.196580,127
D_STR02710,D_U0020,D0023,2026-02-04 22:12:36.080115,121
D_STR02711,D_U0036,D0044,2026-02-11 22:16:13.755918,320
D_STR02712,D_U0060,D0038,2026-02-24 19:20:33.478262,191
D_STR02713,D_U0087,D0024,2026-02-22 06:01:16.621161,162
D_STR02714,D_U0100,D0039,2026-02-28 16:50:21.656545,31
D_STR02715,D_U0064,D0039,2026-02-10 09:15:58.361309,88
D_STR02716,D_U0096,D0050,2026-02-22 19:55:50.542011,298
D_STR02717,D_U0004,D0029,2026-02-10 16:00:31.680422,24
D_STR02718,D_U0057,D0031,2026-02-12 19:53:19.336472,64
D_STR02719,D_U0029,D0025,2026-02-28 06:14:34.589319,55
D_STR02720,D_U0035,D0028,2026-02-09 18:50:34.514807,136
D_STR02721,D_U0037,D0034,2026-02-15 12:21:45.399412,213
D_STR02722,D_U0003,D0047,2026-02-10 08:48:10.846992,176
D_STR02723,D_U0061,D0038,2026-02-03 19:18:34.417800,21
D_STR02724,D_U0021,D0034,2026-02-07 17:14:46.191118,87
D_STR02725,D_U0008,D0028,2026-02-20 05:27:55.474820,176
D_STR02726,D_U0044,D0037,2026-02-23 06:52:02.544158,23
D_STR02727,D_U0025,D0043,2026-02-07 13:52:07.250371,16
D_STR02728,D_U0089,D0047,2026-02-08 08:50:49.483987,40
D_STR02729,D_U0091,D0018,2026-02-12 10:35:51.331672,75
D_STR02730,D_U0022,D0045,2026-02-03 17:26:32.423924,198
D_STR02731,D_U0043,D0050,2026-02-27 05:44:00.829717,261
D_STR02732,D_U0045,D0040,2026-02-07 13:43:38.295379,35
D_STR02733,D_U0012,D0031,2026-02-16 15:39:39.804213,45
D_STR02734,D_U0002,D0050,2026-02-14 11:05:38.460577,247
D_STR02735,D_U0096,D0040,2026-02-21 08:05:29.791987,135
D_STR02736,D_U0074,D0023,2026-02-23 19:57:46.714948,42
D_STR02737,D_U0035,D0038,2026-02-19 16:15:38.953490,9
D_STR02738,D_U0081,D0023,2026-02-17 11:22:05.805534,235
D_STR02739,D_U0009,D0044,2026-02-27 17:02:19.148447,313
D_STR02740,D_U0060,D0041,2026-02-23 14:34:55.767420,203
D_STR02741,D_U0026,D0043,2026-02-23 08:53:03.691705,134
D_STR02742,D_U0037,D0025,2026-02-19 03:46:49.813519,210
D_STR02743,D_U0038,D0041,2026-02-07 09:20:38.590892,62
D_STR02744,D_U0053,D0017,2026-02-25 12:24:09.454396,23
D_STR02745,D_U0007,D0034,2026-02-04 16:59:07.471356,175
D_STR02746,D_U0031,D0043,2026-02-05 07:10:34.974670,32
D_STR02747,D_U0089,D0035,2026-03-02 07:43:53.338296,276
D_STR02748,D_U0029,D0038,2026-02-12 19:58:06.020806,5
D_STR02749,D_U0031,D0042,2026-03-01 15:03:45.057947,235
D_STR02750,D_U0004,D0032,2026-02-02 20:28:23.636084,46
D_STR02751,D_U0073,D0040,2026-02-03 08:57:06.151439,96
D_STR02752,D_U0036,D0016,2026-02-02 09:26:24.281502,250
D_STR02753,D_U0022,D0041,2026-02-14 17:58:20.874914,250
D_STR02754,D_U0050,D0043,2026-02-21 13:38:10.885959,18
D_STR02755,D_U0038,D0019,2026-02-06 08:40:24.089567,142
D_STR02756,D_U0019,D0047,2026-03-01 03:14:29.230675,15
D_STR02757,D_U0027,D0011,2026-02-26 05:46:26.553494,139
D_STR02758,D_U0078,D0044,2026-02-07 05:35:51.781043,21
D_STR02759,D_U0017,D0007,2026-02-02 12:50:34.245288,132
D_STR02760,D_U0016,D0047,2026-02-28 10:01:20.425445,76
D_STR02761,D_U0081,D0048,2026-02-08 15:22:29.011296,249
D_STR02762,D_U0097,D0032,2026-02-22 14:31:00.675966,122
D_STR02763,D_U0002,D0026,2026-02-16 11:01:32.130980,160
D_STR02764,D_U0028,D0037,2026-02-01 12:07:41.899317,92
D_STR02765,D_U0025,D0047,2026-02-19 23:16:51.256833,94
D_STR02766,D_U0072,D0016,2026-02-05 22:20:24.412193,47
D_STR02767,D_U0018,D0034,2026-02-16 08:13:43.563425,224
D_STR02768,D_U0055,D0030,2026-02-07 07:06:03.307775,45
D_STR02769,D_U0082,D0031,2026-02-21 16:00:43.621119,28
D_STR02770,D_U0009,D0033,2026-02-19 19:16:46.979583,84
D_STR02771,D_U0053,D0020,2026-02-01 11:58:57.259730,42
D_STR02772,D_U0091,D0043,2026-02-07 01:51:06.383116,112
D_STR02773,D_U0061,D0037,2026-02-16 21:53:35.147699,58
D_STR02774,D_U0014,D0026,2026-02-25 01:17:16.736855,211
D_STR02775,D_U0043,D0033,2026-02-10 22:04:01.404220,28
D_STR02776,D_U0016,D0022,2026-02-27 00:17:29.026804,203
D_STR02777,D_U0077,D0045,2026-02-17 08:26:05.394307,16
D_STR02778,D_U0030,D0033,2026-02-13 10:31:34.465336,7
D_STR02779,D_U0075,D0048,2026-02-20 11:33:53.587763,152
D_STR02780,D_U0019,D0042,2026-02-18 02:26:20.811902,173
D_STR02781,D_U0096,D0041,2026-02-16 06:37:06.945408,108
D_STR02782,D_U0063,D0020,2026-02-18 12:46:14.036390,78
D_STR02783,D_U0038,D0041,2026-02-22 13:31:30.673002,196
D_STR02784,D_U0055,D0043,2026-02-24 00:34:49.208126,59
D_STR02785,D_U0013,D0041,2026-02-23 15:00:23.549726,168
D_STR02786,D_U0028,D0036,2026-02-19 11:20:27.659479,27
D_STR02787,D_U0008,D0039,2026-02-27 03:33:58.111858,108
D_STR02788,D_U0061,D0042,2026-02-12 12:06:57.450336,222
D_STR02789,D_U0096,D0041,2026-03-02 10:07:37.695799,60
D_STR02790,D_U0021,D0014,2026-02-14 23:22:05.985219,99
D_STR02791,D_U0067,D0046,2026-02-07 09:07:07.526722,169
D_STR02792,D_U0073,D0039,2026-02-14 05:55:22.958569,36
D_STR02793,D_U0073,D0049,2026-02-17 04:26:20.702325,6
D_STR02794,D_U0028,D0021,2026-02-05 14:12:11.772467,133
D_STR02795,D_U0081,D0036,2026-02-13 12:47:53.382952,329
D_STR02796,D_U0025,D0050,2026-02-18 15:21:46.984471,13
D_STR02797,D_U0062,D0039,2026-02-10 14:56:49.242742,13
D_STR02798,D_U0005,D0010,2026-02-13 00:57:49.635213,16
D_STR02799,D_U0034,D0018,2026-02-13 10:25:06.806953,189
D_STR02800,D_U0018,D0022,2026-02-25 10:08:49.236964,19
D_STR02801,D_U0099,D0044,2026-02-28 13:13:40.250246,135
D_STR02802,D_U0036,D0045,2026-02-06 05:51:53.727755,78
D_STR02803,D_U0041,D0041,2026-02-17 16:29:22.627176,181
D_STR02804,D_U0086,D0020,2026-03-01 11:48:34.281061,52
D_STR02805,D_U0084,D0035,2026-02-06 00:40:35.514547,83
D_STR02806,D_U0090,D0050,2026-02-04 15:10:50.238751,196
D_STR02807,D_U0083,D0032,2026-02-13 03:25:08.727728,32
D_STR02808,D_U0017,D0042,2026-02-23 00:40:59.917273,102
D_STR02809,D_U0034,D0032,2026-02-05 06:53:09.771618,237
D_STR02810,D_U0049,D0034,2026-02-18 16:31:20.896206,227
D_STR02811,D_U0063,D0041,2026-02-06 19:48:49.796029,153
D_STR02812,D_U0042,D0035,2026-02-23 12:09:22.268954,220
D_STR02813,D_U0080,D0044,2026-02-10 16:55:47.577318,34
D_STR02814,D_U0007,D0045,2026-02-18 02:54:50.638453,48
D_STR02815,D_U0036,D0049,2026-02-13 11:37:23.593400,121
D_STR02816,D_U0007,D0012,2026-01-31 19:04:35.623379,184
D_STR02817,D_U0068,D0041,2026-02-12 06:11:25.603814,55
D_STR02818,D_U0082,D0026,2026-02-22 18:24:21.860675,145
D_STR02819,D_U0059,D0041,2026-02-16 14:15:45.705924,172
D_STR02820,D_U0017,D0035,2026-02-15 00:42:35.358616,10
D_STR02821,D_U0070,D0019,2026-02-19 04:32:11.094546,21
D_STR02822,D_U0002,D0044,2026-02-19 10:45:51.248468,33
D_STR02823,D_U0031,D0023,2026-02-05 07:03:19.741037,141
D_STR02824,D_U0026,D0050,2026-02-22 07:59:17.285953,164
D_STR02825,D_U0074,D0023,2026-02-23 09:41:26.334394,145
D_STR02826,D_U0063,D0043,2026-02-07 21:18:48.777770,86
D_STR02827,D_U0083,D0034,2026-02-08 23:42:44.446954,63
D_STR02828,D_U0094,D0049,2026-02-18 00:56:36.476241,34
D_STR02829,D_U0068,D0022,2026-02-22 02:11:51.726907,187
D_STR02830,D_U0027,D0043,2026-02-16 14:12:16.269975,73
D_STR02831,D_U0090,D0048,2026-02-08 20:34:02.941532,46
D_STR02832,D_U0036,D0050,2026-02-24 02:50:04.858013,290
D_STR02833,D_U0093,D0034,2026-02-15 17:59:22.722131,56
D_STR02834,D_U0068,D0039,2026-02-28 16:06:06.885810,304
D_STR02835,D_U0063,D0045,2026-02-08 04:39:34.713992,39
D_STR02836,D_U0002,D0020,2026-02-19 21:12:00.669341,59
D_STR02837,D_U0078,D0050,2026-02-21 12:11:01.241661,197
D_STR02838,D_U0084,D0037,2026-02-28 18:32:08.090540,49
D_STR02839,D_U0100,D0041,2026-01-31 19:02:17.686444,42
D_STR02840,D_U0049,D0047,2026-02-23 22:37:59.022713,82
D_STR02841,D_U0024,D0025,2026-02-11 16:12:25.262430,72
D_STR02842,D_U0043,D0044,2026-03-02 06:19:50.231111,150
D_STR02843,D_U0059,D0023,2026-02-19 20:58:06.538830,184
D_STR02844,D_U0093,D0035,2026-02-16 13:30:49.620968,102
D_STR02845,D_U0017,D0043,2026-02-24 18:07:28.151908,104
D_STR02846,D_U0075,D0026,2026-02-08 14:34:30.316434,41
D_STR02847,D_U0054,D0018,2026-02-14 07:32:52.371124,206
D_STR02848,D_U0092,D0030,2026-02-10 05:10:14.481344,65
D_STR02849,D_U0059,D0027,2026-02-07 23:35:33.193785,100
D_STR02850,D_U0018,D0022,2026-02-25 12:57:33.426560,24
D_STR02851,D_U0037,D0042,2026-02-28 05:51:45.131005,248
D_STR02852,D_U0018,D0046,2026-02-21 01:03:18.993858,33
D_STR02853,D_U0088,D0018,2026-02-26 10:33:49.619890,39
D_STR02854,D_U0051,D0041,2026-02-03 06:45:29.100226,248
D_STR02855,D_U0025,D0024,2026-03-01 14:12:18.252767,11
D_STR02856,D_U0068,D0047,2026-02-13 10:50:44.736439,142
D_STR02857,D_U0051,D0035,2026-02-25 19:07:02.270661,215
D_STR02858,D_U0094,D0030,2026-02-23 20:02:18.306580,104
D_STR02859,D_U0050,D0024,2026-02-25 04:19:55.590930,199
D_STR02860,D_U0079,D0045,2026-02-21 06:06:43.371061,102
D_STR02861,D_U0025,D0035,2026-02-07 07:01:29.647395,180
D_STR02862,D_U0083,D0029,2026-02-11 12:19:20.574003,76
D_STR02863,D_U0005,D0044,2026-02-19 19:50:06.649527,109
D_STR02864,D_U0029,D0041,2026-02-09 18:07:48.845292,28
D_STR02865,D_U0024,D0022,2026-02-28 05:15:32.441508,190
D_STR02866,D_U0032,D0050,2026-02-12 13:36:43.719501,180
D_STR02867,D_U0021,D0036,2026-02-28 03:51:36.284636,280
D_STR02868,D_U0011,D0030,2026-02-08 23:41:12.059641,141
D_STR02869,D_U0092,D0031,2026-02-09 21:14:07.887803,43
D_STR02870,D_U0078,D0049,2026-02-09 06:51:14.661105,109
D_STR02871,D_U0024,D0036,2026-02-14 09:12:52.715987,242
D_STR02872,D_U0045,D0027,2026-02-03 11:31:42.332517,33
D_STR02873,D_U0073,D0036,2026-02-10 14:07:34.727263,280
D_STR02874,D_U0085,D0050,2026-02-10 15:22:18.081667,30
D_STR02875,D_U0074,D0018,2026-02-22 03:54:32.919393,242
D_STR02876,D_U0077,D0017,2026-03-01 09:24:44.241096,52
D_STR02877,D_U0024,D0047,2026-02-20 18:13:58.307330,247
D_STR02878,D_U0046,D0035,2026-02-19 15:32:31.588297,55
D_STR02879,D_U0046,D0044,2026-02-07 02:32:38.046215,317
D_STR02880,D_U0094,D0028,2026-02-11 15:00:32.573617,201
D_STR02881,D_U0051,D0050,2026-02-12 06:26:57.740010,246
D_STR02882,D_U0099,D0046,2026-02-05 10:26:19.184570,23
D_STR02883,D_U0050,D0013,2026-02-19 07:24:39.300367,101
D_STR02884,D_U0018,D0025,2026-02-22 23:37:24.949562,161
D_STR02885,D_U0028,D0002,2026-02-16 13:50:01.708342,112
D_STR02886,D_U0003,D0045,2026-02-08 13:07:13.085049,58
D_STR02887,D_U0054,D0030,2026-03-02 03:38:37.690621,83
D_STR02888,D_U0027,D0041,2026-03-02 11:06:22.623412,140
D_STR02889,D_U0076,D0039,2026-02-19 15:34:19.008993,72
D_STR02890,D_U0055,D0026,2026-02-20 15:47:13.779249,269
D_STR02891,D_U0022,D0043,2026-02-02 00:53:53.490976,77
D_STR02892,D_U0014,D0035,2026-02-11 06:27:12.107672,221
D_STR02893,D_U0059,D0050,2026-02-02 09:09:56.745518,214
D_STR02894,D_U0034,D0045,2026-02-19 06:33:59.771561,156
D_STR02895,D_U0082,D0034,2026-02-04 16:58:14.099085,117
D_STR02896,D_U0066,D0015,2026-02-09 14:49:30.171156,90
D_STR02897,D_U0018,D0037,2026-03-02 03:46:18.953525,80
D_STR02898,D_U0007,D0034,2026-02-21 01:33:51.751411,88
D_STR02899,D_U0090,D0041,2026-02-21 06:34:18.823001,211
D_STR02900,D_U0089,D0037,2026-02-28 14:15:45.132217,114
D_STR02901,D_U0033,D0048,2026-02-05 13:41:41.590700,8
D_STR02902,D_U0088,D0028,2026-02-27 08:36:06.408976,10
D_STR02903,D_U0068,D0046,2026-02-13 23:43:59.872914,146
D_STR02904,D_U0098,D0048,2026-02-03 03:25:35.863105,107
D_STR02905,D_U0013,D0033,2026-02-23 17:51:02.474517,169
D_STR02906,D_U0074,D0037,2026-03-01 02:33:27.972019,9
D_STR02907,D_U0092,D0036,2026-02-13 12:37:33.421669,323
D_STR02908,D_U0018,D0047,2026-02-13 00:34:09.701118,212
D_STR02909,D_U0039,D0010,2026-02-22 02:21:41.815872,261
D_STR02910,D_U0035,D0048,2026-02-15 21:14:07.808458,231
D_STR02911,D_U0029,D0033,2026-02-22 23:31:57.185131,7
D_STR02912,D_U0093,D0033,2026-02-19 05:17:10.489284,97
D_STR02913,D_U0060,D0020,2026-02-15 16:51:02.761521,119
D_STR02914,D_U0015,D0037,2026-02-05 11:04:32.628910,92
D_STR02915,D_U0004,D0031,2026-03-02 04:14:31.721481,38
D_STR02916,D_U0062,D0021,2026-02-16 07:43:50.608468,78
D_STR02917,D_U0012,D0027,2026-02-26 05:29:46.547506,57
D_STR02918,D_U0064,D0028,2026-02-01 06:01:22.820073,157
D_STR02919,D_U0083,D0050,2026-02-21 03:38:35.994792,28
D_STR02920,D_U0055,D0046,2026-02-20 13:37:44.626128,156
D_STR02921,D_U0074,D0018,2026-03-01 19:22:21.288677,268
D_STR02922,D_U0002,D0035,2026-02-17 23:42:51.890781,28
D_STR02923,D_U0020,D0016,2026-02-15 20:58:32.675661,258
D_STR02924,D_U0039,D0046,2026-02-27 05:39:27.664721,78
D_STR02925,D_U0030,D0049,2026-02-05 06:27:21.950411,115
D_STR02926,D_U0097,D0027,2026-02-08 17:21:23.989706,243
D_STR02927,D_U0040,D0006,2026-02-17 22:31:22.324515,297
D_STR02928,D_U0067,D0034,2026-02-24 18:02:51.743168,65
D_STR02929,D_U0017,D0033,2026-02-02 05:53:45.320913,93
D_STR02930,D_U0091,D0022,2026-02-10 07:03:39.792240,117
D_STR02931,D_U0058,D0030,2026-02-10 05:57:31.132697,123
D_STR02932,D_U0002,D0023,2026-02-25 20:51:34.811309,132
D_STR02933,D_U0056,D0040,2026-02-16 16:55:43.873118,17
D_STR02934,D_U0025,D0050,2026-02-22 01:36:34.485547,311
D_STR02935,D_U0025,D0039,2026-02-15 21:56:40.858727,139
D_STR02936,D_U0045,D0026,2026-03-01 10:21:32.572419,195
D_STR02937,D_U0042,D0022,2026-02-28 22:16:35.430161,94
D_STR02938,D_U0038,D0047,2026-02-12 09:14:34.981592,12
D_STR02939,D_U0029,D0029,2026-02-22 20:55:19.857521,126
D_STR02940,D_U0045,D0024,2026-02-28 16:32:19.960218,95
D_STR02941,D_U0089,D0013,2026-01-31 17:11:50.254177,100
D_STR02942,D_U0065,D0021,2026-02-15 08:07:13.452749,111
D_STR02943,D_U0067,D0043,2026-02-26 11:15:46.854850,25
D_STR02944,D_U0026,D0030,2026-02-24 13:33:03.470040,63
D_STR02945,D_U0039,D0047,2026-02-18 19:30:06.223998,160
D_STR02946,D_U0003,D0049,2026-02-08 16:14:10.004914,85
D_STR02947,D_U0052,D0045,2026-02-23 03:33:48.067691,145
D_STR02948,D_U0052,D0039,2026-02-20 10:35:20.224972,275
D_STR02949,D_U0072,D0038,2026-02-12 05:42:59.132063,190
D_STR02950,D_U0095,D0025,2026-02-24 14:40:03.521492,94
D_STR02951,D_U0036,D0013,2026-02-15 06:58:32.596282,186
D_STR02952,D_U0034,D0027,2026-02-20 02:11:07.104699,113
D_STR02953,D_U0060,D0038,2026-02-07 21:42:59.397488,162
D_STR02954,D_U0015,D0050,2026-03-01 19:15:18.475945,259
D_STR02955,D_U0015,D0039,2026-02-14 22:33:13.272468,61
D_STR02956,D_U0033,D0007,2026-02-03 04:36:31.276922,97
D_STR02957,D_U0089,D0016,2026-02-09 14:08:28.705441,272
D_STR02958,D_U0075,D0032,2026-02-06 07:44:33.092081,44
D_STR02959,D_U0055,D0030,2026-02-06 17:29:03.742609,129
D_STR02960,D_U0073,D0007,2026-02-16 21:01:11.155265,131
D_STR02961,D_U0029,D0012,2026-02-26 12:36:52.670285,126
D_STR02962,D_U0013,D0029,2026-02-01 05:11:02.211993,338
D_STR02963,D_U0051,D0041,2026-02-13 04:31:44.319717,21
D_STR02964,D_U0080,D0048,2026-02-04 07:03:31.408800,181
D_STR02965,D_U0053,D0030,2026-01-31 12:24:17.509616,92
D_STR02966,D_U0005,D0022,2026-02-27 23:18:10.469488,43
D_STR02967,D_U0063,D0048,2026-02-27 01:35:06.256381,62
D_STR02968,D_U0090,D0025,2026-01-31 13:06:35.568828,84
D_STR02969,D_U0020,D0043,2026-02-24 21:09:30.276238,113
D_STR02970,D_U0050,D0047,2026-02-25 18:02:20.133326,119
D_STR02971,D_U0093,D0024,2026-02-17 06:01:12.296192,77
D_STR02972,D_U0032,D0012,2026-02-20 18:08:26.993831,200
D_STR02973,D_U0099,D0027,2026-02-26 03:36:30.166069,58
D_STR02974,D_U0082,D0031,2026-02-24 01:55:34.882606,90
D_STR02975,D_U0024,D0042,2026-02-17 01:46:53.825319,214
D_STR02976,D_U0038,D0029,2026-02-19 03:24:12.588274,107
D_STR02977,D_U0061,D0048,2026-02-09 08:49:42.368208,92
D_STR02978,D_U0041,D0019,2026-02-07 23:38:22.404387,271
D_STR02979,D_U0076,D0030,2026-02-28 23:22:10.843602,19
D_STR02980,D_U0092,D0010,2026-03-02 07:10:09.043883,183
D_STR02981,D_U0053,D0040,2026-02-13 20:30:16.974512,84
D_STR02982,D_U0093,D0041,2026-02-26 21:50:11.974970,168
D_STR02983,D_U0087,D0034,2026-02-08 05:51:24.932625,156
D_STR02984,D_U0043,D0043,2026-02-09 12:28:16.388987,7
D_STR02985,D_U0022,D0040,2026-02-25 15:53:55.528436,27
D_STR02986,D_U0001,D0020,2026-02-07 01:52:38.655018,113
D_STR02987,D_U0024,D0005,2026-01-31 13:56:01.588243,32
D_STR02988,D_U0053,D0010,2026-02-15 21:01:23.263413,30
D_STR02989,D_U0079,D0035,2026-02-20 12:15:03.487747,45
D_STR02990,D_U0036,D0046,2026-02-18 21:54:53.374768,70
D_STR02991,D_U0007,D0045,2026-03-01 17:25:36.282869,195
D_STR02992,D_U0081,D0044,2026-02-11 22:36:53.055041,238
D_STR02993,D_U0088,D0034,2026-02-04 09:45:53.323356,100
D_STR02994,D_U0061,D0043,2026-02-10 05:21:44.706099,62
D_STR02995,D_U0061,D0038,2026-02-21 08:29:23.889428,145
D_STR02996,D_U0093,D0018,2026-02-09 07:16:37.206592,252
D_STR02997,D_U0054,D0050,2026-02-02 23:52:20.940554,65
D_STR02998,D_U0012,D0033,2026-02-14 23:03:58.273057,14
D_STR02999,D_U0072,D0033,2026-02-14 06:44:34.239558,153
D_STR03000,D_U0068,D0036,2026-02-08 01:04:32.842844,24
D_STR03001,D_U0092,D0044,2026-02-01 07:51:08.752398,289
D_STR03002,D_U0057,D0022,2026-02-16 16:36:33.045214,75
D_STR03003,D_U0081,D0031,2026-02-26 03:22:57.728832,134
D_STR03004,D_U0074,D0047,2026-02-26 00:56:26.202033,126
D_STR03005,D_U0054,D0034,2026-02-21 15:07:01.472749,171
D_STR03006,D_U0053,D0046,2026-02-28 21:36:40.861729,169
D_STR03007,D_U0081,D0043,2026-02-12 07:03:25.986925,140
D_STR03008,D_U0018,D0020,2026-02-21 03:51:06.452700,51
D_STR03009,D_U0086,D0044,2026-02-22 00:18:12.514191,320
D_STR03010,D_U0071,D0036,2026-02-08 12:00:38.560452,288
D_STR03011,D_U0048,D0021,2026-02-15 22:00:20.563986,59
D_STR03012,D_U0042,D0022,2026-02-26 10:19:33.420791,183
D_STR03013,D_U0029,D0038,2026-02-17 11:33:19.098264,92
D_STR03014,D_U0021,D0045,2026-02-26 00:51:43.232311,136
D_STR03015,D_U0026,D0044,2026-02-12 05:51:05.686978,55
D_STR03016,D_U0080,D0011,2026-02-15 07:19:54.628754,74
D_STR03017,D_U0038,D0035,2026-02-17 20:03:15.817753,122
D_STR03018,D_U0084,D0040,2026-02-18 05:53:30.275844,25
D_STR03019,D_U0054,D0045,2026-02-23 03:10:20.426104,158
D_STR03020,D_U0039,D0046,2026-02-12 20:40:45.968876,101
D_STR03021,D_U0099,D0049,2026-02-25 01:37:15.003056,6
D_STR03022,D_U0060,D0038,2026-02-16 04:27:30.040613,44
D_STR03023,D_U0065,D0024,2026-02-27 05:14:28.869200,112
D_STR03024,D_U0040,D0035,2026-02-04 21:14:46.728568,111
D_STR03025,D_U0030,D0040,2026-03-01 19:52:04.620477,83
D_STR03026,D_U0094,D0033,2026-02-12 20:24:08.523935,36
D_STR03027,D_U0076,D0034,2026-03-01 04:56:44.419125,98
D_STR03028,D_U0015,D0003,2026-02-08 01:04:50.163075,83
D_STR03029,D_U0003,D0038,2026-02-18 11:02:21.587805,192
D_STR03030,D_U0032,D0022,2026-02-05 04:02:59.337335,83
D_STR03031,D_U0042,D0010,2026-02-09 00:53:45.957663,113
D_STR03032,D_U0013,D0017,2026-02-18 21:50:01.713516,55
D_STR03033,D_U0013,D0045,2026-02-01 09:39:46.698563,196
D_STR03034,D_U0086,D0035,2026-02-02 10:39:23.026711,300
D_STR03035,D_U0027,D0045,2026-02-04 17:39:20.591141,85
D_STR03036,D_U0045,D0046,2026-02-27 07:15:08.202653,98
D_STR03037,D_U0025,D0009,2026-02-28 07:54:55.851306,96
D_STR03038,D_U0040,D0046,2026-02-10 19:32:46.352938,120
D_STR03039,D_U0086,D0030,2026-02-05 20:35:31.496610,128
D_STR03040,D_U0002,D0040,2026-02-19 08:29:47.180873,47
D_STR03041,D_U0032,D0047,2026-02-01 10:41:02.048446,220
D_STR03042,D_U0074,D0040,2026-02-19 09:24:36.821402,120
D_STR03043,D_U0053,D0027,2026-02-04 01:23:54.839951,168
D_STR03044,D_U0007,D0008,2026-02-11 10:28:57.873892,96
D_STR03045,D_U0073,D0033,2026-02-09 12:08:00.862878,44
D_STR03046,D_U0002,D0026,2026-02-14 11:37:49.881429,255
D_STR03047,D_U0005,D0008,2026-02-24 06:19:00.631469,64
D_STR03048,D_U0066,D0047,2026-01-31 21:42:18.627030,14
D_STR03049,D_U0059,D0045,2026-02-06 13:49:35.534387,150
D_STR03050,D_U0027,D0009,2026-02-06 12:13:43.215256,57
D_STR03051,D_U0014,D0049,2026-02-06 06:42:50.802211,99
D_STR03052,D_U0048,D0041,2026-02-15 19:14:34.512841,18
D_STR03053,D_U0071,D0024,2026-02-26 21:50:52.540673,141
D_STR03054,D_U0052,D0027,2026-02-20 00:00:53.506482,244
D_STR03055,D_U0001,D0027,2026-02-19 07:15:06.306262,43
D_STR03056,D_U0076,D0005,2026-02-15 02:09:38.564062,71
D_STR03057,D_U0089,D0021,2026-02-26 11:02:18.509612,217
D_STR03058,D_U0094,D0039,2026-02-03 00:19:42.131697,125
D_STR03059,D_U0076,D0048,2026-02-16 14:38:00.240596,267
D_STR03060,D_U0037,D0036,2026-02-23 00:04:51.766336,239
D_STR03061,D_U0048,D0021,2026-02-08 07:37:59.131383,180
D_STR03062,D_U0041,D0050,2026-02-06 21:34:22.798009,224
D_STR03063,D_U0094,D0042,2026-02-11 15:15:46.882666,231
D_STR03064,D_U0094,D0044,2026-02-06 05:33:10.849499,165
D_STR03065,D_U0037,D0038,2026-02-14 13:03:57.764379,30
D_STR03066,D_U0008,D0012,2026-02-26 01:08:00.713600,230
D_STR03067,D_U0093,D0046,2026-02-27 06:14:10.296314,63
D_STR03068,D_U0025,D0045,2026-02-15 01:22:07.435050,161
D_STR03069,D_U0080,D0018,2026-02-20 04:28:17.780818,133
D_STR03070,D_U0051,D0050,2026-02-10 03:16:01.492049,260
D_STR03071,D_U0006,D0019,2026-02-19 18:26:17.476396,291
D_STR03072,D_U0077,D0044,2026-02-17 11:33:15.083967,164
D_STR03073,D_U0047,D0030,2026-02-01 08:07:42.349109,50
D_STR03074,D_U0056,D0045,2026-02-17 05:30:43.025084,90
D_STR03075,D_U0006,D0027,2026-02-16 23:20:39.569375,134
D_STR03076,D_U0048,D0050,2026-02-16 07:09:19.584701,275
D_STR03077,D_U0005,D0049,2026-02-28 14:16:33.699715,15
D_STR03078,D_U0057,D0019,2026-02-08 02:29:00.527853,78
D_STR03079,D_U0025,D0049,2026-03-02 08:18:53.257208,102
D_STR03080,D_U0050,D0041,2026-02-11 21:02:03.826379,80
D_STR03081,D_U0082,D0032,2026-02-25 05:11:14.233933,248
D_STR03082,D_U0001,D0004,2026-02-06 17:06:55.703746,14
D_STR03083,D_U0070,D0025,2026-01-31 12:44:58.932151,179
D_STR03084,D_U0090,D0030,2026-02-04 07:34:31.433171,44
D_STR03085,D_U0068,D0035,2026-02-27 19:24:06.995285,283
D_STR03086,D_U0007,D0019,2026-02-09 07:13:41.108522,203
D_STR03087,D_U0027,D0037,2026-02-24 08:09:37.573239,95
D_STR03088,D_U0023,D0028,2026-02-16 13:10:07.114190,201
D_STR03089,D_U0018,D0013,2026-02-18 10:12:44.498020,158
D_STR03090,D_U0012,D0041,2026-02-13 01:40:22.745148,46
D_STR03091,D_U0004,D0046,2026-02-23 15:56:45.443655,65
D_STR03092,D_U0017,D0040,2026-02-09 09:23:15.727306,28
D_STR03093,D_U0009,D0023,2026-02-10 04:35:13.562931,218
D_STR03094,D_U0046,D0037,2026-02-27 04:08:09.540192,60
D_STR03095,D_U0093,D0032,2026-02-15 19:09:04.417929,240
D_STR03096,D_U0088,D0012,2026-02-08 20:33:09.780245,18
D_STR03097,D_U0068,D0024,2026-02-19 02:46:41.277086,147
D_STR03098,D_U0026,D0028,2026-02-09 23:56:06.673683,202
D_STR03099,D_U0025,D0027,2026-02-27 07:03:05.309991,139
D_STR03100,D_U0058,D0029,2026-02-17 03:54:04.136672,286
D_STR03101,D_U0055,D0034,2026-02-07 10:08:33.233471,77
D_STR03102,D_U0032,D0026,2026-02-06 22:02:37.470664,171
D_STR03103,D_U0090,D0022,2026-02-06 23:55:09.119538,79
D_STR03104,D_U0022,D0049,2026-02-09 12:17:25.872873,71
D_STR03105,D_U0017,D0029,2026-02-12 20:04:57.201819,184
D_STR03106,D_U0051,D0045,2026-02-08 02:59:25.138438,11
D_STR03107,D_U0093,D0009,2026-02-01 10:16:08.331048,193
D_STR03108,D_U0097,D0038,2026-02-27 05:08:40.744134,109
D_STR03109,D_U0099,D0045,2026-02-02 20:50:21.826429,94
D_STR03110,D_U0075,D0049,2026-03-02 10:32:40.899180,8
D_STR03111,D_U0093,D0038,2026-02-18 17:20:49.635319,110
D_STR03112,D_U0071,D0018,2026-02-23 03:47:44.428083,263
D_STR03113,D_U0045,D0021,2026-02-08 09:53:23.731510,267
D_STR03114,D_U0021,D0050,2026-02-13 04:49:38.387129,337
D_STR03115,D_U0072,D0046,2026-02-22 11:05:02.108032,25
D_STR03116,D_U0003,D0024,2026-02-07 05:50:26.619429,70
D_STR03117,D_U0094,D0006,2026-02-15 19:56:18.436646,212
D_STR03118,D_U0052,D0047,2026-02-08 13:46:04.925364,171
D_STR03119,D_U0060,D0042,2026-02-10 09:18:37.706910,132
D_STR03120,D_U0062,D0039,2026-02-08 16:26:12.705481,110
D_STR03121,D_U0002,D0044,2026-02-02 22:35:57.629466,134
D_STR03122,D_U0035,D0040,2026-03-01 22:34:49.487029,112
D_STR03123,D_U0007,D0013,2026-02-25 18:08:30.783208,20
D_STR03124,D_U0045,D0048,2026-02-06 09:44:23.430502,31
D_STR03125,D_U0092,D0048,2026-02-18 08:46:12.513871,254
D_STR03126,D_U0034,D0039,2026-02-16 03:13:08.833163,230
D_STR03127,D_U0031,D0018,2026-02-09 20:03:31.641973,184
D_STR03128,D_U0029,D0047,2026-02-14 01:07:19.894999,114
D_STR03129,D_U0026,D0042,2026-02-06 16:14:08.335486,66
D_STR03130,D_U0021,D0050,2026-02-28 10:38:24.591479,197
D_STR03131,D_U0015,D0021,2026-02-09 07:36:13.802946,62
D_STR03132,D_U0097,D0043,2026-02-23 14:57:54.806462,97
D_STR03133,D_U0039,D0042,2026-02-11 12:40:30.197558,39
D_STR03134,D_U0070,D0015,2026-02-03 17:19:04.127460,264
D_STR03135,D_U0062,D0037,2026-02-22 00:51:12.483947,120
D_STR03136,D_U0021,D0006,2026-02-18 18:49:36.661412,179
D_STR03137,D_U0042,D0046,2026-02-05 03:12:00.299134,87
D_STR03138,D_U0009,D0041,2026-02-17 21:15:38.508359,143
D_STR03139,D_U0017,D0025,2026-02-24 23:23:42.743457,146
D_STR03140,D_U0090,D0037,2026-02-22 01:25:59.528776,25
D_STR03141,D_U0037,D0010,2026-02-10 04:43:33.835716,250
D_STR03142,D_U0072,D0046,2026-02-06 22:47:49.344288,10
D_STR03143,D_U0050,D0049,2026-02-14 14:52:22.197345,65
D_STR03144,D_U0079,D0050,2026-02-26 09:07:25.269744,48
D_STR03145,D_U0025,D0015,2026-02-19 10:19:18.514064,254
D_STR03146,D_U0049,D0035,2026-02-25 15:48:35.393921,113
D_STR03147,D_U0088,D0041,2026-02-20 00:05:18.937085,17
D_STR03148,D_U0095,D0028,2026-02-19 06:51:42.065072,263
D_STR03149,D_U0084,D0029,2026-02-02 02:16:15.497768,88
D_STR03150,D_U0019,D0019,2026-02-22 09:28:12.008768,119
D_STR03151,D_U0049,D0016,2026-02-16 19:24:35.587850,126
D_STR03152,D_U0025,D0050,2026-02-18 01:43:50.743878,110
D_STR03153,D_U0018,D0047,2026-02-12 15:01:41.567368,276
D_STR03154,D_U0060,D0033,2026-02-03 13:13:35.933174,131
D_STR03155,D_U0042,D0040,2026-02-24 01:12:23.955342,55
D_STR03156,D_U0090,D0014,2026-01-31 20:38:51.189588,14
D_STR03157,D_U0036,D0038,2026-02-20 13:54:45.761696,122
D_STR03158,D_U0010,D0046,2026-02-01 05:57:43.214703,159
D_STR03159,D_U0042,D0042,2026-02-28 17:03:50.188811,143
D_STR03160,D_U0022,D0050,2026-02-07 22:13:41.615581,112
D_STR03161,D_U0017,D0005,2026-02-26 23:17:56.705825,10
D_STR03162,D_U0066,D0044,2026-02-22 23:08:30.917772,230
D_STR03163,D_U0093,D0044,2026-02-24 01:17:06.076515,76
D_STR03164,D_U0004,D0025,2026-02-28 05:55:30.174543,72
D_STR03165,D_U0022,D0010,2026-02-15 21:13:23.236557,100
D_STR03166,D_U0028,D0049,2026-02-17 04:54:07.449288,92
D_STR03167,D_U0091,D0039,2026-02-02 18:01:25.373832,221
D_STR03168,D_U0066,D0020,2026-02-11 12:51:34.326400,132
D_STR03169,D_U0056,D0048,2026-02-14 02:13:38.790091,176
D_STR03170,D_U0009,D0031,2026-02-26 21:37:57.012663,126
D_STR03171,D_U0073,D0029,2026-02-03 06:40:13.948788,287
D_STR03172,D_U0049,D0043,2026-02-02 22:33:04.677468,114
D_STR03173,D_U0034,D0018,2026-03-02 00:14:05.786759,262
D_STR03174,D_U0049,D0043,2026-02-14 00:20:13.411048,119
D_STR03175,D_U0034,D0049,2026-02-15 23:18:37.499481,59
D_STR03176,D_U0046,D0049,2026-02-23 21:17:10.537954,57
D_STR03177,D_U0004,D0044,2026-02-18 19:03:36.926872,57
D_STR03178,D_U0091,D0021,2026-02-25 20:17:35.070199,140
D_STR03179,D_U0039,D0035,2026-02-12 15:08:40.897354,315
D_STR03180,D_U0004,D0020,2026-03-01 08:12:58.731395,138
D_STR03181,D_U0043,D0033,2026-03-02 03:49:17.298668,31
D_STR03182,D_U0073,D0015,2026-02-19 21:02:50.138385,197
D_STR03183,D_U0052,D0029,2026-02-06 10:45:19.193200,211
D_STR03184,D_U0006,D0014,2026-02-25 19:01:03.012178,27
D_STR03185,D_U0092,D0040,2026-01-31 17:39:33.999080,17
D_STR03186,D_U0011,D0038,2026-02-09 08:18:30.578672,26
D_STR03187,D_U0014,D0035,2026-02-01 07:02:15.028573,137
D_STR03188,D_U0002,D0012,2026-02-18 16:16:33.744825,6
D_STR03189,D_U0048,D0040,2026-02-16 20:15:39.674640,129
D_STR03190,D_U0003,D0049,2026-02-01 04:22:24.465471,93
D_STR03191,D_U0062,D0017,2026-02-17 08:33:04.556499,39
D_STR03192,D_U0009,D0020,2026-02-27 21:10:24.538253,46
D_STR03193,D_U0087,D0033,2026-02-16 01:00:56.338162,98
D_STR03194,D_U0012,D0039,2026-02-18 06:04:23.719966,86
D_STR03195,D_U0074,D0042,2026-02-13 00:33:04.332428,51
D_STR03196,D_U0079,D0039,2026-02-02 13:10:48.158845,321
D_STR03197,D_U0020,D0048,2026-02-03 03:43:52.924072,164
D_STR03198,D_U0021,D0042,2026-02-13 13:57:42.284811,250
D_STR03199,D_U0066,D0035,2026-02-12 14:06:19.053042,104
D_STR03200,D_U0096,D0043,2026-03-01 16:45:52.088692,151
D_STR03201,D_U0051,D0050,2026-02-14 04:32:45.016326,218
D_STR03202,D_U0024,D0044,2026-02-22 05:54:46.736148,36
D_STR03203,D_U0083,D0042,2026-02-24 06:23:51.464316,65
D_STR03204,D_U0023,D0023,2026-02-24 09:51:01.198891,67
D_STR03205,D_U0051,D0020,2026-02-22 06:31:11.084990,59
D_STR03206,D_U0052,D0047,2026-02-12 09:29:28.752522,56
D_STR03207,D_U0041,D0039,2026-02-15 12:39:17.758716,101
D_STR03208,D_U0003,D0040,2026-02-21 20:54:35.055141,65
D_STR03209,D_U0007,D0050,2026-03-02 09:26:50.437831,67
D_STR03210,D_U0095,D0047,2026-02-08 19:59:22.587111,236
D_STR03211,D_U0067,D0038,2026-02-22 19:29:19.962990,146
D_STR03212,D_U0087,D0031,2026-02-16 18:05:57.053380,100
D_STR03213,D_U0020,D0037,2026-02-16 20:11:11.802295,22
D_STR03214,D_U0016,D0026,2026-02-26 14:40:10.767607,110
D_STR03215,D_U0031,D0035,2026-02-02 07:04:21.795154,243
D_STR03216,D_U0045,D0026,2026-02-02 12:13:58.174225,194
D_STR03217,D_U0025,D0046,2026-02-25 19:35:57.692402,157
D_STR03218,D_U0011,D0013,2026-02-21 08:33:37.826115,86
D_STR03219,D_U0060,D0046,2026-02-17 05:06:57.800041,128
D_STR03220,D_U0048,D0034,2026-03-01 17:12:02.743022,162
D_STR03221,D_U0067,D0034,2026-02-12 08:31:34.865000,113
D_STR03222,D_U0085,D0047,2026-02-16 13:22:52.499686,205
D_STR03223,D_U0074,D0035,2026-02-09 15:12:52.833119,16
D_STR03224,D_U0009,D0017,2026-02-10 16:53:58.643085,50
D_STR03225,D_U0078,D0040,2026-02-01 19:58:00.555198,118
D_STR03226,D_U0083,D0037,2026-02-05 16:43:51.073825,102
D_STR03227,D_U0024,D0014,2026-02-10 18:48:24.652943,109
D_STR03228,D_U0062,D0050,2026-02-28 10:36:03.378754,188
D_STR03229,D_U0099,D0028,2026-02-08 15:04:58.929678,61
D_STR03230,D_U0061,D0045,2026-02-19 15:31:12.418092,39
D_STR03231,D_U0077,D0021,2026-02-17 21:30:46.132042,289
D_STR03232,D_U0064,D0027,2026-02-24 07:05:05.574789,109
D_STR03233,D_U0048,D0018,2026-02-28 11:11:55.026309,57
D_STR03234,D_U0099,D0030,2026-02-03 16:04:03.121535,10
D_STR03235,D_U0045,D0018,2026-02-24 03:28:31.877169,283
D_STR03236,D_U0039,D0045,2026-02-20 02:59:15.449719,199
D_STR03237,D_U0062,D0038,2026-02-25 01:05:40.189197,173
D_STR03238,D_U0082,D0050,2026-02-09 23:21:28.975829,133
D_STR03239,D_U0030,D0050,2026-02-21 01:16:10.758241,295
D_STR03240,D_U0049,D0027,2026-01-31 20:58:13.581223,239
D_STR03241,D_U0076,D0048,2026-02-11 07:43:43.149189,76
D_STR03242,D_U0027,D0048,2026-02-23 11:20:52.688121,234
D_STR03243,D_U0044,D0041,2026-02-08 06:19:59.663595,61
D_STR03244,D_U0063,D0038,2026-02-28 00:57:18.933057,58
D_STR03245,D_U0089,D0028,2026-02-03 10:07:04.075257,267
D_STR03246,D_U0055,D0049,2026-02-16 05:54:56.085788,58
D_STR03247,D_U0096,D0035,2026-02-14 01:28:33.793802,177
D_STR03248,D_U0071,D0020,2026-02-08 05:03:23.486031,78
D_STR03249,D_U0086,D0030,2026-02-14 13:05:10.071157,57
D_STR03250,D_U0093,D0042,2026-02-27 23:28:34.163237,156
D_STR03251,D_U0037,D0048,2026-02-23 13:57:48.967969,202
D_STR03252,D_U0075,D0049,2026-02-26 09:28:04.829598,97
D_STR03253,D_U0039,D0045,2026-02-16 21:30:10.572116,153
D_STR03254,D_U0061,D0047,2026-02-17 22:00:35.735545,172
D_STR03255,D_U0091,D0045,2026-02-04 15:55:24.301403,84
D_STR03256,D_U0029,D0019,2026-02-18 09:02:32.918067,272
D_STR03257,D_U0025,D0041,2026-02-09 12:18:15.372766,153
D_STR03258,D_U0093,D0038,2026-02-20 00:13:17.433740,23
D_STR03259,D_U0100,D0026,2026-02-12 08:29:44.317307,175
D_STR03260,D_U0054,D0045,2026-02-16 09:39:54.696925,155
D_STR03261,D_U0067,D0014,2026-02-03 02:58:09.880107,40
D_STR03262,D_U0063,D0043,2026-02-01 21:03:39.524587,22
D_STR03263,D_U0049,D0037,2026-02-01 13:43:39.289102,60
D_STR03264,D_U0083,D0027,2026-01-31 17:11:05.440101,11
D_STR03265,D_U0054,D0038,2026-02-04 22:46:37.516822,143
D_STR03266,D_U0012,D0007,2026-03-01 05:32:40.752297,286
D_STR03267,D_U0006,D0037,2026-02-13 21:17:04.324099,75
D_STR03268,D_U0003,D0040,2026-02-16 16:57:49.579536,55
D_STR03269,D_U0098,D0039,2026-02-02 17:14:02.134530,205
D_STR03270,D_U0073,D0008,2026-02-13 16:19:23.088733,139
D_STR03271,D_U0073,D0019,2026-02-03 22:23:36.788378,214
D_STR03272,D_U0071,D0012,2026-02-11 13:56:31.110620,55
D_STR03273,D_U0086,D0030,2026-02-22 07:35:02.044337,20
D_STR03274,D_U0030,D0003,2026-02-17 06:05:58.041769,97
D_STR03275,D_U0006,D0030,2026-02-27 23:32:46.595181,66
D_STR03276,D_U0100,D0048,2026-02-12 04:26:52.373880,126
D_STR03277,D_U0064,D0011,2026-02-10 13:27:17.587415,161
D_STR03278,D_U0027,D0015,2026-02-15 21:14:41.891134,93
D_STR03279,D_U0050,D0030,2026-02-27 04:40:15.201347,135
D_STR03280,D_U0031,D0025,2026-02-19 11:28:18.997168,113
D_STR03281,D_U0069,D0050,2026-02-04 22:53:55.669613,7
D_STR03282,D_U0024,D0021,2026-02-13 07:05:36.466602,205
D_STR03283,D_U0079,D0022,2026-02-21 14:47:27.185195,121
D_STR03284,D_U0097,D0033,2026-02-02 02:10:00.152511,156
D_STR03285,D_U0056,D0028,2026-02-11 01:06:01.795083,229
D_STR03286,D_U0014,D0034,2026-02-25 17:53:59.085603,88
D_STR03287,D_U0004,D0019,2026-02-01 15:59:20.956958,210
D_STR03288,D_U0077,D0040,2026-02-03 10:48:13.135614,28
D_STR03289,D_U0087,D0049,2026-02-08 18:48:24.325859,50
D_STR03290,D_U0066,D0031,2026-02-24 14:41:49.650838,59
D_STR03291,D_U0058,D0033,2026-02-26 06:40:10.604360,150
D_STR03292,D_U0097,D0038,2026-02-22 12:04:32.324749,136
D_STR03293,D_U0074,D0044,2026-02-19 20:04:55.587619,272
D_STR03294,D_U0041,D0031,2026-02-27 10:19:32.247276,14
D_STR03295,D_U0072,D0034,2026-02-14 00:48:16.779804,24
D_STR03296,D_U0079,D0012,2026-02-16 18:13:12.942625,246
D_STR03297,D_U0073,D0030,2026-02-26 12:25:44.531340,60
D_STR03298,D_U0020,D0040,2026-02-13 11:12:04.788040,111
D_STR03299,D_U0020,D0021,2026-02-13 06:11:14.317077,151
D_STR03300,D_U0021,D0047,2026-02-27 01:45:04.525127,62
D_STR03301,D_U0053,D0010,2026-02-18 20:33:08.010206,27
D_STR03302,D_U0006,D0041,2026-02-12 17:05:44.004808,101
D_STR03303,D_U0014,D0046,2026-02-26 06:29:54.294955,154
D_STR03304,D_U0069,D0020,2026-02-06 11:18:00.761339,107
D_STR03305,D_U0077,D0022,2026-01-31 19:16:10.587801,68
D_STR03306,D_U0075,D0024,2026-02-21 17:22:41.088264,294
D_STR03307,D_U0025,D0021,2026-02-01 17:27:37.025463,217
D_STR03308,D_U0080,D0050,2026-02-09 14:04:07.172241,40
D_STR03309,D_U0083,D0050,2026-02-07 02:11:48.498733,59
D_STR03310,D_U0014,D0021,2026-02-18 17:25:39.227277,41
D_STR03311,D_U0064,D0040,2026-01-31 21:15:07.940135,56
D_STR03312,D_U0025,D0039,2026-02-28 08:06:39.697201,145
D_STR03313,D_U0011,D0046,2026-02-22 21:22:54.528094,57
D_STR03314,D_U0049,D0036,2026-02-14 22:51:52.588974,276
D_STR03315,D_U0088,D0022,2026-02-15 00:25:27.128615,208
D_STR03316,D_U0093,D0042,2026-02-06 02:01:41.087674,107
D_STR03317,D_U0053,D0038,2026-02-11 05:35:28.887252,89
D_STR03318,D_U0012,D0022,2026-02-14 11:06:51.520849,16
D_STR03319,D_U0080,D0044,2026-02-24 17:11:20.079108,85
D_STR03320,D_U0063,D0049,2026-02-08 09:49:16.013637,116
D_STR03321,D_U0040,D0017,2026-02-07 03:00:52.599718,17
D_STR03322,D_U0005,D0032,2026-02-17 04:03:15.793112,155
D_STR03323,D_U0059,D0049,2026-02-01 08:03:14.863821,29
D_STR03324,D_U0038,D0031,2026-02-05 20:58:45.711997,43
D_STR03325,D_U0095,D0014,2026-02-04 21:39:11.052326,42
D_STR03326,D_U0016,D0008,2026-02-06 07:49:36.331560,327
D_STR03327,D_U0074,D0021,2026-02-24 09:11:39.207858,242
D_STR03328,D_U0057,D0033,2026-02-11 07:52:25.906062,29
D_STR03329,D_U0088,D0035,2026-03-01 20:21:43.760510,7
D_STR03330,D_U0051,D0021,2026-02-07 06:23:27.739696,47
D_STR03331,D_U0049,D0028,2026-02-01 12:54:12.422763,184
D_STR03332,D_U0087,D0031,2026-02-12 07:28:41.349463,151
D_STR03333,D_U0073,D0016,2026-02-08 21:02:59.369710,45
D_STR03334,D_U0064,D0021,2026-02-10 09:20:54.207676,217
D_STR03335,D_U0040,D0026,2026-02-20 02:43:10.902793,91
D_STR03336,D_U0006,D0042,2026-03-01 13:02:37.556754,189
D_STR03337,D_U0051,D0036,2026-02-10 10:59:23.880933,37
D_STR03338,D_U0071,D0047,2026-02-20 21:02:40.194827,188
D_STR03339,D_U0006,D0029,2026-02-04 13:10:03.526470,184
D_STR03340,D_U0030,D0045,2026-02-08 21:12:25.419718,191
D_STR03341,D_U0071,D0015,2026-02-17 17:02:11.188936,147
D_STR03342,D_U0073,D0021,2026-02-23 05:41:18.673662,37
D_STR03343,D_U0063,D0017,2026-03-01 02:56:09.271891,52
D_STR03344,D_U0026,D0026,2026-02-26 15:55:14.488187,43
D_STR03345,D_U0023,D0046,2026-03-01 16:56:15.217780,75
D_STR03346,D_U0066,D0025,2026-02-14 11:40:47.831870,12
D_STR03347,D_U0100,D0026,2026-02-03 10:13:36.669584,232
D_STR03348,D_U0006,D0033,2026-02-11 02:31:03.235159,112
D_STR03349,D_U0064,D0039,2026-03-02 04:28:13.949466,188
D_STR03350,D_U0061,D0016,2026-02-14 08:30:41.886581,31
D_STR03351,D_U0070,D0012,2026-02-16 15:44:06.029722,16
D_STR03352,D_U0083,D0011,2026-02-28 03:07:49.591516,128
D_STR03353,D_U0018,D0048,2026-02-25 23:44:34.198681,147
D_STR03354,D_U0025,D0042,2026-03-01 14:30:43.108582,195
D_STR03355,D_U0032,D0045,2026-02-25 19:27:46.346879,95
D_STR03356,D_U0061,D0029,2026-02-01 08:42:13.995146,244
D_STR03357,D_U0043,D0014,2026-02-27 06:16:17.713257,128
D_STR03358,D_U0085,D0021,2026-02-02 22:00:24.735701,71
D_STR03359,D_U0004,D0031,2026-02-25 02:44:35.931754,107
D_STR03360,D_U0071,D0043,2026-02-27 05:50:11.090250,72
D_STR03361,D_U0073,D0043,2026-02-17 08:46:57.557420,12
D_STR03362,D_U0087,D0043,2026-02-08 20:30:27.367209,44
D_STR03363,D_U0027,D0015,2026-02-02 15:57:33.919230,265
D_STR03364,D_U0091,D0005,2026-01-31 14:14:08.563877,214
D_STR03365,D_U0006,D0045,2026-02-08 21:20:10.608278,174
D_STR03366,D_U0033,D0015,2026-02-04 07:04:57.786140,223
D_STR03367,D_U0036,D0031,2026-02-20 17:47:39.094636,34
D_STR03368,D_U0100,D0025,2026-02-28 21:27:56.403683,105
D_STR03369,D_U0094,D0044,2026-02-01 04:32:21.866418,179
D_STR03370,D_U0066,D0037,2026-02-24 18:19:45.855454,58
D_STR03371,D_U0078,D0040,2026-02-26 11:51:15.309398,58
D_STR03372,D_U0070,D0036,2026-02-20 04:20:14.772967,133
D_STR03373,D_U0046,D0046,2026-02-16 15:38:43.180592,107
D_STR03374,D_U0069,D0022,2026-02-03 05:06:17.774901,108
D_STR03375,D_U0063,D0020,2026-02-24 04:48:07.105268,71
D_STR03376,D_U0009,D0025,2026-02-13 06:19:11.362632,136
D_STR03377,D_U0079,D0028,2026-02-06 09:16:33.460287,97
D_STR03378,D_U0089,D0049,2026-02-28 19:15:15.742427,66
D_STR03379,D_U0038,D0033,2026-02-10 08:46:55.983801,152
D_STR03380,D_U0014,D0045,2026-02-03 08:20:20.236786,199
D_STR03381,D_U0003,D0028,2026-02-03 20:30:15.709696,262
D_STR03382,D_U0020,D0050,2026-02-01 15:00:58.288545,12
D_STR03383,D_U0072,D0028,2026-02-16 12:54:38.594356,8
D_STR03384,D_U0065,D0016,2026-02-21 17:13:49.247458,265
D_STR03385,D_U0024,D0034,2026-02-12 09:27:13.989828,107
D_STR03386,D_U0042,D0027,2026-02-24 04:32:41.641325,183
D_STR03387,D_U0042,D0050,2026-02-08 19:22:05.649884,271
D_STR03388,D_U0090,D0044,2026-03-02 09:22:19.536262,317
D_STR03389,D_U0029,D0046,2026-01-31 21:33:34.677065,137
D_STR03390,D_U0028,D0038,2026-02-11 15:08:45.037195,158
D_STR03391,D_U0010,D0018,2026-02-22 03:13:26.029647,284
D_STR03392,D_U0081,D0031,2026-02-28 16:20:06.436258,54
D_STR03393,D_U0002,D0044,2026-02-21 10:07:29.894292,307
D_STR03394,D_U0067,D0028,2026-02-20 13:25:21.001799,236
D_STR03395,D_U0009,D0011,2026-02-14 15:57:28.936285,13
D_STR03396,D_U0044,D0041,2026-02-09 23:21:28.480202,32
D_STR03397,D_U0065,D0032,2026-03-01 12:48:18.428257,185
D_STR03398,D_U0077,D0045,2026-02-22 01:01:35.050238,31
D_STR03399,D_U0057,D0024,2026-02-11 23:52:21.842049,174
D_STR03400,D_U0034,D0038,2026-02-09 22:45:29.951708,182
D_STR03401,D_U0021,D0035,2026-02-03 18:54:47.334071,10
D_STR03402,D_U0075,D0033,2026-02-06 10:02:31.462673,166
D_STR03403,D_U0044,D0038,2026-02-23 15:55:51.359151,23
D_STR03404,D_U0094,D0021,2026-03-01 11:34:39.076646,234
D_STR03405,D_U0034,D0030,2026-02-13 15:19:53.190863,55
D_STR03406,D_U0019,D0049,2026-02-17 14:56:57.728337,53
D_STR03407,D_U0007,D0035,2026-02-25 23:10:57.082902,153
D_STR03408,D_U0013,D0050,2026-02-10 22:33:21.210731,28
D_STR03409,D_U0057,D0033,2026-02-23 07:10:36.298943,65
D_STR03410,D_U0064,D0021,2026-02-12 18:53:15.777424,274
D_STR03411,D_U0074,D0049,2026-02-28 18:09:11.503291,6
D_STR03412,D_U0050,D0032,2026-02-09 09:56:35.859849,82
D_STR03413,D_U0098,D0013,2026-02-15 16:30:56.426111,34
D_STR03414,D_U0066,D0047,2026-02-04 20:19:38.788208,204
D_STR03415,D_U0047,D0032,2026-02-14 11:57:43.566442,114
D_STR03416,D_U0051,D0037,2026-02-02 02:18:52.092893,44
D_STR03417,D_U0016,D0048,2026-02-27 01:54:10.709653,171
D_STR03418,D_U0070,D0044,2026-03-02 04:51:05.665905,259
D_STR03419,D_U0084,D0045,2026-02-16 21:47:06.409134,170
D_STR03420,D_U0019,D0047,2026-02-04 11:34:55.185964,140
D_STR03421,D_U0012,D0044,2026-02-08 02:38:33.760720,63
D_STR03422,D_U0092,D0024,2026-02-07 14:15:49.003011,112
D_STR03423,D_U0009,D0025,2026-02-02 12:10:32.134760,204
D_STR03424,D_U0032,D0049,2026-02-18 17:52:20.693770,93
D_STR03425,D_U0048,D0045,2026-02-10 07:11:35.071410,45
D_STR03426,D_U0097,D0025,2026-02-07 19:43:54.230750,59
D_STR03427,D_U0026,D0003,2026-02-20 02:30:10.065469,43
D_STR03428,D_U0087,D0024,2026-02-06 17:24:21.287849,295
D_STR03429,D_U0071,D0033,2026-03-02 02:48:16.961912,81
D_STR03430,D_U0069,D0037,2026-02-02 17:55:49.956183,37
D_STR03431,D_U0074,D0019,2026-02-14 04:59:13.357864,96
D_STR03432,D_U0021,D0016,2026-02-03 09:30:14.115611,19
D_STR03433,D_U0070,D0039,2026-02-07 19:29:06.677382,317
D_STR03434,D_U0025,D0041,2026-02-21 23:09:09.828379,66
D_STR03435,D_U0022,D0040,2026-02-27 00:41:27.239511,36
D_STR03436,D_U0082,D0031,2026-02-22 05:39:01.321244,145
D_STR03437,D_U0073,D0023,2026-02-12 15:19:16.430142,206
D_STR03438,D_U0032,D0016,2026-02-12 10:12:17.312318,89
D_STR03439,D_U0100,D0032,2026-02-13 04:24:23.005119,111
D_STR03440,D_U0010,D0038,2026-02-01 03:34:26.984815,33
D_STR03441,D_U0066,D0033,2026-03-01 21:50:00.857620,106
D_STR03442,D_U0071,D0047,2026-02-19 00:51:40.129365,91
D_STR03443,D_U0081,D0041,2026-02-12 17:56:13.510253,180
D_STR03444,D_U0073,D0020,2026-02-24 13:45:54.317212,13
D_STR03445,D_U0064,D0020,2026-02-21 05:54:27.445520,38
D_STR03446,D_U0043,D0043,2026-02-03 13:18:49.442477,27
D_STR03447,D_U0089,D0047,2026-02-07 01:50:08.797251,259
D_STR03448,D_U0032,D0041,2026-02-02 10:47:30.651293,163
D_STR03449,D_U0020,D0025,2026-02-25 05:34:58.049087,32
D_STR03450,D_U0064,D0011,2026-02-01 15:56:33.956369,63
D_STR03451,D_U0022,D0026,2026-02-20 18:18:11.003374,28
D_STR03452,D_U0031,D0010,2026-02-18 00:08:04.623399,241
D_STR03453,D_U0065,D0044,2026-02-13 22:29:19.656595,240
D_STR03454,D_U0071,D0041,2026-02-13 16:27:30.987638,26
D_STR03455,D_U0030,D0029,2026-02-16 07:56:11.215819,226
D_STR03456,D_U0029,D0034,2026-02-22 06:49:58.535882,187
D_STR03457,D_U0081,D0027,2026-02-06 12:49:40.901926,64
D_STR03458,D_U0055,D0050,2026-02-09 19:44:29.831346,34
D_STR03459,D_U0014,D0036,2026-02-13 21:02:25.604656,189
D_STR03460,D_U0060,D0041,2026-02-13 19:22:40.265709,159
D_STR03461,D_U0007,D0002,2026-03-01 20:28:18.936793,181
D_STR03462,D_U0069,D0007,2026-02-05 00:59:55.263093,37
D_STR03463,D_U0042,D0047,2026-02-26 15:40:35.618464,249
D_STR03464,D_U0091,D0046,2026-02-04 00:04:56.715916,140
D_STR03465,D_U0073,D0034,2026-02-02 10:07:55.073445,59
D_STR03466,D_U0043,D0046,2026-02-22 20:08:28.250826,127
D_STR03467,D_U0038,D0034,2026-02-15 09:10:16.241020,179
D_STR03468,D_U0001,D0008,2026-03-01 06:58:41.147094,230
D_STR03469,D_U0007,D0027,2026-02-18 09:53:56.985703,241
D_STR03470,D_U0039,D0035,2026-02-02 01:29:41.674745,267
D_STR03471,D_U0096,D0047,2026-02-22 20:23:13.227489,101
D_STR03472,D_U0097,D0033,2026-02-07 04:01:03.064944,149
D_STR03473,D_U0059,D0038,2026-02-09 04:10:43.288137,10
D_STR03474,D_U0046,D0020,2026-02-02 19:43:54.262789,159
D_STR03475,D_U0080,D0041,2026-02-01 05:08:23.397476,184
D_STR03476,D_U0056,D0028,2026-03-01 23:16:24.543892,67
D_STR03477,D_U0039,D0047,2026-02-01 02:07:10.309966,259
D_STR03478,D_U0017,D0045,2026-01-31 22:23:07.659851,198
D_STR03479,D_U0035,D0042,2026-02-06 11:22:14.359255,180
D_STR03480,D_U0038,D0032,2026-02-07 13:51:06.546232,214
D_STR03481,D_U0090,D0015,2026-02-27 11:10:14.186913,122
D_STR03482,D_U0079,D0036,2026-02-06 11:33:39.231988,129
D_STR03483,D_U0055,D0005,2026-03-01 22:34:27.218353,80
D_STR03484,D_U0017,D0039,2026-02-25 18:14:11.034894,113
D_STR03485,D_U0049,D0013,2026-02-13 19:05:38.253582,126
D_STR03486,D_U0081,D0020,2026-02-03 11:48:11.815956,132
D_STR03487,D_U0051,D0050,2026-02-13 02:17:14.917388,198
D_STR03488,D_U0067,D0048,2026-02-25 05:42:14.381939,212
D_STR03489,D_U0052,D0023,2026-02-18 08:15:20.654621,12
D_STR03490,D_U0047,D0032,2026-02-22 11:18:37.340204,24
D_STR03491,D_U0054,D0018,2026-02-02 00:14:55.738207,303
D_STR03492,D_U0050,D0029,2026-02-05 15:47:52.970941,43
D_STR03493,D_U0046,D0045,2026-02-09 22:34:56.137906,176
D_STR03494,D_U0086,D0035,2026-02-14 10:46:16.814513,174
D_STR03495,D_U0007,D0048,2026-02-10 23:46:38.148225,152
D_STR03496,D_U0007,D0046,2026-02-28 17:34:27.380607,187
D_STR03497,D_U0074,D0038,2026-02-16 18:37:20.005754,79
D_STR03498,D_U0063,D0036,2026-02-11 00:40:29.042482,179
D_STR03499,D_U0007,D0023,2026-02-02 11:37:02.187124,168
D_STR03500,D_U0062,D0038,2026-02-23 04:20:27.875249,32
D_STR03501,D_U0031,D0009,2026-02-08 02:18:58.568640,54
D_STR03502,D_U0017,D0047,2026-02-02 10:59:22.249824,95
D_STR03503,D_U0048,D0024,2026-02-28 08:07:17.705219,214
D_STR03504,D_U0076,D0025,2026-02-08 00:27:38.408223,153
D_STR03505,D_U0043,D0040,2026-02-07 01:57:36.849984,62
D_STR03506,D_U0046,D0030,2026-03-01 21:17:39.437550,106
D_STR03507,D_U0003,D0038,2026-02-17 11:35:58.283831,103
D_STR03508,D_U0019,D0036,2026-02-13 05:40:54.561908,270
D_STR03509,D_U0052,D0047,2026-01-31 23:06:36.134615,122
D_STR03510,D_U0029,D0046,2026-02-19 02:31:24.192409,120
D_STR03511,D_U0095,D0014,2026-02-23 14:09:25.340775,43
D_STR03512,D_U0074,D0021,2026-02-24 02:24:23.358420,113
D_STR03513,D_U0002,D0044,2026-02-18 07:35:43.162069,34
D_STR03514,D_U0068,D0043,2026-02-11 00:05:37.800217,95
D_STR03515,D_U0094,D0019,2026-02-17 01:25:19.261018,337
D_STR03516,D_U0064,D0040,2026-02-25 07:16:37.626483,119
D_STR03517,D_U0012,D0020,2026-02-07 05:47:11.431293,101
D_STR03518,D_U0047,D0020,2026-02-12 07:56:34.527938,112
D_STR03519,D_U0026,D0033,2026-02-07 05:26:26.587880,75
D_STR03520,D_U0044,D0024,2026-02-04 08:54:20.967072,210
D_STR03521,D_U0091,D0022,2026-02-18 04:38:16.794969,178
D_STR03522,D_U0065,D0044,2026-02-18 13:23:38.390377,44
D_STR03523,D_U0050,D0044,2026-02-19 10:53:44.545806,176
D_STR03524,D_U0070,D0026,2026-02-16 15:03:05.156657,86
D_STR03525,D_U0064,D0039,2026-02-17 07:14:50.790540,57
D_STR03526,D_U0049,D0006,2026-02-02 08:01:51.768495,84
D_STR03527,D_U0059,D0032,2026-02-20 22:13:19.425504,90
D_STR03528,D_U0031,D0027,2026-02-01 23:57:11.306107,113
D_STR03529,D_U0031,D0009,2026-02-03 18:55:09.456286,161
D_STR03530,D_U0089,D0045,2026-02-17 02:31:45.162667,96
D_STR03531,D_U0023,D0026,2026-02-08 00:47:17.101756,22
D_STR03532,D_U0038,D0044,2026-02-18 19:42:08.411616,84
D_STR03533,D_U0025,D0026,2026-02-11 14:51:43.136883,59
D_STR03534,D_U0029,D0034,2026-02-04 10:19:55.388446,153
D_STR03535,D_U0042,D0026,2026-02-16 04:41:23.531187,30
D_STR03536,D_U0087,D0050,2026-02-25 16:30:42.369203,302
D_STR03537,D_U0015,D0018,2026-02-12 20:39:02.496160,142
D_STR03538,D_U0009,D0050,2026-02-03 07:57:01.061032,30
D_STR03539,D_U0093,D0002,2026-02-14 09:58:26.133013,192
D_STR03540,D_U0094,D0037,2026-02-24 20:38:12.881894,5
D_STR03541,D_U0079,D0019,2026-02-22 22:49:07.397366,210
D_STR03542,D_U0066,D0006,2026-02-02 03:41:53.838490,257
D_STR03543,D_U0045,D0042,2026-02-18 22:08:21.494203,177
D_STR03544,D_U0017,D0017,2026-02-12 00:18:40.706928,92
D_STR03545,D_U0052,D0030,2026-02-03 08:25:36.703244,89
D_STR03546,D_U0069,D0046,2026-03-01 02:58:03.714748,157
D_STR03547,D_U0037,D0041,2026-02-16 18:47:19.575937,118
D_STR03548,D_U0051,D0050,2026-02-09 21:27:49.204295,269
D_STR03549,D_U0059,D0015,2026-02-26 06:37:37.063008,85
D_STR03550,D_U0019,D0020,2026-02-19 19:43:04.489926,19
D_STR03551,D_U0035,D0018,2026-02-16 12:50:45.586571,152
D_STR03552,D_U0083,D0019,2026-02-18 09:28:17.237410,128
D_STR03553,D_U0044,D0018,2026-02-10 05:05:05.520840,233
D_STR03554,D_U0096,D0041,2026-02-12 08:03:46.436225,125
D_STR03555,D_U0050,D0021,2026-02-03 07:41:22.061634,73
D_STR03556,D_U0042,D0021,2026-02-24 17:58:36.566153,50
D_STR03557,D_U0084,D0019,2026-02-10 16:42:11.858230,208
D_STR03558,D_U0043,D0026,2026-02-20 14:41:24.999286,13
D_STR03559,D_U0083,D0044,2026-02-23 13:59:13.149703,215
D_STR03560,D_U0015,D0026,2026-02-25 17:07:40.212237,253
D_STR03561,D_U0079,D0038,2026-02-15 12:36:22.354678,163
D_STR03562,D_U0064,D0011,2026-02-08 16:11:58.089450,22
D_STR03563,D_U0096,D0012,2026-02-11 17:17:48.043765,90
D_STR03564,D_U0065,D0036,2026-02-20 19:27:05.405232,302
D_STR03565,D_U0100,D0049,2026-02-28 11:55:53.892722,53
D_STR03566,D_U0078,D0031,2026-02-28 23:08:37.460398,66
D_STR03567,D_U0019,D0031,2026-02-18 00:53:44.956749,78
D_STR03568,D_U0038,D0035,2026-01-31 21:05:35.089595,148
D_STR03569,D_U0083,D0007,2026-02-27 19:11:54.962630,74
D_STR03570,D_U0082,D0033,2026-02-27 04:29:20.382854,144
D_STR03571,D_U0021,D0038,2026-02-06 21:26:54.941686,42
D_STR03572,D_U0035,D0012,2026-02-10 12:00:19.023552,47
D_STR03573,D_U0057,D0037,2026-03-02 03:57:40.802682,137
D_STR03574,D_U0075,D0047,2026-02-09 20:14:32.914000,33
D_STR03575,D_U0026,D0031,2026-01-31 11:36:06.045213,12
D_STR03576,D_U0067,D0034,2026-02-16 03:40:17.692968,89
D_STR03577,D_U0033,D0028,2026-03-01 10:05:33.729868,20
D_STR03578,D_U0066,D0022,2026-02-01 17:18:21.891484,25
D_STR03579,D_U0094,D0043,2026-02-21 22:33:33.038825,100
D_STR03580,D_U0099,D0030,2026-02-06 05:33:03.894694,36
D_STR03581,D_U0057,D0049,2026-02-08 00:37:43.411500,76
D_STR03582,D_U0046,D0042,2026-02-19 22:44:40.040379,232
D_STR03583,D_U0093,D0048,2026-02-23 04:55:54.608031,19
D_STR03584,D_U0084,D0015,2026-02-10 13:25:28.255725,135
D_STR03585,D_U0029,D0038,2026-02-02 15:34:51.064541,103
D_STR03586,D_U0049,D0030,2026-02-18 17:08:13.417744,133
D_STR03587,D_U0092,D0028,2026-02-24 14:31:49.600057,208
D_STR03588,D_U0088,D0046,2026-02-07 14:05:34.325367,30
D_STR03589,D_U0082,D0027,2026-02-25 00:03:40.010355,86
D_STR03590,D_U0048,D0044,2026-02-08 11:22:35.825213,267
D_STR03591,D_U0098,D0044,2026-02-06 01:07:42.057104,61
D_STR03592,D_U0013,D0048,2026-01-31 23:53:03.409333,220
D_STR03593,D_U0059,D0039,2026-02-24 21:08:13.635566,223
D_STR03594,D_U0041,D0006,2026-02-04 21:57:53.016764,273
D_STR03595,D_U0083,D0049,2026-02-27 09:23:20.463717,16
D_STR03596,D_U0059,D0023,2026-02-09 19:38:23.599732,107
D_STR03597,D_U0080,D0042,2026-02-01 04:32:27.306535,120
D_STR03598,D_U0064,D0024,2026-02-28 09:45:15.171453,60
D_STR03599,D_U0097,D0042,2026-01-31 18:53:54.730247,72
D_STR03600,D_U0068,D0042,2026-02-13 04:03:35.218201,50
D_STR03601,D_U0057,D0036,2026-02-02 05:20:05.746142,160
D_STR03602,D_U0059,D0040,2026-02-26 07:57:51.734554,34
D_STR03603,D_U0047,D0021,2026-02-01 23:52:55.702124,74
D_STR03604,D_U0053,D0017,2026-02-04 15:40:08.260164,107
D_STR03605,D_U0068,D0045,2026-03-01 17:31:49.129333,116
D_STR03606,D_U0090,D0049,2026-02-07 04:40:11.385305,66
D_STR03607,D_U0079,D0046,2026-02-09 20:56:46.810284,177
D_STR03608,D_U0012,D0022,2026-02-19 13:45:58.761143,20
D_STR03609,D_U0060,D0016,2026-02-26 22:34:56.422414,23
D_STR03610,D_U0088,D0018,2026-02-21 03:03:09.319007,222
D_STR03611,D_U0012,D0042,2026-02-23 04:41:21.345637,201
D_STR03612,D_U0087,D0027,2026-02-03 04:49:53.855910,196
D_STR03613,D_U0041,D0050,2026-02-04 01:34:43.727968,128
D_STR03614,D_U0078,D0048,2026-02-21 01:22:17.136865,199
D_STR03615,D_U0024,D0043,2026-02-05 23:45:43.056815,136
D_STR03616,D_U0047,D0045,2026-02-20 09:49:24.907441,11
D_STR03617,D_U0096,D0049,2026-02-28 11:03:53.584623,6
D_STR03618,D_U0052,D0029,2026-02-25 11:46:53.195110,296
D_STR03619,D_U0097,D0047,2026-02-24 15:48:50.133633,124
D_STR03620,D_U0073,D0029,2026-03-02 03:09:43.762521,24
D_STR03621,D_U0039,D0020,2026-02-11 06:17:11.768270,113
D_STR03622,D_U0009,D0038,2026-02-20 04:12:51.525495,26
D_STR03623,D_U0087,D0030,2026-03-01 21:38:33.609436,156
D_STR03624,D_U0006,D0034,2026-02-14 12:45:41.784722,193
D_STR03625,D_U0055,D0024,2026-02-04 07:49:41.826351,243
D_STR03626,D_U0041,D0026,2026-02-09 12:00:56.286294,106
D_STR03627,D_U0021,D0042,2026-02-11 08:34:58.604282,228
D_STR03628,D_U0018,D0049,2026-02-28 16:55:09.134177,43
D_STR03629,D_U0049,D0034,2026-02-24 12:11:14.951307,121
D_STR03630,D_U0063,D0019,2026-02-24 16:08:59.721285,92
D_STR03631,D_U0051,D0050,2026-02-18 16:00:21.077826,242
D_STR03632,D_U0068,D0045,2026-02-05 11:50:21.643306,135
D_STR03633,D_U0083,D0041,2026-02-09 04:19:32.972159,46
D_STR03634,D_U0087,D0050,2026-02-15 01:35:45.843339,10
D_STR03635,D_U0075,D0020,2026-02-08 22:50:41.473690,119
D_STR03636,D_U0026,D0033,2026-02-07 05:55:24.389894,76
D_STR03637,D_U0046,D0026,2026-02-26 16:32:03.820650,274
D_STR03638,D_U0001,D0041,2026-02-28 20:04:04.760204,57
D_STR03639,D_U0018,D0018,2026-02-20 01:52:51.859917,122
D_STR03640,D_U0001,D0048,2026-02-25 10:19:02.484173,222
D_STR03641,D_U0053,D0050,2026-02-11 16:45:07.645122,122
D_STR03642,D_U0038,D0014,2026-02-11 04:22:26.925426,41
D_STR03643,D_U0012,D0050,2026-02-28 15:40:47.156469,201
D_STR03644,D_U0037,D0029,2026-02-06 01:52:44.676309,92
D_STR03645,D_U0088,D0046,2026-02-25 13:38:18.728610,22
D_STR03646,D_U0086,D0048,2026-02-16 12:36:13.842016,121
D_STR03647,D_U0046,D0022,2026-02-14 17:01:01.077186,153
D_STR03648,D_U0068,D0036,2026-02-21 20:53:02.965017,164
D_STR03649,D_U0001,D0045,2026-02-15 23:40:01.330874,178
D_STR03650,D_U0054,D0048,2026-02-14 05:48:05.451873,42
D_STR03651,D_U0098,D0043,2026-02-22 04:46:33.723984,109
D_STR03652,D_U0011,D0038,2026-02-04 11:49:45.370811,169
D_STR03653,D_U0021,D0035,2026-02-21 08:37:30.721084,134
D_STR03654,D_U0069,D0027,2026-02-12 11:59:43.594451,70
D_STR03655,D_U0015,D0020,2026-02-18 23:02:47.989986,144
D_STR03656,D_U0050,D0020,2026-02-09 23:56:01.411668,100
D_STR03657,D_U0009,D0049,2026-02-04 02:28:48.735003,6
D_STR03658,D_U0010,D0031,2026-03-01 19:27:10.377069,25
D_STR03659,D_U0068,D0030,2026-02-02 13:05:34.597220,141
D_STR03660,D_U0001,D0015,2026-03-02 02:27:11.534578,229
D_STR03661,D_U0032,D0045,2026-02-01 15:19:27.744095,21
D_STR03662,D_U0061,D0036,2026-02-19 03:24:34.565663,18
D_STR03663,D_U0033,D0023,2026-02-22 23:00:34.000993,55
D_STR03664,D_U0043,D0034,2026-02-17 16:57:12.657295,175
D_STR03665,D_U0065,D0019,2026-02-16 23:32:01.570225,198
D_STR03666,D_U0049,D0049,2026-02-07 16:33:02.186137,12
D_STR03667,D_U0066,D0044,2026-02-05 11:47:47.101765,192
D_STR03668,D_U0061,D0048,2026-02-20 22:38:05.855785,110
D_STR03669,D_U0045,D0022,2026-02-10 06:55:36.278089,87
D_STR03670,D_U0088,D0050,2026-02-13 16:58:18.507791,234
D_STR03671,D_U0062,D0040,2026-02-07 22:18:45.701636,95
D_STR03672,D_U0060,D0038,2026-02-15 00:46:50.062893,121
D_STR03673,D_U0098,D0021,2026-02-07 02:11:44.658038,17
D_STR03674,D_U0008,D0050,2026-02-09 23:28:26.077805,217
D_STR03675,D_U0083,D0036,2026-02-23 06:23:34.414530,74
D_STR03676,D_U0005,D0042,2026-02-21 19:31:29.394839,95
D_STR03677,D_U0060,D0026,2026-02-01 09:09:20.248313,240
D_STR03678,D_U0064,D0029,2026-02-24 16:44:24.505931,88
D_STR03679,D_U0029,D0017,2026-02-13 11:41:57.841375,83
D_STR03680,D_U0041,D0015,2026-02-22 20:47:52.331981,274
D_STR03681,D_U0024,D0033,2026-02-18 12:00:26.606857,73
D_STR03682,D_U0078,D0012,2026-02-17 19:24:02.835041,150
D_STR03683,D_U0037,D0018,2026-02-24 21:40:39.899757,86
D_STR03684,D_U0054,D0007,2026-02-23 07:56:09.029871,142
D_STR03685,D_U0044,D0035,2026-02-21 14:37:57.706710,85
D_STR03686,D_U0092,D0036,2026-02-11 23:49:19.232432,154
D_STR03687,D_U0021,D0031,2026-02-04 05:02:47.574915,22
D_STR03688,D_U0010,D0049,2026-03-01 01:12:16.353372,103
D_STR03689,D_U0001,D0046,2026-02-19 05:06:41.961658,180
D_STR03690,D_U0095,D0039,2026-02-06 13:41:08.277194,130
D_STR03691,D_U0070,D0044,2026-02-19 04:47:51.227202,140
D_STR03692,D_U0014,D0039,2026-02-07 07:37:39.294662,118
D_STR03693,D_U0029,D0046,2026-02-24 08:56:42.883786,48
D_STR03694,D_U0096,D0047,2026-02-14 01:54:38.360466,100
D_STR03695,D_U0067,D0036,2026-02-16 16:01:01.079486,218
D_STR03696,D_U0028,D0029,2026-02-12 23:06:57.083169,197
D_STR03697,D_U0031,D0038,2026-02-22 21:32:41.872259,48
D_STR03698,D_U0062,D0040,2026-02-25 15:07:08.571429,21
D_STR03699,D_U0091,D0050,2026-02-17 03:26:00.525399,37
D_STR03700,D_U0075,D0048,2026-02-06 17:28:00.738151,17
D_STR03701,D_U0019,D0031,2026-02-20 06:10:00.543572,111
D_STR03702,D_U0037,D0037,2026-02-25 12:09:48.299447,86
D_STR03703,D_U0002,D0019,2026-02-13 14:58:16.187230,305
D_STR03704,D_U0090,D0035,2026-02-25 12:16:31.423276,182
D_STR03705,D_U0094,D0014,2026-02-20 15:31:19.235387,74
D_STR03706,D_U0015,D0040,2026-02-13 23:41:14.335674,132
D_STR03707,D_U0024,D0019,2026-02-20 23:21:14.110970,274
D_STR03708,D_U0100,D0046,2026-02-02 02:34:29.158051,100
D_STR03709,D_U0011,D0019,2026-02-22 02:53:19.392871,337
D_STR03710,D_U0077,D0042,2026-02-26 09:28:57.712134,190
D_STR03711,D_U0060,D0022,2026-02-09 00:34:33.340609,185
D_STR03712,D_U0040,D0045,2026-02-01 01:36:54.646417,62
D_STR03713,D_U0056,D0036,2026-02-26 14:07:34.773791,301
D_STR03714,D_U0054,D0019,2026-02-17 22:32:16.634591,26
D_STR03715,D_U0024,D0019,2026-02-18 23:46:47.462291,250
D_STR03716,D_U0090,D0023,2026-02-12 16:58:44.205184,142
D_STR03717,D_U0020,D0017,2026-02-13 04:13:18.323057,96
D_STR03718,D_U0070,D0033,2026-02-05 12:41:23.312051,117
D_STR03719,D_U0065,D0046,2026-02-06 01:44:55.841981,160
D_STR03720,D_U0018,D0012,2026-02-09 02:36:32.648306,83
D_STR03721,D_U0055,D0026,2026-02-01 21:03:10.824287,213
D_STR03722,D_U0050,D0034,2026-03-02 02:51:42.590527,202
D_STR03723,D_U0051,D0036,2026-02-03 11:14:46.224438,89
D_STR03724,D_U0061,D0042,2026-02-06 22:47:26.163005,89
D_STR03725,D_U0038,D0027,2026-02-05 20:48:16.338559,178
D_STR03726,D_U0089,D0031,2026-02-03 05:59:36.878103,73
D_STR03727,D_U0079,D0050,2026-02-05 03:17:32.538545,175
D_STR03728,D_U0098,D0041,2026-02-01 06:23:07.977866,231
D_STR03729,D_U0007,D0028,2026-02-23 09:47:14.629709,51
D_STR03730,D_U0011,D0018,2026-02-24 10:55:23.476966,16
D_STR03731,D_U0051,D0040,2026-03-02 02:33:19.126190,36
D_STR03732,D_U0075,D0023,2026-02-17 08:35:18.497691,245
D_STR03733,D_U0053,D0050,2026-02-20 22:03:10.424704,191
D_STR03734,D_U0062,D0047,2026-02-01 21:20:27.414892,145
D_STR03735,D_U0064,D0019,2026-02-13 23:18:25.261475,82
D_STR03736,D_U0050,D0014,2026-02-23 10:25:55.047651,13
D_STR03737,D_U0020,D0048,2026-02-17 05:23:41.273793,118
D_STR03738,D_U0077,D0049,2026-02-24 22:20:30.917215,46
D_STR03739,D_U0079,D0022,2026-03-02 10:55:29.458466,52
D_STR03740,D_U0015,D0019,2026-02-24 12:45:42.386564,174
D_STR03741,D_U0037,D0025,2026-02-27 05:02:15.389709,127
D_STR03742,D_U0010,D0028,2026-02-20 15:07:36.680746,246
D_STR03743,D_U0087,D0042,2026-02-04 03:02:28.996242,105
D_STR03744,D_U0086,D0020,2026-02-11 11:27:29.314819,86
D_STR03745,D_U0069,D0027,2026-03-01 21:30:33.887638,244
D_STR03746,D_U0066,D0019,2026-02-27 21:27:19.360196,136
D_STR03747,D_U0014,D0026,2026-02-03 01:24:50.347104,8
D_STR03748,D_U0037,D0036,2026-02-07 15:41:53.138487,343
D_STR03749,D_U0013,D0031,2026-02-05 13:54:28.261069,96
D_STR03750,D_U0074,D0049,2026-02-23 12:31:21.196028,59
D_STR03751,D_U0071,D0033,2026-02-06 11:17:46.794007,157
D_STR03752,D_U0099,D0041,2026-02-24 14:49:34.098390,24
D_STR03753,D_U0037,D0029,2026-02-05 23:24:54.627372,84
D_STR03754,D_U0035,D0039,2026-02-03 00:25:01.650712,141
D_STR03755,D_U0056,D0032,2026-02-05 15:25:38.171758,161
D_STR03756,D_U0002,D0043,2026-02-07 17:48:50.121827,27
D_STR03757,D_U0023,D0045,2026-02-14 15:32:20.539155,101
D_STR03758,D_U0019,D0038,2026-02-02 17:47:47.439293,99
D_STR03759,D_U0017,D0039,2026-02-11 22:17:01.700072,263
D_STR03760,D_U0037,D0031,2026-02-27 23:49:41.020355,141
D_STR03761,D_U0048,D0031,2026-02-23 22:21:24.319885,82
D_STR03762,D_U0083,D0038,2026-02-17 19:38:03.611214,151
D_STR03763,D_U0067,D0019,2026-02-14 21:04:58.766456,334
D_STR03764,D_U0084,D0031,2026-02-20 17:49:26.190227,134
D_STR03765,D_U0091,D0038,2026-02-19 11:18:24.457516,138
D_STR03766,D_U0018,D0022,2026-02-14 16:13:05.293875,154
D_STR03767,D_U0073,D0026,2026-02-28 20:52:10.805852,203
D_STR03768,D_U0004,D0009,2026-03-01 10:12:24.978949,156
D_STR03769,D_U0079,D0047,2026-02-20 02:09:42.592691,26
D_STR03770,D_U0069,D0034,2026-02-25 08:09:34.839997,140
D_STR03771,D_U0057,D0030,2026-02-20 05:51:11.029548,83
D_STR03772,D_U0096,D0029,2026-02-07 22:53:11.827252,203
D_STR03773,D_U0024,D0049,2026-02-12 11:43:02.546348,107
D_STR03774,D_U0005,D0018,2026-02-26 09:09:55.327129,12
D_STR03775,D_U0060,D0020,2026-02-01 23:31:54.064996,94
D_STR03776,D_U0005,D0025,2026-02-22 19:08:46.468044,46
D_STR03777,D_U0037,D0033,2026-02-26 12:46:42.168107,93
D_STR03778,D_U0079,D0023,2026-02-14 01:00:47.897518,187
D_STR03779,D_U0087,D0036,2026-02-15 00:40:07.936106,152
D_STR03780,D_U0034,D0041,2026-02-25 05:54:25.252009,153
D_STR03781,D_U0036,D0015,2026-02-11 10:22:29.324505,190
D_STR03782,D_U0043,D0013,2026-02-09 10:42:55.479443,129
D_STR03783,D_U0069,D0050,2026-02-16 08:34:56.838645,66
D_STR03784,D_U0035,D0047,2026-02-04 18:46:52.813093,212
D_STR03785,D_U0056,D0034,2026-02-06 15:31:58.699908,41
D_STR03786,D_U0029,D0012,2026-02-26 22:30:21.489722,302
D_STR03787,D_U0058,D0020,2026-03-01 17:47:52.413583,147
D_STR03788,D_U0045,D0038,2026-02-16 10:58:36.656437,89
D_STR03789,D_U0083,D0007,2026-02-13 19:14:41.382998,176
D_STR03790,D_U0049,D0039,2026-02-07 16:48:03.966855,19
D_STR03791,D_U0012,D0048,2026-02-27 21:06:03.087673,94
D_STR03792,D_U0022,D0047,2026-02-25 16:26:28.228517,170
D_STR03793,D_U0027,D0043,2026-02-08 21:02:05.078943,111
D_STR03794,D_U0054,D0013,2026-02-26 03:57:29.442526,152
D_STR03795,D_U0034,D0017,2026-02-04 12:55:22.502040,75
D_STR03796,D_U0005,D0032,2026-02-01 07:36:01.968001,138
D_STR03797,D_U0013,D0038,2026-02-24 17:46:17.190937,47
D_STR03798,D_U0051,D0010,2026-02-16 23:28:35.971961,149
D_STR03799,D_U0048,D0019,2026-01-31 18:58:24.544067,11
D_STR03800,D_U0094,D0029,2026-02-16 23:38:36.506517,290
D_STR03801,D_U0046,D0044,2026-02-20 06:40:41.827158,269
D_STR03802,D_U0082,D0019,2026-02-18 22:16:10.860149,321
D_STR03803,D_U0014,D0049,2026-02-26 20:54:19.163483,62
D_STR03804,D_U0023,D0033,2026-02-07 17:44:25.471756,6
D_STR03805,D_U0048,D0037,2026-02-01 22:04:15.698580,37
D_STR03806,D_U0078,D0050,2026-02-09 17:48:49.558113,192
D_STR03807,D_U0011,D0049,2026-02-02 04:59:09.769382,87
D_STR03808,D_U0091,D0011,2026-02-19 12:55:08.216669,21
D_STR03809,D_U0068,D0041,2026-02-10 00:05:45.098125,222
D_STR03810,D_U0080,D0042,2026-02-18 13:54:58.252741,62
D_STR03811,D_U0012,D0036,2026-02-17 20:57:02.396029,44
D_STR03812,D_U0056,D0034,2026-02-03 04:15:30.942991,13
D_STR03813,D_U0003,D0010,2026-02-23 00:22:22.228302,202
D_STR03814,D_U0035,D0044,2026-02-11 22:24:55.008972,189
D_STR03815,D_U0047,D0029,2026-02-06 15:55:03.657031,127
D_STR03816,D_U0018,D0047,2026-02-02 00:59:18.806100,142
D_STR03817,D_U0048,D0044,2026-02-07 08:09:25.676672,260
D_STR03818,D_U0022,D0036,2026-02-03 20:17:45.595117,104
D_STR03819,D_U0085,D0041,2026-02-05 09:52:41.183513,159
D_STR03820,D_U0045,D0038,2026-02-05 08:22:20.858193,182
D_STR03821,D_U0087,D0021,2026-02-11 09:18:21.698623,174
D_STR03822,D_U0083,D0033,2026-02-10 18:39:22.758781,136
D_STR03823,D_U0018,D0023,2026-02-24 07:09:43.436642,22
D_STR03824,D_U0070,D0028,2026-02-16 12:49:00.429969,258
D_STR03825,D_U0003,D0025,2026-02-05 04:51:29.437210,140
D_STR03826,D_U0095,D0022,2026-02-25 23:06:39.375525,100
D_STR03827,D_U0024,D0026,2026-02-23 17:45:21.233846,72
D_STR03828,D_U0063,D0036,2026-02-28 18:24:26.076387,195
D_STR03829,D_U0074,D0049,2026-02-24 18:03:26.414618,38
D_STR03830,D_U0065,D0003,2026-02-22 18:40:15.988669,15
D_STR03831,D_U0071,D0048,2026-02-28 14:01:32.946112,247
D_STR03832,D_U0055,D0022,2026-02-08 06:02:42.745347,26
D_STR03833,D_U0096,D0026,2026-02-11 06:41:05.014852,44
D_STR03834,D_U0079,D0013,2026-02-09 11:50:37.702030,182
D_STR03835,D_U0042,D0036,2026-02-20 16:24:50.513037,27
D_STR03836,D_U0035,D0028,2026-02-10 12:24:28.110450,94
D_STR03837,D_U0073,D0015,2026-02-06 16:09:00.611969,66
D_STR03838,D_U0047,D0026,2026-02-28 16:11:33.528536,278
D_STR03839,D_U0090,D0028,2026-02-04 08:57:07.847731,184
D_STR03840,D_U0053,D0019,2026-02-28 13:17:02.606938,272
D_STR03841,D_U0017,D0006,2026-02-21 14:00:33.101565,203
D_STR03842,D_U0057,D0035,2026-02-25 05:14:10.675293,274
D_STR03843,D_U0023,D0033,2026-02-11 04:33:59.770570,114
D_STR03844,D_U0067,D0050,2026-02-28 04:12:38.577462,51
D_STR03845,D_U0029,D0031,2026-02-27 05:33:56.208743,124
D_STR03846,D_U0075,D0041,2026-02-17 09:00:13.685945,134
D_STR03847,D_U0058,D0018,2026-02-20 15:41:32.188329,6
D_STR03848,D_U0002,D0024,2026-02-01 12:51:26.357618,303
D_STR03849,D_U0037,D0046,2026-02-06 09:01:34.793808,26
D_STR03850,D_U0002,D0023,2026-02-05 12:36:54.638593,190
D_STR03851,D_U0075,D0045,2026-02-08 19:20:58.410712,32
D_STR03852,D_U0070,D0048,2026-02-01 12:36:22.811870,185
D_STR03853,D_U0015,D0038,2026-02-05 21:59:07.297122,176
D_STR03854,D_U0045,D0023,2026-02-15 07:08:07.901293,126
D_STR03855,D_U0009,D0012,2026-02-05 15:43:48.987412,63
D_STR03856,D_U0033,D0028,2026-02-03 19:10:29.768580,187
D_STR03857,D_U0024,D0021,2026-02-12 16:37:55.618762,147
D_STR03858,D_U0095,D0006,2026-02-07 10:46:00.024741,106
D_STR03859,D_U0090,D0034,2026-03-02 11:06:52.282693,230
D_STR03860,D_U0004,D0045,2026-02-13 23:39:17.313759,84
D_STR03861,D_U0067,D0027,2026-02-11 23:57:46.227190,84
D_STR03862,D_U0077,D0044,2026-02-12 05:34:49.859266,60
D_STR03863,D_U0068,D0040,2026-02-20 16:22:34.247990,101
D_STR03864,D_U0020,D0028,2026-02-06 02:22:30.476761,22
D_STR03865,D_U0015,D0043,2026-02-25 23:55:52.228103,115
D_STR03866,D_U0085,D0041,2026-02-06 08:45:42.914031,44
D_STR03867,D_U0032,D0049,2026-02-02 07:30:31.104271,39
D_STR03868,D_U0061,D0024,2026-02-10 16:12:35.674673,58
D_STR03869,D_U0070,D0042,2026-02-10 01:07:51.135036,189
D_STR03870,D_U0074,D0041,2026-03-02 03:12:03.987110,208
D_STR03871,D_U0048,D0038,2026-02-19 07:47:25.628839,58
D_STR03872,D_U0072,D0040,2026-02-19 10:25:51.737628,15
D_STR03873,D_U0067,D0007,2026-02-01 03:27:55.849263,7
D_STR03874,D_U0018,D0011,2026-02-14 23:35:39.952539,42
D_STR03875,D_U0005,D0032,2026-02-17 09:56:25.822594,295
D_STR03876,D_U0021,D0050,2026-02-13 03:00:27.884168,295
D_STR03877,D_U0039,D0018,2026-02-24 18:10:47.193896,217
D_STR03878,D_U0001,D0033,2026-02-11 00:47:07.258340,140
D_STR03879,D_U0041,D0016,2026-02-25 18:06:08.074029,127
D_STR03880,D_U0052,D0026,2026-02-01 06:54:23.343545,284
D_STR03881,D_U0046,D0033,2026-02-27 14:02:36.518796,164
D_STR03882,D_U0058,D0015,2026-02-26 11:14:00.454457,90
D_STR03883,D_U0006,D0027,2026-02-15 21:16:13.685745,87
D_STR03884,D_U0099,D0049,2026-02-21 00:27:22.892030,64
D_STR03885,D_U0094,D0028,2026-02-20 19:36:02.922513,163
D_STR03886,D_U0082,D0034,2026-03-01 02:32:55.418336,170
D_STR03887,D_U0001,D0037,2026-02-15 06:56:07.530391,106
D_STR03888,D_U0084,D0036,2026-02-02 15:15:55.693403,266
D_STR03889,D_U0072,D0039,2026-02-01 18:01:00.842309,158
D_STR03890,D_U0051,D0036,2026-02-27 02:35:37.505460,44
D_STR03891,D_U0032,D0040,2026-02-15 12:14:34.356992,40
D_STR03892,D_U0049,D0031,2026-02-10 12:22:00.133090,101
D_STR03893,D_U0082,D0050,2026-02-14 02:05:59.689770,27
D_STR03894,D_U0044,D0034,2026-02-13 21:27:42.507912,221
D_STR03895,D_U0071,D0008,2026-02-08 08:09:07.440737,52
D_STR03896,D_U0007,D0042,2026-02-15 01:12:40.518487,65
D_STR03897,D_U0038,D0048,2026-02-14 15:24:38.054806,275
D_STR03898,D_U0033,D0027,2026-03-01 17:57:37.761293,202
D_STR03899,D_U0087,D0016,2026-02-18 09:51:05.949578,227
D_STR03900,D_U0041,D0037,2026-02-08 12:28:22.471128,143
D_STR03901,D_U0087,D0040,2026-02-13 04:35:10.014173,127
D_STR03902,D_U0054,D0033,2026-02-08 19:34:05.170640,152
D_STR03903,D_U0083,D0037,2026-01-31 23:23:11.611671,138
D_STR03904,D_U0074,D0034,2026-02-04 20:01:59.304185,137
D_STR03905,D_U0040,D0010,2026-03-01 16:23:31.122099,12
D_STR03906,D_U0035,D0050,2026-02-08 23:42:18.728638,277
D_STR03907,D_U0051,D0049,2026-02-17 16:29:49.430467,30
D_STR03908,D_U0064,D0043,2026-02-10 06:11:27.882465,44
D_STR03909,D_U0042,D0032,2026-03-01 00:44:22.226592,47
D_STR03910,D_U0063,D0042,2026-02-18 10:25:05.823961,135
D_STR03911,D_U0078,D0038,2026-02-15 23:14:18.181668,178
D_STR03912,D_U0090,D0038,2026-02-21 02:47:29.522545,133
D_STR03913,D_U0078,D0026,2026-02-02 10:13:30.332701,232
D_STR03914,D_U0079,D0022,2026-02-14 23:11:35.811245,50
D_STR03915,D_U0068,D0037,2026-02-03 20:27:39.798022,41
D_STR03916,D_U0060,D0022,2026-02-19 06:07:12.898799,65
D_STR03917,D_U0030,D0039,2026-03-01 00:22:44.406612,95
D_STR03918,D_U0002,D0030,2026-02-20 13:25:27.520910,157
D_STR03919,D_U0081,D0012,2026-02-02 00:56:49.707595,293
D_STR03920,D_U0065,D0047,2026-02-26 22:46:11.177157,177
D_STR03921,D_U0024,D0046,2026-02-21 19:33:38.803830,29
D_STR03922,D_U0051,D0024,2026-02-28 10:15:46.335542,160
D_STR03923,D_U0043,D0040,2026-02-11 00:13:11.360401,111
D_STR03924,D_U0018,D0042,2026-02-05 06:16:16.248526,161
D_STR03925,D_U0024,D0028,2026-02-02 00:15:16.008807,177
D_STR03926,D_U0056,D0042,2026-02-08 12:14:28.480781,146
D_STR03927,D_U0050,D0026,2026-02-04 03:01:21.517864,13
D_STR03928,D_U0037,D0049,2026-02-05 13:37:23.298456,49
D_STR03929,D_U0030,D0041,2026-03-01 22:00:42.239095,118
D_STR03930,D_U0009,D0029,2026-02-24 06:41:17.007556,170
D_STR03931,D_U0013,D0047,2026-02-17 11:51:03.896437,94
D_STR03932,D_U0018,D0030,2026-02-18 21:32:27.407032,116
D_STR03933,D_U0095,D0028,2026-02-07 20:35:58.135704,224
D_STR03934,D_U0030,D0027,2026-02-28 23:50:16.952031,8
D_STR03935,D_U0091,D0045,2026-03-01 01:12:27.717822,96
D_STR03936,D_U0087,D0024,2026-02-03 14:42:08.488716,336
D_STR03937,D_U0099,D0033,2026-02-18 07:52:45.982179,17
D_STR03938,D_U0046,D0027,2026-02-06 21:37:58.623348,180
D_STR03939,D_U0032,D0047,2026-02-23 18:24:21.378271,102
D_STR03940,D_U0082,D0046,2026-02-18 09:33:40.948640,180
D_STR03941,D_U0098,D0036,2026-02-24 15:55:35.396879,222
D_STR03942,D_U0048,D0017,2026-03-01 16:24:11.093728,101
D_STR03943,D_U0037,D0032,2026-02-18 04:32:14.275071,198
D_STR03944,D_U0029,D0040,2026-02-28 02:15:45.494971,107
D_STR03945,D_U0007,D0034,2026-02-04 10:32:09.274402,26
D_STR03946,D_U0040,D0036,2026-02-10 20:36:48.619871,93
D_STR03947,D_U0070,D0046,2026-02-10 05:00:50.113030,169
D_STR03948,D_U0100,D0020,2026-02-20 18:24:18.735582,145
D_STR03949,D_U0056,D0044,2026-02-08 16:53:42.990956,173
D_STR03950,D_U0066,D0018,2026-02-23 07:45:49.959061,12
D_STR03951,D_U0055,D0042,2026-02-28 23:48:53.922451,124
D_STR03952,D_U0063,D0021,2026-02-13 14:42:30.302588,241
D_STR03953,D_U0014,D0026,2026-02-26 18:07:49.132166,128
D_STR03954,D_U0085,D0034,2026-02-16 18:10:38.366051,170
D_STR03955,D_U0063,D0038,2026-02-23 18:38:27.593458,91
D_STR03956,D_U0092,D0038,2026-02-13 03:26:46.181766,87
D_STR03957,D_U0059,D0034,2026-02-15 00:35:08.811538,199
D_STR03958,D_U0094,D0043,2026-02-07 00:10:56.136262,94
D_STR03959,D_U0024,D0024,2026-02-23 22:03:37.337483,22
D_STR03960,D_U0090,D0009,2026-02-26 09:31:46.144997,22
D_STR03961,D_U0087,D0018,2026-02-26 01:13:35.754740,45
D_STR03962,D_U0019,D0041,2026-02-11 04:13:48.920261,77
D_STR03963,D_U0071,D0035,2026-02-11 17:00:15.941603,169
D_STR03964,D_U0037,D0039,2026-02-10 18:30:40.789448,141
D_STR03965,D_U0049,D0032,2026-02-02 20:31:18.064755,155
D_STR03966,D_U0084,D0014,2026-02-28 07:27:55.351414,189
D_STR03967,D_U0030,D0037,2026-02-12 07:59:37.402576,31
D_STR03968,D_U0031,D0045,2026-02-12 15:06:41.022976,121
D_STR03969,D_U0076,D0044,2026-02-11 16:57:40.008399,265
D_STR03970,D_U0073,D0032,2026-02-11 00:42:25.477850,291
D_STR03971,D_U0086,D0035,2026-02-21 16:12:37.736368,206
D_STR03972,D_U0033,D0034,2026-02-17 06:39:58.107701,51
D_STR03973,D_U0004,D0044,2026-02-18 21:33:00.076732,7
D_STR03974,D_U0068,D0018,2026-02-24 03:56:43.621921,15
D_STR03975,D_U0015,D0030,2026-02-11 18:52:50.099035,142
D_STR03976,D_U0029,D0015,2026-02-11 15:27:20.506829,40
D_STR03977,D_U0074,D0011,2026-02-12 20:20:49.804074,115
D_STR03978,D_U0041,D0022,2026-02-08 04:52:48.278525,35
D_STR03979,D_U0081,D0041,2026-02-26 13:15:32.417182,88
D_STR03980,D_U0083,D0033,2026-02-13 00:38:57.560275,168
D_STR03981,D_U0048,D0050,2026-02-10 03:18:15.570222,172
D_STR03982,D_U0066,D0040,2026-02-17 12:52:53.520843,104
D_STR03983,D_U0059,D0037,2026-02-28 11:42:52.928406,10
D_STR03984,D_U0023,D0046,2026-02-09 13:29:58.128508,124
D_STR03985,D_U0018,D0040,2026-02-24 08:23:45.009655,41
D_STR03986,D_U0089,D0036,2026-02-20 12:31:52.003381,81
D_STR03987,D_U0042,D0045,2026-02-10 08:03:43.919095,100
D_STR03988,D_U0091,D0024,2026-02-07 14:07:45.287942,91
D_STR03989,D_U0027,D0026,2026-02-22 23:53:24.943498,162
D_STR03990,D_U0001,D0018,2026-02-26 14:07:27.757723,97
D_STR03991,D_U0042,D0037,2026-02-01 02:02:41.062762,91
D_STR03992,D_U0041,D0044,2026-02-08 11:17:03.283736,127
D_STR03993,D_U0023,D0027,2026-02-18 13:43:10.254683,10
D_STR03994,D_U0061,D0036,2026-02-23 09:46:02.550195,306
D_STR03995,D_U0093,D0038,2026-02-24 17:27:39.591254,90
D_STR03996,D_U0098,D0047,2026-02-04 07:47:27.872392,158
D_STR03997,D_U0087,D0032,2026-03-01 13:37:42.445747,246
D_STR03998,D_U0056,D0049,2026-02-24 21:08:47.199048,67
D_STR03999,D_U0092,D0031,2026-02-18 01:02:01.990717,51
D_STR04000,D_U0077,D0034,2026-02-13 00:58:25.449980,191
D_STR04001,D_U0016,D0049,2026-02-21 06:43:26.511958,74
D_STR04002,D_U0017,D0048,2026-02-08 03:38:54.632137,171
D_STR04003,D_U0041,D0046,2026-02-14 20:33:31.616288,160
D_STR04004,D_U0065,D0050,2026-02-24 12:16:07.664939,222
D_STR04005,D_U0041,D0048,2026-02-17 11:14:14.809975,140
D_STR04006,D_U0025,D0047,2026-02-23 05:03:02.957702,257
D_STR04007,D_U0009,D0040,2026-02-26 03:00:27.405875,62
D_STR04008,D_U0003,D0045,2026-02-17 12:19:46.727731,147
D_STR04009,D_U0008,D0046,2026-02-25 17:48:55.453261,98
D_STR04010,D_U0035,D0040,2026-02-24 23:57:04.791610,109
D_STR04011,D_U0009,D0017,2026-02-05 01:41:29.792153,63
D_STR04012,D_U0017,D0044,2026-02-04 11:54:42.297435,195
D_STR04013,D_U0091,D0040,2026-03-01 13:17:57.346045,55
D_STR04014,D_U0067,D0040,2026-02-01 09:30:39.920659,28
D_STR04015,D_U0031,D0048,2026-02-26 15:44:27.289308,112
D_STR04016,D_U0093,D0023,2026-02-06 22:15:26.382513,237
D_STR04017,D_U0033,D0028,2026-02-06 01:07:01.122012,131
D_STR04018,D_U0055,D0050,2026-02-08 13:10:35.988943,238
D_STR04019,D_U0004,D0049,2026-02-25 17:29:28.761386,54
D_STR04020,D_U0077,D0030,2026-01-31 18:46:56.944024,7
D_STR04021,D_U0087,D0047,2026-02-15 07:08:36.138163,166
D_STR04022,D_U0012,D0030,2026-02-06 19:59:48.561455,96
D_STR04023,D_U0092,D0024,2026-02-18 23:21:28.891176,251
D_STR04024,D_U0044,D0041,2026-02-11 19:10:57.763646,138
D_STR04025,D_U0062,D0049,2026-02-19 09:22:13.931447,101
D_STR04026,D_U0088,D0022,2026-02-02 03:28:53.346923,168
D_STR04027,D_U0046,D0050,2026-02-16 00:48:57.296912,23
D_STR04028,D_U0092,D0033,2026-02-15 00:45:30.925687,84
D_STR04029,D_U0047,D0046,2026-02-01 08:05:31.237716,129
D_STR04030,D_U0007,D0045,2026-02-22 21:45:30.854431,38
D_STR04031,D_U0062,D0034,2026-02-14 10:39:33.695539,8
D_STR04032,D_U0003,D0045,2026-02-26 04:11:27.282857,174
D_STR04033,D_U0076,D0043,2026-02-10 18:25:44.859509,66
D_STR04034,D_U0090,D0019,2026-01-31 18:20:50.813461,55
D_STR04035,D_U0060,D0050,2026-02-05 14:24:48.534022,220
D_STR04036,D_U0099,D0049,2026-02-05 12:58:30.405977,24
D_STR04037,D_U0065,D0037,2026-02-22 01:23:11.793158,133
D_STR04038,D_U0097,D0047,2026-02-08 06:08:40.984770,113
D_STR04039,D_U0098,D0031,2026-02-08 12:54:44.537094,107
D_STR04040,D_U0024,D0043,2026-02-01 01:05:43.971002,22
D_STR04041,D_U0057,D0041,2026-02-20 13:29:02.087882,97
D_STR04042,D_U0098,D0049,2026-02-18 21:24:43.332565,92
D_STR04043,D_U0045,D0021,2026-02-16 16:45:35.713720,116
D_STR04044,D_U0080,D0045,2026-02-17 05:04:22.406389,42
D_STR04045,D_U0035,D0018,2026-02-18 15:32:17.964137,204
D_STR04046,D_U0050,D0044,2026-02-26 19:59:36.795596,52
D_STR04047,D_U0078,D0029,2026-02-14 18:24:13.618327,195
D_STR04048,D_U0025,D0029,2026-02-19 19:18:17.236595,120
D_STR04049,D_U0040,D0023,2026-02-20 07:47:38.504703,183
D_STR04050,D_U0008,D0020,2026-01-31 12:14:37.695121,52
D_STR04051,D_U0090,D0039,2026-02-25 17:02:10.995900,90
D_STR04052,D_U0028,D0031,2026-02-14 11:02:30.383407,70
D_STR04053,D_U0032,D0045,2026-02-23 21:02:02.667178,193
D_STR04054,D_U0068,D0016,2026-02-01 17:20:14.542938,89
D_STR04055,D_U0076,D0044,2026-02-08 02:00:09.172837,313
D_STR04056,D_U0012,D0012,2026-02-09 05:13:03.430350,178
D_STR04057,D_U0027,D0047,2026-02-25 03:36:23.142992,255
D_STR04058,D_U0029,D0018,2026-02-28 18:39:10.224139,261
D_STR04059,D_U0009,D0026,2026-02-03 19:11:02.107820,29
D_STR04060,D_U0052,D0031,2026-02-16 15:15:10.314417,130
D_STR04061,D_U0039,D0044,2026-02-18 07:34:51.953713,271
D_STR04062,D_U0081,D0047,2026-02-04 22:45:52.704910,218
D_STR04063,D_U0026,D0020,2026-02-26 11:49:57.057522,63
D_STR04064,D_U0059,D0023,2026-02-28 19:07:58.579716,161
D_STR04065,D_U0003,D0049,2026-02-17 05:05:33.004054,56
D_STR04066,D_U0009,D0032,2026-02-10 02:38:19.035930,22
D_STR04067,D_U0032,D0038,2026-02-04 20:37:49.135969,43
D_STR04068,D_U0082,D0005,2026-02-07 09:45:35.242740,138
D_STR04069,D_U0069,D0050,2026-02-04 05:46:17.188982,256
D_STR04070,D_U0076,D0048,2026-02-12 10:53:11.980294,250
D_STR04071,D_U0069,D0024,2026-02-20 03:50:38.582272,288
D_STR04072,D_U0005,D0049,2026-01-31 13:16:50.648258,68
D_STR04073,D_U0014,D0029,2026-01-31 22:53:17.394176,28
D_STR04074,D_U0047,D0029,2026-02-11 23:35:58.880716,202
D_STR04075,D_U0044,D0039,2026-02-06 08:44:08.412446,107
D_STR04076,D_U0072,D0040,2026-02-16 03:48:20.385986,14
D_STR04077,D_U0092,D0025,2026-02-02 17:14:18.417246,44
D_STR04078,D_U0056,D0049,2026-02-22 05:11:22.959158,33
D_STR04079,D_U0069,D0045,2026-02-08 22:35:24.728076,32
D_STR04080,D_U0029,D0021,2026-03-01 05:44:14.182376,265
D_STR04081,D_U0062,D0018,2026-02-05 17:13:09.712406,9
D_STR04082,D_U0040,D0046,2026-02-26 19:17:31.364726,182
D_STR04083,D_U0074,D0019,2026-02-28 09:37:49.467652,97
D_STR04084,D_U0047,D0023,2026-02-11 01:06:19.220246,5
D_STR04085,D_U0061,D0045,2026-02-04 14:11:09.120761,51
D_STR04086,D_U0012,D0027,2026-03-01 18:52:44.985234,114
D_STR04087,D_U0069,D0050,2026-02-19 16:04:12.379934,23
D_STR04088,D_U0022,D0045,2026-02-20 18:42:49.669952,187
D_STR04089,D_U0016,D0038,2026-02-16 02:06:15.863476,29
D_STR04090,D_U0017,D0022,2026-02-01 03:24:36.752144,84
D_STR04091,D_U0078,D0041,2026-02-20 22:31:35.343560,101
D_STR04092,D_U0045,D0011,2026-02-17 19:18:55.353573,128
D_STR04093,D_U0023,D0040,2026-02-20 05:07:23.463587,49
D_STR04094,D_U0084,D0028,2026-03-01 17:12:57.790255,156
D_STR04095,D_U0074,D0031,2026-02-23 05:49:04.418616,57
D_STR04096,D_U0047,D0029,2026-02-27 08:45:49.270110,82
D_STR04097,D_U0067,D0047,2026-02-13 04:41:21.036288,218
D_STR04098,D_U0027,D0047,2026-02-06 03:10:33.905369,233
D_STR04099,D_U0084,D0043,2026-02-01 05:00:50.377032,64
D_STR04100,D_U0099,D0042,2026-02-11 14:16:29.279327,159
D_STR04101,D_U0052,D0021,2026-02-17 08:41:50.924606,214
D_STR04102,D_U0059,D0049,2026-02-26 04:09:28.562735,104
D_STR04103,D_U0089,D0040,2026-02-01 20:01:30.904710,132
D_STR04104,D_U0057,D0045,2026-02-03 02:14:23.844393,96
D_STR04105,D_U0016,D0034,2026-02-28 01:20:15.760722,194
D_STR04106,D_U0041,D0029,2026-02-01 22:41:33.575091,245
D_STR04107,D_U0058,D0042,2026-02-22 20:54:42.317803,40
D_STR04108,D_U0022,D0045,2026-01-31 20:58:01.640304,12
D_STR04109,D_U0052,D0005,2026-02-15 02:31:35.628369,17
D_STR04110,D_U0024,D0033,2026-02-13 14:17:51.695285,67
D_STR04111,D_U0032,D0044,2026-02-20 06:28:47.100305,200
D_STR04112,D_U0027,D0045,2026-02-26 07:19:45.173786,66
D_STR04113,D_U0055,D0042,2026-03-01 22:37:09.920903,74
D_STR04114,D_U0058,D0037,2026-02-23 18:26:10.149245,68
D_STR04115,D_U0015,D0034,2026-02-26 14:46:57.737245,199
D_STR04116,D_U0075,D0049,2026-02-11 17:04:53.669320,74
D_STR04117,D_U0052,D0030,2026-02-24 16:06:21.936145,148
D_STR04118,D_U0076,D0013,2026-02-11 12:07:08.281469,15
D_STR04119,D_U0007,D0008,2026-02-06 06:12:42.973146,297
D_STR04120,D_U0074,D0025,2026-02-01 17:22:41.836632,51
D_STR04121,D_U0010,D0050,2026-02-14 15:28:02.401566,331
D_STR04122,D_U0092,D0040,2026-02-04 21:53:55.743876,44
D_STR04123,D_U0058,D0047,2026-02-02 04:15:18.693435,76
D_STR04124,D_U0072,D0046,2026-02-01 13:42:49.400440,156
D_STR04125,D_U0065,D0021,2026-02-01 09:36:07.141440,254
D_STR04126,D_U0059,D0030,2026-03-01 10:16:59.608099,79
D_STR04127,D_U0062,D0050,2026-02-02 21:46:34.638198,201
D_STR04128,D_U0019,D0044,2026-02-18 19:45:36.269718,260
D_STR04129,D_U0044,D0033,2026-02-24 09:40:32.101210,147
D_STR04130,D_U0034,D0050,2026-02-21 10:13:15.993947,253
D_STR04131,D_U0061,D0045,2026-02-25 16:09:06.684056,188
D_STR04132,D_U0015,D0028,2026-02-26 23:11:01.351940,125
D_STR04133,D_U0047,D0029,2026-02-26 17:33:07.831560,99
D_STR04134,D_U0085,D0049,2026-02-06 13:19:19.169203,96
D_STR04135,D_U0011,D0045,2026-02-25 07:43:51.801367,113
D_STR04136,D_U0090,D0046,2026-02-10 07:26:00.203709,181
D_STR04137,D_U0034,D0050,2026-02-12 00:12:39.354571,180
D_STR04138,D_U0050,D0012,2026-02-24 20:00:10.161316,165
D_STR04139,D_U0061,D0047,2026-02-25 18:35:15.888487,174
D_STR04140,D_U0094,D0014,2026-02-18 11:24:12.343315,115
D_STR04141,D_U0044,D0010,2026-02-01 14:14:01.536434,14
D_STR04142,D_U0012,D0041,2026-02-15 03:00:40.166885,208
D_STR04143,D_U0004,D0040,2026-02-20 23:39:33.340782,64
D_STR04144,D_U0100,D0043,2026-02-06 02:54:12.079088,20
D_STR04145,D_U0100,D0030,2026-02-09 09:04:34.902231,48
D_STR04146,D_U0088,D0038,2026-02-21 10:10:02.504378,107
D_STR04147,D_U0051,D0015,2026-02-13 00:06:56.097247,84
D_STR04148,D_U0074,D0047,2026-02-24 15:58:19.130632,151
D_STR04149,D_U0064,D0038,2026-02-21 10:39:28.259852,63
D_STR04150,D_U0085,D0035,2026-02-21 11:56:00.403844,151
D_STR04151,D_U0087,D0036,2026-02-16 14:55:52.909401,90
D_STR04152,D_U0050,D0025,2026-02-14 15:00:36.467594,27
D_STR04153,D_U0073,D0026,2026-02-28 23:47:40.241992,234
D_STR04154,D_U0074,D0036,2026-01-31 13:00:08.739732,166
D_STR04155,D_U0094,D0020,2026-02-19 15:19:37.686590,127
D_STR04156,D_U0099,D0010,2026-02-18 12:29:35.534857,84
D_STR04157,D_U0040,D0031,2026-02-09 11:04:46.502901,48
D_STR04158,D_U0100,D0050,2026-02-04 08:35:23.572213,72
D_STR04159,D_U0082,D0048,2026-02-08 22:29:20.146132,192
D_STR04160,D_U0085,D0034,2026-02-27 12:46:26.492893,109
D_STR04161,D_U0067,D0046,2026-02-10 23:39:10.312512,54
D_STR04162,D_U0078,D0025,2026-02-09 20:21:23.382675,31
D_STR04163,D_U0089,D0046,2026-02-10 23:33:40.061283,95
D_STR04164,D_U0038,D0049,2026-02-21 20:44:53.583471,86
D_STR04165,D_U0044,D0039,2026-02-28 14:58:08.511817,89
D_STR04166,D_U0098,D0020,2026-02-03 04:07:07.355870,51
D_STR04167,D_U0004,D0049,2026-02-27 01:42:10.756314,63
D_STR04168,D_U0061,D0042,2026-02-01 02:04:25.779313,35
D_STR04169,D_U0016,D0006,2026-02-16 12:14:13.215207,79
D_STR04170,D_U0082,D0035,2026-02-24 03:52:57.059858,322
D_STR04171,D_U0005,D0027,2026-02-12 04:36:11.752622,48
D_STR04172,D_U0025,D0023,2026-02-22 07:53:17.971124,195
D_STR04173,D_U0030,D0027,2026-02-25 17:07:37.643723,153
D_STR04174,D_U0100,D0026,2026-02-28 23:43:22.139447,44
D_STR04175,D_U0025,D0047,2026-02-14 04:14:00.558281,132
D_STR04176,D_U0091,D0018,2026-02-14 18:50:32.557737,64
D_STR04177,D_U0031,D0025,2026-02-22 15:19:36.697138,144
D_STR04178,D_U0039,D0015,2026-02-14 13:47:42.362717,237
D_STR04179,D_U0063,D0027,2026-02-09 21:28:38.590792,82
D_STR04180,D_U0007,D0023,2026-02-15 05:55:07.382035,93
D_STR04181,D_U0025,D0021,2026-02-04 14:44:39.801199,107
D_STR04182,D_U0095,D0040,2026-02-13 08:06:21.729054,125
D_STR04183,D_U0075,D0032,2026-02-28 06:38:28.262502,216
D_STR04184,D_U0062,D0027,2026-02-04 01:36:04.533253,138
D_STR04185,D_U0013,D0023,2026-02-10 16:44:15.332413,187
D_STR04186,D_U0059,D0049,2026-02-18 08:19:31.100492,65
D_STR04187,D_U0068,D0028,2026-02-01 16:10:50.475179,185
D_STR04188,D_U0004,D0016,2026-02-11 18:43:47.765189,229
D_STR04189,D_U0032,D0048,2026-02-17 11:27:26.190299,88
D_STR04190,D_U0058,D0027,2026-02-27 14:15:29.518792,192
D_STR04191,D_U0085,D0048,2026-02-09 06:56:43.822900,110
D_STR04192,D_U0007,D0043,2026-02-01 06:48:40.127875,15
D_STR04193,D_U0070,D0026,2026-02-28 16:28:44.240676,63
D_STR04194,D_U0037,D0044,2026-02-26 06:44:21.230386,60
D_STR04195,D_U0070,D0026,2026-02-07 22:41:39.137965,241
D_STR04196,D_U0092,D0047,2026-02-24 11:11:38.660882,123
D_STR04197,D_U0033,D0022,2026-02-24 12:25:18.961921,138
D_STR04198,D_U0031,D0018,2026-02-10 19:59:12.785506,294
D_STR04199,D_U0029,D0046,2026-02-16 08:37:09.466157,126
D_STR04200,D_U0065,D0039,2026-02-03 00:00:01.282313,171
D_STR04201,D_U0045,D0044,2026-02-26 10:44:23.374812,61
D_STR04202,D_U0047,D0046,2026-02-01 20:52:45.048406,150
D_STR04203,D_U0061,D0048,2026-02-18 01:44:59.890398,174
D_STR04204,D_U0003,D0036,2026-03-01 16:10:23.989392,242
D_STR04205,D_U0024,D0022,2026-02-09 05:47:34.772996,215
D_STR04206,D_U0023,D0026,2026-02-25 06:07:31.793330,85
D_STR04207,D_U0094,D0046,2026-02-22 13:39:02.336818,131
D_STR04208,D_U0043,D0043,2026-02-02 03:09:27.790380,132
D_STR04209,D_U0067,D0013,2026-02-04 10:29:35.642492,153
D_STR04210,D_U0068,D0015,2026-02-22 16:35:38.988553,127
D_STR04211,D_U0100,D0025,2026-02-21 05:23:21.536113,38
D_STR04212,D_U0039,D0014,2026-02-18 18:12:12.474958,104
D_STR04213,D_U0055,D0034,2026-02-13 05:28:55.797822,28
D_STR04214,D_U0040,D0047,2026-02-05 01:12:01.899442,244
D_STR04215,D_U0017,D0039,2026-02-11 02:05:52.306585,107
D_STR04216,D_U0014,D0045,2026-02-09 16:52:54.098567,132
D_STR04217,D_U0018,D0033,2026-02-27 10:30:20.886137,90
D_STR04218,D_U0047,D0038,2026-02-16 16:04:32.180718,111
D_STR04219,D_U0031,D0033,2026-02-13 08:39:28.178107,9
D_STR04220,D_U0058,D0008,2026-02-21 22:46:46.137464,84
D_STR04221,D_U0022,D0035,2026-02-06 01:30:58.072590,113
D_STR04222,D_U0020,D0041,2026-02-05 05:11:48.501919,184
D_STR04223,D_U0050,D0024,2026-02-12 06:37:11.590105,269
D_STR04224,D_U0053,D0048,2026-02-14 18:56:06.451829,223
D_STR04225,D_U0002,D0039,2026-02-05 07:38:50.632703,127
D_STR04226,D_U0082,D0020,2026-02-11 11:28:53.697809,115
D_STR04227,D_U0086,D0024,2026-02-15 05:11:33.828957,32
D_STR04228,D_U0075,D0045,2026-02-26 22:57:52.732402,61
D_STR04229,D_U0083,D0049,2026-02-10 21:24:15.610201,64
D_STR04230,D_U0051,D0012,2026-02-09 06:42:30.830587,188
D_STR04231,D_U0061,D0043,2026-02-24 01:16:32.562969,150
D_STR04232,D_U0100,D0030,2026-02-04 18:51:28.155895,135
D_STR04233,D_U0077,D0006,2026-02-19 15:28:23.527766,25
D_STR04234,D_U0008,D0044,2026-02-02 17:44:35.431755,190
D_STR04235,D_U0067,D0043,2026-02-11 03:26:44.143335,84
D_STR04236,D_U0040,D0015,2026-02-13 23:54:05.802353,243
D_STR04237,D_U0083,D0020,2026-02-20 04:36:38.791728,120
D_STR04238,D_U0094,D0042,2026-02-19 09:33:59.670982,66
D_STR04239,D_U0053,D0041,2026-02-10 12:58:02.082326,171
D_STR04240,D_U0081,D0009,2026-02-08 23:08:49.867253,90
D_STR04241,D_U0010,D0018,2026-02-23 13:09:49.843938,187
D_STR04242,D_U0085,D0044,2026-02-28 20:02:14.981900,229
D_STR04243,D_U0009,D0027,2026-02-16 20:57:52.049701,32
D_STR04244,D_U0036,D0045,2026-02-06 10:34:35.793442,51
D_STR04245,D_U0048,D0028,2026-02-16 13:27:02.993400,63
D_STR04246,D_U0064,D0037,2026-02-05 19:41:46.537765,64
D_STR04247,D_U0094,D0019,2026-02-03 19:16:35.930880,280
D_STR04248,D_U0058,D0028,2026-02-07 00:10:48.042763,29
D_STR04249,D_U0003,D0026,2026-02-10 02:44:27.975651,193
D_STR04250,D_U0078,D0025,2026-02-18 09:22:26.296114,148
D_STR04251,D_U0035,D0050,2026-02-21 07:09:39.448414,158
D_STR04252,D_U0001,D0040,2026-02-21 02:06:53.116851,128
D_STR04253,D_U0034,D0035,2026-02-26 00:07:43.415876,83
D_STR04254,D_U0086,D0018,2026-02-26 10:07:36.390635,249
D_STR04255,D_U0051,D0008,2026-02-03 07:17:05.540011,188
D_STR04256,D_U0077,D0017,2026-02-08 11:39:16.886579,97
D_STR04257,D_U0084,D0021,2026-02-04 07:41:29.119740,261
D_STR04258,D_U0009,D0046,2026-02-12 22:52:44.001591,128
D_STR04259,D_U0018,D0049,2026-02-09 21:14:45.124466,43
D_STR04260,D_U0054,D0030,2026-02-13 17:40:09.886957,134
D_STR04261,D_U0047,D0004,2026-02-10 03:28:23.120935,83
D_STR04262,D_U0007,D0021,2026-02-22 13:21:07.376604,234
D_STR04263,D_U0010,D0033,2026-02-21 18:23:45.231863,110
D_STR04264,D_U0058,D0040,2026-02-24 00:36:17.785916,53
D_STR04265,D_U0033,D0039,2026-02-27 07:03:49.156950,81
D_STR04266,D_U0091,D0031,2026-03-01 22:52:27.575242,93
D_STR04267,D_U0055,D0048,2026-02-05 07:03:59.007635,31
D_STR04268,D_U0068,D0011,2026-02-27 07:15:50.165293,248
D_STR04269,D_U0049,D0044,2026-02-24 19:01:41.857878,243
D_STR04270,D_U0044,D0045,2026-02-14 19:11:28.392325,173
D_STR04271,D_U0093,D0020,2026-02-24 23:40:44.675317,130
D_STR04272,D_U0080,D0031,2026-02-10 03:10:02.416497,10
D_STR04273,D_U0042,D0041,2026-02-24 19:11:48.606545,80
D_STR04274,D_U0056,D0045,2026-02-19 17:32:11.457692,160
D_STR04275,D_U0022,D0015,2026-02-13 19:03:59.929533,164
D_STR04276,D_U0071,D0041,2026-02-23 06:05:41.978998,30
D_STR04277,D_U0060,D0037,2026-02-18 20:02:20.414531,146
D_STR04278,D_U0047,D0047,2026-02-21 20:10:24.257338,283
D_STR04279,D_U0071,D0018,2026-02-12 23:40:21.486086,96
D_STR04280,D_U0070,D0017,2026-02-24 20:35:17.873210,6
D_STR04281,D_U0034,D0033,2026-02-08 03:13:56.227456,170
D_STR04282,D_U0073,D0046,2026-02-28 10:32:15.788186,146
D_STR04283,D_U0046,D0028,2026-02-24 21:05:23.386432,267
D_STR04284,D_U0032,D0026,2026-02-05 05:59:05.669061,136
D_STR04285,D_U0098,D0034,2026-02-10 20:26:30.740893,32
D_STR04286,D_U0044,D0042,2026-02-26 02:07:31.941987,267
D_STR04287,D_U0085,D0037,2026-02-28 01:03:59.661245,57
D_STR04288,D_U0067,D0047,2026-02-22 02:18:41.819655,256
D_STR04289,D_U0021,D0024,2026-02-24 04:01:34.776863,278
D_STR04290,D_U0036,D0034,2026-02-03 20:25:07.854601,209
D_STR04291,D_U0056,D0041,2026-02-09 23:11:49.385150,41
D_STR04292,D_U0056,D0038,2026-02-21 09:09:23.906029,98
D_STR04293,D_U0066,D0050,2026-02-22 15:09:36.230451,171
D_STR04294,D_U0030,D0048,2026-02-17 06:49:50.720978,161
D_STR04295,D_U0077,D0013,2026-02-10 17:27:06.522440,173
D_STR04296,D_U0030,D0040,2026-02-14 11:40:06.272923,42
D_STR04297,D_U0031,D0039,2026-02-23 07:59:25.597095,162
D_STR04298,D_U0007,D0028,2026-02-23 07:40:43.997825,240
D_STR04299,D_U0036,D0049,2026-02-03 05:31:47.360134,59
D_STR04300,D_U0051,D0050,2026-02-12 07:38:01.071192,305
D_STR04301,D_U0003,D0025,2026-02-22 23:06:41.039900,188
D_STR04302,D_U0094,D0010,2026-02-19 13:24:14.749671,125
D_STR04303,D_U0003,D0045,2026-02-01 05:21:30.983521,45
D_STR04304,D_U0091,D0049,2026-01-31 11:28:44.219978,6
D_STR04305,D_U0037,D0046,2026-02-25 04:42:57.901738,87
D_STR04306,D_U0055,D0032,2026-01-31 23:14:29.833345,113
D_STR04307,D_U0078,D0028,2026-02-26 15:56:27.944774,10
D_STR04308,D_U0018,D0045,2026-02-13 05:46:01.397685,113
D_STR04309,D_U0079,D0023,2026-02-12 04:15:14.692964,179
D_STR04310,D_U0050,D0014,2026-02-03 00:54:37.821977,211
D_STR04311,D_U0045,D0019,2026-02-27 17:22:25.932410,270
D_STR04312,D_U0097,D0040,2026-02-28 23:14:48.142937,70
D_STR04313,D_U0078,D0050,2026-02-28 16:52:50.278686,257
D_STR04314,D_U0039,D0049,2026-02-12 21:57:00.093933,98
D_STR04315,D_U0023,D0029,2026-02-21 05:16:27.456438,129
D_STR04316,D_U0033,D0049,2026-02-11 12:56:04.808564,110
D_STR04317,D_U0002,D0018,2026-02-06 01:06:18.342366,23
D_STR04318,D_U0062,D0039,2026-02-09 18:57:23.169420,218
D_STR04319,D_U0073,D0047,2026-03-01 09:29:03.302989,214
D_STR04320,D_U0069,D0043,2026-02-24 22:43:00.916786,113
D_STR04321,D_U0096,D0030,2026-02-26 13:27:50.463793,82
D_STR04322,D_U0086,D0047,2026-02-24 16:18:26.964643,139
D_STR04323,D_U0076,D0032,2026-02-26 00:45:45.106489,174
D_STR04324,D_U0066,D0024,2026-02-15 20:00:10.241735,169
D_STR04325,D_U0038,D0050,2026-02-23 05:04:44.299672,128
D_STR04326,D_U0007,D0007,2026-02-06 23:40:31.719383,297
D_STR04327,D_U0016,D0030,2026-01-31 12:42:08.941061,157
D_STR04328,D_U0031,D0015,2026-02-15 10:26:36.195575,76
D_STR04329,D_U0018,D0036,2026-02-05 16:34:11.198547,49
D_STR04330,D_U0100,D0039,2026-02-10 06:55:29.759557,311
D_STR04331,D_U0023,D0014,2026-02-12 19:41:44.847137,190
D_STR04332,D_U0012,D0047,2026-02-07 09:10:36.614369,131
D_STR04333,D_U0057,D0027,2026-02-13 12:28:43.436143,131
D_STR04334,D_U0012,D0044,2026-02-21 14:56:50.597857,286
D_STR04335,D_U0012,D0022,2026-02-17 05:44:12.273527,116
D_STR04336,D_U0005,D0021,2026-02-27 14:06:34.410374,135
D_STR04337,D_U0007,D0034,2026-02-27 01:58:13.744486,77
D_STR04338,D_U0053,D0043,2026-02-26 12:59:57.551902,69
D_STR04339,D_U0022,D0018,2026-02-09 09:13:36.946538,157
D_STR04340,D_U0026,D0043,2026-02-18 11:50:56.669746,136
D_STR04341,D_U0057,D0039,2026-02-14 17:07:51.890634,42
D_STR04342,D_U0080,D0041,2026-02-22 04:50:14.894115,67
D_STR04343,D_U0039,D0033,2026-02-26 16:43:48.470095,59
D_STR04344,D_U0019,D0044,2026-02-20 23:31:52.024683,261
D_STR04345,D_U0022,D0032,2026-02-17 04:42:50.213624,280
D_STR04346,D_U0040,D0046,2026-02-01 23:08:24.419211,49
D_STR04347,D_U0028,D0050,2026-03-02 04:37:55.002690,186
D_STR04348,D_U0095,D0050,2026-02-20 03:59:43.704274,201
D_STR04349,D_U0081,D0010,2026-02-27 20:57:25.043137,121
D_STR04350,D_U0076,D0039,2026-02-16 16:48:58.565783,226
D_STR04351,D_U0051,D0049,2026-02-17 08:33:14.050118,89
D_STR04352,D_U0069,D0043,2026-02-03 15:35:56.733998,86
D_STR04353,D_U0083,D0031,2026-02-05 07:01:58.041148,64
D_STR04354,D_U0054,D0027,2026-02-23 06:37:33.823999,173
D_STR04355,D_U0021,D0031,2026-02-02 08:43:43.285007,135
D_STR04356,D_U0016,D0029,2026-02-05 20:43:13.420815,319
D_STR04357,D_U0018,D0038,2026-02-03 06:36:23.081328,39
D_STR04358,D_U0081,D0011,2026-02-14 16:43:39.923763,15
D_STR04359,D_U0049,D0033,2026-02-23 06:33:36.703273,29
D_STR04360,D_U0075,D0027,2026-02-23 09:29:06.558555,47
D_STR04361,D_U0044,D0027,2026-02-04 02:42:11.873233,172
D_STR04362,D_U0051,D0049,2026-02-16 18:01:10.576242,45
D_STR04363,D_U0036,D0037,2026-02-24 19:18:56.214368,110
D_STR04364,D_U0028,D0025,2026-02-19 13:53:30.398424,44
D_STR04365,D_U0001,D0013,2026-02-18 23:32:10.324438,125
D_STR04366,D_U0055,D0023,2026-02-17 13:41:17.589620,134
D_STR04367,D_U0036,D0036,2026-01-31 18:56:59.288566,68
D_STR04368,D_U0057,D0026,2026-03-02 04:41:34.074936,66
D_STR04369,D_U0082,D0041,2026-02-13 13:06:33.736476,97
D_STR04370,D_U0088,D0048,2026-02-11 04:50:25.819984,206
D_STR04371,D_U0009,D0034,2026-02-12 15:38:07.588339,121
D_STR04372,D_U0013,D0018,2026-02-27 02:57:00.771560,25
D_STR04373,D_U0053,D0042,2026-02-28 21:03:42.829589,29
D_STR04374,D_U0096,D0016,2026-02-19 05:52:30.407355,205
D_STR04375,D_U0069,D0045,2026-02-19 06:44:59.839444,51
D_STR04376,D_U0016,D0033,2026-02-23 05:24:58.045513,52
D_STR04377,D_U0053,D0019,2026-02-26 02:53:28.056939,206
D_STR04378,D_U0039,D0044,2026-02-28 21:14:08.929816,48
D_STR04379,D_U0037,D0039,2026-02-03 19:18:41.118632,245
D_STR04380,D_U0078,D0028,2026-02-10 19:45:06.119385,82
D_STR04381,D_U0084,D0029,2026-02-23 07:17:15.297589,47
D_STR04382,D_U0060,D0019,2026-02-17 22:34:21.167143,202
D_STR04383,D_U0007,D0043,2026-02-23 04:46:02.602772,69
D_STR04384,D_U0065,D0042,2026-02-20 02:50:09.361358,100
D_STR04385,D_U0075,D0039,2026-02-26 11:13:45.129350,201
D_STR04386,D_U0061,D0024,2026-02-18 07:15:21.890596,239
D_STR04387,D_U0077,D0042,2026-02-11 06:35:05.580818,6
D_STR04388,D_U0088,D0017,2026-02-15 14:23:02.158224,7
D_STR04389,D_U0020,D0037,2026-02-28 06:43:07.119766,125
D_STR04390,D_U0099,D0031,2026-02-04 17:38:06.946159,149
D_STR04391,D_U0085,D0043,2026-02-12 01:57:17.823926,29
D_STR04392,D_U0097,D0031,2026-02-10 14:39:14.442596,20
D_STR04393,D_U0027,D0043,2026-02-06 19:01:14.296093,104
D_STR04394,D_U0055,D0040,2026-02-28 04:28:02.220475,81
D_STR04395,D_U0022,D0026,2026-02-28 19:46:00.756898,31
D_STR04396,D_U0066,D0050,2026-02-13 22:42:25.524770,108
D_STR04397,D_U0086,D0015,2026-02-08 19:17:34.647261,52
D_STR04398,D_U0025,D0034,2026-03-01 22:08:34.565872,48
D_STR04399,D_U0085,D0048,2026-02-19 18:44:53.438087,219
D_STR04400,D_U0071,D0047,2026-02-02 08:19:44.371311,223
D_STR04401,D_U0042,D0027,2026-02-12 17:50:48.267422,212
D_STR04402,D_U0005,D0044,2026-02-13 12:08:45.983053,244
D_STR04403,D_U0020,D0041,2026-01-31 16:04:31.578960,56
D_STR04404,D_U0002,D0034,2026-02-12 01:36:41.026688,67
D_STR04405,D_U0070,D0041,2026-02-22 02:33:21.360350,141
D_STR04406,D_U0036,D0008,2026-02-22 07:27:19.674438,182
D_STR04407,D_U0082,D0039,2026-02-13 02:26:54.174056,46
D_STR04408,D_U0080,D0038,2026-01-31 16:15:33.228090,87
D_STR04409,D_U0003,D0035,2026-02-21 14:05:39.118821,135
D_STR04410,D_U0011,D0047,2026-02-04 22:35:45.535975,188
D_STR04411,D_U0072,D0039,2026-02-10 22:29:44.530592,346
D_STR04412,D_U0004,D0037,2026-02-17 16:23:50.839015,17
D_STR04413,D_U0098,D0015,2026-02-25 18:11:58.293167,227
D_STR04414,D_U0048,D0021,2026-02-05 07:54:51.045487,112
D_STR04415,D_U0071,D0049,2026-02-02 12:53:46.491771,22
D_STR04416,D_U0019,D0025,2026-02-21 16:17:31.446734,42
D_STR04417,D_U0028,D0045,2026-02-12 12:38:25.651126,116
D_STR04418,D_U0050,D0023,2026-02-27 09:04:42.911157,219
D_STR04419,D_U0082,D0028,2026-02-26 20:13:41.082669,129
D_STR04420,D_U0023,D0049,2026-02-19 06:54:03.670101,98
D_STR04421,D_U0062,D0032,2026-02-04 13:48:21.972728,276
D_STR04422,D_U0007,D0031,2026-02-01 16:10:15.726243,140
D_STR04423,D_U0014,D0012,2026-02-24 07:23:19.724246,203
D_STR04424,D_U0033,D0033,2026-02-21 21:38:41.699161,8
D_STR04425,D_U0007,D0050,2026-02-17 14:34:30.061465,178
D_STR04426,D_U0079,D0041,2026-02-22 17:53:51.005551,168
D_STR04427,D_U0039,D0039,2026-02-08 15:32:43.589392,140
D_STR04428,D_U0079,D0021,2026-02-04 16:48:26.024844,133
D_STR04429,D_U0044,D0049,2026-02-22 22:22:35.441390,50
D_STR04430,D_U0011,D0032,2026-02-21 06:46:01.327288,145
D_STR04431,D_U0007,D0014,2026-02-24 05:39:13.816733,172
D_STR04432,D_U0049,D0049,2026-02-07 21:44:34.271945,58
D_STR04433,D_U0010,D0045,2026-02-03 10:08:57.152539,15
D_STR04434,D_U0050,D0039,2026-02-10 08:50:02.165731,143
D_STR04435,D_U0058,D0049,2026-02-26 05:29:19.787596,55
D_STR04436,D_U0006,D0045,2026-02-06 14:36:09.428014,73
D_STR04437,D_U0096,D0049,2026-02-09 09:08:12.765886,7
D_STR04438,D_U0031,D0027,2026-02-03 02:25:01.594325,77
D_STR04439,D_U0034,D0041,2026-02-08 06:39:22.499537,125
D_STR04440,D_U0060,D0008,2026-02-07 14:12:49.825607,69
D_STR04441,D_U0090,D0005,2026-02-06 02:54:18.311610,82
D_STR04442,D_U0060,D0039,2026-02-02 03:29:47.504555,140
D_STR04443,D_U0019,D0034,2026-02-18 17:55:05.835377,50
D_STR04444,D_U0075,D0036,2026-02-15 23:30:44.708739,331
D_STR04445,D_U0054,D0024,2026-02-19 02:47:08.663912,27
D_STR04446,D_U0052,D0047,2026-02-21 02:22:22.775284,157
D_STR04447,D_U0002,D0021,2026-02-13 11:30:30.108319,132
D_STR04448,D_U0093,D0046,2026-02-13 06:24:14.601048,7
D_STR04449,D_U0053,D0050,2026-02-03 22:08:06.644557,197
D_STR04450,D_U0004,D0040,2026-02-26 07:38:37.607070,99
D_STR04451,D_U0039,D0036,2026-03-01 04:32:37.365157,126
D_STR04452,D_U0043,D0041,2026-02-21 04:32:47.037738,96
D_STR04453,D_U0062,D0020,2026-02-17 07:06:30.812472,95
D_STR04454,D_U0006,D0033,2026-02-27 09:43:59.351610,132
D_STR04455,D_U0063,D0037,2026-02-07 03:50:57.372864,55
D_STR04456,D_U0054,D0029,2026-02-17 01:02:01.450568,116
D_STR04457,D_U0097,D0029,2026-02-18 23:04:13.699621,254
D_STR04458,D_U0040,D0022,2026-02-18 05:44:26.889262,206
D_STR04459,D_U0063,D0023,2026-01-31 19:15:20.130153,142
D_STR04460,D_U0093,D0029,2026-02-19 20:11:26.617098,14
D_STR04461,D_U0006,D0021,2026-02-02 23:06:16.201812,117
D_STR04462,D_U0026,D0021,2026-02-16 17:36:13.518246,247
D_STR04463,D_U0089,D0005,2026-02-07 20:52:07.802495,150
D_STR04464,D_U0098,D0018,2026-02-24 21:46:59.106562,227
D_STR04465,D_U0064,D0050,2026-03-01 14:27:06.131744,107
D_STR04466,D_U0007,D0044,2026-03-01 22:13:21.162452,229
D_STR04467,D_U0074,D0032,2026-02-08 12:11:44.090580,97
D_STR04468,D_U0058,D0044,2026-02-19 20:36:58.044102,332
D_STR04469,D_U0049,D0034,2026-02-28 05:07:13.465645,10
D_STR04470,D_U0006,D0029,2026-02-13 15:57:55.236569,328
D_STR04471,D_U0053,D0041,2026-02-12 18:54:06.807828,180
D_STR04472,D_U0030,D0050,2026-02-01 00:02:06.055743,250
D_STR04473,D_U0099,D0045,2026-02-16 06:42:15.352676,64
D_STR04474,D_U0027,D0037,2026-02-22 16:04:19.242542,154
D_STR04475,D_U0020,D0045,2026-02-11 19:49:41.169759,185
D_STR04476,D_U0036,D0018,2026-02-27 13:57:38.474946,213
D_STR04477,D_U0011,D0040,2026-02-15 12:10:06.883809,104
D_STR04478,D_U0071,D0048,2026-02-05 19:52:59.560117,87
D_STR04479,D_U0047,D0039,2026-02-10 12:24:22.994655,190
D_STR04480,D_U0027,D0027,2026-02-25 09:44:35.497147,9
D_STR04481,D_U0029,D0026,2026-02-15 20:40:08.905478,217
D_STR04482,D_U0068,D0027,2026-02-13 06:54:27.983035,81
D_STR04483,D_U0030,D0049,2026-02-15 10:20:50.897229,54
D_STR04484,D_U0014,D0022,2026-02-01 09:11:55.593565,101
D_STR04485,D_U0077,D0023,2026-02-22 11:59:35.031990,14
D_STR04486,D_U0047,D0047,2026-03-01 23:32:47.169109,146
D_STR04487,D_U0037,D0049,2026-02-24 11:09:53.667366,93
D_STR04488,D_U0017,D0047,2026-02-07 18:15:38.456095,253
D_STR04489,D_U0040,D0050,2026-02-27 09:25:59.920639,216
D_STR04490,D_U0071,D0007,2026-02-06 04:02:41.219729,168
D_STR04491,D_U0090,D0031,2026-02-06 14:44:19.810828,141
D_STR04492,D_U0078,D0011,2026-02-12 00:02:30.390512,261
D_STR04493,D_U0083,D0038,2026-02-13 15:01:20.590706,133
D_STR04494,D_U0028,D0021,2026-02-08 19:23:06.118341,178
D_STR04495,D_U0039,D0026,2026-02-28 04:04:01.678949,75
D_STR04496,D_U0064,D0044,2026-02-20 12:25:26.536700,7
D_STR04497,D_U0012,D0042,2026-02-11 00:19:44.191709,78
D_STR04498,D_U0070,D0044,2026-02-05 11:12:57.003653,221
D_STR04499,D_U0047,D0028,2026-02-18 23:21:00.574928,106
D_STR04500,D_U0052,D0029,2026-02-15 02:27:05.659041,261
D_STR04501,D_U0072,D0043,2026-02-27 17:39:12.664733,54
D_STR04502,D_U0020,D0005,2026-02-03 23:31:40.914647,211
D_STR04503,D_U0097,D0044,2026-02-08 12:48:28.313674,33
D_STR04504,D_U0096,D0032,2026-02-12 11:53:56.720244,140
D_STR04505,D_U0096,D0038,2026-02-12 15:03:43.261553,19
D_STR04506,D_U0092,D0014,2026-02-21 20:54:50.564788,49
D_STR04507,D_U0035,D0027,2026-03-01 23:58:31.853313,191
D_STR04508,D_U0028,D0049,2026-02-07 14:59:58.639740,25
D_STR04509,D_U0083,D0050,2026-02-14 09:03:45.296019,231
D_STR04510,D_U0080,D0026,2026-02-08 03:06:20.784431,265
D_STR04511,D_U0091,D0027,2026-02-04 00:03:23.008966,143
D_STR04512,D_U0008,D0039,2026-02-02 06:28:10.987586,317
D_STR04513,D_U0036,D0037,2026-02-18 15:37:43.103636,48
D_STR04514,D_U0035,D0050,2026-02-21 06:05:47.950273,282
D_STR04515,D_U0013,D0043,2026-02-14 21:43:04.235602,118
D_STR04516,D_U0070,D0048,2026-02-10 20:18:04.909153,238
D_STR04517,D_U0031,D0027,2026-02-15 11:07:24.553639,135
D_STR04518,D_U0092,D0009,2026-02-02 10:55:36.927926,24
D_STR04519,D_U0094,D0028,2026-02-22 04:29:28.706265,283
D_STR04520,D_U0056,D0050,2026-02-24 08:30:48.824590,176
D_STR04521,D_U0001,D0050,2026-02-12 19:02:54.722770,28
D_STR04522,D_U0096,D0042,2026-02-04 23:21:34.669423,181
D_STR04523,D_U0054,D0020,2026-02-10 16:38:32.632565,45
D_STR04524,D_U0089,D0037,2026-02-26 12:44:39.663180,134
D_STR04525,D_U0055,D0048,2026-02-02 05:13:08.108989,49
D_STR04526,D_U0053,D0042,2026-02-08 23:27:44.795581,110
D_STR04527,D_U0006,D0046,2026-02-23 20:26:16.358057,36
D_STR04528,D_U0047,D0039,2026-02-07 09:33:08.803381,121
D_STR04529,D_U0079,D0046,2026-02-25 03:14:50.689107,14
D_STR04530,D_U0005,D0047,2026-02-21 07:02:19.755403,164
D_STR04531,D_U0035,D0033,2026-02-03 03:49:02.350057,140
D_STR04532,D_U0013,D0021,2026-02-17 05:25:42.125680,147
D_STR04533,D_U0082,D0028,2026-03-02 00:54:38.429750,190
D_STR04534,D_U0073,D0039,2026-02-22 14:54:10.817889,260
D_STR04535,D_U0001,D0043,2026-02-01 11:58:10.116873,143
D_STR04536,D_U0087,D0005,2026-02-12 02:52:04.622707,117
D_STR04537,D_U0041,D0018,2026-02-15 21:50:36.986975,216
D_STR04538,D_U0015,D0033,2026-02-06 04:44:34.011538,139
D_STR04539,D_U0091,D0018,2026-02-04 00:46:29.105727,109
D_STR04540,D_U0094,D0037,2026-02-16 04:05:18.195679,82
D_STR04541,D_U0027,D0037,2026-02-25 01:22:11.306036,97
D_STR04542,D_U0080,D0017,2026-02-09 22:33:05.458865,6
D_STR04543,D_U0055,D0028,2026-02-28 16:44:53.510144,157
D_STR04544,D_U0073,D0018,2026-02-16 04:05:39.036163,11
D_STR04545,D_U0076,D0050,2026-02-09 21:23:04.203247,180
D_STR04546,D_U0070,D0030,2026-02-03 10:21:01.329184,63
D_STR04547,D_U0027,D0034,2026-02-28 09:14:03.621578,22
D_STR04548,D_U0058,D0044,2026-02-22 02:18:16.970284,147
D_STR04549,D_U0049,D0035,2026-02-12 16:01:24.987565,52
D_STR04550,D_U0097,D0033,2026-02-12 04:38:17.849766,77
D_STR04551,D_U0076,D0039,2026-02-07 13:47:46.642483,15
D_STR04552,D_U0082,D0046,2026-01-31 20:22:21.826980,13
D_STR04553,D_U0024,D0008,2026-02-16 09:05:41.488758,276
D_STR04554,D_U0010,D0020,2026-02-14 21:58:46.699492,155
D_STR04555,D_U0021,D0032,2026-02-13 03:26:46.301500,234
D_STR04556,D_U0021,D0010,2026-02-03 21:53:16.724390,98
D_STR04557,D_U0041,D0018,2026-02-12 10:25:24.649417,213
D_STR04558,D_U0009,D0042,2026-02-23 06:45:49.999597,53
D_STR04559,D_U0096,D0044,2026-02-19 02:03:25.926479,53
D_STR04560,D_U0087,D0048,2026-02-19 06:52:29.532518,134
D_STR04561,D_U0026,D0049,2026-02-08 18:24:26.251689,96
D_STR04562,D_U0023,D0013,2026-02-22 07:46:13.203003,160
D_STR04563,D_U0014,D0010,2026-02-07 01:05:58.526035,99
D_STR04564,D_U0083,D0050,2026-02-11 01:10:46.510887,82
D_STR04565,D_U0060,D0049,2026-02-05 15:50:58.232329,70
D_STR04566,D_U0037,D0048,2026-03-02 04:02:25.376294,42
D_STR04567,D_U0003,D0048,2026-02-09 09:39:04.370066,242
D_STR04568,D_U0033,D0043,2026-02-14 13:42:46.548374,112
D_STR04569,D_U0069,D0044,2026-02-05 09:52:43.540032,226
D_STR04570,D_U0019,D0029,2026-02-22 07:10:53.154357,339
D_STR04571,D_U0069,D0031,2026-01-31 16:36:37.735194,60
D_STR04572,D_U0066,D0043,2026-02-14 11:50:42.056344,136
D_STR04573,D_U0081,D0037,2026-02-09 14:34:41.893501,143
D_STR04574,D_U0054,D0034,2026-02-04 01:09:59.335927,67
D_STR04575,D_U0044,D0046,2026-02-09 16:03:16.586856,126
D_STR04576,D_U0085,D0034,2026-02-08 09:08:33.664724,36
D_STR04577,D_U0024,D0026,2026-02-02 15:00:53.776994,154
D_STR04578,D_U0041,D0035,2026-02-25 02:50:54.022258,297
D_STR04579,D_U0090,D0049,2026-02-06 09:15:10.276964,42
D_STR04580,D_U0014,D0008,2026-02-21 23:11:14.855256,130
D_STR04581,D_U0037,D0013,2026-02-13 10:04:08.981488,108
D_STR04582,D_U0040,D0043,2026-02-10 13:13:41.591062,78
D_STR04583,D_U0046,D0011,2026-01-31 22:08:25.944273,21
D_STR04584,D_U0039,D0038,2026-02-21 18:17:19.026772,118
D_STR04585,D_U0014,D0022,2026-02-09 09:25:52.774983,122
D_STR04586,D_U0060,D0027,2026-02-05 23:40:36.419881,179
D_STR04587,D_U0084,D0034,2026-03-01 22:04:52.007581,214
D_STR04588,D_U0041,D0042,2026-02-17 23:48:25.846102,261
D_STR04589,D_U0013,D0024,2026-02-24 20:27:50.991352,100
D_STR04590,D_U0053,D0033,2026-02-26 05:16:23.514740,44
D_STR04591,D_U0081,D0011,2026-02-20 23:34:49.235138,250
D_STR04592,D_U0021,D0043,2026-02-10 16:52:27.762483,107
D_STR04593,D_U0023,D0050,2026-02-25 19:07:10.910241,9
D_STR04594,D_U0040,D0040,2026-02-22 00:35:25.876168,9
D_STR04595,D_U0044,D0048,2026-02-23 09:07:42.774314,206
D_STR04596,D_U0043,D0039,2026-02-02 11:56:02.472926,342
D_STR04597,D_U0081,D0043,2026-02-11 09:20:49.691569,100
D_STR04598,D_U0057,D0050,2026-02-09 11:41:37.625465,170
D_STR04599,D_U0064,D0032,2026-02-23 09:52:51.612461,239
D_STR04600,D_U0034,D0049,2026-02-27 21:29:21.912886,66
D_STR04601,D_U0006,D0043,2026-02-12 19:02:11.407558,126
D_STR04602,D_U0010,D0041,2026-02-13 16:15:12.609066,202
D_STR04603,D_U0071,D0048,2026-01-31 20:44:06.154463,229
D_STR04604,D_U0084,D0027,2026-02-04 19:23:20.829751,213
D_STR04605,D_U0084,D0027,2026-02-03 02:34:47.176182,82
D_STR04606,D_U0076,D0032,2026-02-23 12:13:46.890852,173
D_STR04607,D_U0075,D0046,2026-03-01 06:09:15.236389,146
D_STR04608,D_U0048,D0025,2026-02-04 07:25:30.440052,188
D_STR04609,D_U0013,D0038,2026-02-02 12:59:30.995387,124
D_STR04610,D_U0088,D0014,2026-02-28 04:07:07.400460,90
D_STR04611,D_U0064,D0050,2026-02-05 09:14:39.515789,260
D_STR04612,D_U0034,D0050,2026-02-26 15:32:26.653703,104
D_STR04613,D_U0016,D0038,2026-02-14 14:19:24.778760,67
D_STR04614,D_U0046,D0039,2026-02-01 00:16:47.813256,108
D_STR04615,D_U0048,D0037,2026-02-11 13:12:05.852453,33
D_STR04616,D_U0031,D0011,2026-02-02 15:57:28.185534,100
D_STR04617,D_U0081,D0021,2026-02-01 16:00:57.827845,168
D_STR04618,D_U0087,D0027,2026-02-05 17:55:14.552257,238
D_STR04619,D_U0013,D0019,2026-02-22 08:55:31.398884,139
D_STR04620,D_U0036,D0047,2026-02-06 02:01:38.217589,157
D_STR04621,D_U0023,D0028,2026-02-15 06:02:51.277915,155
D_STR04622,D_U0011,D0041,2026-02-22 20:04:57.124559,225
D_STR04623,D_U0060,D0012,2026-02-26 22:00:54.216214,198
D_STR04624,D_U0055,D0029,2026-02-24 14:39:12.762449,190
D_STR04625,D_U0021,D0023,2026-02-27 06:49:57.014810,103
D_STR04626,D_U0034,D0035,2026-02-21 01:46:06.482996,133
D_STR04627,D_U0039,D0033,2026-02-07 21:54:55.816283,45
D_STR04628,D_U0044,D0047,2026-02-05 20:36:07.836214,39
D_STR04629,D_U0011,D0031,2026-02-03 22:14:58.264086,26
D_STR04630,D_U0028,D0045,2026-02-23 00:42:38.488649,58
D_STR04631,D_U0076,D0042,2026-02-26 11:29:35.963999,145
D_STR04632,D_U0091,D0035,2026-02-15 05:15:07.455930,218
D_STR04633,D_U0072,D0050,2026-02-25 07:57:09.659327,190
D_STR04634,D_U0075,D0050,2026-02-02 21:01:20.282687,284
D_STR04635,D_U0027,D0044,2026-02-11 19:01:27.867791,160
D_STR04636,D_U0059,D0043,2026-02-15 23:15:38.846011,108
D_STR04637,D_U0018,D0007,2026-02-10 23:02:16.454299,292
D_STR04638,D_U0014,D0008,2026-02-14 21:20:52.903097,185
D_STR04639,D_U0046,D0050,2026-02-09 09:42:05.536327,52
D_STR04640,D_U0089,D0044,2026-02-07 02:38:25.958257,280
D_STR04641,D_U0058,D0050,2026-02-12 07:33:35.407721,156
D_STR04642,D_U0098,D0024,2026-02-27 15:47:26.243022,71
D_STR04643,D_U0016,D0020,2026-03-02 06:53:46.149195,8
D_STR04644,D_U0086,D0042,2026-02-19 14:16:18.355894,8
D_STR04645,D_U0055,D0030,2026-02-08 21:30:10.310166,71
D_STR04646,D_U0081,D0027,2026-02-04 06:45:26.820963,110
D_STR04647,D_U0038,D0042,2026-02-01 01:57:16.653664,110
D_STR04648,D_U0097,D0050,2026-02-27 22:52:55.450641,93
D_STR04649,D_U0006,D0022,2026-02-03 00:03:01.616693,216
D_STR04650,D_U0025,D0021,2026-03-01 01:10:41.381774,83
D_STR04651,D_U0085,D0020,2026-02-06 18:59:05.427719,26
D_STR04652,D_U0091,D0048,2026-02-25 18:59:26.736395,32
D_STR04653,D_U0009,D0016,2026-03-02 05:08:18.443306,267
D_STR04654,D_U0048,D0029,2026-02-01 15:07:51.026306,267
D_STR04655,D_U0082,D0040,2026-02-10 01:52:09.104824,24
D_STR04656,D_U0062,D0030,2026-02-18 11:07:41.153604,148
D_STR04657,D_U0078,D0042,2026-02-25 15:38:05.422210,138
D_STR04658,D_U0034,D0033,2026-02-07 09:56:35.488477,68
D_STR04659,D_U0025,D0035,2026-02-22 21:14:16.912049,286
D_STR04660,D_U0042,D0015,2026-02-12 02:34:25.896080,238
D_STR04661,D_U0018,D0026,2026-02-08 23:17:19.922044,26
D_STR04662,D_U0051,D0046,2026-02-28 21:38:32.828644,14
D_STR04663,D_U0091,D0031,2026-02-05 20:52:00.519127,57
D_STR04664,D_U0085,D0042,2026-03-01 22:37:57.113318,24
D_STR04665,D_U0092,D0006,2026-02-09 09:20:08.114411,236
D_STR04666,D_U0065,D0004,2026-02-28 12:20:00.888183,111
D_STR04667,D_U0085,D0050,2026-02-18 08:22:38.584361,164
D_STR04668,D_U0064,D0016,2026-02-10 04:22:53.291850,235
D_STR04669,D_U0004,D0026,2026-02-03 11:43:47.532802,66
D_STR04670,D_U0022,D0032,2026-02-12 11:55:43.536774,127
D_STR04671,D_U0001,D0037,2026-02-20 18:08:14.571929,77
D_STR04672,D_U0035,D0035,2026-02-25 20:42:21.226891,316
D_STR04673,D_U0049,D0028,2026-02-14 14:53:30.831019,218
D_STR04674,D_U0046,D0027,2026-02-20 15:59:59.229886,187
D_STR04675,D_U0081,D0042,2026-02-11 14:04:52.832805,166
D_STR04676,D_U0037,D0043,2026-02-21 17:28:17.534342,8
D_STR04677,D_U0068,D0050,2026-03-01 19:34:09.055572,177
D_STR04678,D_U0056,D0045,2026-02-04 12:23:29.364612,137
D_STR04679,D_U0015,D0033,2026-02-04 07:30:04.606344,136
D_STR04680,D_U0070,D0045,2026-02-06 08:43:14.574069,113
D_STR04681,D_U0050,D0013,2026-02-12 05:40:47.916138,102
D_STR04682,D_U0025,D0034,2026-02-13 16:55:05.261121,111
D_STR04683,D_U0016,D0043,2026-02-09 13:27:56.581879,146
D_STR04684,D_U0059,D0045,2026-02-02 17:59:58.175636,138
D_STR04685,D_U0046,D0043,2026-02-12 16:22:51.101072,28
D_STR04686,D_U0073,D0044,2026-02-27 09:20:15.627923,318
D_STR04687,D_U0057,D0034,2026-02-22 15:21:06.710403,50
D_STR04688,D_U0029,D0046,2026-02-07 23:20:58.174159,28
D_STR04689,D_U0086,D0018,2026-02-24 11:37:16.288262,256
D_STR04690,D_U0039,D0027,2026-02-07 12:44:01.804416,101
D_STR04691,D_U0067,D0040,2026-02-14 23:44:36.030824,26
D_STR04692,D_U0045,D0024,2026-02-19 12:58:36.381148,316
D_STR04693,D_U0038,D0035,2026-02-15 22:31:38.559467,212
D_STR04694,D_U0093,D0045,2026-02-10 07:17:46.062659,159
D_STR04695,D_U0033,D0040,2026-02-16 13:03:20.533812,57
D_STR04696,D_U0056,D0021,2026-02-04 04:52:06.718740,120
D_STR04697,D_U0072,D0014,2026-02-13 07:54:28.064445,262
D_STR04698,D_U0030,D0027,2026-02-11 19:59:30.394253,221
D_STR04699,D_U0067,D0050,2026-02-11 02:01:51.944755,271
D_STR04700,D_U0032,D0044,2026-02-11 22:21:41.707233,338
D_STR04701,D_U0091,D0014,2026-02-23 18:42:55.295814,139
D_STR04702,D_U0039,D0019,2026-02-24 07:53:51.598237,322
D_STR04703,D_U0019,D0018,2026-02-28 17:53:56.044038,34
D_STR04704,D_U0075,D0048,2026-02-16 21:55:16.866574,112
D_STR04705,D_U0088,D0033,2026-02-22 08:40:12.271944,10
D_STR04706,D_U0030,D0036,2026-02-25 01:56:57.484196,246
D_STR04707,D_U0035,D0042,2026-02-06 13:43:25.797701,149
D_STR04708,D_U0060,D0046,2026-02-03 07:07:32.062477,112
D_STR04709,D_U0044,D0037,2026-02-07 23:19:04.332015,63
D_STR04710,D_U0092,D0047,2026-02-02 12:58:12.950454,59
D_STR04711,D_U0040,D0045,2026-02-20 14:48:52.126455,133
D_STR04712,D_U0012,D0038,2026-02-06 04:14:41.704268,137
D_STR04713,D_U0043,D0024,2026-02-06 22:27:06.709858,79
D_STR04714,D_U0059,D0036,2026-02-21 15:13:52.486714,229
D_STR04715,D_U0082,D0040,2026-02-07 07:08:42.186666,18
D_STR04716,D_U0008,D0050,2026-02-17 10:31:37.332144,142
D_STR04717,D_U0082,D0032,2026-02-24 00:07:38.800860,260
D_STR04718,D_U0072,D0025,2026-02-24 21:09:07.517147,214
D_STR04719,D_U0028,D0042,2026-02-24 12:39:42.483140,188
D_STR04720,D_U0041,D0026,2026-02-14 14:04:57.693755,64
D_STR04721,D_U0050,D0010,2026-03-02 07:33:52.431902,205
D_STR04722,D_U0009,D0022,2026-02-20 05:53:30.306045,188
D_STR04723,D_U0064,D0044,2026-02-15 21:48:52.488842,183
D_STR04724,D_U0038,D0046,2026-02-13 01:17:12.083513,59
D_STR04725,D_U0022,D0033,2026-02-01 02:26:03.649084,171
D_STR04726,D_U0050,D0048,2026-02-08 05:51:41.069025,64
D_STR04727,D_U0049,D0013,2026-02-03 10:16:16.764119,63
D_STR04728,D_U0043,D0048,2026-02-09 00:29:03.475051,47
D_STR04729,D_U0013,D0044,2026-02-23 15:10:18.504315,120
D_STR04730,D_U0037,D0023,2026-02-28 23:21:59.755134,194
D_STR04731,D_U0013,D0023,2026-02-14 20:38:43.588567,190
D_STR04732,D_U0050,D0025,2026-02-15 16:42:58.615383,39
D_STR04733,D_U0063,D0050,2026-02-13 01:34:21.505497,42
D_STR04734,D_U0067,D0009,2026-02-03 14:14:15.335488,138
D_STR04735,D_U0027,D0027,2026-03-01 13:34:20.440283,18
D_STR04736,D_U0001,D0046,2026-02-19 21:20:47.302994,75
D_STR04737,D_U0085,D0008,2026-02-11 02:16:41.890172,240
D_STR04738,D_U0038,D0048,2026-03-01 17:47:55.277381,68
D_STR04739,D_U0068,D0045,2026-02-06 06:57:15.993816,47
D_STR04740,D_U0016,D0017,2026-02-19 05:06:52.568546,29
D_STR04741,D_U0065,D0038,2026-02-07 16:04:42.464583,190
D_STR04742,D_U0100,D0046,2026-02-04 07:53:31.264364,165
D_STR04743,D_U0045,D0018,2026-02-13 23:44:03.314203,134
D_STR04744,D_U0008,D0044,2026-02-06 15:50:58.169348,111
D_STR04745,D_U0036,D0013,2026-02-20 20:21:35.310962,172
D_STR04746,D_U0014,D0040,2026-03-02 08:19:34.152103,100
D_STR04747,D_U0097,D0027,2026-02-24 09:35:18.980185,120
D_STR04748,D_U0016,D0047,2026-03-01 09:34:38.598976,44
D_STR04749,D_U0016,D0047,2026-02-21 06:03:47.980330,266
D_STR04750,D_U0019,D0049,2026-02-03 23:04:55.701924,5
D_STR04751,D_U0006,D0020,2026-02-18 23:36:49.574551,101
D_STR04752,D_U0059,D0025,2026-02-06 16:57:21.218029,134
D_STR04753,D_U0076,D0016,2026-03-02 00:14:45.244876,269
D_STR04754,D_U0037,D0028,2026-02-10 07:41:43.887783,244
D_STR04755,D_U0071,D0014,2026-03-01 02:12:16.927168,73
D_STR04756,D_U0052,D0031,2026-02-06 13:44:06.981100,66
D_STR04757,D_U0090,D0028,2026-03-01 07:50:18.253096,57
D_STR04758,D_U0077,D0042,2026-02-21 09:05:09.214315,146
D_STR04759,D_U0040,D0014,2026-02-28 03:01:56.015197,146
D_STR04760,D_U0006,D0018,2026-02-18 02:38:16.493593,198
D_STR04761,D_U0046,D0025,2026-02-18 11:05:20.294742,8
D_STR04762,D_U0007,D0039,2026-02-23 15:23:12.566969,132
D_STR04763,D_U0003,D0043,2026-02-13 00:50:49.291526,113
D_STR04764,D_U0088,D0023,2026-02-14 02:54:33.584516,210
D_STR04765,D_U0099,D0038,2026-02-16 16:43:46.518162,156
D_STR04766,D_U0011,D0049,2026-02-05 13:33:39.602893,48
D_STR04767,D_U0053,D0032,2026-02-21 13:22:18.719564,299
D_STR04768,D_U0003,D0006,2026-02-11 18:10:19.301762,113
D_STR04769,D_U0023,D0039,2026-02-10 05:46:42.730012,311
D_STR04770,D_U0015,D0021,2026-02-09 02:13:41.373330,182
D_STR04771,D_U0032,D0045,2026-02-06 14:35:04.987527,97
D_STR04772,D_U0062,D0041,2026-02-01 12:45:40.809450,84
D_STR04773,D_U0017,D0036,2026-02-05 02:09:07.668570,340
D_STR04774,D_U0025,D0048,2026-02-13 12:30:33.783738,163
D_STR04775,D_U0061,D0039,2026-02-21 03:44:09.076796,284
D_STR04776,D_U0096,D0025,2026-02-27 06:40:31.315687,105
D_STR04777,D_U0090,D0039,2026-02-01 01:24:55.720957,245
D_STR04778,D_U0080,D0022,2026-02-01 00:35:01.163212,121
D_STR04779,D_U0081,D0048,2026-02-28 15:15:01.567789,52
D_STR04780,D_U0013,D0047,2026-02-24 08:04:17.994694,13
D_STR04781,D_U0034,D0040,2026-02-26 07:27:50.355642,70
D_STR04782,D_U0091,D0047,2026-02-03 10:49:22.534476,251
D_STR04783,D_U0011,D0048,2026-02-01 02:39:40.226165,213
D_STR04784,D_U0044,D0022,2026-02-12 22:56:17.762964,14
D_STR04785,D_U0040,D0023,2026-02-04 20:28:48.475236,27
D_STR04786,D_U0020,D0034,2026-02-13 10:19:14.264706,166
D_STR04787,D_U0011,D0030,2026-02-26 15:42:58.138006,60
D_STR04788,D_U0076,D0045,2026-02-08 06:11:54.291456,53
D_STR04789,D_U0004,D0023,2026-02-20 10:24:05.866912,58
D_STR04790,D_U0051,D0047,2026-02-13 16:18:01.210025,166
D_STR04791,D_U0083,D0010,2026-02-25 04:21:58.208640,267
D_STR04792,D_U0043,D0032,2026-02-12 17:16:16.272804,142
D_STR04793,D_U0015,D0035,2026-03-01 07:01:20.028868,69
D_STR04794,D_U0090,D0034,2026-02-23 23:39:52.610401,153
D_STR04795,D_U0088,D0031,2026-02-08 00:38:50.451892,36
D_STR04796,D_U0029,D0021,2026-02-12 04:08:34.167240,12
D_STR04797,D_U0054,D0039,2026-02-01 15:04:58.791255,296
D_STR04798,D_U0079,D0038,2026-02-22 18:27:35.341916,190
D_STR04799,D_U0035,D0024,2026-01-31 14:06:06.373033,69
D_STR04800,D_U0060,D0030,2026-02-08 06:59:42.404647,156
D_STR04801,D_U0068,D0026,2026-02-01 08:10:52.255507,210
D_STR04802,D_U0093,D0037,2026-02-06 01:36:52.718346,101
D_STR04803,D_U0032,D0033,2026-02-16 08:27:44.771638,89
D_STR04804,D_U0030,D0040,2026-03-01 23:52:27.485544,81
D_STR04805,D_U0035,D0029,2026-02-20 18:31:30.863082,131
D_STR04806,D_U0012,D0038,2026-02-22 06:25:03.379746,44
D_STR04807,D_U0056,D0047,2026-02-15 06:20:16.832659,193
D_STR04808,D_U0004,D0048,2026-02-04 16:22:41.174186,203
D_STR04809,D_U0079,D0015,2026-02-14 16:35:54.253891,23
D_STR04810,D_U0004,D0042,2026-02-14 01:48:43.885392,205
D_STR04811,D_U0031,D0046,2026-02-01 12:24:21.345650,22
D_STR04812,D_U0028,D0027,2026-02-14 19:58:15.715824,87
D_STR04813,D_U0028,D0050,2026-02-17 22:28:38.033715,89
D_STR04814,D_U0027,D0005,2026-02-18 16:49:58.964411,188
D_STR04815,D_U0084,D0031,2026-02-22 18:13:50.139481,106
D_STR04816,D_U0026,D0038,2026-02-24 02:05:14.454540,170
D_STR04817,D_U0042,D0003,2026-02-17 23:50:43.607497,6
D_STR04818,D_U0089,D0035,2026-02-23 11:21:31.175853,254
D_STR04819,D_U0047,D0019,2026-02-08 01:26:12.730691,236
D_STR04820,D_U0034,D0035,2026-02-10 00:15:13.398277,138
D_STR04821,D_U0029,D0046,2026-02-06 01:49:01.390783,8
D_STR04822,D_U0006,D0046,2026-02-22 05:08:16.241374,16
D_STR04823,D_U0035,D0044,2026-02-09 11:00:38.891464,324
D_STR04824,D_U0079,D0028,2026-02-26 03:19:47.735073,127
D_STR04825,D_U0034,D0049,2026-03-01 05:23:52.925392,24
D_STR04826,D_U0076,D0027,2026-02-23 13:45:34.866515,70
D_STR04827,D_U0033,D0035,2026-02-13 22:30:44.592291,276
D_STR04828,D_U0030,D0043,2026-02-16 03:44:34.559195,60
D_STR04829,D_U0076,D0032,2026-02-04 04:35:52.689151,132
D_STR04830,D_U0042,D0027,2026-02-13 23:32:23.492246,132
D_STR04831,D_U0056,D0008,2026-02-15 04:28:12.950866,149
D_STR04832,D_U0031,D0045,2026-02-25 17:12:48.045977,44
D_STR04833,D_U0045,D0045,2026-03-01 17:23:30.949573,147
D_STR04834,D_U0024,D0020,2026-02-27 18:23:08.029033,6
D_STR04835,D_U0037,D0046,2026-02-27 18:19:57.076603,29
D_STR04836,D_U0016,D0003,2026-02-25 08:50:06.901812,63
D_STR04837,D_U0028,D0027,2026-02-05 12:17:27.496908,238
D_STR04838,D_U0025,D0030,2026-02-18 01:29:54.221333,81
D_STR04839,D_U0018,D0033,2026-02-12 17:11:25.460189,49
D_STR04840,D_U0048,D0037,2026-02-12 19:17:55.606377,91
D_STR04841,D_U0074,D0038,2026-02-10 13:50:40.153011,110
D_STR04842,D_U0025,D0030,2026-02-06 03:29:30.452493,88
D_STR04843,D_U0070,D0008,2026-02-22 12:43:18.835164,133
D_STR04844,D_U0034,D0039,2026-02-12 04:55:16.104118,309
D_STR04845,D_U0099,D0005,2026-02-01 01:51:16.962477,92
D_STR04846,D_U0081,D0050,2026-02-18 20:46:53.817870,53
D_STR04847,D_U0074,D0008,2026-02-25 21:16:03.024526,88
D_STR04848,D_U0076,D0017,2026-02-11 14:31:46.854875,74
D_STR04849,D_U0020,D0041,2026-02-15 11:28:57.383610,164
D_STR04850,D_U0016,D0019,2026-02-12 13:54:43.701889,199
D_STR04851,D_U0070,D0013,2026-02-23 15:21:43.091271,177
D_STR04852,D_U0066,D0043,2026-02-18 01:56:59.406885,28
D_STR04853,D_U0053,D0035,2026-02-26 14:09:39.740008,24
D_STR04854,D_U0074,D0026,2026-02-16 21:17:32.116892,234
D_STR04855,D_U0018,D0036,2026-02-26 02:17:12.051858,25
D_STR04856,D_U0019,D0013,2026-02-23 14:37:22.134820,29
D_STR04857,D_U0066,D0027,2026-02-24 09:14:47.463832,169
D_STR04858,D_U0057,D0043,2026-02-28 15:15:35.561287,153
D_STR04859,D_U0058,D0028,2026-02-19 20:16:07.788625,29
D_STR04860,D_U0053,D0040,2026-02-16 18:01:01.393812,6
D_STR04861,D_U0054,D0028,2026-02-15 09:43:31.411417,217
D_STR04862,D_U0030,D0026,2026-02-10 21:59:39.577870,185
D_STR04863,D_U0029,D0050,2026-01-31 15:50:53.293444,111
D_STR04864,D_U0049,D0013,2026-03-01 02:02:58.687105,153
D_STR04865,D_U0091,D0038,2026-02-02 18:38:51.189484,102
D_STR04866,D_U0041,D0038,2026-02-18 10:39:52.485719,102
D_STR04867,D_U0088,D0039,2026-02-15 16:21:57.918166,194
D_STR04868,D_U0024,D0032,2026-02-27 01:07:26.226465,253
D_STR04869,D_U0008,D0042,2026-02-12 12:52:45.009776,157
D_STR04870,D_U0053,D0029,2026-02-02 22:55:46.410849,26
D_STR04871,D_U0009,D0035,2026-02-12 02:27:20.431527,54
D_STR04872,D_U0063,D0047,2026-02-12 17:12:30.955383,26
D_STR04873,D_U0047,D0012,2026-02-25 12:37:04.110190,72
D_STR04874,D_U0075,D0039,2026-02-11 16:07:02.760623,286
D_STR04875,D_U0085,D0028,2026-02-03 12:03:24.362578,275
D_STR04876,D_U0028,D0045,2026-02-23 09:22:11.852952,45
D_STR04877,D_U0097,D0028,2026-02-13 06:35:55.256772,111
D_STR04878,D_U0041,D0040,2026-02-22 07:28:20.905586,18
D_STR04879,D_U0008,D0050,2026-02-07 16:19:17.227516,209
D_STR04880,D_U0060,D0039,2026-03-01 08:38:30.751764,281
D_STR04881,D_U0059,D0029,2026-02-04 22:35:11.065481,269
D_STR04882,D_U0066,D0008,2026-02-26 12:06:05.198985,85
D_STR04883,D_U0082,D0020,2026-02-03 23:54:59.356869,61
D_STR04884,D_U0083,D0048,2026-03-01 07:11:09.651017,80
D_STR04885,D_U0075,D0010,2026-02-18 08:36:40.992808,208
D_STR04886,D_U0087,D0036,2026-02-05 17:51:33.029522,291
D_STR04887,D_U0061,D0036,2026-02-10 21:06:57.960355,272
D_STR04888,D_U0011,D0011,2026-01-31 23:38:17.311097,190
D_STR04889,D_U0094,D0050,2026-02-27 11:24:08.247656,86
D_STR04890,D_U0049,D0037,2026-02-16 21:45:03.887235,122
D_STR04891,D_U0097,D0043,2026-02-05 00:31:32.102607,113
D_STR04892,D_U0029,D0045,2026-02-21 07:46:10.154631,133
D_STR04893,D_U0002,D0036,2026-02-14 12:13:43.436212,30
D_STR04894,D_U0014,D0046,2026-02-23 02:24:01.358641,60
D_STR04895,D_U0092,D0033,2026-02-24 04:51:48.091186,70
D_STR04896,D_U0055,D0049,2026-02-07 12:22:19.488315,75
D_STR04897,D_U0093,D0016,2026-02-15 00:40:31.924752,270
D_STR04898,D_U0054,D0018,2026-02-21 07:07:38.654605,258
D_STR04899,D_U0070,D0025,2026-02-12 16:20:44.233315,88
D_STR04900,D_U0012,D0042,2026-02-06 12:19:36.634351,131
D_STR04901,D_U0060,D0046,2026-02-10 10:22:23.798886,160
D_STR04902,D_U0017,D0039,2026-02-28 09:52:19.822611,19
D_STR04903,D_U0090,D0041,2026-02-06 09:02:58.451343,135
D_STR04904,D_U0086,D0045,2026-02-13 23:46:17.303624,102
D_STR04905,D_U0014,D0013,2026-02-02 01:42:54.952784,45
D_STR04906,D_U0015,D0043,2026-02-04 00:02:46.281017,154
D_STR04907,D_U0046,D0032,2026-02-22 11:45:21.963222,242
D_STR04908,D_U0031,D0024,2026-02-06 22:07:12.222765,143
D_STR04909,D_U0076,D0013,2026-02-17 06:46:08.909961,106
D_STR04910,D_U0052,D0038,2026-02-05 19:33:25.906165,96
D_STR04911,D_U0088,D0012,2026-02-07 18:23:00.810180,204
D_STR04912,D_U0070,D0021,2026-02-25 20:51:29.320848,164
D_STR04913,D_U0067,D0033,2026-03-01 02:57:55.246139,170
D_STR04914,D_U0021,D0043,2026-02-25 00:08:29.101370,72
D_STR04915,D_U0069,D0033,2026-02-17 11:43:06.043585,99
D_STR04916,D_U0096,D0046,2026-02-26 12:00:45.567739,186
D_STR04917,D_U0039,D0025,2026-02-05 02:53:36.795966,160
D_STR04918,D_U0035,D0030,2026-02-23 09:05:06.927716,50
D_STR04919,D_U0006,D0037,2026-02-17 11:14:44.479741,90
D_STR04920,D_U0070,D0034,2026-03-02 07:35:04.318658,33
D_STR04921,D_U0089,D0049,2026-02-06 14:45:28.103737,51
D_STR04922,D_U0012,D0044,2026-02-23 00:13:15.023578,77
D_STR04923,D_U0064,D0032,2026-02-28 11:52:56.677479,47
D_STR04924,D_U0015,D0037,2026-02-02 21:55:49.423146,48
D_STR04925,D_U0046,D0049,2026-02-16 21:45:18.325792,67
D_STR04926,D_U0081,D0033,2026-02-14 02:00:52.800372,142
D_STR04927,D_U0086,D0035,2026-02-24 07:30:55.925405,14
D_STR04928,D_U0006,D0030,2026-02-22 03:29:28.478197,87
D_STR04929,D_U0075,D0036,2026-02-21 14:24:31.836928,183
D_STR04930,D_U0004,D0007,2026-02-06 09:06:00.235639,264
D_STR04931,D_U0006,D0039,2026-02-01 17:48:30.589538,225
D_STR04932,D_U0074,D0042,2026-02-01 23:31:06.612369,122
D_STR04933,D_U0086,D0047,2026-02-28 19:44:59.245303,15
D_STR04934,D_U0014,D0042,2026-02-10 09:59:22.644058,24
D_STR04935,D_U0069,D0017,2026-02-17 07:00:32.944818,69
D_STR04936,D_U0047,D0042,2026-02-05 18:05:42.514400,96
D_STR04937,D_U0097,D0034,2026-02-18 21:20:51.589558,68
D_STR04938,D_U0065,D0045,2026-02-19 22:33:03.910459,120
D_STR04939,D_U0034,D0019,2026-02-28 13:53:06.410310,17
D_STR04940,D_U0080,D0047,2026-02-23 23:35:59.416190,87
D_STR04941,D_U0033,D0032,2026-02-01 01:22:32.406556,219
D_STR04942,D_U0042,D0047,2026-02-19 12:40:01.201941,125
D_STR04943,D_U0057,D0040,2026-02-08 19:07:06.402198,42
D_STR04944,D_U0036,D0015,2026-02-23 15:09:31.240675,214
D_STR04945,D_U0083,D0042,2026-02-20 08:56:40.145634,199
D_STR04946,D_U0067,D0022,2026-01-31 11:33:49.549425,71
D_STR04947,D_U0051,D0025,2026-02-10 06:38:44.750313,40
D_STR04948,D_U0011,D0047,2026-02-22 13:13:05.485803,81
D_STR04949,D_U0035,D0013,2026-02-23 03:49:46.182417,143
D_STR04950,D_U0060,D0029,2026-02-25 05:03:12.274337,146
D_STR04951,D_U0079,D0043,2026-02-12 21:31:29.724989,92
D_STR04952,D_U0013,D0021,2026-02-25 05:59:04.373507,228
D_STR04953,D_U0063,D0023,2026-02-23 06:56:09.872871,47
D_STR04954,D_U0013,D0020,2026-02-06 10:42:30.249300,94
D_STR04955,D_U0097,D0042,2026-02-15 14:06:14.463692,268
D_STR04956,D_U0091,D0045,2026-02-20 14:09:44.416848,60
D_STR04957,D_U0096,D0042,2026-02-22 19:17:21.874966,69
D_STR04958,D_U0075,D0031,2026-02-19 22:27:22.768853,140
D_STR04959,D_U0007,D0041,2026-02-05 02:18:06.139785,243
D_STR04960,D_U0044,D0050,2026-02-25 22:25:14.826096,85
D_STR04961,D_U0078,D0041,2026-02-22 15:14:44.109725,22
D_STR04962,D_U0070,D0040,2026-02-03 12:36:10.733847,120
D_STR04963,D_U0093,D0030,2026-02-27 05:07:35.994732,27
D_STR04964,D_U0012,D0039,2026-02-14 08:45:42.011611,267
D_STR04965,D_U0014,D0018,2026-02-20 21:14:38.344455,40
D_STR04966,D_U0073,D0012,2026-02-26 15:03:08.798060,75
D_STR04967,D_U0073,D0035,2026-02-17 10:53:52.086191,158
D_STR04968,D_U0078,D0050,2026-02-02 14:57:10.044591,29
D_STR04969,D_U0092,D0048,2026-02-05 13:53:26.082081,263
D_STR04970,D_U0065,D0037,2026-02-28 01:35:22.906890,109
D_STR04971,D_U0085,D0046,2026-02-09 21:16:47.659149,158
D_STR04972,D_U0006,D0050,2026-02-01 07:46:02.057721,54
D_STR04973,D_U0095,D0050,2026-02-25 13:31:55.627937,244
D_STR04974,D_U0029,D0013,2026-01-31 21:02:05.476165,27
D_STR04975,D_U0047,D0036,2026-02-19 16:33:25.800299,322
D_STR04976,D_U0045,D0030,2026-02-27 13:43:20.426846,22
D_STR04977,D_U0087,D0041,2026-02-17 14:49:53.008431,196
D_STR04978,D_U0078,D0030,2026-02-25 06:34:41.529289,145
D_STR04979,D_U0058,D0045,2026-02-20 19:52:15.015138,32
D_STR04980,D_U0002,D0014,2026-03-01 15:05:21.149111,228
D_STR04981,D_U0051,D0040,2026-02-04 08:48:25.332849,94
D_STR04982,D_U0044,D0039,2026-02-16 15:54:27.217737,66
D_STR04983,D_U0017,D0049,2026-02-10 21:31:01.329341,79
D_STR04984,D_U0011,D0043,2026-02-28 06:42:29.476686,21
D_STR04985,D_U0012,D0011,2026-02-04 09:59:25.311602,118
D_STR04986,D_U0051,D0046,2026-02-08 12:07:17.011742,170
D_STR04987,D_U0076,D0013,2026-01-31 18:31:46.280017,27
D_STR04988,D_U0004,D0046,2026-02-13 18:09:02.070670,17
D_STR04989,D_U0011,D0011,2026-02-10 18:54:21.126116,75
D_STR04990,D_U0062,D0037,2026-02-11 21:19:03.782609,139
D_STR04991,D_U0100,D0030,2026-02-03 13:03:19.426702,73
D_STR04992,D_U0042,D0034,2026-02-15 02:11:20.701372,95
D_STR04993,D_U0023,D0018,2026-02-21 03:44:41.098930,255
D_STR04994,D_U0067,D0029,2026-02-04 22:09:19.727670,264
D_STR04995,D_U0057,D0029,2026-02-28 12:57:15.406950,331
D_STR04996,D_U0067,D0035,2026-02-07 17:37:50.086348,28
D_STR04997,D_U0075,D0012,2026-02-16 09:58:53.000476,273
D_STR04998,D_U0090,D0020,2026-02-17 23:30:48.038098,103
D_STR04999,D_U0100,D0008,2026-02-24 22:21:08.918841,288
D_STR05000,D_U0066,D0038,2026-02-27 14:10:29.023094,114
D_STR05001,D_U0019,D0023,2026-02-16 02:58:33.541171,220
D_STR05002,D_U0097,D0039,2026-02-08 09:18:19.239625,73
D_STR05003,D_U0005,D0049,2026-02-04 05:16:21.109306,27
D_STR05004,D_U0084,D0038,2026-02-13 11:25:23.889965,166
D_STR05005,D_U0042,D0039,2026-02-22 20:35:02.684926,33
D_STR05006,D_U0052,D0028,2026-02-18 00:41:04.687557,237
D_STR05007,D_U0016,D0027,2026-02-19 08:17:26.630998,31
D_STR05008,D_U0073,D0040,2026-02-17 15:43:06.652956,111
D_STR05009,D_U0033,D0039,2026-02-05 00:14:14.741467,284
D_STR05010,D_U0056,D0030,2026-03-02 01:16:10.848612,16
D_STR05011,D_U0002,D0033,2026-02-03 19:15:36.021913,149
D_STR05012,D_U0057,D0016,2026-02-15 17:31:46.644279,161
D_STR05013,D_U0033,D0037,2026-02-07 04:50:47.368770,76
D_STR05014,D_U0082,D0007,2026-02-12 03:36:12.383839,249
D_STR05015,D_U0059,D0012,2026-02-02 14:10:17.637465,283
D_STR05016,D_U0011,D0042,2026-02-19 13:57:04.959115,121
D_STR05017,D_U0066,D0041,2026-02-26 20:57:53.505621,86
D_STR05018,D_U0062,D0030,2026-02-04 02:43:43.027108,154
D_STR05019,D_U0074,D0041,2026-02-07 04:56:46.530019,89
D_STR05020,D_U0100,D0035,2026-02-08 08:59:58.345840,244
D_STR05021,D_U0030,D0050,2026-02-08 07:10:23.321091,258
D_STR05022,D_U0072,D0033,2026-02-23 08:28:04.597621,169
D_STR05023,D_U0073,D0031,2026-02-21 13:30:40.361535,132
D_STR05024,D_U0045,D0043,2026-02-11 05:11:09.848701,61
D_STR05025,D_U0078,D0043,2026-03-01 16:34:39.105578,37
D_STR05026,D_U0092,D0041,2026-02-14 19:35:28.165849,25
D_STR05027,D_U0075,D0034,2026-02-28 05:45:32.086161,48
D_STR05028,D_U0077,D0045,2026-02-18 08:20:29.723073,162
D_STR05029,D_U0055,D0037,2026-02-26 08:55:55.770538,145
D_STR05030,D_U0078,D0045,2026-02-02 05:39:04.604306,92
D_STR05031,D_U0022,D0033,2026-02-12 21:27:33.319162,153
D_STR05032,D_U0043,D0034,2026-02-05 10:31:04.886054,105
D_STR05033,D_U0013,D0029,2026-02-11 04:07:18.025010,324
D_STR05034,D_U0058,D0041,2026-02-02 14:44:52.955278,110
D_STR05035,D_U0004,D0018,2026-02-14 17:21:00.074255,105
D_STR05036,D_U0033,D0031,2026-02-23 05:19:49.292583,107
D_STR05037,D_U0019,D0044,2026-02-21 05:35:44.790077,230
D_STR05038,D_U0090,D0042,2026-02-09 21:58:11.022013,99
D_STR05039,D_U0022,D0030,2026-02-24 06:56:55.640298,19
D_STR05040,D_U0094,D0044,2026-02-28 08:25:59.486740,53
D_STR05041,D_U0077,D0023,2026-02-09 05:04:15.368376,123
D_STR05042,D_U0099,D0027,2026-03-02 07:57:31.293955,196
D_STR05043,D_U0058,D0044,2026-02-27 17:13:36.735563,219
D_STR05044,D_U0029,D0045,2026-02-13 16:04:31.784303,21
D_STR05045,D_U0029,D0035,2026-02-20 01:09:47.333793,283
D_STR05046,D_U0043,D0039,2026-02-19 20:15:37.877247,62
D_STR05047,D_U0080,D0044,2026-02-01 13:04:36.899511,30
D_STR05048,D_U0079,D0017,2026-02-08 12:27:42.967446,94
D_STR05049,D_U0010,D0030,2026-02-20 14:59:48.214711,73
D_STR05050,D_U0065,D0041,2026-02-01 20:58:09.702493,77
D_STR05051,D_U0023,D0012,2026-02-06 14:03:20.594692,36
D_STR05052,D_U0009,D0018,2026-02-07 19:00:42.453274,24
D_STR05053,D_U0011,D0043,2026-02-10 13:48:26.822879,117
D_STR05054,D_U0028,D0050,2026-02-05 23:48:43.838189,20
D_STR05055,D_U0040,D0010,2026-02-24 21:44:40.953536,81
D_STR05056,D_U0004,D0048,2026-02-26 13:24:52.828434,77
D_STR05057,D_U0042,D0031,2026-02-11 17:23:52.181764,95
D_STR05058,D_U0038,D0044,2026-02-03 12:24:30.920144,313
D_STR05059,D_U0023,D0035,2026-02-03 16:41:30.165368,131
D_STR05060,D_U0099,D0050,2026-02-03 10:17:44.440536,178
D_STR05061,D_U0071,D0040,2026-03-01 18:36:37.268613,15
D_STR05062,D_U0085,D0013,2026-02-24 12:19:19.837276,71
D_STR05063,D_U0003,D0035,2026-02-14 19:23:29.265147,113
D_STR05064,D_U0080,D0013,2026-02-17 13:37:30.276572,30
D_STR05065,D_U0085,D0038,2026-02-06 00:14:05.554142,95
D_STR05066,D_U0023,D0043,2026-02-05 07:57:28.342469,150
D_STR05067,D_U0087,D0042,2026-02-06 23:53:23.720432,169
D_STR05068,D_U0100,D0048,2026-02-17 14:07:27.017604,183
D_STR05069,D_U0069,D0016,2026-02-24 02:02:44.977749,18
D_STR05070,D_U0058,D0041,2026-02-22 17:49:24.264084,213
D_STR05071,D_U0027,D0027,2026-02-05 04:48:39.601157,225
D_STR05072,D_U0055,D0032,2026-02-18 04:25:11.533675,20
D_STR05073,D_U0031,D0027,2026-02-15 22:39:29.177674,26
D_STR05074,D_U0078,D0048,2026-02-26 10:17:30.998900,36
D_STR05075,D_U0064,D0044,2026-02-01 16:26:00.717078,199
D_STR05076,D_U0022,D0036,2026-02-11 18:02:23.529369,212
D_STR05077,D_U0010,D0049,2026-02-24 10:21:22.348654,64
D_STR05078,D_U0044,D0043,2026-02-03 13:04:44.668070,157
D_STR05079,D_U0093,D0044,2026-02-07 00:33:31.351983,222
D_STR05080,D_U0064,D0038,2026-02-20 02:22:21.352031,7
D_STR05081,D_U0084,D0032,2026-02-03 05:09:03.214811,76
D_STR05082,D_U0095,D0041,2026-02-20 08:47:27.440360,241
D_STR05083,D_U0016,D0023,2026-02-02 18:32:37.614529,106
D_STR05084,D_U0073,D0046,2026-02-15 22:45:17.613719,21
D_STR05085,D_U0033,D0045,2026-02-07 04:29:06.490077,195
D_STR05086,D_U0027,D0026,2026-02-10 02:05:52.500172,83
D_STR05087,D_U0096,D0019,2026-02-01 21:57:01.879130,132
D_STR05088,D_U0055,D0048,2026-02-02 09:30:22.019166,49
D_STR05089,D_U0097,D0046,2026-02-27 16:43:33.366694,17
D_STR05090,D_U0007,D0040,2026-02-26 11:20:52.296331,61
D_STR05091,D_U0066,D0025,2026-02-19 10:49:05.342532,48
D_STR05092,D_U0053,D0040,2026-02-16 14:30:04.515402,25
D_STR05093,D_U0010,D0038,2026-02-04 04:45:51.217792,172
D_STR05094,D_U0046,D0038,2026-02-04 21:24:02.999305,39
D_STR05095,D_U0005,D0025,2026-03-01 18:37:34.290756,24
D_STR05096,D_U0065,D0039,2026-02-20 11:18:14.357468,76
D_STR05097,D_U0087,D0015,2026-02-28 03:45:32.297315,42
D_STR05098,D_U0070,D0019,2026-02-26 06:02:51.225911,113
D_STR05099,D_U0062,D0036,2026-02-13 05:15:02.605886,259
D_STR05100,D_U0053,D0035,2026-02-11 14:44:49.853307,251
D_STR05101,D_U0072,D0033,2026-01-31 15:43:26.957282,129
D_STR05102,D_U0031,D0036,2026-02-27 00:05:03.203041,118
D_STR05103,D_U0068,D0050,2026-02-24 01:01:09.375362,297
D_STR05104,D_U0058,D0014,2026-01-31 22:45:56.360074,309
D_STR05105,D_U0024,D0024,2026-02-15 15:26:42.796594,262
D_STR05106,D_U0056,D0021,2026-02-07 13:42:36.320006,62
D_STR05107,D_U0082,D0028,2026-02-27 06:05:55.983443,180
D_STR05108,D_U0039,D0045,2026-02-10 06:21:42.329798,49
D_STR05109,D_U0052,D0013,2026-02-08 13:11:50.217028,155
D_STR05110,D_U0091,D0017,2026-02-25 23:23:15.494356,102
D_STR05111,D_U0058,D0033,2026-02-23 22:08:25.640099,140
D_STR05112,D_U0006,D0047,2026-02-28 22:53:52.962818,73
D_STR05113,D_U0022,D0033,2026-02-13 00:00:17.865020,32
D_STR05114,D_U0084,D0037,2026-02-03 11:26:34.674017,70
D_STR05115,D_U0056,D0048,2026-02-12 16:37:26.629421,75
D_STR05116,D_U0012,D0040,2026-02-07 17:47:54.096764,113
D_STR05117,D_U0071,D0017,2026-02-23 07:06:42.387117,81
D_STR05118,D_U0020,D0039,2026-02-21 13:16:41.005209,42
D_STR05119,D_U0077,D0025,2026-02-19 14:00:14.170439,141
D_STR05120,D_U0086,D0050,2026-02-08 03:54:31.085088,101
D_STR05121,D_U0057,D0015,2026-02-08 15:10:49.761451,165
D_STR05122,D_U0008,D0016,2026-02-26 21:51:32.602565,132
D_STR05123,D_U0097,D0038,2026-02-20 03:05:02.058080,33
D_STR05124,D_U0080,D0039,2026-02-06 01:20:35.040485,150
D_STR05125,D_U0062,D0040,2026-02-19 17:15:01.780976,100
D_STR05126,D_U0042,D0021,2026-02-15 06:10:05.752281,21
D_STR05127,D_U0032,D0014,2026-02-03 10:45:09.648586,209
D_STR05128,D_U0013,D0031,2026-02-28 10:59:03.407111,37
D_STR05129,D_U0035,D0024,2026-02-16 11:32:10.686095,252
D_STR05130,D_U0072,D0028,2026-02-05 17:13:35.464959,88
D_STR05131,D_U0098,D0048,2026-02-24 18:25:47.124801,264
D_STR05132,D_U0058,D0027,2026-02-23 20:50:22.138871,156
D_STR05133,D_U0048,D0050,2026-02-11 02:29:16.930165,299
D_STR05134,D_U0045,D0034,2026-02-02 13:26:26.901358,102
D_STR05135,D_U0085,D0039,2026-02-08 10:59:17.267595,259
D_STR05136,D_U0097,D0042,2026-02-15 18:46:33.350394,131
D_STR05137,D_U0029,D0028,2026-02-25 14:55:28.910237,13
D_STR05138,D_U0024,D0018,2026-02-19 13:22:26.843561,133
D_STR05139,D_U0042,D0024,2026-02-05 00:02:00.091810,52
D_STR05140,D_U0023,D0016,2026-01-31 16:24:54.400843,154
D_STR05141,D_U0056,D0021,2026-02-19 15:49:16.087143,144
D_STR05142,D_U0083,D0042,2026-02-02 17:29:45.735359,223
D_STR05143,D_U0063,D0049,2026-02-20 14:12:42.794577,102
D_STR05144,D_U0080,D0038,2026-02-19 19:16:37.862460,94
D_STR05145,D_U0060,D0032,2026-02-27 08:10:37.510852,230
D_STR05146,D_U0013,D0040,2026-02-01 16:46:01.575850,63
D_STR05147,D_U0014,D0026,2026-02-17 11:05:11.722497,254
D_STR05148,D_U0024,D0048,2026-02-02 00:28:23.628510,182
D_STR05149,D_U0008,D0018,2026-03-01 01:32:15.299918,194
D_STR05150,D_U0005,D0030,2026-02-09 19:42:33.784446,140
D_STR05151,D_U0032,D0020,2026-02-07 11:00:47.477423,71
D_STR05152,D_U0044,D0029,2026-02-17 23:31:55.156591,21
D_STR05153,D_U0096,D0040,2026-02-27 09:47:25.477481,86
D_STR05154,D_U0082,D0027,2026-02-11 08:25:52.063879,197
D_STR05155,D_U0077,D0042,2026-02-12 01:13:15.588691,181
D_STR05156,D_U0006,D0047,2026-03-01 01:52:35.809498,222
D_STR05157,D_U0011,D0042,2026-02-05 06:04:09.441668,85
D_STR05158,D_U0055,D0029,2026-02-12 04:01:10.284903,340
D_STR05159,D_U0035,D0009,2026-02-07 02:56:17.430696,39
D_STR05160,D_U0033,D0042,2026-01-31 18:04:16.502327,247
D_STR05161,D_U0029,D0045,2026-02-03 18:41:30.303375,151
D_STR05162,D_U0047,D0030,2026-02-28 03:26:44.774404,135
D_STR05163,D_U0036,D0042,2026-02-14 14:47:19.215828,46
D_STR05164,D_U0052,D0042,2026-02-17 22:18:43.720417,40
D_STR05165,D_U0002,D0050,2026-02-21 20:42:39.640949,221
D_STR05166,D_U0065,D0047,2026-02-08 02:18:55.062086,20
D_STR05167,D_U0047,D0026,2026-02-11 09:19:08.598218,267
D_STR05168,D_U0024,D0050,2026-02-21 10:22:57.327052,54
D_STR05169,D_U0040,D0019,2026-02-04 12:15:22.668555,239
D_STR05170,D_U0023,D0048,2026-02-26 23:07:29.392138,36
D_STR05171,D_U0022,D0026,2026-02-15 04:06:52.502993,121
D_STR05172,D_U0089,D0045,2026-02-22 04:25:22.992063,109
D_STR05173,D_U0015,D0032,2026-02-19 21:15:56.874650,268
D_STR05174,D_U0039,D0010,2026-02-05 18:00:44.679126,141
D_STR05175,D_U0029,D0042,2026-02-23 14:04:33.394680,110
D_STR05176,D_U0001,D0031,2026-02-05 18:00:56.097041,144
D_STR05177,D_U0084,D0007,2026-02-19 06:09:30.804240,100
D_STR05178,D_U0073,D0034,2026-02-28 17:29:49.774795,5
D_STR05179,D_U0034,D0015,2026-02-28 23:49:01.927010,256
D_STR05180,D_U0059,D0042,2026-02-05 09:46:27.635265,209
D_STR05181,D_U0031,D0031,2026-02-03 20:55:18.985658,69
D_STR05182,D_U0067,D0029,2026-02-09 13:22:32.575063,147
D_STR05183,D_U0019,D0050,2026-02-24 20:21:37.592892,229
D_STR05184,D_U0036,D0044,2026-02-22 15:34:05.913973,78
D_STR05185,D_U0054,D0025,2026-02-08 01:29:27.438372,124
D_STR05186,D_U0100,D0022,2026-02-12 21:46:37.959342,23
D_STR05187,D_U0002,D0027,2026-02-08 20:37:59.726845,206
D_STR05188,D_U0073,D0032,2026-02-13 17:53:46.881496,299
D_STR05189,D_U0052,D0031,2026-02-07 17:19:13.992078,67
D_STR05190,D_U0001,D0038,2026-02-12 05:50:17.153454,18
D_STR05191,D_U0074,D0022,2026-02-12 15:19:08.616372,163
D_STR05192,D_U0065,D0010,2026-02-06 06:28:21.957999,251
D_STR05193,D_U0021,D0029,2026-02-01 21:09:52.540361,183
D_STR05194,D_U0058,D0033,2026-02-25 00:17:27.309749,97
D_STR05195,D_U0055,D0016,2026-02-22 21:51:19.604856,250
D_STR05196,D_U0062,D0029,2026-02-11 09:27:22.268256,85
D_STR05197,D_U0097,D0049,2026-02-15 06:36:13.797656,65
D_STR05198,D_U0030,D0046,2026-02-19 20:18:25.834673,87
D_STR05199,D_U0068,D0044,2026-02-07 07:05:56.874549,134
D_STR05200,D_U0028,D0041,2026-02-17 10:04:17.661875,65
D_STR05201,D_U0085,D0026,2026-02-16 21:53:25.478969,208
D_STR05202,D_U0066,D0036,2026-02-26 13:05:04.020307,298
D_STR05203,D_U0028,D0026,2026-02-26 08:35:57.527879,7
D_STR05204,D_U0014,D0048,2026-02-04 03:45:22.721551,142
D_STR05205,D_U0018,D0046,2026-02-23 16:40:57.145029,56
D_STR05206,D_U0018,D0012,2026-02-09 18:53:49.811083,257
D_STR05207,D_U0087,D0013,2026-02-12 09:55:01.446008,94
D_STR05208,D_U0051,D0044,2026-02-10 01:14:10.564532,329
D_STR05209,D_U0095,D0017,2026-02-11 07:40:57.840782,56
D_STR05210,D_U0064,D0046,2026-02-07 04:48:13.731464,156
D_STR05211,D_U0008,D0048,2026-02-02 23:42:53.012733,218
D_STR05212,D_U0024,D0046,2026-02-18 10:36:33.115833,69
D_STR05213,D_U0036,D0023,2026-02-22 02:50:49.738589,63
D_STR05214,D_U0030,D0045,2026-02-13 20:01:59.791484,126
D_STR05215,D_U0062,D0024,2026-02-14 02:12:06.795901,204
D_STR05216,D_U0071,D0026,2026-02-17 19:54:26.909238,89
D_STR05217,D_U0058,D0048,2026-02-01 06:31:39.782985,74
D_STR05218,D_U0066,D0046,2026-02-28 14:45:35.645537,137
D_STR05219,D_U0097,D0027,2026-02-26 22:27:49.340200,45
D_STR05220,D_U0038,D0021,2026-02-06 19:58:19.364836,61
D_STR05221,D_U0046,D0048,2026-03-01 11:57:41.055976,140
D_STR05222,D_U0037,D0014,2026-02-20 15:52:35.062155,266
D_STR05223,D_U0034,D0019,2026-02-07 08:18:07.905948,34
D_STR05224,D_U0049,D0047,2026-02-27 17:07:39.204577,21
D_STR05225,D_U0056,D0044,2026-03-02 03:44:33.887731,200
D_STR05226,D_U0081,D0008,2026-02-13 09:45:39.290552,136
D_STR05227,D_U0050,D0031,2026-02-03 02:56:37.882335,138
D_STR05228,D_U0088,D0016,2026-02-23 05:57:18.428189,46
D_STR05229,D_U0070,D0046,2026-02-01 18:14:06.987392,85
D_STR05230,D_U0061,D0042,2026-02-03 00:08:42.690023,234
D_STR05231,D_U0095,D0037,2026-02-12 00:41:50.470028,123
D_STR05232,D_U0034,D0048,2026-01-31 17:28:34.098235,188
D_STR05233,D_U0083,D0024,2026-02-17 12:40:33.730403,89
D_STR05234,D_U0011,D0031,2026-02-28 05:17:04.801189,99
D_STR05235,D_U0022,D0044,2026-02-01 20:14:04.902571,331
D_STR05236,D_U0042,D0027,2026-01-31 12:53:27.579876,76
D_STR05237,D_U0020,D0004,2026-02-15 11:09:33.719176,187
D_STR05238,D_U0099,D0035,2026-02-12 16:54:01.794046,5
D_STR05239,D_U0094,D0043,2026-02-10 18:24:54.538414,37
D_STR05240,D_U0029,D0018,2026-02-20 16:36:52.292543,274
D_STR05241,D_U0027,D0028,2026-02-09 18:00:17.945787,44
D_STR05242,D_U0012,D0032,2026-02-03 16:36:04.606920,46
D_STR05243,D_U0091,D0022,2026-02-27 23:26:17.616028,96
D_STR05244,D_U0097,D0037,2026-02-11 13:48:47.705488,151
D_STR05245,D_U0053,D0027,2026-02-03 11:49:22.773062,130
D_STR05246,D_U0007,D0041,2026-02-06 06:03:09.954590,208
D_STR05247,D_U0082,D0048,2026-02-19 19:55:32.792624,173
D_STR05248,D_U0033,D0050,2026-03-01 02:52:21.783110,34
D_STR05249,D_U0019,D0036,2026-02-16 18:45:29.138891,336
D_STR05250,D_U0008,D0033,2026-02-15 08:27:04.272402,140
D_STR05251,D_U0039,D0007,2026-02-16 13:17:25.478155,167
D_STR05252,D_U0059,D0048,2026-02-27 17:09:08.852035,7
D_STR05253,D_U0012,D0050,2026-02-18 17:23:07.971495,26
D_STR05254,D_U0006,D0038,2026-02-24 00:14:02.443110,110
D_STR05255,D_U0045,D0047,2026-02-13 06:26:01.530151,99
D_STR05256,D_U0096,D0034,2026-02-14 01:47:25.708469,164
D_STR05257,D_U0069,D0033,2026-02-27 11:07:05.080160,170
D_STR05258,D_U0028,D0044,2026-02-26 11:59:39.107675,64
D_STR05259,D_U0082,D0049,2026-02-22 23:18:07.674437,104
D_STR05260,D_U0008,D0027,2026-02-19 13:16:52.852710,188
D_STR05261,D_U0002,D0039,2026-02-27 00:13:04.740981,309
D_STR05262,D_U0004,D0030,2026-02-14 21:36:13.594329,24
D_STR05263,D_U0065,D0045,2026-02-23 22:12:27.588926,122
D_STR05264,D_U0045,D0047,2026-02-04 00:31:03.103102,15
D_STR05265,D_U0086,D0034,2026-02-13 11:25:07.754128,133
D_STR05266,D_U0015,D0049,2026-02-04 21:22:36.588309,24
D_STR05267,D_U0022,D0045,2026-02-15 23:01:25.147099,170
D_STR05268,D_U0055,D0042,2026-02-15 19:30:26.858053,133
D_STR05269,D_U0014,D0042,2026-02-14 00:41:31.085287,239
D_STR05270,D_U0077,D0047,2026-02-04 18:41:17.220365,245
D_STR05271,D_U0099,D0047,2026-02-21 00:23:43.774258,269
D_STR05272,D_U0033,D0050,2026-02-11 20:39:42.000682,155
D_STR05273,D_U0085,D0019,2026-02-12 18:44:34.171631,96
D_STR05274,D_U0075,D0044,2026-02-08 18:28:18.204455,195
D_STR05275,D_U0019,D0041,2026-02-20 05:05:00.372489,36
D_STR05276,D_U0041,D0047,2026-03-01 01:54:28.334125,58
D_STR05277,D_U0061,D0041,2026-02-22 11:57:24.740209,68
D_STR05278,D_U0023,D0034,2026-02-06 00:49:13.701004,65
D_STR05279,D_U0067,D0034,2026-02-20 19:33:06.794794,221
D_STR05280,D_U0092,D0027,2026-02-23 07:36:35.971986,140
D_STR05281,D_U0065,D0035,2026-02-17 01:04:42.696898,291
D_STR05282,D_U0098,D0012,2026-02-09 07:07:25.065468,118
D_STR05283,D_U0099,D0036,2026-03-02 02:20:08.970387,26
D_STR05284,D_U0036,D0018,2026-03-01 20:46:32.550652,139
D_STR05285,D_U0089,D0041,2026-02-19 03:41:38.916180,25
D_STR05286,D_U0045,D0037,2026-02-17 23:54:33.190984,69
D_STR05287,D_U0005,D0039,2026-02-16 13:46:57.784639,247
D_STR05288,D_U0094,D0036,2026-02-21 14:30:31.662869,303
D_STR05289,D_U0041,D0044,2026-02-17 06:53:38.309956,312
D_STR05290,D_U0041,D0031,2026-02-06 07:59:01.418492,126
D_STR05291,D_U0051,D0032,2026-02-02 15:51:31.671944,191
D_STR05292,D_U0071,D0031,2026-02-05 20:51:55.011487,87
D_STR05293,D_U0052,D0049,2026-02-19 04:59:13.558314,111
D_STR05294,D_U0030,D0012,2026-02-07 13:11:03.994267,108
D_STR05295,D_U0048,D0044,2026-02-09 18:19:22.155052,200
D_STR05296,D_U0055,D0042,2026-02-05 06:51:40.009934,116
D_STR05297,D_U0021,D0038,2026-02-07 08:27:40.772477,112
D_STR05298,D_U0006,D0040,2026-02-27 15:13:03.124777,18
D_STR05299,D_U0025,D0036,2026-02-26 17:07:18.776094,217
D_STR05300,D_U0061,D0016,2026-02-19 11:34:50.628174,57
D_STR05301,D_U0065,D0036,2026-02-19 14:52:32.641083,294
D_STR05302,D_U0027,D0048,2026-02-15 21:43:02.227111,109
D_STR05303,D_U0005,D0047,2026-02-13 19:33:02.634457,76
D_STR05304,D_U0017,D0026,2026-02-05 10:54:55.541699,137
D_STR05305,D_U0038,D0044,2026-02-11 05:46:22.327174,248
D_STR05306,D_U0019,D0028,2026-03-01 23:34:18.993029,241
D_STR05307,D_U0091,D0004,2026-02-19 10:05:13.426851,103
D_STR05308,D_U0073,D0011,2026-02-25 15:59:39.941428,13
D_STR05309,D_U0083,D0017,2026-02-25 01:17:39.118536,53
D_STR05310,D_U0006,D0043,2026-02-06 12:22:20.928470,104
D_STR05311,D_U0031,D0037,2026-03-01 08:36:05.451258,150
D_STR05312,D_U0066,D0010,2026-02-28 09:48:53.633343,24
D_STR05313,D_U0036,D0033,2026-02-27 21:29:01.198698,48
D_STR05314,D_U0031,D0010,2026-03-01 04:50:00.580148,157
D_STR05315,D_U0099,D0012,2026-02-16 16:33:43.883691,140
D_STR05316,D_U0031,D0024,2026-02-21 02:21:14.561886,224
D_STR05317,D_U0019,D0049,2026-02-03 14:39:59.576513,93
D_STR05318,D_U0022,D0047,2026-02-27 01:14:54.062858,25
D_STR05319,D_U0043,D0013,2026-02-01 18:58:53.680476,56
D_STR05320,D_U0074,D0030,2026-03-01 06:37:18.013050,112
D_STR05321,D_U0100,D0033,2026-02-25 08:04:20.300914,93
D_STR05322,D_U0041,D0026,2026-02-13 07:52:14.373224,283
D_STR05323,D_U0083,D0035,2026-02-11 09:13:41.309643,138
D_STR05324,D_U0001,D0013,2026-02-23 18:42:16.157233,117
D_STR05325,D_U0008,D0050,2026-02-21 06:39:39.440460,120
D_STR05326,D_U0060,D0038,2026-03-02 09:45:08.246598,181
D_STR05327,D_U0065,D0022,2026-02-28 10:43:57.764869,186
D_STR05328,D_U0056,D0043,2026-02-03 00:58:16.514783,80
D_STR05329,D_U0053,D0021,2026-02-16 12:16:01.288319,82
D_STR05330,D_U0078,D0049,2026-02-22 08:08:05.014837,46
D_STR05331,D_U0058,D0029,2026-02-25 21:21:20.777223,253
D_STR05332,D_U0092,D0039,2026-02-13 15:17:13.079739,168
D_STR05333,D_U0085,D0037,2026-02-20 19:34:13.910823,84
D_STR05334,D_U0095,D0033,2026-02-11 20:42:18.764791,166
D_STR05335,D_U0078,D0027,2026-02-10 12:31:17.190792,81
D_STR05336,D_U0034,D0047,2026-02-22 05:04:41.228164,35
D_STR05337,D_U0089,D0010,2026-02-28 07:41:50.815478,10
D_STR05338,D_U0011,D0023,2026-02-10 15:32:17.643940,18
D_STR05339,D_U0003,D0012,2026-02-05 12:34:46.287731,5
D_STR05340,D_U0043,D0046,2026-02-28 00:18:48.937621,151
D_STR05341,D_U0066,D0015,2026-02-17 16:38:46.207032,231
D_STR05342,D_U0026,D0027,2026-02-24 09:47:22.139592,135
D_STR05343,D_U0089,D0045,2026-02-23 19:44:14.201099,195
D_STR05344,D_U0090,D0038,2026-02-25 11:18:54.204277,32
D_STR05345,D_U0037,D0049,2026-02-15 08:57:51.942356,52
D_STR05346,D_U0061,D0046,2026-02-13 07:26:53.266163,159
D_STR05347,D_U0094,D0047,2026-02-02 14:29:29.044250,295
D_STR05348,D_U0092,D0028,2026-03-01 20:11:19.038499,73
D_STR05349,D_U0003,D0043,2026-02-19 22:51:59.654218,7
D_STR05350,D_U0018,D0039,2026-02-20 13:27:24.488080,302
D_STR05351,D_U0042,D0044,2026-02-19 05:05:48.197246,283
D_STR05352,D_U0087,D0047,2026-02-10 11:26:09.352366,46
D_STR05353,D_U0033,D0048,2026-02-22 21:04:51.375928,37
D_STR05354,D_U0020,D0034,2026-02-07 15:30:00.203694,182
D_STR05355,D_U0065,D0045,2026-02-17 21:49:23.103920,85
D_STR05356,D_U0001,D0044,2026-02-12 16:36:51.246947,86
D_STR05357,D_U0021,D0037,2026-02-28 11:53:14.492551,103
D_STR05358,D_U0016,D0028,2026-02-04 23:27:05.500898,51
D_STR05359,D_U0020,D0027,2026-02-07 09:41:32.196912,56
D_STR05360,D_U0014,D0041,2026-02-27 10:41:01.633737,208
D_STR05361,D_U0041,D0038,2026-02-09 11:22:22.435556,84
D_STR05362,D_U0040,D0038,2026-02-26 14:53:03.913378,20
D_STR05363,D_U0085,D0014,2026-02-24 04:47:44.717350,252
D_STR05364,D_U0040,D0015,2026-02-11 00:26:11.750160,75
D_STR05365,D_U0052,D0024,2026-02-02 23:30:47.619196,326
D_STR05366,D_U0014,D0014,2026-02-07 14:33:45.723278,61
D_STR05367,D_U0046,D0027,2026-02-20 13:42:14.206426,45
D_STR05368,D_U0081,D0021,2026-02-15 05:17:14.703035,45
D_STR05369,D_U0033,D0023,2026-02-08 02:00:26.646278,32
D_STR05370,D_U0083,D0039,2026-02-24 20:40:48.942041,291
D_STR05371,D_U0075,D0013,2026-01-31 15:41:12.829151,117
D_STR05372,D_U0082,D0014,2026-02-08 05:28:32.510446,28
D_STR05373,D_U0034,D0042,2026-02-16 10:45:56.933198,138
D_STR05374,D_U0009,D0012,2026-02-28 12:42:01.421141,179
D_STR05375,D_U0077,D0041,2026-02-21 23:44:49.339708,187
D_STR05376,D_U0091,D0044,2026-02-13 12:48:24.496376,296
D_STR05377,D_U0006,D0005,2026-02-20 14:51:33.702570,145
D_STR05378,D_U0044,D0041,2026-02-26 00:08:18.188720,33
D_STR05379,D_U0017,D0037,2026-02-04 10:29:08.776433,61
D_STR05380,D_U0061,D0014,2026-02-03 19:44:37.026563,149
D_STR05381,D_U0049,D0032,2026-02-11 01:52:44.008911,40
D_STR05382,D_U0046,D0007,2026-02-15 16:25:45.857006,76
D_STR05383,D_U0055,D0050,2026-02-27 22:12:30.226871,118
D_STR05384,D_U0092,D0028,2026-02-27 19:28:59.581882,168
D_STR05385,D_U0080,D0050,2026-02-05 12:55:54.764966,121
D_STR05386,D_U0018,D0026,2026-02-03 17:39:33.001559,58
D_STR05387,D_U0055,D0026,2026-02-28 08:23:05.965801,202
D_STR05388,D_U0009,D0025,2026-02-06 07:59:55.986347,130
D_STR05389,D_U0081,D0050,2026-02-25 02:40:19.081048,88
D_STR05390,D_U0087,D0027,2026-02-06 19:49:28.580129,142
D_STR05391,D_U0098,D0020,2026-02-02 05:47:12.086477,89
D_STR05392,D_U0076,D0015,2026-02-14 23:39:09.876725,118
D_STR05393,D_U0054,D0035,2026-02-02 20:11:54.534524,43
D_STR05394,D_U0087,D0031,2026-02-28 11:44:35.127564,13
D_STR05395,D_U0012,D0010,2026-02-13 04:34:59.460055,6
D_STR05396,D_U0069,D0032,2026-02-22 21:07:19.069999,76
D_STR05397,D_U0025,D0048,2026-03-01 06:38:58.033253,134
D_STR05398,D_U0009,D0037,2026-02-22 06:44:05.721407,120
D_STR05399,D_U0080,D0027,2026-02-05 20:54:13.431592,145
D_STR05400,D_U0049,D0023,2026-02-01 09:48:18.243476,136
D_STR05401,D_U0033,D0045,2026-02-24 11:20:58.530344,109
D_STR05402,D_U0015,D0025,2026-03-01 07:33:24.166773,14
D_STR05403,D_U0051,D0037,2026-02-20 22:55:50.162567,22
D_STR05404,D_U0094,D0024,2026-02-13 04:21:39.246310,345
D_STR05405,D_U0076,D0021,2026-02-11 03:52:04.323671,208
D_STR05406,D_U0040,D0043,2026-02-13 04:26:00.281181,47
D_STR05407,D_U0015,D0016,2026-02-14 00:03:10.006772,246
D_STR05408,D_U0064,D0036,2026-02-08 05:05:54.761348,122
D_STR05409,D_U0080,D0047,2026-02-15 00:46:27.155458,71
D_STR05410,D_U0033,D0036,2026-02-13 21:04:32.577708,100
D_STR05411,D_U0025,D0042,2026-02-25 23:57:25.810359,234
D_STR05412,D_U0074,D0047,2026-02-07 10:00:26.443678,186
D_STR05413,D_U0035,D0038,2026-02-06 02:40:11.715025,18
D_STR05414,D_U0035,D0029,2026-02-25 23:03:56.453589,183
D_STR05415,D_U0089,D0043,2026-02-21 07:53:47.893042,20
D_STR05416,D_U0025,D0032,2026-02-20 15:52:58.700144,300
D_STR05417,D_U0056,D0033,2026-02-14 07:22:45.299860,34
D_STR05418,D_U0023,D0037,2026-02-06 22:11:29.541173,142
D_STR05419,D_U0058,D0024,2026-02-25 22:37:50.141252,227
D_STR05420,D_U0023,D0014,2026-02-15 11:10:52.599946,187
D_STR05421,D_U0008,D0022,2026-02-28 06:40:54.090890,133
D_STR05422,D_U0072,D0019,2026-02-04 12:10:21.003258,228
D_STR05423,D_U0006,D0021,2026-02-18 08:28:56.614044,41
D_STR05424,D_U0045,D0023,2026-02-15 09:46:31.831772,165
D_STR05425,D_U0009,D0042,2026-02-12 18:29:01.045218,90
D_STR05426,D_U0033,D0046,2026-02-08 13:45:03.511775,106
D_STR05427,D_U0027,D0038,2026-02-15 15:40:57.457119,169
D_STR05428,D_U0070,D0045,2026-02-20 03:09:04.737910,196
D_STR05429,D_U0020,D0028,2026-02-02 05:13:29.672670,259
D_STR05430,D_U0014,D0042,2026-02-20 06:55:15.847767,236
D_STR05431,D_U0050,D0026,2026-02-28 02:28:28.116786,161
D_STR05432,D_U0034,D0047,2026-02-19 09:06:19.395227,220
D_STR05433,D_U0058,D0048,2026-02-17 01:39:05.903279,153
D_STR05434,D_U0059,D0031,2026-02-25 14:44:20.255355,130
D_STR05435,D_U0076,D0044,2026-02-19 05:26:59.103104,219
D_STR05436,D_U0081,D0027,2026-02-13 02:12:09.784248,56
D_STR05437,D_U0001,D0032,2026-02-03 18:31:31.650678,218
D_STR05438,D_U0059,D0028,2026-02-06 16:45:57.440514,167
D_STR05439,D_U0005,D0045,2026-02-01 10:10:09.462199,159
D_STR05440,D_U0093,D0041,2026-02-20 11:46:31.784575,161
D_STR05441,D_U0001,D0026,2026-02-16 23:01:06.503145,39
D_STR05442,D_U0081,D0025,2026-02-23 16:24:58.991930,65
D_STR05443,D_U0091,D0040,2026-02-17 07:24:30.947521,63
D_STR05444,D_U0048,D0011,2026-02-21 09:23:43.480077,258
D_STR05445,D_U0016,D0040,2026-02-16 05:08:02.588480,68
D_STR05446,D_U0032,D0042,2026-02-06 19:25:46.757863,73
D_STR05447,D_U0005,D0037,2026-02-15 22:00:13.233510,146
D_STR05448,D_U0075,D0028,2026-02-07 17:55:35.200464,14
D_STR05449,D_U0039,D0045,2026-02-17 10:00:42.522377,168
D_STR05450,D_U0093,D0027,2026-02-12 06:26:46.358930,103
D_STR05451,D_U0008,D0029,2026-02-07 07:44:31.398575,156
D_STR05452,D_U0057,D0048,2026-02-26 00:33:02.396008,246
D_STR05453,D_U0050,D0021,2026-02-05 11:05:11.103642,126
D_STR05454,D_U0067,D0041,2026-02-26 21:55:08.772213,157
D_STR05455,D_U0012,D0046,2026-02-15 14:42:24.487665,54
D_STR05456,D_U0044,D0041,2026-02-10 23:51:01.273162,192
D_STR05457,D_U0038,D0043,2026-02-16 08:03:17.361907,121
D_STR05458,D_U0066,D0034,2026-02-13 12:32:17.087901,24
D_STR05459,D_U0087,D0039,2026-02-24 09:09:41.065630,219
D_STR05460,D_U0031,D0037,2026-02-13 08:20:59.177344,21
D_STR05461,D_U0056,D0021,2026-03-02 00:31:56.126654,186
D_STR05462,D_U0044,D0026,2026-02-06 11:25:20.359151,182
D_STR05463,D_U0065,D0040,2026-02-18 04:39:20.197749,55
D_STR05464,D_U0031,D0015,2026-02-07 20:12:58.202782,73
D_STR05465,D_U0081,D0008,2026-02-25 04:34:36.636854,297
D_STR05466,D_U0083,D0012,2026-02-17 07:10:02.875630,55
D_STR05467,D_U0022,D0029,2026-02-27 04:42:25.839906,263
D_STR05468,D_U0084,D0034,2026-02-13 06:38:44.071251,161
D_STR05469,D_U0068,D0043,2026-02-22 04:36:49.769801,13
D_STR05470,D_U0012,D0027,2026-02-28 12:54:22.906916,104
D_STR05471,D_U0087,D0044,2026-02-07 07:12:35.655297,113
D_STR05472,D_U0024,D0016,2026-02-10 06:47:06.312258,188
D_STR05473,D_U0037,D0037,2026-02-24 16:25:30.115700,32
D_STR05474,D_U0010,D0034,2026-02-24 17:16:11.166768,50
D_STR05475,D_U0052,D0017,2026-01-31 16:12:47.779473,61
D_STR05476,D_U0098,D0035,2026-02-12 11:09:40.953131,155
D_STR05477,D_U0057,D0032,2026-02-14 02:23:55.007756,193
D_STR05478,D_U0058,D0035,2026-02-13 15:08:32.381763,241
D_STR05479,D_U0094,D0039,2026-02-17 18:12:42.831312,318
D_STR05480,D_U0017,D0030,2026-02-10 01:06:41.662385,131
D_STR05481,D_U0070,D0044,2026-02-16 03:50:28.117292,120
D_STR05482,D_U0012,D0028,2026-02-23 02:41:16.050466,152
D_STR05483,D_U0031,D0047,2026-02-13 01:24:48.609905,71
D_STR05484,D_U0075,D0050,2026-02-16 05:00:53.630824,233
D_STR05485,D_U0020,D0039,2026-02-26 02:07:39.774369,78
D_STR05486,D_U0055,D0025,2026-02-18 16:20:33.154799,211
D_STR05487,D_U0078,D0041,2026-02-07 14:28:14.865694,163
D_STR05488,D_U0059,D0015,2026-02-17 17:45:36.437153,258
D_STR05489,D_U0008,D0044,2026-03-01 22:51:51.365945,148
D_STR05490,D_U0033,D0049,2026-02-16 05:47:10.320924,42
D_STR05491,D_U0072,D0035,2026-02-20 14:16:26.739393,35
D_STR05492,D_U0015,D0041,2026-02-27 12:31:59.864985,83
D_STR05493,D_U0048,D0039,2026-02-28 23:24:02.059184,12
D_STR05494,D_U0068,D0005,2026-02-26 20:41:04.447484,244
D_STR05495,D_U0065,D0012,2026-02-28 15:15:36.834214,163
D_STR05496,D_U0028,D0049,2026-02-12 03:39:30.924407,27
D_STR05497,D_U0005,D0042,2026-02-17 06:05:00.879606,19
D_STR05498,D_U0066,D0046,2026-02-13 14:21:57.980116,99
D_STR05499,D_U0070,D0039,2026-01-31 22:57:26.989342,148
D_STR05500,D_U0061,D0036,2026-02-05 04:22:58.119254,96
D_STR05501,D_U0081,D0045,2026-02-11 12:33:39.244398,140
D_STR05502,D_U0048,D0042,2026-02-08 10:03:33.363401,175
D_STR05503,D_U0014,D0047,2026-01-31 12:23:47.387087,30
D_STR05504,D_U0032,D0026,2026-02-26 16:17:32.948126,168
D_STR05505,D_U0075,D0013,2026-02-03 00:12:20.805398,163
D_STR05506,D_U0020,D0033,2026-02-07 03:16:20.300932,111
D_STR05507,D_U0094,D0048,2026-02-06 01:52:02.159134,174
D_STR05508,D_U0050,D0040,2026-02-22 13:11:59.306122,65
D_STR05509,D_U0049,D0042,2026-02-21 06:57:24.151843,199
D_STR05510,D_U0045,D0028,2026-02-11 16:23:10.647454,36
D_STR05511,D_U0016,D0034,2026-02-04 08:34:43.056812,14
D_STR05512,D_U0052,D0025,2026-02-12 18:12:17.047758,81
D_STR05513,D_U0091,D0013,2026-02-28 01:17:48.659751,193
D_STR05514,D_U0016,D0044,2026-02-24 10:43:36.930260,314
D_STR05515,D_U0046,D0045,2026-02-07 16:30:27.805603,59
D_STR05516,D_U0079,D0049,2026-02-06 01:42:07.112861,74
D_STR05517,D_U0009,D0048,2026-02-14 06:59:53.111063,15
D_STR05518,D_U0084,D0027,2026-02-18 16:36:40.001050,97
D_STR05519,D_U0051,D0041,2026-02-09 10:45:14.530210,78
D_STR05520,D_U0021,D0045,2026-02-19 06:50:00.396343,31
D_STR05521,D_U0074,D0049,2026-02-10 10:03:07.910760,45
D_STR05522,D_U0054,D0011,2026-02-25 09:48:30.345701,20
D_STR05523,D_U0017,D0032,2026-03-02 08:34:35.045480,155
D_STR05524,D_U0063,D0026,2026-02-25 11:51:47.523807,66
D_STR05525,D_U0022,D0044,2026-02-06 13:54:34.112514,84
D_STR05526,D_U0081,D0024,2026-02-11 22:18:57.928281,332
D_STR05527,D_U0064,D0032,2026-02-04 07:28:30.285531,242
D_STR05528,D_U0018,D0036,2026-02-22 02:03:30.680651,158
D_STR05529,D_U0006,D0032,2026-02-10 15:14:25.280923,225
D_STR05530,D_U0045,D0022,2026-02-22 08:06:43.500942,114
D_STR05531,D_U0015,D0021,2026-02-04 03:10:11.860195,129
D_STR05532,D_U0024,D0018,2026-02-14 03:12:26.303765,264
D_STR05533,D_U0038,D0023,2026-02-09 16:10:02.546710,30
D_STR05534,D_U0071,D0049,2026-02-22 15:04:48.644420,97
D_STR05535,D_U0039,D0037,2026-02-10 14:50:50.533912,51
D_STR05536,D_U0046,D0016,2026-02-20 11:22:40.034756,107
D_STR05537,D_U0079,D0038,2026-02-22 20:34:35.417221,147
D_STR05538,D_U0074,D0035,2026-02-07 22:24:47.971820,167
D_STR05539,D_U0068,D0033,2026-02-11 23:31:53.810360,147
D_STR05540,D_U0009,D0037,2026-02-20 01:01:20.965966,65
D_STR05541,D_U0059,D0043,2026-02-02 05:46:16.590669,64
D_STR05542,D_U0012,D0037,2026-02-20 17:17:57.883828,9
D_STR05543,D_U0023,D0006,2026-02-28 16:46:39.727535,285
D_STR05544,D_U0073,D0032,2026-02-20 20:33:55.716801,134
D_STR05545,D_U0046,D0036,2026-02-10 09:34:07.077977,168
D_STR05546,D_U0097,D0023,2026-02-02 07:29:26.683997,6
D_STR05547,D_U0067,D0023,2026-03-01 00:11:55.231683,72
D_STR05548,D_U0020,D0022,2026-02-26 23:43:38.514930,54
D_STR05549,D_U0005,D0011,2026-02-18 10:00:53.013199,259
D_STR05550,D_U0029,D0035,2026-02-22 13:07:29.947588,50
D_STR05551,D_U0026,D0037,2026-02-02 16:01:06.492448,30
D_STR05552,D_U0027,D0040,2026-02-05 05:01:34.157250,127
D_STR05553,D_U0080,D0017,2026-02-11 10:43:56.097519,85
D_STR05554,D_U0022,D0027,2026-02-17 02:19:31.408743,89
D_STR05555,D_U0089,D0025,2026-02-01 01:44:52.272035,173
D_STR05556,D_U0051,D0036,2026-02-09 19:00:25.620313,186
D_STR05557,D_U0039,D0019,2026-02-03 11:55:41.350518,243
D_STR05558,D_U0053,D0043,2026-02-05 07:24:24.302478,129
D_STR05559,D_U0006,D0038,2026-02-10 05:27:58.886935,39
D_STR05560,D_U0087,D0047,2026-02-15 01:42:15.963845,218
D_STR05561,D_U0023,D0050,2026-02-28 21:06:34.632873,101
D_STR05562,D_U0043,D0028,2026-02-26 16:22:43.296752,67
D_STR05563,D_U0013,D0020,2026-02-13 08:07:59.643122,141
D_STR05564,D_U0042,D0045,2026-01-31 15:46:23.990767,57
D_STR05565,D_U0018,D0042,2026-03-01 11:25:30.466182,21
D_STR05566,D_U0053,D0046,2026-02-24 04:04:20.128341,18
D_STR05567,D_U0014,D0035,2026-02-09 17:38:58.276932,277
D_STR05568,D_U0098,D0028,2026-02-26 00:20:07.518806,192
D_STR05569,D_U0092,D0035,2026-02-02 15:14:04.596329,64
D_STR05570,D_U0070,D0003,2026-02-09 07:14:24.031227,146
D_STR05571,D_U0024,D0005,2026-02-27 12:41:35.206862,202
D_STR05572,D_U0043,D0026,2026-02-20 02:36:46.888734,28
D_STR05573,D_U0036,D0041,2026-02-23 15:05:49.335631,42
D_STR05574,D_U0012,D0022,2026-02-27 18:37:29.851318,23
D_STR05575,D_U0059,D0026,2026-02-12 00:25:23.928071,229
D_STR05576,D_U0010,D0007,2026-02-03 18:31:06.018248,253
D_STR05577,D_U0031,D0021,2026-02-22 03:12:22.120334,59
D_STR05578,D_U0058,D0025,2026-02-17 13:11:27.805965,119
D_STR05579,D_U0008,D0029,2026-02-21 08:21:27.124750,267
D_STR05580,D_U0048,D0031,2026-02-23 20:00:37.469087,144
D_STR05581,D_U0037,D0042,2026-02-04 22:29:22.798252,16
D_STR05582,D_U0032,D0040,2026-02-19 18:18:20.535633,37
D_STR05583,D_U0090,D0009,2026-02-05 13:23:49.181895,93
D_STR05584,D_U0006,D0039,2026-02-16 11:51:17.715323,45
D_STR05585,D_U0033,D0023,2026-02-05 14:28:39.328109,73
D_STR05586,D_U0048,D0045,2026-02-26 19:54:25.397751,107
D_STR05587,D_U0001,D0027,2026-02-11 22:08:24.948531,211
D_STR05588,D_U0033,D0042,2026-02-28 04:16:37.484213,187
D_STR05589,D_U0087,D0034,2026-02-01 12:40:42.001767,177
D_STR05590,D_U0064,D0043,2026-02-01 18:27:39.848391,49
D_STR05591,D_U0083,D0028,2026-02-05 11:08:42.590184,153
D_STR05592,D_U0060,D0050,2026-02-08 16:25:31.841875,332
D_STR05593,D_U0091,D0046,2026-02-05 12:29:25.885057,128
D_STR05594,D_U0018,D0046,2026-02-09 01:25:07.535086,5
D_STR05595,D_U0010,D0044,2026-02-27 05:23:45.462705,321
D_STR05596,D_U0030,D0020,2026-02-21 20:08:48.806526,119
D_STR05597,D_U0026,D0049,2026-02-16 05:19:46.945885,113
D_STR05598,D_U0023,D0026,2026-02-09 06:46:57.358135,268
D_STR05599,D_U0029,D0034,2026-02-11 19:32:21.119352,130
D_STR05600,D_U0001,D0031,2026-02-08 17:58:28.811950,102
D_STR05601,D_U0081,D0015,2026-02-20 11:17:36.163199,73
D_STR05602,D_U0032,D0021,2026-02-06 12:55:08.921378,45
D_STR05603,D_U0074,D0043,2026-02-26 13:09:10.031580,113
D_STR05604,D_U0022,D0039,2026-02-27 15:38:22.995547,258
D_STR05605,D_U0079,D0050,2026-02-17 06:21:41.870501,89
D_STR05606,D_U0019,D0027,2026-02-18 05:35:54.898246,216
D_STR05607,D_U0057,D0048,2026-02-15 23:35:44.839959,236
D_STR05608,D_U0072,D0048,2026-02-20 13:18:07.499394,149
D_STR05609,D_U0003,D0045,2026-02-05 16:15:05.942907,117
D_STR05610,D_U0082,D0041,2026-02-19 10:53:31.542403,228
D_STR05611,D_U0083,D0023,2026-02-11 16:26:51.010729,78
D_STR05612,D_U0093,D0050,2026-02-17 13:58:47.791132,112
D_STR05613,D_U0025,D0026,2026-02-05 14:25:05.924685,35
D_STR05614,D_U0063,D0023,2026-02-09 15:10:59.414915,200
D_STR05615,D_U0047,D0023,2026-01-31 19:36:45.373100,40
D_STR05616,D_U0095,D0038,2026-02-12 17:40:57.762618,96
D_STR05617,D_U0073,D0030,2026-02-05 01:26:39.659338,112
D_STR05618,D_U0002,D0048,2026-02-21 00:39:52.454635,69
D_STR05619,D_U0040,D0045,2026-02-07 18:32:46.045752,137
D_STR05620,D_U0064,D0027,2026-02-12 20:46:35.171441,170
D_STR05621,D_U0084,D0034,2026-02-15 21:11:58.531749,210
D_STR05622,D_U0072,D0011,2026-02-18 17:08:47.574690,147
D_STR05623,D_U0078,D0043,2026-02-19 00:54:08.396496,144
D_STR05624,D_U0036,D0044,2026-02-01 08:26:41.782474,244
D_STR05625,D_U0092,D0028,2026-02-15 08:41:57.416141,57
D_STR05626,D_U0035,D0042,2026-02-25 11:41:02.275265,95
D_STR05627,D_U0061,D0007,2026-02-22 17:47:00.116444,304
D_STR05628,D_U0049,D0026,2026-02-14 14:12:03.714661,211
D_STR05629,D_U0006,D0023,2026-02-13 03:36:10.161877,162
D_STR05630,D_U0016,D0014,2026-02-12 08:13:04.901433,55
D_STR05631,D_U0062,D0028,2026-02-07 20:22:05.477757,107
D_STR05632,D_U0046,D0048,2026-02-05 11:42:05.186793,63
D_STR05633,D_U0040,D0007,2026-02-26 13:51:26.188594,234
D_STR05634,D_U0038,D0032,2026-02-17 08:39:10.319255,197
D_STR05635,D_U0032,D0046,2026-02-02 05:24:31.666542,9
D_STR05636,D_U0008,D0044,2026-02-10 02:17:30.922118,219
D_STR05637,D_U0002,D0023,2026-02-08 01:03:14.404142,27
D_STR05638,D_U0069,D0032,2026-02-25 09:23:37.662511,104
D_STR05639,D_U0007,D0043,2026-02-20 05:05:09.436013,162
D_STR05640,D_U0049,D0017,2026-02-16 10:07:32.711245,86
D_STR05641,D_U0049,D0037,2026-02-22 13:17:22.244927,8
D_STR05642,D_U0062,D0045,2026-02-03 01:00:55.233798,87
D_STR05643,D_U0078,D0035,2026-02-14 17:03:33.543211,315
D_STR05644,D_U0085,D0036,2026-02-07 09:17:50.369037,56
D_STR05645,D_U0034,D0031,2026-02-02 03:34:07.693486,104
D_STR05646,D_U0060,D0037,2026-02-02 04:29:54.646792,87
D_STR05647,D_U0054,D0033,2026-02-05 21:26:34.896374,153
D_STR05648,D_U0088,D0027,2026-02-25 17:48:56.130766,208
D_STR05649,D_U0064,D0028,2026-02-07 21:35:32.291109,127
D_STR05650,D_U0078,D0027,2026-02-20 20:06:06.009503,38
D_STR05651,D_U0011,D0037,2026-02-23 08:34:53.967460,56
D_STR05652,D_U0093,D0037,2026-02-02 18:39:54.623792,49
D_STR05653,D_U0009,D0047,2026-02-07 13:21:58.086042,35
D_STR05654,D_U0053,D0030,2026-02-22 22:42:47.010494,120
D_STR05655,D_U0026,D0032,2026-02-05 22:08:53.376814,12
D_STR05656,D_U0060,D0035,2026-02-12 13:57:51.607234,293
D_STR05657,D_U0028,D0036,2026-02-24 03:41:29.406811,242
D_STR05658,D_U0064,D0026,2026-02-08 01:56:20.389106,194
D_STR05659,D_U0090,D0042,2026-02-20 21:26:48.348878,25
D_STR05660,D_U0079,D0010,2026-02-09 12:34:03.078439,61
D_STR05661,D_U0051,D0018,2026-02-15 04:16:02.295425,119
D_STR05662,D_U0083,D0033,2026-02-25 14:20:23.087297,101
D_STR05663,D_U0016,D0048,2026-02-28 10:52:33.619100,168
D_STR05664,D_U0094,D0050,2026-02-04 16:13:08.402736,277
D_STR05665,D_U0088,D0039,2026-03-01 04:55:32.211728,264
D_STR05666,D_U0045,D0030,2026-02-23 06:11:11.768692,34
D_STR05667,D_U0064,D0021,2026-02-19 06:43:26.523821,273
D_STR05668,D_U0016,D0022,2026-02-13 21:17:18.293706,72
D_STR05669,D_U0094,D0040,2026-02-26 03:06:14.949666,46
D_STR05670,D_U0095,D0045,2026-02-27 03:02:55.353910,126
D_STR05671,D_U0095,D0042,2026-02-14 02:47:33.843515,57
D_STR05672,D_U0073,D0039,2026-02-23 00:48:07.459636,45
D_STR05673,D_U0030,D0039,2026-02-10 04:37:29.714098,116
D_STR05674,D_U0078,D0020,2026-02-11 11:06:31.583916,115
D_STR05675,D_U0074,D0048,2026-02-02 15:53:28.527029,275
D_STR05676,D_U0003,D0025,2026-02-03 13:39:59.262435,115
D_STR05677,D_U0002,D0031,2026-02-04 23:49:43.673330,128
D_STR05678,D_U0004,D0011,2026-02-24 11:26:24.669005,235
D_STR05679,D_U0010,D0034,2026-02-11 18:34:07.801111,51
D_STR05680,D_U0046,D0017,2026-02-08 01:40:46.036856,108
D_STR05681,D_U0024,D0049,2026-02-27 00:45:08.113085,84
D_STR05682,D_U0033,D0041,2026-02-02 19:28:32.687055,50
D_STR05683,D_U0065,D0046,2026-02-13 07:04:04.880420,130
D_STR05684,D_U0100,D0044,2026-03-02 08:29:44.981274,331
D_STR05685,D_U0092,D0045,2026-02-04 06:11:53.370961,179
D_STR05686,D_U0057,D0046,2026-02-21 23:08:17.348138,65
D_STR05687,D_U0034,D0037,2026-02-04 15:48:09.025016,66
D_STR05688,D_U0082,D0011,2026-02-28 02:15:11.305354,88
D_STR05689,D_U0040,D0038,2026-02-25 02:25:01.047892,193
D_STR05690,D_U0096,D0034,2026-02-27 12:01:25.036597,128
D_STR05691,D_U0064,D0022,2026-02-28 13:23:04.115126,208
D_STR05692,D_U0044,D0044,2026-02-21 00:44:30.839477,143
D_STR05693,D_U0062,D0035,2026-02-09 06:58:37.104664,166
D_STR05694,D_U0091,D0026,2026-02-27 09:45:03.812195,26
D_STR05695,D_U0080,D0045,2026-02-09 04:13:29.847393,183
D_STR05696,D_U0088,D0047,2026-02-08 16:40:44.589319,79
D_STR05697,D_U0055,D0023,2026-02-12 23:06:53.111386,207
D_STR05698,D_U0092,D0042,2026-02-18 20:57:32.873176,216
D_STR05699,D_U0076,D0033,2026-02-28 01:13:26.381581,61
D_STR05700,D_U0035,D0039,2026-02-17 22:24:38.952009,140
D_STR05701,D_U0015,D0024,2026-03-01 03:59:25.099454,74
D_STR05702,D_U0085,D0032,2026-02-19 00:23:19.683152,20
D_STR05703,D_U0068,D0046,2026-02-22 12:19:46.178841,25
D_STR05704,D_U0070,D0037,2026-02-09 07:55:12.129601,140
D_STR05705,D_U0066,D0042,2026-02-10 06:03:27.714465,103
D_STR05706,D_U0037,D0049,2026-02-14 00:59:05.901561,32
D_STR05707,D_U0006,D0019,2026-02-19 16:53:36.083794,114
D_STR05708,D_U0067,D0042,2026-02-13 23:16:11.165777,187
D_STR05709,D_U0047,D0023,2026-02-24 04:11:50.254923,229
D_STR05710,D_U0028,D0044,2026-02-21 03:20:15.320720,171
D_STR05711,D_U0059,D0043,2026-03-01 11:33:04.437775,119
D_STR05712,D_U0032,D0046,2026-02-03 23:44:03.832160,104
D_STR05713,D_U0026,D0045,2026-02-14 15:48:07.882352,17
D_STR05714,D_U0078,D0017,2026-02-02 02:28:53.979573,112
D_STR05715,D_U0042,D0045,2026-02-16 12:44:31.319274,36
D_STR05716,D_U0091,D0037,2026-02-17 01:52:16.822246,90
D_STR05717,D_U0088,D0022,2026-01-31 15:18:18.920633,180
D_STR05718,D_U0001,D0049,2026-02-16 14:50:46.430735,121
D_STR05719,D_U0045,D0038,2026-02-02 22:48:32.045324,76
D_STR05720,D_U0063,D0029,2026-02-14 20:25:58.089352,105
D_STR05721,D_U0021,D0050,2026-02-10 15:33:48.713124,55
D_STR05722,D_U0021,D0036,2026-02-22 13:04:22.500448,110
D_STR05723,D_U0038,D0044,2026-02-04 04:12:46.337061,29
D_STR05724,D_U0046,D0036,2026-02-27 04:40:01.291987,33
D_STR05725,D_U0053,D0018,2026-03-02 05:30:33.236354,196
D_STR05726,D_U0061,D0047,2026-02-06 04:06:04.461049,157
D_STR05727,D_U0041,D0020,2026-02-17 19:18:12.402110,99
D_STR05728,D_U0046,D0018,2026-02-01 13:21:20.465216,32
D_STR05729,D_U0010,D0030,2026-02-24 04:48:52.844524,88
D_STR05730,D_U0067,D0050,2026-02-03 09:23:02.042119,13
D_STR05731,D_U0016,D0033,2026-02-02 20:15:11.944369,133
D_STR05732,D_U0014,D0037,2026-02-24 22:50:57.198647,86
D_STR05733,D_U0090,D0048,2026-03-01 23:55:53.425533,99
D_STR05734,D_U0082,D0033,2026-02-06 21:40:27.285929,63
D_STR05735,D_U0089,D0029,2026-02-23 05:28:29.439604,26
D_STR05736,D_U0076,D0022,2026-02-09 02:52:35.249680,118
D_STR05737,D_U0049,D0035,2026-02-27 01:14:59.541264,264
D_STR05738,D_U0094,D0031,2026-02-06 07:05:52.424169,111
D_STR05739,D_U0077,D0048,2026-02-28 03:29:30.016429,213
D_STR05740,D_U0080,D0027,2026-02-17 19:23:43.639286,197
D_STR05741,D_U0035,D0049,2026-02-27 19:44:03.209201,40
D_STR05742,D_U0005,D0042,2026-02-06 22:58:13.597752,61
D_STR05743,D_U0033,D0050,2026-02-17 22:59:05.004223,149
D_STR05744,D_U0077,D0014,2026-02-06 10:07:23.427741,243
D_STR05745,D_U0054,D0024,2026-02-02 13:10:11.045514,278
D_STR05746,D_U0084,D0042,2026-02-16 07:41:21.236126,221
D_STR05747,D_U0013,D0021,2026-02-19 22:22:53.082659,284
D_STR05748,D_U0077,D0044,2026-02-17 18:42:34.289964,100
D_STR05749,D_U0047,D0037,2026-02-01 23:38:45.948498,107
D_STR05750,D_U0005,D0041,2026-02-17 00:18:28.567137,167
D_STR05751,D_U0087,D0006,2026-02-26 22:11:13.515888,80
D_STR05752,D_U0046,D0037,2026-02-28 13:40:04.264515,62
D_STR05753,D_U0071,D0049,2026-02-16 20:09:35.938928,8
D_STR05754,D_U0060,D0021,2026-02-23 19:02:32.350640,205
D_STR05755,D_U0055,D0022,2026-02-14 17:41:19.944779,140
D_STR05756,D_U0084,D0029,2026-02-28 12:14:23.162080,126
D_STR05757,D_U0058,D0045,2026-02-13 04:05:26.301708,138
D_STR05758,D_U0071,D0040,2026-02-24 10:18:42.515486,37
D_STR05759,D_U0057,D0011,2026-02-18 06:58:43.658128,10
D_STR05760,D_U0024,D0035,2026-03-01 06:47:54.329882,76
D_STR05761,D_U0077,D0032,2026-02-13 22:43:06.630120,134
D_STR05762,D_U0050,D0046,2026-02-03 02:17:23.008715,140
D_STR05763,D_U0084,D0034,2026-02-23 06:36:47.615436,198
D_STR05764,D_U0018,D0018,2026-02-03 07:28:35.446263,30
D_STR05765,D_U0100,D0017,2026-03-01 13:19:24.228774,91
D_STR05766,D_U0070,D0050,2026-02-08 18:41:43.517132,281
D_STR05767,D_U0075,D0020,2026-02-28 23:24:33.625510,53
D_STR05768,D_U0036,D0027,2026-02-20 07:24:00.774022,32
D_STR05769,D_U0016,D0046,2026-02-01 11:43:07.857788,136
D_STR05770,D_U0066,D0019,2026-02-12 22:53:10.723581,284
D_STR05771,D_U0007,D0023,2026-02-22 14:23:10.315576,119
D_STR05772,D_U0002,D0024,2026-03-01 06:32:18.759422,144
D_STR05773,D_U0035,D0035,2026-02-09 02:42:53.621750,136
D_STR05774,D_U0057,D0014,2026-02-07 17:43:48.662955,97
D_STR05775,D_U0035,D0048,2026-03-01 23:20:39.938678,198
D_STR05776,D_U0005,D0039,2026-02-09 09:59:37.429620,267
D_STR05777,D_U0061,D0003,2026-02-04 12:51:07.020975,163
D_STR05778,D_U0014,D0045,2026-02-06 06:34:59.211952,72
D_STR05779,D_U0047,D0023,2026-02-06 12:35:28.049278,73
D_STR05780,D_U0072,D0019,2026-02-28 23:54:50.020491,216
D_STR05781,D_U0013,D0020,2026-02-24 22:38:04.587303,104
D_STR05782,D_U0053,D0019,2026-02-19 06:58:57.217350,295
D_STR05783,D_U0073,D0017,2026-02-07 19:57:13.550301,67
D_STR05784,D_U0062,D0040,2026-02-12 22:28:06.235940,124
D_STR05785,D_U0029,D0023,2026-02-14 22:55:20.450053,119
D_STR05786,D_U0033,D0049,2026-02-19 17:11:20.620498,85
D_STR05787,D_U0053,D0020,2026-02-10 11:29:33.039409,120
D_STR05788,D_U0095,D0006,2026-02-20 18:36:24.596677,292
D_STR05789,D_U0013,D0034,2026-02-10 10:15:17.606621,142
D_STR05790,D_U0100,D0015,2026-02-12 17:38:36.461112,78
D_STR05791,D_U0043,D0030,2026-02-19 07:28:55.170962,16
D_STR05792,D_U0084,D0017,2026-02-18 09:26:08.454019,42
D_STR05793,D_U0041,D0016,2026-02-09 08:25:53.727835,275
D_STR05794,D_U0075,D0033,2026-02-09 00:31:22.495256,163
D_STR05795,D_U0035,D0006,2026-02-12 21:34:49.868088,102
D_STR05796,D_U0056,D0047,2026-02-13 00:07:11.075620,97
D_STR05797,D_U0004,D0034,2026-02-12 12:29:28.140399,192
D_STR05798,D_U0012,D0031,2026-02-17 21:47:31.775193,41
D_STR05799,D_U0073,D0031,2026-02-21 00:49:43.194343,87
D_STR05800,D_U0017,D0034,2026-02-14 02:25:46.514502,214
D_STR05801,D_U0011,D0046,2026-02-27 00:41:29.568647,91
D_STR05802,D_U0068,D0038,2026-02-26 18:35:38.280613,7
D_STR05803,D_U0071,D0037,2026-02-14 18:22:53.912664,10
D_STR05804,D_U0001,D0028,2026-02-01 17:53:02.833400,186
D_STR05805,D_U0013,D0019,2026-02-14 18:35:51.843277,271
D_STR05806,D_U0054,D0036,2026-02-21 03:07:59.328262,51
D_STR05807,D_U0050,D0038,2026-02-11 15:29:36.409034,147
D_STR05808,D_U0084,D0014,2026-02-16 20:03:59.693195,256
D_STR05809,D_U0030,D0001,2026-02-05 15:22:21.521317,123
D_STR05810,D_U0002,D0050,2026-02-19 06:55:25.430085,322
D_STR05811,D_U0061,D0041,2026-02-26 16:43:21.850220,252
D_STR05812,D_U0018,D0048,2026-03-02 05:32:42.426455,222
D_STR05813,D_U0053,D0025,2026-03-01 20:20:29.588974,210
D_STR05814,D_U0022,D0046,2026-02-05 02:04:26.299999,29
D_STR05815,D_U0068,D0044,2026-02-17 23:51:24.218025,179
D_STR05816,D_U0001,D0048,2026-02-03 05:23:45.862893,8
D_STR05817,D_U0012,D0049,2026-02-21 00:04:52.478829,90
D_STR05818,D_U0062,D0031,2026-02-25 17:19:39.078847,23
D_STR05819,D_U0042,D0037,2026-02-17 05:59:23.392503,8
D_STR05820,D_U0054,D0045,2026-02-24 23:00:48.676160,100
D_STR05821,D_U0096,D0020,2026-02-04 13:04:12.806246,83
D_STR05822,D_U0062,D0019,2026-02-23 01:37:17.451771,222
D_STR05823,D_U0071,D0047,2026-02-15 12:17:17.562017,172
D_STR05824,D_U0016,D0039,2026-02-03 10:56:02.204596,7
D_STR05825,D_U0061,D0010,2026-02-08 13:43:16.715846,207
D_STR05826,D_U0083,D0039,2026-02-12 02:34:00.051092,240
D_STR05827,D_U0089,D0037,2026-02-28 05:03:32.007099,78
D_STR05828,D_U0079,D0046,2026-02-06 02:36:54.845213,16
D_STR05829,D_U0090,D0022,2026-02-11 22:35:50.190907,219
D_STR05830,D_U0029,D0005,2026-02-08 02:58:24.941327,71
D_STR05831,D_U0054,D0039,2026-02-25 09:48:50.305107,37
D_STR05832,D_U0083,D0046,2026-02-25 01:54:57.703471,54
D_STR05833,D_U0058,D0044,2026-02-01 03:51:44.456029,33
D_STR05834,D_U0042,D0019,2026-02-16 03:22:59.741110,287
D_STR05835,D_U0049,D0049,2026-02-03 02:45:40.380268,58
D_STR05836,D_U0065,D0032,2026-02-01 11:12:36.905022,227
D_STR05837,D_U0090,D0023,2026-02-27 02:15:57.023487,185
D_STR05838,D_U0008,D0035,2026-02-09 04:30:58.752856,76
D_STR05839,D_U0098,D0033,2026-02-24 04:45:46.266334,33
D_STR05840,D_U0036,D0027,2026-02-27 08:25:36.167439,165
D_STR05841,D_U0007,D0024,2026-02-21 15:46:00.031199,24
D_STR05842,D_U0085,D0047,2026-03-01 03:47:43.520715,254
D_STR05843,D_U0091,D0040,2026-02-21 22:53:01.395972,84
D_STR05844,D_U0096,D0036,2026-02-10 12:40:31.871570,49
D_STR05845,D_U0036,D0024,2026-02-05 00:25:08.631748,344
D_STR05846,D_U0060,D0031,2026-02-06 09:04:47.428111,23
D_STR05847,D_U0096,D0038,2026-02-08 18:42:00.985367,91
D_STR05848,D_U0071,D0043,2026-02-22 06:16:11.847436,24
D_STR05849,D_U0085,D0022,2026-02-28 11:48:44.706052,81
D_STR05850,D_U0020,D0038,2026-02-11 00:06:05.370409,50
D_STR05851,D_U0001,D0035,2026-02-23 06:45:19.000576,156
D_STR05852,D_U0025,D0034,2026-02-21 03:10:23.993205,78
D_STR05853,D_U0068,D0038,2026-02-19 07:46:47.813537,91
D_STR05854,D_U0090,D0025,2026-02-14 16:59:16.826904,161
D_STR05855,D_U0060,D0045,2026-02-18 03:07:47.477053,34
D_STR05856,D_U0078,D0035,2026-02-20 00:20:11.217385,208
D_STR05857,D_U0002,D0043,2026-02-25 01:11:08.554546,107
D_STR05858,D_U0066,D0048,2026-02-10 08:45:13.112338,72
D_STR05859,D_U0048,D0030,2026-02-17 13:13:41.043443,34
D_STR05860,D_U0053,D0035,2026-02-15 20:26:09.896138,184
D_STR05861,D_U0081,D0032,2026-02-12 06:42:40.567137,110
D_STR05862,D_U0024,D0050,2026-02-22 09:27:41.797708,183
D_STR05863,D_U0012,D0042,2026-02-25 10:27:43.102046,28
D_STR05864,D_U0006,D0027,2026-03-01 16:25:33.990585,54
D_STR05865,D_U0091,D0037,2026-02-07 18:23:59.168362,33
D_STR05866,D_U0026,D0046,2026-02-05 11:13:19.347939,120
D_STR05867,D_U0098,D0045,2026-02-21 04:30:41.316751,139
D_STR05868,D_U0059,D0048,2026-02-02 08:52:34.482517,14
D_STR05869,D_U0047,D0014,2026-02-03 04:54:51.668323,232
D_STR05870,D_U0094,D0050,2026-02-13 23:35:54.826772,332
D_STR05871,D_U0012,D0035,2026-02-11 06:15:31.387099,264
D_STR05872,D_U0080,D0039,2026-02-27 04:49:56.638466,91
D_STR05873,D_U0061,D0013,2026-02-12 23:45:59.593214,85
D_STR05874,D_U0040,D0014,2026-02-04 02:40:07.528348,269
D_STR05875,D_U0032,D0035,2026-02-22 07:18:59.639840,140
D_STR05876,D_U0088,D0040,2026-02-28 01:20:46.968029,101
D_STR05877,D_U0030,D0041,2026-02-24 20:18:23.100357,162
D_STR05878,D_U0044,D0046,2026-02-28 01:04:19.146324,167
D_STR05879,D_U0047,D0014,2026-02-17 08:53:47.316999,142
D_STR05880,D_U0062,D0011,2026-02-04 18:34:30.400155,146
D_STR05881,D_U0043,D0034,2026-02-04 15:23:06.231846,26
D_STR05882,D_U0096,D0031,2026-02-09 13:01:53.443878,96
D_STR05883,D_U0098,D0043,2026-02-27 01:48:22.495869,64
D_STR05884,D_U0039,D0049,2026-02-08 21:28:03.773455,108
D_STR05885,D_U0026,D0048,2026-02-13 16:36:35.725908,140
D_STR05886,D_U0022,D0049,2026-02-22 19:29:43.380511,47
D_STR05887,D_U0093,D0032,2026-02-25 21:30:05.407831,141
D_STR05888,D_U0091,D0024,2026-02-15 03:20:44.316156,22
D_STR05889,D_U0076,D0032,2026-02-17 01:02:08.787776,81
D_STR05890,D_U0082,D0032,2026-02-26 21:08:07.708656,118
D_STR05891,D_U0011,D0028,2026-02-27 00:56:59.077450,164
D_STR05892,D_U0016,D0048,2026-02-12 17:03:49.626537,25
D_STR05893,D_U0059,D0046,2026-02-07 01:42:06.069613,21
D_STR05894,D_U0027,D0046,2026-02-23 20:26:23.623247,13
D_STR05895,D_U0023,D0031,2026-02-28 21:23:53.503653,128
D_STR05896,D_U0011,D0046,2026-02-16 15:30:56.464796,106
D_STR05897,D_U0057,D0036,2026-02-02 04:08:40.920355,150
D_STR05898,D_U0078,D0031,2026-02-25 09:18:02.770103,150
D_STR05899,D_U0092,D0027,2026-03-02 09:20:25.870671,5
D_STR05900,D_U0072,D0050,2026-02-07 06:19:05.305080,104
D_STR05901,D_U0013,D0031,2026-03-01 03:01:54.024967,20
D_STR05902,D_U0083,D0032,2026-02-16 02:05:37.669968,41
D_STR05903,D_U0067,D0012,2026-02-27 05:06:24.685264,261
D_STR05904,D_U0026,D0008,2026-02-24 23:47:00.293811,109
D_STR05905,D_U0003,D0047,2026-02-20 00:44:48.844080,288
D_STR05906,D_U0046,D0026,2026-02-08 19:43:07.538080,85
D_STR05907,D_U0008,D0048,2026-02-19 08:55:44.433810,155
D_STR05908,D_U0074,D0039,2026-02-04 04:30:35.878049,250
D_STR05909,D_U0052,D0019,2026-01-31 17:29:51.414863,305
D_STR05910,D_U0098,D0014,2026-02-13 07:39:53.821261,96
D_STR05911,D_U0096,D0038,2026-02-25 08:07:06.368228,102
D_STR05912,D_U0099,D0008,2026-02-14 20:31:39.890559,202
D_STR05913,D_U0041,D0040,2026-02-26 21:47:16.652681,23
D_STR05914,D_U0014,D0031,2026-02-28 12:14:52.488656,125
D_STR05915,D_U0084,D0031,2026-02-23 04:32:16.183764,72
D_STR05916,D_U0100,D0028,2026-02-07 13:49:02.534058,274
D_STR05917,D_U0003,D0049,2026-02-04 08:03:49.865322,16
D_STR05918,D_U0038,D0046,2026-02-16 10:12:23.306414,69
D_STR05919,D_U0083,D0040,2026-02-21 11:05:30.634249,24
D_STR05920,D_U0080,D0039,2026-02-24 06:26:49.218400,326
D_STR05921,D_U0007,D0042,2026-02-10 11:53:05.729130,218
D_STR05922,D_U0020,D0042,2026-02-05 13:41:52.508630,25
D_STR05923,D_U0036,D0045,2026-02-15 11:51:30.969980,200
D_STR05924,D_U0016,D0046,2026-02-18 17:31:00.519443,118
D_STR05925,D_U0098,D0035,2026-02-14 20:33:27.569318,241
D_STR05926,D_U0006,D0041,2026-02-02 07:46:41.758005,202
D_STR05927,D_U0014,D0014,2026-02-17 01:20:24.342939,211
D_STR05928,D_U0034,D0011,2026-03-01 10:21:39.106062,193
D_STR05929,D_U0013,D0041,2026-02-18 09:40:41.469164,226
D_STR05930,D_U0041,D0031,2026-02-09 09:29:09.075845,120
D_STR05931,D_U0044,D0044,2026-02-10 01:41:38.902959,206
D_STR05932,D_U0041,D0032,2026-02-06 18:25:20.582539,248
D_STR05933,D_U0075,D0038,2026-02-10 06:47:09.559113,69
D_STR05934,D_U0094,D0007,2026-02-27 20:13:45.921774,201
D_STR05935,D_U0025,D0017,2026-02-21 13:27:46.105412,33
D_STR05936,D_U0060,D0024,2026-02-21 04:52:16.200279,209
D_STR05937,D_U0024,D0028,2026-02-15 23:20:35.083982,21
D_STR05938,D_U0040,D0042,2026-02-04 03:06:10.595045,136
D_STR05939,D_U0066,D0011,2026-02-14 14:32:19.688048,242
D_STR05940,D_U0039,D0037,2026-02-20 02:22:08.339924,36
D_STR05941,D_U0039,D0025,2026-02-15 14:36:22.916553,39
D_STR05942,D_U0010,D0040,2026-02-13 02:51:30.363456,82
D_STR05943,D_U0041,D0031,2026-02-08 08:02:00.053250,144
D_STR05944,D_U0099,D0028,2026-02-12 17:50:34.776271,133
D_STR05945,D_U0066,D0042,2026-02-12 18:56:54.672001,151
D_STR05946,D_U0081,D0046,2026-02-23 13:24:21.516005,117
D_STR05947,D_U0074,D0049,2026-02-28 19:42:13.499572,91
D_STR05948,D_U0037,D0048,2026-02-19 11:47:39.081354,207
D_STR05949,D_U0087,D0037,2026-02-02 03:09:40.387998,93
D_STR05950,D_U0035,D0029,2026-02-25 06:08:15.289568,214
D_STR05951,D_U0004,D0045,2026-02-18 08:46:16.681118,117
D_STR05952,D_U0088,D0041,2026-02-03 18:13:32.971987,164
D_STR05953,D_U0058,D0029,2026-02-05 11:19:18.444705,242
D_STR05954,D_U0033,D0034,2026-02-27 21:43:52.764591,120
D_STR05955,D_U0047,D0040,2026-02-09 02:34:44.382777,123
D_STR05956,D_U0014,D0044,2026-02-04 03:15:47.102316,256
D_STR05957,D_U0091,D0029,2026-02-12 10:00:38.940845,72
D_STR05958,D_U0023,D0045,2026-03-02 09:18:45.383305,125
D_STR05959,D_U0091,D0035,2026-02-16 18:04:22.334665,77
D_STR05960,D_U0086,D0043,2026-02-25 06:29:47.344014,70
D_STR05961,D_U0023,D0042,2026-02-26 16:47:46.970900,7
D_STR05962,D_U0080,D0014,2026-02-11 01:39:35.835162,36
D_STR05963,D_U0016,D0035,2026-02-02 07:30:50.781374,108
D_STR05964,D_U0014,D0046,2026-02-19 02:37:01.227848,186
D_STR05965,D_U0012,D0003,2026-02-07 21:58:53.223091,60
D_STR05966,D_U0033,D0023,2026-02-12 18:42:05.502136,51
D_STR05967,D_U0058,D0049,2026-01-31 18:07:24.383233,48
D_STR05968,D_U0095,D0041,2026-02-10 01:41:00.012556,163
D_STR05969,D_U0018,D0043,2026-02-13 13:52:16.207283,56
D_STR05970,D_U0043,D0039,2026-02-15 01:54:35.326244,349
D_STR05971,D_U0061,D0038,2026-02-06 23:59:07.193192,89
D_STR05972,D_U0002,D0030,2026-02-20 05:53:25.117301,5
D_STR05973,D_U0065,D0021,2026-01-31 23:02:55.401254,38
D_STR05974,D_U0015,D0037,2026-02-23 13:01:27.240032,113
D_STR05975,D_U0034,D0027,2026-02-11 19:39:12.883631,16
D_STR05976,D_U0060,D0023,2026-02-17 22:10:05.364228,13
D_STR05977,D_U0015,D0039,2026-02-18 08:26:29.332955,332
D_STR05978,D_U0056,D0034,2026-02-12 22:39:56.397145,45
D_STR05979,D_U0008,D0027,2026-02-23 18:43:44.626594,166
D_STR05980,D_U0069,D0042,2026-03-01 01:02:02.182995,180
D_STR05981,D_U0094,D0042,2026-02-01 02:03:41.698886,138
D_STR05982,D_U0072,D0021,2026-02-14 22:23:19.300312,223
D_STR05983,D_U0035,D0045,2026-02-01 14:38:55.144955,176
D_STR05984,D_U0026,D0019,2026-02-02 07:05:49.023029,117
D_STR05985,D_U0018,D0046,2026-02-13 01:35:11.702527,182
D_STR05986,D_U0011,D0026,2026-02-16 14:25:28.506731,187
D_STR05987,D_U0061,D0037,2026-02-09 00:44:42.260062,55
D_STR05988,D_U0041,D0029,2026-02-15 18:39:19.582377,116
D_STR05989,D_U0058,D0019,2026-02-09 16:36:17.980387,294
D_STR05990,D_U0010,D0037,2026-02-15 01:18:49.033654,137
D_STR05991,D_U0010,D0049,2026-02-28 14:57:59.513602,83
D_STR05992,D_U0028,D0019,2026-02-08 17:52:38.481394,73
D_STR05993,D_U0058,D0040,2026-02-21 03:27:28.216245,57
D_STR05994,D_U0012,D0047,2026-02-28 03:32:43.480784,158
D_STR05995,D_U0086,D0046,2026-02-17 13:28:19.066076,43
D_STR05996,D_U0065,D0034,2026-02-17 19:52:53.250517,229
D_STR05997,D_U0001,D0006,2026-02-21 07:23:17.342128,227
D_STR05998,D_U0030,D0024,2026-02-02 10:18:47.438746,121
D_STR05999,D_U0096,D0016,2026-02-18 08:39:04.523358,280
D_STR06000,D_U0090,D0046,2026-01-31 14:26:03.101338,131
D_STR06001,D_U0015,D0031,2026-02-26 04:02:12.361088,119
D_STR06002,D_U0011,D0042,2026-02-08 19:12:54.308287,15
D_STR06003,D_U0037,D0032,2026-02-16 09:31:29.509173,174
D_STR06004,D_U0048,D0025,2026-02-08 20:14:17.475008,137
D_STR06005,D_U0096,D0024,2026-02-22 02:07:50.749787,109
D_STR06006,D_U0052,D0027,2026-02-04 13:36:08.674544,215
D_STR06007,D_U0062,D0021,2026-02-11 16:42:25.255945,75
D_STR06008,D_U0017,D0045,2026-02-09 09:23:11.231701,80
D_STR06009,D_U0035,D0050,2026-02-22 01:18:34.693130,92
D_STR06010,D_U0019,D0026,2026-02-09 13:10:39.617357,143
D_STR06011,D_U0044,D0039,2026-02-25 21:02:20.427169,311
D_STR06012,D_U0078,D0031,2026-02-08 09:54:15.306737,149
D_STR06013,D_U0001,D0028,2026-02-09 00:37:56.082694,270
D_STR06014,D_U0089,D0041,2026-02-12 22:48:29.585672,113
D_STR06015,D_U0027,D0031,2026-02-06 00:26:57.473226,95
D_STR06016,D_U0071,D0025,2026-03-01 11:43:15.765079,74
D_STR06017,D_U0072,D0025,2026-02-24 14:34:48.212120,151
D_STR06018,D_U0069,D0024,2026-02-14 14:01:38.562166,188
D_STR06019,D_U0050,D0016,2026-02-01 03:10:34.230127,196
D_STR06020,D_U0023,D0012,2026-02-15 18:10:24.799699,235
D_STR06021,D_U0010,D0030,2026-02-25 10:14:41.004453,75
D_STR06022,D_U0009,D0011,2026-02-05 15:21:38.506930,108
D_STR06023,D_U0015,D0050,2026-02-15 12:53:41.116437,208
D_STR06024,D_U0023,D0005,2026-02-20 18:00:57.149471,26
D_STR06025,D_U0049,D0031,2026-02-06 20:57:03.077788,104
D_STR06026,D_U0096,D0028,2026-03-01 18:49:17.896383,52
D_STR06027,D_U0073,D0049,2026-02-26 06:48:43.644073,82
D_STR06028,D_U0038,D0042,2026-02-08 15:26:56.912259,16
D_STR06029,D_U0099,D0032,2026-02-20 13:09:53.210557,190
D_STR06030,D_U0100,D0021,2026-02-23 08:25:49.384958,78
D_STR06031,D_U0008,D0039,2026-02-03 15:15:36.275683,202
D_STR06032,D_U0012,D0046,2026-02-21 02:41:03.015213,191
D_STR06033,D_U0065,D0032,2026-02-27 09:44:18.557251,281
D_STR06034,D_U0077,D0015,2026-02-04 00:18:52.122886,58
D_STR06035,D_U0100,D0007,2026-02-25 13:33:22.830628,257
D_STR06036,D_U0045,D0019,2026-02-06 02:08:56.109755,59
D_STR06037,D_U0009,D0039,2026-02-26 12:08:49.941180,248
D_STR06038,D_U0044,D0037,2026-02-26 23:20:32.367056,60
D_STR06039,D_U0071,D0012,2026-02-19 19:17:46.028757,48
D_STR06040,D_U0055,D0030,2026-02-02 01:54:32.525185,22
D_STR06041,D_U0037,D0050,2026-02-17 23:04:30.436490,77
D_STR06042,D_U0090,D0047,2026-02-14 14:52:15.477334,184
D_STR06043,D_U0071,D0045,2026-02-06 20:31:16.309026,171
D_STR06044,D_U0066,D0031,2026-02-04 10:07:20.011776,31
D_STR06045,D_U0069,D0033,2026-02-13 23:09:25.498709,51
D_STR06046,D_U0019,D0047,2026-02-14 08:14:13.627614,257
D_STR06047,D_U0094,D0022,2026-02-05 06:58:55.370376,164
D_STR06048,D_U0061,D0010,2026-02-20 09:11:26.606916,19
D_STR06049,D_U0078,D0044,2026-02-13 14:35:03.640265,246
D_STR06050,D_U0090,D0045,2026-02-01 22:35:37.237923,175
D_STR06051,D_U0012,D0023,2026-02-16 15:11:40.839404,219
D_STR06052,D_U0067,D0015,2026-02-08 06:56:40.756638,207
D_STR06053,D_U0074,D0019,2026-02-23 01:44:17.773131,295
D_STR06054,D_U0070,D0031,2026-03-01 00:28:05.412724,142
D_STR06055,D_U0054,D0046,2026-03-01 03:21:56.995678,165
D_STR06056,D_U0088,D0048,2026-02-05 12:31:51.823356,49
D_STR06057,D_U0098,D0048,2026-02-21 03:43:49.519952,261
D_STR06058,D_U0018,D0046,2026-02-14 07:04:56.634361,100
D_STR06059,D_U0062,D0038,2026-02-03 18:38:42.553540,63
D_STR06060,D_U0018,D0016,2026-02-23 13:52:41.556509,146
D_STR06061,D_U0074,D0025,2026-02-09 00:56:06.200650,111
D_STR06062,D_U0005,D0046,2026-02-03 07:52:37.287464,189
D_STR06063,D_U0056,D0024,2026-02-28 02:22:40.680629,119
D_STR06064,D_U0061,D0045,2026-01-31 21:15:54.822773,85
D_STR06065,D_U0026,D0048,2026-02-15 21:08:30.923321,201
D_STR06066,D_U0087,D0042,2026-02-05 01:27:56.620156,195
D_STR06067,D_U0034,D0025,2026-02-19 06:06:56.900521,28
D_STR06068,D_U0023,D0049,2026-02-04 15:39:29.850090,86
D_STR06069,D_U0047,D0043,2026-02-07 18:25:19.713911,161
D_STR06070,D_U0038,D0034,2026-02-26 20:31:33.390615,26
D_STR06071,D_U0054,D0044,2026-02-20 21:17:43.488152,249
D_STR06072,D_U0085,D0025,2026-02-06 16:23:07.737560,198
D_STR06073,D_U0067,D0017,2026-02-25 18:28:01.123437,114
D_STR06074,D_U0090,D0041,2026-02-15 23:16:16.884312,141
D_STR06075,D_U0040,D0050,2026-02-25 01:47:58.996001,40
D_STR06076,D_U0035,D0043,2026-02-23 18:31:59.617992,5
D_STR06077,D_U0013,D0050,2026-02-19 12:45:11.917368,292
D_STR06078,D_U0034,D0016,2026-02-07 12:20:46.301209,257
D_STR06079,D_U0036,D0035,2026-02-14 00:52:26.409404,234
D_STR06080,D_U0038,D0025,2026-03-01 17:29:58.604128,83
D_STR06081,D_U0061,D0046,2026-02-21 14:29:03.528345,96
D_STR06082,D_U0092,D0031,2026-02-28 06:09:07.144599,88
D_STR06083,D_U0054,D0008,2026-02-06 19:31:59.191067,155
D_STR06084,D_U0031,D0035,2026-02-24 18:48:06.595279,252
D_STR06085,D_U0092,D0044,2026-02-26 01:52:27.448118,242
D_STR06086,D_U0045,D0018,2026-02-16 05:26:13.830137,131
D_STR06087,D_U0092,D0050,2026-02-14 00:10:07.904155,145
D_STR06088,D_U0034,D0031,2026-02-20 20:59:12.840494,102
D_STR06089,D_U0028,D0046,2026-02-07 10:34:43.811817,90
D_STR06090,D_U0097,D0045,2026-02-01 14:03:59.029627,47
D_STR06091,D_U0022,D0039,2026-02-16 13:58:59.438272,272
D_STR06092,D_U0028,D0029,2026-02-06 22:17:50.742203,213
D_STR06093,D_U0057,D0015,2026-02-05 02:13:57.700235,184
D_STR06094,D_U0053,D0045,2026-02-15 22:09:57.446776,135
D_STR06095,D_U0013,D0030,2026-02-12 03:23:09.985704,122
D_STR06096,D_U0008,D0014,2026-02-18 08:37:54.558909,31
D_STR06097,D_U0018,D0035,2026-02-13 11:03:39.525952,52
D_STR06098,D_U0004,D0048,2026-02-08 19:24:17.838205,158
D_STR06099,D_U0016,D0032,2026-02-17 09:10:58.955538,295
D_STR06100,D_U0036,D0005,2026-02-14 22:06:05.553896,30
D_STR06101,D_U0016,D0031,2026-02-22 03:54:05.909467,120
D_STR06102,D_U0016,D0050,2026-02-03 17:52:46.393918,84
D_STR06103,D_U0083,D0045,2026-02-06 11:41:02.640237,93
D_STR06104,D_U0018,D0048,2026-02-27 11:14:06.186459,117
D_STR06105,D_U0032,D0037,2026-02-24 04:31:36.419236,124
D_STR06106,D_U0081,D0048,2026-02-24 09:43:47.209956,96
D_STR06107,D_U0048,D0027,2026-03-02 03:22:23.300759,72
D_STR06108,D_U0088,D0050,2026-02-03 00:06:57.151173,19
D_STR06109,D_U0071,D0048,2026-02-08 01:25:15.778919,37
D_STR06110,D_U0096,D0039,2026-02-24 16:29:08.135542,312
D_STR06111,D_U0062,D0021,2026-02-06 09:17:42.007791,233
D_STR06112,D_U0077,D0013,2026-02-18 15:56:22.911371,9
D_STR06113,D_U0079,D0015,2026-02-23 19:15:00.106974,55
D_STR06114,D_U0001,D0033,2026-02-24 16:52:54.199341,41
D_STR06115,D_U0028,D0017,2026-02-04 16:19:32.328551,13
D_STR06116,D_U0046,D0032,2026-02-04 00:59:42.265244,232
D_STR06117,D_U0050,D0042,2026-02-03 07:04:10.646463,227
D_STR06118,D_U0024,D0033,2026-02-20 03:29:41.883110,21
D_STR06119,D_U0001,D0045,2026-02-16 16:58:08.913770,5
D_STR06120,D_U0043,D0023,2026-02-02 06:33:06.835423,65
D_STR06121,D_U0062,D0016,2026-02-23 12:12:48.602059,185
D_STR06122,D_U0015,D0041,2026-02-25 21:54:37.513957,251
D_STR06123,D_U0012,D0035,2026-02-02 21:01:01.059441,264
D_STR06124,D_U0063,D0050,2026-02-14 01:46:14.406487,142
D_STR06125,D_U0083,D0036,2026-02-20 18:16:44.932972,91
D_STR06126,D_U0090,D0018,2026-02-02 18:27:00.555866,292
D_STR06127,D_U0022,D0009,2026-02-11 03:47:33.673748,94
D_STR06128,D_U0048,D0008,2026-01-31 13:36:00.675951,42
D_STR06129,D_U0064,D0020,2026-02-21 10:57:51.733149,57
D_STR06130,D_U0042,D0023,2026-02-21 05:37:16.640250,94
D_STR06131,D_U0013,D0049,2026-02-12 11:37:31.063733,62
D_STR06132,D_U0086,D0034,2026-03-01 02:27:35.172978,233
D_STR06133,D_U0027,D0036,2026-02-22 22:06:59.747404,37
D_STR06134,D_U0094,D0014,2026-02-17 02:00:33.081609,45
D_STR06135,D_U0100,D0034,2026-02-04 04:38:28.791910,16
D_STR06136,D_U0090,D0036,2026-02-01 12:07:31.334293,18
D_STR06137,D_U0093,D0030,2026-02-28 03:57:01.427748,129
D_STR06138,D_U0081,D0025,2026-02-15 21:13:09.434498,55
D_STR06139,D_U0093,D0009,2026-02-15 19:36:41.528093,14
D_STR06140,D_U0009,D0035,2026-02-04 14:49:51.680478,36
D_STR06141,D_U0100,D0032,2026-02-12 02:04:33.602652,91
D_STR06142,D_U0084,D0035,2026-02-01 04:51:59.337816,267
D_STR06143,D_U0084,D0009,2026-02-01 14:04:43.609839,68
D_STR06144,D_U0022,D0038,2026-03-01 11:41:57.921160,119
D_STR06145,D_U0051,D0047,2026-02-17 22:22:35.548566,70
D_STR06146,D_U0036,D0021,2026-02-17 14:47:53.298848,229
D_STR06147,D_U0016,D0026,2026-02-01 06:20:55.576975,155
D_STR06148,D_U0008,D0047,2026-02-13 17:48:28.149282,111
D_STR06149,D_U0060,D0042,2026-02-26 19:04:53.008099,69
D_STR06150,D_U0045,D0041,2026-02-10 14:39:45.010293,135
D_STR06151,D_U0025,D0050,2026-02-07 19:42:52.538066,206
D_STR06152,D_U0014,D0040,2026-02-20 16:11:18.884098,85
D_STR06153,D_U0055,D0032,2026-02-03 08:45:38.193702,214
D_STR06154,D_U0076,D0020,2026-02-02 01:41:56.627717,60
D_STR06155,D_U0098,D0038,2026-02-08 11:39:33.583910,65
D_STR06156,D_U0028,D0025,2026-02-04 00:46:15.701197,50
D_STR06157,D_U0080,D0010,2026-02-06 01:29:45.442744,24
D_STR06158,D_U0038,D0024,2026-02-17 12:36:29.800389,177
D_STR06159,D_U0079,D0046,2026-02-10 13:39:33.295210,57
D_STR06160,D_U0033,D0031,2026-02-12 03:39:15.210962,73
D_STR06161,D_U0076,D0017,2026-03-02 00:28:38.335496,19
D_STR06162,D_U0090,D0049,2026-02-18 00:59:25.656657,35
D_STR06163,D_U0095,D0044,2026-02-07 21:58:01.187332,124
D_STR06164,D_U0083,D0038,2026-02-18 18:15:20.326730,101
D_STR06165,D_U0073,D0036,2026-02-13 21:58:31.615831,55
D_STR06166,D_U0084,D0006,2026-02-01 10:19:17.324361,60
D_STR06167,D_U0025,D0035,2026-02-23 13:09:20.297292,174
D_STR06168,D_U0059,D0039,2026-02-20 06:57:08.499507,17
D_STR06169,D_U0062,D0049,2026-02-18 11:54:26.504954,79
D_STR06170,D_U0019,D0045,2026-02-01 20:42:15.477305,69
D_STR06171,D_U0044,D0044,2026-02-21 06:51:22.836327,7
D_STR06172,D_U0049,D0045,2026-02-02 09:44:00.962127,58
D_STR06173,D_U0088,D0047,2026-02-21 20:13:10.852002,237
D_STR06174,D_U0021,D0010,2026-02-04 12:23:10.398023,107
D_STR06175,D_U0048,D0048,2026-02-01 18:59:07.891880,192
D_STR06176,D_U0046,D0018,2026-02-03 02:55:19.970477,62
D_STR06177,D_U0041,D0044,2026-03-01 22:40:52.021308,164
D_STR06178,D_U0091,D0045,2026-02-03 06:29:35.096537,87
D_STR06179,D_U0044,D0019,2026-02-08 14:44:28.517049,255
D_STR06180,D_U0094,D0009,2026-02-09 21:55:42.196446,163
D_STR06181,D_U0045,D0024,2026-02-20 18:15:51.762238,45
D_STR06182,D_U0037,D0017,2026-02-04 21:59:57.144721,113
D_STR06183,D_U0057,D0039,2026-02-21 12:55:39.095595,205
D_STR06184,D_U0067,D0047,2026-03-01 06:24:31.944734,261
D_STR06185,D_U0003,D0024,2026-02-23 17:48:49.207356,168
D_STR06186,D_U0016,D0031,2026-02-02 12:37:24.771646,81
D_STR06187,D_U0015,D0047,2026-02-16 15:30:29.930844,219
D_STR06188,D_U0070,D0044,2026-02-15 07:36:16.128599,272
D_STR06189,D_U0084,D0024,2026-02-28 12:17:07.561403,82
D_STR06190,D_U0015,D0022,2026-02-02 08:46:03.622262,212
D_STR06191,D_U0096,D0039,2026-02-07 19:27:35.322694,285
D_STR06192,D_U0027,D0046,2026-02-09 22:57:40.870875,155
D_STR06193,D_U0049,D0031,2026-02-17 14:28:35.811301,60
D_STR06194,D_U0037,D0043,2026-02-27 21:33:05.007110,130
D_STR06195,D_U0080,D0022,2026-02-19 14:19:01.352148,91
D_STR06196,D_U0046,D0037,2026-02-02 09:05:24.039870,42
D_STR06197,D_U0019,D0041,2026-02-09 08:34:48.758808,24
D_STR06198,D_U0088,D0048,2026-02-25 17:56:23.862451,268
D_STR06199,D_U0010,D0015,2026-02-21 15:41:38.374921,26
D_STR06200,D_U0037,D0017,2026-02-12 04:45:30.472379,30
D_STR06201,D_U0004,D0028,2026-02-22 16:39:23.321520,77
D_STR06202,D_U0075,D0038,2026-02-18 06:07:14.211909,109
D_STR06203,D_U0081,D0048,2026-02-23 22:43:14.939680,12
D_STR06204,D_U0076,D0044,2026-02-20 21:32:14.153131,95
D_STR06205,D_U0010,D0048,2026-02-14 17:43:29.091040,156
D_STR06206,D_U0037,D0038,2026-02-22 03:19:55.428241,61
D_STR06207,D_U0004,D0021,2026-02-11 13:23:18.835532,231
D_STR06208,D_U0072,D0035,2026-02-17 01:13:52.709686,32
D_STR06209,D_U0039,D0020,2026-02-13 07:28:58.163104,149
D_STR06210,D_U0042,D0043,2026-02-06 14:14:23.216966,84
D_STR06211,D_U0047,D0050,2026-02-16 15:32:13.804077,319
D_STR06212,D_U0071,D0004,2026-02-26 14:05:31.185465,133
D_STR06213,D_U0043,D0043,2026-02-23 15:29:12.143902,57
D_STR06214,D_U0075,D0025,2026-03-02 10:54:35.115524,61
D_STR06215,D_U0067,D0047,2026-02-23 19:58:29.131684,83
D_STR06216,D_U0082,D0022,2026-03-02 04:33:30.027296,166
D_STR06217,D_U0040,D0031,2026-02-23 17:23:03.322105,16
D_STR06218,D_U0042,D0020,2026-02-16 19:36:48.051328,107
D_STR06219,D_U0065,D0041,2026-02-17 12:19:40.780521,126
D_STR06220,D_U0027,D0030,2026-02-13 20:41:57.884855,148
D_STR06221,D_U0019,D0019,2026-02-22 22:01:10.622094,136
D_STR06222,D_U0089,D0029,2026-02-26 02:29:49.392553,147
D_STR06223,D_U0050,D0044,2026-02-22 02:45:10.344472,96
D_STR06224,D_U0012,D0026,2026-02-14 12:53:52.117559,279
D_STR06225,D_U0020,D0049,2026-02-03 14:31:20.303996,39
D_STR06226,D_U0048,D0043,2026-02-17 03:13:18.584177,59
D_STR06227,D_U0012,D0025,2026-02-12 02:34:30.942478,63
D_STR06228,D_U0071,D0032,2026-02-19 03:02:12.114073,280
D_STR06229,D_U0082,D0014,2026-02-03 00:01:03.073915,305
D_STR06230,D_U0014,D0025,2026-02-13 12:25:41.186220,24
D_STR06231,D_U0059,D0025,2026-02-10 02:16:55.877960,125
D_STR06232,D_U0070,D0042,2026-02-23 02:49:28.841401,249
D_STR06233,D_U0050,D0049,2026-02-17 06:28:56.019105,65
D_STR06234,D_U0092,D0029,2026-02-14 02:12:04.773580,128
D_STR06235,D_U0037,D0045,2026-03-02 08:01:09.455754,126
D_STR06236,D_U0015,D0014,2026-02-28 19:39:17.666655,14
D_STR06237,D_U0029,D0013,2026-02-12 00:45:04.979463,157
D_STR06238,D_U0010,D0042,2026-02-04 20:38:50.719365,11
D_STR06239,D_U0079,D0034,2026-02-18 11:04:30.462091,93
D_STR06240,D_U0027,D0045,2026-02-09 00:02:04.769055,67
D_STR06241,D_U0096,D0041,2026-02-02 00:21:20.062809,249
D_STR06242,D_U0025,D0038,2026-02-19 23:07:55.926939,136
D_STR06243,D_U0048,D0033,2026-02-04 17:26:35.803069,175
D_STR06244,D_U0003,D0012,2026-03-01 08:41:01.266374,163
D_STR06245,D_U0043,D0030,2026-02-23 20:45:44.357079,12
D_STR06246,D_U0095,D0013,2026-02-25 10:45:43.198981,51
D_STR06247,D_U0074,D0037,2026-02-17 17:09:30.331161,112
D_STR06248,D_U0014,D0018,2026-02-20 01:09:39.849580,108
D_STR06249,D_U0050,D0024,2026-02-24 15:22:24.482415,176
D_STR06250,D_U0002,D0046,2026-02-16 08:01:24.484598,124
D_STR06251,D_U0074,D0041,2026-02-02 11:59:22.763855,175
D_STR06252,D_U0042,D0017,2026-02-28 01:56:08.114911,112
D_STR06253,D_U0064,D0039,2026-02-17 06:06:50.399628,281
D_STR06254,D_U0004,D0023,2026-02-24 07:50:35.600048,165
D_STR06255,D_U0036,D0045,2026-02-10 04:28:39.064361,152
D_STR06256,D_U0082,D0047,2026-02-04 16:37:01.652173,294
D_STR06257,D_U0098,D0014,2026-02-16 15:27:07.515151,107
D_STR06258,D_U0060,D0035,2026-02-08 18:26:33.723230,100
D_STR06259,D_U0017,D0021,2026-02-20 08:58:47.813755,97
D_STR06260,D_U0100,D0026,2026-02-08 22:12:21.460412,32
D_STR06261,D_U0078,D0046,2026-02-08 14:51:47.865922,9
D_STR06262,D_U0067,D0040,2026-02-21 10:56:14.423557,92
D_STR06263,D_U0082,D0044,2026-02-03 01:06:46.886080,245
D_STR06264,D_U0020,D0049,2026-02-10 01:19:46.658769,107
D_STR06265,D_U0048,D0034,2026-02-25 07:18:00.900853,42
D_STR06266,D_U0090,D0034,2026-02-04 01:18:35.013888,115
D_STR06267,D_U0004,D0037,2026-02-17 00:24:17.705576,96
D_STR06268,D_U0006,D0027,2026-02-27 13:12:11.876381,149
D_STR06269,D_U0051,D0038,2026-02-05 11:48:17.905165,41
D_STR06270,D_U0074,D0015,2026-02-06 11:30:06.674674,270
D_STR06271,D_U0026,D0015,2026-02-08 15:07:28.763550,106
D_STR06272,D_U0077,D0023,2026-02-21 06:43:11.414871,186
D_STR06273,D_U0037,D0028,2026-02-13 13:13:11.956167,246
D_STR06274,D_U0043,D0049,2026-02-22 15:45:55.351259,74
D_STR06275,D_U0049,D0045,2026-02-27 19:50:28.608570,55
D_STR06276,D_U0068,D0023,2026-02-03 10:36:43.534433,191
D_STR06277,D_U0047,D0037,2026-02-14 07:36:18.252459,141
D_STR06278,D_U0002,D0029,2026-02-09 18:09:03.697678,329
D_STR06279,D_U0010,D0035,2026-02-07 17:54:10.701408,276
D_STR06280,D_U0036,D0025,2026-02-22 21:19:47.502683,138
D_STR06281,D_U0048,D0022,2026-02-26 16:25:44.340508,175
D_STR06282,D_U0052,D0016,2026-02-13 10:34:55.701731,275
D_STR06283,D_U0021,D0032,2026-02-09 12:47:35.776364,288
D_STR06284,D_U0024,D0044,2026-02-20 15:53:32.797837,254
D_STR06285,D_U0009,D0038,2026-02-28 09:51:34.355047,100
D_STR06286,D_U0027,D0048,2026-02-08 18:08:16.875502,104
D_STR06287,D_U0084,D0011,2026-02-21 05:48:17.278401,132
D_STR06288,D_U0047,D0048,2026-02-17 22:21:37.081110,21
D_STR06289,D_U0028,D0041,2026-02-12 10:34:36.450437,89
D_STR06290,D_U0032,D0030,2026-02-24 15:39:01.653135,57
D_STR06291,D_U0028,D0045,2026-02-23 04:46:51.702301,13
D_STR06292,D_U0036,D0049,2026-03-01 13:17:11.863328,104
D_STR06293,D_U0044,D0032,2026-02-19 10:27:42.645639,148
D_STR06294,D_U0040,D0012,2026-02-15 01:34:03.821186,20
D_STR06295,D_U0016,D0026,2026-02-18 13:41:30.959411,12
D_STR06296,D_U0072,D0028,2026-02-19 11:34:44.869695,38
D_STR06297,D_U0070,D0026,2026-02-23 20:29:28.067153,138
D_STR06298,D_U0061,D0033,2026-02-10 04:08:47.066990,89
D_STR06299,D_U0076,D0040,2026-02-05 19:37:20.784203,73
D_STR06300,D_U0032,D0047,2026-02-26 02:23:16.542887,36
D_STR06301,D_U0069,D0049,2026-02-15 03:24:33.973975,112
D_STR06302,D_U0014,D0042,2026-02-11 21:11:52.335704,55
D_STR06303,D_U0036,D0044,2026-02-16 06:59:26.895896,158
D_STR06304,D_U0041,D0047,2026-02-28 05:41:06.906410,122
D_STR06305,D_U0035,D0043,2026-02-06 23:28:31.936708,35
D_STR06306,D_U0012,D0045,2026-02-09 02:51:27.691171,47
D_STR06307,D_U0029,D0042,2026-02-26 10:50:39.045859,131
D_STR06308,D_U0016,D0050,2026-02-27 18:36:39.166120,201
D_STR06309,D_U0041,D0034,2026-02-10 10:15:26.926327,33
D_STR06310,D_U0045,D0044,2026-02-13 05:06:34.584518,168
D_STR06311,D_U0092,D0040,2026-02-03 13:09:48.283278,132
D_STR06312,D_U0057,D0045,2026-02-21 22:36:09.750226,73
D_STR06313,D_U0072,D0024,2026-02-17 20:05:02.907868,159
D_STR06314,D_U0095,D0018,2026-02-14 13:18:23.535383,301
D_STR06315,D_U0075,D0049,2026-02-03 05:22:40.334848,6
D_STR06316,D_U0065,D0033,2026-02-01 03:32:51.644834,39
D_STR06317,D_U0094,D0032,2026-02-08 01:48:33.377716,162
D_STR06318,D_U0050,D0049,2026-02-18 14:54:14.005054,93
D_STR06319,D_U0087,D0016,2026-02-02 10:42:54.578365,52
D_STR06320,D_U0047,D0037,2026-02-16 04:25:45.316455,66
D_STR06321,D_U0042,D0038,2026-02-27 15:23:04.139775,70
D_STR06322,D_U0005,D0043,2026-03-02 01:41:34.621851,157
D_STR06323,D_U0045,D0040,2026-02-02 10:23:17.808797,61
D_STR06324,D_U0095,D0019,2026-02-14 14:44:18.156850,209
D_STR06325,D_U0045,D0036,2026-02-06 04:48:30.192677,257
D_STR06326,D_U0028,D0017,2026-02-01 00:13:29.370083,28
D_STR06327,D_U0041,D0032,2026-02-09 23:19:00.604920,28
D_STR06328,D_U0054,D0034,2026-03-01 23:41:06.487731,118
D_STR06329,D_U0087,D0042,2026-02-07 11:39:30.207998,209
D_STR06330,D_U0081,D0047,2026-03-01 20:10:10.800142,193
D_STR06331,D_U0071,D0043,2026-02-03 15:29:48.047833,19
D_STR06332,D_U0047,D0016,2026-02-04 17:08:19.120473,30
D_STR06333,D_U0005,D0049,2026-02-24 09:34:12.213175,25
D_STR06334,D_U0043,D0023,2026-02-17 09:31:41.475912,208
D_STR06335,D_U0041,D0030,2026-02-08 02:48:24.001648,87
D_STR06336,D_U0095,D0024,2026-02-25 11:10:06.503969,124
D_STR06337,D_U0098,D0049,2026-03-01 10:38:07.281302,74
D_STR06338,D_U0086,D0043,2026-02-27 21:36:11.940021,116
D_STR06339,D_U0058,D0043,2026-02-11 07:06:22.093091,151
D_STR06340,D_U0044,D0030,2026-02-14 01:26:32.584659,118
D_STR06341,D_U0027,D0035,2026-02-18 01:31:22.976289,23
D_STR06342,D_U0081,D0025,2026-02-16 00:21:32.504141,178
D_STR06343,D_U0050,D0028,2026-02-03 18:26:22.352249,68
D_STR06344,D_U0081,D0049,2026-02-16 06:01:11.124990,81
D_STR06345,D_U0035,D0046,2026-02-14 03:16:25.862761,102
D_STR06346,D_U0071,D0038,2026-02-26 07:15:05.263039,7
D_STR06347,D_U0098,D0045,2026-02-26 16:42:37.042571,146
D_STR06348,D_U0022,D0039,2026-02-20 02:27:05.129060,151
D_STR06349,D_U0075,D0033,2026-02-08 21:58:59.762506,173
D_STR06350,D_U0080,D0042,2026-02-10 06:18:29.808693,177
D_STR06351,D_U0044,D0038,2026-02-05 10:12:19.897485,169
D_STR06352,D_U0067,D0011,2026-02-15 04:03:36.925507,182
D_STR06353,D_U0043,D0050,2026-02-10 06:07:41.564208,24
D_STR06354,D_U0017,D0032,2026-02-27 07:28:01.494918,237
D_STR06355,D_U0014,D0046,2026-02-15 18:30:58.462748,135
D_STR06356,D_U0015,D0020,2026-02-28 06:48:04.065619,101
D_STR06357,D_U0025,D0031,2026-02-02 22:59:32.024685,122
D_STR06358,D_U0064,D0042,2026-02-18 16:57:24.069009,202
D_STR06359,D_U0057,D0005,2026-02-10 01:30:41.320093,244
D_STR06360,D_U0071,D0033,2026-01-31 11:12:02.191151,168
D_STR06361,D_U0036,D0048,2026-02-01 17:24:14.047095,250
D_STR06362,D_U0067,D0031,2026-02-27 19:17:42.192304,73
D_STR06363,D_U0023,D0034,2026-03-01 23:19:45.661593,178
D_STR06364,D_U0062,D0037,2026-02-10 12:37:05.958570,148
D_STR06365,D_U0003,D0027,2026-02-02 14:59:25.725488,245
D_STR06366,D_U0077,D0013,2026-03-01 23:05:26.741492,72
D_STR06367,D_U0095,D0027,2026-02-11 01:33:16.175736,52
D_STR06368,D_U0079,D0049,2026-02-01 17:17:44.444758,23
D_STR06369,D_U0048,D0049,2026-02-11 22:26:58.682243,60
D_STR06370,D_U0089,D0038,2026-02-12 20:42:32.613633,95
D_STR06371,D_U0058,D0040,2026-02-15 23:35:00.494082,69
D_STR06372,D_U0075,D0043,2026-02-12 04:54:19.459243,71
D_STR06373,D_U0045,D0009,2026-02-26 05:37:18.378148,169
D_STR06374,D_U0077,D0031,2026-02-09 21:01:31.328881,107
D_STR06375,D_U0021,D0044,2026-02-18 01:18:47.678183,311
D_STR06376,D_U0034,D0020,2026-03-01 02:59:52.965036,136
D_STR06377,D_U0033,D0035,2026-02-21 15:21:00.254599,205
D_STR06378,D_U0030,D0003,2026-02-08 21:28:15.147925,119
D_STR06379,D_U0043,D0043,2026-02-11 23:22:39.627728,57
D_STR06380,D_U0099,D0034,2026-02-03 13:55:33.616921,132
D_STR06381,D_U0073,D0037,2026-02-18 08:20:51.847036,147
D_STR06382,D_U0085,D0020,2026-02-20 07:56:04.082109,22
D_STR06383,D_U0039,D0008,2026-02-14 16:34:02.892734,26
D_STR06384,D_U0081,D0020,2026-02-27 01:40:45.110804,103
D_STR06385,D_U0017,D0040,2026-02-25 05:37:22.748750,33
D_STR06386,D_U0034,D0033,2026-02-25 23:01:30.618655,92
D_STR06387,D_U0077,D0042,2026-02-11 06:23:31.482525,228
D_STR06388,D_U0100,D0015,2026-02-20 23:04:09.927593,120
D_STR06389,D_U0071,D0045,2026-02-02 07:48:34.719797,140
D_STR06390,D_U0023,D0026,2026-02-05 04:01:07.716602,185
D_STR06391,D_U0100,D0043,2026-02-24 19:24:59.989866,136
D_STR06392,D_U0052,D0045,2026-02-19 21:43:44.691774,114
D_STR06393,D_U0056,D0020,2026-02-05 06:09:29.916367,22
D_STR06394,D_U0043,D0018,2026-02-17 02:42:56.795333,36
D_STR06395,D_U0060,D0049,2026-02-20 08:11:38.667250,6
D_STR06396,D_U0060,D0034,2026-02-17 04:52:26.705894,175
D_STR06397,D_U0042,D0038,2026-02-14 05:03:39.203449,44
D_STR06398,D_U0030,D0044,2026-02-15 14:13:45.827100,156
D_STR06399,D_U0021,D0049,2026-02-12 01:32:50.114727,24
D_STR06400,D_U0043,D0043,2026-02-03 08:12:23.980979,25
D_STR06401,D_U0059,D0038,2026-02-05 07:06:28.550872,64
D_STR06402,D_U0066,D0050,2026-02-22 12:38:28.649484,122
D_STR06403,D_U0073,D0030,2026-02-05 17:25:52.665020,150
D_STR06404,D_U0060,D0033,2026-02-04 03:40:18.629089,94
D_STR06405,D_U0054,D0008,2026-02-27 02:02:47.263494,236
D_STR06406,D_U0075,D0048,2026-02-21 06:21:11.776989,102
D_STR06407,D_U0041,D0029,2026-02-24 16:22:58.938548,328
D_STR06408,D_U0040,D0023,2026-02-09 06:34:21.442405,7
D_STR06409,D_U0098,D0026,2026-02-06 12:43:52.482122,7
D_STR06410,D_U0046,D0042,2026-02-17 02:53:01.889134,60
D_STR06411,D_U0097,D0045,2026-03-01 17:55:44.860665,147
D_STR06412,D_U0081,D0035,2026-02-25 09:39:57.655571,316
D_STR06413,D_U0049,D0018,2026-02-24 02:27:51.971384,170
D_STR06414,D_U0005,D0025,2026-03-01 18:16:37.997267,199
D_STR06415,D_U0033,D0034,2026-02-06 09:41:35.709440,230
D_STR06416,D_U0033,D0035,2026-02-14 18:28:31.362647,84
D_STR06417,D_U0020,D0038,2026-02-11 13:38:28.546174,93
D_STR06418,D_U0081,D0044,2026-02-21 15:07:50.401520,205
D_STR06419,D_U0083,D0047,2026-02-06 04:27:02.419629,18
D_STR06420,D_U0089,D0046,2026-02-16 14:56:17.452173,86
D_STR06421,D_U0099,D0033,2026-02-03 01:07:46.893231,11
D_STR06422,D_U0035,D0027,2026-02-15 05:10:55.680800,197
D_STR06423,D_U0077,D0030,2026-02-23 07:39:05.511633,55
D_STR06424,D_U0098,D0017,2026-02-23 20:15:43.131862,36
D_STR06425,D_U0072,D0020,2026-02-06 04:02:18.248075,149
D_STR06426,D_U0028,D0047,2026-02-20 19:02:58.839979,114
D_STR06427,D_U0022,D0039,2026-02-03 09:43:34.416023,183
D_STR06428,D_U0017,D0024,2026-02-27 18:37:31.531579,199
D_STR06429,D_U0007,D0048,2026-02-11 20:47:41.237043,247
D_STR06430,D_U0073,D0050,2026-02-27 02:13:15.256880,333
D_STR06431,D_U0023,D0023,2026-02-27 02:03:32.298101,216
D_STR06432,D_U0097,D0042,2026-02-24 23:48:43.789878,14
D_STR06433,D_U0089,D0050,2026-02-02 22:46:37.546592,10
D_STR06434,D_U0045,D0049,2026-02-08 12:28:09.812502,45
D_STR06435,D_U0100,D0040,2026-02-02 18:43:42.656300,13
D_STR06436,D_U0062,D0023,2026-02-04 11:33:22.116921,52
D_STR06437,D_U0021,D0026,2026-02-13 13:52:32.310516,155
D_STR06438,D_U0071,D0046,2026-02-07 12:52:35.066194,191
D_STR06439,D_U0048,D0048,2026-02-22 18:44:08.885130,274
D_STR06440,D_U0099,D0030,2026-02-17 18:33:49.649118,66
D_STR06441,D_U0025,D0036,2026-02-20 02:50:03.568236,183
D_STR06442,D_U0093,D0047,2026-02-24 10:33:30.582506,144
D_STR06443,D_U0054,D0047,2026-02-16 09:36:38.992313,273
D_STR06444,D_U0069,D0019,2026-02-27 06:13:09.338719,236
D_STR06445,D_U0043,D0029,2026-02-26 13:03:42.265422,40
D_STR06446,D_U0087,D0032,2026-02-12 12:22:25.739725,286
D_STR06447,D_U0025,D0020,2026-02-15 10:29:32.388508,152
D_STR06448,D_U0087,D0041,2026-02-08 01:18:27.111939,54
D_STR06449,D_U0024,D0048,2026-02-15 19:45:10.727168,10
D_STR06450,D_U0089,D0023,2026-03-01 03:42:47.766060,193
D_STR06451,D_U0084,D0043,2026-02-08 09:58:33.898463,144
D_STR06452,D_U0011,D0041,2026-02-22 09:42:56.263037,183
D_STR06453,D_U0035,D0015,2026-02-08 01:36:49.519307,109
D_STR06454,D_U0056,D0048,2026-02-21 00:29:41.292121,126
D_STR06455,D_U0085,D0049,2026-02-09 02:29:40.811151,6
D_STR06456,D_U0085,D0022,2026-02-06 07:29:53.073454,226
D_STR06457,D_U0085,D0026,2026-02-17 21:01:32.608124,239
D_STR06458,D_U0022,D0020,2026-02-22 07:56:52.867617,127
D_STR06459,D_U0060,D0014,2026-02-28 08:46:03.149563,233
D_STR06460,D_U0070,D0037,2026-02-08 10:29:46.181466,69
D_STR06461,D_U0011,D0034,2026-03-02 11:08:42.581887,177
D_STR06462,D_U0012,D0035,2026-03-01 00:12:17.156535,142
D_STR06463,D_U0099,D0026,2026-02-07 10:47:04.707281,38
D_STR06464,D_U0018,D0028,2026-01-31 19:38:42.565622,86
D_STR06465,D_U0051,D0048,2026-02-19 18:28:27.462528,152
D_STR06466,D_U0049,D0041,2026-02-16 19:09:09.933349,183
D_STR06467,D_U0086,D0025,2026-02-17 19:10:05.839262,157
D_STR06468,D_U0045,D0012,2026-02-13 18:13:04.102788,115
D_STR06469,D_U0028,D0033,2026-02-10 05:11:38.634580,70
D_STR06470,D_U0088,D0039,2026-02-11 03:57:11.847904,151
D_STR06471,D_U0028,D0029,2026-02-05 22:35:05.982447,184
D_STR06472,D_U0013,D0022,2026-02-20 07:53:07.715496,138
D_STR06473,D_U0015,D0040,2026-02-18 10:35:41.818174,15
D_STR06474,D_U0013,D0050,2026-02-11 11:19:12.380752,179
D_STR06475,D_U0008,D0028,2026-02-03 03:36:45.862429,213
D_STR06476,D_U0074,D0037,2026-02-26 12:28:39.345185,71
D_STR06477,D_U0095,D0042,2026-02-05 18:10:59.618879,95
D_STR06478,D_U0010,D0017,2026-02-06 11:31:03.362899,89
D_STR06479,D_U0032,D0050,2026-02-21 08:49:36.734396,312
D_STR06480,D_U0089,D0008,2026-02-06 07:02:26.733922,160
D_STR06481,D_U0078,D0038,2026-02-21 04:54:37.792798,113
D_STR06482,D_U0070,D0042,2026-02-01 09:32:47.555197,125
D_STR06483,D_U0048,D0040,2026-02-07 13:26:05.530066,103
D_STR06484,D_U0017,D0037,2026-02-06 07:42:47.319362,42
D_STR06485,D_U0086,D0044,2026-03-01 09:57:46.748847,170
D_STR06486,D_U0035,D0018,2026-02-16 00:06:30.038596,169
D_STR06487,D_U0034,D0041,2026-02-26 21:39:23.950661,130
D_STR06488,D_U0038,D0047,2026-03-01 16:41:56.357604,69
D_STR06489,D_U0045,D0034,2026-02-26 18:24:07.393346,204
D_STR06490,D_U0027,D0033,2026-01-31 18:23:04.098497,30
D_STR06491,D_U0057,D0031,2026-02-23 12:06:13.382982,61
D_STR06492,D_U0033,D0019,2026-02-14 20:47:47.355123,6
D_STR06493,D_U0035,D0033,2026-02-17 01:26:55.534217,137
D_STR06494,D_U0084,D0017,2026-02-08 04:55:46.462497,85
D_STR06495,D_U0093,D0039,2026-02-06 20:22:23.802081,123
D_STR06496,D_U0052,D0049,2026-02-16 10:59:10.166487,33
D_STR06497,D_U0045,D0020,2026-02-16 17:05:42.763358,101
D_STR06498,D_U0054,D0024,2026-02-19 12:30:14.764716,246
D_STR06499,D_U0025,D0021,2026-02-27 17:46:04.864321,223
D_STR06500,D_U0097,D0049,2026-02-03 03:27:51.922318,11
D_STR06501,D_U0038,D0047,2026-02-11 00:48:17.853097,128
D_STR06502,D_U0021,D0015,2026-03-01 05:23:30.422048,160
D_STR06503,D_U0065,D0022,2026-02-13 14:14:24.559659,151
D_STR06504,D_U0002,D0009,2026-02-11 10:25:31.965021,26
D_STR06505,D_U0024,D0047,2026-02-20 02:04:22.522737,166
D_STR06506,D_U0064,D0035,2026-02-16 10:19:11.512581,269
D_STR06507,D_U0062,D0015,2026-02-20 03:25:54.141166,60
D_STR06508,D_U0069,D0040,2026-01-31 17:05:46.844236,117
D_STR06509,D_U0090,D0036,2026-02-11 22:02:25.573202,230
D_STR06510,D_U0023,D0048,2026-02-24 15:57:00.220879,76
D_STR06511,D_U0017,D0014,2026-02-04 14:52:03.913592,308
D_STR06512,D_U0050,D0030,2026-02-23 13:41:52.813554,99
D_STR06513,D_U0069,D0021,2026-02-07 04:12:17.340922,226
D_STR06514,D_U0072,D0044,2026-02-03 08:52:58.081335,285
D_STR06515,D_U0082,D0047,2026-02-14 16:10:23.333917,178
D_STR06516,D_U0015,D0025,2026-02-24 04:54:01.989795,178
D_STR06517,D_U0062,D0048,2026-02-28 22:04:00.975646,215
D_STR06518,D_U0044,D0018,2026-02-27 09:34:59.311404,136
D_STR06519,D_U0004,D0050,2026-02-24 10:10:14.266015,186
D_STR06520,D_U0007,D0023,2026-02-13 13:24:32.746231,40
D_STR06521,D_U0055,D0038,2026-02-27 20:54:22.606775,57
D_STR06522,D_U0064,D0030,2026-02-24 12:38:33.863616,29
D_STR06523,D_U0028,D0040,2026-03-01 18:39:00.561331,107
D_STR06524,D_U0040,D0037,2026-02-17 11:04:48.045121,110
D_STR06525,D_U0022,D0035,2026-02-15 09:11:36.501396,104
D_STR06526,D_U0017,D0026,2026-03-01 13:59:09.923636,244
D_STR06527,D_U0036,D0042,2026-02-16 19:58:16.629255,52
D_STR06528,D_U0067,D0045,2026-03-01 09:49:38.913810,16
D_STR06529,D_U0011,D0039,2026-02-12 02:58:26.075285,103
D_STR06530,D_U0050,D0013,2026-02-09 00:57:35.297723,142
D_STR06531,D_U0006,D0044,2026-02-19 04:21:02.947046,130
D_STR06532,D_U0098,D0023,2026-02-18 22:38:29.509289,81
D_STR06533,D_U0094,D0027,2026-02-17 16:46:37.726275,56
D_STR06534,D_U0033,D0048,2026-02-19 11:26:07.466966,269
D_STR06535,D_U0007,D0024,2026-02-07 17:23:09.947898,285
D_STR06536,D_U0027,D0044,2026-02-28 05:29:32.601562,230
D_STR06537,D_U0054,D0048,2026-02-05 09:55:08.590458,97
D_STR06538,D_U0016,D0022,2026-02-20 09:55:28.656187,120
D_STR06539,D_U0057,D0045,2026-02-12 13:49:39.449640,181
D_STR06540,D_U0006,D0021,2026-02-18 14:19:20.451732,274
D_STR06541,D_U0038,D0019,2026-02-10 00:43:18.645592,132
D_STR06542,D_U0092,D0044,2026-02-07 02:51:17.771536,226
D_STR06543,D_U0036,D0048,2026-02-12 06:29:46.794663,69
D_STR06544,D_U0050,D0046,2026-02-15 11:44:17.187172,117
D_STR06545,D_U0003,D0028,2026-02-16 14:02:47.668344,107
D_STR06546,D_U0019,D0050,2026-02-18 15:42:21.064337,136
D_STR06547,D_U0005,D0015,2026-02-05 15:29:04.500797,229
D_STR06548,D_U0088,D0037,2026-02-23 09:59:38.066560,130
D_STR06549,D_U0088,D0042,2026-02-02 15:31:18.930876,116
D_STR06550,D_U0014,D0050,2026-02-11 07:51:13.033717,234
D_STR06551,D_U0043,D0029,2026-02-06 13:17:50.516056,251
D_STR06552,D_U0090,D0033,2026-02-01 20:16:32.318897,17
D_STR06553,D_U0088,D0006,2026-02-05 02:38:44.683293,256
D_STR06554,D_U0067,D0048,2026-02-22 06:56:31.720584,79
D_STR06555,D_U0003,D0040,2026-02-17 04:07:58.882447,27
D_STR06556,D_U0089,D0049,2026-02-04 23:15:41.098961,95
D_STR06557,D_U0075,D0035,2026-02-07 23:38:38.999660,314
D_STR06558,D_U0006,D0034,2026-02-19 18:16:43.874239,13
D_STR06559,D_U0040,D0031,2026-02-14 02:26:34.371097,115
D_STR06560,D_U0062,D0014,2026-02-11 15:39:08.612359,134
D_STR06561,D_U0009,D0016,2026-02-11 07:27:30.321112,282
D_STR06562,D_U0007,D0031,2026-02-23 04:41:31.391772,124
D_STR06563,D_U0097,D0030,2026-02-02 05:18:07.907850,135
D_STR06564,D_U0089,D0010,2026-02-07 18:31:15.965919,50
D_STR06565,D_U0017,D0034,2026-02-28 18:33:27.687846,178
D_STR06566,D_U0013,D0028,2026-02-02 07:36:49.627225,215
D_STR06567,D_U0097,D0027,2026-02-15 23:59:50.461303,129
D_STR06568,D_U0016,D0020,2026-02-08 08:49:36.980221,130
D_STR06569,D_U0039,D0018,2026-02-28 12:44:45.308157,262
D_STR06570,D_U0006,D0031,2026-03-02 01:43:32.303800,138
D_STR06571,D_U0061,D0032,2026-02-28 06:22:39.254546,73
D_STR06572,D_U0012,D0035,2026-02-20 09:06:43.714366,72
D_STR06573,D_U0063,D0037,2026-02-18 20:40:55.131416,123
D_STR06574,D_U0016,D0037,2026-02-24 21:38:19.252580,90
D_STR06575,D_U0071,D0041,2026-02-08 21:39:24.082834,120
D_STR06576,D_U0055,D0005,2026-02-07 20:44:05.411178,92
D_STR06577,D_U0096,D0038,2026-02-13 16:20:49.188954,194
D_STR06578,D_U0016,D0048,2026-02-08 02:29:03.285940,82
D_STR06579,D_U0014,D0041,2026-02-24 06:19:41.302557,112
D_STR06580,D_U0082,D0046,2026-02-25 20:34:21.215449,129
D_STR06581,D_U0017,D0021,2026-02-07 22:05:07.169028,246
D_STR06582,D_U0026,D0021,2026-02-11 07:22:10.378011,274
D_STR06583,D_U0018,D0040,2026-02-11 23:47:16.854300,44
D_STR06584,D_U0035,D0041,2026-02-17 14:31:45.703167,166
D_STR06585,D_U0015,D0028,2026-02-25 23:16:19.813937,46
D_STR06586,D_U0098,D0046,2026-02-16 15:50:05.382520,60
D_STR06587,D_U0059,D0015,2026-02-02 02:25:47.631590,242
D_STR06588,D_U0084,D0013,2026-02-26 14:36:37.059145,88
D_STR06589,D_U0080,D0040,2026-02-08 07:58:34.937653,46
D_STR06590,D_U0022,D0037,2026-02-01 04:55:57.975167,100
D_STR06591,D_U0058,D0024,2026-02-19 04:52:52.168834,5
D_STR06592,D_U0069,D0005,2026-02-18 17:34:31.141763,72
D_STR06593,D_U0029,D0044,2026-02-13 04:03:27.187541,273
D_STR06594,D_U0085,D0047,2026-02-25 13:12:20.051154,78
D_STR06595,D_U0034,D0008,2026-02-12 02:49:49.082569,178
D_STR06596,D_U0043,D0050,2026-02-18 00:49:39.368490,226
D_STR06597,D_U0046,D0035,2026-02-17 09:48:36.191695,176
D_STR06598,D_U0030,D0020,2026-02-01 23:53:03.787176,138
D_STR06599,D_U0033,D0028,2026-02-28 08:24:11.212238,7
D_STR06600,D_U0033,D0041,2026-02-02 10:11:35.535837,201
D_STR06601,D_U0082,D0025,2026-02-12 04:18:43.409551,126
D_STR06602,D_U0069,D0050,2026-02-11 21:38:21.619922,285
D_STR06603,D_U0077,D0046,2026-02-27 04:45:55.138093,191
D_STR06604,D_U0021,D0017,2026-02-18 08:09:54.970550,92
D_STR06605,D_U0085,D0019,2026-02-04 03:24:04.889188,212
D_STR06606,D_U0077,D0036,2026-02-26 09:09:20.580484,330
D_STR06607,D_U0034,D0047,2026-02-04 18:35:59.015635,6
D_STR06608,D_U0054,D0046,2026-02-12 22:01:28.570912,156
D_STR06609,D_U0075,D0044,2026-02-12 10:15:53.022211,282
D_STR06610,D_U0086,D0010,2026-02-15 23:19:51.613337,206
D_STR06611,D_U0057,D0019,2026-02-09 14:21:22.919041,193
D_STR06612,D_U0042,D0006,2026-02-03 02:25:35.003270,168
D_STR06613,D_U0054,D0004,2026-02-11 14:11:30.996282,194
D_STR06614,D_U0083,D0023,2026-02-04 09:24:50.211267,52
D_STR06615,D_U0041,D0017,2026-02-15 01:04:40.513279,82
D_STR06616,D_U0099,D0023,2026-02-10 17:15:08.764379,133
D_STR06617,D_U0008,D0043,2026-02-22 07:36:00.421839,133
D_STR06618,D_U0091,D0034,2026-02-15 06:09:05.328620,212
D_STR06619,D_U0073,D0018,2026-02-18 04:57:38.432817,212
D_STR06620,D_U0002,D0026,2026-02-03 04:39:42.231427,83
D_STR06621,D_U0079,D0029,2026-02-23 03:45:58.245070,342
D_STR06622,D_U0063,D0043,2026-02-11 03:15:50.460175,144
D_STR06623,D_U0041,D0034,2026-02-21 14:34:33.093721,10
D_STR06624,D_U0062,D0042,2026-02-26 08:15:34.641364,252
D_STR06625,D_U0007,D0045,2026-02-19 07:11:42.583919,99
D_STR06626,D_U0009,D0038,2026-03-01 18:47:28.453153,175
D_STR06627,D_U0099,D0023,2026-02-14 08:03:38.608652,50
D_STR06628,D_U0048,D0046,2026-02-26 09:09:25.398628,183
D_STR06629,D_U0099,D0036,2026-02-01 02:03:34.030578,88
D_STR06630,D_U0012,D0042,2026-01-31 12:28:45.556107,118
D_STR06631,D_U0024,D0040,2026-02-02 02:02:42.755513,75
D_STR06632,D_U0031,D0019,2026-02-17 16:25:43.571120,202
D_STR06633,D_U0060,D0050,2026-02-21 10:27:25.982314,57
D_STR06634,D_U0059,D0036,2026-03-01 14:25:56.911201,265
D_STR06635,D_U0064,D0038,2026-02-15 01:03:19.996820,176
D_STR06636,D_U0070,D0037,2026-02-04 15:46:16.418564,13
D_STR06637,D_U0077,D0040,2026-02-22 19:16:21.589942,39
D_STR06638,D_U0055,D0043,2026-02-11 19:46:11.394516,129
D_STR06639,D_U0069,D0034,2026-02-26 09:30:09.651593,130
D_STR06640,D_U0053,D0029,2026-02-25 22:21:53.615898,47
D_STR06641,D_U0049,D0037,2026-02-11 13:50:49.709135,24
D_STR06642,D_U0022,D0026,2026-02-21 07:26:56.258515,228
D_STR06643,D_U0050,D0049,2026-02-20 09:57:23.531258,114
D_STR06644,D_U0056,D0019,2026-03-01 20:03:39.241592,112
D_STR06645,D_U0004,D0038,2026-02-02 08:18:48.196542,82
D_STR06646,D_U0075,D0015,2026-02-06 14:23:54.496974,144
D_STR06647,D_U0056,D0036,2026-02-26 05:29:14.218219,84
D_STR06648,D_U0026,D0040,2026-02-10 10:23:15.008852,101
D_STR06649,D_U0019,D0036,2026-02-04 01:10:23.050112,43
D_STR06650,D_U0036,D0046,2026-02-07 20:39:16.139369,17
D_STR06651,D_U0092,D0025,2026-02-10 19:11:44.363797,73
D_STR06652,D_U0066,D0043,2026-02-27 14:47:47.971113,43
D_STR06653,D_U0059,D0036,2026-02-05 21:04:21.520924,277
D_STR06654,D_U0022,D0050,2026-02-20 22:29:12.584663,199
D_STR06655,D_U0065,D0013,2026-02-05 17:41:57.995354,60
D_STR06656,D_U0055,D0039,2026-02-19 23:59:46.919695,32
D_STR06657,D_U0026,D0023,2026-02-07 19:03:10.978189,240
D_STR06658,D_U0003,D0040,2026-02-03 09:47:26.789179,70
D_STR06659,D_U0059,D0036,2026-02-15 01:22:18.253480,317
D_STR06660,D_U0015,D0043,2026-02-16 18:08:39.923215,112
D_STR06661,D_U0084,D0014,2026-02-05 11:22:36.115538,122
D_STR06662,D_U0076,D0033,2026-01-31 16:56:52.813999,164
D_STR06663,D_U0094,D0042,2026-02-10 18:23:09.316161,87
D_STR06664,D_U0088,D0033,2026-02-04 01:43:06.712368,145
D_STR06665,D_U0049,D0014,2026-02-21 01:54:19.721413,86
D_STR06666,D_U0015,D0038,2026-02-02 08:14:10.133913,86
D_STR06667,D_U0024,D0037,2026-02-17 18:43:41.207445,68
D_STR06668,D_U0023,D0035,2026-02-26 12:54:16.473283,179
D_STR06669,D_U0096,D0010,2026-02-12 16:09:25.587639,166
D_STR06670,D_U0049,D0047,2026-02-15 14:48:30.693902,125
D_STR06671,D_U0041,D0035,2026-02-25 12:10:43.051533,81
D_STR06672,D_U0036,D0050,2026-02-25 18:26:10.849263,111
D_STR06673,D_U0069,D0014,2026-02-10 00:20:19.971878,138
D_STR06674,D_U0092,D0021,2026-02-17 07:54:57.635931,284
D_STR06675,D_U0089,D0034,2026-02-20 04:14:01.193258,40
D_STR06676,D_U0092,D0016,2026-02-03 15:03:27.611789,226
D_STR06677,D_U0075,D0050,2026-02-28 21:14:50.116797,23
D_STR06678,D_U0099,D0035,2026-02-26 08:35:12.146522,130
D_STR06679,D_U0091,D0045,2026-02-08 10:36:59.641945,61
D_STR06680,D_U0018,D0032,2026-02-12 00:51:04.476104,219
D_STR06681,D_U0019,D0010,2026-02-13 23:05:25.369027,250
D_STR06682,D_U0010,D0046,2026-02-23 04:32:35.065435,27
D_STR06683,D_U0047,D0039,2026-02-13 22:39:06.813244,295
D_STR06684,D_U0095,D0022,2026-02-17 07:36:32.626074,198
D_STR06685,D_U0038,D0021,2026-02-28 07:47:34.537497,143
D_STR06686,D_U0090,D0043,2026-02-23 10:57:05.548473,160
D_STR06687,D_U0043,D0027,2026-02-15 12:54:27.654694,132
D_STR06688,D_U0031,D0040,2026-02-20 20:43:49.362990,39
D_STR06689,D_U0024,D0045,2026-02-18 07:34:26.125742,78
D_STR06690,D_U0003,D0018,2026-02-07 17:12:26.741997,106
D_STR06691,D_U0003,D0047,2026-02-15 15:00:03.562490,195
D_STR06692,D_U0059,D0030,2026-02-10 16:57:18.589291,130
D_STR06693,D_U0072,D0039,2026-03-02 06:45:19.406249,110
D_STR06694,D_U0035,D0016,2026-03-02 02:21:44.154216,152
D_STR06695,D_U0074,D0017,2026-02-17 02:26:27.878344,43
D_STR06696,D_U0020,D0031,2026-02-05 04:01:24.496743,73
D_STR06697,D_U0096,D0035,2026-03-02 02:25:06.613737,203
D_STR06698,D_U0086,D0044,2026-02-27 17:19:00.810461,185
D_STR06699,D_U0059,D0019,2026-02-22 14:49:38.422674,117
D_STR06700,D_U0082,D0036,2026-02-11 14:37:09.563271,147
D_STR06701,D_U0035,D0045,2026-02-20 18:03:37.346400,179
D_STR06702,D_U0075,D0040,2026-02-21 15:09:03.373867,11
D_STR06703,D_U0050,D0039,2026-02-05 19:34:55.632252,313
D_STR06704,D_U0057,D0043,2026-02-05 21:26:07.831569,145
D_STR06705,D_U0056,D0033,2026-03-01 23:10:31.549092,87
D_STR06706,D_U0058,D0030,2026-02-03 15:08:53.302423,70
D_STR06707,D_U0037,D0017,2026-02-21 08:01:17.855583,29
D_STR06708,D_U0047,D0043,2026-02-07 16:10:26.736861,23
D_STR06709,D_U0085,D0014,2026-02-24 06:05:06.671758,294
D_STR06710,D_U0078,D0049,2026-02-08 17:34:31.905181,56
D_STR06711,D_U0068,D0044,2026-03-02 03:03:34.505130,135
D_STR06712,D_U0017,D0050,2026-02-01 05:04:00.460125,36
D_STR06713,D_U0020,D0013,2026-02-07 03:48:48.811885,71
D_STR06714,D_U0063,D0005,2026-02-23 00:05:10.617926,213
D_STR06715,D_U0050,D0019,2026-02-13 20:20:44.191239,194
D_STR06716,D_U0049,D0029,2026-02-22 12:13:32.650658,147
D_STR06717,D_U0069,D0024,2026-03-02 09:07:14.003828,39
D_STR06718,D_U0055,D0038,2026-02-21 12:28:43.017983,165
D_STR06719,D_U0038,D0033,2026-02-02 00:04:08.417777,9
D_STR06720,D_U0028,D0041,2026-02-09 20:45:40.482087,123
D_STR06721,D_U0025,D0049,2026-02-03 17:27:26.629306,56
D_STR06722,D_U0033,D0032,2026-02-17 22:10:03.751564,7
D_STR06723,D_U0075,D0043,2026-02-22 08:52:57.195390,112
D_STR06724,D_U0066,D0012,2026-02-22 16:04:43.981977,215
D_STR06725,D_U0012,D0049,2026-02-15 06:41:02.425965,8
D_STR06726,D_U0031,D0031,2026-02-09 18:56:55.661827,72
D_STR06727,D_U0075,D0038,2026-02-06 18:28:45.083742,107
D_STR06728,D_U0022,D0019,2026-02-25 01:55:28.735448,327
D_STR06729,D_U0081,D0018,2026-02-14 02:55:58.252042,161
D_STR06730,D_U0040,D0044,2026-02-21 22:06:34.620447,303
D_STR06731,D_U0084,D0034,2026-02-26 06:33:48.643499,39
D_STR06732,D_U0056,D0020,2026-02-11 16:58:12.456875,116
D_STR06733,D_U0050,D0017,2026-02-12 07:41:08.512433,29
D_STR06734,D_U0065,D0038,2026-02-03 16:53:47.091813,194
D_STR06735,D_U0023,D0049,2026-02-27 03:13:49.122509,20
D_STR06736,D_U0061,D0043,2026-02-26 02:06:31.471261,72
D_STR06737,D_U0005,D0031,2026-03-01 13:05:50.873307,125
D_STR06738,D_U0082,D0042,2026-02-04 17:29:51.353620,110
D_STR06739,D_U0072,D0049,2026-02-03 00:05:51.554298,92
D_STR06740,D_U0037,D0034,2026-02-02 03:55:53.961574,95
D_STR06741,D_U0074,D0027,2026-02-04 05:04:55.843679,151
D_STR06742,D_U0034,D0002,2026-02-18 20:30:32.560352,26
D_STR06743,D_U0066,D0007,2026-02-19 21:23:16.593973,235
D_STR06744,D_U0084,D0029,2026-02-21 03:11:31.499299,234
D_STR06745,D_U0067,D0042,2026-02-15 13:06:01.399596,130
D_STR06746,D_U0068,D0038,2026-02-26 18:37:37.025054,100
D_STR06747,D_U0047,D0036,2026-02-14 13:09:12.341422,342
D_STR06748,D_U0007,D0039,2026-02-01 15:42:17.358569,246
D_STR06749,D_U0040,D0024,2026-02-18 17:44:59.842334,297
D_STR06750,D_U0053,D0032,2026-02-26 10:36:32.365983,19
D_STR06751,D_U0050,D0031,2026-02-18 21:42:32.690503,105
D_STR06752,D_U0050,D0013,2026-02-08 09:51:53.545134,23
D_STR06753,D_U0021,D0039,2026-02-06 08:26:14.641853,241
D_STR06754,D_U0012,D0034,2026-02-23 11:13:58.429690,185
D_STR06755,D_U0041,D0011,2026-02-22 08:17:23.465033,226
D_STR06756,D_U0032,D0022,2026-02-06 02:04:27.344165,125
D_STR06757,D_U0048,D0030,2026-02-19 23:36:39.104218,138
D_STR06758,D_U0053,D0040,2026-02-24 22:18:48.111536,86
D_STR06759,D_U0028,D0032,2026-02-28 18:56:59.984393,223
D_STR06760,D_U0023,D0004,2026-02-22 00:04:39.731610,53
D_STR06761,D_U0062,D0042,2026-02-03 12:24:58.590577,216
D_STR06762,D_U0038,D0023,2026-02-27 05:10:47.492587,16
D_STR06763,D_U0091,D0024,2026-02-16 22:31:50.549801,24
D_STR06764,D_U0024,D0033,2026-02-17 03:16:47.833970,176
D_STR06765,D_U0011,D0028,2026-02-01 00:57:29.731846,165
D_STR06766,D_U0005,D0023,2026-03-02 03:34:11.946644,245
D_STR06767,D_U0099,D0048,2026-02-24 07:54:31.237693,236
D_STR06768,D_U0096,D0039,2026-02-22 06:14:22.702797,21
D_STR06769,D_U0055,D0033,2026-02-08 03:20:52.655672,162
D_STR06770,D_U0047,D0042,2026-02-15 14:35:01.196308,92
D_STR06771,D_U0053,D0043,2026-02-18 18:34:44.994486,16
D_STR06772,D_U0067,D0010,2026-02-04 09:18:13.186536,180
D_STR06773,D_U0068,D0045,2026-03-01 15:41:19.008914,69
D_STR06774,D_U0027,D0031,2026-02-21 09:43:15.293679,40
D_STR06775,D_U0074,D0048,2026-02-06 20:47:46.971495,161
D_STR06776,D_U0006,D0046,2026-02-28 11:50:58.100385,119
D_STR06777,D_U0024,D0022,2026-02-21 13:12:34.317421,38
D_STR06778,D_U0081,D0005,2026-02-17 09:45:18.715569,58
D_STR06779,D_U0012,D0028,2026-02-20 19:33:33.651465,133
D_STR06780,D_U0086,D0019,2026-02-01 20:39:26.214184,215
D_STR06781,D_U0033,D0029,2026-02-18 14:57:00.807242,243
D_STR06782,D_U0064,D0045,2026-03-01 20:59:34.518387,99
D_STR06783,D_U0038,D0041,2026-02-16 20:01:12.896106,156
D_STR06784,D_U0019,D0047,2026-02-26 02:07:24.673283,21
D_STR06785,D_U0068,D0021,2026-02-24 07:44:19.102583,246
D_STR06786,D_U0079,D0028,2026-02-06 06:09:45.091977,180
D_STR06787,D_U0035,D0018,2026-02-18 07:18:01.983868,228
D_STR06788,D_U0004,D0039,2026-03-01 03:55:52.951571,269
D_STR06789,D_U0061,D0009,2026-02-11 09:26:38.385178,111
D_STR06790,D_U0024,D0012,2026-02-27 21:55:19.585052,155
D_STR06791,D_U0011,D0010,2026-02-25 22:31:48.355293,134
D_STR06792,D_U0018,D0038,2026-02-14 01:40:57.297612,83
D_STR06793,D_U0090,D0020,2026-03-01 00:59:27.988374,44
D_STR06794,D_U0011,D0017,2026-02-15 16:09:57.486642,49
D_STR06795,D_U0013,D0026,2026-02-10 15:02:09.446156,8
D_STR06796,D_U0010,D0019,2026-02-03 22:00:24.899462,221
D_STR06797,D_U0007,D0026,2026-02-16 19:21:54.995440,92
D_STR06798,D_U0013,D0027,2026-02-04 18:17:16.939312,55
D_STR06799,D_U0071,D0049,2026-02-26 15:18:34.621023,96
D_STR06800,D_U0070,D0043,2026-02-16 13:34:48.848608,112
D_STR06801,D_U0049,D0005,2026-02-02 23:23:49.824624,152
D_STR06802,D_U0079,D0046,2026-02-04 00:00:05.362180,137
D_STR06803,D_U0024,D0027,2026-02-09 11:23:34.309711,168
D_STR06804,D_U0057,D0031,2026-02-13 16:32:18.907145,33
D_STR06805,D_U0057,D0049,2026-02-28 04:06:33.786358,36
D_STR06806,D_U0055,D0028,2026-02-22 00:11:43.464679,289
D_STR06807,D_U0095,D0031,2026-02-03 01:25:47.511239,72
D_STR06808,D_U0085,D0024,2026-02-04 15:20:35.164946,301
D_STR06809,D_U0091,D0040,2026-02-24 23:11:29.690467,29
D_STR06810,D_U0083,D0048,2026-02-03 10:18:14.143053,214
D_STR06811,D_U0068,D0025,2026-02-19 05:26:30.593382,122
D_STR06812,D_U0033,D0036,2026-02-12 00:33:32.369512,300
D_STR06813,D_U0056,D0014,2026-02-27 03:26:20.666747,229
D_STR06814,D_U0038,D0036,2026-02-25 01:17:06.414541,251
D_STR06815,D_U0081,D0019,2026-02-28 14:14:06.705022,245
D_STR06816,D_U0059,D0042,2026-02-26 05:28:08.267574,53
D_STR06817,D_U0097,D0047,2026-02-28 08:46:40.038499,167
D_STR06818,D_U0013,D0031,2026-02-13 02:10:51.256178,107
D_STR06819,D_U0038,D0046,2026-02-17 04:46:28.106233,92
D_STR06820,D_U0034,D0046,2026-02-17 17:53:32.914087,144
D_STR06821,D_U0031,D0031,2026-02-26 23:40:34.760926,122
D_STR06822,D_U0070,D0036,2026-02-28 17:41:17.910215,61
D_STR06823,D_U0069,D0021,2026-02-10 05:12:40.385020,190
D_STR06824,D_U0099,D0049,2026-02-05 07:02:23.087007,16
D_STR06825,D_U0049,D0032,2026-02-13 23:52:00.979013,167
D_STR06826,D_U0058,D0046,2026-02-20 08:51:48.337080,137
D_STR06827,D_U0037,D0044,2026-02-07 09:16:38.550826,127
D_STR06828,D_U0026,D0048,2026-02-21 16:17:15.904952,37
D_STR06829,D_U0065,D0041,2026-02-28 20:33:38.238213,108
D_STR06830,D_U0021,D0045,2026-02-15 07:37:47.663803,115
D_STR06831,D_U0041,D0045,2026-02-27 17:53:38.603137,42
D_STR06832,D_U0029,D0041,2026-02-17 02:00:06.378604,228
D_STR06833,D_U0093,D0038,2026-02-15 07:08:25.946269,185
D_STR06834,D_U0001,D0043,2026-02-24 13:24:53.080640,112
D_STR06835,D_U0026,D0045,2026-02-14 22:38:29.940068,181
D_STR06836,D_U0075,D0040,2026-02-14 23:12:31.011916,22
D_STR06837,D_U0080,D0034,2026-02-06 00:35:51.611665,160
D_STR06838,D_U0046,D0028,2026-02-17 17:40:16.346353,70
D_STR06839,D_U0049,D0012,2026-02-21 11:42:16.576870,27
D_STR06840,D_U0017,D0045,2026-02-23 08:19:12.689805,194
D_STR06841,D_U0025,D0024,2026-02-11 00:50:31.225926,316
D_STR06842,D_U0025,D0007,2026-02-15 14:12:32.977274,228
D_STR06843,D_U0041,D0047,2026-02-02 06:28:49.342896,67
D_STR06844,D_U0016,D0039,2026-02-20 13:08:38.618541,142
D_STR06845,D_U0072,D0007,2026-02-16 03:27:26.816997,163
D_STR06846,D_U0057,D0022,2026-02-15 20:34:09.721683,67
D_STR06847,D_U0090,D0028,2026-02-12 12:42:24.331271,93
D_STR06848,D_U0012,D0045,2026-02-18 06:20:54.266952,89
D_STR06849,D_U0097,D0045,2026-02-25 03:39:13.034105,200
D_STR06850,D_U0096,D0050,2026-02-09 00:08:34.739475,203
D_STR06851,D_U0083,D0049,2026-02-10 15:14:40.825400,84
D_STR06852,D_U0032,D0043,2026-02-11 19:35:57.706741,71
D_STR06853,D_U0011,D0038,2026-03-02 08:51:50.705554,124
D_STR06854,D_U0027,D0033,2026-02-12 17:08:12.802092,30
D_STR06855,D_U0040,D0036,2026-02-04 09:39:14.140840,218
D_STR06856,D_U0021,D0050,2026-02-23 21:22:05.913347,63
D_STR06857,D_U0016,D0029,2026-02-06 01:05:05.328334,133
D_STR06858,D_U0074,D0028,2026-02-01 14:18:51.717765,236
D_STR06859,D_U0088,D0030,2026-02-26 07:33:12.511629,116
D_STR06860,D_U0094,D0014,2026-02-09 23:44:36.406360,181
D_STR06861,D_U0077,D0047,2026-02-01 16:32:48.966543,284
D_STR06862,D_U0076,D0023,2026-02-13 04:27:40.803239,35
D_STR06863,D_U0093,D0048,2026-02-01 22:51:49.799330,165
D_STR06864,D_U0073,D0034,2026-02-14 15:00:24.744794,196
D_STR06865,D_U0031,D0030,2026-02-09 15:42:07.269353,25
D_STR06866,D_U0100,D0042,2026-02-26 01:17:53.128678,35
D_STR06867,D_U0070,D0040,2026-01-31 23:41:28.356782,79
D_STR06868,D_U0021,D0019,2026-02-17 12:48:21.221619,112
D_STR06869,D_U0096,D0010,2026-02-22 15:42:25.068904,188
D_STR06870,D_U0040,D0009,2026-02-17 00:57:07.609634,155
D_STR06871,D_U0019,D0018,2026-02-13 14:53:19.913975,93
D_STR06872,D_U0030,D0012,2026-02-19 10:34:34.957233,209
D_STR06873,D_U0029,D0049,2026-02-26 00:20:50.062299,116
D_STR06874,D_U0091,D0035,2026-02-07 14:17:01.031921,191
D_STR06875,D_U0033,D0048,2026-02-22 07:32:11.781860,42
D_STR06876,D_U0071,D0044,2026-02-05 21:52:49.318577,259
D_STR06877,D_U0092,D0050,2026-02-13 14:00:50.686538,222
D_STR06878,D_U0060,D0039,2026-02-15 14:04:59.691937,85
D_STR06879,D_U0043,D0032,2026-02-20 22:57:33.746655,105
D_STR06880,D_U0056,D0040,2026-03-02 08:12:43.386817,71
D_STR06881,D_U0099,D0025,2026-02-22 08:57:39.517291,45
D_STR06882,D_U0051,D0040,2026-02-20 00:01:26.797493,121
D_STR06883,D_U0037,D0029,2026-02-11 10:34:03.613388,128
D_STR06884,D_U0050,D0042,2026-02-22 21:23:52.752576,248
D_STR06885,D_U0015,D0036,2026-03-01 00:40:30.183693,280
D_STR06886,D_U0069,D0019,2026-02-01 01:29:09.164519,141
D_STR06887,D_U0040,D0041,2026-01-31 16:37:24.505512,202
D_STR06888,D_U0097,D0049,2026-02-01 01:59:03.236473,9
D_STR06889,D_U0030,D0033,2026-02-04 23:20:32.278847,124
D_STR06890,D_U0027,D0046,2026-02-11 19:04:06.420627,36
D_STR06891,D_U0014,D0047,2026-02-12 10:03:08.843520,226
D_STR06892,D_U0025,D0021,2026-02-10 21:26:28.935013,190
D_STR06893,D_U0043,D0042,2026-02-23 15:10:44.592403,32
D_STR06894,D_U0016,D0028,2026-02-11 16:17:33.708665,265
D_STR06895,D_U0013,D0042,2026-02-08 07:49:33.030842,105
D_STR06896,D_U0037,D0019,2026-02-09 17:11:42.691211,50
D_STR06897,D_U0076,D0027,2026-02-15 12:53:19.195173,175
D_STR06898,D_U0094,D0013,2026-02-22 21:21:15.471731,134
D_STR06899,D_U0091,D0028,2026-03-01 23:27:13.563270,151
D_STR06900,D_U0030,D0038,2026-02-02 13:25:55.894843,35
D_STR06901,D_U0062,D0004,2026-02-01 17:30:38.578165,191
D_STR06902,D_U0096,D0027,2026-02-22 15:34:03.869862,44
D_STR06903,D_U0008,D0050,2026-02-08 00:06:49.090276,315
D_STR06904,D_U0027,D0041,2026-02-15 09:40:03.209934,221
D_STR06905,D_U0085,D0035,2026-02-14 14:05:53.631909,270
D_STR06906,D_U0015,D0048,2026-02-06 21:42:31.541152,190
D_STR06907,D_U0058,D0004,2026-02-02 22:56:20.185139,33
D_STR06908,D_U0073,D0030,2026-02-05 21:15:18.463009,120
D_STR06909,D_U0069,D0032,2026-01-31 11:37:08.734922,134
D_STR06910,D_U0029,D0027,2026-02-22 05:57:48.195984,215
D_STR06911,D_U0017,D0043,2026-02-04 09:36:08.356415,113
D_STR06912,D_U0079,D0043,2026-02-03 05:08:07.005572,46
D_STR06913,D_U0098,D0036,2026-02-09 12:04:57.338394,45
D_STR06914,D_U0070,D0050,2026-02-09 23:26:47.096248,44
D_STR06915,D_U0095,D0047,2026-02-21 00:02:30.474891,100
D_STR06916,D_U0036,D0049,2026-02-10 22:56:00.115726,29
D_STR06917,D_U0002,D0044,2026-02-12 08:00:53.757817,78
D_STR06918,D_U0033,D0048,2026-02-03 23:55:58.641494,163
D_STR06919,D_U0055,D0050,2026-02-13 21:29:33.327256,105
D_STR06920,D_U0026,D0037,2026-02-10 02:16:33.140490,20
D_STR06921,D_U0092,D0042,2026-02-05 16:25:38.030021,196
D_STR06922,D_U0097,D0040,2026-02-22 14:04:55.990766,108
D_STR06923,D_U0095,D0048,2026-02-04 03:09:15.546798,55
D_STR06924,D_U0069,D0050,2026-02-14 02:57:07.700084,240
D_STR06925,D_U0040,D0017,2026-02-15 22:43:15.644938,34
D_STR06926,D_U0022,D0032,2026-02-14 05:54:16.829937,130
D_STR06927,D_U0048,D0042,2026-02-04 07:34:49.612719,159
D_STR06928,D_U0011,D0048,2026-02-05 13:55:20.348713,11
D_STR06929,D_U0051,D0050,2026-02-09 01:13:34.653418,202
D_STR06930,D_U0035,D0022,2026-02-08 01:57:29.947173,163
D_STR06931,D_U0023,D0025,2026-02-06 11:12:30.061684,91
D_STR06932,D_U0083,D0050,2026-02-28 15:38:40.015884,274
D_STR06933,D_U0038,D0030,2026-02-19 20:59:11.300551,71
D_STR06934,D_U0081,D0031,2026-02-23 11:00:23.204267,76
D_STR06935,D_U0071,D0050,2026-02-18 05:15:16.694784,205
D_STR06936,D_U0012,D0020,2026-02-19 20:50:56.076605,152
D_STR06937,D_U0090,D0050,2026-02-19 22:19:18.620978,227
D_STR06938,D_U0096,D0031,2026-02-13 00:46:22.663743,92
D_STR06939,D_U0047,D0035,2026-02-02 19:39:44.575419,45
D_STR06940,D_U0083,D0037,2026-02-07 09:31:33.920503,27
D_STR06941,D_U0055,D0050,2026-03-01 03:04:38.557832,157
D_STR06942,D_U0096,D0028,2026-02-26 10:10:52.889732,133
D_STR06943,D_U0064,D0038,2026-02-06 03:57:25.117071,117
D_STR06944,D_U0069,D0014,2026-02-19 16:09:59.697401,69
D_STR06945,D_U0047,D0049,2026-02-24 15:21:01.849135,115
D_STR06946,D_U0099,D0044,2026-02-11 06:21:18.456093,50
D_STR06947,D_U0056,D0003,2026-02-19 09:45:31.296976,119
D_STR06948,D_U0091,D0047,2026-03-01 09:00:18.512316,126
D_STR06949,D_U0014,D0013,2026-02-12 10:54:36.604858,153
D_STR06950,D_U0015,D0031,2026-02-07 02:46:34.368078,125
D_STR06951,D_U0078,D0032,2026-02-23 09:54:12.976354,174
D_STR06952,D_U0071,D0040,2026-02-09 21:55:30.719472,105
D_STR06953,D_U0073,D0048,2026-02-25 20:13:02.064081,30
D_STR06954,D_U0044,D0042,2026-02-14 01:04:10.119533,139
D_STR06955,D_U0045,D0044,2026-02-01 01:29:57.943204,254
D_STR06956,D_U0040,D0036,2026-02-23 18:11:07.124846,92
D_STR06957,D_U0024,D0025,2026-02-11 09:12:16.244566,146
D_STR06958,D_U0064,D0011,2026-02-12 10:45:01.153265,51
D_STR06959,D_U0081,D0048,2026-03-01 16:09:47.013443,244
D_STR06960,D_U0089,D0048,2026-02-25 09:03:11.763698,99
D_STR06961,D_U0094,D0028,2026-03-01 07:32:39.137779,67
D_STR06962,D_U0016,D0031,2026-02-28 07:16:33.517534,12
D_STR06963,D_U0058,D0023,2026-02-04 18:13:06.954423,82
D_STR06964,D_U0074,D0049,2026-02-15 22:02:13.243480,10
D_STR06965,D_U0052,D0049,2026-02-18 00:04:13.289728,39
D_STR06966,D_U0014,D0035,2026-02-25 10:59:00.515335,199
D_STR06967,D_U0036,D0034,2026-02-25 07:58:09.722363,33
D_STR06968,D_U0028,D0023,2026-02-27 00:47:18.880310,88
D_STR06969,D_U0029,D0020,2026-02-12 14:32:01.752637,103
D_STR06970,D_U0020,D0044,2026-02-15 06:53:11.598531,10
D_STR06971,D_U0020,D0020,2026-02-28 22:00:44.248968,60
D_STR06972,D_U0075,D0034,2026-02-02 15:52:17.822824,22
D_STR06973,D_U0016,D0049,2026-02-19 00:50:48.291038,102
D_STR06974,D_U0053,D0015,2026-02-23 13:40:16.606100,174
D_STR06975,D_U0094,D0013,2026-02-11 05:08:52.239785,35
D_STR06976,D_U0051,D0014,2026-02-15 04:02:51.599655,59
D_STR06977,D_U0024,D0039,2026-02-27 13:41:18.099985,231
D_STR06978,D_U0037,D0050,2026-02-20 00:51:34.830953,258
D_STR06979,D_U0083,D0038,2026-02-26 02:47:51.262151,120
D_STR06980,D_U0017,D0015,2026-02-17 06:33:40.785191,219
D_STR06981,D_U0034,D0020,2026-02-26 17:17:13.527692,111
D_STR06982,D_U0065,D0032,2026-03-02 10:21:38.914593,202
D_STR06983,D_U0019,D0038,2026-03-02 06:45:55.277405,81
D_STR06984,D_U0097,D0039,2026-02-01 20:11:58.561491,258
D_STR06985,D_U0067,D0050,2026-02-01 13:52:17.129748,215
D_STR06986,D_U0035,D0044,2026-02-04 17:09:51.072523,225
D_STR06987,D_U0070,D0034,2026-02-26 04:22:29.700112,206
D_STR06988,D_U0098,D0034,2026-02-01 21:37:22.052141,34
D_STR06989,D_U0083,D0031,2026-02-22 05:17:09.054873,48
D_STR06990,D_U0009,D0050,2026-02-28 02:07:03.550029,148
D_STR06991,D_U0023,D0018,2026-02-10 02:05:30.401302,221
D_STR06992,D_U0079,D0048,2026-02-18 01:55:28.134903,272
D_STR06993,D_U0015,D0047,2026-02-16 09:55:04.379375,195
D_STR06994,D_U0091,D0036,2026-02-21 23:10:49.928465,60
D_STR06995,D_U0066,D0038,2026-02-09 11:07:56.979390,106
D_STR06996,D_U0063,D0011,2026-02-05 17:06:33.424318,248
D_STR06997,D_U0080,D0038,2026-02-26 18:10:15.117054,177
D_STR06998,D_U0068,D0048,2026-03-01 03:51:37.816991,101
D_STR06999,D_U0067,D0029,2026-02-20 14:06:01.975375,214
D_STR07000,D_U0073,D0036,2026-02-01 13:34:31.686270,213
D_STR07001,D_U0015,D0012,2026-02-22 00:44:47.652434,245
D_STR07002,D_U0023,D0034,2026-02-17 15:42:36.080405,122
D_STR07003,D_U0097,D0016,2026-02-07 05:37:11.115615,198
D_STR07004,D_U0010,D0042,2026-02-08 05:15:37.454312,67
D_STR07005,D_U0022,D0032,2026-02-11 09:22:51.087529,56
D_STR07006,D_U0044,D0035,2026-02-22 15:18:19.880323,47
D_STR07007,D_U0015,D0026,2026-02-08 21:56:17.101777,67
D_STR07008,D_U0083,D0025,2026-02-12 04:30:58.363101,190
D_STR07009,D_U0079,D0033,2026-02-05 15:10:45.493752,62
D_STR07010,D_U0021,D0027,2026-02-15 19:02:51.574961,70
D_STR07011,D_U0022,D0028,2026-02-20 16:56:15.138345,221
D_STR07012,D_U0033,D0014,2026-02-05 17:32:30.001349,227
D_STR07013,D_U0023,D0042,2026-02-04 18:03:20.999666,214
D_STR07014,D_U0076,D0043,2026-02-19 09:52:50.022590,107
D_STR07015,D_U0092,D0047,2026-02-05 07:40:57.950648,135
D_STR07016,D_U0047,D0044,2026-02-28 00:16:59.395638,167
D_STR07017,D_U0050,D0048,2026-02-02 13:07:45.177510,41
D_STR07018,D_U0099,D0029,2026-02-21 13:12:09.492727,328
D_STR07019,D_U0082,D0039,2026-02-10 20:31:57.206057,233
D_STR07020,D_U0096,D0024,2026-02-01 07:37:54.868438,241
D_STR07021,D_U0002,D0033,2026-03-01 12:04:48.219668,101
D_STR07022,D_U0025,D0046,2026-02-14 16:24:50.083954,103
D_STR07023,D_U0010,D0032,2026-02-19 21:26:43.245023,136
D_STR07024,D_U0058,D0019,2026-02-16 16:46:21.045517,172
D_STR07025,D_U0015,D0049,2026-02-18 00:13:36.880390,79
D_STR07026,D_U0045,D0043,2026-02-15 09:47:27.751337,13
D_STR07027,D_U0047,D0049,2026-02-28 15:32:29.138040,66
D_STR07028,D_U0044,D0046,2026-03-01 13:23:25.022080,151
D_STR07029,D_U0017,D0018,2026-02-26 20:45:40.977394,164
D_STR07030,D_U0040,D0023,2026-02-03 17:36:49.245548,135
D_STR07031,D_U0020,D0050,2026-02-15 05:36:33.601802,60
D_STR07032,D_U0028,D0049,2026-02-03 00:47:18.346236,116
D_STR07033,D_U0036,D0024,2026-02-20 05:08:01.357020,118
D_STR07034,D_U0035,D0042,2026-02-25 21:09:13.833766,100
D_STR07035,D_U0096,D0045,2026-02-11 22:12:21.276847,138
D_STR07036,D_U0092,D0033,2026-02-13 02:56:12.233109,34
D_STR07037,D_U0009,D0038,2026-02-14 13:38:48.721562,135
D_STR07038,D_U0065,D0042,2026-02-18 23:09:09.307882,134
D_STR07039,D_U0087,D0044,2026-02-01 09:11:09.732108,210
D_STR07040,D_U0034,D0041,2026-02-08 18:35:15.638882,239
D_STR07041,D_U0097,D0034,2026-02-22 13:09:48.299416,154
D_STR07042,D_U0050,D0042,2026-03-02 10:48:22.660482,215
D_STR07043,D_U0023,D0027,2026-02-27 03:45:54.523853,209
D_STR07044,D_U0054,D0015,2026-02-01 17:57:43.002363,157
D_STR07045,D_U0072,D0046,2026-02-11 04:30:28.766257,127
D_STR07046,D_U0036,D0026,2026-03-01 13:24:32.435234,171
D_STR07047,D_U0090,D0040,2026-02-19 07:15:22.509453,74
D_STR07048,D_U0078,D0025,2026-02-11 13:27:57.979514,30
D_STR07049,D_U0071,D0045,2026-02-18 01:42:38.321887,146
D_STR07050,D_U0081,D0016,2026-02-25 06:34:52.119893,192
D_STR07051,D_U0047,D0048,2026-02-13 16:26:05.867959,235
D_STR07052,D_U0051,D0050,2026-02-24 22:01:03.735586,131
D_STR07053,D_U0084,D0033,2026-02-15 16:57:19.695511,154
D_STR07054,D_U0007,D0029,2026-02-15 06:17:12.673079,339
D_STR07055,D_U0100,D0039,2026-02-08 11:52:36.846020,95
D_STR07056,D_U0058,D0026,2026-02-14 22:41:59.939165,148
D_STR07057,D_U0002,D0046,2026-02-22 11:29:09.326428,167
D_STR07058,D_U0015,D0038,2026-02-18 07:50:41.184945,150
D_STR07059,D_U0004,D0033,2026-02-21 03:23:14.825572,176
D_STR07060,D_U0015,D0017,2026-02-18 16:18:01.211169,42
D_STR07061,D_U0026,D0023,2026-02-10 17:50:22.405001,225
D_STR07062,D_U0061,D0019,2026-02-17 14:10:13.843248,167
D_STR07063,D_U0066,D0044,2026-03-01 22:18:21.462501,70
D_STR07064,D_U0093,D0046,2026-02-26 19:31:55.401797,188
D_STR07065,D_U0055,D0040,2026-02-05 14:23:10.775256,33
D_STR07066,D_U0021,D0046,2026-02-18 05:00:57.876519,40
D_STR07067,D_U0060,D0042,2026-02-23 15:32:22.360633,133
D_STR07068,D_U0007,D0023,2026-02-19 15:03:25.858147,138
D_STR07069,D_U0024,D0020,2026-02-07 00:26:59.313575,157
D_STR07070,D_U0027,D0035,2026-02-17 13:05:24.240813,275
D_STR07071,D_U0057,D0044,2026-02-22 05:15:12.739161,233
D_STR07072,D_U0061,D0045,2026-02-15 16:48:20.767324,52
D_STR07073,D_U0015,D0022,2026-02-26 15:43:08.029498,203
D_STR07074,D_U0015,D0037,2026-02-08 00:48:21.225605,8
D_STR07075,D_U0063,D0043,2026-02-27 23:28:09.374027,17
D_STR07076,D_U0079,D0042,2026-02-10 21:48:23.181416,136
D_STR07077,D_U0025,D0015,2026-02-03 11:31:53.887526,144
D_STR07078,D_U0085,D0015,2026-02-20 04:14:23.343728,198
D_STR07079,D_U0071,D0024,2026-02-10 01:33:04.503886,288
D_STR07080,D_U0038,D0049,2026-02-21 12:01:21.595474,33
D_STR07081,D_U0021,D0027,2026-02-08 04:52:31.108430,32
D_STR07082,D_U0087,D0020,2026-02-21 12:48:15.428494,20
D_STR07083,D_U0033,D0027,2026-02-04 19:21:29.349175,224
D_STR07084,D_U0095,D0037,2026-02-26 06:24:57.835363,142
D_STR07085,D_U0022,D0021,2026-02-02 20:27:09.582683,9
D_STR07086,D_U0085,D0033,2026-02-18 03:41:06.677567,90
D_STR07087,D_U0093,D0007,2026-02-26 15:17:27.713951,52
D_STR07088,D_U0063,D0009,2026-02-18 06:42:06.294678,195
D_STR07089,D_U0018,D0011,2026-02-27 18:31:04.746133,290
D_STR07090,D_U0008,D0024,2026-02-03 14:38:25.567511,104
D_STR07091,D_U0041,D0046,2026-02-19 13:49:25.319602,154
D_STR07092,D_U0009,D0044,2026-02-08 01:35:05.821589,303
D_STR07093,D_U0081,D0020,2026-02-18 00:27:40.657185,140
D_STR07094,D_U0069,D0050,2026-02-04 23:07:22.784086,98
D_STR07095,D_U0048,D0044,2026-02-21 21:46:12.138014,213
D_STR07096,D_U0059,D0038,2026-02-18 12:06:48.140209,35
D_STR07097,D_U0012,D0037,2026-02-05 23:35:57.425120,11
D_STR07098,D_U0029,D0050,2026-02-25 23:04:41.457649,102
D_STR07099,D_U0064,D0027,2026-02-17 06:17:19.636406,26
D_STR07100,D_U0081,D0033,2026-03-01 14:02:25.314197,74
D_STR07101,D_U0036,D0032,2026-02-16 05:42:56.788789,23
D_STR07102,D_U0031,D0039,2026-03-01 03:46:44.328777,7
D_STR07103,D_U0064,D0026,2026-02-02 23:48:06.098578,13
D_STR07104,D_U0043,D0046,2026-03-02 05:16:48.371352,63
D_STR07105,D_U0043,D0029,2026-02-02 01:20:48.145247,284
D_STR07106,D_U0073,D0046,2026-02-17 12:37:14.655934,174
D_STR07107,D_U0049,D0020,2026-02-22 22:48:50.157340,67
D_STR07108,D_U0043,D0040,2026-02-23 00:44:00.607264,108
D_STR07109,D_U0047,D0040,2026-02-19 11:04:29.497341,65
D_STR07110,D_U0094,D0037,2026-02-02 13:14:27.833011,41
D_STR07111,D_U0087,D0048,2026-02-27 22:54:27.661750,163
D_STR07112,D_U0015,D0015,2026-02-15 15:01:53.704155,87
D_STR07113,D_U0042,D0038,2026-03-01 14:32:09.543020,138
D_STR07114,D_U0050,D0042,2026-02-11 19:52:05.741351,136
D_STR07115,D_U0039,D0027,2026-02-12 05:25:56.658904,169
D_STR07116,D_U0049,D0042,2026-02-28 16:49:41.971771,156
D_STR07117,D_U0092,D0047,2026-02-02 14:32:56.731401,78
D_STR07118,D_U0064,D0048,2026-02-15 20:32:21.471418,28
D_STR07119,D_U0061,D0020,2026-02-19 14:06:13.170251,70
D_STR07120,D_U0054,D0038,2026-02-08 01:34:40.377178,158
D_STR07121,D_U0040,D0044,2026-03-01 14:55:03.205189,246
D_STR07122,D_U0028,D0046,2026-02-21 22:40:43.726608,9
D_STR07123,D_U0069,D0030,2026-02-21 14:12:44.823610,56
D_STR07124,D_U0016,D0040,2026-02-01 12:16:36.119437,102
D_STR07125,D_U0057,D0037,2026-02-01 05:38:36.803277,138
D_STR07126,D_U0066,D0021,2026-03-01 23:37:58.451926,237
D_STR07127,D_U0095,D0022,2026-02-19 03:13:37.088408,109
D_STR07128,D_U0076,D0030,2026-02-10 14:48:22.608004,53
D_STR07129,D_U0014,D0032,2026-02-19 23:40:24.842796,229
D_STR07130,D_U0073,D0038,2026-02-22 18:13:06.048773,112
D_STR07131,D_U0044,D0037,2026-02-02 21:15:01.556788,152
D_STR07132,D_U0075,D0034,2026-02-08 11:10:33.098848,185
D_STR07133,D_U0049,D0026,2026-02-19 21:55:08.158517,74
D_STR07134,D_U0065,D0048,2026-01-31 14:55:50.007750,34
D_STR07135,D_U0049,D0047,2026-02-06 18:10:54.009125,129
D_STR07136,D_U0004,D0038,2026-02-02 00:49:49.294325,101
D_STR07137,D_U0024,D0042,2026-02-11 10:14:48.125875,139
D_STR07138,D_U0009,D0033,2026-02-05 22:15:46.648218,101
D_STR07139,D_U0080,D0035,2026-02-28 00:56:00.845996,323
D_STR07140,D_U0082,D0043,2026-02-11 09:57:36.390620,79
D_STR07141,D_U0083,D0007,2026-02-14 12:14:29.750038,67
D_STR07142,D_U0085,D0039,2026-02-07 05:01:20.886631,185
D_STR07143,D_U0099,D0034,2026-02-24 17:59:55.591494,10
D_STR07144,D_U0034,D0046,2026-02-11 11:36:33.155130,192
D_STR07145,D_U0100,D0038,2026-02-22 00:31:52.561743,77
D_STR07146,D_U0073,D0022,2026-02-09 09:07:21.844260,128
D_STR07147,D_U0023,D0038,2026-02-06 12:42:45.843047,68
D_STR07148,D_U0024,D0031,2026-02-13 19:34:48.405208,44
D_STR07149,D_U0093,D0039,2026-02-10 22:04:35.476408,44
D_STR07150,D_U0080,D0048,2026-02-14 15:57:05.842791,244
D_STR07151,D_U0014,D0041,2026-02-20 20:18:05.935558,243
D_STR07152,D_U0075,D0040,2026-02-03 05:42:32.168355,97
D_STR07153,D_U0044,D0011,2026-02-07 13:44:52.764740,85
D_STR07154,D_U0081,D0024,2026-02-09 17:25:01.195982,238
D_STR07155,D_U0097,D0042,2026-02-16 17:28:02.027204,20
D_STR07156,D_U0007,D0043,2026-02-21 22:28:13.071801,30
D_STR07157,D_U0020,D0008,2026-02-12 07:13:40.524125,38
D_STR07158,D_U0028,D0038,2026-02-21 04:44:35.913715,128
D_STR07159,D_U0068,D0029,2026-02-10 23:19:35.051160,95
D_STR07160,D_U0055,D0038,2026-03-02 00:16:46.953556,48
D_STR07161,D_U0046,D0026,2026-02-12 20:49:48.633647,259
D_STR07162,D_U0048,D0044,2026-02-09 06:10:26.908311,9
D_STR07163,D_U0031,D0035,2026-02-06 18:32:59.085890,101
D_STR07164,D_U0078,D0034,2026-02-20 22:59:41.494232,202
D_STR07165,D_U0063,D0029,2026-02-09 15:44:21.690573,239
D_STR07166,D_U0066,D0022,2026-03-01 19:58:43.076487,87
D_STR07167,D_U0022,D0050,2026-02-07 06:04:19.629882,32
D_STR07168,D_U0012,D0045,2026-02-13 23:13:12.667266,133
D_STR07169,D_U0053,D0025,2026-02-07 01:21:28.866146,195
D_STR07170,D_U0057,D0031,2026-02-19 19:50:08.382033,58
D_STR07171,D_U0049,D0040,2026-02-13 05:37:53.329565,62
D_STR07172,D_U0099,D0048,2026-02-13 04:41:39.148046,84
D_STR07173,D_U0007,D0012,2026-02-13 12:02:43.329368,209
D_STR07174,D_U0021,D0046,2026-02-17 16:33:43.835877,120
D_STR07175,D_U0039,D0039,2026-02-09 13:14:58.895165,204
D_STR07176,D_U0073,D0043,2026-02-28 05:54:41.018226,34
D_STR07177,D_U0022,D0032,2026-02-21 14:52:29.566179,135
D_STR07178,D_U0058,D0035,2026-02-14 09:05:37.193653,187
D_STR07179,D_U0012,D0025,2026-02-07 04:10:15.554816,102
D_STR07180,D_U0034,D0028,2026-02-17 15:08:43.533345,190
D_STR07181,D_U0083,D0040,2026-02-19 11:42:22.629561,127
D_STR07182,D_U0029,D0047,2026-02-18 08:01:54.255215,253
D_STR07183,D_U0049,D0045,2026-02-13 03:09:06.880465,180
D_STR07184,D_U0097,D0012,2026-02-11 22:24:38.844756,265
D_STR07185,D_U0008,D0041,2026-02-14 15:20:16.278583,134
D_STR07186,D_U0100,D0037,2026-02-06 01:34:21.875023,57
D_STR07187,D_U0100,D0038,2026-02-01 07:59:42.064777,64
D_STR07188,D_U0100,D0042,2026-02-11 01:21:55.045323,265
D_STR07189,D_U0039,D0023,2026-02-13 02:39:16.562477,222
D_STR07190,D_U0043,D0034,2026-02-28 21:41:31.915310,199
D_STR07191,D_U0011,D0050,2026-02-21 16:12:22.677272,65
D_STR07192,D_U0031,D0030,2026-02-14 22:13:11.477385,82
D_STR07193,D_U0078,D0016,2026-02-28 23:54:18.039649,261
D_STR07194,D_U0046,D0035,2026-02-16 09:56:26.369699,224
D_STR07195,D_U0082,D0050,2026-02-23 23:56:01.263741,326
D_STR07196,D_U0060,D0047,2026-02-23 00:25:46.792027,245
D_STR07197,D_U0078,D0031,2026-02-17 19:05:28.890021,17
D_STR07198,D_U0023,D0038,2026-02-11 05:07:38.280858,141
D_STR07199,D_U0039,D0046,2026-02-25 21:42:01.625131,71
D_STR07200,D_U0098,D0015,2026-02-14 09:42:45.582550,249
D_STR07201,D_U0064,D0012,2026-02-21 12:44:54.708236,97
D_STR07202,D_U0077,D0019,2026-02-18 00:25:50.522480,8
D_STR07203,D_U0083,D0028,2026-01-31 11:55:08.759247,10
D_STR07204,D_U0038,D0011,2026-02-15 03:52:11.970318,71
D_STR07205,D_U0091,D0032,2026-02-02 08:30:14.247380,131
D_STR07206,D_U0007,D0042,2026-03-02 11:06:56.966168,260
D_STR07207,D_U0062,D0027,2026-02-10 08:43:40.797769,7
D_STR07208,D_U0030,D0041,2026-02-03 00:08:16.188702,62
D_STR07209,D_U0064,D0048,2026-02-25 05:26:29.531192,120
D_STR07210,D_U0095,D0018,2026-02-05 03:59:43.357257,216
D_STR07211,D_U0054,D0033,2026-02-04 03:29:19.484911,57
D_STR07212,D_U0023,D0030,2026-02-03 06:31:13.998037,107
D_STR07213,D_U0006,D0036,2026-02-04 02:59:56.850121,308
D_STR07214,D_U0062,D0012,2026-02-12 07:56:30.212803,72
D_STR07215,D_U0075,D0015,2026-02-09 00:07:25.308028,114
D_STR07216,D_U0041,D0010,2026-02-28 14:14:28.576020,187
D_STR07217,D_U0083,D0040,2026-02-01 07:35:48.305828,56
D_STR07218,D_U0074,D0035,2026-02-19 07:24:53.275633,16
D_STR07219,D_U0055,D0023,2026-02-18 20:45:40.922622,213
D_STR07220,D_U0017,D0021,2026-02-01 16:33:41.131658,160
D_STR07221,D_U0033,D0045,2026-02-02 13:02:43.375334,150
D_STR07222,D_U0054,D0020,2026-02-23 22:58:55.849108,124
D_STR07223,D_U0029,D0030,2026-02-02 04:23:08.692394,48
D_STR07224,D_U0055,D0040,2026-02-06 07:32:00.805746,81
D_STR07225,D_U0086,D0034,2026-02-24 19:54:42.760284,183
D_STR07226,D_U0052,D0032,2026-02-17 12:21:54.589190,249
D_STR07227,D_U0079,D0036,2026-02-18 06:41:17.657470,70
D_STR07228,D_U0098,D0048,2026-02-22 15:53:30.795689,208
D_STR07229,D_U0090,D0013,2026-02-03 05:32:33.765574,27
D_STR07230,D_U0033,D0050,2026-02-19 01:11:21.372656,256
D_STR07231,D_U0076,D0034,2026-02-10 14:01:23.203055,46
D_STR07232,D_U0038,D0027,2026-03-01 01:57:52.121802,38
D_STR07233,D_U0014,D0005,2026-02-18 03:34:39.652404,179
D_STR07234,D_U0017,D0020,2026-02-05 02:22:48.201623,145
D_STR07235,D_U0050,D0026,2026-02-26 21:53:00.437526,75
D_STR07236,D_U0019,D0039,2026-02-20 03:49:45.886738,274
D_STR07237,D_U0051,D0028,2026-03-01 21:26:15.916696,5
D_STR07238,D_U0031,D0035,2026-02-07 16:38:09.546533,60
D_STR07239,D_U0006,D0039,2026-02-13 06:21:25.390134,6
D_STR07240,D_U0014,D0016,2026-02-09 23:48:33.239480,125
D_STR07241,D_U0086,D0019,2026-02-06 07:45:58.839516,50
D_STR07242,D_U0013,D0049,2026-02-08 10:20:11.873153,109
D_STR07243,D_U0024,D0022,2026-02-28 12:15:41.987813,71
D_STR07244,D_U0016,D0048,2026-02-09 01:29:31.646857,43
D_STR07245,D_U0057,D0011,2026-02-28 09:33:00.371079,147
D_STR07246,D_U0002,D0038,2026-02-18 17:49:47.371443,37
D_STR07247,D_U0051,D0026,2026-02-08 12:10:22.056200,40
D_STR07248,D_U0091,D0031,2026-03-02 06:42:16.962506,145
D_STR07249,D_U0098,D0042,2026-02-05 10:50:03.817477,254
D_STR07250,D_U0096,D0007,2026-02-21 13:40:16.338162,280
D_STR07251,D_U0007,D0027,2026-01-31 20:07:03.308903,172
D_STR07252,D_U0086,D0038,2026-02-11 05:36:14.561136,171
D_STR07253,D_U0093,D0038,2026-03-02 02:51:48.246497,60
D_STR07254,D_U0019,D0047,2026-02-12 00:44:34.717798,95
D_STR07255,D_U0096,D0024,2026-02-25 07:22:11.742407,112
D_STR07256,D_U0054,D0049,2026-02-17 22:54:06.535248,37
D_STR07257,D_U0017,D0049,2026-02-10 21:43:46.762021,106
D_STR07258,D_U0047,D0029,2026-02-23 12:19:41.585136,149
D_STR07259,D_U0016,D0025,2026-02-12 23:11:18.985643,93
D_STR07260,D_U0038,D0047,2026-02-11 05:28:16.362678,66
D_STR07261,D_U0076,D0030,2026-02-21 07:04:49.244634,141
D_STR07262,D_U0067,D0041,2026-02-16 22:08:21.197268,240
D_STR07263,D_U0066,D0034,2026-02-13 08:55:24.394460,11
D_STR07264,D_U0073,D0048,2026-02-17 18:02:55.441022,38
D_STR07265,D_U0059,D0026,2026-02-04 01:25:07.980443,146
D_STR07266,D_U0006,D0047,2026-02-22 02:59:50.498879,257
D_STR07267,D_U0096,D0049,2026-02-01 23:46:41.292549,119
D_STR07268,D_U0040,D0049,2026-02-23 06:54:03.672857,111
D_STR07269,D_U0092,D0043,2026-03-02 02:36:26.446965,133
D_STR07270,D_U0006,D0050,2026-02-17 15:18:11.267198,332
D_STR07271,D_U0079,D0034,2026-02-05 01:37:16.342488,5
D_STR07272,D_U0099,D0044,2026-02-02 18:18:27.286917,321
D_STR07273,D_U0084,D0025,2026-02-04 14:26:36.839630,179
D_STR07274,D_U0082,D0020,2026-02-01 06:44:47.739509,30
D_STR07275,D_U0079,D0048,2026-02-03 00:33:22.334004,119
D_STR07276,D_U0070,D0036,2026-02-19 15:00:33.069602,169
D_STR07277,D_U0058,D0020,2026-02-17 00:40:16.173691,11
D_STR07278,D_U0096,D0049,2026-02-14 15:23:48.505258,112
D_STR07279,D_U0030,D0037,2026-02-10 04:47:50.266888,52
D_STR07280,D_U0012,D0043,2026-02-27 22:55:19.510853,139
D_STR07281,D_U0029,D0045,2026-02-28 22:12:58.540748,137
D_STR07282,D_U0019,D0030,2026-02-06 16:09:45.568667,141
D_STR07283,D_U0060,D0049,2026-02-24 10:39:16.869158,105
D_STR07284,D_U0099,D0001,2026-02-19 02:46:42.137333,146
D_STR07285,D_U0039,D0033,2026-02-17 17:35:48.459343,134
D_STR07286,D_U0028,D0045,2026-02-14 16:37:38.735942,166
D_STR07287,D_U0058,D0021,2026-02-06 21:05:04.315025,7
D_STR07288,D_U0075,D0050,2026-02-13 06:16:16.476219,338
D_STR07289,D_U0067,D0044,2026-02-22 10:05:26.434135,262
D_STR07290,D_U0083,D0015,2026-02-12 05:44:56.119724,65
D_STR07291,D_U0033,D0049,2026-02-20 06:28:40.666796,39
D_STR07292,D_U0070,D0032,2026-02-18 04:43:47.657461,28
D_STR07293,D_U0009,D0025,2026-02-28 01:24:52.386743,129
D_STR07294,D_U0061,D0045,2026-02-08 09:20:02.055821,100
D_STR07295,D_U0015,D0043,2026-02-06 06:01:55.841001,98
D_STR07296,D_U0023,D0043,2026-02-09 03:09:03.576588,63
D_STR07297,D_U0027,D0034,2026-02-13 10:32:37.081553,119
D_STR07298,D_U0005,D0047,2026-02-17 16:38:06.716531,125
D_STR07299,D_U0042,D0026,2026-02-07 12:09:31.078047,86
D_STR07300,D_U0041,D0024,2026-02-24 16:45:09.878365,191
D_STR07301,D_U0094,D0031,2026-02-21 20:41:54.490225,81
D_STR07302,D_U0012,D0029,2026-02-27 08:34:28.064044,121
D_STR07303,D_U0053,D0021,2026-02-06 13:59:38.018642,243
D_STR07304,D_U0015,D0034,2026-02-08 08:28:32.806458,138
D_STR07305,D_U0013,D0046,2026-02-21 08:29:59.539380,93
D_STR07306,D_U0099,D0023,2026-02-12 00:46:33.817055,45
D_STR07307,D_U0077,D0050,2026-02-01 18:18:36.258045,229
D_STR07308,D_U0081,D0042,2026-02-18 08:32:29.821260,79
D_STR07309,D_U0034,D0042,2026-02-22 07:17:30.117904,47
D_STR07310,D_U0040,D0050,2026-02-02 23:22:02.069301,226
D_STR07311,D_U0093,D0047,2026-02-28 16:41:41.505752,160
D_STR07312,D_U0050,D0017,2026-02-04 11:34:57.838506,50
D_STR07313,D_U0017,D0039,2026-02-22 20:17:42.005925,210
D_STR07314,D_U0061,D0043,2026-02-04 23:28:54.332387,36
D_STR07315,D_U0010,D0040,2026-02-06 05:31:54.691307,132
D_STR07316,D_U0035,D0034,2026-03-01 02:30:47.651453,64
D_STR07317,D_U0013,D0026,2026-02-01 23:28:39.149458,203
D_STR07318,D_U0059,D0048,2026-02-12 15:07:33.308837,19
D_STR07319,D_U0030,D0022,2026-02-24 10:31:46.498998,164
D_STR07320,D_U0088,D0016,2026-02-26 19:51:01.988783,218
D_STR07321,D_U0067,D0044,2026-02-14 17:22:24.180513,207
D_STR07322,D_U0037,D0043,2026-02-16 11:44:16.335893,98
D_STR07323,D_U0061,D0016,2026-02-11 13:07:07.564080,52
D_STR07324,D_U0011,D0040,2026-02-06 10:47:34.194182,111
D_STR07325,D_U0054,D0050,2026-02-05 10:46:50.918423,86
D_STR07326,D_U0022,D0039,2026-02-12 20:40:53.004619,36
D_STR07327,D_U0025,D0042,2026-02-20 01:22:04.041613,86
D_STR07328,D_U0086,D0046,2026-02-07 23:51:24.049127,119
D_STR07329,D_U0018,D0032,2026-02-28 00:32:02.603045,59
D_STR07330,D_U0033,D0038,2026-02-15 18:13:57.373537,91
D_STR07331,D_U0060,D0009,2026-02-04 19:39:09.998061,13
D_STR07332,D_U0098,D0025,2026-02-23 18:14:35.148847,60
D_STR07333,D_U0013,D0048,2026-02-18 07:28:42.686641,136
D_STR07334,D_U0070,D0031,2026-02-02 13:06:04.322279,111
D_STR07335,D_U0077,D0032,2026-02-26 20:38:53.467364,190
D_STR07336,D_U0005,D0045,2026-02-27 01:45:28.076515,136
D_STR07337,D_U0026,D0039,2026-02-04 00:33:01.801037,322
D_STR07338,D_U0091,D0001,2026-02-02 14:40:56.876657,171
D_STR07339,D_U0080,D0040,2026-02-16 05:24:29.947582,39
D_STR07340,D_U0059,D0047,2026-02-04 09:25:44.679490,247
D_STR07341,D_U0088,D0040,2026-02-15 05:45:56.333502,94
D_STR07342,D_U0012,D0041,2026-02-03 10:38:11.028498,205
D_STR07343,D_U0027,D0050,2026-02-02 02:16:05.353323,35
D_STR07344,D_U0081,D0007,2026-02-25 11:38:35.818914,288
D_STR07345,D_U0067,D0027,2026-02-07 02:04:35.643965,8
D_STR07346,D_U0083,D0033,2026-02-09 14:56:07.358107,93
D_STR07347,D_U0053,D0041,2026-02-22 08:17:19.802480,137
D_STR07348,D_U0035,D0047,2026-02-15 21:48:44.617007,214
D_STR07349,D_U0077,D0042,2026-02-21 01:58:23.301885,9
D_STR07350,D_U0084,D0036,2026-02-18 02:25:06.788903,186
D_STR07351,D_U0044,D0014,2026-02-14 20:31:54.179757,60
D_STR07352,D_U0060,D0050,2026-02-11 11:50:15.076108,67
D_STR07353,D_U0004,D0033,2026-02-01 16:39:04.953494,42
D_STR07354,D_U0061,D0038,2026-02-05 13:25:10.286620,26
D_STR07355,D_U0049,D0040,2026-02-10 06:27:20.318588,82
D_STR07356,D_U0063,D0046,2026-02-24 02:51:48.191548,193
D_STR07357,D_U0049,D0028,2026-02-10 03:53:55.646428,140
D_STR07358,D_U0032,D0018,2026-02-23 23:24:54.076956,122
D_STR07359,D_U0086,D0040,2026-02-28 02:49:49.950853,62
D_STR07360,D_U0055,D0021,2026-02-07 02:41:12.811338,44
D_STR07361,D_U0070,D0027,2026-02-19 05:06:41.243128,35
D_STR07362,D_U0079,D0037,2026-01-31 14:58:54.053188,73
D_STR07363,D_U0045,D0039,2026-02-02 07:30:38.372133,48
D_STR07364,D_U0023,D0014,2026-02-01 18:10:46.528131,148
D_STR07365,D_U0015,D0049,2026-02-17 19:47:39.832992,20
D_STR07366,D_U0040,D0048,2026-02-14 18:14:28.965978,104
D_STR07367,D_U0044,D0013,2026-02-02 07:32:19.756824,171
D_STR07368,D_U0090,D0026,2026-02-08 19:05:23.100366,112
D_STR07369,D_U0088,D0024,2026-02-20 05:21:55.141153,278
D_STR07370,D_U0020,D0025,2026-02-21 10:09:01.575724,203
D_STR07371,D_U0083,D0034,2026-02-08 05:21:21.399760,77
D_STR07372,D_U0096,D0048,2026-02-07 06:59:10.411402,122
D_STR07373,D_U0034,D0016,2026-02-15 00:32:01.646193,255
D_STR07374,D_U0035,D0042,2026-02-06 00:57:58.577469,20
D_STR07375,D_U0051,D0028,2026-02-18 08:01:14.204929,68
D_STR07376,D_U0024,D0019,2026-02-13 01:14:39.827716,332
D_STR07377,D_U0035,D0023,2026-01-31 13:06:32.416260,18
D_STR07378,D_U0084,D0030,2026-02-23 15:26:55.641446,23
D_STR07379,D_U0040,D0009,2026-02-04 16:57:47.397895,123
D_STR07380,D_U0011,D0040,2026-02-10 09:33:02.106568,61
D_STR07381,D_U0061,D0045,2026-02-18 01:38:16.082134,57
D_STR07382,D_U0049,D0035,2026-02-10 08:33:11.646047,80
D_STR07383,D_U0076,D0013,2026-02-18 18:13:17.809043,72
D_STR07384,D_U0017,D0049,2026-02-04 03:16:16.528484,8
D_STR07385,D_U0062,D0023,2026-03-01 20:31:21.648485,192
D_STR07386,D_U0027,D0038,2026-02-27 15:16:53.161020,43
D_STR07387,D_U0045,D0036,2026-02-25 07:01:32.103475,257
D_STR07388,D_U0083,D0037,2026-02-18 04:14:23.987849,122
D_STR07389,D_U0024,D0035,2026-02-01 14:08:53.962695,117
D_STR07390,D_U0037,D0044,2026-02-10 19:22:49.667662,278
D_STR07391,D_U0006,D0049,2026-02-05 21:10:18.440716,26
D_STR07392,D_U0016,D0045,2026-02-26 23:03:06.612023,189
D_STR07393,D_U0043,D0042,2026-02-26 23:11:42.242444,58
D_STR07394,D_U0009,D0050,2026-02-16 00:30:01.528240,65
D_STR07395,D_U0085,D0044,2026-02-18 23:26:42.119208,51
D_STR07396,D_U0052,D0030,2026-02-27 22:37:52.445070,144
D_STR07397,D_U0085,D0035,2026-02-16 12:43:40.949830,16
D_STR07398,D_U0068,D0012,2026-02-24 02:57:09.814253,148
D_STR07399,D_U0023,D0050,2026-02-02 05:37:58.944145,53
D_STR07400,D_U0058,D0032,2026-02-24 21:33:31.065114,113
D_STR07401,D_U0058,D0021,2026-02-03 00:59:51.114632,201
D_STR07402,D_U0054,D0031,2026-02-19 10:28:55.007654,94
D_STR07403,D_U0068,D0044,2026-02-09 16:29:44.806160,123
D_STR07404,D_U0072,D0040,2026-02-13 10:51:10.897998,118
D_STR07405,D_U0016,D0037,2026-02-15 07:56:37.622741,107
D_STR07406,D_U0045,D0024,2026-02-25 19:31:04.810408,204
D_STR07407,D_U0048,D0035,2026-02-11 13:38:51.400643,181
D_STR07408,D_U0044,D0021,2026-02-23 06:49:13.198561,271
D_STR07409,D_U0027,D0023,2026-02-13 18:42:24.561780,91
D_STR07410,D_U0086,D0048,2026-02-10 18:02:53.398741,168
D_STR07411,D_U0095,D0024,2026-02-24 14:25:25.524555,172
D_STR07412,D_U0013,D0043,2026-02-07 16:05:59.316824,85
D_STR07413,D_U0004,D0025,2026-02-12 14:14:32.978589,145
D_STR07414,D_U0060,D0021,2026-02-07 01:15:38.722966,266
D_STR07415,D_U0047,D0010,2026-02-01 07:34:35.578286,223
D_STR07416,D_U0061,D0007,2026-02-20 23:36:44.134769,160
D_STR07417,D_U0062,D0026,2026-02-23 09:02:12.001747,67
D_STR07418,D_U0086,D0031,2026-02-13 05:05:04.575100,76
D_STR07419,D_U0093,D0050,2026-02-16 09:49:18.535174,36
D_STR07420,D_U0046,D0034,2026-02-07 18:35:12.796015,206
D_STR07421,D_U0087,D0046,2026-02-15 00:37:24.277616,80
D_STR07422,D_U0012,D0034,2026-02-02 01:27:26.521383,85
D_STR07423,D_U0044,D0028,2026-02-25 01:44:06.759232,244
D_STR07424,D_U0024,D0048,2026-02-09 18:41:30.054879,65
D_STR07425,D_U0016,D0042,2026-02-28 14:09:56.879830,86
D_STR07426,D_U0055,D0048,2026-02-05 08:09:47.385203,156
D_STR07427,D_U0028,D0041,2026-02-13 16:00:16.671454,88
D_STR07428,D_U0012,D0045,2026-02-28 04:47:57.587894,35
D_STR07429,D_U0019,D0023,2026-02-24 14:53:57.933432,163
D_STR07430,D_U0016,D0032,2026-02-09 01:07:41.467012,288
D_STR07431,D_U0020,D0009,2026-02-16 19:40:16.826752,166
D_STR07432,D_U0084,D0048,2026-02-06 21:10:48.744849,263
D_STR07433,D_U0029,D0019,2026-02-15 21:42:32.177865,206
D_STR07434,D_U0060,D0024,2026-02-04 03:35:27.341094,321
D_STR07435,D_U0002,D0043,2026-02-05 13:36:20.231377,130
D_STR07436,D_U0035,D0039,2026-02-07 00:39:47.372517,124
D_STR07437,D_U0047,D0030,2026-02-20 15:48:48.312966,44
D_STR07438,D_U0098,D0037,2026-01-31 21:03:48.327962,129
D_STR07439,D_U0026,D0045,2026-02-10 23:13:29.101851,97
D_STR07440,D_U0040,D0047,2026-02-01 05:19:35.988996,217
D_STR07441,D_U0008,D0045,2026-02-03 15:34:54.915480,54
D_STR07442,D_U0007,D0009,2026-02-28 04:06:54.631065,141
D_STR07443,D_U0061,D0038,2026-02-23 08:40:43.345563,167
D_STR07444,D_U0092,D0038,2026-02-22 07:04:53.025043,41
D_STR07445,D_U0058,D0030,2026-02-21 09:25:10.995835,67
D_STR07446,D_U0037,D0044,2026-02-02 21:27:35.880710,156
D_STR07447,D_U0042,D0047,2026-02-18 03:22:56.204882,168
D_STR07448,D_U0021,D0043,2026-02-11 01:53:32.398321,131
D_STR07449,D_U0009,D0047,2026-02-08 13:50:00.253092,170
D_STR07450,D_U0058,D0047,2026-02-20 02:39:33.877590,164
D_STR07451,D_U0046,D0043,2026-02-11 12:18:10.995637,95
D_STR07452,D_U0009,D0037,2026-02-15 12:20:57.843413,122
D_STR07453,D_U0089,D0045,2026-02-08 03:07:24.014332,69
D_STR07454,D_U0033,D0050,2026-02-09 14:29:48.017968,14
D_STR07455,D_U0026,D0008,2026-02-01 20:41:12.418054,129
D_STR07456,D_U0051,D0024,2026-02-18 08:40:00.455861,254
D_STR07457,D_U0025,D0049,2026-02-02 21:37:12.077052,27
D_STR07458,D_U0064,D0050,2026-02-25 21:00:15.010380,98
D_STR07459,D_U0051,D0021,2026-02-10 16:16:40.701313,113
D_STR07460,D_U0082,D0029,2026-02-13 02:37:25.085034,297
D_STR07461,D_U0089,D0030,2026-02-12 03:03:27.722726,68
D_STR07462,D_U0026,D0047,2026-02-27 06:41:05.212135,112
D_STR07463,D_U0030,D0050,2026-02-24 12:43:52.760754,157
D_STR07464,D_U0047,D0040,2026-02-12 10:56:27.837113,87
D_STR07465,D_U0029,D0043,2026-02-23 08:27:52.297373,103
D_STR07466,D_U0055,D0043,2026-02-16 01:39:18.684706,40
D_STR07467,D_U0012,D0039,2026-03-01 00:32:33.148826,323
D_STR07468,D_U0076,D0005,2026-02-17 19:19:19.029986,202
D_STR07469,D_U0075,D0031,2026-03-01 05:27:00.839209,133
D_STR07470,D_U0020,D0046,2026-02-05 03:38:09.931427,105
D_STR07471,D_U0027,D0029,2026-02-22 20:31:25.708869,290
D_STR07472,D_U0003,D0021,2026-02-27 03:06:45.452535,122
D_STR07473,D_U0077,D0034,2026-03-01 08:34:40.205929,187
D_STR07474,D_U0073,D0045,2026-02-14 19:59:13.049599,146
D_STR07475,D_U0081,D0040,2026-02-24 09:04:38.721957,126
D_STR07476,D_U0052,D0028,2026-02-18 04:57:59.540524,268
D_STR07477,D_U0098,D0012,2026-02-21 04:25:07.934645,103
D_STR07478,D_U0018,D0047,2026-01-31 18:36:45.293214,61
D_STR07479,D_U0050,D0032,2026-03-01 04:09:20.265684,119
D_STR07480,D_U0040,D0044,2026-02-10 09:59:14.247925,308
D_STR07481,D_U0006,D0046,2026-02-17 15:47:03.581428,15
D_STR07482,D_U0007,D0042,2026-02-17 20:25:17.601958,125
D_STR07483,D_U0053,D0017,2026-02-12 08:07:10.453217,5
D_STR07484,D_U0097,D0020,2026-02-20 07:25:14.298096,46
D_STR07485,D_U0092,D0050,2026-02-18 02:39:55.903380,293
D_STR07486,D_U0078,D0037,2026-02-02 18:55:25.859426,92
D_STR07487,D_U0086,D0022,2026-02-17 21:22:45.285566,193
D_STR07488,D_U0007,D0021,2026-02-28 01:21:44.655292,28
D_STR07489,D_U0006,D0042,2026-02-20 11:39:03.576490,164
D_STR07490,D_U0065,D0050,2026-02-02 14:04:53.346220,159
D_STR07491,D_U0072,D0044,2026-02-16 14:47:04.695534,105
D_STR07492,D_U0066,D0010,2026-02-12 10:08:49.693508,122
D_STR07493,D_U0083,D0016,2026-02-08 02:00:07.410424,239
D_STR07494,D_U0024,D0047,2026-02-03 06:19:45.028847,204
D_STR07495,D_U0058,D0020,2026-02-26 12:16:23.960977,74
D_STR07496,D_U0007,D0038,2026-01-31 22:32:10.402520,23
D_STR07497,D_U0034,D0020,2026-02-17 21:49:41.201483,160
D_STR07498,D_U0017,D0023,2026-02-27 01:29:45.152389,52
D_STR07499,D_U0067,D0012,2026-02-19 16:10:52.254341,91
D_STR07500,D_U0042,D0037,2026-02-20 14:38:28.013622,22
D_STR07501,D_U0071,D0043,2026-02-02 23:08:34.469151,105
D_STR07502,D_U0064,D0023,2026-02-08 21:49:28.936940,146
D_STR07503,D_U0082,D0035,2026-02-17 04:42:34.739717,225
D_STR07504,D_U0086,D0044,2026-02-06 17:32:13.001965,234
D_STR07505,D_U0068,D0044,2026-03-01 14:52:37.532659,93
D_STR07506,D_U0076,D0039,2026-02-15 02:45:07.929450,140
D_STR07507,D_U0071,D0037,2026-01-31 23:19:30.267672,123
D_STR07508,D_U0060,D0023,2026-02-27 15:19:22.276461,192
D_STR07509,D_U0040,D0012,2026-02-06 10:53:32.036261,18
D_STR07510,D_U0066,D0033,2026-02-17 13:49:43.884036,101
D_STR07511,D_U0013,D0024,2026-02-12 23:25:47.609396,172
D_STR07512,D_U0061,D0039,2026-02-22 07:51:17.919901,190
D_STR07513,D_U0005,D0050,2026-02-27 06:56:07.998206,273
D_STR07514,D_U0054,D0036,2026-02-09 16:57:15.200087,223
D_STR07515,D_U0018,D0047,2026-02-06 09:57:03.377639,146
D_STR07516,D_U0014,D0026,2026-02-08 18:36:04.242529,239
D_STR07517,D_U0086,D0046,2026-02-02 05:04:27.903472,139
D_STR07518,D_U0012,D0039,2026-02-25 12:17:43.517206,193
D_STR07519,D_U0089,D0045,2026-02-20 18:27:52.064753,107
D_STR07520,D_U0085,D0027,2026-02-25 20:15:42.580289,133
D_STR07521,D_U0036,D0004,2026-02-16 17:22:03.610481,84
D_STR07522,D_U0046,D0022,2026-03-02 03:48:02.911660,175
D_STR07523,D_U0041,D0014,2026-02-04 03:35:00.804222,300
D_STR07524,D_U0016,D0050,2026-02-04 12:33:19.691185,42
D_STR07525,D_U0031,D0046,2026-02-26 09:35:10.036568,55
D_STR07526,D_U0004,D0029,2026-02-28 08:49:38.233417,203
D_STR07527,D_U0075,D0047,2026-02-11 21:53:22.725261,149
D_STR07528,D_U0069,D0048,2026-02-20 04:16:06.745071,257
D_STR07529,D_U0087,D0031,2026-02-24 17:57:30.791785,52
D_STR07530,D_U0076,D0035,2026-02-28 07:10:40.117127,251
D_STR07531,D_U0069,D0031,2026-02-16 22:32:27.315798,75
D_STR07532,D_U0004,D0031,2026-02-15 23:09:49.453020,76
D_STR07533,D_U0066,D0032,2026-02-11 12:26:35.822106,280
D_STR07534,D_U0097,D0004,2026-02-22 16:16:24.519088,167
D_STR07535,D_U0015,D0044,2026-02-18 05:53:09.407753,49
D_STR07536,D_U0083,D0018,2026-02-22 03:27:12.937549,96
D_STR07537,D_U0048,D0009,2026-02-09 21:15:06.004381,17
D_STR07538,D_U0003,D0049,2026-02-18 22:07:45.717797,24
D_STR07539,D_U0094,D0025,2026-02-05 08:09:28.339114,161
D_STR07540,D_U0051,D0024,2026-02-05 11:28:03.889071,163
D_STR07541,D_U0033,D0045,2026-02-02 17:48:09.443591,150
D_STR07542,D_U0028,D0042,2026-01-31 13:41:12.684353,87
D_STR07543,D_U0028,D0030,2026-02-16 09:25:07.584713,136
D_STR07544,D_U0088,D0008,2026-01-31 19:58:22.679241,322
D_STR07545,D_U0098,D0043,2026-02-15 00:34:47.566286,64
D_STR07546,D_U0076,D0025,2026-02-13 14:30:16.065959,9
D_STR07547,D_U0063,D0045,2026-02-11 15:39:34.511153,97
D_STR07548,D_U0015,D0025,2026-02-11 16:48:10.697440,63
D_STR07549,D_U0097,D0021,2026-02-17 23:27:27.151413,35
D_STR07550,D_U0046,D0047,2026-02-14 06:09:30.499751,274
D_STR07551,D_U0017,D0012,2026-02-18 07:38:41.955995,63
D_STR07552,D_U0038,D0044,2026-02-13 07:52:33.477866,221
D_STR07553,D_U0023,D0023,2026-02-17 20:03:30.125420,175
D_STR07554,D_U0038,D0042,2026-02-13 15:38:42.949998,75
D_STR07555,D_U0029,D0045,2026-02-13 03:22:50.860076,145
D_STR07556,D_U0055,D0042,2026-02-09 06:59:35.414262,200
D_STR07557,D_U0021,D0039,2026-02-04 21:41:35.906751,308
D_STR07558,D_U0036,D0045,2026-02-14 19:19:28.398269,134
D_STR07559,D_U0065,D0029,2026-02-24 10:45:19.406577,246
D_STR07560,D_U0033,D0045,2026-02-18 00:21:22.981878,73
D_STR07561,D_U0065,D0041,2026-02-08 21:43:58.667493,107
D_STR07562,D_U0100,D0047,2026-02-11 09:56:08.657792,288
D_STR07563,D_U0039,D0012,2026-02-24 15:57:23.136560,93
D_STR07564,D_U0060,D0024,2026-02-04 14:49:00.896155,174
D_STR07565,D_U0040,D0035,2026-02-20 20:36:37.912786,32
D_STR07566,D_U0075,D0017,2026-02-04 23:55:48.509426,84
D_STR07567,D_U0072,D0039,2026-02-15 04:37:25.730968,159
D_STR07568,D_U0001,D0031,2026-02-13 20:32:46.431299,61
D_STR07569,D_U0063,D0050,2026-02-13 13:55:45.935253,273
D_STR07570,D_U0031,D0039,2026-02-20 03:18:44.279617,329
D_STR07571,D_U0083,D0034,2026-02-21 05:17:42.140206,202
D_STR07572,D_U0049,D0026,2026-02-13 07:42:21.479278,230
D_STR07573,D_U0012,D0043,2026-02-21 02:55:41.320467,7
D_STR07574,D_U0038,D0043,2026-02-22 05:33:40.279125,83
D_STR07575,D_U0059,D0041,2026-02-01 11:38:42.669327,199
D_STR07576,D_U0018,D0028,2026-02-13 09:29:09.129136,41
D_STR07577,D_U0086,D0048,2026-02-06 13:53:56.725137,92
D_STR07578,D_U0021,D0035,2026-02-11 10:35:43.373657,78
D_STR07579,D_U0055,D0037,2026-02-04 20:19:32.872041,109
D_STR07580,D_U0023,D0035,2026-02-17 22:17:47.924560,33
D_STR07581,D_U0011,D0007,2026-02-18 11:58:53.371771,47
D_STR07582,D_U0011,D0014,2026-02-09 22:52:23.209057,190
D_STR07583,D_U0083,D0048,2026-02-04 21:27:52.856479,135
D_STR07584,D_U0100,D0027,2026-02-11 11:56:42.179049,86
D_STR07585,D_U0022,D0038,2026-02-06 03:13:02.902206,5
D_STR07586,D_U0053,D0044,2026-02-13 16:34:09.240460,7
D_STR07587,D_U0053,D0035,2026-02-18 18:14:46.413588,197
D_STR07588,D_U0061,D0027,2026-02-01 01:59:47.614108,140
D_STR07589,D_U0020,D0032,2026-02-24 01:54:05.724590,169
D_STR07590,D_U0053,D0039,2026-02-12 19:33:05.102997,20
D_STR07591,D_U0016,D0025,2026-02-09 08:01:58.259024,133
D_STR07592,D_U0060,D0022,2026-02-05 15:19:40.255804,84
D_STR07593,D_U0087,D0050,2026-02-13 20:46:56.931823,100
D_STR07594,D_U0064,D0050,2026-02-10 00:25:42.729480,31
D_STR07595,D_U0099,D0049,2026-02-12 08:07:02.985730,87
D_STR07596,D_U0003,D0042,2026-02-12 17:59:49.571360,153
D_STR07597,D_U0015,D0036,2026-02-28 12:23:50.602338,232
D_STR07598,D_U0093,D0028,2026-02-01 20:53:52.343386,223
D_STR07599,D_U0004,D0049,2026-02-03 12:16:12.183774,38
D_STR07600,D_U0013,D0038,2026-02-01 08:26:43.448000,86
D_STR07601,D_U0028,D0025,2026-02-19 15:53:19.748855,153
D_STR07602,D_U0048,D0028,2026-02-08 13:20:03.522291,154
D_STR07603,D_U0039,D0037,2026-02-18 04:24:22.542571,49
D_STR07604,D_U0051,D0038,2026-02-02 20:51:17.224433,28
D_STR07605,D_U0057,D0011,2026-02-16 10:44:57.263296,110
D_STR07606,D_U0057,D0017,2026-02-20 09:48:05.042684,53
D_STR07607,D_U0017,D0049,2026-02-11 01:36:01.074133,10
D_STR07608,D_U0056,D0030,2026-02-06 08:26:06.105344,50
D_STR07609,D_U0004,D0023,2026-02-06 00:47:20.020741,219
D_STR07610,D_U0034,D0047,2026-02-25 15:31:40.057963,267
D_STR07611,D_U0052,D0041,2026-02-17 06:21:54.156595,200
D_STR07612,D_U0077,D0039,2026-02-03 16:40:45.539771,38
D_STR07613,D_U0069,D0045,2026-02-25 18:02:01.742585,166
D_STR07614,D_U0077,D0027,2026-02-07 09:53:06.281544,246
D_STR07615,D_U0096,D0043,2026-03-01 01:09:47.972172,90
D_STR07616,D_U0013,D0050,2026-02-21 21:17:34.889109,33
D_STR07617,D_U0093,D0042,2026-02-03 01:22:46.574998,112
D_STR07618,D_U0065,D0035,2026-02-24 17:36:17.673061,223
D_STR07619,D_U0026,D0031,2026-02-06 15:12:07.631528,28
D_STR07620,D_U0025,D0037,2026-02-14 22:59:29.367213,23
D_STR07621,D_U0078,D0039,2026-02-11 18:13:58.725257,200
D_STR07622,D_U0069,D0025,2026-02-09 17:24:18.729037,37
D_STR07623,D_U0068,D0042,2026-02-11 17:10:45.869597,146
D_STR07624,D_U0030,D0042,2026-02-13 03:01:26.785527,106
D_STR07625,D_U0019,D0036,2026-02-27 16:10:18.545533,120
D_STR07626,D_U0067,D0037,2026-02-19 18:47:51.300595,16
D_STR07627,D_U0093,D0026,2026-02-06 02:12:07.832588,149
D_STR07628,D_U0050,D0026,2026-02-11 11:33:59.080397,92
D_STR07629,D_U0060,D0049,2026-02-07 21:29:07.847754,60
D_STR07630,D_U0024,D0036,2026-02-01 19:46:27.962395,229
D_STR07631,D_U0011,D0048,2026-02-03 20:49:54.789577,76
D_STR07632,D_U0096,D0040,2026-02-25 19:46:42.901942,99
D_STR07633,D_U0079,D0048,2026-02-13 22:06:34.033638,205
D_STR07634,D_U0050,D0044,2026-02-17 14:52:23.923114,153
D_STR07635,D_U0069,D0037,2026-03-01 22:05:37.293036,36
D_STR07636,D_U0097,D0027,2026-02-11 23:29:50.097752,69
D_STR07637,D_U0018,D0011,2026-02-17 12:20:17.470722,135
D_STR07638,D_U0074,D0049,2026-02-26 05:33:07.996708,23
D_STR07639,D_U0016,D0049,2026-02-19 20:06:55.862004,74
D_STR07640,D_U0051,D0043,2026-02-09 03:34:34.446628,45
D_STR07641,D_U0003,D0042,2026-02-15 07:45:19.092348,239
D_STR07642,D_U0011,D0006,2026-02-18 03:30:22.669250,142
D_STR07643,D_U0005,D0050,2026-02-24 16:16:34.429527,304
D_STR07644,D_U0095,D0034,2026-02-16 10:25:27.088438,195
D_STR07645,D_U0051,D0043,2026-01-31 14:05:39.235271,24
D_STR07646,D_U0006,D0038,2026-02-22 17:09:58.714473,74
D_STR07647,D_U0020,D0041,2026-03-01 12:11:17.616736,56
D_STR07648,D_U0076,D0039,2026-02-24 04:48:39.548823,115
D_STR07649,D_U0071,D0046,2026-02-18 17:16:57.466253,16
D_STR07650,D_U0077,D0010,2026-02-16 16:37:08.958948,176
D_STR07651,D_U0034,D0044,2026-02-25 22:37:17.968365,6
D_STR07652,D_U0072,D0049,2026-03-02 01:24:48.540699,56
D_STR07653,D_U0040,D0014,2026-02-06 16:37:39.751521,265
D_STR07654,D_U0091,D0029,2026-02-08 17:20:12.121229,273
D_STR07655,D_U0009,D0040,2026-02-20 01:29:00.226955,94
D_STR07656,D_U0017,D0043,2026-02-25 11:25:37.423981,43
D_STR07657,D_U0008,D0034,2026-02-13 01:07:06.288858,227
D_STR07658,D_U0069,D0016,2026-02-24 22:49:38.349386,209
D_STR07659,D_U0028,D0020,2026-02-27 01:04:04.751050,17
D_STR07660,D_U0009,D0018,2026-02-02 07:51:47.293059,137
D_STR07661,D_U0034,D0036,2026-02-05 01:59:50.562906,54
D_STR07662,D_U0018,D0041,2026-02-01 11:54:03.773398,161
D_STR07663,D_U0048,D0021,2026-02-04 03:12:11.032992,252
D_STR07664,D_U0016,D0035,2026-02-06 04:09:57.968897,115
D_STR07665,D_U0006,D0041,2026-02-13 21:09:32.334182,237
D_STR07666,D_U0001,D0046,2026-02-12 22:19:12.648624,166
D_STR07667,D_U0007,D0042,2026-02-22 07:42:20.700800,252
D_STR07668,D_U0095,D0004,2026-02-09 07:16:44.956646,109
D_STR07669,D_U0063,D0030,2026-02-05 11:55:09.897389,80
D_STR07670,D_U0023,D0038,2026-02-01 10:07:53.774419,132
D_STR07671,D_U0008,D0015,2026-02-23 22:08:21.952886,119
D_STR07672,D_U0065,D0020,2026-02-11 16:28:36.354405,13
D_STR07673,D_U0004,D0032,2026-02-13 19:00:48.183965,64
D_STR07674,D_U0095,D0039,2026-02-19 22:26:47.605701,218
D_STR07675,D_U0069,D0021,2026-02-12 13:57:58.447487,106
D_STR07676,D_U0027,D0045,2026-02-04 19:02:39.266279,64
D_STR07677,D_U0039,D0049,2026-02-03 15:14:01.260408,36
D_STR07678,D_U0043,D0041,2026-02-27 02:30:29.310228,234
D_STR07679,D_U0029,D0050,2026-02-21 20:59:56.936158,137
D_STR07680,D_U0026,D0033,2026-02-11 15:29:49.839763,22
D_STR07681,D_U0059,D0038,2026-02-28 21:20:08.696877,45
D_STR07682,D_U0097,D0050,2026-02-03 15:16:55.753236,137
D_STR07683,D_U0051,D0048,2026-02-16 15:27:49.126902,161
D_STR07684,D_U0090,D0050,2026-02-08 23:00:02.102563,9
D_STR07685,D_U0063,D0046,2026-02-26 19:43:39.339931,59
D_STR07686,D_U0011,D0042,2026-03-02 00:02:21.086521,72
D_STR07687,D_U0028,D0021,2026-03-02 02:13:13.647194,134
D_STR07688,D_U0089,D0043,2026-02-09 08:56:06.775276,121
D_STR07689,D_U0076,D0049,2026-02-07 19:39:32.161960,88
D_STR07690,D_U0080,D0017,2026-02-04 11:38:28.023037,48
D_STR07691,D_U0034,D0043,2026-02-01 08:21:40.354528,137
D_STR07692,D_U0076,D0044,2026-02-02 12:29:50.717695,194
D_STR07693,D_U0007,D0028,2026-02-08 07:38:46.722865,132
D_STR07694,D_U0060,D0036,2026-02-12 10:29:41.815465,90
D_STR07695,D_U0028,D0046,2026-02-11 19:55:20.490137,173
D_STR07696,D_U0056,D0050,2026-02-28 10:00:27.952431,192
D_STR07697,D_U0014,D0042,2026-02-08 13:32:40.194968,235
D_STR07698,D_U0072,D0023,2026-02-26 05:42:04.954691,6
D_STR07699,D_U0096,D0043,2026-02-04 00:10:46.845509,33
D_STR07700,D_U0063,D0027,2026-02-05 09:49:30.116030,205
D_STR07701,D_U0001,D0048,2026-02-13 09:40:58.657699,45
D_STR07702,D_U0091,D0046,2026-02-19 06:12:56.721922,61
D_STR07703,D_U0028,D0034,2026-02-04 05:50:15.431450,202
D_STR07704,D_U0088,D0048,2026-02-26 21:01:53.270400,43
D_STR07705,D_U0030,D0038,2026-02-08 11:38:22.929751,146
D_STR07706,D_U0067,D0016,2026-02-13 20:56:56.375322,90
D_STR07707,D_U0051,D0047,2026-02-06 11:47:16.717505,202
D_STR07708,D_U0037,D0048,2026-02-25 17:10:57.650927,235
D_STR07709,D_U0020,D0045,2026-02-25 03:45:24.639210,68
D_STR07710,D_U0085,D0045,2026-01-31 15:38:56.351463,173
D_STR07711,D_U0012,D0042,2026-02-06 15:36:06.411958,168
D_STR07712,D_U0058,D0032,2026-02-18 04:11:35.239498,121
D_STR07713,D_U0074,D0037,2026-02-05 13:37:26.377704,36
D_STR07714,D_U0003,D0048,2026-03-01 09:13:52.673317,110
D_STR07715,D_U0028,D0050,2026-02-20 19:21:23.099684,101
D_STR07716,D_U0074,D0039,2026-02-24 07:43:45.312958,325
D_STR07717,D_U0063,D0042,2026-02-21 04:20:12.513918,212
D_STR07718,D_U0039,D0013,2026-03-01 10:07:17.260309,153
D_STR07719,D_U0010,D0042,2026-02-19 21:07:29.953496,221
D_STR07720,D_U0080,D0020,2026-02-14 23:38:55.122154,116
D_STR07721,D_U0005,D0040,2026-02-01 07:11:21.791321,14
D_STR07722,D_U0055,D0028,2026-02-03 11:39:36.251889,56
D_STR07723,D_U0017,D0022,2026-02-09 20:29:08.800701,12
D_STR07724,D_U0090,D0031,2026-02-02 23:30:59.807756,41
D_STR07725,D_U0094,D0026,2026-02-24 16:09:25.638843,251
D_STR07726,D_U0016,D0047,2026-02-24 05:55:16.836761,200
D_STR07727,D_U0019,D0024,2026-02-11 00:30:26.867419,273
D_STR07728,D_U0029,D0040,2026-02-27 00:22:34.560579,85
D_STR07729,D_U0012,D0036,2026-02-21 13:10:40.070490,6
D_STR07730,D_U0075,D0019,2026-02-21 06:53:04.387323,171
D_STR07731,D_U0014,D0045,2026-02-04 12:21:26.416698,129
D_STR07732,D_U0023,D0029,2026-02-02 05:59:14.407356,213
D_STR07733,D_U0074,D0037,2026-02-21 22:06:54.859123,40
D_STR07734,D_U0095,D0039,2026-02-03 17:05:04.871687,47
D_STR07735,D_U0055,D0041,2026-02-10 01:55:13.072766,227
D_STR07736,D_U0091,D0050,2026-02-06 02:58:59.171674,259
D_STR07737,D_U0076,D0015,2026-02-10 00:56:33.690537,207
D_STR07738,D_U0031,D0044,2026-02-02 10:22:56.175732,286
D_STR07739,D_U0021,D0029,2026-02-17 23:28:55.948472,288
D_STR07740,D_U0037,D0031,2026-02-12 15:05:04.759281,73
D_STR07741,D_U0025,D0007,2026-02-22 20:12:11.427055,137
D_STR07742,D_U0035,D0015,2026-02-23 01:12:45.031951,40
D_STR07743,D_U0017,D0043,2026-02-22 19:07:18.447793,24
D_STR07744,D_U0056,D0014,2026-02-28 06:56:37.265373,254
D_STR07745,D_U0080,D0045,2026-02-01 13:23:28.326266,10
D_STR07746,D_U0013,D0040,2026-02-17 11:42:59.614400,69
D_STR07747,D_U0033,D0040,2026-02-01 13:20:42.627733,85
D_STR07748,D_U0006,D0042,2026-02-16 11:41:20.952490,83
D_STR07749,D_U0067,D0040,2026-02-01 17:39:43.148294,25
D_STR07750,D_U0040,D0047,2026-02-26 23:50:58.732798,188
D_STR07751,D_U0021,D0041,2026-03-02 03:01:29.385818,49
D_STR07752,D_U0021,D0027,2026-02-14 04:41:30.496646,157
D_STR07753,D_U0007,D0027,2026-02-25 16:22:54.947146,208
D_STR07754,D_U0058,D0044,2026-02-25 21:43:12.552911,152
D_STR07755,D_U0069,D0050,2026-02-23 22:38:19.083086,331
D_STR07756,D_U0089,D0024,2026-02-28 04:25:04.927187,319
D_STR07757,D_U0015,D0047,2026-02-27 15:10:27.759412,229
D_STR07758,D_U0071,D0048,2026-02-23 15:12:28.175051,215
D_STR07759,D_U0054,D0047,2026-02-06 19:30:56.614000,45
D_STR07760,D_U0071,D0008,2026-02-27 12:56:12.356831,256
D_STR07761,D_U0092,D0037,2026-02-12 02:41:17.447139,15
D_STR07762,D_U0053,D0037,2026-02-20 11:56:38.665687,18
D_STR07763,D_U0089,D0045,2026-02-16 01:13:57.730669,122
D_STR07764,D_U0059,D0049,2026-02-09 14:35:37.350266,97
D_STR07765,D_U0071,D0007,2026-02-09 16:10:46.470746,301
D_STR07766,D_U0070,D0005,2026-02-03 19:34:03.739203,117
D_STR07767,D_U0001,D0018,2026-02-03 10:35:57.959571,227
D_STR07768,D_U0007,D0036,2026-02-20 01:29:15.711109,269
D_STR07769,D_U0073,D0022,2026-02-08 07:42:21.478267,24
D_STR07770,D_U0085,D0047,2026-02-02 10:36:07.144954,267
D_STR07771,D_U0067,D0024,2026-02-17 05:08:25.601041,113
D_STR07772,D_U0012,D0048,2026-02-06 10:19:02.414378,216
D_STR07773,D_U0004,D0030,2026-02-19 19:26:17.020128,50
D_STR07774,D_U0093,D0043,2026-02-23 22:47:37.247847,76
D_STR07775,D_U0087,D0029,2026-02-23 21:10:07.348569,323
D_STR07776,D_U0026,D0024,2026-02-15 07:37:31.785478,325
D_STR07777,D_U0047,D0046,2026-02-05 13:51:01.526446,17
D_STR07778,D_U0054,D0007,2026-02-21 02:36:29.363405,76
D_STR07779,D_U0082,D0032,2026-02-01 22:11:11.671213,117
D_STR07780,D_U0071,D0040,2026-02-05 19:41:01.618323,89
D_STR07781,D_U0045,D0037,2026-02-21 16:28:41.667355,73
D_STR07782,D_U0089,D0037,2026-02-27 16:00:37.474504,142
D_STR07783,D_U0067,D0047,2026-02-07 16:49:40.421162,281
D_STR07784,D_U0006,D0034,2026-02-17 01:32:11.891407,47
D_STR07785,D_U0089,D0044,2026-02-12 01:23:06.760288,115
D_STR07786,D_U0088,D0023,2026-02-28 08:25:04.668379,195
D_STR07787,D_U0059,D0044,2026-02-02 17:35:46.207970,10
D_STR07788,D_U0073,D0040,2026-02-12 22:49:54.012661,6
D_STR07789,D_U0026,D0034,2026-02-22 16:44:11.372874,135
D_STR07790,D_U0088,D0047,2026-01-31 21:01:56.787067,174
D_STR07791,D_U0056,D0018,2026-02-06 05:41:26.141819,82
D_STR07792,D_U0085,D0050,2026-02-20 22:09:31.168469,150
D_STR07793,D_U0002,D0018,2026-02-23 16:19:04.642358,56
D_STR07794,D_U0055,D0049,2026-02-05 22:29:40.568114,71
D_STR07795,D_U0013,D0035,2026-02-02 23:27:05.559245,145
D_STR07796,D_U0021,D0041,2026-03-02 10:47:21.408335,31
D_STR07797,D_U0037,D0023,2026-02-10 01:49:28.621275,238
D_STR07798,D_U0085,D0011,2026-02-03 13:42:50.026889,236
D_STR07799,D_U0061,D0008,2026-02-02 23:36:16.541399,191
D_STR07800,D_U0081,D0038,2026-02-15 15:38:49.280778,49
D_STR07801,D_U0020,D0050,2026-02-08 14:10:38.444230,305
D_STR07802,D_U0075,D0007,2026-02-12 00:45:46.771290,5
D_STR07803,D_U0081,D0047,2026-02-03 17:04:45.309017,50
D_STR07804,D_U0087,D0029,2026-02-20 22:59:39.487113,95
D_STR07805,D_U0006,D0020,2026-02-02 18:32:33.365735,37
D_STR07806,D_U0073,D0042,2026-02-04 16:42:17.838512,10
D_STR07807,D_U0040,D0031,2026-02-06 22:44:28.134094,10
D_STR07808,D_U0080,D0034,2026-02-23 22:18:02.407181,71
D_STR07809,D_U0056,D0024,2026-02-07 00:23:27.131916,227
D_STR07810,D_U0059,D0038,2026-02-25 01:50:49.208273,130
D_STR07811,D_U0079,D0034,2026-02-16 10:03:54.749069,232
D_STR07812,D_U0041,D0024,2026-02-23 09:31:51.737217,22
D_STR07813,D_U0015,D0039,2026-02-10 17:39:04.132745,108
D_STR07814,D_U0078,D0049,2026-02-02 07:54:20.943105,31
D_STR07815,D_U0054,D0025,2026-02-28 04:25:36.258803,203
D_STR07816,D_U0013,D0042,2026-02-04 02:37:05.360566,41
D_STR07817,D_U0082,D0048,2026-02-15 08:44:36.342162,247
D_STR07818,D_U0001,D0034,2026-02-20 01:54:40.092756,171
D_STR07819,D_U0008,D0050,2026-02-24 09:57:52.146167,271
D_STR07820,D_U0077,D0047,2026-02-21 00:06:27.481559,142
D_STR07821,D_U0005,D0037,2026-02-02 12:32:01.639014,33
D_STR07822,D_U0069,D0023,2026-02-17 05:43:53.823678,39
D_STR07823,D_U0005,D0038,2026-02-23 01:49:56.286890,22
D_STR07824,D_U0080,D0036,2026-02-08 16:52:21.268466,203
D_STR07825,D_U0020,D0003,2026-02-05 16:49:06.224958,104
D_STR07826,D_U0058,D0031,2026-02-02 05:36:56.781713,52
D_STR07827,D_U0064,D0037,2026-02-21 01:25:54.095629,100
D_STR07828,D_U0012,D0042,2026-02-06 15:08:22.196167,173
D_STR07829,D_U0047,D0023,2026-02-18 23:17:45.160605,143
D_STR07830,D_U0006,D0034,2026-02-10 04:53:59.573332,203
D_STR07831,D_U0003,D0050,2026-02-22 22:01:32.987678,105
D_STR07832,D_U0038,D0039,2026-02-08 18:46:11.931363,19
D_STR07833,D_U0028,D0048,2026-02-11 17:45:04.581261,130
D_STR07834,D_U0066,D0047,2026-02-15 09:01:16.490873,7
D_STR07835,D_U0058,D0039,2026-02-02 02:57:15.392465,272
D_STR07836,D_U0058,D0038,2026-02-10 12:10:47.425884,11
D_STR07837,D_U0010,D0045,2026-02-21 06:18:06.865190,140
D_STR07838,D_U0056,D0033,2026-02-11 14:12:56.865735,65
D_STR07839,D_U0041,D0038,2026-02-20 00:25:01.590583,109
D_STR07840,D_U0078,D0028,2026-02-21 06:50:54.483565,236
D_STR07841,D_U0049,D0042,2026-02-21 13:32:10.320198,83
D_STR07842,D_U0035,D0046,2026-02-26 13:06:58.267075,79
D_STR07843,D_U0100,D0043,2026-03-01 19:35:53.922445,47
D_STR07844,D_U0011,D0050,2026-02-27 07:59:44.975407,93
D_STR07845,D_U0086,D0030,2026-02-02 21:12:39.941969,112
D_STR07846,D_U0097,D0041,2026-02-26 21:27:37.363344,146
D_STR07847,D_U0027,D0045,2026-02-18 19:57:02.633565,135
D_STR07848,D_U0053,D0026,2026-02-15 03:17:37.380608,174
D_STR07849,D_U0048,D0041,2026-02-26 14:46:34.686690,238
D_STR07850,D_U0034,D0040,2026-02-09 23:42:17.133226,134
D_STR07851,D_U0046,D0039,2026-02-20 22:10:25.353762,98
D_STR07852,D_U0093,D0045,2026-02-13 06:10:49.414624,78
D_STR07853,D_U0006,D0031,2026-02-06 12:53:27.308212,91
D_STR07854,D_U0023,D0050,2026-02-01 13:46:01.775758,326
D_STR07855,D_U0066,D0042,2026-02-07 07:13:57.764641,71
D_STR07856,D_U0005,D0049,2026-02-10 23:57:17.885277,44
D_STR07857,D_U0092,D0034,2026-02-20 15:38:43.284567,71
D_STR07858,D_U0019,D0048,2026-02-02 19:30:48.730685,161
D_STR07859,D_U0050,D0041,2026-02-01 19:19:41.353301,50
D_STR07860,D_U0080,D0042,2026-02-26 11:42:43.057708,145
D_STR07861,D_U0049,D0019,2026-02-10 06:41:20.652003,121
D_STR07862,D_U0069,D0029,2026-02-26 18:06:39.369515,41
D_STR07863,D_U0076,D0034,2026-02-10 10:40:33.112585,181
D_STR07864,D_U0035,D0046,2026-02-24 12:15:22.151068,102
D_STR07865,D_U0029,D0046,2026-02-10 22:33:09.453263,98
D_STR07866,D_U0008,D0037,2026-02-23 17:29:26.069111,103
D_STR07867,D_U0048,D0023,2026-02-09 07:40:02.196457,140
D_STR07868,D_U0081,D0042,2026-02-16 11:15:58.283309,235
D_STR07869,D_U0084,D0024,2026-02-25 12:21:52.270661,240
D_STR07870,D_U0034,D0038,2026-02-17 18:05:16.535298,10
D_STR07871,D_U0007,D0043,2026-02-05 08:30:10.528184,70
D_STR07872,D_U0072,D0033,2026-02-27 15:12:59.032507,162
D_STR07873,D_U0013,D0039,2026-02-10 06:15:18.819888,163
D_STR07874,D_U0064,D0023,2026-02-03 16:56:56.139422,125
D_STR07875,D_U0008,D0031,2026-03-01 00:12:39.670095,103
D_STR07876,D_U0071,D0011,2026-02-03 04:14:11.627434,237
D_STR07877,D_U0006,D0050,2026-02-24 04:02:38.897454,137
D_STR07878,D_U0044,D0048,2026-02-09 06:31:08.909508,259
D_STR07879,D_U0094,D0046,2026-02-01 13:58:43.722010,42
D_STR07880,D_U0066,D0036,2026-02-24 11:40:38.624749,61
D_STR07881,D_U0007,D0049,2026-02-06 20:18:18.637642,35
D_STR07882,D_U0060,D0024,2026-02-25 01:04:41.199657,116
D_STR07883,D_U0084,D0036,2026-02-15 07:09:41.939857,205
D_STR07884,D_U0021,D0040,2026-02-07 08:53:35.795220,126
D_STR07885,D_U0027,D0025,2026-02-01 01:29:16.854148,35
D_STR07886,D_U0094,D0029,2026-02-15 13:02:55.197483,298
D_STR07887,D_U0033,D0047,2026-02-28 12:28:32.864196,38
D_STR07888,D_U0061,D0043,2026-02-20 17:15:27.267234,153
D_STR07889,D_U0085,D0021,2026-02-01 21:55:21.343287,52
D_STR07890,D_U0025,D0040,2026-02-21 21:45:07.221248,82
D_STR07891,D_U0099,D0006,2026-02-10 02:00:17.259681,241
D_STR07892,D_U0073,D0035,2026-02-01 15:10:07.676026,127
D_STR07893,D_U0007,D0036,2026-02-07 22:58:25.024977,201
D_STR07894,D_U0075,D0046,2026-02-06 10:17:32.670115,161
D_STR07895,D_U0035,D0050,2026-02-13 08:52:38.452687,42
D_STR07896,D_U0045,D0016,2026-02-05 23:23:58.533949,247
D_STR07897,D_U0051,D0042,2026-02-23 01:06:43.026095,195
D_STR07898,D_U0046,D0048,2026-01-31 14:59:05.464108,228
D_STR07899,D_U0014,D0030,2026-02-11 01:35:26.638809,125
D_STR07900,D_U0048,D0015,2026-02-06 23:30:07.163802,72
D_STR07901,D_U0014,D0048,2026-02-15 11:20:04.446229,117
D_STR07902,D_U0018,D0021,2026-02-06 20:48:54.101081,213
D_STR07903,D_U0047,D0035,2026-02-24 01:51:39.396202,208
D_STR07904,D_U0022,D0027,2026-02-25 11:22:44.541804,113
D_STR07905,D_U0025,D0037,2026-01-31 13:01:23.836676,38
D_STR07906,D_U0047,D0033,2026-02-25 10:11:47.785634,161
D_STR07907,D_U0020,D0048,2026-02-15 02:31:35.968339,108
D_STR07908,D_U0042,D0040,2026-02-14 15:23:13.600052,97
D_STR07909,D_U0054,D0030,2026-02-15 19:54:32.684905,131
D_STR07910,D_U0010,D0050,2026-02-20 05:11:08.423077,314
D_STR07911,D_U0080,D0033,2026-03-02 10:51:55.119526,128
D_STR07912,D_U0094,D0021,2026-03-01 14:08:57.273593,266
D_STR07913,D_U0024,D0021,2026-02-20 06:59:30.842264,133
D_STR07914,D_U0003,D0048,2026-02-08 22:44:53.459136,135
D_STR07915,D_U0083,D0048,2026-02-14 02:58:50.791191,133
D_STR07916,D_U0072,D0043,2026-02-10 13:05:23.891159,76
D_STR07917,D_U0073,D0009,2026-02-22 10:27:37.488827,23
D_STR07918,D_U0094,D0029,2026-02-10 17:12:58.546217,152
D_STR07919,D_U0002,D0016,2026-02-12 12:56:31.777270,246
D_STR07920,D_U0015,D0043,2026-02-05 01:48:50.231804,89
D_STR07921,D_U0084,D0014,2026-02-03 16:00:44.259422,290
D_STR07922,D_U0084,D0033,2026-02-15 17:54:57.983873,157
D_STR07923,D_U0052,D0045,2026-02-02 19:43:11.753242,161
D_STR07924,D_U0002,D0041,2026-02-15 03:18:42.604002,23
D_STR07925,D_U0084,D0049,2026-02-16 18:03:24.545034,90
D_STR07926,D_U0045,D0020,2026-02-25 07:44:03.407698,128
D_STR07927,D_U0089,D0033,2026-02-28 05:40:51.488672,169
D_STR07928,D_U0091,D0027,2026-03-01 10:15:12.610633,190
D_STR07929,D_U0038,D0031,2026-03-01 04:23:12.692806,110
D_STR07930,D_U0032,D0039,2026-02-20 16:22:52.451307,18
D_STR07931,D_U0046,D0037,2026-02-07 07:32:45.773883,115
D_STR07932,D_U0061,D0023,2026-02-03 17:26:45.820652,222
D_STR07933,D_U0045,D0013,2026-02-20 14:07:21.290901,166
D_STR07934,D_U0054,D0050,2026-02-20 01:44:00.599026,276
D_STR07935,D_U0082,D0033,2026-03-01 02:29:45.767330,8
D_STR07936,D_U0024,D0039,2026-02-15 13:04:29.558534,18
D_STR07937,D_U0046,D0050,2026-02-13 21:56:37.295041,51
D_STR07938,D_U0040,D0040,2026-02-27 04:17:18.481990,21
D_STR07939,D_U0009,D0039,2026-02-28 23:11:09.099539,288
D_STR07940,D_U0056,D0037,2026-02-18 05:05:16.927819,84
D_STR07941,D_U0082,D0030,2026-02-12 22:28:25.695896,53
D_STR07942,D_U0040,D0023,2026-02-26 17:55:51.926726,149
D_STR07943,D_U0052,D0045,2026-02-10 15:00:40.442226,38
D_STR07944,D_U0094,D0038,2026-02-05 02:09:00.967363,55
D_STR07945,D_U0042,D0023,2026-02-16 01:48:43.333225,65
D_STR07946,D_U0032,D0034,2026-02-10 19:41:26.515883,206
D_STR07947,D_U0054,D0033,2026-02-07 13:50:47.146770,39
D_STR07948,D_U0023,D0030,2026-02-27 02:11:08.346380,58
D_STR07949,D_U0015,D0028,2026-02-16 21:26:37.238247,140
D_STR07950,D_U0083,D0036,2026-02-08 08:05:40.366866,337
D_STR07951,D_U0072,D0040,2026-02-15 05:38:19.090150,86
D_STR07952,D_U0028,D0044,2026-02-05 04:26:07.981581,156
D_STR07953,D_U0094,D0027,2026-02-10 04:15:26.736284,19
D_STR07954,D_U0044,D0038,2026-02-07 09:12:16.259696,177
D_STR07955,D_U0006,D0016,2026-02-06 22:28:35.271716,142
D_STR07956,D_U0051,D0047,2026-02-27 08:43:30.782807,198
D_STR07957,D_U0100,D0029,2026-02-04 23:54:48.230587,228
D_STR07958,D_U0023,D0048,2026-02-16 12:25:38.825830,114
D_STR07959,D_U0096,D0028,2026-02-12 12:20:35.211024,267
D_STR07960,D_U0057,D0030,2026-02-19 01:59:48.345847,48
D_STR07961,D_U0098,D0040,2026-02-09 00:45:40.238298,100
D_STR07962,D_U0093,D0046,2026-02-18 23:45:01.473780,8
D_STR07963,D_U0002,D0049,2026-02-22 05:37:20.564278,26
D_STR07964,D_U0065,D0009,2026-02-09 15:49:55.375557,119
D_STR07965,D_U0004,D0035,2026-02-06 10:02:43.031987,297
D_STR07966,D_U0028,D0037,2026-02-05 06:16:43.647440,102
D_STR07967,D_U0057,D0050,2026-03-01 12:19:48.990437,122
D_STR07968,D_U0007,D0050,2026-02-26 03:15:10.237001,272
D_STR07969,D_U0085,D0050,2026-02-20 11:45:23.228788,315
D_STR07970,D_U0013,D0049,2026-02-23 13:07:14.061769,28
D_STR07971,D_U0062,D0010,2026-03-01 19:59:48.840780,199
D_STR07972,D_U0092,D0022,2026-02-25 19:30:30.808315,223
D_STR07973,D_U0078,D0035,2026-02-28 18:43:32.078657,150
D_STR07974,D_U0006,D0033,2026-02-17 17:50:35.407542,127
D_STR07975,D_U0037,D0016,2026-02-08 10:07:42.777662,151
D_STR07976,D_U0023,D0028,2026-02-25 03:35:57.792194,220
D_STR07977,D_U0064,D0041,2026-02-22 21:10:01.160172,251
D_STR07978,D_U0003,D0037,2026-02-18 05:58:55.870144,151
D_STR07979,D_U0012,D0006,2026-02-04 13:59:23.182680,280
D_STR07980,D_U0073,D0034,2026-02-28 16:13:42.453795,77
D_STR07981,D_U0008,D0039,2026-02-27 15:21:04.042039,65
D_STR07982,D_U0044,D0050,2026-02-06 16:29:21.835892,189
D_STR07983,D_U0028,D0041,2026-02-08 16:07:01.413582,110
D_STR07984,D_U0049,D0048,2026-03-02 07:42:33.839966,147
D_STR07985,D_U0042,D0028,2026-02-15 12:23:32.901317,145
D_STR07986,D_U0045,D0047,2026-02-11 11:46:55.186870,207
D_STR07987,D_U0042,D0043,2026-02-10 08:51:52.382396,85
D_STR07988,D_U0057,D0022,2026-02-26 16:46:29.686193,15
D_STR07989,D_U0004,D0033,2026-02-11 19:26:41.013749,40
D_STR07990,D_U0071,D0048,2026-02-18 21:45:01.354544,56
D_STR07991,D_U0036,D0015,2026-02-21 11:12:28.836051,181
D_STR07992,D_U0026,D0050,2026-02-03 12:45:14.839434,220
D_STR07993,D_U0014,D0013,2026-03-01 14:50:17.547701,86
D_STR07994,D_U0046,D0015,2026-02-11 21:20:07.839211,135
D_STR07995,D_U0076,D0022,2026-03-01 00:05:56.038203,129
D_STR07996,D_U0024,D0044,2026-02-05 10:01:36.801105,127
D_STR07997,D_U0071,D0031,2026-02-01 06:34:15.854527,87
D_STR07998,D_U0045,D0006,2026-01-31 17:23:40.151391,35
D_STR07999,D_U0075,D0035,2026-02-22 14:23:06.865228,259
D_STR08000,D_U0073,D0019,2026-02-05 22:03:30.392325,78
D_STR08001,D_U0004,D0013,2026-02-08 12:06:40.787889,140
D_STR08002,D_U0055,D0014,2026-02-12 01:44:36.750380,83
D_STR08003,D_U0053,D0024,2026-02-27 23:21:47.577128,45
D_STR08004,D_U0062,D0016,2026-02-21 18:53:25.681342,82
D_STR08005,D_U0086,D0033,2026-02-20 03:52:29.990467,63
D_STR08006,D_U0056,D0050,2026-02-22 21:21:06.707224,128
D_STR08007,D_U0026,D0040,2026-02-06 18:23:35.177020,108
D_STR08008,D_U0048,D0044,2026-02-19 07:22:13.101716,152
D_STR08009,D_U0098,D0048,2026-02-20 11:17:27.316275,59
D_STR08010,D_U0069,D0038,2026-02-12 08:49:31.510419,110
D_STR08011,D_U0001,D0041,2026-02-12 00:42:24.216103,162
D_STR08012,D_U0023,D0002,2026-02-23 23:02:27.612120,233
D_STR08013,D_U0004,D0016,2026-02-12 05:15:29.405685,18
D_STR08014,D_U0067,D0015,2026-02-20 01:35:12.468070,97
D_STR08015,D_U0064,D0048,2026-02-10 16:40:49.492419,155
D_STR08016,D_U0058,D0024,2026-02-08 05:21:39.986405,24
D_STR08017,D_U0048,D0050,2026-02-04 06:40:08.260631,282
D_STR08018,D_U0099,D0030,2026-02-10 19:14:22.539617,106
D_STR08019,D_U0096,D0043,2026-02-10 02:23:03.582549,105
D_STR08020,D_U0036,D0029,2026-02-07 04:15:54.743454,267
D_STR08021,D_U0078,D0017,2026-01-31 23:12:22.528893,43
D_STR08022,D_U0025,D0044,2026-02-11 10:12:56.187058,107
D_STR08023,D_U0097,D0044,2026-02-16 00:40:13.496899,214
D_STR08024,D_U0057,D0030,2026-02-15 07:49:53.109117,112
D_STR08025,D_U0091,D0025,2026-01-31 14:04:21.598865,61
D_STR08026,D_U0034,D0014,2026-02-06 23:49:14.438776,79
D_STR08027,D_U0013,D0016,2026-02-11 20:01:31.073886,176
D_STR08028,D_U0077,D0035,2026-02-22 04:24:24.116087,82
D_STR08029,D_U0005,D0042,2026-02-20 20:35:09.750699,165
D_STR08030,D_U0059,D0012,2026-02-08 20:14:29.175479,295
D_STR08031,D_U0028,D0021,2026-02-03 14:09:11.372408,67
D_STR08032,D_U0010,D0034,2026-02-07 03:45:57.661923,80
D_STR08033,D_U0007,D0038,2026-02-08 07:32:10.432193,50
D_STR08034,D_U0041,D0023,2026-02-25 04:13:28.432466,137
D_STR08035,D_U0018,D0032,2026-02-10 23:20:17.733843,262
D_STR08036,D_U0012,D0040,2026-02-28 07:13:33.918203,16
D_STR08037,D_U0006,D0006,2026-02-28 16:34:30.602181,277
D_STR08038,D_U0050,D0031,2026-02-21 16:30:58.194736,64
D_STR08039,D_U0069,D0026,2026-02-25 19:10:37.265967,159
D_STR08040,D_U0080,D0015,2026-02-12 20:06:38.922719,36
D_STR08041,D_U0030,D0019,2026-02-27 04:31:00.778804,257
D_STR08042,D_U0061,D0039,2026-02-14 19:20:43.228410,235
D_STR08043,D_U0070,D0046,2026-02-08 08:09:39.834007,64
D_STR08044,D_U0084,D0030,2026-02-06 19:05:04.635875,87
D_STR08045,D_U0020,D0045,2026-02-24 02:07:23.768577,117
D_STR08046,D_U0098,D0035,2026-02-17 12:12:44.011422,98
D_STR08047,D_U0080,D0032,2026-02-13 09:22:38.564283,177
D_STR08048,D_U0004,D0038,2026-02-17 04:19:59.214192,135
D_STR08049,D_U0010,D0045,2026-02-04 12:18:18.874959,20
D_STR08050,D_U0048,D0014,2026-02-22 09:05:02.378246,157
D_STR08051,D_U0035,D0004,2026-02-03 08:53:35.304785,73
D_STR08052,D_U0084,D0050,2026-02-08 22:26:40.172254,11
D_STR08053,D_U0073,D0035,2026-02-17 09:35:04.809244,306
D_STR08054,D_U0086,D0038,2026-02-22 09:38:54.480716,37
D_STR08055,D_U0080,D0048,2026-02-10 11:04:52.781575,138
D_STR08056,D_U0079,D0045,2026-02-10 01:43:24.546095,110
D_STR08057,D_U0059,D0014,2026-02-15 13:29:58.074077,185
D_STR08058,D_U0081,D0026,2026-02-03 21:05:40.137466,271
D_STR08059,D_U0023,D0021,2026-02-11 10:05:48.591459,262
D_STR08060,D_U0065,D0029,2026-02-07 04:45:02.053771,197
D_STR08061,D_U0083,D0050,2026-02-10 01:50:10.407796,320
D_STR08062,D_U0012,D0011,2026-02-04 15:16:01.219018,225
D_STR08063,D_U0014,D0037,2026-02-25 00:34:21.870232,13
D_STR08064,D_U0070,D0042,2026-02-16 05:38:30.767876,243
D_STR08065,D_U0097,D0007,2026-02-08 22:48:14.303709,246
D_STR08066,D_U0091,D0008,2026-02-22 07:45:02.369433,242
D_STR08067,D_U0081,D0040,2026-02-04 06:10:03.796360,113
D_STR08068,D_U0058,D0043,2026-03-01 04:29:15.954750,113
D_STR08069,D_U0054,D0045,2026-02-27 03:24:16.499597,77
D_STR08070,D_U0029,D0023,2026-03-02 01:33:23.814057,197
D_STR08071,D_U0091,D0036,2026-02-05 02:24:56.756593,55
D_STR08072,D_U0064,D0045,2026-02-17 08:07:03.717543,139
D_STR08073,D_U0071,D0009,2026-02-08 00:49:58.802106,82
D_STR08074,D_U0087,D0032,2026-02-05 18:45:33.745862,76
D_STR08075,D_U0035,D0014,2026-02-14 13:53:54.081970,151
D_STR08076,D_U0069,D0036,2026-02-08 22:31:33.539027,313
D_STR08077,D_U0020,D0042,2026-02-18 00:48:11.055833,32
D_STR08078,D_U0043,D0048,2026-02-21 23:59:04.000634,273
D_STR08079,D_U0048,D0019,2026-02-22 02:31:14.267415,242
D_STR08080,D_U0042,D0038,2026-02-03 05:05:40.418657,156
D_STR08081,D_U0066,D0043,2026-02-19 22:27:13.963841,52
D_STR08082,D_U0004,D0039,2026-02-02 17:40:48.520777,121
D_STR08083,D_U0063,D0036,2026-02-22 20:34:44.951557,284
D_STR08084,D_U0086,D0037,2026-02-08 12:52:04.026066,122
D_STR08085,D_U0041,D0006,2026-02-07 11:36:46.502905,50
D_STR08086,D_U0095,D0036,2026-02-16 04:54:00.215982,166
D_STR08087,D_U0013,D0041,2026-02-21 13:18:52.915061,204
D_STR08088,D_U0085,D0027,2026-02-27 18:52:15.276241,213
D_STR08089,D_U0092,D0010,2026-02-11 14:20:12.575996,210
D_STR08090,D_U0089,D0035,2026-02-25 13:38:37.996247,267
D_STR08091,D_U0001,D0035,2026-02-14 22:06:14.749940,289
D_STR08092,D_U0075,D0025,2026-02-24 01:48:59.200447,198
D_STR08093,D_U0059,D0048,2026-02-24 15:00:43.690328,217
D_STR08094,D_U0004,D0018,2026-02-16 02:57:01.103821,56
D_STR08095,D_U0072,D0044,2026-02-19 18:44:18.652384,326
D_STR08096,D_U0051,D0047,2026-03-01 04:03:31.558255,78
D_STR08097,D_U0065,D0050,2026-02-05 06:14:10.390185,191
D_STR08098,D_U0064,D0041,2026-02-12 07:38:03.673564,172
D_STR08099,D_U0061,D0035,2026-02-27 11:40:36.368772,186
D_STR08100,D_U0053,D0047,2026-02-23 05:16:01.246488,194
D_STR08101,D_U0029,D0026,2026-02-22 12:36:38.383893,99
D_STR08102,D_U0093,D0038,2026-03-02 01:08:13.038385,102
D_STR08103,D_U0019,D0040,2026-02-13 22:22:39.610746,25
D_STR08104,D_U0080,D0045,2026-02-14 22:39:25.916599,80
D_STR08105,D_U0063,D0050,2026-02-23 05:41:27.936117,251
D_STR08106,D_U0014,D0008,2026-02-18 03:51:45.487033,229
D_STR08107,D_U0033,D0046,2026-02-11 19:50:46.431811,135
D_STR08108,D_U0088,D0037,2026-02-13 19:45:00.193062,129
D_STR08109,D_U0099,D0041,2026-02-05 22:36:16.781603,119
D_STR08110,D_U0022,D0014,2026-02-16 20:25:29.795441,131
D_STR08111,D_U0068,D0049,2026-02-22 01:53:58.129888,113
D_STR08112,D_U0068,D0049,2026-02-26 10:21:29.047047,10
D_STR08113,D_U0025,D0019,2026-02-13 00:02:12.241726,135
D_STR08114,D_U0065,D0049,2026-02-08 17:24:27.669496,71
D_STR08115,D_U0059,D0026,2026-02-07 21:10:29.600254,50
D_STR08116,D_U0048,D0028,2026-02-22 21:56:00.276620,21
D_STR08117,D_U0057,D0040,2026-02-22 22:32:23.823133,51
D_STR08118,D_U0093,D0026,2026-03-01 00:40:12.888157,220
D_STR08119,D_U0039,D0047,2026-02-27 04:25:09.989402,176
D_STR08120,D_U0038,D0021,2026-02-16 10:18:53.944002,221
D_STR08121,D_U0094,D0045,2026-02-20 14:14:02.429113,13
D_STR08122,D_U0059,D0012,2026-02-28 16:19:56.654190,194
D_STR08123,D_U0082,D0036,2026-02-26 05:30:13.840322,283
D_STR08124,D_U0019,D0042,2026-02-01 06:49:45.642451,57
D_STR08125,D_U0075,D0017,2026-03-01 08:39:01.099857,27
D_STR08126,D_U0040,D0036,2026-02-21 03:17:00.657583,180
D_STR08127,D_U0027,D0019,2026-02-11 11:23:12.158241,16
D_STR08128,D_U0099,D0017,2026-02-28 14:02:14.196233,51
D_STR08129,D_U0030,D0023,2026-02-17 21:07:47.510680,145
D_STR08130,D_U0042,D0022,2026-02-04 16:25:37.631804,125
D_STR08131,D_U0096,D0044,2026-02-09 05:46:50.753238,42
D_STR08132,D_U0031,D0045,2026-02-09 03:23:13.526813,66
D_STR08133,D_U0052,D0045,2026-03-01 22:09:04.379314,133
D_STR08134,D_U0091,D0009,2026-02-25 22:22:44.810019,136
D_STR08135,D_U0073,D0041,2026-02-23 00:29:29.458733,98
D_STR08136,D_U0075,D0032,2026-02-01 07:11:37.882641,32
D_STR08137,D_U0064,D0038,2026-02-07 09:05:41.420212,99
D_STR08138,D_U0003,D0035,2026-03-01 19:34:57.276989,280
D_STR08139,D_U0073,D0050,2026-02-03 06:46:30.766901,103
D_STR08140,D_U0043,D0026,2026-02-21 06:24:32.361793,235
D_STR08141,D_U0080,D0023,2026-02-13 14:22:24.050590,216
D_STR08142,D_U0009,D0042,2026-02-27 05:15:02.532066,71
D_STR08143,D_U0074,D0044,2026-02-25 17:03:10.418285,226
D_STR08144,D_U0013,D0043,2026-02-11 11:25:53.148916,72
D_STR08145,D_U0004,D0048,2026-02-13 01:23:12.187612,89
D_STR08146,D_U0097,D0031,2026-02-11 21:44:51.197719,64
D_STR08147,D_U0095,D0049,2026-02-19 21:48:29.283875,23
D_STR08148,D_U0026,D0045,2026-02-03 19:16:46.078758,130
D_STR08149,D_U0031,D0032,2026-02-15 23:17:10.915513,71
D_STR08150,D_U0087,D0049,2026-02-17 17:44:02.613128,106
D_STR08151,D_U0043,D0043,2026-02-22 14:42:58.475043,36
D_STR08152,D_U0067,D0046,2026-02-20 16:56:08.554458,40
D_STR08153,D_U0086,D0050,2026-02-12 15:55:15.124876,92
D_STR08154,D_U0090,D0047,2026-02-21 14:06:14.964393,48
D_STR08155,D_U0041,D0022,2026-02-09 22:00:04.514044,227
D_STR08156,D_U0045,D0044,2026-01-31 13:29:07.299354,40
D_STR08157,D_U0033,D0039,2026-02-12 02:26:48.578168,25
D_STR08158,D_U0023,D0032,2026-02-13 06:41:58.760255,242
D_STR08159,D_U0042,D0039,2026-02-07 21:33:42.447554,78
D_STR08160,D_U0067,D0046,2026-02-10 03:38:42.943821,158
D_STR08161,D_U0009,D0022,2026-02-07 21:05:19.389211,171
D_STR08162,D_U0079,D0049,2026-02-08 00:30:26.810127,90
D_STR08163,D_U0033,D0031,2026-02-04 21:58:47.520049,110
D_STR08164,D_U0038,D0044,2026-02-13 20:51:48.043582,191
D_STR08165,D_U0064,D0047,2026-02-27 12:46:18.990254,238
D_STR08166,D_U0031,D0040,2026-02-08 13:29:24.805760,131
D_STR08167,D_U0045,D0028,2026-02-06 11:30:13.957837,214
D_STR08168,D_U0044,D0026,2026-02-09 12:18:52.202893,172
D_STR08169,D_U0019,D0050,2026-02-09 00:50:31.686566,305
D_STR08170,D_U0072,D0043,2026-02-19 04:30:46.246998,120
D_STR08171,D_U0088,D0010,2026-02-19 06:04:58.025133,39
D_STR08172,D_U0087,D0046,2026-02-24 17:29:27.324791,76
D_STR08173,D_U0085,D0043,2026-02-25 15:46:12.110661,59
D_STR08174,D_U0013,D0027,2026-02-07 03:23:30.124159,124
D_STR08175,D_U0062,D0048,2026-02-11 15:18:49.887005,168
D_STR08176,D_U0014,D0041,2026-02-16 06:07:59.781657,66
D_STR08177,D_U0056,D0041,2026-02-03 22:53:53.736411,134
D_STR08178,D_U0059,D0024,2026-02-21 18:42:19.930658,124
D_STR08179,D_U0100,D0032,2026-02-10 17:12:17.814631,192
D_STR08180,D_U0089,D0012,2026-02-02 05:43:28.357029,164
D_STR08181,D_U0087,D0031,2026-02-08 18:36:17.863758,8
D_STR08182,D_U0054,D0030,2026-02-08 01:12:22.186940,14
D_STR08183,D_U0013,D0027,2026-02-26 22:10:33.619083,122
D_STR08184,D_U0066,D0027,2026-02-08 04:54:05.008761,227
D_STR08185,D_U0055,D0031,2026-02-21 12:50:48.251619,85
D_STR08186,D_U0093,D0019,2026-02-18 11:14:14.859084,223
D_STR08187,D_U0056,D0040,2026-02-13 01:02:36.755486,42
D_STR08188,D_U0095,D0015,2026-02-14 14:55:22.088341,172
D_STR08189,D_U0062,D0027,2026-02-24 09:00:42.644632,78
D_STR08190,D_U0017,D0048,2026-02-03 12:53:53.455374,82
D_STR08191,D_U0007,D0022,2026-02-24 06:12:10.281551,140
D_STR08192,D_U0070,D0017,2026-02-15 06:45:08.359112,63
D_STR08193,D_U0033,D0038,2026-02-09 02:33:57.042551,7
D_STR08194,D_U0075,D0028,2026-02-03 11:23:03.596040,29
D_STR08195,D_U0077,D0041,2026-02-28 13:38:37.091755,94
D_STR08196,D_U0036,D0036,2026-02-19 16:06:53.007397,206
D_STR08197,D_U0011,D0035,2026-02-23 04:06:16.602965,248
D_STR08198,D_U0044,D0004,2026-02-08 05:12:27.617534,199
D_STR08199,D_U0084,D0022,2026-03-01 00:28:29.386075,202
D_STR08200,D_U0024,D0046,2026-02-07 16:10:54.093785,191
D_STR08201,D_U0098,D0027,2026-03-01 21:50:32.056785,20
D_STR08202,D_U0098,D0036,2026-02-05 02:47:13.867370,188
D_STR08203,D_U0073,D0030,2026-02-16 04:27:39.060966,144
D_STR08204,D_U0093,D0048,2026-02-08 11:38:22.664740,211
D_STR08205,D_U0005,D0030,2026-03-01 20:16:23.347911,58
D_STR08206,D_U0015,D0043,2026-02-26 09:49:58.454103,98
D_STR08207,D_U0008,D0036,2026-02-20 14:57:34.307601,268
D_STR08208,D_U0099,D0023,2026-02-06 07:23:53.435231,242
D_STR08209,D_U0002,D0035,2026-02-03 16:03:04.958800,149
D_STR08210,D_U0011,D0036,2026-02-27 04:03:00.543177,284
D_STR08211,D_U0023,D0042,2026-02-11 11:55:04.114364,79
D_STR08212,D_U0069,D0048,2026-02-14 20:45:08.265830,154
D_STR08213,D_U0015,D0043,2026-02-28 05:28:28.623018,162
D_STR08214,D_U0098,D0035,2026-02-10 11:26:05.610562,53
D_STR08215,D_U0099,D0026,2026-01-31 13:07:58.323693,87
D_STR08216,D_U0003,D0048,2026-02-14 13:59:53.473199,236
D_STR08217,D_U0036,D0030,2026-02-06 00:59:15.167522,51
D_STR08218,D_U0080,D0048,2026-02-21 12:28:51.732678,81
D_STR08219,D_U0034,D0033,2026-02-05 10:33:34.637612,138
D_STR08220,D_U0001,D0011,2026-02-26 12:50:11.166850,194
D_STR08221,D_U0073,D0050,2026-02-26 07:27:00.719213,306
D_STR08222,D_U0024,D0050,2026-02-09 15:24:37.061402,171
D_STR08223,D_U0017,D0039,2026-02-16 11:05:46.512386,72
D_STR08224,D_U0009,D0018,2026-02-22 16:17:02.168400,171
D_STR08225,D_U0005,D0047,2026-02-10 18:11:04.882220,95
D_STR08226,D_U0008,D0012,2026-02-16 01:27:04.650526,262
D_STR08227,D_U0039,D0022,2026-02-03 22:28:58.694491,186
D_STR08228,D_U0085,D0046,2026-02-04 11:40:14.235414,6
D_STR08229,D_U0089,D0049,2026-02-02 06:51:20.305124,85
D_STR08230,D_U0039,D0048,2026-02-28 13:45:04.476333,235
D_STR08231,D_U0054,D0049,2026-02-11 12:49:14.283398,26
D_STR08232,D_U0040,D0032,2026-03-01 15:54:25.241266,23
D_STR08233,D_U0069,D0039,2026-02-21 00:34:24.756998,5
D_STR08234,D_U0075,D0040,2026-02-10 10:20:53.805206,16
D_STR08235,D_U0003,D0027,2026-02-02 12:28:12.970782,87
D_STR08236,D_U0047,D0021,2026-02-06 22:57:53.738976,164
D_STR08237,D_U0006,D0036,2026-02-19 13:36:16.371279,160
D_STR08238,D_U0091,D0045,2026-02-08 05:11:12.928344,152
D_STR08239,D_U0008,D0025,2026-02-05 08:37:07.038305,172
D_STR08240,D_U0033,D0044,2026-02-28 02:30:37.433912,15
D_STR08241,D_U0065,D0028,2026-02-01 07:38:40.403649,127
D_STR08242,D_U0048,D0027,2026-02-02 11:17:09.948796,191
D_STR08243,D_U0050,D0021,2026-03-02 05:09:16.624972,119
D_STR08244,D_U0010,D0030,2026-02-26 10:38:18.109965,68
D_STR08245,D_U0058,D0022,2026-02-17 19:10:33.742374,187
D_STR08246,D_U0086,D0005,2026-02-11 23:38:25.483037,75
D_STR08247,D_U0072,D0049,2026-02-02 05:55:26.316210,73
D_STR08248,D_U0083,D0027,2026-02-05 08:14:13.467123,52
D_STR08249,D_U0022,D0026,2026-02-26 13:36:04.648016,186
D_STR08250,D_U0052,D0005,2026-02-22 06:59:17.162632,97
D_STR08251,D_U0022,D0020,2026-02-01 09:50:28.789582,74
D_STR08252,D_U0062,D0043,2026-02-22 22:14:02.280789,40
D_STR08253,D_U0028,D0048,2026-02-06 18:59:00.942131,259
D_STR08254,D_U0002,D0043,2026-02-27 05:15:16.733294,44
D_STR08255,D_U0085,D0049,2026-02-14 23:23:08.501379,73
D_STR08256,D_U0039,D0031,2026-01-31 13:20:42.126189,124
D_STR08257,D_U0012,D0046,2026-02-17 18:51:56.777129,169
D_STR08258,D_U0100,D0021,2026-03-01 20:22:41.369867,279
D_STR08259,D_U0072,D0044,2026-02-10 12:58:02.808215,91
D_STR08260,D_U0065,D0036,2026-02-23 01:57:14.038382,184
D_STR08261,D_U0076,D0050,2026-02-17 17:34:25.168658,205
D_STR08262,D_U0076,D0035,2026-02-11 10:24:05.286519,121
D_STR08263,D_U0038,D0042,2026-02-08 01:10:17.556521,251
D_STR08264,D_U0075,D0045,2026-02-27 01:39:59.985202,97
D_STR08265,D_U0100,D0019,2026-02-19 21:13:09.859445,148
D_STR08266,D_U0037,D0046,2026-02-27 08:25:38.104308,134
D_STR08267,D_U0081,D0030,2026-02-26 17:08:04.869271,76
D_STR08268,D_U0006,D0030,2026-02-26 16:26:35.588647,91
D_STR08269,D_U0088,D0032,2026-03-02 05:04:46.331007,186
D_STR08270,D_U0015,D0044,2026-02-10 09:54:54.743492,102
D_STR08271,D_U0030,D0025,2026-02-15 11:34:26.269572,82
D_STR08272,D_U0045,D0046,2026-02-25 14:54:28.776317,74
D_STR08273,D_U0045,D0020,2026-02-15 21:16:06.047839,71
D_STR08274,D_U0058,D0031,2026-02-25 09:23:03.378853,87
D_STR08275,D_U0027,D0047,2026-02-15 10:47:32.626868,49
D_STR08276,D_U0074,D0047,2026-02-23 08:59:23.919890,97
D_STR08277,D_U0025,D0020,2026-02-24 19:26:22.063408,160
D_STR08278,D_U0015,D0047,2026-02-14 20:19:45.688468,197
D_STR08279,D_U0041,D0030,2026-02-20 14:42:57.839432,53
D_STR08280,D_U0087,D0033,2026-02-03 14:33:02.190193,69
D_STR08281,D_U0043,D0032,2026-02-28 08:05:24.684265,193
D_STR08282,D_U0063,D0035,2026-02-15 23:00:19.645551,156
D_STR08283,D_U0067,D0010,2026-03-01 10:05:11.556415,161
D_STR08284,D_U0060,D0044,2026-02-16 20:01:44.594776,319
D_STR08285,D_U0078,D0050,2026-02-08 10:58:29.761752,41
D_STR08286,D_U0011,D0042,2026-02-27 20:24:00.776156,18
D_STR08287,D_U0015,D0007,2026-02-12 13:29:18.785951,255
D_STR08288,D_U0097,D0021,2026-02-27 21:19:46.518279,275
D_STR08289,D_U0032,D0029,2026-02-25 12:21:50.434390,205
D_STR08290,D_U0020,D0046,2026-02-15 07:28:38.541620,151
D_STR08291,D_U0083,D0036,2026-03-01 21:08:25.140358,283
D_STR08292,D_U0003,D0024,2026-02-19 00:13:03.560914,243
D_STR08293,D_U0092,D0042,2026-02-14 04:24:52.859060,238
D_STR08294,D_U0026,D0040,2026-02-02 15:48:29.425110,126
D_STR08295,D_U0025,D0047,2026-02-07 06:03:31.256610,203
D_STR08296,D_U0026,D0049,2026-02-11 02:48:41.417690,46
D_STR08297,D_U0077,D0036,2026-03-02 06:22:52.652812,324
D_STR08298,D_U0013,D0049,2026-02-22 09:51:40.434783,36
D_STR08299,D_U0089,D0028,2026-02-07 08:30:41.054592,215
D_STR08300,D_U0097,D0021,2026-02-21 07:42:47.698972,25
D_STR08301,D_U0027,D0014,2026-02-12 00:06:19.091719,264
D_STR08302,D_U0069,D0030,2026-02-28 03:40:57.441982,113
D_STR08303,D_U0085,D0028,2026-02-17 20:25:45.770970,227
D_STR08304,D_U0039,D0014,2026-02-11 08:50:55.009490,290
D_STR08305,D_U0071,D0025,2026-02-05 12:00:46.662066,108
D_STR08306,D_U0043,D0024,2026-02-14 18:00:40.153681,289
D_STR08307,D_U0062,D0050,2026-02-10 14:18:54.832801,188
D_STR08308,D_U0047,D0041,2026-02-05 00:22:55.273518,155
D_STR08309,D_U0065,D0046,2026-02-10 16:31:21.780627,123
D_STR08310,D_U0018,D0032,2026-02-15 09:53:45.925393,269
D_STR08311,D_U0055,D0040,2026-02-20 17:13:47.987625,102
D_STR08312,D_U0089,D0050,2026-02-12 10:47:52.225653,300
D_STR08313,D_U0006,D0030,2026-02-18 20:05:07.356774,154
D_STR08314,D_U0051,D0036,2026-03-01 12:17:37.426832,279
D_STR08315,D_U0073,D0047,2026-02-12 09:14:30.039546,123
D_STR08316,D_U0013,D0047,2026-02-25 21:28:20.597815,277
D_STR08317,D_U0080,D0027,2026-02-26 06:33:37.644421,157
D_STR08318,D_U0003,D0032,2026-02-15 04:36:15.068764,29
D_STR08319,D_U0072,D0048,2026-02-12 13:03:48.079283,174
D_STR08320,D_U0022,D0039,2026-03-02 10:11:50.905585,79
D_STR08321,D_U0043,D0048,2026-02-11 09:46:13.260372,122
D_STR08322,D_U0096,D0041,2026-02-21 15:24:25.178919,96
D_STR08323,D_U0078,D0043,2026-02-08 12:58:09.868182,82
D_STR08324,D_U0028,D0027,2026-02-03 09:42:39.600426,218
D_STR08325,D_U0087,D0038,2026-02-14 12:14:13.928181,107
D_STR08326,D_U0060,D0034,2026-02-03 01:48:42.544394,201
D_STR08327,D_U0067,D0019,2026-02-25 02:26:57.329427,210
D_STR08328,D_U0011,D0023,2026-02-06 01:55:32.195336,65
D_STR08329,D_U0075,D0041,2026-02-06 07:59:28.734937,78
D_STR08330,D_U0023,D0021,2026-02-18 03:43:58.705898,268
D_STR08331,D_U0071,D0024,2026-02-02 13:22:50.062497,353
D_STR08332,D_U0018,D0046,2026-02-16 23:51:22.715379,20
D_STR08333,D_U0067,D0048,2026-02-03 18:48:16.981984,76
D_STR08334,D_U0083,D0044,2026-02-28 20:35:24.329748,134
D_STR08335,D_U0091,D0048,2026-02-16 14:58:48.324324,166
D_STR08336,D_U0090,D0042,2026-02-18 15:34:32.924436,202
D_STR08337,D_U0030,D0047,2026-02-22 14:43:57.095991,71
D_STR08338,D_U0046,D0045,2026-02-09 09:24:06.722881,120
D_STR08339,D_U0098,D0035,2026-02-01 00:13:36.025830,24
D_STR08340,D_U0025,D0013,2026-02-20 21:35:48.613840,157
D_STR08341,D_U0095,D0041,2026-02-25 22:21:35.332889,37
D_STR08342,D_U0005,D0039,2026-02-19 04:44:58.292821,332
D_STR08343,D_U0014,D0029,2026-02-20 16:41:59.341062,163
D_STR08344,D_U0047,D0044,2026-02-22 13:48:51.369766,24
D_STR08345,D_U0007,D0049,2026-02-20 22:20:36.356081,48
D_STR08346,D_U0076,D0029,2026-02-17 04:13:07.979603,254
D_STR08347,D_U0029,D0013,2026-02-02 11:48:31.770983,121
D_STR08348,D_U0088,D0046,2026-01-31 23:45:09.798766,49
D_STR08349,D_U0064,D0027,2026-03-01 21:59:25.467506,213
D_STR08350,D_U0033,D0021,2026-02-27 07:17:59.704109,185
D_STR08351,D_U0078,D0039,2026-02-16 10:40:05.628976,259
D_STR08352,D_U0038,D0049,2026-02-27 09:44:09.441836,17
D_STR08353,D_U0057,D0044,2026-02-09 07:56:13.324512,28
D_STR08354,D_U0043,D0016,2026-02-16 10:21:11.657231,19
D_STR08355,D_U0094,D0040,2026-01-31 15:04:40.934351,114
D_STR08356,D_U0053,D0033,2026-02-11 13:35:33.537148,75
D_STR08357,D_U0013,D0027,2026-02-17 06:00:48.200655,139
D_STR08358,D_U0023,D0033,2026-02-23 22:30:43.701687,106
D_STR08359,D_U0013,D0044,2026-02-23 12:14:15.391393,173
D_STR08360,D_U0017,D0037,2026-02-27 21:39:54.316320,102
D_STR08361,D_U0097,D0047,2026-02-12 05:56:21.651324,117
D_STR08362,D_U0049,D0039,2026-02-27 05:16:43.738984,37
D_STR08363,D_U0036,D0050,2026-02-01 01:12:06.824437,203
D_STR08364,D_U0024,D0039,2026-02-19 17:37:21.558959,171
D_STR08365,D_U0034,D0038,2026-02-18 16:43:23.108802,119
D_STR08366,D_U0089,D0011,2026-02-19 20:16:07.632473,252
D_STR08367,D_U0002,D0050,2026-02-15 08:45:00.188613,69
D_STR08368,D_U0055,D0040,2026-02-18 07:00:00.231055,42
D_STR08369,D_U0085,D0040,2026-02-26 02:14:20.295989,81
D_STR08370,D_U0053,D0044,2026-02-27 11:53:44.723023,165
D_STR08371,D_U0006,D0040,2026-02-23 05:51:53.352508,56
D_STR08372,D_U0088,D0036,2026-02-01 11:20:47.686221,86
D_STR08373,D_U0002,D0035,2026-02-26 05:38:23.622313,263
D_STR08374,D_U0074,D0033,2026-02-13 15:07:03.332206,111
D_STR08375,D_U0043,D0038,2026-02-02 23:48:46.446807,193
D_STR08376,D_U0098,D0014,2026-02-16 15:01:34.830642,155
D_STR08377,D_U0083,D0013,2026-02-12 17:20:23.956016,173
D_STR08378,D_U0001,D0036,2026-02-18 08:50:41.318218,21
D_STR08379,D_U0087,D0037,2026-02-09 03:16:45.183636,145
D_STR08380,D_U0056,D0048,2026-01-31 15:34:11.131305,141
D_STR08381,D_U0043,D0026,2026-02-22 13:13:03.338704,90
D_STR08382,D_U0058,D0048,2026-02-26 04:57:20.376180,213
D_STR08383,D_U0001,D0042,2026-02-12 15:07:05.978982,164
D_STR08384,D_U0079,D0046,2026-02-26 14:23:34.581218,41
D_STR08385,D_U0045,D0039,2026-02-10 21:33:23.706719,206
D_STR08386,D_U0028,D0011,2026-02-22 18:15:30.636420,149
D_STR08387,D_U0093,D0025,2026-02-28 15:41:13.633747,13
D_STR08388,D_U0016,D0047,2026-02-08 16:16:42.932223,99
D_STR08389,D_U0083,D0009,2026-02-01 17:30:20.052123,190
D_STR08390,D_U0033,D0008,2026-02-13 14:44:07.503753,102
D_STR08391,D_U0062,D0026,2026-02-12 21:20:49.712706,262
D_STR08392,D_U0085,D0040,2026-02-25 01:41:16.872950,56
D_STR08393,D_U0015,D0013,2026-03-01 23:37:26.545308,99
D_STR08394,D_U0094,D0019,2026-02-22 07:47:51.769462,276
D_STR08395,D_U0026,D0044,2026-02-13 17:52:54.054921,256
D_STR08396,D_U0041,D0031,2026-02-28 00:22:57.201699,136
D_STR08397,D_U0100,D0050,2026-02-23 15:52:49.038798,88
D_STR08398,D_U0045,D0013,2026-02-24 04:20:51.276011,51
D_STR08399,D_U0016,D0027,2026-02-16 06:12:20.424546,134
D_STR08400,D_U0031,D0043,2026-02-17 17:48:23.288935,65
D_STR08401,D_U0100,D0018,2026-02-09 10:18:28.229149,185
D_STR08402,D_U0027,D0028,2026-02-03 19:36:42.076465,69
D_STR08403,D_U0009,D0020,2026-02-13 07:16:39.794326,14
D_STR08404,D_U0020,D0037,2026-02-06 18:19:24.554246,33
D_STR08405,D_U0053,D0002,2026-02-25 22:52:54.189123,9
D_STR08406,D_U0042,D0044,2026-02-16 13:27:10.055758,141
D_STR08407,D_U0041,D0043,2026-02-06 19:41:41.731250,91
D_STR08408,D_U0021,D0033,2026-02-17 05:23:55.742745,132
D_STR08409,D_U0036,D0049,2026-02-27 15:57:45.615081,17
D_STR08410,D_U0038,D0049,2026-02-14 17:53:37.554982,14
D_STR08411,D_U0092,D0042,2026-02-02 16:52:28.444714,185
D_STR08412,D_U0090,D0048,2026-02-09 04:49:39.883918,37
D_STR08413,D_U0086,D0013,2026-02-25 13:00:28.685599,36
D_STR08414,D_U0013,D0034,2026-02-20 19:57:52.850669,133
D_STR08415,D_U0053,D0039,2026-02-13 10:35:16.197026,199
D_STR08416,D_U0019,D0024,2026-02-14 18:01:19.093180,167
D_STR08417,D_U0088,D0050,2026-02-14 00:54:24.025974,183
D_STR08418,D_U0006,D0026,2026-02-19 13:06:16.624432,222
D_STR08419,D_U0031,D0047,2026-02-17 16:02:17.771720,36
D_STR08420,D_U0047,D0048,2026-02-01 11:14:56.172493,90
D_STR08421,D_U0093,D0043,2026-02-10 04:13:47.111775,138
D_STR08422,D_U0035,D0003,2026-02-25 02:35:20.140514,110
D_STR08423,D_U0060,D0020,2026-02-01 21:26:09.955122,133
D_STR08424,D_U0029,D0023,2026-02-18 17:24:37.359216,7
D_STR08425,D_U0095,D0002,2026-02-12 09:19:04.181395,205
D_STR08426,D_U0021,D0011,2026-01-31 20:22:45.934999,12
D_STR08427,D_U0087,D0049,2026-02-21 17:03:01.409206,23
D_STR08428,D_U0070,D0008,2026-02-22 14:47:39.005041,247
D_STR08429,D_U0034,D0036,2026-02-20 10:31:52.695380,77
D_STR08430,D_U0023,D0031,2026-02-26 07:03:26.668508,135
D_STR08431,D_U0096,D0008,2026-02-02 12:12:55.316242,300
D_STR08432,D_U0047,D0034,2026-02-24 18:49:38.575681,25
D_STR08433,D_U0078,D0042,2026-02-11 23:00:26.002216,189
D_STR08434,D_U0083,D0033,2026-02-10 05:37:53.084880,144
D_STR08435,D_U0065,D0050,2026-02-22 18:19:00.605201,274
D_STR08436,D_U0042,D0049,2026-02-23 01:03:35.521425,69
D_STR08437,D_U0020,D0034,2026-02-18 05:42:04.240430,32
D_STR08438,D_U0081,D0019,2026-02-16 02:16:28.657431,155
D_STR08439,D_U0055,D0012,2026-02-27 16:45:14.429730,197
D_STR08440,D_U0065,D0014,2026-02-28 23:23:55.068584,72
D_STR08441,D_U0005,D0033,2026-02-15 17:00:51.541057,80
D_STR08442,D_U0031,D0022,2026-02-07 19:40:49.991711,222
D_STR08443,D_U0031,D0016,2026-02-22 15:27:46.660415,81
D_STR08444,D_U0077,D0032,2026-02-03 17:22:57.924711,198
D_STR08445,D_U0061,D0033,2026-02-02 19:08:20.096591,90
D_STR08446,D_U0078,D0012,2026-02-10 02:07:31.916020,263
D_STR08447,D_U0096,D0038,2026-02-21 10:57:03.900972,183
D_STR08448,D_U0061,D0044,2026-02-21 04:58:49.391898,110
D_STR08449,D_U0015,D0004,2026-02-09 06:02:43.281370,28
D_STR08450,D_U0027,D0042,2026-03-01 04:40:20.945391,128
D_STR08451,D_U0073,D0044,2026-02-12 07:43:26.254241,10
D_STR08452,D_U0092,D0036,2026-02-11 12:23:09.943758,146
D_STR08453,D_U0085,D0016,2026-02-01 09:43:26.819547,207
D_STR08454,D_U0077,D0039,2026-02-28 14:00:05.471229,175
D_STR08455,D_U0077,D0022,2026-02-23 11:41:36.711490,123
D_STR08456,D_U0082,D0050,2026-02-20 09:35:24.630503,79
D_STR08457,D_U0004,D0025,2026-02-23 11:01:01.369362,63
D_STR08458,D_U0023,D0042,2026-02-01 07:12:44.849819,164
D_STR08459,D_U0072,D0043,2026-02-03 14:54:27.083265,55
D_STR08460,D_U0074,D0050,2026-02-08 20:32:22.190080,240
D_STR08461,D_U0086,D0014,2026-02-20 03:58:34.942693,309
D_STR08462,D_U0075,D0027,2026-02-08 20:26:29.996575,54
D_STR08463,D_U0007,D0037,2026-02-18 04:45:32.192533,38
D_STR08464,D_U0058,D0048,2026-02-02 23:55:26.801308,141
D_STR08465,D_U0046,D0018,2026-01-31 13:46:48.619993,25
D_STR08466,D_U0017,D0027,2026-02-04 00:48:42.735436,121
D_STR08467,D_U0009,D0042,2026-02-27 10:42:47.544531,92
D_STR08468,D_U0008,D0018,2026-02-08 17:13:35.929317,205
D_STR08469,D_U0034,D0047,2026-02-25 12:06:55.683935,126
D_STR08470,D_U0056,D0028,2026-02-02 16:43:32.631255,64
D_STR08471,D_U0081,D0040,2026-02-01 20:22:20.726911,79
D_STR08472,D_U0014,D0044,2026-02-23 13:56:47.680019,331
D_STR08473,D_U0100,D0018,2026-01-31 17:09:31.610928,202
D_STR08474,D_U0088,D0014,2026-02-20 23:06:17.627393,212
D_STR08475,D_U0085,D0036,2026-02-18 12:05:59.268783,77
D_STR08476,D_U0006,D0030,2026-03-01 06:56:05.709753,90
D_STR08477,D_U0059,D0019,2026-02-28 19:39:13.237103,312
D_STR08478,D_U0070,D0045,2026-02-09 14:57:19.614410,88
D_STR08479,D_U0024,D0035,2026-02-18 17:18:53.902979,182
D_STR08480,D_U0083,D0046,2026-02-09 22:59:02.972381,36
D_STR08481,D_U0051,D0043,2026-02-07 06:49:19.776626,121
D_STR08482,D_U0001,D0034,2026-02-19 07:03:25.972099,163
D_STR08483,D_U0017,D0022,2026-02-16 07:17:51.989573,51
D_STR08484,D_U0098,D0049,2026-02-11 02:15:18.176080,120
D_STR08485,D_U0080,D0010,2026-02-23 18:46:39.425801,185
D_STR08486,D_U0041,D0008,2026-02-17 00:48:16.580595,79
D_STR08487,D_U0042,D0032,2026-02-03 08:46:01.827498,115
D_STR08488,D_U0036,D0040,2026-02-26 14:23:43.509680,116
D_STR08489,D_U0096,D0018,2026-02-23 01:37:24.771609,16
D_STR08490,D_U0007,D0013,2026-02-10 04:03:59.378973,122
D_STR08491,D_U0025,D0017,2026-02-11 04:03:35.902595,117
D_STR08492,D_U0094,D0036,2026-02-15 18:07:03.159327,152
D_STR08493,D_U0045,D0043,2026-03-02 01:55:33.885561,114
D_STR08494,D_U0097,D0013,2026-02-14 09:46:20.002815,160
D_STR08495,D_U0067,D0033,2026-02-04 18:44:10.671538,152
D_STR08496,D_U0100,D0038,2026-02-17 07:25:18.190677,71
D_STR08497,D_U0073,D0035,2026-02-16 15:52:03.972787,272
D_STR08498,D_U0016,D0030,2026-02-02 17:54:01.042572,117
D_STR08499,D_U0004,D0012,2026-02-10 20:00:42.611013,152
D_STR08500,D_U0032,D0036,2026-02-22 16:36:45.352659,320
D_STR08501,D_U0084,D0038,2026-02-27 20:22:06.084462,119
D_STR08502,D_U0097,D0031,2026-02-27 10:23:46.397210,109
D_STR08503,D_U0047,D0045,2026-02-06 23:27:52.378846,174
D_STR08504,D_U0052,D0006,2026-02-24 03:43:29.659875,275
D_STR08505,D_U0029,D0035,2026-02-18 20:42:32.992211,296
D_STR08506,D_U0064,D0022,2026-02-21 16:43:18.228186,109
D_STR08507,D_U0050,D0046,2026-02-23 19:18:31.258425,23
D_STR08508,D_U0032,D0010,2026-02-10 05:17:59.050358,44
D_STR08509,D_U0017,D0050,2026-02-22 03:36:49.482840,157
D_STR08510,D_U0031,D0020,2026-02-15 07:13:55.717924,43
D_STR08511,D_U0001,D0034,2026-02-18 23:33:03.119864,207
D_STR08512,D_U0090,D0048,2026-02-16 15:21:06.182494,29
D_STR08513,D_U0029,D0012,2026-02-17 20:17:09.808233,189
D_STR08514,D_U0013,D0019,2026-02-16 22:06:38.738333,208
D_STR08515,D_U0015,D0042,2026-02-03 21:30:39.715075,81
D_STR08516,D_U0047,D0042,2026-02-20 12:36:25.200133,135
D_STR08517,D_U0003,D0040,2026-02-13 11:26:38.651982,57
D_STR08518,D_U0001,D0035,2026-02-21 21:59:12.696828,102
D_STR08519,D_U0018,D0023,2026-02-03 13:23:57.727049,135
D_STR08520,D_U0061,D0038,2026-02-03 14:51:29.192351,35
D_STR08521,D_U0052,D0041,2026-02-03 01:42:25.532226,70
D_STR08522,D_U0024,D0047,2026-02-09 04:01:24.271244,251
D_STR08523,D_U0040,D0042,2026-02-12 19:30:36.822149,89
D_STR08524,D_U0096,D0024,2026-02-18 03:25:30.165755,184
D_STR08525,D_U0087,D0041,2026-02-17 08:51:49.905147,55
D_STR08526,D_U0058,D0035,2026-02-23 15:37:18.704785,75
D_STR08527,D_U0073,D0043,2026-02-13 07:52:30.768963,28
D_STR08528,D_U0020,D0048,2026-02-04 00:43:29.698431,96
D_STR08529,D_U0059,D0028,2026-02-07 16:30:50.460126,243
D_STR08530,D_U0012,D0032,2026-02-15 17:33:37.619072,231
D_STR08531,D_U0008,D0040,2026-02-23 18:56:12.118231,53
D_STR08532,D_U0090,D0017,2026-02-24 05:21:31.381779,19
D_STR08533,D_U0050,D0019,2026-02-24 21:39:19.610967,23
D_STR08534,D_U0001,D0039,2026-02-04 06:56:54.578248,291
D_STR08535,D_U0017,D0045,2026-03-02 06:48:00.804933,56
D_STR08536,D_U0014,D0022,2026-02-06 08:56:05.359905,122
D_STR08537,D_U0045,D0041,2026-02-04 10:18:29.003433,53
D_STR08538,D_U0028,D0041,2026-02-07 13:06:56.638063,73
D_STR08539,D_U0001,D0029,2026-02-11 11:07:39.518226,167
D_STR08540,D_U0051,D0026,2026-02-14 08:53:57.610775,111
D_STR08541,D_U0064,D0047,2026-02-26 18:44:49.994288,155
D_STR08542,D_U0030,D0037,2026-02-11 00:56:53.320134,97
D_STR08543,D_U0045,D0028,2026-02-19 16:33:52.980615,278
D_STR08544,D_U0045,D0048,2026-02-07 20:32:43.134482,126
D_STR08545,D_U0077,D0005,2026-02-15 20:57:31.978947,242
D_STR08546,D_U0035,D0040,2026-02-10 06:38:21.507000,72
D_STR08547,D_U0076,D0026,2026-02-27 11:31:08.678455,131
D_STR08548,D_U0013,D0029,2026-02-02 13:40:57.019305,145
D_STR08549,D_U0056,D0048,2026-02-22 14:23:08.936047,185
D_STR08550,D_U0077,D0048,2026-02-05 20:58:26.871376,169
D_STR08551,D_U0007,D0036,2026-02-12 12:24:33.268345,164
D_STR08552,D_U0017,D0013,2026-02-26 03:02:47.125160,67
D_STR08553,D_U0026,D0042,2026-02-08 20:07:24.972600,119
D_STR08554,D_U0082,D0043,2026-02-06 01:24:39.427420,33
D_STR08555,D_U0088,D0040,2026-02-26 03:31:10.266161,5
D_STR08556,D_U0002,D0010,2026-03-01 19:57:23.486889,126
D_STR08557,D_U0016,D0034,2026-02-12 16:31:52.759242,206
D_STR08558,D_U0070,D0044,2026-02-28 17:02:49.755955,303
D_STR08559,D_U0049,D0036,2026-02-22 17:41:03.630835,251
D_STR08560,D_U0075,D0048,2026-02-20 18:27:08.987660,211
D_STR08561,D_U0033,D0034,2026-02-22 07:43:20.654079,166
D_STR08562,D_U0098,D0040,2026-02-13 03:47:29.224188,137
D_STR08563,D_U0034,D0036,2026-02-02 17:56:22.689355,222
D_STR08564,D_U0044,D0046,2026-02-05 14:27:27.691420,183
D_STR08565,D_U0044,D0018,2026-02-28 05:13:06.275850,286
D_STR08566,D_U0099,D0033,2026-02-13 18:01:13.474761,168
D_STR08567,D_U0059,D0021,2026-02-16 00:31:49.768147,264
D_STR08568,D_U0005,D0030,2026-02-12 18:06:17.251179,77
D_STR08569,D_U0044,D0029,2026-02-19 06:39:35.585517,85
D_STR08570,D_U0026,D0043,2026-02-14 13:11:27.249884,46
D_STR08571,D_U0093,D0048,2026-02-24 09:34:55.230730,84
D_STR08572,D_U0077,D0036,2026-02-22 08:46:56.761343,164
D_STR08573,D_U0099,D0022,2026-02-02 05:39:43.092725,130
D_STR08574,D_U0080,D0041,2026-02-16 17:05:27.925340,10
D_STR08575,D_U0041,D0043,2026-02-27 00:55:49.699444,154
D_STR08576,D_U0067,D0038,2026-02-24 19:20:30.971329,142
D_STR08577,D_U0058,D0047,2026-02-15 03:47:40.112745,31
D_STR08578,D_U0045,D0032,2026-02-14 15:14:54.500122,58
D_STR08579,D_U0034,D0023,2026-02-20 21:42:12.344791,28
D_STR08580,D_U0012,D0028,2026-02-18 05:58:43.061382,76
D_STR08581,D_U0052,D0050,2026-02-10 01:35:52.638420,100
D_STR08582,D_U0094,D0017,2026-02-05 16:39:41.926255,115
D_STR08583,D_U0002,D0036,2026-02-05 10:40:07.898156,85
D_STR08584,D_U0064,D0048,2026-02-18 16:25:20.664768,38
D_STR08585,D_U0048,D0041,2026-02-17 08:28:40.171435,104
D_STR08586,D_U0012,D0038,2026-02-18 15:56:18.347705,105
D_STR08587,D_U0046,D0046,2026-02-27 07:24:41.504955,151
D_STR08588,D_U0095,D0014,2026-02-17 18:17:48.736073,90
D_STR08589,D_U0038,D0044,2026-02-18 13:10:37.333997,85
D_STR08590,D_U0028,D0030,2026-02-02 04:53:07.545429,35
D_STR08591,D_U0024,D0028,2026-02-03 09:02:20.790002,232
D_STR08592,D_U0013,D0045,2026-02-28 06:52:15.057705,125
D_STR08593,D_U0019,D0050,2026-02-25 23:51:50.657393,222
D_STR08594,D_U0076,D0025,2026-02-27 18:46:55.207500,98
D_STR08595,D_U0056,D0031,2026-02-17 07:07:04.443076,115
D_STR08596,D_U0034,D0032,2026-02-10 05:07:03.868548,158
D_STR08597,D_U0098,D0043,2026-02-18 05:22:48.117643,63
D_STR08598,D_U0064,D0048,2026-02-12 02:05:40.280760,199
D_STR08599,D_U0093,D0049,2026-01-31 23:12:14.201632,120
D_STR08600,D_U0041,D0049,2026-02-12 05:06:41.985246,108
D_STR08601,D_U0093,D0014,2026-02-24 10:27:32.820256,251
D_STR08602,D_U0037,D0040,2026-02-23 01:40:25.260077,83
D_STR08603,D_U0076,D0011,2026-02-03 08:38:48.200076,286
D_STR08604,D_U0033,D0037,2026-02-28 12:12:47.406715,140
D_STR08605,D_U0028,D0046,2026-02-20 11:00:02.973477,152
D_STR08606,D_U0071,D0020,2026-02-24 16:21:23.435394,93
D_STR08607,D_U0053,D0007,2026-02-21 21:36:21.006967,265
D_STR08608,D_U0020,D0042,2026-02-10 18:27:00.687687,134
D_STR08609,D_U0080,D0044,2026-02-16 10:43:05.261765,120
D_STR08610,D_U0065,D0024,2026-02-22 00:22:43.901090,213
D_STR08611,D_U0091,D0050,2026-02-19 23:58:30.454175,213
D_STR08612,D_U0070,D0024,2026-02-14 16:00:34.496957,246
D_STR08613,D_U0068,D0029,2026-02-19 21:54:52.022740,263
D_STR08614,D_U0062,D0022,2026-02-07 17:35:52.768880,121
D_STR08615,D_U0093,D0047,2026-03-01 08:23:54.302357,277
D_STR08616,D_U0048,D0027,2026-02-09 16:28:43.973806,221
D_STR08617,D_U0011,D0042,2026-02-10 23:08:50.444067,44
D_STR08618,D_U0087,D0042,2026-02-20 20:21:39.721415,18
D_STR08619,D_U0031,D0040,2026-02-14 23:03:25.827772,60
D_STR08620,D_U0060,D0044,2026-03-01 22:18:20.109960,196
D_STR08621,D_U0080,D0027,2026-02-01 07:08:35.318193,228
D_STR08622,D_U0031,D0043,2026-03-01 13:18:44.551347,87
D_STR08623,D_U0010,D0039,2026-02-06 03:28:59.770844,140
D_STR08624,D_U0088,D0036,2026-02-06 18:16:45.715039,185
D_STR08625,D_U0017,D0017,2026-02-27 18:18:07.430620,69
D_STR08626,D_U0073,D0029,2026-02-26 15:06:50.635283,24
D_STR08627,D_U0044,D0018,2026-02-13 07:12:14.433606,158
D_STR08628,D_U0027,D0038,2026-02-27 19:28:51.098164,54
D_STR08629,D_U0044,D0023,2026-02-26 05:43:11.970302,104
D_STR08630,D_U0083,D0045,2026-02-08 19:34:55.785606,151
D_STR08631,D_U0078,D0026,2026-02-08 08:15:34.136499,207
D_STR08632,D_U0061,D0041,2026-02-21 10:17:27.963182,76
D_STR08633,D_U0024,D0026,2026-02-13 03:00:18.495896,69
D_STR08634,D_U0095,D0044,2026-02-15 11:59:57.228050,13
D_STR08635,D_U0003,D0048,2026-02-21 12:39:35.216075,250
D_STR08636,D_U0073,D0049,2026-02-08 09:32:35.101264,74
D_STR08637,D_U0054,D0045,2026-02-17 17:30:24.677020,142
D_STR08638,D_U0013,D0041,2026-02-16 05:36:41.049165,155
D_STR08639,D_U0018,D0028,2026-02-07 22:08:30.940908,202
D_STR08640,D_U0046,D0045,2026-02-05 07:43:10.842555,64
D_STR08641,D_U0034,D0032,2026-02-23 09:53:28.340173,166
D_STR08642,D_U0089,D0030,2026-02-01 17:16:43.073034,144
D_STR08643,D_U0004,D0042,2026-02-25 09:13:47.945596,249
D_STR08644,D_U0056,D0029,2026-02-08 05:27:41.309022,323
D_STR08645,D_U0076,D0050,2026-02-01 21:18:22.685850,74
D_STR08646,D_U0050,D0033,2026-02-22 07:16:34.010177,52
D_STR08647,D_U0070,D0039,2026-02-09 22:30:36.581533,337
D_STR08648,D_U0064,D0007,2026-02-06 05:50:57.259893,33
D_STR08649,D_U0086,D0039,2026-02-22 06:17:25.762775,109
D_STR08650,D_U0073,D0043,2026-02-22 20:22:55.289278,136
D_STR08651,D_U0045,D0043,2026-02-18 23:55:31.489563,49
D_STR08652,D_U0083,D0036,2026-02-13 04:16:07.130858,311
D_STR08653,D_U0025,D0030,2026-02-23 23:58:03.505714,133
D_STR08654,D_U0074,D0027,2026-02-18 12:35:40.699891,200
D_STR08655,D_U0011,D0047,2026-02-28 00:57:52.389292,232
D_STR08656,D_U0021,D0049,2026-02-08 20:00:40.505099,83
D_STR08657,D_U0018,D0049,2026-02-03 18:44:45.292853,86
D_STR08658,D_U0001,D0024,2026-02-13 03:04:17.971033,171
D_STR08659,D_U0002,D0037,2026-02-17 13:55:15.353203,33
D_STR08660,D_U0026,D0025,2026-02-26 13:33:44.192089,214
D_STR08661,D_U0053,D0032,2026-02-28 18:04:00.440818,155
D_STR08662,D_U0085,D0035,2026-03-01 20:06:15.099920,304
D_STR08663,D_U0076,D0048,2026-02-11 05:54:19.190285,16
D_STR08664,D_U0036,D0048,2026-02-06 04:56:53.085783,69
D_STR08665,D_U0074,D0046,2026-02-11 18:10:26.322764,123
D_STR08666,D_U0067,D0018,2026-02-09 22:57:26.200548,48
D_STR08667,D_U0016,D0050,2026-02-21 05:29:32.390161,24
D_STR08668,D_U0011,D0030,2026-02-05 08:40:33.636012,149
D_STR08669,D_U0011,D0043,2026-02-15 13:48:53.762963,63
D_STR08670,D_U0089,D0049,2026-02-09 19:16:20.080542,98
D_STR08671,D_U0071,D0016,2026-02-14 07:23:45.832515,166
D_STR08672,D_U0056,D0038,2026-02-27 21:22:01.308998,10
D_STR08673,D_U0073,D0043,2026-02-24 05:24:12.692037,80
D_STR08674,D_U0030,D0050,2026-02-03 00:26:11.986277,325
D_STR08675,D_U0075,D0049,2026-02-05 03:04:42.646757,26
D_STR08676,D_U0032,D0046,2026-02-20 00:12:07.917413,5
D_STR08677,D_U0020,D0020,2026-02-18 00:13:42.686013,43
D_STR08678,D_U0082,D0034,2026-02-05 09:48:57.912865,172
D_STR08679,D_U0041,D0045,2026-02-08 02:32:25.725440,23
D_STR08680,D_U0005,D0050,2026-02-07 04:10:22.559254,49
D_STR08681,D_U0003,D0012,2026-03-02 09:20:41.055934,147
D_STR08682,D_U0068,D0016,2026-02-27 22:42:58.262398,180
D_STR08683,D_U0091,D0043,2026-02-10 18:46:39.355796,134
D_STR08684,D_U0024,D0049,2026-02-03 19:19:00.207118,52
D_STR08685,D_U0095,D0048,2026-02-17 19:40:02.362378,22
D_STR08686,D_U0019,D0017,2026-02-24 13:33:01.210615,24
D_STR08687,D_U0004,D0018,2026-02-19 06:47:17.628213,166
D_STR08688,D_U0023,D0037,2026-02-24 01:26:13.181911,154
D_STR08689,D_U0018,D0038,2026-02-14 23:25:45.510884,92
D_STR08690,D_U0065,D0038,2026-02-02 23:47:24.951421,149
D_STR08691,D_U0021,D0036,2026-03-01 11:42:36.391844,111
D_STR08692,D_U0014,D0014,2026-02-25 16:02:43.409298,68
D_STR08693,D_U0003,D0026,2026-02-06 18:57:19.258261,122
D_STR08694,D_U0069,D0034,2026-02-08 01:18:46.856244,218
D_STR08695,D_U0002,D0026,2026-02-03 20:54:06.883839,75
D_STR08696,D_U0065,D0029,2026-02-08 21:22:43.787303,129
D_STR08697,D_U0092,D0016,2026-02-26 14:02:02.061572,58
D_STR08698,D_U0058,D0041,2026-02-01 10:22:52.972413,227
D_STR08699,D_U0026,D0046,2026-02-11 10:18:49.537239,101
D_STR08700,D_U0082,D0031,2026-02-23 02:23:31.098748,69
D_STR08701,D_U0034,D0041,2026-03-01 11:18:30.302342,178
D_STR08702,D_U0098,D0044,2026-02-20 11:32:55.019631,7
D_STR08703,D_U0096,D0047,2026-02-03 05:09:01.912772,268
D_STR08704,D_U0070,D0044,2026-02-08 03:48:00.130142,155
D_STR08705,D_U0064,D0040,2026-02-21 16:45:49.086225,128
D_STR08706,D_U0004,D0043,2026-02-10 03:15:37.866371,54
D_STR08707,D_U0090,D0041,2026-02-11 07:57:20.625861,113
D_STR08708,D_U0009,D0015,2026-02-13 19:16:40.703199,154
D_STR08709,D_U0065,D0047,2026-02-09 15:09:38.815149,51
D_STR08710,D_U0007,D0031,2026-02-20 04:25:53.029564,98
D_STR08711,D_U0075,D0040,2026-02-17 11:16:33.137309,69
D_STR08712,D_U0015,D0029,2026-02-26 07:24:41.941872,221
D_STR08713,D_U0074,D0044,2026-02-06 14:17:58.480397,23
D_STR08714,D_U0081,D0045,2026-02-22 22:23:00.762605,57
D_STR08715,D_U0093,D0012,2026-02-11 04:51:29.432731,36
D_STR08716,D_U0093,D0011,2026-02-20 02:45:49.764976,245
D_STR08717,D_U0082,D0042,2026-02-22 12:01:44.491478,163
D_STR08718,D_U0077,D0038,2026-02-27 15:31:12.999775,167
D_STR08719,D_U0021,D0043,2026-02-16 19:05:39.386901,41
D_STR08720,D_U0073,D0025,2026-02-23 03:58:56.424566,163
D_STR08721,D_U0059,D0045,2026-02-18 18:30:38.116246,103
D_STR08722,D_U0032,D0028,2026-02-11 00:50:11.578483,13
D_STR08723,D_U0080,D0010,2026-02-15 17:08:33.847937,214
D_STR08724,D_U0069,D0031,2026-02-27 18:36:23.108830,14
D_STR08725,D_U0011,D0033,2026-01-31 16:27:26.477482,140
D_STR08726,D_U0021,D0012,2026-02-15 23:26:29.344224,35
D_STR08727,D_U0075,D0016,2026-02-21 16:58:30.838066,23
D_STR08728,D_U0014,D0034,2026-02-18 13:06:00.160204,40
D_STR08729,D_U0091,D0036,2026-02-14 05:04:32.204585,308
D_STR08730,D_U0043,D0049,2026-02-25 10:13:57.367762,47
D_STR08731,D_U0071,D0021,2026-02-03 06:01:52.313794,273
D_STR08732,D_U0020,D0044,2026-02-21 22:48:07.393954,19
D_STR08733,D_U0014,D0030,2026-02-05 13:20:32.606496,87
D_STR08734,D_U0043,D0033,2026-02-28 17:35:30.503270,51
D_STR08735,D_U0057,D0020,2026-02-18 02:52:11.154553,149
D_STR08736,D_U0001,D0020,2026-02-11 11:00:52.451392,67
D_STR08737,D_U0029,D0021,2026-03-01 20:59:00.554093,273
D_STR08738,D_U0100,D0027,2026-02-28 16:24:32.437351,244
D_STR08739,D_U0022,D0022,2026-02-26 12:53:43.960983,43
D_STR08740,D_U0070,D0047,2026-02-20 20:00:11.392550,205
D_STR08741,D_U0007,D0038,2026-02-23 13:00:44.509158,159
D_STR08742,D_U0099,D0041,2026-02-02 16:15:25.818966,95
D_STR08743,D_U0062,D0021,2026-02-18 22:34:06.747295,51
D_STR08744,D_U0003,D0044,2026-03-02 00:57:04.281847,9
D_STR08745,D_U0011,D0045,2026-02-22 13:07:38.930565,26
D_STR08746,D_U0088,D0034,2026-03-01 15:30:30.483561,135
D_STR08747,D_U0040,D0047,2026-02-11 04:36:51.585645,40
D_STR08748,D_U0013,D0032,2026-02-17 05:14:57.900154,217
D_STR08749,D_U0098,D0044,2026-02-20 18:15:01.921845,171
D_STR08750,D_U0093,D0026,2026-02-19 19:39:16.923149,172
D_STR08751,D_U0100,D0009,2026-02-11 15:34:42.709593,166
D_STR08752,D_U0085,D0049,2026-02-24 09:30:45.842603,68
D_STR08753,D_U0063,D0046,2026-02-08 14:40:29.065373,76
D_STR08754,D_U0064,D0045,2026-02-26 16:57:47.242270,138
D_STR08755,D_U0014,D0027,2026-02-17 17:49:17.750345,243
D_STR08756,D_U0007,D0045,2026-02-10 15:59:16.730138,59
D_STR08757,D_U0097,D0018,2026-02-18 13:36:46.216599,40
D_STR08758,D_U0078,D0035,2026-02-03 21:21:08.164292,273
D_STR08759,D_U0036,D0037,2026-02-22 13:58:08.654594,143
D_STR08760,D_U0060,D0039,2026-02-07 09:32:27.829705,26
D_STR08761,D_U0053,D0049,2026-02-21 20:24:07.884984,39
D_STR08762,D_U0055,D0043,2026-02-27 18:45:12.406437,90
D_STR08763,D_U0086,D0018,2026-02-14 20:03:34.447340,285
D_STR08764,D_U0004,D0027,2026-02-03 12:36:24.826630,180
D_STR08765,D_U0085,D0037,2026-02-17 21:59:53.032531,143
D_STR08766,D_U0085,D0045,2026-02-08 18:31:44.193403,197
D_STR08767,D_U0054,D0045,2026-02-08 00:58:52.994414,132
D_STR08768,D_U0029,D0027,2026-02-26 13:36:55.614029,206
D_STR08769,D_U0048,D0043,2026-02-18 16:17:20.235607,156
D_STR08770,D_U0050,D0036,2026-02-19 20:53:18.358423,128
D_STR08771,D_U0026,D0048,2026-02-16 00:36:25.486475,7
D_STR08772,D_U0050,D0049,2026-02-23 04:04:05.957623,84
D_STR08773,D_U0072,D0039,2026-02-14 08:46:44.304112,50
D_STR08774,D_U0036,D0030,2026-02-24 15:16:40.977607,101
D_STR08775,D_U0053,D0044,2026-02-09 02:47:16.171494,14
D_STR08776,D_U0037,D0023,2026-02-28 00:24:37.232746,111
D_STR08777,D_U0035,D0036,2026-02-06 22:18:40.632879,224
D_STR08778,D_U0039,D0018,2026-02-20 20:15:24.072138,56
D_STR08779,D_U0083,D0041,2026-02-26 23:29:57.197302,172
D_STR08780,D_U0046,D0040,2026-02-20 07:29:12.722813,120
D_STR08781,D_U0048,D0012,2026-02-26 12:02:29.848069,35
D_STR08782,D_U0041,D0038,2026-02-01 05:09:58.014175,137
D_STR08783,D_U0009,D0022,2026-02-26 16:46:06.538052,195
D_STR08784,D_U0033,D0043,2026-02-12 18:36:39.982072,25
D_STR08785,D_U0066,D0038,2026-02-12 15:01:31.392817,153
D_STR08786,D_U0075,D0018,2026-02-21 19:26:57.363146,48
D_STR08787,D_U0053,D0043,2026-02-12 05:30:59.258474,94
D_STR08788,D_U0073,D0036,2026-02-20 23:35:21.382560,56
D_STR08789,D_U0032,D0048,2026-02-15 08:55:55.340937,208
D_STR08790,D_U0016,D0029,2026-02-02 21:52:37.564284,25
D_STR08791,D_U0017,D0026,2026-02-02 23:03:05.758898,155
D_STR08792,D_U0042,D0029,2026-02-25 19:41:33.620035,144
D_STR08793,D_U0097,D0040,2026-02-06 17:37:50.183682,16
D_STR08794,D_U0001,D0042,2026-02-26 07:49:28.492732,66
D_STR08795,D_U0038,D0028,2026-02-15 07:50:33.575463,200
D_STR08796,D_U0059,D0040,2026-02-19 18:55:13.434864,63
D_STR08797,D_U0002,D0026,2026-02-14 06:16:32.536999,47
D_STR08798,D_U0057,D0039,2026-02-24 08:48:17.958695,325
D_STR08799,D_U0027,D0023,2026-02-02 04:02:11.139670,52
D_STR08800,D_U0069,D0030,2026-02-21 07:54:50.339437,99
D_STR08801,D_U0021,D0040,2026-02-26 23:54:06.035200,36
D_STR08802,D_U0085,D0040,2026-03-01 17:09:46.531174,118
D_STR08803,D_U0065,D0037,2026-02-12 07:34:24.525099,84
D_STR08804,D_U0060,D0026,2026-02-21 11:57:38.799605,272
D_STR08805,D_U0073,D0037,2026-02-21 13:22:27.729828,150
D_STR08806,D_U0043,D0048,2026-02-21 07:31:07.474377,15
D_STR08807,D_U0057,D0046,2026-02-18 21:44:23.818140,150
D_STR08808,D_U0018,D0031,2026-03-01 04:12:40.211927,102
D_STR08809,D_U0089,D0009,2026-02-21 00:10:05.566494,197
D_STR08810,D_U0047,D0037,2026-02-03 02:16:53.635311,66
D_STR08811,D_U0047,D0016,2026-02-28 17:36:41.990611,74
D_STR08812,D_U0075,D0022,2026-03-01 19:29:53.690842,17
D_STR08813,D_U0056,D0042,2026-02-07 11:16:04.924416,247
D_STR08814,D_U0031,D0034,2026-02-12 01:28:33.331605,141
D_STR08815,D_U0045,D0050,2026-02-22 01:13:02.789540,102
D_STR08816,D_U0075,D0032,2026-02-17 08:58:22.017196,33
D_STR08817,D_U0074,D0049,2026-02-01 20:28:08.684298,52
D_STR08818,D_U0026,D0024,2026-01-31 21:14:06.279993,93
D_STR08819,D_U0089,D0042,2026-02-12 08:04:52.260790,166
D_STR08820,D_U0092,D0028,2026-02-23 21:56:28.772943,19
D_STR08821,D_U0025,D0023,2026-02-09 00:05:31.671918,122
D_STR08822,D_U0055,D0046,2026-02-22 02:20:24.536358,111
D_STR08823,D_U0015,D0001,2026-02-26 08:59:13.880084,158
D_STR08824,D_U0050,D0031,2026-02-05 05:54:34.681767,129
D_STR08825,D_U0045,D0046,2026-02-17 17:31:05.890808,126
D_STR08826,D_U0021,D0016,2026-01-31 12:40:52.019323,279
D_STR08827,D_U0064,D0034,2026-02-28 11:15:08.079521,9
D_STR08828,D_U0061,D0034,2026-02-19 12:58:55.255472,227
D_STR08829,D_U0084,D0028,2026-02-21 18:24:24.711736,252
D_STR08830,D_U0037,D0043,2026-02-13 10:05:16.005676,53
D_STR08831,D_U0087,D0005,2026-02-03 03:08:18.836776,189
D_STR08832,D_U0091,D0049,2026-02-10 02:16:33.135730,45
D_STR08833,D_U0014,D0037,2026-02-06 03:18:55.345272,102
D_STR08834,D_U0037,D0022,2026-02-26 02:21:10.447643,37
D_STR08835,D_U0082,D0017,2026-02-17 10:53:10.990899,38
D_STR08836,D_U0062,D0025,2026-02-28 06:14:53.856912,42
D_STR08837,D_U0033,D0031,2026-02-07 00:52:44.532921,106
D_STR08838,D_U0033,D0024,2026-02-25 04:07:20.086768,43
D_STR08839,D_U0023,D0045,2026-02-26 17:50:23.467615,38
D_STR08840,D_U0021,D0038,2026-02-25 19:36:08.671668,65
D_STR08841,D_U0001,D0026,2026-02-10 08:50:31.965443,14
D_STR08842,D_U0025,D0041,2026-02-23 23:00:16.007360,228
D_STR08843,D_U0017,D0036,2026-02-17 20:29:56.552827,169
D_STR08844,D_U0013,D0017,2026-02-15 04:06:11.994193,98
D_STR08845,D_U0042,D0041,2026-02-19 09:31:40.317411,91
D_STR08846,D_U0038,D0014,2026-02-13 09:27:09.922262,267
D_STR08847,D_U0085,D0038,2026-02-20 04:38:47.370328,18
D_STR08848,D_U0076,D0036,2026-02-18 16:57:53.007738,117
D_STR08849,D_U0010,D0044,2026-02-02 02:28:05.403763,23
D_STR08850,D_U0021,D0046,2026-02-21 14:17:39.981850,175
D_STR08851,D_U0008,D0033,2026-02-09 21:40:12.675256,174
D_STR08852,D_U0078,D0043,2026-02-11 02:39:25.435846,102
D_STR08853,D_U0097,D0046,2026-02-16 04:45:03.462633,19
D_STR08854,D_U0092,D0031,2026-02-04 13:45:58.909043,39
D_STR08855,D_U0001,D0045,2026-02-21 18:59:03.380722,86
D_STR08856,D_U0071,D0043,2026-02-04 02:10:23.785469,18
D_STR08857,D_U0059,D0046,2026-02-18 15:58:09.791107,67
D_STR08858,D_U0092,D0022,2026-02-14 01:23:29.079080,117
D_STR08859,D_U0077,D0048,2026-02-03 12:05:19.543951,32
D_STR08860,D_U0091,D0046,2026-02-26 02:36:57.010049,54
D_STR08861,D_U0033,D0046,2026-02-27 10:32:17.011491,87
D_STR08862,D_U0100,D0047,2026-02-28 11:18:59.901927,53
D_STR08863,D_U0046,D0050,2026-02-22 22:16:39.734215,260
D_STR08864,D_U0079,D0038,2026-02-26 03:31:48.368615,156
D_STR08865,D_U0005,D0047,2026-02-07 20:06:30.702766,282
D_STR08866,D_U0045,D0022,2026-02-16 02:24:22.705578,52
D_STR08867,D_U0014,D0040,2026-02-10 23:45:52.412378,107
D_STR08868,D_U0082,D0040,2026-02-03 10:12:51.104465,13
D_STR08869,D_U0021,D0008,2026-02-28 05:46:33.625001,262
D_STR08870,D_U0079,D0041,2026-02-18 00:22:24.449119,83
D_STR08871,D_U0001,D0033,2026-02-22 01:11:24.138091,78
D_STR08872,D_U0069,D0044,2026-02-28 05:45:27.733866,274
D_STR08873,D_U0070,D0035,2026-02-08 15:18:59.721521,178
D_STR08874,D_U0050,D0038,2026-02-17 09:32:36.495576,157
D_STR08875,D_U0036,D0048,2026-02-19 06:55:06.801919,80
D_STR08876,D_U0028,D0017,2026-02-26 15:40:39.004614,60
D_STR08877,D_U0099,D0043,2026-02-06 17:20:36.078365,89
D_STR08878,D_U0083,D0040,2026-02-19 00:49:33.184311,61
D_STR08879,D_U0067,D0041,2026-02-03 07:35:23.114331,212
D_STR08880,D_U0024,D0009,2026-02-05 16:12:04.876589,166
D_STR08881,D_U0035,D0031,2026-03-01 09:20:24.976960,76
D_STR08882,D_U0045,D0019,2026-02-10 15:50:31.175723,201
D_STR08883,D_U0099,D0035,2026-02-16 13:48:48.183647,268
D_STR08884,D_U0017,D0042,2026-02-03 20:44:22.654047,158
D_STR08885,D_U0044,D0005,2026-02-23 14:12:20.814370,244
D_STR08886,D_U0092,D0040,2026-03-01 06:03:50.325131,74
D_STR08887,D_U0088,D0040,2026-02-11 17:27:07.832995,137
D_STR08888,D_U0021,D0047,2026-02-12 05:22:50.491637,52
D_STR08889,D_U0087,D0039,2026-02-09 06:41:32.418108,60
D_STR08890,D_U0029,D0042,2026-02-12 05:44:06.988646,141
D_STR08891,D_U0038,D0046,2026-02-08 13:06:42.984999,50
D_STR08892,D_U0094,D0042,2026-02-20 20:08:05.269457,76
D_STR08893,D_U0006,D0044,2026-02-07 00:40:50.933610,33
D_STR08894,D_U0009,D0009,2026-02-07 16:16:26.858276,76
D_STR08895,D_U0061,D0045,2026-02-12 14:51:52.347894,91
D_STR08896,D_U0085,D0042,2026-02-14 04:26:35.288400,45
D_STR08897,D_U0047,D0042,2026-02-02 10:58:32.627635,104
D_STR08898,D_U0019,D0028,2026-02-05 01:23:01.533551,251
D_STR08899,D_U0035,D0035,2026-02-18 15:35:08.905978,50
D_STR08900,D_U0003,D0007,2026-02-04 20:05:57.570935,285
D_STR08901,D_U0033,D0040,2026-02-22 01:06:32.965348,38
D_STR08902,D_U0033,D0043,2026-02-22 21:03:40.977175,43
D_STR08903,D_U0079,D0029,2026-03-01 04:38:56.281008,12
D_STR08904,D_U0046,D0041,2026-02-15 01:54:42.434983,147
D_STR08905,D_U0087,D0027,2026-02-13 09:48:51.053864,90
D_STR08906,D_U0026,D0017,2026-02-10 08:35:10.299333,82
D_STR08907,D_U0015,D0020,2026-02-21 01:35:40.876997,142
D_STR08908,D_U0027,D0047,2026-02-21 14:48:56.676003,287
D_STR08909,D_U0061,D0026,2026-02-04 05:30:42.585583,8
D_STR08910,D_U0006,D0038,2026-02-11 15:01:55.795868,171
D_STR08911,D_U0011,D0043,2026-02-10 21:39:53.288917,56
D_STR08912,D_U0027,D0040,2026-02-08 02:52:53.633758,34
D_STR08913,D_U0006,D0029,2026-02-17 17:01:43.587094,173
D_STR08914,D_U0027,D0025,2026-02-18 09:24:39.584988,50
D_STR08915,D_U0014,D0025,2026-02-25 22:42:41.343611,34
D_STR08916,D_U0030,D0032,2026-02-16 08:49:22.299555,89
D_STR08917,D_U0089,D0032,2026-02-07 19:55:05.783978,228
D_STR08918,D_U0028,D0029,2026-02-14 03:06:48.417063,73
D_STR08919,D_U0045,D0049,2026-02-24 09:23:45.363282,62
D_STR08920,D_U0094,D0046,2026-02-14 14:14:13.365861,5
D_STR08921,D_U0041,D0042,2026-02-11 08:52:10.144234,81
D_STR08922,D_U0078,D0035,2026-02-15 14:39:31.783587,278
D_STR08923,D_U0013,D0048,2026-02-23 08:07:23.785861,71
D_STR08924,D_U0085,D0036,2026-02-14 05:03:59.424345,127
D_STR08925,D_U0037,D0049,2026-02-19 02:39:21.633818,44
D_STR08926,D_U0046,D0017,2026-02-26 23:11:27.183939,31
D_STR08927,D_U0044,D0048,2026-02-28 07:42:11.195450,175
D_STR08928,D_U0075,D0047,2026-02-17 16:13:19.726304,5
D_STR08929,D_U0025,D0001,2026-02-08 14:44:16.795344,48
D_STR08930,D_U0052,D0039,2026-02-28 11:43:43.458983,209
D_STR08931,D_U0048,D0036,2026-02-10 12:30:45.923083,289
D_STR08932,D_U0054,D0044,2026-02-22 18:57:34.141370,55
D_STR08933,D_U0059,D0032,2026-02-02 17:49:21.011695,51
D_STR08934,D_U0063,D0043,2026-01-31 13:53:20.073546,89
D_STR08935,D_U0077,D0049,2026-01-31 21:08:17.844744,72
D_STR08936,D_U0066,D0044,2026-02-18 19:29:42.621770,248
D_STR08937,D_U0081,D0039,2026-02-28 21:56:43.595794,229
D_STR08938,D_U0089,D0031,2026-01-31 21:04:44.218089,152
D_STR08939,D_U0064,D0033,2026-02-26 15:49:18.902302,34
D_STR08940,D_U0057,D0048,2026-03-01 03:05:03.962669,81
D_STR08941,D_U0070,D0050,2026-02-22 09:06:00.821583,165
D_STR08942,D_U0006,D0029,2026-02-20 09:35:03.493489,197
D_STR08943,D_U0008,D0011,2026-02-17 06:08:21.859609,66
D_STR08944,D_U0086,D0042,2026-03-01 14:32:07.481575,90
D_STR08945,D_U0007,D0046,2026-02-02 18:22:39.794815,87
D_STR08946,D_U0080,D0029,2026-02-16 09:54:28.815856,146
D_STR08947,D_U0058,D0038,2026-02-15 07:40:55.053508,34
D_STR08948,D_U0031,D0006,2026-02-05 12:13:12.671825,85
D_STR08949,D_U0050,D0018,2026-02-27 19:44:05.759429,33
D_STR08950,D_U0060,D0038,2026-02-24 00:40:38.177583,103
D_STR08951,D_U0041,D0044,2026-02-25 03:57:10.003803,133
D_STR08952,D_U0060,D0039,2026-02-08 05:18:27.260326,233
D_STR08953,D_U0085,D0041,2026-02-11 06:40:31.243588,54
D_STR08954,D_U0091,D0006,2026-02-20 05:21:56.417933,23
D_STR08955,D_U0005,D0024,2026-02-21 04:30:56.400973,61
D_STR08956,D_U0099,D0017,2026-03-02 03:15:06.578897,71
D_STR08957,D_U0054,D0030,2026-02-09 03:26:11.664600,44
D_STR08958,D_U0011,D0039,2026-02-11 05:08:37.061056,272
D_STR08959,D_U0084,D0034,2026-02-22 14:30:40.650214,43
D_STR08960,D_U0089,D0033,2026-02-26 21:15:14.106973,69
D_STR08961,D_U0031,D0043,2026-02-21 19:57:28.738379,91
D_STR08962,D_U0082,D0036,2026-02-25 02:12:43.056818,150
D_STR08963,D_U0036,D0050,2026-02-24 13:14:44.352463,40
D_STR08964,D_U0034,D0032,2026-02-02 08:09:02.429505,6
D_STR08965,D_U0080,D0040,2026-02-05 13:23:27.381285,55
D_STR08966,D_U0070,D0033,2026-02-06 21:42:40.165223,19
D_STR08967,D_U0034,D0048,2026-02-07 01:43:36.346897,187
D_STR08968,D_U0032,D0013,2026-02-14 16:40:37.750862,115
D_STR08969,D_U0055,D0033,2026-02-06 17:39:51.568009,170
D_STR08970,D_U0006,D0023,2026-02-25 18:16:25.943648,132
D_STR08971,D_U0007,D0049,2026-02-10 05:19:36.464658,79
D_STR08972,D_U0058,D0050,2026-02-11 23:50:10.689567,239
D_STR08973,D_U0081,D0049,2026-02-01 09:53:03.918446,31
D_STR08974,D_U0003,D0018,2026-02-01 21:24:41.780827,215
D_STR08975,D_U0007,D0030,2026-02-24 10:07:12.532371,123
D_STR08976,D_U0027,D0017,2026-02-18 06:04:37.654021,9
D_STR08977,D_U0047,D0048,2026-02-11 03:04:35.952034,255
D_STR08978,D_U0083,D0034,2026-02-17 12:27:49.924960,131
D_STR08979,D_U0055,D0033,2026-02-06 15:55:13.245866,121
D_STR08980,D_U0004,D0016,2026-02-28 23:19:10.318132,248
D_STR08981,D_U0092,D0045,2026-02-05 13:15:26.233209,165
D_STR08982,D_U0041,D0010,2026-02-20 06:57:54.263782,207
D_STR08983,D_U0095,D0014,2026-02-21 16:50:48.171885,221
D_STR08984,D_U0091,D0027,2026-02-01 04:14:28.866268,180
D_STR08985,D_U0062,D0040,2026-02-02 14:42:22.550439,47
D_STR08986,D_U0073,D0031,2026-02-02 23:42:19.906988,141
D_STR08987,D_U0070,D0033,2026-02-02 14:36:44.610580,29
D_STR08988,D_U0036,D0034,2026-02-07 04:52:06.904434,23
D_STR08989,D_U0100,D0046,2026-02-07 22:29:29.960273,69
D_STR08990,D_U0090,D0043,2026-02-09 20:33:17.741685,73
D_STR08991,D_U0084,D0044,2026-03-01 19:16:32.029259,118
D_STR08992,D_U0006,D0020,2026-02-21 00:41:56.505594,46
D_STR08993,D_U0090,D0043,2026-02-02 03:16:12.837325,57
D_STR08994,D_U0037,D0041,2026-01-31 16:32:47.815278,41
D_STR08995,D_U0052,D0014,2026-02-08 06:17:11.986134,152
D_STR08996,D_U0010,D0033,2026-02-17 07:52:47.680127,161
D_STR08997,D_U0087,D0042,2026-02-04 15:30:56.833216,262
D_STR08998,D_U0067,D0041,2026-02-14 18:30:20.599384,210
D_STR08999,D_U0034,D0043,2026-02-15 05:17:09.685228,107
D_STR09000,D_U0099,D0044,2026-02-04 21:42:10.076662,101
D_STR09001,D_U0021,D0013,2026-02-17 15:01:44.447157,122
D_STR09002,D_U0038,D0022,2026-02-23 22:14:24.695622,226
D_STR09003,D_U0020,D0018,2026-02-12 07:37:44.359456,218
D_STR09004,D_U0018,D0047,2026-02-02 09:49:31.778889,275
D_STR09005,D_U0084,D0031,2026-02-11 23:19:43.572388,40
D_STR09006,D_U0056,D0047,2026-02-24 13:49:59.701204,85
D_STR09007,D_U0094,D0010,2026-02-20 09:54:43.718814,126
D_STR09008,D_U0095,D0039,2026-03-01 11:54:19.431080,229
D_STR09009,D_U0035,D0039,2026-02-17 09:48:59.335686,190
D_STR09010,D_U0082,D0038,2026-02-21 23:07:46.827872,166
D_STR09011,D_U0076,D0014,2026-02-26 12:35:26.431551,312
D_STR09012,D_U0098,D0044,2026-02-18 11:51:59.186640,150
D_STR09013,D_U0042,D0022,2026-02-22 22:36:31.660843,68
D_STR09014,D_U0067,D0023,2026-02-04 02:45:22.338898,36
D_STR09015,D_U0084,D0033,2026-02-27 14:18:33.913801,175
D_STR09016,D_U0022,D0027,2026-02-13 16:53:52.386731,22
D_STR09017,D_U0028,D0015,2026-02-23 00:23:39.547463,139
D_STR09018,D_U0041,D0028,2026-02-22 05:44:38.035993,150
D_STR09019,D_U0060,D0037,2026-02-28 06:13:12.493097,117
D_STR09020,D_U0057,D0030,2026-02-11 07:14:38.963052,23
D_STR09021,D_U0049,D0047,2026-02-20 03:11:44.204498,148
D_STR09022,D_U0051,D0020,2026-02-06 03:17:06.656588,118
D_STR09023,D_U0042,D0046,2026-02-03 01:53:09.224483,136
D_STR09024,D_U0050,D0043,2026-02-14 21:15:11.900602,32
D_STR09025,D_U0083,D0037,2026-02-14 09:32:45.162439,55
D_STR09026,D_U0016,D0023,2026-02-09 07:41:46.339286,69
D_STR09027,D_U0077,D0029,2026-03-01 07:55:11.583714,221
D_STR09028,D_U0039,D0048,2026-02-06 19:54:00.212103,199
D_STR09029,D_U0093,D0037,2026-02-25 08:49:27.569760,26
D_STR09030,D_U0041,D0034,2026-02-27 10:39:11.725968,66
D_STR09031,D_U0069,D0044,2026-02-22 07:04:44.730427,226
D_STR09032,D_U0028,D0043,2026-02-26 15:37:06.405952,47
D_STR09033,D_U0081,D0036,2026-02-13 09:39:02.383828,329
D_STR09034,D_U0056,D0045,2026-02-01 16:31:48.579046,94
D_STR09035,D_U0093,D0045,2026-02-25 07:50:43.685289,97
D_STR09036,D_U0045,D0044,2026-02-19 11:26:00.701298,162
D_STR09037,D_U0063,D0050,2026-02-16 17:19:40.031147,288
D_STR09038,D_U0036,D0044,2026-02-14 21:25:21.675564,19
D_STR09039,D_U0002,D0018,2026-02-25 00:44:46.748321,76
D_STR09040,D_U0011,D0039,2026-02-27 06:31:05.332651,113
D_STR09041,D_U0018,D0014,2026-02-21 15:12:24.012243,29
D_STR09042,D_U0029,D0048,2026-02-23 15:05:08.384438,231
D_STR09043,D_U0081,D0045,2026-02-07 03:24:23.838849,74
D_STR09044,D_U0050,D0037,2026-02-28 14:39:31.889543,24
D_STR09045,D_U0050,D0049,2026-02-04 10:03:55.639493,108
D_STR09046,D_U0091,D0033,2026-02-22 13:53:49.218799,30
D_STR09047,D_U0094,D0047,2026-02-21 01:00:05.545199,140
D_STR09048,D_U0083,D0032,2026-02-12 01:29:59.007847,215
D_STR09049,D_U0022,D0032,2026-02-07 07:10:48.922062,64
D_STR09050,D_U0016,D0043,2026-02-14 11:06:26.231638,12
D_STR09051,D_U0048,D0035,2026-02-11 20:27:17.210944,230
D_STR09052,D_U0022,D0046,2026-03-01 17:54:09.987282,86
D_STR09053,D_U0030,D0031,2026-02-26 18:00:10.157326,45
D_STR09054,D_U0051,D0041,2026-02-06 19:05:51.522407,71
D_STR09055,D_U0070,D0048,2026-02-11 08:20:36.734382,92
D_STR09056,D_U0087,D0038,2026-01-31 12:32:44.004637,141
D_STR09057,D_U0072,D0035,2026-02-15 08:50:20.341214,66
D_STR09058,D_U0052,D0038,2026-02-06 07:01:38.414321,72
D_STR09059,D_U0026,D0022,2026-02-13 12:57:21.539260,103
D_STR09060,D_U0090,D0023,2026-02-28 16:02:26.151343,198
D_STR09061,D_U0037,D0019,2026-02-27 16:58:59.302717,171
D_STR09062,D_U0023,D0012,2026-02-20 11:37:34.189470,264
D_STR09063,D_U0007,D0040,2026-02-04 17:00:42.028708,13
D_STR09064,D_U0005,D0034,2026-02-23 04:55:42.983506,11
D_STR09065,D_U0045,D0029,2026-02-25 07:54:55.313828,272
D_STR09066,D_U0080,D0032,2026-02-03 15:21:15.655982,175
D_STR09067,D_U0065,D0050,2026-02-16 13:45:41.140135,26
D_STR09068,D_U0007,D0045,2026-02-25 08:14:25.419172,195
D_STR09069,D_U0083,D0038,2026-03-02 01:59:17.326552,90
D_STR09070,D_U0017,D0024,2026-02-03 22:33:37.676377,247
D_STR09071,D_U0005,D0050,2026-02-03 07:48:21.346289,162
D_STR09072,D_U0100,D0048,2026-02-20 09:15:56.502674,200
D_STR09073,D_U0039,D0031,2026-02-05 17:22:45.403437,109
D_STR09074,D_U0059,D0046,2026-02-07 02:03:43.092464,84
D_STR09075,D_U0032,D0048,2026-02-17 13:03:38.095475,141
D_STR09076,D_U0053,D0032,2026-02-20 01:14:23.430223,96
D_STR09077,D_U0047,D0015,2026-02-12 22:57:28.747092,153
D_STR09078,D_U0055,D0044,2026-02-10 10:59:52.579957,102
D_STR09079,D_U0009,D0040,2026-02-27 02:58:51.728738,34
D_STR09080,D_U0041,D0031,2026-02-28 20:56:04.955162,94
D_STR09081,D_U0087,D0018,2026-02-15 17:22:51.125095,213
D_STR09082,D_U0051,D0037,2026-02-19 21:11:02.309542,69
D_STR09083,D_U0047,D0014,2026-02-18 12:53:52.330333,263
D_STR09084,D_U0029,D0025,2026-02-11 12:20:27.935664,193
D_STR09085,D_U0066,D0029,2026-02-21 10:04:59.182408,92
D_STR09086,D_U0019,D0043,2026-02-06 08:27:54.166784,126
D_STR09087,D_U0088,D0041,2026-02-19 13:56:41.706635,180
D_STR09088,D_U0084,D0038,2026-02-06 01:26:36.156420,146
D_STR09089,D_U0008,D0030,2026-02-14 10:54:08.252536,60
D_STR09090,D_U0025,D0022,2026-02-18 07:42:23.331287,86
D_STR09091,D_U0005,D0042,2026-02-08 04:17:14.411378,264
D_STR09092,D_U0050,D0048,2026-02-19 08:17:15.514548,91
D_STR09093,D_U0005,D0050,2026-03-02 07:13:34.856417,101
D_STR09094,D_U0015,D0047,2026-02-03 07:17:27.105024,286
D_STR09095,D_U0050,D0008,2026-02-21 10:07:15.418153,300
D_STR09096,D_U0023,D0048,2026-02-24 23:16:15.394137,219
D_STR09097,D_U0045,D0015,2026-02-01 23:49:04.841599,114
D_STR09098,D_U0057,D0044,2026-02-11 21:29:34.551567,11
D_STR09099,D_U0068,D0026,2026-02-27 15:27:51.549925,47
D_STR09100,D_U0010,D0030,2026-02-22 07:54:52.933450,98
D_STR09101,D_U0083,D0021,2026-02-10 03:05:36.057027,279
D_STR09102,D_U0033,D0041,2026-02-11 16:43:51.737056,129
D_STR09103,D_U0054,D0016,2026-03-01 23:46:31.556920,18
D_STR09104,D_U0078,D0032,2026-02-09 20:50:11.237517,193
D_STR09105,D_U0073,D0022,2026-02-06 10:11:57.848716,172
D_STR09106,D_U0064,D0032,2026-02-15 18:35:12.245752,39
D_STR09107,D_U0004,D0050,2026-02-13 18:04:39.570936,93
D_STR09108,D_U0068,D0034,2026-02-11 01:24:33.903057,110
D_STR09109,D_U0078,D0037,2026-02-13 09:48:39.636482,100
D_STR09110,D_U0088,D0027,2026-02-16 05:51:09.218495,13
D_STR09111,D_U0033,D0047,2026-02-14 16:09:51.396070,43
D_STR09112,D_U0085,D0043,2026-02-12 09:55:56.653245,15
D_STR09113,D_U0068,D0042,2026-02-26 07:13:24.677647,143
D_STR09114,D_U0003,D0044,2026-02-13 22:53:59.189888,78
D_STR09115,D_U0074,D0035,2026-02-15 05:19:03.179675,109
D_STR09116,D_U0003,D0035,2026-02-03 12:17:20.209252,302
D_STR09117,D_U0003,D0028,2026-02-15 02:54:59.628390,191
D_STR09118,D_U0084,D0005,2026-02-03 06:27:07.304186,11
D_STR09119,D_U0016,D0038,2026-02-07 14:56:54.837694,181
D_STR09120,D_U0019,D0046,2026-02-11 22:45:36.413769,43
D_STR09121,D_U0040,D0047,2026-02-26 23:44:37.522540,10
D_STR09122,D_U0017,D0048,2026-02-04 12:27:35.985965,185
D_STR09123,D_U0098,D0043,2026-02-04 08:01:08.975860,135
D_STR09124,D_U0052,D0049,2026-02-24 07:37:18.578204,35
D_STR09125,D_U0076,D0017,2026-02-21 17:25:31.253274,104
D_STR09126,D_U0040,D0016,2026-02-15 23:37:34.233811,47
D_STR09127,D_U0025,D0049,2026-02-04 20:29:50.487856,80
D_STR09128,D_U0073,D0005,2026-02-12 21:38:40.191587,77
D_STR09129,D_U0070,D0048,2026-02-18 14:33:51.058416,180
D_STR09130,D_U0088,D0041,2026-02-18 07:36:01.705943,169
D_STR09131,D_U0065,D0049,2026-02-15 00:11:59.773814,69
D_STR09132,D_U0098,D0044,2026-02-28 23:29:08.337423,317
D_STR09133,D_U0074,D0048,2026-02-17 20:04:03.159213,31
D_STR09134,D_U0032,D0035,2026-02-05 21:38:53.684022,37
D_STR09135,D_U0022,D0041,2026-01-31 23:56:46.866964,118
D_STR09136,D_U0068,D0029,2026-02-22 10:25:20.322651,11
D_STR09137,D_U0071,D0016,2026-02-06 06:53:15.695496,202
D_STR09138,D_U0082,D0035,2026-02-20 11:15:08.255302,119
D_STR09139,D_U0094,D0037,2026-03-01 02:49:51.689474,43
D_STR09140,D_U0090,D0026,2026-02-15 04:35:46.589777,217
D_STR09141,D_U0051,D0044,2026-02-28 02:54:28.499975,231
D_STR09142,D_U0002,D0041,2026-02-13 01:43:34.337688,256
D_STR09143,D_U0057,D0039,2026-02-24 13:11:33.381644,214
D_STR09144,D_U0007,D0031,2026-02-20 15:35:58.911852,146
D_STR09145,D_U0076,D0044,2026-02-14 19:00:20.988311,40
D_STR09146,D_U0055,D0047,2026-02-04 04:18:15.409183,78
D_STR09147,D_U0056,D0039,2026-02-10 02:36:36.869382,302
D_STR09148,D_U0062,D0033,2026-02-15 21:55:28.790711,113
D_STR09149,D_U0087,D0022,2026-03-01 17:44:03.777574,125
D_STR09150,D_U0076,D0049,2026-03-01 01:13:03.116928,68
D_STR09151,D_U0100,D0036,2026-02-14 06:46:28.153009,269
D_STR09152,D_U0083,D0029,2026-02-19 05:49:03.032020,116
D_STR09153,D_U0060,D0050,2026-02-20 02:45:05.020436,8
D_STR09154,D_U0032,D0044,2026-02-19 00:45:46.465691,235
D_STR09155,D_U0066,D0015,2026-02-26 09:24:59.107847,183
D_STR09156,D_U0041,D0016,2026-02-07 10:48:18.104662,16
D_STR09157,D_U0037,D0043,2026-02-17 07:20:03.507695,149
D_STR09158,D_U0045,D0041,2026-02-08 14:05:09.824309,25
D_STR09159,D_U0050,D0023,2026-02-06 01:37:26.703367,90
D_STR09160,D_U0068,D0022,2026-02-06 03:59:28.672637,85
D_STR09161,D_U0047,D0029,2026-02-21 10:17:02.503124,18
D_STR09162,D_U0044,D0039,2026-01-31 16:51:25.165354,33
D_STR09163,D_U0042,D0038,2026-02-26 21:19:04.857105,61
D_STR09164,D_U0022,D0043,2026-02-08 15:14:08.021081,72
D_STR09165,D_U0078,D0047,2026-02-06 02:55:44.896622,68
D_STR09166,D_U0061,D0045,2026-03-01 01:34:14.595715,13
D_STR09167,D_U0092,D0013,2026-02-17 02:44:23.804270,146
D_STR09168,D_U0064,D0035,2026-02-25 19:46:54.577779,43
D_STR09169,D_U0026,D0040,2026-02-25 07:26:15.998745,81
D_STR09170,D_U0002,D0017,2026-02-12 23:36:50.156589,62
D_STR09171,D_U0032,D0020,2026-02-12 10:57:54.463224,116
D_STR09172,D_U0062,D0035,2026-02-15 08:27:42.775090,104
D_STR09173,D_U0039,D0039,2026-02-26 15:12:15.777311,269
D_STR09174,D_U0068,D0024,2026-02-19 23:35:32.407909,163
D_STR09175,D_U0030,D0031,2026-02-16 08:11:02.438528,30
D_STR09176,D_U0021,D0014,2026-01-31 22:30:53.190655,225
D_STR09177,D_U0098,D0035,2026-02-07 09:54:42.715070,188
D_STR09178,D_U0086,D0029,2026-02-25 13:50:58.216903,298
D_STR09179,D_U0029,D0008,2026-02-13 07:01:27.819231,249
D_STR09180,D_U0039,D0035,2026-02-18 11:27:13.386488,9
D_STR09181,D_U0037,D0027,2026-02-12 23:29:59.378330,129
D_STR09182,D_U0084,D0043,2026-02-20 13:02:53.106750,139
D_STR09183,D_U0076,D0034,2026-02-11 23:42:37.036717,62
D_STR09184,D_U0033,D0047,2026-02-13 11:31:32.684259,49
D_STR09185,D_U0090,D0039,2026-02-25 00:17:24.447187,167
D_STR09186,D_U0085,D0040,2026-02-11 07:22:12.154443,13
D_STR09187,D_U0040,D0027,2026-02-28 04:31:49.850907,64
D_STR09188,D_U0032,D0041,2026-02-19 21:00:20.272968,246
D_STR09189,D_U0082,D0026,2026-02-02 20:03:28.035272,211
D_STR09190,D_U0003,D0035,2026-02-16 11:27:28.928167,216
D_STR09191,D_U0030,D0014,2026-02-26 06:36:23.552096,68
D_STR09192,D_U0100,D0038,2026-02-18 17:14:10.911245,23
D_STR09193,D_U0019,D0028,2026-02-03 21:40:16.543653,46
D_STR09194,D_U0035,D0047,2026-02-20 23:03:19.672062,140
D_STR09195,D_U0010,D0044,2026-02-23 04:55:52.133626,126
D_STR09196,D_U0045,D0047,2026-02-27 20:52:07.398186,253
D_STR09197,D_U0082,D0027,2026-02-28 02:39:24.185636,194
D_STR09198,D_U0015,D0016,2026-02-10 07:14:31.064395,115
D_STR09199,D_U0071,D0048,2026-02-04 20:44:31.134454,15
D_STR09200,D_U0012,D0029,2026-03-01 11:07:34.389605,244
D_STR09201,D_U0032,D0046,2026-02-27 14:24:55.975306,45
D_STR09202,D_U0087,D0030,2026-02-23 10:02:50.626288,50
D_STR09203,D_U0016,D0038,2026-02-08 10:52:10.071519,137
D_STR09204,D_U0039,D0018,2026-02-19 06:13:49.185517,127
D_STR09205,D_U0067,D0003,2026-02-17 23:30:04.648846,128
D_STR09206,D_U0063,D0028,2026-02-19 16:14:47.681435,162
D_STR09207,D_U0092,D0028,2026-02-23 19:35:43.523106,25
D_STR09208,D_U0054,D0029,2026-02-10 00:42:00.959743,99
D_STR09209,D_U0060,D0043,2026-02-02 18:31:23.430817,119
D_STR09210,D_U0084,D0022,2026-02-07 08:40:35.158365,61
D_STR09211,D_U0018,D0044,2026-02-27 22:19:56.574036,225
D_STR09212,D_U0094,D0010,2026-02-09 19:55:28.309319,70
D_STR09213,D_U0021,D0023,2026-02-15 20:24:04.523709,129
D_STR09214,D_U0021,D0040,2026-02-25 18:22:40.373107,117
D_STR09215,D_U0039,D0029,2026-02-16 18:00:44.232878,241
D_STR09216,D_U0035,D0040,2026-02-13 06:51:16.445362,38
D_STR09217,D_U0048,D0046,2026-02-24 03:18:35.277920,35
D_STR09218,D_U0054,D0035,2026-02-11 12:09:31.298922,88
D_STR09219,D_U0087,D0025,2026-03-02 07:27:53.774365,34
D_STR09220,D_U0010,D0048,2026-02-18 04:49:17.432107,265
D_STR09221,D_U0059,D0034,2026-02-07 17:40:23.397043,160
D_STR09222,D_U0046,D0031,2026-02-15 11:18:51.468428,128
D_STR09223,D_U0089,D0022,2026-02-14 11:17:21.410592,96
D_STR09224,D_U0083,D0043,2026-02-18 20:14:27.508932,13
D_STR09225,D_U0018,D0021,2026-02-05 20:45:55.879880,250
D_STR09226,D_U0079,D0041,2026-02-22 10:10:50.403311,146
D_STR09227,D_U0083,D0010,2026-02-14 06:38:40.007570,29
D_STR09228,D_U0089,D0037,2026-02-24 09:34:17.580019,42
D_STR09229,D_U0089,D0021,2026-02-19 10:06:00.584171,76
D_STR09230,D_U0097,D0027,2026-02-22 19:22:39.163762,138
D_STR09231,D_U0099,D0034,2026-02-20 17:02:16.200413,125
D_STR09232,D_U0056,D0049,2026-02-12 21:38:21.409444,79
D_STR09233,D_U0025,D0040,2026-02-04 11:16:30.938793,129
D_STR09234,D_U0013,D0046,2026-02-11 16:53:57.983017,16
D_STR09235,D_U0030,D0045,2026-02-22 14:14:11.918867,43
D_STR09236,D_U0064,D0039,2026-02-14 20:19:39.009140,230
D_STR09237,D_U0016,D0040,2026-02-12 16:39:51.565527,51
D_STR09238,D_U0034,D0049,2026-02-21 11:25:48.284905,78
D_STR09239,D_U0049,D0046,2026-02-02 05:32:13.156595,127
D_STR09240,D_U0006,D0040,2026-02-17 11:30:46.323875,102
D_STR09241,D_U0058,D0050,2026-02-03 14:40:14.413768,102
D_STR09242,D_U0007,D0016,2026-02-03 06:41:34.428685,266
D_STR09243,D_U0040,D0027,2026-02-02 03:27:13.034829,51
D_STR09244,D_U0044,D0019,2026-02-23 22:10:17.802468,163
D_STR09245,D_U0008,D0028,2026-02-15 16:25:45.334417,263
D_STR09246,D_U0088,D0028,2026-02-15 13:21:21.802263,76
D_STR09247,D_U0037,D0050,2026-02-01 14:17:42.312357,105
D_STR09248,D_U0026,D0029,2026-02-21 09:32:34.820289,49
D_STR09249,D_U0078,D0008,2026-02-19 11:55:34.196175,238
D_STR09250,D_U0010,D0042,2026-02-15 20:55:16.619804,224
D_STR09251,D_U0049,D0046,2026-02-04 21:48:48.446877,185
D_STR09252,D_U0046,D0042,2026-02-04 05:34:53.452806,273
D_STR09253,D_U0052,D0018,2026-02-03 08:24:18.172672,99
D_STR09254,D_U0041,D0010,2026-02-10 22:59:37.282536,105
D_STR09255,D_U0003,D0014,2026-02-09 04:26:42.713408,288
D_STR09256,D_U0050,D0040,2026-02-08 16:12:54.792900,130
D_STR09257,D_U0031,D0048,2026-02-13 12:28:34.743189,265
D_STR09258,D_U0057,D0048,2026-02-04 22:09:53.044277,98
D_STR09259,D_U0003,D0048,2026-02-08 14:44:12.523897,141
D_STR09260,D_U0014,D0045,2026-02-17 01:38:35.727667,8
D_STR09261,D_U0076,D0046,2026-02-18 10:44:52.950026,177
D_STR09262,D_U0029,D0040,2026-03-01 18:24:27.267275,126
D_STR09263,D_U0076,D0030,2026-02-10 20:58:22.414009,95
D_STR09264,D_U0007,D0047,2026-02-02 10:24:43.061211,78
D_STR09265,D_U0030,D0014,2026-02-23 01:20:39.504803,183
D_STR09266,D_U0094,D0022,2026-02-05 12:59:41.588169,192
D_STR09267,D_U0033,D0025,2026-01-31 17:16:32.597995,151
D_STR09268,D_U0079,D0045,2026-02-27 04:10:58.305056,129
D_STR09269,D_U0017,D0020,2026-02-21 10:25:02.047148,131
D_STR09270,D_U0029,D0034,2026-02-21 12:21:04.535520,42
D_STR09271,D_U0016,D0036,2026-02-01 23:05:45.978837,27
D_STR09272,D_U0062,D0044,2026-02-09 21:38:33.558940,309
D_STR09273,D_U0054,D0023,2026-02-16 19:36:50.249593,200
D_STR09274,D_U0069,D0045,2026-02-13 11:36:12.885115,150
D_STR09275,D_U0036,D0020,2026-01-31 14:24:41.798808,147
D_STR09276,D_U0059,D0050,2026-02-05 13:22:09.728646,151
D_STR09277,D_U0076,D0047,2026-02-25 03:48:33.262743,56
D_STR09278,D_U0098,D0047,2026-02-03 17:39:53.304710,188
D_STR09279,D_U0045,D0026,2026-02-27 18:42:17.017946,123
D_STR09280,D_U0038,D0024,2026-03-01 17:47:25.489222,241
D_STR09281,D_U0082,D0050,2026-02-23 00:26:40.419886,229
D_STR09282,D_U0080,D0036,2026-02-21 05:43:03.580973,46
D_STR09283,D_U0003,D0033,2026-02-19 08:13:46.471139,15
D_STR09284,D_U0091,D0014,2026-02-01 10:57:24.059554,151
D_STR09285,D_U0093,D0047,2026-02-08 06:55:24.938653,115
D_STR09286,D_U0015,D0047,2026-02-09 05:37:50.444413,63
D_STR09287,D_U0025,D0036,2026-02-23 02:38:15.424124,209
D_STR09288,D_U0014,D0033,2026-02-28 15:53:20.302183,23
D_STR09289,D_U0041,D0017,2026-02-04 05:30:23.062420,77
D_STR09290,D_U0001,D0016,2026-02-16 05:27:03.011012,121
D_STR09291,D_U0015,D0033,2026-02-17 09:05:35.563856,81
D_STR09292,D_U0013,D0034,2026-02-15 13:24:43.403956,212
D_STR09293,D_U0067,D0049,2026-02-01 03:03:01.929856,111
D_STR09294,D_U0049,D0037,2026-02-25 19:25:09.329122,77
D_STR09295,D_U0083,D0040,2026-02-27 11:01:01.954360,45
D_STR09296,D_U0045,D0050,2026-02-23 18:58:57.110813,66
D_STR09297,D_U0007,D0037,2026-02-06 14:22:42.180688,107
D_STR09298,D_U0028,D0010,2026-02-16 18:03:59.066775,261
D_STR09299,D_U0048,D0031,2026-02-21 13:59:53.760381,135
D_STR09300,D_U0017,D0024,2026-02-28 14:49:12.988032,347
D_STR09301,D_U0044,D0036,2026-02-22 21:20:42.712478,15
D_STR09302,D_U0025,D0020,2026-02-22 20:27:04.265647,86
D_STR09303,D_U0092,D0014,2026-02-23 13:44:29.475472,96
D_STR09304,D_U0039,D0038,2026-02-16 07:30:44.226234,45
D_STR09305,D_U0038,D0036,2026-02-27 07:08:01.409725,45
D_STR09306,D_U0060,D0047,2026-02-08 06:28:32.280556,254
D_STR09307,D_U0009,D0034,2026-02-05 01:39:37.978441,47
D_STR09308,D_U0017,D0045,2026-02-08 19:22:50.106198,143
D_STR09309,D_U0070,D0036,2026-02-16 21:03:25.211105,151
D_STR09310,D_U0065,D0022,2026-02-26 13:39:40.443771,152
D_STR09311,D_U0016,D0027,2026-02-06 21:24:29.716992,174
D_STR09312,D_U0073,D0048,2026-02-10 13:32:26.738891,197
D_STR09313,D_U0096,D0037,2026-02-14 00:52:31.084915,81
D_STR09314,D_U0075,D0030,2026-02-04 17:40:30.674451,129
D_STR09315,D_U0021,D0039,2026-02-28 22:58:02.822595,90
D_STR09316,D_U0052,D0032,2026-02-23 16:38:01.713560,129
D_STR09317,D_U0085,D0043,2026-02-15 01:41:00.560029,50
D_STR09318,D_U0086,D0038,2026-02-01 17:32:30.422755,164
D_STR09319,D_U0097,D0019,2026-02-26 03:15:34.225216,300
D_STR09320,D_U0030,D0042,2026-02-23 05:54:33.958275,139
D_STR09321,D_U0093,D0022,2026-02-03 01:45:00.085743,100
D_STR09322,D_U0022,D0046,2026-02-02 03:58:18.307713,45
D_STR09323,D_U0067,D0034,2026-02-15 10:56:45.758587,115
D_STR09324,D_U0056,D0044,2026-02-26 17:17:03.064460,14
D_STR09325,D_U0027,D0048,2026-02-12 11:19:57.779137,8
D_STR09326,D_U0091,D0038,2026-02-12 20:24:26.897734,140
D_STR09327,D_U0042,D0046,2026-02-01 19:25:07.741586,5
D_STR09328,D_U0076,D0026,2026-02-16 08:00:00.018815,55
D_STR09329,D_U0080,D0017,2026-02-09 18:21:27.093893,40
D_STR09330,D_U0089,D0031,2026-02-16 08:41:48.194263,90
D_STR09331,D_U0096,D0023,2026-02-27 02:00:59.153841,91
D_STR09332,D_U0033,D0034,2026-02-18 12:00:32.333117,7
D_STR09333,D_U0082,D0020,2026-02-12 18:07:42.589245,20
D_STR09334,D_U0010,D0019,2026-02-25 00:28:10.432379,112
D_STR09335,D_U0035,D0048,2026-02-13 00:54:17.463476,164
D_STR09336,D_U0022,D0048,2026-02-12 01:48:30.108759,257
D_STR09337,D_U0092,D0033,2026-02-17 14:46:00.378253,76
D_STR09338,D_U0023,D0031,2026-02-16 22:28:43.737155,139
D_STR09339,D_U0070,D0047,2026-02-26 17:36:12.718632,271
D_STR09340,D_U0011,D0038,2026-02-12 01:09:49.813875,131
D_STR09341,D_U0005,D0042,2026-02-10 01:29:42.102883,240
D_STR09342,D_U0069,D0046,2026-02-21 19:58:43.978829,99
D_STR09343,D_U0072,D0048,2026-02-08 17:58:10.126784,212
D_STR09344,D_U0004,D0008,2026-02-27 14:18:35.754257,105
D_STR09345,D_U0046,D0023,2026-02-16 15:14:05.835773,6
D_STR09346,D_U0051,D0034,2026-02-08 04:56:17.974133,194
D_STR09347,D_U0009,D0009,2026-02-01 00:55:20.529686,185
D_STR09348,D_U0030,D0007,2026-02-13 10:46:50.228824,234
D_STR09349,D_U0051,D0026,2026-02-09 12:55:17.776588,275
D_STR09350,D_U0061,D0027,2026-02-08 07:28:22.922032,213
D_STR09351,D_U0078,D0009,2026-02-17 21:22:27.732731,138
D_STR09352,D_U0089,D0045,2026-02-01 11:13:36.827908,70
D_STR09353,D_U0033,D0045,2026-02-28 17:22:19.682440,164
D_STR09354,D_U0035,D0016,2026-02-21 21:06:31.807190,39
D_STR09355,D_U0094,D0013,2026-02-24 18:57:36.037056,26
D_STR09356,D_U0014,D0042,2026-02-16 20:12:23.379352,199
D_STR09357,D_U0058,D0044,2026-02-15 08:45:45.272481,260
D_STR09358,D_U0032,D0046,2026-02-19 16:08:31.269714,107
D_STR09359,D_U0062,D0040,2026-02-24 10:25:30.805898,102
D_STR09360,D_U0095,D0035,2026-02-08 09:00:26.999290,214
D_STR09361,D_U0095,D0035,2026-02-05 12:25:53.766851,46
D_STR09362,D_U0006,D0036,2026-02-21 11:18:28.709269,177
D_STR09363,D_U0003,D0049,2026-02-26 15:07:37.376375,45
D_STR09364,D_U0084,D0050,2026-02-18 10:49:41.378943,207
D_STR09365,D_U0077,D0019,2026-02-19 12:17:34.544497,93
D_STR09366,D_U0002,D0049,2026-02-17 05:11:01.459079,33
D_STR09367,D_U0068,D0037,2026-02-04 14:39:36.481983,151
D_STR09368,D_U0082,D0033,2026-03-02 06:26:17.442065,39
D_STR09369,D_U0001,D0015,2026-02-13 21:25:23.392106,238
D_STR09370,D_U0054,D0029,2026-02-16 05:58:58.350963,43
D_STR09371,D_U0084,D0041,2026-02-13 05:34:56.163465,134
D_STR09372,D_U0075,D0007,2026-02-15 06:49:26.580214,74
D_STR09373,D_U0077,D0041,2026-02-23 11:27:06.375249,163
D_STR09374,D_U0096,D0050,2026-02-12 05:09:22.859676,160
D_STR09375,D_U0080,D0014,2026-02-01 07:51:44.099833,67
D_STR09376,D_U0076,D0026,2026-02-04 12:00:17.597146,269
D_STR09377,D_U0051,D0019,2026-02-14 19:11:29.992369,294
D_STR09378,D_U0053,D0006,2026-02-20 16:15:04.617081,119
D_STR09379,D_U0095,D0041,2026-02-09 12:48:56.764538,100
D_STR09380,D_U0021,D0011,2026-02-01 19:03:29.632758,155
D_STR09381,D_U0087,D0015,2026-02-03 00:00:55.774347,253
D_STR09382,D_U0064,D0011,2026-02-18 22:45:10.178316,128
D_STR09383,D_U0017,D0040,2026-02-21 02:24:52.375444,121
D_STR09384,D_U0057,D0039,2026-02-15 04:59:09.365139,208
D_STR09385,D_U0006,D0043,2026-02-05 07:52:19.203044,9
D_STR09386,D_U0070,D0046,2026-02-22 05:13:27.090144,114
D_STR09387,D_U0100,D0034,2026-02-14 13:34:13.947075,11
D_STR09388,D_U0007,D0032,2026-02-05 23:17:51.520078,190
D_STR09389,D_U0008,D0010,2026-02-26 15:43:22.004072,192
D_STR09390,D_U0017,D0033,2026-02-15 09:28:52.738668,158
D_STR09391,D_U0090,D0015,2026-02-28 10:26:25.900827,275
D_STR09392,D_U0063,D0042,2026-03-01 01:33:32.893283,176
D_STR09393,D_U0010,D0047,2026-02-18 10:55:14.266930,37
D_STR09394,D_U0088,D0021,2026-02-12 17:35:01.328529,274
D_STR09395,D_U0063,D0033,2026-03-01 00:15:17.895697,33
D_STR09396,D_U0088,D0030,2026-02-08 20:47:12.612253,87
D_STR09397,D_U0024,D0028,2026-02-23 17:12:17.327984,138
D_STR09398,D_U0026,D0017,2026-02-24 09:36:23.971080,90
D_STR09399,D_U0016,D0046,2026-02-19 16:07:42.627438,182
D_STR09400,D_U0015,D0036,2026-02-04 13:45:00.108068,126
D_STR09401,D_U0037,D0034,2026-02-11 23:25:43.295285,236
D_STR09402,D_U0078,D0020,2026-02-01 03:20:34.135031,37
D_STR09403,D_U0030,D0037,2026-03-02 07:00:02.387254,83
D_STR09404,D_U0056,D0049,2026-02-01 04:37:40.744157,40
D_STR09405,D_U0061,D0036,2026-02-28 15:33:24.539329,296
D_STR09406,D_U0073,D0028,2026-02-11 05:24:04.424331,45
D_STR09407,D_U0035,D0046,2026-02-09 22:10:54.450022,175
D_STR09408,D_U0023,D0025,2026-02-02 18:21:52.762569,115
D_STR09409,D_U0082,D0016,2026-01-31 17:46:55.934483,136
D_STR09410,D_U0055,D0043,2026-02-24 14:01:35.788365,102
D_STR09411,D_U0060,D0035,2026-02-06 05:55:27.451355,107
D_STR09412,D_U0091,D0026,2026-02-05 11:15:37.380251,219
D_STR09413,D_U0016,D0042,2026-02-17 04:42:42.323878,58
D_STR09414,D_U0029,D0042,2026-02-20 11:55:15.955021,121
D_STR09415,D_U0043,D0041,2026-02-14 02:56:47.807776,68
D_STR09416,D_U0004,D0030,2026-02-05 16:51:31.241664,120
D_STR09417,D_U0070,D0044,2026-02-06 08:41:12.255056,166
D_STR09418,D_U0084,D0027,2026-02-15 09:20:50.834975,230
D_STR09419,D_U0056,D0033,2026-02-13 15:58:50.436904,12
D_STR09420,D_U0054,D0038,2026-02-12 22:05:33.499249,34
D_STR09421,D_U0064,D0037,2026-02-21 23:08:07.858247,128
D_STR09422,D_U0072,D0016,2026-02-26 17:05:05.778821,70
D_STR09423,D_U0067,D0006,2026-02-28 06:33:24.711020,25
D_STR09424,D_U0015,D0040,2026-02-07 15:20:11.809146,49
D_STR09425,D_U0014,D0019,2026-03-01 17:31:51.136168,302
D_STR09426,D_U0034,D0021,2026-02-28 20:40:56.326714,19
D_STR09427,D_U0020,D0041,2026-02-04 15:06:53.127311,173
D_STR09428,D_U0063,D0046,2026-03-02 02:48:10.316142,164
D_STR09429,D_U0017,D0017,2026-02-27 06:20:23.764441,19
D_STR09430,D_U0023,D0049,2026-02-13 21:40:07.065792,100
D_STR09431,D_U0082,D0043,2026-02-20 14:35:48.188249,89
D_STR09432,D_U0081,D0024,2026-02-22 17:25:52.441658,73
D_STR09433,D_U0060,D0028,2026-02-25 06:12:05.139323,87
D_STR09434,D_U0034,D0021,2026-02-27 20:39:12.483075,239
D_STR09435,D_U0032,D0050,2026-02-15 10:44:12.445990,20
D_STR09436,D_U0043,D0050,2026-02-24 22:58:53.766402,248
D_STR09437,D_U0006,D0023,2026-03-02 02:08:55.019756,206
D_STR09438,D_U0042,D0042,2026-02-26 09:57:27.636187,16
D_STR09439,D_U0013,D0034,2026-02-13 10:17:34.824303,224
D_STR09440,D_U0072,D0048,2026-02-21 01:38:56.333934,74
D_STR09441,D_U0013,D0046,2026-02-28 21:20:32.645571,114
D_STR09442,D_U0008,D0050,2026-02-07 16:57:56.757150,144
D_STR09443,D_U0015,D0033,2026-02-12 00:00:35.386381,35
D_STR09444,D_U0021,D0004,2026-02-08 12:45:11.562620,174
D_STR09445,D_U0061,D0038,2026-02-12 01:04:53.424006,63
D_STR09446,D_U0058,D0037,2026-02-06 06:04:27.455224,108
D_STR09447,D_U0051,D0033,2026-02-24 19:44:45.080003,165
D_STR09448,D_U0082,D0041,2026-02-14 00:33:29.955976,203
D_STR09449,D_U0021,D0039,2026-02-23 04:35:38.873362,318
D_STR09450,D_U0061,D0046,2026-02-24 18:50:39.794073,124
D_STR09451,D_U0097,D0010,2026-02-12 13:31:13.685105,71
D_STR09452,D_U0018,D0007,2026-02-24 04:41:15.766168,237
D_STR09453,D_U0078,D0039,2026-02-12 13:36:20.352019,25
D_STR09454,D_U0073,D0038,2026-02-08 16:00:28.098418,138
D_STR09455,D_U0004,D0036,2026-02-27 14:58:06.134564,125
D_STR09456,D_U0006,D0006,2026-02-22 15:30:24.253388,309
D_STR09457,D_U0052,D0029,2026-02-15 20:07:57.399254,311
D_STR09458,D_U0041,D0048,2026-02-11 08:45:04.067738,252
D_STR09459,D_U0032,D0033,2026-02-19 01:36:27.423801,164
D_STR09460,D_U0075,D0034,2026-02-21 11:52:58.033436,124
D_STR09461,D_U0019,D0008,2026-02-13 10:01:49.989254,123
D_STR09462,D_U0043,D0048,2026-02-21 12:58:34.338525,66
D_STR09463,D_U0063,D0020,2026-02-03 20:36:16.703879,112
D_STR09464,D_U0057,D0048,2026-02-23 15:29:26.937969,75
D_STR09465,D_U0071,D0046,2026-02-03 20:37:24.610438,72
D_STR09466,D_U0025,D0009,2026-02-13 03:49:29.978267,151
D_STR09467,D_U0004,D0044,2026-02-17 06:15:25.093898,181
D_STR09468,D_U0096,D0042,2026-02-14 07:34:26.939177,68
D_STR09469,D_U0056,D0048,2026-02-01 20:47:25.791557,50
D_STR09470,D_U0015,D0040,2026-02-28 23:55:14.454364,49
D_STR09471,D_U0054,D0009,2026-02-12 00:02:40.323116,93
D_STR09472,D_U0068,D0032,2026-02-01 23:13:51.731161,107
D_STR09473,D_U0028,D0050,2026-02-18 00:33:38.612078,260
D_STR09474,D_U0060,D0015,2026-02-07 20:51:42.355630,76
D_STR09475,D_U0049,D0039,2026-03-02 08:13:58.445421,55
D_STR09476,D_U0069,D0007,2026-02-23 01:23:02.331738,265
D_STR09477,D_U0098,D0034,2026-02-08 05:29:11.715657,167
D_STR09478,D_U0059,D0049,2026-02-06 03:04:33.261513,29
D_STR09479,D_U0085,D0049,2026-02-08 07:43:41.328502,57
D_STR09480,D_U0057,D0038,2026-02-06 13:05:36.811587,82
D_STR09481,D_U0064,D0037,2026-02-19 03:43:45.364259,68
D_STR09482,D_U0012,D0035,2026-02-08 04:44:40.755358,164
D_STR09483,D_U0073,D0030,2026-02-27 01:30:04.954718,134
D_STR09484,D_U0083,D0018,2026-02-22 03:27:04.128917,160
D_STR09485,D_U0078,D0006,2026-02-20 19:52:51.700805,301
D_STR09486,D_U0071,D0029,2026-02-22 04:15:42.155339,276
D_STR09487,D_U0047,D0045,2026-02-10 23:56:03.468910,106
D_STR09488,D_U0080,D0047,2026-02-25 21:48:56.995768,82
D_STR09489,D_U0054,D0022,2026-02-05 19:51:28.305402,93
D_STR09490,D_U0021,D0046,2026-02-20 16:09:58.406234,54
D_STR09491,D_U0080,D0041,2026-02-10 19:35:10.156624,150
D_STR09492,D_U0005,D0039,2026-02-27 00:07:33.499849,100
D_STR09493,D_U0056,D0013,2026-01-31 16:07:16.657842,116
D_STR09494,D_U0054,D0027,2026-02-23 06:50:44.437240,187
D_STR09495,D_U0074,D0024,2026-02-12 19:11:28.354263,340
D_STR09496,D_U0046,D0043,2026-02-06 09:23:19.953104,158
D_STR09497,D_U0087,D0035,2026-02-12 22:13:28.522917,7
D_STR09498,D_U0048,D0032,2026-02-19 05:17:51.125530,159
D_STR09499,D_U0078,D0042,2026-02-16 00:09:48.161369,139
D_STR09500,D_U0036,D0020,2026-02-03 07:40:40.678486,53
D_STR09501,D_U0054,D0036,2026-02-28 23:00:55.295452,311
D_STR09502,D_U0098,D0046,2026-02-14 03:58:42.957889,172
D_STR09503,D_U0089,D0049,2026-02-25 09:22:19.530527,78
D_STR09504,D_U0026,D0018,2026-02-26 10:25:27.252574,28
D_STR09505,D_U0028,D0027,2026-02-05 19:56:14.592741,105
D_STR09506,D_U0001,D0033,2026-02-16 10:16:09.618805,167
D_STR09507,D_U0037,D0043,2026-02-13 19:47:51.740587,132
D_STR09508,D_U0022,D0024,2026-02-03 10:18:24.255043,79
D_STR09509,D_U0069,D0047,2026-02-02 15:21:23.129126,120
D_STR09510,D_U0028,D0029,2026-02-20 08:05:25.672072,75
D_STR09511,D_U0039,D0013,2026-02-21 19:20:26.913279,10
D_STR09512,D_U0040,D0042,2026-02-14 20:00:51.959249,96
D_STR09513,D_U0009,D0030,2026-02-10 09:02:56.735867,26
D_STR09514,D_U0016,D0042,2026-02-15 19:04:52.777241,99
D_STR09515,D_U0097,D0002,2026-02-18 12:48:27.015853,57
D_STR09516,D_U0079,D0017,2026-02-12 01:55:21.232004,53
D_STR09517,D_U0005,D0023,2026-03-02 04:32:32.148835,165
D_STR09518,D_U0002,D0030,2026-02-02 15:19:27.695299,101
D_STR09519,D_U0035,D0017,2026-02-03 08:28:06.338916,107
D_STR09520,D_U0074,D0045,2026-02-16 19:45:06.257599,127
D_STR09521,D_U0073,D0031,2026-02-13 10:32:55.170674,70
D_STR09522,D_U0019,D0032,2026-02-11 09:08:39.660897,261
D_STR09523,D_U0015,D0034,2026-02-21 00:33:46.432570,199
D_STR09524,D_U0095,D0048,2026-02-14 17:49:04.057915,71
D_STR09525,D_U0027,D0039,2026-02-06 15:05:36.730758,296
D_STR09526,D_U0018,D0046,2026-02-18 19:30:08.862459,30
D_STR09527,D_U0015,D0021,2026-02-22 07:53:51.027723,193
D_STR09528,D_U0052,D0044,2026-02-02 11:10:44.456136,252
D_STR09529,D_U0030,D0049,2026-02-04 12:08:11.300195,53
D_STR09530,D_U0070,D0049,2026-02-25 08:36:05.496788,82
D_STR09531,D_U0069,D0044,2026-02-10 03:36:20.656955,142
D_STR09532,D_U0088,D0046,2026-02-06 15:58:53.384466,134
D_STR09533,D_U0020,D0029,2026-02-27 19:41:20.815673,32
D_STR09534,D_U0016,D0037,2026-02-01 16:30:44.536238,17
D_STR09535,D_U0097,D0040,2026-02-03 05:07:55.244319,19
D_STR09536,D_U0096,D0019,2026-02-14 02:47:30.292634,201
D_STR09537,D_U0053,D0042,2026-02-07 08:44:25.310628,219
D_STR09538,D_U0061,D0039,2026-02-15 16:04:05.152037,330
D_STR09539,D_U0048,D0048,2026-02-19 20:40:15.751377,255
D_STR09540,D_U0061,D0009,2026-02-18 17:28:20.114369,74
D_STR09541,D_U0063,D0020,2026-02-25 02:34:03.632683,150
D_STR09542,D_U0046,D0033,2026-02-14 14:23:24.796985,84
D_STR09543,D_U0053,D0034,2026-02-18 11:24:18.779570,79
D_STR09544,D_U0100,D0043,2026-02-20 00:49:10.794482,84
D_STR09545,D_U0050,D0027,2026-02-11 07:48:32.090455,27
D_STR09546,D_U0014,D0037,2026-02-02 22:24:42.372405,84
D_STR09547,D_U0051,D0043,2026-02-11 17:25:05.418559,134
D_STR09548,D_U0041,D0018,2026-02-18 19:12:20.470016,197
D_STR09549,D_U0041,D0011,2026-03-01 13:31:57.757500,292
D_STR09550,D_U0009,D0040,2026-02-13 23:25:17.262851,114
D_STR09551,D_U0044,D0046,2026-02-05 07:09:46.475173,113
D_STR09552,D_U0069,D0015,2026-02-04 14:14:41.771758,16
D_STR09553,D_U0050,D0033,2026-02-20 14:35:36.042545,131
D_STR09554,D_U0083,D0046,2026-02-03 06:01:59.431395,105
D_STR09555,D_U0006,D0043,2026-02-15 01:49:33.862242,49
D_STR09556,D_U0025,D0008,2026-02-22 14:32:37.507415,180
D_STR09557,D_U0036,D0026,2026-02-10 00:31:17.768404,85
D_STR09558,D_U0098,D0006,2026-02-27 15:50:55.804455,128
D_STR09559,D_U0073,D0038,2026-02-28 16:51:03.779863,76
D_STR09560,D_U0097,D0039,2026-02-02 17:05:54.842570,235
D_STR09561,D_U0065,D0041,2026-02-10 17:21:15.589350,221
D_STR09562,D_U0053,D0024,2026-02-17 09:11:33.815275,61
D_STR09563,D_U0089,D0034,2026-02-26 17:02:26.491516,47
D_STR09564,D_U0086,D0030,2026-02-27 09:48:13.659596,149
D_STR09565,D_U0088,D0018,2026-02-06 20:27:52.670491,116
D_STR09566,D_U0026,D0034,2026-02-28 04:38:21.299542,52
D_STR09567,D_U0030,D0026,2026-03-02 03:00:02.676468,271
D_STR09568,D_U0042,D0044,2026-02-21 13:28:19.328170,155
D_STR09569,D_U0089,D0028,2026-02-18 00:36:54.627112,261
D_STR09570,D_U0003,D0046,2026-02-02 13:29:46.117804,113
D_STR09571,D_U0033,D0047,2026-02-25 18:37:15.721830,68
D_STR09572,D_U0082,D0030,2026-02-06 00:51:13.141901,84
D_STR09573,D_U0095,D0012,2026-02-21 11:21:28.412319,34
D_STR09574,D_U0059,D0023,2026-02-10 15:33:11.609806,24
D_STR09575,D_U0019,D0040,2026-02-09 09:20:30.671005,75
D_STR09576,D_U0098,D0044,2026-02-05 12:14:09.052140,229
D_STR09577,D_U0053,D0039,2026-02-02 13:47:02.130312,54
D_STR09578,D_U0094,D0032,2026-02-11 21:45:11.040486,46
D_STR09579,D_U0094,D0048,2026-02-18 18:11:44.947969,15
D_STR09580,D_U0036,D0037,2026-02-05 09:53:38.096655,35
D_STR09581,D_U0064,D0050,2026-02-14 13:21:56.169842,160
D_STR09582,D_U0096,D0040,2026-01-31 12:30:13.650104,124
D_STR09583,D_U0046,D0050,2026-02-14 00:28:21.273500,52
D_STR09584,D_U0015,D0040,2026-02-19 05:55:50.058676,119
D_STR09585,D_U0026,D0045,2026-02-11 12:29:54.759020,163
D_STR09586,D_U0025,D0033,2026-01-31 14:12:09.471902,17
D_STR09587,D_U0038,D0028,2026-02-11 04:08:21.508636,256
D_STR09588,D_U0049,D0030,2026-02-23 14:10:00.557798,19
D_STR09589,D_U0087,D0016,2026-02-18 04:32:13.067678,97
D_STR09590,D_U0007,D0041,2026-02-24 20:39:32.080399,117
D_STR09591,D_U0052,D0021,2026-02-07 13:27:37.659491,170
D_STR09592,D_U0096,D0038,2026-02-28 18:53:42.908508,128
D_STR09593,D_U0050,D0026,2026-02-17 20:32:46.205531,115
D_STR09594,D_U0014,D0050,2026-02-05 15:32:11.835321,145
D_STR09595,D_U0028,D0034,2026-02-24 12:47:08.512135,229
D_STR09596,D_U0054,D0050,2026-02-09 06:26:15.126567,88
D_STR09597,D_U0011,D0031,2026-02-03 11:58:29.099650,152
D_STR09598,D_U0053,D0028,2026-02-11 15:58:11.313395,90
D_STR09599,D_U0079,D0010,2026-02-10 07:50:50.185392,106
D_STR09600,D_U0003,D0033,2026-02-27 14:10:46.492971,169
D_STR09601,D_U0040,D0024,2026-02-12 20:05:18.518963,270
D_STR09602,D_U0098,D0047,2026-02-11 13:10:19.452804,64
D_STR09603,D_U0095,D0022,2026-02-20 03:57:13.873182,49
D_STR09604,D_U0046,D0006,2026-02-01 00:47:47.012963,153
D_STR09605,D_U0041,D0005,2026-02-03 20:52:16.654879,88
D_STR09606,D_U0015,D0048,2026-02-28 00:25:57.178412,26
D_STR09607,D_U0020,D0049,2026-02-08 05:38:03.506403,112
D_STR09608,D_U0045,D0041,2026-02-08 05:15:30.877136,242
D_STR09609,D_U0085,D0044,2026-02-12 01:00:21.280618,232
D_STR09610,D_U0014,D0045,2026-02-10 22:18:18.063184,40
D_STR09611,D_U0009,D0042,2026-02-07 04:09:42.812860,266
D_STR09612,D_U0083,D0042,2026-02-08 00:14:10.318201,147
D_STR09613,D_U0035,D0040,2026-02-21 13:41:21.149633,32
D_STR09614,D_U0035,D0039,2026-03-01 04:54:42.475410,236
D_STR09615,D_U0079,D0016,2026-02-24 11:06:19.271939,250
D_STR09616,D_U0055,D0040,2026-02-05 02:38:31.330226,97
D_STR09617,D_U0072,D0043,2026-02-14 04:04:16.455717,130
D_STR09618,D_U0089,D0030,2026-02-22 21:07:40.211899,107
D_STR09619,D_U0028,D0035,2026-02-17 10:41:11.083607,306
D_STR09620,D_U0032,D0015,2026-02-06 06:44:30.093133,268
D_STR09621,D_U0079,D0050,2026-02-10 18:41:08.487612,261
D_STR09622,D_U0091,D0041,2026-02-18 11:02:55.073445,61
D_STR09623,D_U0043,D0042,2026-02-27 18:18:39.168873,10
D_STR09624,D_U0027,D0038,2026-02-28 05:12:48.800914,194
D_STR09625,D_U0046,D0029,2026-02-07 23:41:13.859419,291
D_STR09626,D_U0052,D0044,2026-02-15 09:10:17.925911,292
D_STR09627,D_U0015,D0042,2026-02-03 13:55:00.581684,113
D_STR09628,D_U0089,D0046,2026-02-16 03:20:37.332749,41
D_STR09629,D_U0097,D0023,2026-02-02 03:53:01.007177,91
D_STR09630,D_U0084,D0021,2026-02-21 10:56:42.454758,64
D_STR09631,D_U0100,D0028,2026-02-10 03:36:29.349135,45
D_STR09632,D_U0013,D0050,2026-02-16 23:40:13.610066,65
D_STR09633,D_U0042,D0039,2026-02-17 19:56:39.170553,182
D_STR09634,D_U0067,D0032,2026-02-17 14:06:07.889816,97
D_STR09635,D_U0010,D0042,2026-02-06 03:19:29.163761,263
D_STR09636,D_U0029,D0039,2026-02-21 10:02:06.358499,43
D_STR09637,D_U0063,D0045,2026-01-31 11:53:38.960772,181
D_STR09638,D_U0026,D0016,2026-02-26 01:17:25.832743,112
D_STR09639,D_U0084,D0036,2026-02-07 08:51:11.985129,286
D_STR09640,D_U0036,D0044,2026-02-08 20:46:14.732581,40
D_STR09641,D_U0008,D0031,2026-02-19 21:12:00.579534,152
D_STR09642,D_U0069,D0010,2026-02-24 23:13:02.019667,107
D_STR09643,D_U0018,D0048,2026-02-18 15:41:25.512782,66
D_STR09644,D_U0062,D0038,2026-02-06 20:32:53.282516,192
D_STR09645,D_U0069,D0035,2026-02-02 17:09:03.687272,80
D_STR09646,D_U0002,D0035,2026-02-25 21:25:08.946387,98
D_STR09647,D_U0062,D0021,2026-02-04 04:40:30.053638,238
D_STR09648,D_U0016,D0047,2026-02-03 03:16:44.464613,213
D_STR09649,D_U0098,D0027,2026-02-07 19:07:06.043717,45
D_STR09650,D_U0017,D0041,2026-02-19 04:37:59.383234,104
D_STR09651,D_U0096,D0042,2026-02-20 02:27:23.969373,89
D_STR09652,D_U0036,D0026,2026-02-14 09:39:11.554684,283
D_STR09653,D_U0045,D0036,2026-02-13 03:09:09.541963,97
D_STR09654,D_U0082,D0047,2026-02-19 01:21:09.416880,267
D_STR09655,D_U0073,D0014,2026-02-10 06:12:07.179818,103
D_STR09656,D_U0033,D0040,2026-02-14 19:59:01.074293,82
D_STR09657,D_U0013,D0032,2026-02-20 09:55:50.060327,71
D_STR09658,D_U0086,D0029,2026-02-12 08:12:36.271123,54
D_STR09659,D_U0008,D0037,2026-02-21 14:40:38.121022,87
D_STR09660,D_U0029,D0046,2026-02-24 01:15:58.968277,19
D_STR09661,D_U0091,D0011,2026-02-23 13:00:09.232068,15
D_STR09662,D_U0076,D0031,2026-02-02 08:03:01.667856,40
D_STR09663,D_U0016,D0026,2026-03-01 10:10:12.077805,106
D_STR09664,D_U0008,D0006,2026-02-28 04:57:20.790007,299
D_STR09665,D_U0035,D0037,2026-02-26 00:08:04.177252,130
D_STR09666,D_U0039,D0049,2026-02-23 12:09:41.913870,95
D_STR09667,D_U0004,D0019,2026-02-26 18:32:12.761422,257
D_STR09668,D_U0077,D0039,2026-02-09 03:39:51.985286,142
D_STR09669,D_U0005,D0023,2026-02-23 17:09:37.798840,179
D_STR09670,D_U0100,D0019,2026-02-11 09:39:06.589992,136
D_STR09671,D_U0033,D0049,2026-02-07 02:15:53.410982,99
D_STR09672,D_U0065,D0042,2026-02-14 22:22:27.958297,44
D_STR09673,D_U0036,D0005,2026-02-09 06:06:39.357833,91
D_STR09674,D_U0030,D0017,2026-03-01 17:59:30.810701,66
D_STR09675,D_U0076,D0028,2026-02-26 16:04:32.181785,81
D_STR09676,D_U0055,D0049,2026-02-08 03:55:06.368478,56
D_STR09677,D_U0086,D0010,2026-02-04 19:41:31.412790,254
D_STR09678,D_U0087,D0023,2026-02-12 04:17:36.855321,109
D_STR09679,D_U0041,D0042,2026-02-06 13:39:00.369309,122
D_STR09680,D_U0077,D0030,2026-02-25 01:57:31.551788,146
D_STR09681,D_U0023,D0048,2026-02-08 15:05:25.987545,18
D_STR09682,D_U0009,D0015,2026-02-22 18:37:36.549348,93
D_STR09683,D_U0099,D0043,2026-02-20 22:57:04.824438,161
D_STR09684,D_U0096,D0023,2026-02-01 20:43:59.087284,179
D_STR09685,D_U0082,D0034,2026-02-16 00:51:42.693083,147
D_STR09686,D_U0095,D0037,2026-02-07 18:37:49.421155,18
D_STR09687,D_U0026,D0048,2026-02-02 00:05:01.172966,104
D_STR09688,D_U0033,D0050,2026-01-31 22:36:45.561964,209
D_STR09689,D_U0003,D0047,2026-02-28 16:11:41.328112,220
D_STR09690,D_U0091,D0039,2026-02-16 03:04:00.168031,233
D_STR09691,D_U0003,D0001,2026-02-06 06:31:56.591219,37
D_STR09692,D_U0020,D0026,2026-01-31 19:48:34.290849,128
D_STR09693,D_U0008,D0041,2026-02-01 04:49:55.218717,69
D_STR09694,D_U0036,D0023,2026-02-13 10:08:09.039369,245
D_STR09695,D_U0087,D0016,2026-02-06 22:18:24.063776,185
D_STR09696,D_U0065,D0037,2026-02-22 22:31:50.554465,76
D_STR09697,D_U0017,D0005,2026-02-23 02:48:57.674391,63
D_STR09698,D_U0020,D0046,2026-02-11 14:20:19.021429,79
D_STR09699,D_U0072,D0023,2026-02-22 17:10:52.424348,168
D_STR09700,D_U0035,D0019,2026-02-25 21:41:45.227583,212
D_STR09701,D_U0043,D0050,2026-02-08 06:05:18.212619,282
D_STR09702,D_U0023,D0028,2026-03-02 05:13:52.504420,85
D_STR09703,D_U0021,D0028,2026-02-01 04:58:43.356994,164
D_STR09704,D_U0051,D0035,2026-02-18 06:05:27.133208,155
D_STR09705,D_U0002,D0042,2026-02-12 11:51:54.179340,72
D_STR09706,D_U0059,D0036,2026-02-15 09:57:58.371520,100
D_STR09707,D_U0077,D0029,2026-02-17 16:37:46.478987,219
D_STR09708,D_U0074,D0025,2026-02-24 08:17:43.001631,128
D_STR09709,D_U0033,D0042,2026-02-14 12:21:22.116775,76
D_STR09710,D_U0040,D0048,2026-02-03 12:57:58.863592,220
D_STR09711,D_U0071,D0024,2026-02-27 09:33:24.910131,32
D_STR09712,D_U0045,D0048,2026-02-26 08:19:45.024595,241
D_STR09713,D_U0093,D0034,2026-02-16 12:50:36.585470,153
D_STR09714,D_U0059,D0044,2026-02-13 17:37:32.764174,31
D_STR09715,D_U0011,D0046,2026-02-28 12:14:21.575892,165
D_STR09716,D_U0004,D0045,2026-02-09 08:24:15.794508,72
D_STR09717,D_U0038,D0033,2026-02-21 11:21:45.541352,103
D_STR09718,D_U0098,D0017,2026-02-11 22:43:34.507884,34
D_STR09719,D_U0042,D0023,2026-03-02 09:32:12.562335,108
D_STR09720,D_U0063,D0028,2026-02-13 15:22:35.277625,158
D_STR09721,D_U0053,D0039,2026-02-01 07:57:48.724519,195
D_STR09722,D_U0040,D0012,2026-02-23 22:33:43.245418,166
D_STR09723,D_U0063,D0049,2026-02-23 19:32:38.606861,67
D_STR09724,D_U0061,D0042,2026-02-11 06:04:30.965957,71
D_STR09725,D_U0037,D0015,2026-02-12 19:43:18.681840,92
D_STR09726,D_U0048,D0043,2026-02-08 14:07:14.858243,8
D_STR09727,D_U0078,D0015,2026-02-12 11:14:20.676605,183
D_STR09728,D_U0024,D0025,2026-02-06 16:31:19.195763,46
D_STR09729,D_U0022,D0042,2026-02-22 10:02:39.745582,174
D_STR09730,D_U0014,D0043,2026-02-15 11:02:32.523070,148
D_STR09731,D_U0049,D0027,2026-02-16 20:09:51.992591,216
D_STR09732,D_U0089,D0041,2026-02-04 03:23:01.227515,42
D_STR09733,D_U0044,D0046,2026-02-17 01:18:38.688657,111
D_STR09734,D_U0002,D0035,2026-02-13 22:49:50.392450,211
D_STR09735,D_U0099,D0041,2026-02-10 02:31:37.030422,152
D_STR09736,D_U0030,D0019,2026-02-07 02:54:49.649042,139
D_STR09737,D_U0045,D0044,2026-02-20 00:05:01.590438,86
D_STR09738,D_U0025,D0046,2026-02-26 17:34:43.252800,12
D_STR09739,D_U0073,D0042,2026-02-18 17:45:02.838349,84
D_STR09740,D_U0044,D0049,2026-02-15 20:03:30.563815,6
D_STR09741,D_U0004,D0024,2026-02-13 07:33:41.112234,349
D_STR09742,D_U0049,D0049,2026-02-23 14:06:50.075993,115
D_STR09743,D_U0083,D0023,2026-02-04 07:58:29.253010,196
D_STR09744,D_U0047,D0036,2026-02-15 12:56:57.452976,82
D_STR09745,D_U0057,D0013,2026-02-03 03:47:35.361141,23
D_STR09746,D_U0019,D0024,2026-02-08 16:32:19.751757,39
D_STR09747,D_U0012,D0036,2026-02-12 00:20:23.913371,319
D_STR09748,D_U0011,D0040,2026-02-25 03:27:50.049473,81
D_STR09749,D_U0099,D0050,2026-02-28 09:41:44.971141,181
D_STR09750,D_U0011,D0036,2026-02-19 05:31:48.966125,105
D_STR09751,D_U0006,D0024,2026-02-19 00:18:01.561380,53
D_STR09752,D_U0019,D0001,2026-02-21 17:53:05.884775,166
D_STR09753,D_U0073,D0030,2026-02-23 18:52:30.753686,108
D_STR09754,D_U0046,D0020,2026-02-14 00:38:21.544033,34
D_STR09755,D_U0012,D0015,2026-02-05 16:15:36.357157,61
D_STR09756,D_U0086,D0017,2026-02-10 01:24:48.934120,57
D_STR09757,D_U0023,D0049,2026-02-28 03:16:48.104166,22
D_STR09758,D_U0083,D0027,2026-02-10 07:53:48.939911,54
D_STR09759,D_U0033,D0034,2026-02-05 21:17:04.472466,148
D_STR09760,D_U0075,D0030,2026-02-08 18:29:20.526023,18
D_STR09761,D_U0048,D0029,2026-02-13 20:03:00.232940,188
D_STR09762,D_U0088,D0032,2026-02-28 08:03:38.462324,147
D_STR09763,D_U0098,D0049,2026-02-13 14:52:13.536740,79
D_STR09764,D_U0071,D0018,2026-02-25 14:08:41.152173,231
D_STR09765,D_U0041,D0046,2026-02-06 07:54:10.581816,118
D_STR09766,D_U0055,D0041,2026-02-25 17:40:23.681426,167
D_STR09767,D_U0049,D0049,2026-02-25 06:11:46.878568,57
D_STR09768,D_U0080,D0046,2026-02-07 21:32:32.349241,136
D_STR09769,D_U0004,D0022,2026-02-20 16:14:06.399681,150
D_STR09770,D_U0084,D0024,2026-02-19 10:34:22.426841,239
D_STR09771,D_U0098,D0020,2026-02-26 21:35:48.730609,21
D_STR09772,D_U0029,D0033,2026-02-05 07:25:42.395001,83
D_STR09773,D_U0064,D0015,2026-02-28 03:14:08.490541,97
D_STR09774,D_U0046,D0024,2026-02-04 15:07:08.755528,38
D_STR09775,D_U0010,D0028,2026-02-27 11:43:56.322591,52
D_STR09776,D_U0097,D0022,2026-02-06 23:33:44.915404,134
D_STR09777,D_U0053,D0019,2026-02-24 19:38:41.536490,44
D_STR09778,D_U0039,D0030,2026-02-02 22:20:59.877229,7
D_STR09779,D_U0048,D0046,2026-02-23 15:02:45.311996,130
D_STR09780,D_U0081,D0044,2026-02-23 10:01:12.410829,310
D_STR09781,D_U0081,D0026,2026-02-05 05:18:12.738971,72
D_STR09782,D_U0002,D0035,2026-02-03 05:17:29.065307,87
D_STR09783,D_U0076,D0032,2026-02-06 12:52:26.821587,217
D_STR09784,D_U0065,D0046,2026-02-02 23:54:07.981117,162
D_STR09785,D_U0044,D0023,2026-02-27 04:03:41.585657,39
D_STR09786,D_U0055,D0033,2026-02-24 01:50:19.095897,5
D_STR09787,D_U0007,D0015,2026-02-20 13:29:00.825670,21
D_STR09788,D_U0026,D0041,2026-03-01 16:38:14.046708,244
D_STR09789,D_U0022,D0025,2026-02-02 18:42:15.633592,79
D_STR09790,D_U0008,D0020,2026-02-04 19:57:17.485202,97
D_STR09791,D_U0066,D0050,2026-02-15 18:13:45.110766,259
D_STR09792,D_U0042,D0027,2026-02-13 19:10:51.203527,72
D_STR09793,D_U0095,D0049,2026-02-17 20:22:43.260161,107
D_STR09794,D_U0003,D0029,2026-02-14 05:51:27.352931,114
D_STR09795,D_U0022,D0016,2026-02-21 03:32:39.447846,209
D_STR09796,D_U0045,D0016,2026-02-01 23:08:53.176570,153
D_STR09797,D_U0036,D0046,2026-02-27 15:11:49.422358,186
D_STR09798,D_U0023,D0048,2026-02-25 10:10:45.624110,30
D_STR09799,D_U0086,D0037,2026-02-10 22:11:06.861434,141
D_STR09800,D_U0044,D0015,2026-02-24 12:25:10.187754,112
D_STR09801,D_U0010,D0037,2026-02-04 10:07:50.927164,11
D_STR09802,D_U0054,D0013,2026-02-26 01:16:07.750034,157
D_STR09803,D_U0026,D0017,2026-02-06 03:46:59.826725,52
D_STR09804,D_U0079,D0023,2026-03-01 12:17:19.016168,88
D_STR09805,D_U0100,D0024,2026-02-04 09:35:04.163993,59
D_STR09806,D_U0076,D0042,2026-02-16 04:43:10.299517,263
D_STR09807,D_U0032,D0020,2026-02-07 16:36:21.051876,77
D_STR09808,D_U0097,D0021,2026-02-25 20:26:04.458925,261
D_STR09809,D_U0057,D0044,2026-02-15 11:49:13.836408,230
D_STR09810,D_U0034,D0048,2026-02-08 19:46:53.490952,197
D_STR09811,D_U0015,D0048,2026-02-11 10:31:30.445619,67
D_STR09812,D_U0006,D0044,2026-02-12 22:35:39.895360,46
D_STR09813,D_U0074,D0035,2026-02-06 13:58:35.610254,118
D_STR09814,D_U0043,D0012,2026-02-12 11:55:57.175482,201
D_STR09815,D_U0003,D0024,2026-02-12 01:32:11.813850,304
D_STR09816,D_U0002,D0033,2026-02-22 19:43:48.478405,48
D_STR09817,D_U0089,D0049,2026-02-03 01:01:11.259901,21
D_STR09818,D_U0058,D0037,2026-02-23 23:24:37.414190,12
D_STR09819,D_U0054,D0049,2026-02-19 01:49:03.769808,92
D_STR09820,D_U0083,D0039,2026-02-05 22:47:55.635636,245
D_STR09821,D_U0086,D0040,2026-02-08 21:25:54.408688,49
D_STR09822,D_U0019,D0046,2026-02-04 23:50:10.588394,93
D_STR09823,D_U0037,D0031,2026-02-21 21:16:21.976151,95
D_STR09824,D_U0055,D0043,2026-02-28 20:08:13.946438,18
D_STR09825,D_U0083,D0047,2026-03-01 13:17:32.113911,82
D_STR09826,D_U0009,D0050,2026-02-03 18:31:09.544292,46
D_STR09827,D_U0085,D0048,2026-02-14 06:01:27.253999,170
D_STR09828,D_U0068,D0047,2026-02-21 10:45:38.387491,147
D_STR09829,D_U0033,D0045,2026-02-10 01:24:06.124813,16
D_STR09830,D_U0026,D0008,2026-03-02 00:51:38.633957,307
D_STR09831,D_U0040,D0030,2026-02-10 05:06:45.953135,118
D_STR09832,D_U0044,D0040,2026-02-02 11:33:46.894466,118
D_STR09833,D_U0005,D0048,2026-02-04 19:05:47.892604,104
D_STR09834,D_U0032,D0046,2026-02-28 23:59:22.689191,151
D_STR09835,D_U0067,D0040,2026-02-07 08:37:49.576628,77
D_STR09836,D_U0055,D0047,2026-02-27 03:45:34.895823,97
D_STR09837,D_U0002,D0036,2026-02-12 01:08:39.154097,242
D_STR09838,D_U0052,D0018,2026-02-02 06:35:42.403079,31
D_STR09839,D_U0025,D0041,2026-02-11 10:07:29.368888,45
D_STR09840,D_U0065,D0020,2026-02-08 02:15:31.690330,68
D_STR09841,D_U0066,D0020,2026-02-28 22:05:09.310041,101
D_STR09842,D_U0082,D0019,2026-02-05 07:28:52.307940,31
D_STR09843,D_U0017,D0043,2026-02-24 22:43:11.518023,40
D_STR09844,D_U0019,D0042,2026-02-26 13:48:37.561217,18
D_STR09845,D_U0039,D0041,2026-02-10 05:49:08.487972,38
D_STR09846,D_U0072,D0028,2026-02-20 13:11:02.796728,180
D_STR09847,D_U0015,D0039,2026-02-10 12:03:28.717800,63
D_STR09848,D_U0029,D0040,2026-02-23 03:22:08.859136,106
D_STR09849,D_U0087,D0031,2026-02-03 00:52:58.380999,18
D_STR09850,D_U0096,D0012,2026-02-22 03:29:56.693896,169
D_STR09851,D_U0027,D0023,2026-02-26 04:00:01.502283,121
D_STR09852,D_U0056,D0031,2026-02-06 13:27:43.693789,45
D_STR09853,D_U0033,D0045,2026-02-06 05:49:43.538866,84
D_STR09854,D_U0038,D0030,2026-02-04 23:45:33.369435,147
D_STR09855,D_U0064,D0038,2026-02-15 16:19:15.293563,179
D_STR09856,D_U0047,D0036,2026-02-21 16:08:05.962875,11
D_STR09857,D_U0078,D0011,2026-02-16 05:32:12.890619,121
D_STR09858,D_U0013,D0046,2026-02-07 13:05:48.254382,165
D_STR09859,D_U0030,D0033,2026-02-23 06:27:17.878182,13
D_STR09860,D_U0049,D0045,2026-02-13 21:35:09.894214,141
D_STR09861,D_U0086,D0038,2026-02-24 10:54:46.139166,132
D_STR09862,D_U0023,D0033,2026-02-19 08:42:48.517098,133
D_STR09863,D_U0087,D0033,2026-02-03 23:29:37.167293,112
D_STR09864,D_U0017,D0037,2026-02-19 01:55:06.540979,21
D_STR09865,D_U0031,D0050,2026-03-01 23:25:06.587547,74
D_STR09866,D_U0066,D0047,2026-02-10 06:18:06.128043,11
D_STR09867,D_U0084,D0039,2026-02-12 19:10:10.931273,337
D_STR09868,D_U0027,D0027,2026-02-17 13:23:28.261562,103
D_STR09869,D_U0046,D0044,2026-02-15 01:20:54.408006,57
D_STR09870,D_U0020,D0047,2026-03-02 06:54:08.164412,167
D_STR09871,D_U0002,D0013,2026-02-14 23:13:12.236070,178
D_STR09872,D_U0001,D0050,2026-02-18 14:56:00.690535,56
D_STR09873,D_U0014,D0026,2026-02-02 01:21:11.860920,55
D_STR09874,D_U0008,D0042,2026-02-18 21:54:14.061368,81
D_STR09875,D_U0007,D0046,2026-02-19 19:12:32.264657,7
D_STR09876,D_U0065,D0031,2026-02-23 19:56:31.263813,128
D_STR09877,D_U0034,D0028,2026-02-09 20:56:14.610400,164
D_STR09878,D_U0054,D0042,2026-02-14 16:36:20.282656,225
D_STR09879,D_U0004,D0017,2026-02-04 10:30:02.401220,55
D_STR09880,D_U0028,D0036,2026-02-26 03:53:59.548635,268
D_STR09881,D_U0018,D0050,2026-02-22 21:43:28.489379,139
D_STR09882,D_U0072,D0050,2026-02-10 21:50:50.395732,291
D_STR09883,D_U0033,D0028,2026-02-03 03:09:58.686434,278
D_STR09884,D_U0032,D0049,2026-03-01 22:29:27.068428,70
D_STR09885,D_U0015,D0026,2026-02-27 13:41:06.617289,101
D_STR09886,D_U0042,D0024,2026-02-25 07:56:31.610980,32
D_STR09887,D_U0047,D0037,2026-02-05 19:37:37.872288,87
D_STR09888,D_U0076,D0023,2026-02-21 20:28:27.849472,240
D_STR09889,D_U0039,D0048,2026-02-10 12:58:14.095863,104
D_STR09890,D_U0050,D0041,2026-02-21 22:45:22.844438,159
D_STR09891,D_U0029,D0034,2026-02-17 01:28:25.176337,147
D_STR09892,D_U0034,D0040,2026-02-08 03:40:31.910888,56
D_STR09893,D_U0072,D0016,2026-02-21 21:00:38.720308,193
D_STR09894,D_U0098,D0036,2026-02-19 09:35:27.575706,236
D_STR09895,D_U0090,D0038,2026-02-10 17:48:01.943200,138
D_STR09896,D_U0036,D0038,2026-02-05 18:57:13.759166,123
D_STR09897,D_U0029,D0050,2026-02-14 17:16:08.815646,250
D_STR09898,D_U0098,D0028,2026-02-01 14:50:08.547757,152
D_STR09899,D_U0098,D0045,2026-02-15 07:25:32.566027,172
D_STR09900,D_U0066,D0045,2026-02-02 22:07:43.770488,86
D_STR09901,D_U0040,D0040,2026-02-14 16:37:46.426140,58
D_STR09902,D_U0035,D0023,2026-02-20 22:41:59.232804,32
D_STR09903,D_U0022,D0028,2026-02-14 00:49:17.394314,85
D_STR09904,D_U0021,D0026,2026-02-26 23:53:06.290114,171
D_STR09905,D_U0002,D0014,2026-02-22 09:24:35.555590,92
D_STR09906,D_U0042,D0014,2026-02-25 16:39:20.770971,21
D_STR09907,D_U0088,D0035,2026-02-08 01:53:31.234018,133
D_STR09908,D_U0055,D0039,2026-02-12 22:39:25.441077,100
D_STR09909,D_U0061,D0045,2026-02-06 23:34:57.165875,141
D_STR09910,D_U0037,D0042,2026-02-20 14:48:04.577901,153
D_STR09911,D_U0063,D0015,2026-03-01 18:44:04.053968,118
D_STR09912,D_U0099,D0020,2026-03-01 12:13:05.736261,128
D_STR09913,D_U0051,D0032,2026-02-26 14:08:49.500974,88
D_STR09914,D_U0061,D0034,2026-02-06 01:07:04.259209,80
D_STR09915,D_U0016,D0020,2026-02-04 09:54:08.140949,77
D_STR09916,D_U0009,D0049,2026-02-14 17:37:37.979214,10
D_STR09917,D_U0069,D0045,2026-02-17 23:01:35.690226,150
D_STR09918,D_U0059,D0004,2026-02-24 07:33:39.396871,144
D_STR09919,D_U0062,D0047,2026-02-06 08:43:58.670394,72
D_STR09920,D_U0015,D0046,2026-02-02 04:01:36.175246,165
D_STR09921,D_U0093,D0022,2026-02-27 18:42:13.044765,107
D_STR09922,D_U0065,D0048,2026-02-02 07:50:45.736653,13
D_STR09923,D_U0073,D0032,2026-02-16 22:30:07.371279,53
D_STR09924,D_U0059,D0018,2026-03-01 13:42:50.351784,235
D_STR09925,D_U0062,D0027,2026-02-01 10:36:58.845201,95
D_STR09926,D_U0015,D0038,2026-02-02 19:56:09.749091,22
D_STR09927,D_U0015,D0022,2026-02-06 05:19:29.287697,119
D_STR09928,D_U0024,D0050,2026-02-12 00:41:24.742194,33
D_STR09929,D_U0040,D0047,2026-02-09 19:26:52.987998,73
D_STR09930,D_U0039,D0024,2026-02-17 18:24:50.994845,35
D_STR09931,D_U0081,D0016,2026-02-08 06:59:00.973401,99
D_STR09932,D_U0011,D0034,2026-02-28 19:56:31.127460,200
D_STR09933,D_U0010,D0010,2026-02-22 04:22:45.816108,201
D_STR09934,D_U0044,D0035,2026-01-31 18:49:25.870237,221
D_STR09935,D_U0010,D0034,2026-02-27 00:03:46.198288,135
D_STR09936,D_U0081,D0029,2026-02-07 06:16:50.177831,268
D_STR09937,D_U0071,D0037,2026-02-09 01:32:40.954218,74
D_STR09938,D_U0031,D0012,2026-02-08 07:01:19.748544,190
D_STR09939,D_U0066,D0038,2026-02-02 02:42:14.495771,54
D_STR09940,D_U0053,D0017,2026-02-28 14:18:57.890256,84
D_STR09941,D_U0062,D0031,2026-02-14 09:39:48.132518,41
D_STR09942,D_U0079,D0047,2026-02-03 17:28:11.915110,110
D_STR09943,D_U0042,D0049,2026-02-04 00:49:51.532095,17
D_STR09944,D_U0085,D0045,2026-02-09 03:26:58.964787,109
D_STR09945,D_U0015,D0039,2026-02-04 16:38:58.983878,156
D_STR09946,D_U0047,D0049,2026-02-05 15:50:28.231260,49
D_STR09947,D_U0023,D0011,2026-02-04 09:40:35.873052,198
D_STR09948,D_U0061,D0030,2026-02-09 01:36:09.053760,64
D_STR09949,D_U0098,D0036,2026-02-25 12:53:13.980041,53
D_STR09950,D_U0020,D0034,2026-02-19 23:51:47.419969,173
D_STR09951,D_U0022,D0028,2026-02-04 18:54:56.885120,166
D_STR09952,D_U0086,D0044,2026-02-15 09:34:16.976635,80
D_STR09953,D_U0071,D0043,2026-02-12 02:59:26.811151,141
D_STR09954,D_U0086,D0043,2026-02-12 15:37:46.923548,62
D_STR09955,D_U0007,D0036,2026-03-01 09:02:29.270466,208
D_STR09956,D_U0068,D0047,2026-02-18 21:05:36.691628,161
D_STR09957,D_U0054,D0007,2026-02-02 13:30:38.723404,201
D_STR09958,D_U0076,D0040,2026-02-03 19:41:01.852116,102
D_STR09959,D_U0087,D0030,2026-02-26 20:11:01.585514,104
D_STR09960,D_U0095,D0021,2026-02-04 21:04:58.740295,143
D_STR09961,D_U0074,D0024,2026-02-10 11:13:40.143864,178
D_STR09962,D_U0086,D0006,2026-02-12 05:18:34.132632,149
D_STR09963,D_U0065,D0009,2026-02-15 18:13:03.670514,67
D_STR09964,D_U0039,D0044,2026-02-19 17:24:44.557986,251
D_STR09965,D_U0036,D0042,2026-02-05 10:02:20.745570,206
D_STR09966,D_U0057,D0033,2026-02-04 13:44:51.457357,15
D_STR09967,D_U0032,D0019,2026-02-27 19:18:14.531657,191
D_STR09968,D_U0043,D0026,2026-02-03 00:37:24.675757,124
D_STR09969,D_U0024,D0025,2026-02-20 00:02:49.811595,53
D_STR09970,D_U0056,D0048,2026-02-04 18:33:00.012208,76
D_STR09971,D_U0007,D0026,2026-02-02 18:12:53.172387,244
D_STR09972,D_U0042,D0029,2026-02-01 07:07:12.936013,136
D_STR09973,D_U0047,D0042,2026-02-14 22:21:15.525672,271
D_STR09974,D_U0098,D0048,2026-02-21 02:37:38.594009,114
D_STR09975,D_U0044,D0039,2026-01-31 19:26:21.493549,106
D_STR09976,D_U0077,D0044,2026-02-18 03:12:47.282437,95
D_STR09977,D_U0046,D0022,2026-02-12 00:22:57.505055,185
D_STR09978,D_U0009,D0045,2026-02-22 16:14:29.183457,193
D_STR09979,D_U0026,D0039,2026-01-31 20:35:08.554686,42
D_STR09980,D_U0049,D0033,2026-02-07 23:42:44.921199,36
D_STR09981,D_U0094,D0046,2026-02-27 19:50:47.370582,90
D_STR09982,D_U0077,D0049,2026-02-17 19:09:40.431175,72
D_STR09983,D_U0066,D0041,2026-02-14 01:39:50.895937,194
D_STR09984,D_U0006,D0046,2026-02-19 11:28:50.608391,49
D_STR09985,D_U0062,D0012,2026-02-07 19:21:30.007367,259
D_STR09986,D_U0088,D0039,2026-02-02 19:15:58.448567,93
D_STR09987,D_U0072,D0049,2026-02-03 12:30:37.217222,56
D_STR09988,D_U0016,D0048,2026-02-28 14:35:08.910906,68
D_STR09989,D_U0039,D0022,2026-02-11 09:42:26.318959,5
D_STR09990,D_U0057,D0047,2026-02-12 17:30:44.502944,231
D_STR09991,D_U0030,D0040,2026-02-24 09:46:33.713212,63
D_STR09992,D_U0072,D0020,2026-02-23 10:38:17.899144,91
D_STR09993,D_U0053,D0040,2026-02-27 14:37:27.408114,84
D_STR09994,D_U0001,D0035,2026-02-04 17:58:08.335241,255
D_STR09995,D_U0001,D0028,2026-02-20 06:39:20.450301,156
D_STR09996,D_U0028,D0034,2026-02-20 08:32:36.636541,133
D_STR09997,D_U0086,D0024,2026-02-16 01:25:57.809203,151
D_STR09998,D_U0028,D0038,2026-02-06 03:50:50.977853,22
D_STR09999,D_U0001,D0036,2026-02-17 07:27:59.898947,233
D_STR10000,D_U0077,D0050,2026-02-27 07:30:53.192262,322
