stream_id,user_id,song_id,timestamp,duration_listened
D_STR00001,D_U0010,D0023,2026-02-07 19:46:30.736943,48
D_STR00002,D_U0018,D0045,2026-02-10 08:18:56.955997,110
D_STR00003,D_U0070,D0049,2026-02-22 05:50:46.817171,179
D_STR00004,D_U0067,D0028,2026-03-02 20:54:04.069063,224
D_STR00005,D_U0022,D0032,2026-02-16 02:04:51.596337,38
D_STR00006,D_U0006,D0029,2026-02-27 10:01:02.810600,102
D_STR00007,D_U0072,D0030,2026-02-17 00:57:13.831346,58
D_STR00008,D_U0072,D0046,2026-03-04 16:19:30.564983,230
D_STR00009,D_U0098,D0039,2026-02-12 23:59:13.616155,147
D_STR00010,D_U0046,D0038,2026-02-08 23:30:57.093210,68
D_STR00011,D_U0027,D0031,2026-02-27 21:31:25.725598,93
D_STR00012,D_U0064,D0016,2026-02-18 17:32:41.589878,93
D_STR00013,D_U0096,D0030,2026-02-07 02:49:53.861221,17
D_STR00014,D_U0066,D0048,2026-02-17 10:10:37.292962,57
D_STR00015,D_U0026,D0017,2026-02-15 13:53:08.000387,102
D_STR00016,D_U0019,D0047,2026-03-03 03:48:58.528094,129
D_STR00017,D_U0044,D0047,2026-02-10 05:08:19.278066,208
D_STR00018,D_U0037,D0028,2026-02-23 17:25:45.635694,237
D_STR00019,D_U0047,D0021,2026-02-10 19:03:45.901386,153
D_STR00020,D_U0074,D0033,2026-02-18 20:40:55.315481,192
D_STR00021,D_U0001,D0039,2026-02-12 00:59:17.874099,159
D_STR00022,D_U0050,D0034,2026-02-08 18:54:12.306742,42
D_STR00023,D_U0078,D0033,2026-02-19 04:08:18.284833,266
D_STR00024,D_U0004,D0048,2026-02-18 13:49:55.081143,45
D_STR00025,D_U0008,D0048,2026-02-08 01:10:16.105319,142
D_STR00026,D_U0090,D0035,2026-02-17 16:31:18.372069,233
D_STR00027,D_U0017,D0031,2026-02-26 17:38:52.794064,154
D_STR00028,D_U0033,D0030,2026-02-08 17:31:16.675407,132
D_STR00029,D_U0053,D0024,2026-02-18 06:01:58.065082,90
D_STR00030,D_U0089,D0039,2026-03-04 04:43:02.314445,61
D_STR00031,D_U0008,D0030,2026-02-12 22:09:04.162741,146
D_STR00032,D_U0034,D0042,2026-03-05 18:21:51.022713,156
D_STR00033,D_U0074,D0043,2026-02-11 13:28:52.380075,134
D_STR00034,D_U0052,D0045,2026-03-04 05:45:46.443300,143
D_STR00035,D_U0040,D0022,2026-02-10 16:57:05.881142,166
D_STR00036,D_U0080,D0012,2026-02-12 19:54:17.316618,57
D_STR00037,D_U0001,D0046,2026-02-18 12:28:19.506648,81
D_STR00038,D_U0057,D0047,2026-02-12 15:01:23.106570,182
D_STR00039,D_U0081,D0046,2026-03-02 06:18:40.463796,129
D_STR00040,D_U0037,D0027,2026-02-28 02:34:09.151942,32
D_STR00041,D_U0019,D0008,2026-02-14 01:43:34.412183,12
D_STR00042,D_U0069,D0013,2026-02-18 14:40:07.293670,207
D_STR00043,D_U0085,D0029,2026-02-18 03:36:30.929625,54
D_STR00044,D_U0001,D0043,2026-02-08 16:06:04.074657,52
D_STR00045,D_U0002,D0008,2026-02-06 02:29:19.584792,135
D_STR00046,D_U0073,D0032,2026-02-10 03:12:02.675113,179
D_STR00047,D_U0057,D0038,2026-02-10 05:25:43.514277,75
D_STR00048,D_U0036,D0048,2026-02-22 16:19:16.403105,85
D_STR00049,D_U0031,D0021,2026-02-22 07:54:29.805840,19
D_STR00050,D_U0076,D0036,2026-03-01 05:30:51.499178,132
D_STR00051,D_U0015,D0013,2026-02-20 15:22:47.792331,100
D_STR00052,D_U0057,D0026,2026-02-08 11:10:12.819043,123
D_STR00053,D_U0082,D0017,2026-02-28 16:31:28.855272,95
D_STR00054,D_U0083,D0048,2026-03-01 21:50:01.146228,131
D_STR00055,D_U0029,D0044,2026-02-14 06:57:10.094755,34
D_STR00056,D_U0037,D0044,2026-02-19 13:30:43.955390,35
D_STR00057,D_U0048,D0012,2026-02-07 02:04:29.741224,135
D_STR00058,D_U0092,D0040,2026-02-25 11:43:39.771812,17
D_STR00059,D_U0079,D0022,2026-02-07 05:19:05.104164,103
D_STR00060,D_U0032,D0047,2026-03-05 00:02:06.235885,211
D_STR00061,D_U0055,D0045,2026-03-01 14:04:02.676786,160
D_STR00062,D_U0039,D0009,2026-02-15 17:29:49.821189,13
D_STR00063,D_U0083,D0033,2026-02-07 21:30:47.666894,101
D_STR00064,D_U0006,D0043,2026-02-05 21:13:50.863843,100
D_STR00065,D_U0094,D0037,2026-03-01 08:08:52.484043,85
D_STR00066,D_U0043,D0048,2026-02-13 07:38:34.301204,63
D_STR00067,D_U0071,D0048,2026-02-12 19:01:11.069483,31
D_STR00068,D_U0001,D0039,2026-02-07 16:34:32.427071,255
D_STR00069,D_U0036,D0012,2026-02-10 20:51:06.637305,61
D_STR00070,D_U0009,D0041,2026-02-23 21:32:52.371937,116
D_STR00071,D_U0052,D0018,2026-02-20 09:37:20.236029,74
D_STR00072,D_U0064,D0016,2026-02-08 12:09:29.222732,125
D_STR00073,D_U0040,D0048,2026-02-25 15:49:36.528921,79
D_STR00074,D_U0051,D0043,2026-02-28 08:08:57.115896,49
D_STR00075,D_U0032,D0045,2026-03-03 08:54:17.809277,36
D_STR00076,D_U0086,D0044,2026-02-22 02:42:11.837420,137
D_STR00077,D_U0028,D0042,2026-02-27 21:57:09.916332,96
D_STR00078,D_U0074,D0049,2026-02-10 18:27:36.919773,94
D_STR00079,D_U0046,D0033,2026-02-22 06:26:10.250505,165
D_STR00080,D_U0064,D0021,2026-02-19 03:59:26.101118,105
D_STR00081,D_U0037,D0024,2026-02-11 00:32:51.404102,195
D_STR00082,D_U0025,D0015,2026-02-06 19:05:10.526727,29
D_STR00083,D_U0080,D0045,2026-02-20 17:39:48.055677,71
D_STR00084,D_U0023,D0022,2026-02-13 01:31:41.842405,48
D_STR00085,D_U0069,D0025,2026-02-21 13:54:31.771620,62
D_STR00086,D_U0015,D0032,2026-02-14 19:57:51.212317,182
D_STR00087,D_U0020,D0031,2026-02-15 08:04:04.350158,84
D_STR00088,D_U0022,D0047,2026-02-26 17:09:21.883154,199
D_STR00089,D_U0062,D0050,2026-02-16 20:23:55.913891,44
D_STR00090,D_U0080,D0026,2026-02-28 12:45:54.208212,91
D_STR00091,D_U0088,D0049,2026-02-26 19:21:08.678631,187
D_STR00092,D_U0060,D0048,2026-02-23 10:31:48.474814,72
D_STR00093,D_U0029,D0050,2026-02-10 21:17:02.776293,207
D_STR00094,D_U0032,D0049,2026-02-11 13:02:11.236959,170
D_STR00095,D_U0069,D0050,2026-03-02 07:04:21.888691,241
D_STR00096,D_U0084,D0047,2026-02-07 20:07:37.975820,216
D_STR00097,D_U0073,D0010,2026-02-19 17:51:39.292256,200
D_STR00098,D_U0050,D0043,2026-02-27 21:02:15.026418,55
D_STR00099,D_U0022,D0044,2026-02-08 21:31:33.799053,196
D_STR00100,D_U0022,D0039,2026-02-11 23:14:38.687053,32
D_STR00101,D_U0082,D0033,2026-02-27 00:40:56.203046,61
D_STR00102,D_U0054,D0016,2026-02-19 12:09:45.285908,111
D_STR00103,D_U0092,D0047,2026-02-07 02:29:13.122751,85
D_STR00104,D_U0092,D0046,2026-02-22 15:58:48.240815,96
D_STR00105,D_U0055,D0032,2026-02-10 13:33:04.995356,219
D_STR00106,D_U0010,D0036,2026-02-09 07:48:36.691397,153
D_STR00107,D_U0004,D0019,2026-02-05 23:51:05.212521,224
D_STR00108,D_U0062,D0050,2026-02-12 10:06:53.504939,230
D_STR00109,D_U0077,D0042,2026-02-04 21:34:26.365857,95
D_STR00110,D_U0025,D0049,2026-02-23 19:16:46.623590,195
D_STR00111,D_U0009,D0033,2026-03-01 23:25:54.385093,8
D_STR00112,D_U0018,D0048,2026-02-14 04:57:03.252409,151
D_STR00113,D_U0079,D0049,2026-03-01 06:18:07.711524,237
D_STR00114,D_U0014,D0043,2026-03-04 12:02:43.365133,139
D_STR00115,D_U0043,D0016,2026-02-10 23:43:10.041705,76
D_STR00116,D_U0087,D0049,2026-03-02 17:45:43.417937,33
D_STR00117,D_U0076,D0034,2026-02-06 04:38:28.032902,176
D_STR00118,D_U0066,D0036,2026-02-21 18:18:27.940538,248
D_STR00119,D_U0027,D0026,2026-03-03 16:47:04.375897,86
D_STR00120,D_U0030,D0038,2026-03-02 22:03:03.405734,12
D_STR00121,D_U0012,D0035,2026-02-13 03:35:47.401501,166
D_STR00122,D_U0063,D0038,2026-02-09 06:28:47.865014,117
D_STR00123,D_U0097,D0032,2026-02-21 08:18:50.588695,74
D_STR00124,D_U0076,D0050,2026-02-08 10:05:33.057601,270
D_STR00125,D_U0097,D0031,2026-02-27 01:53:32.767991,127
D_STR00126,D_U0080,D0048,2026-02-21 02:54:37.668953,61
D_STR00127,D_U0095,D0048,2026-02-13 08:43:12.310656,121
D_STR00128,D_U0067,D0050,2026-02-25 13:09:14.717874,181
D_STR00129,D_U0088,D0008,2026-02-13 18:33:13.474155,55
D_STR00130,D_U0005,D0039,2026-02-13 19:42:52.609824,249
D_STR00131,D_U0045,D0047,2026-02-15 06:08:24.791620,65
D_STR00132,D_U0056,D0027,2026-03-01 08:06:09.494497,40
D_STR00133,D_U0083,D0013,2026-02-07 08:51:02.274720,159
D_STR00134,D_U0067,D0005,2026-02-26 01:58:50.877089,152
D_STR00135,D_U0085,D0018,2026-03-01 08:36:49.455819,141
D_STR00136,D_U0049,D0045,2026-03-06 08:04:11.393463,43
D_STR00137,D_U0071,D0025,2026-03-04 18:06:08.209714,33
D_STR00138,D_U0012,D0035,2026-03-05 19:47:49.309998,285
D_STR00139,D_U0011,D0033,2026-02-10 16:36:49.893330,52
D_STR00140,D_U0016,D0013,2026-03-04 04:39:48.176993,131
D_STR00141,D_U0077,D0017,2026-03-02 12:07:40.120537,222
D_STR00142,D_U0079,D0048,2026-03-02 04:25:02.308027,48
D_STR00143,D_U0061,D0044,2026-03-05 11:12:29.740945,146
D_STR00144,D_U0079,D0050,2026-02-06 14:13:24.398059,330
D_STR00145,D_U0006,D0025,2026-02-06 02:41:38.508586,143
D_STR00146,D_U0093,D0006,2026-02-19 09:03:01.903159,218
D_STR00147,D_U0087,D0034,2026-02-11 04:51:35.826417,166
D_STR00148,D_U0060,D0011,2026-02-25 07:56:34.697564,69
D_STR00149,D_U0005,D0043,2026-03-03 16:38:25.335053,124
D_STR00150,D_U0012,D0043,2026-02-10 12:00:23.923752,91
D_STR00151,D_U0058,D0014,2026-02-24 06:44:32.250047,34
D_STR00152,D_U0080,D0030,2026-02-06 10:53:55.893027,185
D_STR00153,D_U0029,D0003,2026-02-18 06:55:24.834720,215
D_STR00154,D_U0045,D0026,2026-02-26 10:14:26.820493,58
D_STR00155,D_U0033,D0040,2026-02-21 15:02:36.958104,256
D_STR00156,D_U0093,D0013,2026-02-20 20:50:17.096528,195
D_STR00157,D_U0073,D0005,2026-02-21 10:25:56.992236,216
D_STR00158,D_U0078,D0014,2026-02-10 23:58:07.837518,44
D_STR00159,D_U0093,D0050,2026-02-17 11:59:45.614496,303
D_STR00160,D_U0002,D0048,2026-03-01 14:44:56.338971,95
D_STR00161,D_U0022,D0031,2026-02-10 08:39:42.276401,133
D_STR00162,D_U0011,D0038,2026-02-25 11:36:54.472964,172
D_STR00163,D_U0019,D0032,2026-02-15 15:11:06.468951,151
D_STR00164,D_U0087,D0029,2026-02-11 05:14:48.944759,82
D_STR00165,D_U0037,D0041,2026-02-26 03:16:48.514121,104
D_STR00166,D_U0081,D0048,2026-02-11 00:24:59.195853,181
D_STR00167,D_U0006,D0008,2026-02-18 15:14:17.906200,193
D_STR00168,D_U0021,D0039,2026-02-28 18:25:20.322923,19
D_STR00169,D_U0021,D0047,2026-02-23 20:55:41.957074,135
D_STR00170,D_U0084,D0044,2026-02-14 03:16:37.950174,29
D_STR00171,D_U0060,D0044,2026-02-08 18:55:06.214562,22
D_STR00172,D_U0060,D0032,2026-02-09 05:19:39.868049,38
D_STR00173,D_U0024,D0036,2026-02-26 00:41:10.283275,143
D_STR00174,D_U0029,D0016,2026-02-10 06:51:55.069572,103
D_STR00175,D_U0038,D0010,2026-02-07 03:16:01.796445,57
D_STR00176,D_U0091,D0005,2026-03-02 00:06:15.522014,335
D_STR00177,D_U0009,D0038,2026-02-27 02:32:53.311022,82
D_STR00178,D_U0084,D0020,2026-03-04 22:00:07.735905,135
D_STR00179,D_U0075,D0025,2026-02-28 21:54:44.710137,35
D_STR00180,D_U0094,D0050,2026-03-03 13:54:30.743266,314
D_STR00181,D_U0016,D0040,2026-02-07 03:23:00.814163,322
D_STR00182,D_U0074,D0026,2026-03-05 05:46:33.987551,15
D_STR00183,D_U0097,D0037,2026-02-22 11:42:24.163963,54
D_STR00184,D_U0042,D0037,2026-02-19 07:16:16.426798,338
D_STR00185,D_U0025,D0029,2026-02-16 17:53:27.142972,127
D_STR00186,D_U0044,D0030,2026-02-18 13:29:52.757012,71
D_STR00187,D_U0016,D0037,2026-02-20 16:48:57.667049,51
D_STR00188,D_U0083,D0044,2026-02-20 19:18:22.603880,212
D_STR00189,D_U0014,D0044,2026-03-05 14:42:04.595594,87
D_STR00190,D_U0067,D0022,2026-02-05 21:16:48.352882,24
D_STR00191,D_U0031,D0040,2026-03-02 07:20:16.792953,275
D_STR00192,D_U0059,D0049,2026-02-11 08:53:10.112396,195
D_STR00193,D_U0025,D0038,2026-02-05 00:09:52.702855,56
D_STR00194,D_U0099,D0040,2026-03-01 17:34:03.572351,258
D_STR00195,D_U0019,D0042,2026-02-21 23:54:06.800894,284
D_STR00196,D_U0008,D0029,2026-02-09 21:48:47.592418,130
D_STR00197,D_U0041,D0026,2026-02-09 02:20:38.668390,106
D_STR00198,D_U0096,D0047,2026-03-01 19:09:21.863147,108
D_STR00199,D_U0092,D0047,2026-02-17 22:42:49.381821,124
D_STR00200,D_U0092,D0025,2026-02-26 00:48:40.505451,176
D_STR00201,D_U0018,D0044,2026-03-02 08:14:44.535014,15
D_STR00202,D_U0081,D0019,2026-02-10 00:57:03.203534,110
D_STR00203,D_U0041,D0026,2026-02-24 21:21:34.982847,60
D_STR00204,D_U0054,D0022,2026-02-23 03:02:03.416321,36
D_STR00205,D_U0076,D0049,2026-02-13 11:10:35.730830,198
D_STR00206,D_U0060,D0038,2026-02-26 10:06:53.183432,66
D_STR00207,D_U0026,D0017,2026-02-14 19:42:35.571297,72
D_STR00208,D_U0060,D0008,2026-02-27 22:37:25.203264,201
D_STR00209,D_U0080,D0028,2026-02-05 17:00:13.038420,44
D_STR00210,D_U0060,D0048,2026-03-06 04:39:57.653558,160
D_STR00211,D_U0036,D0028,2026-02-20 19:56:19.655210,33
D_STR00212,D_U0097,D0027,2026-02-06 21:29:52.395065,8
D_STR00213,D_U0045,D0024,2026-03-01 02:24:15.076567,257
D_STR00214,D_U0061,D0031,2026-03-04 12:50:20.486043,158
D_STR00215,D_U0001,D0031,2026-02-10 08:05:02.910454,158
D_STR00216,D_U0039,D0041,2026-02-04 21:08:43.106998,32
D_STR00217,D_U0097,D0047,2026-02-09 20:58:35.805149,220
D_STR00218,D_U0086,D0039,2026-02-25 00:15:03.376194,229
D_STR00219,D_U0077,D0007,2026-03-03 12:43:13.902712,179
D_STR00220,D_U0090,D0019,2026-02-10 12:01:56.846979,203
D_STR00221,D_U0078,D0012,2026-02-19 06:15:08.743464,160
D_STR00222,D_U0063,D0045,2026-02-12 12:18:50.000203,67
D_STR00223,D_U0043,D0046,2026-02-05 07:34:20.993078,136
D_STR00224,D_U0047,D0048,2026-02-25 19:36:06.610767,170
D_STR00225,D_U0021,D0036,2026-02-08 04:46:41.457402,35
D_STR00226,D_U0019,D0020,2026-02-24 21:22:34.855207,308
D_STR00227,D_U0039,D0028,2026-02-21 09:31:07.730981,102
D_STR00228,D_U0036,D0044,2026-03-01 12:11:01.913171,209
D_STR00229,D_U0006,D0036,2026-02-09 19:26:11.811276,233
D_STR00230,D_U0096,D0008,2026-03-03 05:35:54.249177,60
D_STR00231,D_U0090,D0031,2026-02-27 22:35:24.583915,125
D_STR00232,D_U0035,D0018,2026-03-04 21:58:17.529055,97
D_STR00233,D_U0032,D0042,2026-02-26 01:08:46.479738,161
D_STR00234,D_U0015,D0045,2026-02-08 14:13:29.598674,141
D_STR00235,D_U0051,D0031,2026-02-06 05:23:58.183031,79
D_STR00236,D_U0042,D0050,2026-02-11 19:52:05.381632,319
D_STR00237,D_U0034,D0009,2026-02-12 10:36:48.218648,117
D_STR00238,D_U0004,D0049,2026-02-20 08:59:19.569885,28
D_STR00239,D_U0095,D0030,2026-02-05 22:28:18.755918,11
D_STR00240,D_U0086,D0038,2026-02-22 04:51:55.540339,149
D_STR00241,D_U0069,D0039,2026-02-21 22:44:59.737602,100
D_STR00242,D_U0082,D0032,2026-02-20 07:28:42.079368,201
D_STR00243,D_U0090,D0032,2026-02-09 21:15:26.296637,186
D_STR00244,D_U0034,D0036,2026-02-13 23:14:06.026289,123
D_STR00245,D_U0060,D0036,2026-02-27 21:34:17.837631,134
D_STR00246,D_U0079,D0046,2026-02-04 14:19:02.544318,117
D_STR00247,D_U0057,D0044,2026-02-16 23:28:23.282020,288
D_STR00248,D_U0098,D0045,2026-02-06 05:44:37.992740,119
D_STR00249,D_U0048,D0050,2026-02-14 02:50:30.795294,42
D_STR00250,D_U0052,D0050,2026-03-02 17:02:05.697223,120
D_STR00251,D_U0097,D0047,2026-02-24 10:11:26.179045,115
D_STR00252,D_U0094,D0032,2026-03-03 01:59:27.846106,89
D_STR00253,D_U0041,D0049,2026-02-14 15:05:44.165437,126
D_STR00254,D_U0055,D0037,2026-02-25 10:06:26.280805,288
D_STR00255,D_U0005,D0039,2026-02-17 00:14:47.974952,58
D_STR00256,D_U0035,D0036,2026-02-09 20:27:01.901235,23
D_STR00257,D_U0061,D0038,2026-02-20 04:22:58.240072,166
D_STR00258,D_U0032,D0042,2026-02-26 05:49:03.984648,94
D_STR00259,D_U0049,D0022,2026-02-08 03:11:05.263840,122
D_STR00260,D_U0088,D0046,2026-02-18 13:13:55.390487,179
D_STR00261,D_U0026,D0023,2026-02-21 02:03:30.126264,89
D_STR00262,D_U0006,D0016,2026-02-13 16:41:19.806973,113
D_STR00263,D_U0048,D0015,2026-02-12 07:19:24.713480,142
D_STR00264,D_U0030,D0037,2026-02-16 09:19:15.339380,10
D_STR00265,D_U0029,D0046,2026-03-01 22:41:47.039605,35
D_STR00266,D_U0002,D0038,2026-02-16 22:52:48.586151,98
D_STR00267,D_U0017,D0018,2026-02-09 16:22:00.995238,150
D_STR00268,D_U0074,D0027,2026-02-09 20:10:07.097330,114
D_STR00269,D_U0053,D0021,2026-02-23 00:51:24.213084,24
D_STR00270,D_U0040,D0017,2026-02-26 09:16:58.444507,41
D_STR00271,D_U0061,D0028,2026-02-25 20:24:47.088454,70
D_STR00272,D_U0073,D0045,2026-03-03 19:39:57.365427,71
D_STR00273,D_U0096,D0034,2026-02-27 00:01:10.402020,110
D_STR00274,D_U0092,D0048,2026-02-22 09:46:15.936854,217
D_STR00275,D_U0005,D0046,2026-02-17 07:06:51.452412,154
D_STR00276,D_U0025,D0043,2026-02-26 12:45:44.441762,23
D_STR00277,D_U0099,D0036,2026-02-22 17:01:37.996245,145
D_STR00278,D_U0065,D0025,2026-02-24 17:10:58.140620,120
D_STR00279,D_U0062,D0044,2026-02-08 10:20:34.496719,238
D_STR00280,D_U0087,D0026,2026-02-12 05:35:21.459597,78
D_STR00281,D_U0046,D0034,2026-02-22 03:35:24.385774,181
D_STR00282,D_U0045,D0034,2026-03-04 00:34:41.623813,63
D_STR00283,D_U0067,D0045,2026-02-12 15:20:58.728750,132
D_STR00284,D_U0066,D0018,2026-02-25 16:57:51.930607,31
D_STR00285,D_U0042,D0021,2026-02-20 14:19:31.629759,98
D_STR00286,D_U0026,D0032,2026-02-08 16:56:42.930163,80
D_STR00287,D_U0008,D0040,2026-02-27 12:54:52.503714,300
D_STR00288,D_U0019,D0027,2026-03-04 18:09:50.542885,7
D_STR00289,D_U0083,D0031,2026-02-05 05:53:17.000411,42
D_STR00290,D_U0007,D0011,2026-02-12 19:42:12.295675,144
D_STR00291,D_U0083,D0016,2026-02-21 02:16:59.973095,16
D_STR00292,D_U0055,D0045,2026-02-14 06:01:37.291796,67
D_STR00293,D_U0046,D0008,2026-02-19 14:40:55.458359,95
D_STR00294,D_U0019,D0023,2026-02-19 10:45:39.342762,41
D_STR00295,D_U0055,D0038,2026-02-18 02:12:11.221087,26
D_STR00296,D_U0095,D0041,2026-02-05 02:57:11.384284,121
D_STR00297,D_U0013,D0046,2026-02-07 00:43:02.117258,194
D_STR00298,D_U0013,D0049,2026-02-24 16:52:26.908221,105
D_STR00299,D_U0075,D0017,2026-03-01 10:08:35.886716,111
D_STR00300,D_U0026,D0029,2026-02-08 11:45:58.793004,175
D_STR00301,D_U0084,D0046,2026-02-17 08:09:56.427087,54
D_STR00302,D_U0092,D0006,2026-02-24 07:28:02.915527,83
D_STR00303,D_U0094,D0032,2026-02-12 02:28:07.707072,119
D_STR00304,D_U0018,D0040,2026-02-14 20:14:41.439538,330
D_STR00305,D_U0077,D0041,2026-02-09 07:06:42.327270,55
D_STR00306,D_U0059,D0030,2026-02-25 21:04:22.153739,164
D_STR00307,D_U0010,D0017,2026-02-26 08:36:48.303209,219
D_STR00308,D_U0016,D0041,2026-02-20 11:19:17.878403,174
D_STR00309,D_U0018,D0020,2026-02-05 12:07:49.568762,183
D_STR00310,D_U0012,D0039,2026-03-02 04:32:21.525075,204
D_STR00311,D_U0026,D0046,2026-03-04 01:35:30.971275,44
D_STR00312,D_U0097,D0035,2026-02-12 17:48:52.069541,199
D_STR00313,D_U0026,D0043,2026-02-18 13:30:55.493107,153
D_STR00314,D_U0033,D0039,2026-03-04 03:14:49.495886,240
D_STR00315,D_U0097,D0041,2026-02-23 15:00:12.848237,102
D_STR00316,D_U0002,D0022,2026-02-07 00:37:17.179118,127
D_STR00317,D_U0036,D0020,2026-02-09 13:46:45.056209,171
D_STR00318,D_U0001,D0038,2026-03-05 09:26:11.737204,156
D_STR00319,D_U0069,D0027,2026-02-13 19:55:18.525059,61
D_STR00320,D_U0094,D0038,2026-02-17 15:43:08.797798,38
D_STR00321,D_U0095,D0048,2026-03-03 14:52:24.334120,51
D_STR00322,D_U0019,D0037,2026-02-05 23:09:24.076422,286
D_STR00323,D_U0034,D0050,2026-02-09 04:00:37.740097,247
D_STR00324,D_U0051,D0038,2026-03-04 06:41:33.308450,23
D_STR00325,D_U0066,D0025,2026-02-28 04:26:35.409741,173
D_STR00326,D_U0027,D0013,2026-03-04 11:52:36.039782,39
D_STR00327,D_U0053,D0046,2026-02-16 05:37:41.385731,145
D_STR00328,D_U0022,D0039,2026-02-23 22:42:40.894123,158
D_STR00329,D_U0009,D0033,2026-02-25 00:56:13.929373,248
D_STR00330,D_U0012,D0050,2026-03-04 11:25:25.346985,34
D_STR00331,D_U0013,D0007,2026-02-13 12:22:57.182924,220
D_STR00332,D_U0049,D0045,2026-02-09 07:30:34.277169,175
D_STR00333,D_U0039,D0049,2026-02-08 07:01:58.106149,205
D_STR00334,D_U0100,D0039,2026-02-24 13:31:35.694655,300
D_STR00335,D_U0052,D0032,2026-03-06 03:09:53.230747,78
D_STR00336,D_U0078,D0030,2026-02-27 22:20:05.673036,107
D_STR00337,D_U0039,D0029,2026-02-15 18:33:23.470394,156
D_STR00338,D_U0038,D0047,2026-02-18 21:55:50.535574,10
D_STR00339,D_U0040,D0028,2026-02-20 00:11:52.412974,222
D_STR00340,D_U0063,D0043,2026-03-06 03:44:56.496349,125
D_STR00341,D_U0046,D0042,2026-02-04 17:14:02.129359,290
D_STR00342,D_U0064,D0045,2026-03-05 17:03:19.450796,53
D_STR00343,D_U0022,D0041,2026-02-13 05:40:01.673437,116
D_STR00344,D_U0017,D0040,2026-02-21 09:21:56.348038,41
D_STR00345,D_U0010,D0049,2026-02-28 16:29:14.259235,179
D_STR00346,D_U0093,D0030,2026-03-02 18:52:41.535596,91
D_STR00347,D_U0021,D0029,2026-03-03 02:19:04.765309,44
D_STR00348,D_U0087,D0037,2026-02-14 20:24:17.815627,30
D_STR00349,D_U0049,D0042,2026-02-17 16:07:57.790505,20
D_STR00350,D_U0076,D0037,2026-02-20 04:24:38.141325,332
D_STR00351,D_U0077,D0025,2026-02-28 04:32:28.473811,86
D_STR00352,D_U0100,D0022,2026-02-27 05:43:42.796065,109
D_STR00353,D_U0001,D0033,2026-02-15 20:09:38.940351,47
D_STR00354,D_U0024,D0044,2026-02-06 01:38:41.009421,200
D_STR00355,D_U0043,D0042,2026-02-17 05:09:33.116110,268
D_STR00356,D_U0032,D0047,2026-02-18 21:26:42.609436,14
D_STR00357,D_U0053,D0050,2026-02-22 07:33:51.870895,298
D_STR00358,D_U0010,D0040,2026-02-24 00:00:35.876550,268
D_STR00359,D_U0072,D0048,2026-02-06 14:48:18.157665,137
D_STR00360,D_U0054,D0031,2026-02-20 22:10:11.106524,50
D_STR00361,D_U0012,D0014,2026-02-06 12:32:16.369120,126
D_STR00362,D_U0097,D0025,2026-02-09 11:27:11.329781,155
D_STR00363,D_U0017,D0048,2026-03-03 10:26:09.288037,185
D_STR00364,D_U0068,D0042,2026-03-04 14:31:37.518197,95
D_STR00365,D_U0028,D0023,2026-03-01 21:13:47.453655,69
D_STR00366,D_U0029,D0035,2026-02-09 16:55:56.560607,257
D_STR00367,D_U0061,D0041,2026-03-01 00:04:18.442068,101
D_STR00368,D_U0092,D0008,2026-02-09 14:29:29.814037,194
D_STR00369,D_U0078,D0040,2026-02-04 18:34:57.933286,214
D_STR00370,D_U0080,D0044,2026-02-20 07:21:25.261742,179
D_STR00371,D_U0077,D0041,2026-02-18 21:25:44.956388,6
D_STR00372,D_U0002,D0048,2026-02-24 00:07:46.658113,43
D_STR00373,D_U0029,D0021,2026-03-04 11:06:15.866991,126
D_STR00374,D_U0082,D0049,2026-03-06 03:53:56.713979,76
D_STR00375,D_U0017,D0048,2026-02-27 04:24:31.775841,151
D_STR00376,D_U0090,D0049,2026-02-20 03:03:41.532929,112
D_STR00377,D_U0018,D0048,2026-02-15 22:42:31.007043,192
D_STR00378,D_U0032,D0046,2026-02-12 09:08:10.249144,87
D_STR00379,D_U0068,D0002,2026-02-07 00:49:26.352093,193
D_STR00380,D_U0059,D0049,2026-02-25 15:36:01.778458,94
D_STR00381,D_U0001,D0049,2026-02-15 10:07:45.690914,12
D_STR00382,D_U0038,D0014,2026-02-24 11:37:58.603117,67
D_STR00383,D_U0059,D0022,2026-02-08 21:43:02.946299,125
D_STR00384,D_U0094,D0035,2026-03-05 14:42:14.661083,289
D_STR00385,D_U0033,D0044,2026-02-10 06:41:40.431436,266
D_STR00386,D_U0025,D0024,2026-02-26 13:51:23.053407,220
D_STR00387,D_U0001,D0044,2026-02-15 03:41:41.107051,143
D_STR00388,D_U0006,D0044,2026-03-05 08:51:34.879932,256
D_STR00389,D_U0007,D0012,2026-03-05 04:36:41.017729,54
D_STR00390,D_U0022,D0043,2026-02-07 18:24:21.907278,43
D_STR00391,D_U0068,D0024,2026-03-06 09:29:08.593955,30
D_STR00392,D_U0016,D0021,2026-02-12 18:55:51.713214,81
D_STR00393,D_U0027,D0047,2026-03-05 16:04:30.682879,26
D_STR00394,D_U0026,D0025,2026-02-19 13:46:42.668870,14
D_STR00395,D_U0035,D0029,2026-02-16 17:51:46.351080,113
D_STR00396,D_U0037,D0049,2026-02-19 02:28:56.660322,165
D_STR00397,D_U0001,D0038,2026-02-17 02:28:08.408661,180
D_STR00398,D_U0059,D0034,2026-02-17 11:11:48.537199,92
D_STR00399,D_U0080,D0016,2026-02-08 09:54:59.762787,68
D_STR00400,D_U0099,D0007,2026-02-28 00:19:23.506026,230
D_STR00401,D_U0058,D0022,2026-02-25 12:40:32.520808,54
D_STR00402,D_U0001,D0034,2026-02-15 02:12:31.950270,122
D_STR00403,D_U0053,D0034,2026-03-03 07:23:02.895805,144
D_STR00404,D_U0069,D0050,2026-02-06 04:48:03.599169,47
D_STR00405,D_U0090,D0038,2026-03-01 03:26:57.832425,62
D_STR00406,D_U0061,D0047,2026-02-17 17:45:43.613055,144
D_STR00407,D_U0034,D0033,2026-02-22 14:19:19.343646,265
D_STR00408,D_U0046,D0036,2026-03-05 19:26:10.429366,155
D_STR00409,D_U0090,D0034,2026-03-02 15:52:31.939761,15
D_STR00410,D_U0048,D0027,2026-02-11 11:59:25.121961,29
D_STR00411,D_U0006,D0017,2026-02-25 16:52:15.815147,97
D_STR00412,D_U0062,D0025,2026-02-27 23:12:19.673198,173
D_STR00413,D_U0034,D0040,2026-02-05 17:39:25.106053,267
D_STR00414,D_U0073,D0005,2026-02-09 00:13:17.748919,65
D_STR00415,D_U0010,D0020,2026-03-03 19:26:09.942956,240
D_STR00416,D_U0031,D0038,2026-02-28 18:08:38.547640,72
D_STR00417,D_U0095,D0044,2026-02-25 19:05:11.250371,298
D_STR00418,D_U0023,D0036,2026-02-21 04:06:32.639232,225
D_STR00419,D_U0075,D0050,2026-02-10 09:40:38.929806,214
D_STR00420,D_U0076,D0050,2026-02-28 09:50:31.551622,213
D_STR00421,D_U0081,D0041,2026-03-06 01:41:15.074405,26
D_STR00422,D_U0070,D0047,2026-02-23 22:35:46.628497,5
D_STR00423,D_U0088,D0042,2026-02-17 14:20:59.861855,59
D_STR00424,D_U0092,D0032,2026-02-16 05:53:25.543802,39
D_STR00425,D_U0030,D0039,2026-02-20 21:55:57.970025,78
D_STR00426,D_U0051,D0019,2026-02-16 15:20:31.397487,56
D_STR00427,D_U0056,D0020,2026-02-12 18:50:16.385749,329
D_STR00428,D_U0029,D0010,2026-02-22 14:39:47.073592,47
D_STR00429,D_U0027,D0025,2026-02-17 08:07:56.900851,164
D_STR00430,D_U0089,D0048,2026-02-20 22:35:53.491149,213
D_STR00431,D_U0070,D0026,2026-03-05 14:32:42.632647,101
D_STR00432,D_U0045,D0014,2026-02-21 23:22:14.404480,92
D_STR00433,D_U0022,D0014,2026-02-25 18:27:49.866115,22
D_STR00434,D_U0084,D0034,2026-03-05 15:26:54.245964,111
D_STR00435,D_U0018,D0021,2026-03-02 03:55:59.005321,46
D_STR00436,D_U0055,D0021,2026-02-08 21:20:26.127812,44
D_STR00437,D_U0062,D0033,2026-02-21 02:46:00.509691,290
D_STR00438,D_U0081,D0013,2026-02-14 04:22:59.555764,63
D_STR00439,D_U0067,D0046,2026-02-21 09:27:37.767951,193
D_STR00440,D_U0039,D0050,2026-02-21 03:39:42.257028,316
D_STR00441,D_U0010,D0036,2026-02-23 04:59:01.736812,41
D_STR00442,D_U0080,D0020,2026-02-22 16:06:59.964753,324
D_STR00443,D_U0031,D0039,2026-02-27 21:19:49.218206,126
D_STR00444,D_U0049,D0032,2026-03-02 11:56:11.608948,84
D_STR00445,D_U0080,D0019,2026-03-02 06:43:54.703586,61
D_STR00446,D_U0042,D0019,2026-02-22 09:34:50.505007,16
D_STR00447,D_U0059,D0038,2026-02-25 13:49:05.924747,63
D_STR00448,D_U0033,D0048,2026-02-22 14:49:10.712033,102
D_STR00449,D_U0042,D0042,2026-02-04 11:30:49.914037,61
D_STR00450,D_U0082,D0024,2026-02-23 13:06:06.955422,106
D_STR00451,D_U0073,D0036,2026-03-03 12:21:51.002311,71
D_STR00452,D_U0038,D0044,2026-02-07 00:39:55.203199,144
D_STR00453,D_U0098,D0048,2026-02-17 02:11:28.726344,207
D_STR00454,D_U0036,D0025,2026-02-11 14:53:35.330278,87
D_STR00455,D_U0090,D0028,2026-02-28 08:12:34.729075,8
D_STR00456,D_U0057,D0043,2026-02-15 00:01:10.318391,160
D_STR00457,D_U0078,D0036,2026-02-13 23:31:01.078677,11
D_STR00458,D_U0085,D0044,2026-03-01 17:00:45.427435,121
D_STR00459,D_U0030,D0039,2026-02-10 01:16:51.441360,209
D_STR00460,D_U0092,D0050,2026-02-16 01:45:19.971871,288
D_STR00461,D_U0048,D0039,2026-02-05 09:08:23.909915,287
D_STR00462,D_U0009,D0049,2026-02-24 04:04:58.653661,154
D_STR00463,D_U0088,D0043,2026-02-19 12:56:01.341570,17
D_STR00464,D_U0059,D0043,2026-03-01 22:07:28.590459,9
D_STR00465,D_U0049,D0043,2026-03-05 12:57:09.612362,188
D_STR00466,D_U0057,D0033,2026-02-05 12:59:22.770125,23
D_STR00467,D_U0026,D0050,2026-02-18 07:16:16.580172,144
D_STR00468,D_U0004,D0011,2026-02-07 16:04:36.496393,188
D_STR00469,D_U0030,D0025,2026-03-01 08:10:02.976201,132
D_STR00470,D_U0085,D0033,2026-02-25 09:23:34.869827,107
D_STR00471,D_U0051,D0045,2026-02-16 13:52:53.527286,37
D_STR00472,D_U0043,D0035,2026-02-11 03:45:51.503318,321
D_STR00473,D_U0065,D0036,2026-02-21 22:18:11.926403,184
D_STR00474,D_U0067,D0048,2026-02-13 10:19:28.202009,30
D_STR00475,D_U0087,D0045,2026-02-28 00:13:24.946885,26
D_STR00476,D_U0023,D0040,2026-02-18 12:56:55.462605,149
D_STR00477,D_U0081,D0008,2026-02-15 14:04:28.378453,156
D_STR00478,D_U0071,D0031,2026-02-26 07:41:02.701465,16
D_STR00479,D_U0049,D0034,2026-02-04 17:05:51.094917,106
D_STR00480,D_U0063,D0008,2026-02-25 18:53:45.524804,121
D_STR00481,D_U0041,D0026,2026-02-04 15:44:36.573002,14
D_STR00482,D_U0095,D0042,2026-02-25 15:47:37.338021,19
D_STR00483,D_U0093,D0007,2026-02-18 06:41:35.555050,87
D_STR00484,D_U0011,D0041,2026-02-19 11:16:04.846524,87
D_STR00485,D_U0039,D0045,2026-02-25 04:10:19.179974,163
D_STR00486,D_U0068,D0013,2026-02-26 14:57:57.153862,93
D_STR00487,D_U0024,D0033,2026-02-18 10:32:33.671839,163
D_STR00488,D_U0006,D0040,2026-02-23 19:39:01.510744,59
D_STR00489,D_U0050,D0028,2026-02-06 21:11:26.553817,16
D_STR00490,D_U0041,D0032,2026-02-17 17:17:07.048778,108
D_STR00491,D_U0096,D0017,2026-03-02 11:37:08.051906,125
D_STR00492,D_U0003,D0050,2026-02-06 11:43:37.877429,225
D_STR00493,D_U0090,D0030,2026-03-03 06:47:11.334582,136
D_STR00494,D_U0041,D0024,2026-02-20 02:00:19.598046,265
D_STR00495,D_U0027,D0045,2026-02-15 06:00:00.856853,30
D_STR00496,D_U0094,D0019,2026-02-21 06:00:23.832762,211
D_STR00497,D_U0067,D0042,2026-03-01 22:56:59.866108,122
D_STR00498,D_U0068,D0041,2026-02-25 10:27:25.391400,59
D_STR00499,D_U0099,D0015,2026-02-10 21:58:44.671279,232
D_STR00500,D_U0094,D0025,2026-03-04 23:07:55.831028,68
D_STR00501,D_U0057,D0007,2026-02-15 18:23:57.591401,21
D_STR00502,D_U0073,D0006,2026-03-03 04:22:11.107550,129
D_STR00503,D_U0097,D0019,2026-02-26 03:12:09.524419,137
D_STR00504,D_U0039,D0036,2026-02-07 06:31:44.244609,174
D_STR00505,D_U0062,D0049,2026-02-28 02:23:54.805629,20
D_STR00506,D_U0084,D0034,2026-02-16 13:49:14.221185,62
D_STR00507,D_U0042,D0019,2026-02-15 14:01:38.157508,184
D_STR00508,D_U0092,D0042,2026-02-06 03:34:46.868818,286
D_STR00509,D_U0081,D0031,2026-02-20 13:15:22.994591,151
D_STR00510,D_U0041,D0039,2026-02-10 06:47:11.451921,33
D_STR00511,D_U0007,D0033,2026-02-05 21:17:26.304904,144
D_STR00512,D_U0100,D0046,2026-02-06 16:08:04.807696,77
D_STR00513,D_U0028,D0043,2026-02-05 04:01:37.475248,197
D_STR00514,D_U0061,D0025,2026-02-23 13:37:52.306671,157
D_STR00515,D_U0076,D0038,2026-02-12 12:41:02.224751,70
D_STR00516,D_U0066,D0033,2026-02-22 05:54:21.842300,121
D_STR00517,D_U0056,D0049,2026-02-12 14:15:33.628304,235
D_STR00518,D_U0054,D0030,2026-02-25 11:34:28.261463,90
D_STR00519,D_U0036,D0041,2026-02-05 00:18:28.248771,118
D_STR00520,D_U0086,D0035,2026-02-07 20:35:42.876035,177
D_STR00521,D_U0079,D0019,2026-02-21 01:56:42.461091,69
D_STR00522,D_U0079,D0025,2026-02-19 18:11:00.694770,74
D_STR00523,D_U0098,D0049,2026-03-01 01:50:59.782549,189
D_STR00524,D_U0032,D0041,2026-02-08 19:41:24.666249,10
D_STR00525,D_U0097,D0028,2026-02-24 07:13:52.119580,137
D_STR00526,D_U0036,D0016,2026-02-08 10:24:14.776230,81
D_STR00527,D_U0009,D0022,2026-02-13 23:01:39.396009,140
D_STR00528,D_U0083,D0019,2026-03-03 08:59:19.448794,51
D_STR00529,D_U0024,D0013,2026-02-06 19:18:31.009538,87
D_STR00530,D_U0035,D0030,2026-02-17 12:21:29.565785,68
D_STR00531,D_U0099,D0037,2026-03-04 17:07:01.556678,343
D_STR00532,D_U0085,D0048,2026-02-07 11:33:37.518397,65
D_STR00533,D_U0080,D0024,2026-03-05 08:14:16.660461,77
D_STR00534,D_U0053,D0030,2026-02-22 11:24:58.061830,62
D_STR00535,D_U0073,D0040,2026-02-14 04:22:21.730244,58
D_STR00536,D_U0042,D0017,2026-02-05 06:00:25.787102,184
D_STR00537,D_U0049,D0041,2026-02-07 07:00:41.842604,65
D_STR00538,D_U0095,D0039,2026-03-01 02:38:44.792022,230
D_STR00539,D_U0062,D0046,2026-02-12 03:47:05.983810,229
D_STR00540,D_U0087,D0021,2026-02-22 07:44:21.080915,122
D_STR00541,D_U0054,D0004,2026-02-26 01:39:57.134012,182
D_STR00542,D_U0090,D0019,2026-02-12 16:08:30.907782,11
D_STR00543,D_U0025,D0029,2026-02-05 14:58:01.065721,66
D_STR00544,D_U0074,D0009,2026-02-09 03:48:37.612064,129
D_STR00545,D_U0002,D0044,2026-03-03 06:00:46.396964,277
D_STR00546,D_U0077,D0044,2026-02-21 21:29:01.993682,13
D_STR00547,D_U0089,D0013,2026-02-12 12:30:03.301538,82
D_STR00548,D_U0090,D0027,2026-02-20 10:12:35.026640,85
D_STR00549,D_U0042,D0019,2026-02-15 07:31:36.072569,28
D_STR00550,D_U0089,D0029,2026-02-05 07:21:35.819040,158
D_STR00551,D_U0011,D0042,2026-02-07 20:04:20.601472,146
D_STR00552,D_U0074,D0050,2026-03-06 02:28:57.082199,335
D_STR00553,D_U0029,D0039,2026-02-07 16:54:35.170392,231
D_STR00554,D_U0057,D0021,2026-02-05 03:38:50.199958,53
D_STR00555,D_U0077,D0043,2026-02-15 17:34:13.388516,158
D_STR00556,D_U0024,D0038,2026-02-04 14:01:03.011340,123
D_STR00557,D_U0096,D0048,2026-02-15 08:11:28.588118,209
D_STR00558,D_U0034,D0027,2026-02-17 03:39:01.716574,19
D_STR00559,D_U0068,D0041,2026-02-11 23:54:57.248638,134
D_STR00560,D_U0040,D0013,2026-02-21 14:24:26.680979,97
D_STR00561,D_U0079,D0049,2026-03-01 20:31:58.998967,188
D_STR00562,D_U0004,D0019,2026-02-17 06:17:27.210987,108
D_STR00563,D_U0032,D0038,2026-02-27 19:54:10.233270,148
D_STR00564,D_U0065,D0036,2026-03-06 05:59:11.929852,41
D_STR00565,D_U0038,D0047,2026-03-02 11:41:48.161311,207
D_STR00566,D_U0011,D0008,2026-02-25 19:45:11.580899,116
D_STR00567,D_U0049,D0042,2026-03-06 05:46:24.325770,249
D_STR00568,D_U0025,D0018,2026-02-28 20:33:46.784749,105
D_STR00569,D_U0016,D0032,2026-02-08 02:10:12.725830,175
D_STR00570,D_U0018,D0014,2026-02-18 01:26:38.140929,57
D_STR00571,D_U0011,D0015,2026-02-12 10:23:28.291935,305
D_STR00572,D_U0070,D0042,2026-02-11 03:17:04.504601,310
D_STR00573,D_U0082,D0014,2026-02-11 18:06:58.941267,213
D_STR00574,D_U0040,D0029,2026-02-12 20:45:29.029088,174
D_STR00575,D_U0058,D0046,2026-02-11 08:25:46.925371,20
D_STR00576,D_U0053,D0028,2026-02-23 21:56:16.796034,106
D_STR00577,D_U0035,D0048,2026-02-09 17:09:08.288270,9
D_STR00578,D_U0001,D0042,2026-02-10 20:12:05.750714,256
D_STR00579,D_U0028,D0043,2026-02-05 20:07:03.849034,95
D_STR00580,D_U0091,D0042,2026-02-12 08:38:12.330852,305
D_STR00581,D_U0096,D0041,2026-03-01 01:00:17.872835,98
D_STR00582,D_U0054,D0027,2026-02-12 20:48:37.906302,9
D_STR00583,D_U0051,D0028,2026-02-13 22:15:38.554833,199
D_STR00584,D_U0093,D0011,2026-02-10 01:11:32.715253,43
D_STR00585,D_U0013,D0043,2026-03-01 02:09:19.409343,97
D_STR00586,D_U0020,D0047,2026-02-11 08:36:26.946957,49
D_STR00587,D_U0046,D0022,2026-02-16 00:48:04.226190,159
D_STR00588,D_U0010,D0021,2026-03-03 20:12:48.901291,89
D_STR00589,D_U0012,D0022,2026-02-14 10:19:17.111315,35
D_STR00590,D_U0013,D0048,2026-02-11 10:22:40.289287,78
D_STR00591,D_U0079,D0018,2026-02-12 13:09:39.080723,20
D_STR00592,D_U0008,D0048,2026-03-02 09:04:15.031214,166
D_STR00593,D_U0068,D0043,2026-02-13 22:29:15.856632,14
D_STR00594,D_U0011,D0042,2026-02-22 04:43:55.447257,55
D_STR00595,D_U0094,D0047,2026-02-25 09:22:47.589814,133
D_STR00596,D_U0096,D0045,2026-02-11 20:22:20.157493,34
D_STR00597,D_U0082,D0036,2026-02-20 03:06:56.772788,20
D_STR00598,D_U0047,D0050,2026-02-06 07:35:06.416694,62
D_STR00599,D_U0096,D0024,2026-03-03 01:21:27.122758,191
D_STR00600,D_U0035,D0031,2026-02-06 05:25:58.538533,137
D_STR00601,D_U0056,D0039,2026-02-18 08:13:44.323009,267
D_STR00602,D_U0012,D0034,2026-02-18 16:07:11.955409,133
D_STR00603,D_U0040,D0021,2026-02-24 19:53:19.499794,192
D_STR00604,D_U0019,D0042,2026-03-03 00:23:32.005402,200
D_STR00605,D_U0042,D0022,2026-02-24 23:54:33.946998,135
D_STR00606,D_U0003,D0044,2026-03-04 08:15:05.711742,238
D_STR00607,D_U0057,D0044,2026-02-20 19:11:01.761700,267
D_STR00608,D_U0085,D0050,2026-02-14 18:53:26.099629,319
D_STR00609,D_U0079,D0020,2026-02-11 08:57:25.431203,260
D_STR00610,D_U0053,D0035,2026-02-19 21:47:25.057703,329
D_STR00611,D_U0069,D0034,2026-02-06 05:15:14.816140,38
D_STR00612,D_U0082,D0014,2026-02-10 14:34:01.711504,296
D_STR00613,D_U0037,D0048,2026-02-09 08:24:50.622921,220
D_STR00614,D_U0046,D0045,2026-02-06 12:14:57.505920,100
D_STR00615,D_U0010,D0039,2026-02-25 05:07:41.402656,118
D_STR00616,D_U0022,D0050,2026-02-13 23:27:11.449163,178
D_STR00617,D_U0002,D0039,2026-02-11 12:07:09.014533,180
D_STR00618,D_U0056,D0049,2026-03-05 20:11:33.602798,213
D_STR00619,D_U0029,D0030,2026-02-08 19:26:00.449456,66
D_STR00620,D_U0062,D0038,2026-02-21 10:56:59.366945,161
D_STR00621,D_U0092,D0011,2026-02-09 01:25:21.176188,83
D_STR00622,D_U0092,D0041,2026-02-13 00:06:42.227746,149
D_STR00623,D_U0078,D0039,2026-02-08 02:33:20.459561,304
D_STR00624,D_U0030,D0046,2026-02-23 17:33:57.754228,38
D_STR00625,D_U0046,D0050,2026-03-02 06:59:38.510700,168
D_STR00626,D_U0040,D0035,2026-02-28 09:12:17.478682,63
D_STR00627,D_U0064,D0015,2026-02-27 18:15:27.366129,88
D_STR00628,D_U0052,D0044,2026-02-22 12:15:36.147924,212
D_STR00629,D_U0025,D0048,2026-02-17 20:04:01.596540,42
D_STR00630,D_U0017,D0039,2026-02-11 19:05:14.061800,57
D_STR00631,D_U0097,D0015,2026-03-03 15:10:42.724280,243
D_STR00632,D_U0021,D0036,2026-02-24 12:53:54.931500,63
D_STR00633,D_U0041,D0047,2026-02-27 03:00:06.093325,209
D_STR00634,D_U0050,D0043,2026-02-14 02:57:13.848054,18
D_STR00635,D_U0037,D0018,2026-02-18 02:10:45.985892,152
D_STR00636,D_U0001,D0017,2026-02-04 21:49:20.418170,140
D_STR00637,D_U0039,D0014,2026-02-23 20:22:05.045966,295
D_STR00638,D_U0047,D0047,2026-02-20 04:39:51.824422,209
D_STR00639,D_U0057,D0047,2026-02-24 21:30:23.685904,144
D_STR00640,D_U0040,D0033,2026-03-02 08:33:30.733098,265
D_STR00641,D_U0008,D0042,2026-03-03 06:27:04.269362,266
D_STR00642,D_U0097,D0041,2026-02-23 20:17:20.325504,98
D_STR00643,D_U0023,D0022,2026-02-16 20:31:25.981387,146
D_STR00644,D_U0065,D0025,2026-02-05 07:44:29.229203,120
D_STR00645,D_U0029,D0023,2026-02-07 13:00:05.830344,74
D_STR00646,D_U0019,D0033,2026-02-15 23:52:24.141338,215
D_STR00647,D_U0030,D0046,2026-03-02 07:51:31.402677,44
D_STR00648,D_U0030,D0023,2026-02-04 17:15:55.295181,120
D_STR00649,D_U0026,D0034,2026-03-04 16:18:00.890039,82
D_STR00650,D_U0067,D0041,2026-02-18 00:16:34.308838,139
D_STR00651,D_U0016,D0026,2026-02-19 23:25:51.706628,32
D_STR00652,D_U0056,D0040,2026-02-26 23:10:11.138664,31
D_STR00653,D_U0052,D0049,2026-03-04 03:42:56.740352,9
D_STR00654,D_U0046,D0009,2026-02-24 13:37:06.664270,133
D_STR00655,D_U0032,D0039,2026-02-04 12:08:00.262559,246
D_STR00656,D_U0090,D0050,2026-02-16 13:11:55.815024,302
D_STR00657,D_U0011,D0044,2026-02-14 17:46:20.353673,144
D_STR00658,D_U0039,D0041,2026-02-13 19:19:09.818387,64
D_STR00659,D_U0098,D0014,2026-03-03 02:41:46.138836,105
D_STR00660,D_U0011,D0033,2026-03-05 18:25:52.184037,284
D_STR00661,D_U0096,D0015,2026-02-17 19:13:37.275562,307
D_STR00662,D_U0038,D0006,2026-02-26 14:47:04.896473,84
D_STR00663,D_U0007,D0035,2026-02-22 01:41:21.916342,139
D_STR00664,D_U0059,D0046,2026-02-27 07:19:18.474819,108
D_STR00665,D_U0087,D0014,2026-02-25 22:12:59.439432,207
D_STR00666,D_U0052,D0007,2026-02-17 04:12:24.397967,157
D_STR00667,D_U0012,D0039,2026-02-20 03:28:09.708673,49
D_STR00668,D_U0008,D0028,2026-02-19 20:03:42.169797,64
D_STR00669,D_U0054,D0034,2026-03-05 19:31:01.704016,54
D_STR00670,D_U0006,D0046,2026-02-08 18:08:17.449133,48
D_STR00671,D_U0043,D0039,2026-02-15 16:23:29.141833,70
D_STR00672,D_U0015,D0046,2026-02-06 04:29:39.667918,127
D_STR00673,D_U0065,D0033,2026-02-25 12:01:39.723445,193
D_STR00674,D_U0007,D0049,2026-02-25 17:19:15.729774,11
D_STR00675,D_U0007,D0031,2026-02-27 08:43:11.605242,34
D_STR00676,D_U0011,D0002,2026-02-14 11:35:01.750160,163
D_STR00677,D_U0002,D0038,2026-02-23 09:53:11.713250,49
D_STR00678,D_U0080,D0034,2026-02-25 10:57:30.570623,169
D_STR00679,D_U0098,D0024,2026-03-01 16:50:05.824610,172
D_STR00680,D_U0005,D0020,2026-02-25 20:29:26.650975,304
D_STR00681,D_U0006,D0038,2026-02-24 14:29:47.327385,92
D_STR00682,D_U0069,D0032,2026-02-25 12:12:37.961844,187
D_STR00683,D_U0029,D0044,2026-02-13 11:02:06.572504,46
D_STR00684,D_U0084,D0045,2026-02-22 14:43:22.007007,34
D_STR00685,D_U0076,D0033,2026-02-21 09:10:50.275521,250
D_STR00686,D_U0099,D0049,2026-02-17 01:46:16.701327,67
D_STR00687,D_U0014,D0020,2026-02-14 23:13:38.140277,195
D_STR00688,D_U0094,D0022,2026-02-18 12:52:25.667086,108
D_STR00689,D_U0077,D0047,2026-03-06 08:53:37.891420,116
D_STR00690,D_U0023,D0023,2026-03-01 14:27:08.249540,84
D_STR00691,D_U0070,D0036,2026-02-05 22:34:54.302914,218
D_STR00692,D_U0005,D0024,2026-02-07 07:47:15.399039,185
D_STR00693,D_U0001,D0046,2026-02-19 15:05:17.035433,186
D_STR00694,D_U0077,D0042,2026-02-21 11:18:58.179835,235
D_STR00695,D_U0037,D0036,2026-02-21 00:34:06.702164,93
D_STR00696,D_U0039,D0043,2026-02-17 13:27:15.802257,157
D_STR00697,D_U0003,D0017,2026-03-04 10:18:46.814583,11
D_STR00698,D_U0058,D0044,2026-02-24 14:28:54.785751,65
D_STR00699,D_U0027,D0033,2026-02-26 21:20:39.477117,130
D_STR00700,D_U0054,D0032,2026-02-28 00:03:34.341757,131
D_STR00701,D_U0043,D0021,2026-02-26 18:23:00.760580,83
D_STR00702,D_U0080,D0029,2026-03-05 04:36:30.438556,132
D_STR00703,D_U0007,D0027,2026-02-06 10:37:00.039472,67
D_STR00704,D_U0041,D0011,2026-02-10 01:40:28.834692,84
D_STR00705,D_U0040,D0039,2026-02-23 03:03:37.791228,260
D_STR00706,D_U0086,D0029,2026-03-01 02:28:06.524292,136
D_STR00707,D_U0043,D0039,2026-02-24 06:45:49.397407,14
D_STR00708,D_U0099,D0011,2026-02-08 00:03:12.357500,67
D_STR00709,D_U0009,D0048,2026-02-18 00:55:44.320121,19
D_STR00710,D_U0096,D0035,2026-02-22 21:11:47.824395,250
D_STR00711,D_U0090,D0041,2026-02-26 15:10:39.982920,34
D_STR00712,D_U0011,D0009,2026-02-16 09:51:54.884207,31
D_STR00713,D_U0086,D0007,2026-02-19 08:13:15.756554,25
D_STR00714,D_U0053,D0044,2026-02-07 04:03:28.360826,97
D_STR00715,D_U0027,D0037,2026-02-07 21:12:25.676701,51
D_STR00716,D_U0038,D0007,2026-02-25 05:51:18.654726,32
D_STR00717,D_U0050,D0045,2026-02-10 10:19:32.358929,136
D_STR00718,D_U0050,D0031,2026-02-22 18:01:03.344336,48
D_STR00719,D_U0038,D0010,2026-02-27 08:42:24.303322,200
D_STR00720,D_U0076,D0018,2026-02-21 11:41:12.390525,164
D_STR00721,D_U0057,D0037,2026-02-20 07:58:05.000963,344
D_STR00722,D_U0005,D0040,2026-02-28 00:06:13.003051,155
D_STR00723,D_U0049,D0045,2026-02-22 13:35:59.575266,108
D_STR00724,D_U0025,D0037,2026-02-17 01:54:56.092938,223
D_STR00725,D_U0084,D0035,2026-02-22 23:55:15.708492,103
D_STR00726,D_U0038,D0025,2026-02-21 09:18:30.878588,115
D_STR00727,D_U0060,D0026,2026-02-22 23:46:23.740376,16
D_STR00728,D_U0009,D0018,2026-02-11 12:26:54.131507,11
D_STR00729,D_U0031,D0046,2026-02-06 01:43:41.858465,249
D_STR00730,D_U0086,D0015,2026-03-01 16:51:01.277307,23
D_STR00731,D_U0056,D0041,2026-02-25 09:58:05.379817,82
D_STR00732,D_U0098,D0049,2026-02-15 09:55:37.711871,209
D_STR00733,D_U0088,D0037,2026-02-22 01:32:10.072245,119
D_STR00734,D_U0031,D0049,2026-02-21 07:13:42.900100,145
D_STR00735,D_U0032,D0042,2026-02-26 16:01:36.159992,120
D_STR00736,D_U0087,D0034,2026-02-09 16:44:10.335294,147
D_STR00737,D_U0060,D0042,2026-02-12 00:51:18.319249,22
D_STR00738,D_U0049,D0050,2026-02-22 23:21:41.019298,229
D_STR00739,D_U0030,D0029,2026-02-13 17:00:47.200248,83
D_STR00740,D_U0010,D0049,2026-02-08 07:51:15.026138,109
D_STR00741,D_U0017,D0033,2026-02-05 13:42:49.928247,141
D_STR00742,D_U0039,D0028,2026-03-02 04:13:42.728614,232
D_STR00743,D_U0029,D0017,2026-02-13 19:07:01.839895,84
D_STR00744,D_U0087,D0020,2026-03-01 18:07:41.205616,24
D_STR00745,D_U0018,D0021,2026-02-28 19:51:20.718073,182
D_STR00746,D_U0019,D0036,2026-02-12 15:10:16.420983,26
D_STR00747,D_U0062,D0024,2026-02-17 19:40:47.354198,232
D_STR00748,D_U0082,D0035,2026-02-10 03:52:40.568618,309
D_STR00749,D_U0004,D0030,2026-02-21 17:13:57.917838,81
D_STR00750,D_U0076,D0028,2026-02-06 01:50:20.595970,209
D_STR00751,D_U0062,D0050,2026-02-26 11:00:54.800722,311
D_STR00752,D_U0083,D0032,2026-02-09 23:28:58.389983,159
D_STR00753,D_U0084,D0048,2026-02-23 18:52:25.656140,178
D_STR00754,D_U0078,D0048,2026-02-28 07:25:02.853851,214
D_STR00755,D_U0036,D0039,2026-03-06 03:57:52.883386,115
D_STR00756,D_U0059,D0011,2026-02-28 21:31:43.530142,212
D_STR00757,D_U0021,D0036,2026-02-24 01:04:58.305768,227
D_STR00758,D_U0079,D0011,2026-02-19 15:50:45.732048,235
D_STR00759,D_U0085,D0020,2026-02-10 10:36:57.940213,8
D_STR00760,D_U0028,D0050,2026-02-10 04:37:38.622917,14
D_STR00761,D_U0052,D0021,2026-02-23 19:40:57.072812,60
D_STR00762,D_U0029,D0021,2026-03-04 19:23:02.745419,24
D_STR00763,D_U0003,D0005,2026-02-09 01:54:34.860583,24
D_STR00764,D_U0040,D0028,2026-02-16 07:21:28.739431,232
D_STR00765,D_U0096,D0022,2026-02-08 16:52:33.830717,43
D_STR00766,D_U0019,D0037,2026-02-28 04:23:31.624710,34
D_STR00767,D_U0036,D0038,2026-02-25 16:58:58.582631,90
D_STR00768,D_U0041,D0019,2026-02-25 12:05:55.086906,196
D_STR00769,D_U0033,D0015,2026-02-19 22:59:10.376093,156
D_STR00770,D_U0067,D0019,2026-02-05 21:43:24.099164,111
D_STR00771,D_U0066,D0021,2026-02-28 22:45:09.200403,86
D_STR00772,D_U0055,D0035,2026-02-28 16:00:45.076402,309
D_STR00773,D_U0078,D0017,2026-02-20 16:00:08.927533,172
D_STR00774,D_U0064,D0037,2026-02-24 19:24:52.985849,198
D_STR00775,D_U0075,D0045,2026-02-20 17:29:08.801380,147
D_STR00776,D_U0010,D0011,2026-02-05 13:31:45.775074,151
D_STR00777,D_U0089,D0039,2026-03-04 21:51:22.553446,214
D_STR00778,D_U0093,D0019,2026-02-15 05:16:50.500433,171
D_STR00779,D_U0044,D0024,2026-02-07 14:07:49.160327,240
D_STR00780,D_U0096,D0033,2026-02-23 21:14:35.589871,38
D_STR00781,D_U0040,D0041,2026-02-10 10:47:52.033316,14
D_STR00782,D_U0041,D0045,2026-03-04 07:54:18.202468,147
D_STR00783,D_U0050,D0043,2026-03-03 18:20:53.302045,38
D_STR00784,D_U0053,D0021,2026-02-14 20:41:35.021492,5
D_STR00785,D_U0018,D0046,2026-02-12 22:10:56.952325,160
D_STR00786,D_U0078,D0035,2026-02-14 17:37:49.315625,96
D_STR00787,D_U0024,D0035,2026-02-19 15:51:27.952251,160
D_STR00788,D_U0097,D0010,2026-02-23 10:08:28.247849,67
D_STR00789,D_U0020,D0029,2026-02-05 03:23:22.117584,50
D_STR00790,D_U0065,D0044,2026-03-05 14:17:46.837762,271
D_STR00791,D_U0090,D0042,2026-02-12 05:07:18.462802,161
D_STR00792,D_U0030,D0021,2026-03-01 22:23:51.543660,112
D_STR00793,D_U0098,D0048,2026-03-06 00:21:32.202083,68
D_STR00794,D_U0045,D0044,2026-02-08 11:30:49.312072,279
D_STR00795,D_U0067,D0013,2026-02-10 11:57:04.954971,145
D_STR00796,D_U0040,D0049,2026-02-05 02:27:01.344807,44
D_STR00797,D_U0041,D0050,2026-02-13 17:00:15.839790,284
D_STR00798,D_U0047,D0037,2026-02-16 21:22:07.724858,76
D_STR00799,D_U0027,D0027,2026-02-20 12:56:48.516639,139
D_STR00800,D_U0006,D0017,2026-02-16 16:22:19.176147,92
D_STR00801,D_U0077,D0029,2026-02-15 03:48:05.756936,21
D_STR00802,D_U0020,D0042,2026-03-05 08:31:11.510191,101
D_STR00803,D_U0018,D0033,2026-02-08 06:25:02.871796,259
D_STR00804,D_U0009,D0045,2026-02-09 22:08:16.639003,73
D_STR00805,D_U0013,D0034,2026-02-17 11:49:34.032917,154
D_STR00806,D_U0023,D0043,2026-02-19 02:43:31.923337,89
D_STR00807,D_U0015,D0020,2026-02-08 04:52:58.280630,94
D_STR00808,D_U0054,D0018,2026-03-02 17:41:48.546120,101
D_STR00809,D_U0003,D0048,2026-03-02 17:15:43.484746,190
D_STR00810,D_U0100,D0027,2026-02-13 23:20:46.910462,123
D_STR00811,D_U0002,D0047,2026-02-04 22:34:27.077287,141
D_STR00812,D_U0093,D0036,2026-02-15 17:17:17.502204,74
D_STR00813,D_U0093,D0046,2026-02-12 20:09:38.071066,20
D_STR00814,D_U0024,D0037,2026-02-22 16:42:41.596009,37
D_STR00815,D_U0024,D0043,2026-02-12 23:49:16.506137,176
D_STR00816,D_U0077,D0028,2026-02-23 01:13:17.707845,78
D_STR00817,D_U0058,D0044,2026-02-08 21:44:45.954625,45
D_STR00818,D_U0007,D0035,2026-02-07 20:53:39.388333,72
D_STR00819,D_U0007,D0040,2026-02-21 15:11:44.035362,259
D_STR00820,D_U0010,D0042,2026-02-07 22:04:04.744174,137
D_STR00821,D_U0061,D0012,2026-02-20 14:07:34.616715,166
D_STR00822,D_U0011,D0018,2026-02-14 11:39:30.734238,130
D_STR00823,D_U0050,D0031,2026-02-12 09:55:42.666783,78
D_STR00824,D_U0033,D0045,2026-02-10 10:23:22.181202,209
D_STR00825,D_U0036,D0045,2026-02-20 16:46:36.346024,86
D_STR00826,D_U0091,D0031,2026-02-07 04:46:33.500977,98
D_STR00827,D_U0012,D0037,2026-03-01 01:06:25.041020,124
D_STR00828,D_U0035,D0028,2026-02-15 23:14:52.599234,56
D_STR00829,D_U0013,D0036,2026-02-26 05:41:18.123362,16
D_STR00830,D_U0027,D0048,2026-02-23 08:15:31.757777,120
D_STR00831,D_U0043,D0049,2026-02-20 06:19:01.275918,51
D_STR00832,D_U0071,D0044,2026-02-09 10:45:03.753705,198
D_STR00833,D_U0047,D0023,2026-02-14 15:35:24.151213,72
D_STR00834,D_U0084,D0034,2026-02-24 16:41:15.408513,176
D_STR00835,D_U0087,D0013,2026-02-25 12:52:07.285457,10
D_STR00836,D_U0070,D0050,2026-02-21 22:54:32.305262,105
D_STR00837,D_U0028,D0034,2026-02-17 12:07:40.576396,18
D_STR00838,D_U0062,D0036,2026-02-13 00:52:18.704639,209
D_STR00839,D_U0089,D0036,2026-03-01 00:12:49.448682,217
D_STR00840,D_U0075,D0046,2026-02-22 07:14:17.422695,239
D_STR00841,D_U0008,D0037,2026-02-14 01:07:59.046257,236
D_STR00842,D_U0040,D0026,2026-03-04 00:56:10.653445,62
D_STR00843,D_U0018,D0037,2026-03-03 09:39:31.779106,31
D_STR00844,D_U0089,D0027,2026-02-09 15:33:02.937953,46
D_STR00845,D_U0010,D0048,2026-03-01 14:18:53.127257,134
D_STR00846,D_U0016,D0038,2026-02-20 04:36:13.048586,166
D_STR00847,D_U0048,D0046,2026-02-28 07:03:33.427593,173
D_STR00848,D_U0062,D0022,2026-03-06 01:40:00.690930,163
D_STR00849,D_U0026,D0027,2026-02-25 13:05:08.442493,53
D_STR00850,D_U0064,D0042,2026-02-24 04:32:49.359679,170
D_STR00851,D_U0013,D0027,2026-02-08 14:25:04.626898,98
D_STR00852,D_U0073,D0035,2026-02-18 20:29:10.705726,62
D_STR00853,D_U0013,D0035,2026-02-25 03:33:29.852423,311
D_STR00854,D_U0099,D0045,2026-02-21 09:45:18.182288,190
D_STR00855,D_U0047,D0041,2026-02-24 21:04:51.124784,134
D_STR00856,D_U0031,D0040,2026-02-19 01:38:30.439292,229
D_STR00857,D_U0051,D0048,2026-02-10 18:28:20.738986,58
D_STR00858,D_U0047,D0042,2026-02-24 14:52:50.988694,175
D_STR00859,D_U0064,D0047,2026-02-15 16:13:12.757605,210
D_STR00860,D_U0055,D0031,2026-02-11 20:25:46.247985,96
D_STR00861,D_U0028,D0049,2026-02-06 14:55:56.118379,167
D_STR00862,D_U0033,D0025,2026-02-16 19:25:54.224232,102
D_STR00863,D_U0026,D0033,2026-03-01 04:46:05.643171,104
D_STR00864,D_U0018,D0035,2026-02-21 00:43:44.403724,269
D_STR00865,D_U0030,D0047,2026-02-16 20:17:59.965242,10
D_STR00866,D_U0026,D0006,2026-02-11 14:53:44.151417,265
D_STR00867,D_U0016,D0028,2026-03-06 01:08:25.937428,160
D_STR00868,D_U0036,D0017,2026-03-02 17:29:43.663619,50
D_STR00869,D_U0079,D0047,2026-02-25 22:33:00.218220,196
D_STR00870,D_U0075,D0046,2026-02-13 19:43:29.125049,128
D_STR00871,D_U0087,D0034,2026-02-14 18:14:38.737150,130
D_STR00872,D_U0022,D0038,2026-02-04 19:24:34.810157,50
D_STR00873,D_U0076,D0044,2026-02-23 01:17:05.240815,257
D_STR00874,D_U0026,D0035,2026-02-15 05:35:05.467576,65
D_STR00875,D_U0044,D0037,2026-03-04 22:54:34.565472,212
D_STR00876,D_U0013,D0046,2026-02-17 18:20:46.710416,119
D_STR00877,D_U0036,D0042,2026-02-24 07:51:46.661063,317
D_STR00878,D_U0004,D0036,2026-02-23 06:58:46.034941,94
D_STR00879,D_U0071,D0045,2026-02-24 22:35:56.975729,218
D_STR00880,D_U0083,D0041,2026-02-05 11:36:57.866259,133
D_STR00881,D_U0059,D0021,2026-02-14 03:37:07.907192,38
D_STR00882,D_U0042,D0035,2026-03-05 10:47:29.670142,303
D_STR00883,D_U0024,D0039,2026-02-27 07:01:55.060414,246
D_STR00884,D_U0030,D0026,2026-02-21 20:28:50.152978,36
D_STR00885,D_U0036,D0044,2026-03-05 17:31:06.630145,78
D_STR00886,D_U0069,D0043,2026-02-15 10:28:44.578771,189
D_STR00887,D_U0067,D0044,2026-02-19 07:19:20.888567,261
D_STR00888,D_U0032,D0039,2026-02-10 00:00:07.662421,188
D_STR00889,D_U0075,D0049,2026-02-23 22:48:39.687282,10
D_STR00890,D_U0026,D0022,2026-02-23 22:52:21.709034,120
D_STR00891,D_U0039,D0049,2026-03-01 10:48:30.924940,34
D_STR00892,D_U0028,D0017,2026-02-26 02:33:13.149526,27
D_STR00893,D_U0040,D0041,2026-02-17 00:57:07.263886,98
D_STR00894,D_U0044,D0029,2026-02-09 07:59:39.557508,162
D_STR00895,D_U0079,D0043,2026-02-09 05:32:12.257347,56
D_STR00896,D_U0055,D0035,2026-02-13 01:38:47.646160,99
D_STR00897,D_U0031,D0023,2026-02-15 07:49:49.084219,109
D_STR00898,D_U0003,D0016,2026-02-07 15:19:09.410218,26
D_STR00899,D_U0084,D0043,2026-02-27 01:24:36.859151,159
D_STR00900,D_U0074,D0035,2026-02-11 12:07:35.273991,238
D_STR00901,D_U0019,D0028,2026-02-07 02:24:58.546178,116
D_STR00902,D_U0066,D0041,2026-03-06 07:47:37.620980,72
D_STR00903,D_U0042,D0018,2026-02-06 01:14:25.131206,184
D_STR00904,D_U0042,D0027,2026-02-10 21:15:21.597865,111
D_STR00905,D_U0086,D0031,2026-02-24 13:49:53.218055,81
D_STR00906,D_U0060,D0021,2026-02-23 13:17:04.061206,150
D_STR00907,D_U0081,D0033,2026-02-08 14:34:04.750662,38
D_STR00908,D_U0006,D0041,2026-02-17 09:52:57.767840,128
D_STR00909,D_U0021,D0049,2026-02-08 20:57:02.081711,173
D_STR00910,D_U0065,D0007,2026-02-22 22:08:44.384672,79
D_STR00911,D_U0043,D0028,2026-02-18 07:23:50.223984,230
D_STR00912,D_U0006,D0042,2026-02-24 00:26:03.047425,75
D_STR00913,D_U0080,D0043,2026-03-03 19:11:40.635982,75
D_STR00914,D_U0040,D0038,2026-02-09 04:59:31.375916,105
D_STR00915,D_U0092,D0029,2026-02-24 20:59:08.132545,78
D_STR00916,D_U0034,D0039,2026-02-14 14:06:02.165426,231
D_STR00917,D_U0069,D0046,2026-02-14 10:28:11.341374,100
D_STR00918,D_U0016,D0031,2026-02-04 22:03:56.274961,92
D_STR00919,D_U0044,D0039,2026-03-01 02:49:30.439926,203
D_STR00920,D_U0012,D0047,2026-02-07 12:11:26.166853,132
D_STR00921,D_U0004,D0045,2026-02-21 14:54:29.970376,25
D_STR00922,D_U0094,D0034,2026-02-12 14:56:21.617734,172
D_STR00923,D_U0011,D0032,2026-02-12 21:37:21.480960,208
D_STR00924,D_U0059,D0028,2026-02-07 14:08:50.441076,137
D_STR00925,D_U0096,D0039,2026-03-05 05:31:24.050401,202
D_STR00926,D_U0099,D0040,2026-02-09 01:20:09.759604,66
D_STR00927,D_U0026,D0042,2026-02-15 03:19:25.673770,332
D_STR00928,D_U0004,D0038,2026-02-25 02:57:47.273803,171
D_STR00929,D_U0025,D0033,2026-02-28 13:52:25.097233,21
D_STR00930,D_U0011,D0028,2026-02-25 00:54:08.354664,72
D_STR00931,D_U0085,D0035,2026-02-16 18:07:59.500614,118
D_STR00932,D_U0051,D0047,2026-02-10 23:04:44.796635,173
D_STR00933,D_U0059,D0039,2026-02-20 15:07:18.106543,150
D_STR00934,D_U0077,D0030,2026-02-15 14:33:42.070096,162
D_STR00935,D_U0075,D0030,2026-02-26 18:21:15.381063,49
D_STR00936,D_U0087,D0044,2026-02-17 08:52:11.953817,133
D_STR00937,D_U0046,D0025,2026-02-11 05:34:33.359611,13
D_STR00938,D_U0061,D0050,2026-02-17 08:50:43.589129,266
D_STR00939,D_U0072,D0032,2026-02-19 11:20:50.393729,22
D_STR00940,D_U0090,D0048,2026-03-04 15:35:56.702935,144
D_STR00941,D_U0003,D0031,2026-03-01 16:56:34.805120,122
D_STR00942,D_U0032,D0042,2026-02-05 13:44:28.743225,83
D_STR00943,D_U0006,D0030,2026-02-08 15:44:19.906696,63
D_STR00944,D_U0072,D0029,2026-02-08 20:30:57.582216,92
D_STR00945,D_U0097,D0008,2026-02-19 08:09:19.114326,41
D_STR00946,D_U0090,D0044,2026-02-16 10:46:09.858462,47
D_STR00947,D_U0001,D0041,2026-02-26 13:32:32.317371,96
D_STR00948,D_U0044,D0045,2026-02-05 14:50:25.600044,164
D_STR00949,D_U0003,D0016,2026-02-07 17:23:30.854107,111
D_STR00950,D_U0092,D0026,2026-02-13 15:19:54.157268,21
D_STR00951,D_U0065,D0041,2026-02-16 23:37:40.361058,28
D_STR00952,D_U0018,D0016,2026-02-27 02:39:07.125026,91
D_STR00953,D_U0010,D0049,2026-02-25 16:33:08.898735,203
D_STR00954,D_U0057,D0049,2026-02-22 13:41:48.112292,206
D_STR00955,D_U0068,D0018,2026-02-18 09:56:55.921236,33
D_STR00956,D_U0066,D0027,2026-03-01 04:31:45.140000,133
D_STR00957,D_U0048,D0033,2026-02-16 08:45:38.077926,147
D_STR00958,D_U0064,D0031,2026-02-05 00:11:54.004879,50
D_STR00959,D_U0004,D0049,2026-02-07 17:23:20.089008,15
D_STR00960,D_U0047,D0042,2026-02-18 00:58:56.997045,10
D_STR00961,D_U0011,D0022,2026-02-14 16:51:38.531854,122
D_STR00962,D_U0036,D0018,2026-02-05 04:29:23.564711,6
D_STR00963,D_U0091,D0024,2026-02-19 07:15:49.084362,52
D_STR00964,D_U0002,D0029,2026-03-05 19:48:21.105775,158
D_STR00965,D_U0018,D0008,2026-02-16 01:39:13.849290,131
D_STR00966,D_U0004,D0047,2026-02-12 18:11:15.196434,188
D_STR00967,D_U0086,D0050,2026-02-23 06:52:15.006748,161
D_STR00968,D_U0049,D0038,2026-02-11 08:55:07.109537,51
D_STR00969,D_U0038,D0048,2026-02-13 01:53:39.190948,9
D_STR00970,D_U0016,D0029,2026-02-04 13:06:25.711404,49
D_STR00971,D_U0069,D0044,2026-03-03 14:24:55.448695,46
D_STR00972,D_U0010,D0029,2026-03-04 07:57:54.943248,138
D_STR00973,D_U0002,D0046,2026-02-15 12:56:31.553827,128
D_STR00974,D_U0050,D0037,2026-02-12 03:24:21.180296,239
D_STR00975,D_U0078,D0015,2026-02-27 03:38:00.672204,72
D_STR00976,D_U0016,D0045,2026-03-04 17:06:36.926988,213
D_STR00977,D_U0010,D0045,2026-02-25 09:56:51.806311,7
D_STR00978,D_U0092,D0001,2026-03-03 05:55:59.955467,99
D_STR00979,D_U0078,D0047,2026-02-15 11:25:26.330742,214
D_STR00980,D_U0010,D0023,2026-03-04 12:08:20.004565,79
D_STR00981,D_U0052,D0015,2026-02-20 05:44:20.801508,34
D_STR00982,D_U0036,D0019,2026-03-05 11:46:48.309981,132
D_STR00983,D_U0007,D0019,2026-02-12 00:49:42.850167,159
D_STR00984,D_U0058,D0049,2026-02-10 19:19:39.976393,29
D_STR00985,D_U0008,D0038,2026-03-04 05:48:38.236604,126
D_STR00986,D_U0093,D0044,2026-02-22 13:33:49.450572,32
D_STR00987,D_U0050,D0045,2026-02-07 07:37:42.465251,122
D_STR00988,D_U0034,D0049,2026-02-20 20:49:31.969213,177
D_STR00989,D_U0059,D0006,2026-02-09 04:02:37.706632,70
D_STR00990,D_U0018,D0028,2026-02-14 00:00:38.352482,155
D_STR00991,D_U0031,D0019,2026-02-07 05:10:46.975438,83
D_STR00992,D_U0082,D0033,2026-02-15 06:13:24.952142,164
D_STR00993,D_U0039,D0035,2026-02-05 13:59:43.829115,192
D_STR00994,D_U0043,D0047,2026-02-07 12:49:54.258279,190
D_STR00995,D_U0064,D0050,2026-03-05 15:31:24.055387,324
D_STR00996,D_U0028,D0010,2026-02-28 14:28:37.300182,159
D_STR00997,D_U0045,D0039,2026-02-06 03:49:47.807116,5
D_STR00998,D_U0032,D0036,2026-02-20 03:26:01.406817,133
D_STR00999,D_U0028,D0039,2026-03-02 16:19:42.674135,11
D_STR01000,D_U0032,D0043,2026-02-18 15:38:53.003251,41
D_STR01001,D_U0044,D0032,2026-02-16 13:20:40.654691,164
D_STR01002,D_U0060,D0047,2026-03-05 06:54:18.630115,210
D_STR01003,D_U0073,D0045,2026-02-10 23:23:20.653103,124
D_STR01004,D_U0032,D0019,2026-03-03 03:15:47.947121,113
D_STR01005,D_U0066,D0043,2026-02-26 10:30:39.160810,117
D_STR01006,D_U0042,D0019,2026-02-15 12:55:58.663342,179
D_STR01007,D_U0074,D0024,2026-02-21 22:42:58.178640,170
D_STR01008,D_U0048,D0033,2026-02-18 15:17:41.038607,38
D_STR01009,D_U0015,D0046,2026-02-26 08:00:31.912790,165
D_STR01010,D_U0087,D0032,2026-03-01 11:42:31.748315,88
D_STR01011,D_U0085,D0009,2026-03-05 06:33:22.533821,67
D_STR01012,D_U0018,D0050,2026-02-21 03:29:20.215879,64
D_STR01013,D_U0008,D0037,2026-02-22 00:23:41.881618,333
D_STR01014,D_U0068,D0050,2026-02-22 20:10:49.562418,214
D_STR01015,D_U0090,D0036,2026-02-11 22:13:43.373990,241
D_STR01016,D_U0002,D0022,2026-02-22 07:31:41.055213,116
D_STR01017,D_U0059,D0050,2026-02-07 07:21:38.485547,222
D_STR01018,D_U0030,D0044,2026-02-08 23:52:42.000955,58
D_STR01019,D_U0003,D0046,2026-02-05 02:10:56.051399,26
D_STR01020,D_U0066,D0020,2026-02-17 13:40:05.938861,70
D_STR01021,D_U0076,D0039,2026-03-03 21:12:46.003639,117
D_STR01022,D_U0002,D0041,2026-03-05 02:15:41.596859,172
D_STR01023,D_U0021,D0018,2026-03-03 15:16:22.396013,100
D_STR01024,D_U0057,D0012,2026-02-20 17:28:55.800977,141
D_STR01025,D_U0069,D0049,2026-02-17 09:20:54.227176,115
D_STR01026,D_U0046,D0024,2026-02-14 10:16:54.928730,141
D_STR01027,D_U0001,D0016,2026-02-14 15:20:55.936584,52
D_STR01028,D_U0042,D0028,2026-02-10 01:55:13.550256,51
D_STR01029,D_U0014,D0032,2026-02-25 20:23:58.447361,42
D_STR01030,D_U0083,D0028,2026-02-17 19:35:47.992063,178
D_STR01031,D_U0023,D0030,2026-02-27 05:39:16.752047,35
D_STR01032,D_U0038,D0027,2026-02-15 13:33:08.057210,27
D_STR01033,D_U0050,D0048,2026-03-04 02:38:25.087395,112
D_STR01034,D_U0005,D0017,2026-02-19 15:01:53.010461,31
D_STR01035,D_U0030,D0007,2026-02-09 20:51:54.303473,119
D_STR01036,D_U0025,D0036,2026-02-23 12:42:39.666895,111
D_STR01037,D_U0035,D0047,2026-02-06 00:03:02.118656,142
D_STR01038,D_U0033,D0038,2026-03-03 21:45:36.571577,10
D_STR01039,D_U0059,D0040,2026-03-05 21:00:51.335251,118
D_STR01040,D_U0037,D0045,2026-02-21 11:43:54.912115,194
D_STR01041,D_U0040,D0036,2026-02-17 04:26:25.280739,49
D_STR01042,D_U0049,D0048,2026-02-27 12:57:35.440887,91
D_STR01043,D_U0063,D0047,2026-02-14 05:05:54.604055,126
D_STR01044,D_U0060,D0049,2026-02-27 11:01:28.395996,50
D_STR01045,D_U0085,D0016,2026-02-11 07:35:57.633907,43
D_STR01046,D_U0025,D0050,2026-03-04 17:03:15.512302,232
D_STR01047,D_U0092,D0022,2026-02-18 00:41:38.461247,41
D_STR01048,D_U0028,D0050,2026-02-12 21:39:26.177392,174
D_STR01049,D_U0050,D0050,2026-03-02 13:38:32.760084,243
D_STR01050,D_U0059,D0043,2026-03-04 11:28:58.912509,122
D_STR01051,D_U0016,D0050,2026-03-05 22:50:24.655078,92
D_STR01052,D_U0019,D0028,2026-03-05 15:28:37.669612,111
D_STR01053,D_U0083,D0048,2026-02-26 06:42:30.261131,84
D_STR01054,D_U0095,D0049,2026-02-16 21:52:52.630469,189
D_STR01055,D_U0009,D0046,2026-02-25 04:27:07.654563,154
D_STR01056,D_U0090,D0020,2026-02-25 23:52:37.207432,58
D_STR01057,D_U0055,D0047,2026-02-20 15:37:37.556997,68
D_STR01058,D_U0038,D0042,2026-02-28 12:01:28.752808,30
D_STR01059,D_U0023,D0046,2026-02-20 20:12:43.703255,254
D_STR01060,D_U0060,D0034,2026-02-11 20:55:58.823621,170
D_STR01061,D_U0094,D0027,2026-02-05 16:56:29.011413,87
D_STR01062,D_U0039,D0014,2026-02-10 21:36:39.043840,29
D_STR01063,D_U0099,D0007,2026-02-12 13:14:56.083463,179
D_STR01064,D_U0040,D0009,2026-02-17 02:11:59.755987,131
D_STR01065,D_U0043,D0041,2026-02-15 12:47:29.943141,118
D_STR01066,D_U0031,D0036,2026-02-12 04:33:48.943493,243
D_STR01067,D_U0044,D0023,2026-02-28 20:20:47.691598,72
D_STR01068,D_U0030,D0031,2026-02-19 05:32:57.403571,103
D_STR01069,D_U0017,D0042,2026-03-05 08:44:44.413354,155
D_STR01070,D_U0064,D0048,2026-02-07 13:18:10.306267,92
D_STR01071,D_U0032,D0034,2026-02-04 11:18:56.446646,87
D_STR01072,D_U0022,D0049,2026-02-28 00:36:12.388497,5
D_STR01073,D_U0001,D0028,2026-02-26 05:43:14.128149,81
D_STR01074,D_U0022,D0043,2026-02-26 17:38:16.974149,16
D_STR01075,D_U0014,D0027,2026-03-06 04:26:09.833635,141
D_STR01076,D_U0056,D0036,2026-02-27 23:20:01.547963,34
D_STR01077,D_U0037,D0018,2026-03-01 18:32:51.795191,70
D_STR01078,D_U0046,D0028,2026-02-22 14:42:30.415175,94
D_STR01079,D_U0020,D0042,2026-02-16 19:42:49.659109,335
D_STR01080,D_U0026,D0050,2026-03-03 02:57:34.240655,93
D_STR01081,D_U0022,D0009,2026-02-07 13:55:33.199485,114
D_STR01082,D_U0023,D0036,2026-02-18 21:29:27.988492,53
D_STR01083,D_U0044,D0038,2026-02-09 23:46:18.702560,150
D_STR01084,D_U0082,D0047,2026-03-05 15:03:40.996572,111
D_STR01085,D_U0046,D0034,2026-02-06 21:51:18.301956,173
D_STR01086,D_U0099,D0034,2026-03-05 23:34:08.395503,112
D_STR01087,D_U0017,D0047,2026-02-17 15:12:57.659204,28
D_STR01088,D_U0048,D0004,2026-02-24 01:34:56.273004,169
D_STR01089,D_U0083,D0046,2026-03-06 02:58:57.444507,68
D_STR01090,D_U0099,D0044,2026-02-09 21:05:55.102444,27
D_STR01091,D_U0039,D0043,2026-02-11 16:07:43.245805,146
D_STR01092,D_U0090,D0049,2026-02-06 21:24:57.524899,230
D_STR01093,D_U0089,D0049,2026-02-22 03:33:11.308280,138
D_STR01094,D_U0041,D0039,2026-02-05 00:38:24.544843,249
D_STR01095,D_U0094,D0032,2026-03-03 19:30:46.269738,35
D_STR01096,D_U0095,D0042,2026-02-21 20:07:36.224616,227
D_STR01097,D_U0052,D0013,2026-02-25 22:26:54.420677,42
D_STR01098,D_U0079,D0038,2026-02-24 03:10:49.692703,58
D_STR01099,D_U0017,D0048,2026-03-01 23:01:01.361182,16
D_STR01100,D_U0094,D0010,2026-02-21 04:14:17.679132,115
D_STR01101,D_U0021,D0048,2026-02-25 23:22:41.288152,86
D_STR01102,D_U0038,D0017,2026-02-14 15:51:07.236131,5
D_STR01103,D_U0054,D0050,2026-02-26 10:47:48.822884,181
D_STR01104,D_U0048,D0042,2026-02-26 04:48:19.275442,334
D_STR01105,D_U0100,D0041,2026-02-19 17:47:39.819699,38
D_STR01106,D_U0068,D0040,2026-03-04 03:21:46.058438,102
D_STR01107,D_U0028,D0050,2026-02-06 20:44:46.841182,41
D_STR01108,D_U0035,D0040,2026-02-08 06:54:13.254394,91
D_STR01109,D_U0086,D0043,2026-02-19 15:53:49.044932,177
D_STR01110,D_U0056,D0024,2026-02-20 09:22:01.328712,100
D_STR01111,D_U0067,D0050,2026-02-12 17:53:05.105606,263
D_STR01112,D_U0036,D0048,2026-02-05 20:35:01.082569,104
D_STR01113,D_U0019,D0024,2026-02-28 05:30:43.043678,16
D_STR01114,D_U0017,D0011,2026-02-17 13:55:17.919430,88
D_STR01115,D_U0004,D0039,2026-02-04 16:32:53.641775,276
D_STR01116,D_U0008,D0041,2026-02-20 09:31:01.290918,37
D_STR01117,D_U0057,D0042,2026-02-04 19:00:49.775012,211
D_STR01118,D_U0025,D0014,2026-02-07 23:44:46.155268,108
D_STR01119,D_U0035,D0043,2026-03-04 05:11:15.262416,75
D_STR01120,D_U0009,D0027,2026-02-22 14:34:54.170585,12
D_STR01121,D_U0006,D0036,2026-02-22 18:35:04.709248,201
D_STR01122,D_U0009,D0041,2026-02-08 05:41:28.154430,20
D_STR01123,D_U0019,D0030,2026-02-11 19:38:06.788285,82
D_STR01124,D_U0014,D0025,2026-03-01 18:57:55.298412,159
D_STR01125,D_U0038,D0040,2026-02-25 09:50:46.076921,200
D_STR01126,D_U0031,D0032,2026-03-06 06:24:47.127810,166
D_STR01127,D_U0036,D0036,2026-03-02 11:22:06.180678,180
D_STR01128,D_U0018,D0015,2026-02-22 08:33:49.655543,313
D_STR01129,D_U0065,D0048,2026-03-05 05:02:17.761832,198
D_STR01130,D_U0053,D0046,2026-03-04 04:30:17.297936,227
D_STR01131,D_U0049,D0041,2026-03-03 20:30:09.309960,53
D_STR01132,D_U0001,D0036,2026-02-23 18:55:05.041673,238
D_STR01133,D_U0050,D0029,2026-02-25 02:16:45.247616,145
D_STR01134,D_U0070,D0045,2026-02-14 12:40:20.214276,59
D_STR01135,D_U0092,D0028,2026-02-20 09:10:37.578054,110
D_STR01136,D_U0052,D0032,2026-02-24 10:52:56.688224,96
D_STR01137,D_U0053,D0045,2026-03-01 02:30:57.307943,218
D_STR01138,D_U0037,D0044,2026-02-26 13:46:14.596368,270
D_STR01139,D_U0083,D0039,2026-02-15 04:34:55.411955,71
D_STR01140,D_U0076,D0044,2026-02-16 15:34:17.484590,188
D_STR01141,D_U0091,D0050,2026-02-23 22:00:38.611700,248
D_STR01142,D_U0066,D0042,2026-02-24 16:28:11.059739,193
D_STR01143,D_U0058,D0015,2026-02-23 11:44:12.616171,214
D_STR01144,D_U0087,D0029,2026-02-26 21:26:54.534740,32
D_STR01145,D_U0089,D0036,2026-02-04 14:32:57.158412,127
D_STR01146,D_U0044,D0048,2026-02-19 08:47:15.420190,84
D_STR01147,D_U0071,D0039,2026-02-09 19:19:30.693527,270
D_STR01148,D_U0031,D0049,2026-02-10 09:52:51.319777,116
D_STR01149,D_U0096,D0042,2026-02-18 11:56:56.643240,102
D_STR01150,D_U0056,D0029,2026-02-24 00:58:44.065717,12
D_STR01151,D_U0096,D0037,2026-02-18 12:36:25.883305,327
D_STR01152,D_U0082,D0022,2026-02-18 20:06:27.466572,35
D_STR01153,D_U0014,D0004,2026-02-20 00:29:42.151519,88
D_STR01154,D_U0022,D0018,2026-02-28 12:07:30.252218,161
D_STR01155,D_U0049,D0019,2026-02-17 04:10:59.670266,54
D_STR01156,D_U0023,D0038,2026-02-04 15:20:37.002330,79
D_STR01157,D_U0086,D0047,2026-02-24 05:25:15.275155,161
D_STR01158,D_U0099,D0046,2026-02-08 08:45:37.998115,132
D_STR01159,D_U0099,D0042,2026-02-22 18:51:29.816297,231
D_STR01160,D_U0015,D0012,2026-02-07 14:33:05.968841,29
D_STR01161,D_U0043,D0006,2026-02-08 02:48:12.413153,113
D_STR01162,D_U0053,D0037,2026-02-06 16:49:11.427132,157
D_STR01163,D_U0068,D0049,2026-02-17 12:04:40.423159,9
D_STR01164,D_U0042,D0044,2026-02-13 01:56:22.621436,173
D_STR01165,D_U0048,D0047,2026-02-26 04:25:13.309597,70
D_STR01166,D_U0055,D0021,2026-03-02 20:26:46.395541,75
D_STR01167,D_U0041,D0042,2026-02-05 09:56:44.437286,35
D_STR01168,D_U0097,D0050,2026-02-22 00:02:33.198189,92
D_STR01169,D_U0070,D0014,2026-02-14 00:46:17.847284,270
D_STR01170,D_U0017,D0050,2026-03-04 14:51:58.266510,108
D_STR01171,D_U0076,D0019,2026-02-16 03:16:22.584822,108
D_STR01172,D_U0064,D0033,2026-03-03 12:51:16.996261,190
D_STR01173,D_U0033,D0044,2026-02-18 15:31:17.982171,155
D_STR01174,D_U0082,D0020,2026-02-14 11:41:13.664024,25
D_STR01175,D_U0028,D0030,2026-02-12 08:33:36.269247,9
D_STR01176,D_U0034,D0033,2026-02-17 21:47:45.515485,30
D_STR01177,D_U0064,D0041,2026-03-01 03:27:02.987251,165
D_STR01178,D_U0099,D0029,2026-02-12 11:24:21.117934,129
D_STR01179,D_U0067,D0018,2026-02-28 12:57:44.764913,158
D_STR01180,D_U0086,D0050,2026-03-04 09:20:09.550063,208
D_STR01181,D_U0063,D0042,2026-02-27 03:35:58.095536,44
D_STR01182,D_U0016,D0039,2026-03-05 23:46:39.994584,316
D_STR01183,D_U0030,D0009,2026-02-07 07:10:48.122010,52
D_STR01184,D_U0047,D0042,2026-02-12 12:19:09.462679,172
D_STR01185,D_U0095,D0043,2026-03-02 00:32:27.946624,5
D_STR01186,D_U0037,D0044,2026-02-10 12:38:31.055301,146
D_STR01187,D_U0063,D0043,2026-02-25 20:55:44.316364,127
D_STR01188,D_U0090,D0034,2026-02-17 03:47:24.535188,174
D_STR01189,D_U0073,D0012,2026-02-04 19:17:18.054961,275
D_STR01190,D_U0030,D0044,2026-02-05 12:41:21.980600,234
D_STR01191,D_U0075,D0035,2026-02-11 07:10:26.089792,226
D_STR01192,D_U0024,D0010,2026-02-16 18:45:14.614821,96
D_STR01193,D_U0065,D0043,2026-02-05 17:32:42.831095,41
D_STR01194,D_U0035,D0040,2026-02-23 10:20:51.789711,233
D_STR01195,D_U0100,D0047,2026-02-15 05:47:29.465712,177
D_STR01196,D_U0092,D0046,2026-02-09 12:53:26.454918,185
D_STR01197,D_U0064,D0027,2026-03-05 10:23:19.305081,138
D_STR01198,D_U0029,D0042,2026-02-24 03:41:12.753616,37
D_STR01199,D_U0070,D0014,2026-02-08 11:19:24.288380,260
D_STR01200,D_U0041,D0015,2026-02-25 19:41:55.785010,130
D_STR01201,D_U0012,D0016,2026-02-26 10:24:19.206998,6
D_STR01202,D_U0051,D0037,2026-02-05 19:22:09.968009,332
D_STR01203,D_U0010,D0050,2026-03-03 16:20:45.062371,203
D_STR01204,D_U0056,D0030,2026-02-11 20:13:03.398267,11
D_STR01205,D_U0016,D0019,2026-02-06 23:23:39.403770,68
D_STR01206,D_U0097,D0026,2026-02-05 00:13:21.682621,58
D_STR01207,D_U0064,D0013,2026-02-21 09:41:25.296976,11
D_STR01208,D_U0097,D0039,2026-02-11 19:30:00.222667,240
D_STR01209,D_U0066,D0016,2026-02-28 04:59:07.977499,11
D_STR01210,D_U0057,D0038,2026-02-14 05:04:19.315388,154
D_STR01211,D_U0058,D0025,2026-02-19 02:59:52.729438,137
D_STR01212,D_U0068,D0017,2026-03-03 07:08:08.409826,137
D_STR01213,D_U0083,D0012,2026-02-08 23:19:19.454413,48
D_STR01214,D_U0062,D0038,2026-02-11 04:04:31.437365,177
D_STR01215,D_U0024,D0039,2026-02-09 09:09:52.874270,23
D_STR01216,D_U0006,D0046,2026-02-19 03:19:33.233052,203
D_STR01217,D_U0026,D0046,2026-02-05 23:11:54.431618,130
D_STR01218,D_U0040,D0028,2026-03-03 18:42:00.172766,244
D_STR01219,D_U0042,D0028,2026-02-15 20:42:35.756675,116
D_STR01220,D_U0061,D0018,2026-02-19 20:17:50.519277,175
D_STR01221,D_U0062,D0039,2026-02-28 01:00:03.023718,293
D_STR01222,D_U0004,D0049,2026-02-25 04:21:08.137003,175
D_STR01223,D_U0060,D0048,2026-02-09 06:20:24.998729,67
D_STR01224,D_U0070,D0045,2026-02-10 12:44:02.597484,137
D_STR01225,D_U0009,D0003,2026-02-28 07:18:42.940225,220
D_STR01226,D_U0094,D0035,2026-02-23 02:13:28.627921,31
D_STR01227,D_U0053,D0047,2026-02-10 00:56:41.748649,59
D_STR01228,D_U0084,D0044,2026-02-06 15:30:03.175537,19
D_STR01229,D_U0091,D0047,2026-03-04 01:22:48.689869,23
D_STR01230,D_U0005,D0050,2026-02-25 10:55:05.975045,99
D_STR01231,D_U0025,D0021,2026-02-05 06:30:50.557986,46
D_STR01232,D_U0039,D0021,2026-02-19 20:32:49.202187,194
D_STR01233,D_U0084,D0021,2026-02-12 01:06:27.951791,5
D_STR01234,D_U0054,D0029,2026-02-05 06:57:24.036463,165
D_STR01235,D_U0018,D0040,2026-02-11 11:32:35.630127,125
D_STR01236,D_U0054,D0049,2026-03-02 19:30:31.137582,169
D_STR01237,D_U0098,D0027,2026-02-08 01:57:32.745126,118
D_STR01238,D_U0032,D0028,2026-02-20 17:26:04.685722,22
D_STR01239,D_U0026,D0016,2026-02-22 19:54:34.008455,25
D_STR01240,D_U0002,D0028,2026-02-21 20:20:55.156584,246
D_STR01241,D_U0017,D0050,2026-02-12 23:41:32.315184,297
D_STR01242,D_U0068,D0035,2026-03-02 17:05:43.634954,241
D_STR01243,D_U0030,D0046,2026-03-03 05:00:06.927173,130
D_STR01244,D_U0011,D0016,2026-02-06 14:05:43.653069,87
D_STR01245,D_U0012,D0042,2026-02-23 17:40:34.200361,138
D_STR01246,D_U0090,D0009,2026-02-07 01:01:16.924532,12
D_STR01247,D_U0073,D0046,2026-03-03 00:28:38.585172,132
D_STR01248,D_U0019,D0026,2026-02-28 04:13:37.802269,32
D_STR01249,D_U0018,D0047,2026-02-05 21:16:34.857449,218
D_STR01250,D_U0042,D0049,2026-03-05 13:24:07.973045,68
D_STR01251,D_U0097,D0007,2026-02-25 03:08:40.186169,229
D_STR01252,D_U0053,D0042,2026-03-05 04:47:19.393474,260
D_STR01253,D_U0098,D0029,2026-02-20 14:46:38.348659,119
D_STR01254,D_U0051,D0035,2026-02-19 08:23:42.366594,83
D_STR01255,D_U0075,D0017,2026-02-17 21:29:52.868924,132
D_STR01256,D_U0097,D0043,2026-02-27 03:21:47.561931,41
D_STR01257,D_U0053,D0042,2026-02-12 20:53:03.808032,285
D_STR01258,D_U0057,D0018,2026-02-14 14:40:01.738938,111
D_STR01259,D_U0093,D0039,2026-02-18 16:08:40.664982,106
D_STR01260,D_U0072,D0045,2026-02-12 01:19:00.627068,123
D_STR01261,D_U0062,D0033,2026-03-03 00:47:10.844053,278
D_STR01262,D_U0007,D0016,2026-02-13 07:42:21.843233,11
D_STR01263,D_U0084,D0015,2026-03-03 16:40:15.541131,167
D_STR01264,D_U0018,D0038,2026-03-01 06:42:17.230066,68
D_STR01265,D_U0015,D0040,2026-02-05 17:02:36.377221,185
D_STR01266,D_U0007,D0042,2026-03-05 14:52:57.677634,8
D_STR01267,D_U0088,D0022,2026-02-26 14:24:03.103418,133
D_STR01268,D_U0067,D0039,2026-02-16 05:46:15.031937,51
D_STR01269,D_U0023,D0038,2026-02-25 09:25:49.278614,87
D_STR01270,D_U0039,D0017,2026-02-21 11:22:09.913651,175
D_STR01271,D_U0036,D0045,2026-02-24 06:33:01.900637,201
D_STR01272,D_U0040,D0041,2026-03-04 15:48:57.710875,152
D_STR01273,D_U0012,D0046,2026-02-18 18:23:18.459754,252
D_STR01274,D_U0059,D0042,2026-02-17 20:30:27.449771,41
D_STR01275,D_U0016,D0042,2026-03-01 03:22:54.083933,213
D_STR01276,D_U0063,D0030,2026-02-04 12:48:56.876814,154
D_STR01277,D_U0066,D0041,2026-02-13 14:13:00.288026,50
D_STR01278,D_U0058,D0048,2026-03-03 03:51:57.525812,200
D_STR01279,D_U0063,D0032,2026-03-01 12:55:39.514389,166
D_STR01280,D_U0066,D0023,2026-03-04 04:07:59.889378,48
D_STR01281,D_U0073,D0029,2026-02-19 11:57:48.180207,141
D_STR01282,D_U0024,D0040,2026-03-04 06:13:17.308772,143
D_STR01283,D_U0068,D0037,2026-03-04 18:42:55.020797,76
D_STR01284,D_U0043,D0035,2026-02-22 10:18:32.591945,34
D_STR01285,D_U0071,D0041,2026-02-17 22:57:44.333525,71
D_STR01286,D_U0019,D0047,2026-02-21 17:03:13.200769,117
D_STR01287,D_U0056,D0026,2026-02-23 10:12:55.139079,39
D_STR01288,D_U0065,D0008,2026-02-25 06:57:20.833475,81
D_STR01289,D_U0008,D0046,2026-02-24 00:03:27.384435,73
D_STR01290,D_U0087,D0043,2026-02-12 20:42:59.229913,162
D_STR01291,D_U0019,D0049,2026-03-05 08:16:25.451344,20
D_STR01292,D_U0033,D0048,2026-03-03 16:00:43.214300,205
D_STR01293,D_U0031,D0016,2026-02-19 17:03:43.512275,95
D_STR01294,D_U0015,D0043,2026-02-17 21:09:25.031837,8
D_STR01295,D_U0024,D0037,2026-03-04 14:15:29.259239,168
D_STR01296,D_U0041,D0047,2026-02-15 08:41:07.506355,48
D_STR01297,D_U0089,D0013,2026-02-21 00:14:22.577869,185
D_STR01298,D_U0049,D0026,2026-03-05 10:00:06.004478,41
D_STR01299,D_U0044,D0012,2026-02-14 08:27:34.151544,198
D_STR01300,D_U0007,D0043,2026-02-23 05:37:48.342326,79
D_STR01301,D_U0026,D0049,2026-02-08 17:13:20.999435,156
D_STR01302,D_U0035,D0048,2026-02-13 10:17:11.973220,183
D_STR01303,D_U0099,D0048,2026-02-05 13:23:18.622114,37
D_STR01304,D_U0020,D0024,2026-03-04 23:10:35.536322,100
D_STR01305,D_U0074,D0034,2026-02-28 16:05:50.681291,176
D_STR01306,D_U0015,D0041,2026-02-17 00:14:08.774605,87
D_STR01307,D_U0006,D0039,2026-02-06 16:35:35.425312,34
D_STR01308,D_U0090,D0043,2026-02-13 03:14:40.431385,30
D_STR01309,D_U0087,D0015,2026-02-08 12:48:05.019462,86
D_STR01310,D_U0032,D0027,2026-02-11 18:23:39.039940,100
D_STR01311,D_U0082,D0046,2026-02-14 08:49:02.164075,241
D_STR01312,D_U0031,D0038,2026-02-09 22:32:19.511517,171
D_STR01313,D_U0062,D0026,2026-02-17 16:29:06.119671,96
D_STR01314,D_U0024,D0021,2026-03-03 00:29:46.261157,54
D_STR01315,D_U0080,D0038,2026-02-09 02:39:43.729365,22
D_STR01316,D_U0008,D0013,2026-03-05 18:58:32.929234,100
D_STR01317,D_U0014,D0042,2026-02-28 21:56:12.842115,59
D_STR01318,D_U0014,D0050,2026-02-23 16:28:55.735621,244
D_STR01319,D_U0066,D0030,2026-02-16 18:51:21.018045,122
D_STR01320,D_U0070,D0049,2026-03-04 03:48:40.920147,9
D_STR01321,D_U0056,D0049,2026-02-08 04:05:17.187221,161
D_STR01322,D_U0073,D0031,2026-02-13 13:11:40.750719,142
D_STR01323,D_U0096,D0043,2026-03-02 08:07:59.832819,109
D_STR01324,D_U0076,D0042,2026-02-09 15:58:07.331154,245
D_STR01325,D_U0039,D0013,2026-02-25 20:03:48.426491,180
D_STR01326,D_U0036,D0034,2026-02-14 21:54:08.610292,59
D_STR01327,D_U0058,D0042,2026-03-05 18:46:41.967468,224
D_STR01328,D_U0006,D0039,2026-03-02 21:59:42.667975,96
D_STR01329,D_U0096,D0049,2026-02-09 13:54:02.770252,136
D_STR01330,D_U0007,D0027,2026-03-03 08:58:03.184534,112
D_STR01331,D_U0030,D0046,2026-02-11 13:14:09.631434,54
D_STR01332,D_U0035,D0033,2026-02-18 19:17:15.091712,197
D_STR01333,D_U0079,D0047,2026-03-02 23:05:21.019352,31
D_STR01334,D_U0062,D0029,2026-02-18 10:41:48.725756,69
D_STR01335,D_U0012,D0032,2026-03-05 11:04:56.550463,114
D_STR01336,D_U0003,D0033,2026-02-27 14:13:01.123376,135
D_STR01337,D_U0082,D0032,2026-02-13 19:07:45.348497,176
D_STR01338,D_U0032,D0021,2026-02-09 00:42:01.456095,55
D_STR01339,D_U0084,D0003,2026-03-05 03:24:00.166094,271
D_STR01340,D_U0084,D0047,2026-02-08 14:26:38.378410,40
D_STR01341,D_U0044,D0046,2026-02-08 13:27:15.312625,243
D_STR01342,D_U0039,D0023,2026-02-07 17:08:24.084993,122
D_STR01343,D_U0016,D0049,2026-02-21 23:51:30.526606,66
D_STR01344,D_U0071,D0024,2026-03-05 20:44:14.968902,83
D_STR01345,D_U0002,D0020,2026-02-04 20:39:48.108474,73
D_STR01346,D_U0083,D0044,2026-02-28 21:55:30.179114,22
D_STR01347,D_U0069,D0026,2026-02-05 18:42:09.945150,56
D_STR01348,D_U0038,D0042,2026-02-21 21:00:40.639016,92
D_STR01349,D_U0100,D0040,2026-02-15 03:45:09.961592,106
D_STR01350,D_U0001,D0038,2026-02-18 03:35:19.664842,30
D_STR01351,D_U0006,D0050,2026-02-17 12:59:43.560976,123
D_STR01352,D_U0009,D0050,2026-02-05 17:30:25.942894,123
D_STR01353,D_U0047,D0029,2026-03-06 00:43:12.947307,103
D_STR01354,D_U0012,D0027,2026-02-04 17:15:11.004354,90
D_STR01355,D_U0037,D0006,2026-02-11 03:35:50.160216,259
D_STR01356,D_U0021,D0017,2026-02-24 18:23:56.693150,55
D_STR01357,D_U0044,D0007,2026-03-03 01:07:35.771252,249
D_STR01358,D_U0021,D0040,2026-02-05 15:28:28.636669,216
D_STR01359,D_U0010,D0017,2026-02-05 23:51:01.113652,150
D_STR01360,D_U0077,D0044,2026-02-18 08:54:47.854986,271
D_STR01361,D_U0066,D0011,2026-03-05 23:39:39.873590,160
D_STR01362,D_U0013,D0040,2026-02-27 20:36:25.740356,32
D_STR01363,D_U0026,D0038,2026-02-17 12:38:40.175905,140
D_STR01364,D_U0058,D0031,2026-02-11 05:39:01.042378,54
D_STR01365,D_U0046,D0012,2026-02-14 21:16:54.295290,248
D_STR01366,D_U0002,D0050,2026-02-15 14:26:21.198140,301
D_STR01367,D_U0073,D0042,2026-02-10 09:02:15.668485,211
D_STR01368,D_U0073,D0034,2026-02-16 22:44:52.742238,145
D_STR01369,D_U0003,D0028,2026-02-18 01:45:52.205253,114
D_STR01370,D_U0097,D0019,2026-02-16 23:42:16.334875,80
D_STR01371,D_U0086,D0035,2026-02-27 10:09:53.346831,128
D_STR01372,D_U0011,D0011,2026-03-01 22:21:13.232865,161
D_STR01373,D_U0008,D0026,2026-02-24 09:22:25.419237,60
D_STR01374,D_U0017,D0049,2026-03-01 05:47:35.632968,43
D_STR01375,D_U0068,D0042,2026-02-19 14:04:25.368021,166
D_STR01376,D_U0069,D0036,2026-02-14 18:05:00.524015,100
D_STR01377,D_U0005,D0037,2026-02-16 05:32:13.637925,351
D_STR01378,D_U0011,D0045,2026-02-28 07:35:51.362591,21
D_STR01379,D_U0046,D0024,2026-02-25 08:31:34.685349,274
D_STR01380,D_U0085,D0043,2026-02-15 15:48:22.168827,47
D_STR01381,D_U0096,D0048,2026-02-15 13:22:18.015311,226
D_STR01382,D_U0034,D0048,2026-02-13 06:15:14.976429,171
D_STR01383,D_U0092,D0021,2026-02-19 10:10:59.098561,207
D_STR01384,D_U0015,D0049,2026-02-10 07:27:09.987299,199
D_STR01385,D_U0057,D0045,2026-02-07 21:57:11.579570,29
D_STR01386,D_U0059,D0044,2026-02-25 20:41:35.476391,116
D_STR01387,D_U0056,D0050,2026-02-10 18:10:06.446750,325
D_STR01388,D_U0089,D0040,2026-03-05 02:09:51.852414,120
D_STR01389,D_U0035,D0048,2026-03-02 02:29:04.012918,148
D_STR01390,D_U0048,D0049,2026-02-24 03:06:52.699104,72
D_STR01391,D_U0071,D0047,2026-02-05 23:59:18.983321,88
D_STR01392,D_U0052,D0032,2026-02-08 01:59:10.112935,164
D_STR01393,D_U0025,D0032,2026-02-15 18:16:49.192760,148
D_STR01394,D_U0065,D0050,2026-02-14 23:28:17.874944,142
D_STR01395,D_U0057,D0042,2026-02-20 04:09:12.849097,62
D_STR01396,D_U0053,D0043,2026-02-05 07:14:26.080881,130
D_STR01397,D_U0070,D0042,2026-02-26 02:05:01.635430,229
D_STR01398,D_U0097,D0034,2026-02-07 20:53:39.781717,114
D_STR01399,D_U0086,D0048,2026-02-25 23:25:03.608035,42
D_STR01400,D_U0068,D0049,2026-02-19 21:28:49.522765,240
D_STR01401,D_U0040,D0034,2026-03-03 03:52:39.557120,18
D_STR01402,D_U0008,D0029,2026-02-21 23:38:20.252536,56
D_STR01403,D_U0099,D0020,2026-02-05 21:57:08.490272,86
D_STR01404,D_U0052,D0029,2026-02-14 16:37:26.289249,71
D_STR01405,D_U0079,D0035,2026-03-03 08:46:26.311011,113
D_STR01406,D_U0054,D0030,2026-02-08 04:56:00.312968,57
D_STR01407,D_U0014,D0044,2026-02-04 23:43:03.808989,80
D_STR01408,D_U0045,D0038,2026-02-23 05:45:17.520051,107
D_STR01409,D_U0030,D0039,2026-02-20 20:09:25.378311,299
D_STR01410,D_U0059,D0042,2026-03-02 18:07:58.530627,128
D_STR01411,D_U0003,D0034,2026-03-02 21:39:26.992543,154
D_STR01412,D_U0002,D0047,2026-03-02 23:11:41.742790,33
D_STR01413,D_U0062,D0023,2026-02-24 04:02:29.444434,82
D_STR01414,D_U0035,D0032,2026-02-17 19:59:05.867664,17
D_STR01415,D_U0067,D0041,2026-02-23 20:14:26.217683,71
D_STR01416,D_U0024,D0049,2026-02-17 01:02:02.809524,14
D_STR01417,D_U0047,D0038,2026-02-26 07:40:11.504036,30
D_STR01418,D_U0024,D0027,2026-02-05 01:38:59.862128,86
D_STR01419,D_U0040,D0007,2026-03-04 05:19:58.008320,164
D_STR01420,D_U0079,D0030,2026-02-11 10:57:25.947517,165
D_STR01421,D_U0071,D0048,2026-02-08 04:17:50.542452,49
D_STR01422,D_U0068,D0006,2026-02-07 18:35:44.886101,29
D_STR01423,D_U0077,D0031,2026-02-18 14:03:42.438671,36
D_STR01424,D_U0078,D0028,2026-02-28 05:04:18.049818,119
D_STR01425,D_U0012,D0036,2026-02-28 01:19:14.048906,110
D_STR01426,D_U0023,D0018,2026-02-22 02:27:39.758246,22
D_STR01427,D_U0060,D0007,2026-02-04 12:40:34.907894,206
D_STR01428,D_U0005,D0049,2026-02-17 23:17:52.820529,75
D_STR01429,D_U0092,D0022,2026-03-06 08:41:46.509874,45
D_STR01430,D_U0049,D0026,2026-02-13 05:30:33.811168,98
D_STR01431,D_U0067,D0050,2026-02-13 10:22:27.929477,97
D_STR01432,D_U0032,D0036,2026-02-14 14:47:52.825381,149
D_STR01433,D_U0018,D0044,2026-02-23 10:56:14.283474,9
D_STR01434,D_U0024,D0030,2026-02-17 11:55:23.770950,87
D_STR01435,D_U0085,D0047,2026-02-26 19:41:01.837856,212
D_STR01436,D_U0005,D0050,2026-02-26 14:01:45.207497,105
D_STR01437,D_U0038,D0033,2026-02-22 02:54:39.885861,156
D_STR01438,D_U0007,D0031,2026-02-12 08:08:36.339736,117
D_STR01439,D_U0087,D0034,2026-02-26 22:20:59.096278,130
D_STR01440,D_U0066,D0032,2026-03-02 06:12:19.713796,170
D_STR01441,D_U0075,D0041,2026-02-08 04:12:34.733587,146
D_STR01442,D_U0070,D0037,2026-03-01 23:27:42.992602,256
D_STR01443,D_U0088,D0015,2026-02-28 00:29:05.885759,309
D_STR01444,D_U0047,D0021,2026-02-25 13:26:49.542554,12
D_STR01445,D_U0064,D0044,2026-02-25 13:29:34.074321,240
D_STR01446,D_U0019,D0048,2026-02-15 17:24:37.026003,178
D_STR01447,D_U0057,D0030,2026-02-28 12:40:08.388336,30
D_STR01448,D_U0090,D0036,2026-02-22 20:10:42.911343,54
D_STR01449,D_U0090,D0045,2026-03-05 05:50:01.905970,50
D_STR01450,D_U0030,D0027,2026-02-26 06:56:30.482221,105
D_STR01451,D_U0052,D0037,2026-02-06 16:19:52.001638,100
D_STR01452,D_U0090,D0048,2026-03-01 14:39:19.125699,16
D_STR01453,D_U0099,D0038,2026-02-12 09:57:33.771475,80
D_STR01454,D_U0093,D0034,2026-02-15 01:43:40.458830,89
D_STR01455,D_U0045,D0019,2026-02-27 05:12:17.785027,157
D_STR01456,D_U0018,D0027,2026-02-13 06:47:41.919231,63
D_STR01457,D_U0028,D0042,2026-02-19 00:58:12.331732,40
D_STR01458,D_U0038,D0035,2026-02-09 18:41:32.306309,18
D_STR01459,D_U0010,D0046,2026-02-14 10:51:22.031340,141
D_STR01460,D_U0015,D0049,2026-02-18 12:50:09.714378,241
D_STR01461,D_U0007,D0023,2026-02-26 18:15:08.904101,99
D_STR01462,D_U0079,D0036,2026-02-15 20:28:31.174452,164
D_STR01463,D_U0024,D0034,2026-03-03 14:21:58.266479,28
D_STR01464,D_U0073,D0048,2026-02-24 13:10:52.537338,70
D_STR01465,D_U0022,D0042,2026-02-15 07:05:00.164152,341
D_STR01466,D_U0065,D0037,2026-02-28 15:20:44.277131,104
D_STR01467,D_U0009,D0043,2026-02-25 05:52:13.526471,47
D_STR01468,D_U0081,D0002,2026-03-01 22:02:53.187913,6
D_STR01469,D_U0009,D0034,2026-02-26 00:48:39.154079,26
D_STR01470,D_U0078,D0048,2026-03-04 06:29:08.906504,33
D_STR01471,D_U0020,D0050,2026-02-15 11:26:54.354010,228
D_STR01472,D_U0040,D0043,2026-03-01 12:22:25.283108,194
D_STR01473,D_U0028,D0010,2026-02-28 20:41:17.770637,168
D_STR01474,D_U0012,D0012,2026-02-28 07:04:28.031419,5
D_STR01475,D_U0023,D0032,2026-03-02 23:10:21.561903,82
D_STR01476,D_U0028,D0032,2026-02-17 11:30:06.142738,215
D_STR01477,D_U0011,D0049,2026-02-23 05:18:24.138466,161
D_STR01478,D_U0046,D0029,2026-02-07 19:14:26.799606,106
D_STR01479,D_U0059,D0045,2026-02-07 04:52:50.364182,139
D_STR01480,D_U0052,D0041,2026-02-14 23:11:12.195045,12
D_STR01481,D_U0089,D0031,2026-02-18 16:33:39.726426,27
D_STR01482,D_U0053,D0038,2026-02-05 04:12:11.857440,55
D_STR01483,D_U0098,D0017,2026-02-16 13:03:03.190553,95
D_STR01484,D_U0085,D0035,2026-03-06 00:35:15.347926,70
D_STR01485,D_U0015,D0024,2026-03-01 02:58:04.259291,65
D_STR01486,D_U0053,D0045,2026-03-05 06:45:17.484474,62
D_STR01487,D_U0083,D0018,2026-02-12 00:40:42.345728,47
D_STR01488,D_U0029,D0050,2026-02-06 19:14:35.072033,324
D_STR01489,D_U0004,D0044,2026-02-21 09:39:34.890936,194
D_STR01490,D_U0032,D0032,2026-02-05 01:55:30.809959,149
D_STR01491,D_U0064,D0042,2026-02-15 00:09:13.119072,238
D_STR01492,D_U0013,D0031,2026-02-07 19:27:57.225014,48
D_STR01493,D_U0065,D0026,2026-02-12 14:39:33.785574,74
D_STR01494,D_U0019,D0036,2026-02-05 16:33:47.798604,185
D_STR01495,D_U0065,D0022,2026-03-01 22:36:52.279658,153
D_STR01496,D_U0052,D0022,2026-03-03 06:10:25.978795,17
D_STR01497,D_U0093,D0026,2026-02-20 17:40:56.306483,40
D_STR01498,D_U0042,D0046,2026-02-05 13:32:50.199758,78
D_STR01499,D_U0022,D0036,2026-02-20 20:53:23.278584,143
D_STR01500,D_U0055,D0050,2026-02-12 23:00:43.559408,154
D_STR01501,D_U0067,D0001,2026-02-14 21:05:56.186286,100
D_STR01502,D_U0082,D0028,2026-03-04 17:33:57.001103,216
D_STR01503,D_U0060,D0040,2026-02-04 18:27:27.828696,299
D_STR01504,D_U0030,D0045,2026-02-11 22:19:14.296760,68
D_STR01505,D_U0047,D0040,2026-02-25 11:13:04.866244,288
D_STR01506,D_U0066,D0046,2026-02-05 21:48:35.506456,158
D_STR01507,D_U0053,D0038,2026-02-08 10:42:31.070881,28
D_STR01508,D_U0040,D0043,2026-02-06 14:43:25.272954,53
D_STR01509,D_U0019,D0044,2026-02-21 21:25:01.796687,200
D_STR01510,D_U0056,D0042,2026-02-22 01:33:57.254710,179
D_STR01511,D_U0095,D0010,2026-03-05 11:06:39.694325,33
D_STR01512,D_U0083,D0006,2026-03-05 22:04:48.867113,232
D_STR01513,D_U0001,D0032,2026-02-11 19:01:22.730205,187
D_STR01514,D_U0023,D0046,2026-02-22 22:30:24.851069,179
D_STR01515,D_U0072,D0028,2026-03-03 04:37:18.443683,71
D_STR01516,D_U0050,D0041,2026-03-02 06:57:09.040365,146
D_STR01517,D_U0090,D0047,2026-02-05 18:25:43.439734,73
D_STR01518,D_U0049,D0043,2026-02-13 17:07:15.660773,188
D_STR01519,D_U0092,D0046,2026-02-05 21:17:12.039631,186
D_STR01520,D_U0009,D0032,2026-02-22 20:50:29.951975,22
D_STR01521,D_U0059,D0034,2026-02-28 20:07:53.703686,111
D_STR01522,D_U0051,D0039,2026-02-21 02:24:33.871631,247
D_STR01523,D_U0062,D0049,2026-02-07 08:09:32.181216,178
D_STR01524,D_U0038,D0050,2026-03-02 03:54:15.450176,253
D_STR01525,D_U0013,D0012,2026-02-10 01:29:46.697694,285
D_STR01526,D_U0053,D0019,2026-03-04 17:38:59.809741,186
D_STR01527,D_U0021,D0033,2026-02-28 01:43:20.411475,159
D_STR01528,D_U0009,D0033,2026-02-20 08:27:22.539626,290
D_STR01529,D_U0006,D0031,2026-02-10 06:40:39.222620,136
D_STR01530,D_U0063,D0021,2026-02-22 01:32:31.322805,177
D_STR01531,D_U0042,D0035,2026-02-27 14:28:54.385644,253
D_STR01532,D_U0023,D0027,2026-02-07 12:11:12.349136,36
D_STR01533,D_U0074,D0022,2026-02-20 00:11:13.971039,27
D_STR01534,D_U0050,D0042,2026-02-19 06:09:23.032251,323
D_STR01535,D_U0087,D0025,2026-03-06 04:57:45.595571,185
D_STR01536,D_U0079,D0023,2026-02-17 01:27:24.100396,66
D_STR01537,D_U0006,D0049,2026-03-03 03:12:10.196042,201
D_STR01538,D_U0095,D0029,2026-02-20 20:13:41.292453,150
D_STR01539,D_U0009,D0041,2026-02-10 14:37:16.134931,85
D_STR01540,D_U0066,D0047,2026-02-07 07:59:11.621956,225
D_STR01541,D_U0041,D0019,2026-03-04 03:45:24.917843,85
D_STR01542,D_U0050,D0044,2026-02-28 21:10:10.993072,87
D_STR01543,D_U0030,D0043,2026-02-07 06:56:07.860939,118
D_STR01544,D_U0004,D0050,2026-02-20 04:18:01.463813,185
D_STR01545,D_U0085,D0027,2026-02-17 06:01:07.284818,71
D_STR01546,D_U0043,D0040,2026-02-14 22:55:13.238618,23
D_STR01547,D_U0071,D0033,2026-02-27 21:04:35.798910,291
D_STR01548,D_U0007,D0038,2026-02-11 11:08:19.617729,39
D_STR01549,D_U0089,D0047,2026-02-19 13:46:55.082332,94
D_STR01550,D_U0054,D0043,2026-02-18 13:52:37.453380,176
D_STR01551,D_U0080,D0050,2026-02-20 16:04:19.830441,246
D_STR01552,D_U0073,D0036,2026-02-22 00:56:26.196726,54
D_STR01553,D_U0014,D0040,2026-02-19 08:42:11.736565,277
D_STR01554,D_U0089,D0031,2026-03-05 05:02:36.670965,110
D_STR01555,D_U0063,D0039,2026-02-04 14:04:16.566451,303
D_STR01556,D_U0046,D0049,2026-02-08 04:23:44.849966,54
D_STR01557,D_U0089,D0015,2026-02-27 06:04:50.931918,330
D_STR01558,D_U0004,D0044,2026-02-24 22:29:24.360798,316
D_STR01559,D_U0066,D0044,2026-02-23 05:51:43.656882,120
D_STR01560,D_U0007,D0039,2026-03-03 22:13:09.651956,281
D_STR01561,D_U0098,D0050,2026-02-10 23:20:33.766991,53
D_STR01562,D_U0079,D0049,2026-02-05 01:17:40.669720,92
D_STR01563,D_U0042,D0046,2026-02-22 22:47:21.642395,218
D_STR01564,D_U0024,D0044,2026-02-26 12:48:18.679677,73
D_STR01565,D_U0084,D0035,2026-02-24 18:18:51.875384,198
D_STR01566,D_U0039,D0039,2026-02-10 09:14:49.245489,161
D_STR01567,D_U0012,D0037,2026-02-26 18:21:34.487087,15
D_STR01568,D_U0004,D0008,2026-02-07 05:22:31.979828,35
D_STR01569,D_U0005,D0025,2026-02-18 01:44:57.286729,170
D_STR01570,D_U0039,D0035,2026-02-15 00:33:51.244669,71
D_STR01571,D_U0021,D0026,2026-02-09 03:41:21.688095,28
D_STR01572,D_U0076,D0050,2026-02-21 03:03:47.252050,264
D_STR01573,D_U0006,D0026,2026-02-11 12:43:02.878404,57
D_STR01574,D_U0092,D0026,2026-03-06 02:06:15.174593,16
D_STR01575,D_U0080,D0031,2026-02-09 02:33:18.630827,85
D_STR01576,D_U0055,D0045,2026-02-08 07:38:24.262622,81
D_STR01577,D_U0063,D0031,2026-03-05 19:00:49.357498,122
D_STR01578,D_U0021,D0026,2026-03-03 06:37:48.396592,109
D_STR01579,D_U0069,D0050,2026-02-23 10:47:09.289523,12
D_STR01580,D_U0058,D0023,2026-02-05 03:10:25.180701,23
D_STR01581,D_U0037,D0048,2026-02-15 23:36:40.968345,203
D_STR01582,D_U0015,D0035,2026-02-24 18:51:55.618709,230
D_STR01583,D_U0021,D0007,2026-02-08 22:25:25.767633,166
D_STR01584,D_U0033,D0021,2026-02-13 11:48:08.204068,158
D_STR01585,D_U0044,D0014,2026-02-18 00:13:50.721621,125
D_STR01586,D_U0060,D0010,2026-02-18 17:52:11.244292,90
D_STR01587,D_U0099,D0030,2026-02-11 17:42:43.557322,27
D_STR01588,D_U0096,D0048,2026-02-17 05:45:05.268704,11
D_STR01589,D_U0100,D0028,2026-03-03 04:51:53.757694,107
D_STR01590,D_U0020,D0016,2026-03-05 09:26:31.846396,33
D_STR01591,D_U0093,D0044,2026-02-18 06:47:47.365294,242
D_STR01592,D_U0031,D0043,2026-02-10 19:40:31.317545,43
D_STR01593,D_U0007,D0040,2026-02-23 01:30:23.165296,329
D_STR01594,D_U0077,D0016,2026-02-06 14:27:27.851594,135
D_STR01595,D_U0036,D0023,2026-03-04 20:54:30.944892,25
D_STR01596,D_U0019,D0019,2026-03-03 06:06:54.018735,34
D_STR01597,D_U0034,D0026,2026-03-02 09:45:45.749969,111
D_STR01598,D_U0068,D0014,2026-02-06 23:23:26.067917,267
D_STR01599,D_U0061,D0036,2026-02-19 11:16:16.049386,232
D_STR01600,D_U0032,D0030,2026-02-10 15:43:23.678925,71
D_STR01601,D_U0019,D0029,2026-02-28 15:04:02.662920,25
D_STR01602,D_U0029,D0019,2026-03-03 00:42:43.536507,38
D_STR01603,D_U0039,D0050,2026-02-05 12:09:08.598050,162
D_STR01604,D_U0065,D0037,2026-02-10 17:05:58.180849,123
D_STR01605,D_U0073,D0030,2026-02-08 20:24:20.907531,96
D_STR01606,D_U0033,D0021,2026-02-09 01:46:11.143948,27
D_STR01607,D_U0063,D0039,2026-02-18 17:46:15.443348,264
D_STR01608,D_U0098,D0043,2026-02-23 11:53:35.649927,123
D_STR01609,D_U0034,D0035,2026-02-04 10:49:56.689244,232
D_STR01610,D_U0087,D0049,2026-02-17 19:54:48.851730,22
D_STR01611,D_U0061,D0029,2026-02-27 05:22:39.109939,41
D_STR01612,D_U0095,D0041,2026-03-06 00:18:00.246371,94
D_STR01613,D_U0045,D0007,2026-02-23 14:41:31.359283,146
D_STR01614,D_U0033,D0050,2026-02-20 01:59:27.724362,21
D_STR01615,D_U0073,D0004,2026-02-17 21:38:08.439323,36
D_STR01616,D_U0087,D0032,2026-02-10 04:57:37.628193,235
D_STR01617,D_U0096,D0038,2026-02-19 00:40:35.358109,169
D_STR01618,D_U0033,D0032,2026-02-12 18:29:16.695498,141
D_STR01619,D_U0087,D0050,2026-02-21 23:47:56.830003,14
D_STR01620,D_U0080,D0041,2026-02-12 06:45:16.126589,78
D_STR01621,D_U0062,D0040,2026-02-20 21:08:57.514539,221
D_STR01622,D_U0048,D0033,2026-02-19 06:39:38.767122,181
D_STR01623,D_U0039,D0039,2026-02-23 10:31:52.234207,149
D_STR01624,D_U0038,D0026,2026-02-10 09:34:40.502646,46
D_STR01625,D_U0096,D0025,2026-02-27 08:09:11.484996,22
D_STR01626,D_U0096,D0038,2026-03-04 00:04:18.019509,97
D_STR01627,D_U0020,D0046,2026-02-06 13:45:03.874020,91
D_STR01628,D_U0023,D0019,2026-02-26 22:47:16.872998,222
D_STR01629,D_U0041,D0030,2026-02-28 18:27:45.502866,28
D_STR01630,D_U0020,D0046,2026-02-06 20:53:18.665998,48
D_STR01631,D_U0054,D0049,2026-02-25 01:22:24.974825,49
D_STR01632,D_U0099,D0047,2026-03-01 16:52:46.920145,175
D_STR01633,D_U0004,D0037,2026-02-22 04:44:01.532693,190
D_STR01634,D_U0063,D0025,2026-02-22 03:34:25.932144,187
D_STR01635,D_U0074,D0021,2026-03-02 03:59:19.256166,99
D_STR01636,D_U0036,D0025,2026-03-06 09:44:24.847841,171
D_STR01637,D_U0043,D0022,2026-02-23 15:35:16.536603,61
D_STR01638,D_U0087,D0013,2026-02-28 04:50:13.958902,177
D_STR01639,D_U0100,D0048,2026-02-12 13:19:12.927939,223
D_STR01640,D_U0041,D0035,2026-02-24 11:00:38.014141,124
D_STR01641,D_U0014,D0027,2026-02-16 09:37:55.954950,114
D_STR01642,D_U0015,D0034,2026-02-10 21:43:08.100431,46
D_STR01643,D_U0038,D0041,2026-02-06 18:22:05.065462,97
D_STR01644,D_U0071,D0035,2026-02-06 23:14:30.376691,165
D_STR01645,D_U0058,D0008,2026-02-13 17:24:03.605057,140
D_STR01646,D_U0072,D0032,2026-02-17 23:17:16.827699,138
D_STR01647,D_U0041,D0041,2026-02-27 11:43:27.680616,73
D_STR01648,D_U0056,D0032,2026-02-26 04:22:15.286540,70
D_STR01649,D_U0045,D0047,2026-02-28 11:39:03.417661,220
D_STR01650,D_U0074,D0048,2026-03-04 13:19:15.208355,118
D_STR01651,D_U0089,D0043,2026-02-14 10:33:46.528521,82
D_STR01652,D_U0021,D0046,2026-02-07 03:41:38.422421,15
D_STR01653,D_U0007,D0026,2026-02-26 14:43:59.514681,57
D_STR01654,D_U0024,D0036,2026-03-03 18:46:54.193991,199
D_STR01655,D_U0046,D0015,2026-03-06 08:54:41.236425,183
D_STR01656,D_U0079,D0015,2026-02-20 22:28:03.973728,73
D_STR01657,D_U0009,D0021,2026-02-07 10:58:40.544998,112
D_STR01658,D_U0018,D0031,2026-02-06 02:49:09.603263,45
D_STR01659,D_U0011,D0037,2026-02-13 06:27:01.973541,248
D_STR01660,D_U0071,D0038,2026-03-05 15:30:19.757545,116
D_STR01661,D_U0016,D0047,2026-03-05 09:32:17.081939,59
D_STR01662,D_U0052,D0017,2026-02-08 04:02:14.993208,162
D_STR01663,D_U0001,D0050,2026-02-19 12:21:23.739919,281
D_STR01664,D_U0063,D0030,2026-03-02 09:56:23.904104,96
D_STR01665,D_U0082,D0026,2026-03-05 01:30:15.978931,60
D_STR01666,D_U0047,D0023,2026-02-21 11:41:42.235172,88
D_STR01667,D_U0018,D0040,2026-02-16 09:22:53.248433,24
D_STR01668,D_U0007,D0047,2026-02-27 14:37:42.095758,86
D_STR01669,D_U0006,D0028,2026-03-04 14:11:21.021263,90
D_STR01670,D_U0097,D0045,2026-02-27 09:34:33.747762,111
D_STR01671,D_U0080,D0023,2026-02-13 02:39:13.010741,81
D_STR01672,D_U0051,D0039,2026-02-16 12:20:04.588497,44
D_STR01673,D_U0010,D0019,2026-02-27 01:45:47.391396,30
D_STR01674,D_U0054,D0047,2026-02-25 23:07:52.034374,233
D_STR01675,D_U0099,D0022,2026-02-22 10:30:31.579468,149
D_STR01676,D_U0080,D0018,2026-02-15 23:27:57.318255,41
D_STR01677,D_U0066,D0029,2026-02-05 22:45:29.858305,15
D_STR01678,D_U0018,D0043,2026-02-16 20:39:41.989651,181
D_STR01679,D_U0033,D0020,2026-02-26 17:17:41.053028,150
D_STR01680,D_U0059,D0049,2026-03-02 21:19:37.416931,169
D_STR01681,D_U0022,D0045,2026-02-21 07:15:56.918389,78
D_STR01682,D_U0042,D0018,2026-02-21 17:03:34.409288,80
D_STR01683,D_U0007,D0050,2026-02-06 00:32:07.431377,23
D_STR01684,D_U0099,D0049,2026-02-21 01:49:52.032485,142
D_STR01685,D_U0060,D0047,2026-02-26 15:30:29.741626,148
D_STR01686,D_U0001,D0025,2026-02-14 15:51:52.475074,9
D_STR01687,D_U0008,D0048,2026-02-18 12:20:53.791618,87
D_STR01688,D_U0013,D0039,2026-02-17 13:54:10.588985,98
D_STR01689,D_U0015,D0033,2026-02-25 15:33:51.627476,133
D_STR01690,D_U0016,D0036,2026-02-17 19:02:50.607868,232
D_STR01691,D_U0048,D0045,2026-02-05 19:38:02.576028,49
D_STR01692,D_U0039,D0039,2026-02-13 01:28:36.359044,133
D_STR01693,D_U0043,D0050,2026-02-17 00:52:30.192140,81
D_STR01694,D_U0073,D0024,2026-02-26 23:18:56.846913,118
D_STR01695,D_U0060,D0048,2026-02-27 18:12:54.998567,25
D_STR01696,D_U0046,D0006,2026-02-06 22:15:54.840597,304
D_STR01697,D_U0037,D0028,2026-02-25 10:41:46.004670,95
D_STR01698,D_U0003,D0030,2026-02-28 06:17:20.250961,163
D_STR01699,D_U0097,D0050,2026-02-26 19:27:02.294811,78
D_STR01700,D_U0066,D0044,2026-02-10 23:58:04.979268,123
D_STR01701,D_U0037,D0046,2026-03-04 20:37:32.332861,127
D_STR01702,D_U0012,D0024,2026-02-05 11:43:08.217621,243
D_STR01703,D_U0066,D0045,2026-02-19 19:43:51.139663,133
D_STR01704,D_U0030,D0037,2026-02-18 05:21:11.356683,135
D_STR01705,D_U0046,D0050,2026-02-05 09:10:15.004945,162
D_STR01706,D_U0020,D0020,2026-02-17 06:05:15.129200,26
D_STR01707,D_U0044,D0043,2026-02-10 11:56:51.823898,153
D_STR01708,D_U0035,D0020,2026-02-08 22:28:26.902994,340
D_STR01709,D_U0080,D0042,2026-03-04 17:19:04.113396,44
D_STR01710,D_U0036,D0011,2026-02-28 19:42:01.158278,120
D_STR01711,D_U0066,D0041,2026-02-08 18:47:39.343361,121
D_STR01712,D_U0059,D0040,2026-02-22 06:30:54.684253,151
D_STR01713,D_U0039,D0049,2026-02-09 09:41:54.300525,100
D_STR01714,D_U0011,D0014,2026-02-24 03:24:39.400382,20
D_STR01715,D_U0044,D0018,2026-02-27 03:32:29.362042,31
D_STR01716,D_U0083,D0041,2026-02-05 16:37:43.914143,93
D_STR01717,D_U0022,D0013,2026-02-21 04:42:22.226248,199
D_STR01718,D_U0008,D0011,2026-02-28 22:55:18.082951,197
D_STR01719,D_U0026,D0031,2026-02-17 11:04:23.327264,100
D_STR01720,D_U0097,D0038,2026-02-28 16:13:20.964540,53
D_STR01721,D_U0036,D0024,2026-02-23 14:34:01.184583,102
D_STR01722,D_U0042,D0048,2026-03-05 17:23:27.032532,61
D_STR01723,D_U0093,D0028,2026-02-06 09:31:07.884447,52
D_STR01724,D_U0071,D0039,2026-02-25 18:59:57.295379,98
D_STR01725,D_U0100,D0028,2026-02-11 00:12:12.112482,17
D_STR01726,D_U0098,D0042,2026-02-06 02:17:12.932396,131
D_STR01727,D_U0040,D0037,2026-02-11 13:09:39.179263,240
D_STR01728,D_U0075,D0035,2026-02-18 00:34:04.147493,277
D_STR01729,D_U0071,D0033,2026-02-23 02:20:41.826107,116
D_STR01730,D_U0090,D0043,2026-02-15 00:49:07.574375,173
D_STR01731,D_U0058,D0050,2026-03-05 03:28:51.925511,26
D_STR01732,D_U0058,D0016,2026-02-23 12:03:39.799513,19
D_STR01733,D_U0052,D0006,2026-02-27 01:34:21.118965,310
D_STR01734,D_U0090,D0046,2026-03-01 20:13:41.195188,165
D_STR01735,D_U0031,D0029,2026-03-04 06:13:31.874308,53
D_STR01736,D_U0035,D0028,2026-02-25 07:42:09.938259,54
D_STR01737,D_U0046,D0021,2026-03-02 23:28:40.459928,60
D_STR01738,D_U0082,D0018,2026-02-25 22:19:38.498224,23
D_STR01739,D_U0081,D0019,2026-02-14 20:39:47.813379,72
D_STR01740,D_U0047,D0017,2026-02-18 11:16:23.513093,96
D_STR01741,D_U0061,D0036,2026-03-01 20:02:07.190108,35
D_STR01742,D_U0069,D0033,2026-02-19 15:01:19.106088,27
D_STR01743,D_U0091,D0034,2026-02-07 10:23:54.617127,179
D_STR01744,D_U0025,D0030,2026-02-13 01:52:45.323366,134
D_STR01745,D_U0006,D0021,2026-02-15 23:40:07.504903,138
D_STR01746,D_U0093,D0024,2026-02-17 21:34:04.012191,272
D_STR01747,D_U0051,D0044,2026-02-21 22:15:25.171443,94
D_STR01748,D_U0100,D0028,2026-02-08 12:23:08.608194,20
D_STR01749,D_U0048,D0025,2026-02-11 22:47:29.179927,170
D_STR01750,D_U0036,D0020,2026-02-12 21:52:22.424040,6
D_STR01751,D_U0028,D0007,2026-02-12 19:27:58.270599,215
D_STR01752,D_U0009,D0022,2026-02-06 18:03:02.838296,121
D_STR01753,D_U0063,D0017,2026-02-15 01:56:49.017325,35
D_STR01754,D_U0042,D0016,2026-03-02 20:46:04.387423,112
D_STR01755,D_U0081,D0046,2026-02-24 09:17:11.800830,120
D_STR01756,D_U0079,D0041,2026-03-01 03:22:07.712384,31
D_STR01757,D_U0020,D0047,2026-02-14 06:06:21.684362,47
D_STR01758,D_U0031,D0044,2026-03-04 18:33:50.670409,59
D_STR01759,D_U0041,D0044,2026-02-08 16:59:39.925653,185
D_STR01760,D_U0030,D0031,2026-02-08 18:45:20.734732,146
D_STR01761,D_U0029,D0031,2026-03-02 13:08:50.046965,101
D_STR01762,D_U0090,D0048,2026-02-21 13:25:39.701145,114
D_STR01763,D_U0040,D0046,2026-02-07 00:36:11.827665,71
D_STR01764,D_U0079,D0047,2026-02-15 22:49:38.003949,104
D_STR01765,D_U0064,D0029,2026-02-08 19:36:00.432590,65
D_STR01766,D_U0057,D0032,2026-02-26 00:26:13.035928,168
D_STR01767,D_U0074,D0041,2026-02-27 05:47:58.280524,150
D_STR01768,D_U0100,D0003,2026-03-01 19:46:47.219855,290
D_STR01769,D_U0007,D0005,2026-02-08 15:28:54.404224,308
D_STR01770,D_U0012,D0045,2026-02-15 06:49:16.620171,193
D_STR01771,D_U0061,D0006,2026-02-07 06:53:16.051379,155
D_STR01772,D_U0087,D0006,2026-02-22 17:44:26.735943,204
D_STR01773,D_U0001,D0046,2026-02-14 19:26:36.749493,196
D_STR01774,D_U0065,D0037,2026-02-04 10:52:42.098463,30
D_STR01775,D_U0009,D0017,2026-02-07 06:00:54.019787,146
D_STR01776,D_U0028,D0049,2026-02-13 00:27:18.621695,146
D_STR01777,D_U0094,D0043,2026-02-21 11:14:13.583505,175
D_STR01778,D_U0009,D0046,2026-02-21 18:10:23.666475,116
D_STR01779,D_U0085,D0039,2026-02-27 00:34:39.756364,12
D_STR01780,D_U0002,D0034,2026-02-11 07:23:30.038249,54
D_STR01781,D_U0012,D0036,2026-02-16 07:29:27.798718,39
D_STR01782,D_U0071,D0041,2026-02-23 10:08:14.842734,13
D_STR01783,D_U0003,D0033,2026-02-17 20:26:08.410882,204
D_STR01784,D_U0027,D0040,2026-02-14 00:17:14.262167,264
D_STR01785,D_U0095,D0045,2026-03-02 12:27:17.307408,79
D_STR01786,D_U0066,D0030,2026-02-07 16:52:25.270017,91
D_STR01787,D_U0070,D0028,2026-02-24 13:43:41.528389,179
D_STR01788,D_U0068,D0011,2026-02-25 23:57:04.655507,149
D_STR01789,D_U0057,D0020,2026-02-16 06:08:58.713313,97
D_STR01790,D_U0080,D0032,2026-02-07 16:23:17.606744,126
D_STR01791,D_U0052,D0047,2026-02-15 04:34:09.900090,21
D_STR01792,D_U0040,D0021,2026-02-21 00:24:52.784639,89
D_STR01793,D_U0072,D0043,2026-02-11 23:26:48.313579,180
D_STR01794,D_U0072,D0033,2026-02-06 21:38:36.001193,6
D_STR01795,D_U0075,D0049,2026-02-09 23:20:57.350670,172
D_STR01796,D_U0006,D0044,2026-02-14 03:00:33.263103,100
D_STR01797,D_U0073,D0018,2026-02-19 15:10:44.044712,147
D_STR01798,D_U0061,D0036,2026-02-12 12:58:03.779746,74
D_STR01799,D_U0041,D0039,2026-02-12 09:28:21.966430,141
D_STR01800,D_U0093,D0039,2026-02-11 11:19:31.903691,302
D_STR01801,D_U0061,D0037,2026-03-01 07:01:02.951898,351
D_STR01802,D_U0099,D0005,2026-03-03 18:41:57.094282,339
D_STR01803,D_U0026,D0018,2026-02-10 11:01:42.014713,168
D_STR01804,D_U0044,D0029,2026-02-12 05:11:57.038105,140
D_STR01805,D_U0093,D0034,2026-02-14 11:15:27.581297,157
D_STR01806,D_U0072,D0027,2026-02-28 06:18:27.002271,19
D_STR01807,D_U0056,D0015,2026-02-10 20:38:29.956428,321
D_STR01808,D_U0074,D0031,2026-02-18 10:37:49.082742,61
D_STR01809,D_U0011,D0048,2026-02-17 17:50:13.643965,87
D_STR01810,D_U0045,D0006,2026-02-28 09:16:46.882425,152
D_STR01811,D_U0092,D0049,2026-02-28 23:09:19.055355,48
D_STR01812,D_U0039,D0042,2026-02-18 04:51:55.076196,164
D_STR01813,D_U0031,D0047,2026-02-25 18:04:31.093953,141
D_STR01814,D_U0014,D0046,2026-03-01 20:03:35.252508,18
D_STR01815,D_U0073,D0048,2026-03-02 20:41:00.292162,115
D_STR01816,D_U0053,D0046,2026-02-24 23:37:24.012852,96
D_STR01817,D_U0064,D0048,2026-02-16 17:59:29.790658,101
D_STR01818,D_U0070,D0033,2026-02-07 22:08:55.132925,12
D_STR01819,D_U0050,D0044,2026-02-23 05:18:39.147609,127
D_STR01820,D_U0065,D0047,2026-03-02 20:29:47.155958,119
D_STR01821,D_U0025,D0019,2026-02-21 18:32:07.040620,78
D_STR01822,D_U0024,D0006,2026-02-08 12:06:51.133178,204
D_STR01823,D_U0035,D0045,2026-02-08 17:12:38.814168,14
D_STR01824,D_U0058,D0009,2026-02-24 22:01:44.810918,38
D_STR01825,D_U0023,D0035,2026-02-19 23:14:52.592832,167
D_STR01826,D_U0024,D0038,2026-02-19 04:53:27.173302,131
D_STR01827,D_U0071,D0025,2026-02-06 21:50:30.371911,5
D_STR01828,D_U0068,D0011,2026-02-19 08:54:34.643358,41
D_STR01829,D_U0079,D0029,2026-03-01 22:54:47.628807,138
D_STR01830,D_U0091,D0035,2026-02-16 17:17:40.843739,172
D_STR01831,D_U0004,D0028,2026-02-13 23:35:54.935396,30
D_STR01832,D_U0053,D0043,2026-02-14 15:18:56.130557,153
D_STR01833,D_U0054,D0048,2026-02-17 06:17:13.406641,92
D_STR01834,D_U0019,D0037,2026-03-06 05:06:48.012509,199
D_STR01835,D_U0041,D0026,2026-02-25 01:25:50.148320,106
D_STR01836,D_U0053,D0046,2026-03-05 17:07:44.093139,23
D_STR01837,D_U0096,D0041,2026-02-21 04:44:14.083875,26
D_STR01838,D_U0065,D0035,2026-02-12 04:31:51.115171,276
D_STR01839,D_U0051,D0046,2026-02-10 21:44:30.147653,109
D_STR01840,D_U0003,D0029,2026-02-17 06:59:06.708527,112
D_STR01841,D_U0059,D0033,2026-02-17 14:04:38.261844,123
D_STR01842,D_U0044,D0030,2026-03-02 02:15:39.902557,102
D_STR01843,D_U0034,D0044,2026-02-17 05:10:24.115978,215
D_STR01844,D_U0033,D0035,2026-02-23 21:40:29.178839,238
D_STR01845,D_U0001,D0037,2026-02-14 09:42:30.606857,264
D_STR01846,D_U0083,D0046,2026-03-02 04:41:10.122182,83
D_STR01847,D_U0045,D0033,2026-02-17 13:48:18.424312,78
D_STR01848,D_U0054,D0003,2026-02-07 05:07:10.109099,107
D_STR01849,D_U0063,D0039,2026-02-25 12:23:17.088818,185
D_STR01850,D_U0014,D0021,2026-03-01 09:09:27.873672,171
D_STR01851,D_U0021,D0046,2026-02-06 17:18:12.131062,129
D_STR01852,D_U0054,D0040,2026-02-28 20:44:50.980638,195
D_STR01853,D_U0031,D0042,2026-02-05 06:10:41.951959,272
D_STR01854,D_U0036,D0018,2026-02-06 22:07:48.500030,150
D_STR01855,D_U0062,D0016,2026-02-25 11:10:49.803590,43
D_STR01856,D_U0006,D0035,2026-02-13 08:24:50.054013,160
D_STR01857,D_U0058,D0022,2026-02-08 22:55:01.611760,75
D_STR01858,D_U0016,D0035,2026-02-28 21:20:08.793538,343
D_STR01859,D_U0042,D0036,2026-02-28 09:13:53.406640,156
D_STR01860,D_U0014,D0011,2026-03-03 22:21:03.708859,86
D_STR01861,D_U0090,D0027,2026-02-09 00:11:38.255881,109
D_STR01862,D_U0040,D0025,2026-02-22 19:46:33.152773,123
D_STR01863,D_U0063,D0021,2026-02-12 22:16:05.944420,207
D_STR01864,D_U0074,D0047,2026-02-19 18:53:07.668434,192
D_STR01865,D_U0027,D0026,2026-02-12 05:18:31.522262,62
D_STR01866,D_U0097,D0036,2026-02-27 12:24:53.551729,57
D_STR01867,D_U0026,D0050,2026-02-23 21:50:14.941114,194
D_STR01868,D_U0078,D0010,2026-02-04 16:57:20.921472,58
D_STR01869,D_U0026,D0029,2026-02-20 03:34:16.822994,50
D_STR01870,D_U0099,D0042,2026-02-16 07:38:20.726425,290
D_STR01871,D_U0007,D0049,2026-02-13 08:03:20.587489,111
D_STR01872,D_U0054,D0047,2026-02-12 19:53:32.516236,49
D_STR01873,D_U0100,D0048,2026-02-27 01:44:25.192236,6
D_STR01874,D_U0091,D0023,2026-03-01 09:17:52.752772,12
D_STR01875,D_U0072,D0045,2026-02-21 01:47:55.262904,87
D_STR01876,D_U0036,D0049,2026-03-01 13:47:57.078876,30
D_STR01877,D_U0065,D0023,2026-02-08 00:38:27.058063,96
D_STR01878,D_U0093,D0030,2026-02-13 20:57:20.187577,129
D_STR01879,D_U0081,D0045,2026-03-05 11:05:23.002263,51
D_STR01880,D_U0036,D0037,2026-02-28 09:10:08.897887,5
D_STR01881,D_U0075,D0039,2026-02-28 00:01:41.056656,242
D_STR01882,D_U0073,D0026,2026-03-04 05:59:52.175892,62
D_STR01883,D_U0090,D0034,2026-03-01 08:44:06.682493,172
D_STR01884,D_U0038,D0028,2026-02-15 09:27:52.592890,223
D_STR01885,D_U0056,D0041,2026-02-17 17:31:04.999117,170
D_STR01886,D_U0005,D0028,2026-02-17 07:55:29.510836,91
D_STR01887,D_U0028,D0048,2026-02-09 06:01:06.585865,79
D_STR01888,D_U0079,D0039,2026-02-24 20:37:15.563167,249
D_STR01889,D_U0050,D0044,2026-02-19 04:22:26.519500,19
D_STR01890,D_U0082,D0019,2026-02-15 09:09:08.704430,74
D_STR01891,D_U0071,D0043,2026-02-23 03:57:34.846181,198
D_STR01892,D_U0013,D0016,2026-02-11 07:47:28.037365,103
D_STR01893,D_U0088,D0014,2026-02-21 03:43:30.721207,280
D_STR01894,D_U0053,D0046,2026-02-24 08:19:15.014240,197
D_STR01895,D_U0082,D0049,2026-02-26 15:42:55.534164,197
D_STR01896,D_U0005,D0021,2026-02-17 04:11:50.064960,65
D_STR01897,D_U0021,D0014,2026-03-02 17:59:39.518898,159
D_STR01898,D_U0071,D0024,2026-02-10 20:00:58.757067,154
D_STR01899,D_U0038,D0013,2026-02-22 11:37:26.301145,163
D_STR01900,D_U0100,D0038,2026-02-10 10:23:52.863297,155
D_STR01901,D_U0092,D0049,2026-02-04 10:36:03.730879,103
D_STR01902,D_U0071,D0010,2026-02-20 21:07:57.732877,77
D_STR01903,D_U0089,D0042,2026-03-03 06:39:27.333536,251
D_STR01904,D_U0076,D0036,2026-02-27 19:52:09.992067,74
D_STR01905,D_U0001,D0016,2026-03-03 21:19:05.311991,12
D_STR01906,D_U0093,D0043,2026-02-16 10:12:03.749408,21
D_STR01907,D_U0025,D0008,2026-03-05 13:13:33.191521,95
D_STR01908,D_U0095,D0015,2026-02-16 12:10:35.973207,273
D_STR01909,D_U0057,D0028,2026-02-26 01:20:34.671750,90
D_STR01910,D_U0064,D0045,2026-02-11 01:57:29.538520,115
D_STR01911,D_U0095,D0035,2026-03-02 22:47:06.347661,302
D_STR01912,D_U0060,D0029,2026-02-04 19:18:50.021137,154
D_STR01913,D_U0083,D0029,2026-02-19 14:12:48.051059,166
D_STR01914,D_U0001,D0050,2026-02-27 12:12:15.614750,270
D_STR01915,D_U0087,D0009,2026-02-17 15:08:10.883257,124
D_STR01916,D_U0027,D0020,2026-02-12 11:34:14.062359,202
D_STR01917,D_U0029,D0033,2026-02-04 17:59:53.273994,270
D_STR01918,D_U0013,D0025,2026-02-10 07:09:14.141383,131
D_STR01919,D_U0022,D0033,2026-02-17 08:09:32.963077,98
D_STR01920,D_U0023,D0024,2026-02-21 09:36:02.420251,252
D_STR01921,D_U0009,D0046,2026-02-04 20:59:27.711349,257
D_STR01922,D_U0039,D0009,2026-02-19 03:43:38.131176,114
D_STR01923,D_U0056,D0015,2026-03-05 12:46:49.234439,92
D_STR01924,D_U0087,D0029,2026-02-08 09:59:42.865282,145
D_STR01925,D_U0100,D0010,2026-02-22 23:17:01.587467,166
D_STR01926,D_U0052,D0019,2026-02-20 10:51:39.319257,222
D_STR01927,D_U0068,D0038,2026-02-23 06:10:47.451398,56
D_STR01928,D_U0084,D0039,2026-02-05 21:58:38.835264,317
D_STR01929,D_U0037,D0041,2026-02-11 20:03:27.087416,80
D_STR01930,D_U0009,D0034,2026-02-14 00:56:19.365659,178
D_STR01931,D_U0040,D0047,2026-02-04 22:06:55.523008,204
D_STR01932,D_U0020,D0047,2026-02-20 05:53:46.843208,169
D_STR01933,D_U0018,D0030,2026-02-21 04:24:21.660963,98
D_STR01934,D_U0058,D0025,2026-02-09 13:57:31.854693,134
D_STR01935,D_U0053,D0041,2026-02-24 14:37:13.316317,85
D_STR01936,D_U0062,D0043,2026-02-20 20:50:19.469216,63
D_STR01937,D_U0028,D0043,2026-03-04 08:48:37.682787,89
D_STR01938,D_U0054,D0005,2026-02-08 09:30:29.974625,94
D_STR01939,D_U0039,D0049,2026-02-17 07:27:23.075153,188
D_STR01940,D_U0098,D0017,2026-02-07 06:21:25.118784,15
D_STR01941,D_U0054,D0021,2026-02-09 17:02:20.761635,75
D_STR01942,D_U0083,D0029,2026-02-11 13:10:33.788611,16
D_STR01943,D_U0089,D0038,2026-03-05 21:18:32.039293,66
D_STR01944,D_U0042,D0025,2026-02-16 15:19:34.444937,20
D_STR01945,D_U0053,D0020,2026-02-22 11:18:49.555237,35
D_STR01946,D_U0100,D0042,2026-02-06 13:45:18.326280,152
D_STR01947,D_U0086,D0021,2026-02-21 09:11:25.445188,172
D_STR01948,D_U0098,D0017,2026-02-07 01:55:44.824790,226
D_STR01949,D_U0092,D0034,2026-02-20 01:11:55.565911,124
D_STR01950,D_U0011,D0011,2026-02-09 09:16:05.602514,5
D_STR01951,D_U0047,D0019,2026-02-16 03:06:51.974692,170
D_STR01952,D_U0067,D0040,2026-02-23 17:07:10.513646,178
D_STR01953,D_U0097,D0020,2026-02-20 20:47:49.811876,160
D_STR01954,D_U0038,D0042,2026-02-16 06:40:48.926651,151
D_STR01955,D_U0058,D0040,2026-02-10 12:39:20.684007,165
D_STR01956,D_U0047,D0019,2026-02-16 17:36:26.936517,88
D_STR01957,D_U0043,D0010,2026-02-26 11:51:57.865458,228
D_STR01958,D_U0025,D0036,2026-02-20 12:08:12.513956,98
D_STR01959,D_U0074,D0039,2026-02-08 14:16:30.683564,9
D_STR01960,D_U0080,D0023,2026-02-04 13:32:34.578928,74
D_STR01961,D_U0061,D0035,2026-02-11 03:26:09.907057,330
D_STR01962,D_U0094,D0020,2026-02-19 09:20:30.285387,249
D_STR01963,D_U0077,D0044,2026-02-26 16:47:09.530825,181
D_STR01964,D_U0051,D0020,2026-02-18 12:16:57.566922,277
D_STR01965,D_U0048,D0017,2026-02-13 17:39:11.864039,177
D_STR01966,D_U0058,D0024,2026-02-20 01:20:16.468097,143
D_STR01967,D_U0070,D0041,2026-02-22 05:02:08.193997,62
D_STR01968,D_U0014,D0050,2026-02-26 03:50:34.149442,272
D_STR01969,D_U0038,D0031,2026-02-06 17:17:17.491280,13
D_STR01970,D_U0001,D0026,2026-02-15 16:10:19.032796,83
D_STR01971,D_U0065,D0049,2026-02-18 11:56:50.420170,182
D_STR01972,D_U0068,D0025,2026-02-10 05:03:37.700016,82
D_STR01973,D_U0009,D0032,2026-02-05 10:16:34.286888,63
D_STR01974,D_U0086,D0018,2026-02-13 23:03:42.453164,163
D_STR01975,D_U0023,D0011,2026-02-15 22:13:27.399890,175
D_STR01976,D_U0044,D0020,2026-02-14 09:19:12.393265,182
D_STR01977,D_U0003,D0037,2026-02-21 16:52:01.644736,239
D_STR01978,D_U0079,D0045,2026-02-15 20:32:18.644211,31
D_STR01979,D_U0013,D0033,2026-02-10 02:24:32.703938,140
D_STR01980,D_U0025,D0046,2026-02-12 17:07:13.708773,132
D_STR01981,D_U0056,D0047,2026-02-17 06:44:11.427509,14
D_STR01982,D_U0093,D0040,2026-02-09 20:31:36.212174,340
D_STR01983,D_U0073,D0031,2026-02-28 06:18:11.596856,127
D_STR01984,D_U0078,D0047,2026-03-03 16:06:17.814106,115
D_STR01985,D_U0062,D0043,2026-02-18 05:46:07.235285,117
D_STR01986,D_U0054,D0036,2026-02-06 02:50:32.647310,160
D_STR01987,D_U0043,D0023,2026-02-05 05:56:49.232174,65
D_STR01988,D_U0004,D0045,2026-03-04 01:59:14.760683,155
D_STR01989,D_U0072,D0009,2026-02-28 04:24:35.373497,67
D_STR01990,D_U0048,D0044,2026-02-28 19:59:57.209596,279
D_STR01991,D_U0081,D0011,2026-03-01 09:33:45.117001,159
D_STR01992,D_U0004,D0041,2026-02-09 07:54:15.009974,65
D_STR01993,D_U0034,D0050,2026-03-03 08:44:24.675499,244
D_STR01994,D_U0064,D0035,2026-03-03 20:04:14.860484,153
D_STR01995,D_U0050,D0050,2026-02-07 20:48:19.864712,53
D_STR01996,D_U0046,D0046,2026-02-09 23:47:04.518000,7
D_STR01997,D_U0095,D0011,2026-03-02 23:08:40.656926,215
D_STR01998,D_U0059,D0040,2026-02-08 17:32:57.428351,102
D_STR01999,D_U0030,D0012,2026-03-02 19:36:34.121334,70
D_STR02000,D_U0066,D0041,2026-02-23 21:02:08.774659,79
D_STR02001,D_U0002,D0035,2026-02-22 19:57:14.920797,322
D_STR02002,D_U0045,D0034,2026-02-15 03:48:29.506649,97
D_STR02003,D_U0009,D0027,2026-02-05 03:14:20.056500,62
D_STR02004,D_U0066,D0045,2026-02-08 10:00:45.319973,145
D_STR02005,D_U0090,D0041,2026-02-13 11:44:53.678808,30
D_STR02006,D_U0078,D0042,2026-02-16 19:34:55.316670,230
D_STR02007,D_U0016,D0028,2026-02-25 02:56:52.922015,91
D_STR02008,D_U0070,D0046,2026-02-13 19:25:05.505525,98
D_STR02009,D_U0060,D0046,2026-02-19 22:02:34.811523,127
D_STR02010,D_U0080,D0048,2026-02-10 01:52:35.662762,113
D_STR02011,D_U0055,D0044,2026-02-26 06:57:33.829017,279
D_STR02012,D_U0094,D0024,2026-02-08 21:57:10.238083,296
D_STR02013,D_U0017,D0027,2026-02-05 11:57:39.298606,42
D_STR02014,D_U0027,D0041,2026-02-18 22:44:07.763920,115
D_STR02015,D_U0017,D0049,2026-02-20 13:29:25.652698,76
D_STR02016,D_U0036,D0043,2026-02-23 02:22:10.018020,178
D_STR02017,D_U0061,D0041,2026-02-08 18:59:29.529675,47
D_STR02018,D_U0068,D0039,2026-02-10 01:05:41.589176,63
D_STR02019,D_U0075,D0018,2026-02-13 15:32:12.765586,130
D_STR02020,D_U0063,D0029,2026-02-13 21:15:50.183103,32
D_STR02021,D_U0017,D0029,2026-02-08 03:43:02.658971,15
D_STR02022,D_U0066,D0050,2026-02-26 16:54:16.491225,137
D_STR02023,D_U0080,D0020,2026-02-06 10:41:56.358837,89
D_STR02024,D_U0023,D0034,2026-02-20 21:23:04.811631,70
D_STR02025,D_U0016,D0031,2026-03-05 01:32:01.017056,47
D_STR02026,D_U0003,D0047,2026-02-25 18:05:59.991062,187
D_STR02027,D_U0039,D0033,2026-02-20 23:30:12.947655,95
D_STR02028,D_U0098,D0013,2026-02-17 18:10:09.718274,137
D_STR02029,D_U0045,D0029,2026-02-23 08:34:53.753858,169
D_STR02030,D_U0007,D0023,2026-02-09 19:23:59.911507,10
D_STR02031,D_U0018,D0030,2026-02-07 11:24:58.164478,47
D_STR02032,D_U0032,D0043,2026-03-02 13:24:07.257063,200
D_STR02033,D_U0018,D0042,2026-02-21 14:34:33.701566,270
D_STR02034,D_U0035,D0029,2026-02-08 22:37:18.271868,73
D_STR02035,D_U0012,D0047,2026-02-17 22:51:56.918958,195
D_STR02036,D_U0050,D0035,2026-02-20 03:12:26.270055,22
D_STR02037,D_U0064,D0043,2026-02-24 22:30:01.006844,39
D_STR02038,D_U0038,D0033,2026-02-12 05:21:18.588029,194
D_STR02039,D_U0094,D0045,2026-03-04 18:25:47.666378,93
D_STR02040,D_U0016,D0041,2026-02-13 13:32:27.760296,72
D_STR02041,D_U0047,D0046,2026-02-28 10:20:52.676662,134
D_STR02042,D_U0040,D0034,2026-02-08 20:21:30.959604,144
D_STR02043,D_U0080,D0045,2026-02-19 18:13:38.173320,137
D_STR02044,D_U0016,D0042,2026-03-01 01:42:48.824390,233
D_STR02045,D_U0001,D0045,2026-02-04 23:58:49.762697,158
D_STR02046,D_U0055,D0042,2026-02-09 21:19:59.829105,143
D_STR02047,D_U0068,D0044,2026-02-24 00:18:44.444431,290
D_STR02048,D_U0091,D0045,2026-02-04 20:48:41.650277,32
D_STR02049,D_U0042,D0043,2026-02-09 16:08:27.194034,122
D_STR02050,D_U0055,D0029,2026-02-16 05:59:00.728752,156
D_STR02051,D_U0054,D0043,2026-02-17 01:52:54.638897,159
D_STR02052,D_U0057,D0047,2026-02-22 02:42:35.614501,62
D_STR02053,D_U0041,D0039,2026-02-28 14:44:28.472011,174
D_STR02054,D_U0038,D0007,2026-02-05 08:39:17.713744,271
D_STR02055,D_U0065,D0029,2026-02-17 10:05:52.946991,97
D_STR02056,D_U0073,D0039,2026-02-24 06:57:53.916755,56
D_STR02057,D_U0043,D0035,2026-02-11 20:10:26.672216,320
D_STR02058,D_U0025,D0050,2026-02-20 17:44:21.534748,300
D_STR02059,D_U0030,D0046,2026-02-25 11:15:49.794906,7
D_STR02060,D_U0096,D0047,2026-02-16 03:20:12.960232,102
D_STR02061,D_U0014,D0045,2026-03-01 11:48:45.265201,90
D_STR02062,D_U0004,D0043,2026-03-03 01:58:08.486103,114
D_STR02063,D_U0093,D0045,2026-02-20 22:54:09.600144,58
D_STR02064,D_U0089,D0044,2026-02-18 02:56:43.136313,203
D_STR02065,D_U0005,D0043,2026-02-11 14:57:04.018528,122
D_STR02066,D_U0061,D0050,2026-02-07 05:18:55.672614,239
D_STR02067,D_U0098,D0046,2026-02-18 07:11:45.693363,179
D_STR02068,D_U0036,D0022,2026-02-21 02:54:46.541021,165
D_STR02069,D_U0062,D0015,2026-02-13 09:16:51.981563,57
D_STR02070,D_U0073,D0027,2026-02-04 21:34:31.202803,143
D_STR02071,D_U0066,D0027,2026-02-12 20:41:41.295211,130
D_STR02072,D_U0010,D0046,2026-02-12 18:47:53.635486,197
D_STR02073,D_U0013,D0033,2026-03-01 16:40:03.880059,182
D_STR02074,D_U0062,D0046,2026-02-06 11:38:24.629239,191
D_STR02075,D_U0053,D0030,2026-02-25 05:52:55.528842,129
D_STR02076,D_U0012,D0038,2026-02-19 12:12:18.719431,47
D_STR02077,D_U0003,D0013,2026-02-12 06:04:48.458991,51
D_STR02078,D_U0022,D0047,2026-02-07 20:54:59.668512,87
D_STR02079,D_U0076,D0042,2026-02-27 01:36:27.028796,263
D_STR02080,D_U0027,D0024,2026-02-20 06:13:09.170105,240
D_STR02081,D_U0022,D0049,2026-03-03 01:05:12.071027,132
D_STR02082,D_U0005,D0035,2026-02-18 22:41:17.800101,109
D_STR02083,D_U0009,D0038,2026-02-22 07:44:47.074880,10
D_STR02084,D_U0091,D0038,2026-02-10 04:58:02.757577,33
D_STR02085,D_U0061,D0028,2026-03-01 22:37:09.889895,237
D_STR02086,D_U0035,D0048,2026-02-20 12:13:22.393976,67
D_STR02087,D_U0027,D0006,2026-02-11 09:08:41.132562,63
D_STR02088,D_U0029,D0045,2026-03-04 02:11:08.990852,7
D_STR02089,D_U0071,D0047,2026-02-18 14:07:20.023011,127
D_STR02090,D_U0046,D0030,2026-03-05 00:43:27.992014,150
D_STR02091,D_U0002,D0031,2026-02-05 04:44:32.623087,114
D_STR02092,D_U0052,D0030,2026-02-28 12:54:01.525087,115
D_STR02093,D_U0057,D0047,2026-02-17 01:06:09.400444,90
D_STR02094,D_U0073,D0031,2026-02-21 13:58:13.594164,62
D_STR02095,D_U0002,D0027,2026-03-03 21:52:43.269091,87
D_STR02096,D_U0001,D0030,2026-02-22 10:14:00.616915,170
D_STR02097,D_U0001,D0037,2026-02-28 16:30:45.501908,174
D_STR02098,D_U0056,D0028,2026-02-11 05:31:44.432841,28
D_STR02099,D_U0100,D0024,2026-02-17 06:39:53.784136,199
D_STR02100,D_U0012,D0033,2026-02-20 14:23:24.713644,169
D_STR02101,D_U0034,D0049,2026-02-19 08:59:10.788551,112
D_STR02102,D_U0061,D0049,2026-02-22 12:58:03.524435,109
D_STR02103,D_U0060,D0044,2026-03-03 11:09:53.413464,12
D_STR02104,D_U0003,D0044,2026-02-14 08:15:08.527825,35
D_STR02105,D_U0068,D0046,2026-02-14 23:31:57.005435,110
D_STR02106,D_U0096,D0020,2026-02-17 14:45:44.610764,294
D_STR02107,D_U0059,D0043,2026-02-04 15:41:13.207920,103
D_STR02108,D_U0058,D0046,2026-02-06 23:21:48.866029,224
D_STR02109,D_U0075,D0036,2026-02-04 20:17:14.628073,46
D_STR02110,D_U0044,D0029,2026-02-19 11:30:22.131006,67
D_STR02111,D_U0039,D0034,2026-02-12 06:56:33.098085,177
D_STR02112,D_U0066,D0033,2026-02-18 14:02:32.487603,258
D_STR02113,D_U0065,D0030,2026-02-16 13:25:13.923476,117
D_STR02114,D_U0003,D0035,2026-02-23 01:36:25.951818,275
D_STR02115,D_U0085,D0029,2026-02-22 21:49:43.549895,53
D_STR02116,D_U0002,D0010,2026-02-06 11:07:23.404393,13
D_STR02117,D_U0030,D0042,2026-02-05 23:46:35.873428,314
D_STR02118,D_U0069,D0048,2026-02-12 00:46:54.166926,95
D_STR02119,D_U0100,D0038,2026-02-12 19:37:58.111870,31
D_STR02120,D_U0013,D0026,2026-02-14 13:19:14.473223,43
D_STR02121,D_U0054,D0034,2026-02-10 00:29:20.439025,63
D_STR02122,D_U0015,D0035,2026-02-05 07:02:42.942563,119
D_STR02123,D_U0064,D0041,2026-02-27 23:01:21.918185,83
D_STR02124,D_U0021,D0027,2026-03-06 08:56:16.486118,31
D_STR02125,D_U0080,D0032,2026-03-05 12:16:51.230084,64
D_STR02126,D_U0043,D0046,2026-03-05 06:51:36.365429,139
D_STR02127,D_U0009,D0048,2026-02-28 22:41:25.778523,144
D_STR02128,D_U0094,D0026,2026-02-23 00:46:17.954928,87
D_STR02129,D_U0007,D0022,2026-02-16 20:15:07.246598,77
D_STR02130,D_U0026,D0020,2026-02-23 23:27:29.528288,234
D_STR02131,D_U0057,D0047,2026-03-03 23:49:12.396363,83
D_STR02132,D_U0042,D0021,2026-02-27 00:40:02.921261,44
D_STR02133,D_U0026,D0042,2026-02-07 14:38:31.251439,108
D_STR02134,D_U0093,D0044,2026-02-06 00:21:30.599994,113
D_STR02135,D_U0095,D0043,2026-03-05 15:50:04.955534,53
D_STR02136,D_U0091,D0029,2026-02-24 17:29:14.890582,117
D_STR02137,D_U0014,D0032,2026-02-28 22:00:35.606129,238
D_STR02138,D_U0077,D0018,2026-03-02 09:05:19.539173,129
D_STR02139,D_U0034,D0022,2026-03-04 05:39:56.770661,157
D_STR02140,D_U0056,D0049,2026-02-14 07:05:02.958517,223
D_STR02141,D_U0038,D0046,2026-02-16 01:55:58.660459,11
D_STR02142,D_U0005,D0010,2026-02-10 18:18:56.097669,152
D_STR02143,D_U0083,D0045,2026-02-11 16:30:01.348689,39
D_STR02144,D_U0041,D0026,2026-02-17 07:06:05.712525,53
D_STR02145,D_U0074,D0048,2026-02-28 14:26:02.204356,183
D_STR02146,D_U0077,D0042,2026-02-14 22:09:32.801810,117
D_STR02147,D_U0010,D0007,2026-02-15 22:25:37.739440,353
D_STR02148,D_U0010,D0035,2026-03-04 18:55:34.383599,342
D_STR02149,D_U0018,D0026,2026-02-23 23:04:42.755253,102
D_STR02150,D_U0054,D0005,2026-02-18 19:32:11.137020,116
D_STR02151,D_U0053,D0028,2026-02-22 15:55:19.009505,25
D_STR02152,D_U0086,D0032,2026-02-25 11:49:17.791830,47
D_STR02153,D_U0095,D0030,2026-02-17 14:23:13.356978,187
D_STR02154,D_U0012,D0025,2026-02-28 13:12:16.378875,35
D_STR02155,D_U0016,D0007,2026-02-27 18:59:26.749721,101
D_STR02156,D_U0046,D0043,2026-02-24 11:30:45.742383,170
D_STR02157,D_U0071,D0038,2026-03-04 21:29:23.157923,55
D_STR02158,D_U0019,D0005,2026-03-04 18:19:18.718304,142
D_STR02159,D_U0080,D0037,2026-02-22 20:26:25.770433,27
D_STR02160,D_U0080,D0045,2026-03-01 15:33:36.937105,141
D_STR02161,D_U0068,D0043,2026-02-15 02:52:16.925533,133
D_STR02162,D_U0047,D0045,2026-03-03 16:02:00.810347,69
D_STR02163,D_U0057,D0023,2026-02-22 21:00:35.972900,56
D_STR02164,D_U0032,D0039,2026-02-07 03:30:24.221422,301
D_STR02165,D_U0068,D0005,2026-02-19 04:42:50.783165,28
D_STR02166,D_U0084,D0020,2026-02-22 15:43:54.644259,61
D_STR02167,D_U0032,D0037,2026-02-15 19:32:04.540881,115
D_STR02168,D_U0065,D0026,2026-02-25 17:15:35.817613,17
D_STR02169,D_U0031,D0044,2026-03-02 09:28:30.108500,75
D_STR02170,D_U0072,D0030,2026-03-02 17:05:27.225052,99
D_STR02171,D_U0036,D0028,2026-02-12 04:23:27.533814,89
D_STR02172,D_U0029,D0018,2026-03-05 00:14:32.836165,118
D_STR02173,D_U0022,D0020,2026-03-02 17:16:02.819587,8
D_STR02174,D_U0097,D0029,2026-02-11 06:40:50.594502,42
D_STR02175,D_U0004,D0033,2026-03-06 04:27:10.174407,188
D_STR02176,D_U0020,D0021,2026-02-23 07:03:17.600414,136
D_STR02177,D_U0026,D0010,2026-02-10 08:30:59.204707,125
D_STR02178,D_U0003,D0012,2026-02-05 09:39:38.148673,134
D_STR02179,D_U0017,D0050,2026-02-28 14:03:13.332101,186
D_STR02180,D_U0006,D0018,2026-02-11 07:20:14.044614,126
D_STR02181,D_U0089,D0024,2026-02-24 11:48:04.013872,6
D_STR02182,D_U0076,D0047,2026-02-11 05:33:01.192630,146
D_STR02183,D_U0056,D0038,2026-02-19 09:23:40.619349,77
D_STR02184,D_U0019,D0029,2026-02-26 03:36:51.484279,148
D_STR02185,D_U0063,D0024,2026-02-14 15:32:42.698271,247
D_STR02186,D_U0079,D0049,2026-02-10 04:54:52.526415,151
D_STR02187,D_U0088,D0042,2026-02-20 14:49:21.954154,239
D_STR02188,D_U0091,D0049,2026-02-06 15:52:25.478402,16
D_STR02189,D_U0078,D0029,2026-02-27 07:12:51.654821,53
D_STR02190,D_U0011,D0019,2026-02-19 18:34:44.757887,76
D_STR02191,D_U0008,D0031,2026-03-04 23:48:03.403332,50
D_STR02192,D_U0077,D0050,2026-02-17 15:34:34.070304,219
D_STR02193,D_U0042,D0044,2026-02-07 03:35:18.202939,230
D_STR02194,D_U0067,D0032,2026-02-13 22:50:55.011131,138
D_STR02195,D_U0071,D0009,2026-03-02 10:50:23.327439,47
D_STR02196,D_U0027,D0025,2026-02-15 09:47:25.128523,116
D_STR02197,D_U0025,D0042,2026-02-12 19:13:45.267864,35
D_STR02198,D_U0093,D0050,2026-02-26 18:06:12.376964,49
D_STR02199,D_U0041,D0041,2026-02-27 08:11:08.733719,45
D_STR02200,D_U0070,D0044,2026-02-08 01:00:48.943032,52
D_STR02201,D_U0096,D0046,2026-02-07 06:42:37.667241,255
D_STR02202,D_U0011,D0032,2026-02-21 19:02:15.099884,181
D_STR02203,D_U0033,D0050,2026-02-07 23:49:12.107248,25
D_STR02204,D_U0011,D0015,2026-02-08 03:55:41.617872,330
D_STR02205,D_U0099,D0046,2026-03-03 19:19:14.721740,24
D_STR02206,D_U0006,D0030,2026-02-10 05:29:34.566992,61
D_STR02207,D_U0083,D0030,2026-02-27 13:06:03.626770,120
D_STR02208,D_U0009,D0048,2026-02-14 02:49:00.579848,59
D_STR02209,D_U0038,D0048,2026-03-06 03:35:57.319896,139
D_STR02210,D_U0025,D0026,2026-02-22 19:54:10.257445,42
D_STR02211,D_U0092,D0035,2026-02-07 00:31:06.394019,34
D_STR02212,D_U0072,D0049,2026-02-21 21:04:47.004030,182
D_STR02213,D_U0091,D0023,2026-03-01 18:49:13.280692,41
D_STR02214,D_U0091,D0035,2026-03-02 23:08:56.883240,267
D_STR02215,D_U0040,D0010,2026-02-10 02:35:38.062509,213
D_STR02216,D_U0095,D0033,2026-02-05 00:27:02.629029,142
D_STR02217,D_U0026,D0047,2026-03-04 10:52:35.303986,134
D_STR02218,D_U0087,D0032,2026-02-26 13:02:35.290923,236
D_STR02219,D_U0057,D0031,2026-02-19 10:45:49.388902,106
D_STR02220,D_U0009,D0025,2026-02-04 22:53:44.246367,153
D_STR02221,D_U0095,D0017,2026-03-04 07:40:50.980657,5
D_STR02222,D_U0041,D0032,2026-02-24 21:03:01.629990,70
D_STR02223,D_U0062,D0019,2026-02-04 20:07:29.675449,216
D_STR02224,D_U0097,D0039,2026-02-12 21:27:00.292307,237
D_STR02225,D_U0009,D0046,2026-02-07 04:52:30.091534,225
D_STR02226,D_U0093,D0040,2026-03-03 16:24:58.679504,253
D_STR02227,D_U0076,D0044,2026-02-28 17:24:27.387054,117
D_STR02228,D_U0017,D0035,2026-02-09 21:20:46.897207,162
D_STR02229,D_U0014,D0042,2026-02-26 13:02:22.600151,335
D_STR02230,D_U0051,D0030,2026-02-26 11:33:38.805762,90
D_STR02231,D_U0041,D0016,2026-02-06 05:15:36.656420,125
D_STR02232,D_U0029,D0025,2026-02-10 19:13:52.123244,93
D_STR02233,D_U0042,D0045,2026-02-05 03:11:31.088928,74
D_STR02234,D_U0003,D0029,2026-02-13 20:00:22.862208,36
D_STR02235,D_U0097,D0029,2026-02-08 06:02:23.976849,9
D_STR02236,D_U0059,D0049,2026-02-26 19:39:09.485597,232
D_STR02237,D_U0011,D0028,2026-02-20 17:36:55.588170,229
D_STR02238,D_U0081,D0044,2026-03-02 18:30:01.663225,159
D_STR02239,D_U0084,D0039,2026-02-16 09:11:31.038615,46
D_STR02240,D_U0006,D0049,2026-02-27 17:10:24.702982,19
D_STR02241,D_U0001,D0040,2026-02-25 10:39:37.551220,115
D_STR02242,D_U0078,D0044,2026-02-18 19:42:16.866476,36
D_STR02243,D_U0007,D0049,2026-02-10 12:45:17.551463,13
D_STR02244,D_U0094,D0027,2026-02-22 19:13:42.256365,80
D_STR02245,D_U0016,D0015,2026-02-07 01:29:46.650563,234
D_STR02246,D_U0041,D0041,2026-02-20 02:35:39.131568,78
D_STR02247,D_U0027,D0040,2026-02-25 23:10:39.081688,265
D_STR02248,D_U0063,D0002,2026-02-06 21:21:26.652055,85
D_STR02249,D_U0087,D0042,2026-02-23 17:15:47.639145,264
D_STR02250,D_U0005,D0042,2026-02-06 03:33:35.275662,27
D_STR02251,D_U0039,D0034,2026-03-02 02:28:02.095569,147
D_STR02252,D_U0052,D0044,2026-03-01 21:22:08.452486,25
D_STR02253,D_U0090,D0042,2026-02-24 19:08:04.275954,80
D_STR02254,D_U0100,D0043,2026-02-24 04:13:58.782841,121
D_STR02255,D_U0028,D0030,2026-03-02 22:59:12.155702,69
D_STR02256,D_U0095,D0045,2026-02-05 13:37:19.960920,219
D_STR02257,D_U0049,D0050,2026-02-23 02:55:12.691033,149
D_STR02258,D_U0051,D0018,2026-02-19 16:04:58.883656,156
D_STR02259,D_U0020,D0041,2026-03-05 04:24:44.262715,37
D_STR02260,D_U0011,D0050,2026-02-27 13:57:08.038658,65
D_STR02261,D_U0015,D0035,2026-02-27 03:24:33.897485,84
D_STR02262,D_U0067,D0024,2026-03-03 01:32:24.983969,209
D_STR02263,D_U0086,D0041,2026-02-13 19:53:12.341020,120
D_STR02264,D_U0008,D0048,2026-02-10 11:03:24.173465,230
D_STR02265,D_U0004,D0036,2026-02-20 08:03:11.953954,73
D_STR02266,D_U0033,D0024,2026-03-06 03:22:03.013359,190
D_STR02267,D_U0005,D0026,2026-02-14 23:00:15.947050,114
D_STR02268,D_U0071,D0010,2026-03-05 06:26:53.745207,65
D_STR02269,D_U0005,D0039,2026-02-28 08:18:48.490666,53
D_STR02270,D_U0028,D0050,2026-02-20 05:06:31.003480,99
D_STR02271,D_U0063,D0046,2026-02-11 15:59:57.740302,113
D_STR02272,D_U0085,D0012,2026-03-05 06:24:58.236540,290
D_STR02273,D_U0067,D0040,2026-02-04 14:45:13.381841,243
D_STR02274,D_U0047,D0021,2026-02-22 05:54:47.453424,126
D_STR02275,D_U0003,D0049,2026-03-05 02:52:25.506171,24
D_STR02276,D_U0088,D0041,2026-02-22 16:04:01.546277,142
D_STR02277,D_U0011,D0026,2026-02-28 02:59:08.848466,21
D_STR02278,D_U0040,D0048,2026-03-05 12:31:04.553957,34
D_STR02279,D_U0048,D0027,2026-02-08 17:21:45.535090,122
D_STR02280,D_U0058,D0019,2026-02-05 15:28:54.543528,78
D_STR02281,D_U0011,D0025,2026-02-09 06:19:45.229021,90
D_STR02282,D_U0049,D0023,2026-02-07 01:44:00.584326,84
D_STR02283,D_U0084,D0045,2026-02-20 13:26:03.227371,206
D_STR02284,D_U0045,D0045,2026-02-18 19:13:51.921832,71
D_STR02285,D_U0003,D0038,2026-02-25 13:06:01.171808,67
D_STR02286,D_U0079,D0018,2026-02-19 14:56:00.639591,138
D_STR02287,D_U0099,D0025,2026-02-24 02:27:58.907674,143
D_STR02288,D_U0068,D0003,2026-03-01 11:38:45.356150,55
D_STR02289,D_U0099,D0049,2026-02-09 11:27:07.782128,178
D_STR02290,D_U0022,D0021,2026-02-20 09:46:08.090638,153
D_STR02291,D_U0036,D0032,2026-02-08 02:16:01.447573,70
D_STR02292,D_U0087,D0047,2026-02-20 00:24:07.558106,65
D_STR02293,D_U0048,D0048,2026-02-05 05:19:53.234395,85
D_STR02294,D_U0050,D0011,2026-02-10 06:11:31.487649,190
D_STR02295,D_U0019,D0019,2026-02-22 01:37:51.314220,56
D_STR02296,D_U0047,D0047,2026-02-19 17:17:02.440671,93
D_STR02297,D_U0069,D0033,2026-02-05 11:01:06.708161,273
D_STR02298,D_U0038,D0020,2026-02-19 09:36:56.353587,45
D_STR02299,D_U0056,D0026,2026-02-21 21:19:16.792904,26
D_STR02300,D_U0085,D0023,2026-02-10 11:07:34.414079,55
D_STR02301,D_U0090,D0027,2026-03-01 05:02:29.841368,66
D_STR02302,D_U0063,D0046,2026-02-12 22:48:09.452079,195
D_STR02303,D_U0028,D0014,2026-02-18 20:42:00.156776,320
D_STR02304,D_U0029,D0043,2026-02-10 08:47:15.784324,89
D_STR02305,D_U0014,D0009,2026-03-01 10:11:52.443449,58
D_STR02306,D_U0085,D0036,2026-03-03 22:49:54.690943,202
D_STR02307,D_U0047,D0013,2026-02-10 19:04:41.980496,182
D_STR02308,D_U0005,D0049,2026-02-24 08:24:26.391717,110
D_STR02309,D_U0064,D0044,2026-02-21 10:34:09.311736,9
D_STR02310,D_U0011,D0042,2026-03-03 23:07:11.548757,141
D_STR02311,D_U0050,D0048,2026-02-22 20:00:02.395113,178
D_STR02312,D_U0094,D0049,2026-03-04 19:32:51.542636,173
D_STR02313,D_U0081,D0049,2026-03-03 10:51:42.386200,182
D_STR02314,D_U0037,D0050,2026-02-18 02:44:11.960956,218
D_STR02315,D_U0096,D0034,2026-03-04 06:43:57.754698,52
D_STR02316,D_U0063,D0030,2026-02-09 11:46:49.995625,158
D_STR02317,D_U0028,D0015,2026-02-07 20:51:03.731307,209
D_STR02318,D_U0034,D0033,2026-02-12 14:18:48.589546,56
D_STR02319,D_U0090,D0010,2026-02-05 13:14:14.500782,206
D_STR02320,D_U0049,D0035,2026-02-23 04:50:22.254773,179
D_STR02321,D_U0050,D0031,2026-02-28 13:23:59.425740,71
D_STR02322,D_U0044,D0027,2026-02-22 18:24:40.105226,5
D_STR02323,D_U0072,D0025,2026-02-26 15:22:44.561170,92
D_STR02324,D_U0008,D0032,2026-02-26 20:50:26.487970,229
D_STR02325,D_U0050,D0023,2026-02-08 17:59:32.717616,44
D_STR02326,D_U0056,D0031,2026-02-21 04:10:16.116772,140
D_STR02327,D_U0008,D0044,2026-02-28 09:18:02.706289,146
D_STR02328,D_U0088,D0047,2026-03-02 20:50:11.740835,25
D_STR02329,D_U0055,D0044,2026-02-11 04:39:26.038839,184
D_STR02330,D_U0085,D0033,2026-02-24 05:55:24.662647,222
D_STR02331,D_U0028,D0024,2026-02-08 06:34:56.005571,15
D_STR02332,D_U0091,D0041,2026-03-03 16:49:48.129001,161
D_STR02333,D_U0012,D0041,2026-03-05 17:00:25.438314,61
D_STR02334,D_U0071,D0019,2026-02-10 18:44:12.954402,137
D_STR02335,D_U0038,D0027,2026-02-25 14:59:13.394009,26
D_STR02336,D_U0041,D0049,2026-02-11 03:29:37.873121,234
D_STR02337,D_U0062,D0023,2026-02-17 04:32:08.858627,30
D_STR02338,D_U0073,D0038,2026-02-19 18:14:12.932901,69
D_STR02339,D_U0056,D0042,2026-02-20 00:16:46.306730,345
D_STR02340,D_U0073,D0022,2026-03-02 19:18:33.961762,169
D_STR02341,D_U0026,D0043,2026-03-05 20:00:26.403389,129
D_STR02342,D_U0036,D0048,2026-02-21 19:15:10.198658,136
D_STR02343,D_U0096,D0024,2026-02-05 14:52:08.133712,203
D_STR02344,D_U0046,D0036,2026-03-05 14:23:50.181576,172
D_STR02345,D_U0070,D0042,2026-02-24 03:43:06.300701,169
D_STR02346,D_U0060,D0043,2026-03-04 22:18:49.456701,109
D_STR02347,D_U0068,D0050,2026-02-24 19:06:00.736532,142
D_STR02348,D_U0017,D0029,2026-02-12 11:09:57.971663,21
D_STR02349,D_U0078,D0022,2026-02-15 10:02:18.944376,35
D_STR02350,D_U0083,D0021,2026-02-26 06:21:59.645598,149
D_STR02351,D_U0043,D0040,2026-03-01 13:21:41.253361,126
D_STR02352,D_U0097,D0047,2026-03-04 03:08:59.481214,196
D_STR02353,D_U0099,D0049,2026-03-04 04:12:58.593157,129
D_STR02354,D_U0040,D0026,2026-02-10 03:54:58.574620,121
D_STR02355,D_U0069,D0049,2026-03-04 02:55:48.068802,223
D_STR02356,D_U0082,D0042,2026-03-03 18:07:50.629917,321
D_STR02357,D_U0070,D0032,2026-02-04 22:44:43.022285,36
D_STR02358,D_U0019,D0013,2026-02-26 04:29:01.086658,164
D_STR02359,D_U0030,D0033,2026-03-02 18:36:09.956108,64
D_STR02360,D_U0061,D0038,2026-02-15 07:01:40.665096,7
D_STR02361,D_U0004,D0008,2026-02-22 08:29:56.812046,15
D_STR02362,D_U0091,D0039,2026-02-20 21:57:21.258229,55
D_STR02363,D_U0035,D0043,2026-02-19 23:52:11.990717,157
D_STR02364,D_U0022,D0042,2026-02-26 16:29:36.851533,292
D_STR02365,D_U0066,D0021,2026-03-02 14:01:12.820838,18
D_STR02366,D_U0095,D0020,2026-03-04 01:43:48.148322,124
D_STR02367,D_U0076,D0034,2026-02-18 15:34:18.755148,63
D_STR02368,D_U0077,D0020,2026-02-28 06:24:49.820869,322
D_STR02369,D_U0023,D0049,2026-02-20 02:06:21.951206,126
D_STR02370,D_U0052,D0035,2026-02-08 18:58:05.251004,219
D_STR02371,D_U0015,D0044,2026-02-11 03:33:53.694146,131
D_STR02372,D_U0026,D0030,2026-03-05 21:43:53.010984,30
D_STR02373,D_U0008,D0033,2026-02-10 00:55:13.789955,135
D_STR02374,D_U0051,D0015,2026-02-21 11:17:59.259832,106
D_STR02375,D_U0045,D0016,2026-02-21 11:47:28.736667,44
D_STR02376,D_U0012,D0013,2026-02-13 10:00:42.683013,122
D_STR02377,D_U0076,D0050,2026-02-17 13:59:54.088013,22
D_STR02378,D_U0022,D0025,2026-03-05 04:37:09.699954,51
D_STR02379,D_U0019,D0040,2026-02-14 14:30:58.158493,92
D_STR02380,D_U0062,D0050,2026-02-05 19:39:15.579542,239
D_STR02381,D_U0099,D0046,2026-02-07 19:56:50.278743,172
D_STR02382,D_U0024,D0018,2026-02-26 08:08:53.593628,40
D_STR02383,D_U0007,D0048,2026-03-03 08:19:21.334018,171
D_STR02384,D_U0054,D0045,2026-03-05 07:16:11.147799,76
D_STR02385,D_U0008,D0017,2026-02-17 16:57:54.413879,146
D_STR02386,D_U0063,D0040,2026-02-20 12:18:05.320898,161
D_STR02387,D_U0015,D0036,2026-02-15 04:56:39.914928,79
D_STR02388,D_U0075,D0039,2026-03-03 16:42:17.551854,60
D_STR02389,D_U0069,D0039,2026-02-06 21:05:43.751365,198
D_STR02390,D_U0096,D0032,2026-02-25 07:37:00.898186,162
D_STR02391,D_U0024,D0050,2026-02-22 04:56:27.126725,253
D_STR02392,D_U0037,D0022,2026-02-05 05:43:05.285394,8
D_STR02393,D_U0014,D0047,2026-02-13 12:38:55.509069,64
D_STR02394,D_U0084,D0048,2026-02-19 21:38:05.266042,135
D_STR02395,D_U0012,D0035,2026-02-22 01:22:36.291570,337
D_STR02396,D_U0054,D0026,2026-03-01 15:47:53.027906,122
D_STR02397,D_U0022,D0049,2026-02-21 02:35:49.345382,225
D_STR02398,D_U0055,D0040,2026-02-08 05:53:21.890199,337
D_STR02399,D_U0010,D0043,2026-02-21 09:31:15.491142,185
D_STR02400,D_U0084,D0050,2026-02-25 19:06:15.672340,103
D_STR02401,D_U0064,D0016,2026-02-19 18:47:09.189110,44
D_STR02402,D_U0087,D0042,2026-02-08 18:56:54.858718,266
D_STR02403,D_U0092,D0030,2026-02-21 16:37:50.032416,54
D_STR02404,D_U0064,D0036,2026-02-15 10:01:24.904442,96
D_STR02405,D_U0048,D0030,2026-03-05 14:16:56.735172,52
D_STR02406,D_U0021,D0016,2026-02-21 12:37:23.148634,84
D_STR02407,D_U0023,D0042,2026-02-10 12:06:35.958419,118
D_STR02408,D_U0033,D0044,2026-02-28 18:08:35.378470,26
D_STR02409,D_U0013,D0047,2026-02-14 01:49:41.492815,27
D_STR02410,D_U0053,D0008,2026-02-20 02:37:36.175532,60
D_STR02411,D_U0018,D0037,2026-02-15 12:08:37.245579,155
D_STR02412,D_U0096,D0044,2026-02-10 10:38:07.007098,158
D_STR02413,D_U0099,D0023,2026-02-13 16:43:08.970164,109
D_STR02414,D_U0060,D0042,2026-02-15 13:18:26.375109,11
D_STR02415,D_U0052,D0025,2026-02-11 18:18:18.606584,133
D_STR02416,D_U0097,D0026,2026-02-18 21:37:36.953830,8
D_STR02417,D_U0067,D0039,2026-03-04 23:17:46.098546,137
D_STR02418,D_U0035,D0023,2026-02-09 16:23:31.254260,99
D_STR02419,D_U0053,D0038,2026-02-25 12:17:49.832952,54
D_STR02420,D_U0028,D0042,2026-03-03 09:28:25.081524,300
D_STR02421,D_U0053,D0039,2026-03-01 09:28:58.319308,66
D_STR02422,D_U0078,D0029,2026-02-04 12:57:38.142662,132
D_STR02423,D_U0008,D0041,2026-02-20 15:02:02.176752,55
D_STR02424,D_U0068,D0044,2026-02-07 04:30:21.136969,195
D_STR02425,D_U0004,D0037,2026-02-21 08:57:18.338254,63
D_STR02426,D_U0099,D0012,2026-02-25 06:12:52.878609,171
D_STR02427,D_U0059,D0035,2026-03-04 02:41:17.805272,151
D_STR02428,D_U0093,D0046,2026-02-09 15:46:01.892581,253
D_STR02429,D_U0078,D0035,2026-02-16 14:15:40.273632,146
D_STR02430,D_U0040,D0045,2026-03-01 09:46:53.531670,92
D_STR02431,D_U0037,D0022,2026-02-25 18:56:44.225243,39
D_STR02432,D_U0074,D0046,2026-02-22 14:03:45.820032,38
D_STR02433,D_U0023,D0023,2026-02-20 04:09:05.414580,88
D_STR02434,D_U0057,D0013,2026-03-05 09:09:11.336117,169
D_STR02435,D_U0013,D0005,2026-02-20 19:07:54.682764,237
D_STR02436,D_U0029,D0032,2026-02-04 23:53:47.299869,239
D_STR02437,D_U0074,D0033,2026-03-02 05:33:05.442220,283
D_STR02438,D_U0036,D0049,2026-02-28 14:37:37.528886,55
D_STR02439,D_U0028,D0022,2026-02-24 14:50:45.705595,81
D_STR02440,D_U0095,D0004,2026-02-08 18:58:26.715019,167
D_STR02441,D_U0083,D0047,2026-02-08 15:58:29.986838,143
D_STR02442,D_U0036,D0045,2026-02-19 02:29:03.757989,112
D_STR02443,D_U0058,D0049,2026-02-28 20:42:41.972753,241
D_STR02444,D_U0070,D0019,2026-02-21 10:24:20.661697,135
D_STR02445,D_U0010,D0019,2026-02-07 05:04:04.867425,196
D_STR02446,D_U0021,D0048,2026-02-27 02:11:08.465491,227
D_STR02447,D_U0014,D0036,2026-02-24 19:11:23.532308,136
D_STR02448,D_U0031,D0041,2026-02-18 22:12:48.713214,114
D_STR02449,D_U0037,D0038,2026-02-24 19:22:00.195588,55
D_STR02450,D_U0049,D0044,2026-02-06 07:57:00.896276,271
D_STR02451,D_U0041,D0030,2026-02-05 23:23:03.078916,53
D_STR02452,D_U0092,D0035,2026-02-16 09:35:19.305920,222
D_STR02453,D_U0065,D0033,2026-02-25 05:08:00.411453,91
D_STR02454,D_U0007,D0032,2026-02-07 21:50:15.703839,239
D_STR02455,D_U0022,D0021,2026-02-15 13:45:52.046217,198
D_STR02456,D_U0085,D0046,2026-02-24 12:01:22.118432,170
D_STR02457,D_U0032,D0030,2026-02-17 23:10:44.268376,93
D_STR02458,D_U0074,D0020,2026-02-10 04:55:51.691581,211
D_STR02459,D_U0087,D0047,2026-02-17 07:34:24.579595,30
D_STR02460,D_U0040,D0009,2026-02-19 10:59:46.262654,78
D_STR02461,D_U0099,D0031,2026-02-18 15:48:23.915908,34
D_STR02462,D_U0031,D0020,2026-02-06 07:05:22.756945,242
D_STR02463,D_U0097,D0026,2026-02-08 23:06:44.946932,63
D_STR02464,D_U0085,D0033,2026-02-18 15:10:04.317622,256
D_STR02465,D_U0036,D0046,2026-02-04 20:14:47.495467,246
D_STR02466,D_U0062,D0048,2026-02-07 00:38:53.004818,23
D_STR02467,D_U0036,D0050,2026-02-25 02:47:05.975769,5
D_STR02468,D_U0046,D0038,2026-02-18 02:58:06.240397,167
D_STR02469,D_U0022,D0045,2026-02-08 01:33:33.722770,22
D_STR02470,D_U0024,D0039,2026-02-04 20:54:56.185993,306
D_STR02471,D_U0048,D0044,2026-02-05 19:31:31.568167,313
D_STR02472,D_U0012,D0040,2026-03-04 14:32:42.644907,339
D_STR02473,D_U0016,D0031,2026-03-03 05:06:49.523096,129
D_STR02474,D_U0036,D0038,2026-02-06 12:58:09.361721,82
D_STR02475,D_U0060,D0025,2026-02-19 01:18:15.198732,151
D_STR02476,D_U0018,D0042,2026-02-17 07:29:11.049933,266
D_STR02477,D_U0026,D0050,2026-02-23 17:55:34.703472,336
D_STR02478,D_U0052,D0039,2026-02-23 12:45:02.599710,99
D_STR02479,D_U0027,D0036,2026-02-25 13:36:53.547084,135
D_STR02480,D_U0066,D0027,2026-02-25 14:00:12.333838,85
D_STR02481,D_U0028,D0022,2026-02-04 15:06:36.345481,56
D_STR02482,D_U0050,D0010,2026-02-14 08:16:09.513723,223
D_STR02483,D_U0016,D0038,2026-02-16 19:03:26.507701,119
D_STR02484,D_U0013,D0015,2026-02-09 11:31:05.523074,121
D_STR02485,D_U0025,D0026,2026-02-16 04:42:06.578407,39
D_STR02486,D_U0047,D0050,2026-02-26 19:13:17.463214,45
D_STR02487,D_U0018,D0043,2026-02-14 20:56:03.666197,55
D_STR02488,D_U0002,D0038,2026-03-04 18:15:06.852004,179
D_STR02489,D_U0022,D0036,2026-02-18 21:58:56.766374,42
D_STR02490,D_U0050,D0045,2026-02-21 06:13:51.288840,225
D_STR02491,D_U0015,D0015,2026-02-25 10:26:47.487117,41
D_STR02492,D_U0032,D0027,2026-02-26 07:01:42.215180,76
D_STR02493,D_U0010,D0040,2026-02-07 19:50:00.556080,60
D_STR02494,D_U0020,D0050,2026-02-19 18:07:55.596997,31
D_STR02495,D_U0018,D0038,2026-02-27 18:14:17.006610,10
D_STR02496,D_U0019,D0024,2026-02-07 00:35:20.037651,203
D_STR02497,D_U0049,D0041,2026-02-28 05:30:56.946357,120
D_STR02498,D_U0012,D0037,2026-02-17 09:58:12.767946,276
D_STR02499,D_U0092,D0038,2026-02-08 22:52:31.096180,177
D_STR02500,D_U0032,D0036,2026-02-19 14:30:10.319190,22
D_STR02501,D_U0029,D0002,2026-02-06 08:56:48.130885,125
D_STR02502,D_U0092,D0041,2026-02-25 10:52:26.059867,111
D_STR02503,D_U0014,D0028,2026-03-04 23:00:05.732248,226
D_STR02504,D_U0083,D0050,2026-02-18 00:59:28.292339,252
D_STR02505,D_U0075,D0039,2026-02-22 14:57:56.639205,124
D_STR02506,D_U0059,D0011,2026-02-24 04:48:05.130501,121
D_STR02507,D_U0036,D0035,2026-02-27 07:49:18.998665,193
D_STR02508,D_U0079,D0037,2026-02-08 10:31:59.994408,191
D_STR02509,D_U0010,D0038,2026-02-20 02:43:53.701352,15
D_STR02510,D_U0035,D0025,2026-03-03 15:04:09.540405,27
D_STR02511,D_U0026,D0025,2026-02-10 18:34:03.042132,133
D_STR02512,D_U0039,D0043,2026-02-20 10:15:22.148543,105
D_STR02513,D_U0070,D0011,2026-02-17 03:40:28.188659,224
D_STR02514,D_U0052,D0048,2026-03-05 14:21:05.197517,111
D_STR02515,D_U0051,D0023,2026-02-21 02:11:42.180976,77
D_STR02516,D_U0057,D0014,2026-02-06 17:36:22.093563,37
D_STR02517,D_U0065,D0027,2026-02-25 07:29:47.216256,79
D_STR02518,D_U0039,D0031,2026-02-13 22:35:36.386683,122
D_STR02519,D_U0016,D0037,2026-02-07 22:44:17.509940,14
D_STR02520,D_U0005,D0048,2026-02-17 05:36:26.007291,126
D_STR02521,D_U0087,D0036,2026-02-28 08:46:28.827384,57
D_STR02522,D_U0086,D0029,2026-02-23 04:03:32.680272,96
D_STR02523,D_U0099,D0043,2026-03-05 21:30:17.114017,185
D_STR02524,D_U0077,D0042,2026-03-05 14:01:43.584912,181
D_STR02525,D_U0046,D0019,2026-02-20 02:58:59.869294,80
D_STR02526,D_U0089,D0035,2026-02-21 23:37:57.037834,11
D_STR02527,D_U0029,D0006,2026-02-21 01:30:17.258709,169
D_STR02528,D_U0059,D0043,2026-02-05 04:40:10.707850,149
D_STR02529,D_U0100,D0040,2026-02-13 11:18:15.791154,46
D_STR02530,D_U0003,D0025,2026-02-05 19:42:51.604905,125
D_STR02531,D_U0057,D0027,2026-02-27 17:36:09.567088,140
D_STR02532,D_U0086,D0026,2026-02-20 01:38:37.200502,24
D_STR02533,D_U0091,D0040,2026-02-28 01:45:59.352148,293
D_STR02534,D_U0021,D0022,2026-02-26 23:24:47.541544,17
D_STR02535,D_U0006,D0044,2026-02-28 08:39:21.167223,75
D_STR02536,D_U0090,D0041,2026-02-06 10:54:32.106479,155
D_STR02537,D_U0093,D0025,2026-02-21 03:42:59.169696,181
D_STR02538,D_U0054,D0045,2026-02-26 17:42:34.136008,129
D_STR02539,D_U0012,D0017,2026-03-02 05:14:54.884024,234
D_STR02540,D_U0068,D0038,2026-03-03 14:04:15.969840,106
D_STR02541,D_U0092,D0048,2026-02-07 21:20:59.222362,87
D_STR02542,D_U0042,D0020,2026-02-19 02:49:43.457156,52
D_STR02543,D_U0028,D0049,2026-02-18 12:53:43.459396,112
D_STR02544,D_U0084,D0049,2026-02-15 20:15:54.223891,172
D_STR02545,D_U0093,D0031,2026-02-28 18:25:01.767438,77
D_STR02546,D_U0084,D0037,2026-02-21 06:03:39.337198,127
D_STR02547,D_U0047,D0011,2026-02-19 08:55:54.178611,94
D_STR02548,D_U0049,D0025,2026-02-22 17:52:07.452961,53
D_STR02549,D_U0095,D0045,2026-02-18 18:26:37.490827,129
D_STR02550,D_U0021,D0024,2026-03-01 03:54:47.500683,103
D_STR02551,D_U0086,D0033,2026-02-09 10:06:24.994927,88
D_STR02552,D_U0065,D0049,2026-02-25 21:25:21.811651,91
D_STR02553,D_U0079,D0042,2026-02-12 01:43:23.483806,281
D_STR02554,D_U0052,D0033,2026-02-25 12:45:52.853342,155
D_STR02555,D_U0037,D0049,2026-03-03 07:39:26.651975,33
D_STR02556,D_U0055,D0019,2026-02-15 05:02:44.653479,235
D_STR02557,D_U0084,D0037,2026-02-21 16:20:48.174147,198
D_STR02558,D_U0068,D0034,2026-02-18 07:04:59.234044,139
D_STR02559,D_U0006,D0039,2026-03-06 01:42:43.081125,144
D_STR02560,D_U0030,D0039,2026-02-27 12:38:13.349513,41
D_STR02561,D_U0002,D0030,2026-03-05 21:10:39.851825,76
D_STR02562,D_U0076,D0045,2026-02-25 16:08:52.380484,130
D_STR02563,D_U0022,D0043,2026-02-27 02:43:29.349049,154
D_STR02564,D_U0039,D0045,2026-02-12 11:00:44.248118,99
D_STR02565,D_U0084,D0035,2026-02-16 09:36:38.429344,125
D_STR02566,D_U0002,D0030,2026-02-08 21:55:34.895915,181
D_STR02567,D_U0098,D0021,2026-02-10 01:09:26.653038,74
D_STR02568,D_U0046,D0049,2026-02-21 21:38:24.647854,227
D_STR02569,D_U0016,D0005,2026-02-28 16:33:33.088917,335
D_STR02570,D_U0024,D0044,2026-02-05 11:23:22.846461,65
D_STR02571,D_U0031,D0040,2026-02-18 19:41:00.631743,170
D_STR02572,D_U0099,D0038,2026-02-24 07:14:08.685415,82
D_STR02573,D_U0033,D0045,2026-03-04 03:04:33.935503,220
D_STR02574,D_U0001,D0039,2026-02-23 13:10:53.607366,256
D_STR02575,D_U0006,D0048,2026-02-21 05:53:49.558823,166
D_STR02576,D_U0048,D0047,2026-02-16 04:48:25.111811,209
D_STR02577,D_U0090,D0050,2026-02-07 13:15:25.182111,212
D_STR02578,D_U0066,D0039,2026-02-12 08:45:27.983763,134
D_STR02579,D_U0004,D0045,2026-02-05 22:10:29.679340,8
D_STR02580,D_U0052,D0022,2026-02-09 11:33:25.256615,128
D_STR02581,D_U0038,D0007,2026-02-14 16:28:54.498832,280
D_STR02582,D_U0087,D0015,2026-02-16 17:49:11.621863,226
D_STR02583,D_U0006,D0045,2026-02-13 15:31:18.499118,214
D_STR02584,D_U0029,D0047,2026-03-01 12:26:02.658566,222
D_STR02585,D_U0068,D0029,2026-02-28 18:30:41.918263,87
D_STR02586,D_U0055,D0044,2026-02-05 18:02:55.967807,177
D_STR02587,D_U0008,D0017,2026-02-11 20:17:32.506832,8
D_STR02588,D_U0034,D0048,2026-02-05 23:04:52.961566,10
D_STR02589,D_U0072,D0031,2026-02-16 07:19:16.888569,77
D_STR02590,D_U0013,D0017,2026-02-06 18:54:18.136823,25
D_STR02591,D_U0079,D0011,2026-02-24 20:00:00.914318,10
D_STR02592,D_U0094,D0017,2026-03-05 16:31:22.381533,107
D_STR02593,D_U0010,D0013,2026-02-07 22:18:13.423243,58
D_STR02594,D_U0048,D0047,2026-03-02 20:44:54.899182,220
D_STR02595,D_U0094,D0029,2026-02-28 12:15:32.949953,67
D_STR02596,D_U0028,D0034,2026-03-03 01:44:43.061529,92
D_STR02597,D_U0058,D0033,2026-03-01 11:02:46.478298,211
D_STR02598,D_U0005,D0043,2026-02-24 06:41:55.750177,78
D_STR02599,D_U0018,D0033,2026-02-08 17:15:57.661991,113
D_STR02600,D_U0084,D0042,2026-03-04 15:03:16.679365,281
D_STR02601,D_U0083,D0042,2026-03-05 15:05:02.898665,110
D_STR02602,D_U0038,D0050,2026-02-22 00:35:31.323992,218
D_STR02603,D_U0048,D0047,2026-02-18 10:35:26.021864,213
D_STR02604,D_U0080,D0044,2026-02-21 17:15:42.554352,213
D_STR02605,D_U0041,D0047,2026-02-18 02:08:43.798944,153
D_STR02606,D_U0092,D0020,2026-02-09 02:29:11.791555,151
D_STR02607,D_U0081,D0041,2026-02-13 01:30:00.129869,120
D_STR02608,D_U0099,D0017,2026-03-05 21:59:42.176489,117
D_STR02609,D_U0085,D0041,2026-02-05 05:05:23.025580,47
D_STR02610,D_U0036,D0046,2026-02-21 14:57:43.346378,84
D_STR02611,D_U0097,D0037,2026-03-05 08:34:15.682377,341
D_STR02612,D_U0006,D0041,2026-03-04 10:42:50.963337,44
D_STR02613,D_U0072,D0044,2026-03-01 09:03:25.197943,170
D_STR02614,D_U0095,D0046,2026-02-28 03:42:19.006882,72
D_STR02615,D_U0021,D0015,2026-02-10 05:40:40.628317,128
D_STR02616,D_U0006,D0045,2026-02-04 23:39:02.083556,10
D_STR02617,D_U0099,D0017,2026-02-04 23:50:06.198707,124
D_STR02618,D_U0095,D0048,2026-02-25 07:48:13.763913,136
D_STR02619,D_U0027,D0034,2026-02-07 13:36:42.557537,122
D_STR02620,D_U0091,D0047,2026-02-23 02:08:20.016780,154
D_STR02621,D_U0026,D0049,2026-02-13 12:45:56.444596,177
D_STR02622,D_U0004,D0035,2026-02-28 03:51:24.426100,57
D_STR02623,D_U0010,D0029,2026-03-03 21:52:10.130757,138
D_STR02624,D_U0016,D0047,2026-03-01 23:24:29.646305,215
D_STR02625,D_U0004,D0047,2026-02-25 05:39:49.810039,186
D_STR02626,D_U0033,D0048,2026-02-16 06:05:08.639499,156
D_STR02627,D_U0043,D0044,2026-02-07 07:48:41.190201,241
D_STR02628,D_U0100,D0031,2026-02-25 00:15:06.634730,11
D_STR02629,D_U0029,D0041,2026-02-19 20:32:52.339551,81
D_STR02630,D_U0018,D0037,2026-02-08 07:45:01.119961,108
D_STR02631,D_U0094,D0026,2026-02-09 12:50:03.126092,76
D_STR02632,D_U0034,D0042,2026-02-08 04:41:33.714785,135
D_STR02633,D_U0041,D0021,2026-02-28 13:02:25.292517,176
D_STR02634,D_U0009,D0032,2026-03-05 17:26:16.629387,184
D_STR02635,D_U0042,D0040,2026-02-11 09:20:09.377466,101
D_STR02636,D_U0048,D0034,2026-03-01 10:43:58.677185,118
D_STR02637,D_U0005,D0050,2026-02-28 08:11:58.728759,247
D_STR02638,D_U0084,D0041,2026-02-19 05:52:45.388104,26
D_STR02639,D_U0093,D0020,2026-02-08 02:09:05.549027,96
D_STR02640,D_U0024,D0015,2026-02-24 02:59:33.101067,185
D_STR02641,D_U0076,D0048,2026-02-16 03:41:57.254894,159
D_STR02642,D_U0035,D0022,2026-02-09 18:36:00.086552,36
D_STR02643,D_U0035,D0020,2026-03-02 08:55:00.994777,244
D_STR02644,D_U0022,D0040,2026-02-04 13:30:52.009122,8
D_STR02645,D_U0090,D0025,2026-02-06 20:35:12.683474,175
D_STR02646,D_U0079,D0024,2026-02-28 07:40:02.445688,45
D_STR02647,D_U0003,D0035,2026-02-06 23:06:45.529874,90
D_STR02648,D_U0084,D0050,2026-02-12 10:56:46.781240,16
D_STR02649,D_U0079,D0046,2026-02-12 00:13:11.750684,173
D_STR02650,D_U0086,D0028,2026-03-01 13:44:42.297685,213
D_STR02651,D_U0027,D0046,2026-02-14 19:21:55.391997,213
D_STR02652,D_U0089,D0044,2026-02-06 18:15:47.048769,145
D_STR02653,D_U0039,D0019,2026-02-25 14:03:45.693634,91
D_STR02654,D_U0006,D0033,2026-02-13 14:39:17.119494,30
D_STR02655,D_U0006,D0007,2026-02-20 12:13:48.447906,272
D_STR02656,D_U0028,D0045,2026-03-03 08:33:08.308311,120
D_STR02657,D_U0078,D0005,2026-03-01 08:10:53.008365,81
D_STR02658,D_U0045,D0040,2026-02-24 05:20:46.512757,121
D_STR02659,D_U0064,D0038,2026-03-01 03:14:14.719386,187
D_STR02660,D_U0041,D0049,2026-02-09 00:07:39.144255,200
D_STR02661,D_U0061,D0049,2026-02-19 02:47:45.330924,118
D_STR02662,D_U0081,D0041,2026-02-28 19:03:05.726804,138
D_STR02663,D_U0072,D0046,2026-03-02 04:53:12.533928,189
D_STR02664,D_U0085,D0041,2026-03-05 00:32:12.021003,55
D_STR02665,D_U0018,D0049,2026-02-09 13:02:21.873812,201
D_STR02666,D_U0014,D0045,2026-02-22 08:44:49.879400,226
D_STR02667,D_U0055,D0030,2026-02-08 06:43:33.134431,121
D_STR02668,D_U0059,D0020,2026-03-04 21:28:41.134436,33
D_STR02669,D_U0007,D0022,2026-03-03 08:25:04.147088,56
D_STR02670,D_U0070,D0029,2026-02-20 21:42:39.840147,174
D_STR02671,D_U0004,D0042,2026-02-21 12:09:35.180950,188
D_STR02672,D_U0078,D0044,2026-02-17 08:16:00.531318,142
D_STR02673,D_U0024,D0043,2026-03-04 22:10:55.377628,66
D_STR02674,D_U0087,D0023,2026-02-19 05:05:45.083008,96
D_STR02675,D_U0023,D0043,2026-02-17 09:38:59.378665,67
D_STR02676,D_U0038,D0033,2026-02-23 00:14:30.147887,131
D_STR02677,D_U0050,D0025,2026-02-14 22:46:39.725784,10
D_STR02678,D_U0003,D0025,2026-02-24 02:19:03.786855,176
D_STR02679,D_U0056,D0013,2026-02-14 06:33:20.771327,189
D_STR02680,D_U0052,D0032,2026-02-08 00:19:17.925708,193
D_STR02681,D_U0100,D0039,2026-03-05 07:17:56.121021,304
D_STR02682,D_U0027,D0048,2026-02-14 05:25:57.348939,93
D_STR02683,D_U0052,D0049,2026-02-05 01:06:49.545357,204
D_STR02684,D_U0036,D0038,2026-02-22 03:09:16.378387,171
D_STR02685,D_U0067,D0022,2026-02-12 03:07:38.464272,73
D_STR02686,D_U0057,D0010,2026-03-04 21:49:04.617826,119
D_STR02687,D_U0042,D0034,2026-02-15 18:51:11.558662,145
D_STR02688,D_U0020,D0014,2026-02-08 23:04:15.499495,149
D_STR02689,D_U0039,D0037,2026-02-07 08:29:47.884486,221
D_STR02690,D_U0082,D0037,2026-02-06 20:58:52.001080,268
D_STR02691,D_U0076,D0042,2026-02-21 16:28:17.629692,93
D_STR02692,D_U0093,D0050,2026-02-19 12:27:27.057642,136
D_STR02693,D_U0017,D0036,2026-02-06 19:45:04.279544,114
D_STR02694,D_U0083,D0047,2026-02-11 19:45:08.917235,89
D_STR02695,D_U0025,D0015,2026-02-04 17:10:49.920527,157
D_STR02696,D_U0024,D0024,2026-02-27 07:03:05.004346,88
D_STR02697,D_U0048,D0050,2026-02-19 07:29:09.475116,185
D_STR02698,D_U0050,D0043,2026-02-11 20:53:20.918933,61
D_STR02699,D_U0021,D0022,2026-02-22 15:12:00.279995,89
D_STR02700,D_U0025,D0047,2026-02-21 15:55:12.480153,235
D_STR02701,D_U0029,D0040,2026-02-14 13:25:02.468793,255
D_STR02702,D_U0032,D0040,2026-03-05 00:24:26.918575,309
D_STR02703,D_U0075,D0048,2026-02-24 23:40:01.635413,149
D_STR02704,D_U0093,D0023,2026-02-25 16:53:52.215831,9
D_STR02705,D_U0032,D0036,2026-02-19 15:39:04.216817,163
D_STR02706,D_U0007,D0047,2026-02-06 12:07:45.035301,84
D_STR02707,D_U0029,D0012,2026-03-03 01:19:28.088124,223
D_STR02708,D_U0010,D0033,2026-03-04 16:42:14.455192,160
D_STR02709,D_U0091,D0033,2026-02-26 07:01:20.998475,118
D_STR02710,D_U0047,D0047,2026-02-12 15:01:15.799109,66
D_STR02711,D_U0004,D0026,2026-02-05 05:33:36.525907,50
D_STR02712,D_U0020,D0018,2026-02-21 16:01:49.976517,97
D_STR02713,D_U0041,D0036,2026-02-27 16:41:45.578766,208
D_STR02714,D_U0039,D0041,2026-02-08 19:06:32.588782,105
D_STR02715,D_U0099,D0046,2026-02-18 04:52:15.558170,66
D_STR02716,D_U0099,D0042,2026-03-01 15:35:51.724322,312
D_STR02717,D_U0038,D0019,2026-02-23 01:03:07.590858,210
D_STR02718,D_U0091,D0046,2026-02-22 04:32:16.159344,20
D_STR02719,D_U0072,D0047,2026-02-09 20:05:55.607839,42
D_STR02720,D_U0018,D0044,2026-02-22 17:38:44.353615,105
D_STR02721,D_U0088,D0048,2026-03-04 01:22:50.794142,18
D_STR02722,D_U0038,D0046,2026-02-28 17:08:18.876625,212
D_STR02723,D_U0031,D0048,2026-03-05 07:40:48.228800,189
D_STR02724,D_U0015,D0026,2026-03-03 07:39:28.213983,97
D_STR02725,D_U0062,D0038,2026-03-02 08:19:51.607553,101
D_STR02726,D_U0030,D0029,2026-02-17 02:04:22.512664,88
D_STR02727,D_U0091,D0027,2026-02-15 05:53:41.372810,52
D_STR02728,D_U0017,D0030,2026-02-19 23:17:44.951706,99
D_STR02729,D_U0005,D0035,2026-02-14 18:20:44.905926,115
D_STR02730,D_U0096,D0032,2026-02-14 02:32:23.211498,123
D_STR02731,D_U0043,D0044,2026-03-02 09:17:30.878018,124
D_STR02732,D_U0060,D0036,2026-03-01 10:01:46.925609,43
D_STR02733,D_U0012,D0042,2026-02-21 09:11:53.794054,243
D_STR02734,D_U0049,D0043,2026-02-12 16:43:36.069086,90
D_STR02735,D_U0077,D0021,2026-02-21 10:31:13.400502,198
D_STR02736,D_U0001,D0014,2026-02-18 22:00:14.166561,155
D_STR02737,D_U0097,D0028,2026-03-02 21:18:41.199444,41
D_STR02738,D_U0037,D0045,2026-02-25 20:41:37.300240,45
D_STR02739,D_U0087,D0012,2026-02-19 15:27:16.029208,193
D_STR02740,D_U0074,D0038,2026-03-05 06:12:56.426509,111
D_STR02741,D_U0057,D0050,2026-02-16 16:00:21.848033,107
D_STR02742,D_U0094,D0021,2026-03-02 01:57:56.778213,192
D_STR02743,D_U0030,D0038,2026-02-11 11:17:26.245995,69
D_STR02744,D_U0004,D0042,2026-02-11 06:21:55.046031,135
D_STR02745,D_U0048,D0021,2026-03-04 08:23:26.056777,46
D_STR02746,D_U0011,D0023,2026-02-19 15:11:54.937011,92
D_STR02747,D_U0001,D0040,2026-03-01 04:13:46.343679,149
D_STR02748,D_U0058,D0021,2026-02-04 22:36:26.704803,12
D_STR02749,D_U0061,D0037,2026-02-16 13:59:13.234683,334
D_STR02750,D_U0017,D0040,2026-02-05 13:43:07.913856,321
D_STR02751,D_U0098,D0025,2026-02-20 05:31:42.883860,17
D_STR02752,D_U0009,D0049,2026-02-10 18:08:01.787374,7
D_STR02753,D_U0088,D0027,2026-02-11 05:34:49.703010,25
D_STR02754,D_U0068,D0050,2026-03-04 06:54:43.070845,327
D_STR02755,D_U0096,D0042,2026-02-26 00:27:09.883045,85
D_STR02756,D_U0007,D0040,2026-02-06 06:24:47.799644,172
D_STR02757,D_U0042,D0027,2026-03-04 19:39:35.290524,106
D_STR02758,D_U0014,D0016,2026-03-05 15:37:15.077357,122
D_STR02759,D_U0091,D0039,2026-02-08 03:36:52.616977,163
D_STR02760,D_U0088,D0046,2026-02-05 09:19:20.240484,185
D_STR02761,D_U0078,D0047,2026-02-14 18:51:45.159804,82
D_STR02762,D_U0061,D0022,2026-02-14 00:07:47.648854,66
D_STR02763,D_U0099,D0030,2026-02-07 09:20:16.589603,77
D_STR02764,D_U0010,D0037,2026-02-13 00:00:41.454788,73
D_STR02765,D_U0001,D0023,2026-02-06 12:13:55.906447,75
D_STR02766,D_U0080,D0047,2026-02-23 02:04:00.275393,187
D_STR02767,D_U0047,D0035,2026-02-25 18:22:00.290783,337
D_STR02768,D_U0077,D0048,2026-02-20 18:06:05.037291,44
D_STR02769,D_U0034,D0035,2026-02-28 14:44:26.578429,164
D_STR02770,D_U0038,D0040,2026-02-28 22:15:38.052155,339
D_STR02771,D_U0060,D0021,2026-02-21 08:17:15.027919,159
D_STR02772,D_U0003,D0025,2026-02-10 20:26:58.900964,149
D_STR02773,D_U0003,D0045,2026-02-27 21:24:52.640942,155
D_STR02774,D_U0024,D0024,2026-02-27 17:31:09.387811,124
D_STR02775,D_U0096,D0039,2026-02-06 09:11:52.270919,129
D_STR02776,D_U0026,D0024,2026-02-14 01:36:18.969781,132
D_STR02777,D_U0070,D0030,2026-03-04 09:59:06.814121,12
D_STR02778,D_U0015,D0041,2026-02-07 12:20:19.993370,7
D_STR02779,D_U0098,D0033,2026-02-06 22:19:31.695398,135
D_STR02780,D_U0077,D0024,2026-02-25 10:11:55.608620,124
D_STR02781,D_U0039,D0027,2026-02-06 19:05:43.860133,112
D_STR02782,D_U0026,D0025,2026-02-21 02:28:43.713805,80
D_STR02783,D_U0086,D0047,2026-02-27 19:08:03.360407,219
D_STR02784,D_U0020,D0031,2026-02-04 15:05:23.111735,71
D_STR02785,D_U0051,D0020,2026-02-14 17:16:28.416976,321
D_STR02786,D_U0027,D0012,2026-02-23 00:04:37.047921,132
D_STR02787,D_U0017,D0033,2026-02-10 03:25:09.880426,270
D_STR02788,D_U0037,D0047,2026-02-19 05:07:31.971538,152
D_STR02789,D_U0012,D0044,2026-02-08 02:28:34.843092,58
D_STR02790,D_U0030,D0042,2026-03-02 00:20:11.861807,248
D_STR02791,D_U0062,D0029,2026-02-26 10:31:54.773791,58
D_STR02792,D_U0045,D0034,2026-03-05 03:02:22.107936,90
D_STR02793,D_U0098,D0048,2026-02-20 01:42:15.647060,221
D_STR02794,D_U0033,D0026,2026-03-01 16:22:52.004014,119
D_STR02795,D_U0061,D0045,2026-02-09 01:47:40.341557,10
D_STR02796,D_U0065,D0014,2026-02-10 20:22:11.314769,114
D_STR02797,D_U0027,D0016,2026-02-06 06:13:41.892694,131
D_STR02798,D_U0038,D0023,2026-02-20 08:43:38.148687,125
D_STR02799,D_U0062,D0016,2026-02-04 19:24:29.590046,32
D_STR02800,D_U0068,D0050,2026-03-04 07:42:39.034509,54
D_STR02801,D_U0013,D0046,2026-02-24 08:20:43.226539,191
D_STR02802,D_U0090,D0031,2026-02-18 18:06:20.739148,12
D_STR02803,D_U0014,D0029,2026-02-11 14:06:19.674788,69
D_STR02804,D_U0063,D0031,2026-03-01 06:36:51.004327,40
D_STR02805,D_U0032,D0046,2026-02-24 17:33:27.959513,6
D_STR02806,D_U0001,D0023,2026-02-21 08:56:09.500048,31
D_STR02807,D_U0052,D0031,2026-02-15 23:34:55.161809,68
D_STR02808,D_U0030,D0035,2026-02-12 15:15:59.402719,68
D_STR02809,D_U0085,D0045,2026-02-24 09:33:17.622182,39
D_STR02810,D_U0089,D0043,2026-02-07 00:31:01.723513,175
D_STR02811,D_U0035,D0047,2026-02-26 20:17:35.829129,216
D_STR02812,D_U0082,D0037,2026-02-07 05:46:27.421622,118
D_STR02813,D_U0023,D0014,2026-02-15 22:38:25.421878,62
D_STR02814,D_U0006,D0038,2026-02-25 05:13:59.516552,37
D_STR02815,D_U0048,D0040,2026-02-23 10:15:11.020319,134
D_STR02816,D_U0045,D0046,2026-02-18 07:12:53.492748,16
D_STR02817,D_U0010,D0022,2026-02-19 00:12:50.095702,58
D_STR02818,D_U0093,D0010,2026-02-20 08:11:16.562002,12
D_STR02819,D_U0084,D0026,2026-02-05 00:39:42.399912,29
D_STR02820,D_U0040,D0019,2026-02-20 10:03:40.720476,58
D_STR02821,D_U0022,D0039,2026-03-01 06:01:56.270397,147
D_STR02822,D_U0046,D0029,2026-02-25 03:29:57.639013,23
D_STR02823,D_U0014,D0023,2026-02-21 13:54:14.624151,62
D_STR02824,D_U0092,D0006,2026-02-24 18:02:40.122317,209
D_STR02825,D_U0090,D0043,2026-02-11 00:32:50.033422,39
D_STR02826,D_U0037,D0026,2026-03-04 07:03:58.289624,100
D_STR02827,D_U0004,D0037,2026-02-23 23:27:07.865554,246
D_STR02828,D_U0081,D0046,2026-02-16 03:39:21.776433,203
D_STR02829,D_U0068,D0035,2026-02-11 07:34:58.398043,190
D_STR02830,D_U0081,D0034,2026-03-04 05:51:18.396464,40
D_STR02831,D_U0023,D0037,2026-02-06 23:55:47.382813,314
D_STR02832,D_U0076,D0044,2026-03-04 02:12:22.993046,32
D_STR02833,D_U0077,D0041,2026-02-15 21:30:10.372175,110
D_STR02834,D_U0010,D0011,2026-03-02 00:58:27.086420,112
D_STR02835,D_U0088,D0046,2026-02-25 12:38:46.732557,45
D_STR02836,D_U0011,D0019,2026-02-23 08:00:17.811076,183
D_STR02837,D_U0066,D0042,2026-02-26 21:15:10.786821,87
D_STR02838,D_U0085,D0048,2026-02-10 01:41:39.478837,225
D_STR02839,D_U0037,D0046,2026-02-20 00:49:56.813317,104
D_STR02840,D_U0018,D0027,2026-02-14 09:35:59.299131,106
D_STR02841,D_U0003,D0042,2026-02-06 00:01:23.270032,73
D_STR02842,D_U0049,D0026,2026-02-26 19:07:03.298162,82
D_STR02843,D_U0017,D0010,2026-02-08 03:43:32.819584,135
D_STR02844,D_U0048,D0027,2026-02-09 10:16:02.924612,120
D_STR02845,D_U0074,D0034,2026-03-05 18:11:59.619018,23
D_STR02846,D_U0062,D0044,2026-02-08 05:16:53.299414,158
D_STR02847,D_U0067,D0034,2026-02-21 00:53:18.618206,146
D_STR02848,D_U0090,D0017,2026-02-11 03:51:09.242671,96
D_STR02849,D_U0094,D0025,2026-02-27 10:02:37.443037,92
D_STR02850,D_U0088,D0040,2026-03-04 16:05:32.949810,288
D_STR02851,D_U0007,D0038,2026-02-27 23:01:14.711879,107
D_STR02852,D_U0094,D0029,2026-02-22 09:22:26.456467,79
D_STR02853,D_U0038,D0004,2026-03-02 01:17:31.374536,103
D_STR02854,D_U0056,D0042,2026-02-28 23:12:29.568341,220
D_STR02855,D_U0003,D0028,2026-02-14 13:14:22.161908,231
D_STR02856,D_U0027,D0014,2026-02-08 17:20:03.818700,116
D_STR02857,D_U0090,D0035,2026-02-27 17:16:32.466627,23
D_STR02858,D_U0036,D0009,2026-02-11 01:54:19.079145,33
D_STR02859,D_U0015,D0033,2026-03-04 06:21:55.136251,140
D_STR02860,D_U0034,D0012,2026-02-13 18:04:56.118705,138
D_STR02861,D_U0030,D0029,2026-02-27 23:21:45.995494,143
D_STR02862,D_U0002,D0045,2026-03-02 15:15:08.769474,55
D_STR02863,D_U0056,D0048,2026-03-01 11:04:19.128994,79
D_STR02864,D_U0043,D0022,2026-02-15 13:42:58.278547,53
D_STR02865,D_U0065,D0032,2026-02-10 13:38:11.872382,203
D_STR02866,D_U0044,D0024,2026-03-03 01:20:05.635633,271
D_STR02867,D_U0072,D0015,2026-02-25 05:01:08.522167,73
D_STR02868,D_U0045,D0042,2026-02-26 03:11:39.309797,314
D_STR02869,D_U0095,D0047,2026-02-20 07:25:38.653802,100
D_STR02870,D_U0032,D0031,2026-02-14 05:23:01.501267,42
D_STR02871,D_U0088,D0040,2026-02-21 20:45:18.798972,222
D_STR02872,D_U0012,D0019,2026-02-23 18:29:05.213594,114
D_STR02873,D_U0064,D0013,2026-02-28 15:22:49.849982,95
D_STR02874,D_U0070,D0007,2026-02-26 08:39:23.141592,139
D_STR02875,D_U0060,D0042,2026-02-09 01:56:46.385437,36
D_STR02876,D_U0021,D0040,2026-02-12 06:20:06.217667,234
D_STR02877,D_U0039,D0046,2026-02-24 21:15:17.260073,220
D_STR02878,D_U0047,D0012,2026-02-05 16:03:21.117463,171
D_STR02879,D_U0015,D0030,2026-02-09 06:59:48.399738,95
D_STR02880,D_U0052,D0021,2026-02-14 05:15:18.523086,197
D_STR02881,D_U0099,D0031,2026-02-24 12:16:48.124020,73
D_STR02882,D_U0034,D0040,2026-02-12 04:53:27.826812,133
D_STR02883,D_U0086,D0048,2026-02-20 07:29:45.326039,27
D_STR02884,D_U0055,D0022,2026-02-23 00:35:56.551286,166
D_STR02885,D_U0056,D0008,2026-02-13 23:36:55.555964,38
D_STR02886,D_U0004,D0050,2026-02-07 04:14:48.644205,55
D_STR02887,D_U0075,D0050,2026-02-06 19:15:36.535050,217
D_STR02888,D_U0100,D0008,2026-03-04 18:44:18.065559,177
D_STR02889,D_U0019,D0028,2026-02-15 05:09:31.805468,40
D_STR02890,D_U0018,D0026,2026-02-15 12:52:36.455985,111
D_STR02891,D_U0100,D0026,2026-03-05 06:40:40.210882,8
D_STR02892,D_U0087,D0039,2026-02-16 22:13:59.568487,258
D_STR02893,D_U0064,D0038,2026-02-19 07:57:24.409889,22
D_STR02894,D_U0088,D0032,2026-02-20 05:06:41.771729,97
D_STR02895,D_U0008,D0037,2026-02-05 06:00:06.896726,316
D_STR02896,D_U0068,D0027,2026-02-16 00:15:23.470479,48
D_STR02897,D_U0091,D0021,2026-02-25 07:18:24.740119,110
D_STR02898,D_U0034,D0036,2026-02-15 08:50:07.473876,157
D_STR02899,D_U0002,D0049,2026-03-02 22:23:21.064968,20
D_STR02900,D_U0027,D0045,2026-02-10 14:21:25.165886,176
D_STR02901,D_U0033,D0039,2026-02-16 15:09:21.985276,105
D_STR02902,D_U0069,D0007,2026-02-06 21:13:27.976099,56
D_STR02903,D_U0018,D0036,2026-03-04 05:22:38.496495,37
D_STR02904,D_U0006,D0047,2026-02-19 23:05:27.613306,212
D_STR02905,D_U0020,D0049,2026-02-08 06:47:13.543149,75
D_STR02906,D_U0059,D0047,2026-03-01 20:19:25.380430,223
D_STR02907,D_U0020,D0027,2026-02-10 00:49:04.335093,107
D_STR02908,D_U0056,D0036,2026-02-05 04:30:58.694895,42
D_STR02909,D_U0063,D0026,2026-02-11 09:49:37.768337,39
D_STR02910,D_U0045,D0041,2026-02-27 19:17:39.661221,65
D_STR02911,D_U0032,D0039,2026-02-18 03:50:16.699190,268
D_STR02912,D_U0004,D0026,2026-02-14 22:35:08.681130,110
D_STR02913,D_U0093,D0042,2026-02-19 10:04:26.334653,87
D_STR02914,D_U0052,D0034,2026-02-27 10:24:08.743948,181
D_STR02915,D_U0084,D0039,2026-02-14 13:04:09.164094,301
D_STR02916,D_U0077,D0031,2026-02-27 12:44:36.037007,108
D_STR02917,D_U0069,D0049,2026-02-10 08:22:11.391630,79
D_STR02918,D_U0053,D0049,2026-02-12 18:28:32.768968,183
D_STR02919,D_U0015,D0044,2026-02-07 00:35:29.491985,313
D_STR02920,D_U0039,D0029,2026-02-22 10:19:02.215861,117
D_STR02921,D_U0050,D0039,2026-02-18 15:26:29.005059,65
D_STR02922,D_U0056,D0029,2026-03-05 01:13:58.466748,96
D_STR02923,D_U0097,D0049,2026-02-18 18:44:05.401401,170
D_STR02924,D_U0058,D0046,2026-02-20 20:03:45.540218,80
D_STR02925,D_U0092,D0021,2026-02-17 22:50:15.927119,142
D_STR02926,D_U0061,D0040,2026-02-15 08:19:30.165328,20
D_STR02927,D_U0032,D0045,2026-03-01 18:37:59.194625,18
D_STR02928,D_U0058,D0029,2026-02-12 05:50:22.301626,115
D_STR02929,D_U0060,D0018,2026-02-12 01:12:01.926435,101
D_STR02930,D_U0050,D0033,2026-02-06 19:02:09.412338,237
D_STR02931,D_U0096,D0030,2026-02-16 09:47:41.682508,152
D_STR02932,D_U0010,D0038,2026-02-28 01:23:37.381725,118
D_STR02933,D_U0078,D0025,2026-03-05 15:12:31.698985,41
D_STR02934,D_U0084,D0037,2026-02-24 15:53:15.030987,71
D_STR02935,D_U0007,D0013,2026-02-11 17:00:39.480750,10
D_STR02936,D_U0088,D0031,2026-02-16 08:09:23.676110,160
D_STR02937,D_U0096,D0030,2026-02-22 20:01:29.182426,154
D_STR02938,D_U0086,D0039,2026-02-20 19:54:56.343305,17
D_STR02939,D_U0065,D0050,2026-02-28 14:37:49.174704,9
D_STR02940,D_U0084,D0031,2026-02-14 04:32:21.674797,58
D_STR02941,D_U0005,D0041,2026-02-09 07:01:28.444267,142
D_STR02942,D_U0055,D0022,2026-02-09 09:20:14.998731,37
D_STR02943,D_U0002,D0032,2026-02-17 18:39:16.283693,244
D_STR02944,D_U0070,D0047,2026-02-27 21:07:16.014952,64
D_STR02945,D_U0100,D0024,2026-03-05 16:17:46.607070,194
D_STR02946,D_U0078,D0035,2026-02-08 14:17:29.168888,27
D_STR02947,D_U0074,D0029,2026-03-03 16:24:15.482423,80
D_STR02948,D_U0042,D0017,2026-02-28 16:02:58.550072,212
D_STR02949,D_U0025,D0025,2026-02-09 01:29:08.959782,180
D_STR02950,D_U0054,D0050,2026-02-25 16:15:54.110034,39
D_STR02951,D_U0001,D0043,2026-02-11 18:19:48.576577,100
D_STR02952,D_U0096,D0042,2026-02-09 04:05:42.986762,235
D_STR02953,D_U0031,D0027,2026-02-17 08:33:48.374208,100
D_STR02954,D_U0027,D0009,2026-02-09 18:14:38.647973,138
D_STR02955,D_U0096,D0038,2026-02-25 19:22:38.864830,54
D_STR02956,D_U0040,D0039,2026-02-14 23:47:47.524372,318
D_STR02957,D_U0018,D0021,2026-02-27 21:21:09.605395,198
D_STR02958,D_U0032,D0031,2026-02-06 03:36:05.236637,69
D_STR02959,D_U0085,D0048,2026-02-28 15:22:02.912865,129
D_STR02960,D_U0016,D0038,2026-02-11 11:48:47.537222,158
D_STR02961,D_U0054,D0045,2026-02-07 08:11:12.638077,23
D_STR02962,D_U0054,D0048,2026-02-20 04:20:09.627624,225
D_STR02963,D_U0071,D0028,2026-02-20 20:27:35.648026,143
D_STR02964,D_U0094,D0021,2026-02-20 07:42:03.255228,11
D_STR02965,D_U0089,D0018,2026-02-18 19:48:13.396382,104
D_STR02966,D_U0083,D0014,2026-02-24 06:03:15.828105,217
D_STR02967,D_U0093,D0044,2026-03-03 16:40:14.739527,207
D_STR02968,D_U0074,D0047,2026-02-28 02:02:23.073445,90
D_STR02969,D_U0034,D0042,2026-02-11 15:34:39.031392,123
D_STR02970,D_U0033,D0022,2026-02-20 03:50:48.607981,154
D_STR02971,D_U0012,D0025,2026-02-18 20:14:26.896593,21
D_STR02972,D_U0082,D0038,2026-03-02 02:53:27.539498,76
D_STR02973,D_U0012,D0046,2026-02-17 05:13:57.030326,78
D_STR02974,D_U0055,D0045,2026-02-05 11:16:33.344082,222
D_STR02975,D_U0018,D0047,2026-03-02 09:59:37.031947,40
D_STR02976,D_U0094,D0031,2026-02-11 09:15:12.777782,69
D_STR02977,D_U0045,D0034,2026-02-22 11:15:35.843013,27
D_STR02978,D_U0066,D0027,2026-03-06 05:21:54.829309,92
D_STR02979,D_U0099,D0024,2026-02-18 04:13:48.037506,296
D_STR02980,D_U0035,D0026,2026-02-26 10:49:54.905329,106
D_STR02981,D_U0075,D0046,2026-02-18 19:56:26.057727,180
D_STR02982,D_U0050,D0025,2026-02-13 22:06:18.741251,57
D_STR02983,D_U0002,D0042,2026-03-04 06:20:08.376840,305
D_STR02984,D_U0004,D0050,2026-02-09 03:30:38.198373,249
D_STR02985,D_U0069,D0040,2026-02-21 17:17:32.436941,328
D_STR02986,D_U0028,D0028,2026-02-09 00:25:01.158919,157
D_STR02987,D_U0051,D0033,2026-02-20 19:55:46.726575,10
D_STR02988,D_U0012,D0045,2026-03-02 23:43:53.459386,152
D_STR02989,D_U0050,D0018,2026-02-18 16:37:04.528028,132
D_STR02990,D_U0058,D0031,2026-02-22 00:22:36.296292,136
D_STR02991,D_U0044,D0038,2026-02-21 13:17:01.085731,182
D_STR02992,D_U0033,D0045,2026-03-05 00:52:27.268264,9
D_STR02993,D_U0084,D0039,2026-02-13 13:42:26.427968,26
D_STR02994,D_U0006,D0031,2026-02-08 09:13:35.982558,39
D_STR02995,D_U0098,D0041,2026-02-28 13:41:17.298231,161
D_STR02996,D_U0009,D0042,2026-02-22 16:30:12.076114,186
D_STR02997,D_U0085,D0032,2026-02-11 08:47:20.400405,37
D_STR02998,D_U0095,D0015,2026-02-15 23:34:35.321418,26
D_STR02999,D_U0082,D0038,2026-02-20 19:19:02.528307,49
D_STR03000,D_U0087,D0010,2026-02-08 03:25:39.323572,21
D_STR03001,D_U0042,D0047,2026-02-24 02:09:59.747743,114
D_STR03002,D_U0032,D0042,2026-02-13 13:19:09.616078,323
D_STR03003,D_U0023,D0040,2026-02-26 21:22:50.291044,35
D_STR03004,D_U0014,D0042,2026-02-14 18:21:38.651083,140
D_STR03005,D_U0079,D0050,2026-02-19 22:14:28.875315,216
D_STR03006,D_U0027,D0040,2026-02-08 09:22:49.664503,184
D_STR03007,D_U0021,D0043,2026-02-18 05:47:28.208404,102
D_STR03008,D_U0088,D0042,2026-02-08 11:38:16.304826,287
D_STR03009,D_U0010,D0026,2026-02-26 17:33:53.676533,36
D_STR03010,D_U0009,D0029,2026-02-05 11:28:19.699220,128
D_STR03011,D_U0026,D0031,2026-02-26 03:13:07.605786,50
D_STR03012,D_U0032,D0041,2026-02-07 15:54:18.390314,103
D_STR03013,D_U0039,D0017,2026-02-08 01:14:30.231495,131
D_STR03014,D_U0095,D0044,2026-02-07 14:41:35.181598,11
D_STR03015,D_U0004,D0049,2026-02-07 23:08:49.463447,82
D_STR03016,D_U0053,D0043,2026-02-08 19:50:35.177153,65
D_STR03017,D_U0090,D0026,2026-02-21 04:42:28.594471,50
D_STR03018,D_U0076,D0043,2026-02-14 11:44:08.913303,135
D_STR03019,D_U0098,D0025,2026-02-11 15:08:39.703718,195
D_STR03020,D_U0068,D0023,2026-03-02 00:09:57.766549,60
D_STR03021,D_U0037,D0016,2026-02-14 05:33:03.956915,132
D_STR03022,D_U0019,D0046,2026-02-23 11:44:06.466297,246
D_STR03023,D_U0016,D0027,2026-03-04 05:40:15.181309,30
D_STR03024,D_U0038,D0037,2026-02-11 22:05:48.599205,314
D_STR03025,D_U0030,D0048,2026-03-01 14:54:50.776255,167
D_STR03026,D_U0044,D0026,2026-02-25 11:21:51.550861,87
D_STR03027,D_U0088,D0033,2026-02-19 09:00:11.694133,170
D_STR03028,D_U0012,D0042,2026-02-11 01:56:21.301861,134
D_STR03029,D_U0083,D0003,2026-02-28 20:09:20.379418,61
D_STR03030,D_U0033,D0034,2026-03-04 05:45:02.515099,39
D_STR03031,D_U0039,D0044,2026-02-11 09:30:28.300217,274
D_STR03032,D_U0051,D0050,2026-02-21 13:41:30.762090,142
D_STR03033,D_U0001,D0025,2026-02-23 02:17:02.634177,90
D_STR03034,D_U0035,D0035,2026-02-28 00:48:02.620958,120
D_STR03035,D_U0036,D0013,2026-02-06 20:10:13.761448,168
D_STR03036,D_U0088,D0045,2026-03-05 08:35:21.871094,172
D_STR03037,D_U0097,D0045,2026-02-13 13:04:50.414122,111
D_STR03038,D_U0091,D0050,2026-02-23 23:07:44.813109,163
D_STR03039,D_U0030,D0023,2026-02-14 10:42:33.629853,89
D_STR03040,D_U0068,D0016,2026-02-20 22:01:23.982430,97
D_STR03041,D_U0040,D0029,2026-02-07 00:07:28.306353,100
D_STR03042,D_U0049,D0032,2026-02-06 08:12:06.174544,155
D_STR03043,D_U0051,D0046,2026-02-23 14:59:22.474237,178
D_STR03044,D_U0026,D0036,2026-03-03 14:55:55.417735,133
D_STR03045,D_U0026,D0030,2026-03-01 16:53:07.093588,39
D_STR03046,D_U0009,D0017,2026-02-27 17:14:38.669947,57
D_STR03047,D_U0050,D0021,2026-02-12 02:00:31.305166,6
D_STR03048,D_U0073,D0027,2026-02-18 17:21:12.545645,89
D_STR03049,D_U0062,D0020,2026-02-22 17:13:53.124707,118
D_STR03050,D_U0042,D0045,2026-02-09 00:51:22.424558,113
D_STR03051,D_U0055,D0046,2026-02-25 05:13:16.467303,262
D_STR03052,D_U0085,D0037,2026-02-14 00:19:20.663218,310
D_STR03053,D_U0071,D0030,2026-02-26 15:18:35.475396,141
D_STR03054,D_U0054,D0048,2026-02-24 23:38:13.600672,171
D_STR03055,D_U0079,D0035,2026-02-05 18:17:00.916881,342
D_STR03056,D_U0063,D0019,2026-02-05 13:55:12.531480,167
D_STR03057,D_U0049,D0033,2026-02-09 14:26:46.560651,124
D_STR03058,D_U0060,D0046,2026-02-10 01:50:20.874462,221
D_STR03059,D_U0010,D0049,2026-02-08 02:23:21.711649,206
D_STR03060,D_U0031,D0047,2026-03-05 22:07:26.579331,163
D_STR03061,D_U0083,D0047,2026-02-10 17:25:58.597273,141
D_STR03062,D_U0068,D0023,2026-02-22 05:55:52.979541,20
D_STR03063,D_U0064,D0037,2026-02-15 01:41:25.628736,38
D_STR03064,D_U0019,D0027,2026-03-06 00:35:31.939569,113
D_STR03065,D_U0059,D0025,2026-02-21 08:33:17.591206,112
D_STR03066,D_U0054,D0035,2026-02-28 14:40:28.252402,39
D_STR03067,D_U0010,D0034,2026-03-04 11:42:17.782793,157
D_STR03068,D_U0033,D0018,2026-02-08 04:10:10.668466,115
D_STR03069,D_U0010,D0049,2026-02-28 05:15:33.651081,143
D_STR03070,D_U0053,D0038,2026-03-01 08:05:29.210393,133
D_STR03071,D_U0079,D0045,2026-02-16 16:52:52.265916,198
D_STR03072,D_U0078,D0017,2026-02-11 12:24:26.579222,103
D_STR03073,D_U0022,D0041,2026-02-15 15:41:59.347999,91
D_STR03074,D_U0063,D0039,2026-02-23 15:37:14.416515,134
D_STR03075,D_U0080,D0036,2026-02-19 11:09:53.645200,5
D_STR03076,D_U0007,D0019,2026-02-20 00:42:25.972391,97
D_STR03077,D_U0071,D0009,2026-02-09 08:07:54.575943,85
D_STR03078,D_U0082,D0026,2026-02-11 11:52:58.119642,117
D_STR03079,D_U0054,D0038,2026-03-05 02:51:32.957768,106
D_STR03080,D_U0055,D0037,2026-02-22 11:01:27.792569,163
D_STR03081,D_U0047,D0016,2026-02-10 10:20:36.569937,53
D_STR03082,D_U0083,D0044,2026-02-19 15:36:38.873697,142
D_STR03083,D_U0051,D0041,2026-03-06 03:17:27.004334,96
D_STR03084,D_U0025,D0044,2026-02-13 12:38:03.577762,310
D_STR03085,D_U0055,D0050,2026-02-10 22:06:31.113030,147
D_STR03086,D_U0076,D0036,2026-02-12 02:42:44.686443,91
D_STR03087,D_U0015,D0020,2026-02-20 00:03:28.301724,86
D_STR03088,D_U0060,D0044,2026-02-21 20:52:22.801735,138
D_STR03089,D_U0008,D0025,2026-02-11 12:24:50.354127,78
D_STR03090,D_U0093,D0050,2026-02-10 18:15:08.447303,142
D_STR03091,D_U0018,D0046,2026-03-02 12:06:47.752241,56
D_STR03092,D_U0006,D0030,2026-02-06 07:00:26.022532,5
D_STR03093,D_U0022,D0050,2026-02-07 08:05:36.742562,48
D_STR03094,D_U0005,D0044,2026-02-14 19:01:13.830418,141
D_STR03095,D_U0079,D0043,2026-02-13 21:18:23.646752,138
D_STR03096,D_U0003,D0015,2026-02-18 06:47:55.256146,197
D_STR03097,D_U0065,D0040,2026-02-09 13:51:19.509943,192
D_STR03098,D_U0010,D0034,2026-02-08 03:04:12.847389,33
D_STR03099,D_U0048,D0032,2026-02-13 13:51:16.695827,153
D_STR03100,D_U0085,D0046,2026-02-16 04:53:30.675454,241
D_STR03101,D_U0022,D0046,2026-02-25 13:58:57.418176,80
D_STR03102,D_U0069,D0041,2026-02-26 05:22:40.280063,8
D_STR03103,D_U0031,D0037,2026-02-05 20:16:57.724037,310
D_STR03104,D_U0100,D0017,2026-02-05 07:19:52.278682,97
D_STR03105,D_U0055,D0047,2026-02-06 02:14:16.957453,53
D_STR03106,D_U0033,D0042,2026-02-12 22:17:20.713233,15
D_STR03107,D_U0083,D0037,2026-02-12 11:31:03.327796,68
D_STR03108,D_U0051,D0034,2026-02-06 13:14:30.050723,102
D_STR03109,D_U0077,D0041,2026-02-20 22:30:42.188444,125
D_STR03110,D_U0040,D0032,2026-02-20 17:09:20.723233,71
D_STR03111,D_U0050,D0031,2026-02-15 19:15:12.671414,57
D_STR03112,D_U0001,D0032,2026-02-12 19:23:51.803793,201
D_STR03113,D_U0001,D0007,2026-02-10 16:42:48.751149,323
D_STR03114,D_U0066,D0033,2026-02-18 22:40:18.809618,176
D_STR03115,D_U0067,D0023,2026-02-18 21:42:35.246888,92
D_STR03116,D_U0006,D0008,2026-02-14 17:58:25.707222,154
D_STR03117,D_U0048,D0044,2026-02-08 23:52:48.818621,142
D_STR03118,D_U0047,D0038,2026-02-17 04:25:01.228410,19
D_STR03119,D_U0067,D0007,2026-02-06 11:53:10.108293,15
D_STR03120,D_U0018,D0032,2026-03-01 14:29:58.404281,7
D_STR03121,D_U0024,D0034,2026-02-12 11:58:22.927895,174
D_STR03122,D_U0076,D0027,2026-02-09 13:33:18.090217,36
D_STR03123,D_U0003,D0017,2026-02-18 20:42:53.847623,238
D_STR03124,D_U0067,D0009,2026-02-15 05:18:18.797508,105
D_STR03125,D_U0063,D0049,2026-02-15 15:42:02.799400,158
D_STR03126,D_U0063,D0047,2026-02-28 10:41:54.626370,162
D_STR03127,D_U0022,D0026,2026-02-23 03:49:11.025264,50
D_STR03128,D_U0076,D0020,2026-02-06 14:03:18.892238,169
D_STR03129,D_U0100,D0049,2026-02-23 05:24:25.712909,144
D_STR03130,D_U0050,D0022,2026-02-20 21:37:34.954158,80
D_STR03131,D_U0037,D0041,2026-02-12 21:12:27.036279,116
D_STR03132,D_U0085,D0043,2026-02-17 00:55:58.110075,183
D_STR03133,D_U0025,D0026,2026-02-26 15:34:35.334923,96
D_STR03134,D_U0065,D0036,2026-02-09 19:12:49.455000,91
D_STR03135,D_U0011,D0050,2026-02-28 15:36:12.967823,55
D_STR03136,D_U0092,D0039,2026-02-28 05:10:29.241469,198
D_STR03137,D_U0074,D0031,2026-02-23 12:09:18.373111,154
D_STR03138,D_U0064,D0027,2026-02-16 20:21:41.084643,47
D_STR03139,D_U0026,D0047,2026-02-18 05:33:45.220915,60
D_STR03140,D_U0025,D0042,2026-02-24 12:25:14.851938,116
D_STR03141,D_U0024,D0025,2026-02-13 00:35:58.332429,176
D_STR03142,D_U0087,D0043,2026-02-22 20:08:19.666295,173
D_STR03143,D_U0001,D0046,2026-03-03 22:56:55.758656,187
D_STR03144,D_U0061,D0043,2026-02-14 18:44:17.281640,24
D_STR03145,D_U0053,D0038,2026-02-16 15:53:12.161749,113
D_STR03146,D_U0035,D0034,2026-02-21 05:20:40.059114,17
D_STR03147,D_U0077,D0025,2026-02-07 10:09:55.151102,176
D_STR03148,D_U0028,D0043,2026-02-15 01:38:50.830830,41
D_STR03149,D_U0064,D0020,2026-02-26 21:01:29.311338,190
D_STR03150,D_U0078,D0017,2026-02-25 13:02:54.978280,158
D_STR03151,D_U0023,D0048,2026-02-19 04:16:11.488193,144
D_STR03152,D_U0096,D0034,2026-02-11 03:58:33.611025,74
D_STR03153,D_U0064,D0046,2026-03-02 17:33:36.222768,191
D_STR03154,D_U0055,D0038,2026-03-01 20:59:56.965167,25
D_STR03155,D_U0097,D0004,2026-02-26 01:50:51.214700,113
D_STR03156,D_U0071,D0041,2026-02-25 14:21:43.556138,130
D_STR03157,D_U0026,D0042,2026-02-23 17:23:00.603843,135
D_STR03158,D_U0029,D0023,2026-03-04 19:57:01.374816,60
D_STR03159,D_U0087,D0033,2026-02-06 03:19:43.242305,50
D_STR03160,D_U0001,D0042,2026-03-01 16:06:22.647148,230
D_STR03161,D_U0079,D0028,2026-03-01 10:31:57.297443,230
D_STR03162,D_U0067,D0046,2026-02-05 16:23:37.775864,183
D_STR03163,D_U0061,D0050,2026-02-27 18:55:20.827232,181
D_STR03164,D_U0083,D0047,2026-02-22 01:52:21.722812,90
D_STR03165,D_U0058,D0024,2026-02-23 08:49:08.815536,196
D_STR03166,D_U0061,D0045,2026-02-06 04:40:57.410894,136
D_STR03167,D_U0065,D0049,2026-02-17 09:13:03.855003,115
D_STR03168,D_U0096,D0050,2026-02-14 03:47:00.987687,127
D_STR03169,D_U0056,D0040,2026-02-16 02:33:42.610890,43
D_STR03170,D_U0071,D0039,2026-02-08 00:12:50.127617,11
D_STR03171,D_U0004,D0038,2026-03-06 01:29:57.471695,142
D_STR03172,D_U0095,D0014,2026-02-27 20:29:46.503409,304
D_STR03173,D_U0062,D0032,2026-02-15 03:35:43.660774,106
D_STR03174,D_U0043,D0034,2026-02-25 09:47:29.419946,68
D_STR03175,D_U0090,D0016,2026-03-04 09:08:53.282565,43
D_STR03176,D_U0078,D0020,2026-02-28 22:10:20.961822,237
D_STR03177,D_U0090,D0013,2026-02-24 09:13:12.149139,185
D_STR03178,D_U0004,D0036,2026-02-09 03:15:51.064668,217
D_STR03179,D_U0037,D0012,2026-02-20 11:09:53.642981,173
D_STR03180,D_U0026,D0026,2026-02-12 16:05:10.039159,16
D_STR03181,D_U0010,D0009,2026-02-11 23:14:02.299778,18
D_STR03182,D_U0068,D0050,2026-03-01 14:11:08.225490,104
D_STR03183,D_U0018,D0048,2026-02-15 04:36:58.677855,153
D_STR03184,D_U0079,D0016,2026-02-13 22:19:29.172153,132
D_STR03185,D_U0078,D0042,2026-02-11 16:17:21.784126,14
D_STR03186,D_U0096,D0047,2026-02-27 02:18:22.410478,68
D_STR03187,D_U0073,D0048,2026-02-06 23:45:19.788187,152
D_STR03188,D_U0084,D0017,2026-02-19 08:17:50.662493,153
D_STR03189,D_U0077,D0026,2026-02-06 21:59:49.897475,95
D_STR03190,D_U0073,D0048,2026-02-17 15:57:32.238402,223
D_STR03191,D_U0010,D0037,2026-02-05 17:41:02.026487,184
D_STR03192,D_U0013,D0035,2026-02-18 02:43:58.391321,95
D_STR03193,D_U0031,D0035,2026-02-24 20:05:06.295124,152
D_STR03194,D_U0022,D0025,2026-03-02 11:59:14.434508,143
D_STR03195,D_U0068,D0043,2026-02-09 01:19:07.391992,96
D_STR03196,D_U0033,D0049,2026-02-25 01:14:34.286006,192
D_STR03197,D_U0061,D0014,2026-03-03 17:54:57.041349,260
D_STR03198,D_U0045,D0013,2026-02-08 05:48:48.536030,69
D_STR03199,D_U0017,D0050,2026-02-21 06:53:04.867242,28
D_STR03200,D_U0051,D0043,2026-02-13 13:38:43.075793,78
D_STR03201,D_U0046,D0039,2026-02-14 07:40:14.434535,294
D_STR03202,D_U0045,D0035,2026-02-11 11:00:17.811212,166
D_STR03203,D_U0100,D0045,2026-02-04 12:40:59.233621,34
D_STR03204,D_U0012,D0010,2026-02-07 07:20:28.766235,146
D_STR03205,D_U0089,D0050,2026-02-11 22:19:25.359269,55
D_STR03206,D_U0004,D0039,2026-02-19 18:46:03.224309,74
D_STR03207,D_U0045,D0010,2026-02-04 23:31:08.998519,107
D_STR03208,D_U0006,D0029,2026-03-02 14:17:06.047953,83
D_STR03209,D_U0058,D0013,2026-02-07 18:10:51.617928,33
D_STR03210,D_U0085,D0028,2026-03-04 04:21:47.866338,77
D_STR03211,D_U0085,D0043,2026-02-10 21:45:53.271639,189
D_STR03212,D_U0049,D0035,2026-02-09 06:22:58.127479,102
D_STR03213,D_U0099,D0036,2026-03-03 02:59:12.187379,73
D_STR03214,D_U0009,D0033,2026-02-25 03:16:38.166600,226
D_STR03215,D_U0017,D0030,2026-02-28 08:14:43.414113,184
D_STR03216,D_U0002,D0047,2026-02-23 19:32:29.365297,154
D_STR03217,D_U0037,D0021,2026-03-01 19:50:47.175680,171
D_STR03218,D_U0082,D0048,2026-02-04 14:02:23.321801,109
D_STR03219,D_U0093,D0050,2026-02-27 11:24:19.902940,302
D_STR03220,D_U0067,D0004,2026-02-22 17:14:16.580714,194
D_STR03221,D_U0054,D0033,2026-02-17 23:55:12.796506,25
D_STR03222,D_U0074,D0041,2026-02-15 19:45:51.513469,15
D_STR03223,D_U0009,D0044,2026-02-11 04:15:36.285137,81
D_STR03224,D_U0044,D0048,2026-02-17 20:35:07.845123,88
D_STR03225,D_U0096,D0044,2026-02-12 22:36:16.363784,228
D_STR03226,D_U0027,D0016,2026-02-27 19:41:04.630739,29
D_STR03227,D_U0043,D0049,2026-02-09 09:10:29.315383,174
D_STR03228,D_U0052,D0039,2026-03-04 09:55:33.739474,156
D_STR03229,D_U0033,D0036,2026-02-14 21:07:18.479867,168
D_STR03230,D_U0017,D0022,2026-02-23 06:38:52.515219,53
D_STR03231,D_U0002,D0009,2026-02-05 17:39:02.882519,74
D_STR03232,D_U0037,D0027,2026-02-20 13:09:37.775322,49
D_STR03233,D_U0023,D0017,2026-02-12 14:16:43.849841,131
D_STR03234,D_U0067,D0007,2026-02-12 07:33:39.030266,286
D_STR03235,D_U0030,D0034,2026-02-28 12:11:21.165414,128
D_STR03236,D_U0045,D0045,2026-02-11 15:23:26.139316,104
D_STR03237,D_U0040,D0020,2026-02-11 20:50:02.217950,233
D_STR03238,D_U0008,D0021,2026-02-28 15:34:48.119083,48
D_STR03239,D_U0091,D0027,2026-02-24 16:50:58.366070,45
D_STR03240,D_U0060,D0028,2026-02-17 18:54:49.714970,112
D_STR03241,D_U0004,D0025,2026-02-09 19:19:38.621440,50
D_STR03242,D_U0017,D0003,2026-02-11 13:17:14.200253,248
D_STR03243,D_U0028,D0043,2026-02-28 20:23:52.012213,72
D_STR03244,D_U0013,D0040,2026-02-10 18:15:46.175778,329
D_STR03245,D_U0090,D0046,2026-02-04 15:51:34.702015,250
D_STR03246,D_U0073,D0045,2026-03-05 20:38:55.762339,83
D_STR03247,D_U0021,D0048,2026-02-04 21:47:15.651388,109
D_STR03248,D_U0011,D0040,2026-03-04 17:06:46.041574,318
D_STR03249,D_U0019,D0045,2026-02-08 06:24:42.319693,42
D_STR03250,D_U0095,D0048,2026-02-09 19:27:23.453468,30
D_STR03251,D_U0090,D0042,2026-02-27 02:47:31.047962,107
D_STR03252,D_U0081,D0047,2026-02-05 22:17:44.569318,66
D_STR03253,D_U0054,D0040,2026-02-13 00:59:32.943047,222
D_STR03254,D_U0097,D0050,2026-02-05 05:22:12.166480,321
D_STR03255,D_U0057,D0049,2026-02-05 22:44:35.699116,63
D_STR03256,D_U0032,D0036,2026-02-08 07:13:48.692458,50
D_STR03257,D_U0098,D0013,2026-02-05 13:37:03.416248,57
D_STR03258,D_U0085,D0040,2026-02-08 05:14:21.112515,28
D_STR03259,D_U0083,D0028,2026-02-20 03:35:08.302860,20
D_STR03260,D_U0092,D0025,2026-02-04 23:32:53.720502,102
D_STR03261,D_U0081,D0050,2026-03-05 05:34:39.157331,299
D_STR03262,D_U0021,D0049,2026-02-24 02:01:46.212826,207
D_STR03263,D_U0100,D0045,2026-02-06 09:12:45.337979,45
D_STR03264,D_U0015,D0048,2026-02-26 02:07:06.564845,184
D_STR03265,D_U0082,D0009,2026-03-04 07:27:28.697133,52
D_STR03266,D_U0068,D0045,2026-02-20 05:57:09.789936,187
D_STR03267,D_U0013,D0046,2026-02-21 17:11:39.284827,228
D_STR03268,D_U0024,D0030,2026-02-21 18:10:26.757637,143
D_STR03269,D_U0011,D0049,2026-03-06 04:40:00.544803,108
D_STR03270,D_U0014,D0048,2026-02-28 04:09:21.581988,225
D_STR03271,D_U0016,D0035,2026-02-13 22:49:47.698908,136
D_STR03272,D_U0060,D0022,2026-02-23 07:34:30.063842,20
D_STR03273,D_U0070,D0042,2026-03-06 06:35:42.770387,196
D_STR03274,D_U0027,D0037,2026-03-04 00:13:05.456412,133
D_STR03275,D_U0097,D0013,2026-02-25 19:16:13.455534,40
D_STR03276,D_U0060,D0029,2026-02-22 04:25:52.558051,158
D_STR03277,D_U0001,D0018,2026-02-09 20:13:41.103405,131
D_STR03278,D_U0029,D0031,2026-02-24 04:11:40.219049,69
D_STR03279,D_U0079,D0006,2026-02-25 08:40:28.716619,72
D_STR03280,D_U0010,D0050,2026-02-18 02:12:45.095584,132
D_STR03281,D_U0089,D0048,2026-02-26 16:37:14.487708,206
D_STR03282,D_U0090,D0016,2026-02-22 04:25:40.769340,126
D_STR03283,D_U0015,D0024,2026-02-28 15:04:42.911344,113
D_STR03284,D_U0082,D0045,2026-02-27 23:56:24.411894,167
D_STR03285,D_U0036,D0032,2026-02-17 14:11:06.965013,94
D_STR03286,D_U0040,D0010,2026-02-15 07:17:47.109413,94
D_STR03287,D_U0018,D0048,2026-03-03 00:30:00.221125,81
D_STR03288,D_U0001,D0021,2026-02-10 12:21:31.933110,55
D_STR03289,D_U0095,D0038,2026-02-10 10:26:50.779513,134
D_STR03290,D_U0013,D0029,2026-02-11 23:06:59.686515,138
D_STR03291,D_U0009,D0047,2026-02-06 22:15:50.119509,7
D_STR03292,D_U0018,D0046,2026-02-22 14:49:56.170297,173
D_STR03293,D_U0070,D0036,2026-02-14 03:26:51.125905,162
D_STR03294,D_U0039,D0024,2026-02-13 14:51:10.572752,118
D_STR03295,D_U0044,D0031,2026-02-17 13:25:22.967457,8
D_STR03296,D_U0043,D0020,2026-02-10 07:51:28.317594,40
D_STR03297,D_U0013,D0040,2026-02-08 17:15:55.794929,39
D_STR03298,D_U0081,D0042,2026-02-15 16:38:26.153218,11
D_STR03299,D_U0057,D0009,2026-02-25 08:27:40.427794,117
D_STR03300,D_U0003,D0039,2026-02-23 02:20:32.655090,186
D_STR03301,D_U0055,D0033,2026-02-28 03:39:38.584354,99
D_STR03302,D_U0001,D0037,2026-02-09 21:43:59.035996,26
D_STR03303,D_U0064,D0049,2026-02-27 11:52:12.813438,20
D_STR03304,D_U0030,D0046,2026-02-08 14:55:49.101404,20
D_STR03305,D_U0032,D0038,2026-02-19 07:56:16.093486,24
D_STR03306,D_U0005,D0039,2026-02-11 01:52:34.628944,252
D_STR03307,D_U0059,D0014,2026-02-19 03:59:22.294167,133
D_STR03308,D_U0059,D0009,2026-02-18 18:35:28.876472,128
D_STR03309,D_U0049,D0045,2026-02-21 14:18:49.991436,216
D_STR03310,D_U0100,D0043,2026-02-16 17:00:04.989992,11
D_STR03311,D_U0061,D0035,2026-03-03 01:23:35.537198,344
D_STR03312,D_U0015,D0006,2026-02-15 16:29:29.795310,94
D_STR03313,D_U0042,D0038,2026-02-10 19:19:20.208166,174
D_STR03314,D_U0072,D0027,2026-02-14 08:46:39.953532,136
D_STR03315,D_U0030,D0038,2026-02-16 02:02:57.680046,89
D_STR03316,D_U0086,D0049,2026-02-24 16:46:09.531283,95
D_STR03317,D_U0069,D0041,2026-02-20 23:18:06.273064,105
D_STR03318,D_U0041,D0049,2026-02-07 04:45:03.728579,7
D_STR03319,D_U0014,D0022,2026-02-17 13:23:09.721672,9
D_STR03320,D_U0036,D0029,2026-02-15 17:11:17.551444,27
D_STR03321,D_U0011,D0034,2026-03-05 12:07:26.524835,103
D_STR03322,D_U0067,D0012,2026-02-22 22:09:09.471059,94
D_STR03323,D_U0037,D0035,2026-02-10 16:39:22.521695,168
D_STR03324,D_U0003,D0040,2026-02-19 21:27:44.839907,245
D_STR03325,D_U0041,D0018,2026-02-18 21:17:23.473964,48
D_STR03326,D_U0097,D0039,2026-02-06 10:56:17.142138,26
D_STR03327,D_U0026,D0042,2026-03-03 18:39:26.264299,300
D_STR03328,D_U0032,D0033,2026-02-21 09:09:31.689986,161
D_STR03329,D_U0091,D0041,2026-02-18 03:44:22.161005,173
D_STR03330,D_U0099,D0008,2026-02-25 02:42:22.252254,183
D_STR03331,D_U0043,D0045,2026-03-03 14:13:54.997802,219
D_STR03332,D_U0046,D0041,2026-02-21 05:59:28.356872,98
D_STR03333,D_U0027,D0021,2026-03-04 13:15:50.751882,107
D_STR03334,D_U0066,D0047,2026-02-08 18:21:45.745022,207
D_STR03335,D_U0015,D0018,2026-02-27 13:24:07.449068,139
D_STR03336,D_U0041,D0043,2026-03-02 19:59:23.003083,60
D_STR03337,D_U0055,D0011,2026-02-19 10:56:38.271950,47
D_STR03338,D_U0029,D0045,2026-03-05 04:21:02.493648,189
D_STR03339,D_U0063,D0037,2026-02-22 15:40:36.997400,79
D_STR03340,D_U0005,D0029,2026-02-22 01:28:30.402464,36
D_STR03341,D_U0072,D0039,2026-02-15 08:47:56.238612,195
D_STR03342,D_U0095,D0042,2026-03-02 01:11:54.184808,147
D_STR03343,D_U0091,D0048,2026-02-10 06:12:46.257905,104
D_STR03344,D_U0030,D0049,2026-02-20 10:12:34.349032,188
D_STR03345,D_U0060,D0044,2026-02-10 01:02:59.453120,234
D_STR03346,D_U0042,D0041,2026-02-24 08:40:58.788741,106
D_STR03347,D_U0055,D0049,2026-02-18 11:15:16.661912,145
D_STR03348,D_U0095,D0033,2026-02-17 17:51:11.306743,164
D_STR03349,D_U0001,D0022,2026-02-16 11:30:20.288856,37
D_STR03350,D_U0088,D0036,2026-02-24 09:35:19.901323,147
D_STR03351,D_U0048,D0015,2026-03-03 12:49:11.898534,25
D_STR03352,D_U0033,D0042,2026-03-05 22:46:49.538645,99
D_STR03353,D_U0014,D0050,2026-03-03 09:31:36.588798,34
D_STR03354,D_U0008,D0041,2026-02-28 18:00:57.864092,84
D_STR03355,D_U0032,D0046,2026-02-13 11:32:15.350400,163
D_STR03356,D_U0032,D0046,2026-03-04 17:34:01.380680,10
D_STR03357,D_U0033,D0045,2026-02-17 14:35:10.521308,66
D_STR03358,D_U0021,D0041,2026-02-22 09:46:20.959590,88
D_STR03359,D_U0016,D0039,2026-02-28 12:05:58.235193,77
D_STR03360,D_U0024,D0032,2026-02-28 23:03:40.789643,137
D_STR03361,D_U0031,D0034,2026-02-13 15:12:36.948455,35
D_STR03362,D_U0100,D0047,2026-02-04 15:35:40.669527,156
D_STR03363,D_U0072,D0033,2026-02-10 04:19:46.479805,136
D_STR03364,D_U0024,D0031,2026-02-07 23:49:24.580803,48
D_STR03365,D_U0012,D0045,2026-02-15 05:04:00.081474,208
D_STR03366,D_U0057,D0017,2026-03-01 08:17:36.300301,112
D_STR03367,D_U0072,D0043,2026-02-12 21:27:06.873854,33
D_STR03368,D_U0036,D0027,2026-02-18 15:42:18.338818,95
D_STR03369,D_U0083,D0019,2026-02-28 22:10:33.957637,91
D_STR03370,D_U0072,D0013,2026-02-09 06:06:26.783530,162
D_STR03371,D_U0033,D0019,2026-02-17 13:03:06.388610,41
D_STR03372,D_U0014,D0038,2026-02-06 00:31:06.116139,131
D_STR03373,D_U0096,D0047,2026-02-09 15:34:00.161722,98
D_STR03374,D_U0073,D0019,2026-02-17 01:28:45.769699,223
D_STR03375,D_U0062,D0031,2026-02-21 14:47:59.057519,72
D_STR03376,D_U0035,D0031,2026-02-14 14:19:58.558444,80
D_STR03377,D_U0059,D0010,2026-02-24 10:18:55.147427,102
D_STR03378,D_U0025,D0030,2026-02-20 23:38:52.299378,11
D_STR03379,D_U0073,D0035,2026-03-01 07:46:22.230568,93
D_STR03380,D_U0027,D0005,2026-02-11 17:01:56.058882,319
D_STR03381,D_U0094,D0006,2026-02-05 13:40:59.538372,237
D_STR03382,D_U0007,D0041,2026-02-12 03:00:26.177594,26
D_STR03383,D_U0032,D0027,2026-02-05 13:14:24.125969,39
D_STR03384,D_U0036,D0045,2026-02-17 11:10:42.960833,40
D_STR03385,D_U0038,D0033,2026-03-01 06:06:14.700336,45
D_STR03386,D_U0038,D0045,2026-02-27 05:46:36.561400,126
D_STR03387,D_U0083,D0039,2026-02-14 09:05:18.607080,33
D_STR03388,D_U0029,D0048,2026-02-28 10:51:02.736224,14
D_STR03389,D_U0034,D0050,2026-02-06 11:17:41.582050,278
D_STR03390,D_U0047,D0035,2026-03-01 19:25:09.768907,146
D_STR03391,D_U0058,D0039,2026-03-03 05:37:05.965374,313
D_STR03392,D_U0045,D0041,2026-02-10 22:43:06.691187,37
D_STR03393,D_U0003,D0023,2026-02-06 04:57:07.316450,59
D_STR03394,D_U0031,D0025,2026-02-27 02:24:38.925656,63
D_STR03395,D_U0007,D0047,2026-02-19 22:15:48.602843,230
D_STR03396,D_U0015,D0047,2026-02-09 15:03:52.591226,210
D_STR03397,D_U0072,D0034,2026-02-17 20:33:46.237613,193
D_STR03398,D_U0085,D0024,2026-02-14 09:50:47.282253,211
D_STR03399,D_U0054,D0034,2026-02-21 06:05:31.659966,142
D_STR03400,D_U0042,D0048,2026-02-21 22:21:44.513294,14
D_STR03401,D_U0002,D0045,2026-02-12 13:53:58.513490,160
D_STR03402,D_U0038,D0048,2026-02-16 04:16:00.367660,97
D_STR03403,D_U0031,D0049,2026-03-02 19:46:11.699153,6
D_STR03404,D_U0076,D0011,2026-02-09 17:02:16.944789,68
D_STR03405,D_U0036,D0030,2026-02-11 20:35:24.662704,21
D_STR03406,D_U0084,D0034,2026-02-25 18:01:18.170957,98
D_STR03407,D_U0012,D0012,2026-02-16 14:36:36.794807,204
D_STR03408,D_U0087,D0043,2026-02-21 07:11:53.383982,184
D_STR03409,D_U0002,D0050,2026-02-10 17:20:16.915077,324
D_STR03410,D_U0075,D0019,2026-02-27 17:34:12.372843,93
D_STR03411,D_U0096,D0021,2026-02-19 16:19:48.401777,118
D_STR03412,D_U0087,D0035,2026-02-23 08:00:01.823962,221
D_STR03413,D_U0007,D0030,2026-02-21 17:36:57.357734,23
D_STR03414,D_U0071,D0011,2026-02-09 10:08:19.233670,18
D_STR03415,D_U0022,D0040,2026-02-22 11:44:01.281286,127
D_STR03416,D_U0048,D0023,2026-02-26 12:36:35.205398,107
D_STR03417,D_U0084,D0012,2026-02-08 21:19:07.803487,217
D_STR03418,D_U0001,D0050,2026-02-22 17:44:59.764391,180
D_STR03419,D_U0026,D0040,2026-02-07 23:25:56.349626,244
D_STR03420,D_U0033,D0045,2026-03-01 00:26:26.855068,144
D_STR03421,D_U0036,D0034,2026-03-02 13:00:04.552213,68
D_STR03422,D_U0066,D0042,2026-03-05 15:06:48.281249,11
D_STR03423,D_U0097,D0048,2026-02-14 15:51:12.569224,119
D_STR03424,D_U0083,D0041,2026-02-04 21:09:40.555680,56
D_STR03425,D_U0076,D0037,2026-03-01 23:27:20.507347,347
D_STR03426,D_U0066,D0031,2026-03-05 10:46:54.436863,146
D_STR03427,D_U0024,D0044,2026-02-23 01:21:18.029378,315
D_STR03428,D_U0004,D0045,2026-02-09 05:43:21.145760,38
D_STR03429,D_U0035,D0043,2026-02-19 21:59:45.152221,151
D_STR03430,D_U0059,D0035,2026-03-04 21:50:34.035075,56
D_STR03431,D_U0007,D0050,2026-02-19 05:27:58.324739,334
D_STR03432,D_U0011,D0050,2026-02-16 14:25:25.707177,284
D_STR03433,D_U0083,D0034,2026-02-14 12:20:11.665049,57
D_STR03434,D_U0086,D0016,2026-02-06 06:35:30.602020,134
D_STR03435,D_U0074,D0025,2026-02-25 10:23:54.031921,106
D_STR03436,D_U0011,D0050,2026-02-18 03:26:58.679278,31
D_STR03437,D_U0053,D0048,2026-02-10 04:43:33.139581,32
D_STR03438,D_U0013,D0031,2026-02-08 14:04:54.494044,65
D_STR03439,D_U0047,D0031,2026-02-17 15:51:11.799921,155
D_STR03440,D_U0067,D0033,2026-03-05 06:28:50.082412,233
D_STR03441,D_U0064,D0038,2026-02-25 09:57:08.303862,48
D_STR03442,D_U0075,D0028,2026-02-28 04:01:33.879645,166
D_STR03443,D_U0073,D0028,2026-02-24 05:33:54.376745,27
D_STR03444,D_U0082,D0043,2026-02-08 20:17:54.099092,68
D_STR03445,D_U0035,D0045,2026-02-19 23:47:46.269410,78
D_STR03446,D_U0006,D0011,2026-02-14 05:58:29.262511,25
D_STR03447,D_U0092,D0042,2026-02-27 16:40:50.935461,279
D_STR03448,D_U0079,D0038,2026-02-05 05:59:54.316061,74
D_STR03449,D_U0088,D0027,2026-02-25 16:56:58.411916,111
D_STR03450,D_U0029,D0025,2026-02-12 00:03:49.515912,90
D_STR03451,D_U0064,D0037,2026-02-04 11:02:44.633600,113
D_STR03452,D_U0021,D0046,2026-02-16 10:22:32.595539,78
D_STR03453,D_U0069,D0050,2026-02-08 09:42:11.819264,65
D_STR03454,D_U0067,D0016,2026-02-06 13:35:02.725446,58
D_STR03455,D_U0070,D0050,2026-02-28 14:40:44.223900,114
D_STR03456,D_U0028,D0042,2026-02-22 04:05:29.322823,47
D_STR03457,D_U0016,D0038,2026-02-06 15:14:04.175506,32
D_STR03458,D_U0007,D0003,2026-02-10 19:45:36.858823,294
D_STR03459,D_U0039,D0021,2026-02-06 10:12:41.614167,186
D_STR03460,D_U0082,D0047,2026-02-18 22:47:51.224820,56
D_STR03461,D_U0009,D0050,2026-02-06 08:17:45.479007,6
D_STR03462,D_U0014,D0027,2026-02-27 21:29:45.636097,25
D_STR03463,D_U0055,D0008,2026-02-21 03:53:17.074106,64
D_STR03464,D_U0036,D0041,2026-02-20 19:20:23.566582,24
D_STR03465,D_U0004,D0050,2026-02-24 13:15:58.527064,218
D_STR03466,D_U0033,D0027,2026-02-11 12:03:21.912891,17
D_STR03467,D_U0094,D0049,2026-03-05 05:14:30.530865,137
D_STR03468,D_U0049,D0027,2026-02-11 21:50:55.225649,108
D_STR03469,D_U0002,D0032,2026-03-02 17:29:01.776305,221
D_STR03470,D_U0053,D0020,2026-02-11 02:11:01.951800,177
D_STR03471,D_U0049,D0022,2026-02-08 00:48:57.735280,52
D_STR03472,D_U0051,D0042,2026-02-20 12:09:14.456364,140
D_STR03473,D_U0038,D0026,2026-02-13 09:22:44.818578,108
D_STR03474,D_U0062,D0047,2026-02-11 08:23:50.119331,13
D_STR03475,D_U0077,D0036,2026-02-13 11:18:02.505692,106
D_STR03476,D_U0098,D0044,2026-02-22 01:11:26.324161,177
D_STR03477,D_U0010,D0048,2026-02-11 13:18:49.732444,103
D_STR03478,D_U0046,D0010,2026-02-23 20:26:08.455853,5
D_STR03479,D_U0100,D0047,2026-03-03 17:11:23.755615,165
D_STR03480,D_U0090,D0043,2026-02-11 01:09:17.804231,58
D_STR03481,D_U0088,D0028,2026-02-13 12:26:09.650404,247
D_STR03482,D_U0096,D0005,2026-02-18 09:39:48.119426,179
D_STR03483,D_U0081,D0050,2026-02-11 03:40:27.819968,64
D_STR03484,D_U0048,D0035,2026-02-08 04:50:07.162081,86
D_STR03485,D_U0034,D0017,2026-03-02 04:11:08.196206,229
D_STR03486,D_U0077,D0033,2026-02-11 18:45:43.933150,34
D_STR03487,D_U0091,D0033,2026-02-08 13:23:29.343044,207
D_STR03488,D_U0087,D0041,2026-02-23 13:22:49.450881,34
D_STR03489,D_U0087,D0043,2026-02-05 10:53:44.259712,128
D_STR03490,D_U0027,D0033,2026-02-17 23:25:00.984795,50
D_STR03491,D_U0045,D0043,2026-02-10 02:54:25.297366,106
D_STR03492,D_U0031,D0030,2026-02-05 06:58:44.545460,104
D_STR03493,D_U0079,D0049,2026-02-26 22:37:57.306963,157
D_STR03494,D_U0042,D0033,2026-02-13 05:28:18.358038,269
D_STR03495,D_U0042,D0027,2026-03-02 04:59:47.552038,128
D_STR03496,D_U0059,D0026,2026-02-13 02:00:24.181737,24
D_STR03497,D_U0081,D0041,2026-02-10 09:39:19.054024,9
D_STR03498,D_U0067,D0049,2026-02-08 02:45:31.311741,37
D_STR03499,D_U0052,D0041,2026-02-13 15:46:23.496641,144
D_STR03500,D_U0037,D0048,2026-02-17 15:10:14.751052,53
D_STR03501,D_U0067,D0039,2026-02-27 15:58:58.312009,266
D_STR03502,D_U0001,D0039,2026-02-14 00:04:34.927523,240
D_STR03503,D_U0088,D0018,2026-02-14 14:41:14.549447,70
D_STR03504,D_U0035,D0029,2026-02-20 02:46:49.989511,150
D_STR03505,D_U0061,D0041,2026-02-08 18:30:23.656690,22
D_STR03506,D_U0094,D0021,2026-02-06 17:43:20.286855,78
D_STR03507,D_U0020,D0022,2026-02-15 22:36:49.632726,11
D_STR03508,D_U0018,D0016,2026-02-22 10:36:39.394392,38
D_STR03509,D_U0058,D0022,2026-02-13 15:03:15.703237,162
D_STR03510,D_U0069,D0021,2026-02-14 05:59:08.079624,31
D_STR03511,D_U0047,D0040,2026-02-22 15:48:40.130891,74
D_STR03512,D_U0039,D0027,2026-02-17 22:12:23.617650,100
D_STR03513,D_U0009,D0025,2026-03-03 17:46:43.090866,42
D_STR03514,D_U0036,D0003,2026-03-01 03:35:38.681775,93
D_STR03515,D_U0079,D0015,2026-02-13 19:39:40.776533,86
D_STR03516,D_U0087,D0033,2026-03-05 11:16:18.151617,84
D_STR03517,D_U0041,D0026,2026-02-25 05:00:06.194310,101
D_STR03518,D_U0054,D0050,2026-02-10 20:19:01.369352,7
D_STR03519,D_U0011,D0043,2026-03-05 12:19:01.571119,111
D_STR03520,D_U0073,D0027,2026-02-08 15:31:19.082039,52
D_STR03521,D_U0004,D0025,2026-02-20 14:06:10.045074,133
D_STR03522,D_U0003,D0015,2026-02-12 17:56:05.724221,222
D_STR03523,D_U0033,D0021,2026-02-13 21:57:26.548618,141
D_STR03524,D_U0091,D0043,2026-02-05 19:40:28.064058,200
D_STR03525,D_U0065,D0038,2026-03-02 11:28:01.048779,85
D_STR03526,D_U0075,D0046,2026-02-26 21:52:47.533435,165
D_STR03527,D_U0040,D0009,2026-02-21 01:25:53.274796,23
D_STR03528,D_U0097,D0048,2026-02-23 00:59:03.973630,154
D_STR03529,D_U0076,D0046,2026-03-02 14:12:11.868105,234
D_STR03530,D_U0048,D0046,2026-02-16 00:03:31.348714,164
D_STR03531,D_U0084,D0035,2026-02-09 07:58:17.626889,273
D_STR03532,D_U0073,D0019,2026-03-02 11:18:22.428963,176
D_STR03533,D_U0081,D0038,2026-02-13 17:11:32.599436,121
D_STR03534,D_U0025,D0033,2026-03-03 09:26:09.044595,130
D_STR03535,D_U0080,D0031,2026-02-13 13:28:44.872138,36
D_STR03536,D_U0050,D0033,2026-02-10 20:16:41.699011,144
D_STR03537,D_U0048,D0022,2026-02-11 17:24:53.777763,140
D_STR03538,D_U0093,D0045,2026-03-05 01:54:08.919267,28
D_STR03539,D_U0054,D0031,2026-02-16 10:37:19.643098,39
D_STR03540,D_U0031,D0042,2026-02-04 15:26:23.711284,104
D_STR03541,D_U0094,D0042,2026-03-05 08:45:18.669026,75
D_STR03542,D_U0015,D0037,2026-03-05 18:57:40.261383,280
D_STR03543,D_U0057,D0045,2026-02-13 21:55:01.803962,46
D_STR03544,D_U0064,D0024,2026-02-09 06:58:33.731215,76
D_STR03545,D_U0039,D0028,2026-03-01 17:12:44.999822,226
D_STR03546,D_U0045,D0046,2026-03-04 09:12:09.729635,146
D_STR03547,D_U0095,D0009,2026-03-04 05:49:01.470435,77
D_STR03548,D_U0077,D0048,2026-02-21 22:22:59.514223,81
D_STR03549,D_U0016,D0049,2026-02-25 10:02:19.798891,142
D_STR03550,D_U0087,D0046,2026-02-06 15:36:44.288928,5
D_STR03551,D_U0097,D0026,2026-03-03 12:34:32.694760,97
D_STR03552,D_U0062,D0011,2026-02-15 12:00:19.928386,83
D_STR03553,D_U0100,D0044,2026-02-28 00:18:27.368746,42
D_STR03554,D_U0058,D0037,2026-03-05 23:08:23.669003,18
D_STR03555,D_U0062,D0041,2026-02-09 17:07:04.598188,139
D_STR03556,D_U0035,D0039,2026-02-14 14:38:35.562003,275
D_STR03557,D_U0019,D0040,2026-02-22 01:16:03.739468,9
D_STR03558,D_U0027,D0024,2026-02-06 16:02:08.351916,153
D_STR03559,D_U0058,D0021,2026-02-07 11:18:56.655282,46
D_STR03560,D_U0046,D0037,2026-03-03 17:00:32.446858,294
D_STR03561,D_U0070,D0039,2026-02-12 03:12:34.082424,190
D_STR03562,D_U0083,D0036,2026-02-27 02:26:32.411481,125
D_STR03563,D_U0093,D0045,2026-02-21 17:20:21.062619,150
D_STR03564,D_U0088,D0033,2026-03-02 17:07:40.596469,201
D_STR03565,D_U0023,D0047,2026-02-19 00:03:46.521673,228
D_STR03566,D_U0045,D0048,2026-03-01 06:21:48.593566,225
D_STR03567,D_U0050,D0033,2026-02-26 16:10:13.328023,127
D_STR03568,D_U0047,D0027,2026-02-21 22:22:10.196273,126
D_STR03569,D_U0030,D0021,2026-02-13 06:29:11.957485,73
D_STR03570,D_U0080,D0035,2026-02-04 17:22:58.749352,20
D_STR03571,D_U0067,D0018,2026-02-16 06:54:34.127495,11
D_STR03572,D_U0043,D0018,2026-02-21 20:10:36.378739,22
D_STR03573,D_U0008,D0045,2026-02-09 00:57:45.861410,175
D_STR03574,D_U0004,D0037,2026-02-17 12:51:41.863153,268
D_STR03575,D_U0076,D0044,2026-02-28 11:13:21.001347,184
D_STR03576,D_U0091,D0038,2026-02-13 00:30:59.993139,191
D_STR03577,D_U0012,D0034,2026-02-22 14:48:05.316986,172
D_STR03578,D_U0094,D0045,2026-02-23 11:37:20.796559,78
D_STR03579,D_U0097,D0044,2026-03-01 19:58:55.424778,97
D_STR03580,D_U0050,D0023,2026-02-25 13:14:21.827575,120
D_STR03581,D_U0066,D0026,2026-03-05 05:29:44.039419,96
D_STR03582,D_U0025,D0036,2026-02-10 13:05:13.454587,196
D_STR03583,D_U0093,D0024,2026-03-06 08:37:12.360663,269
D_STR03584,D_U0010,D0018,2026-02-06 15:01:56.276432,105
D_STR03585,D_U0090,D0026,2026-02-09 08:30:14.830255,14
D_STR03586,D_U0020,D0031,2026-03-01 12:49:09.246353,67
D_STR03587,D_U0046,D0037,2026-02-11 04:32:30.704512,281
D_STR03588,D_U0017,D0033,2026-02-17 07:37:39.424512,279
D_STR03589,D_U0100,D0011,2026-02-14 01:21:19.108946,216
D_STR03590,D_U0074,D0025,2026-02-17 18:24:30.310796,85
D_STR03591,D_U0062,D0041,2026-02-26 19:37:08.160663,68
D_STR03592,D_U0066,D0014,2026-02-26 05:51:31.876108,34
D_STR03593,D_U0045,D0046,2026-03-03 04:09:18.198520,94
D_STR03594,D_U0045,D0043,2026-02-12 05:39:02.697320,68
D_STR03595,D_U0057,D0038,2026-02-24 06:46:14.717383,39
D_STR03596,D_U0099,D0050,2026-02-09 16:58:54.162505,47
D_STR03597,D_U0085,D0043,2026-02-14 03:35:41.046507,201
D_STR03598,D_U0099,D0009,2026-02-05 14:22:39.704340,7
D_STR03599,D_U0022,D0036,2026-02-26 08:17:28.628517,201
D_STR03600,D_U0013,D0036,2026-03-02 21:47:13.469572,151
D_STR03601,D_U0046,D0021,2026-02-17 08:02:35.472613,153
D_STR03602,D_U0093,D0045,2026-02-07 04:01:47.146923,219
D_STR03603,D_U0071,D0047,2026-02-28 01:30:11.339917,7
D_STR03604,D_U0045,D0028,2026-02-24 07:22:44.520932,108
D_STR03605,D_U0055,D0027,2026-02-13 14:05:56.147420,110
D_STR03606,D_U0045,D0018,2026-02-18 17:07:52.727623,186
D_STR03607,D_U0092,D0040,2026-02-13 22:02:36.782492,244
D_STR03608,D_U0058,D0034,2026-02-08 06:52:44.520365,18
D_STR03609,D_U0032,D0008,2026-02-25 14:30:40.895454,76
D_STR03610,D_U0025,D0047,2026-03-04 10:05:15.074128,61
D_STR03611,D_U0028,D0037,2026-02-06 02:48:28.340449,339
D_STR03612,D_U0027,D0013,2026-02-27 23:53:06.274522,106
D_STR03613,D_U0088,D0046,2026-03-04 12:09:47.550683,238
D_STR03614,D_U0034,D0048,2026-02-23 08:54:26.436330,125
D_STR03615,D_U0004,D0023,2026-02-25 05:02:53.123501,96
D_STR03616,D_U0070,D0047,2026-03-01 13:39:21.980053,8
D_STR03617,D_U0021,D0047,2026-02-18 10:41:32.802525,185
D_STR03618,D_U0082,D0031,2026-03-06 00:07:56.787300,32
D_STR03619,D_U0028,D0044,2026-02-09 10:41:51.692727,174
D_STR03620,D_U0076,D0045,2026-02-05 14:02:16.440713,183
D_STR03621,D_U0010,D0036,2026-02-04 11:32:16.907928,165
D_STR03622,D_U0032,D0044,2026-03-05 17:35:54.759932,129
D_STR03623,D_U0091,D0018,2026-02-17 11:24:51.855079,125
D_STR03624,D_U0006,D0012,2026-02-17 05:29:32.118119,40
D_STR03625,D_U0061,D0048,2026-02-16 19:37:01.343503,143
D_STR03626,D_U0090,D0033,2026-02-14 23:01:59.985178,5
D_STR03627,D_U0046,D0013,2026-02-17 04:57:21.523196,197
D_STR03628,D_U0020,D0009,2026-02-10 19:02:24.317878,131
D_STR03629,D_U0037,D0038,2026-02-24 20:43:21.139759,88
D_STR03630,D_U0025,D0027,2026-02-20 06:30:24.749011,131
D_STR03631,D_U0040,D0004,2026-02-21 03:24:30.315120,102
D_STR03632,D_U0048,D0029,2026-02-18 21:34:08.471618,79
D_STR03633,D_U0091,D0038,2026-02-24 14:37:43.906925,190
D_STR03634,D_U0068,D0010,2026-02-26 01:48:20.296734,32
D_STR03635,D_U0081,D0044,2026-02-26 22:55:48.814389,248
D_STR03636,D_U0096,D0024,2026-02-06 07:35:23.888937,42
D_STR03637,D_U0023,D0029,2026-02-10 12:45:07.231293,162
D_STR03638,D_U0035,D0025,2026-02-14 06:21:43.932229,170
D_STR03639,D_U0028,D0033,2026-03-04 10:15:14.795826,142
D_STR03640,D_U0046,D0041,2026-02-19 10:29:19.610350,60
D_STR03641,D_U0099,D0037,2026-02-15 18:36:08.410705,50
D_STR03642,D_U0077,D0050,2026-02-09 23:18:02.591259,20
D_STR03643,D_U0095,D0041,2026-03-01 03:39:55.794465,136
D_STR03644,D_U0001,D0048,2026-02-13 03:08:28.699221,59
D_STR03645,D_U0018,D0037,2026-02-09 12:08:06.677804,252
D_STR03646,D_U0006,D0044,2026-02-28 20:53:55.467908,291
D_STR03647,D_U0080,D0038,2026-02-07 13:22:01.073689,66
D_STR03648,D_U0065,D0020,2026-02-10 23:07:41.494470,82
D_STR03649,D_U0021,D0029,2026-02-05 14:26:42.959734,90
D_STR03650,D_U0023,D0049,2026-02-09 07:30:10.072685,51
D_STR03651,D_U0088,D0040,2026-03-04 23:38:43.857813,104
D_STR03652,D_U0070,D0006,2026-02-22 06:57:56.608255,200
D_STR03653,D_U0072,D0012,2026-02-25 22:42:45.130921,220
D_STR03654,D_U0010,D0024,2026-02-09 02:30:25.802507,210
D_STR03655,D_U0014,D0050,2026-03-02 17:57:24.371423,7
D_STR03656,D_U0045,D0048,2026-02-24 03:25:38.375492,108
D_STR03657,D_U0023,D0013,2026-02-12 15:21:38.581910,74
D_STR03658,D_U0044,D0016,2026-02-04 12:42:50.297101,22
D_STR03659,D_U0031,D0047,2026-02-22 08:44:21.683799,109
D_STR03660,D_U0002,D0043,2026-03-05 16:19:43.977762,195
D_STR03661,D_U0063,D0044,2026-03-01 21:20:35.761493,78
D_STR03662,D_U0076,D0020,2026-02-15 07:55:50.558701,121
D_STR03663,D_U0057,D0034,2026-02-15 11:43:50.253047,37
D_STR03664,D_U0023,D0048,2026-03-04 18:28:58.953460,82
D_STR03665,D_U0030,D0036,2026-02-11 01:17:17.850014,165
D_STR03666,D_U0095,D0041,2026-02-12 06:17:42.507135,15
D_STR03667,D_U0079,D0018,2026-02-27 14:58:58.844298,161
D_STR03668,D_U0031,D0028,2026-03-01 20:00:34.594769,217
D_STR03669,D_U0014,D0024,2026-03-05 04:58:39.493416,51
D_STR03670,D_U0067,D0034,2026-02-11 00:47:15.494345,73
D_STR03671,D_U0091,D0027,2026-02-24 07:30:44.545989,16
D_STR03672,D_U0089,D0012,2026-02-17 20:43:30.601520,162
D_STR03673,D_U0053,D0046,2026-02-10 20:13:14.374671,167
D_STR03674,D_U0019,D0025,2026-02-09 02:54:09.456317,14
D_STR03675,D_U0055,D0015,2026-02-16 15:20:53.449746,120
D_STR03676,D_U0026,D0050,2026-03-04 06:19:17.780008,224
D_STR03677,D_U0069,D0032,2026-02-26 16:15:59.886870,22
D_STR03678,D_U0092,D0039,2026-03-03 03:34:41.222587,69
D_STR03679,D_U0090,D0033,2026-02-12 19:51:02.271852,68
D_STR03680,D_U0051,D0033,2026-03-05 15:50:11.710430,68
D_STR03681,D_U0025,D0050,2026-02-28 14:21:02.174325,246
D_STR03682,D_U0018,D0043,2026-02-27 10:25:06.690725,95
D_STR03683,D_U0002,D0009,2026-03-05 01:33:23.637280,98
D_STR03684,D_U0047,D0046,2026-02-26 14:25:55.430391,106
D_STR03685,D_U0004,D0019,2026-02-27 13:12:39.011997,181
D_STR03686,D_U0048,D0021,2026-02-11 08:55:36.715248,57
D_STR03687,D_U0071,D0031,2026-02-10 08:46:54.199481,133
D_STR03688,D_U0017,D0045,2026-02-18 04:26:04.839667,228
D_STR03689,D_U0018,D0034,2026-02-28 14:02:34.802861,194
D_STR03690,D_U0089,D0020,2026-02-11 12:06:44.618478,103
D_STR03691,D_U0017,D0007,2026-02-11 08:01:11.017920,46
D_STR03692,D_U0001,D0047,2026-02-07 08:50:31.068493,30
D_STR03693,D_U0092,D0035,2026-03-01 21:32:34.978442,187
D_STR03694,D_U0010,D0049,2026-02-16 22:34:07.745953,233
D_STR03695,D_U0094,D0043,2026-03-04 03:22:54.666975,81
D_STR03696,D_U0095,D0028,2026-02-08 00:38:04.593494,139
D_STR03697,D_U0003,D0049,2026-02-28 10:59:16.636047,179
D_STR03698,D_U0054,D0046,2026-02-08 05:00:12.169498,129
D_STR03699,D_U0048,D0048,2026-02-08 21:52:57.323985,213
D_STR03700,D_U0073,D0042,2026-02-26 01:38:57.446370,287
D_STR03701,D_U0044,D0021,2026-02-19 05:18:08.987254,107
D_STR03702,D_U0048,D0022,2026-03-04 19:48:49.446267,151
D_STR03703,D_U0055,D0044,2026-02-23 18:00:20.112141,40
D_STR03704,D_U0085,D0048,2026-02-28 05:06:40.114346,52
D_STR03705,D_U0069,D0049,2026-02-04 21:47:43.496197,227
D_STR03706,D_U0027,D0040,2026-02-24 14:53:12.900594,104
D_STR03707,D_U0041,D0035,2026-02-05 10:24:47.658628,96
D_STR03708,D_U0040,D0049,2026-02-18 04:32:04.278309,89
D_STR03709,D_U0004,D0023,2026-02-08 04:31:42.266077,80
D_STR03710,D_U0029,D0043,2026-03-04 05:49:56.235923,176
D_STR03711,D_U0071,D0033,2026-03-04 16:36:08.624586,261
D_STR03712,D_U0024,D0037,2026-03-05 22:43:04.139074,64
D_STR03713,D_U0028,D0049,2026-02-13 20:35:24.581269,185
D_STR03714,D_U0049,D0008,2026-02-19 18:20:29.675773,32
D_STR03715,D_U0090,D0034,2026-02-04 21:27:38.040840,130
D_STR03716,D_U0039,D0024,2026-02-16 10:45:31.807810,81
D_STR03717,D_U0026,D0039,2026-02-07 17:27:41.316227,110
D_STR03718,D_U0016,D0048,2026-02-10 14:55:53.393181,116
D_STR03719,D_U0073,D0039,2026-02-13 13:18:27.659089,63
D_STR03720,D_U0068,D0032,2026-02-12 07:10:34.369097,93
D_STR03721,D_U0079,D0045,2026-02-04 10:45:19.541008,123
D_STR03722,D_U0040,D0027,2026-02-24 22:23:33.330839,79
D_STR03723,D_U0072,D0048,2026-02-07 11:30:35.302957,209
D_STR03724,D_U0009,D0023,2026-02-28 20:43:55.719707,54
D_STR03725,D_U0078,D0023,2026-02-13 21:39:46.583699,101
D_STR03726,D_U0024,D0031,2026-03-01 04:09:36.170024,105
D_STR03727,D_U0086,D0021,2026-02-24 09:07:15.006814,201
D_STR03728,D_U0078,D0037,2026-02-17 09:22:06.964649,345
D_STR03729,D_U0058,D0042,2026-03-02 05:05:11.503809,208
D_STR03730,D_U0055,D0023,2026-02-24 17:51:37.972377,121
D_STR03731,D_U0092,D0017,2026-02-14 06:49:25.113102,198
D_STR03732,D_U0099,D0035,2026-02-09 20:02:53.226787,59
D_STR03733,D_U0012,D0030,2026-03-02 20:04:17.452533,126
D_STR03734,D_U0003,D0026,2026-02-08 18:49:00.064027,56
D_STR03735,D_U0040,D0024,2026-02-10 02:05:07.043785,255
D_STR03736,D_U0024,D0045,2026-03-01 13:32:13.017074,144
D_STR03737,D_U0015,D0047,2026-02-05 02:02:52.514002,164
D_STR03738,D_U0095,D0044,2026-02-15 11:37:10.681980,134
D_STR03739,D_U0013,D0030,2026-02-18 21:51:04.805377,104
D_STR03740,D_U0004,D0015,2026-02-06 20:48:36.292117,337
D_STR03741,D_U0022,D0016,2026-02-26 09:16:04.326221,111
D_STR03742,D_U0077,D0035,2026-03-06 02:02:07.251602,302
D_STR03743,D_U0066,D0045,2026-02-16 15:44:49.618068,79
D_STR03744,D_U0049,D0025,2026-02-19 13:15:50.891372,127
D_STR03745,D_U0075,D0042,2026-02-18 03:12:56.486433,330
D_STR03746,D_U0011,D0029,2026-02-23 08:16:43.844379,147
D_STR03747,D_U0001,D0048,2026-02-25 09:41:23.170340,5
D_STR03748,D_U0067,D0037,2026-02-08 21:53:02.347197,160
D_STR03749,D_U0061,D0011,2026-02-19 04:02:10.186898,123
D_STR03750,D_U0053,D0038,2026-02-09 17:42:43.082086,103
D_STR03751,D_U0058,D0049,2026-02-28 08:38:40.617645,201
D_STR03752,D_U0058,D0001,2026-02-26 11:44:20.580195,68
D_STR03753,D_U0076,D0039,2026-02-14 04:25:03.615899,242
D_STR03754,D_U0088,D0048,2026-02-18 14:02:32.300062,87
D_STR03755,D_U0099,D0046,2026-02-10 03:16:21.937228,102
D_STR03756,D_U0081,D0049,2026-02-26 12:59:09.658376,124
D_STR03757,D_U0007,D0037,2026-02-15 19:23:27.490466,37
D_STR03758,D_U0081,D0047,2026-02-08 07:51:23.086038,95
D_STR03759,D_U0029,D0036,2026-02-09 12:53:30.462474,106
D_STR03760,D_U0085,D0039,2026-02-22 22:07:37.991713,10
D_STR03761,D_U0042,D0042,2026-02-08 20:55:54.370442,30
D_STR03762,D_U0039,D0034,2026-02-08 03:59:10.130081,150
D_STR03763,D_U0047,D0020,2026-02-16 10:20:09.818001,236
D_STR03764,D_U0100,D0042,2026-02-21 17:06:35.185070,172
D_STR03765,D_U0088,D0023,2026-02-10 09:40:33.505100,97
D_STR03766,D_U0011,D0022,2026-03-02 13:15:44.371789,107
D_STR03767,D_U0080,D0041,2026-02-28 00:02:37.450402,44
D_STR03768,D_U0053,D0043,2026-03-05 23:31:20.357759,145
D_STR03769,D_U0029,D0047,2026-02-16 21:35:39.537162,71
D_STR03770,D_U0049,D0031,2026-03-05 16:37:36.853124,69
D_STR03771,D_U0090,D0038,2026-03-03 12:51:18.428092,28
D_STR03772,D_U0083,D0037,2026-02-07 06:19:49.050651,107
D_STR03773,D_U0025,D0033,2026-03-03 19:57:59.754125,58
D_STR03774,D_U0076,D0027,2026-02-26 17:05:11.442609,40
D_STR03775,D_U0052,D0040,2026-02-04 14:13:14.810361,304
D_STR03776,D_U0053,D0049,2026-02-25 01:22:15.487577,205
D_STR03777,D_U0099,D0045,2026-02-10 00:04:05.580025,39
D_STR03778,D_U0032,D0033,2026-02-16 20:59:02.209555,241
D_STR03779,D_U0075,D0037,2026-02-26 16:01:52.213087,39
D_STR03780,D_U0032,D0042,2026-02-07 23:07:53.567128,275
D_STR03781,D_U0024,D0023,2026-02-11 19:02:25.451597,16
D_STR03782,D_U0029,D0026,2026-02-06 11:35:22.803466,95
D_STR03783,D_U0017,D0049,2026-02-18 16:30:27.222009,181
D_STR03784,D_U0036,D0048,2026-02-10 04:17:53.500381,17
D_STR03785,D_U0002,D0036,2026-03-01 18:55:35.594475,138
D_STR03786,D_U0091,D0014,2026-02-10 08:44:12.342161,118
D_STR03787,D_U0063,D0045,2026-03-04 16:19:12.762605,138
D_STR03788,D_U0090,D0040,2026-02-18 08:27:41.256445,234
D_STR03789,D_U0009,D0044,2026-03-02 22:10:52.463040,277
D_STR03790,D_U0084,D0012,2026-02-10 13:57:47.021530,281
D_STR03791,D_U0095,D0017,2026-02-28 09:07:30.926986,58
D_STR03792,D_U0012,D0025,2026-02-06 07:56:56.558579,92
D_STR03793,D_U0031,D0044,2026-02-06 00:28:16.923950,120
D_STR03794,D_U0011,D0038,2026-02-13 11:08:18.141709,15
D_STR03795,D_U0026,D0018,2026-02-18 06:25:49.607293,56
D_STR03796,D_U0041,D0019,2026-02-17 08:48:55.062126,81
D_STR03797,D_U0069,D0047,2026-03-03 02:27:55.107496,190
D_STR03798,D_U0044,D0031,2026-02-09 11:41:40.286653,101
D_STR03799,D_U0003,D0040,2026-02-11 04:52:20.424442,149
D_STR03800,D_U0042,D0037,2026-02-24 19:37:46.422891,312
D_STR03801,D_U0095,D0036,2026-02-22 18:27:21.937177,42
D_STR03802,D_U0003,D0022,2026-02-12 18:47:38.771119,26
D_STR03803,D_U0021,D0038,2026-02-20 17:08:48.672399,98
D_STR03804,D_U0007,D0048,2026-02-25 10:07:37.308393,127
D_STR03805,D_U0079,D0047,2026-02-12 20:56:42.208870,88
D_STR03806,D_U0026,D0035,2026-02-06 23:42:09.031066,107
D_STR03807,D_U0011,D0016,2026-02-11 16:23:45.688344,69
D_STR03808,D_U0068,D0045,2026-02-04 16:40:53.248916,216
D_STR03809,D_U0031,D0043,2026-02-21 17:54:55.241653,108
D_STR03810,D_U0042,D0023,2026-03-03 13:15:01.408816,14
D_STR03811,D_U0086,D0043,2026-03-05 15:54:06.309283,31
D_STR03812,D_U0027,D0048,2026-02-27 13:20:34.627344,116
D_STR03813,D_U0061,D0026,2026-02-13 21:53:47.064489,9
D_STR03814,D_U0012,D0012,2026-02-18 11:31:04.532685,56
D_STR03815,D_U0077,D0021,2026-02-23 13:26:27.675834,123
D_STR03816,D_U0077,D0012,2026-02-13 02:49:50.470617,48
D_STR03817,D_U0036,D0031,2026-03-03 22:03:47.977214,59
D_STR03818,D_U0049,D0033,2026-02-05 16:03:42.808518,61
D_STR03819,D_U0099,D0038,2026-02-25 13:43:17.790626,182
D_STR03820,D_U0024,D0022,2026-02-08 16:01:21.014935,108
D_STR03821,D_U0073,D0048,2026-02-08 14:18:20.420202,151
D_STR03822,D_U0069,D0037,2026-02-05 00:43:22.431791,6
D_STR03823,D_U0085,D0016,2026-03-01 22:05:52.119808,97
D_STR03824,D_U0072,D0014,2026-02-25 03:46:10.593093,68
D_STR03825,D_U0001,D0007,2026-03-03 19:49:25.389106,263
D_STR03826,D_U0050,D0020,2026-03-05 19:18:41.571599,178
D_STR03827,D_U0029,D0024,2026-02-06 20:35:11.219351,200
D_STR03828,D_U0080,D0042,2026-02-26 18:45:52.819374,342
D_STR03829,D_U0079,D0034,2026-02-14 20:20:25.742683,119
D_STR03830,D_U0066,D0037,2026-03-03 20:58:14.083050,74
D_STR03831,D_U0095,D0031,2026-02-06 22:50:40.929835,33
D_STR03832,D_U0050,D0028,2026-02-05 10:23:03.991098,14
D_STR03833,D_U0022,D0048,2026-02-13 04:09:36.678594,195
D_STR03834,D_U0047,D0018,2026-03-04 04:02:27.932781,39
D_STR03835,D_U0068,D0039,2026-03-04 11:41:46.476050,40
D_STR03836,D_U0051,D0033,2026-03-05 22:18:04.853030,80
D_STR03837,D_U0015,D0045,2026-03-04 16:41:52.850908,89
D_STR03838,D_U0079,D0050,2026-03-04 16:23:59.354030,230
D_STR03839,D_U0043,D0040,2026-02-05 19:02:39.799280,305
D_STR03840,D_U0047,D0050,2026-02-08 22:39:12.343543,8
D_STR03841,D_U0056,D0036,2026-02-21 10:37:10.080092,88
D_STR03842,D_U0056,D0050,2026-02-21 20:10:35.394805,275
D_STR03843,D_U0071,D0049,2026-02-13 03:46:40.674625,234
D_STR03844,D_U0097,D0036,2026-02-27 13:52:27.585426,123
D_STR03845,D_U0082,D0045,2026-02-04 10:27:56.592443,177
D_STR03846,D_U0005,D0029,2026-02-13 18:27:53.218480,48
D_STR03847,D_U0072,D0045,2026-02-20 06:34:22.178347,152
D_STR03848,D_U0056,D0049,2026-02-16 13:10:46.159484,157
D_STR03849,D_U0094,D0047,2026-02-05 15:10:26.440006,176
D_STR03850,D_U0020,D0040,2026-02-12 16:35:18.522656,204
D_STR03851,D_U0087,D0027,2026-02-07 17:12:02.166344,14
D_STR03852,D_U0096,D0031,2026-02-16 20:22:53.659945,160
D_STR03853,D_U0028,D0028,2026-02-17 05:40:29.254802,216
D_STR03854,D_U0087,D0046,2026-03-01 21:00:45.457896,10
D_STR03855,D_U0015,D0036,2026-02-19 01:06:59.818921,131
D_STR03856,D_U0059,D0042,2026-02-16 11:26:19.812705,225
D_STR03857,D_U0081,D0048,2026-02-16 09:59:26.217294,173
D_STR03858,D_U0013,D0036,2026-02-18 14:53:34.245218,99
D_STR03859,D_U0083,D0034,2026-02-26 08:02:22.100237,133
D_STR03860,D_U0035,D0046,2026-02-26 09:45:51.432933,186
D_STR03861,D_U0025,D0006,2026-02-08 23:43:41.155151,257
D_STR03862,D_U0093,D0019,2026-02-23 13:17:13.614211,53
D_STR03863,D_U0001,D0046,2026-02-28 11:48:30.643578,211
D_STR03864,D_U0090,D0032,2026-02-21 01:17:15.469612,204
D_STR03865,D_U0073,D0045,2026-02-08 12:38:43.658490,219
D_STR03866,D_U0073,D0046,2026-02-09 10:33:52.427926,7
D_STR03867,D_U0047,D0014,2026-02-21 00:02:28.093920,165
D_STR03868,D_U0031,D0004,2026-02-22 12:29:00.031466,144
D_STR03869,D_U0073,D0035,2026-02-07 19:52:44.857441,211
D_STR03870,D_U0066,D0028,2026-02-22 10:04:27.003985,177
D_STR03871,D_U0007,D0014,2026-02-18 18:38:16.358797,53
D_STR03872,D_U0036,D0049,2026-02-04 19:10:37.906307,70
D_STR03873,D_U0094,D0048,2026-02-08 07:02:16.989976,20
D_STR03874,D_U0100,D0005,2026-02-24 22:56:24.479041,42
D_STR03875,D_U0023,D0043,2026-03-03 21:49:21.881300,183
D_STR03876,D_U0022,D0048,2026-03-01 05:54:17.280570,107
D_STR03877,D_U0085,D0042,2026-02-10 20:57:43.052036,264
D_STR03878,D_U0095,D0015,2026-03-04 03:00:39.194311,94
D_STR03879,D_U0015,D0017,2026-02-17 13:02:04.382168,203
D_STR03880,D_U0041,D0033,2026-02-15 07:14:33.037806,202
D_STR03881,D_U0046,D0047,2026-02-07 11:22:54.269742,96
D_STR03882,D_U0078,D0049,2026-02-19 15:28:00.106037,223
D_STR03883,D_U0054,D0039,2026-02-19 05:38:37.465873,275
D_STR03884,D_U0094,D0029,2026-02-27 08:47:08.836599,117
D_STR03885,D_U0073,D0032,2026-02-10 16:33:23.160187,196
D_STR03886,D_U0063,D0016,2026-02-11 14:41:28.544171,49
D_STR03887,D_U0069,D0012,2026-02-20 19:49:52.154697,152
D_STR03888,D_U0029,D0019,2026-03-04 06:49:15.870785,181
D_STR03889,D_U0004,D0025,2026-02-06 03:06:38.302665,80
D_STR03890,D_U0010,D0024,2026-02-13 05:34:24.652409,142
D_STR03891,D_U0012,D0043,2026-02-08 14:25:16.948887,48
D_STR03892,D_U0031,D0041,2026-02-27 15:12:42.163812,139
D_STR03893,D_U0047,D0045,2026-02-27 07:22:21.892019,73
D_STR03894,D_U0083,D0025,2026-02-19 00:19:04.106793,13
D_STR03895,D_U0051,D0036,2026-02-12 23:33:02.969941,58
D_STR03896,D_U0010,D0048,2026-02-17 11:12:16.101095,81
D_STR03897,D_U0044,D0018,2026-02-16 06:19:00.138520,153
D_STR03898,D_U0076,D0038,2026-02-17 17:12:06.269530,80
D_STR03899,D_U0087,D0039,2026-02-25 02:47:31.260587,6
D_STR03900,D_U0016,D0044,2026-02-21 23:51:08.938133,178
D_STR03901,D_U0079,D0034,2026-03-05 01:48:11.274421,133
D_STR03902,D_U0007,D0018,2026-03-05 02:03:26.946389,85
D_STR03903,D_U0025,D0050,2026-02-14 22:41:01.593277,25
D_STR03904,D_U0019,D0015,2026-02-09 15:09:31.825231,149
D_STR03905,D_U0089,D0047,2026-02-08 03:27:24.962997,16
D_STR03906,D_U0010,D0017,2026-02-25 06:58:21.707625,188
D_STR03907,D_U0092,D0039,2026-03-01 01:12:57.986222,253
D_STR03908,D_U0016,D0039,2026-02-10 15:13:54.939211,307
D_STR03909,D_U0060,D0031,2026-02-23 00:19:31.343469,51
D_STR03910,D_U0089,D0044,2026-02-18 19:47:04.374970,253
D_STR03911,D_U0055,D0043,2026-02-25 14:15:23.688578,170
D_STR03912,D_U0078,D0015,2026-03-05 13:42:04.324637,185
D_STR03913,D_U0020,D0048,2026-03-02 16:46:25.524614,132
D_STR03914,D_U0033,D0045,2026-03-04 20:29:13.719515,33
D_STR03915,D_U0014,D0049,2026-02-26 06:33:18.345786,75
D_STR03916,D_U0080,D0048,2026-02-13 01:38:35.993292,191
D_STR03917,D_U0009,D0042,2026-02-19 06:18:44.989932,272
D_STR03918,D_U0045,D0039,2026-02-19 19:30:54.753802,262
D_STR03919,D_U0014,D0039,2026-03-06 05:26:22.619832,134
D_STR03920,D_U0001,D0019,2026-02-26 21:25:19.898951,168
D_STR03921,D_U0040,D0038,2026-03-02 16:46:36.476431,132
D_STR03922,D_U0063,D0042,2026-02-05 01:26:09.397485,70
D_STR03923,D_U0095,D0048,2026-02-17 17:55:48.351291,151
D_STR03924,D_U0074,D0031,2026-02-21 14:57:43.733415,30
D_STR03925,D_U0010,D0036,2026-02-07 06:46:38.372621,37
D_STR03926,D_U0061,D0033,2026-03-05 17:56:16.683566,135
D_STR03927,D_U0032,D0043,2026-03-04 16:17:20.484981,85
D_STR03928,D_U0039,D0047,2026-02-05 09:40:04.486976,65
D_STR03929,D_U0051,D0043,2026-02-27 11:34:06.417179,195
D_STR03930,D_U0068,D0026,2026-02-28 07:17:40.727623,109
D_STR03931,D_U0026,D0024,2026-02-17 05:39:33.270426,33
D_STR03932,D_U0044,D0044,2026-02-23 02:39:27.129616,118
D_STR03933,D_U0052,D0023,2026-02-08 06:06:46.833337,111
D_STR03934,D_U0069,D0036,2026-02-18 07:34:26.044610,36
D_STR03935,D_U0010,D0048,2026-02-08 15:51:11.856183,25
D_STR03936,D_U0046,D0050,2026-02-22 16:37:12.241285,180
D_STR03937,D_U0093,D0022,2026-02-22 01:17:59.182060,41
D_STR03938,D_U0005,D0031,2026-02-19 03:19:45.740554,160
D_STR03939,D_U0080,D0050,2026-02-05 13:08:15.616478,94
D_STR03940,D_U0095,D0042,2026-02-19 13:25:37.071814,126
D_STR03941,D_U0020,D0034,2026-02-04 12:43:08.039486,175
D_STR03942,D_U0033,D0048,2026-03-02 16:08:32.363439,198
D_STR03943,D_U0060,D0030,2026-02-24 23:34:16.071228,110
D_STR03944,D_U0070,D0050,2026-02-23 08:13:02.368503,184
D_STR03945,D_U0035,D0045,2026-02-18 16:25:23.027014,155
D_STR03946,D_U0023,D0027,2026-02-26 16:00:13.411876,110
D_STR03947,D_U0057,D0044,2026-02-24 22:26:19.704884,173
D_STR03948,D_U0054,D0005,2026-02-09 18:25:53.449320,199
D_STR03949,D_U0052,D0049,2026-02-13 07:21:25.156708,151
D_STR03950,D_U0087,D0049,2026-02-15 02:12:19.271990,239
D_STR03951,D_U0079,D0030,2026-02-07 00:21:21.885999,103
D_STR03952,D_U0059,D0044,2026-02-09 00:30:59.152488,161
D_STR03953,D_U0071,D0045,2026-02-20 20:57:06.525951,65
D_STR03954,D_U0053,D0034,2026-02-14 02:11:50.339259,36
D_STR03955,D_U0072,D0010,2026-02-21 09:57:05.422831,26
D_STR03956,D_U0041,D0039,2026-03-01 02:47:44.769863,54
D_STR03957,D_U0044,D0050,2026-02-10 16:00:05.464385,153
D_STR03958,D_U0097,D0013,2026-03-03 05:52:33.065034,135
D_STR03959,D_U0018,D0046,2026-03-01 20:25:24.740319,21
D_STR03960,D_U0035,D0038,2026-03-05 05:22:22.326463,158
D_STR03961,D_U0034,D0049,2026-03-02 06:54:17.676923,156
D_STR03962,D_U0099,D0015,2026-02-08 18:47:21.259946,215
D_STR03963,D_U0004,D0025,2026-03-04 14:43:11.817354,142
D_STR03964,D_U0085,D0044,2026-03-01 00:10:48.740487,246
D_STR03965,D_U0074,D0017,2026-02-24 16:27:54.978345,214
D_STR03966,D_U0065,D0048,2026-02-16 04:11:54.898555,189
D_STR03967,D_U0004,D0029,2026-03-04 03:40:09.392265,148
D_STR03968,D_U0011,D0044,2026-02-20 09:35:07.514170,286
D_STR03969,D_U0032,D0049,2026-02-20 22:49:54.468992,44
D_STR03970,D_U0004,D0049,2026-02-14 04:04:49.560356,186
D_STR03971,D_U0011,D0016,2026-02-16 06:20:00.207075,50
D_STR03972,D_U0028,D0031,2026-03-02 11:39:34.600644,23
D_STR03973,D_U0034,D0021,2026-02-16 06:59:32.915126,46
D_STR03974,D_U0093,D0039,2026-02-18 17:38:45.470734,7
D_STR03975,D_U0069,D0031,2026-02-19 22:19:40.643981,40
D_STR03976,D_U0098,D0023,2026-02-17 03:02:29.035822,78
D_STR03977,D_U0007,D0048,2026-02-07 02:59:53.699714,160
D_STR03978,D_U0009,D0046,2026-02-14 02:46:21.955126,24
D_STR03979,D_U0062,D0026,2026-02-28 02:48:53.774495,59
D_STR03980,D_U0013,D0025,2026-02-10 00:35:36.376641,24
D_STR03981,D_U0083,D0022,2026-02-13 00:25:07.799805,135
D_STR03982,D_U0023,D0030,2026-02-25 18:43:44.951693,30
D_STR03983,D_U0024,D0039,2026-02-12 10:31:15.297841,305
D_STR03984,D_U0057,D0029,2026-02-27 13:40:04.829015,157
D_STR03985,D_U0038,D0046,2026-02-23 23:03:25.292493,41
D_STR03986,D_U0086,D0012,2026-02-21 14:41:03.979722,255
D_STR03987,D_U0099,D0022,2026-02-06 21:14:47.629579,79
D_STR03988,D_U0070,D0029,2026-02-06 18:55:48.605945,109
D_STR03989,D_U0075,D0024,2026-02-12 19:04:58.779817,262
D_STR03990,D_U0067,D0050,2026-02-17 20:22:27.345756,330
D_STR03991,D_U0038,D0033,2026-03-03 13:32:35.587463,73
D_STR03992,D_U0077,D0039,2026-03-01 06:53:49.278759,109
D_STR03993,D_U0001,D0034,2026-02-14 22:56:32.002641,133
D_STR03994,D_U0091,D0045,2026-02-17 21:04:18.079854,162
D_STR03995,D_U0056,D0043,2026-02-16 22:38:10.100287,85
D_STR03996,D_U0100,D0045,2026-03-04 20:22:05.726792,115
D_STR03997,D_U0058,D0047,2026-02-14 23:54:55.251710,143
D_STR03998,D_U0066,D0016,2026-02-19 10:07:09.638306,106
D_STR03999,D_U0070,D0050,2026-02-13 11:14:37.995559,133
D_STR04000,D_U0034,D0049,2026-02-27 15:29:41.597247,167
D_STR04001,D_U0044,D0042,2026-02-09 21:27:53.239310,32
D_STR04002,D_U0034,D0032,2026-02-04 14:18:11.881367,16
D_STR04003,D_U0057,D0047,2026-02-27 04:59:06.300236,108
D_STR04004,D_U0065,D0040,2026-02-27 10:48:20.368097,118
D_STR04005,D_U0095,D0049,2026-03-05 13:06:53.769327,204
D_STR04006,D_U0020,D0016,2026-02-11 20:01:28.582360,108
D_STR04007,D_U0054,D0030,2026-02-08 18:45:21.370472,92
D_STR04008,D_U0082,D0040,2026-02-12 08:52:35.175627,63
D_STR04009,D_U0052,D0024,2026-02-15 05:42:54.577808,290
D_STR04010,D_U0001,D0050,2026-03-04 20:55:56.443754,151
D_STR04011,D_U0026,D0018,2026-02-24 10:25:32.314203,46
D_STR04012,D_U0097,D0037,2026-02-06 20:12:34.786163,312
D_STR04013,D_U0084,D0047,2026-03-01 10:51:45.409792,164
D_STR04014,D_U0093,D0020,2026-03-06 02:12:54.688849,261
D_STR04015,D_U0061,D0009,2026-02-15 18:24:31.002001,88
D_STR04016,D_U0064,D0026,2026-02-19 22:31:45.462533,85
D_STR04017,D_U0065,D0025,2026-02-24 08:06:07.915777,106
D_STR04018,D_U0073,D0019,2026-02-15 03:15:10.799577,171
D_STR04019,D_U0010,D0039,2026-02-10 08:02:21.612593,137
D_STR04020,D_U0018,D0018,2026-03-02 12:14:24.326801,100
D_STR04021,D_U0033,D0012,2026-02-09 19:37:40.301609,261
D_STR04022,D_U0077,D0027,2026-02-23 06:20:17.481762,97
D_STR04023,D_U0085,D0032,2026-02-06 03:07:07.884993,85
D_STR04024,D_U0023,D0045,2026-02-28 14:52:13.597619,211
D_STR04025,D_U0007,D0030,2026-02-06 22:32:32.450794,55
D_STR04026,D_U0016,D0013,2026-02-14 15:02:56.719609,181
D_STR04027,D_U0044,D0040,2026-03-05 03:01:07.519916,120
D_STR04028,D_U0029,D0016,2026-02-17 13:53:32.833146,123
D_STR04029,D_U0074,D0040,2026-02-06 23:47:47.761128,91
D_STR04030,D_U0003,D0017,2026-03-05 16:34:08.124511,58
D_STR04031,D_U0082,D0030,2026-02-26 23:46:32.925433,35
D_STR04032,D_U0082,D0014,2026-02-23 04:22:28.063774,293
D_STR04033,D_U0097,D0050,2026-02-16 20:28:23.530518,162
D_STR04034,D_U0082,D0012,2026-02-10 07:08:12.751629,113
D_STR04035,D_U0072,D0017,2026-02-22 07:20:21.966913,62
D_STR04036,D_U0058,D0049,2026-02-23 08:34:12.463665,95
D_STR04037,D_U0056,D0011,2026-03-04 19:42:21.516548,84
D_STR04038,D_U0009,D0049,2026-02-19 10:02:39.189153,35
D_STR04039,D_U0006,D0039,2026-02-11 03:34:26.105978,240
D_STR04040,D_U0012,D0046,2026-03-04 02:12:07.369916,142
D_STR04041,D_U0081,D0025,2026-03-03 16:14:23.763767,38
D_STR04042,D_U0008,D0038,2026-02-20 11:04:11.037567,97
D_STR04043,D_U0094,D0023,2026-02-18 20:25:06.465966,46
D_STR04044,D_U0027,D0031,2026-03-05 05:15:28.815674,114
D_STR04045,D_U0096,D0032,2026-03-01 15:33:16.589659,106
D_STR04046,D_U0042,D0032,2026-02-11 18:42:09.667586,82
D_STR04047,D_U0066,D0031,2026-02-13 19:28:04.035888,144
D_STR04048,D_U0043,D0024,2026-02-22 02:27:46.599920,184
D_STR04049,D_U0076,D0016,2026-02-11 06:28:46.735896,47
D_STR04050,D_U0023,D0029,2026-02-08 13:44:12.624670,69
D_STR04051,D_U0003,D0018,2026-02-16 04:25:06.049741,119
D_STR04052,D_U0005,D0036,2026-02-25 21:21:10.132768,188
D_STR04053,D_U0044,D0039,2026-03-04 11:31:31.887637,137
D_STR04054,D_U0068,D0049,2026-03-06 06:26:32.033137,17
D_STR04055,D_U0044,D0030,2026-02-23 09:30:42.616664,67
D_STR04056,D_U0008,D0022,2026-03-04 05:58:19.764798,160
D_STR04057,D_U0074,D0040,2026-02-20 02:40:53.092497,321
D_STR04058,D_U0079,D0034,2026-02-24 01:00:37.557853,110
D_STR04059,D_U0068,D0011,2026-02-26 08:30:24.584805,134
D_STR04060,D_U0056,D0034,2026-02-28 20:39:12.087598,167
D_STR04061,D_U0094,D0045,2026-02-10 22:03:08.451756,16
D_STR04062,D_U0064,D0017,2026-02-24 23:27:46.755426,138
D_STR04063,D_U0049,D0046,2026-02-17 18:49:20.220982,229
D_STR04064,D_U0006,D0026,2026-02-23 15:43:52.792127,126
D_STR04065,D_U0098,D0040,2026-02-05 22:40:16.207834,20
D_STR04066,D_U0017,D0045,2026-02-09 23:48:18.541791,136
D_STR04067,D_U0078,D0029,2026-02-06 11:27:45.560933,20
D_STR04068,D_U0004,D0034,2026-02-11 06:27:46.105047,188
D_STR04069,D_U0006,D0049,2026-03-02 21:50:05.089110,222
D_STR04070,D_U0072,D0036,2026-02-24 15:06:59.122578,40
D_STR04071,D_U0006,D0038,2026-02-26 19:24:47.711908,147
D_STR04072,D_U0039,D0008,2026-02-09 18:00:11.102854,206
D_STR04073,D_U0089,D0049,2026-02-06 22:56:28.340486,93
D_STR04074,D_U0071,D0033,2026-02-07 02:57:35.360441,143
D_STR04075,D_U0002,D0044,2026-03-03 03:12:09.071882,189
D_STR04076,D_U0067,D0049,2026-02-12 05:46:24.558758,65
D_STR04077,D_U0012,D0025,2026-03-05 07:56:31.337264,181
D_STR04078,D_U0026,D0025,2026-03-02 10:00:53.232994,10
D_STR04079,D_U0089,D0046,2026-02-14 10:30:36.948668,179
D_STR04080,D_U0091,D0049,2026-02-07 18:16:42.018712,232
D_STR04081,D_U0090,D0021,2026-02-10 14:00:51.082354,189
D_STR04082,D_U0099,D0037,2026-02-08 22:25:00.312445,80
D_STR04083,D_U0081,D0050,2026-02-23 15:51:46.227554,119
D_STR04084,D_U0067,D0045,2026-02-09 16:46:08.717625,132
D_STR04085,D_U0072,D0045,2026-02-21 20:25:36.751529,121
D_STR04086,D_U0027,D0028,2026-02-13 11:24:45.202368,228
D_STR04087,D_U0087,D0037,2026-02-13 19:10:29.392159,24
D_STR04088,D_U0065,D0048,2026-02-18 19:18:55.403968,50
D_STR04089,D_U0006,D0010,2026-02-17 18:49:38.524844,91
D_STR04090,D_U0041,D0024,2026-02-14 12:23:05.512050,87
D_STR04091,D_U0097,D0023,2026-03-04 23:58:19.906206,12
D_STR04092,D_U0092,D0040,2026-02-04 22:41:03.434980,300
D_STR04093,D_U0023,D0043,2026-02-15 05:38:58.495919,116
D_STR04094,D_U0006,D0038,2026-02-15 05:50:18.936070,119
D_STR04095,D_U0091,D0048,2026-02-27 00:35:49.965901,137
D_STR04096,D_U0051,D0043,2026-02-10 05:56:26.671584,9
D_STR04097,D_U0044,D0037,2026-03-01 05:36:27.404675,59
D_STR04098,D_U0014,D0022,2026-02-25 22:03:56.486066,122
D_STR04099,D_U0031,D0032,2026-03-02 09:52:48.630887,222
D_STR04100,D_U0028,D0038,2026-02-08 19:55:38.401710,116
D_STR04101,D_U0023,D0016,2026-02-21 05:04:04.104695,46
D_STR04102,D_U0099,D0013,2026-02-10 07:34:58.327149,134
D_STR04103,D_U0097,D0050,2026-02-09 00:41:20.781910,147
D_STR04104,D_U0028,D0017,2026-03-03 09:05:04.653787,145
D_STR04105,D_U0061,D0047,2026-02-18 01:52:01.341358,208
D_STR04106,D_U0080,D0044,2026-02-17 12:02:38.522573,38
D_STR04107,D_U0050,D0027,2026-02-13 17:04:29.480003,12
D_STR04108,D_U0047,D0033,2026-02-24 17:26:53.351489,137
D_STR04109,D_U0053,D0036,2026-03-05 18:50:28.551711,175
D_STR04110,D_U0031,D0042,2026-02-23 13:20:18.885940,245
D_STR04111,D_U0097,D0036,2026-02-08 01:43:39.080927,41
D_STR04112,D_U0002,D0032,2026-02-22 13:10:52.113886,185
D_STR04113,D_U0018,D0016,2026-02-15 19:08:56.472198,41
D_STR04114,D_U0004,D0043,2026-02-10 01:29:01.868769,111
D_STR04115,D_U0061,D0007,2026-02-17 15:12:47.464245,49
D_STR04116,D_U0015,D0046,2026-03-01 14:55:25.268931,228
D_STR04117,D_U0065,D0049,2026-02-05 08:39:38.158592,114
D_STR04118,D_U0027,D0022,2026-02-11 16:07:05.403368,158
D_STR04119,D_U0059,D0035,2026-02-06 19:43:44.428389,9
D_STR04120,D_U0055,D0009,2026-02-05 18:32:00.486623,106
D_STR04121,D_U0011,D0035,2026-02-27 00:30:34.308649,88
D_STR04122,D_U0025,D0004,2026-02-17 22:52:57.126401,115
D_STR04123,D_U0032,D0024,2026-02-10 11:01:01.603470,92
D_STR04124,D_U0073,D0050,2026-02-14 02:14:40.241404,134
D_STR04125,D_U0025,D0049,2026-02-21 10:30:33.367174,236
D_STR04126,D_U0001,D0028,2026-02-20 16:04:22.839116,183
D_STR04127,D_U0086,D0035,2026-03-04 08:18:05.929301,95
D_STR04128,D_U0011,D0048,2026-02-16 11:58:09.060578,111
D_STR04129,D_U0030,D0031,2026-02-18 15:55:47.374608,147
D_STR04130,D_U0092,D0049,2026-02-21 23:06:54.193823,133
D_STR04131,D_U0015,D0032,2026-02-19 09:37:36.966535,215
D_STR04132,D_U0023,D0025,2026-02-26 15:34:10.483820,85
D_STR04133,D_U0098,D0016,2026-02-24 01:34:25.719584,54
D_STR04134,D_U0070,D0003,2026-02-15 11:10:56.510147,269
D_STR04135,D_U0073,D0007,2026-02-23 02:30:09.831892,125
D_STR04136,D_U0011,D0016,2026-02-18 05:22:32.791848,111
D_STR04137,D_U0013,D0047,2026-02-27 10:47:29.437331,144
D_STR04138,D_U0075,D0042,2026-02-27 06:01:26.378342,279
D_STR04139,D_U0059,D0019,2026-02-25 08:09:54.843399,93
D_STR04140,D_U0014,D0045,2026-02-11 10:25:41.739305,114
D_STR04141,D_U0077,D0028,2026-02-17 15:03:28.609712,123
D_STR04142,D_U0023,D0044,2026-02-19 02:32:43.986482,296
D_STR04143,D_U0025,D0045,2026-02-07 15:20:16.519489,137
D_STR04144,D_U0099,D0021,2026-03-03 15:45:17.672967,122
D_STR04145,D_U0062,D0036,2026-02-26 18:18:23.300996,80
D_STR04146,D_U0059,D0044,2026-02-19 05:53:04.910027,5
D_STR04147,D_U0053,D0050,2026-02-27 02:28:11.789107,325
D_STR04148,D_U0038,D0043,2026-02-25 16:29:29.959616,137
D_STR04149,D_U0020,D0047,2026-02-10 09:38:34.714921,107
D_STR04150,D_U0096,D0038,2026-02-07 12:50:46.741076,161
D_STR04151,D_U0001,D0020,2026-02-25 22:59:37.895107,282
D_STR04152,D_U0011,D0024,2026-02-28 00:17:06.791190,71
D_STR04153,D_U0018,D0035,2026-02-10 07:06:38.694284,94
D_STR04154,D_U0096,D0042,2026-02-28 20:16:18.645442,166
D_STR04155,D_U0023,D0043,2026-02-23 07:25:37.665138,162
D_STR04156,D_U0024,D0025,2026-02-13 02:36:01.996067,44
D_STR04157,D_U0088,D0025,2026-02-23 17:51:51.274236,53
D_STR04158,D_U0044,D0048,2026-02-24 09:59:54.903569,208
D_STR04159,D_U0061,D0048,2026-02-20 17:09:20.397207,179
D_STR04160,D_U0094,D0040,2026-03-05 11:54:50.592800,29
D_STR04161,D_U0008,D0040,2026-03-02 05:16:35.215297,51
D_STR04162,D_U0069,D0048,2026-02-06 23:14:57.526848,151
D_STR04163,D_U0037,D0044,2026-02-28 04:29:17.433412,239
D_STR04164,D_U0041,D0021,2026-02-10 16:23:39.887508,24
D_STR04165,D_U0048,D0016,2026-02-17 18:37:49.435983,76
D_STR04166,D_U0009,D0050,2026-02-16 16:41:38.021429,155
D_STR04167,D_U0034,D0049,2026-03-05 18:50:52.387675,128
D_STR04168,D_U0044,D0046,2026-02-12 12:36:37.641459,122
D_STR04169,D_U0032,D0034,2026-02-05 10:19:52.117742,95
D_STR04170,D_U0060,D0019,2026-02-11 14:05:50.108598,146
D_STR04171,D_U0046,D0035,2026-02-07 20:07:48.282173,169
D_STR04172,D_U0015,D0035,2026-02-09 19:59:34.944145,160
D_STR04173,D_U0026,D0036,2026-03-02 01:00:41.614149,235
D_STR04174,D_U0090,D0044,2026-03-06 09:24:51.045030,220
D_STR04175,D_U0073,D0029,2026-02-22 19:38:50.658830,148
D_STR04176,D_U0067,D0028,2026-02-10 10:53:41.094131,57
D_STR04177,D_U0031,D0041,2026-02-19 04:25:51.493179,99
D_STR04178,D_U0098,D0047,2026-03-01 12:01:40.222955,141
D_STR04179,D_U0007,D0034,2026-02-28 03:24:39.101216,118
D_STR04180,D_U0022,D0015,2026-02-23 09:49:19.100437,261
D_STR04181,D_U0016,D0048,2026-03-05 20:58:55.101338,90
D_STR04182,D_U0079,D0048,2026-03-02 21:45:57.846700,216
D_STR04183,D_U0070,D0046,2026-03-02 04:45:24.665529,86
D_STR04184,D_U0016,D0039,2026-03-03 01:21:05.541407,261
D_STR04185,D_U0074,D0028,2026-02-25 08:11:21.549234,102
D_STR04186,D_U0036,D0035,2026-03-01 01:30:59.920725,90
D_STR04187,D_U0003,D0025,2026-02-14 11:32:30.467638,184
D_STR04188,D_U0073,D0042,2026-02-05 11:16:10.475212,46
D_STR04189,D_U0061,D0017,2026-02-11 16:56:09.187042,148
D_STR04190,D_U0047,D0043,2026-02-04 16:22:31.205784,169
D_STR04191,D_U0038,D0017,2026-02-15 16:51:34.512658,53
D_STR04192,D_U0023,D0004,2026-03-05 05:54:41.396586,210
D_STR04193,D_U0017,D0043,2026-02-21 19:32:59.107091,186
D_STR04194,D_U0026,D0036,2026-02-08 05:37:49.294199,10
D_STR04195,D_U0006,D0043,2026-02-15 21:10:58.529671,119
D_STR04196,D_U0062,D0044,2026-03-04 19:17:09.016043,142
D_STR04197,D_U0080,D0046,2026-02-19 16:06:43.164085,142
D_STR04198,D_U0039,D0045,2026-02-24 12:49:15.669395,152
D_STR04199,D_U0088,D0047,2026-02-25 07:41:35.349136,222
D_STR04200,D_U0076,D0019,2026-02-27 16:51:48.813839,179
D_STR04201,D_U0082,D0019,2026-02-11 21:49:03.510403,137
D_STR04202,D_U0034,D0043,2026-02-05 22:23:05.458220,98
D_STR04203,D_U0025,D0049,2026-02-23 18:34:44.836621,148
D_STR04204,D_U0074,D0043,2026-02-26 23:52:03.800442,83
D_STR04205,D_U0049,D0046,2026-02-15 03:08:10.972483,87
D_STR04206,D_U0080,D0050,2026-02-28 04:29:57.695346,333
D_STR04207,D_U0036,D0025,2026-02-21 23:38:22.222729,129
D_STR04208,D_U0070,D0006,2026-02-07 04:56:40.704076,53
D_STR04209,D_U0055,D0044,2026-02-10 18:05:17.765863,101
D_STR04210,D_U0092,D0044,2026-02-25 21:08:36.643727,306
D_STR04211,D_U0058,D0049,2026-02-16 16:53:51.324757,135
D_STR04212,D_U0011,D0032,2026-02-10 14:29:12.203026,19
D_STR04213,D_U0048,D0035,2026-02-21 20:03:10.312437,97
D_STR04214,D_U0085,D0030,2026-02-26 06:24:57.915574,135
D_STR04215,D_U0054,D0028,2026-02-12 07:20:35.417961,30
D_STR04216,D_U0051,D0023,2026-02-07 05:36:23.340532,20
D_STR04217,D_U0069,D0013,2026-02-28 09:27:39.326412,51
D_STR04218,D_U0052,D0035,2026-03-01 17:35:44.228480,292
D_STR04219,D_U0080,D0026,2026-02-23 21:16:53.720660,90
D_STR04220,D_U0098,D0040,2026-02-21 01:39:22.506305,279
D_STR04221,D_U0016,D0042,2026-02-14 01:20:21.968509,34
D_STR04222,D_U0086,D0026,2026-02-18 16:21:46.882882,64
D_STR04223,D_U0088,D0033,2026-02-25 01:18:34.118837,177
D_STR04224,D_U0087,D0045,2026-02-09 15:42:05.836668,50
D_STR04225,D_U0018,D0045,2026-02-16 14:27:24.655737,135
D_STR04226,D_U0066,D0041,2026-02-05 21:50:52.765874,83
D_STR04227,D_U0055,D0029,2026-02-26 12:22:43.774358,31
D_STR04228,D_U0036,D0025,2026-02-23 13:19:39.478354,29
D_STR04229,D_U0011,D0045,2026-02-23 05:57:24.293278,190
D_STR04230,D_U0034,D0015,2026-03-03 07:05:19.946887,230
D_STR04231,D_U0072,D0035,2026-02-23 09:18:40.374995,5
D_STR04232,D_U0010,D0047,2026-02-15 00:54:15.866125,67
D_STR04233,D_U0061,D0041,2026-02-27 05:26:38.720307,55
D_STR04234,D_U0088,D0026,2026-03-06 03:58:24.651907,104
D_STR04235,D_U0073,D0022,2026-03-04 21:29:53.067637,123
D_STR04236,D_U0060,D0023,2026-02-20 10:37:38.251807,114
D_STR04237,D_U0050,D0049,2026-02-25 06:16:06.445613,195
D_STR04238,D_U0044,D0042,2026-02-06 13:38:05.996639,141
D_STR04239,D_U0013,D0025,2026-02-16 14:53:07.138895,186
D_STR04240,D_U0055,D0009,2026-03-02 16:51:55.603534,117
D_STR04241,D_U0078,D0047,2026-02-20 19:09:59.143973,160
D_STR04242,D_U0023,D0050,2026-02-22 03:09:11.573699,310
D_STR04243,D_U0025,D0012,2026-02-11 05:53:27.358164,234
D_STR04244,D_U0012,D0046,2026-02-19 06:06:55.837651,206
D_STR04245,D_U0087,D0045,2026-02-04 22:50:08.518789,173
D_STR04246,D_U0026,D0046,2026-02-21 00:38:54.072924,36
D_STR04247,D_U0004,D0033,2026-03-04 14:05:05.816983,40
D_STR04248,D_U0029,D0038,2026-02-20 18:42:00.100024,25
D_STR04249,D_U0061,D0038,2026-02-27 16:55:36.204888,188
D_STR04250,D_U0033,D0028,2026-02-09 20:00:39.556221,77
D_STR04251,D_U0046,D0037,2026-02-21 14:50:42.818116,293
D_STR04252,D_U0066,D0009,2026-02-21 20:56:00.290970,129
D_STR04253,D_U0053,D0049,2026-02-22 03:24:19.219713,130
D_STR04254,D_U0006,D0040,2026-02-15 06:58:50.894253,24
D_STR04255,D_U0086,D0033,2026-03-02 07:45:21.630321,113
D_STR04256,D_U0094,D0030,2026-02-16 04:43:55.661542,123
D_STR04257,D_U0032,D0034,2026-02-22 14:10:04.084582,136
D_STR04258,D_U0097,D0023,2026-02-19 23:02:54.159549,38
D_STR04259,D_U0065,D0048,2026-02-20 03:37:20.090292,172
D_STR04260,D_U0096,D0047,2026-02-27 06:50:31.645028,167
D_STR04261,D_U0053,D0021,2026-02-06 14:41:33.312768,126
D_STR04262,D_U0085,D0045,2026-02-18 09:02:28.336586,178
D_STR04263,D_U0014,D0039,2026-02-11 11:21:14.117059,169
D_STR04264,D_U0091,D0044,2026-03-02 05:32:33.967494,297
D_STR04265,D_U0092,D0045,2026-02-21 09:24:00.588858,62
D_STR04266,D_U0003,D0043,2026-02-12 20:23:25.583217,13
D_STR04267,D_U0026,D0013,2026-02-14 21:03:04.597827,128
D_STR04268,D_U0074,D0020,2026-02-10 01:03:45.301648,25
D_STR04269,D_U0030,D0049,2026-02-21 14:57:41.337450,76
D_STR04270,D_U0063,D0029,2026-02-15 09:01:31.140422,53
D_STR04271,D_U0100,D0035,2026-03-01 06:12:38.348160,274
D_STR04272,D_U0001,D0042,2026-03-06 06:16:22.134567,86
D_STR04273,D_U0015,D0049,2026-02-19 01:19:06.149173,90
D_STR04274,D_U0016,D0022,2026-02-24 13:47:36.330501,7
D_STR04275,D_U0039,D0035,2026-02-21 09:30:24.391564,136
D_STR04276,D_U0079,D0041,2026-02-28 06:29:03.398501,144
D_STR04277,D_U0069,D0037,2026-02-04 22:58:50.215365,302
D_STR04278,D_U0009,D0021,2026-02-16 23:39:01.526990,79
D_STR04279,D_U0065,D0016,2026-03-05 22:15:39.599606,89
D_STR04280,D_U0100,D0032,2026-02-24 10:28:58.638011,156
D_STR04281,D_U0063,D0018,2026-02-10 13:19:42.887937,153
D_STR04282,D_U0066,D0017,2026-02-27 07:38:51.636715,156
D_STR04283,D_U0033,D0014,2026-02-07 12:07:47.836999,173
D_STR04284,D_U0037,D0040,2026-02-07 02:14:24.150994,147
D_STR04285,D_U0079,D0040,2026-02-08 15:05:50.572421,237
D_STR04286,D_U0079,D0008,2026-03-04 12:08:03.015312,222
D_STR04287,D_U0078,D0041,2026-02-13 15:24:50.131510,154
D_STR04288,D_U0076,D0043,2026-03-05 04:27:18.989862,9
D_STR04289,D_U0056,D0001,2026-02-10 05:13:50.331338,9
D_STR04290,D_U0018,D0029,2026-02-06 06:44:49.426127,129
D_STR04291,D_U0020,D0013,2026-02-12 18:05:51.540889,40
D_STR04292,D_U0075,D0014,2026-02-21 22:12:46.666472,49
D_STR04293,D_U0005,D0043,2026-02-11 21:03:48.234553,194
D_STR04294,D_U0097,D0021,2026-02-16 09:40:21.285003,161
D_STR04295,D_U0043,D0037,2026-02-28 05:59:21.822553,334
D_STR04296,D_U0029,D0014,2026-02-17 05:47:21.611587,205
D_STR04297,D_U0081,D0018,2026-02-20 07:36:14.774408,170
D_STR04298,D_U0034,D0032,2026-02-23 15:45:47.130958,38
D_STR04299,D_U0099,D0028,2026-03-06 07:25:24.841740,109
D_STR04300,D_U0047,D0043,2026-02-12 00:20:32.694062,188
D_STR04301,D_U0033,D0019,2026-02-19 04:15:15.520335,216
D_STR04302,D_U0008,D0031,2026-02-08 18:39:32.569957,61
D_STR04303,D_U0072,D0049,2026-02-28 09:37:49.050581,224
D_STR04304,D_U0070,D0045,2026-02-27 09:10:10.326287,52
D_STR04305,D_U0093,D0038,2026-03-03 21:16:06.451254,48
D_STR04306,D_U0066,D0029,2026-03-06 00:59:36.630214,122
D_STR04307,D_U0014,D0020,2026-02-07 14:50:33.632603,184
D_STR04308,D_U0084,D0040,2026-02-11 20:23:45.857286,36
D_STR04309,D_U0013,D0040,2026-03-02 02:02:11.881325,203
D_STR04310,D_U0057,D0050,2026-02-12 11:46:37.731696,14
D_STR04311,D_U0039,D0037,2026-02-25 15:36:40.769641,174
D_STR04312,D_U0036,D0050,2026-02-24 11:32:07.706716,304
D_STR04313,D_U0001,D0047,2026-02-16 18:11:59.293941,197
D_STR04314,D_U0087,D0012,2026-02-11 09:36:16.938574,47
D_STR04315,D_U0024,D0026,2026-03-04 10:57:39.208693,33
D_STR04316,D_U0079,D0043,2026-02-14 22:45:45.928648,68
D_STR04317,D_U0011,D0005,2026-02-19 04:32:52.943066,292
D_STR04318,D_U0085,D0047,2026-02-04 15:09:41.714865,57
D_STR04319,D_U0005,D0024,2026-02-28 05:05:25.799266,100
D_STR04320,D_U0049,D0040,2026-02-15 13:21:14.852875,200
D_STR04321,D_U0021,D0037,2026-02-07 00:13:13.149414,103
D_STR04322,D_U0015,D0046,2026-02-21 18:27:18.173261,152
D_STR04323,D_U0097,D0038,2026-03-06 04:51:54.575058,172
D_STR04324,D_U0053,D0016,2026-02-13 12:27:10.147227,22
D_STR04325,D_U0051,D0045,2026-02-15 18:27:34.217463,218
D_STR04326,D_U0038,D0036,2026-03-03 02:08:41.342148,148
D_STR04327,D_U0080,D0048,2026-02-23 18:23:14.396830,108
D_STR04328,D_U0027,D0031,2026-03-03 09:40:43.158837,135
D_STR04329,D_U0098,D0048,2026-02-18 10:51:47.775655,76
D_STR04330,D_U0006,D0038,2026-02-06 18:07:27.858206,43
D_STR04331,D_U0065,D0042,2026-02-14 06:57:59.323175,276
D_STR04332,D_U0048,D0048,2026-03-03 19:19:09.190775,163
D_STR04333,D_U0099,D0045,2026-02-06 06:37:14.465050,23
D_STR04334,D_U0059,D0021,2026-02-07 16:32:09.935185,175
D_STR04335,D_U0089,D0021,2026-02-05 08:30:22.103355,187
D_STR04336,D_U0069,D0043,2026-02-13 14:20:21.323348,113
D_STR04337,D_U0031,D0050,2026-02-10 21:55:08.395232,300
D_STR04338,D_U0055,D0044,2026-02-13 11:13:37.634575,168
D_STR04339,D_U0039,D0027,2026-03-05 02:54:14.198393,20
D_STR04340,D_U0093,D0040,2026-02-06 06:13:37.340031,114
D_STR04341,D_U0097,D0037,2026-02-05 20:55:08.084135,90
D_STR04342,D_U0033,D0023,2026-02-20 17:50:30.100626,125
D_STR04343,D_U0022,D0038,2026-02-15 04:26:46.663540,61
D_STR04344,D_U0062,D0024,2026-02-06 03:23:25.060514,150
D_STR04345,D_U0053,D0031,2026-02-23 21:14:35.617009,159
D_STR04346,D_U0014,D0030,2026-03-06 08:27:51.016846,120
D_STR04347,D_U0087,D0007,2026-02-21 05:24:51.650676,356
D_STR04348,D_U0053,D0021,2026-02-05 17:55:41.442652,198
D_STR04349,D_U0039,D0031,2026-02-05 08:41:24.459797,116
D_STR04350,D_U0025,D0035,2026-02-20 14:20:47.402951,342
D_STR04351,D_U0088,D0026,2026-02-07 09:38:30.393675,127
D_STR04352,D_U0087,D0042,2026-03-01 16:28:09.039790,240
D_STR04353,D_U0078,D0005,2026-02-22 07:16:24.436867,17
D_STR04354,D_U0048,D0044,2026-02-26 19:24:15.311728,222
D_STR04355,D_U0080,D0048,2026-02-27 02:56:43.188293,170
D_STR04356,D_U0040,D0047,2026-03-02 20:27:19.910640,92
D_STR04357,D_U0021,D0031,2026-03-02 01:32:03.307859,53
D_STR04358,D_U0019,D0044,2026-02-09 05:35:44.621608,235
D_STR04359,D_U0013,D0044,2026-02-06 18:58:19.931148,67
D_STR04360,D_U0045,D0030,2026-03-01 03:56:09.941318,12
D_STR04361,D_U0026,D0032,2026-03-04 11:42:29.069638,187
D_STR04362,D_U0030,D0050,2026-02-23 14:06:09.160341,129
D_STR04363,D_U0084,D0033,2026-02-13 07:06:35.855608,237
D_STR04364,D_U0030,D0039,2026-02-11 19:40:05.180948,8
D_STR04365,D_U0097,D0015,2026-02-15 03:10:46.060916,244
D_STR04366,D_U0011,D0041,2026-03-03 04:51:23.946962,46
D_STR04367,D_U0055,D0019,2026-02-28 03:37:14.211656,186
D_STR04368,D_U0091,D0049,2026-02-11 16:34:44.659327,109
D_STR04369,D_U0011,D0037,2026-02-22 03:39:13.112170,193
D_STR04370,D_U0017,D0036,2026-02-07 13:44:51.011391,10
D_STR04371,D_U0094,D0032,2026-02-16 05:10:43.277691,181
D_STR04372,D_U0021,D0032,2026-02-05 23:57:02.398320,28
D_STR04373,D_U0082,D0050,2026-02-18 13:50:59.968999,18
D_STR04374,D_U0082,D0046,2026-02-26 21:54:48.719861,178
D_STR04375,D_U0100,D0029,2026-02-12 14:21:43.782165,115
D_STR04376,D_U0020,D0049,2026-02-28 18:48:43.771676,167
D_STR04377,D_U0076,D0009,2026-02-25 17:01:33.000781,74
D_STR04378,D_U0015,D0021,2026-02-05 11:15:49.449576,109
D_STR04379,D_U0036,D0040,2026-02-08 04:17:27.728045,329
D_STR04380,D_U0037,D0046,2026-02-17 02:06:53.423333,116
D_STR04381,D_U0098,D0029,2026-02-28 13:31:48.820685,31
D_STR04382,D_U0031,D0035,2026-02-15 12:25:08.032769,337
D_STR04383,D_U0006,D0039,2026-02-05 12:00:15.661302,7
D_STR04384,D_U0088,D0010,2026-02-16 23:30:38.671882,92
D_STR04385,D_U0033,D0014,2026-03-04 14:23:34.178769,156
D_STR04386,D_U0025,D0037,2026-03-01 05:02:00.109375,122
D_STR04387,D_U0033,D0036,2026-03-03 12:18:10.390452,213
D_STR04388,D_U0056,D0011,2026-03-05 04:45:52.934056,95
D_STR04389,D_U0094,D0023,2026-02-15 19:11:50.326988,12
D_STR04390,D_U0058,D0036,2026-03-03 01:32:44.003246,174
D_STR04391,D_U0037,D0024,2026-02-19 13:33:22.760421,47
D_STR04392,D_U0037,D0033,2026-02-28 19:52:07.062787,263
D_STR04393,D_U0056,D0041,2026-02-27 22:46:18.407514,54
D_STR04394,D_U0015,D0050,2026-02-27 03:26:43.536602,131
D_STR04395,D_U0083,D0020,2026-03-06 00:37:05.148536,48
D_STR04396,D_U0084,D0046,2026-02-05 09:08:49.525987,208
D_STR04397,D_U0016,D0044,2026-02-06 20:30:46.897643,18
D_STR04398,D_U0044,D0041,2026-03-05 01:42:46.578674,6
D_STR04399,D_U0076,D0032,2026-02-22 12:35:15.142078,21
D_STR04400,D_U0093,D0016,2026-02-14 17:09:22.323478,102
D_STR04401,D_U0038,D0021,2026-02-08 12:53:45.837295,68
D_STR04402,D_U0046,D0036,2026-02-09 01:27:42.726409,136
D_STR04403,D_U0084,D0023,2026-03-03 22:53:56.903717,8
D_STR04404,D_U0083,D0012,2026-02-06 16:54:47.051191,113
D_STR04405,D_U0100,D0037,2026-02-10 17:19:22.384254,117
D_STR04406,D_U0019,D0028,2026-02-24 00:56:56.921261,86
D_STR04407,D_U0098,D0028,2026-02-07 14:47:54.620061,104
D_STR04408,D_U0096,D0032,2026-03-04 08:54:30.600003,87
D_STR04409,D_U0020,D0032,2026-02-18 03:57:49.603094,182
D_STR04410,D_U0030,D0024,2026-02-17 18:17:40.877410,226
D_STR04411,D_U0011,D0034,2026-03-05 21:53:28.574315,47
D_STR04412,D_U0099,D0044,2026-02-08 20:34:54.346970,303
D_STR04413,D_U0087,D0041,2026-03-04 18:19:30.416130,7
D_STR04414,D_U0010,D0041,2026-02-10 04:55:29.904898,172
D_STR04415,D_U0086,D0049,2026-02-06 06:08:03.370879,181
D_STR04416,D_U0035,D0017,2026-02-05 09:27:03.416903,142
D_STR04417,D_U0044,D0025,2026-02-13 06:31:38.272122,153
D_STR04418,D_U0021,D0035,2026-02-19 13:59:27.402429,330
D_STR04419,D_U0062,D0045,2026-02-22 17:54:27.415337,150
D_STR04420,D_U0027,D0044,2026-02-20 22:26:20.755916,195
D_STR04421,D_U0096,D0020,2026-03-01 10:30:29.219281,223
D_STR04422,D_U0024,D0041,2026-03-03 15:05:50.164735,48
D_STR04423,D_U0091,D0036,2026-03-04 19:49:15.544170,171
D_STR04424,D_U0003,D0049,2026-02-22 20:31:42.880759,221
D_STR04425,D_U0095,D0031,2026-02-14 06:07:35.710654,93
D_STR04426,D_U0097,D0042,2026-02-10 20:43:08.605899,221
D_STR04427,D_U0066,D0032,2026-02-16 09:21:29.492609,139
D_STR04428,D_U0032,D0047,2026-02-22 18:08:13.384478,193
D_STR04429,D_U0044,D0029,2026-02-06 14:08:05.293269,126
D_STR04430,D_U0063,D0011,2026-02-17 03:22:22.482888,37
D_STR04431,D_U0073,D0050,2026-02-07 19:07:35.376360,276
D_STR04432,D_U0088,D0033,2026-02-10 14:58:34.683038,241
D_STR04433,D_U0083,D0046,2026-02-10 03:39:57.643517,24
D_STR04434,D_U0096,D0029,2026-02-11 22:59:07.773065,74
D_STR04435,D_U0069,D0049,2026-02-24 12:16:12.387404,143
D_STR04436,D_U0008,D0019,2026-02-21 05:01:55.121910,145
D_STR04437,D_U0075,D0043,2026-02-09 06:27:14.052175,192
D_STR04438,D_U0049,D0025,2026-02-14 04:19:52.084007,97
D_STR04439,D_U0047,D0029,2026-03-05 06:43:17.497900,15
D_STR04440,D_U0097,D0007,2026-02-06 21:18:35.621446,205
D_STR04441,D_U0002,D0017,2026-02-17 10:27:46.955125,65
D_STR04442,D_U0098,D0037,2026-02-23 05:08:08.111310,13
D_STR04443,D_U0035,D0015,2026-02-16 15:02:01.320073,158
D_STR04444,D_U0055,D0034,2026-02-21 00:03:14.161648,120
D_STR04445,D_U0099,D0050,2026-02-13 16:40:39.698274,269
D_STR04446,D_U0093,D0044,2026-02-21 23:13:28.060149,44
D_STR04447,D_U0062,D0047,2026-03-02 12:14:48.626745,109
D_STR04448,D_U0053,D0035,2026-02-17 11:39:38.198881,174
D_STR04449,D_U0094,D0041,2026-03-02 13:15:40.264897,7
D_STR04450,D_U0026,D0025,2026-02-27 21:10:37.411547,94
D_STR04451,D_U0063,D0030,2026-02-28 00:25:59.133806,185
D_STR04452,D_U0053,D0020,2026-02-23 15:00:57.849455,274
D_STR04453,D_U0056,D0008,2026-03-06 07:06:58.054206,94
D_STR04454,D_U0049,D0015,2026-02-17 07:40:12.036753,185
D_STR04455,D_U0099,D0034,2026-03-02 11:08:02.465004,73
D_STR04456,D_U0088,D0020,2026-02-19 17:55:30.782157,205
D_STR04457,D_U0046,D0032,2026-03-04 03:00:16.590532,151
D_STR04458,D_U0004,D0017,2026-02-08 01:36:14.071346,99
D_STR04459,D_U0100,D0020,2026-02-11 10:59:34.170178,134
D_STR04460,D_U0019,D0037,2026-02-25 00:53:45.830136,36
D_STR04461,D_U0031,D0027,2026-03-02 16:15:48.926301,65
D_STR04462,D_U0029,D0041,2026-02-04 19:59:19.085549,122
D_STR04463,D_U0037,D0034,2026-02-10 05:18:53.630190,145
D_STR04464,D_U0074,D0045,2026-03-03 14:21:30.695774,213
D_STR04465,D_U0034,D0041,2026-02-20 07:17:37.024127,46
D_STR04466,D_U0038,D0047,2026-02-08 18:35:29.557658,166
D_STR04467,D_U0090,D0040,2026-02-18 20:02:09.714343,20
D_STR04468,D_U0044,D0039,2026-02-05 03:53:56.512817,300
D_STR04469,D_U0050,D0042,2026-03-03 01:27:52.723879,253
D_STR04470,D_U0061,D0049,2026-02-07 00:03:41.471923,181
D_STR04471,D_U0047,D0043,2026-02-20 19:15:11.650073,181
D_STR04472,D_U0028,D0043,2026-03-01 13:12:47.580294,126
D_STR04473,D_U0083,D0019,2026-02-11 00:41:09.190850,38
D_STR04474,D_U0025,D0033,2026-02-25 21:04:18.957287,38
D_STR04475,D_U0099,D0039,2026-02-23 08:20:35.532801,303
D_STR04476,D_U0047,D0025,2026-02-24 14:24:21.858816,61
D_STR04477,D_U0034,D0012,2026-02-20 08:21:29.680798,176
D_STR04478,D_U0074,D0031,2026-03-01 10:01:13.803681,79
D_STR04479,D_U0097,D0050,2026-02-04 19:32:31.544789,132
D_STR04480,D_U0099,D0006,2026-02-26 09:49:01.781840,192
D_STR04481,D_U0057,D0049,2026-02-23 09:15:51.557722,157
D_STR04482,D_U0034,D0021,2026-02-28 01:10:57.420469,55
D_STR04483,D_U0005,D0033,2026-02-16 21:30:14.095912,268
D_STR04484,D_U0032,D0043,2026-02-25 09:14:09.539146,171
D_STR04485,D_U0040,D0049,2026-02-24 19:26:41.766919,130
D_STR04486,D_U0024,D0050,2026-03-02 11:20:08.154021,120
D_STR04487,D_U0100,D0043,2026-03-04 01:34:55.270277,75
D_STR04488,D_U0005,D0038,2026-02-25 04:31:38.460205,110
D_STR04489,D_U0032,D0039,2026-02-16 13:03:11.255177,119
D_STR04490,D_U0025,D0047,2026-02-13 13:38:28.541333,117
D_STR04491,D_U0057,D0019,2026-02-04 12:36:54.327964,91
D_STR04492,D_U0032,D0043,2026-02-19 10:52:49.687436,145
D_STR04493,D_U0078,D0044,2026-02-24 21:42:05.078224,84
D_STR04494,D_U0088,D0020,2026-02-06 01:52:41.870937,287
D_STR04495,D_U0050,D0043,2026-03-05 12:47:06.864497,98
D_STR04496,D_U0080,D0049,2026-02-22 17:44:47.797578,146
D_STR04497,D_U0017,D0034,2026-02-19 02:52:38.556531,86
D_STR04498,D_U0097,D0043,2026-02-14 03:26:15.291633,101
D_STR04499,D_U0044,D0015,2026-02-26 12:32:00.740336,209
D_STR04500,D_U0100,D0047,2026-02-08 23:24:28.226886,76
D_STR04501,D_U0031,D0050,2026-02-16 07:27:30.793420,241
D_STR04502,D_U0085,D0013,2026-02-18 03:55:46.540152,137
D_STR04503,D_U0083,D0043,2026-03-01 09:37:12.162039,112
D_STR04504,D_U0058,D0043,2026-02-17 04:01:22.896662,41
D_STR04505,D_U0082,D0050,2026-02-25 18:03:06.892810,119
D_STR04506,D_U0019,D0006,2026-03-02 14:57:36.220237,44
D_STR04507,D_U0093,D0049,2026-03-06 09:06:04.205480,144
D_STR04508,D_U0009,D0037,2026-02-06 08:55:37.896450,142
D_STR04509,D_U0008,D0036,2026-02-18 06:42:39.040387,125
D_STR04510,D_U0001,D0025,2026-02-17 15:48:15.674496,25
D_STR04511,D_U0096,D0027,2026-02-20 21:48:52.988739,83
D_STR04512,D_U0053,D0041,2026-02-16 11:35:53.083160,112
D_STR04513,D_U0075,D0029,2026-02-07 18:04:47.861292,17
D_STR04514,D_U0073,D0040,2026-02-09 20:10:02.101537,125
D_STR04515,D_U0022,D0034,2026-02-04 15:36:36.800202,193
D_STR04516,D_U0044,D0048,2026-02-22 18:20:19.083544,12
D_STR04517,D_U0024,D0050,2026-02-27 18:06:48.969632,172
D_STR04518,D_U0096,D0048,2026-03-02 14:29:18.369098,125
D_STR04519,D_U0020,D0042,2026-02-16 22:59:53.329269,91
D_STR04520,D_U0026,D0021,2026-02-13 12:32:39.339990,115
D_STR04521,D_U0087,D0028,2026-02-08 03:51:52.889859,59
D_STR04522,D_U0065,D0005,2026-02-06 04:47:31.438156,264
D_STR04523,D_U0016,D0019,2026-02-27 05:24:48.173052,227
D_STR04524,D_U0071,D0037,2026-02-16 08:16:59.221909,311
D_STR04525,D_U0025,D0021,2026-03-04 18:20:36.619558,47
D_STR04526,D_U0095,D0034,2026-02-07 17:37:45.964138,188
D_STR04527,D_U0049,D0050,2026-02-18 23:36:38.446045,118
D_STR04528,D_U0077,D0049,2026-02-23 19:05:49.722210,22
D_STR04529,D_U0088,D0043,2026-02-19 04:58:05.502071,159
D_STR04530,D_U0040,D0041,2026-03-02 13:33:37.294677,152
D_STR04531,D_U0022,D0032,2026-02-06 05:32:45.606948,198
D_STR04532,D_U0072,D0019,2026-02-15 19:47:44.271661,215
D_STR04533,D_U0024,D0007,2026-02-08 14:41:21.439748,196
D_STR04534,D_U0093,D0042,2026-03-01 13:06:03.090332,159
D_STR04535,D_U0064,D0049,2026-02-16 17:38:56.245546,100
D_STR04536,D_U0096,D0046,2026-02-23 15:17:06.695603,122
D_STR04537,D_U0041,D0021,2026-02-27 22:14:55.980868,57
D_STR04538,D_U0008,D0014,2026-02-10 11:41:38.005304,243
D_STR04539,D_U0054,D0031,2026-02-25 14:01:08.172790,80
D_STR04540,D_U0099,D0031,2026-02-17 11:15:49.398315,107
D_STR04541,D_U0084,D0046,2026-02-10 23:16:28.035268,23
D_STR04542,D_U0006,D0027,2026-02-20 20:19:42.078134,18
D_STR04543,D_U0081,D0011,2026-02-22 13:48:05.053894,158
D_STR04544,D_U0070,D0030,2026-02-11 07:59:33.469281,97
D_STR04545,D_U0024,D0019,2026-02-20 11:47:38.052462,101
D_STR04546,D_U0024,D0020,2026-03-04 13:19:23.560949,291
D_STR04547,D_U0072,D0041,2026-02-20 21:26:52.991271,168
D_STR04548,D_U0055,D0018,2026-02-28 09:26:09.491552,164
D_STR04549,D_U0083,D0039,2026-02-23 05:10:04.735380,52
D_STR04550,D_U0008,D0050,2026-03-05 07:36:38.636658,157
D_STR04551,D_U0087,D0004,2026-02-25 14:33:49.037536,68
D_STR04552,D_U0090,D0034,2026-02-05 19:17:28.474960,24
D_STR04553,D_U0059,D0047,2026-02-11 11:07:06.195894,111
D_STR04554,D_U0004,D0017,2026-02-07 20:22:29.806612,165
D_STR04555,D_U0052,D0021,2026-03-04 15:35:03.917228,82
D_STR04556,D_U0056,D0032,2026-02-07 06:34:40.966202,109
D_STR04557,D_U0082,D0037,2026-02-14 10:13:50.321836,288
D_STR04558,D_U0040,D0037,2026-02-04 18:24:34.859245,127
D_STR04559,D_U0015,D0028,2026-02-28 18:15:33.992904,104
D_STR04560,D_U0014,D0011,2026-02-05 05:46:47.502737,75
D_STR04561,D_U0090,D0034,2026-02-25 21:02:57.860711,162
D_STR04562,D_U0100,D0047,2026-02-09 23:17:59.051708,224
D_STR04563,D_U0014,D0050,2026-02-27 08:34:53.782646,129
D_STR04564,D_U0059,D0047,2026-02-25 16:42:10.416238,87
D_STR04565,D_U0055,D0050,2026-02-25 09:58:21.125339,157
D_STR04566,D_U0011,D0046,2026-03-05 12:49:56.222411,136
D_STR04567,D_U0078,D0011,2026-02-12 18:32:37.779305,162
D_STR04568,D_U0065,D0035,2026-02-26 21:35:55.604435,128
D_STR04569,D_U0060,D0022,2026-02-05 11:01:50.698025,159
D_STR04570,D_U0054,D0044,2026-02-10 03:14:11.411169,255
D_STR04571,D_U0033,D0014,2026-02-12 17:38:49.124998,115
D_STR04572,D_U0042,D0045,2026-03-03 21:19:47.104039,127
D_STR04573,D_U0064,D0036,2026-02-23 17:08:46.838725,144
D_STR04574,D_U0092,D0020,2026-02-09 03:49:29.085772,174
D_STR04575,D_U0003,D0038,2026-02-14 19:14:13.077773,95
D_STR04576,D_U0075,D0013,2026-02-08 20:09:36.817998,49
D_STR04577,D_U0094,D0046,2026-02-13 17:10:19.762840,75
D_STR04578,D_U0094,D0030,2026-03-03 20:41:55.739373,187
D_STR04579,D_U0049,D0027,2026-02-16 02:32:52.977550,94
D_STR04580,D_U0009,D0021,2026-02-21 05:50:07.634250,141
D_STR04581,D_U0086,D0033,2026-02-16 21:51:44.838807,45
D_STR04582,D_U0018,D0045,2026-02-28 22:09:22.401533,212
D_STR04583,D_U0098,D0036,2026-02-21 10:08:39.498741,154
D_STR04584,D_U0011,D0021,2026-02-15 21:38:00.067633,134
D_STR04585,D_U0011,D0048,2026-02-24 21:32:51.030869,129
D_STR04586,D_U0026,D0050,2026-02-12 10:53:58.392900,263
D_STR04587,D_U0055,D0033,2026-03-02 05:57:45.884273,138
D_STR04588,D_U0018,D0021,2026-02-15 20:34:10.573470,90
D_STR04589,D_U0089,D0024,2026-02-17 10:06:29.414020,104
D_STR04590,D_U0079,D0038,2026-02-11 12:44:17.174071,78
D_STR04591,D_U0055,D0010,2026-03-05 10:23:22.744117,223
D_STR04592,D_U0005,D0028,2026-03-05 14:10:48.564740,54
D_STR04593,D_U0095,D0009,2026-02-26 22:32:34.322215,55
D_STR04594,D_U0073,D0011,2026-02-08 10:49:22.026814,171
D_STR04595,D_U0006,D0029,2026-02-26 11:22:03.390090,168
D_STR04596,D_U0012,D0028,2026-02-10 21:50:30.723739,51
D_STR04597,D_U0007,D0031,2026-02-11 08:00:25.493352,16
D_STR04598,D_U0068,D0049,2026-02-09 11:39:40.852432,22
D_STR04599,D_U0025,D0040,2026-02-28 19:23:03.210612,141
D_STR04600,D_U0045,D0038,2026-02-12 00:14:00.806384,23
D_STR04601,D_U0007,D0045,2026-03-03 20:49:39.124312,229
D_STR04602,D_U0066,D0042,2026-02-11 14:45:08.064476,215
D_STR04603,D_U0024,D0033,2026-02-24 08:22:03.457436,14
D_STR04604,D_U0080,D0046,2026-02-24 02:02:07.138674,188
D_STR04605,D_U0041,D0050,2026-03-03 03:10:50.175632,57
D_STR04606,D_U0097,D0050,2026-02-26 10:49:48.156777,90
D_STR04607,D_U0011,D0024,2026-02-26 15:06:37.497775,169
D_STR04608,D_U0001,D0025,2026-02-21 23:43:53.018497,136
D_STR04609,D_U0061,D0044,2026-03-03 03:23:34.168439,21
D_STR04610,D_U0007,D0042,2026-03-03 14:31:50.196014,129
D_STR04611,D_U0055,D0024,2026-02-23 02:04:29.422842,34
D_STR04612,D_U0024,D0035,2026-02-21 07:08:29.331627,61
D_STR04613,D_U0087,D0031,2026-02-14 03:29:22.622265,144
D_STR04614,D_U0096,D0039,2026-02-07 15:12:31.521111,82
D_STR04615,D_U0001,D0009,2026-02-21 10:25:15.613992,29
D_STR04616,D_U0079,D0021,2026-02-05 03:36:24.798867,194
D_STR04617,D_U0081,D0034,2026-02-28 23:49:46.497983,67
D_STR04618,D_U0001,D0043,2026-02-09 12:03:01.027587,166
D_STR04619,D_U0070,D0046,2026-02-07 22:39:33.780293,196
D_STR04620,D_U0098,D0011,2026-02-08 23:01:47.266712,114
D_STR04621,D_U0005,D0010,2026-03-04 19:32:39.331785,219
D_STR04622,D_U0066,D0040,2026-02-09 20:45:46.372844,74
D_STR04623,D_U0100,D0040,2026-02-23 21:22:05.038215,193
D_STR04624,D_U0052,D0029,2026-02-13 20:48:49.454995,68
D_STR04625,D_U0069,D0034,2026-02-18 22:57:04.057270,172
D_STR04626,D_U0049,D0049,2026-02-09 07:45:05.822572,29
D_STR04627,D_U0048,D0042,2026-02-24 03:45:02.260086,331
D_STR04628,D_U0082,D0045,2026-02-18 00:31:49.351496,102
D_STR04629,D_U0058,D0038,2026-02-06 17:08:30.441020,35
D_STR04630,D_U0008,D0046,2026-02-24 16:41:48.867123,128
D_STR04631,D_U0075,D0023,2026-03-01 07:01:19.178123,88
D_STR04632,D_U0079,D0030,2026-02-22 10:48:39.801099,82
D_STR04633,D_U0010,D0033,2026-02-05 17:30:06.242037,58
D_STR04634,D_U0029,D0048,2026-02-16 09:29:54.366820,179
D_STR04635,D_U0057,D0018,2026-02-18 23:06:19.833220,46
D_STR04636,D_U0034,D0026,2026-02-12 01:27:00.441786,99
D_STR04637,D_U0043,D0039,2026-02-10 14:19:28.690476,156
D_STR04638,D_U0029,D0034,2026-02-11 03:26:10.864283,170
D_STR04639,D_U0089,D0016,2026-02-10 09:28:31.801808,41
D_STR04640,D_U0059,D0039,2026-02-11 11:53:56.194238,117
D_STR04641,D_U0077,D0049,2026-02-06 18:59:20.896801,91
D_STR04642,D_U0008,D0049,2026-03-01 18:41:54.387838,181
D_STR04643,D_U0071,D0046,2026-03-04 03:47:34.749957,97
D_STR04644,D_U0090,D0015,2026-02-17 21:17:13.977211,317
D_STR04645,D_U0058,D0031,2026-02-13 10:56:46.536805,152
D_STR04646,D_U0035,D0030,2026-02-07 18:15:40.040891,136
D_STR04647,D_U0009,D0034,2026-02-08 19:29:57.569191,40
D_STR04648,D_U0058,D0019,2026-02-15 15:27:01.465833,144
D_STR04649,D_U0055,D0045,2026-02-27 01:15:01.764748,125
D_STR04650,D_U0099,D0030,2026-03-03 02:04:54.353625,61
D_STR04651,D_U0041,D0031,2026-02-23 17:32:39.048146,34
D_STR04652,D_U0016,D0023,2026-02-19 04:05:35.362374,47
D_STR04653,D_U0022,D0044,2026-02-26 13:36:47.783894,113
D_STR04654,D_U0089,D0012,2026-02-05 17:06:16.213676,227
D_STR04655,D_U0091,D0041,2026-02-19 14:15:31.419419,80
D_STR04656,D_U0044,D0024,2026-02-18 21:50:26.520019,28
D_STR04657,D_U0041,D0046,2026-02-27 18:11:18.352207,19
D_STR04658,D_U0045,D0025,2026-02-11 08:55:20.567072,60
D_STR04659,D_U0038,D0028,2026-02-06 00:38:06.089656,114
D_STR04660,D_U0064,D0026,2026-02-05 13:40:12.302289,29
D_STR04661,D_U0077,D0041,2026-03-04 22:42:19.366050,79
D_STR04662,D_U0033,D0043,2026-02-23 08:25:33.086004,144
D_STR04663,D_U0070,D0028,2026-03-05 22:39:29.955667,206
D_STR04664,D_U0094,D0041,2026-02-15 00:48:45.043353,142
D_STR04665,D_U0088,D0019,2026-02-19 21:55:00.187971,88
D_STR04666,D_U0085,D0041,2026-03-01 03:38:48.643892,7
D_STR04667,D_U0017,D0037,2026-02-13 05:29:35.021507,8
D_STR04668,D_U0081,D0008,2026-02-19 08:51:11.553518,114
D_STR04669,D_U0049,D0034,2026-02-23 04:39:16.029047,172
D_STR04670,D_U0012,D0041,2026-02-27 02:38:36.642945,30
D_STR04671,D_U0083,D0020,2026-02-26 05:58:19.418048,155
D_STR04672,D_U0097,D0025,2026-02-05 15:00:35.966810,31
D_STR04673,D_U0020,D0048,2026-02-22 17:07:13.383463,121
D_STR04674,D_U0040,D0037,2026-02-09 05:33:33.154691,150
D_STR04675,D_U0100,D0018,2026-02-23 01:25:34.812495,63
D_STR04676,D_U0061,D0037,2026-03-04 06:08:59.198961,217
D_STR04677,D_U0025,D0015,2026-02-04 21:39:58.290234,261
D_STR04678,D_U0091,D0034,2026-02-24 00:29:52.805928,14
D_STR04679,D_U0014,D0037,2026-02-08 09:09:44.023880,216
D_STR04680,D_U0030,D0027,2026-02-15 22:23:01.813788,93
D_STR04681,D_U0052,D0039,2026-03-05 08:17:52.080485,284
D_STR04682,D_U0073,D0042,2026-03-01 10:31:25.880281,276
D_STR04683,D_U0057,D0043,2026-02-22 20:01:35.287881,38
D_STR04684,D_U0038,D0017,2026-03-05 08:17:12.526076,127
D_STR04685,D_U0023,D0048,2026-02-22 06:29:18.648323,109
D_STR04686,D_U0047,D0037,2026-02-14 20:24:54.948697,176
D_STR04687,D_U0068,D0044,2026-02-06 00:16:52.194017,35
D_STR04688,D_U0026,D0048,2026-03-04 08:26:09.639744,157
D_STR04689,D_U0079,D0034,2026-02-17 23:42:33.901591,74
D_STR04690,D_U0059,D0036,2026-02-04 12:29:26.854803,23
D_STR04691,D_U0049,D0044,2026-02-06 19:11:51.033098,264
D_STR04692,D_U0053,D0004,2026-02-16 19:16:11.542283,21
D_STR04693,D_U0016,D0050,2026-02-26 02:28:04.952919,59
D_STR04694,D_U0036,D0043,2026-02-16 18:14:34.136740,105
D_STR04695,D_U0039,D0019,2026-02-15 14:47:32.109735,44
D_STR04696,D_U0036,D0022,2026-02-22 11:03:00.618298,38
D_STR04697,D_U0051,D0045,2026-02-24 06:04:26.830384,67
D_STR04698,D_U0008,D0047,2026-03-06 08:00:22.597958,180
D_STR04699,D_U0021,D0021,2026-02-19 14:04:53.740768,126
D_STR04700,D_U0065,D0028,2026-02-16 07:36:02.227921,7
D_STR04701,D_U0057,D0049,2026-02-08 07:51:00.727978,65
D_STR04702,D_U0064,D0049,2026-02-15 22:21:16.562309,198
D_STR04703,D_U0052,D0046,2026-02-25 15:24:54.285363,245
D_STR04704,D_U0079,D0028,2026-02-13 16:57:21.425261,41
D_STR04705,D_U0066,D0043,2026-02-09 06:17:52.387533,92
D_STR04706,D_U0022,D0049,2026-02-16 16:56:20.347400,177
D_STR04707,D_U0084,D0028,2026-02-11 10:38:50.245773,123
D_STR04708,D_U0086,D0044,2026-02-20 12:35:53.509921,270
D_STR04709,D_U0021,D0031,2026-02-27 21:56:01.997129,72
D_STR04710,D_U0072,D0024,2026-02-14 17:31:22.936757,138
D_STR04711,D_U0092,D0049,2026-02-22 00:59:58.672071,26
D_STR04712,D_U0097,D0025,2026-03-04 06:59:41.092830,19
D_STR04713,D_U0037,D0002,2026-02-15 09:29:44.848412,45
D_STR04714,D_U0062,D0036,2026-02-28 05:43:41.757402,223
D_STR04715,D_U0053,D0034,2026-02-08 21:17:59.275729,160
D_STR04716,D_U0052,D0015,2026-02-28 07:05:04.255302,202
D_STR04717,D_U0082,D0026,2026-02-24 18:07:58.011128,73
D_STR04718,D_U0075,D0025,2026-02-17 17:45:43.280276,109
D_STR04719,D_U0032,D0044,2026-02-06 06:14:53.279149,236
D_STR04720,D_U0083,D0046,2026-02-12 18:30:30.172279,178
D_STR04721,D_U0025,D0032,2026-02-07 12:55:31.222220,21
D_STR04722,D_U0004,D0024,2026-02-11 20:29:16.468928,227
D_STR04723,D_U0037,D0033,2026-02-10 01:16:01.532539,104
D_STR04724,D_U0027,D0044,2026-02-10 21:02:20.333717,152
D_STR04725,D_U0036,D0039,2026-02-17 05:45:03.535205,109
D_STR04726,D_U0027,D0026,2026-02-11 08:29:42.807478,70
D_STR04727,D_U0031,D0040,2026-02-27 12:34:46.654461,271
D_STR04728,D_U0091,D0047,2026-02-21 20:40:34.676177,208
D_STR04729,D_U0040,D0036,2026-02-12 02:20:21.113166,63
D_STR04730,D_U0098,D0020,2026-02-12 00:01:52.490736,30
D_STR04731,D_U0085,D0026,2026-02-09 19:25:06.932795,82
D_STR04732,D_U0061,D0009,2026-02-22 08:12:25.973712,62
D_STR04733,D_U0020,D0032,2026-02-20 16:50:08.652672,53
D_STR04734,D_U0030,D0021,2026-02-14 13:23:27.226365,187
D_STR04735,D_U0095,D0047,2026-02-14 10:42:49.587331,52
D_STR04736,D_U0064,D0029,2026-02-04 19:25:07.238902,16
D_STR04737,D_U0051,D0016,2026-02-09 00:39:02.634654,38
D_STR04738,D_U0052,D0045,2026-02-24 05:25:14.611531,37
D_STR04739,D_U0066,D0023,2026-03-01 05:05:24.016228,58
D_STR04740,D_U0091,D0022,2026-03-05 20:47:36.035575,30
D_STR04741,D_U0039,D0032,2026-02-18 17:24:03.726509,5
D_STR04742,D_U0076,D0040,2026-02-06 07:20:16.870110,76
D_STR04743,D_U0088,D0045,2026-03-03 07:47:40.469868,18
D_STR04744,D_U0061,D0049,2026-03-02 05:58:49.230306,58
D_STR04745,D_U0043,D0018,2026-02-26 06:33:18.372491,124
D_STR04746,D_U0034,D0049,2026-02-04 20:39:16.964061,8
D_STR04747,D_U0050,D0028,2026-02-18 21:14:46.327975,155
D_STR04748,D_U0005,D0034,2026-02-16 13:19:00.400944,103
D_STR04749,D_U0032,D0034,2026-02-16 22:44:28.722324,76
D_STR04750,D_U0071,D0025,2026-02-07 08:42:24.116834,155
D_STR04751,D_U0074,D0040,2026-02-26 00:32:58.354671,198
D_STR04752,D_U0037,D0044,2026-02-05 16:38:16.683422,287
D_STR04753,D_U0016,D0032,2026-02-18 09:28:04.591379,83
D_STR04754,D_U0086,D0019,2026-02-20 05:58:57.106390,70
D_STR04755,D_U0070,D0046,2026-02-19 00:10:24.148519,68
D_STR04756,D_U0088,D0031,2026-02-15 06:12:13.398699,35
D_STR04757,D_U0042,D0034,2026-02-11 12:57:20.107048,157
D_STR04758,D_U0031,D0027,2026-02-24 23:49:51.242061,74
D_STR04759,D_U0055,D0026,2026-02-15 17:11:51.389831,32
D_STR04760,D_U0071,D0003,2026-02-23 09:42:04.538590,27
D_STR04761,D_U0041,D0039,2026-02-13 14:28:27.501312,175
D_STR04762,D_U0095,D0037,2026-02-06 08:27:42.797666,315
D_STR04763,D_U0025,D0035,2026-02-21 11:24:47.282315,37
D_STR04764,D_U0092,D0044,2026-02-12 12:02:31.893100,130
D_STR04765,D_U0062,D0026,2026-03-04 04:39:09.498504,18
D_STR04766,D_U0063,D0036,2026-02-04 18:25:00.367495,182
D_STR04767,D_U0062,D0041,2026-02-14 03:46:33.860404,163
D_STR04768,D_U0090,D0041,2026-02-20 14:34:07.335102,165
D_STR04769,D_U0062,D0028,2026-02-07 11:29:51.810257,153
D_STR04770,D_U0083,D0046,2026-02-13 02:39:45.399179,22
D_STR04771,D_U0084,D0004,2026-03-02 05:42:34.240966,138
D_STR04772,D_U0033,D0033,2026-02-24 22:23:27.568247,136
D_STR04773,D_U0028,D0048,2026-03-04 18:27:13.730171,168
D_STR04774,D_U0028,D0010,2026-02-23 15:13:05.609964,134
D_STR04775,D_U0086,D0014,2026-03-01 02:44:14.317877,254
D_STR04776,D_U0093,D0012,2026-02-27 01:06:02.035076,112
D_STR04777,D_U0077,D0029,2026-02-05 20:20:27.930447,53
D_STR04778,D_U0053,D0033,2026-02-13 00:36:20.747117,230
D_STR04779,D_U0008,D0043,2026-02-25 19:45:08.002956,113
D_STR04780,D_U0055,D0028,2026-02-11 23:07:38.536208,37
D_STR04781,D_U0074,D0044,2026-02-17 17:16:35.808958,101
D_STR04782,D_U0039,D0033,2026-02-23 13:56:03.148323,65
D_STR04783,D_U0027,D0036,2026-02-27 00:26:24.416604,247
D_STR04784,D_U0001,D0044,2026-02-25 01:03:27.026384,295
D_STR04785,D_U0053,D0021,2026-03-03 12:54:32.739490,146
D_STR04786,D_U0015,D0050,2026-03-01 18:00:08.546687,165
D_STR04787,D_U0032,D0019,2026-02-05 03:28:17.323536,46
D_STR04788,D_U0024,D0036,2026-02-05 22:54:41.055773,202
D_STR04789,D_U0059,D0043,2026-02-08 19:50:08.604809,172
D_STR04790,D_U0092,D0042,2026-03-03 03:06:15.722817,282
D_STR04791,D_U0098,D0025,2026-02-12 16:48:27.551692,188
D_STR04792,D_U0072,D0041,2026-02-17 01:26:55.667393,172
D_STR04793,D_U0084,D0034,2026-02-18 22:49:16.592983,23
D_STR04794,D_U0036,D0048,2026-03-03 07:39:03.767021,185
D_STR04795,D_U0029,D0047,2026-02-27 00:16:30.199458,199
D_STR04796,D_U0067,D0050,2026-02-15 14:40:19.536618,129
D_STR04797,D_U0090,D0024,2026-03-02 22:56:44.766372,182
D_STR04798,D_U0005,D0047,2026-02-09 05:42:04.015348,159
D_STR04799,D_U0085,D0046,2026-03-02 22:37:07.514055,165
D_STR04800,D_U0060,D0040,2026-02-13 03:11:49.772830,89
D_STR04801,D_U0078,D0011,2026-02-28 14:22:58.126795,92
D_STR04802,D_U0016,D0037,2026-02-17 09:10:17.145693,265
D_STR04803,D_U0100,D0011,2026-02-12 08:49:35.451742,67
D_STR04804,D_U0039,D0024,2026-02-04 09:49:40.880044,100
D_STR04805,D_U0060,D0043,2026-02-14 04:43:27.545319,6
D_STR04806,D_U0100,D0036,2026-02-26 23:25:51.808915,164
D_STR04807,D_U0079,D0044,2026-03-03 23:44:01.918398,259
D_STR04808,D_U0036,D0049,2026-03-06 04:39:07.027015,63
D_STR04809,D_U0010,D0050,2026-02-18 13:48:11.132222,146
D_STR04810,D_U0025,D0040,2026-03-03 14:43:27.847978,135
D_STR04811,D_U0040,D0041,2026-02-07 04:50:45.214455,83
D_STR04812,D_U0063,D0037,2026-02-23 20:57:04.559931,215
D_STR04813,D_U0043,D0049,2026-02-06 00:39:51.043391,206
D_STR04814,D_U0009,D0003,2026-03-03 05:30:38.724631,149
D_STR04815,D_U0068,D0010,2026-02-24 16:32:35.199641,129
D_STR04816,D_U0037,D0039,2026-02-12 00:13:06.623234,72
D_STR04817,D_U0023,D0043,2026-02-06 01:47:57.373985,6
D_STR04818,D_U0093,D0004,2026-02-23 06:08:09.230895,33
D_STR04819,D_U0016,D0040,2026-02-27 16:13:46.965829,122
D_STR04820,D_U0073,D0043,2026-02-22 07:44:11.339114,194
D_STR04821,D_U0011,D0049,2026-02-17 02:04:42.424872,41
D_STR04822,D_U0100,D0043,2026-03-01 23:27:51.505779,189
D_STR04823,D_U0027,D0019,2026-02-20 00:33:29.548492,229
D_STR04824,D_U0066,D0048,2026-02-25 18:10:19.812056,198
D_STR04825,D_U0054,D0028,2026-02-16 12:54:32.634089,50
D_STR04826,D_U0093,D0027,2026-03-05 03:56:53.567441,120
D_STR04827,D_U0016,D0038,2026-02-11 01:45:35.943848,139
D_STR04828,D_U0031,D0015,2026-03-04 22:48:24.367693,176
D_STR04829,D_U0084,D0017,2026-02-07 08:22:21.375472,159
D_STR04830,D_U0070,D0013,2026-02-09 13:41:41.972694,116
D_STR04831,D_U0015,D0037,2026-02-16 05:15:04.213901,257
D_STR04832,D_U0057,D0029,2026-02-22 09:39:42.994606,74
D_STR04833,D_U0077,D0023,2026-02-09 16:07:50.110644,9
D_STR04834,D_U0086,D0024,2026-02-20 21:42:04.192434,246
D_STR04835,D_U0044,D0040,2026-02-19 05:35:45.495111,10
D_STR04836,D_U0065,D0032,2026-02-10 05:32:46.928761,45
D_STR04837,D_U0005,D0046,2026-02-17 18:57:52.882254,77
D_STR04838,D_U0032,D0027,2026-02-11 11:42:05.647974,50
D_STR04839,D_U0025,D0023,2026-03-05 19:23:52.816290,116
D_STR04840,D_U0007,D0045,2026-02-21 01:41:42.728195,186
D_STR04841,D_U0080,D0040,2026-03-05 02:48:59.193209,252
D_STR04842,D_U0001,D0019,2026-02-16 16:25:07.923216,233
D_STR04843,D_U0039,D0036,2026-02-11 08:50:25.938624,140
D_STR04844,D_U0011,D0019,2026-02-28 15:55:21.707894,146
D_STR04845,D_U0053,D0040,2026-02-04 14:34:16.037491,52
D_STR04846,D_U0092,D0029,2026-03-01 13:14:03.848020,164
D_STR04847,D_U0002,D0025,2026-02-04 10:53:43.510982,147
D_STR04848,D_U0010,D0031,2026-02-05 18:38:11.963835,88
D_STR04849,D_U0032,D0022,2026-02-13 14:54:09.624168,65
D_STR04850,D_U0099,D0024,2026-03-06 02:37:44.501089,125
D_STR04851,D_U0064,D0050,2026-02-24 23:57:37.338657,211
D_STR04852,D_U0029,D0016,2026-02-19 10:54:24.088759,25
D_STR04853,D_U0033,D0015,2026-03-03 12:08:40.216853,176
D_STR04854,D_U0031,D0042,2026-02-17 09:30:16.246697,26
D_STR04855,D_U0041,D0034,2026-02-24 19:04:09.554151,97
D_STR04856,D_U0099,D0044,2026-03-05 18:51:30.843322,128
D_STR04857,D_U0067,D0045,2026-02-15 05:37:31.115291,202
D_STR04858,D_U0027,D0021,2026-02-10 22:41:50.327485,176
D_STR04859,D_U0026,D0024,2026-02-18 23:55:45.689122,243
D_STR04860,D_U0032,D0035,2026-02-23 05:43:06.342828,53
D_STR04861,D_U0043,D0028,2026-02-20 18:05:28.155459,128
D_STR04862,D_U0013,D0044,2026-02-26 11:24:16.179630,251
D_STR04863,D_U0066,D0038,2026-02-21 11:00:12.550635,133
D_STR04864,D_U0095,D0047,2026-02-19 04:08:53.979425,73
D_STR04865,D_U0048,D0040,2026-03-03 23:22:49.178405,328
D_STR04866,D_U0089,D0034,2026-02-15 09:19:51.737476,93
D_STR04867,D_U0075,D0044,2026-02-28 04:25:26.996490,130
D_STR04868,D_U0059,D0048,2026-03-05 02:06:45.720615,138
D_STR04869,D_U0094,D0041,2026-02-17 06:03:00.544647,118
D_STR04870,D_U0023,D0025,2026-02-24 09:17:48.042932,70
D_STR04871,D_U0081,D0019,2026-02-07 06:53:50.430588,134
D_STR04872,D_U0064,D0034,2026-02-20 14:58:07.470979,157
D_STR04873,D_U0008,D0045,2026-03-03 06:10:30.477595,148
D_STR04874,D_U0069,D0046,2026-02-20 13:34:13.781726,48
D_STR04875,D_U0065,D0039,2026-02-08 05:27:42.468473,106
D_STR04876,D_U0056,D0012,2026-02-17 16:29:48.056672,14
D_STR04877,D_U0024,D0033,2026-02-17 06:19:23.691263,211
D_STR04878,D_U0093,D0019,2026-02-12 23:43:56.088448,71
D_STR04879,D_U0051,D0036,2026-02-24 00:46:37.735020,38
D_STR04880,D_U0016,D0044,2026-02-20 20:11:19.891103,317
D_STR04881,D_U0012,D0032,2026-02-04 20:14:51.269329,216
D_STR04882,D_U0075,D0026,2026-02-16 09:36:47.434532,6
D_STR04883,D_U0079,D0039,2026-02-26 07:15:43.832870,7
D_STR04884,D_U0096,D0036,2026-02-12 18:36:31.733868,214
D_STR04885,D_U0001,D0050,2026-02-13 20:59:21.821126,328
D_STR04886,D_U0017,D0048,2026-03-02 10:50:25.111997,206
D_STR04887,D_U0056,D0039,2026-02-15 04:41:49.506562,106
D_STR04888,D_U0046,D0047,2026-02-04 18:15:58.303723,80
D_STR04889,D_U0091,D0046,2026-02-20 22:11:20.010399,106
D_STR04890,D_U0032,D0036,2026-03-01 21:19:47.735631,12
D_STR04891,D_U0014,D0024,2026-02-09 10:35:34.398026,125
D_STR04892,D_U0044,D0010,2026-03-01 11:05:38.464033,114
D_STR04893,D_U0032,D0037,2026-02-13 09:30:31.983379,307
D_STR04894,D_U0011,D0040,2026-02-18 05:39:35.214747,94
D_STR04895,D_U0055,D0029,2026-02-24 11:04:08.918354,19
D_STR04896,D_U0088,D0049,2026-02-19 21:58:54.016308,74
D_STR04897,D_U0039,D0038,2026-03-02 17:41:59.370559,175
D_STR04898,D_U0036,D0018,2026-02-21 02:31:38.599340,158
D_STR04899,D_U0075,D0038,2026-02-25 02:05:52.621425,73
D_STR04900,D_U0032,D0031,2026-02-26 19:17:08.555152,121
D_STR04901,D_U0044,D0018,2026-02-05 14:15:43.582778,183
D_STR04902,D_U0010,D0025,2026-02-28 02:11:20.147155,145
D_STR04903,D_U0076,D0043,2026-03-01 15:00:30.231906,179
D_STR04904,D_U0050,D0010,2026-02-13 15:51:29.705089,227
D_STR04905,D_U0073,D0035,2026-02-06 11:59:50.048696,187
D_STR04906,D_U0078,D0043,2026-02-14 20:25:13.526011,192
D_STR04907,D_U0025,D0036,2026-02-20 02:57:41.930218,151
D_STR04908,D_U0032,D0029,2026-02-16 12:29:15.620209,140
D_STR04909,D_U0058,D0029,2026-02-10 10:04:40.468773,164
D_STR04910,D_U0025,D0047,2026-02-13 20:20:16.224088,177
D_STR04911,D_U0015,D0048,2026-02-10 19:59:02.320010,123
D_STR04912,D_U0004,D0042,2026-03-03 13:44:02.953162,89
D_STR04913,D_U0013,D0024,2026-02-18 11:59:32.148445,290
D_STR04914,D_U0072,D0007,2026-02-25 23:41:27.996286,292
D_STR04915,D_U0050,D0018,2026-02-28 11:14:51.832510,22
D_STR04916,D_U0039,D0027,2026-02-25 14:45:17.438137,60
D_STR04917,D_U0047,D0022,2026-02-12 07:59:58.172022,55
D_STR04918,D_U0100,D0020,2026-02-21 12:53:46.006983,231
D_STR04919,D_U0100,D0031,2026-02-07 08:17:54.264651,57
D_STR04920,D_U0077,D0047,2026-02-05 13:14:52.873498,45
D_STR04921,D_U0097,D0030,2026-02-12 10:34:51.668629,181
D_STR04922,D_U0080,D0045,2026-02-23 05:41:26.240887,172
D_STR04923,D_U0003,D0045,2026-02-05 02:53:20.047237,110
D_STR04924,D_U0066,D0046,2026-02-08 23:19:33.038396,40
D_STR04925,D_U0077,D0044,2026-02-07 02:07:13.219839,219
D_STR04926,D_U0028,D0050,2026-02-20 07:45:49.055120,226
D_STR04927,D_U0036,D0042,2026-02-09 22:45:36.232043,247
D_STR04928,D_U0054,D0009,2026-02-20 02:29:34.450101,73
D_STR04929,D_U0063,D0046,2026-02-14 23:33:43.589911,216
D_STR04930,D_U0045,D0049,2026-02-26 12:42:47.364590,152
D_STR04931,D_U0040,D0025,2026-02-11 20:33:50.141117,20
D_STR04932,D_U0081,D0040,2026-02-19 20:10:39.786553,59
D_STR04933,D_U0009,D0020,2026-02-21 05:17:15.217632,318
D_STR04934,D_U0064,D0024,2026-02-23 01:18:15.178525,159
D_STR04935,D_U0074,D0040,2026-02-05 18:01:35.100192,18
D_STR04936,D_U0085,D0009,2026-02-23 23:00:15.243775,42
D_STR04937,D_U0056,D0047,2026-02-05 05:47:42.076322,111
D_STR04938,D_U0094,D0048,2026-02-27 12:38:09.834463,179
D_STR04939,D_U0017,D0043,2026-02-08 09:17:40.517060,55
D_STR04940,D_U0024,D0046,2026-02-12 10:53:43.196356,202
D_STR04941,D_U0064,D0027,2026-02-24 19:47:30.272565,127
D_STR04942,D_U0073,D0045,2026-02-13 09:18:45.638629,18
D_STR04943,D_U0018,D0036,2026-03-01 19:20:10.290287,223
D_STR04944,D_U0005,D0042,2026-03-01 06:59:05.430076,259
D_STR04945,D_U0029,D0026,2026-03-03 13:36:31.591958,128
D_STR04946,D_U0076,D0040,2026-02-22 00:47:02.949380,73
D_STR04947,D_U0021,D0022,2026-02-15 20:58:31.994188,89
D_STR04948,D_U0067,D0040,2026-02-24 21:00:48.450031,209
D_STR04949,D_U0023,D0042,2026-03-02 10:25:29.946010,160
D_STR04950,D_U0074,D0042,2026-02-22 11:22:39.053829,85
D_STR04951,D_U0010,D0038,2026-02-15 15:58:18.329011,143
D_STR04952,D_U0012,D0018,2026-03-03 18:35:13.106331,23
D_STR04953,D_U0063,D0037,2026-03-02 01:29:03.141979,247
D_STR04954,D_U0076,D0018,2026-02-10 05:47:46.362403,10
D_STR04955,D_U0030,D0040,2026-02-25 03:11:01.945115,195
D_STR04956,D_U0005,D0035,2026-02-12 05:09:48.940277,317
D_STR04957,D_U0079,D0032,2026-02-14 16:00:28.748559,14
D_STR04958,D_U0091,D0016,2026-03-03 04:15:29.795081,69
D_STR04959,D_U0016,D0025,2026-02-17 02:58:32.016302,159
D_STR04960,D_U0080,D0045,2026-03-02 13:19:22.200627,74
D_STR04961,D_U0081,D0049,2026-02-17 00:37:06.164527,76
D_STR04962,D_U0021,D0050,2026-02-06 13:24:03.938727,242
D_STR04963,D_U0025,D0035,2026-02-10 20:32:31.685374,339
D_STR04964,D_U0036,D0043,2026-02-09 13:46:54.094176,99
D_STR04965,D_U0002,D0046,2026-03-05 00:08:53.589280,207
D_STR04966,D_U0020,D0033,2026-02-25 08:39:30.980587,151
D_STR04967,D_U0026,D0050,2026-02-13 16:51:47.604157,266
D_STR04968,D_U0069,D0020,2026-02-20 20:46:57.110534,332
D_STR04969,D_U0087,D0044,2026-02-11 08:25:19.367014,222
D_STR04970,D_U0054,D0049,2026-03-04 06:57:34.701857,45
D_STR04971,D_U0082,D0028,2026-02-28 21:08:33.992485,171
D_STR04972,D_U0046,D0047,2026-03-01 12:10:03.381052,185
D_STR04973,D_U0060,D0026,2026-02-10 22:27:11.998052,84
D_STR04974,D_U0074,D0014,2026-03-01 21:35:36.380560,80
D_STR04975,D_U0085,D0030,2026-03-01 13:32:06.507072,46
D_STR04976,D_U0095,D0017,2026-02-06 21:46:40.503935,46
D_STR04977,D_U0015,D0049,2026-02-18 23:58:04.172816,99
D_STR04978,D_U0050,D0050,2026-02-05 17:19:12.796179,141
D_STR04979,D_U0009,D0050,2026-02-20 09:26:34.613816,84
D_STR04980,D_U0100,D0047,2026-02-11 13:21:41.671948,29
D_STR04981,D_U0002,D0036,2026-02-25 02:51:27.529812,206
D_STR04982,D_U0004,D0005,2026-02-20 18:46:59.226293,115
D_STR04983,D_U0001,D0047,2026-02-17 23:26:20.223815,162
D_STR04984,D_U0029,D0024,2026-02-18 19:52:31.596575,68
D_STR04985,D_U0085,D0039,2026-02-16 04:11:17.765813,44
D_STR04986,D_U0091,D0043,2026-02-07 20:14:16.058642,68
D_STR04987,D_U0054,D0006,2026-03-02 20:45:41.336528,183
D_STR04988,D_U0086,D0039,2026-02-14 04:45:50.965771,128
D_STR04989,D_U0058,D0028,2026-02-23 18:59:28.032829,13
D_STR04990,D_U0015,D0042,2026-02-20 12:46:08.565829,168
D_STR04991,D_U0051,D0032,2026-02-23 23:31:33.339421,117
D_STR04992,D_U0025,D0031,2026-02-25 00:52:34.133294,104
D_STR04993,D_U0013,D0043,2026-03-05 18:29:20.785130,16
D_STR04994,D_U0086,D0039,2026-02-15 02:19:02.760670,221
D_STR04995,D_U0097,D0017,2026-02-09 18:06:14.556976,165
D_STR04996,D_U0010,D0016,2026-02-17 11:52:12.980620,17
D_STR04997,D_U0074,D0047,2026-02-11 09:10:16.609271,110
D_STR04998,D_U0100,D0031,2026-02-16 22:24:37.809321,43
D_STR04999,D_U0053,D0019,2026-02-17 23:56:12.557003,41
D_STR05000,D_U0004,D0045,2026-02-26 23:26:27.170711,185
D_STR05001,D_U0014,D0039,2026-02-20 00:36:26.575419,290
D_STR05002,D_U0049,D0026,2026-02-24 04:45:01.358326,40
D_STR05003,D_U0096,D0027,2026-02-09 18:28:22.725982,69
D_STR05004,D_U0066,D0041,2026-02-11 15:33:52.092016,99
D_STR05005,D_U0029,D0038,2026-02-20 16:46:58.059370,10
D_STR05006,D_U0054,D0044,2026-03-03 23:11:37.746758,116
D_STR05007,D_U0036,D0047,2026-03-04 02:05:39.719243,102
D_STR05008,D_U0031,D0036,2026-02-06 18:26:39.729420,209
D_STR05009,D_U0039,D0031,2026-02-11 23:30:24.824705,84
D_STR05010,D_U0040,D0041,2026-02-26 18:35:46.182022,103
D_STR05011,D_U0016,D0029,2026-03-04 06:04:30.699291,42
D_STR05012,D_U0034,D0035,2026-03-02 00:50:33.234033,230
D_STR05013,D_U0022,D0025,2026-02-08 20:20:07.164171,50
D_STR05014,D_U0008,D0048,2026-02-24 07:26:25.433592,197
D_STR05015,D_U0046,D0012,2026-03-01 01:57:34.340023,59
D_STR05016,D_U0018,D0040,2026-03-01 06:41:56.030051,333
D_STR05017,D_U0062,D0047,2026-02-08 04:15:02.384389,91
D_STR05018,D_U0082,D0028,2026-02-12 23:34:29.678502,100
D_STR05019,D_U0059,D0037,2026-03-02 01:58:42.006273,295
D_STR05020,D_U0049,D0018,2026-02-21 19:10:43.878046,114
D_STR05021,D_U0052,D0031,2026-02-19 03:30:56.885116,24
D_STR05022,D_U0026,D0025,2026-02-10 15:14:12.220402,27
D_STR05023,D_U0005,D0042,2026-03-06 05:13:13.644866,80
D_STR05024,D_U0024,D0045,2026-02-24 10:25:45.411342,62
D_STR05025,D_U0027,D0038,2026-02-20 13:39:00.116079,81
D_STR05026,D_U0022,D0043,2026-03-01 07:47:24.848156,169
D_STR05027,D_U0066,D0045,2026-02-18 03:16:04.059003,114
D_STR05028,D_U0062,D0015,2026-02-04 17:57:28.468381,190
D_STR05029,D_U0049,D0020,2026-02-28 16:29:26.195320,203
D_STR05030,D_U0018,D0032,2026-02-23 10:35:00.275166,87
D_STR05031,D_U0095,D0042,2026-02-19 22:39:38.941767,342
D_STR05032,D_U0003,D0049,2026-03-04 04:04:39.801470,81
D_STR05033,D_U0020,D0044,2026-02-05 13:03:08.785742,61
D_STR05034,D_U0034,D0030,2026-02-08 19:31:37.669917,158
D_STR05035,D_U0010,D0040,2026-02-11 02:01:45.446280,225
D_STR05036,D_U0034,D0050,2026-03-02 12:11:54.632855,283
D_STR05037,D_U0025,D0024,2026-03-04 23:00:22.541427,163
D_STR05038,D_U0065,D0042,2026-02-14 08:09:15.961443,135
D_STR05039,D_U0049,D0017,2026-03-02 03:10:24.215758,179
D_STR05040,D_U0050,D0046,2026-03-05 04:22:38.569780,242
D_STR05041,D_U0041,D0050,2026-02-11 03:21:47.058984,50
D_STR05042,D_U0042,D0031,2026-02-27 10:51:55.414678,155
D_STR05043,D_U0066,D0050,2026-02-26 19:46:53.575113,247
D_STR05044,D_U0054,D0019,2026-02-14 13:27:57.200530,79
D_STR05045,D_U0042,D0038,2026-02-17 06:06:07.769474,38
D_STR05046,D_U0040,D0002,2026-03-01 22:41:41.850788,75
D_STR05047,D_U0014,D0036,2026-02-13 12:44:05.918220,204
D_STR05048,D_U0078,D0037,2026-02-05 10:35:23.710635,172
D_STR05049,D_U0007,D0048,2026-02-22 09:55:42.117193,51
D_STR05050,D_U0048,D0034,2026-02-22 01:56:21.052646,178
D_STR05051,D_U0075,D0024,2026-02-24 13:01:17.811634,59
D_STR05052,D_U0011,D0027,2026-02-15 12:13:48.340678,65
D_STR05053,D_U0078,D0031,2026-03-03 13:30:04.933143,142
D_STR05054,D_U0065,D0049,2026-02-18 16:39:49.803685,34
D_STR05055,D_U0066,D0037,2026-02-17 00:59:24.399945,344
D_STR05056,D_U0049,D0043,2026-03-05 23:41:43.191753,64
D_STR05057,D_U0058,D0020,2026-02-22 00:34:25.200919,254
D_STR05058,D_U0077,D0016,2026-02-16 09:35:55.405480,67
D_STR05059,D_U0059,D0034,2026-02-21 21:51:34.381508,100
D_STR05060,D_U0058,D0032,2026-03-02 10:43:00.742229,31
D_STR05061,D_U0090,D0041,2026-03-03 13:34:46.450808,68
D_STR05062,D_U0093,D0019,2026-02-05 06:42:13.015327,205
D_STR05063,D_U0046,D0025,2026-03-03 19:35:51.212318,169
D_STR05064,D_U0002,D0049,2026-02-22 02:13:41.187160,220
D_STR05065,D_U0050,D0048,2026-02-19 22:28:41.709954,36
D_STR05066,D_U0051,D0047,2026-02-09 17:45:18.858065,58
D_STR05067,D_U0009,D0017,2026-02-27 18:22:55.284375,117
D_STR05068,D_U0084,D0024,2026-02-19 01:10:10.536931,203
D_STR05069,D_U0035,D0010,2026-02-18 09:28:52.160367,128
D_STR05070,D_U0058,D0040,2026-02-07 20:28:53.088144,34
D_STR05071,D_U0003,D0006,2026-03-04 19:23:02.046751,6
D_STR05072,D_U0033,D0016,2026-02-27 09:14:56.760250,23
D_STR05073,D_U0093,D0023,2026-02-16 02:43:23.064328,95
D_STR05074,D_U0048,D0025,2026-02-10 05:44:41.659750,83
D_STR05075,D_U0098,D0039,2026-02-15 02:03:16.445259,142
D_STR05076,D_U0017,D0026,2026-02-04 12:29:02.727443,91
D_STR05077,D_U0057,D0045,2026-02-22 15:51:11.855129,203
D_STR05078,D_U0066,D0031,2026-02-11 19:35:42.712753,91
D_STR05079,D_U0019,D0048,2026-02-05 12:29:40.412357,121
D_STR05080,D_U0025,D0043,2026-02-04 22:13:03.574895,72
D_STR05081,D_U0060,D0026,2026-02-27 16:34:00.835530,116
D_STR05082,D_U0056,D0037,2026-02-20 04:17:53.553319,135
D_STR05083,D_U0018,D0050,2026-02-20 22:26:41.163846,298
D_STR05084,D_U0021,D0041,2026-02-10 00:55:35.464541,33
D_STR05085,D_U0054,D0038,2026-02-16 11:58:28.742378,56
D_STR05086,D_U0076,D0028,2026-02-26 13:28:18.306402,228
D_STR05087,D_U0006,D0010,2026-02-22 11:02:57.125595,210
D_STR05088,D_U0040,D0038,2026-03-01 22:54:10.103402,17
D_STR05089,D_U0088,D0039,2026-02-23 17:10:27.528276,281
D_STR05090,D_U0019,D0026,2026-02-05 03:51:12.069824,103
D_STR05091,D_U0008,D0031,2026-02-23 06:36:44.074063,73
D_STR05092,D_U0006,D0026,2026-02-17 08:02:00.632859,103
D_STR05093,D_U0058,D0039,2026-02-07 15:50:25.054412,72
D_STR05094,D_U0034,D0043,2026-02-09 21:21:26.897332,91
D_STR05095,D_U0004,D0023,2026-02-15 10:33:58.224887,14
D_STR05096,D_U0085,D0029,2026-02-27 17:47:35.928162,82
D_STR05097,D_U0087,D0029,2026-02-14 23:17:25.147855,158
D_STR05098,D_U0058,D0043,2026-02-24 09:28:30.778606,6
D_STR05099,D_U0056,D0027,2026-03-05 19:44:14.593216,21
D_STR05100,D_U0005,D0009,2026-03-02 16:23:25.535302,38
D_STR05101,D_U0017,D0041,2026-02-27 11:48:12.557069,149
D_STR05102,D_U0024,D0029,2026-02-09 11:36:41.259131,98
D_STR05103,D_U0029,D0022,2026-03-01 23:07:22.605809,96
D_STR05104,D_U0059,D0034,2026-02-14 13:04:23.374304,7
D_STR05105,D_U0093,D0047,2026-02-06 02:07:13.648085,40
D_STR05106,D_U0008,D0028,2026-03-01 05:26:20.285619,155
D_STR05107,D_U0057,D0017,2026-03-04 20:24:04.292759,197
D_STR05108,D_U0028,D0041,2026-02-22 22:44:02.134915,39
D_STR05109,D_U0032,D0034,2026-02-14 13:25:41.921020,85
D_STR05110,D_U0051,D0043,2026-02-14 14:19:07.830244,177
D_STR05111,D_U0044,D0014,2026-03-02 04:14:23.125948,50
D_STR05112,D_U0053,D0017,2026-02-11 19:20:27.838499,241
D_STR05113,D_U0004,D0036,2026-03-06 09:38:34.149045,14
D_STR05114,D_U0091,D0017,2026-02-18 09:45:43.859632,159
D_STR05115,D_U0073,D0046,2026-02-11 09:25:26.993571,37
D_STR05116,D_U0044,D0035,2026-02-20 23:52:00.934237,58
D_STR05117,D_U0085,D0048,2026-02-16 16:28:15.428268,132
D_STR05118,D_U0097,D0043,2026-03-02 20:00:26.294248,84
D_STR05119,D_U0011,D0036,2026-02-12 05:53:42.647524,37
D_STR05120,D_U0097,D0038,2026-02-15 10:53:00.068927,145
D_STR05121,D_U0081,D0007,2026-02-05 02:51:26.366857,16
D_STR05122,D_U0034,D0017,2026-02-18 15:15:53.054414,240
D_STR05123,D_U0050,D0017,2026-02-08 18:36:49.502944,121
D_STR05124,D_U0076,D0011,2026-02-28 05:53:17.623650,224
D_STR05125,D_U0067,D0025,2026-02-16 11:01:56.882670,196
D_STR05126,D_U0092,D0035,2026-02-04 10:24:14.384778,178
D_STR05127,D_U0020,D0043,2026-02-12 15:14:56.517616,189
D_STR05128,D_U0008,D0016,2026-02-28 21:14:44.365470,87
D_STR05129,D_U0050,D0021,2026-02-12 00:24:26.592061,8
D_STR05130,D_U0086,D0046,2026-02-04 23:45:27.899451,143
D_STR05131,D_U0038,D0041,2026-02-24 10:20:04.370758,79
D_STR05132,D_U0014,D0037,2026-02-16 02:44:38.084298,311
D_STR05133,D_U0084,D0015,2026-02-20 23:47:25.765148,30
D_STR05134,D_U0035,D0048,2026-02-05 04:17:08.729458,184
D_STR05135,D_U0023,D0012,2026-02-27 07:00:50.081260,237
D_STR05136,D_U0071,D0019,2026-02-15 10:21:29.692318,137
D_STR05137,D_U0027,D0043,2026-02-09 23:52:24.032973,99
D_STR05138,D_U0021,D0005,2026-03-02 16:02:11.333242,102
D_STR05139,D_U0039,D0038,2026-02-11 12:32:23.473636,58
D_STR05140,D_U0037,D0024,2026-02-15 12:31:23.874886,180
D_STR05141,D_U0003,D0025,2026-02-17 02:02:56.595568,5
D_STR05142,D_U0022,D0042,2026-02-24 14:36:06.907707,187
D_STR05143,D_U0027,D0045,2026-03-02 10:19:33.821165,33
D_STR05144,D_U0085,D0049,2026-02-22 22:53:12.662637,31
D_STR05145,D_U0020,D0047,2026-02-19 10:57:14.844554,157
D_STR05146,D_U0026,D0044,2026-02-10 17:49:38.480650,284
D_STR05147,D_U0034,D0032,2026-03-04 11:13:48.964224,200
D_STR05148,D_U0041,D0040,2026-03-01 23:42:33.440751,152
D_STR05149,D_U0094,D0050,2026-02-17 14:13:25.341215,179
D_STR05150,D_U0043,D0042,2026-02-12 10:27:45.714598,213
D_STR05151,D_U0046,D0050,2026-02-21 13:17:15.454264,281
D_STR05152,D_U0011,D0043,2026-02-10 21:00:27.656354,15
D_STR05153,D_U0002,D0041,2026-02-24 08:31:11.887681,85
D_STR05154,D_U0020,D0024,2026-02-25 17:15:23.261847,190
D_STR05155,D_U0041,D0039,2026-02-25 06:43:49.988636,188
D_STR05156,D_U0035,D0035,2026-02-07 22:10:19.830197,263
D_STR05157,D_U0038,D0033,2026-02-14 05:31:41.793858,121
D_STR05158,D_U0004,D0035,2026-02-05 05:58:54.559942,323
D_STR05159,D_U0004,D0043,2026-02-10 11:08:55.140896,157
D_STR05160,D_U0083,D0016,2026-02-12 08:25:36.568151,25
D_STR05161,D_U0085,D0030,2026-02-24 18:35:31.087260,120
D_STR05162,D_U0027,D0026,2026-02-20 00:06:05.862289,32
D_STR05163,D_U0010,D0032,2026-02-25 06:32:07.855529,98
D_STR05164,D_U0050,D0040,2026-03-05 15:08:36.148081,88
D_STR05165,D_U0010,D0041,2026-02-24 07:47:30.001300,70
D_STR05166,D_U0032,D0047,2026-02-08 23:05:09.861474,138
D_STR05167,D_U0096,D0015,2026-02-18 12:09:16.980459,207
D_STR05168,D_U0065,D0012,2026-03-05 08:16:11.674455,159
D_STR05169,D_U0096,D0042,2026-02-10 13:50:38.466550,143
D_STR05170,D_U0026,D0015,2026-02-22 05:54:17.581539,109
D_STR05171,D_U0081,D0039,2026-02-14 08:45:28.336776,198
D_STR05172,D_U0085,D0044,2026-02-24 06:59:44.587127,262
D_STR05173,D_U0081,D0046,2026-02-11 13:25:52.174938,110
D_STR05174,D_U0084,D0026,2026-03-04 16:24:49.287633,43
D_STR05175,D_U0057,D0019,2026-02-14 15:04:24.787255,8
D_STR05176,D_U0045,D0012,2026-02-23 10:47:36.066607,162
D_STR05177,D_U0074,D0049,2026-02-17 02:45:49.391726,222
D_STR05178,D_U0001,D0046,2026-02-26 15:58:23.629134,165
D_STR05179,D_U0043,D0041,2026-02-25 01:48:47.554563,170
D_STR05180,D_U0076,D0048,2026-02-18 13:53:58.166648,28
D_STR05181,D_U0005,D0027,2026-02-17 17:28:57.096711,27
D_STR05182,D_U0044,D0044,2026-02-23 04:49:11.484611,157
D_STR05183,D_U0068,D0042,2026-02-07 01:17:08.962507,290
D_STR05184,D_U0042,D0044,2026-02-21 06:26:47.694528,46
D_STR05185,D_U0092,D0018,2026-02-22 17:00:36.925271,27
D_STR05186,D_U0002,D0038,2026-02-21 01:35:55.195532,103
D_STR05187,D_U0081,D0038,2026-02-15 11:16:35.663543,126
D_STR05188,D_U0016,D0030,2026-02-21 17:46:30.672574,116
D_STR05189,D_U0094,D0042,2026-02-06 15:59:31.750104,171
D_STR05190,D_U0089,D0041,2026-02-13 20:15:32.544713,166
D_STR05191,D_U0031,D0043,2026-02-23 04:44:21.623726,146
D_STR05192,D_U0099,D0041,2026-02-17 15:03:35.479733,165
D_STR05193,D_U0097,D0023,2026-02-27 02:56:02.218405,26
D_STR05194,D_U0077,D0017,2026-02-24 21:43:21.694451,187
D_STR05195,D_U0018,D0045,2026-02-14 22:17:27.314951,134
D_STR05196,D_U0029,D0050,2026-02-24 11:48:27.635361,106
D_STR05197,D_U0058,D0046,2026-03-06 08:01:40.040941,207
D_STR05198,D_U0009,D0050,2026-03-02 16:00:38.327182,165
D_STR05199,D_U0034,D0047,2026-02-18 22:34:44.548143,35
D_STR05200,D_U0005,D0037,2026-02-16 21:24:27.012201,174
D_STR05201,D_U0072,D0038,2026-02-04 22:28:23.529621,15
D_STR05202,D_U0094,D0039,2026-02-07 06:23:35.006462,111
D_STR05203,D_U0021,D0029,2026-02-17 14:04:52.186603,68
D_STR05204,D_U0059,D0048,2026-02-17 14:19:45.344877,211
D_STR05205,D_U0061,D0043,2026-02-12 08:03:06.107743,51
D_STR05206,D_U0089,D0026,2026-02-12 20:09:44.915769,72
D_STR05207,D_U0016,D0042,2026-02-18 13:17:42.554078,157
D_STR05208,D_U0050,D0044,2026-02-05 10:58:19.554331,277
D_STR05209,D_U0026,D0041,2026-03-02 14:16:35.529030,160
D_STR05210,D_U0051,D0029,2026-02-20 01:46:21.340621,159
D_STR05211,D_U0053,D0042,2026-02-18 17:09:33.346326,281
D_STR05212,D_U0030,D0044,2026-02-22 15:16:02.831137,141
D_STR05213,D_U0085,D0039,2026-03-05 17:48:35.026726,174
D_STR05214,D_U0096,D0032,2026-02-11 18:41:07.848196,55
D_STR05215,D_U0012,D0030,2026-03-01 12:54:38.534361,42
D_STR05216,D_U0070,D0022,2026-02-06 08:21:15.416358,51
D_STR05217,D_U0083,D0034,2026-02-17 04:29:52.567018,58
D_STR05218,D_U0060,D0036,2026-02-28 17:48:47.915146,168
D_STR05219,D_U0007,D0039,2026-03-01 16:09:46.961090,257
D_STR05220,D_U0019,D0019,2026-02-22 16:26:34.605665,199
D_STR05221,D_U0020,D0008,2026-02-15 15:31:31.681345,55
D_STR05222,D_U0083,D0019,2026-02-13 19:58:42.886764,116
D_STR05223,D_U0015,D0030,2026-02-17 22:36:22.055446,158
D_STR05224,D_U0034,D0041,2026-02-22 19:12:49.410220,167
D_STR05225,D_U0023,D0011,2026-02-18 14:03:54.635537,71
D_STR05226,D_U0029,D0030,2026-02-11 04:47:09.058538,86
D_STR05227,D_U0055,D0011,2026-03-04 02:07:23.772066,87
D_STR05228,D_U0071,D0044,2026-02-08 17:41:50.497450,207
D_STR05229,D_U0069,D0046,2026-02-17 09:48:23.763149,55
D_STR05230,D_U0040,D0043,2026-02-09 12:48:38.596002,143
D_STR05231,D_U0094,D0002,2026-02-11 01:32:17.344830,176
D_STR05232,D_U0071,D0042,2026-02-20 14:52:04.733955,216
D_STR05233,D_U0024,D0035,2026-02-22 20:35:44.333502,305
D_STR05234,D_U0001,D0015,2026-03-01 03:16:56.526298,106
D_STR05235,D_U0092,D0050,2026-02-18 18:14:24.997499,305
D_STR05236,D_U0026,D0038,2026-02-22 22:38:11.021415,94
D_STR05237,D_U0090,D0017,2026-03-05 20:01:21.129958,45
D_STR05238,D_U0050,D0023,2026-02-27 03:12:09.438231,95
D_STR05239,D_U0025,D0047,2026-02-21 17:16:55.098824,49
D_STR05240,D_U0048,D0044,2026-02-05 03:11:38.942144,53
D_STR05241,D_U0075,D0025,2026-02-21 00:31:18.594369,183
D_STR05242,D_U0034,D0011,2026-02-08 04:31:21.087808,20
D_STR05243,D_U0053,D0021,2026-02-18 04:00:07.566237,204
D_STR05244,D_U0080,D0023,2026-02-19 00:41:12.467101,19
D_STR05245,D_U0055,D0040,2026-02-07 16:25:51.669442,68
D_STR05246,D_U0002,D0036,2026-02-22 16:33:34.839046,170
D_STR05247,D_U0033,D0044,2026-02-24 04:35:34.864065,190
D_STR05248,D_U0061,D0018,2026-02-28 19:53:35.890882,60
D_STR05249,D_U0084,D0011,2026-02-14 16:05:33.345553,93
D_STR05250,D_U0027,D0045,2026-02-08 21:39:20.823847,163
D_STR05251,D_U0047,D0037,2026-02-24 05:44:24.795109,347
D_STR05252,D_U0074,D0030,2026-02-10 09:48:57.184092,90
D_STR05253,D_U0025,D0009,2026-02-26 21:49:20.157289,144
D_STR05254,D_U0077,D0046,2026-02-15 06:38:35.961357,155
D_STR05255,D_U0056,D0032,2026-02-20 03:10:19.496888,76
D_STR05256,D_U0064,D0030,2026-02-23 02:25:04.904938,38
D_STR05257,D_U0068,D0034,2026-03-03 04:25:20.427773,107
D_STR05258,D_U0049,D0035,2026-02-15 19:46:04.870143,300
D_STR05259,D_U0017,D0013,2026-02-19 17:02:10.868093,44
D_STR05260,D_U0016,D0034,2026-02-08 04:49:47.556327,194
D_STR05261,D_U0098,D0048,2026-02-28 11:18:49.034914,72
D_STR05262,D_U0092,D0038,2026-02-26 22:45:08.852095,79
D_STR05263,D_U0043,D0038,2026-02-18 05:34:35.200732,152
D_STR05264,D_U0072,D0033,2026-02-14 13:13:46.610490,180
D_STR05265,D_U0079,D0018,2026-02-05 00:45:15.353085,56
D_STR05266,D_U0049,D0041,2026-02-19 17:37:36.532462,62
D_STR05267,D_U0098,D0041,2026-02-28 05:30:42.779220,133
D_STR05268,D_U0075,D0024,2026-02-24 00:57:50.111710,60
D_STR05269,D_U0046,D0020,2026-03-02 21:55:48.445768,190
D_STR05270,D_U0017,D0010,2026-02-20 18:06:48.595723,139
D_STR05271,D_U0054,D0025,2026-02-20 04:29:11.129655,172
D_STR05272,D_U0089,D0033,2026-03-02 05:06:06.461456,161
D_STR05273,D_U0037,D0047,2026-02-15 07:16:53.488616,139
D_STR05274,D_U0007,D0049,2026-02-17 19:49:01.348809,237
D_STR05275,D_U0084,D0018,2026-02-18 17:22:23.887029,143
D_STR05276,D_U0027,D0024,2026-02-28 04:38:21.185963,146
D_STR05277,D_U0002,D0047,2026-03-02 04:50:12.312827,41
D_STR05278,D_U0089,D0048,2026-02-15 03:03:14.885838,175
D_STR05279,D_U0014,D0040,2026-02-10 22:26:13.864623,274
D_STR05280,D_U0014,D0014,2026-02-13 16:07:07.134696,143
D_STR05281,D_U0039,D0037,2026-02-22 18:12:36.890258,14
D_STR05282,D_U0050,D0042,2026-02-10 17:39:32.911806,177
D_STR05283,D_U0032,D0043,2026-03-05 18:07:14.022950,169
D_STR05284,D_U0006,D0033,2026-02-27 00:22:59.365222,98
D_STR05285,D_U0083,D0002,2026-02-19 17:41:42.109546,132
D_STR05286,D_U0030,D0048,2026-02-16 01:45:39.562602,162
D_STR05287,D_U0096,D0050,2026-02-09 16:56:16.199510,100
D_STR05288,D_U0017,D0032,2026-02-23 09:36:17.728818,24
D_STR05289,D_U0041,D0025,2026-02-21 03:07:35.342718,41
D_STR05290,D_U0009,D0004,2026-02-08 10:42:57.622298,82
D_STR05291,D_U0066,D0012,2026-02-23 11:27:32.175284,197
D_STR05292,D_U0066,D0030,2026-02-20 03:36:21.596019,73
D_STR05293,D_U0057,D0038,2026-03-03 19:03:42.775771,69
D_STR05294,D_U0022,D0050,2026-03-01 21:44:29.379714,73
D_STR05295,D_U0065,D0033,2026-02-23 14:57:54.790424,25
D_STR05296,D_U0084,D0018,2026-03-04 07:36:44.842126,171
D_STR05297,D_U0004,D0042,2026-02-18 02:57:58.302431,261
D_STR05298,D_U0092,D0036,2026-02-08 11:09:44.624750,102
D_STR05299,D_U0084,D0041,2026-02-21 01:49:07.260847,45
D_STR05300,D_U0048,D0037,2026-02-05 09:12:56.419123,348
D_STR05301,D_U0073,D0012,2026-02-10 13:44:51.093971,8
D_STR05302,D_U0095,D0045,2026-02-27 18:47:05.655480,180
D_STR05303,D_U0022,D0037,2026-02-20 16:36:01.719553,219
D_STR05304,D_U0053,D0044,2026-02-13 08:52:50.953598,267
D_STR05305,D_U0081,D0012,2026-02-19 01:34:51.476688,162
D_STR05306,D_U0011,D0046,2026-03-05 16:11:20.541709,45
D_STR05307,D_U0005,D0012,2026-02-28 11:46:43.612093,34
D_STR05308,D_U0087,D0030,2026-02-25 17:45:25.134408,42
D_STR05309,D_U0002,D0019,2026-02-13 03:43:06.640330,186
D_STR05310,D_U0092,D0027,2026-02-07 17:03:39.333074,93
D_STR05311,D_U0010,D0011,2026-02-10 17:58:09.319725,232
D_STR05312,D_U0020,D0048,2026-02-20 23:27:08.804735,45
D_STR05313,D_U0026,D0048,2026-02-15 21:22:14.347689,86
D_STR05314,D_U0081,D0033,2026-02-08 19:35:44.149701,72
D_STR05315,D_U0096,D0016,2026-02-21 07:05:33.551128,11
D_STR05316,D_U0072,D0041,2026-02-04 14:34:39.237041,140
D_STR05317,D_U0100,D0035,2026-02-13 12:13:20.995593,44
D_STR05318,D_U0001,D0049,2026-03-06 08:44:29.077790,9
D_STR05319,D_U0021,D0049,2026-02-05 14:00:00.098194,181
D_STR05320,D_U0014,D0043,2026-02-26 20:10:54.138018,162
D_STR05321,D_U0040,D0032,2026-02-14 08:17:53.564749,138
D_STR05322,D_U0078,D0033,2026-03-01 10:51:13.674099,123
D_STR05323,D_U0070,D0045,2026-02-08 07:40:04.715564,228
D_STR05324,D_U0018,D0036,2026-02-10 20:32:08.915802,70
D_STR05325,D_U0019,D0044,2026-02-16 17:18:33.253548,75
D_STR05326,D_U0065,D0050,2026-02-20 12:52:00.603594,34
D_STR05327,D_U0043,D0020,2026-02-23 18:28:22.245965,303
D_STR05328,D_U0001,D0022,2026-02-14 03:40:10.178532,30
D_STR05329,D_U0060,D0011,2026-02-23 07:46:26.881838,54
D_STR05330,D_U0094,D0034,2026-02-18 09:24:45.645641,69
D_STR05331,D_U0053,D0045,2026-03-03 12:50:42.429568,31
D_STR05332,D_U0059,D0034,2026-02-21 10:29:14.574083,182
D_STR05333,D_U0027,D0045,2026-02-15 03:21:53.596267,31
D_STR05334,D_U0097,D0050,2026-02-25 19:42:00.921749,316
D_STR05335,D_U0097,D0016,2026-02-13 01:38:26.179728,37
D_STR05336,D_U0098,D0044,2026-02-15 01:50:22.690213,127
D_STR05337,D_U0071,D0028,2026-02-12 17:44:38.544602,13
D_STR05338,D_U0061,D0047,2026-02-08 09:05:12.508534,124
D_STR05339,D_U0053,D0045,2026-03-02 01:11:15.389134,160
D_STR05340,D_U0036,D0045,2026-02-17 07:32:15.074328,150
D_STR05341,D_U0063,D0040,2026-02-21 01:09:00.684237,218
D_STR05342,D_U0039,D0036,2026-02-23 11:55:02.576702,107
D_STR05343,D_U0078,D0023,2026-03-04 19:05:56.807049,107
D_STR05344,D_U0041,D0035,2026-02-18 16:20:48.300798,62
D_STR05345,D_U0022,D0026,2026-02-06 08:42:19.950891,110
D_STR05346,D_U0070,D0025,2026-03-01 21:37:45.817571,193
D_STR05347,D_U0086,D0042,2026-02-22 10:32:16.312447,227
D_STR05348,D_U0055,D0026,2026-03-04 13:11:23.023451,83
D_STR05349,D_U0043,D0021,2026-02-18 01:29:38.328775,83
D_STR05350,D_U0055,D0048,2026-03-02 12:07:16.099099,137
D_STR05351,D_U0099,D0029,2026-03-01 10:48:57.126945,108
D_STR05352,D_U0032,D0044,2026-02-09 04:24:35.966318,80
D_STR05353,D_U0019,D0020,2026-02-21 01:18:00.618590,107
D_STR05354,D_U0027,D0042,2026-03-01 11:20:19.348378,254
D_STR05355,D_U0043,D0046,2026-02-13 16:04:48.434377,211
D_STR05356,D_U0079,D0012,2026-02-08 10:34:06.786363,280
D_STR05357,D_U0002,D0028,2026-03-04 22:12:34.142613,63
D_STR05358,D_U0001,D0041,2026-02-12 12:44:12.173120,108
D_STR05359,D_U0037,D0046,2026-02-23 19:44:03.167966,233
D_STR05360,D_U0078,D0040,2026-02-18 00:49:14.551998,113
D_STR05361,D_U0035,D0024,2026-03-02 03:40:17.015360,120
D_STR05362,D_U0076,D0031,2026-02-27 16:13:06.669082,50
D_STR05363,D_U0076,D0026,2026-03-03 06:24:44.856919,74
D_STR05364,D_U0100,D0024,2026-02-14 07:34:08.606508,134
D_STR05365,D_U0052,D0045,2026-03-05 19:51:10.350984,75
D_STR05366,D_U0089,D0039,2026-02-19 23:20:29.062693,225
D_STR05367,D_U0033,D0046,2026-02-08 03:39:35.956633,25
D_STR05368,D_U0021,D0019,2026-02-08 11:33:03.256111,125
D_STR05369,D_U0002,D0027,2026-02-16 05:29:17.271725,87
D_STR05370,D_U0054,D0023,2026-02-12 09:29:04.926337,124
D_STR05371,D_U0030,D0032,2026-02-23 15:07:55.372644,46
D_STR05372,D_U0007,D0035,2026-03-03 12:52:02.506717,100
D_STR05373,D_U0093,D0046,2026-02-07 09:07:41.080089,8
D_STR05374,D_U0086,D0046,2026-02-05 19:34:08.118116,77
D_STR05375,D_U0056,D0013,2026-03-01 05:11:40.023760,150
D_STR05376,D_U0020,D0013,2026-02-07 22:31:39.819285,121
D_STR05377,D_U0018,D0045,2026-02-19 03:21:45.558457,28
D_STR05378,D_U0076,D0020,2026-02-07 06:52:04.048643,260
D_STR05379,D_U0091,D0017,2026-02-10 00:20:20.810730,34
D_STR05380,D_U0063,D0049,2026-03-02 18:33:22.386393,31
D_STR05381,D_U0100,D0035,2026-03-03 20:49:19.389285,123
D_STR05382,D_U0063,D0035,2026-02-23 13:19:30.294513,213
D_STR05383,D_U0059,D0035,2026-02-28 23:06:22.244577,44
D_STR05384,D_U0030,D0038,2026-03-01 02:51:21.572520,27
D_STR05385,D_U0043,D0042,2026-02-23 20:23:32.652783,303
D_STR05386,D_U0001,D0038,2026-02-09 04:13:57.178303,140
D_STR05387,D_U0018,D0015,2026-02-14 10:18:24.304132,203
D_STR05388,D_U0048,D0048,2026-02-10 07:37:58.845690,26
D_STR05389,D_U0031,D0008,2026-02-27 13:53:48.316255,129
D_STR05390,D_U0008,D0038,2026-02-15 11:55:25.958424,107
D_STR05391,D_U0009,D0016,2026-03-01 02:12:51.660198,29
D_STR05392,D_U0026,D0043,2026-03-04 02:25:41.289421,14
D_STR05393,D_U0065,D0005,2026-02-15 06:43:15.900101,94
D_STR05394,D_U0036,D0049,2026-03-02 03:51:31.218623,222
D_STR05395,D_U0094,D0035,2026-02-06 18:18:49.490699,226
D_STR05396,D_U0006,D0043,2026-02-23 10:03:46.171901,167
D_STR05397,D_U0039,D0023,2026-02-15 01:49:15.019967,27
D_STR05398,D_U0098,D0034,2026-02-07 23:00:11.351060,189
D_STR05399,D_U0036,D0044,2026-02-10 16:57:05.836692,232
D_STR05400,D_U0070,D0040,2026-02-24 09:05:58.361037,231
D_STR05401,D_U0043,D0045,2026-02-15 14:39:27.945110,9
D_STR05402,D_U0014,D0044,2026-02-13 16:35:20.913694,229
D_STR05403,D_U0064,D0032,2026-03-04 18:46:17.186867,224
D_STR05404,D_U0085,D0044,2026-02-06 21:37:27.761645,276
D_STR05405,D_U0006,D0027,2026-02-28 18:47:12.517848,87
D_STR05406,D_U0026,D0036,2026-02-25 05:37:51.057107,21
D_STR05407,D_U0097,D0018,2026-02-19 09:42:53.376858,101
D_STR05408,D_U0019,D0003,2026-02-11 11:36:18.556700,270
D_STR05409,D_U0020,D0050,2026-03-02 09:08:34.098508,173
D_STR05410,D_U0095,D0027,2026-03-01 15:47:06.994818,8
D_STR05411,D_U0002,D0045,2026-02-18 23:02:28.466006,50
D_STR05412,D_U0061,D0039,2026-02-21 02:50:53.998062,15
D_STR05413,D_U0061,D0036,2026-02-04 17:37:26.209173,69
D_STR05414,D_U0053,D0028,2026-02-10 21:51:50.730101,206
D_STR05415,D_U0012,D0027,2026-02-10 07:05:38.305672,120
D_STR05416,D_U0019,D0033,2026-03-05 01:20:51.397718,281
D_STR05417,D_U0059,D0046,2026-02-15 09:55:49.713948,248
D_STR05418,D_U0017,D0021,2026-02-12 19:04:19.385948,205
D_STR05419,D_U0098,D0047,2026-02-09 07:03:37.597053,19
D_STR05420,D_U0012,D0041,2026-02-14 12:01:58.687073,165
D_STR05421,D_U0036,D0031,2026-02-27 10:12:43.632737,78
D_STR05422,D_U0010,D0047,2026-02-27 23:05:44.969106,91
D_STR05423,D_U0056,D0015,2026-02-27 21:46:44.539121,36
D_STR05424,D_U0095,D0037,2026-02-09 04:43:50.021585,211
D_STR05425,D_U0092,D0038,2026-02-20 18:27:24.239582,70
D_STR05426,D_U0061,D0025,2026-02-13 20:09:57.728332,41
D_STR05427,D_U0011,D0033,2026-02-27 09:55:50.977535,45
D_STR05428,D_U0020,D0039,2026-02-21 09:19:47.590685,5
D_STR05429,D_U0071,D0049,2026-02-07 00:20:37.417263,80
D_STR05430,D_U0054,D0036,2026-02-19 01:16:21.286745,248
D_STR05431,D_U0096,D0042,2026-02-17 15:09:34.460557,180
D_STR05432,D_U0039,D0049,2026-02-21 06:09:48.570239,64
D_STR05433,D_U0017,D0029,2026-03-01 13:51:04.570003,113
D_STR05434,D_U0080,D0010,2026-02-28 00:25:49.583230,122
D_STR05435,D_U0020,D0036,2026-02-05 10:34:01.232001,8
D_STR05436,D_U0093,D0023,2026-03-02 09:26:15.139590,46
D_STR05437,D_U0004,D0003,2026-02-22 19:09:31.455604,129
D_STR05438,D_U0052,D0024,2026-02-24 20:23:21.732584,79
D_STR05439,D_U0086,D0047,2026-02-17 09:43:14.201862,120
D_STR05440,D_U0072,D0021,2026-02-26 22:51:08.590910,95
D_STR05441,D_U0064,D0048,2026-02-16 07:37:09.224970,68
D_STR05442,D_U0073,D0014,2026-02-22 02:25:34.539232,264
D_STR05443,D_U0067,D0027,2026-02-18 15:29:48.974822,133
D_STR05444,D_U0085,D0022,2026-02-06 01:21:32.781275,91
D_STR05445,D_U0068,D0033,2026-02-18 00:35:30.151684,178
D_STR05446,D_U0086,D0012,2026-02-24 09:48:00.653036,251
D_STR05447,D_U0033,D0013,2026-03-03 08:14:14.415503,32
D_STR05448,D_U0019,D0015,2026-03-06 05:13:28.325802,326
D_STR05449,D_U0055,D0010,2026-02-21 22:34:50.843205,193
D_STR05450,D_U0054,D0046,2026-02-20 11:42:57.072766,160
D_STR05451,D_U0058,D0046,2026-02-27 02:41:08.131766,69
D_STR05452,D_U0035,D0048,2026-02-25 17:47:49.209079,79
D_STR05453,D_U0046,D0037,2026-02-08 17:28:03.034995,54
D_STR05454,D_U0099,D0020,2026-02-21 17:40:35.537320,227
D_STR05455,D_U0071,D0027,2026-02-14 10:13:26.901599,110
D_STR05456,D_U0021,D0012,2026-03-06 01:40:20.574514,120
D_STR05457,D_U0073,D0035,2026-02-17 05:43:33.678015,207
D_STR05458,D_U0027,D0022,2026-02-23 18:55:47.200964,53
D_STR05459,D_U0074,D0036,2026-03-03 18:35:37.049222,155
D_STR05460,D_U0097,D0032,2026-03-01 19:54:03.460998,140
D_STR05461,D_U0071,D0027,2026-03-01 04:34:32.715662,88
D_STR05462,D_U0055,D0050,2026-02-10 04:31:41.572176,17
D_STR05463,D_U0044,D0049,2026-03-03 00:29:02.139324,238
D_STR05464,D_U0072,D0024,2026-03-04 00:17:29.355833,96
D_STR05465,D_U0064,D0025,2026-02-27 03:57:27.889570,113
D_STR05466,D_U0011,D0042,2026-03-04 14:36:23.174401,175
D_STR05467,D_U0029,D0038,2026-02-18 23:35:09.822539,130
D_STR05468,D_U0058,D0049,2026-03-05 02:44:57.410192,247
D_STR05469,D_U0068,D0037,2026-02-08 04:16:01.142673,32
D_STR05470,D_U0047,D0006,2026-02-06 00:47:59.511841,221
D_STR05471,D_U0069,D0047,2026-02-28 04:50:34.608693,8
D_STR05472,D_U0076,D0047,2026-02-07 22:27:10.823600,92
D_STR05473,D_U0012,D0033,2026-03-03 13:18:31.771035,75
D_STR05474,D_U0062,D0032,2026-02-05 07:04:54.539388,211
D_STR05475,D_U0041,D0015,2026-02-21 21:22:04.640434,315
D_STR05476,D_U0084,D0038,2026-02-23 21:32:17.677472,189
D_STR05477,D_U0081,D0036,2026-02-25 22:43:31.673781,25
D_STR05478,D_U0020,D0023,2026-02-13 03:50:56.370247,112
D_STR05479,D_U0037,D0025,2026-03-01 23:54:40.406596,191
D_STR05480,D_U0060,D0044,2026-03-04 06:44:40.855185,98
D_STR05481,D_U0063,D0039,2026-02-14 14:20:34.374430,118
D_STR05482,D_U0007,D0022,2026-02-15 02:49:29.974067,23
D_STR05483,D_U0011,D0010,2026-02-20 18:02:53.163229,154
D_STR05484,D_U0046,D0048,2026-02-07 07:12:44.729965,109
D_STR05485,D_U0033,D0016,2026-02-06 00:36:00.004273,31
D_STR05486,D_U0005,D0036,2026-02-19 23:26:15.598185,128
D_STR05487,D_U0030,D0042,2026-03-02 21:50:03.954975,273
D_STR05488,D_U0066,D0038,2026-02-20 09:10:12.010249,130
D_STR05489,D_U0057,D0039,2026-02-11 05:39:10.558849,249
D_STR05490,D_U0053,D0014,2026-02-26 22:44:21.931250,69
D_STR05491,D_U0051,D0035,2026-02-13 20:09:43.853219,67
D_STR05492,D_U0051,D0032,2026-02-12 21:33:22.261617,125
D_STR05493,D_U0007,D0016,2026-02-25 11:33:38.364005,113
D_STR05494,D_U0088,D0039,2026-02-10 20:03:13.702001,153
D_STR05495,D_U0072,D0013,2026-02-04 18:39:40.590422,171
D_STR05496,D_U0085,D0043,2026-02-27 19:13:32.180860,167
D_STR05497,D_U0033,D0011,2026-03-05 14:47:17.992293,172
D_STR05498,D_U0017,D0049,2026-03-05 05:11:51.969954,60
D_STR05499,D_U0080,D0022,2026-02-04 23:22:45.783046,97
D_STR05500,D_U0029,D0045,2026-02-10 20:44:25.864325,125
D_STR05501,D_U0091,D0023,2026-03-01 11:54:05.280062,80
D_STR05502,D_U0024,D0043,2026-02-06 05:16:50.619353,186
D_STR05503,D_U0059,D0046,2026-02-19 18:24:28.795548,18
D_STR05504,D_U0092,D0045,2026-02-25 18:51:09.163871,12
D_STR05505,D_U0050,D0028,2026-03-06 06:20:43.649130,72
D_STR05506,D_U0098,D0018,2026-02-20 01:23:53.075744,172
D_STR05507,D_U0008,D0018,2026-02-24 04:28:11.895331,185
D_STR05508,D_U0097,D0050,2026-02-11 00:55:00.854516,301
D_STR05509,D_U0031,D0037,2026-03-01 01:43:59.378954,123
D_STR05510,D_U0054,D0027,2026-02-23 02:12:43.126103,106
D_STR05511,D_U0016,D0044,2026-03-03 05:57:43.031976,221
D_STR05512,D_U0048,D0040,2026-02-05 21:31:09.282175,166
D_STR05513,D_U0056,D0047,2026-02-10 19:47:41.019311,130
D_STR05514,D_U0087,D0029,2026-02-21 16:17:15.055015,93
D_STR05515,D_U0038,D0031,2026-02-06 11:15:08.413136,80
D_STR05516,D_U0010,D0011,2026-02-19 20:25:27.485823,195
D_STR05517,D_U0083,D0023,2026-03-05 08:35:02.324879,35
D_STR05518,D_U0035,D0009,2026-02-10 10:03:34.086590,136
D_STR05519,D_U0023,D0031,2026-02-13 03:49:29.598025,65
D_STR05520,D_U0035,D0031,2026-03-02 16:05:23.984070,35
D_STR05521,D_U0059,D0038,2026-02-12 23:47:51.266368,19
D_STR05522,D_U0053,D0035,2026-02-26 01:19:46.402491,20
D_STR05523,D_U0071,D0019,2026-02-26 02:43:01.787962,226
D_STR05524,D_U0072,D0017,2026-02-07 02:57:39.274128,149
D_STR05525,D_U0065,D0033,2026-02-10 06:22:46.837984,200
D_STR05526,D_U0095,D0014,2026-02-27 02:07:17.363881,317
D_STR05527,D_U0036,D0028,2026-02-07 06:42:01.119430,195
D_STR05528,D_U0028,D0039,2026-02-24 07:16:04.226360,16
D_STR05529,D_U0020,D0047,2026-02-09 03:06:45.108978,189
D_STR05530,D_U0066,D0038,2026-02-24 01:44:14.327288,96
D_STR05531,D_U0072,D0041,2026-02-25 14:43:52.326623,20
D_STR05532,D_U0027,D0043,2026-02-26 18:41:11.832569,37
D_STR05533,D_U0062,D0046,2026-02-07 01:46:59.411246,23
D_STR05534,D_U0005,D0048,2026-02-14 18:33:08.892573,41
D_STR05535,D_U0098,D0039,2026-02-26 08:29:23.120843,232
D_STR05536,D_U0044,D0033,2026-03-01 05:20:56.027689,208
D_STR05537,D_U0076,D0016,2026-02-24 08:30:47.216163,11
D_STR05538,D_U0072,D0049,2026-02-16 01:56:42.824474,62
D_STR05539,D_U0032,D0044,2026-02-18 23:53:34.152251,95
D_STR05540,D_U0020,D0039,2026-02-25 14:23:35.047358,189
D_STR05541,D_U0042,D0026,2026-02-27 11:06:54.307120,39
D_STR05542,D_U0006,D0025,2026-02-27 00:52:40.763625,141
D_STR05543,D_U0034,D0014,2026-02-10 02:24:06.518110,294
D_STR05544,D_U0090,D0029,2026-02-08 16:40:18.006370,122
D_STR05545,D_U0062,D0042,2026-02-19 11:09:18.527118,303
D_STR05546,D_U0086,D0025,2026-02-13 16:49:55.756735,19
D_STR05547,D_U0002,D0027,2026-02-23 06:46:01.444329,109
D_STR05548,D_U0081,D0049,2026-02-08 03:48:11.169269,193
D_STR05549,D_U0078,D0014,2026-02-27 07:53:56.020042,125
D_STR05550,D_U0037,D0041,2026-02-08 01:49:45.764012,98
D_STR05551,D_U0067,D0041,2026-02-21 21:35:51.088158,130
D_STR05552,D_U0085,D0034,2026-02-16 01:27:32.229532,51
D_STR05553,D_U0073,D0037,2026-02-17 08:23:31.336133,47
D_STR05554,D_U0018,D0040,2026-02-27 12:34:01.464962,264
D_STR05555,D_U0043,D0015,2026-03-02 01:15:44.068562,236
D_STR05556,D_U0038,D0045,2026-02-09 07:33:25.919653,22
D_STR05557,D_U0013,D0041,2026-02-15 19:52:27.369720,20
D_STR05558,D_U0092,D0044,2026-02-09 01:51:00.585365,218
D_STR05559,D_U0046,D0050,2026-02-22 14:09:52.938804,36
D_STR05560,D_U0065,D0050,2026-02-18 05:45:05.695040,299
D_STR05561,D_U0041,D0037,2026-02-14 21:16:37.517554,334
D_STR05562,D_U0022,D0013,2026-02-16 06:15:56.734567,102
D_STR05563,D_U0049,D0050,2026-02-27 14:51:31.290286,167
D_STR05564,D_U0032,D0022,2026-02-22 03:41:45.453842,87
D_STR05565,D_U0010,D0048,2026-02-25 13:07:20.651726,77
D_STR05566,D_U0007,D0040,2026-02-22 00:59:25.250567,125
D_STR05567,D_U0015,D0029,2026-02-05 20:38:25.351866,8
D_STR05568,D_U0088,D0038,2026-02-27 15:00:29.437596,176
D_STR05569,D_U0092,D0050,2026-02-14 14:35:29.790725,84
D_STR05570,D_U0033,D0019,2026-02-13 04:13:17.495203,200
D_STR05571,D_U0065,D0044,2026-02-24 11:46:37.490751,74
D_STR05572,D_U0093,D0048,2026-02-11 03:48:30.305856,175
D_STR05573,D_U0060,D0047,2026-02-25 01:21:10.146052,105
D_STR05574,D_U0022,D0019,2026-02-27 13:54:38.994752,179
D_STR05575,D_U0092,D0045,2026-02-24 16:03:57.663912,46
D_STR05576,D_U0037,D0049,2026-02-26 12:13:42.005571,14
D_STR05577,D_U0013,D0035,2026-02-23 00:26:15.485609,78
D_STR05578,D_U0100,D0038,2026-03-03 18:00:39.998007,178
D_STR05579,D_U0059,D0041,2026-02-20 06:11:05.421817,160
D_STR05580,D_U0057,D0014,2026-02-25 22:54:27.797460,97
D_STR05581,D_U0056,D0034,2026-03-05 01:38:43.266775,193
D_STR05582,D_U0087,D0034,2026-02-19 14:04:47.718668,154
D_STR05583,D_U0027,D0039,2026-02-17 11:58:00.479247,5
D_STR05584,D_U0030,D0006,2026-02-16 08:46:21.460470,24
D_STR05585,D_U0061,D0033,2026-03-01 23:54:37.947498,203
D_STR05586,D_U0063,D0027,2026-02-14 11:09:42.503231,135
D_STR05587,D_U0068,D0037,2026-03-01 12:42:07.747030,208
D_STR05588,D_U0009,D0027,2026-02-21 11:16:27.234198,5
D_STR05589,D_U0094,D0044,2026-02-25 07:00:53.295707,99
D_STR05590,D_U0049,D0039,2026-02-19 00:22:25.294470,220
D_STR05591,D_U0015,D0032,2026-02-26 12:50:11.465630,21
D_STR05592,D_U0078,D0008,2026-02-13 23:01:21.139247,147
D_STR05593,D_U0076,D0041,2026-02-25 13:51:44.557489,77
D_STR05594,D_U0023,D0043,2026-02-12 04:09:34.611886,112
D_STR05595,D_U0013,D0050,2026-02-21 17:47:26.854227,120
D_STR05596,D_U0054,D0040,2026-02-08 09:56:34.964020,49
D_STR05597,D_U0085,D0031,2026-02-18 20:03:54.997927,47
D_STR05598,D_U0046,D0034,2026-02-16 21:58:41.739391,128
D_STR05599,D_U0039,D0044,2026-02-13 19:04:14.453628,15
D_STR05600,D_U0037,D0007,2026-02-05 15:22:28.533094,302
D_STR05601,D_U0024,D0009,2026-02-07 06:43:23.485776,15
D_STR05602,D_U0019,D0045,2026-03-03 03:22:53.257133,48
D_STR05603,D_U0099,D0040,2026-02-20 06:21:29.248785,243
D_STR05604,D_U0066,D0039,2026-02-09 10:44:20.983773,204
D_STR05605,D_U0025,D0008,2026-02-08 14:39:13.212109,12
D_STR05606,D_U0040,D0017,2026-02-23 16:48:10.116236,61
D_STR05607,D_U0031,D0025,2026-02-19 08:43:30.569587,107
D_STR05608,D_U0081,D0029,2026-02-21 14:45:25.685495,84
D_STR05609,D_U0059,D0045,2026-02-22 17:32:36.887365,147
D_STR05610,D_U0040,D0024,2026-02-05 00:44:37.655988,23
D_STR05611,D_U0046,D0016,2026-03-05 08:02:14.663562,17
D_STR05612,D_U0026,D0004,2026-03-01 15:09:20.013143,207
D_STR05613,D_U0066,D0041,2026-02-08 17:10:47.832855,95
D_STR05614,D_U0083,D0025,2026-03-05 16:36:40.222800,187
D_STR05615,D_U0035,D0036,2026-03-02 05:59:21.695089,126
D_STR05616,D_U0030,D0048,2026-02-06 11:45:53.318345,132
D_STR05617,D_U0011,D0042,2026-02-21 11:28:11.042633,232
D_STR05618,D_U0066,D0048,2026-02-20 18:10:09.131338,39
D_STR05619,D_U0053,D0036,2026-03-05 14:10:54.162792,92
D_STR05620,D_U0099,D0038,2026-02-12 23:46:47.780385,25
D_STR05621,D_U0087,D0043,2026-02-23 21:51:57.172109,75
D_STR05622,D_U0077,D0041,2026-03-01 15:58:27.249479,84
D_STR05623,D_U0008,D0021,2026-02-17 09:02:46.020955,65
D_STR05624,D_U0034,D0031,2026-02-26 12:03:32.972773,105
D_STR05625,D_U0084,D0046,2026-02-08 05:57:19.089427,67
D_STR05626,D_U0007,D0043,2026-02-19 14:45:29.745537,197
D_STR05627,D_U0088,D0042,2026-03-01 06:04:12.195792,240
D_STR05628,D_U0059,D0046,2026-02-22 10:27:54.966645,31
D_STR05629,D_U0093,D0038,2026-03-05 06:19:24.858019,128
D_STR05630,D_U0025,D0030,2026-02-17 04:58:39.729873,135
D_STR05631,D_U0048,D0029,2026-02-28 11:02:01.162169,113
D_STR05632,D_U0098,D0035,2026-02-10 00:45:03.782106,13
D_STR05633,D_U0092,D0017,2026-02-28 11:17:00.462912,207
D_STR05634,D_U0073,D0049,2026-02-15 13:28:36.435064,246
D_STR05635,D_U0023,D0048,2026-03-05 17:41:27.954492,48
D_STR05636,D_U0075,D0011,2026-02-16 00:41:21.509228,248
D_STR05637,D_U0026,D0021,2026-03-04 20:40:25.095750,194
D_STR05638,D_U0013,D0049,2026-03-01 03:28:10.739640,108
D_STR05639,D_U0045,D0039,2026-02-10 15:17:51.364769,234
D_STR05640,D_U0095,D0037,2026-03-04 08:19:32.647434,239
D_STR05641,D_U0073,D0009,2026-03-02 17:30:25.339629,86
D_STR05642,D_U0071,D0013,2026-02-08 07:16:51.605603,21
D_STR05643,D_U0050,D0028,2026-02-26 15:15:21.723309,118
D_STR05644,D_U0064,D0010,2026-02-16 11:12:29.970243,113
D_STR05645,D_U0041,D0017,2026-02-10 14:39:03.471897,29
D_STR05646,D_U0001,D0008,2026-02-07 13:02:13.471293,162
D_STR05647,D_U0075,D0037,2026-02-07 09:34:46.486377,29
D_STR05648,D_U0093,D0042,2026-02-23 21:43:56.974107,275
D_STR05649,D_U0098,D0029,2026-02-16 17:26:04.713955,159
D_STR05650,D_U0076,D0034,2026-02-10 04:06:56.690990,139
D_STR05651,D_U0043,D0045,2026-02-17 05:20:03.651378,56
D_STR05652,D_U0011,D0048,2026-03-01 05:24:38.281328,8
D_STR05653,D_U0062,D0025,2026-02-20 20:32:00.543381,148
D_STR05654,D_U0036,D0040,2026-02-28 03:29:58.804227,268
D_STR05655,D_U0086,D0029,2026-02-16 18:18:01.410801,31
D_STR05656,D_U0063,D0023,2026-02-18 15:13:03.414906,99
D_STR05657,D_U0053,D0046,2026-02-19 22:16:50.756450,125
D_STR05658,D_U0076,D0023,2026-02-20 15:55:28.596256,75
D_STR05659,D_U0027,D0045,2026-03-01 12:35:53.833401,23
D_STR05660,D_U0096,D0009,2026-02-16 19:20:02.381519,97
D_STR05661,D_U0081,D0043,2026-02-25 12:10:05.006996,138
D_STR05662,D_U0064,D0035,2026-02-10 01:49:28.518250,186
D_STR05663,D_U0070,D0037,2026-03-03 06:06:32.269408,194
D_STR05664,D_U0005,D0050,2026-02-11 08:21:12.620395,170
D_STR05665,D_U0066,D0043,2026-02-15 21:40:40.454773,159
D_STR05666,D_U0015,D0048,2026-02-23 10:49:47.852214,84
D_STR05667,D_U0020,D0042,2026-02-11 06:16:21.192037,331
D_STR05668,D_U0017,D0046,2026-02-25 21:22:56.217864,112
D_STR05669,D_U0030,D0036,2026-02-13 17:12:35.947359,104
D_STR05670,D_U0053,D0047,2026-03-03 13:14:58.281775,19
D_STR05671,D_U0002,D0022,2026-02-11 01:01:04.451096,63
D_STR05672,D_U0031,D0049,2026-02-10 14:03:12.444853,70
D_STR05673,D_U0003,D0023,2026-02-17 08:59:38.693882,11
D_STR05674,D_U0029,D0026,2026-02-13 14:46:26.865495,95
D_STR05675,D_U0040,D0044,2026-02-20 07:41:57.314416,183
D_STR05676,D_U0013,D0049,2026-02-28 20:42:24.763268,132
D_STR05677,D_U0069,D0032,2026-02-26 00:48:11.076057,58
D_STR05678,D_U0067,D0033,2026-03-03 13:15:17.194552,220
D_STR05679,D_U0016,D0010,2026-02-21 02:44:57.851371,23
D_STR05680,D_U0066,D0022,2026-02-10 14:42:13.554012,137
D_STR05681,D_U0052,D0023,2026-02-07 13:13:02.542850,84
D_STR05682,D_U0041,D0034,2026-02-17 17:59:16.019803,99
D_STR05683,D_U0096,D0040,2026-02-08 13:39:41.952328,54
D_STR05684,D_U0067,D0047,2026-02-24 15:47:32.976700,189
D_STR05685,D_U0003,D0036,2026-02-22 00:30:26.600225,34
D_STR05686,D_U0071,D0040,2026-02-18 22:09:50.212507,263
D_STR05687,D_U0027,D0029,2026-02-19 06:48:15.268425,31
D_STR05688,D_U0011,D0021,2026-02-05 17:50:14.304124,57
D_STR05689,D_U0009,D0043,2026-02-26 08:18:32.387655,170
D_STR05690,D_U0011,D0030,2026-03-02 10:14:09.819904,112
D_STR05691,D_U0056,D0016,2026-02-22 02:52:08.581752,23
D_STR05692,D_U0086,D0012,2026-02-14 01:36:05.685707,100
D_STR05693,D_U0029,D0022,2026-02-09 15:12:03.039066,35
D_STR05694,D_U0051,D0043,2026-03-01 19:12:15.606675,36
D_STR05695,D_U0010,D0041,2026-02-15 16:00:15.414038,79
D_STR05696,D_U0024,D0048,2026-03-04 18:44:19.782227,86
D_STR05697,D_U0065,D0045,2026-02-19 08:52:52.088020,22
D_STR05698,D_U0052,D0049,2026-02-22 07:05:14.294819,122
D_STR05699,D_U0048,D0048,2026-02-04 22:28:29.278824,76
D_STR05700,D_U0092,D0040,2026-03-01 03:14:59.752070,282
D_STR05701,D_U0006,D0034,2026-03-02 11:29:03.643677,33
D_STR05702,D_U0066,D0035,2026-02-07 23:10:56.710073,225
D_STR05703,D_U0095,D0046,2026-03-01 02:37:44.925467,260
D_STR05704,D_U0061,D0042,2026-02-10 09:45:14.336104,293
D_STR05705,D_U0045,D0042,2026-02-05 20:20:42.125076,118
D_STR05706,D_U0036,D0022,2026-02-27 05:40:02.705946,74
D_STR05707,D_U0019,D0042,2026-02-23 16:19:22.677905,160
D_STR05708,D_U0080,D0014,2026-03-01 10:16:57.234673,156
D_STR05709,D_U0089,D0050,2026-03-01 16:20:24.984122,169
D_STR05710,D_U0006,D0020,2026-02-07 22:22:34.010730,326
D_STR05711,D_U0044,D0039,2026-02-17 14:23:58.287177,45
D_STR05712,D_U0082,D0045,2026-02-20 11:40:27.423885,60
D_STR05713,D_U0061,D0039,2026-03-01 01:22:19.285718,171
D_STR05714,D_U0066,D0037,2026-02-08 04:43:29.344660,200
D_STR05715,D_U0044,D0005,2026-02-08 20:02:37.920647,163
D_STR05716,D_U0040,D0027,2026-02-24 21:21:04.789400,56
D_STR05717,D_U0012,D0011,2026-03-03 08:05:00.118454,109
D_STR05718,D_U0045,D0040,2026-02-06 07:25:42.907122,55
D_STR05719,D_U0037,D0048,2026-02-07 05:00:50.989508,141
D_STR05720,D_U0031,D0050,2026-02-04 11:22:52.832771,98
D_STR05721,D_U0083,D0046,2026-02-16 10:28:20.209765,194
D_STR05722,D_U0057,D0036,2026-02-22 07:27:00.091358,108
D_STR05723,D_U0024,D0033,2026-03-04 02:55:51.552220,271
D_STR05724,D_U0055,D0025,2026-02-21 15:56:24.550742,66
D_STR05725,D_U0001,D0010,2026-02-25 21:33:56.321605,196
D_STR05726,D_U0039,D0032,2026-02-23 08:42:27.112279,143
D_STR05727,D_U0084,D0037,2026-02-25 22:52:11.353953,13
D_STR05728,D_U0022,D0046,2026-02-23 08:37:26.873447,79
D_STR05729,D_U0002,D0042,2026-02-06 11:31:17.264050,251
D_STR05730,D_U0034,D0045,2026-02-08 11:47:30.352841,145
D_STR05731,D_U0022,D0043,2026-03-02 00:56:34.654684,74
D_STR05732,D_U0046,D0031,2026-03-04 07:32:32.309159,86
D_STR05733,D_U0040,D0008,2026-02-20 12:25:06.692813,49
D_STR05734,D_U0024,D0028,2026-02-05 14:01:42.959600,86
D_STR05735,D_U0016,D0026,2026-02-24 16:50:44.981187,71
D_STR05736,D_U0095,D0023,2026-02-13 08:07:35.519346,28
D_STR05737,D_U0065,D0040,2026-02-18 21:08:07.009091,150
D_STR05738,D_U0023,D0022,2026-02-24 12:34:24.355313,131
D_STR05739,D_U0060,D0035,2026-03-05 12:31:56.472293,145
D_STR05740,D_U0054,D0024,2026-03-03 05:47:03.810201,209
D_STR05741,D_U0063,D0018,2026-02-08 18:43:16.140333,92
D_STR05742,D_U0053,D0048,2026-03-03 11:47:46.292289,201
D_STR05743,D_U0075,D0034,2026-02-15 04:04:19.617445,19
D_STR05744,D_U0086,D0045,2026-02-27 01:23:50.293648,93
D_STR05745,D_U0008,D0041,2026-03-02 01:11:21.480398,26
D_STR05746,D_U0051,D0038,2026-02-04 17:35:52.167176,155
D_STR05747,D_U0053,D0042,2026-02-16 12:46:45.184392,183
D_STR05748,D_U0012,D0047,2026-02-08 14:37:19.268262,136
D_STR05749,D_U0057,D0042,2026-02-13 21:24:51.549809,207
D_STR05750,D_U0095,D0050,2026-03-03 16:58:47.621908,55
D_STR05751,D_U0065,D0030,2026-02-08 22:54:14.202951,67
D_STR05752,D_U0100,D0039,2026-02-21 10:31:23.655462,316
D_STR05753,D_U0072,D0012,2026-02-04 09:49:24.757802,118
D_STR05754,D_U0017,D0037,2026-02-13 09:07:05.544815,277
D_STR05755,D_U0058,D0045,2026-02-14 12:26:01.994630,45
D_STR05756,D_U0010,D0046,2026-02-14 13:01:22.758616,97
D_STR05757,D_U0007,D0050,2026-02-24 22:19:45.307368,180
D_STR05758,D_U0004,D0043,2026-02-14 21:57:32.634728,199
D_STR05759,D_U0099,D0038,2026-02-27 23:51:25.427836,41
D_STR05760,D_U0048,D0050,2026-02-10 10:53:59.584313,67
D_STR05761,D_U0022,D0049,2026-02-28 06:39:20.049371,55
D_STR05762,D_U0052,D0048,2026-02-07 01:05:27.518348,226
D_STR05763,D_U0032,D0036,2026-02-13 18:20:11.303805,236
D_STR05764,D_U0006,D0014,2026-02-17 11:03:30.348835,121
D_STR05765,D_U0035,D0043,2026-02-12 05:54:44.574518,111
D_STR05766,D_U0065,D0040,2026-02-07 06:18:41.689381,206
D_STR05767,D_U0082,D0013,2026-02-16 22:10:25.262776,174
D_STR05768,D_U0010,D0043,2026-03-04 02:46:36.359597,164
D_STR05769,D_U0007,D0036,2026-02-27 09:47:37.817262,119
D_STR05770,D_U0018,D0036,2026-02-15 02:17:43.131004,245
D_STR05771,D_U0009,D0019,2026-02-22 17:16:05.518920,184
D_STR05772,D_U0072,D0019,2026-02-22 23:25:02.173988,70
D_STR05773,D_U0063,D0013,2026-02-07 13:26:18.340283,18
D_STR05774,D_U0007,D0027,2026-02-20 12:49:31.471953,49
D_STR05775,D_U0090,D0047,2026-03-05 21:32:44.851321,224
D_STR05776,D_U0063,D0037,2026-02-28 22:01:50.570046,242
D_STR05777,D_U0032,D0049,2026-02-21 18:45:01.843202,163
D_STR05778,D_U0077,D0033,2026-02-23 10:02:40.831182,57
D_STR05779,D_U0064,D0029,2026-02-10 20:54:15.549906,160
D_STR05780,D_U0074,D0027,2026-02-11 00:09:01.169965,113
D_STR05781,D_U0030,D0026,2026-02-15 00:15:45.957882,92
D_STR05782,D_U0024,D0050,2026-02-28 23:12:39.224988,267
D_STR05783,D_U0060,D0048,2026-02-26 01:24:16.227792,104
D_STR05784,D_U0051,D0049,2026-03-06 09:23:59.361380,196
D_STR05785,D_U0038,D0033,2026-02-19 08:25:49.851745,142
D_STR05786,D_U0030,D0032,2026-02-08 17:09:36.201379,242
D_STR05787,D_U0057,D0038,2026-02-18 11:40:32.432233,66
D_STR05788,D_U0006,D0043,2026-02-20 10:37:33.298559,115
D_STR05789,D_U0006,D0040,2026-02-17 17:20:57.283830,143
D_STR05790,D_U0045,D0005,2026-02-09 07:45:36.270823,77
D_STR05791,D_U0072,D0039,2026-02-14 19:10:49.576406,9
D_STR05792,D_U0050,D0050,2026-02-22 16:16:20.943356,45
D_STR05793,D_U0007,D0027,2026-02-25 09:54:38.773703,39
D_STR05794,D_U0033,D0041,2026-02-05 10:46:27.134881,52
D_STR05795,D_U0013,D0048,2026-02-08 10:09:40.133888,117
D_STR05796,D_U0003,D0025,2026-02-17 04:26:28.108347,125
D_STR05797,D_U0028,D0030,2026-02-15 17:04:58.583738,140
D_STR05798,D_U0064,D0025,2026-02-23 15:03:53.046874,44
D_STR05799,D_U0051,D0043,2026-02-22 19:48:05.818621,99
D_STR05800,D_U0036,D0015,2026-02-14 06:31:53.030303,147
D_STR05801,D_U0060,D0048,2026-02-28 16:16:14.957554,218
D_STR05802,D_U0045,D0028,2026-02-05 10:16:02.946400,229
D_STR05803,D_U0009,D0047,2026-03-04 21:33:56.170105,213
D_STR05804,D_U0083,D0030,2026-02-21 18:10:32.151301,137
D_STR05805,D_U0097,D0049,2026-02-05 20:01:25.812486,205
D_STR05806,D_U0005,D0009,2026-02-12 03:45:16.244421,25
D_STR05807,D_U0076,D0045,2026-02-21 15:34:34.224564,204
D_STR05808,D_U0066,D0044,2026-02-19 21:19:55.743016,178
D_STR05809,D_U0041,D0046,2026-03-02 20:32:03.276645,160
D_STR05810,D_U0032,D0014,2026-02-16 04:06:29.013147,195
D_STR05811,D_U0069,D0039,2026-02-10 03:18:34.082349,44
D_STR05812,D_U0091,D0016,2026-02-09 18:01:53.970032,68
D_STR05813,D_U0100,D0016,2026-02-11 18:18:22.655313,29
D_STR05814,D_U0097,D0025,2026-03-05 02:52:21.678905,180
D_STR05815,D_U0037,D0024,2026-03-03 10:28:34.396116,145
D_STR05816,D_U0017,D0033,2026-02-22 14:08:57.592955,21
D_STR05817,D_U0044,D0044,2026-02-19 23:33:53.371444,251
D_STR05818,D_U0094,D0028,2026-03-03 10:14:36.001777,219
D_STR05819,D_U0008,D0018,2026-03-03 20:46:36.057759,33
D_STR05820,D_U0031,D0023,2026-02-09 23:24:51.624016,102
D_STR05821,D_U0042,D0033,2026-02-19 11:27:42.140326,143
D_STR05822,D_U0006,D0048,2026-02-25 12:14:11.723875,47
D_STR05823,D_U0004,D0017,2026-02-19 13:34:17.797960,55
D_STR05824,D_U0032,D0009,2026-02-06 20:57:19.479592,96
D_STR05825,D_U0042,D0047,2026-02-15 20:52:11.922837,75
D_STR05826,D_U0092,D0021,2026-02-17 06:39:51.728597,25
D_STR05827,D_U0067,D0035,2026-03-02 19:48:27.171164,308
D_STR05828,D_U0071,D0026,2026-02-16 05:04:18.944929,20
D_STR05829,D_U0040,D0039,2026-02-24 13:17:03.145280,114
D_STR05830,D_U0064,D0038,2026-03-02 07:32:02.305063,65
D_STR05831,D_U0088,D0020,2026-02-21 19:40:55.243626,163
D_STR05832,D_U0098,D0047,2026-02-21 21:48:24.822513,194
D_STR05833,D_U0035,D0024,2026-02-23 12:48:11.762080,270
D_STR05834,D_U0042,D0030,2026-02-08 10:28:16.896985,12
D_STR05835,D_U0030,D0035,2026-03-05 21:57:40.888959,335
D_STR05836,D_U0039,D0047,2026-02-26 12:48:56.743833,71
D_STR05837,D_U0007,D0050,2026-02-19 10:52:59.957108,87
D_STR05838,D_U0037,D0049,2026-02-21 19:43:26.973104,44
D_STR05839,D_U0016,D0050,2026-02-23 09:19:40.328070,297
D_STR05840,D_U0018,D0037,2026-02-16 23:13:16.219111,186
D_STR05841,D_U0010,D0040,2026-03-02 11:15:13.470447,185
D_STR05842,D_U0098,D0049,2026-03-01 14:19:27.581291,111
D_STR05843,D_U0007,D0019,2026-02-26 11:51:12.651989,15
D_STR05844,D_U0027,D0046,2026-02-19 00:35:33.389671,134
D_STR05845,D_U0024,D0042,2026-03-03 11:24:33.251955,249
D_STR05846,D_U0013,D0029,2026-02-22 13:15:02.626566,50
D_STR05847,D_U0032,D0023,2026-02-06 19:08:03.012265,124
D_STR05848,D_U0094,D0025,2026-02-20 22:09:04.231769,16
D_STR05849,D_U0028,D0010,2026-02-27 00:30:56.004606,124
D_STR05850,D_U0043,D0028,2026-02-28 10:40:55.906918,234
D_STR05851,D_U0076,D0034,2026-02-28 21:26:00.586820,7
D_STR05852,D_U0085,D0036,2026-02-21 00:16:21.945381,150
D_STR05853,D_U0037,D0013,2026-02-09 07:16:39.156142,51
D_STR05854,D_U0059,D0012,2026-02-25 15:53:49.251245,242
D_STR05855,D_U0027,D0042,2026-02-08 13:40:39.198255,228
D_STR05856,D_U0044,D0023,2026-02-05 07:04:23.423381,13
D_STR05857,D_U0069,D0029,2026-02-26 00:32:34.627415,170
D_STR05858,D_U0001,D0035,2026-02-17 13:47:01.733404,99
D_STR05859,D_U0016,D0013,2026-03-04 13:37:44.536610,126
D_STR05860,D_U0058,D0029,2026-02-28 08:23:54.260678,170
D_STR05861,D_U0029,D0047,2026-02-11 15:32:56.053912,58
D_STR05862,D_U0065,D0020,2026-02-14 02:02:41.943123,140
D_STR05863,D_U0068,D0025,2026-02-21 03:13:54.470545,85
D_STR05864,D_U0078,D0041,2026-02-14 18:12:10.704154,169
D_STR05865,D_U0003,D0046,2026-02-18 14:44:31.646182,253
D_STR05866,D_U0047,D0039,2026-02-13 09:44:24.392805,302
D_STR05867,D_U0046,D0043,2026-02-24 17:18:24.328939,85
D_STR05868,D_U0076,D0022,2026-02-11 03:35:33.416146,133
D_STR05869,D_U0051,D0033,2026-02-08 07:59:45.709358,53
D_STR05870,D_U0058,D0045,2026-02-27 06:41:06.765439,98
D_STR05871,D_U0042,D0039,2026-02-15 11:32:30.035461,287
D_STR05872,D_U0065,D0048,2026-03-02 22:52:27.738530,45
D_STR05873,D_U0041,D0048,2026-02-23 04:34:20.164712,219
D_STR05874,D_U0006,D0041,2026-02-06 09:04:49.575395,64
D_STR05875,D_U0018,D0037,2026-02-11 12:06:17.793118,34
D_STR05876,D_U0028,D0021,2026-03-01 18:34:24.553309,175
D_STR05877,D_U0004,D0042,2026-03-02 18:46:30.074706,121
D_STR05878,D_U0008,D0040,2026-02-11 19:53:20.597060,274
D_STR05879,D_U0041,D0026,2026-02-20 14:29:19.879594,17
D_STR05880,D_U0014,D0031,2026-02-15 16:45:18.964679,123
D_STR05881,D_U0019,D0040,2026-02-25 20:52:12.754794,294
D_STR05882,D_U0016,D0044,2026-02-08 12:32:11.664456,199
D_STR05883,D_U0008,D0038,2026-03-04 01:27:27.864326,5
D_STR05884,D_U0011,D0029,2026-02-08 04:01:00.992597,41
D_STR05885,D_U0021,D0048,2026-02-14 00:04:36.574197,211
D_STR05886,D_U0032,D0031,2026-03-04 04:14:10.293442,23
D_STR05887,D_U0064,D0001,2026-02-04 12:05:47.199578,53
D_STR05888,D_U0026,D0030,2026-03-05 23:55:33.760463,88
D_STR05889,D_U0083,D0049,2026-03-03 03:55:56.807056,180
D_STR05890,D_U0057,D0033,2026-02-16 07:27:34.818125,208
D_STR05891,D_U0001,D0038,2026-02-18 01:22:24.668223,58
D_STR05892,D_U0010,D0023,2026-02-16 10:13:27.217717,104
D_STR05893,D_U0031,D0027,2026-02-16 17:01:43.543710,90
D_STR05894,D_U0071,D0033,2026-02-06 17:22:22.720672,251
D_STR05895,D_U0092,D0037,2026-02-21 03:43:38.807125,161
D_STR05896,D_U0079,D0018,2026-03-05 13:08:25.231421,98
D_STR05897,D_U0081,D0040,2026-03-05 06:16:34.813723,218
D_STR05898,D_U0093,D0010,2026-02-08 15:20:54.901249,70
D_STR05899,D_U0086,D0021,2026-03-05 19:03:45.856847,49
D_STR05900,D_U0029,D0023,2026-02-27 14:13:43.378964,120
D_STR05901,D_U0069,D0033,2026-02-21 02:04:51.555785,174
D_STR05902,D_U0002,D0040,2026-02-21 10:59:15.724299,189
D_STR05903,D_U0002,D0042,2026-03-05 03:58:50.122631,338
D_STR05904,D_U0017,D0042,2026-02-15 20:13:05.972721,300
D_STR05905,D_U0067,D0040,2026-02-10 06:40:07.273647,311
D_STR05906,D_U0030,D0024,2026-02-21 16:20:31.892145,111
D_STR05907,D_U0075,D0050,2026-02-16 15:25:35.078685,222
D_STR05908,D_U0020,D0045,2026-02-07 00:08:44.291543,123
D_STR05909,D_U0085,D0024,2026-02-13 13:45:45.140272,199
D_STR05910,D_U0052,D0046,2026-02-27 11:02:45.929316,133
D_STR05911,D_U0003,D0036,2026-02-27 19:01:41.954615,78
D_STR05912,D_U0074,D0034,2026-02-25 17:07:11.085820,165
D_STR05913,D_U0026,D0037,2026-02-23 12:52:24.164561,237
D_STR05914,D_U0047,D0016,2026-03-05 14:27:06.771880,126
D_STR05915,D_U0035,D0041,2026-03-04 22:09:56.380590,49
D_STR05916,D_U0086,D0044,2026-02-14 03:53:19.234498,308
D_STR05917,D_U0055,D0044,2026-02-13 08:22:26.453147,282
D_STR05918,D_U0032,D0045,2026-02-18 18:44:15.560421,229
D_STR05919,D_U0028,D0008,2026-02-11 03:16:39.625994,132
D_STR05920,D_U0091,D0037,2026-02-11 16:59:12.284709,103
D_STR05921,D_U0035,D0018,2026-02-16 04:30:35.148623,36
D_STR05922,D_U0012,D0049,2026-02-17 01:59:35.775792,168
D_STR05923,D_U0010,D0021,2026-02-12 21:46:10.557080,113
D_STR05924,D_U0048,D0048,2026-02-05 01:16:28.723075,118
D_STR05925,D_U0002,D0033,2026-02-20 09:48:46.845616,144
D_STR05926,D_U0048,D0005,2026-02-23 15:46:24.970886,199
D_STR05927,D_U0062,D0048,2026-02-18 15:28:29.823690,101
D_STR05928,D_U0039,D0033,2026-02-20 15:48:09.386617,20
D_STR05929,D_U0022,D0004,2026-02-09 16:27:09.920758,10
D_STR05930,D_U0072,D0036,2026-03-05 09:42:52.987894,6
D_STR05931,D_U0012,D0049,2026-02-24 10:26:08.978087,127
D_STR05932,D_U0018,D0050,2026-02-11 03:55:04.222763,279
D_STR05933,D_U0035,D0028,2026-02-21 17:25:06.173936,233
D_STR05934,D_U0036,D0039,2026-02-21 09:01:27.697383,226
D_STR05935,D_U0095,D0039,2026-03-06 01:11:14.953337,297
D_STR05936,D_U0064,D0033,2026-02-15 05:16:39.253359,57
D_STR05937,D_U0076,D0050,2026-03-03 04:41:09.894488,31
D_STR05938,D_U0053,D0011,2026-02-06 09:49:10.757263,123
D_STR05939,D_U0036,D0027,2026-02-21 01:04:11.421994,119
D_STR05940,D_U0029,D0023,2026-02-13 16:49:17.500995,49
D_STR05941,D_U0035,D0047,2026-02-15 19:04:17.693649,116
D_STR05942,D_U0093,D0019,2026-02-22 14:22:33.506557,130
D_STR05943,D_U0093,D0031,2026-03-02 11:53:47.340254,30
D_STR05944,D_U0092,D0024,2026-02-10 08:39:05.869780,262
D_STR05945,D_U0071,D0047,2026-02-06 04:28:27.270581,26
D_STR05946,D_U0077,D0036,2026-02-13 04:44:53.588644,22
D_STR05947,D_U0052,D0046,2026-03-03 14:29:30.798369,155
D_STR05948,D_U0020,D0034,2026-02-16 11:46:24.831785,134
D_STR05949,D_U0059,D0048,2026-03-03 01:17:12.038938,80
D_STR05950,D_U0003,D0050,2026-02-14 15:31:48.033672,183
D_STR05951,D_U0073,D0039,2026-02-18 00:47:06.600402,92
D_STR05952,D_U0057,D0021,2026-02-15 08:51:34.672360,131
D_STR05953,D_U0030,D0041,2026-02-14 23:11:58.879865,37
D_STR05954,D_U0002,D0031,2026-02-22 00:44:20.733813,16
D_STR05955,D_U0037,D0027,2026-02-20 11:13:39.196749,44
D_STR05956,D_U0022,D0045,2026-02-19 16:11:52.914727,113
D_STR05957,D_U0051,D0016,2026-02-14 23:06:52.664939,20
D_STR05958,D_U0052,D0039,2026-03-05 00:52:50.227490,256
D_STR05959,D_U0053,D0048,2026-03-01 00:19:56.833040,207
D_STR05960,D_U0099,D0032,2026-02-26 00:12:34.628445,155
D_STR05961,D_U0043,D0019,2026-03-04 23:27:36.357910,99
D_STR05962,D_U0022,D0042,2026-02-13 12:16:42.126325,281
D_STR05963,D_U0076,D0049,2026-02-15 08:49:19.193428,231
D_STR05964,D_U0058,D0041,2026-03-01 22:47:21.648803,25
D_STR05965,D_U0093,D0046,2026-02-10 02:17:20.615445,98
D_STR05966,D_U0084,D0016,2026-02-05 17:27:02.669883,9
D_STR05967,D_U0030,D0041,2026-02-26 02:46:01.488974,85
D_STR05968,D_U0031,D0037,2026-02-15 07:53:46.777871,145
D_STR05969,D_U0024,D0050,2026-02-21 11:55:15.594285,275
D_STR05970,D_U0092,D0049,2026-02-04 16:30:34.546426,101
D_STR05971,D_U0059,D0027,2026-02-15 16:50:25.517518,36
D_STR05972,D_U0006,D0009,2026-02-06 13:58:40.688900,113
D_STR05973,D_U0046,D0049,2026-02-27 04:08:25.969821,14
D_STR05974,D_U0008,D0022,2026-02-14 05:39:36.319299,168
D_STR05975,D_U0070,D0050,2026-02-17 07:02:36.613059,70
D_STR05976,D_U0080,D0024,2026-02-11 13:20:36.359528,44
D_STR05977,D_U0067,D0037,2026-02-28 03:17:05.339616,169
D_STR05978,D_U0058,D0043,2026-02-16 19:54:31.397403,54
D_STR05979,D_U0044,D0039,2026-03-03 06:54:56.671038,16
D_STR05980,D_U0076,D0039,2026-02-25 15:06:21.232187,48
D_STR05981,D_U0040,D0046,2026-02-28 11:10:33.076912,162
D_STR05982,D_U0020,D0048,2026-03-02 00:03:06.655350,59
D_STR05983,D_U0074,D0026,2026-02-24 13:47:11.350315,70
D_STR05984,D_U0041,D0030,2026-03-01 21:01:53.437737,102
D_STR05985,D_U0092,D0011,2026-02-14 06:01:36.436854,45
D_STR05986,D_U0072,D0041,2026-02-27 17:37:50.425652,54
D_STR05987,D_U0006,D0020,2026-03-05 01:05:58.052741,161
D_STR05988,D_U0006,D0040,2026-02-28 17:41:03.135891,36
D_STR05989,D_U0065,D0023,2026-02-26 23:56:16.475448,71
D_STR05990,D_U0085,D0047,2026-02-10 22:17:26.545997,71
D_STR05991,D_U0024,D0043,2026-02-12 03:51:59.844957,36
D_STR05992,D_U0024,D0014,2026-02-20 11:56:23.488428,263
D_STR05993,D_U0093,D0043,2026-03-01 15:35:32.230838,14
D_STR05994,D_U0048,D0046,2026-02-06 15:20:42.973016,56
D_STR05995,D_U0063,D0047,2026-03-04 23:49:08.525189,111
D_STR05996,D_U0093,D0025,2026-02-04 11:18:36.871627,123
D_STR05997,D_U0074,D0050,2026-02-10 22:16:14.761265,307
D_STR05998,D_U0074,D0048,2026-03-03 12:03:58.746079,166
D_STR05999,D_U0006,D0027,2026-02-15 04:11:29.525331,131
D_STR06000,D_U0071,D0034,2026-02-22 06:37:11.742967,54
D_STR06001,D_U0007,D0033,2026-02-16 04:32:53.049928,121
D_STR06002,D_U0026,D0028,2026-02-13 04:34:49.963008,207
D_STR06003,D_U0015,D0008,2026-02-06 09:27:35.338889,160
D_STR06004,D_U0098,D0013,2026-02-12 08:53:59.509395,195
D_STR06005,D_U0006,D0040,2026-02-06 14:18:16.057510,46
D_STR06006,D_U0091,D0018,2026-02-14 04:59:59.941386,171
D_STR06007,D_U0040,D0039,2026-02-23 08:54:36.583444,155
D_STR06008,D_U0032,D0027,2026-02-16 20:46:32.427460,48
D_STR06009,D_U0074,D0025,2026-02-04 14:05:58.116370,133
D_STR06010,D_U0076,D0035,2026-02-16 21:52:59.541216,63
D_STR06011,D_U0025,D0036,2026-02-28 18:58:44.675201,247
D_STR06012,D_U0026,D0049,2026-02-15 10:55:20.098661,123
D_STR06013,D_U0091,D0028,2026-02-10 17:23:22.122765,90
D_STR06014,D_U0051,D0034,2026-02-18 01:47:14.003576,56
D_STR06015,D_U0047,D0021,2026-02-26 13:52:39.505863,181
D_STR06016,D_U0026,D0036,2026-02-17 00:17:16.169058,120
D_STR06017,D_U0064,D0049,2026-02-28 02:51:10.325314,42
D_STR06018,D_U0052,D0034,2026-02-16 01:33:08.515579,85
D_STR06019,D_U0088,D0030,2026-02-07 12:40:24.404871,184
D_STR06020,D_U0050,D0031,2026-03-04 03:03:24.964847,77
D_STR06021,D_U0068,D0023,2026-03-02 23:25:14.476335,40
D_STR06022,D_U0053,D0034,2026-02-15 22:43:19.341760,126
D_STR06023,D_U0038,D0028,2026-02-04 16:49:57.723661,230
D_STR06024,D_U0065,D0028,2026-02-24 04:12:48.461982,24
D_STR06025,D_U0049,D0039,2026-03-04 23:48:58.526285,188
D_STR06026,D_U0017,D0017,2026-03-03 12:19:40.424523,148
D_STR06027,D_U0056,D0046,2026-02-26 14:03:27.280599,256
D_STR06028,D_U0015,D0036,2026-03-02 06:08:25.349165,131
D_STR06029,D_U0044,D0048,2026-02-26 11:19:58.402363,114
D_STR06030,D_U0073,D0044,2026-02-28 00:44:51.105628,46
D_STR06031,D_U0006,D0014,2026-02-27 04:40:45.873389,7
D_STR06032,D_U0032,D0027,2026-02-06 07:23:04.021438,113
D_STR06033,D_U0054,D0035,2026-02-22 20:49:39.929108,193
D_STR06034,D_U0084,D0042,2026-02-28 05:46:16.920795,174
D_STR06035,D_U0087,D0044,2026-02-14 10:30:23.673433,135
D_STR06036,D_U0060,D0047,2026-02-20 16:00:33.152510,116
D_STR06037,D_U0065,D0050,2026-02-21 18:22:06.031031,263
D_STR06038,D_U0021,D0031,2026-02-14 21:34:11.639772,78
D_STR06039,D_U0050,D0031,2026-02-18 10:10:43.237829,104
D_STR06040,D_U0066,D0050,2026-02-18 03:25:23.867516,308
D_STR06041,D_U0014,D0039,2026-02-04 19:25:22.599805,136
D_STR06042,D_U0020,D0043,2026-02-17 21:47:26.705006,154
D_STR06043,D_U0061,D0050,2026-03-03 13:54:12.091397,302
D_STR06044,D_U0054,D0039,2026-02-15 03:41:38.171675,198
D_STR06045,D_U0019,D0027,2026-02-14 04:59:46.260572,129
D_STR06046,D_U0065,D0019,2026-02-25 23:13:17.160815,220
D_STR06047,D_U0033,D0016,2026-02-08 09:08:23.576900,133
D_STR06048,D_U0036,D0015,2026-02-10 23:13:12.860159,8
D_STR06049,D_U0059,D0045,2026-02-07 14:15:15.496569,56
D_STR06050,D_U0006,D0039,2026-02-28 11:25:44.055572,123
D_STR06051,D_U0083,D0034,2026-02-19 22:28:28.285169,102
D_STR06052,D_U0099,D0027,2026-02-27 08:25:52.923257,8
D_STR06053,D_U0050,D0014,2026-02-23 01:48:49.554786,301
D_STR06054,D_U0100,D0028,2026-02-07 01:42:42.866465,122
D_STR06055,D_U0058,D0038,2026-02-24 05:28:36.843131,24
D_STR06056,D_U0056,D0020,2026-02-20 05:41:16.760780,112
D_STR06057,D_U0039,D0042,2026-02-20 17:50:14.030192,60
D_STR06058,D_U0013,D0041,2026-02-18 21:55:28.737981,62
D_STR06059,D_U0049,D0029,2026-02-06 07:28:01.851971,91
D_STR06060,D_U0030,D0005,2026-02-20 22:49:01.552558,44
D_STR06061,D_U0067,D0006,2026-02-06 17:03:15.193316,254
D_STR06062,D_U0076,D0040,2026-02-06 06:04:53.473781,49
D_STR06063,D_U0066,D0031,2026-02-27 08:17:00.638745,146
D_STR06064,D_U0003,D0039,2026-02-26 08:57:01.184532,96
D_STR06065,D_U0048,D0047,2026-02-22 10:02:05.631726,95
D_STR06066,D_U0012,D0026,2026-02-23 12:00:59.827307,79
D_STR06067,D_U0015,D0032,2026-02-19 03:38:15.351574,222
D_STR06068,D_U0052,D0027,2026-02-11 15:41:25.633405,124
D_STR06069,D_U0052,D0019,2026-02-06 21:21:01.596750,109
D_STR06070,D_U0013,D0049,2026-02-18 15:32:25.937190,175
D_STR06071,D_U0083,D0042,2026-03-03 21:07:25.711440,194
D_STR06072,D_U0073,D0037,2026-02-05 14:40:15.991760,132
D_STR06073,D_U0074,D0043,2026-02-27 13:21:28.494597,28
D_STR06074,D_U0066,D0046,2026-02-04 11:00:52.503048,188
D_STR06075,D_U0071,D0016,2026-03-01 20:26:53.528365,100
D_STR06076,D_U0018,D0027,2026-02-12 22:44:02.874328,47
D_STR06077,D_U0008,D0049,2026-02-28 00:47:43.664190,84
D_STR06078,D_U0001,D0023,2026-02-26 12:09:08.385879,42
D_STR06079,D_U0013,D0037,2026-02-24 01:21:53.721270,164
D_STR06080,D_U0021,D0003,2026-02-06 05:58:52.393381,281
D_STR06081,D_U0062,D0017,2026-02-14 12:27:48.631596,124
D_STR06082,D_U0056,D0047,2026-02-25 05:19:20.954635,226
D_STR06083,D_U0078,D0048,2026-02-17 13:02:52.464900,146
D_STR06084,D_U0040,D0049,2026-02-15 23:42:17.806659,114
D_STR06085,D_U0053,D0048,2026-02-28 18:48:03.406355,115
D_STR06086,D_U0075,D0045,2026-03-01 21:52:42.046123,9
D_STR06087,D_U0052,D0047,2026-03-02 09:21:49.939552,209
D_STR06088,D_U0098,D0050,2026-02-18 12:42:17.774737,132
D_STR06089,D_U0077,D0040,2026-03-01 07:30:37.554725,189
D_STR06090,D_U0035,D0039,2026-02-10 01:00:20.104646,161
D_STR06091,D_U0057,D0049,2026-02-10 07:21:31.972665,226
D_STR06092,D_U0075,D0007,2026-02-06 13:48:19.011817,289
D_STR06093,D_U0031,D0014,2026-02-23 11:48:16.085249,111
D_STR06094,D_U0094,D0044,2026-02-18 23:56:38.997299,49
D_STR06095,D_U0080,D0014,2026-02-26 20:31:42.721586,123
D_STR06096,D_U0086,D0050,2026-03-02 03:20:11.098451,317
D_STR06097,D_U0020,D0045,2026-02-14 22:07:40.532997,116
D_STR06098,D_U0096,D0021,2026-02-08 06:40:46.825119,200
D_STR06099,D_U0014,D0035,2026-02-13 16:01:21.551774,159
D_STR06100,D_U0054,D0014,2026-02-11 16:18:56.739725,121
D_STR06101,D_U0030,D0032,2026-02-13 14:50:02.777722,99
D_STR06102,D_U0024,D0036,2026-02-09 13:19:21.020951,178
D_STR06103,D_U0059,D0041,2026-02-07 03:28:28.510711,47
D_STR06104,D_U0065,D0024,2026-02-11 11:32:55.870381,171
D_STR06105,D_U0026,D0029,2026-02-28 18:04:56.066113,131
D_STR06106,D_U0008,D0039,2026-02-18 22:25:26.911349,260
D_STR06107,D_U0100,D0011,2026-02-25 04:37:05.171065,98
D_STR06108,D_U0095,D0022,2026-02-26 09:04:26.200584,81
D_STR06109,D_U0076,D0031,2026-03-02 20:13:52.255774,31
D_STR06110,D_U0024,D0047,2026-02-10 07:18:27.786693,127
D_STR06111,D_U0037,D0035,2026-02-06 15:27:59.196215,108
D_STR06112,D_U0026,D0033,2026-02-08 01:01:57.716732,219
D_STR06113,D_U0027,D0031,2026-03-04 02:09:29.506434,26
D_STR06114,D_U0063,D0039,2026-02-22 12:44:00.763835,181
D_STR06115,D_U0073,D0045,2026-02-09 09:09:09.539994,43
D_STR06116,D_U0015,D0027,2026-02-15 10:04:17.550989,112
D_STR06117,D_U0076,D0035,2026-02-14 09:36:16.721911,44
D_STR06118,D_U0065,D0046,2026-03-04 18:24:17.775093,43
D_STR06119,D_U0074,D0036,2026-02-22 08:00:17.792568,14
D_STR06120,D_U0011,D0041,2026-02-21 07:42:11.364685,22
D_STR06121,D_U0019,D0041,2026-03-03 09:15:31.926922,131
D_STR06122,D_U0009,D0045,2026-02-22 05:18:40.625180,75
D_STR06123,D_U0049,D0028,2026-02-07 09:22:01.116938,138
D_STR06124,D_U0011,D0020,2026-02-24 03:05:12.263012,187
D_STR06125,D_U0002,D0042,2026-02-05 05:40:58.301681,344
D_STR06126,D_U0025,D0013,2026-02-19 02:52:03.655238,68
D_STR06127,D_U0044,D0047,2026-02-08 20:24:10.787140,217
D_STR06128,D_U0011,D0024,2026-02-25 09:48:15.454074,210
D_STR06129,D_U0072,D0023,2026-02-19 18:09:03.890352,105
D_STR06130,D_U0007,D0050,2026-02-07 17:17:22.529957,234
D_STR06131,D_U0096,D0005,2026-02-16 08:06:00.831051,306
D_STR06132,D_U0020,D0032,2026-02-12 18:08:36.590791,73
D_STR06133,D_U0010,D0027,2026-03-01 03:45:19.875069,78
D_STR06134,D_U0025,D0027,2026-02-09 06:51:17.272018,70
D_STR06135,D_U0005,D0042,2026-02-11 23:35:05.695421,247
D_STR06136,D_U0031,D0025,2026-02-04 17:27:46.232635,72
D_STR06137,D_U0004,D0048,2026-02-17 21:34:46.129902,30
D_STR06138,D_U0071,D0026,2026-02-12 02:51:22.872120,92
D_STR06139,D_U0034,D0030,2026-02-25 02:41:07.165506,162
D_STR06140,D_U0002,D0034,2026-02-14 13:48:15.823558,139
D_STR06141,D_U0047,D0027,2026-02-10 16:54:05.084978,89
D_STR06142,D_U0075,D0012,2026-02-23 07:32:17.198699,169
D_STR06143,D_U0090,D0036,2026-02-21 06:03:01.373865,83
D_STR06144,D_U0013,D0027,2026-02-12 14:36:11.271300,15
D_STR06145,D_U0071,D0039,2026-03-05 06:47:21.696465,273
D_STR06146,D_U0071,D0039,2026-03-03 01:22:54.754698,74
D_STR06147,D_U0002,D0018,2026-02-24 00:51:18.322103,40
D_STR06148,D_U0019,D0050,2026-03-01 21:37:05.735852,72
D_STR06149,D_U0017,D0039,2026-02-07 02:42:46.680220,128
D_STR06150,D_U0082,D0027,2026-03-02 09:49:33.537744,36
D_STR06151,D_U0001,D0036,2026-02-16 17:50:56.297215,81
D_STR06152,D_U0053,D0035,2026-02-15 05:48:19.261931,342
D_STR06153,D_U0054,D0020,2026-02-17 11:28:34.772050,272
D_STR06154,D_U0081,D0012,2026-02-23 09:58:45.278454,174
D_STR06155,D_U0020,D0036,2026-02-20 18:01:22.641194,108
D_STR06156,D_U0022,D0024,2026-02-19 01:08:18.310697,14
D_STR06157,D_U0083,D0041,2026-02-25 11:02:16.340495,67
D_STR06158,D_U0036,D0043,2026-02-28 04:43:50.316475,5
D_STR06159,D_U0044,D0040,2026-02-22 20:29:17.052334,212
D_STR06160,D_U0017,D0045,2026-02-25 20:05:48.979699,156
D_STR06161,D_U0079,D0022,2026-03-02 09:50:24.341935,153
D_STR06162,D_U0047,D0038,2026-02-23 11:26:16.458177,172
D_STR06163,D_U0087,D0046,2026-02-22 10:26:31.952289,160
D_STR06164,D_U0051,D0013,2026-02-11 01:13:32.690510,22
D_STR06165,D_U0081,D0047,2026-02-07 16:14:29.248436,57
D_STR06166,D_U0017,D0023,2026-02-25 09:07:14.729519,95
D_STR06167,D_U0012,D0011,2026-02-26 04:08:19.339630,53
D_STR06168,D_U0055,D0044,2026-02-15 19:03:25.260561,40
D_STR06169,D_U0071,D0030,2026-02-09 02:33:19.675408,95
D_STR06170,D_U0091,D0032,2026-02-19 23:47:06.993109,77
D_STR06171,D_U0070,D0035,2026-02-08 15:44:40.833547,98
D_STR06172,D_U0097,D0032,2026-03-05 00:58:45.416792,223
D_STR06173,D_U0039,D0039,2026-02-24 02:39:24.742960,93
D_STR06174,D_U0085,D0039,2026-02-20 07:22:13.622239,312
D_STR06175,D_U0048,D0047,2026-02-24 10:58:23.255733,53
D_STR06176,D_U0046,D0029,2026-02-28 00:22:45.202968,29
D_STR06177,D_U0094,D0036,2026-02-17 23:56:12.117436,125
D_STR06178,D_U0070,D0004,2026-03-03 14:03:42.062556,115
D_STR06179,D_U0011,D0027,2026-02-09 22:35:07.652642,76
D_STR06180,D_U0072,D0029,2026-02-26 06:01:39.680381,120
D_STR06181,D_U0051,D0042,2026-03-03 17:34:21.867240,290
D_STR06182,D_U0073,D0017,2026-02-22 13:54:08.123935,96
D_STR06183,D_U0078,D0041,2026-02-19 09:14:33.238080,128
D_STR06184,D_U0094,D0002,2026-02-08 04:54:17.635930,193
D_STR06185,D_U0026,D0044,2026-03-01 09:53:44.570257,298
D_STR06186,D_U0043,D0044,2026-02-25 23:13:39.894407,155
D_STR06187,D_U0084,D0044,2026-02-13 09:32:55.441157,244
D_STR06188,D_U0049,D0008,2026-03-03 14:41:59.670112,109
D_STR06189,D_U0095,D0008,2026-02-10 16:13:44.779258,220
D_STR06190,D_U0094,D0030,2026-02-07 11:16:43.109922,186
D_STR06191,D_U0044,D0030,2026-03-04 12:20:39.113531,156
D_STR06192,D_U0097,D0048,2026-02-11 12:50:34.507990,142
D_STR06193,D_U0096,D0019,2026-02-13 06:12:21.714772,94
D_STR06194,D_U0034,D0042,2026-02-09 10:06:44.126355,336
D_STR06195,D_U0034,D0027,2026-02-04 17:43:52.749151,64
D_STR06196,D_U0002,D0040,2026-03-05 14:21:44.503422,249
D_STR06197,D_U0059,D0021,2026-03-01 01:32:43.096038,112
D_STR06198,D_U0092,D0019,2026-03-01 11:24:43.771119,186
D_STR06199,D_U0093,D0045,2026-02-17 17:57:34.092404,32
D_STR06200,D_U0037,D0047,2026-02-15 14:19:49.620010,77
D_STR06201,D_U0052,D0028,2026-02-25 23:57:30.690488,245
D_STR06202,D_U0076,D0040,2026-02-19 17:58:36.647063,7
D_STR06203,D_U0026,D0016,2026-02-27 19:53:35.996133,132
D_STR06204,D_U0042,D0050,2026-03-01 15:22:21.421790,89
D_STR06205,D_U0043,D0043,2026-02-18 18:19:27.657365,99
D_STR06206,D_U0089,D0044,2026-02-21 05:50:16.277065,256
D_STR06207,D_U0096,D0033,2026-02-18 04:21:25.300937,37
D_STR06208,D_U0037,D0043,2026-02-05 16:46:45.931634,99
D_STR06209,D_U0017,D0041,2026-02-11 11:15:10.501960,112
D_STR06210,D_U0035,D0012,2026-02-12 06:23:10.690935,109
D_STR06211,D_U0047,D0042,2026-02-08 00:13:22.283505,309
D_STR06212,D_U0064,D0041,2026-02-20 22:54:59.129259,134
D_STR06213,D_U0034,D0032,2026-02-07 18:26:30.153846,183
D_STR06214,D_U0004,D0016,2026-02-26 04:12:41.281403,111
D_STR06215,D_U0035,D0045,2026-02-20 16:00:08.804053,79
D_STR06216,D_U0033,D0038,2026-02-11 07:28:56.191507,97
D_STR06217,D_U0038,D0024,2026-02-25 00:22:26.731053,270
D_STR06218,D_U0099,D0042,2026-02-10 07:16:58.757506,120
D_STR06219,D_U0025,D0048,2026-02-04 13:03:42.457423,137
D_STR06220,D_U0093,D0043,2026-02-17 17:39:56.785242,77
D_STR06221,D_U0021,D0032,2026-03-03 22:51:38.363614,22
D_STR06222,D_U0025,D0033,2026-03-03 13:19:55.890440,39
D_STR06223,D_U0037,D0027,2026-02-21 06:03:20.798885,135
D_STR06224,D_U0090,D0022,2026-02-10 21:34:54.319054,13
D_STR06225,D_U0031,D0043,2026-02-04 12:45:03.187156,25
D_STR06226,D_U0014,D0037,2026-02-23 05:42:10.744852,183
D_STR06227,D_U0020,D0010,2026-02-27 03:40:34.465803,231
D_STR06228,D_U0060,D0046,2026-02-15 17:01:57.346236,64
D_STR06229,D_U0095,D0017,2026-02-20 03:17:53.191549,44
D_STR06230,D_U0047,D0046,2026-03-03 13:15:43.119281,102
D_STR06231,D_U0061,D0017,2026-02-22 17:23:28.650486,188
D_STR06232,D_U0005,D0032,2026-02-06 04:19:05.721314,223
D_STR06233,D_U0083,D0024,2026-02-07 13:15:50.385279,126
D_STR06234,D_U0052,D0004,2026-02-06 09:02:09.812014,208
D_STR06235,D_U0019,D0016,2026-02-23 02:23:39.580070,122
D_STR06236,D_U0008,D0050,2026-02-17 18:36:46.540682,141
D_STR06237,D_U0038,D0048,2026-02-17 16:09:46.873067,196
D_STR06238,D_U0015,D0041,2026-02-25 15:24:02.114530,154
D_STR06239,D_U0015,D0045,2026-02-04 11:48:50.667896,196
D_STR06240,D_U0053,D0031,2026-02-11 04:46:36.969238,138
D_STR06241,D_U0046,D0008,2026-02-15 19:31:46.872366,186
D_STR06242,D_U0072,D0033,2026-02-05 15:34:38.707072,228
D_STR06243,D_U0065,D0045,2026-02-15 08:48:43.497104,158
D_STR06244,D_U0032,D0048,2026-02-21 11:37:36.486423,98
D_STR06245,D_U0080,D0030,2026-02-12 07:50:01.734055,93
D_STR06246,D_U0064,D0031,2026-03-03 19:38:08.524004,156
D_STR06247,D_U0075,D0016,2026-03-03 02:08:47.372810,37
D_STR06248,D_U0087,D0046,2026-02-12 04:16:54.100128,109
D_STR06249,D_U0081,D0022,2026-02-26 18:40:19.955683,94
D_STR06250,D_U0054,D0026,2026-02-25 14:10:02.444410,8
D_STR06251,D_U0051,D0027,2026-02-20 06:24:25.747472,32
D_STR06252,D_U0074,D0027,2026-02-13 04:33:26.381782,16
D_STR06253,D_U0062,D0049,2026-02-28 16:02:42.059926,11
D_STR06254,D_U0065,D0025,2026-02-18 14:22:02.534158,111
D_STR06255,D_U0011,D0021,2026-02-14 16:47:12.607476,177
D_STR06256,D_U0023,D0021,2026-02-15 10:34:50.546154,20
D_STR06257,D_U0004,D0050,2026-02-09 07:51:02.649752,215
D_STR06258,D_U0051,D0032,2026-02-17 00:04:20.400429,225
D_STR06259,D_U0061,D0031,2026-02-06 06:40:22.762635,72
D_STR06260,D_U0060,D0047,2026-03-02 01:41:48.461366,219
D_STR06261,D_U0010,D0028,2026-02-07 21:48:17.968979,246
D_STR06262,D_U0060,D0038,2026-02-11 10:09:55.198147,146
D_STR06263,D_U0021,D0035,2026-03-04 17:38:58.910747,292
D_STR06264,D_U0069,D0045,2026-03-05 04:59:43.247963,94
D_STR06265,D_U0028,D0040,2026-03-04 06:40:00.548184,79
D_STR06266,D_U0003,D0014,2026-02-28 15:10:34.517079,156
D_STR06267,D_U0039,D0031,2026-02-23 19:03:46.859439,77
D_STR06268,D_U0088,D0050,2026-02-27 16:37:20.098199,39
D_STR06269,D_U0069,D0039,2026-02-06 02:20:04.433278,138
D_STR06270,D_U0090,D0035,2026-02-07 00:00:42.974843,118
D_STR06271,D_U0079,D0033,2026-03-05 20:29:17.126463,26
D_STR06272,D_U0051,D0039,2026-02-16 09:19:01.031187,252
D_STR06273,D_U0091,D0045,2026-02-23 22:55:51.669166,226
D_STR06274,D_U0032,D0035,2026-02-14 17:25:09.922139,42
D_STR06275,D_U0003,D0049,2026-02-04 12:34:37.799228,23
D_STR06276,D_U0048,D0033,2026-02-24 17:49:45.369200,101
D_STR06277,D_U0086,D0047,2026-02-10 17:34:53.007265,117
D_STR06278,D_U0085,D0037,2026-02-12 05:27:20.803323,190
D_STR06279,D_U0077,D0042,2026-03-02 19:55:14.190093,196
D_STR06280,D_U0034,D0027,2026-02-18 19:50:52.140180,21
D_STR06281,D_U0042,D0013,2026-02-12 13:47:53.464341,98
D_STR06282,D_U0058,D0042,2026-02-23 08:19:59.587265,79
D_STR06283,D_U0004,D0039,2026-02-22 06:11:06.943520,99
D_STR06284,D_U0042,D0003,2026-02-22 01:34:18.253153,269
D_STR06285,D_U0013,D0014,2026-03-05 01:08:14.908552,124
D_STR06286,D_U0028,D0047,2026-02-14 11:24:59.403927,229
D_STR06287,D_U0096,D0025,2026-02-14 21:46:07.542830,92
D_STR06288,D_U0054,D0008,2026-02-23 03:30:34.705086,14
D_STR06289,D_U0043,D0029,2026-02-28 04:47:03.503310,80
D_STR06290,D_U0074,D0015,2026-03-04 11:01:09.492233,247
D_STR06291,D_U0088,D0047,2026-02-05 01:42:47.800880,79
D_STR06292,D_U0032,D0030,2026-02-18 17:20:02.914509,155
D_STR06293,D_U0058,D0030,2026-02-21 17:13:37.032582,184
D_STR06294,D_U0002,D0010,2026-03-03 07:02:56.724635,135
D_STR06295,D_U0004,D0026,2026-03-04 01:55:59.292002,124
D_STR06296,D_U0082,D0027,2026-02-18 19:52:32.253304,105
D_STR06297,D_U0087,D0046,2026-02-22 04:07:41.741083,231
D_STR06298,D_U0040,D0019,2026-02-10 09:50:34.995082,82
D_STR06299,D_U0026,D0014,2026-02-05 09:03:03.042363,19
D_STR06300,D_U0019,D0026,2026-02-05 16:44:14.183540,107
D_STR06301,D_U0057,D0022,2026-02-13 01:37:31.412863,94
D_STR06302,D_U0027,D0028,2026-03-04 06:22:20.842455,37
D_STR06303,D_U0013,D0043,2026-02-23 07:32:39.249734,34
D_STR06304,D_U0084,D0050,2026-02-27 08:03:20.046123,152
D_STR06305,D_U0073,D0037,2026-02-06 21:54:31.864709,32
D_STR06306,D_U0100,D0043,2026-02-11 04:34:38.175503,104
D_STR06307,D_U0046,D0046,2026-02-27 06:48:27.811618,170
D_STR06308,D_U0049,D0025,2026-02-10 17:49:17.308223,17
D_STR06309,D_U0076,D0017,2026-02-18 18:51:40.650379,157
D_STR06310,D_U0052,D0005,2026-02-09 05:23:49.254235,101
D_STR06311,D_U0075,D0037,2026-02-10 23:06:58.610980,125
D_STR06312,D_U0080,D0037,2026-02-09 12:11:51.220490,208
D_STR06313,D_U0096,D0016,2026-02-07 07:52:58.146510,109
D_STR06314,D_U0032,D0042,2026-02-18 13:17:38.906064,295
D_STR06315,D_U0055,D0009,2026-02-15 22:46:31.378518,106
D_STR06316,D_U0091,D0042,2026-02-19 14:40:33.476019,198
D_STR06317,D_U0087,D0021,2026-02-09 02:40:14.512223,157
D_STR06318,D_U0025,D0020,2026-02-05 20:10:51.589155,90
D_STR06319,D_U0045,D0045,2026-02-25 11:21:34.418451,36
D_STR06320,D_U0029,D0040,2026-02-26 21:19:53.069340,83
D_STR06321,D_U0054,D0029,2026-02-22 13:57:00.536687,147
D_STR06322,D_U0095,D0036,2026-02-15 16:41:35.610803,90
D_STR06323,D_U0070,D0043,2026-02-10 12:33:34.623369,68
D_STR06324,D_U0058,D0029,2026-03-04 01:49:09.080402,5
D_STR06325,D_U0033,D0023,2026-02-23 11:17:20.047786,58
D_STR06326,D_U0074,D0030,2026-02-05 06:06:09.413349,129
D_STR06327,D_U0086,D0043,2026-02-04 12:00:09.514819,55
D_STR06328,D_U0100,D0013,2026-02-05 21:36:12.468263,5
D_STR06329,D_U0075,D0044,2026-02-08 04:40:44.753590,13
D_STR06330,D_U0062,D0042,2026-03-01 06:27:00.930876,240
D_STR06331,D_U0084,D0045,2026-03-05 09:32:26.169465,24
D_STR06332,D_U0045,D0048,2026-02-19 14:10:30.190077,8
D_STR06333,D_U0037,D0038,2026-02-27 18:36:52.141577,177
D_STR06334,D_U0034,D0042,2026-02-11 11:47:31.095421,77
D_STR06335,D_U0084,D0038,2026-03-01 22:30:12.717771,178
D_STR06336,D_U0077,D0047,2026-02-09 06:32:31.965914,171
D_STR06337,D_U0090,D0033,2026-02-07 14:20:04.972546,253
D_STR06338,D_U0092,D0045,2026-02-06 06:03:37.756316,208
D_STR06339,D_U0011,D0044,2026-02-04 14:05:48.982126,42
D_STR06340,D_U0069,D0015,2026-02-09 16:44:53.034385,87
D_STR06341,D_U0006,D0028,2026-03-03 02:32:27.799946,23
D_STR06342,D_U0073,D0015,2026-02-12 05:15:25.881441,130
D_STR06343,D_U0057,D0015,2026-02-08 03:54:14.664442,135
D_STR06344,D_U0081,D0022,2026-02-08 11:52:27.142287,70
D_STR06345,D_U0016,D0050,2026-02-07 15:51:23.469903,195
D_STR06346,D_U0080,D0050,2026-03-06 04:58:10.701844,333
D_STR06347,D_U0019,D0040,2026-02-25 14:00:55.185895,328
D_STR06348,D_U0024,D0037,2026-03-05 12:32:15.407960,336
D_STR06349,D_U0025,D0039,2026-02-27 02:22:50.797220,190
D_STR06350,D_U0072,D0025,2026-02-05 07:55:59.866373,139
D_STR06351,D_U0093,D0042,2026-03-01 06:33:56.950850,148
D_STR06352,D_U0005,D0032,2026-02-18 23:44:34.676584,15
D_STR06353,D_U0071,D0041,2026-02-08 09:05:41.892011,85
D_STR06354,D_U0023,D0044,2026-02-05 19:44:50.451589,307
D_STR06355,D_U0091,D0042,2026-02-18 19:15:33.878064,72
D_STR06356,D_U0012,D0044,2026-02-12 22:52:55.603637,15
D_STR06357,D_U0020,D0045,2026-02-06 00:12:18.344670,8
D_STR06358,D_U0015,D0036,2026-02-26 04:22:03.675388,139
D_STR06359,D_U0028,D0044,2026-03-06 00:05:52.453976,207
D_STR06360,D_U0020,D0043,2026-02-26 10:42:17.452230,96
D_STR06361,D_U0097,D0048,2026-02-26 01:54:11.940009,99
D_STR06362,D_U0009,D0042,2026-02-15 01:29:30.012084,104
D_STR06363,D_U0085,D0037,2026-02-16 03:12:23.037847,233
D_STR06364,D_U0012,D0037,2026-02-10 07:32:41.800125,178
D_STR06365,D_U0067,D0024,2026-02-08 21:14:57.162274,96
D_STR06366,D_U0022,D0021,2026-02-16 02:47:47.612734,175
D_STR06367,D_U0013,D0039,2026-02-08 03:18:46.528534,311
D_STR06368,D_U0057,D0028,2026-02-18 13:25:25.394590,62
D_STR06369,D_U0003,D0013,2026-02-18 08:18:50.703720,100
D_STR06370,D_U0085,D0031,2026-02-13 22:56:21.886111,116
D_STR06371,D_U0092,D0025,2026-02-27 21:20:17.513017,159
D_STR06372,D_U0099,D0043,2026-02-25 05:48:39.082565,83
D_STR06373,D_U0021,D0048,2026-03-03 17:57:09.187763,62
D_STR06374,D_U0011,D0020,2026-02-08 04:33:33.955307,297
D_STR06375,D_U0021,D0044,2026-02-27 00:55:45.494734,318
D_STR06376,D_U0016,D0032,2026-02-18 03:25:15.234734,144
D_STR06377,D_U0027,D0043,2026-02-04 12:05:54.548961,21
D_STR06378,D_U0023,D0041,2026-02-19 13:37:31.662765,35
D_STR06379,D_U0071,D0025,2026-03-05 09:16:52.031953,116
D_STR06380,D_U0016,D0019,2026-02-13 01:02:59.380079,215
D_STR06381,D_U0010,D0048,2026-02-13 17:48:50.030481,218
D_STR06382,D_U0031,D0043,2026-02-19 04:04:22.313542,138
D_STR06383,D_U0053,D0040,2026-02-08 11:59:35.123500,119
D_STR06384,D_U0042,D0036,2026-02-22 05:50:00.489349,7
D_STR06385,D_U0072,D0042,2026-02-04 14:27:10.468823,305
D_STR06386,D_U0065,D0048,2026-02-20 13:40:18.704892,203
D_STR06387,D_U0100,D0030,2026-02-09 11:42:00.468141,30
D_STR06388,D_U0022,D0049,2026-02-15 04:33:03.713196,185
D_STR06389,D_U0037,D0028,2026-02-16 12:47:14.805152,196
D_STR06390,D_U0049,D0021,2026-02-22 02:02:09.579329,144
D_STR06391,D_U0043,D0049,2026-02-12 05:56:25.709776,174
D_STR06392,D_U0047,D0023,2026-02-12 02:18:54.872687,61
D_STR06393,D_U0023,D0042,2026-03-02 11:19:01.423482,291
D_STR06394,D_U0050,D0020,2026-02-25 11:20:49.499990,253
D_STR06395,D_U0065,D0042,2026-02-13 16:54:52.133723,276
D_STR06396,D_U0085,D0013,2026-02-22 14:40:51.893694,102
D_STR06397,D_U0052,D0036,2026-02-27 20:08:40.922424,157
D_STR06398,D_U0046,D0040,2026-02-27 08:29:05.758412,296
D_STR06399,D_U0050,D0033,2026-03-02 03:56:57.586900,139
D_STR06400,D_U0036,D0037,2026-02-21 11:35:47.682831,262
D_STR06401,D_U0084,D0044,2026-02-26 02:56:14.639308,300
D_STR06402,D_U0047,D0032,2026-02-08 14:37:29.867930,177
D_STR06403,D_U0090,D0047,2026-03-04 11:33:26.318054,161
D_STR06404,D_U0020,D0016,2026-02-10 11:33:34.130323,36
D_STR06405,D_U0054,D0049,2026-02-19 17:17:28.359617,246
D_STR06406,D_U0025,D0044,2026-02-26 23:31:24.483323,67
D_STR06407,D_U0015,D0035,2026-03-01 02:34:41.596235,336
D_STR06408,D_U0005,D0048,2026-02-14 15:18:49.905653,198
D_STR06409,D_U0052,D0040,2026-03-05 01:36:06.464643,35
D_STR06410,D_U0036,D0026,2026-02-21 10:24:38.844225,118
D_STR06411,D_U0077,D0008,2026-02-15 17:13:36.524907,24
D_STR06412,D_U0096,D0043,2026-02-07 12:18:20.391520,10
D_STR06413,D_U0049,D0002,2026-02-14 20:21:47.246818,5
D_STR06414,D_U0027,D0037,2026-03-05 15:09:13.701151,129
D_STR06415,D_U0063,D0031,2026-02-16 17:50:16.060334,65
D_STR06416,D_U0048,D0040,2026-02-19 09:20:48.785538,224
D_STR06417,D_U0006,D0021,2026-02-27 14:36:45.925666,83
D_STR06418,D_U0011,D0006,2026-02-21 22:34:05.385339,97
D_STR06419,D_U0069,D0028,2026-02-10 05:19:01.637370,90
D_STR06420,D_U0002,D0047,2026-02-07 16:01:38.884792,116
D_STR06421,D_U0004,D0049,2026-03-03 21:18:26.548473,227
D_STR06422,D_U0051,D0031,2026-02-23 19:57:38.461813,62
D_STR06423,D_U0089,D0037,2026-02-28 07:27:37.219677,287
D_STR06424,D_U0077,D0029,2026-02-06 18:51:04.815392,128
D_STR06425,D_U0004,D0038,2026-02-09 18:22:49.360263,135
D_STR06426,D_U0076,D0044,2026-02-10 02:36:05.119571,217
D_STR06427,D_U0018,D0028,2026-03-05 12:34:17.567689,65
D_STR06428,D_U0010,D0037,2026-02-10 01:30:39.885910,315
D_STR06429,D_U0043,D0019,2026-02-14 17:06:12.385228,34
D_STR06430,D_U0073,D0029,2026-02-15 19:31:45.895389,39
D_STR06431,D_U0060,D0048,2026-02-24 17:50:39.316814,31
D_STR06432,D_U0060,D0027,2026-02-04 17:43:53.882036,92
D_STR06433,D_U0091,D0040,2026-02-22 19:58:39.270792,55
D_STR06434,D_U0018,D0043,2026-02-28 04:04:45.775468,181
D_STR06435,D_U0100,D0034,2026-02-10 10:48:10.400417,93
D_STR06436,D_U0051,D0038,2026-02-06 21:14:11.055354,67
D_STR06437,D_U0066,D0040,2026-02-27 06:49:46.406833,282
D_STR06438,D_U0081,D0049,2026-02-26 12:03:58.668994,110
D_STR06439,D_U0100,D0044,2026-02-21 05:01:24.562860,102
D_STR06440,D_U0064,D0031,2026-02-07 21:07:09.140299,130
D_STR06441,D_U0066,D0050,2026-03-04 23:19:09.520513,20
D_STR06442,D_U0063,D0004,2026-02-18 09:21:59.764403,183
D_STR06443,D_U0041,D0022,2026-02-28 17:14:29.837625,71
D_STR06444,D_U0100,D0033,2026-02-06 06:04:51.910153,129
D_STR06445,D_U0068,D0040,2026-02-24 00:06:56.543127,171
D_STR06446,D_U0003,D0008,2026-02-27 02:52:17.265041,83
D_STR06447,D_U0100,D0018,2026-03-01 09:25:39.269796,79
D_STR06448,D_U0061,D0045,2026-03-02 13:13:15.493296,108
D_STR06449,D_U0071,D0017,2026-03-01 11:13:07.616498,228
D_STR06450,D_U0041,D0031,2026-02-08 14:56:11.017853,51
D_STR06451,D_U0063,D0016,2026-02-24 11:12:09.172106,50
D_STR06452,D_U0049,D0013,2026-02-15 22:44:57.541967,96
D_STR06453,D_U0051,D0049,2026-02-23 19:59:57.195746,96
D_STR06454,D_U0070,D0042,2026-02-17 06:56:56.086817,196
D_STR06455,D_U0095,D0033,2026-02-24 12:38:08.322945,283
D_STR06456,D_U0061,D0048,2026-02-14 17:52:12.171810,157
D_STR06457,D_U0096,D0021,2026-02-09 05:36:47.685648,207
D_STR06458,D_U0077,D0031,2026-03-05 01:34:33.669024,109
D_STR06459,D_U0045,D0042,2026-02-20 10:50:41.334561,137
D_STR06460,D_U0064,D0045,2026-02-11 13:41:21.103876,58
D_STR06461,D_U0053,D0038,2026-02-19 09:54:05.761939,134
D_STR06462,D_U0040,D0017,2026-03-03 20:56:20.947008,158
D_STR06463,D_U0040,D0047,2026-02-04 18:35:58.590873,9
D_STR06464,D_U0093,D0030,2026-02-25 03:56:02.899096,44
D_STR06465,D_U0093,D0050,2026-02-05 12:52:39.039252,86
D_STR06466,D_U0030,D0028,2026-02-24 19:25:30.985823,113
D_STR06467,D_U0048,D0028,2026-03-04 11:10:24.919690,16
D_STR06468,D_U0021,D0046,2026-02-11 16:07:55.013331,241
D_STR06469,D_U0099,D0047,2026-02-12 04:55:29.389163,40
D_STR06470,D_U0051,D0044,2026-03-04 11:47:49.688077,176
D_STR06471,D_U0064,D0026,2026-02-28 11:06:56.511334,108
D_STR06472,D_U0097,D0041,2026-02-07 04:30:25.938082,121
D_STR06473,D_U0070,D0007,2026-02-19 10:42:47.226636,357
D_STR06474,D_U0098,D0027,2026-02-04 14:03:56.793156,108
D_STR06475,D_U0062,D0030,2026-02-08 13:23:18.792965,183
D_STR06476,D_U0009,D0039,2026-03-01 00:28:40.377842,64
D_STR06477,D_U0070,D0022,2026-02-18 10:35:07.918989,21
D_STR06478,D_U0058,D0044,2026-03-05 20:02:59.576978,293
D_STR06479,D_U0038,D0033,2026-02-10 03:34:39.368407,106
D_STR06480,D_U0076,D0020,2026-02-17 12:16:25.817718,56
D_STR06481,D_U0012,D0036,2026-02-12 04:23:40.031581,43
D_STR06482,D_U0091,D0046,2026-02-11 13:11:46.397676,182
D_STR06483,D_U0058,D0044,2026-03-02 13:41:33.472815,79
D_STR06484,D_U0047,D0038,2026-02-25 06:03:19.849210,28
D_STR06485,D_U0037,D0013,2026-02-14 01:12:25.327783,138
D_STR06486,D_U0062,D0042,2026-02-09 00:38:54.088101,265
D_STR06487,D_U0092,D0043,2026-02-20 04:48:03.193732,70
D_STR06488,D_U0007,D0015,2026-02-15 05:03:44.192146,64
D_STR06489,D_U0049,D0042,2026-02-13 22:19:41.990945,54
D_STR06490,D_U0033,D0027,2026-02-27 09:28:47.017594,38
D_STR06491,D_U0008,D0021,2026-02-17 00:09:47.780530,190
D_STR06492,D_U0028,D0048,2026-02-13 00:34:11.545844,182
D_STR06493,D_U0029,D0037,2026-02-13 16:34:59.586058,239
D_STR06494,D_U0063,D0033,2026-02-19 11:39:19.675150,241
D_STR06495,D_U0077,D0028,2026-02-26 02:42:52.729539,8
D_STR06496,D_U0051,D0033,2026-02-11 06:17:00.917771,65
D_STR06497,D_U0026,D0038,2026-02-21 07:19:34.996254,95
D_STR06498,D_U0057,D0020,2026-03-06 04:02:51.947087,198
D_STR06499,D_U0087,D0039,2026-02-12 07:52:16.806672,273
D_STR06500,D_U0042,D0031,2026-02-19 08:47:05.173515,102
D_STR06501,D_U0070,D0041,2026-02-05 19:49:56.776227,28
D_STR06502,D_U0044,D0049,2026-02-15 17:09:52.003330,99
D_STR06503,D_U0056,D0036,2026-02-21 12:30:28.755495,210
D_STR06504,D_U0046,D0036,2026-02-17 03:56:41.449064,146
D_STR06505,D_U0011,D0034,2026-02-10 00:24:02.998923,148
D_STR06506,D_U0023,D0049,2026-03-01 05:01:57.917978,159
D_STR06507,D_U0085,D0038,2026-02-18 05:03:16.873102,22
D_STR06508,D_U0032,D0047,2026-02-20 03:42:14.455446,46
D_STR06509,D_U0062,D0017,2026-02-18 19:57:34.134472,33
D_STR06510,D_U0041,D0030,2026-02-07 10:52:56.578907,183
D_STR06511,D_U0030,D0009,2026-02-10 18:17:11.468738,122
D_STR06512,D_U0021,D0049,2026-02-23 15:56:49.783541,51
D_STR06513,D_U0034,D0046,2026-02-20 03:16:20.381882,194
D_STR06514,D_U0089,D0037,2026-03-06 06:21:50.849546,19
D_STR06515,D_U0020,D0044,2026-02-04 15:32:01.141608,168
D_STR06516,D_U0046,D0041,2026-02-11 12:50:17.212387,28
D_STR06517,D_U0053,D0040,2026-02-23 00:35:50.974659,260
D_STR06518,D_U0052,D0040,2026-02-28 23:52:48.835558,322
D_STR06519,D_U0047,D0045,2026-02-11 23:39:41.255904,120
D_STR06520,D_U0085,D0045,2026-02-23 19:58:42.040189,184
D_STR06521,D_U0058,D0033,2026-02-10 10:57:32.368294,271
D_STR06522,D_U0017,D0042,2026-02-14 02:41:04.284266,67
D_STR06523,D_U0050,D0024,2026-02-20 18:33:22.778157,113
D_STR06524,D_U0001,D0033,2026-02-28 10:11:00.483241,108
D_STR06525,D_U0086,D0033,2026-02-15 19:53:17.456022,170
D_STR06526,D_U0079,D0042,2026-02-23 06:44:13.899639,154
D_STR06527,D_U0080,D0025,2026-03-03 10:33:58.793468,178
D_STR06528,D_U0026,D0033,2026-02-28 12:17:42.700737,275
D_STR06529,D_U0057,D0048,2026-02-27 19:36:37.187837,145
D_STR06530,D_U0044,D0032,2026-02-22 07:36:03.877071,46
D_STR06531,D_U0036,D0029,2026-03-01 20:03:38.371361,73
D_STR06532,D_U0063,D0042,2026-02-09 08:21:27.896119,112
D_STR06533,D_U0001,D0050,2026-03-01 21:33:30.770984,184
D_STR06534,D_U0008,D0014,2026-02-16 00:34:27.827972,197
D_STR06535,D_U0078,D0040,2026-02-10 05:54:38.229458,273
D_STR06536,D_U0036,D0024,2026-02-23 21:59:30.879382,84
D_STR06537,D_U0036,D0048,2026-02-11 06:47:38.050342,127
D_STR06538,D_U0030,D0036,2026-02-28 02:05:22.360219,53
D_STR06539,D_U0042,D0047,2026-02-20 23:31:31.716478,134
D_STR06540,D_U0043,D0036,2026-02-06 15:10:08.147613,102
D_STR06541,D_U0064,D0017,2026-03-01 00:21:50.148000,224
D_STR06542,D_U0047,D0046,2026-02-23 12:17:12.125023,171
D_STR06543,D_U0072,D0028,2026-03-06 08:38:47.992843,141
D_STR06544,D_U0016,D0039,2026-02-06 12:10:33.487748,136
D_STR06545,D_U0073,D0041,2026-02-24 18:32:00.983367,142
D_STR06546,D_U0057,D0024,2026-02-18 21:26:16.685670,237
D_STR06547,D_U0048,D0042,2026-02-15 07:18:51.045821,195
D_STR06548,D_U0042,D0049,2026-02-28 16:33:32.677684,186
D_STR06549,D_U0098,D0027,2026-02-06 20:40:52.792843,98
D_STR06550,D_U0028,D0029,2026-03-01 00:42:19.144907,44
D_STR06551,D_U0017,D0032,2026-02-23 08:25:33.478494,134
D_STR06552,D_U0057,D0032,2026-02-11 03:52:53.582853,115
D_STR06553,D_U0088,D0031,2026-02-20 17:38:10.542397,155
D_STR06554,D_U0006,D0045,2026-02-13 07:59:46.408250,140
D_STR06555,D_U0008,D0046,2026-02-13 06:12:54.481186,39
D_STR06556,D_U0013,D0045,2026-03-04 01:17:11.767963,113
D_STR06557,D_U0008,D0035,2026-02-13 18:50:15.216294,246
D_STR06558,D_U0062,D0031,2026-02-24 05:55:49.527864,154
D_STR06559,D_U0052,D0024,2026-02-22 01:10:36.326751,136
D_STR06560,D_U0100,D0049,2026-02-14 11:12:37.642031,116
D_STR06561,D_U0062,D0041,2026-02-26 07:18:20.604447,117
D_STR06562,D_U0040,D0014,2026-02-06 16:26:22.771975,143
D_STR06563,D_U0087,D0040,2026-03-03 04:45:40.051801,329
D_STR06564,D_U0042,D0023,2026-03-04 15:49:28.715125,20
D_STR06565,D_U0017,D0044,2026-02-28 23:08:35.789050,304
D_STR06566,D_U0037,D0032,2026-03-02 14:00:30.757130,224
D_STR06567,D_U0082,D0044,2026-02-17 00:40:30.542087,118
D_STR06568,D_U0029,D0037,2026-02-11 12:22:13.414860,125
D_STR06569,D_U0076,D0025,2026-02-25 17:24:49.524341,37
D_STR06570,D_U0040,D0040,2026-02-15 17:07:52.155500,180
D_STR06571,D_U0032,D0034,2026-03-04 04:57:22.777196,5
D_STR06572,D_U0064,D0037,2026-02-22 19:56:49.012566,164
D_STR06573,D_U0055,D0035,2026-02-06 17:15:30.468277,222
D_STR06574,D_U0099,D0009,2026-02-18 07:53:29.414672,144
D_STR06575,D_U0015,D0043,2026-02-13 07:49:24.220140,119
D_STR06576,D_U0073,D0050,2026-02-05 00:36:14.744277,193
D_STR06577,D_U0025,D0008,2026-02-07 01:43:54.014153,117
D_STR06578,D_U0058,D0029,2026-02-04 19:44:09.652702,66
D_STR06579,D_U0080,D0042,2026-02-14 02:09:27.141959,56
D_STR06580,D_U0003,D0010,2026-02-28 17:42:10.626528,219
D_STR06581,D_U0002,D0036,2026-02-14 19:24:46.896175,91
D_STR06582,D_U0035,D0024,2026-02-12 20:37:23.909814,47
D_STR06583,D_U0066,D0029,2026-02-19 07:18:25.106840,80
D_STR06584,D_U0093,D0022,2026-02-21 01:02:12.886381,5
D_STR06585,D_U0064,D0048,2026-03-06 09:28:58.221456,100
D_STR06586,D_U0077,D0046,2026-02-07 03:45:33.736236,237
D_STR06587,D_U0005,D0023,2026-02-15 12:41:10.775527,46
D_STR06588,D_U0032,D0036,2026-02-07 21:46:14.383933,16
D_STR06589,D_U0074,D0031,2026-02-06 07:23:20.061582,27
D_STR06590,D_U0055,D0046,2026-02-26 01:32:00.206463,257
D_STR06591,D_U0013,D0044,2026-02-07 18:09:36.982103,16
D_STR06592,D_U0035,D0023,2026-02-20 20:03:25.829888,10
D_STR06593,D_U0085,D0031,2026-02-22 10:09:21.525789,84
D_STR06594,D_U0015,D0029,2026-02-09 23:25:17.952174,13
D_STR06595,D_U0039,D0041,2026-02-17 08:58:23.766739,104
D_STR06596,D_U0017,D0032,2026-03-05 05:35:23.307460,69
D_STR06597,D_U0022,D0018,2026-02-27 12:05:07.318663,114
D_STR06598,D_U0006,D0028,2026-02-28 08:21:07.496646,91
D_STR06599,D_U0074,D0036,2026-02-20 23:06:25.578343,54
D_STR06600,D_U0091,D0047,2026-02-28 12:51:11.289811,13
D_STR06601,D_U0097,D0034,2026-02-25 06:58:45.328004,133
D_STR06602,D_U0056,D0043,2026-02-18 16:45:42.836177,64
D_STR06603,D_U0060,D0015,2026-02-20 05:18:08.654601,264
D_STR06604,D_U0045,D0041,2026-02-13 09:48:42.568182,106
D_STR06605,D_U0005,D0026,2026-02-20 16:04:41.086941,36
D_STR06606,D_U0061,D0007,2026-02-08 21:35:35.085598,198
D_STR06607,D_U0029,D0037,2026-03-01 20:25:14.410272,235
D_STR06608,D_U0096,D0033,2026-02-06 13:44:27.912425,58
D_STR06609,D_U0064,D0023,2026-03-02 11:25:47.807145,25
D_STR06610,D_U0098,D0030,2026-02-26 22:27:45.271553,147
D_STR06611,D_U0044,D0048,2026-02-08 19:21:27.048326,217
D_STR06612,D_U0004,D0037,2026-02-19 18:40:29.092193,354
D_STR06613,D_U0091,D0034,2026-02-08 08:05:46.520745,101
D_STR06614,D_U0079,D0022,2026-02-06 18:48:37.353623,101
D_STR06615,D_U0046,D0047,2026-02-12 07:29:31.291638,79
D_STR06616,D_U0075,D0010,2026-02-11 09:30:38.581883,145
D_STR06617,D_U0030,D0037,2026-02-07 11:17:16.569924,84
D_STR06618,D_U0019,D0036,2026-02-23 15:42:45.136253,151
D_STR06619,D_U0010,D0023,2026-02-08 03:29:29.960204,14
D_STR06620,D_U0065,D0046,2026-02-21 04:39:28.206548,47
D_STR06621,D_U0047,D0012,2026-02-17 04:21:46.909307,267
D_STR06622,D_U0062,D0038,2026-02-22 14:22:53.571718,102
D_STR06623,D_U0078,D0040,2026-02-24 09:32:00.576321,49
D_STR06624,D_U0092,D0039,2026-02-15 09:22:30.682016,66
D_STR06625,D_U0031,D0046,2026-02-17 17:23:54.941318,160
D_STR06626,D_U0056,D0050,2026-02-06 19:05:24.333614,228
D_STR06627,D_U0041,D0018,2026-02-17 13:00:43.119313,19
D_STR06628,D_U0036,D0024,2026-02-19 03:07:30.951772,203
D_STR06629,D_U0068,D0027,2026-02-12 00:33:03.985140,11
D_STR06630,D_U0055,D0034,2026-02-13 06:26:15.548720,45
D_STR06631,D_U0020,D0030,2026-02-05 11:44:13.021818,175
D_STR06632,D_U0039,D0034,2026-02-15 05:05:53.952905,14
D_STR06633,D_U0047,D0040,2026-02-18 14:17:24.871540,248
D_STR06634,D_U0077,D0006,2026-02-17 23:27:34.718180,189
D_STR06635,D_U0002,D0039,2026-02-15 18:01:53.294518,42
D_STR06636,D_U0043,D0044,2026-02-06 08:46:36.421618,207
D_STR06637,D_U0099,D0028,2026-02-27 01:11:27.155933,76
D_STR06638,D_U0020,D0030,2026-03-03 16:12:02.801002,64
D_STR06639,D_U0056,D0023,2026-02-07 09:13:55.512955,126
D_STR06640,D_U0013,D0008,2026-02-22 21:06:33.330510,153
D_STR06641,D_U0092,D0047,2026-02-21 07:00:19.407847,193
D_STR06642,D_U0027,D0028,2026-02-27 07:14:39.994543,228
D_STR06643,D_U0100,D0018,2026-02-14 10:06:14.674829,156
D_STR06644,D_U0089,D0020,2026-02-14 03:24:00.534332,311
D_STR06645,D_U0005,D0038,2026-03-05 00:51:19.329306,176
D_STR06646,D_U0019,D0040,2026-02-22 06:04:21.934920,29
D_STR06647,D_U0093,D0036,2026-02-11 18:03:01.939999,127
D_STR06648,D_U0065,D0041,2026-02-18 05:09:39.536498,9
D_STR06649,D_U0087,D0035,2026-02-19 13:27:26.756578,329
D_STR06650,D_U0011,D0020,2026-02-19 22:40:20.569211,242
D_STR06651,D_U0010,D0045,2026-02-05 05:09:05.448465,189
D_STR06652,D_U0007,D0010,2026-02-14 02:31:07.726969,69
D_STR06653,D_U0088,D0043,2026-03-04 15:02:21.780546,26
D_STR06654,D_U0071,D0046,2026-03-03 04:54:57.530971,49
D_STR06655,D_U0071,D0019,2026-02-14 08:16:21.055884,160
D_STR06656,D_U0079,D0026,2026-02-18 21:21:32.281471,71
D_STR06657,D_U0031,D0038,2026-02-06 10:34:03.227988,41
D_STR06658,D_U0037,D0037,2026-03-01 18:25:25.561883,179
D_STR06659,D_U0065,D0023,2026-02-26 14:52:00.586584,81
D_STR06660,D_U0050,D0037,2026-02-20 01:41:22.109858,116
D_STR06661,D_U0039,D0035,2026-02-10 19:40:49.844838,337
D_STR06662,D_U0002,D0017,2026-02-08 18:28:02.878255,50
D_STR06663,D_U0074,D0029,2026-03-05 10:50:27.384833,143
D_STR06664,D_U0035,D0034,2026-03-05 15:58:56.529845,73
D_STR06665,D_U0034,D0042,2026-03-01 14:30:12.631838,98
D_STR06666,D_U0030,D0049,2026-02-27 18:46:03.170860,128
D_STR06667,D_U0008,D0010,2026-02-26 07:23:18.236230,230
D_STR06668,D_U0021,D0020,2026-02-06 09:08:18.469842,147
D_STR06669,D_U0072,D0026,2026-02-19 03:42:20.809728,99
D_STR06670,D_U0017,D0050,2026-02-17 11:32:01.972417,198
D_STR06671,D_U0034,D0047,2026-03-01 04:57:21.936574,234
D_STR06672,D_U0095,D0011,2026-02-06 22:56:01.078577,162
D_STR06673,D_U0047,D0005,2026-03-04 15:15:58.013777,190
D_STR06674,D_U0089,D0026,2026-03-04 08:42:46.013518,29
D_STR06675,D_U0067,D0050,2026-03-04 17:02:02.406673,123
D_STR06676,D_U0057,D0012,2026-02-28 20:28:10.957417,271
D_STR06677,D_U0011,D0008,2026-02-06 02:45:08.611727,68
D_STR06678,D_U0097,D0033,2026-02-15 13:56:30.627071,216
D_STR06679,D_U0051,D0034,2026-02-19 13:13:13.363285,24
D_STR06680,D_U0054,D0016,2026-02-25 13:28:41.693414,40
D_STR06681,D_U0084,D0020,2026-03-01 12:25:20.718390,333
D_STR06682,D_U0026,D0038,2026-03-04 08:22:21.511560,107
D_STR06683,D_U0007,D0010,2026-02-12 12:00:18.431311,163
D_STR06684,D_U0005,D0036,2026-02-22 19:31:31.993515,221
D_STR06685,D_U0006,D0024,2026-02-19 01:37:49.977982,72
D_STR06686,D_U0079,D0008,2026-02-04 22:37:52.266865,81
D_STR06687,D_U0090,D0048,2026-03-05 12:52:05.427450,13
D_STR06688,D_U0054,D0040,2026-02-10 17:45:53.052845,248
D_STR06689,D_U0008,D0037,2026-02-17 03:23:19.075034,285
D_STR06690,D_U0054,D0014,2026-02-27 19:12:44.964145,23
D_STR06691,D_U0072,D0025,2026-03-03 20:28:41.000697,5
D_STR06692,D_U0063,D0048,2026-02-18 16:02:00.009717,114
D_STR06693,D_U0092,D0030,2026-02-25 19:41:08.432901,73
D_STR06694,D_U0019,D0020,2026-02-19 05:13:16.117923,296
D_STR06695,D_U0015,D0039,2026-03-04 19:55:26.591774,7
D_STR06696,D_U0052,D0025,2026-02-08 18:43:41.314399,29
D_STR06697,D_U0007,D0012,2026-03-02 07:25:44.030925,206
D_STR06698,D_U0079,D0041,2026-02-16 23:28:35.092226,65
D_STR06699,D_U0013,D0029,2026-02-05 02:57:35.070853,49
D_STR06700,D_U0025,D0044,2026-02-20 17:12:59.555615,258
D_STR06701,D_U0066,D0049,2026-02-27 21:48:37.018226,40
D_STR06702,D_U0066,D0016,2026-02-26 00:49:56.032947,44
D_STR06703,D_U0054,D0017,2026-02-06 08:13:44.293533,101
D_STR06704,D_U0040,D0034,2026-03-03 07:14:50.307673,29
D_STR06705,D_U0079,D0020,2026-02-23 13:13:34.148703,306
D_STR06706,D_U0079,D0016,2026-02-24 02:06:50.059535,56
D_STR06707,D_U0048,D0024,2026-02-06 01:35:04.272178,155
D_STR06708,D_U0023,D0032,2026-02-22 17:23:40.190614,224
D_STR06709,D_U0043,D0019,2026-02-08 04:59:19.622458,186
D_STR06710,D_U0001,D0025,2026-02-14 17:21:39.072705,120
D_STR06711,D_U0089,D0044,2026-02-28 12:44:15.906269,45
D_STR06712,D_U0040,D0040,2026-02-08 15:12:12.313012,22
D_STR06713,D_U0087,D0043,2026-02-16 03:41:43.486868,117
D_STR06714,D_U0061,D0023,2026-02-25 18:14:57.676306,29
D_STR06715,D_U0076,D0049,2026-02-10 17:14:31.533200,20
D_STR06716,D_U0074,D0028,2026-02-21 14:48:30.374837,206
D_STR06717,D_U0066,D0021,2026-02-07 18:45:52.856319,172
D_STR06718,D_U0067,D0015,2026-02-12 13:23:00.181838,314
D_STR06719,D_U0064,D0027,2026-02-26 03:31:42.691900,120
D_STR06720,D_U0052,D0040,2026-02-23 16:51:55.728658,266
D_STR06721,D_U0084,D0049,2026-02-25 08:08:55.979659,6
D_STR06722,D_U0078,D0035,2026-02-28 10:42:14.884691,195
D_STR06723,D_U0049,D0007,2026-02-05 03:33:20.207288,150
D_STR06724,D_U0082,D0050,2026-03-03 01:15:40.537150,313
D_STR06725,D_U0059,D0043,2026-03-01 01:41:21.818707,131
D_STR06726,D_U0039,D0046,2026-02-20 21:01:10.362144,6
D_STR06727,D_U0018,D0043,2026-02-13 15:09:32.383253,87
D_STR06728,D_U0063,D0038,2026-02-15 13:37:11.219173,127
D_STR06729,D_U0017,D0029,2026-02-23 10:54:05.825595,36
D_STR06730,D_U0028,D0043,2026-02-06 11:56:40.997198,89
D_STR06731,D_U0022,D0030,2026-02-27 15:34:25.359828,132
D_STR06732,D_U0001,D0026,2026-02-27 01:57:05.463202,20
D_STR06733,D_U0009,D0046,2026-02-13 10:06:40.223521,34
D_STR06734,D_U0039,D0029,2026-02-04 17:55:40.314813,78
D_STR06735,D_U0054,D0039,2026-02-11 15:16:37.656521,162
D_STR06736,D_U0048,D0005,2026-03-04 04:10:39.518692,194
D_STR06737,D_U0095,D0049,2026-02-15 05:14:24.448554,48
D_STR06738,D_U0001,D0038,2026-02-11 12:29:00.248430,111
D_STR06739,D_U0041,D0007,2026-02-28 10:43:40.240215,205
D_STR06740,D_U0003,D0047,2026-03-06 05:23:11.847498,123
D_STR06741,D_U0024,D0050,2026-02-15 02:15:52.967799,82
D_STR06742,D_U0097,D0031,2026-03-03 15:55:05.329865,121
D_STR06743,D_U0034,D0044,2026-03-04 23:03:08.516483,248
D_STR06744,D_U0009,D0049,2026-02-15 07:47:26.602627,239
D_STR06745,D_U0084,D0043,2026-03-04 22:25:51.514193,58
D_STR06746,D_U0018,D0024,2026-02-23 16:11:55.782704,227
D_STR06747,D_U0084,D0019,2026-02-10 17:15:22.008859,33
D_STR06748,D_U0062,D0049,2026-02-22 10:18:57.745252,142
D_STR06749,D_U0042,D0034,2026-02-10 09:34:08.954404,57
D_STR06750,D_U0002,D0050,2026-02-21 20:58:39.988956,208
D_STR06751,D_U0036,D0028,2026-02-26 17:05:16.813941,28
D_STR06752,D_U0035,D0044,2026-03-03 13:09:09.143266,143
D_STR06753,D_U0014,D0047,2026-02-23 11:55:12.736467,60
D_STR06754,D_U0012,D0014,2026-02-05 04:59:32.581872,39
D_STR06755,D_U0091,D0041,2026-02-08 23:12:13.215194,50
D_STR06756,D_U0034,D0043,2026-02-14 19:15:19.853831,109
D_STR06757,D_U0083,D0039,2026-02-25 21:44:05.540121,131
D_STR06758,D_U0049,D0020,2026-02-19 22:28:49.454981,106
D_STR06759,D_U0037,D0030,2026-03-02 13:26:53.841318,169
D_STR06760,D_U0020,D0015,2026-02-06 14:14:47.966737,19
D_STR06761,D_U0006,D0047,2026-03-05 10:06:54.844974,93
D_STR06762,D_U0007,D0017,2026-02-24 01:57:11.393012,220
D_STR06763,D_U0029,D0034,2026-02-25 12:42:29.904900,179
D_STR06764,D_U0094,D0049,2026-02-25 12:49:55.206348,213
D_STR06765,D_U0070,D0042,2026-02-09 18:27:21.856906,83
D_STR06766,D_U0097,D0037,2026-02-11 11:22:46.897347,325
D_STR06767,D_U0099,D0041,2026-03-04 17:21:37.619532,85
D_STR06768,D_U0050,D0030,2026-02-06 01:48:58.703904,78
D_STR06769,D_U0074,D0039,2026-02-06 20:06:41.885333,138
D_STR06770,D_U0085,D0026,2026-02-20 18:29:42.411987,60
D_STR06771,D_U0043,D0030,2026-02-05 14:35:26.522842,11
D_STR06772,D_U0011,D0039,2026-02-06 10:18:13.905088,253
D_STR06773,D_U0005,D0046,2026-02-26 13:18:28.913927,112
D_STR06774,D_U0015,D0034,2026-02-21 06:15:03.184400,98
D_STR06775,D_U0008,D0033,2026-03-05 21:28:19.662737,235
D_STR06776,D_U0091,D0040,2026-03-01 21:58:03.364865,341
D_STR06777,D_U0040,D0018,2026-03-02 13:56:25.223761,13
D_STR06778,D_U0061,D0048,2026-02-15 12:10:26.238753,160
D_STR06779,D_U0094,D0031,2026-02-16 08:41:18.965225,143
D_STR06780,D_U0098,D0039,2026-03-05 09:53:09.175553,60
D_STR06781,D_U0011,D0041,2026-02-10 09:45:55.919421,116
D_STR06782,D_U0033,D0025,2026-03-04 18:42:18.929426,17
D_STR06783,D_U0024,D0035,2026-03-05 04:02:14.003394,176
D_STR06784,D_U0095,D0017,2026-02-24 11:25:13.589544,114
D_STR06785,D_U0052,D0041,2026-02-25 14:52:00.395260,138
D_STR06786,D_U0011,D0035,2026-02-15 04:06:11.456621,175
D_STR06787,D_U0040,D0020,2026-02-18 19:18:44.912770,246
D_STR06788,D_U0017,D0034,2026-02-09 21:49:06.555587,62
D_STR06789,D_U0078,D0029,2026-02-20 15:23:38.722414,28
D_STR06790,D_U0074,D0044,2026-02-16 09:02:46.816879,32
D_STR06791,D_U0067,D0037,2026-02-24 17:03:22.796589,235
D_STR06792,D_U0076,D0011,2026-02-13 21:55:26.909692,118
D_STR06793,D_U0008,D0039,2026-02-09 03:37:09.177932,36
D_STR06794,D_U0026,D0046,2026-03-05 21:31:00.420105,40
D_STR06795,D_U0070,D0042,2026-02-12 14:07:45.097340,113
D_STR06796,D_U0087,D0040,2026-02-18 16:00:52.537404,293
D_STR06797,D_U0066,D0044,2026-03-05 09:25:25.768299,250
D_STR06798,D_U0010,D0018,2026-02-07 15:51:48.060869,127
D_STR06799,D_U0034,D0043,2026-02-17 21:36:09.703506,93
D_STR06800,D_U0019,D0022,2026-03-05 13:17:33.681518,56
D_STR06801,D_U0070,D0028,2026-02-15 03:09:52.626098,233
D_STR06802,D_U0052,D0033,2026-02-15 11:38:12.159756,286
D_STR06803,D_U0075,D0022,2026-03-02 21:45:07.522713,70
D_STR06804,D_U0015,D0029,2026-03-04 16:45:22.558155,59
D_STR06805,D_U0061,D0012,2026-02-25 11:44:34.359746,205
D_STR06806,D_U0067,D0016,2026-02-08 14:26:37.162887,108
D_STR06807,D_U0053,D0014,2026-02-16 22:12:23.309658,264
D_STR06808,D_U0035,D0050,2026-02-26 20:31:18.051911,172
D_STR06809,D_U0023,D0039,2026-02-09 20:55:50.779017,229
D_STR06810,D_U0064,D0042,2026-03-02 02:16:02.275418,138
D_STR06811,D_U0018,D0029,2026-02-23 06:56:13.834276,170
D_STR06812,D_U0099,D0040,2026-02-22 04:39:49.178331,307
D_STR06813,D_U0061,D0008,2026-02-26 23:06:35.189829,114
D_STR06814,D_U0049,D0035,2026-02-24 16:56:42.562908,262
D_STR06815,D_U0079,D0048,2026-02-14 01:47:28.242958,173
D_STR06816,D_U0006,D0032,2026-02-17 10:22:20.001227,162
D_STR06817,D_U0060,D0019,2026-02-26 06:17:34.830947,172
D_STR06818,D_U0052,D0050,2026-02-13 02:49:26.873655,51
D_STR06819,D_U0018,D0031,2026-03-02 01:21:26.507778,28
D_STR06820,D_U0082,D0045,2026-02-10 18:48:19.780580,155
D_STR06821,D_U0036,D0048,2026-03-02 01:06:59.016843,22
D_STR06822,D_U0035,D0050,2026-02-04 21:28:04.260670,176
D_STR06823,D_U0065,D0047,2026-02-27 00:50:12.863492,138
D_STR06824,D_U0031,D0041,2026-02-25 12:26:54.912287,139
D_STR06825,D_U0088,D0048,2026-02-21 20:28:09.155640,220
D_STR06826,D_U0058,D0033,2026-02-20 16:46:16.627958,285
D_STR06827,D_U0009,D0032,2026-02-23 10:02:38.401345,244
D_STR06828,D_U0020,D0038,2026-02-04 09:52:43.785895,51
D_STR06829,D_U0019,D0015,2026-03-03 05:38:29.150745,272
D_STR06830,D_U0100,D0046,2026-02-27 13:33:40.441484,123
D_STR06831,D_U0025,D0017,2026-02-20 06:51:20.199686,222
D_STR06832,D_U0089,D0024,2026-02-16 13:00:48.129511,85
D_STR06833,D_U0089,D0041,2026-03-05 11:22:41.144536,100
D_STR06834,D_U0055,D0046,2026-03-01 18:54:50.005997,195
D_STR06835,D_U0054,D0029,2026-02-27 11:01:21.312183,160
D_STR06836,D_U0030,D0042,2026-02-17 20:18:01.975062,154
D_STR06837,D_U0067,D0033,2026-02-13 22:41:47.859720,272
D_STR06838,D_U0004,D0041,2026-02-21 12:31:02.143275,48
D_STR06839,D_U0076,D0047,2026-02-20 07:13:38.708982,214
D_STR06840,D_U0056,D0010,2026-03-04 13:47:22.371554,121
D_STR06841,D_U0020,D0036,2026-02-26 10:20:01.917259,150
D_STR06842,D_U0078,D0010,2026-02-25 04:18:28.626783,148
D_STR06843,D_U0041,D0025,2026-03-04 18:46:50.194603,180
D_STR06844,D_U0075,D0013,2026-02-19 23:58:45.952554,15
D_STR06845,D_U0046,D0037,2026-02-14 02:32:02.881853,9
D_STR06846,D_U0097,D0011,2026-02-18 20:35:50.948081,61
D_STR06847,D_U0014,D0039,2026-03-04 03:23:40.293364,238
D_STR06848,D_U0043,D0050,2026-02-20 00:02:28.778966,123
D_STR06849,D_U0044,D0032,2026-02-15 17:09:24.802025,242
D_STR06850,D_U0011,D0045,2026-03-04 19:17:50.607909,198
D_STR06851,D_U0086,D0046,2026-02-12 05:08:59.126058,32
D_STR06852,D_U0085,D0023,2026-02-14 15:34:30.357533,27
D_STR06853,D_U0018,D0018,2026-02-16 18:01:20.469602,123
D_STR06854,D_U0077,D0043,2026-02-24 06:20:07.366489,77
D_STR06855,D_U0092,D0019,2026-02-07 15:18:17.687472,81
D_STR06856,D_U0074,D0028,2026-02-06 15:27:44.558684,99
D_STR06857,D_U0086,D0044,2026-02-24 04:19:31.418277,155
D_STR06858,D_U0076,D0012,2026-02-06 22:25:52.230987,44
D_STR06859,D_U0028,D0032,2026-02-14 07:46:55.038486,6
D_STR06860,D_U0083,D0020,2026-02-20 11:09:56.854289,149
D_STR06861,D_U0033,D0010,2026-02-28 15:41:53.404230,68
D_STR06862,D_U0032,D0047,2026-02-17 13:59:22.829998,160
D_STR06863,D_U0036,D0014,2026-02-07 14:04:42.361314,285
D_STR06864,D_U0074,D0024,2026-02-07 02:17:39.722215,177
D_STR06865,D_U0099,D0026,2026-03-03 21:07:19.235272,87
D_STR06866,D_U0026,D0043,2026-02-11 11:36:25.662585,9
D_STR06867,D_U0044,D0036,2026-02-27 04:15:41.662864,211
D_STR06868,D_U0058,D0050,2026-02-17 09:22:36.047594,179
D_STR06869,D_U0070,D0050,2026-02-10 16:42:58.119617,196
D_STR06870,D_U0073,D0025,2026-02-09 03:20:47.682875,166
D_STR06871,D_U0003,D0023,2026-02-11 17:46:34.711337,81
D_STR06872,D_U0066,D0041,2026-02-17 07:56:09.883662,116
D_STR06873,D_U0056,D0034,2026-02-13 21:41:31.168934,107
D_STR06874,D_U0044,D0040,2026-02-18 01:45:50.040883,44
D_STR06875,D_U0095,D0034,2026-02-21 21:54:09.453203,188
D_STR06876,D_U0020,D0017,2026-02-13 17:02:18.596478,107
D_STR06877,D_U0075,D0049,2026-02-07 21:39:05.044143,71
D_STR06878,D_U0074,D0048,2026-02-27 18:56:22.982799,164
D_STR06879,D_U0024,D0045,2026-02-28 03:26:37.299455,212
D_STR06880,D_U0072,D0037,2026-02-05 07:06:31.810058,138
D_STR06881,D_U0005,D0042,2026-02-19 19:32:57.384834,255
D_STR06882,D_U0061,D0019,2026-02-19 16:37:35.346104,36
D_STR06883,D_U0031,D0048,2026-02-22 18:13:51.229258,80
D_STR06884,D_U0016,D0010,2026-02-04 20:54:55.655171,49
D_STR06885,D_U0065,D0012,2026-02-19 03:20:41.513360,165
D_STR06886,D_U0033,D0038,2026-02-14 12:32:32.985461,109
D_STR06887,D_U0083,D0046,2026-02-25 05:58:11.293152,173
D_STR06888,D_U0077,D0009,2026-02-08 19:39:24.917317,28
D_STR06889,D_U0091,D0045,2026-03-02 01:51:16.363775,180
D_STR06890,D_U0041,D0043,2026-02-27 03:33:24.927728,120
D_STR06891,D_U0061,D0035,2026-02-07 19:07:53.603439,322
D_STR06892,D_U0013,D0047,2026-02-08 20:29:16.084436,176
D_STR06893,D_U0013,D0041,2026-03-01 15:31:08.470694,147
D_STR06894,D_U0059,D0036,2026-02-12 00:19:38.907895,224
D_STR06895,D_U0055,D0018,2026-02-26 21:47:19.332258,20
D_STR06896,D_U0025,D0040,2026-02-15 11:00:04.653194,96
D_STR06897,D_U0059,D0031,2026-02-04 22:03:52.984549,85
D_STR06898,D_U0073,D0028,2026-02-14 11:16:38.465176,123
D_STR06899,D_U0053,D0030,2026-03-05 17:34:55.284388,107
D_STR06900,D_U0093,D0044,2026-02-15 13:05:40.491168,152
D_STR06901,D_U0026,D0030,2026-02-04 19:49:38.338382,115
D_STR06902,D_U0029,D0037,2026-02-07 21:08:46.629204,303
D_STR06903,D_U0058,D0032,2026-02-23 00:13:16.708942,208
D_STR06904,D_U0084,D0016,2026-02-26 07:33:11.456423,38
D_STR06905,D_U0001,D0039,2026-02-27 17:48:51.035554,31
D_STR06906,D_U0037,D0013,2026-02-17 19:26:20.618725,5
D_STR06907,D_U0096,D0031,2026-02-28 00:30:15.956377,56
D_STR06908,D_U0045,D0043,2026-02-11 10:33:45.308591,147
D_STR06909,D_U0057,D0039,2026-02-19 05:59:20.427377,117
D_STR06910,D_U0045,D0032,2026-02-16 15:40:27.027999,10
D_STR06911,D_U0047,D0044,2026-02-18 18:05:22.300535,92
D_STR06912,D_U0034,D0042,2026-02-25 01:14:08.293263,266
D_STR06913,D_U0099,D0048,2026-03-04 15:01:41.264746,33
D_STR06914,D_U0098,D0030,2026-02-24 00:09:24.065810,150
D_STR06915,D_U0004,D0045,2026-02-27 19:25:35.398779,163
D_STR06916,D_U0057,D0045,2026-02-26 16:38:42.060430,226
D_STR06917,D_U0020,D0034,2026-02-25 02:21:27.194185,153
D_STR06918,D_U0094,D0029,2026-02-05 22:24:12.151247,35
D_STR06919,D_U0035,D0035,2026-02-11 03:06:20.567364,182
D_STR06920,D_U0023,D0038,2026-02-24 12:33:48.952577,16
D_STR06921,D_U0055,D0045,2026-02-26 04:56:58.599038,131
D_STR06922,D_U0013,D0030,2026-02-23 13:00:04.293883,5
D_STR06923,D_U0043,D0005,2026-03-01 02:13:06.092995,20
D_STR06924,D_U0004,D0043,2026-02-21 20:03:01.143602,76
D_STR06925,D_U0088,D0031,2026-03-03 04:15:50.092752,114
D_STR06926,D_U0044,D0035,2026-02-19 06:33:49.562085,78
D_STR06927,D_U0035,D0002,2026-02-08 11:29:32.355355,23
D_STR06928,D_U0017,D0046,2026-02-21 05:28:56.108610,13
D_STR06929,D_U0012,D0045,2026-02-09 07:31:55.715582,23
D_STR06930,D_U0081,D0026,2026-02-21 01:22:50.317800,78
D_STR06931,D_U0062,D0049,2026-02-04 21:46:33.842129,171
D_STR06932,D_U0088,D0041,2026-02-13 10:40:05.707064,134
D_STR06933,D_U0035,D0036,2026-02-26 03:32:10.032688,247
D_STR06934,D_U0045,D0019,2026-03-04 06:43:58.265664,18
D_STR06935,D_U0055,D0010,2026-02-08 18:43:51.327470,42
D_STR06936,D_U0023,D0024,2026-02-21 03:30:15.766260,282
D_STR06937,D_U0016,D0042,2026-02-11 18:29:51.291376,184
D_STR06938,D_U0078,D0015,2026-02-08 11:25:50.666578,323
D_STR06939,D_U0072,D0038,2026-02-09 01:02:39.308930,65
D_STR06940,D_U0028,D0024,2026-02-19 07:12:16.224177,161
D_STR06941,D_U0044,D0043,2026-03-03 15:23:00.922157,178
D_STR06942,D_U0006,D0038,2026-02-18 19:38:31.655761,108
D_STR06943,D_U0008,D0050,2026-02-10 16:17:46.236261,91
D_STR06944,D_U0099,D0027,2026-02-12 01:36:51.530087,134
D_STR06945,D_U0027,D0025,2026-02-20 14:19:39.319225,195
D_STR06946,D_U0046,D0041,2026-03-04 15:23:56.332397,28
D_STR06947,D_U0003,D0029,2026-03-03 03:42:09.901817,107
D_STR06948,D_U0072,D0017,2026-03-03 11:39:10.612346,46
D_STR06949,D_U0041,D0047,2026-03-01 15:11:19.162156,235
D_STR06950,D_U0016,D0031,2026-02-16 11:41:30.954093,22
D_STR06951,D_U0002,D0016,2026-02-07 10:14:49.231895,118
D_STR06952,D_U0057,D0044,2026-02-14 04:23:42.952293,79
D_STR06953,D_U0017,D0003,2026-02-08 03:36:48.028564,273
D_STR06954,D_U0019,D0033,2026-03-06 00:04:12.983068,133
D_STR06955,D_U0062,D0050,2026-02-18 01:54:39.035244,323
D_STR06956,D_U0074,D0041,2026-03-03 20:51:02.712256,100
D_STR06957,D_U0081,D0048,2026-02-09 11:00:17.829149,183
D_STR06958,D_U0042,D0037,2026-02-14 22:56:10.164465,40
D_STR06959,D_U0077,D0040,2026-02-19 02:57:33.574966,196
D_STR06960,D_U0081,D0042,2026-03-02 19:39:07.423908,197
D_STR06961,D_U0022,D0048,2026-02-18 02:10:48.792229,13
D_STR06962,D_U0078,D0050,2026-03-05 15:59:26.734947,17
D_STR06963,D_U0010,D0045,2026-02-17 10:33:21.709401,190
D_STR06964,D_U0007,D0044,2026-02-23 01:26:27.766325,297
D_STR06965,D_U0022,D0050,2026-02-21 07:54:17.265929,88
D_STR06966,D_U0083,D0007,2026-02-05 17:15:55.782592,224
D_STR06967,D_U0096,D0035,2026-02-22 18:50:21.033247,107
D_STR06968,D_U0080,D0037,2026-02-18 04:45:33.529527,170
D_STR06969,D_U0088,D0049,2026-02-10 15:26:35.145366,52
D_STR06970,D_U0093,D0045,2026-03-04 14:02:06.226190,188
D_STR06971,D_U0088,D0042,2026-02-12 09:46:02.373489,7
D_STR06972,D_U0026,D0036,2026-02-11 11:06:41.311990,188
D_STR06973,D_U0093,D0028,2026-02-28 00:23:38.383359,31
D_STR06974,D_U0059,D0041,2026-02-11 12:28:02.662935,162
D_STR06975,D_U0097,D0013,2026-03-02 16:32:55.750311,9
D_STR06976,D_U0078,D0049,2026-02-06 08:15:49.344689,245
D_STR06977,D_U0015,D0031,2026-02-04 18:37:13.519967,45
D_STR06978,D_U0064,D0050,2026-02-17 08:21:45.281409,164
D_STR06979,D_U0057,D0037,2026-02-22 22:53:43.051974,119
D_STR06980,D_U0057,D0032,2026-02-08 21:03:16.855679,123
D_STR06981,D_U0064,D0023,2026-02-10 19:11:52.509880,127
D_STR06982,D_U0016,D0049,2026-02-08 09:16:53.218399,82
D_STR06983,D_U0060,D0043,2026-03-04 23:13:35.024678,201
D_STR06984,D_U0045,D0042,2026-02-17 04:12:20.650258,298
D_STR06985,D_U0003,D0034,2026-02-26 21:56:15.946648,34
D_STR06986,D_U0062,D0045,2026-03-06 07:36:04.363889,64
D_STR06987,D_U0098,D0034,2026-02-19 01:27:24.018268,26
D_STR06988,D_U0078,D0021,2026-03-03 05:58:52.466250,140
D_STR06989,D_U0094,D0044,2026-02-05 10:03:28.164847,307
D_STR06990,D_U0075,D0021,2026-02-22 17:24:54.673801,35
D_STR06991,D_U0040,D0046,2026-02-25 20:48:05.712746,28
D_STR06992,D_U0019,D0032,2026-03-05 07:58:12.075197,49
D_STR06993,D_U0040,D0041,2026-02-25 02:49:55.097530,138
D_STR06994,D_U0095,D0040,2026-02-13 13:14:12.280191,101
D_STR06995,D_U0066,D0050,2026-02-09 06:11:58.729722,171
D_STR06996,D_U0041,D0045,2026-02-06 06:44:25.561757,18
D_STR06997,D_U0006,D0021,2026-03-03 08:27:15.183157,55
D_STR06998,D_U0075,D0042,2026-03-03 19:24:58.501027,112
D_STR06999,D_U0066,D0036,2026-02-05 10:14:10.145146,101
D_STR07000,D_U0056,D0019,2026-03-06 06:52:43.944206,99
D_STR07001,D_U0081,D0041,2026-03-04 23:17:01.434531,119
D_STR07002,D_U0014,D0044,2026-03-02 00:04:36.955375,131
D_STR07003,D_U0100,D0038,2026-02-05 20:22:18.610405,141
D_STR07004,D_U0065,D0033,2026-02-19 07:34:45.884360,279
D_STR07005,D_U0009,D0031,2026-02-16 22:47:03.991939,96
D_STR07006,D_U0043,D0048,2026-02-07 15:13:23.069417,230
D_STR07007,D_U0012,D0047,2026-02-15 15:07:32.239767,9
D_STR07008,D_U0045,D0038,2026-03-05 05:38:45.925444,88
D_STR07009,D_U0019,D0046,2026-02-19 13:12:21.199335,99
D_STR07010,D_U0016,D0038,2026-03-05 09:27:05.946641,41
D_STR07011,D_U0056,D0020,2026-02-16 01:44:14.330949,90
D_STR07012,D_U0087,D0018,2026-02-21 02:02:17.500539,82
D_STR07013,D_U0012,D0022,2026-02-15 07:14:13.623907,68
D_STR07014,D_U0097,D0033,2026-02-08 04:30:54.632084,211
D_STR07015,D_U0009,D0041,2026-02-16 21:34:24.967048,38
D_STR07016,D_U0074,D0028,2026-03-05 12:44:46.443354,122
D_STR07017,D_U0050,D0050,2026-03-05 18:25:36.381439,60
D_STR07018,D_U0075,D0015,2026-02-12 23:23:39.433490,247
D_STR07019,D_U0075,D0033,2026-02-13 20:22:50.239121,94
D_STR07020,D_U0079,D0023,2026-02-23 06:43:00.466898,105
D_STR07021,D_U0036,D0047,2026-02-17 17:37:27.781888,203
D_STR07022,D_U0037,D0033,2026-02-19 14:30:08.246897,69
D_STR07023,D_U0019,D0037,2026-02-07 20:08:04.868501,87
D_STR07024,D_U0042,D0050,2026-02-07 21:39:02.020608,91
D_STR07025,D_U0022,D0011,2026-02-18 20:46:30.404348,16
D_STR07026,D_U0098,D0028,2026-02-18 22:20:17.235766,97
D_STR07027,D_U0029,D0047,2026-03-03 13:10:08.372946,132
D_STR07028,D_U0093,D0018,2026-02-17 21:52:27.021776,22
D_STR07029,D_U0004,D0027,2026-02-06 19:20:27.564338,66
D_STR07030,D_U0037,D0007,2026-02-14 07:23:20.525674,288
D_STR07031,D_U0011,D0019,2026-02-07 17:05:56.955033,68
D_STR07032,D_U0025,D0048,2026-02-10 10:32:35.306398,19
D_STR07033,D_U0091,D0006,2026-02-05 22:53:42.786470,73
D_STR07034,D_U0062,D0044,2026-02-11 15:19:30.705619,37
D_STR07035,D_U0031,D0039,2026-02-05 00:31:17.309381,22
D_STR07036,D_U0035,D0047,2026-02-24 08:39:06.512479,219
D_STR07037,D_U0088,D0047,2026-02-20 00:45:35.620145,204
D_STR07038,D_U0060,D0029,2026-02-21 19:55:13.469296,74
D_STR07039,D_U0099,D0028,2026-03-05 22:33:50.321856,170
D_STR07040,D_U0064,D0014,2026-02-26 03:37:13.401332,225
D_STR07041,D_U0016,D0049,2026-02-19 14:22:48.742391,158
D_STR07042,D_U0053,D0039,2026-02-09 19:30:07.972953,30
D_STR07043,D_U0004,D0001,2026-02-08 06:07:33.139255,20
D_STR07044,D_U0060,D0049,2026-02-09 22:44:31.850799,150
D_STR07045,D_U0084,D0028,2026-03-02 19:29:56.441292,156
D_STR07046,D_U0036,D0038,2026-02-22 21:49:11.243060,184
D_STR07047,D_U0044,D0042,2026-02-10 09:23:15.443766,178
D_STR07048,D_U0043,D0022,2026-02-24 14:25:54.328703,45
D_STR07049,D_U0085,D0039,2026-02-09 16:31:41.247809,20
D_STR07050,D_U0038,D0040,2026-02-06 18:28:14.834370,210
D_STR07051,D_U0027,D0028,2026-02-07 09:53:51.093445,181
D_STR07052,D_U0057,D0014,2026-02-25 06:00:55.426775,150
D_STR07053,D_U0047,D0036,2026-03-06 08:40:42.527105,90
D_STR07054,D_U0030,D0045,2026-02-15 02:18:57.606226,137
D_STR07055,D_U0009,D0037,2026-03-04 09:51:40.245581,175
D_STR07056,D_U0096,D0046,2026-02-15 21:10:04.340324,79
D_STR07057,D_U0098,D0034,2026-02-04 13:50:45.690372,24
D_STR07058,D_U0006,D0040,2026-02-25 19:47:10.491739,80
D_STR07059,D_U0075,D0015,2026-02-21 08:20:11.934695,99
D_STR07060,D_U0089,D0041,2026-02-24 17:10:51.621748,57
D_STR07061,D_U0081,D0045,2026-02-23 22:43:51.380732,150
D_STR07062,D_U0016,D0037,2026-02-27 15:16:24.103795,330
D_STR07063,D_U0030,D0042,2026-02-11 08:21:36.378321,273
D_STR07064,D_U0049,D0018,2026-02-17 13:24:17.593604,154
D_STR07065,D_U0015,D0029,2026-03-02 16:43:09.276300,13
D_STR07066,D_U0023,D0048,2026-02-23 09:42:02.395758,84
D_STR07067,D_U0037,D0014,2026-02-08 14:38:41.258191,24
D_STR07068,D_U0080,D0024,2026-02-23 09:55:11.020874,120
D_STR07069,D_U0031,D0041,2026-03-03 03:57:21.331998,151
D_STR07070,D_U0058,D0026,2026-02-18 19:01:45.522790,8
D_STR07071,D_U0096,D0028,2026-02-17 22:24:12.792769,59
D_STR07072,D_U0001,D0021,2026-02-13 15:49:14.043360,153
D_STR07073,D_U0076,D0050,2026-02-27 23:04:48.823720,106
D_STR07074,D_U0006,D0031,2026-02-05 05:16:40.226285,99
D_STR07075,D_U0067,D0034,2026-03-03 23:17:30.732684,53
D_STR07076,D_U0037,D0004,2026-02-21 06:51:02.502068,215
D_STR07077,D_U0055,D0028,2026-03-05 12:27:52.615792,78
D_STR07078,D_U0008,D0013,2026-02-15 11:08:49.680446,52
D_STR07079,D_U0051,D0049,2026-02-11 00:40:52.949540,172
D_STR07080,D_U0075,D0025,2026-02-11 10:59:51.477695,121
D_STR07081,D_U0030,D0041,2026-02-17 14:55:02.734268,24
D_STR07082,D_U0037,D0048,2026-02-25 23:07:42.145630,5
D_STR07083,D_U0081,D0031,2026-02-06 01:07:19.985709,15
D_STR07084,D_U0041,D0047,2026-02-16 20:15:59.612061,149
D_STR07085,D_U0061,D0019,2026-02-21 04:49:52.947031,196
D_STR07086,D_U0075,D0016,2026-02-25 14:29:01.906489,82
D_STR07087,D_U0013,D0041,2026-03-05 02:13:10.382597,139
D_STR07088,D_U0066,D0050,2026-02-23 09:21:35.359497,32
D_STR07089,D_U0068,D0050,2026-02-09 20:59:39.727799,101
D_STR07090,D_U0010,D0048,2026-02-23 00:00:00.935901,25
D_STR07091,D_U0044,D0031,2026-02-22 04:52:17.578545,101
D_STR07092,D_U0041,D0050,2026-02-10 14:46:43.319313,136
D_STR07093,D_U0011,D0024,2026-02-24 18:21:22.272074,294
D_STR07094,D_U0049,D0025,2026-02-26 09:45:44.145763,109
D_STR07095,D_U0054,D0031,2026-02-27 18:26:56.555389,100
D_STR07096,D_U0068,D0028,2026-02-08 01:20:06.186940,151
D_STR07097,D_U0064,D0047,2026-02-15 01:36:46.478221,163
D_STR07098,D_U0060,D0043,2026-02-26 21:32:55.715889,172
D_STR07099,D_U0050,D0048,2026-02-20 06:04:08.521805,142
D_STR07100,D_U0081,D0047,2026-02-28 14:58:58.803914,33
D_STR07101,D_U0015,D0013,2026-03-01 06:03:11.550454,114
D_STR07102,D_U0096,D0025,2026-02-05 07:22:40.825877,119
D_STR07103,D_U0023,D0030,2026-02-11 17:37:56.684362,113
D_STR07104,D_U0024,D0044,2026-03-01 10:47:19.537834,135
D_STR07105,D_U0044,D0019,2026-02-24 11:06:49.066436,215
D_STR07106,D_U0033,D0033,2026-02-05 19:21:59.995531,230
D_STR07107,D_U0065,D0047,2026-02-12 03:56:15.363464,130
D_STR07108,D_U0065,D0047,2026-02-21 09:31:35.525201,168
D_STR07109,D_U0091,D0028,2026-02-26 17:37:57.541580,64
D_STR07110,D_U0085,D0048,2026-02-06 07:16:10.875190,7
D_STR07111,D_U0011,D0016,2026-02-25 15:25:33.278366,112
D_STR07112,D_U0039,D0027,2026-02-09 22:18:10.701521,105
D_STR07113,D_U0058,D0049,2026-03-02 11:07:01.923977,234
D_STR07114,D_U0031,D0028,2026-02-24 17:35:45.623268,209
D_STR07115,D_U0059,D0029,2026-02-25 17:47:07.415119,138
D_STR07116,D_U0051,D0017,2026-02-20 07:52:27.329913,186
D_STR07117,D_U0097,D0049,2026-02-15 16:18:05.224524,181
D_STR07118,D_U0019,D0036,2026-02-17 08:11:08.031454,18
D_STR07119,D_U0087,D0008,2026-02-05 14:20:24.988511,27
D_STR07120,D_U0018,D0045,2026-02-19 15:42:33.720792,163
D_STR07121,D_U0014,D0037,2026-02-20 02:38:06.089700,262
D_STR07122,D_U0045,D0011,2026-02-23 15:49:58.827354,100
D_STR07123,D_U0086,D0048,2026-03-04 14:15:38.677440,147
D_STR07124,D_U0094,D0042,2026-02-07 14:48:07.742283,53
D_STR07125,D_U0001,D0024,2026-03-03 18:26:17.672528,88
D_STR07126,D_U0047,D0026,2026-02-14 08:16:40.907378,75
D_STR07127,D_U0032,D0042,2026-02-16 04:31:56.088741,161
D_STR07128,D_U0064,D0012,2026-02-11 03:44:30.987693,30
D_STR07129,D_U0070,D0045,2026-02-27 16:02:54.104960,183
D_STR07130,D_U0051,D0031,2026-02-10 11:58:03.714672,77
D_STR07131,D_U0036,D0050,2026-03-05 02:22:05.867945,172
D_STR07132,D_U0047,D0039,2026-02-21 07:57:08.862476,160
D_STR07133,D_U0061,D0046,2026-02-20 16:05:58.596523,69
D_STR07134,D_U0066,D0044,2026-02-27 19:12:07.916557,91
D_STR07135,D_U0024,D0038,2026-02-14 03:23:20.005389,53
D_STR07136,D_U0081,D0024,2026-02-20 11:29:00.161132,225
D_STR07137,D_U0021,D0017,2026-02-12 02:55:30.185084,62
D_STR07138,D_U0004,D0031,2026-02-12 11:42:04.207479,61
D_STR07139,D_U0072,D0042,2026-02-08 01:29:03.424730,195
D_STR07140,D_U0076,D0043,2026-03-04 15:25:30.801554,49
D_STR07141,D_U0018,D0024,2026-02-13 23:36:08.567817,110
D_STR07142,D_U0052,D0015,2026-03-04 23:18:24.361140,340
D_STR07143,D_U0014,D0035,2026-02-27 23:40:27.786803,200
D_STR07144,D_U0003,D0045,2026-02-27 01:09:00.625150,19
D_STR07145,D_U0029,D0033,2026-02-15 17:50:50.121686,81
D_STR07146,D_U0065,D0035,2026-02-20 00:19:24.533152,165
D_STR07147,D_U0035,D0040,2026-02-10 02:52:00.866814,81
D_STR07148,D_U0039,D0027,2026-02-08 08:05:54.883521,27
D_STR07149,D_U0069,D0044,2026-02-24 06:37:09.531375,157
D_STR07150,D_U0062,D0045,2026-02-11 12:04:51.948749,206
D_STR07151,D_U0012,D0050,2026-02-27 09:40:44.933172,200
D_STR07152,D_U0064,D0034,2026-02-16 17:23:40.967409,184
D_STR07153,D_U0072,D0020,2026-02-17 05:00:48.640284,266
D_STR07154,D_U0081,D0006,2026-02-25 15:47:14.602545,327
D_STR07155,D_U0030,D0035,2026-02-21 02:29:03.972561,263
D_STR07156,D_U0003,D0014,2026-02-20 12:06:52.653628,43
D_STR07157,D_U0068,D0045,2026-02-14 19:07:33.869975,173
D_STR07158,D_U0083,D0047,2026-02-04 19:34:21.985535,128
D_STR07159,D_U0064,D0039,2026-02-07 08:07:07.758600,93
D_STR07160,D_U0071,D0029,2026-03-04 22:25:17.327941,104
D_STR07161,D_U0011,D0048,2026-02-08 21:48:21.772767,203
D_STR07162,D_U0066,D0045,2026-02-09 13:50:58.227818,147
D_STR07163,D_U0055,D0032,2026-03-01 01:52:21.667293,42
D_STR07164,D_U0099,D0021,2026-02-07 13:58:07.337815,197
D_STR07165,D_U0005,D0040,2026-02-14 06:31:00.116055,242
D_STR07166,D_U0077,D0036,2026-02-19 07:29:43.391269,109
D_STR07167,D_U0087,D0045,2026-02-20 23:41:53.762338,34
D_STR07168,D_U0074,D0033,2026-03-03 00:15:45.531846,19
D_STR07169,D_U0053,D0024,2026-02-18 05:53:23.092131,85
D_STR07170,D_U0006,D0020,2026-02-12 20:30:55.455402,167
D_STR07171,D_U0059,D0003,2026-03-05 00:36:01.523859,150
D_STR07172,D_U0011,D0032,2026-02-21 09:12:36.120983,168
D_STR07173,D_U0026,D0031,2026-02-10 02:13:54.172673,51
D_STR07174,D_U0075,D0049,2026-02-23 22:47:49.802849,215
D_STR07175,D_U0053,D0047,2026-02-28 12:12:42.482001,199
D_STR07176,D_U0002,D0038,2026-02-20 18:03:02.617251,119
D_STR07177,D_U0090,D0025,2026-02-16 12:27:42.252435,60
D_STR07178,D_U0022,D0049,2026-02-25 01:26:44.010396,33
D_STR07179,D_U0098,D0036,2026-02-12 12:25:11.458140,216
D_STR07180,D_U0098,D0031,2026-02-08 19:09:48.095950,55
D_STR07181,D_U0009,D0042,2026-02-14 08:34:41.837651,179
D_STR07182,D_U0077,D0019,2026-02-26 05:51:18.534232,40
D_STR07183,D_U0067,D0018,2026-02-10 10:04:41.343867,144
D_STR07184,D_U0063,D0028,2026-02-07 06:07:53.335826,237
D_STR07185,D_U0069,D0043,2026-02-21 00:55:03.402676,8
D_STR07186,D_U0011,D0030,2026-03-05 08:04:58.586897,68
D_STR07187,D_U0092,D0042,2026-03-04 12:40:06.556940,244
D_STR07188,D_U0007,D0020,2026-03-03 18:28:46.790205,132
D_STR07189,D_U0076,D0050,2026-02-16 16:05:48.277118,217
D_STR07190,D_U0055,D0004,2026-02-18 22:39:31.350258,160
D_STR07191,D_U0051,D0036,2026-02-25 00:02:38.282636,6
D_STR07192,D_U0047,D0046,2026-02-14 02:28:45.089538,243
D_STR07193,D_U0043,D0042,2026-02-13 00:32:31.087310,315
D_STR07194,D_U0052,D0048,2026-02-28 17:53:57.501587,52
D_STR07195,D_U0031,D0042,2026-02-04 15:55:24.730149,234
D_STR07196,D_U0050,D0016,2026-02-26 06:43:54.696490,29
D_STR07197,D_U0009,D0045,2026-03-05 14:25:19.422096,105
D_STR07198,D_U0026,D0048,2026-02-14 19:58:20.800279,218
D_STR07199,D_U0043,D0037,2026-02-14 01:08:45.466411,340
D_STR07200,D_U0020,D0017,2026-02-21 17:08:24.392472,28
D_STR07201,D_U0024,D0047,2026-02-12 10:21:54.054623,92
D_STR07202,D_U0037,D0045,2026-03-06 07:38:30.607932,121
D_STR07203,D_U0081,D0028,2026-02-25 17:42:21.668603,17
D_STR07204,D_U0029,D0015,2026-02-18 13:21:15.540107,246
D_STR07205,D_U0022,D0018,2026-02-07 20:11:30.096859,64
D_STR07206,D_U0056,D0025,2026-02-20 15:34:47.094404,106
D_STR07207,D_U0002,D0014,2026-02-27 15:06:54.438950,43
D_STR07208,D_U0051,D0011,2026-03-02 11:17:50.055984,148
D_STR07209,D_U0016,D0013,2026-02-06 20:00:37.899755,96
D_STR07210,D_U0005,D0040,2026-03-05 19:07:17.080625,54
D_STR07211,D_U0034,D0040,2026-03-05 04:37:23.217888,16
D_STR07212,D_U0047,D0046,2026-03-05 04:00:06.021619,146
D_STR07213,D_U0082,D0050,2026-02-06 20:27:04.667309,146
D_STR07214,D_U0007,D0050,2026-03-02 08:26:52.796686,299
D_STR07215,D_U0033,D0046,2026-02-22 10:03:36.905832,258
D_STR07216,D_U0009,D0042,2026-02-23 06:32:45.532526,107
D_STR07217,D_U0053,D0025,2026-03-05 21:19:18.782647,108
D_STR07218,D_U0044,D0043,2026-02-13 12:25:22.152967,129
D_STR07219,D_U0023,D0037,2026-02-14 09:20:04.406410,149
D_STR07220,D_U0073,D0035,2026-02-26 03:58:51.380805,177
D_STR07221,D_U0039,D0049,2026-02-28 05:14:32.515630,122
D_STR07222,D_U0056,D0027,2026-03-04 17:36:57.958107,17
D_STR07223,D_U0045,D0042,2026-02-14 09:57:36.689620,7
D_STR07224,D_U0091,D0029,2026-02-17 22:29:20.001379,154
D_STR07225,D_U0056,D0012,2026-02-07 16:12:58.040094,153
D_STR07226,D_U0095,D0015,2026-03-03 18:09:06.137883,257
D_STR07227,D_U0077,D0042,2026-02-11 13:18:36.387673,102
D_STR07228,D_U0057,D0040,2026-02-23 10:05:36.876984,217
D_STR07229,D_U0100,D0048,2026-02-05 21:54:07.866998,101
D_STR07230,D_U0007,D0039,2026-02-20 04:17:38.933062,42
D_STR07231,D_U0086,D0034,2026-03-01 19:20:38.651568,48
D_STR07232,D_U0014,D0035,2026-02-05 07:25:42.375581,21
D_STR07233,D_U0065,D0012,2026-02-08 11:50:22.519383,123
D_STR07234,D_U0098,D0024,2026-02-05 15:57:01.952722,231
D_STR07235,D_U0007,D0036,2026-02-15 17:24:42.354198,68
D_STR07236,D_U0072,D0014,2026-02-17 06:44:54.657350,79
D_STR07237,D_U0010,D0032,2026-02-08 06:12:46.915246,241
D_STR07238,D_U0053,D0043,2026-02-20 21:33:33.633270,148
D_STR07239,D_U0094,D0027,2026-02-09 16:54:23.982459,30
D_STR07240,D_U0037,D0043,2026-02-06 12:30:39.063506,195
D_STR07241,D_U0065,D0042,2026-03-06 04:37:55.405850,106
D_STR07242,D_U0080,D0047,2026-02-05 08:37:20.647947,130
D_STR07243,D_U0039,D0024,2026-02-17 09:42:08.516431,144
D_STR07244,D_U0033,D0014,2026-02-09 07:11:22.096646,286
D_STR07245,D_U0019,D0047,2026-03-02 07:12:17.654891,173
D_STR07246,D_U0020,D0042,2026-02-25 10:26:37.111271,265
D_STR07247,D_U0008,D0042,2026-02-28 18:38:52.445553,161
D_STR07248,D_U0031,D0043,2026-02-16 18:46:30.434390,50
D_STR07249,D_U0087,D0037,2026-02-04 12:37:08.233874,308
D_STR07250,D_U0087,D0022,2026-02-15 00:52:48.801459,162
D_STR07251,D_U0048,D0044,2026-02-12 11:23:01.837333,158
D_STR07252,D_U0011,D0049,2026-03-04 05:36:04.154823,15
D_STR07253,D_U0022,D0050,2026-03-04 07:55:12.808745,61
D_STR07254,D_U0099,D0041,2026-02-18 18:49:20.617882,58
D_STR07255,D_U0058,D0032,2026-02-13 20:31:19.173754,121
D_STR07256,D_U0014,D0048,2026-02-07 16:27:15.812529,38
D_STR07257,D_U0020,D0013,2026-02-22 14:38:53.230747,189
D_STR07258,D_U0082,D0046,2026-03-03 13:29:34.506459,213
D_STR07259,D_U0073,D0025,2026-03-01 20:16:17.030355,126
D_STR07260,D_U0083,D0030,2026-02-18 00:04:42.947902,58
D_STR07261,D_U0037,D0002,2026-02-23 16:24:55.922064,173
D_STR07262,D_U0035,D0046,2026-02-19 11:27:33.232522,238
D_STR07263,D_U0019,D0048,2026-02-09 15:40:43.923208,188
D_STR07264,D_U0074,D0037,2026-02-07 20:48:33.581654,49
D_STR07265,D_U0098,D0025,2026-02-16 03:05:23.197084,6
D_STR07266,D_U0099,D0016,2026-02-12 22:50:13.963980,46
D_STR07267,D_U0085,D0019,2026-02-16 23:56:44.300677,26
D_STR07268,D_U0056,D0045,2026-02-18 10:04:26.038040,85
D_STR07269,D_U0009,D0020,2026-02-07 02:32:08.915817,45
D_STR07270,D_U0082,D0019,2026-02-28 08:56:42.452602,221
D_STR07271,D_U0056,D0023,2026-02-19 13:28:10.414254,127
D_STR07272,D_U0057,D0033,2026-02-24 19:11:47.706445,145
D_STR07273,D_U0023,D0034,2026-03-02 01:13:28.204398,21
D_STR07274,D_U0046,D0029,2026-02-12 05:21:15.112191,7
D_STR07275,D_U0095,D0034,2026-02-08 00:06:25.522933,151
D_STR07276,D_U0066,D0047,2026-03-06 05:25:48.354746,218
D_STR07277,D_U0012,D0050,2026-02-10 03:55:24.213760,77
D_STR07278,D_U0020,D0045,2026-02-13 08:38:09.045367,20
D_STR07279,D_U0037,D0047,2026-02-11 22:13:20.110757,224
D_STR07280,D_U0009,D0048,2026-02-14 00:54:30.570170,85
D_STR07281,D_U0075,D0030,2026-02-23 21:10:06.028684,102
D_STR07282,D_U0071,D0020,2026-02-06 13:48:51.590287,289
D_STR07283,D_U0083,D0036,2026-02-27 17:34:34.202580,6
D_STR07284,D_U0054,D0046,2026-02-27 07:22:32.414037,8
D_STR07285,D_U0082,D0050,2026-02-18 04:11:51.853476,288
D_STR07286,D_U0017,D0020,2026-02-13 02:38:19.990112,117
D_STR07287,D_U0067,D0031,2026-03-06 01:32:09.328346,95
D_STR07288,D_U0058,D0041,2026-02-27 10:22:28.083377,34
D_STR07289,D_U0057,D0046,2026-02-13 05:48:17.278473,240
D_STR07290,D_U0048,D0019,2026-02-05 03:34:47.882385,143
D_STR07291,D_U0016,D0022,2026-02-16 06:44:22.442337,5
D_STR07292,D_U0066,D0040,2026-02-08 21:31:41.405844,40
D_STR07293,D_U0028,D0017,2026-02-05 17:39:26.374579,153
D_STR07294,D_U0009,D0046,2026-02-18 08:20:36.585287,42
D_STR07295,D_U0089,D0039,2026-02-13 18:04:32.763761,67
D_STR07296,D_U0037,D0036,2026-02-10 09:14:42.883361,208
D_STR07297,D_U0030,D0010,2026-03-04 02:01:38.478739,12
D_STR07298,D_U0015,D0005,2026-02-27 05:43:43.285116,235
D_STR07299,D_U0027,D0037,2026-02-28 10:13:07.365567,279
D_STR07300,D_U0075,D0022,2026-02-27 18:58:04.039298,40
D_STR07301,D_U0006,D0050,2026-02-13 04:54:44.783535,172
D_STR07302,D_U0018,D0042,2026-03-06 05:26:49.682401,87
D_STR07303,D_U0037,D0004,2026-02-11 09:34:58.657024,100
D_STR07304,D_U0033,D0044,2026-02-28 09:18:50.816506,88
D_STR07305,D_U0057,D0039,2026-02-10 14:30:28.409439,98
D_STR07306,D_U0009,D0020,2026-02-12 19:20:34.565253,305
D_STR07307,D_U0002,D0035,2026-03-05 15:17:49.601285,313
D_STR07308,D_U0091,D0009,2026-02-18 13:03:49.182318,142
D_STR07309,D_U0077,D0031,2026-02-11 22:24:16.445071,71
D_STR07310,D_U0011,D0027,2026-02-22 08:13:23.771814,104
D_STR07311,D_U0089,D0041,2026-02-15 12:18:37.361634,32
D_STR07312,D_U0097,D0015,2026-02-22 23:48:11.889584,55
D_STR07313,D_U0007,D0047,2026-02-28 22:31:38.086778,227
D_STR07314,D_U0046,D0005,2026-03-04 14:10:35.338371,188
D_STR07315,D_U0020,D0046,2026-02-05 12:24:40.461316,170
D_STR07316,D_U0073,D0036,2026-02-07 21:27:51.339222,5
D_STR07317,D_U0039,D0025,2026-02-15 09:21:29.241293,137
D_STR07318,D_U0018,D0038,2026-02-15 18:37:25.932364,127
D_STR07319,D_U0023,D0023,2026-03-03 08:28:30.960437,115
D_STR07320,D_U0070,D0050,2026-02-06 06:50:22.576009,188
D_STR07321,D_U0043,D0042,2026-02-11 17:43:37.393478,291
D_STR07322,D_U0093,D0038,2026-03-03 02:58:16.537849,117
D_STR07323,D_U0097,D0039,2026-02-25 23:33:57.954430,81
D_STR07324,D_U0090,D0007,2026-02-27 14:44:45.815922,226
D_STR07325,D_U0080,D0050,2026-02-05 04:33:22.887955,73
D_STR07326,D_U0046,D0035,2026-02-23 16:16:49.432567,47
D_STR07327,D_U0006,D0008,2026-03-04 14:00:11.334990,6
D_STR07328,D_U0099,D0037,2026-02-11 08:09:25.451025,131
D_STR07329,D_U0060,D0038,2026-02-12 15:41:02.847293,135
D_STR07330,D_U0060,D0020,2026-02-14 04:57:48.781487,217
D_STR07331,D_U0097,D0038,2026-03-02 20:23:25.920614,9
D_STR07332,D_U0078,D0050,2026-02-09 06:29:10.721777,155
D_STR07333,D_U0013,D0030,2026-03-02 07:48:49.845982,149
D_STR07334,D_U0027,D0022,2026-02-09 15:56:49.103886,37
D_STR07335,D_U0084,D0037,2026-03-03 18:21:49.808691,335
D_STR07336,D_U0057,D0040,2026-02-09 12:03:40.823704,48
D_STR07337,D_U0010,D0046,2026-02-20 02:10:14.386848,169
D_STR07338,D_U0061,D0023,2026-03-06 06:34:38.907230,123
D_STR07339,D_U0014,D0038,2026-02-17 01:44:01.524153,61
D_STR07340,D_U0019,D0011,2026-02-28 16:33:01.363918,193
D_STR07341,D_U0067,D0021,2026-02-09 17:20:57.904160,15
D_STR07342,D_U0079,D0037,2026-02-07 16:16:47.490886,38
D_STR07343,D_U0071,D0036,2026-02-13 08:26:56.512818,85
D_STR07344,D_U0086,D0042,2026-02-11 21:32:58.827857,302
D_STR07345,D_U0023,D0028,2026-02-05 10:39:50.808954,192
D_STR07346,D_U0021,D0031,2026-03-03 22:48:31.272695,101
D_STR07347,D_U0052,D0033,2026-02-20 16:16:53.348931,209
D_STR07348,D_U0055,D0036,2026-02-25 02:48:12.561133,60
D_STR07349,D_U0058,D0039,2026-03-05 16:12:13.082899,201
D_STR07350,D_U0017,D0042,2026-02-26 05:48:47.325744,242
D_STR07351,D_U0056,D0012,2026-02-18 14:12:13.369510,119
D_STR07352,D_U0060,D0047,2026-02-27 12:04:47.144178,150
D_STR07353,D_U0074,D0036,2026-02-19 17:39:32.719609,51
D_STR07354,D_U0087,D0025,2026-02-17 12:54:21.842716,62
D_STR07355,D_U0098,D0017,2026-02-19 16:36:26.848152,190
D_STR07356,D_U0004,D0019,2026-03-03 13:08:08.068253,198
D_STR07357,D_U0062,D0023,2026-02-22 15:55:03.902987,52
D_STR07358,D_U0078,D0048,2026-02-22 21:03:02.192204,150
D_STR07359,D_U0080,D0003,2026-02-27 22:13:29.273855,39
D_STR07360,D_U0027,D0046,2026-03-01 12:00:45.555645,137
D_STR07361,D_U0081,D0001,2026-02-09 21:30:39.773553,66
D_STR07362,D_U0068,D0041,2026-02-15 05:46:45.733412,24
D_STR07363,D_U0028,D0037,2026-02-06 02:28:39.069864,28
D_STR07364,D_U0045,D0040,2026-02-04 15:20:09.302040,287
D_STR07365,D_U0076,D0036,2026-02-11 16:07:27.146215,179
D_STR07366,D_U0018,D0019,2026-03-02 17:39:24.379779,238
D_STR07367,D_U0015,D0041,2026-02-11 11:06:07.669701,121
D_STR07368,D_U0059,D0049,2026-02-24 20:49:28.466395,244
D_STR07369,D_U0038,D0035,2026-02-07 02:08:49.508456,315
D_STR07370,D_U0078,D0036,2026-02-18 06:56:11.931728,113
D_STR07371,D_U0011,D0029,2026-02-16 13:30:51.577383,11
D_STR07372,D_U0003,D0031,2026-02-17 11:55:46.533075,105
D_STR07373,D_U0046,D0046,2026-02-17 05:36:21.769923,185
D_STR07374,D_U0097,D0025,2026-02-26 03:51:37.981691,132
D_STR07375,D_U0075,D0046,2026-02-20 16:53:29.895396,243
D_STR07376,D_U0089,D0022,2026-03-02 15:42:43.050614,15
D_STR07377,D_U0043,D0019,2026-03-06 01:50:51.872032,18
D_STR07378,D_U0098,D0043,2026-02-22 19:42:22.564135,55
D_STR07379,D_U0017,D0033,2026-03-03 23:00:06.336531,37
D_STR07380,D_U0063,D0048,2026-02-24 23:45:23.985762,114
D_STR07381,D_U0094,D0049,2026-02-27 22:33:03.334440,164
D_STR07382,D_U0081,D0025,2026-02-07 18:53:46.167500,196
D_STR07383,D_U0090,D0011,2026-02-09 08:06:45.440949,176
D_STR07384,D_U0086,D0026,2026-02-14 16:35:53.662794,74
D_STR07385,D_U0034,D0018,2026-02-17 19:31:33.382328,11
D_STR07386,D_U0056,D0041,2026-02-05 02:49:15.523639,141
D_STR07387,D_U0059,D0018,2026-02-06 07:49:42.958438,65
D_STR07388,D_U0080,D0045,2026-03-02 20:38:27.919607,121
D_STR07389,D_U0013,D0046,2026-02-21 15:34:12.436389,214
D_STR07390,D_U0093,D0033,2026-02-18 03:10:30.429441,240
D_STR07391,D_U0100,D0035,2026-02-20 22:33:59.034194,190
D_STR07392,D_U0077,D0029,2026-02-18 14:00:29.975740,102
D_STR07393,D_U0035,D0042,2026-02-11 17:42:06.653085,142
D_STR07394,D_U0012,D0023,2026-02-19 01:36:05.757175,78
D_STR07395,D_U0009,D0049,2026-03-04 23:24:07.730516,34
D_STR07396,D_U0057,D0015,2026-02-21 04:59:10.898201,64
D_STR07397,D_U0085,D0036,2026-02-19 07:55:29.173919,204
D_STR07398,D_U0002,D0047,2026-02-19 16:56:31.257856,19
D_STR07399,D_U0013,D0048,2026-02-17 15:33:16.264077,37
D_STR07400,D_U0040,D0024,2026-02-07 17:28:48.136005,13
D_STR07401,D_U0020,D0048,2026-03-03 10:32:21.279369,44
D_STR07402,D_U0013,D0022,2026-02-14 08:11:29.010517,162
D_STR07403,D_U0015,D0032,2026-02-18 19:03:44.404315,53
D_STR07404,D_U0008,D0009,2026-02-21 14:42:19.461133,123
D_STR07405,D_U0076,D0037,2026-02-20 06:37:36.181728,302
D_STR07406,D_U0004,D0044,2026-03-05 23:05:58.719051,62
D_STR07407,D_U0076,D0050,2026-02-11 06:16:21.097154,184
D_STR07408,D_U0050,D0039,2026-03-02 05:43:20.776011,107
D_STR07409,D_U0046,D0034,2026-02-14 23:34:01.621830,32
D_STR07410,D_U0003,D0044,2026-02-14 18:30:38.275720,264
D_STR07411,D_U0005,D0050,2026-03-02 11:05:51.553470,271
D_STR07412,D_U0057,D0047,2026-02-13 04:26:50.391027,232
D_STR07413,D_U0033,D0048,2026-03-05 01:15:06.975366,225
D_STR07414,D_U0061,D0041,2026-02-05 23:27:38.640533,88
D_STR07415,D_U0054,D0035,2026-02-15 23:56:24.968703,276
D_STR07416,D_U0086,D0023,2026-02-12 09:48:21.412938,23
D_STR07417,D_U0014,D0046,2026-02-06 21:37:00.626127,116
D_STR07418,D_U0012,D0043,2026-02-10 12:48:54.441518,191
D_STR07419,D_U0096,D0047,2026-02-13 02:53:57.436652,68
D_STR07420,D_U0056,D0032,2026-02-25 12:12:59.185078,87
D_STR07421,D_U0036,D0006,2026-03-06 04:40:56.420712,310
D_STR07422,D_U0007,D0038,2026-02-22 01:43:36.776380,19
D_STR07423,D_U0021,D0012,2026-03-05 17:06:52.335067,223
D_STR07424,D_U0042,D0032,2026-02-27 09:33:57.860605,8
D_STR07425,D_U0023,D0040,2026-03-01 05:09:04.811108,339
D_STR07426,D_U0090,D0048,2026-02-05 01:29:56.756550,60
D_STR07427,D_U0011,D0017,2026-02-22 07:33:36.810654,145
D_STR07428,D_U0033,D0040,2026-02-12 16:08:49.389130,139
D_STR07429,D_U0024,D0020,2026-02-19 06:27:23.524197,306
D_STR07430,D_U0026,D0019,2026-02-07 12:49:03.902399,148
D_STR07431,D_U0046,D0044,2026-02-28 12:51:41.375978,211
D_STR07432,D_U0078,D0038,2026-02-10 17:06:22.097504,175
D_STR07433,D_U0037,D0043,2026-02-09 20:30:31.275692,16
D_STR07434,D_U0046,D0036,2026-02-18 14:56:11.827054,8
D_STR07435,D_U0011,D0041,2026-03-04 04:28:39.397463,168
D_STR07436,D_U0039,D0041,2026-02-11 12:01:28.361405,82
D_STR07437,D_U0092,D0020,2026-02-18 18:16:18.482836,300
D_STR07438,D_U0040,D0049,2026-02-15 14:15:34.612934,93
D_STR07439,D_U0100,D0044,2026-02-27 07:31:20.115456,179
D_STR07440,D_U0067,D0022,2026-02-06 20:11:59.628925,56
D_STR07441,D_U0020,D0041,2026-02-14 12:40:43.905011,153
D_STR07442,D_U0094,D0039,2026-02-04 10:36:49.601422,104
D_STR07443,D_U0095,D0033,2026-02-18 06:46:45.063157,29
D_STR07444,D_U0024,D0035,2026-02-28 07:26:26.644643,12
D_STR07445,D_U0026,D0032,2026-02-14 13:13:19.255931,154
D_STR07446,D_U0033,D0034,2026-02-18 03:36:15.079505,26
D_STR07447,D_U0095,D0027,2026-02-10 05:26:40.299825,115
D_STR07448,D_U0077,D0040,2026-02-15 20:54:03.959859,169
D_STR07449,D_U0062,D0029,2026-02-11 04:35:09.521916,79
D_STR07450,D_U0014,D0046,2026-02-08 12:53:32.219793,196
D_STR07451,D_U0025,D0043,2026-02-25 15:07:36.476211,120
D_STR07452,D_U0071,D0036,2026-03-03 03:51:44.244048,9
D_STR07453,D_U0082,D0025,2026-02-10 13:55:36.946939,76
D_STR07454,D_U0017,D0030,2026-02-22 23:13:23.749748,149
D_STR07455,D_U0046,D0041,2026-03-05 10:03:11.141861,21
D_STR07456,D_U0075,D0041,2026-02-25 18:54:16.738204,137
D_STR07457,D_U0037,D0025,2026-02-25 20:28:41.794669,105
D_STR07458,D_U0012,D0032,2026-02-20 17:25:12.884322,166
D_STR07459,D_U0058,D0026,2026-03-01 03:15:50.055505,83
D_STR07460,D_U0021,D0011,2026-02-07 18:41:29.499943,42
D_STR07461,D_U0066,D0048,2026-02-23 01:17:52.425157,25
D_STR07462,D_U0034,D0050,2026-02-19 19:15:12.570624,11
D_STR07463,D_U0032,D0045,2026-02-24 15:19:38.873249,184
D_STR07464,D_U0091,D0036,2026-02-06 08:38:47.457150,65
D_STR07465,D_U0035,D0009,2026-02-25 01:25:28.098374,44
D_STR07466,D_U0024,D0032,2026-02-27 15:57:20.650234,87
D_STR07467,D_U0058,D0028,2026-02-07 07:57:18.209193,78
D_STR07468,D_U0061,D0044,2026-02-28 23:00:39.841215,217
D_STR07469,D_U0031,D0040,2026-02-08 18:44:38.024346,142
D_STR07470,D_U0097,D0048,2026-02-23 15:33:34.572616,83
D_STR07471,D_U0068,D0017,2026-02-13 01:55:16.663229,37
D_STR07472,D_U0060,D0024,2026-02-27 22:10:26.768266,239
D_STR07473,D_U0042,D0034,2026-02-09 02:44:22.640617,184
D_STR07474,D_U0038,D0045,2026-03-02 19:42:46.239320,10
D_STR07475,D_U0035,D0047,2026-02-16 21:13:08.332485,67
D_STR07476,D_U0043,D0047,2026-03-01 02:08:38.102751,20
D_STR07477,D_U0017,D0018,2026-02-17 16:08:46.828847,41
D_STR07478,D_U0100,D0042,2026-02-21 02:16:31.026449,189
D_STR07479,D_U0008,D0031,2026-02-15 02:44:19.728302,22
D_STR07480,D_U0031,D0037,2026-02-15 00:15:57.111363,342
D_STR07481,D_U0099,D0021,2026-02-08 12:05:26.207132,93
D_STR07482,D_U0043,D0043,2026-02-25 18:13:55.922022,41
D_STR07483,D_U0012,D0009,2026-02-13 15:33:52.461702,77
D_STR07484,D_U0078,D0042,2026-02-06 04:16:22.971082,180
D_STR07485,D_U0011,D0031,2026-02-19 18:03:10.666032,104
D_STR07486,D_U0029,D0049,2026-03-06 09:09:44.913866,82
D_STR07487,D_U0030,D0047,2026-02-04 09:52:53.939546,161
D_STR07488,D_U0043,D0035,2026-03-04 17:44:30.757187,153
D_STR07489,D_U0030,D0049,2026-03-05 01:36:19.024265,231
D_STR07490,D_U0058,D0044,2026-02-05 05:24:21.555645,191
D_STR07491,D_U0067,D0042,2026-02-06 02:29:30.065303,154
D_STR07492,D_U0066,D0014,2026-02-08 05:06:53.857163,289
D_STR07493,D_U0092,D0034,2026-02-05 02:08:15.732914,14
D_STR07494,D_U0022,D0036,2026-02-05 20:04:45.516066,210
D_STR07495,D_U0009,D0016,2026-02-26 13:14:27.708218,24
D_STR07496,D_U0092,D0031,2026-02-28 00:21:44.717264,21
D_STR07497,D_U0032,D0035,2026-03-05 22:42:50.819928,112
D_STR07498,D_U0049,D0047,2026-03-02 15:56:23.793492,145
D_STR07499,D_U0078,D0021,2026-02-21 00:09:53.162833,32
D_STR07500,D_U0082,D0046,2026-02-12 09:30:45.057817,117
D_STR07501,D_U0064,D0012,2026-02-27 19:16:00.328907,165
D_STR07502,D_U0073,D0041,2026-02-05 05:38:13.481002,100
D_STR07503,D_U0036,D0031,2026-02-06 14:15:24.871844,63
D_STR07504,D_U0074,D0028,2026-02-27 21:48:38.864472,180
D_STR07505,D_U0008,D0021,2026-02-05 20:37:42.128638,31
D_STR07506,D_U0007,D0040,2026-02-04 13:19:02.080034,11
D_STR07507,D_U0038,D0049,2026-02-04 18:22:03.365934,80
D_STR07508,D_U0031,D0047,2026-02-04 23:28:20.249387,102
D_STR07509,D_U0062,D0020,2026-02-11 16:11:56.305442,224
D_STR07510,D_U0025,D0036,2026-02-16 02:16:13.056337,118
D_STR07511,D_U0092,D0031,2026-02-15 21:45:28.257524,107
D_STR07512,D_U0018,D0042,2026-02-04 23:04:15.935306,27
D_STR07513,D_U0077,D0046,2026-02-23 06:30:31.757040,191
D_STR07514,D_U0026,D0049,2026-03-03 11:58:58.925578,101
D_STR07515,D_U0059,D0047,2026-02-05 21:18:06.066713,89
D_STR07516,D_U0099,D0026,2026-02-07 14:10:15.979035,123
D_STR07517,D_U0007,D0020,2026-03-02 01:05:40.858137,138
D_STR07518,D_U0073,D0046,2026-02-27 18:40:24.870951,159
D_STR07519,D_U0008,D0011,2026-03-01 05:30:35.980413,164
D_STR07520,D_U0030,D0046,2026-02-28 15:30:13.589433,52
D_STR07521,D_U0039,D0046,2026-02-22 15:57:57.091247,218
D_STR07522,D_U0087,D0042,2026-03-06 05:36:08.770984,264
D_STR07523,D_U0054,D0020,2026-02-21 08:55:42.574493,122
D_STR07524,D_U0054,D0045,2026-03-03 01:37:31.800938,21
D_STR07525,D_U0024,D0036,2026-02-28 09:02:50.921383,27
D_STR07526,D_U0038,D0030,2026-02-12 11:16:14.428854,17
D_STR07527,D_U0065,D0047,2026-02-27 00:53:40.909001,68
D_STR07528,D_U0008,D0045,2026-02-22 07:18:25.835538,69
D_STR07529,D_U0092,D0043,2026-02-24 20:15:22.923278,19
D_STR07530,D_U0048,D0029,2026-02-05 07:35:33.442606,91
D_STR07531,D_U0043,D0028,2026-02-06 05:14:28.778284,218
D_STR07532,D_U0092,D0046,2026-02-16 00:39:27.153352,250
D_STR07533,D_U0055,D0025,2026-02-05 08:12:28.750618,113
D_STR07534,D_U0034,D0034,2026-02-04 20:49:08.858349,147
D_STR07535,D_U0078,D0047,2026-02-23 13:43:44.313346,224
D_STR07536,D_U0062,D0012,2026-02-16 00:24:31.998983,273
D_STR07537,D_U0066,D0041,2026-03-03 17:43:34.564368,6
D_STR07538,D_U0092,D0041,2026-03-02 07:52:54.350245,65
D_STR07539,D_U0057,D0046,2026-03-03 08:36:11.754649,168
D_STR07540,D_U0027,D0049,2026-02-05 23:22:09.918826,67
D_STR07541,D_U0032,D0046,2026-02-18 22:56:47.616363,216
D_STR07542,D_U0041,D0028,2026-02-08 11:27:37.221863,195
D_STR07543,D_U0012,D0049,2026-03-03 16:48:15.336295,184
D_STR07544,D_U0042,D0039,2026-03-02 17:51:56.983622,182
D_STR07545,D_U0075,D0041,2026-02-07 09:15:15.331190,117
D_STR07546,D_U0074,D0044,2026-02-26 15:44:01.665980,311
D_STR07547,D_U0070,D0034,2026-03-03 22:18:37.719077,120
D_STR07548,D_U0077,D0047,2026-02-23 21:03:44.506459,204
D_STR07549,D_U0016,D0048,2026-02-05 02:05:16.207509,62
D_STR07550,D_U0040,D0039,2026-02-26 03:12:48.516297,31
D_STR07551,D_U0006,D0009,2026-02-08 06:39:27.288581,44
D_STR07552,D_U0005,D0050,2026-02-11 10:21:06.463539,65
D_STR07553,D_U0073,D0046,2026-02-23 05:52:47.822090,91
D_STR07554,D_U0048,D0022,2026-03-02 04:46:50.676068,82
D_STR07555,D_U0100,D0049,2026-02-09 12:54:53.049478,126
D_STR07556,D_U0035,D0049,2026-03-01 18:34:08.383597,222
D_STR07557,D_U0040,D0033,2026-03-03 07:58:35.947297,24
D_STR07558,D_U0058,D0049,2026-03-01 10:54:03.032669,249
D_STR07559,D_U0016,D0032,2026-02-07 21:48:09.301337,103
D_STR07560,D_U0010,D0048,2026-02-24 19:08:50.359821,25
D_STR07561,D_U0017,D0033,2026-02-09 06:35:36.552581,7
D_STR07562,D_U0025,D0003,2026-02-08 04:05:55.604754,120
D_STR07563,D_U0070,D0046,2026-02-12 09:59:24.034973,153
D_STR07564,D_U0094,D0047,2026-02-12 14:48:48.775133,137
D_STR07565,D_U0023,D0020,2026-03-05 12:09:18.749849,66
D_STR07566,D_U0080,D0029,2026-02-24 16:21:54.698560,166
D_STR07567,D_U0013,D0029,2026-02-08 22:48:34.147785,87
D_STR07568,D_U0043,D0025,2026-02-09 12:25:35.236483,54
D_STR07569,D_U0084,D0038,2026-03-02 18:59:28.359570,6
D_STR07570,D_U0045,D0030,2026-03-05 21:12:09.592290,66
D_STR07571,D_U0093,D0031,2026-02-15 23:42:26.009758,43
D_STR07572,D_U0051,D0049,2026-02-04 23:15:04.981622,35
D_STR07573,D_U0045,D0045,2026-02-15 09:04:44.186459,55
D_STR07574,D_U0058,D0046,2026-02-23 06:22:48.032496,128
D_STR07575,D_U0023,D0010,2026-02-27 15:59:31.191295,49
D_STR07576,D_U0063,D0040,2026-02-21 04:12:55.718920,269
D_STR07577,D_U0037,D0038,2026-02-14 04:32:24.386648,106
D_STR07578,D_U0072,D0031,2026-02-13 11:44:17.367015,7
D_STR07579,D_U0097,D0048,2026-02-17 05:24:32.681609,144
D_STR07580,D_U0028,D0035,2026-02-26 05:05:50.411751,253
D_STR07581,D_U0086,D0020,2026-03-03 09:09:53.654240,39
D_STR07582,D_U0095,D0030,2026-02-27 11:21:40.273623,125
D_STR07583,D_U0001,D0015,2026-02-23 05:00:00.584704,111
D_STR07584,D_U0085,D0042,2026-02-06 20:54:35.215035,114
D_STR07585,D_U0062,D0050,2026-02-08 10:44:17.135042,273
D_STR07586,D_U0094,D0030,2026-02-17 03:37:06.396238,89
D_STR07587,D_U0094,D0015,2026-02-18 09:52:14.906011,249
D_STR07588,D_U0100,D0049,2026-02-14 02:55:21.735108,53
D_STR07589,D_U0039,D0027,2026-02-21 16:48:53.189336,86
D_STR07590,D_U0049,D0027,2026-02-10 18:48:50.483397,79
D_STR07591,D_U0028,D0031,2026-02-10 05:26:02.534186,122
D_STR07592,D_U0003,D0040,2026-02-19 11:53:15.611955,288
D_STR07593,D_U0097,D0045,2026-02-23 04:19:57.481253,145
D_STR07594,D_U0039,D0044,2026-03-06 02:19:08.982352,225
D_STR07595,D_U0043,D0026,2026-02-13 00:12:01.534872,77
D_STR07596,D_U0012,D0023,2026-02-20 07:00:06.684736,97
D_STR07597,D_U0073,D0036,2026-02-10 00:54:14.171111,139
D_STR07598,D_U0027,D0022,2026-02-07 17:49:56.396132,98
D_STR07599,D_U0025,D0028,2026-03-02 09:27:57.652029,12
D_STR07600,D_U0068,D0017,2026-02-25 04:00:58.627506,143
D_STR07601,D_U0072,D0033,2026-02-20 07:53:56.499798,237
D_STR07602,D_U0019,D0028,2026-02-11 17:20:55.081247,150
D_STR07603,D_U0041,D0041,2026-02-22 19:28:23.416668,32
D_STR07604,D_U0029,D0023,2026-03-05 13:23:05.809288,45
D_STR07605,D_U0089,D0046,2026-02-05 09:27:10.539060,218
D_STR07606,D_U0097,D0029,2026-02-19 00:28:49.202843,54
D_STR07607,D_U0072,D0042,2026-02-09 17:23:47.488203,222
D_STR07608,D_U0089,D0026,2026-03-05 20:10:31.954104,77
D_STR07609,D_U0015,D0030,2026-02-21 15:13:22.317293,144
D_STR07610,D_U0094,D0019,2026-02-23 08:43:03.442751,28
D_STR07611,D_U0015,D0048,2026-02-23 11:45:26.024670,33
D_STR07612,D_U0047,D0035,2026-03-03 19:33:35.304327,305
D_STR07613,D_U0069,D0049,2026-02-14 16:57:54.015901,108
D_STR07614,D_U0073,D0030,2026-02-16 09:04:37.374625,142
D_STR07615,D_U0091,D0050,2026-02-20 10:20:44.727444,333
D_STR07616,D_U0043,D0041,2026-02-11 13:57:07.451771,61
D_STR07617,D_U0095,D0042,2026-02-16 06:04:18.357035,113
D_STR07618,D_U0100,D0042,2026-02-08 04:41:32.946766,164
D_STR07619,D_U0061,D0046,2026-02-26 08:58:27.441104,233
D_STR07620,D_U0058,D0024,2026-02-25 00:40:05.774459,229
D_STR07621,D_U0061,D0003,2026-02-24 21:02:26.923220,270
D_STR07622,D_U0085,D0046,2026-02-22 21:00:37.675694,72
D_STR07623,D_U0052,D0046,2026-02-18 04:52:56.593796,146
D_STR07624,D_U0075,D0030,2026-03-02 07:51:36.958194,20
D_STR07625,D_U0053,D0040,2026-02-25 23:51:29.629736,297
D_STR07626,D_U0013,D0043,2026-02-11 14:09:18.278179,134
D_STR07627,D_U0038,D0041,2026-02-06 13:28:34.916315,17
D_STR07628,D_U0040,D0016,2026-02-21 23:51:53.112339,120
D_STR07629,D_U0090,D0022,2026-02-19 23:39:56.131626,8
D_STR07630,D_U0005,D0017,2026-03-03 22:04:53.766948,120
D_STR07631,D_U0025,D0024,2026-02-19 14:34:20.949199,60
D_STR07632,D_U0051,D0021,2026-02-12 16:34:35.316266,39
D_STR07633,D_U0061,D0043,2026-02-23 10:23:31.988125,122
D_STR07634,D_U0068,D0039,2026-03-05 14:53:21.999380,161
D_STR07635,D_U0055,D0048,2026-02-22 05:12:26.139482,53
D_STR07636,D_U0009,D0041,2026-02-23 21:27:27.582304,153
D_STR07637,D_U0061,D0032,2026-02-08 05:39:52.679387,100
D_STR07638,D_U0094,D0022,2026-02-05 05:42:40.126690,122
D_STR07639,D_U0037,D0019,2026-02-17 11:20:29.488458,154
D_STR07640,D_U0034,D0036,2026-02-24 09:48:46.864715,86
D_STR07641,D_U0089,D0026,2026-02-26 09:40:02.749316,85
D_STR07642,D_U0092,D0048,2026-02-15 07:14:00.129976,213
D_STR07643,D_U0045,D0027,2026-02-25 20:25:21.676825,9
D_STR07644,D_U0093,D0050,2026-02-28 22:14:51.418676,245
D_STR07645,D_U0022,D0035,2026-02-15 04:02:17.229449,269
D_STR07646,D_U0042,D0044,2026-02-11 03:44:01.274576,309
D_STR07647,D_U0080,D0049,2026-02-09 03:40:32.874938,175
D_STR07648,D_U0041,D0047,2026-02-22 13:33:36.617083,228
D_STR07649,D_U0030,D0043,2026-02-25 14:11:00.002733,107
D_STR07650,D_U0005,D0046,2026-02-17 02:18:14.643596,245
D_STR07651,D_U0042,D0048,2026-02-25 21:03:09.275401,86
D_STR07652,D_U0099,D0049,2026-02-17 01:23:16.190514,217
D_STR07653,D_U0090,D0042,2026-02-08 10:42:27.016093,321
D_STR07654,D_U0004,D0022,2026-02-26 22:03:18.479703,101
D_STR07655,D_U0016,D0029,2026-03-01 16:09:29.387214,163
D_STR07656,D_U0039,D0041,2026-02-04 16:39:50.178785,147
D_STR07657,D_U0074,D0021,2026-02-17 14:22:31.484636,83
D_STR07658,D_U0001,D0047,2026-03-01 20:06:52.670744,27
D_STR07659,D_U0089,D0045,2026-03-04 20:47:17.496832,51
D_STR07660,D_U0085,D0042,2026-02-27 15:44:12.087907,329
D_STR07661,D_U0003,D0032,2026-02-09 02:42:38.218183,241
D_STR07662,D_U0098,D0040,2026-02-25 10:41:35.403714,130
D_STR07663,D_U0100,D0021,2026-03-01 21:01:13.402189,41
D_STR07664,D_U0035,D0045,2026-02-16 08:22:56.823236,164
D_STR07665,D_U0083,D0034,2026-02-26 19:03:28.488434,87
D_STR07666,D_U0024,D0026,2026-02-09 09:13:35.902893,122
D_STR07667,D_U0028,D0027,2026-02-04 14:39:16.191407,104
D_STR07668,D_U0022,D0038,2026-02-21 12:53:19.588183,137
D_STR07669,D_U0042,D0044,2026-03-06 05:26:50.386779,85
D_STR07670,D_U0044,D0043,2026-02-13 07:17:57.516508,180
D_STR07671,D_U0054,D0045,2026-02-11 19:21:53.601970,6
D_STR07672,D_U0015,D0047,2026-02-21 16:16:27.973193,55
D_STR07673,D_U0040,D0035,2026-02-14 12:07:56.842689,153
D_STR07674,D_U0058,D0022,2026-02-26 19:14:36.846429,135
D_STR07675,D_U0046,D0037,2026-03-05 14:00:32.518702,81
D_STR07676,D_U0093,D0041,2026-02-07 10:54:28.578152,115
D_STR07677,D_U0095,D0047,2026-02-14 19:09:40.867134,222
D_STR07678,D_U0099,D0007,2026-02-06 13:55:22.023348,121
D_STR07679,D_U0100,D0036,2026-02-15 10:17:34.261168,80
D_STR07680,D_U0086,D0040,2026-02-25 19:50:25.274775,92
D_STR07681,D_U0085,D0043,2026-02-13 08:23:09.554722,153
D_STR07682,D_U0097,D0049,2026-02-25 09:19:06.496968,90
D_STR07683,D_U0090,D0034,2026-02-15 14:37:03.506552,175
D_STR07684,D_U0070,D0050,2026-02-05 20:46:43.373860,171
D_STR07685,D_U0015,D0046,2026-03-03 19:48:29.503685,197
D_STR07686,D_U0097,D0044,2026-02-23 23:21:34.152148,25
D_STR07687,D_U0049,D0041,2026-02-26 19:35:51.660742,36
D_STR07688,D_U0098,D0021,2026-02-21 04:03:11.853584,210
D_STR07689,D_U0028,D0030,2026-02-18 19:40:10.041307,173
D_STR07690,D_U0068,D0012,2026-03-03 06:00:49.161694,8
D_STR07691,D_U0094,D0034,2026-02-27 18:51:46.423647,144
D_STR07692,D_U0050,D0037,2026-02-11 02:21:35.113134,108
D_STR07693,D_U0040,D0035,2026-02-07 15:29:05.579648,59
D_STR07694,D_U0032,D0041,2026-02-11 00:52:44.508105,126
D_STR07695,D_U0073,D0043,2026-02-13 10:50:14.101698,200
D_STR07696,D_U0067,D0040,2026-02-08 19:26:55.527936,73
D_STR07697,D_U0077,D0018,2026-03-04 01:09:44.430237,162
D_STR07698,D_U0070,D0032,2026-03-01 12:54:38.264356,110
D_STR07699,D_U0081,D0035,2026-02-18 23:18:23.507392,123
D_STR07700,D_U0004,D0047,2026-02-18 19:35:23.129093,193
D_STR07701,D_U0054,D0047,2026-02-23 05:17:10.939492,135
D_STR07702,D_U0036,D0049,2026-02-14 00:16:43.041696,141
D_STR07703,D_U0023,D0033,2026-02-24 17:02:19.315398,264
D_STR07704,D_U0055,D0043,2026-02-15 00:40:18.095850,71
D_STR07705,D_U0001,D0050,2026-03-03 17:02:28.774791,65
D_STR07706,D_U0079,D0044,2026-02-14 23:57:12.972570,287
D_STR07707,D_U0029,D0022,2026-02-24 18:56:17.997624,41
D_STR07708,D_U0088,D0010,2026-03-05 01:18:42.249687,199
D_STR07709,D_U0003,D0042,2026-02-11 04:30:26.107159,68
D_STR07710,D_U0047,D0049,2026-02-22 08:11:35.537690,160
D_STR07711,D_U0055,D0029,2026-02-27 14:18:08.187928,46
D_STR07712,D_U0027,D0037,2026-02-26 06:08:24.088738,103
D_STR07713,D_U0008,D0031,2026-03-04 00:51:17.644734,37
D_STR07714,D_U0085,D0016,2026-02-10 07:31:39.818086,26
D_STR07715,D_U0072,D0034,2026-02-20 03:55:48.059045,166
D_STR07716,D_U0020,D0045,2026-02-27 10:20:36.149025,179
D_STR07717,D_U0008,D0048,2026-02-13 11:43:47.908365,78
D_STR07718,D_U0039,D0046,2026-02-22 21:43:52.010754,142
D_STR07719,D_U0003,D0042,2026-02-04 16:03:06.525070,52
D_STR07720,D_U0068,D0038,2026-02-20 23:16:18.515950,153
D_STR07721,D_U0071,D0044,2026-03-02 15:30:03.587914,225
D_STR07722,D_U0059,D0050,2026-03-01 17:03:47.689576,64
D_STR07723,D_U0041,D0048,2026-02-08 20:49:58.019462,192
D_STR07724,D_U0001,D0035,2026-02-22 07:06:40.314261,235
D_STR07725,D_U0022,D0009,2026-02-15 13:14:07.620309,72
D_STR07726,D_U0007,D0044,2026-02-20 22:38:32.659826,142
D_STR07727,D_U0096,D0032,2026-02-19 02:16:23.533113,131
D_STR07728,D_U0006,D0024,2026-02-21 04:20:30.094220,14
D_STR07729,D_U0026,D0042,2026-02-09 14:28:00.425026,155
D_STR07730,D_U0077,D0045,2026-02-18 01:10:37.098009,226
D_STR07731,D_U0086,D0017,2026-02-10 04:09:08.806341,241
D_STR07732,D_U0075,D0033,2026-02-08 00:15:19.569592,147
D_STR07733,D_U0017,D0048,2026-03-01 00:04:55.755872,27
D_STR07734,D_U0017,D0017,2026-02-07 19:29:56.344009,219
D_STR07735,D_U0041,D0008,2026-02-20 08:04:36.408939,172
D_STR07736,D_U0024,D0030,2026-02-11 02:50:13.846716,89
D_STR07737,D_U0086,D0019,2026-02-11 16:43:05.995046,6
D_STR07738,D_U0010,D0043,2026-02-16 13:56:56.130482,31
D_STR07739,D_U0089,D0019,2026-02-24 04:29:25.886827,35
D_STR07740,D_U0047,D0044,2026-02-19 02:03:20.876040,282
D_STR07741,D_U0060,D0017,2026-02-08 12:13:14.763104,48
D_STR07742,D_U0081,D0037,2026-02-27 20:29:04.641176,231
D_STR07743,D_U0045,D0045,2026-02-08 11:28:50.957569,200
D_STR07744,D_U0054,D0049,2026-02-06 07:02:58.658502,238
D_STR07745,D_U0030,D0049,2026-02-16 09:13:45.629236,140
D_STR07746,D_U0022,D0031,2026-02-09 16:44:15.825626,27
D_STR07747,D_U0001,D0029,2026-02-22 15:47:18.618872,145
D_STR07748,D_U0080,D0025,2026-02-25 23:04:36.868482,132
D_STR07749,D_U0068,D0038,2026-02-11 22:06:49.644077,69
D_STR07750,D_U0085,D0043,2026-02-21 20:24:21.328286,77
D_STR07751,D_U0097,D0046,2026-02-19 09:04:13.270528,215
D_STR07752,D_U0035,D0033,2026-02-09 08:41:05.247048,271
D_STR07753,D_U0019,D0041,2026-02-05 04:20:45.614345,75
D_STR07754,D_U0070,D0030,2026-02-22 22:43:56.147469,163
D_STR07755,D_U0040,D0048,2026-02-22 15:04:25.883369,155
D_STR07756,D_U0048,D0035,2026-03-04 14:11:28.873630,161
D_STR07757,D_U0039,D0026,2026-02-11 03:18:17.592527,65
D_STR07758,D_U0024,D0032,2026-02-09 06:48:30.859092,192
D_STR07759,D_U0048,D0028,2026-02-22 03:54:17.845001,14
D_STR07760,D_U0036,D0030,2026-02-22 01:57:51.381915,28
D_STR07761,D_U0057,D0033,2026-03-05 16:03:40.459460,253
D_STR07762,D_U0084,D0017,2026-02-13 21:58:09.395707,183
D_STR07763,D_U0078,D0045,2026-03-04 07:32:30.022596,121
D_STR07764,D_U0084,D0023,2026-02-25 14:09:57.492528,82
D_STR07765,D_U0028,D0039,2026-03-01 08:38:38.822920,240
D_STR07766,D_U0071,D0048,2026-02-09 18:30:18.409441,28
D_STR07767,D_U0019,D0014,2026-02-13 15:29:03.589412,286
D_STR07768,D_U0006,D0042,2026-02-25 09:37:50.160981,187
D_STR07769,D_U0053,D0043,2026-02-12 23:34:48.297599,12
D_STR07770,D_U0012,D0029,2026-03-01 22:25:36.820865,161
D_STR07771,D_U0047,D0027,2026-03-03 07:37:29.463101,77
D_STR07772,D_U0058,D0037,2026-03-02 09:28:02.766108,154
D_STR07773,D_U0070,D0015,2026-02-07 12:08:30.500255,180
D_STR07774,D_U0004,D0049,2026-02-25 03:00:23.980289,237
D_STR07775,D_U0051,D0038,2026-02-11 10:37:08.713943,119
D_STR07776,D_U0069,D0030,2026-03-05 14:37:16.176830,93
D_STR07777,D_U0062,D0031,2026-02-10 03:20:08.537930,69
D_STR07778,D_U0057,D0040,2026-02-22 07:24:02.796699,27
D_STR07779,D_U0035,D0049,2026-03-01 08:07:17.505098,69
D_STR07780,D_U0084,D0028,2026-02-21 14:25:49.105346,123
D_STR07781,D_U0082,D0019,2026-02-11 14:57:50.041043,176
D_STR07782,D_U0036,D0045,2026-02-26 11:58:41.067714,32
D_STR07783,D_U0072,D0041,2026-02-28 20:50:10.348615,58
D_STR07784,D_U0073,D0039,2026-03-01 19:55:58.608337,22
D_STR07785,D_U0063,D0034,2026-02-11 22:32:02.345850,133
D_STR07786,D_U0079,D0035,2026-02-17 00:05:44.313464,94
D_STR07787,D_U0012,D0041,2026-02-23 02:22:04.734612,165
D_STR07788,D_U0066,D0029,2026-03-05 17:42:08.745296,141
D_STR07789,D_U0041,D0049,2026-02-21 14:54:32.802216,36
D_STR07790,D_U0067,D0037,2026-03-01 00:39:25.117861,39
D_STR07791,D_U0087,D0046,2026-02-17 01:21:22.973008,214
D_STR07792,D_U0091,D0032,2026-02-15 23:11:10.634453,117
D_STR07793,D_U0075,D0012,2026-03-01 01:00:46.733506,276
D_STR07794,D_U0061,D0044,2026-03-02 01:32:31.835350,218
D_STR07795,D_U0086,D0013,2026-02-06 12:27:30.317448,97
D_STR07796,D_U0014,D0033,2026-03-05 08:45:46.011008,257
D_STR07797,D_U0001,D0046,2026-02-27 01:05:08.908470,105
D_STR07798,D_U0042,D0045,2026-02-24 04:01:44.998942,190
D_STR07799,D_U0044,D0015,2026-02-23 08:25:47.129895,264
D_STR07800,D_U0036,D0023,2026-02-15 06:04:39.547897,10
D_STR07801,D_U0053,D0049,2026-03-01 22:59:11.560621,41
D_STR07802,D_U0061,D0016,2026-02-25 21:01:55.472191,27
D_STR07803,D_U0002,D0033,2026-02-23 09:23:36.216703,63
D_STR07804,D_U0066,D0016,2026-02-13 22:52:27.442524,48
D_STR07805,D_U0024,D0039,2026-03-02 23:43:01.573525,303
D_STR07806,D_U0045,D0032,2026-03-02 01:48:04.868881,124
D_STR07807,D_U0046,D0044,2026-03-02 04:37:20.018159,62
D_STR07808,D_U0077,D0047,2026-02-14 04:26:46.193876,13
D_STR07809,D_U0080,D0029,2026-02-19 00:11:30.601261,29
D_STR07810,D_U0100,D0048,2026-02-22 07:34:05.825911,131
D_STR07811,D_U0055,D0032,2026-02-17 03:25:40.883925,149
D_STR07812,D_U0085,D0031,2026-02-27 09:48:50.500076,55
D_STR07813,D_U0045,D0036,2026-02-07 11:18:08.042630,215
D_STR07814,D_U0035,D0043,2026-02-21 18:52:28.558328,128
D_STR07815,D_U0004,D0036,2026-02-13 19:36:58.347384,101
D_STR07816,D_U0084,D0021,2026-02-24 16:35:27.518168,178
D_STR07817,D_U0070,D0029,2026-03-06 03:17:59.935936,91
D_STR07818,D_U0018,D0016,2026-02-27 03:33:08.217554,8
D_STR07819,D_U0060,D0040,2026-02-11 22:11:54.359348,177
D_STR07820,D_U0040,D0044,2026-03-03 02:23:24.616222,108
D_STR07821,D_U0028,D0030,2026-02-10 01:19:18.572990,162
D_STR07822,D_U0096,D0014,2026-02-17 03:27:18.342592,179
D_STR07823,D_U0029,D0021,2026-02-09 07:55:05.544734,137
D_STR07824,D_U0009,D0048,2026-02-11 03:03:49.800392,224
D_STR07825,D_U0089,D0023,2026-03-04 14:27:21.561653,10
D_STR07826,D_U0041,D0035,2026-02-21 19:00:56.339119,80
D_STR07827,D_U0040,D0050,2026-03-02 16:50:51.905855,162
D_STR07828,D_U0072,D0035,2026-02-20 22:51:42.944958,28
D_STR07829,D_U0082,D0050,2026-02-14 18:46:59.094079,243
D_STR07830,D_U0078,D0047,2026-02-18 03:33:24.440266,209
D_STR07831,D_U0039,D0022,2026-02-14 04:23:52.565025,140
D_STR07832,D_U0085,D0043,2026-02-05 01:27:52.237157,178
D_STR07833,D_U0059,D0021,2026-02-12 11:16:25.709650,58
D_STR07834,D_U0068,D0047,2026-02-11 10:16:00.820818,228
D_STR07835,D_U0021,D0032,2026-02-19 10:31:55.933002,85
D_STR07836,D_U0097,D0032,2026-02-08 08:13:05.995293,146
D_STR07837,D_U0052,D0033,2026-03-01 20:16:48.550479,23
D_STR07838,D_U0079,D0031,2026-02-13 20:03:21.424001,137
D_STR07839,D_U0056,D0048,2026-03-04 20:42:40.254339,33
D_STR07840,D_U0042,D0018,2026-02-13 23:38:32.584722,30
D_STR07841,D_U0027,D0023,2026-02-19 13:28:43.805153,120
D_STR07842,D_U0026,D0013,2026-02-17 19:59:37.635034,49
D_STR07843,D_U0082,D0037,2026-02-21 09:55:23.864050,345
D_STR07844,D_U0072,D0044,2026-02-13 11:07:26.586099,290
D_STR07845,D_U0048,D0041,2026-02-18 16:27:12.420073,99
D_STR07846,D_U0080,D0046,2026-02-27 10:56:53.622898,47
D_STR07847,D_U0061,D0029,2026-03-05 01:02:29.841710,35
D_STR07848,D_U0092,D0031,2026-02-15 17:45:42.374836,95
D_STR07849,D_U0019,D0013,2026-02-23 07:31:34.665283,172
D_STR07850,D_U0011,D0045,2026-03-04 20:36:07.582432,30
D_STR07851,D_U0027,D0027,2026-02-23 11:53:14.002996,37
D_STR07852,D_U0002,D0045,2026-02-23 09:56:42.206033,111
D_STR07853,D_U0094,D0013,2026-02-08 20:31:37.918067,105
D_STR07854,D_U0011,D0032,2026-02-14 19:11:10.736182,17
D_STR07855,D_U0019,D0019,2026-02-28 18:11:11.071284,112
D_STR07856,D_U0099,D0026,2026-02-12 22:52:41.320181,54
D_STR07857,D_U0058,D0026,2026-03-04 20:52:07.049176,126
D_STR07858,D_U0081,D0033,2026-02-15 07:17:37.353217,106
D_STR07859,D_U0078,D0029,2026-02-16 06:32:39.085685,7
D_STR07860,D_U0015,D0039,2026-02-11 22:32:11.184082,45
D_STR07861,D_U0094,D0022,2026-02-16 06:06:58.935620,60
D_STR07862,D_U0063,D0009,2026-03-01 12:52:57.766743,82
D_STR07863,D_U0019,D0048,2026-02-11 07:13:06.991222,133
D_STR07864,D_U0001,D0043,2026-02-12 10:59:03.118266,32
D_STR07865,D_U0097,D0017,2026-02-12 15:35:58.440784,75
D_STR07866,D_U0091,D0034,2026-03-06 02:04:28.953870,152
D_STR07867,D_U0041,D0031,2026-02-13 22:04:35.145998,127
D_STR07868,D_U0026,D0025,2026-02-27 21:43:34.699425,62
D_STR07869,D_U0046,D0037,2026-02-27 22:49:48.214413,67
D_STR07870,D_U0076,D0039,2026-03-05 05:16:38.779016,33
D_STR07871,D_U0006,D0036,2026-02-19 12:42:20.905485,140
D_STR07872,D_U0057,D0044,2026-02-04 13:48:20.957092,33
D_STR07873,D_U0083,D0047,2026-02-24 02:05:54.426312,157
D_STR07874,D_U0070,D0040,2026-02-06 13:50:16.033884,297
D_STR07875,D_U0035,D0045,2026-02-15 19:53:43.393415,181
D_STR07876,D_U0040,D0030,2026-02-08 21:21:36.247446,82
D_STR07877,D_U0041,D0040,2026-03-04 08:10:47.646585,219
D_STR07878,D_U0040,D0041,2026-02-11 19:07:44.579993,97
D_STR07879,D_U0092,D0044,2026-02-08 23:17:45.100818,96
D_STR07880,D_U0026,D0046,2026-03-02 00:50:31.882540,74
D_STR07881,D_U0085,D0014,2026-02-16 00:16:30.349509,188
D_STR07882,D_U0060,D0043,2026-02-08 04:04:02.483014,139
D_STR07883,D_U0059,D0024,2026-02-21 22:05:15.740648,75
D_STR07884,D_U0094,D0033,2026-02-06 20:48:01.228361,56
D_STR07885,D_U0060,D0010,2026-03-01 11:54:28.439141,141
D_STR07886,D_U0013,D0024,2026-02-20 03:48:35.325592,108
D_STR07887,D_U0019,D0019,2026-02-28 07:03:41.198970,159
D_STR07888,D_U0085,D0032,2026-02-07 02:10:59.898149,129
D_STR07889,D_U0007,D0014,2026-03-05 15:44:02.722637,231
D_STR07890,D_U0070,D0041,2026-02-26 14:27:58.683828,142
D_STR07891,D_U0035,D0028,2026-02-14 10:32:44.148524,68
D_STR07892,D_U0028,D0040,2026-03-01 04:37:42.034738,162
D_STR07893,D_U0049,D0047,2026-03-05 20:21:13.007339,63
D_STR07894,D_U0023,D0049,2026-02-06 01:57:01.152715,101
D_STR07895,D_U0087,D0018,2026-02-12 08:34:40.707203,104
D_STR07896,D_U0008,D0030,2026-02-23 10:14:14.476452,111
D_STR07897,D_U0054,D0042,2026-02-25 18:43:16.048894,83
D_STR07898,D_U0091,D0029,2026-02-28 13:31:54.155417,31
D_STR07899,D_U0019,D0043,2026-02-21 14:18:50.631474,200
D_STR07900,D_U0067,D0032,2026-03-03 13:14:33.022200,130
D_STR07901,D_U0006,D0029,2026-02-12 06:45:13.525553,151
D_STR07902,D_U0070,D0042,2026-02-15 03:49:43.970639,301
D_STR07903,D_U0004,D0045,2026-02-28 01:50:36.291915,230
D_STR07904,D_U0072,D0039,2026-03-01 05:06:52.286803,220
D_STR07905,D_U0046,D0044,2026-02-19 14:22:33.880810,82
D_STR07906,D_U0080,D0036,2026-02-04 14:36:58.215406,93
D_STR07907,D_U0006,D0049,2026-02-28 01:23:59.316676,211
D_STR07908,D_U0065,D0027,2026-02-22 15:01:02.752948,10
D_STR07909,D_U0034,D0047,2026-02-21 18:26:15.014322,156
D_STR07910,D_U0008,D0032,2026-02-16 21:47:42.292452,38
D_STR07911,D_U0054,D0044,2026-03-03 12:33:14.171804,247
D_STR07912,D_U0081,D0048,2026-02-13 00:26:46.367442,215
D_STR07913,D_U0090,D0022,2026-02-26 03:57:38.149252,47
D_STR07914,D_U0032,D0042,2026-02-12 10:41:20.086795,159
D_STR07915,D_U0086,D0045,2026-02-10 12:45:20.751031,146
D_STR07916,D_U0031,D0008,2026-02-09 23:00:58.795238,72
D_STR07917,D_U0075,D0045,2026-02-06 19:04:53.633479,47
D_STR07918,D_U0026,D0050,2026-03-01 11:53:00.812200,28
D_STR07919,D_U0091,D0018,2026-02-22 06:24:18.305284,177
D_STR07920,D_U0066,D0014,2026-03-03 13:08:32.078115,146
D_STR07921,D_U0076,D0032,2026-02-05 05:21:14.984363,124
D_STR07922,D_U0056,D0026,2026-03-04 18:01:20.921696,86
D_STR07923,D_U0084,D0019,2026-03-03 22:27:44.667104,60
D_STR07924,D_U0087,D0030,2026-02-15 05:09:15.795775,69
D_STR07925,D_U0096,D0043,2026-02-15 09:42:03.444990,167
D_STR07926,D_U0067,D0036,2026-02-27 03:14:25.017729,216
D_STR07927,D_U0042,D0042,2026-02-11 23:13:40.655527,183
D_STR07928,D_U0091,D0039,2026-02-28 16:05:27.593370,64
D_STR07929,D_U0072,D0039,2026-02-07 18:46:55.333096,60
D_STR07930,D_U0018,D0040,2026-02-08 16:04:14.725213,331
D_STR07931,D_U0007,D0014,2026-02-21 18:57:22.026123,292
D_STR07932,D_U0022,D0031,2026-02-04 14:07:32.462028,62
D_STR07933,D_U0084,D0021,2026-02-23 16:48:48.179235,193
D_STR07934,D_U0013,D0036,2026-02-15 05:21:13.007497,15
D_STR07935,D_U0008,D0032,2026-02-05 18:38:52.806629,25
D_STR07936,D_U0061,D0047,2026-02-28 20:54:42.830969,63
D_STR07937,D_U0037,D0049,2026-02-06 09:36:45.344233,67
D_STR07938,D_U0092,D0009,2026-02-20 16:10:40.684129,139
D_STR07939,D_U0033,D0049,2026-02-18 18:28:38.908874,217
D_STR07940,D_U0041,D0049,2026-02-17 12:59:49.011765,246
D_STR07941,D_U0050,D0050,2026-02-16 15:30:58.694461,207
D_STR07942,D_U0083,D0040,2026-02-27 12:21:02.871772,114
D_STR07943,D_U0082,D0029,2026-02-25 11:20:20.177143,22
D_STR07944,D_U0071,D0024,2026-03-06 08:44:49.833838,90
D_STR07945,D_U0019,D0045,2026-02-28 23:58:50.187576,15
D_STR07946,D_U0072,D0027,2026-02-23 08:51:09.070647,37
D_STR07947,D_U0046,D0033,2026-02-07 17:26:57.467685,161
D_STR07948,D_U0074,D0045,2026-02-21 05:02:31.911631,89
D_STR07949,D_U0010,D0039,2026-02-13 05:06:20.801842,262
D_STR07950,D_U0010,D0047,2026-02-12 07:55:21.126211,22
D_STR07951,D_U0044,D0017,2026-03-05 05:24:54.038699,29
D_STR07952,D_U0044,D0030,2026-02-27 22:40:31.053301,8
D_STR07953,D_U0085,D0045,2026-02-25 14:58:48.138585,137
D_STR07954,D_U0040,D0026,2026-02-07 02:48:07.123904,59
D_STR07955,D_U0009,D0044,2026-02-20 03:49:41.201297,302
D_STR07956,D_U0092,D0040,2026-02-22 03:59:18.196553,284
D_STR07957,D_U0043,D0043,2026-02-05 18:35:49.908668,172
D_STR07958,D_U0046,D0037,2026-03-03 16:03:00.483699,338
D_STR07959,D_U0097,D0029,2026-02-16 09:14:44.484281,126
D_STR07960,D_U0011,D0035,2026-02-17 23:51:27.607727,160
D_STR07961,D_U0100,D0050,2026-02-13 03:11:28.139148,55
D_STR07962,D_U0026,D0004,2026-02-14 02:07:35.671942,27
D_STR07963,D_U0012,D0046,2026-02-15 07:45:24.830577,236
D_STR07964,D_U0067,D0048,2026-02-27 21:00:01.379323,170
D_STR07965,D_U0032,D0046,2026-02-26 11:35:20.397301,171
D_STR07966,D_U0020,D0046,2026-02-20 07:09:06.453164,182
D_STR07967,D_U0006,D0047,2026-02-10 04:55:31.449787,97
D_STR07968,D_U0071,D0049,2026-03-01 05:53:30.134220,66
D_STR07969,D_U0012,D0048,2026-02-06 14:24:22.672932,161
D_STR07970,D_U0076,D0043,2026-02-18 01:43:32.472286,104
D_STR07971,D_U0078,D0048,2026-02-13 02:56:48.675915,113
D_STR07972,D_U0016,D0032,2026-02-22 18:31:27.342445,80
D_STR07973,D_U0089,D0044,2026-02-15 11:09:17.031077,203
D_STR07974,D_U0059,D0037,2026-02-24 08:25:31.876874,127
D_STR07975,D_U0080,D0037,2026-03-02 02:40:43.028266,9
D_STR07976,D_U0025,D0041,2026-02-18 08:41:12.456024,70
D_STR07977,D_U0081,D0027,2026-03-05 16:53:14.858806,13
D_STR07978,D_U0019,D0039,2026-02-17 02:10:32.493817,76
D_STR07979,D_U0081,D0020,2026-02-19 12:03:28.637824,217
D_STR07980,D_U0072,D0042,2026-02-19 09:35:06.832610,25
D_STR07981,D_U0023,D0048,2026-02-23 11:56:02.294441,152
D_STR07982,D_U0049,D0043,2026-02-23 06:17:52.809427,109
D_STR07983,D_U0045,D0044,2026-02-19 20:32:52.140254,178
D_STR07984,D_U0001,D0045,2026-02-05 20:57:12.399084,77
D_STR07985,D_U0093,D0020,2026-02-21 11:01:17.611146,194
D_STR07986,D_U0054,D0039,2026-02-21 05:42:02.930227,91
D_STR07987,D_U0095,D0036,2026-02-15 04:16:03.392835,189
D_STR07988,D_U0075,D0046,2026-02-07 05:48:56.807852,51
D_STR07989,D_U0054,D0037,2026-02-24 21:40:59.240093,329
D_STR07990,D_U0029,D0049,2026-02-22 18:16:20.748256,174
D_STR07991,D_U0009,D0038,2026-02-14 21:19:41.998591,59
D_STR07992,D_U0069,D0032,2026-02-10 00:49:40.516525,215
D_STR07993,D_U0053,D0038,2026-02-06 23:40:42.648122,6
D_STR07994,D_U0064,D0039,2026-02-14 20:14:29.787571,133
D_STR07995,D_U0068,D0023,2026-02-24 19:31:57.806786,94
D_STR07996,D_U0052,D0047,2026-02-23 22:35:31.167575,162
D_STR07997,D_U0093,D0027,2026-02-06 10:29:23.411260,137
D_STR07998,D_U0020,D0035,2026-02-10 03:46:19.686597,174
D_STR07999,D_U0070,D0033,2026-02-07 18:56:18.865548,126
D_STR08000,D_U0020,D0020,2026-02-05 21:30:52.369444,33
D_STR08001,D_U0082,D0032,2026-02-22 13:55:06.073595,204
D_STR08002,D_U0078,D0027,2026-02-14 15:35:40.225379,32
D_STR08003,D_U0057,D0035,2026-02-25 15:20:18.167520,44
D_STR08004,D_U0043,D0045,2026-03-05 03:37:30.690740,79
D_STR08005,D_U0082,D0049,2026-02-26 20:58:45.696579,198
D_STR08006,D_U0093,D0033,2026-02-07 22:09:18.502257,50
D_STR08007,D_U0100,D0044,2026-02-06 10:34:53.971815,48
D_STR08008,D_U0093,D0021,2026-02-07 12:06:35.330445,68
D_STR08009,D_U0084,D0036,2026-02-18 01:18:26.964327,144
D_STR08010,D_U0054,D0014,2026-02-07 17:00:04.137328,232
D_STR08011,D_U0083,D0034,2026-02-22 06:42:03.208772,43
D_STR08012,D_U0069,D0027,2026-02-13 20:21:53.203711,74
D_STR08013,D_U0077,D0005,2026-02-08 06:34:02.736076,214
D_STR08014,D_U0043,D0040,2026-02-22 05:52:17.605696,119
D_STR08015,D_U0043,D0033,2026-02-07 14:40:08.166250,160
D_STR08016,D_U0027,D0022,2026-02-11 01:26:41.004082,91
D_STR08017,D_U0099,D0036,2026-02-26 16:44:17.145741,97
D_STR08018,D_U0008,D0041,2026-03-01 11:07:47.062974,24
D_STR08019,D_U0002,D0030,2026-02-14 06:29:04.863409,90
D_STR08020,D_U0065,D0040,2026-02-16 13:40:38.283353,32
D_STR08021,D_U0054,D0032,2026-02-16 04:18:33.386192,91
D_STR08022,D_U0011,D0046,2026-03-05 15:17:29.791341,56
D_STR08023,D_U0065,D0047,2026-02-22 15:29:40.052426,209
D_STR08024,D_U0023,D0044,2026-02-09 04:28:55.279148,34
D_STR08025,D_U0062,D0047,2026-02-19 18:18:58.620979,43
D_STR08026,D_U0076,D0018,2026-02-04 21:44:30.927839,58
D_STR08027,D_U0062,D0039,2026-02-15 22:48:41.017438,145
D_STR08028,D_U0053,D0018,2026-02-12 01:55:02.233885,146
D_STR08029,D_U0038,D0030,2026-02-26 08:58:47.721163,19
D_STR08030,D_U0002,D0027,2026-02-22 09:00:00.848863,129
D_STR08031,D_U0034,D0043,2026-02-12 06:26:33.969187,133
D_STR08032,D_U0072,D0044,2026-02-27 01:53:16.089912,135
D_STR08033,D_U0085,D0021,2026-02-24 05:55:05.258172,169
D_STR08034,D_U0060,D0047,2026-03-06 03:34:44.382660,8
D_STR08035,D_U0009,D0043,2026-02-06 23:04:10.343256,130
D_STR08036,D_U0001,D0023,2026-02-09 22:07:01.586241,29
D_STR08037,D_U0007,D0049,2026-03-04 23:20:37.768234,100
D_STR08038,D_U0080,D0048,2026-02-05 21:35:31.739065,144
D_STR08039,D_U0029,D0029,2026-02-28 23:31:18.092541,28
D_STR08040,D_U0016,D0037,2026-02-28 11:07:45.524335,215
D_STR08041,D_U0032,D0048,2026-02-11 08:15:05.566217,54
D_STR08042,D_U0045,D0040,2026-02-11 20:39:11.868472,270
D_STR08043,D_U0023,D0036,2026-03-02 11:35:14.390221,5
D_STR08044,D_U0061,D0047,2026-02-16 15:43:41.337800,232
D_STR08045,D_U0050,D0022,2026-02-11 01:57:00.875376,27
D_STR08046,D_U0008,D0028,2026-02-28 15:18:03.769294,215
D_STR08047,D_U0014,D0044,2026-02-14 22:46:38.792057,293
D_STR08048,D_U0022,D0012,2026-02-15 22:31:55.903128,75
D_STR08049,D_U0056,D0040,2026-02-24 09:25:41.752245,301
D_STR08050,D_U0046,D0027,2026-02-15 15:01:14.483700,97
D_STR08051,D_U0054,D0035,2026-02-08 02:21:41.920904,301
D_STR08052,D_U0027,D0019,2026-02-23 06:21:06.117196,153
D_STR08053,D_U0037,D0024,2026-03-04 10:48:45.484449,280
D_STR08054,D_U0099,D0043,2026-02-22 15:54:51.159990,109
D_STR08055,D_U0063,D0038,2026-02-22 06:55:01.128320,78
D_STR08056,D_U0069,D0019,2026-02-06 16:44:44.902741,196
D_STR08057,D_U0052,D0049,2026-02-15 05:11:19.020357,144
D_STR08058,D_U0085,D0021,2026-03-02 18:57:27.960706,136
D_STR08059,D_U0100,D0038,2026-02-17 09:50:52.560241,116
D_STR08060,D_U0078,D0040,2026-03-01 19:28:46.811982,192
D_STR08061,D_U0100,D0035,2026-02-09 22:25:46.150156,148
D_STR08062,D_U0015,D0045,2026-02-14 06:09:36.393871,116
D_STR08063,D_U0029,D0035,2026-03-04 10:21:17.798299,292
D_STR08064,D_U0068,D0040,2026-02-06 04:24:37.811401,301
D_STR08065,D_U0010,D0047,2026-03-04 19:27:36.721256,74
D_STR08066,D_U0018,D0016,2026-02-13 22:05:38.317091,104
D_STR08067,D_U0038,D0035,2026-03-05 12:47:56.427824,86
D_STR08068,D_U0046,D0021,2026-02-28 04:39:12.728555,106
D_STR08069,D_U0036,D0028,2026-02-24 13:36:08.149607,130
D_STR08070,D_U0095,D0035,2026-02-14 02:33:59.642271,111
D_STR08071,D_U0050,D0033,2026-03-01 05:29:15.267834,103
D_STR08072,D_U0028,D0030,2026-02-12 05:07:01.101204,148
D_STR08073,D_U0081,D0046,2026-03-01 12:34:02.232147,211
D_STR08074,D_U0070,D0041,2026-02-19 06:14:01.310764,138
D_STR08075,D_U0041,D0017,2026-02-12 13:01:27.796706,204
D_STR08076,D_U0095,D0050,2026-02-25 21:12:30.869510,121
D_STR08077,D_U0044,D0048,2026-02-11 00:11:11.881507,152
D_STR08078,D_U0088,D0039,2026-02-22 23:23:18.614627,87
D_STR08079,D_U0018,D0042,2026-02-04 21:17:55.576317,221
D_STR08080,D_U0009,D0049,2026-03-01 02:20:06.977097,115
D_STR08081,D_U0084,D0043,2026-02-06 15:51:29.467525,139
D_STR08082,D_U0078,D0019,2026-02-19 09:09:34.668667,198
D_STR08083,D_U0097,D0022,2026-02-23 20:38:33.441521,127
D_STR08084,D_U0099,D0031,2026-02-13 18:09:42.621610,26
D_STR08085,D_U0089,D0037,2026-02-08 00:56:29.786762,166
D_STR08086,D_U0069,D0024,2026-02-07 18:32:40.542174,57
D_STR08087,D_U0021,D0034,2026-02-27 21:54:43.960304,18
D_STR08088,D_U0065,D0047,2026-02-09 04:01:42.742454,41
D_STR08089,D_U0014,D0043,2026-02-11 19:55:05.583146,136
D_STR08090,D_U0016,D0047,2026-03-04 20:20:24.844932,6
D_STR08091,D_U0041,D0043,2026-02-05 20:57:22.251087,73
D_STR08092,D_U0078,D0040,2026-02-20 03:04:36.285615,294
D_STR08093,D_U0090,D0022,2026-02-08 15:31:34.377670,92
D_STR08094,D_U0076,D0036,2026-02-24 16:36:40.308002,207
D_STR08095,D_U0057,D0034,2026-02-23 16:18:53.708746,7
D_STR08096,D_U0079,D0011,2026-02-24 21:53:38.907986,59
D_STR08097,D_U0028,D0020,2026-03-04 03:32:22.488246,22
D_STR08098,D_U0093,D0047,2026-03-01 09:10:29.344005,223
D_STR08099,D_U0017,D0040,2026-03-02 02:41:07.402458,194
D_STR08100,D_U0064,D0047,2026-02-25 06:42:41.102495,225
D_STR08101,D_U0034,D0035,2026-02-10 00:24:38.640150,315
D_STR08102,D_U0025,D0028,2026-02-11 07:10:28.489332,187
D_STR08103,D_U0047,D0050,2026-03-02 06:23:04.577446,201
D_STR08104,D_U0056,D0037,2026-02-12 03:19:11.037385,159
D_STR08105,D_U0046,D0038,2026-03-03 10:30:52.854190,48
D_STR08106,D_U0012,D0007,2026-03-02 01:14:49.679787,358
D_STR08107,D_U0036,D0043,2026-02-20 02:58:21.492889,106
D_STR08108,D_U0091,D0022,2026-02-27 11:40:17.623470,120
D_STR08109,D_U0004,D0033,2026-03-04 11:41:24.798798,75
D_STR08110,D_U0034,D0012,2026-02-13 02:31:56.985918,226
D_STR08111,D_U0028,D0045,2026-02-20 04:09:34.652884,224
D_STR08112,D_U0036,D0045,2026-02-06 04:57:05.293131,219
D_STR08113,D_U0040,D0036,2026-02-19 23:19:46.099912,190
D_STR08114,D_U0036,D0042,2026-03-03 11:54:12.709515,262
D_STR08115,D_U0059,D0032,2026-02-04 20:32:36.371934,166
D_STR08116,D_U0066,D0044,2026-02-27 17:50:43.411895,287
D_STR08117,D_U0076,D0026,2026-02-27 14:31:41.921866,20
D_STR08118,D_U0015,D0031,2026-02-25 14:58:23.796299,77
D_STR08119,D_U0053,D0019,2026-02-20 15:27:30.958630,236
D_STR08120,D_U0086,D0043,2026-02-22 17:41:55.262001,187
D_STR08121,D_U0084,D0042,2026-02-26 22:33:33.477093,165
D_STR08122,D_U0058,D0019,2026-02-25 22:48:19.027396,197
D_STR08123,D_U0078,D0028,2026-02-12 18:21:19.948247,135
D_STR08124,D_U0079,D0022,2026-03-01 09:52:22.002550,25
D_STR08125,D_U0047,D0043,2026-03-02 08:31:02.477354,61
D_STR08126,D_U0011,D0020,2026-02-09 11:19:45.925855,137
D_STR08127,D_U0058,D0025,2026-03-01 17:27:35.556277,139
D_STR08128,D_U0039,D0032,2026-02-13 07:05:56.116903,182
D_STR08129,D_U0041,D0029,2026-02-24 07:33:13.479487,145
D_STR08130,D_U0083,D0035,2026-02-15 01:58:54.376375,165
D_STR08131,D_U0095,D0041,2026-02-13 00:20:56.882587,32
D_STR08132,D_U0057,D0046,2026-03-02 23:45:49.123039,62
D_STR08133,D_U0016,D0030,2026-03-03 10:47:56.577895,76
D_STR08134,D_U0021,D0017,2026-02-18 16:19:02.040207,222
D_STR08135,D_U0025,D0036,2026-02-12 03:05:28.641429,13
D_STR08136,D_U0093,D0022,2026-02-19 23:49:24.083775,114
D_STR08137,D_U0070,D0050,2026-02-13 00:43:08.850033,213
D_STR08138,D_U0096,D0033,2026-03-04 00:02:01.738900,37
D_STR08139,D_U0030,D0015,2026-02-24 07:55:09.559768,79
D_STR08140,D_U0079,D0044,2026-02-21 21:26:22.223299,237
D_STR08141,D_U0063,D0021,2026-02-04 23:08:04.159213,168
D_STR08142,D_U0019,D0023,2026-02-18 10:42:20.749512,113
D_STR08143,D_U0055,D0029,2026-02-14 08:56:10.131738,102
D_STR08144,D_U0029,D0039,2026-02-18 08:25:35.142383,280
D_STR08145,D_U0004,D0044,2026-02-11 06:17:06.362118,215
D_STR08146,D_U0023,D0016,2026-02-13 13:16:39.688877,36
D_STR08147,D_U0014,D0049,2026-03-02 08:58:44.195304,198
D_STR08148,D_U0026,D0032,2026-02-12 12:52:32.671541,197
D_STR08149,D_U0013,D0039,2026-02-14 16:51:07.952010,51
D_STR08150,D_U0003,D0042,2026-02-10 18:15:15.751765,30
D_STR08151,D_U0031,D0031,2026-02-17 07:01:05.340133,160
D_STR08152,D_U0012,D0006,2026-02-17 18:41:05.809644,62
D_STR08153,D_U0014,D0039,2026-02-07 10:51:38.605619,240
D_STR08154,D_U0045,D0034,2026-02-08 00:08:38.618271,98
D_STR08155,D_U0047,D0038,2026-02-11 20:02:13.288841,89
D_STR08156,D_U0012,D0040,2026-02-22 21:50:09.920196,295
D_STR08157,D_U0092,D0046,2026-03-02 20:56:41.994564,60
D_STR08158,D_U0077,D0038,2026-02-21 15:43:11.247502,49
D_STR08159,D_U0043,D0037,2026-02-12 13:07:08.165342,288
D_STR08160,D_U0022,D0049,2026-02-14 08:45:37.744959,36
D_STR08161,D_U0070,D0043,2026-03-03 23:33:27.493080,33
D_STR08162,D_U0044,D0033,2026-02-23 23:53:47.363205,83
D_STR08163,D_U0079,D0012,2026-03-05 21:00:07.716846,54
D_STR08164,D_U0071,D0032,2026-02-13 18:14:04.230402,66
D_STR08165,D_U0070,D0049,2026-02-28 14:28:34.990586,206
D_STR08166,D_U0006,D0033,2026-02-15 05:54:48.299650,84
D_STR08167,D_U0029,D0044,2026-02-14 23:51:56.752652,6
D_STR08168,D_U0013,D0016,2026-02-08 07:37:02.606994,29
D_STR08169,D_U0053,D0021,2026-03-06 03:56:25.729152,175
D_STR08170,D_U0093,D0050,2026-02-23 16:15:50.616401,47
D_STR08171,D_U0065,D0048,2026-03-04 02:31:42.332786,207
D_STR08172,D_U0083,D0001,2026-02-27 00:48:25.882266,12
D_STR08173,D_U0039,D0018,2026-02-09 16:51:45.189606,35
D_STR08174,D_U0041,D0044,2026-03-06 05:01:14.380143,121
D_STR08175,D_U0046,D0024,2026-03-03 20:33:18.058344,114
D_STR08176,D_U0082,D0005,2026-03-04 18:08:26.310782,286
D_STR08177,D_U0094,D0029,2026-02-20 22:48:50.415147,52
D_STR08178,D_U0072,D0042,2026-02-28 21:50:28.475885,82
D_STR08179,D_U0021,D0033,2026-02-26 09:24:20.952898,16
D_STR08180,D_U0071,D0050,2026-02-13 17:44:58.145049,325
D_STR08181,D_U0071,D0045,2026-02-09 14:20:00.572832,130
D_STR08182,D_U0001,D0039,2026-02-18 15:23:54.019295,133
D_STR08183,D_U0061,D0018,2026-02-11 09:38:08.675802,189
D_STR08184,D_U0073,D0019,2026-02-05 15:10:01.736814,99
D_STR08185,D_U0001,D0008,2026-02-28 21:13:13.557528,156
D_STR08186,D_U0067,D0046,2026-02-16 23:49:33.761142,11
D_STR08187,D_U0052,D0031,2026-02-26 23:57:48.371667,145
D_STR08188,D_U0055,D0041,2026-02-20 18:17:39.888015,126
D_STR08189,D_U0054,D0012,2026-02-06 20:32:47.348920,236
D_STR08190,D_U0079,D0039,2026-02-12 05:55:39.528453,23
D_STR08191,D_U0028,D0038,2026-02-07 03:41:06.541825,126
D_STR08192,D_U0032,D0047,2026-03-02 11:22:01.104363,118
D_STR08193,D_U0099,D0041,2026-02-27 21:41:13.894986,99
D_STR08194,D_U0057,D0049,2026-02-10 08:14:03.112678,31
D_STR08195,D_U0077,D0004,2026-02-07 09:13:52.539194,154
D_STR08196,D_U0081,D0024,2026-03-05 02:24:11.892974,54
D_STR08197,D_U0037,D0019,2026-03-04 14:35:43.010498,92
D_STR08198,D_U0091,D0032,2026-02-22 14:00:03.961936,134
D_STR08199,D_U0094,D0031,2026-03-05 07:47:49.450330,90
D_STR08200,D_U0061,D0006,2026-02-16 05:18:58.472897,219
D_STR08201,D_U0028,D0026,2026-02-23 00:20:35.096894,77
D_STR08202,D_U0023,D0003,2026-02-25 17:59:49.062149,52
D_STR08203,D_U0056,D0040,2026-02-04 22:54:55.766468,64
D_STR08204,D_U0044,D0045,2026-02-16 14:49:01.263968,125
D_STR08205,D_U0046,D0026,2026-02-14 12:23:03.924509,104
D_STR08206,D_U0046,D0028,2026-02-28 08:42:32.725621,145
D_STR08207,D_U0008,D0020,2026-02-18 17:05:46.454638,253
D_STR08208,D_U0092,D0010,2026-02-15 08:26:32.032590,67
D_STR08209,D_U0054,D0028,2026-02-23 02:50:53.267033,196
D_STR08210,D_U0080,D0042,2026-02-05 13:08:18.210484,122
D_STR08211,D_U0029,D0024,2026-02-20 22:38:13.548749,154
D_STR08212,D_U0029,D0025,2026-02-16 04:16:19.915012,68
D_STR08213,D_U0038,D0033,2026-02-23 19:36:06.258048,205
D_STR08214,D_U0082,D0015,2026-02-26 20:20:57.480003,12
D_STR08215,D_U0002,D0044,2026-02-14 17:43:21.244488,202
D_STR08216,D_U0021,D0040,2026-02-21 01:09:29.935284,240
D_STR08217,D_U0055,D0046,2026-02-21 11:33:46.402899,249
D_STR08218,D_U0029,D0039,2026-02-16 17:14:49.286899,35
D_STR08219,D_U0063,D0044,2026-02-19 09:04:49.539999,149
D_STR08220,D_U0037,D0033,2026-02-26 15:12:29.662617,191
D_STR08221,D_U0062,D0042,2026-02-04 13:52:21.405835,62
D_STR08222,D_U0099,D0047,2026-02-28 18:31:58.786784,50
D_STR08223,D_U0081,D0035,2026-02-20 23:34:51.785856,41
D_STR08224,D_U0007,D0033,2026-02-28 08:23:36.355151,288
D_STR08225,D_U0056,D0042,2026-02-06 10:54:52.918815,65
D_STR08226,D_U0014,D0042,2026-02-10 17:50:12.982539,302
D_STR08227,D_U0092,D0040,2026-03-01 20:10:39.755432,292
D_STR08228,D_U0097,D0037,2026-02-20 10:35:55.575910,206
D_STR08229,D_U0078,D0026,2026-03-01 11:36:23.201231,68
D_STR08230,D_U0064,D0026,2026-02-25 17:16:21.081916,73
D_STR08231,D_U0050,D0045,2026-02-05 02:33:26.667119,17
D_STR08232,D_U0077,D0049,2026-02-26 17:31:51.258848,15
D_STR08233,D_U0038,D0027,2026-02-21 11:39:06.837517,5
D_STR08234,D_U0014,D0046,2026-02-16 13:03:40.862431,255
D_STR08235,D_U0064,D0046,2026-02-06 04:17:35.191696,184
D_STR08236,D_U0086,D0035,2026-02-19 18:08:06.807091,6
D_STR08237,D_U0081,D0038,2026-02-19 02:16:52.598217,173
D_STR08238,D_U0005,D0047,2026-02-17 21:20:29.738716,80
D_STR08239,D_U0019,D0027,2026-02-21 11:36:13.234879,57
D_STR08240,D_U0066,D0050,2026-02-15 22:39:04.827790,95
D_STR08241,D_U0024,D0032,2026-02-21 07:42:06.148390,33
D_STR08242,D_U0040,D0017,2026-02-09 00:24:16.172028,183
D_STR08243,D_U0009,D0025,2026-02-08 07:42:15.869541,131
D_STR08244,D_U0019,D0046,2026-02-07 03:53:23.894382,148
D_STR08245,D_U0035,D0042,2026-02-26 07:59:57.239551,62
D_STR08246,D_U0046,D0040,2026-02-06 14:26:41.575836,325
D_STR08247,D_U0039,D0038,2026-02-25 06:30:47.068485,134
D_STR08248,D_U0063,D0028,2026-02-28 01:02:41.184896,50
D_STR08249,D_U0013,D0042,2026-02-11 10:29:41.333067,120
D_STR08250,D_U0009,D0017,2026-02-05 06:26:35.117303,6
D_STR08251,D_U0049,D0024,2026-02-19 03:50:10.695821,286
D_STR08252,D_U0026,D0011,2026-02-14 08:10:05.979825,221
D_STR08253,D_U0075,D0036,2026-02-21 22:03:41.696970,156
D_STR08254,D_U0055,D0027,2026-02-19 20:38:32.357814,85
D_STR08255,D_U0094,D0041,2026-02-07 21:49:18.360263,92
D_STR08256,D_U0018,D0026,2026-02-07 09:38:42.005269,99
D_STR08257,D_U0094,D0028,2026-02-05 12:14:02.517156,104
D_STR08258,D_U0005,D0028,2026-03-01 03:05:00.664743,171
D_STR08259,D_U0096,D0049,2026-02-23 12:41:48.495744,100
D_STR08260,D_U0051,D0029,2026-02-20 08:04:47.572464,174
D_STR08261,D_U0072,D0003,2026-02-12 21:30:25.309074,144
D_STR08262,D_U0093,D0039,2026-02-08 16:05:53.428021,269
D_STR08263,D_U0097,D0030,2026-02-16 21:17:05.348721,160
D_STR08264,D_U0098,D0006,2026-03-02 20:32:09.470304,224
D_STR08265,D_U0001,D0048,2026-02-20 13:53:01.688884,106
D_STR08266,D_U0047,D0038,2026-02-20 01:52:46.100796,154
D_STR08267,D_U0010,D0015,2026-02-23 00:24:31.416847,231
D_STR08268,D_U0038,D0040,2026-02-08 06:09:31.819922,83
D_STR08269,D_U0080,D0035,2026-02-05 06:09:31.234475,144
D_STR08270,D_U0045,D0029,2026-02-05 17:44:59.197729,111
D_STR08271,D_U0011,D0022,2026-02-10 16:30:36.897241,144
D_STR08272,D_U0015,D0049,2026-03-04 19:22:23.390501,229
D_STR08273,D_U0052,D0031,2026-02-08 20:26:52.947317,108
D_STR08274,D_U0011,D0039,2026-02-22 06:52:19.356827,262
D_STR08275,D_U0037,D0035,2026-02-14 16:35:10.235991,312
D_STR08276,D_U0013,D0020,2026-03-02 17:21:01.864767,24
D_STR08277,D_U0070,D0030,2026-02-28 04:21:07.177170,49
D_STR08278,D_U0084,D0032,2026-03-05 14:38:20.671607,229
D_STR08279,D_U0002,D0043,2026-03-05 14:25:22.533234,151
D_STR08280,D_U0079,D0025,2026-02-07 03:00:26.554676,115
D_STR08281,D_U0017,D0030,2026-02-16 16:12:35.505990,29
D_STR08282,D_U0094,D0047,2026-02-23 23:29:03.822279,170
D_STR08283,D_U0014,D0028,2026-02-08 03:44:08.712822,34
D_STR08284,D_U0086,D0037,2026-02-28 16:49:37.732308,238
D_STR08285,D_U0042,D0047,2026-03-06 04:28:02.368461,16
D_STR08286,D_U0019,D0050,2026-02-26 02:03:41.030052,153
D_STR08287,D_U0019,D0036,2026-02-18 21:42:09.892132,209
D_STR08288,D_U0004,D0048,2026-03-05 15:48:03.991970,20
D_STR08289,D_U0030,D0045,2026-02-11 13:50:43.168864,61
D_STR08290,D_U0004,D0019,2026-02-16 21:49:56.053911,173
D_STR08291,D_U0058,D0042,2026-02-28 09:23:51.042581,342
D_STR08292,D_U0100,D0041,2026-02-11 18:57:45.953930,35
D_STR08293,D_U0025,D0015,2026-02-19 03:46:19.457684,10
D_STR08294,D_U0018,D0032,2026-02-17 22:45:59.460575,135
D_STR08295,D_U0035,D0024,2026-02-17 23:30:12.970291,289
D_STR08296,D_U0034,D0043,2026-03-05 02:28:57.140382,113
D_STR08297,D_U0086,D0021,2026-02-21 12:02:34.664011,154
D_STR08298,D_U0094,D0046,2026-03-02 01:02:41.611845,12
D_STR08299,D_U0050,D0032,2026-02-27 10:59:40.988937,192
D_STR08300,D_U0089,D0045,2026-03-01 08:48:30.803082,116
D_STR08301,D_U0072,D0045,2026-02-21 22:25:19.218556,95
D_STR08302,D_U0023,D0028,2026-02-10 22:25:05.735614,128
D_STR08303,D_U0033,D0030,2026-03-05 03:31:03.385281,68
D_STR08304,D_U0069,D0041,2026-02-11 16:51:27.834668,27
D_STR08305,D_U0096,D0047,2026-02-11 10:04:45.863910,227
D_STR08306,D_U0008,D0037,2026-03-03 20:38:59.790610,305
D_STR08307,D_U0056,D0048,2026-02-17 05:40:06.311377,191
D_STR08308,D_U0048,D0027,2026-03-05 00:11:49.008773,96
D_STR08309,D_U0012,D0049,2026-03-03 10:15:03.252323,201
D_STR08310,D_U0033,D0029,2026-02-17 00:41:16.743263,102
D_STR08311,D_U0042,D0017,2026-02-14 05:53:12.298655,138
D_STR08312,D_U0038,D0042,2026-02-20 04:24:25.614617,130
D_STR08313,D_U0018,D0047,2026-02-12 18:43:08.700847,143
D_STR08314,D_U0064,D0044,2026-02-10 06:32:36.717762,23
D_STR08315,D_U0045,D0045,2026-02-21 05:03:51.296638,176
D_STR08316,D_U0007,D0021,2026-02-27 12:16:08.452740,29
D_STR08317,D_U0057,D0018,2026-02-06 21:06:36.450390,19
D_STR08318,D_U0038,D0034,2026-02-26 20:47:42.663730,150
D_STR08319,D_U0082,D0045,2026-02-17 05:12:40.564401,38
D_STR08320,D_U0084,D0037,2026-02-12 02:56:16.157966,139
D_STR08321,D_U0084,D0040,2026-02-06 15:45:00.815215,38
D_STR08322,D_U0057,D0044,2026-03-04 20:16:01.550059,189
D_STR08323,D_U0100,D0045,2026-02-27 20:21:36.258348,105
D_STR08324,D_U0084,D0007,2026-02-12 05:10:00.906611,258
D_STR08325,D_U0062,D0023,2026-03-01 14:21:31.741635,15
D_STR08326,D_U0036,D0046,2026-02-15 07:46:09.269783,96
D_STR08327,D_U0069,D0028,2026-03-03 10:18:06.601728,137
D_STR08328,D_U0016,D0037,2026-02-07 11:37:56.476610,74
D_STR08329,D_U0060,D0021,2026-02-18 09:22:07.393644,169
D_STR08330,D_U0045,D0043,2026-02-16 19:10:49.289229,71
D_STR08331,D_U0015,D0044,2026-02-09 14:52:43.848606,101
D_STR08332,D_U0051,D0023,2026-02-21 17:37:43.055100,94
D_STR08333,D_U0031,D0048,2026-02-27 07:44:28.669876,178
D_STR08334,D_U0085,D0038,2026-03-06 07:49:43.509865,61
D_STR08335,D_U0078,D0044,2026-02-14 01:04:14.658203,197
D_STR08336,D_U0074,D0047,2026-02-20 13:13:12.140912,121
D_STR08337,D_U0071,D0042,2026-02-25 20:41:27.034462,288
D_STR08338,D_U0013,D0043,2026-02-14 20:42:11.302775,32
D_STR08339,D_U0097,D0046,2026-02-27 05:39:54.872308,214
D_STR08340,D_U0095,D0044,2026-02-14 04:04:48.937531,143
D_STR08341,D_U0030,D0013,2026-02-28 04:00:21.532976,159
D_STR08342,D_U0026,D0045,2026-02-23 01:30:04.532938,196
D_STR08343,D_U0022,D0040,2026-02-17 11:42:52.500368,141
D_STR08344,D_U0008,D0026,2026-02-24 02:14:40.084634,93
D_STR08345,D_U0061,D0018,2026-02-05 09:32:33.126594,110
D_STR08346,D_U0031,D0016,2026-02-07 13:00:25.366111,36
D_STR08347,D_U0062,D0032,2026-02-07 18:45:36.550314,13
D_STR08348,D_U0007,D0050,2026-02-23 21:30:05.460477,84
D_STR08349,D_U0050,D0038,2026-02-15 16:00:51.101386,157
D_STR08350,D_U0008,D0017,2026-02-27 09:13:47.587910,70
D_STR08351,D_U0087,D0045,2026-02-13 02:47:09.304690,69
D_STR08352,D_U0094,D0037,2026-02-25 06:46:31.588731,325
D_STR08353,D_U0099,D0042,2026-02-06 04:28:18.920994,33
D_STR08354,D_U0006,D0025,2026-02-05 11:47:25.688039,42
D_STR08355,D_U0037,D0024,2026-03-03 16:22:01.952234,76
D_STR08356,D_U0076,D0014,2026-03-02 09:03:55.081304,17
D_STR08357,D_U0021,D0025,2026-02-14 16:18:05.042915,91
D_STR08358,D_U0018,D0028,2026-02-28 01:10:11.048189,133
D_STR08359,D_U0021,D0048,2026-02-22 03:53:51.294639,152
D_STR08360,D_U0081,D0028,2026-02-18 10:53:56.987703,131
D_STR08361,D_U0068,D0036,2026-03-05 20:21:12.958635,167
D_STR08362,D_U0090,D0040,2026-02-19 04:19:35.891281,30
D_STR08363,D_U0086,D0048,2026-02-10 17:08:14.033032,89
D_STR08364,D_U0022,D0011,2026-02-21 03:24:07.948707,237
D_STR08365,D_U0067,D0029,2026-02-17 22:48:04.554308,25
D_STR08366,D_U0009,D0027,2026-02-09 06:55:43.607804,42
D_STR08367,D_U0070,D0039,2026-02-24 07:36:51.534671,104
D_STR08368,D_U0003,D0026,2026-02-17 01:04:32.560297,88
D_STR08369,D_U0100,D0021,2026-02-25 18:14:30.448231,55
D_STR08370,D_U0059,D0019,2026-03-01 07:28:50.586289,188
D_STR08371,D_U0001,D0028,2026-02-13 19:17:39.726454,37
D_STR08372,D_U0021,D0040,2026-02-10 14:52:40.097351,126
D_STR08373,D_U0071,D0041,2026-02-16 16:09:52.091461,115
D_STR08374,D_U0020,D0025,2026-02-13 02:39:58.413411,8
D_STR08375,D_U0085,D0019,2026-02-23 04:10:18.103569,6
D_STR08376,D_U0038,D0041,2026-02-19 06:26:04.770176,135
D_STR08377,D_U0068,D0004,2026-02-23 23:02:21.561625,55
D_STR08378,D_U0048,D0047,2026-02-26 00:19:17.815151,136
D_STR08379,D_U0070,D0013,2026-02-18 07:25:59.829375,7
D_STR08380,D_U0063,D0040,2026-02-22 14:34:48.980073,284
D_STR08381,D_U0070,D0020,2026-02-27 23:37:50.323696,24
D_STR08382,D_U0078,D0049,2026-02-10 16:40:25.412656,115
D_STR08383,D_U0100,D0015,2026-02-26 15:09:55.189340,180
D_STR08384,D_U0012,D0024,2026-03-02 02:45:19.857533,166
D_STR08385,D_U0092,D0037,2026-02-25 22:24:07.456956,159
D_STR08386,D_U0030,D0050,2026-02-04 15:13:07.742232,326
D_STR08387,D_U0069,D0048,2026-02-12 02:30:09.966209,61
D_STR08388,D_U0031,D0043,2026-02-10 07:45:30.013348,124
D_STR08389,D_U0091,D0038,2026-02-06 19:16:50.378953,142
D_STR08390,D_U0099,D0044,2026-02-06 20:59:37.315148,149
D_STR08391,D_U0017,D0040,2026-02-22 22:08:10.034166,338
D_STR08392,D_U0063,D0023,2026-03-05 08:33:02.981884,37
D_STR08393,D_U0065,D0024,2026-02-12 09:46:17.208291,119
D_STR08394,D_U0085,D0042,2026-02-25 22:27:00.468364,284
D_STR08395,D_U0004,D0039,2026-02-17 16:51:15.995542,94
D_STR08396,D_U0014,D0043,2026-02-19 21:56:18.728708,163
D_STR08397,D_U0076,D0025,2026-03-05 09:05:03.727010,120
D_STR08398,D_U0042,D0036,2026-02-06 11:13:43.351219,186
D_STR08399,D_U0041,D0029,2026-02-26 21:19:52.022202,140
D_STR08400,D_U0060,D0032,2026-02-18 04:22:24.760186,208
D_STR08401,D_U0054,D0045,2026-02-09 07:56:23.140592,175
D_STR08402,D_U0019,D0037,2026-02-07 15:07:00.954354,107
D_STR08403,D_U0023,D0009,2026-02-14 19:38:04.853433,69
D_STR08404,D_U0022,D0049,2026-02-04 15:10:29.391116,164
D_STR08405,D_U0004,D0033,2026-03-04 01:32:04.881185,119
D_STR08406,D_U0040,D0047,2026-02-17 16:41:01.091752,117
D_STR08407,D_U0023,D0046,2026-03-02 08:29:36.734360,227
D_STR08408,D_U0086,D0047,2026-02-25 19:01:04.621432,209
D_STR08409,D_U0037,D0022,2026-02-07 01:21:48.329524,159
D_STR08410,D_U0008,D0013,2026-03-06 04:12:41.271033,158
D_STR08411,D_U0011,D0036,2026-02-14 09:50:56.214296,118
D_STR08412,D_U0089,D0041,2026-02-14 01:24:15.441504,50
D_STR08413,D_U0054,D0043,2026-02-17 08:56:27.965940,59
D_STR08414,D_U0023,D0037,2026-02-28 02:42:37.780984,19
D_STR08415,D_U0093,D0038,2026-02-12 05:57:55.638451,66
D_STR08416,D_U0097,D0048,2026-03-02 22:32:43.585071,194
D_STR08417,D_U0094,D0049,2026-02-05 16:20:01.677926,77
D_STR08418,D_U0019,D0032,2026-02-12 04:56:41.685977,62
D_STR08419,D_U0050,D0047,2026-02-27 22:56:11.666074,72
D_STR08420,D_U0014,D0024,2026-02-26 06:53:32.577350,34
D_STR08421,D_U0016,D0025,2026-02-18 04:51:46.175300,194
D_STR08422,D_U0009,D0044,2026-02-24 02:55:24.773790,291
D_STR08423,D_U0019,D0006,2026-02-18 17:41:28.975091,188
D_STR08424,D_U0019,D0042,2026-02-18 09:17:19.793365,178
D_STR08425,D_U0038,D0017,2026-02-19 02:11:49.880826,14
D_STR08426,D_U0081,D0036,2026-02-23 05:27:29.435906,228
D_STR08427,D_U0004,D0049,2026-02-24 13:43:40.921318,9
D_STR08428,D_U0029,D0045,2026-02-06 14:13:20.212765,70
D_STR08429,D_U0061,D0047,2026-03-02 13:00:05.930861,219
D_STR08430,D_U0004,D0046,2026-02-28 20:39:37.499799,109
D_STR08431,D_U0085,D0027,2026-02-17 12:11:16.530015,24
D_STR08432,D_U0070,D0025,2026-02-11 19:23:04.020583,101
D_STR08433,D_U0017,D0045,2026-02-22 23:18:01.608971,136
D_STR08434,D_U0011,D0033,2026-02-04 19:41:58.748309,136
D_STR08435,D_U0089,D0037,2026-02-14 22:15:35.348970,330
D_STR08436,D_U0028,D0017,2026-02-20 11:07:40.025431,161
D_STR08437,D_U0077,D0030,2026-02-26 07:55:57.859714,106
D_STR08438,D_U0038,D0045,2026-02-14 21:27:36.900482,34
D_STR08439,D_U0058,D0022,2026-02-17 00:10:27.185710,21
D_STR08440,D_U0017,D0026,2026-03-05 16:51:50.494838,63
D_STR08441,D_U0072,D0050,2026-02-08 18:22:39.972067,300
D_STR08442,D_U0061,D0028,2026-02-25 15:26:57.621449,23
D_STR08443,D_U0020,D0044,2026-03-05 11:43:18.695665,265
D_STR08444,D_U0079,D0017,2026-02-16 19:06:17.939839,113
D_STR08445,D_U0070,D0022,2026-02-05 17:04:33.672273,105
D_STR08446,D_U0064,D0046,2026-02-19 06:05:08.202846,244
D_STR08447,D_U0028,D0004,2026-02-07 04:24:37.957034,27
D_STR08448,D_U0097,D0041,2026-02-15 19:23:35.332760,97
D_STR08449,D_U0020,D0047,2026-02-09 18:58:19.698029,15
D_STR08450,D_U0050,D0023,2026-03-05 17:12:58.737437,29
D_STR08451,D_U0091,D0021,2026-02-21 04:44:22.186905,112
D_STR08452,D_U0092,D0023,2026-02-23 22:46:32.339764,68
D_STR08453,D_U0023,D0045,2026-02-21 19:18:31.939028,217
D_STR08454,D_U0036,D0035,2026-02-18 03:04:45.831436,195
D_STR08455,D_U0083,D0042,2026-02-28 16:15:10.566257,312
D_STR08456,D_U0095,D0031,2026-02-10 20:27:29.910565,30
D_STR08457,D_U0074,D0044,2026-02-09 15:16:27.231573,164
D_STR08458,D_U0069,D0024,2026-02-22 05:27:03.789186,98
D_STR08459,D_U0066,D0035,2026-02-06 09:54:53.036831,287
D_STR08460,D_U0008,D0018,2026-02-12 20:07:55.959798,99
D_STR08461,D_U0032,D0040,2026-03-02 15:50:48.180480,53
D_STR08462,D_U0025,D0021,2026-02-13 11:13:59.374740,37
D_STR08463,D_U0095,D0039,2026-02-26 07:07:48.175614,114
D_STR08464,D_U0004,D0050,2026-02-13 12:48:10.444831,158
D_STR08465,D_U0077,D0027,2026-02-13 00:17:45.920640,126
D_STR08466,D_U0047,D0039,2026-02-06 18:17:39.001270,27
D_STR08467,D_U0015,D0023,2026-02-23 21:09:36.261176,114
D_STR08468,D_U0016,D0050,2026-02-27 18:19:21.530091,259
D_STR08469,D_U0086,D0036,2026-02-22 15:58:53.710505,98
D_STR08470,D_U0015,D0011,2026-03-03 02:15:01.357225,22
D_STR08471,D_U0082,D0042,2026-02-11 03:50:05.960107,78
D_STR08472,D_U0052,D0040,2026-02-19 05:23:19.661345,86
D_STR08473,D_U0040,D0049,2026-02-07 00:08:53.991162,128
D_STR08474,D_U0042,D0036,2026-03-03 09:35:25.798447,134
D_STR08475,D_U0082,D0012,2026-02-24 08:26:12.887469,206
D_STR08476,D_U0032,D0046,2026-02-19 04:13:31.309778,145
D_STR08477,D_U0042,D0037,2026-02-15 12:59:58.342744,209
D_STR08478,D_U0028,D0050,2026-03-05 21:58:57.339890,136
D_STR08479,D_U0030,D0019,2026-03-04 03:13:14.896199,91
D_STR08480,D_U0009,D0024,2026-02-19 15:17:57.578418,171
D_STR08481,D_U0067,D0044,2026-02-05 10:32:54.392604,144
D_STR08482,D_U0046,D0028,2026-02-07 10:32:16.077245,81
D_STR08483,D_U0001,D0028,2026-03-01 08:03:17.958279,164
D_STR08484,D_U0072,D0033,2026-02-12 17:35:03.330585,25
D_STR08485,D_U0010,D0032,2026-02-09 03:26:44.798059,213
D_STR08486,D_U0059,D0033,2026-02-11 03:18:03.477121,236
D_STR08487,D_U0038,D0043,2026-03-03 11:55:45.186924,184
D_STR08488,D_U0044,D0032,2026-02-11 12:22:29.168421,206
D_STR08489,D_U0060,D0015,2026-03-01 18:58:53.744792,202
D_STR08490,D_U0022,D0050,2026-03-01 06:48:26.019581,10
D_STR08491,D_U0091,D0036,2026-02-05 05:15:54.852465,191
D_STR08492,D_U0059,D0049,2026-02-11 14:23:06.466131,27
D_STR08493,D_U0075,D0021,2026-02-23 01:56:07.245028,191
D_STR08494,D_U0049,D0043,2026-02-19 19:32:48.650633,132
D_STR08495,D_U0068,D0042,2026-02-17 23:34:24.324553,101
D_STR08496,D_U0047,D0042,2026-02-11 18:30:11.676565,27
D_STR08497,D_U0002,D0021,2026-03-04 19:11:46.597119,18
D_STR08498,D_U0091,D0014,2026-02-05 03:31:23.352716,99
D_STR08499,D_U0039,D0021,2026-03-04 22:18:47.965118,5
D_STR08500,D_U0051,D0044,2026-02-21 07:03:12.472109,144
D_STR08501,D_U0097,D0006,2026-02-22 13:21:52.184121,9
D_STR08502,D_U0051,D0048,2026-03-02 16:34:11.829528,193
D_STR08503,D_U0062,D0026,2026-02-19 14:51:55.302924,102
D_STR08504,D_U0008,D0040,2026-02-09 00:30:49.626417,285
D_STR08505,D_U0048,D0048,2026-02-17 17:42:20.010153,117
D_STR08506,D_U0048,D0049,2026-02-25 02:37:33.793602,195
D_STR08507,D_U0062,D0041,2026-02-17 04:41:49.825939,76
D_STR08508,D_U0025,D0049,2026-03-02 17:07:53.321146,155
D_STR08509,D_U0077,D0040,2026-02-08 02:53:53.461239,124
D_STR08510,D_U0036,D0041,2026-02-10 23:33:25.289242,5
D_STR08511,D_U0031,D0026,2026-03-02 02:29:17.479732,104
D_STR08512,D_U0059,D0049,2026-02-24 13:14:10.425763,8
D_STR08513,D_U0047,D0037,2026-02-25 16:55:38.247213,10
D_STR08514,D_U0051,D0044,2026-02-10 14:39:10.730593,135
D_STR08515,D_U0072,D0025,2026-03-02 09:21:56.972612,94
D_STR08516,D_U0058,D0043,2026-02-27 07:21:53.974216,67
D_STR08517,D_U0089,D0048,2026-02-11 05:40:37.110230,111
D_STR08518,D_U0021,D0027,2026-03-05 06:42:26.526005,94
D_STR08519,D_U0031,D0027,2026-02-10 02:29:34.302213,143
D_STR08520,D_U0051,D0026,2026-02-06 14:08:51.395501,91
D_STR08521,D_U0030,D0048,2026-02-23 16:33:24.687263,105
D_STR08522,D_U0001,D0023,2026-02-20 01:44:06.840216,74
D_STR08523,D_U0082,D0045,2026-02-26 14:16:13.346290,16
D_STR08524,D_U0057,D0022,2026-03-05 11:14:03.271231,58
D_STR08525,D_U0021,D0024,2026-02-10 11:10:25.424208,273
D_STR08526,D_U0011,D0011,2026-03-03 03:38:54.351054,53
D_STR08527,D_U0075,D0020,2026-02-09 09:20:50.149135,214
D_STR08528,D_U0099,D0033,2026-02-08 02:59:09.975529,288
D_STR08529,D_U0073,D0026,2026-02-09 13:51:59.651509,33
D_STR08530,D_U0087,D0050,2026-02-28 17:03:20.191868,302
D_STR08531,D_U0025,D0026,2026-03-02 21:09:17.579264,55
D_STR08532,D_U0061,D0041,2026-02-12 11:36:48.822869,134
D_STR08533,D_U0006,D0036,2026-02-11 19:14:30.233673,47
D_STR08534,D_U0063,D0033,2026-02-18 07:00:10.286334,206
D_STR08535,D_U0089,D0032,2026-02-07 05:30:39.643519,76
D_STR08536,D_U0001,D0049,2026-02-21 09:51:21.465890,81
D_STR08537,D_U0053,D0034,2026-02-14 21:28:30.768950,149
D_STR08538,D_U0097,D0034,2026-02-07 17:48:25.625621,120
D_STR08539,D_U0097,D0016,2026-02-18 03:42:40.270307,104
D_STR08540,D_U0075,D0046,2026-02-08 18:28:22.204611,252
D_STR08541,D_U0006,D0028,2026-02-06 01:44:19.312475,149
D_STR08542,D_U0077,D0030,2026-03-02 02:55:13.492408,77
D_STR08543,D_U0029,D0036,2026-02-25 19:01:35.119903,43
D_STR08544,D_U0088,D0020,2026-02-16 20:20:16.977774,334
D_STR08545,D_U0048,D0047,2026-02-15 05:06:38.058728,11
D_STR08546,D_U0010,D0029,2026-02-13 15:52:23.426608,81
D_STR08547,D_U0013,D0049,2026-02-08 11:48:00.174333,147
D_STR08548,D_U0052,D0022,2026-02-18 23:05:07.926123,136
D_STR08549,D_U0025,D0010,2026-02-13 09:13:27.214225,22
D_STR08550,D_U0051,D0035,2026-02-15 02:28:09.947451,88
D_STR08551,D_U0056,D0042,2026-02-27 16:21:07.313272,202
D_STR08552,D_U0075,D0038,2026-02-20 16:27:38.773792,10
D_STR08553,D_U0042,D0049,2026-02-06 22:21:07.827683,90
D_STR08554,D_U0012,D0049,2026-02-19 12:29:47.033748,64
D_STR08555,D_U0100,D0023,2026-02-26 10:00:01.961021,125
D_STR08556,D_U0050,D0030,2026-02-05 06:33:14.095130,19
D_STR08557,D_U0098,D0030,2026-02-12 18:37:36.425172,151
D_STR08558,D_U0014,D0043,2026-02-08 00:34:30.358635,179
D_STR08559,D_U0028,D0020,2026-02-22 08:34:16.508673,293
D_STR08560,D_U0031,D0045,2026-02-28 17:19:37.972377,96
D_STR08561,D_U0003,D0041,2026-02-19 12:52:37.886408,165
D_STR08562,D_U0083,D0004,2026-02-23 08:01:48.414295,170
D_STR08563,D_U0059,D0040,2026-03-04 14:41:26.349096,137
D_STR08564,D_U0015,D0038,2026-02-05 06:38:12.715566,146
D_STR08565,D_U0077,D0021,2026-02-18 18:13:03.995371,26
D_STR08566,D_U0087,D0047,2026-02-11 02:50:41.872995,154
D_STR08567,D_U0065,D0038,2026-02-11 21:33:58.904468,17
D_STR08568,D_U0070,D0049,2026-02-28 09:09:58.066812,249
D_STR08569,D_U0046,D0034,2026-03-02 22:09:34.981042,33
D_STR08570,D_U0028,D0025,2026-02-20 17:43:17.150542,152
D_STR08571,D_U0061,D0047,2026-02-27 04:49:13.634186,50
D_STR08572,D_U0061,D0047,2026-03-02 04:50:30.947748,27
D_STR08573,D_U0082,D0029,2026-02-14 04:02:20.932514,174
D_STR08574,D_U0014,D0037,2026-02-05 18:00:06.495854,29
D_STR08575,D_U0017,D0040,2026-03-03 03:06:15.990702,274
D_STR08576,D_U0027,D0049,2026-02-09 20:55:31.284453,250
D_STR08577,D_U0019,D0032,2026-02-23 10:44:47.418633,84
D_STR08578,D_U0084,D0025,2026-02-23 04:04:47.832432,40
D_STR08579,D_U0097,D0030,2026-03-05 09:40:30.027204,157
D_STR08580,D_U0050,D0039,2026-02-14 02:45:30.711823,73
D_STR08581,D_U0050,D0035,2026-02-17 21:53:40.338118,99
D_STR08582,D_U0093,D0015,2026-03-01 20:50:15.140369,225
D_STR08583,D_U0042,D0029,2026-02-17 13:06:57.871092,84
D_STR08584,D_U0057,D0033,2026-02-20 21:50:02.285514,170
D_STR08585,D_U0045,D0035,2026-02-27 19:35:53.192355,332
D_STR08586,D_U0098,D0025,2026-02-16 02:51:57.949062,152
D_STR08587,D_U0087,D0048,2026-03-05 21:52:58.084991,86
D_STR08588,D_U0094,D0046,2026-02-17 15:51:26.973085,215
D_STR08589,D_U0100,D0046,2026-02-19 19:36:53.781272,243
D_STR08590,D_U0076,D0044,2026-02-23 03:37:10.427108,26
D_STR08591,D_U0038,D0045,2026-03-02 21:39:23.619467,227
D_STR08592,D_U0015,D0017,2026-03-02 22:32:55.270932,55
D_STR08593,D_U0048,D0033,2026-02-07 03:54:04.377938,235
D_STR08594,D_U0054,D0046,2026-02-19 06:17:37.714044,245
D_STR08595,D_U0052,D0043,2026-02-26 20:44:26.538764,68
D_STR08596,D_U0050,D0007,2026-02-10 08:47:51.895223,134
D_STR08597,D_U0065,D0032,2026-03-03 05:46:29.983020,102
D_STR08598,D_U0044,D0013,2026-02-28 03:40:10.452273,195
D_STR08599,D_U0082,D0045,2026-02-15 11:38:59.351378,5
D_STR08600,D_U0016,D0036,2026-02-22 14:04:31.877189,218
D_STR08601,D_U0099,D0033,2026-02-05 04:34:32.330598,229
D_STR08602,D_U0090,D0045,2026-02-16 08:21:08.787663,214
D_STR08603,D_U0050,D0040,2026-02-17 16:45:53.541671,101
D_STR08604,D_U0064,D0039,2026-02-25 10:05:35.894661,180
D_STR08605,D_U0089,D0029,2026-02-23 20:54:53.556893,106
D_STR08606,D_U0071,D0048,2026-02-11 09:25:46.221202,103
D_STR08607,D_U0016,D0044,2026-02-16 13:08:54.895533,79
D_STR08608,D_U0089,D0048,2026-02-17 23:34:29.088085,72
D_STR08609,D_U0026,D0043,2026-02-04 23:11:26.503367,15
D_STR08610,D_U0017,D0023,2026-02-08 13:33:12.298217,116
D_STR08611,D_U0024,D0040,2026-03-04 20:58:32.163170,237
D_STR08612,D_U0017,D0036,2026-02-06 00:33:39.880398,232
D_STR08613,D_U0004,D0050,2026-02-11 23:21:13.614846,147
D_STR08614,D_U0098,D0015,2026-02-13 01:32:12.727205,42
D_STR08615,D_U0100,D0023,2026-03-02 21:12:13.390218,32
D_STR08616,D_U0100,D0021,2026-03-04 08:18:37.130642,98
D_STR08617,D_U0063,D0021,2026-02-16 14:51:47.422045,139
D_STR08618,D_U0025,D0015,2026-02-15 00:45:01.446765,197
D_STR08619,D_U0007,D0039,2026-02-23 16:18:14.769139,239
D_STR08620,D_U0053,D0009,2026-02-09 11:59:31.729103,94
D_STR08621,D_U0076,D0035,2026-02-28 04:56:00.949537,108
D_STR08622,D_U0024,D0035,2026-03-02 17:04:32.929559,290
D_STR08623,D_U0051,D0030,2026-03-02 22:49:41.570976,137
D_STR08624,D_U0005,D0041,2026-02-08 22:03:05.797671,15
D_STR08625,D_U0067,D0040,2026-02-24 02:18:27.943007,85
D_STR08626,D_U0085,D0030,2026-03-05 03:48:12.729597,171
D_STR08627,D_U0006,D0026,2026-02-21 15:25:38.152829,103
D_STR08628,D_U0093,D0031,2026-03-06 08:14:05.631330,107
D_STR08629,D_U0060,D0046,2026-02-21 20:14:36.948728,59
D_STR08630,D_U0042,D0044,2026-02-17 09:35:23.730916,41
D_STR08631,D_U0005,D0038,2026-02-17 16:41:10.228378,102
D_STR08632,D_U0036,D0027,2026-02-08 22:58:10.545787,71
D_STR08633,D_U0050,D0019,2026-02-14 14:16:15.478774,115
D_STR08634,D_U0025,D0036,2026-02-24 00:02:03.613186,123
D_STR08635,D_U0031,D0036,2026-02-28 21:35:07.973293,237
D_STR08636,D_U0004,D0042,2026-02-08 03:18:47.323857,315
D_STR08637,D_U0020,D0033,2026-02-12 22:55:59.984983,212
D_STR08638,D_U0026,D0035,2026-03-03 00:48:20.458397,311
D_STR08639,D_U0040,D0036,2026-03-03 06:16:20.454024,39
D_STR08640,D_U0005,D0048,2026-02-20 08:36:39.075218,218
D_STR08641,D_U0018,D0026,2026-03-05 08:25:14.664234,112
D_STR08642,D_U0069,D0001,2026-02-06 03:12:08.675974,59
D_STR08643,D_U0021,D0013,2026-02-16 02:10:13.047040,194
D_STR08644,D_U0033,D0047,2026-02-18 21:16:12.054960,30
D_STR08645,D_U0027,D0045,2026-02-12 16:18:59.908704,16
D_STR08646,D_U0032,D0024,2026-02-04 13:08:04.869508,38
D_STR08647,D_U0065,D0044,2026-02-27 12:32:07.912140,9
D_STR08648,D_U0028,D0028,2026-02-09 10:04:13.187614,213
D_STR08649,D_U0023,D0031,2026-02-27 05:18:45.689301,22
D_STR08650,D_U0026,D0026,2026-02-11 23:36:19.474011,97
D_STR08651,D_U0031,D0048,2026-02-09 18:39:50.889309,117
D_STR08652,D_U0098,D0036,2026-03-02 04:02:05.990829,8
D_STR08653,D_U0010,D0028,2026-02-18 11:07:38.983710,22
D_STR08654,D_U0026,D0011,2026-03-02 15:53:10.695081,199
D_STR08655,D_U0072,D0026,2026-02-26 02:40:30.572746,69
D_STR08656,D_U0015,D0036,2026-02-07 17:31:14.856406,62
D_STR08657,D_U0071,D0050,2026-03-04 15:27:33.105541,254
D_STR08658,D_U0065,D0036,2026-03-01 18:09:01.633959,210
D_STR08659,D_U0056,D0038,2026-03-02 01:37:14.343820,180
D_STR08660,D_U0047,D0030,2026-03-01 00:14:10.024789,170
D_STR08661,D_U0072,D0048,2026-02-14 17:38:11.619648,34
D_STR08662,D_U0030,D0048,2026-02-05 05:45:10.192592,171
D_STR08663,D_U0001,D0049,2026-03-03 23:34:08.209427,56
D_STR08664,D_U0023,D0040,2026-02-25 17:35:44.869297,221
D_STR08665,D_U0008,D0040,2026-02-19 05:21:25.557221,256
D_STR08666,D_U0073,D0040,2026-02-11 16:33:10.465736,306
D_STR08667,D_U0036,D0005,2026-02-18 13:11:45.350265,39
D_STR08668,D_U0056,D0011,2026-02-05 19:36:26.420627,173
D_STR08669,D_U0096,D0038,2026-02-16 09:21:38.391963,190
D_STR08670,D_U0004,D0015,2026-02-08 08:54:57.120764,52
D_STR08671,D_U0081,D0050,2026-03-01 10:08:20.910358,265
D_STR08672,D_U0013,D0041,2026-02-06 16:14:18.354423,61
D_STR08673,D_U0028,D0041,2026-02-06 12:37:41.398694,66
D_STR08674,D_U0046,D0050,2026-02-25 05:51:03.296058,60
D_STR08675,D_U0047,D0029,2026-02-19 16:23:52.892009,94
D_STR08676,D_U0050,D0029,2026-02-27 00:15:56.073619,114
D_STR08677,D_U0059,D0032,2026-02-16 23:21:30.472644,202
D_STR08678,D_U0068,D0015,2026-02-20 19:16:07.679111,321
D_STR08679,D_U0078,D0041,2026-02-08 11:52:28.097180,149
D_STR08680,D_U0066,D0041,2026-02-22 02:23:14.514701,174
D_STR08681,D_U0006,D0040,2026-02-26 19:11:05.338581,133
D_STR08682,D_U0068,D0040,2026-02-25 01:21:58.784722,192
D_STR08683,D_U0098,D0040,2026-02-26 08:52:12.285932,175
D_STR08684,D_U0015,D0030,2026-03-02 22:01:57.049856,58
D_STR08685,D_U0068,D0030,2026-02-27 18:25:59.424634,68
D_STR08686,D_U0008,D0031,2026-02-13 21:44:16.781424,68
D_STR08687,D_U0092,D0032,2026-03-05 22:40:35.304644,58
D_STR08688,D_U0076,D0032,2026-02-27 21:23:00.098070,200
D_STR08689,D_U0080,D0024,2026-02-15 15:09:18.734999,152
D_STR08690,D_U0002,D0050,2026-02-12 10:55:40.778607,299
D_STR08691,D_U0008,D0045,2026-02-08 13:47:56.837883,67
D_STR08692,D_U0069,D0047,2026-02-19 08:21:58.535524,169
D_STR08693,D_U0046,D0042,2026-02-19 01:05:35.559885,185
D_STR08694,D_U0080,D0037,2026-02-28 01:30:43.526485,318
D_STR08695,D_U0098,D0042,2026-02-22 14:43:17.233695,317
D_STR08696,D_U0052,D0027,2026-02-28 14:39:13.080433,6
D_STR08697,D_U0071,D0050,2026-02-23 18:20:58.631129,159
D_STR08698,D_U0018,D0036,2026-02-07 21:05:30.117408,123
D_STR08699,D_U0008,D0019,2026-02-15 12:53:20.837202,212
D_STR08700,D_U0053,D0016,2026-02-28 17:09:32.511077,28
D_STR08701,D_U0068,D0009,2026-02-13 15:01:38.349850,128
D_STR08702,D_U0012,D0016,2026-02-10 16:54:33.276489,16
D_STR08703,D_U0014,D0046,2026-03-05 23:20:44.425657,64
D_STR08704,D_U0010,D0020,2026-02-15 05:42:11.935916,221
D_STR08705,D_U0058,D0039,2026-03-06 09:24:05.853572,165
D_STR08706,D_U0076,D0014,2026-02-06 19:17:06.307493,29
D_STR08707,D_U0090,D0026,2026-02-19 13:32:30.669622,78
D_STR08708,D_U0008,D0042,2026-02-08 13:49:27.623458,243
D_STR08709,D_U0086,D0022,2026-02-10 08:15:43.080713,71
D_STR08710,D_U0020,D0038,2026-02-07 17:37:36.869402,107
D_STR08711,D_U0029,D0050,2026-02-07 17:17:17.117219,276
D_STR08712,D_U0078,D0033,2026-03-02 18:24:19.261456,99
D_STR08713,D_U0095,D0022,2026-02-04 22:35:37.893844,169
D_STR08714,D_U0017,D0042,2026-02-06 04:39:51.606438,94
D_STR08715,D_U0041,D0047,2026-03-04 10:30:28.340257,131
D_STR08716,D_U0094,D0029,2026-03-02 15:59:51.977981,18
D_STR08717,D_U0029,D0025,2026-02-26 19:48:46.256659,5
D_STR08718,D_U0008,D0050,2026-02-08 17:24:20.705656,111
D_STR08719,D_U0069,D0040,2026-02-09 22:00:31.033138,25
D_STR08720,D_U0045,D0049,2026-02-09 14:01:50.215764,203
D_STR08721,D_U0044,D0020,2026-02-05 19:13:19.635808,96
D_STR08722,D_U0075,D0025,2026-02-21 13:19:26.138179,94
D_STR08723,D_U0036,D0030,2026-02-20 14:19:58.171101,127
D_STR08724,D_U0024,D0030,2026-02-24 13:16:16.010860,142
D_STR08725,D_U0050,D0037,2026-02-11 23:33:05.306305,322
D_STR08726,D_U0085,D0045,2026-02-04 10:51:18.028868,188
D_STR08727,D_U0032,D0043,2026-02-24 06:40:31.308469,68
D_STR08728,D_U0084,D0044,2026-02-20 00:04:54.356993,200
D_STR08729,D_U0024,D0050,2026-02-13 23:47:58.211074,160
D_STR08730,D_U0061,D0025,2026-02-16 04:30:50.381538,185
D_STR08731,D_U0039,D0013,2026-02-14 00:57:49.296694,168
D_STR08732,D_U0083,D0035,2026-02-28 13:50:24.360363,333
D_STR08733,D_U0093,D0045,2026-02-15 07:56:11.092713,97
D_STR08734,D_U0082,D0017,2026-02-17 13:30:08.180977,235
D_STR08735,D_U0090,D0048,2026-02-22 00:58:22.579597,86
D_STR08736,D_U0036,D0034,2026-03-03 02:14:20.292985,180
D_STR08737,D_U0008,D0045,2026-02-17 07:11:32.317072,27
D_STR08738,D_U0075,D0049,2026-03-03 05:00:42.296646,157
D_STR08739,D_U0048,D0034,2026-02-09 04:31:25.909929,131
D_STR08740,D_U0075,D0042,2026-02-07 00:56:17.885630,304
D_STR08741,D_U0063,D0007,2026-02-24 07:37:14.650670,8
D_STR08742,D_U0018,D0040,2026-02-16 16:23:09.288351,148
D_STR08743,D_U0070,D0032,2026-02-27 06:59:52.174955,123
D_STR08744,D_U0082,D0020,2026-03-02 03:59:45.527059,55
D_STR08745,D_U0068,D0040,2026-02-25 17:48:13.190025,230
D_STR08746,D_U0033,D0049,2026-02-25 08:44:12.991946,24
D_STR08747,D_U0032,D0034,2026-02-19 10:03:35.657387,113
D_STR08748,D_U0038,D0040,2026-03-03 12:58:01.664953,206
D_STR08749,D_U0074,D0023,2026-03-03 13:49:48.730739,94
D_STR08750,D_U0004,D0049,2026-03-05 17:55:07.866554,236
D_STR08751,D_U0018,D0042,2026-02-25 15:12:29.569414,33
D_STR08752,D_U0098,D0021,2026-02-20 00:13:34.862729,16
D_STR08753,D_U0088,D0044,2026-02-06 21:06:47.924948,151
D_STR08754,D_U0091,D0017,2026-02-12 06:29:56.243824,127
D_STR08755,D_U0019,D0030,2026-02-04 12:50:33.259688,153
D_STR08756,D_U0064,D0035,2026-02-09 17:07:33.674726,247
D_STR08757,D_U0090,D0025,2026-02-06 11:27:25.743273,175
D_STR08758,D_U0011,D0017,2026-02-09 12:50:09.932082,139
D_STR08759,D_U0056,D0033,2026-02-14 00:34:01.743444,75
D_STR08760,D_U0002,D0044,2026-02-16 02:00:44.940928,14
D_STR08761,D_U0021,D0045,2026-02-15 10:45:17.847534,136
D_STR08762,D_U0010,D0048,2026-02-22 06:28:01.195517,200
D_STR08763,D_U0061,D0047,2026-02-17 07:56:05.532722,167
D_STR08764,D_U0063,D0035,2026-02-04 20:47:58.763962,231
D_STR08765,D_U0071,D0036,2026-03-06 08:12:37.040823,10
D_STR08766,D_U0084,D0038,2026-03-01 05:29:29.586517,149
D_STR08767,D_U0075,D0049,2026-02-14 13:55:09.116456,105
D_STR08768,D_U0083,D0025,2026-02-20 23:13:00.671272,10
D_STR08769,D_U0006,D0015,2026-02-11 02:16:39.000555,163
D_STR08770,D_U0016,D0009,2026-02-06 19:02:53.709471,23
D_STR08771,D_U0075,D0045,2026-02-28 09:41:09.093864,142
D_STR08772,D_U0036,D0026,2026-02-05 16:39:42.147085,87
D_STR08773,D_U0087,D0034,2026-02-26 04:38:05.652802,11
D_STR08774,D_U0004,D0030,2026-02-16 08:03:39.407302,77
D_STR08775,D_U0090,D0026,2026-02-15 07:29:40.883851,107
D_STR08776,D_U0019,D0027,2026-02-20 04:31:40.210058,51
D_STR08777,D_U0031,D0033,2026-02-12 06:12:31.139392,225
D_STR08778,D_U0031,D0045,2026-02-28 16:31:32.287625,49
D_STR08779,D_U0099,D0001,2026-02-08 13:16:13.529660,71
D_STR08780,D_U0076,D0017,2026-03-05 20:05:55.607463,79
D_STR08781,D_U0035,D0032,2026-02-11 06:08:24.116118,144
D_STR08782,D_U0085,D0044,2026-02-20 03:56:52.598309,188
D_STR08783,D_U0062,D0035,2026-02-09 10:00:04.250937,171
D_STR08784,D_U0089,D0031,2026-02-11 00:50:28.990551,11
D_STR08785,D_U0041,D0029,2026-02-23 11:47:55.162995,125
D_STR08786,D_U0058,D0020,2026-02-09 08:53:21.677716,76
D_STR08787,D_U0076,D0037,2026-03-01 08:58:15.744061,173
D_STR08788,D_U0003,D0045,2026-02-23 04:02:39.814428,105
D_STR08789,D_U0055,D0020,2026-02-08 01:12:54.314727,7
D_STR08790,D_U0033,D0033,2026-03-05 02:30:58.383256,23
D_STR08791,D_U0074,D0012,2026-03-04 07:38:12.257471,15
D_STR08792,D_U0035,D0023,2026-02-14 18:21:51.340082,10
D_STR08793,D_U0058,D0024,2026-02-23 14:07:26.084646,164
D_STR08794,D_U0007,D0046,2026-02-26 03:00:14.104393,145
D_STR08795,D_U0055,D0047,2026-02-26 10:27:49.526737,99
D_STR08796,D_U0004,D0046,2026-02-26 23:29:27.100526,111
D_STR08797,D_U0043,D0028,2026-02-19 22:05:49.677320,41
D_STR08798,D_U0043,D0019,2026-02-27 22:17:09.773086,88
D_STR08799,D_U0058,D0046,2026-02-24 12:54:48.092598,234
D_STR08800,D_U0012,D0036,2026-02-12 19:23:47.647236,232
D_STR08801,D_U0018,D0050,2026-02-06 03:50:33.202198,291
D_STR08802,D_U0075,D0011,2026-02-22 15:51:55.481645,68
D_STR08803,D_U0067,D0046,2026-03-02 06:56:53.827519,30
D_STR08804,D_U0061,D0029,2026-02-17 00:21:29.973099,171
D_STR08805,D_U0015,D0024,2026-03-01 19:41:19.235049,110
D_STR08806,D_U0099,D0012,2026-02-06 12:16:04.913419,97
D_STR08807,D_U0084,D0042,2026-03-05 22:19:24.612859,179
D_STR08808,D_U0055,D0035,2026-02-08 01:08:16.953833,291
D_STR08809,D_U0067,D0040,2026-03-06 05:26:08.137808,78
D_STR08810,D_U0096,D0011,2026-02-14 20:14:57.819081,205
D_STR08811,D_U0025,D0024,2026-02-14 00:31:17.835695,66
D_STR08812,D_U0022,D0037,2026-02-16 08:20:31.707857,223
D_STR08813,D_U0097,D0023,2026-02-14 07:52:25.276694,87
D_STR08814,D_U0037,D0050,2026-02-14 06:36:09.767953,20
D_STR08815,D_U0053,D0048,2026-03-02 10:17:58.021688,158
D_STR08816,D_U0061,D0042,2026-02-14 22:35:08.005162,334
D_STR08817,D_U0077,D0044,2026-02-05 02:08:13.910894,160
D_STR08818,D_U0048,D0043,2026-02-24 10:30:37.309252,164
D_STR08819,D_U0044,D0030,2026-02-19 16:22:13.468699,45
D_STR08820,D_U0018,D0037,2026-02-14 13:19:34.469870,57
D_STR08821,D_U0015,D0050,2026-03-05 12:52:36.032377,161
D_STR08822,D_U0059,D0046,2026-02-24 09:50:27.517411,55
D_STR08823,D_U0036,D0023,2026-03-04 19:56:04.975517,67
D_STR08824,D_U0044,D0033,2026-02-19 15:24:00.850188,173
D_STR08825,D_U0075,D0011,2026-02-15 00:45:46.972552,109
D_STR08826,D_U0078,D0045,2026-02-04 15:38:50.363384,111
D_STR08827,D_U0040,D0033,2026-02-27 12:08:00.176425,41
D_STR08828,D_U0070,D0013,2026-02-27 05:58:45.388423,87
D_STR08829,D_U0017,D0037,2026-02-21 19:13:35.654751,74
D_STR08830,D_U0014,D0043,2026-02-22 14:48:54.028880,13
D_STR08831,D_U0054,D0009,2026-03-05 06:32:41.106674,103
D_STR08832,D_U0028,D0030,2026-02-18 03:10:25.227856,83
D_STR08833,D_U0014,D0046,2026-02-10 04:02:32.641251,12
D_STR08834,D_U0043,D0023,2026-02-27 20:09:56.620438,116
D_STR08835,D_U0024,D0010,2026-02-19 03:23:15.953614,129
D_STR08836,D_U0045,D0050,2026-02-26 01:09:05.944950,196
D_STR08837,D_U0053,D0043,2026-02-28 13:09:09.882509,71
D_STR08838,D_U0036,D0043,2026-02-26 07:59:57.529301,126
D_STR08839,D_U0012,D0037,2026-02-21 13:20:16.956084,266
D_STR08840,D_U0045,D0028,2026-02-26 13:13:58.423869,114
D_STR08841,D_U0002,D0040,2026-02-14 19:56:00.315074,26
D_STR08842,D_U0032,D0041,2026-02-10 14:21:10.175249,170
D_STR08843,D_U0016,D0042,2026-02-11 02:21:45.450495,268
D_STR08844,D_U0040,D0038,2026-02-18 23:50:29.546628,181
D_STR08845,D_U0016,D0043,2026-02-09 15:40:47.305434,55
D_STR08846,D_U0004,D0016,2026-03-05 05:34:34.014798,46
D_STR08847,D_U0065,D0045,2026-02-19 14:09:15.454331,140
D_STR08848,D_U0035,D0004,2026-02-05 16:40:03.486730,150
D_STR08849,D_U0023,D0042,2026-02-19 12:41:02.855690,149
D_STR08850,D_U0016,D0031,2026-02-20 14:23:11.459683,57
D_STR08851,D_U0023,D0039,2026-03-03 09:00:22.394327,271
D_STR08852,D_U0014,D0050,2026-02-12 05:09:00.800359,296
D_STR08853,D_U0021,D0015,2026-02-07 22:06:48.489349,202
D_STR08854,D_U0095,D0038,2026-02-26 07:02:10.465138,86
D_STR08855,D_U0020,D0030,2026-02-17 10:23:03.935934,123
D_STR08856,D_U0036,D0023,2026-02-20 20:53:40.910753,20
D_STR08857,D_U0020,D0023,2026-02-10 14:43:18.699665,52
D_STR08858,D_U0002,D0046,2026-02-13 18:50:24.373126,169
D_STR08859,D_U0028,D0036,2026-02-11 00:43:18.507454,97
D_STR08860,D_U0026,D0030,2026-02-08 05:30:08.923409,62
D_STR08861,D_U0100,D0043,2026-02-19 00:13:04.147923,155
D_STR08862,D_U0031,D0025,2026-02-15 04:59:19.043362,15
D_STR08863,D_U0012,D0035,2026-02-22 22:11:17.244952,299
D_STR08864,D_U0059,D0048,2026-02-12 18:05:00.219336,174
D_STR08865,D_U0035,D0019,2026-02-18 07:55:47.047929,241
D_STR08866,D_U0077,D0006,2026-02-25 04:13:38.209305,85
D_STR08867,D_U0016,D0041,2026-02-18 11:58:35.181255,160
D_STR08868,D_U0028,D0049,2026-02-06 03:37:14.463274,193
D_STR08869,D_U0019,D0010,2026-02-04 13:02:38.611249,50
D_STR08870,D_U0079,D0033,2026-02-24 03:39:05.716392,241
D_STR08871,D_U0100,D0019,2026-02-18 22:36:05.362235,103
D_STR08872,D_U0082,D0010,2026-02-25 18:11:22.296214,141
D_STR08873,D_U0018,D0023,2026-02-25 16:59:07.830375,69
D_STR08874,D_U0079,D0034,2026-02-23 16:36:44.018183,76
D_STR08875,D_U0076,D0040,2026-02-05 05:20:54.383026,326
D_STR08876,D_U0074,D0046,2026-02-17 17:01:53.509200,148
D_STR08877,D_U0091,D0043,2026-02-27 14:49:51.953777,189
D_STR08878,D_U0068,D0016,2026-02-19 11:37:16.867661,96
D_STR08879,D_U0097,D0010,2026-02-14 08:36:18.898490,231
D_STR08880,D_U0061,D0041,2026-02-22 08:11:00.623253,63
D_STR08881,D_U0089,D0016,2026-02-24 21:31:19.485512,135
D_STR08882,D_U0045,D0040,2026-02-24 17:09:22.964360,7
D_STR08883,D_U0025,D0043,2026-03-02 20:29:55.901623,10
D_STR08884,D_U0014,D0027,2026-02-20 05:18:36.975509,86
D_STR08885,D_U0086,D0021,2026-02-21 16:20:30.761117,121
D_STR08886,D_U0042,D0022,2026-03-01 07:44:56.344551,72
D_STR08887,D_U0034,D0035,2026-02-21 11:41:11.693169,65
D_STR08888,D_U0071,D0042,2026-02-24 00:00:29.234853,50
D_STR08889,D_U0034,D0046,2026-02-24 18:16:44.570929,98
D_STR08890,D_U0020,D0040,2026-02-27 08:55:39.867811,142
D_STR08891,D_U0037,D0046,2026-02-21 03:07:29.780619,72
D_STR08892,D_U0055,D0033,2026-02-23 19:07:02.496962,43
D_STR08893,D_U0022,D0029,2026-03-03 08:31:50.722848,76
D_STR08894,D_U0012,D0044,2026-02-28 10:41:57.298397,273
D_STR08895,D_U0052,D0023,2026-02-28 14:29:25.646940,62
D_STR08896,D_U0096,D0049,2026-02-10 19:08:13.650092,78
D_STR08897,D_U0077,D0035,2026-02-17 08:24:07.926434,56
D_STR08898,D_U0057,D0010,2026-02-04 10:42:04.574545,107
D_STR08899,D_U0065,D0035,2026-02-27 01:01:08.340083,34
D_STR08900,D_U0008,D0049,2026-02-17 01:13:19.756455,89
D_STR08901,D_U0027,D0050,2026-02-08 02:30:43.995629,128
D_STR08902,D_U0036,D0021,2026-02-28 05:44:52.713127,190
D_STR08903,D_U0082,D0041,2026-03-05 19:19:23.404907,134
D_STR08904,D_U0086,D0047,2026-02-14 18:47:16.710950,81
D_STR08905,D_U0089,D0038,2026-02-25 15:15:59.649454,154
D_STR08906,D_U0065,D0041,2026-02-23 05:31:14.470905,38
D_STR08907,D_U0100,D0035,2026-02-11 13:46:11.984723,110
D_STR08908,D_U0020,D0023,2026-02-24 22:02:37.055495,90
D_STR08909,D_U0030,D0046,2026-03-01 14:39:14.836078,85
D_STR08910,D_U0073,D0029,2026-03-06 05:45:19.532701,64
D_STR08911,D_U0045,D0033,2026-02-04 13:21:26.015402,247
D_STR08912,D_U0030,D0013,2026-03-03 15:33:32.416964,5
D_STR08913,D_U0090,D0046,2026-02-28 15:46:11.406657,87
D_STR08914,D_U0020,D0027,2026-02-11 01:04:01.854672,106
D_STR08915,D_U0029,D0031,2026-03-06 09:16:25.815538,44
D_STR08916,D_U0043,D0019,2026-02-15 05:30:41.543514,192
D_STR08917,D_U0064,D0038,2026-02-13 02:25:19.440783,14
D_STR08918,D_U0084,D0043,2026-02-17 01:33:06.570176,55
D_STR08919,D_U0070,D0049,2026-03-03 22:27:45.534069,64
D_STR08920,D_U0011,D0042,2026-02-09 10:26:36.254270,24
D_STR08921,D_U0071,D0047,2026-02-05 09:15:55.759374,64
D_STR08922,D_U0043,D0035,2026-02-16 22:12:37.403773,196
D_STR08923,D_U0100,D0026,2026-02-06 14:07:08.045827,18
D_STR08924,D_U0027,D0022,2026-02-18 14:25:57.866552,101
D_STR08925,D_U0073,D0021,2026-02-19 14:39:53.135038,166
D_STR08926,D_U0082,D0016,2026-02-05 06:09:54.446501,64
D_STR08927,D_U0009,D0050,2026-02-12 16:50:02.301121,332
D_STR08928,D_U0027,D0047,2026-03-03 10:56:34.115389,162
D_STR08929,D_U0034,D0050,2026-02-19 22:53:01.839709,174
D_STR08930,D_U0043,D0015,2026-02-05 18:41:29.560431,328
D_STR08931,D_U0010,D0042,2026-02-21 14:13:45.860773,130
D_STR08932,D_U0054,D0028,2026-02-20 07:34:33.248898,89
D_STR08933,D_U0053,D0041,2026-02-23 01:13:15.969403,170
D_STR08934,D_U0077,D0049,2026-02-06 11:11:50.772358,129
D_STR08935,D_U0026,D0011,2026-02-11 18:39:02.734891,182
D_STR08936,D_U0088,D0029,2026-03-05 15:47:59.348264,116
D_STR08937,D_U0071,D0015,2026-02-25 01:34:45.841969,257
D_STR08938,D_U0011,D0044,2026-02-16 01:37:46.216501,200
D_STR08939,D_U0025,D0023,2026-02-06 21:55:58.223738,114
D_STR08940,D_U0030,D0040,2026-02-28 18:48:51.658012,335
D_STR08941,D_U0018,D0039,2026-02-14 09:26:41.071713,270
D_STR08942,D_U0029,D0029,2026-03-02 23:20:38.630726,26
D_STR08943,D_U0052,D0042,2026-02-25 19:36:43.235263,172
D_STR08944,D_U0049,D0028,2026-02-20 04:17:21.765823,23
D_STR08945,D_U0078,D0037,2026-02-12 06:15:09.741165,147
D_STR08946,D_U0023,D0046,2026-02-23 15:37:13.215201,16
D_STR08947,D_U0002,D0044,2026-03-03 14:48:28.145466,155
D_STR08948,D_U0025,D0028,2026-02-28 11:08:00.569156,70
D_STR08949,D_U0019,D0039,2026-02-14 08:25:40.261520,302
D_STR08950,D_U0029,D0015,2026-02-13 21:41:59.229692,343
D_STR08951,D_U0073,D0038,2026-02-20 22:30:58.270910,59
D_STR08952,D_U0023,D0036,2026-02-16 11:50:19.911913,242
D_STR08953,D_U0007,D0045,2026-02-05 07:25:39.039993,132
D_STR08954,D_U0010,D0032,2026-02-10 19:34:44.225008,216
D_STR08955,D_U0038,D0035,2026-02-23 11:43:49.881217,214
D_STR08956,D_U0051,D0038,2026-02-26 10:06:47.707111,140
D_STR08957,D_U0097,D0026,2026-02-20 14:46:25.179017,28
D_STR08958,D_U0006,D0036,2026-02-09 09:29:59.908723,60
D_STR08959,D_U0061,D0017,2026-03-04 05:59:53.390260,7
D_STR08960,D_U0098,D0020,2026-02-25 21:01:21.017379,39
D_STR08961,D_U0040,D0016,2026-02-07 09:45:34.116033,124
D_STR08962,D_U0003,D0010,2026-02-09 18:37:58.122720,8
D_STR08963,D_U0006,D0050,2026-03-02 08:48:50.959260,258
D_STR08964,D_U0045,D0042,2026-02-04 19:50:17.225753,64
D_STR08965,D_U0036,D0023,2026-02-07 13:23:29.737470,80
D_STR08966,D_U0073,D0049,2026-02-10 13:58:41.108247,42
D_STR08967,D_U0008,D0007,2026-02-21 19:53:37.222653,43
D_STR08968,D_U0094,D0037,2026-02-27 05:22:24.071442,316
D_STR08969,D_U0089,D0048,2026-02-23 10:51:22.534156,58
D_STR08970,D_U0040,D0036,2026-02-14 21:24:24.373016,198
D_STR08971,D_U0019,D0035,2026-03-02 19:44:39.763801,255
D_STR08972,D_U0008,D0046,2026-02-11 09:12:42.757391,46
D_STR08973,D_U0098,D0046,2026-02-23 19:31:50.535576,89
D_STR08974,D_U0073,D0041,2026-02-15 10:37:21.222803,26
D_STR08975,D_U0055,D0046,2026-03-05 01:03:18.555118,80
D_STR08976,D_U0003,D0043,2026-03-03 23:32:30.113823,121
D_STR08977,D_U0037,D0046,2026-02-12 17:51:25.929700,25
D_STR08978,D_U0098,D0033,2026-02-05 05:34:23.168109,91
D_STR08979,D_U0085,D0027,2026-02-08 20:41:55.932016,59
D_STR08980,D_U0031,D0036,2026-03-01 09:44:27.200435,79
D_STR08981,D_U0047,D0047,2026-02-05 18:57:59.844884,172
D_STR08982,D_U0041,D0047,2026-03-05 12:42:42.362060,172
D_STR08983,D_U0018,D0013,2026-02-25 13:09:54.793869,97
D_STR08984,D_U0021,D0018,2026-02-09 06:10:50.533698,71
D_STR08985,D_U0033,D0032,2026-02-21 18:02:15.490793,34
D_STR08986,D_U0058,D0018,2026-02-28 15:45:26.456067,15
D_STR08987,D_U0099,D0035,2026-02-21 21:01:23.460812,115
D_STR08988,D_U0083,D0015,2026-02-15 13:27:22.601107,207
D_STR08989,D_U0051,D0049,2026-02-18 22:46:40.402583,188
D_STR08990,D_U0052,D0047,2026-02-12 08:51:00.978586,100
D_STR08991,D_U0009,D0049,2026-02-27 04:46:45.695581,104
D_STR08992,D_U0010,D0047,2026-02-23 04:58:51.197253,164
D_STR08993,D_U0061,D0035,2026-02-18 02:32:22.051794,139
D_STR08994,D_U0047,D0025,2026-02-26 15:39:46.793225,27
D_STR08995,D_U0057,D0035,2026-03-05 02:15:23.598030,38
D_STR08996,D_U0054,D0034,2026-02-12 18:34:12.010796,63
D_STR08997,D_U0033,D0020,2026-03-02 13:42:00.153876,240
D_STR08998,D_U0048,D0026,2026-02-12 08:45:07.076212,12
D_STR08999,D_U0060,D0048,2026-03-04 21:48:36.800195,190
D_STR09000,D_U0036,D0050,2026-02-27 04:53:51.248041,177
D_STR09001,D_U0006,D0042,2026-02-04 22:20:39.629043,128
D_STR09002,D_U0062,D0024,2026-02-28 18:16:31.751894,42
D_STR09003,D_U0061,D0035,2026-02-27 15:52:14.539631,339
D_STR09004,D_U0058,D0037,2026-02-28 19:02:47.446154,62
D_STR09005,D_U0087,D0047,2026-02-13 09:04:33.174028,132
D_STR09006,D_U0100,D0048,2026-02-21 22:05:07.949708,196
D_STR09007,D_U0079,D0041,2026-03-02 00:28:46.093966,67
D_STR09008,D_U0018,D0049,2026-02-20 02:21:08.289010,12
D_STR09009,D_U0075,D0024,2026-02-20 00:50:56.765055,122
D_STR09010,D_U0038,D0029,2026-02-26 10:03:15.648025,35
D_STR09011,D_U0019,D0019,2026-02-11 23:34:16.267934,112
D_STR09012,D_U0009,D0045,2026-02-09 05:14:20.051658,14
D_STR09013,D_U0045,D0026,2026-02-12 08:27:48.498307,60
D_STR09014,D_U0058,D0007,2026-02-26 23:54:33.926806,279
D_STR09015,D_U0010,D0042,2026-02-07 14:45:47.270186,222
D_STR09016,D_U0078,D0039,2026-03-03 03:05:08.907797,239
D_STR09017,D_U0069,D0015,2026-02-17 03:49:16.492237,99
D_STR09018,D_U0049,D0011,2026-02-22 06:56:35.129530,73
D_STR09019,D_U0094,D0024,2026-02-28 10:23:50.793615,209
D_STR09020,D_U0091,D0021,2026-02-11 04:16:12.846333,65
D_STR09021,D_U0053,D0035,2026-02-05 01:26:27.619605,285
D_STR09022,D_U0067,D0011,2026-02-17 13:40:41.441926,74
D_STR09023,D_U0092,D0037,2026-03-02 17:16:31.223871,341
D_STR09024,D_U0063,D0032,2026-02-23 20:24:09.627068,7
D_STR09025,D_U0020,D0031,2026-02-23 04:32:08.492837,67
D_STR09026,D_U0031,D0013,2026-02-15 10:35:45.588615,116
D_STR09027,D_U0021,D0031,2026-03-03 22:36:33.722865,108
D_STR09028,D_U0007,D0039,2026-02-21 03:20:43.478324,14
D_STR09029,D_U0048,D0041,2026-02-11 21:02:10.289504,162
D_STR09030,D_U0019,D0005,2026-02-14 09:37:01.544667,150
D_STR09031,D_U0059,D0026,2026-02-14 04:15:46.231788,78
D_STR09032,D_U0007,D0048,2026-03-03 03:33:44.397629,223
D_STR09033,D_U0058,D0050,2026-02-11 13:57:42.413190,189
D_STR09034,D_U0034,D0035,2026-03-03 00:10:40.910845,44
D_STR09035,D_U0038,D0032,2026-02-10 16:33:05.803842,214
D_STR09036,D_U0005,D0019,2026-02-10 12:20:12.734209,15
D_STR09037,D_U0001,D0015,2026-02-15 21:23:55.529470,267
D_STR09038,D_U0056,D0017,2026-02-17 18:06:14.079907,204
D_STR09039,D_U0044,D0021,2026-03-04 17:37:25.411176,137
D_STR09040,D_U0017,D0045,2026-02-17 02:08:28.944043,21
D_STR09041,D_U0033,D0027,2026-02-24 00:52:39.140505,37
D_STR09042,D_U0075,D0035,2026-02-26 15:34:35.722589,178
D_STR09043,D_U0049,D0019,2026-02-20 22:15:49.351453,201
D_STR09044,D_U0037,D0048,2026-02-22 20:05:15.869947,90
D_STR09045,D_U0079,D0045,2026-02-20 04:51:23.670037,111
D_STR09046,D_U0070,D0008,2026-02-10 05:27:48.951555,210
D_STR09047,D_U0028,D0040,2026-02-13 19:12:48.061888,300
D_STR09048,D_U0007,D0042,2026-02-23 17:37:24.009926,105
D_STR09049,D_U0044,D0008,2026-02-19 11:39:36.919249,176
D_STR09050,D_U0070,D0049,2026-02-11 07:32:28.187912,216
D_STR09051,D_U0002,D0032,2026-02-05 11:13:29.731761,146
D_STR09052,D_U0028,D0020,2026-02-11 18:40:05.031188,286
D_STR09053,D_U0079,D0016,2026-02-28 21:28:21.599027,129
D_STR09054,D_U0012,D0037,2026-03-04 12:45:36.168383,114
D_STR09055,D_U0041,D0028,2026-02-13 06:36:51.115781,94
D_STR09056,D_U0075,D0032,2026-03-01 07:07:14.732490,170
D_STR09057,D_U0078,D0033,2026-03-01 01:39:43.335817,234
D_STR09058,D_U0060,D0005,2026-03-02 13:35:42.548303,201
D_STR09059,D_U0058,D0025,2026-02-21 01:18:17.106325,154
D_STR09060,D_U0039,D0037,2026-02-06 02:38:53.472881,257
D_STR09061,D_U0075,D0036,2026-02-27 22:33:05.434660,228
D_STR09062,D_U0090,D0041,2026-02-17 04:02:00.360993,147
D_STR09063,D_U0077,D0041,2026-02-06 11:30:50.616898,27
D_STR09064,D_U0041,D0037,2026-02-19 04:53:21.939888,235
D_STR09065,D_U0017,D0046,2026-02-12 10:59:24.305225,262
D_STR09066,D_U0094,D0043,2026-02-05 15:36:51.966731,134
D_STR09067,D_U0007,D0047,2026-03-04 18:45:39.800333,212
D_STR09068,D_U0029,D0012,2026-02-05 04:42:25.767068,74
D_STR09069,D_U0100,D0028,2026-02-24 03:59:09.757313,26
D_STR09070,D_U0100,D0034,2026-02-08 09:56:49.384378,168
D_STR09071,D_U0012,D0027,2026-02-15 06:01:02.827043,73
D_STR09072,D_U0033,D0048,2026-02-11 13:57:38.628427,219
D_STR09073,D_U0087,D0034,2026-02-07 09:07:30.486689,58
D_STR09074,D_U0096,D0025,2026-02-15 11:08:02.220112,144
D_STR09075,D_U0003,D0047,2026-02-23 14:59:02.103572,205
D_STR09076,D_U0060,D0026,2026-02-07 21:47:52.881122,115
D_STR09077,D_U0072,D0027,2026-02-18 11:36:53.625261,142
D_STR09078,D_U0068,D0019,2026-02-18 08:24:40.436380,192
D_STR09079,D_U0044,D0046,2026-02-06 23:24:29.848075,131
D_STR09080,D_U0072,D0026,2026-02-25 15:05:27.680287,64
D_STR09081,D_U0066,D0021,2026-02-28 03:25:54.967473,37
D_STR09082,D_U0011,D0035,2026-02-25 09:51:02.356876,98
D_STR09083,D_U0038,D0011,2026-02-19 00:30:52.949567,213
D_STR09084,D_U0035,D0023,2026-02-06 00:06:46.678432,36
D_STR09085,D_U0014,D0032,2026-02-04 18:36:32.162308,162
D_STR09086,D_U0051,D0041,2026-02-10 11:26:37.379920,107
D_STR09087,D_U0068,D0022,2026-02-22 17:23:46.408248,160
D_STR09088,D_U0079,D0009,2026-02-20 09:58:42.634744,10
D_STR09089,D_U0090,D0048,2026-02-06 02:20:41.544461,19
D_STR09090,D_U0017,D0006,2026-02-17 05:39:35.345882,266
D_STR09091,D_U0023,D0047,2026-02-07 02:04:48.665613,216
D_STR09092,D_U0012,D0007,2026-02-24 04:15:58.526699,292
D_STR09093,D_U0016,D0048,2026-03-03 14:54:55.533664,102
D_STR09094,D_U0023,D0041,2026-02-16 09:56:59.963103,85
D_STR09095,D_U0058,D0043,2026-03-05 02:01:30.704910,159
D_STR09096,D_U0032,D0012,2026-02-22 19:41:48.981948,45
D_STR09097,D_U0002,D0047,2026-03-03 13:12:24.419976,17
D_STR09098,D_U0063,D0037,2026-02-23 01:10:06.753011,176
D_STR09099,D_U0042,D0042,2026-02-26 06:45:53.375685,101
D_STR09100,D_U0082,D0041,2026-02-25 00:47:36.442301,38
D_STR09101,D_U0074,D0034,2026-02-10 02:50:34.281217,70
D_STR09102,D_U0061,D0037,2026-02-13 02:06:37.444638,248
D_STR09103,D_U0059,D0037,2026-02-19 22:48:36.912609,149
D_STR09104,D_U0009,D0042,2026-02-07 08:02:27.913959,323
D_STR09105,D_U0008,D0049,2026-02-07 07:21:32.632357,31
D_STR09106,D_U0011,D0034,2026-02-14 13:52:07.745662,119
D_STR09107,D_U0019,D0009,2026-02-08 19:56:25.043630,75
D_STR09108,D_U0100,D0033,2026-02-09 06:34:27.270274,236
D_STR09109,D_U0051,D0030,2026-02-14 01:58:18.210685,172
D_STR09110,D_U0066,D0024,2026-02-06 10:11:43.014848,20
D_STR09111,D_U0005,D0038,2026-02-20 09:19:12.700786,128
D_STR09112,D_U0056,D0043,2026-02-20 13:31:40.439740,156
D_STR09113,D_U0100,D0043,2026-02-09 22:07:08.047681,119
D_STR09114,D_U0064,D0038,2026-03-01 08:44:47.516523,88
D_STR09115,D_U0015,D0021,2026-02-11 12:03:48.707768,17
D_STR09116,D_U0085,D0025,2026-02-16 03:22:16.293803,103
D_STR09117,D_U0035,D0029,2026-02-27 02:40:44.399622,54
D_STR09118,D_U0006,D0030,2026-02-22 23:58:11.117593,31
D_STR09119,D_U0027,D0039,2026-02-28 00:06:43.937233,12
D_STR09120,D_U0042,D0017,2026-02-26 11:53:20.199325,92
D_STR09121,D_U0038,D0039,2026-02-18 17:27:49.265406,223
D_STR09122,D_U0098,D0040,2026-02-08 08:56:41.201834,42
D_STR09123,D_U0080,D0032,2026-03-04 12:54:31.979627,13
D_STR09124,D_U0002,D0021,2026-03-05 11:13:06.059474,141
D_STR09125,D_U0018,D0041,2026-02-23 18:58:28.826652,106
D_STR09126,D_U0009,D0040,2026-02-19 10:57:10.607369,111
D_STR09127,D_U0064,D0035,2026-02-26 09:42:41.887614,287
D_STR09128,D_U0062,D0047,2026-02-23 08:29:10.195758,111
D_STR09129,D_U0047,D0019,2026-03-03 14:19:15.726873,231
D_STR09130,D_U0095,D0040,2026-02-21 11:16:57.331884,82
D_STR09131,D_U0054,D0027,2026-02-05 09:12:23.680347,28
D_STR09132,D_U0085,D0043,2026-02-19 09:56:36.402505,145
D_STR09133,D_U0057,D0015,2026-02-24 05:00:55.901811,36
D_STR09134,D_U0099,D0039,2026-02-14 13:40:05.565652,7
D_STR09135,D_U0016,D0012,2026-02-05 13:05:06.225435,263
D_STR09136,D_U0066,D0007,2026-02-24 17:09:18.494636,214
D_STR09137,D_U0028,D0037,2026-02-23 05:50:12.068998,203
D_STR09138,D_U0054,D0046,2026-02-09 20:13:05.267619,192
D_STR09139,D_U0016,D0029,2026-02-11 22:51:47.838788,11
D_STR09140,D_U0017,D0017,2026-02-19 17:38:54.586514,133
D_STR09141,D_U0053,D0015,2026-02-22 01:08:50.657156,221
D_STR09142,D_U0027,D0048,2026-02-17 20:52:47.728969,9
D_STR09143,D_U0053,D0037,2026-02-15 18:24:49.785660,84
D_STR09144,D_U0072,D0006,2026-02-13 23:27:15.628119,166
D_STR09145,D_U0025,D0050,2026-02-11 02:50:09.712711,223
D_STR09146,D_U0096,D0048,2026-03-06 09:22:31.623760,183
D_STR09147,D_U0078,D0023,2026-02-18 06:48:31.701288,18
D_STR09148,D_U0019,D0028,2026-02-22 21:53:59.624031,122
D_STR09149,D_U0067,D0046,2026-03-06 00:18:57.877100,103
D_STR09150,D_U0017,D0014,2026-02-27 11:41:01.454811,199
D_STR09151,D_U0060,D0033,2026-02-08 18:39:48.956799,5
D_STR09152,D_U0064,D0038,2026-02-25 13:07:08.963041,143
D_STR09153,D_U0040,D0019,2026-02-22 03:49:42.809994,124
D_STR09154,D_U0096,D0003,2026-02-25 10:50:46.006818,243
D_STR09155,D_U0078,D0020,2026-02-10 19:26:05.495842,239
D_STR09156,D_U0083,D0034,2026-03-01 08:48:24.216421,84
D_STR09157,D_U0092,D0031,2026-03-02 09:58:57.984141,32
D_STR09158,D_U0005,D0015,2026-02-22 17:28:18.632884,23
D_STR09159,D_U0050,D0032,2026-02-09 20:42:17.760684,169
D_STR09160,D_U0044,D0034,2026-02-12 13:04:27.931463,160
D_STR09161,D_U0059,D0003,2026-02-07 02:02:44.011920,228
D_STR09162,D_U0014,D0033,2026-02-08 15:31:25.850914,136
D_STR09163,D_U0033,D0031,2026-02-09 05:15:44.245099,138
D_STR09164,D_U0093,D0046,2026-02-10 08:36:27.607528,80
D_STR09165,D_U0034,D0043,2026-02-16 03:39:26.285887,17
D_STR09166,D_U0009,D0029,2026-02-23 21:16:08.998108,34
D_STR09167,D_U0003,D0024,2026-02-16 02:20:22.106992,96
D_STR09168,D_U0010,D0038,2026-02-27 20:16:46.630711,136
D_STR09169,D_U0055,D0047,2026-02-27 07:38:52.991641,138
D_STR09170,D_U0045,D0046,2026-02-15 16:31:36.846456,31
D_STR09171,D_U0006,D0042,2026-02-21 18:25:50.278220,148
D_STR09172,D_U0080,D0015,2026-02-13 03:31:24.995233,78
D_STR09173,D_U0092,D0028,2026-02-05 21:21:54.246473,31
D_STR09174,D_U0018,D0047,2026-02-11 16:59:47.065228,87
D_STR09175,D_U0006,D0043,2026-02-11 15:36:28.588661,16
D_STR09176,D_U0065,D0048,2026-02-19 05:23:21.572515,123
D_STR09177,D_U0015,D0027,2026-02-20 09:37:05.742691,94
D_STR09178,D_U0100,D0035,2026-03-03 01:44:11.255144,295
D_STR09179,D_U0033,D0049,2026-03-04 00:45:08.481380,154
D_STR09180,D_U0084,D0032,2026-02-25 15:30:12.806754,158
D_STR09181,D_U0022,D0020,2026-02-28 04:58:28.217918,231
D_STR09182,D_U0038,D0049,2026-02-06 15:10:48.580991,179
D_STR09183,D_U0070,D0033,2026-02-12 07:01:24.298554,242
D_STR09184,D_U0059,D0013,2026-02-05 14:43:29.547896,147
D_STR09185,D_U0059,D0050,2026-02-18 12:20:31.882949,143
D_STR09186,D_U0091,D0044,2026-02-15 22:27:26.830961,41
D_STR09187,D_U0019,D0021,2026-02-24 18:51:26.960857,171
D_STR09188,D_U0049,D0036,2026-02-28 02:38:57.360730,203
D_STR09189,D_U0089,D0047,2026-02-22 10:31:26.357822,189
D_STR09190,D_U0071,D0018,2026-02-09 01:20:11.280738,136
D_STR09191,D_U0072,D0036,2026-03-05 20:10:50.221850,235
D_STR09192,D_U0096,D0050,2026-03-02 22:38:14.038689,217
D_STR09193,D_U0005,D0047,2026-02-12 19:41:38.397993,228
D_STR09194,D_U0021,D0032,2026-02-10 01:34:17.493808,209
D_STR09195,D_U0039,D0020,2026-02-20 01:29:25.776929,23
D_STR09196,D_U0088,D0038,2026-02-09 14:06:18.103572,159
D_STR09197,D_U0045,D0033,2026-02-21 02:54:28.836959,161
D_STR09198,D_U0020,D0046,2026-03-03 07:55:12.866273,211
D_STR09199,D_U0015,D0021,2026-02-18 12:37:38.004209,27
D_STR09200,D_U0087,D0050,2026-02-04 15:26:02.230744,113
D_STR09201,D_U0030,D0036,2026-02-19 00:35:51.237565,19
D_STR09202,D_U0061,D0039,2026-02-06 15:37:53.282673,158
D_STR09203,D_U0038,D0048,2026-02-06 15:28:13.145654,22
D_STR09204,D_U0062,D0047,2026-02-24 09:22:44.105783,121
D_STR09205,D_U0012,D0049,2026-02-10 05:52:25.287385,196
D_STR09206,D_U0047,D0035,2026-02-19 20:55:01.413015,59
D_STR09207,D_U0044,D0034,2026-02-13 20:02:34.130486,26
D_STR09208,D_U0065,D0035,2026-02-09 11:31:30.382432,118
D_STR09209,D_U0029,D0030,2026-02-26 10:06:38.529233,8
D_STR09210,D_U0011,D0028,2026-02-18 00:35:51.045466,237
D_STR09211,D_U0099,D0044,2026-02-06 22:46:39.153391,298
D_STR09212,D_U0091,D0032,2026-02-27 23:33:56.716784,47
D_STR09213,D_U0059,D0040,2026-02-23 16:17:55.685672,167
D_STR09214,D_U0082,D0026,2026-02-19 17:29:06.664968,101
D_STR09215,D_U0006,D0040,2026-02-10 08:33:25.544827,85
D_STR09216,D_U0011,D0038,2026-02-12 10:07:50.425725,151
D_STR09217,D_U0085,D0041,2026-02-07 19:29:15.110632,92
D_STR09218,D_U0012,D0031,2026-02-19 21:32:36.718099,22
D_STR09219,D_U0068,D0048,2026-02-18 02:29:21.404769,12
D_STR09220,D_U0072,D0042,2026-02-12 21:01:34.352842,51
D_STR09221,D_U0003,D0018,2026-02-20 21:17:50.225815,90
D_STR09222,D_U0060,D0030,2026-02-24 10:36:21.896872,33
D_STR09223,D_U0059,D0024,2026-02-14 02:15:14.107513,220
D_STR09224,D_U0047,D0034,2026-02-16 07:57:35.716303,22
D_STR09225,D_U0036,D0036,2026-02-07 07:46:16.549840,186
D_STR09226,D_U0096,D0031,2026-02-14 22:10:01.442010,19
D_STR09227,D_U0089,D0039,2026-02-27 23:55:13.193392,123
D_STR09228,D_U0042,D0016,2026-02-06 06:05:30.162742,43
D_STR09229,D_U0062,D0048,2026-03-01 05:41:42.820035,215
D_STR09230,D_U0056,D0049,2026-03-05 05:32:49.926972,41
D_STR09231,D_U0085,D0034,2026-02-20 18:44:54.873188,170
D_STR09232,D_U0063,D0004,2026-02-23 17:50:12.063322,191
D_STR09233,D_U0096,D0037,2026-03-04 10:42:09.299602,143
D_STR09234,D_U0082,D0021,2026-02-18 00:29:24.461172,210
D_STR09235,D_U0059,D0014,2026-02-11 14:01:27.195697,49
D_STR09236,D_U0078,D0040,2026-03-01 04:51:57.333711,329
D_STR09237,D_U0060,D0034,2026-02-16 01:47:54.316270,161
D_STR09238,D_U0001,D0034,2026-03-05 21:38:22.357118,67
D_STR09239,D_U0047,D0024,2026-03-02 20:23:00.488345,269
D_STR09240,D_U0072,D0025,2026-02-20 19:17:37.196553,107
D_STR09241,D_U0007,D0028,2026-02-22 23:26:25.525441,31
D_STR09242,D_U0023,D0045,2026-02-12 12:52:36.177569,147
D_STR09243,D_U0061,D0047,2026-02-17 18:03:40.145775,58
D_STR09244,D_U0020,D0032,2026-02-24 13:36:02.509226,189
D_STR09245,D_U0028,D0045,2026-02-08 11:45:25.418328,157
D_STR09246,D_U0021,D0047,2026-02-23 00:37:52.386616,94
D_STR09247,D_U0077,D0050,2026-02-21 18:11:20.876755,220
D_STR09248,D_U0029,D0013,2026-02-24 19:39:58.418421,51
D_STR09249,D_U0019,D0042,2026-03-05 22:07:43.802623,161
D_STR09250,D_U0054,D0014,2026-02-26 17:12:43.994811,274
D_STR09251,D_U0089,D0046,2026-02-13 05:14:50.622013,162
D_STR09252,D_U0023,D0043,2026-03-03 22:37:21.335736,175
D_STR09253,D_U0056,D0022,2026-03-01 19:59:50.560793,114
D_STR09254,D_U0025,D0039,2026-02-15 23:28:59.440617,197
D_STR09255,D_U0052,D0032,2026-02-19 21:45:25.540563,178
D_STR09256,D_U0058,D0045,2026-02-14 14:59:06.860409,160
D_STR09257,D_U0071,D0035,2026-03-05 11:39:11.144772,229
D_STR09258,D_U0083,D0007,2026-02-25 09:55:28.945463,254
D_STR09259,D_U0035,D0025,2026-02-22 02:29:44.267114,87
D_STR09260,D_U0037,D0030,2026-02-24 04:14:44.342288,13
D_STR09261,D_U0024,D0048,2026-02-27 05:17:34.471507,65
D_STR09262,D_U0056,D0047,2026-02-06 00:05:58.807700,33
D_STR09263,D_U0065,D0049,2026-02-16 10:20:58.552280,105
D_STR09264,D_U0035,D0028,2026-02-18 10:59:17.177001,202
D_STR09265,D_U0042,D0034,2026-02-05 13:10:58.203850,149
D_STR09266,D_U0053,D0026,2026-02-20 17:59:18.879780,89
D_STR09267,D_U0011,D0030,2026-02-07 22:35:13.156425,62
D_STR09268,D_U0003,D0049,2026-03-06 03:50:33.506817,143
D_STR09269,D_U0092,D0049,2026-02-20 10:53:44.389805,140
D_STR09270,D_U0029,D0048,2026-02-15 00:32:28.699251,69
D_STR09271,D_U0049,D0013,2026-02-28 07:48:54.433160,75
D_STR09272,D_U0084,D0031,2026-02-14 17:52:42.321612,40
D_STR09273,D_U0007,D0035,2026-02-17 07:24:22.906981,135
D_STR09274,D_U0086,D0049,2026-02-08 09:20:42.097627,148
D_STR09275,D_U0091,D0050,2026-02-26 01:59:18.668084,241
D_STR09276,D_U0092,D0026,2026-02-10 23:39:29.374594,40
D_STR09277,D_U0025,D0048,2026-02-14 14:57:19.509568,206
D_STR09278,D_U0089,D0042,2026-02-10 00:54:23.782126,28
D_STR09279,D_U0073,D0027,2026-02-22 06:08:22.469593,63
D_STR09280,D_U0030,D0046,2026-03-03 19:46:41.993248,116
D_STR09281,D_U0055,D0038,2026-02-06 03:36:12.535734,185
D_STR09282,D_U0080,D0022,2026-02-13 06:34:20.270782,118
D_STR09283,D_U0070,D0027,2026-02-21 11:02:55.302068,25
D_STR09284,D_U0024,D0039,2026-02-15 02:14:25.598778,204
D_STR09285,D_U0082,D0031,2026-02-24 17:19:58.461944,104
D_STR09286,D_U0007,D0047,2026-03-02 03:08:18.476573,30
D_STR09287,D_U0073,D0035,2026-02-18 19:18:44.719722,33
D_STR09288,D_U0081,D0044,2026-02-07 20:02:36.816834,222
D_STR09289,D_U0080,D0049,2026-02-16 20:32:14.600312,139
D_STR09290,D_U0058,D0050,2026-02-16 00:52:00.043856,14
D_STR09291,D_U0087,D0028,2026-02-07 05:08:19.218693,42
D_STR09292,D_U0033,D0047,2026-02-22 19:58:35.329321,148
D_STR09293,D_U0085,D0043,2026-02-15 10:11:49.063585,174
D_STR09294,D_U0037,D0045,2026-02-05 04:44:03.612536,104
D_STR09295,D_U0024,D0043,2026-02-26 02:57:34.192683,88
D_STR09296,D_U0088,D0040,2026-02-22 01:48:55.928154,58
D_STR09297,D_U0093,D0044,2026-02-17 23:35:34.103655,223
D_STR09298,D_U0026,D0044,2026-02-04 13:58:48.684677,135
D_STR09299,D_U0008,D0020,2026-03-02 12:30:01.442396,306
D_STR09300,D_U0046,D0027,2026-02-22 13:24:38.269413,75
D_STR09301,D_U0077,D0045,2026-02-16 07:44:17.752711,13
D_STR09302,D_U0034,D0035,2026-02-21 14:20:12.309953,314
D_STR09303,D_U0009,D0035,2026-02-17 23:26:21.662642,61
D_STR09304,D_U0026,D0023,2026-02-16 18:35:54.141128,110
D_STR09305,D_U0056,D0035,2026-03-06 06:35:52.751944,104
D_STR09306,D_U0031,D0011,2026-02-24 20:41:52.476966,201
D_STR09307,D_U0067,D0036,2026-03-05 09:58:10.601534,200
D_STR09308,D_U0020,D0048,2026-02-17 19:04:24.978057,217
D_STR09309,D_U0007,D0040,2026-02-10 10:13:36.284667,136
D_STR09310,D_U0086,D0013,2026-02-18 08:05:09.701670,199
D_STR09311,D_U0033,D0006,2026-02-27 16:15:07.487104,135
D_STR09312,D_U0052,D0049,2026-02-16 20:50:32.153936,106
D_STR09313,D_U0086,D0039,2026-02-06 04:56:29.672148,197
D_STR09314,D_U0092,D0028,2026-02-05 01:46:35.351003,9
D_STR09315,D_U0071,D0023,2026-02-10 09:12:39.829116,75
D_STR09316,D_U0073,D0047,2026-02-11 03:47:28.723971,123
D_STR09317,D_U0062,D0038,2026-03-05 15:26:15.238437,137
D_STR09318,D_U0094,D0041,2026-03-02 21:38:40.813241,110
D_STR09319,D_U0046,D0046,2026-02-28 19:10:45.998507,57
D_STR09320,D_U0011,D0035,2026-02-14 13:03:51.716873,67
D_STR09321,D_U0070,D0019,2026-02-14 08:24:49.811515,184
D_STR09322,D_U0018,D0030,2026-02-15 23:21:47.545633,35
D_STR09323,D_U0060,D0007,2026-02-11 12:11:41.993459,351
D_STR09324,D_U0012,D0017,2026-02-07 04:54:02.690310,241
D_STR09325,D_U0071,D0043,2026-02-14 15:48:58.390875,62
D_STR09326,D_U0045,D0016,2026-03-02 19:05:30.228791,14
D_STR09327,D_U0065,D0043,2026-02-23 06:44:38.067354,81
D_STR09328,D_U0033,D0026,2026-02-07 03:37:29.950570,30
D_STR09329,D_U0089,D0047,2026-02-14 18:59:30.149668,208
D_STR09330,D_U0069,D0049,2026-02-05 07:25:05.140796,221
D_STR09331,D_U0037,D0045,2026-02-27 13:07:50.655684,68
D_STR09332,D_U0082,D0045,2026-02-15 03:58:20.019850,178
D_STR09333,D_U0045,D0034,2026-03-05 07:36:13.024658,153
D_STR09334,D_U0056,D0048,2026-02-05 21:00:12.462399,84
D_STR09335,D_U0010,D0030,2026-02-08 23:31:37.033237,145
D_STR09336,D_U0094,D0026,2026-02-20 18:04:15.963994,89
D_STR09337,D_U0084,D0037,2026-02-15 16:30:00.873743,201
D_STR09338,D_U0098,D0036,2026-03-05 11:19:37.161520,202
D_STR09339,D_U0042,D0008,2026-02-27 10:26:55.005685,181
D_STR09340,D_U0012,D0050,2026-03-01 00:05:45.786648,185
D_STR09341,D_U0064,D0041,2026-02-16 15:18:49.436652,91
D_STR09342,D_U0048,D0026,2026-02-09 19:42:17.324793,65
D_STR09343,D_U0071,D0033,2026-02-11 06:10:24.771673,276
D_STR09344,D_U0045,D0047,2026-03-03 18:52:55.659225,58
D_STR09345,D_U0074,D0029,2026-03-04 11:12:09.838431,123
D_STR09346,D_U0086,D0036,2026-03-01 04:44:59.272941,117
D_STR09347,D_U0097,D0050,2026-02-18 00:36:48.155499,272
D_STR09348,D_U0092,D0050,2026-02-15 13:19:18.765646,80
D_STR09349,D_U0084,D0025,2026-02-09 08:39:34.662860,50
D_STR09350,D_U0019,D0036,2026-03-01 04:17:02.784190,57
D_STR09351,D_U0065,D0037,2026-02-16 12:04:21.254707,347
D_STR09352,D_U0019,D0012,2026-02-12 07:06:12.946728,117
D_STR09353,D_U0089,D0008,2026-02-07 14:10:28.311214,63
D_STR09354,D_U0081,D0038,2026-02-28 11:45:37.964394,102
D_STR09355,D_U0022,D0030,2026-02-14 20:27:22.486987,136
D_STR09356,D_U0036,D0048,2026-03-01 19:33:46.386348,8
D_STR09357,D_U0049,D0027,2026-02-20 02:20:31.445236,122
D_STR09358,D_U0082,D0034,2026-02-12 02:25:08.266023,97
D_STR09359,D_U0022,D0036,2026-02-23 09:22:36.742779,200
D_STR09360,D_U0023,D0038,2026-02-24 00:09:49.659677,18
D_STR09361,D_U0091,D0022,2026-02-07 19:32:41.194545,113
D_STR09362,D_U0054,D0031,2026-02-13 23:14:26.680640,158
D_STR09363,D_U0030,D0036,2026-02-25 17:39:40.948684,72
D_STR09364,D_U0036,D0044,2026-02-26 02:42:01.262603,275
D_STR09365,D_U0015,D0036,2026-02-04 23:49:33.894183,26
D_STR09366,D_U0025,D0038,2026-02-26 20:35:06.370495,97
D_STR09367,D_U0062,D0049,2026-02-23 13:40:46.455977,117
D_STR09368,D_U0028,D0049,2026-03-04 03:20:01.808301,249
D_STR09369,D_U0006,D0014,2026-02-12 18:37:12.809026,12
D_STR09370,D_U0087,D0029,2026-03-05 08:54:45.280727,101
D_STR09371,D_U0033,D0020,2026-02-06 07:02:25.711886,265
D_STR09372,D_U0087,D0023,2026-02-06 14:12:21.433332,127
D_STR09373,D_U0093,D0030,2026-02-18 22:18:13.432440,116
D_STR09374,D_U0071,D0029,2026-03-02 18:48:05.538172,132
D_STR09375,D_U0035,D0028,2026-02-12 01:37:09.164089,5
D_STR09376,D_U0084,D0011,2026-02-27 16:21:58.830957,222
D_STR09377,D_U0033,D0045,2026-03-04 03:33:06.241201,25
D_STR09378,D_U0034,D0047,2026-02-12 22:56:22.057539,229
D_STR09379,D_U0021,D0034,2026-02-21 08:53:50.212310,146
D_STR09380,D_U0065,D0025,2026-02-26 07:12:20.727066,167
D_STR09381,D_U0084,D0045,2026-03-05 01:50:16.525489,32
D_STR09382,D_U0072,D0032,2026-02-19 16:13:10.196286,141
D_STR09383,D_U0080,D0032,2026-02-12 10:28:49.738685,217
D_STR09384,D_U0014,D0048,2026-02-21 22:14:27.023161,62
D_STR09385,D_U0014,D0019,2026-03-02 21:31:14.721509,84
D_STR09386,D_U0081,D0034,2026-02-24 02:38:26.995920,100
D_STR09387,D_U0013,D0011,2026-02-22 07:57:27.769658,96
D_STR09388,D_U0079,D0047,2026-02-11 13:35:06.392575,127
D_STR09389,D_U0002,D0010,2026-02-09 09:10:10.137969,163
D_STR09390,D_U0089,D0049,2026-02-19 07:26:57.757676,150
D_STR09391,D_U0070,D0018,2026-03-02 09:26:09.143840,136
D_STR09392,D_U0085,D0030,2026-03-02 11:28:33.280333,156
D_STR09393,D_U0043,D0019,2026-02-07 05:12:11.575780,118
D_STR09394,D_U0075,D0014,2026-03-03 09:42:53.051768,120
D_STR09395,D_U0100,D0046,2026-02-24 05:51:59.567310,254
D_STR09396,D_U0058,D0037,2026-02-28 07:56:13.916192,278
D_STR09397,D_U0025,D0045,2026-03-04 05:32:30.816774,86
D_STR09398,D_U0045,D0032,2026-03-05 20:17:54.351029,165
D_STR09399,D_U0050,D0048,2026-02-17 21:21:41.256372,68
D_STR09400,D_U0062,D0049,2026-03-02 09:29:36.443195,171
D_STR09401,D_U0057,D0044,2026-03-01 07:25:47.325747,139
D_STR09402,D_U0091,D0027,2026-02-09 00:34:35.063400,96
D_STR09403,D_U0044,D0049,2026-02-15 13:15:38.093193,101
D_STR09404,D_U0097,D0033,2026-02-27 09:44:33.616350,180
D_STR09405,D_U0078,D0028,2026-02-25 06:27:25.695184,47
D_STR09406,D_U0050,D0041,2026-02-28 10:47:30.453899,107
D_STR09407,D_U0019,D0024,2026-02-16 22:19:47.053989,156
D_STR09408,D_U0065,D0043,2026-02-09 12:12:01.283474,108
D_STR09409,D_U0028,D0042,2026-03-04 11:14:20.404047,306
D_STR09410,D_U0080,D0048,2026-02-21 13:30:12.620874,100
D_STR09411,D_U0073,D0035,2026-02-24 10:13:45.480732,280
D_STR09412,D_U0066,D0035,2026-03-02 14:18:54.078983,59
D_STR09413,D_U0058,D0042,2026-02-09 14:13:06.679721,95
D_STR09414,D_U0061,D0037,2026-02-14 00:53:29.778647,103
D_STR09415,D_U0031,D0026,2026-03-02 01:51:29.584872,76
D_STR09416,D_U0015,D0036,2026-02-20 14:23:51.724624,231
D_STR09417,D_U0014,D0048,2026-02-07 10:58:41.086296,29
D_STR09418,D_U0054,D0047,2026-02-18 02:19:24.426200,120
D_STR09419,D_U0063,D0028,2026-02-19 10:18:13.513825,159
D_STR09420,D_U0003,D0036,2026-02-21 15:37:49.838330,188
D_STR09421,D_U0063,D0033,2026-02-16 13:18:36.984064,156
D_STR09422,D_U0075,D0021,2026-02-25 13:27:59.394139,111
D_STR09423,D_U0091,D0032,2026-02-09 04:43:13.124736,138
D_STR09424,D_U0006,D0034,2026-02-22 19:37:33.240032,92
D_STR09425,D_U0065,D0014,2026-02-22 08:09:39.961022,178
D_STR09426,D_U0060,D0045,2026-02-21 23:20:49.133029,112
D_STR09427,D_U0083,D0019,2026-02-10 10:07:37.601470,104
D_STR09428,D_U0073,D0032,2026-02-26 16:47:59.124535,28
D_STR09429,D_U0052,D0012,2026-02-25 00:02:34.521357,218
D_STR09430,D_U0015,D0047,2026-02-08 09:13:02.901304,64
D_STR09431,D_U0071,D0021,2026-02-18 21:37:12.001143,49
D_STR09432,D_U0059,D0028,2026-03-05 10:33:45.563400,51
D_STR09433,D_U0093,D0048,2026-03-03 07:55:04.449159,171
D_STR09434,D_U0037,D0029,2026-03-01 08:24:50.074629,24
D_STR09435,D_U0084,D0036,2026-03-03 22:55:47.550863,165
D_STR09436,D_U0053,D0009,2026-02-19 23:53:43.303501,46
D_STR09437,D_U0040,D0021,2026-03-01 15:45:19.020612,157
D_STR09438,D_U0081,D0045,2026-02-13 19:19:05.135303,122
D_STR09439,D_U0100,D0017,2026-02-10 05:55:35.312432,51
D_STR09440,D_U0021,D0028,2026-02-15 20:41:45.277719,40
D_STR09441,D_U0038,D0046,2026-03-05 00:49:57.078401,151
D_STR09442,D_U0076,D0048,2026-02-18 07:31:18.820640,130
D_STR09443,D_U0028,D0021,2026-02-24 01:44:46.378073,51
D_STR09444,D_U0064,D0025,2026-02-24 15:58:55.452308,169
D_STR09445,D_U0030,D0018,2026-02-19 07:05:09.254071,56
D_STR09446,D_U0004,D0030,2026-02-17 00:00:32.401630,78
D_STR09447,D_U0050,D0043,2026-02-24 16:49:48.868057,44
D_STR09448,D_U0100,D0030,2026-02-21 06:55:02.665486,83
D_STR09449,D_U0083,D0038,2026-02-24 14:30:22.108526,116
D_STR09450,D_U0067,D0012,2026-02-15 19:44:52.576073,77
D_STR09451,D_U0079,D0048,2026-02-26 16:58:07.285480,78
D_STR09452,D_U0063,D0027,2026-02-23 00:04:33.298581,102
D_STR09453,D_U0086,D0012,2026-02-11 17:11:05.394978,11
D_STR09454,D_U0052,D0041,2026-02-20 19:52:38.148835,99
D_STR09455,D_U0070,D0021,2026-02-16 07:10:41.526506,52
D_STR09456,D_U0064,D0037,2026-02-26 14:44:36.549968,111
D_STR09457,D_U0041,D0025,2026-02-09 16:31:47.188480,18
D_STR09458,D_U0054,D0037,2026-02-04 17:02:09.908527,94
D_STR09459,D_U0020,D0016,2026-02-27 06:01:28.705930,13
D_STR09460,D_U0031,D0046,2026-02-28 04:28:10.714991,107
D_STR09461,D_U0017,D0022,2026-02-04 18:10:29.720935,76
D_STR09462,D_U0070,D0044,2026-02-15 07:13:57.338727,299
D_STR09463,D_U0033,D0036,2026-02-24 17:39:30.724234,101
D_STR09464,D_U0068,D0011,2026-02-14 12:45:43.131598,62
D_STR09465,D_U0003,D0027,2026-02-13 13:45:50.128538,70
D_STR09466,D_U0058,D0025,2026-02-28 14:59:48.494753,154
D_STR09467,D_U0088,D0019,2026-02-25 01:09:19.335231,18
D_STR09468,D_U0057,D0019,2026-02-18 15:19:10.034527,8
D_STR09469,D_U0098,D0031,2026-02-17 19:54:05.522931,141
D_STR09470,D_U0069,D0038,2026-02-22 06:45:05.061103,24
D_STR09471,D_U0027,D0037,2026-02-06 00:13:32.711999,303
D_STR09472,D_U0030,D0041,2026-02-05 07:54:38.427751,97
D_STR09473,D_U0025,D0023,2026-02-05 15:34:12.942279,120
D_STR09474,D_U0089,D0049,2026-03-01 17:12:49.865058,213
D_STR09475,D_U0091,D0046,2026-03-01 02:06:30.588621,194
D_STR09476,D_U0008,D0047,2026-02-18 14:23:53.347766,235
D_STR09477,D_U0033,D0048,2026-02-14 17:27:06.102609,226
D_STR09478,D_U0072,D0050,2026-03-02 07:58:44.003531,37
D_STR09479,D_U0086,D0026,2026-03-03 08:19:34.551934,126
D_STR09480,D_U0023,D0023,2026-02-20 17:10:45.711125,126
D_STR09481,D_U0014,D0026,2026-02-17 00:17:29.245283,16
D_STR09482,D_U0080,D0048,2026-03-06 00:05:36.391884,112
D_STR09483,D_U0099,D0015,2026-02-22 15:53:17.023388,330
D_STR09484,D_U0024,D0049,2026-02-28 16:18:03.387264,153
D_STR09485,D_U0056,D0030,2026-03-03 11:42:18.304170,114
D_STR09486,D_U0043,D0050,2026-02-06 16:47:05.479152,211
D_STR09487,D_U0010,D0048,2026-03-06 04:27:59.733032,85
D_STR09488,D_U0100,D0009,2026-02-13 21:51:37.767918,71
D_STR09489,D_U0055,D0043,2026-02-15 03:34:03.005178,108
D_STR09490,D_U0008,D0035,2026-02-17 14:39:25.342484,322
D_STR09491,D_U0020,D0034,2026-02-17 09:52:16.390573,193
D_STR09492,D_U0041,D0049,2026-02-22 08:01:07.790752,50
D_STR09493,D_U0046,D0010,2026-03-06 00:21:00.346425,19
D_STR09494,D_U0046,D0020,2026-02-08 16:52:09.547107,229
D_STR09495,D_U0046,D0013,2026-03-04 17:04:33.732926,9
D_STR09496,D_U0004,D0027,2026-03-04 14:13:00.288985,70
D_STR09497,D_U0069,D0049,2026-02-27 12:47:46.939753,175
D_STR09498,D_U0069,D0039,2026-02-11 11:56:35.593524,179
D_STR09499,D_U0020,D0042,2026-03-04 09:00:07.241538,25
D_STR09500,D_U0035,D0026,2026-02-15 04:28:45.416537,58
D_STR09501,D_U0047,D0045,2026-02-18 13:30:57.488732,182
D_STR09502,D_U0024,D0049,2026-02-12 22:58:36.452683,181
D_STR09503,D_U0010,D0050,2026-03-02 06:02:50.267058,196
D_STR09504,D_U0080,D0012,2026-02-07 14:35:46.714030,193
D_STR09505,D_U0056,D0023,2026-03-01 08:47:51.957103,21
D_STR09506,D_U0030,D0020,2026-02-07 18:55:59.916524,81
D_STR09507,D_U0083,D0044,2026-02-22 08:04:03.970794,192
D_STR09508,D_U0075,D0034,2026-02-26 10:07:31.157745,28
D_STR09509,D_U0068,D0044,2026-02-11 04:35:54.541255,179
D_STR09510,D_U0003,D0046,2026-02-19 06:49:43.035879,147
D_STR09511,D_U0007,D0031,2026-03-06 02:21:28.081162,29
D_STR09512,D_U0089,D0048,2026-03-02 08:13:00.384926,111
D_STR09513,D_U0100,D0028,2026-02-17 20:55:21.390360,189
D_STR09514,D_U0064,D0049,2026-02-05 08:59:52.208441,155
D_STR09515,D_U0086,D0013,2026-02-12 07:38:04.182329,188
D_STR09516,D_U0034,D0044,2026-02-20 09:03:44.189088,178
D_STR09517,D_U0014,D0027,2026-02-22 19:10:48.513121,119
D_STR09518,D_U0004,D0037,2026-02-14 07:39:01.428380,207
D_STR09519,D_U0055,D0031,2026-02-16 13:13:40.141712,122
D_STR09520,D_U0014,D0018,2026-02-19 05:08:25.209951,38
D_STR09521,D_U0090,D0048,2026-03-06 01:06:30.656692,15
D_STR09522,D_U0013,D0048,2026-02-05 08:41:14.795833,134
D_STR09523,D_U0033,D0019,2026-03-04 15:11:25.515802,216
D_STR09524,D_U0045,D0030,2026-02-25 04:13:57.885932,62
D_STR09525,D_U0012,D0048,2026-02-20 17:05:11.908074,146
D_STR09526,D_U0061,D0037,2026-02-22 16:22:08.423681,267
D_STR09527,D_U0038,D0013,2026-02-26 16:32:17.748405,85
D_STR09528,D_U0086,D0033,2026-02-16 05:45:35.732349,164
D_STR09529,D_U0004,D0043,2026-03-01 03:52:50.556549,72
D_STR09530,D_U0087,D0039,2026-02-25 17:11:24.619132,219
D_STR09531,D_U0063,D0031,2026-02-11 20:56:52.246762,92
D_STR09532,D_U0061,D0039,2026-02-04 11:57:41.492507,32
D_STR09533,D_U0007,D0041,2026-03-01 00:51:36.650655,71
D_STR09534,D_U0025,D0018,2026-03-02 06:55:49.250787,40
D_STR09535,D_U0068,D0032,2026-02-19 00:39:13.429728,115
D_STR09536,D_U0092,D0044,2026-02-20 01:57:26.097420,56
D_STR09537,D_U0085,D0019,2026-02-16 04:36:44.124852,15
D_STR09538,D_U0059,D0022,2026-02-18 16:02:23.182974,121
D_STR09539,D_U0083,D0035,2026-03-03 22:36:38.760219,330
D_STR09540,D_U0006,D0045,2026-02-26 03:28:26.458951,143
D_STR09541,D_U0002,D0044,2026-02-04 19:56:23.352118,183
D_STR09542,D_U0058,D0044,2026-02-19 13:42:27.184058,24
D_STR09543,D_U0049,D0035,2026-02-25 17:53:09.541605,272
D_STR09544,D_U0100,D0022,2026-02-06 00:39:19.161359,136
D_STR09545,D_U0006,D0033,2026-02-09 14:35:31.920483,34
D_STR09546,D_U0011,D0005,2026-02-23 06:24:26.924907,170
D_STR09547,D_U0071,D0039,2026-02-18 00:04:27.967196,142
D_STR09548,D_U0041,D0038,2026-02-06 14:52:45.888386,128
D_STR09549,D_U0021,D0049,2026-02-12 22:04:02.101223,105
D_STR09550,D_U0049,D0034,2026-02-15 13:14:27.258024,195
D_STR09551,D_U0087,D0030,2026-02-15 01:15:39.041272,57
D_STR09552,D_U0010,D0029,2026-02-09 22:03:30.400911,132
D_STR09553,D_U0084,D0045,2026-03-05 04:44:19.311323,183
D_STR09554,D_U0038,D0021,2026-02-04 10:38:19.071333,207
D_STR09555,D_U0058,D0029,2026-02-23 03:24:33.732093,135
D_STR09556,D_U0038,D0020,2026-02-04 20:31:01.602315,223
D_STR09557,D_U0091,D0036,2026-02-27 22:57:56.267144,35
D_STR09558,D_U0058,D0028,2026-02-27 16:04:56.539306,219
D_STR09559,D_U0083,D0047,2026-03-05 20:04:19.650821,65
D_STR09560,D_U0082,D0012,2026-02-09 13:19:57.750733,229
D_STR09561,D_U0083,D0046,2026-03-03 00:21:31.274093,25
D_STR09562,D_U0085,D0016,2026-03-02 06:09:37.990220,126
D_STR09563,D_U0076,D0050,2026-02-27 04:55:44.891194,92
D_STR09564,D_U0087,D0019,2026-03-04 22:31:43.283956,72
D_STR09565,D_U0068,D0037,2026-02-17 17:27:55.368466,15
D_STR09566,D_U0096,D0034,2026-02-24 23:55:51.816476,17
D_STR09567,D_U0086,D0042,2026-02-08 03:23:07.035950,337
D_STR09568,D_U0072,D0010,2026-02-07 04:23:41.269519,106
D_STR09569,D_U0075,D0038,2026-03-04 17:33:21.365456,25
D_STR09570,D_U0046,D0035,2026-02-17 13:05:53.615636,316
D_STR09571,D_U0097,D0044,2026-02-23 08:37:57.806558,201
D_STR09572,D_U0087,D0012,2026-03-03 05:29:46.324539,159
D_STR09573,D_U0080,D0042,2026-02-04 19:47:46.448553,74
D_STR09574,D_U0090,D0050,2026-02-27 23:10:58.982934,70
D_STR09575,D_U0084,D0050,2026-02-24 00:31:28.488581,111
D_STR09576,D_U0084,D0041,2026-02-22 00:39:02.627793,152
D_STR09577,D_U0087,D0041,2026-02-22 13:40:51.478876,22
D_STR09578,D_U0062,D0028,2026-03-04 15:37:18.171257,111
D_STR09579,D_U0100,D0040,2026-03-04 18:22:12.364431,255
D_STR09580,D_U0087,D0033,2026-02-20 11:35:04.494800,244
D_STR09581,D_U0058,D0021,2026-02-06 16:30:51.767955,85
D_STR09582,D_U0081,D0019,2026-02-07 19:29:35.424399,236
D_STR09583,D_U0049,D0033,2026-02-09 05:20:14.662816,198
D_STR09584,D_U0088,D0049,2026-02-21 00:22:00.062964,148
D_STR09585,D_U0021,D0030,2026-02-18 08:18:55.578745,38
D_STR09586,D_U0075,D0050,2026-02-24 02:40:28.872736,181
D_STR09587,D_U0044,D0048,2026-02-14 18:47:32.071532,91
D_STR09588,D_U0068,D0049,2026-02-18 18:35:22.471671,193
D_STR09589,D_U0099,D0039,2026-02-28 02:31:32.648746,67
D_STR09590,D_U0078,D0040,2026-03-03 00:08:28.374431,85
D_STR09591,D_U0035,D0013,2026-02-27 07:42:18.983651,106
D_STR09592,D_U0072,D0048,2026-02-25 12:26:12.572892,55
D_STR09593,D_U0039,D0038,2026-02-21 04:12:34.271077,101
D_STR09594,D_U0052,D0038,2026-02-08 05:32:41.679761,45
D_STR09595,D_U0080,D0031,2026-02-14 17:29:38.095428,118
D_STR09596,D_U0005,D0041,2026-02-07 04:08:58.082642,130
D_STR09597,D_U0092,D0037,2026-02-12 18:55:05.043903,83
D_STR09598,D_U0021,D0022,2026-02-27 08:05:42.581446,135
D_STR09599,D_U0075,D0011,2026-02-11 14:53:45.925895,214
D_STR09600,D_U0093,D0038,2026-02-05 18:15:41.906889,133
D_STR09601,D_U0073,D0025,2026-03-05 00:40:12.141242,141
D_STR09602,D_U0031,D0046,2026-02-13 20:35:57.914524,88
D_STR09603,D_U0002,D0042,2026-02-25 09:27:26.019664,206
D_STR09604,D_U0009,D0019,2026-02-25 21:19:28.486794,228
D_STR09605,D_U0055,D0044,2026-02-16 06:54:34.194067,194
D_STR09606,D_U0022,D0041,2026-02-08 11:55:58.178667,170
D_STR09607,D_U0010,D0014,2026-02-16 14:36:17.450754,112
D_STR09608,D_U0082,D0047,2026-02-26 12:32:39.221166,124
D_STR09609,D_U0055,D0044,2026-02-15 00:11:16.573746,244
D_STR09610,D_U0036,D0042,2026-02-26 07:13:02.340522,177
D_STR09611,D_U0007,D0045,2026-02-06 17:38:33.956803,95
D_STR09612,D_U0075,D0033,2026-02-23 16:47:03.649096,252
D_STR09613,D_U0093,D0049,2026-03-05 08:10:29.432606,104
D_STR09614,D_U0021,D0032,2026-02-13 16:40:36.615238,171
D_STR09615,D_U0071,D0046,2026-03-05 17:03:01.509498,216
D_STR09616,D_U0092,D0024,2026-02-18 22:34:46.105995,218
D_STR09617,D_U0027,D0031,2026-02-22 01:34:55.969930,116
D_STR09618,D_U0008,D0006,2026-02-15 19:29:23.260385,164
D_STR09619,D_U0082,D0046,2026-02-28 16:17:16.434774,183
D_STR09620,D_U0008,D0041,2026-02-17 02:37:22.731993,112
D_STR09621,D_U0027,D0045,2026-03-02 11:35:14.462126,28
D_STR09622,D_U0079,D0028,2026-02-27 06:01:49.040045,70
D_STR09623,D_U0034,D0046,2026-02-12 05:06:03.975238,58
D_STR09624,D_U0010,D0044,2026-03-05 17:02:48.893064,289
D_STR09625,D_U0087,D0018,2026-02-14 07:48:24.768435,13
D_STR09626,D_U0067,D0046,2026-02-28 10:39:31.614680,162
D_STR09627,D_U0030,D0020,2026-03-05 17:40:54.398059,13
D_STR09628,D_U0100,D0002,2026-03-02 03:11:47.906308,207
D_STR09629,D_U0087,D0049,2026-02-16 04:09:30.689644,241
D_STR09630,D_U0075,D0045,2026-02-26 10:05:53.639386,178
D_STR09631,D_U0053,D0026,2026-03-03 22:12:27.151034,89
D_STR09632,D_U0042,D0030,2026-02-21 23:02:12.967512,5
D_STR09633,D_U0048,D0035,2026-02-18 15:50:33.564877,99
D_STR09634,D_U0025,D0033,2026-02-14 03:23:51.893079,292
D_STR09635,D_U0047,D0050,2026-03-04 06:22:49.217257,161
D_STR09636,D_U0019,D0034,2026-03-03 20:55:42.084248,68
D_STR09637,D_U0076,D0036,2026-02-10 16:38:27.113807,29
D_STR09638,D_U0034,D0038,2026-02-06 05:35:19.011060,189
D_STR09639,D_U0019,D0033,2026-02-04 12:13:17.815782,18
D_STR09640,D_U0030,D0035,2026-02-24 10:54:01.847158,281
D_STR09641,D_U0089,D0046,2026-02-19 17:59:02.189551,218
D_STR09642,D_U0084,D0040,2026-02-08 09:59:40.440524,131
D_STR09643,D_U0016,D0023,2026-03-02 23:13:32.938150,68
D_STR09644,D_U0082,D0028,2026-02-25 00:05:49.755652,214
D_STR09645,D_U0036,D0042,2026-02-06 23:56:35.651090,91
D_STR09646,D_U0092,D0039,2026-02-26 00:03:08.515305,26
D_STR09647,D_U0088,D0045,2026-02-26 08:54:09.438080,217
D_STR09648,D_U0059,D0042,2026-02-06 14:09:05.795827,271
D_STR09649,D_U0090,D0018,2026-02-10 02:33:57.703290,80
D_STR09650,D_U0082,D0026,2026-03-06 03:10:26.094773,122
D_STR09651,D_U0030,D0020,2026-02-06 02:04:12.606722,303
D_STR09652,D_U0079,D0043,2026-02-12 22:01:39.650771,65
D_STR09653,D_U0003,D0010,2026-02-06 09:21:06.648592,107
D_STR09654,D_U0016,D0039,2026-02-13 03:43:21.939541,155
D_STR09655,D_U0044,D0037,2026-03-02 04:35:56.349424,294
D_STR09656,D_U0044,D0043,2026-03-05 02:44:49.403644,79
D_STR09657,D_U0041,D0045,2026-02-09 05:08:04.202053,143
D_STR09658,D_U0044,D0027,2026-02-17 10:19:18.018875,60
D_STR09659,D_U0056,D0047,2026-03-05 17:11:04.690217,109
D_STR09660,D_U0043,D0045,2026-02-12 14:25:35.953342,204
D_STR09661,D_U0032,D0034,2026-02-18 03:37:26.191963,12
D_STR09662,D_U0053,D0044,2026-02-16 22:27:40.642663,45
D_STR09663,D_U0015,D0042,2026-02-25 22:28:50.850303,235
D_STR09664,D_U0085,D0034,2026-02-24 22:15:02.146237,108
D_STR09665,D_U0072,D0038,2026-03-01 18:04:36.281116,70
D_STR09666,D_U0091,D0028,2026-02-07 21:09:55.775457,240
D_STR09667,D_U0061,D0045,2026-02-19 16:44:22.510280,198
D_STR09668,D_U0085,D0048,2026-02-28 01:49:38.898739,187
D_STR09669,D_U0044,D0036,2026-02-23 21:12:31.241519,207
D_STR09670,D_U0091,D0018,2026-02-22 19:55:12.225752,121
D_STR09671,D_U0040,D0038,2026-02-11 02:35:03.308939,60
D_STR09672,D_U0064,D0045,2026-02-17 16:17:50.936865,160
D_STR09673,D_U0087,D0047,2026-03-02 11:17:09.408923,70
D_STR09674,D_U0045,D0045,2026-02-22 04:07:23.869393,38
D_STR09675,D_U0064,D0025,2026-03-05 07:44:15.910271,146
D_STR09676,D_U0068,D0033,2026-02-19 09:38:03.433421,228
D_STR09677,D_U0042,D0037,2026-02-20 03:57:20.640561,33
D_STR09678,D_U0073,D0001,2026-02-27 06:47:30.567241,62
D_STR09679,D_U0039,D0016,2026-02-09 10:45:38.086229,37
D_STR09680,D_U0036,D0045,2026-02-17 03:29:12.989202,118
D_STR09681,D_U0034,D0038,2026-02-16 19:52:55.598924,111
D_STR09682,D_U0050,D0025,2026-02-11 12:40:11.258726,153
D_STR09683,D_U0020,D0049,2026-03-01 06:06:46.772574,219
D_STR09684,D_U0010,D0018,2026-03-05 11:46:32.825369,42
D_STR09685,D_U0057,D0027,2026-02-28 16:19:09.548356,52
D_STR09686,D_U0020,D0033,2026-02-25 13:13:46.656202,117
D_STR09687,D_U0041,D0028,2026-02-11 11:07:23.914600,185
D_STR09688,D_U0069,D0017,2026-02-04 17:48:01.014360,91
D_STR09689,D_U0033,D0032,2026-02-10 19:10:55.601498,86
D_STR09690,D_U0002,D0041,2026-02-20 03:36:26.714934,164
D_STR09691,D_U0008,D0039,2026-02-17 10:38:54.596660,119
D_STR09692,D_U0070,D0044,2026-02-19 07:21:56.112524,274
D_STR09693,D_U0029,D0033,2026-02-21 16:04:00.384766,34
D_STR09694,D_U0011,D0018,2026-02-14 14:10:00.168170,137
D_STR09695,D_U0003,D0022,2026-02-21 22:21:25.756353,63
D_STR09696,D_U0059,D0029,2026-02-11 09:42:07.799736,68
D_STR09697,D_U0050,D0045,2026-02-23 21:20:59.958670,93
D_STR09698,D_U0046,D0014,2026-02-05 11:39:57.041317,142
D_STR09699,D_U0016,D0048,2026-02-26 22:29:35.929343,127
D_STR09700,D_U0099,D0014,2026-02-11 07:45:47.722259,176
D_STR09701,D_U0007,D0050,2026-02-27 07:03:21.996641,268
D_STR09702,D_U0089,D0047,2026-03-03 06:24:05.473121,95
D_STR09703,D_U0066,D0009,2026-02-14 13:16:21.198025,126
D_STR09704,D_U0015,D0036,2026-02-28 08:21:05.128315,208
D_STR09705,D_U0068,D0024,2026-02-05 04:15:42.363818,149
D_STR09706,D_U0009,D0043,2026-02-25 07:01:54.923921,69
D_STR09707,D_U0039,D0047,2026-02-21 01:10:52.171861,44
D_STR09708,D_U0076,D0042,2026-02-07 03:48:49.378082,329
D_STR09709,D_U0054,D0045,2026-03-04 04:57:18.094814,183
D_STR09710,D_U0061,D0031,2026-02-21 14:50:30.528024,60
D_STR09711,D_U0052,D0046,2026-02-23 01:12:41.407343,10
D_STR09712,D_U0072,D0049,2026-02-23 01:26:34.218286,129
D_STR09713,D_U0013,D0028,2026-02-05 16:25:42.371284,48
D_STR09714,D_U0048,D0049,2026-02-24 02:29:27.298895,153
D_STR09715,D_U0027,D0018,2026-03-03 01:59:42.049751,79
D_STR09716,D_U0019,D0034,2026-02-13 18:17:44.281746,67
D_STR09717,D_U0074,D0039,2026-02-22 18:21:35.895525,205
D_STR09718,D_U0061,D0040,2026-02-05 20:02:07.523526,240
D_STR09719,D_U0008,D0033,2026-03-01 03:39:12.485267,133
D_STR09720,D_U0098,D0024,2026-02-16 06:40:06.714866,5
D_STR09721,D_U0081,D0044,2026-02-11 22:12:22.611691,23
D_STR09722,D_U0028,D0038,2026-02-12 18:09:27.774252,37
D_STR09723,D_U0074,D0046,2026-02-06 03:43:55.920949,157
D_STR09724,D_U0072,D0036,2026-02-26 18:14:43.566979,74
D_STR09725,D_U0038,D0037,2026-02-26 07:00:41.320246,113
D_STR09726,D_U0090,D0049,2026-02-15 00:03:30.467129,40
D_STR09727,D_U0079,D0023,2026-03-05 06:11:31.799784,113
D_STR09728,D_U0054,D0043,2026-02-11 05:03:49.429669,126
D_STR09729,D_U0066,D0032,2026-03-01 06:31:20.678988,150
D_STR09730,D_U0011,D0049,2026-02-10 21:55:35.186785,75
D_STR09731,D_U0069,D0021,2026-02-21 03:57:08.076937,61
D_STR09732,D_U0004,D0038,2026-03-05 20:48:35.252218,82
D_STR09733,D_U0097,D0036,2026-02-27 02:48:36.223552,34
D_STR09734,D_U0099,D0006,2026-02-15 09:04:10.092331,186
D_STR09735,D_U0022,D0026,2026-02-14 02:15:15.926625,9
D_STR09736,D_U0035,D0039,2026-02-28 02:32:42.125656,118
D_STR09737,D_U0021,D0045,2026-02-17 12:05:36.593428,86
D_STR09738,D_U0092,D0050,2026-02-23 21:17:34.537622,268
D_STR09739,D_U0040,D0024,2026-02-18 18:16:49.174917,251
D_STR09740,D_U0037,D0049,2026-02-04 11:36:30.233835,72
D_STR09741,D_U0069,D0016,2026-03-03 13:01:20.817671,86
D_STR09742,D_U0017,D0031,2026-02-25 04:30:51.735002,100
D_STR09743,D_U0037,D0031,2026-02-11 21:03:38.667619,128
D_STR09744,D_U0038,D0010,2026-03-05 18:40:48.352277,23
D_STR09745,D_U0060,D0019,2026-02-06 17:50:52.741176,75
D_STR09746,D_U0078,D0042,2026-02-13 02:15:45.349574,325
D_STR09747,D_U0070,D0033,2026-02-20 12:38:53.379583,98
D_STR09748,D_U0009,D0025,2026-02-14 10:20:51.222927,52
D_STR09749,D_U0048,D0046,2026-02-19 18:27:49.424808,23
D_STR09750,D_U0069,D0048,2026-02-22 20:19:03.003298,129
D_STR09751,D_U0024,D0039,2026-02-12 03:10:07.836104,92
D_STR09752,D_U0094,D0023,2026-02-28 22:22:26.195340,125
D_STR09753,D_U0012,D0030,2026-02-05 12:12:00.498457,178
D_STR09754,D_U0019,D0036,2026-02-14 04:07:24.203146,15
D_STR09755,D_U0080,D0031,2026-02-14 03:10:18.307516,84
D_STR09756,D_U0011,D0023,2026-02-05 18:01:58.424793,76
D_STR09757,D_U0023,D0036,2026-03-04 15:34:24.017663,39
D_STR09758,D_U0025,D0035,2026-02-19 07:36:51.766693,90
D_STR09759,D_U0025,D0036,2026-02-06 16:54:16.272724,90
D_STR09760,D_U0055,D0016,2026-03-01 20:49:32.164754,18
D_STR09761,D_U0097,D0041,2026-02-05 21:41:07.749623,133
D_STR09762,D_U0004,D0025,2026-03-03 18:25:44.199785,25
D_STR09763,D_U0098,D0017,2026-02-14 07:38:21.638456,5
D_STR09764,D_U0094,D0029,2026-02-05 18:00:49.414631,56
D_STR09765,D_U0015,D0034,2026-02-09 00:55:47.717437,54
D_STR09766,D_U0038,D0034,2026-02-24 00:10:56.176712,25
D_STR09767,D_U0057,D0017,2026-03-05 07:07:42.652702,87
D_STR09768,D_U0059,D0029,2026-02-11 02:42:07.465113,89
D_STR09769,D_U0035,D0038,2026-03-05 00:42:16.637855,120
D_STR09770,D_U0088,D0015,2026-02-07 18:10:57.812282,257
D_STR09771,D_U0024,D0030,2026-02-19 23:36:06.745127,22
D_STR09772,D_U0038,D0050,2026-03-04 12:13:38.052466,79
D_STR09773,D_U0078,D0007,2026-02-07 15:07:49.559910,274
D_STR09774,D_U0079,D0044,2026-03-03 23:35:14.113204,141
D_STR09775,D_U0082,D0043,2026-02-22 06:15:57.604679,98
D_STR09776,D_U0018,D0027,2026-02-17 09:00:56.761852,16
D_STR09777,D_U0075,D0046,2026-02-04 23:49:13.301523,221
D_STR09778,D_U0093,D0032,2026-02-25 23:20:57.839286,64
D_STR09779,D_U0027,D0031,2026-02-04 19:53:55.192325,28
D_STR09780,D_U0008,D0020,2026-02-06 19:09:19.320067,163
D_STR09781,D_U0016,D0031,2026-02-18 01:56:26.174723,95
D_STR09782,D_U0070,D0045,2026-02-08 14:56:57.268331,83
D_STR09783,D_U0075,D0017,2026-02-14 23:48:07.748366,29
D_STR09784,D_U0074,D0047,2026-02-21 05:36:12.875384,190
D_STR09785,D_U0086,D0049,2026-02-15 22:21:50.490331,194
D_STR09786,D_U0030,D0024,2026-02-07 03:51:47.979682,237
D_STR09787,D_U0017,D0044,2026-02-11 02:59:43.625579,301
D_STR09788,D_U0069,D0041,2026-02-28 11:10:20.980526,157
D_STR09789,D_U0043,D0035,2026-02-12 11:48:03.998904,98
D_STR09790,D_U0045,D0044,2026-02-10 20:01:13.735821,41
D_STR09791,D_U0049,D0019,2026-02-21 23:15:57.794306,192
D_STR09792,D_U0030,D0017,2026-02-12 02:26:06.077973,189
D_STR09793,D_U0079,D0031,2026-02-23 02:12:43.382706,102
D_STR09794,D_U0048,D0037,2026-02-19 19:44:49.389053,127
D_STR09795,D_U0049,D0048,2026-03-03 09:04:34.588257,200
D_STR09796,D_U0077,D0036,2026-02-27 23:56:06.356599,153
D_STR09797,D_U0017,D0029,2026-03-02 16:12:07.019377,105
D_STR09798,D_U0006,D0050,2026-03-06 07:15:33.137976,304
D_STR09799,D_U0044,D0045,2026-02-08 17:11:30.052291,59
D_STR09800,D_U0086,D0034,2026-03-04 03:32:07.763455,55
D_STR09801,D_U0003,D0046,2026-02-06 20:16:27.147661,137
D_STR09802,D_U0063,D0046,2026-02-24 21:37:28.090859,150
D_STR09803,D_U0015,D0042,2026-02-19 21:02:56.447575,33
D_STR09804,D_U0045,D0040,2026-03-01 23:27:54.240696,329
D_STR09805,D_U0029,D0034,2026-03-01 18:40:57.728637,134
D_STR09806,D_U0045,D0031,2026-03-03 08:13:51.889147,87
D_STR09807,D_U0099,D0033,2026-02-08 12:31:58.123922,259
D_STR09808,D_U0003,D0037,2026-03-04 06:23:46.965039,188
D_STR09809,D_U0059,D0035,2026-02-08 21:24:54.685122,334
D_STR09810,D_U0081,D0032,2026-02-24 06:40:36.239461,70
D_STR09811,D_U0021,D0044,2026-02-17 19:58:38.520828,42
D_STR09812,D_U0055,D0045,2026-02-26 18:06:03.083366,164
D_STR09813,D_U0086,D0042,2026-02-05 04:35:44.092340,189
D_STR09814,D_U0060,D0039,2026-02-27 17:34:46.893219,31
D_STR09815,D_U0066,D0050,2026-02-14 18:10:18.203193,34
D_STR09816,D_U0080,D0027,2026-02-28 18:00:39.598191,117
D_STR09817,D_U0049,D0002,2026-03-03 02:25:34.409662,11
D_STR09818,D_U0002,D0028,2026-02-13 20:59:30.802077,98
D_STR09819,D_U0091,D0018,2026-03-04 19:42:29.233287,114
D_STR09820,D_U0029,D0039,2026-02-10 19:08:48.061962,259
D_STR09821,D_U0009,D0038,2026-02-07 12:37:18.782021,139
D_STR09822,D_U0032,D0044,2026-02-05 01:15:26.388558,124
D_STR09823,D_U0076,D0050,2026-02-25 22:27:32.064337,182
D_STR09824,D_U0008,D0040,2026-02-14 16:48:03.592225,233
D_STR09825,D_U0031,D0045,2026-02-25 12:09:37.336190,222
D_STR09826,D_U0022,D0044,2026-02-19 18:48:02.258593,222
D_STR09827,D_U0009,D0038,2026-02-14 21:46:30.142898,28
D_STR09828,D_U0100,D0047,2026-02-16 11:38:09.900690,158
D_STR09829,D_U0038,D0036,2026-02-28 21:18:35.685357,44
D_STR09830,D_U0083,D0011,2026-02-09 11:55:57.440034,34
D_STR09831,D_U0050,D0045,2026-02-18 21:52:45.358230,142
D_STR09832,D_U0065,D0044,2026-03-02 16:14:41.522695,255
D_STR09833,D_U0020,D0047,2026-02-09 15:45:29.999742,121
D_STR09834,D_U0098,D0032,2026-02-12 02:30:11.391793,111
D_STR09835,D_U0032,D0033,2026-02-09 16:13:45.875042,52
D_STR09836,D_U0004,D0043,2026-02-07 01:02:35.169749,54
D_STR09837,D_U0090,D0044,2026-02-14 10:44:37.723034,266
D_STR09838,D_U0094,D0028,2026-02-10 18:49:50.265043,5
D_STR09839,D_U0074,D0038,2026-03-03 03:56:50.142089,144
D_STR09840,D_U0028,D0033,2026-03-04 06:46:42.909505,134
D_STR09841,D_U0015,D0047,2026-02-27 10:35:21.604744,172
D_STR09842,D_U0040,D0045,2026-02-21 11:01:25.928889,134
D_STR09843,D_U0005,D0005,2026-02-08 22:58:14.380655,115
D_STR09844,D_U0069,D0038,2026-03-05 20:44:17.515004,75
D_STR09845,D_U0075,D0040,2026-02-15 07:19:08.042135,251
D_STR09846,D_U0003,D0011,2026-03-01 18:12:59.881932,46
D_STR09847,D_U0056,D0012,2026-02-10 12:30:09.030228,120
D_STR09848,D_U0097,D0048,2026-02-10 09:51:09.264720,99
D_STR09849,D_U0034,D0026,2026-02-27 23:27:32.153770,67
D_STR09850,D_U0085,D0050,2026-03-04 02:21:28.656892,281
D_STR09851,D_U0090,D0017,2026-02-12 03:21:43.623326,75
D_STR09852,D_U0017,D0039,2026-02-28 10:53:23.653488,88
D_STR09853,D_U0086,D0050,2026-02-14 09:52:51.010269,214
D_STR09854,D_U0022,D0048,2026-02-08 00:46:33.932422,62
D_STR09855,D_U0089,D0012,2026-02-15 03:45:05.841464,143
D_STR09856,D_U0037,D0032,2026-02-12 17:24:26.775190,176
D_STR09857,D_U0035,D0039,2026-02-21 06:36:52.316120,202
D_STR09858,D_U0090,D0040,2026-03-03 12:19:26.924736,6
D_STR09859,D_U0052,D0048,2026-02-13 21:02:31.956593,56
D_STR09860,D_U0079,D0048,2026-02-12 07:30:52.843587,97
D_STR09861,D_U0055,D0043,2026-02-11 05:23:22.536549,165
D_STR09862,D_U0009,D0046,2026-03-05 11:08:12.973694,41
D_STR09863,D_U0039,D0046,2026-02-27 06:43:25.238975,65
D_STR09864,D_U0054,D0050,2026-02-14 16:21:30.209933,319
D_STR09865,D_U0052,D0045,2026-03-03 04:29:28.640309,139
D_STR09866,D_U0062,D0037,2026-02-19 21:23:59.163186,228
D_STR09867,D_U0056,D0022,2026-03-02 10:06:49.799536,52
D_STR09868,D_U0073,D0037,2026-02-09 06:34:47.162616,152
D_STR09869,D_U0065,D0038,2026-02-09 06:59:15.423452,25
D_STR09870,D_U0013,D0049,2026-02-25 23:51:10.194503,203
D_STR09871,D_U0077,D0048,2026-02-07 23:06:06.717451,12
D_STR09872,D_U0054,D0045,2026-02-16 21:57:21.136742,86
D_STR09873,D_U0069,D0045,2026-03-02 19:47:31.442658,141
D_STR09874,D_U0077,D0039,2026-02-28 12:53:00.269405,84
D_STR09875,D_U0066,D0039,2026-03-01 19:14:26.951802,204
D_STR09876,D_U0076,D0028,2026-02-10 01:51:47.890635,93
D_STR09877,D_U0066,D0023,2026-02-23 16:06:22.824005,59
D_STR09878,D_U0046,D0014,2026-02-18 03:37:16.668446,28
D_STR09879,D_U0072,D0033,2026-03-04 15:44:28.940347,113
D_STR09880,D_U0089,D0028,2026-02-09 13:34:00.556160,44
D_STR09881,D_U0025,D0038,2026-02-17 04:34:14.267551,188
D_STR09882,D_U0035,D0048,2026-02-09 06:33:42.626811,195
D_STR09883,D_U0059,D0028,2026-02-26 14:36:32.268510,83
D_STR09884,D_U0013,D0045,2026-03-06 00:20:31.325576,75
D_STR09885,D_U0001,D0050,2026-02-08 17:53:31.981900,292
D_STR09886,D_U0063,D0005,2026-02-16 19:43:42.602961,280
D_STR09887,D_U0092,D0043,2026-02-18 17:00:45.778208,175
D_STR09888,D_U0056,D0037,2026-02-20 02:46:29.601310,48
D_STR09889,D_U0021,D0030,2026-02-21 23:10:47.598490,110
D_STR09890,D_U0048,D0049,2026-02-19 02:30:57.252217,199
D_STR09891,D_U0083,D0035,2026-02-13 13:57:06.848390,128
D_STR09892,D_U0080,D0045,2026-02-15 21:15:31.848219,37
D_STR09893,D_U0008,D0006,2026-02-22 18:49:07.845562,89
D_STR09894,D_U0055,D0047,2026-02-19 00:27:24.270745,98
D_STR09895,D_U0033,D0011,2026-02-10 10:41:20.179518,216
D_STR09896,D_U0034,D0043,2026-02-05 12:24:52.353019,104
D_STR09897,D_U0034,D0033,2026-02-24 04:48:09.672191,274
D_STR09898,D_U0086,D0041,2026-02-17 23:02:36.245204,43
D_STR09899,D_U0090,D0017,2026-03-04 06:22:55.718839,6
D_STR09900,D_U0063,D0043,2026-02-16 07:10:45.143240,16
D_STR09901,D_U0091,D0008,2026-03-03 23:04:07.417717,45
D_STR09902,D_U0061,D0038,2026-02-06 01:17:53.436955,118
D_STR09903,D_U0061,D0020,2026-02-15 07:46:22.622801,232
D_STR09904,D_U0040,D0046,2026-03-01 23:43:11.194101,38
D_STR09905,D_U0041,D0038,2026-02-25 10:13:04.218985,101
D_STR09906,D_U0070,D0037,2026-02-13 22:32:25.921079,173
D_STR09907,D_U0080,D0046,2026-02-28 14:46:50.874537,17
D_STR09908,D_U0014,D0029,2026-02-14 13:15:41.061062,6
D_STR09909,D_U0092,D0039,2026-02-06 13:00:38.423677,89
D_STR09910,D_U0065,D0028,2026-02-11 03:13:56.928229,26
D_STR09911,D_U0001,D0029,2026-02-05 10:06:02.558428,153
D_STR09912,D_U0054,D0019,2026-02-24 07:19:58.969036,155
D_STR09913,D_U0058,D0036,2026-02-22 02:07:23.484756,64
D_STR09914,D_U0050,D0045,2026-02-07 13:42:17.459787,216
D_STR09915,D_U0013,D0023,2026-03-06 02:51:06.786119,105
D_STR09916,D_U0016,D0043,2026-02-12 17:11:24.363147,98
D_STR09917,D_U0012,D0024,2026-02-19 16:43:03.684842,301
D_STR09918,D_U0093,D0050,2026-02-05 00:09:19.116058,280
D_STR09919,D_U0066,D0046,2026-03-05 19:29:38.596526,174
D_STR09920,D_U0064,D0035,2026-02-20 00:33:39.991525,123
D_STR09921,D_U0031,D0039,2026-02-20 17:37:41.143055,239
D_STR09922,D_U0081,D0025,2026-02-13 03:10:32.482226,24
D_STR09923,D_U0099,D0046,2026-02-13 06:50:32.468837,247
D_STR09924,D_U0083,D0004,2026-02-23 21:06:55.909032,15
D_STR09925,D_U0094,D0033,2026-02-26 06:15:42.175501,196
D_STR09926,D_U0004,D0033,2026-02-10 19:56:39.939858,195
D_STR09927,D_U0074,D0050,2026-02-20 12:49:45.516574,13
D_STR09928,D_U0055,D0042,2026-02-21 00:37:38.277313,111
D_STR09929,D_U0028,D0046,2026-02-04 15:10:25.226230,48
D_STR09930,D_U0067,D0025,2026-02-15 01:36:50.488350,30
D_STR09931,D_U0029,D0036,2026-02-14 18:39:28.298832,242
D_STR09932,D_U0032,D0033,2026-02-19 04:05:40.287578,79
D_STR09933,D_U0021,D0049,2026-02-18 06:04:42.287632,212
D_STR09934,D_U0004,D0046,2026-02-25 02:28:50.333391,243
D_STR09935,D_U0079,D0016,2026-03-06 07:52:54.784923,79
D_STR09936,D_U0052,D0042,2026-03-02 02:18:29.845795,138
D_STR09937,D_U0035,D0046,2026-03-02 08:11:50.107960,155
D_STR09938,D_U0073,D0043,2026-02-13 21:11:47.215593,178
D_STR09939,D_U0019,D0012,2026-02-18 06:47:27.178519,153
D_STR09940,D_U0059,D0026,2026-03-05 13:35:50.019126,101
D_STR09941,D_U0054,D0036,2026-02-05 11:35:05.985491,198
D_STR09942,D_U0051,D0008,2026-03-03 05:14:45.030573,27
D_STR09943,D_U0015,D0043,2026-02-25 12:09:11.663455,56
D_STR09944,D_U0024,D0033,2026-02-16 05:30:23.808998,88
D_STR09945,D_U0067,D0038,2026-03-05 15:28:36.986109,81
D_STR09946,D_U0021,D0049,2026-02-23 06:33:23.200351,201
D_STR09947,D_U0012,D0033,2026-02-23 06:43:26.078765,52
D_STR09948,D_U0030,D0015,2026-02-16 07:21:21.071341,292
D_STR09949,D_U0038,D0022,2026-02-04 12:44:05.756332,131
D_STR09950,D_U0034,D0035,2026-02-19 02:39:20.654758,234
D_STR09951,D_U0052,D0003,2026-03-06 02:40:12.771055,140
D_STR09952,D_U0096,D0049,2026-02-12 16:28:30.337800,224
D_STR09953,D_U0024,D0046,2026-02-16 08:58:21.938764,172
D_STR09954,D_U0011,D0037,2026-02-14 16:43:16.921944,171
D_STR09955,D_U0061,D0032,2026-02-14 22:01:24.849587,89
D_STR09956,D_U0092,D0017,2026-02-17 18:24:00.102712,108
D_STR09957,D_U0045,D0014,2026-02-04 21:03:34.360466,52
D_STR09958,D_U0024,D0044,2026-02-22 02:49:00.704867,28
D_STR09959,D_U0048,D0049,2026-02-12 00:33:08.821934,150
D_STR09960,D_U0086,D0050,2026-02-26 23:26:50.530863,64
D_STR09961,D_U0057,D0041,2026-02-09 01:06:28.782669,130
D_STR09962,D_U0038,D0046,2026-02-09 03:53:19.360104,195
D_STR09963,D_U0062,D0008,2026-02-24 15:52:50.673194,8
D_STR09964,D_U0011,D0022,2026-02-18 14:28:40.295669,112
D_STR09965,D_U0039,D0044,2026-02-24 21:34:02.953717,64
D_STR09966,D_U0001,D0037,2026-03-02 12:39:11.284810,158
D_STR09967,D_U0073,D0050,2026-02-21 13:00:35.322034,108
D_STR09968,D_U0007,D0048,2026-02-24 14:25:19.114269,228
D_STR09969,D_U0041,D0033,2026-03-05 11:28:01.027460,80
D_STR09970,D_U0002,D0019,2026-02-27 09:01:18.283601,130
D_STR09971,D_U0064,D0024,2026-02-18 19:41:54.914058,37
D_STR09972,D_U0061,D0021,2026-03-02 05:16:07.088918,186
D_STR09973,D_U0084,D0031,2026-02-18 17:35:59.252532,59
D_STR09974,D_U0047,D0009,2026-02-15 00:19:11.023203,51
D_STR09975,D_U0063,D0021,2026-03-01 17:37:27.640190,140
D_STR09976,D_U0018,D0025,2026-02-28 13:33:48.159149,122
D_STR09977,D_U0042,D0042,2026-03-03 08:26:26.779205,98
D_STR09978,D_U0013,D0009,2026-03-02 02:42:35.851604,144
D_STR09979,D_U0093,D0038,2026-03-04 12:41:00.529075,94
D_STR09980,D_U0049,D0040,2026-02-10 02:32:50.420031,296
D_STR09981,D_U0098,D0042,2026-02-07 13:46:29.871914,213
D_STR09982,D_U0001,D0026,2026-03-03 02:44:32.231599,60
D_STR09983,D_U0041,D0036,2026-03-05 12:43:09.098407,50
D_STR09984,D_U0049,D0020,2026-02-17 01:41:50.157763,132
D_STR09985,D_U0016,D0047,2026-02-24 13:51:07.359927,173
D_STR09986,D_U0031,D0046,2026-02-13 00:22:56.267175,175
D_STR09987,D_U0086,D0039,2026-02-15 19:43:06.944528,177
D_STR09988,D_U0029,D0048,2026-02-10 04:34:02.367187,119
D_STR09989,D_U0003,D0011,2026-02-17 01:39:39.889663,51
D_STR09990,D_U0062,D0017,2026-02-14 02:14:36.029720,192
D_STR09991,D_U0026,D0048,2026-02-05 09:43:25.888955,40
D_STR09992,D_U0018,D0043,2026-02-13 04:13:29.072618,157
D_STR09993,D_U0029,D0045,2026-03-03 00:37:32.542268,49
D_STR09994,D_U0039,D0047,2026-02-21 16:26:29.137099,84
D_STR09995,D_U0083,D0050,2026-02-06 04:12:24.599836,246
D_STR09996,D_U0086,D0045,2026-02-05 13:11:43.931671,214
D_STR09997,D_U0032,D0021,2026-02-20 11:31:25.586427,200
D_STR09998,D_U0082,D0037,2026-02-17 09:34:53.854515,188
D_STR09999,D_U0050,D0045,2026-02-23 09:16:17.225525,87
D_STR10000,D_U0065,D0030,2026-02-18 11:44:26.960051,56
